Annuncio,Link,Prezzo,Anni,Immatricolazione,Chilometraggio,Cambio,Carburante,CV,Allestimento,Allestimento_unificato,Modello,Venditore,Distanza,Comune,CAP,Regione,Area
Toyota Corolla 1.8 Business - Hybrid,https://www.autoscout24.it/annunci/toyota-corolla-1-8-business-hybrid-elettrica-benzina-argento-cat_ma70mo2052-3335096b-e491-4d03-b850-e22a934aa991,10400,4,2022,132234,automatico,Ibrido,122,Business,Base,1.8 Hybrid,Privato,377,anzio,42,Lazio,Centro
Toyota Corolla Corolla Touring Sports 1.8h Active cvt,https://www.autoscout24.it/annunci/toyota-corolla-corolla-touring-sports-1-8h-active-cvt-elettrica-benzina-argento-cat_ma70mo2052-3b8445db-57de-4867-9f05-e0dd69251aa9,13000,5,2021,154650,automatico,Ibrido,122,Active,Base,1.8 Hybrid,Privato,182,cormano,20032,Lombardia,Nord-ovest
Toyota Corolla Corolla XII 2019 Touring Sports Touring Sports 1.8h Business cvt,https://www.autoscout24.it/annunci/toyota-corolla-corolla-xii-2019-touring-sports-touring-sports-1-8h-business-cvt-elettrica-benzina-nero-cat_ma70mo2052-1df01970-7d73-4c7c-8bd0-6f05c0dd6eae,13000,7,2019,198500,automatico,Ibrido,122,Business,Base,1.8 Hybrid,Privato,146,bariano,24050,Lombardia,Nord-ovest
Toyota Corolla Corolla XII 2019 Touring Sports Touring Sports 1.8h Business cvt,https://www.autoscout24.it/annunci/toyota-corolla-corolla-xii-2019-touring-sports-touring-sports-1-8h-business-cvt-elettrica-benzina-bianco-cat_ma70mo2052-f3392fb1-729e-4726-afff-bbbc24b9b69c,12780,5,2021,133000,automatico,Ibrido,122,Business,Base,1.8 Hybrid,Privato,326,roma,146,Lazio,Centro
Toyota Corolla Touring Sports 1.8 Hybrid Active,https://www.autoscout24.it/annunci/toyota-corolla-touring-sports-1-8-hybrid-active-elettrica-benzina-nero-cat_ma70mo2052-fa06bec9-4b6c-4f94-988d-c0dda46d0826,14233,7,2019,117945,automatico,Ibrido,122,Active,Base,1.8 Hybrid,Rivenditore,99,firenze,50127,Toscana,Centro
Toyota Corolla 2.0h Business cvt - PROMO,https://www.autoscout24.it/annunci/toyota-corolla-2-0h-business-cvt-promo-elettrica-benzina-grigio-cat_ma70mo2052-4c04b26e-1604-432d-9f53-9f957ac90384,14990,5,2021,110647,automatico,Ibrido,122,Business,Base,2.0 Hybrid,Rivenditore,232,albano vercellese,13030,Piemonte,Nord-ovest
Toyota Corolla 1.8 Hybrid Active,https://www.autoscout24.it/annunci/toyota-corolla-1-8-hybrid-active-elettrica-benzina-grigio-cat_ma70mo2052-b9baac4c-3c37-47d7-a071-8b35d90c2f4a,14900,4,2022,127000,automatico,Ibrido,122,Active,Base,1.8 Hybrid,Rivenditore,177,sesto san giovanni,20099,Lombardia,Nord-ovest
Toyota Corolla Corolla XII 2019 1.8h Style cvt,https://www.autoscout24.it/annunci/toyota-corolla-corolla-xii-2019-1-8h-style-cvt-elettrica-benzina-cat_ma70mo2052-b30e9c06-728f-42bb-b7f4-284c0dab7e89,14900,7,2019,140000,automatico,Ibrido,122,Style,Middle,1.8 Hybrid,Rivenditore,189,cesano maderno,20811,Lombardia,Nord-ovest
Toyota Corolla Touring Sports 1.8h Business cvt,https://www.autoscout24.it/annunci/toyota-corolla-touring-sports-1-8h-business-cvt-elettrica-benzina-bianco-cat_ma70mo2052-b21c9885-d220-4fec-8038-61f9d7959204,14900,4,2022,135000,automatico,Ibrido,122,Business,Base,1.8 Hybrid,Rivenditore,99,firenze,50142,Toscana,Centro
Toyota Corolla Touring Sports 1.8h Active cvt CON GPL.,https://www.autoscout24.it/annunci/toyota-corolla-touring-sports-1-8h-active-cvt-con-gpl-elettrica-benzina-cat_ma70mo2052-43a69bb9-4eb2-4ccb-b573-a1d3699aaeac,14100,6,2020,167000,automatico,Ibrido,122,Active,Base,1.8 Hybrid,Privato,177,milano,20161,Lombardia,Nord-ovest
Toyota Corolla 2.0 Hybrid Style,https://www.autoscout24.it/annunci/toyota-corolla-2-0-hybrid-style-elettrica-benzina-rosso-cat_ma70mo2052-a45b181c-480c-49b8-ba07-38fec626fdc6,14799,7,2019,117474,automatico,Ibrido,122,Style,Middle,2.0 Hybrid,Rivenditore,177,milano,20155,Lombardia,Nord-ovest
Toyota Corolla 2.0 Hybrid Style,https://www.autoscout24.it/annunci/toyota-corolla-2-0-hybrid-style-elettrica-benzina-rosso-cat_ma70mo2052-cbe1e86f-def7-4c8c-9f49-c9e9d89f3006,14799,7,2019,117474,automatico,Ibrido,122,Style,Middle,2.0 Hybrid,Rivenditore,485,sassari,7100,Sardegna,Isole
Toyota Corolla 2.0 Hybrid Style,https://www.autoscout24.it/annunci/toyota-corolla-2-0-hybrid-style-elettrica-benzina-rosso-cat_ma70mo2052-41c184fb-df46-40b7-a46e-52a97adfdc47,14799,7,2019,117474,automatico,Ibrido,122,Style,Middle,2.0 Hybrid,Rivenditore,86,verona,37135,Veneto,Nord-est
Toyota Corolla 2.0 Hybrid Style,https://www.autoscout24.it/annunci/toyota-corolla-2-0-hybrid-style-elettrica-benzina-rosso-cat_ma70mo2052-4ddb70c2-8f42-466d-874b-27ce6c8ef739,14799,7,2019,117474,automatico,Ibrido,122,Style,Middle,2.0 Hybrid,Rivenditore,283,beinasco,10092,Piemonte,Nord-ovest
Toyota Corolla 2.0 Hybrid Style,https://www.autoscout24.it/annunci/toyota-corolla-2-0-hybrid-style-elettrica-benzina-rosso-cat_ma70mo2052-85dd1d9a-0b70-4dcd-9b58-a6dd8e29f0c0,14799,7,2019,117474,automatico,Ibrido,122,Style,Middle,2.0 Hybrid,Rivenditore,326,roma,169,Lazio,Centro
Toyota Corolla 2.0 Hybrid Style,https://www.autoscout24.it/annunci/toyota-corolla-2-0-hybrid-style-elettrica-benzina-rosso-cat_ma70mo2052-6036f0a0-4337-4703-a245-fa45600e1a31,14799,7,2019,117474,automatico,Ibrido,122,Style,Middle,2.0 Hybrid,Rivenditore,25,bologna,40131,Emilia-Romagna,Nord-est
Toyota Corolla 2.0 Hybrid Style,https://www.autoscout24.it/annunci/toyota-corolla-2-0-hybrid-style-elettrica-benzina-rosso-cat_ma70mo2052-01fa29a2-cc8e-417d-9fba-9bf6f1e33732,14799,7,2019,117474,automatico,Ibrido,122,Style,Middle,2.0 Hybrid,Rivenditore,99,firenze,50145,Toscana,Centro
Toyota Corolla 1.8h Business cvt PROMO FINANZIAMENTO,https://www.autoscout24.it/annunci/toyota-corolla-1-8h-business-cvt-promo-finanziamento-elettrica-benzina-bianco-cat_ma70mo2052-4ee517e3-cb15-4c95-b2a1-56b0100de771,15900,5,2021,69000,automatico,Ibrido,122,Business,Base,1.8 Hybrid,Rivenditore,326,roma,148,Lazio,Centro
Toyota Corolla Hybrid Business Tech 1.8 Full Hybrid 122CV,https://www.autoscout24.it/annunci/toyota-corolla-hybrid-business-tech-1-8-full-hybrid-122cv-elettrica-benzina-argento-cat_ma70mo2052-c32cb1b3-dbc1-4fac-9717-20c13fb5bab6,15090,5,2021,119003,automatico,Ibrido,122,Business,Base,1.8 Hybrid,Rivenditore,40,reggio emilia,42122,Emilia-Romagna,Nord-est
Toyota Corolla TS Hybrid Active 1.8 Full Hybrid 122CV,https://www.autoscout24.it/annunci/toyota-corolla-ts-hybrid-active-1-8-full-hybrid-122cv-elettrica-benzina-blu-azzurro-cat_ma70mo2052-03e1e2c3-896b-4d79-8fb9-be72b9613849,15690,4,2022,119126,automatico,Ibrido,122,Active,Base,1.8 Hybrid,Rivenditore,180,cinisello balsamo,20092,Lombardia,Nord-ovest
Toyota Corolla TS Hybrid Active 1.8 Full Hybrid 122CV,https://www.autoscout24.it/annunci/toyota-corolla-ts-hybrid-active-1-8-full-hybrid-122cv-elettrica-benzina-blu-azzurro-cat_ma70mo2052-077046c7-1bf4-458d-ae7d-126b443ee223,15690,4,2022,119126,automatico,Ibrido,122,Active,Base,1.8 Hybrid,Rivenditore,40,reggio emilia,42122,Emilia-Romagna,Nord-est
Toyota Corolla Hybrid Business Tech 1.8 Full Hybrid 122CV,https://www.autoscout24.it/annunci/toyota-corolla-hybrid-business-tech-1-8-full-hybrid-122cv-elettrica-benzina-argento-cat_ma70mo2052-e9aea42c-d5f6-4da4-8e51-fddcdd9e9caa,15090,5,2021,119003,automatico,Ibrido,122,Business,Base,1.8 Hybrid,Rivenditore,180,cinisello balsamo,20092,Lombardia,Nord-ovest
Toyota Corolla Corolla XII 2019 2.0h Style cvt,https://www.autoscout24.it/annunci/toyota-corolla-corolla-xii-2019-2-0h-style-cvt-elettrica-benzina-bianco-cat_ma70mo2052-e9524e1b-8601-4116-82c6-6185ef8ef46b,15500,6,2020,104000,automatico,Ibrido,122,Style,Middle,2.0 Hybrid,Rivenditore,205,como,22100,Lombardia,Nord-ovest
Toyota Corolla Corolla XII 2019 2.0h Style cvt,https://www.autoscout24.it/annunci/toyota-corolla-corolla-xii-2019-2-0h-style-cvt-elettrica-benzina-bianco-cat_ma70mo2052-3f562b87-1eaa-46ab-9f9c-c644ca9b989a,15500,6,2020,102000,automatico,Ibrido,122,Style,Middle,2.0 Hybrid,Rivenditore,276,torino,10134,Piemonte,Nord-ovest
Toyota Corolla Corolla Touring Sports 2.0 Hybrid Lounge,https://www.autoscout24.it/annunci/toyota-corolla-corolla-touring-sports-2-0-hybrid-lounge-elettrica-benzina-argento-cat_ma70mo2052-008881d0-2705-4737-a401-41765df40d89,15299,7,2019,115000,automatico,Ibrido,122,Lounge,Middle,2.0 Hybrid,Rivenditore,326,roma,134,Lazio,Centro
Toyota Corolla 1.8h Business Tech cvt,https://www.autoscout24.it/annunci/toyota-corolla-1-8h-business-tech-cvt-elettrica-benzina-cat_ma70mo2052-b8a9dc10-a123-4323-96b8-e8422150b14a,15700,6,2020,106000,automatico,Ibrido,122,Business,Base,1.8 Hybrid,Privato,121,palaia,56036,Toscana,Centro
Toyota Corolla Corolla XII 2019 Touring Sports Touring Sports 1.8h Style cvt,https://www.autoscout24.it/annunci/toyota-corolla-corolla-xii-2019-touring-sports-touring-sports-1-8h-style-cvt-elettrica-benzina-marrone-cat_ma70mo2052-f7d36ddc-2893-43d7-9288-f26914cb6dee,16000,6,2020,120800,automatico,Ibrido,122,Style,Middle,1.8 Hybrid,Privato,146,bariano,24050,Lombardia,Nord-ovest
Toyota Corolla Touring Sports 1.8h Business cvt,https://www.autoscout24.it/annunci/toyota-corolla-touring-sports-1-8h-business-cvt-elettrica-benzina-grigio-cat_ma70mo2052-8d336e30-951f-472f-9c06-8a309e3eb5d4,15900,7,2019,94208,automatico,Ibrido,122,Business,Base,1.8 Hybrid,Rivenditore,448,campobasso,86100,Molise,Sud
Toyota Corolla 1.8 Hybrid Active,https://www.autoscout24.it/annunci/toyota-corolla-1-8-hybrid-active-elettrica-benzina-argento-cat_ma70mo2052-c935a383-0ded-474b-b103-22b003d03c06,15500,4,2022,123246,automatico,Ibrido,122,Active,Base,1.8 Hybrid,Rivenditore,16,modena,41122,Emilia-Romagna,Nord-est
Toyota Corolla 2.0 Hybrid Lounge,https://www.autoscout24.it/annunci/toyota-corolla-2-0-hybrid-lounge-elettrica-benzina-rosso-cat_ma70mo2052-a5d2d65a-eb6d-4c95-b6e9-ec34bba83900,15500,7,2019,158670,automatico,Ibrido,122,Lounge,Middle,2.0 Hybrid,Rivenditore,175,robbiate,23899,Lombardia,Nord-ovest
Toyota Corolla 1.8 Hybrid Active,https://www.autoscout24.it/annunci/toyota-corolla-1-8-hybrid-active-elettrica-benzina-grigio-cat_ma70mo2052-d4cfa576-0bcb-4432-9bf7-b9caa1b36089,15900,6,2020,70895,automatico,Ibrido,122,Active,Base,1.8 Hybrid,Rivenditore,798,gioia tauro,89013,Calabria,Sud
Toyota Corolla Corolla XII 2019 Touring Sports Touring Sports 1.8h Active cvt,https://www.autoscout24.it/annunci/toyota-corolla-corolla-xii-2019-touring-sports-touring-sports-1-8h-active-cvt-elettrica-benzina-argento-cat_ma70mo2052-9dbe014f-5f59-4fde-a3bc-ce0be773df02,15500,5,2021,128000,automatico,Ibrido,122,Active,Base,1.8 Hybrid,Privato,119,azzanello,26010,Lombardia,Nord-ovest
Toyota Corolla Hybrid Business Tech 1.8 Full Hybrid 122CV,https://www.autoscout24.it/annunci/toyota-corolla-hybrid-business-tech-1-8-full-hybrid-122cv-elettrica-benzina-argento-cat_ma70mo2052-33a741ef-ea4c-4bb5-bb03-d55fd89870dd,15090,5,2021,119003,automatico,Ibrido,122,Business,Base,1.8 Hybrid,Rivenditore,27,granarolo emilia,40057,Emilia-Romagna,Nord-est
Toyota Corolla TS Hybrid Business 1.8 Full Hybrid 122CV,https://www.autoscout24.it/annunci/toyota-corolla-ts-hybrid-business-1-8-full-hybrid-122cv-elettrica-benzina-argento-cat_ma70mo2052-307f4435-6549-4055-a10e-aa776b1364b8,15790,4,2022,122849,automatico,Ibrido,122,Business,Base,1.8 Hybrid,Rivenditore,27,granarolo emilia,40057,Emilia-Romagna,Nord-est
Toyota Corolla TS Hybrid Business 1.8 Full Hybrid 122CV,https://www.autoscout24.it/annunci/toyota-corolla-ts-hybrid-business-1-8-full-hybrid-122cv-elettrica-benzina-argento-cat_ma70mo2052-ed41d458-72ae-47bd-9c2a-8c5848b97117,15790,4,2022,122849,automatico,Ibrido,122,Business,Base,1.8 Hybrid,Rivenditore,180,cinisello balsamo,20092,Lombardia,Nord-ovest
Toyota Corolla TS Hybrid Business 1.8 Full Hybrid 122CV,https://www.autoscout24.it/annunci/toyota-corolla-ts-hybrid-business-1-8-full-hybrid-122cv-elettrica-benzina-argento-cat_ma70mo2052-8ebd1e64-1122-4700-a4d4-82049e01823c,15790,4,2022,122849,automatico,Ibrido,122,Business,Base,1.8 Hybrid,Rivenditore,40,reggio emilia,42122,Emilia-Romagna,Nord-est
Toyota Corolla 1.8h Active cvt,https://www.autoscout24.it/annunci/toyota-corolla-1-8h-active-cvt-elettrica-benzina-cat_ma70mo2052-751f2bad-101b-4118-a891-e98e86d4e670,16000,6,2020,61800,automatico,Ibrido,122,Active,Base,1.8 Hybrid,Privato,25,bologna,40141,Emilia-Romagna,Nord-est
Toyota Corolla Hybrid Business 1.8 Full Hybrid 122CV,https://www.autoscout24.it/annunci/toyota-corolla-hybrid-business-1-8-full-hybrid-122cv-elettrica-benzina-blu-azzurro-cat_ma70mo2052-5fda5898-ff17-4b2e-86d0-0499c7d7f047,16990,5,2021,51147,automatico,Ibrido,122,Business,Base,1.8 Hybrid,Rivenditore,180,cinisello balsamo,20092,Lombardia,Nord-ovest
Toyota Corolla Hybrid Active 1.8 Full Hybrid 122CV,https://www.autoscout24.it/annunci/toyota-corolla-hybrid-active-1-8-full-hybrid-122cv-elettrica-benzina-bianco-cat_ma70mo2052-ab9f9bff-9997-4cdd-b789-82b37aa693cf,16490,5,2021,87807,automatico,Ibrido,122,Active,Base,1.8 Hybrid,Rivenditore,40,reggio emilia,42122,Emilia-Romagna,Nord-est
Toyota Corolla Hybrid Business 1.8 Full Hybrid 122CV,https://www.autoscout24.it/annunci/toyota-corolla-hybrid-business-1-8-full-hybrid-122cv-elettrica-benzina-blu-azzurro-cat_ma70mo2052-621dbf5c-b716-4f95-9d5a-a42fce03f03a,16990,5,2021,51147,automatico,Ibrido,122,Business,Base,1.8 Hybrid,Rivenditore,40,reggio emilia,42122,Emilia-Romagna,Nord-est
Toyota Corolla TS Hybrid Business 1.8 Full Hybrid 122CV,https://www.autoscout24.it/annunci/toyota-corolla-ts-hybrid-business-1-8-full-hybrid-122cv-elettrica-benzina-argento-cat_ma70mo2052-e876f94e-b0b2-4460-93ad-fa62d29006fe,16290,4,2022,122068,automatico,Ibrido,122,Business,Base,1.8 Hybrid,Rivenditore,27,granarolo emilia,40057,Emilia-Romagna,Nord-est
Toyota Corolla Hybrid Active 1.8 Full Hybrid 122CV,https://www.autoscout24.it/annunci/toyota-corolla-hybrid-active-1-8-full-hybrid-122cv-elettrica-benzina-bianco-cat_ma70mo2052-060c0ea9-4257-43c2-8685-c25b416ffae9,16490,5,2021,87807,automatico,Ibrido,122,Active,Base,1.8 Hybrid,Rivenditore,180,cinisello balsamo,20092,Lombardia,Nord-ovest
Toyota Corolla TS Hybrid Business 1.8 Full Hybrid 122CV,https://www.autoscout24.it/annunci/toyota-corolla-ts-hybrid-business-1-8-full-hybrid-122cv-elettrica-benzina-argento-cat_ma70mo2052-9f6f2fae-9054-4273-b04e-11ed76d6e04b,16990,4,2022,80886,automatico,Ibrido,122,Business,Base,1.8 Hybrid,Rivenditore,180,cinisello balsamo,20092,Lombardia,Nord-ovest
Toyota Corolla TS Hybrid Active 1.8 Full Hybrid 122CV,https://www.autoscout24.it/annunci/toyota-corolla-ts-hybrid-active-1-8-full-hybrid-122cv-elettrica-benzina-grigio-cat_ma70mo2052-7499a67c-d2f8-4d11-8f93-ddc17b185077,16690,4,2022,105402,automatico,Ibrido,122,Active,Base,1.8 Hybrid,Rivenditore,180,cinisello balsamo,20092,Lombardia,Nord-ovest
Toyota Corolla TS Hybrid Business 1.8 Full Hybrid 122CV,https://www.autoscout24.it/annunci/toyota-corolla-ts-hybrid-business-1-8-full-hybrid-122cv-elettrica-benzina-argento-cat_ma70mo2052-4ce61ae2-c800-4042-8029-1fc2077d5634,16490,4,2022,96626,automatico,Ibrido,122,Business,Base,1.8 Hybrid,Rivenditore,180,cinisello balsamo,20092,Lombardia,Nord-ovest
Toyota Corolla TS Hybrid Business 1.8 Full Hybrid 122CV,https://www.autoscout24.it/annunci/toyota-corolla-ts-hybrid-business-1-8-full-hybrid-122cv-elettrica-benzina-argento-cat_ma70mo2052-c2f98e76-b231-4223-864c-d1bd4e849be4,16490,4,2022,96626,automatico,Ibrido,122,Business,Base,1.8 Hybrid,Rivenditore,40,reggio emilia,42122,Emilia-Romagna,Nord-est
Toyota Corolla TS Hybrid Business 1.8 Full Hybrid 122CV,https://www.autoscout24.it/annunci/toyota-corolla-ts-hybrid-business-1-8-full-hybrid-122cv-elettrica-benzina-argento-cat_ma70mo2052-fffe7494-bbc6-4f49-84f1-a031951abd3c,16990,4,2022,80886,automatico,Ibrido,122,Business,Base,1.8 Hybrid,Rivenditore,40,reggio emilia,42122,Emilia-Romagna,Nord-est
Toyota Corolla Corolla XII 2019 2.0h GR Sport cvt,https://www.autoscout24.it/annunci/toyota-corolla-corolla-xii-2019-2-0h-gr-sport-cvt-elettrica-benzina-argento-cat_ma70mo2052-efaccb37-7783-4a6a-bff5-6583d064c38b,17000,4,2022,150000,automatico,Ibrido,122,GR Sport,Sport,2.0 Hybrid,Privato,292,alpette,10080,Piemonte,Nord-ovest
Toyota Corolla 1.8 Hybrid Style,https://www.autoscout24.it/annunci/toyota-corolla-1-8-hybrid-style-elettrica-benzina-argento-cat_ma70mo2052-cee49f59-62c6-45a1-a85f-2c695803cb1f,16900,7,2019,98958,automatico,Ibrido,122,Style,Middle,1.8 Hybrid,Rivenditore,23,carpi,41012,Emilia-Romagna,Nord-est
Toyota Corolla Corolla XII 2019 1.8h Business cvt,https://www.autoscout24.it/annunci/toyota-corolla-corolla-xii-2019-1-8h-business-cvt-elettrica-benzina-grigio-cat_ma70mo2052-084553f2-d8d5-4aa5-aaba-d240a1443686,17000,5,2021,55000,automatico,Ibrido,122,Business,Base,1.8 Hybrid,Privato,326,roma,152,Lazio,Centro
Toyota Corolla sports 2.0h lounge cvt,https://www.autoscout24.it/annunci/toyota-corolla-sports-2-0h-lounge-cvt-elettrica-benzina-bianco-cat_ma70mo2052-da02c4dc-4163-4607-9d8c-5bc36e13ef33,16900,5,2021,128217,automatico,Ibrido,122,Lounge,Middle,2.0 Hybrid,Rivenditore,239,bordano,33010,Friuli-Venezia Giulia,Nord-est
Toyota Corolla Corolla XII 2019 Touring Sports Touring Sports 1.8h Business cvt,https://www.autoscout24.it/annunci/toyota-corolla-corolla-xii-2019-touring-sports-touring-sports-1-8h-business-cvt-elettrica-benzina-nero-cat_ma70mo2052-23b20df6-1a4c-4852-9732-cc09670bc6a0,16500,7,2019,97000,automatico,Ibrido,122,Business,Base,1.8 Hybrid,Rivenditore,177,milano,20141,Lombardia,Nord-ovest
Toyota Corolla Touring Sports 1.8 Hybrid Active,https://www.autoscout24.it/annunci/toyota-corolla-touring-sports-1-8-hybrid-active-elettrica-benzina-nero-cat_ma70mo2052-38d346c0-737a-46a7-a04f-4a9e1f888de4,16900,4,2022,84958,automatico,Ibrido,122,Active,Base,1.8 Hybrid,Rivenditore,698,san vito normanni,72019,Puglia,Sud
Toyota Corolla Touring Sports 1.8h Style cvt,https://www.autoscout24.it/annunci/toyota-corolla-touring-sports-1-8h-style-cvt-elettrica-benzina-cat_ma70mo2052-2cdddc5e-5e15-45e0-bb3c-289490963e7f,16900,4,2022,110000,automatico,Ibrido,122,Style,Middle,1.8 Hybrid,Rivenditore,82,montemurlo,59013,Toscana,Centro
Toyota Corolla Corolla XII 2019 Touring Sports Touring Sports 1.8h Active cvt,https://www.autoscout24.it/annunci/toyota-corolla-corolla-xii-2019-touring-sports-touring-sports-1-8h-active-cvt-elettrica-benzina-bronzo-cat_ma70mo2052-3672aa84-4547-4fa2-bf7e-f09b60368736,16500,7,2019,102000,automatico,Ibrido,122,Active,Base,1.8 Hybrid,Privato,59,lizzano belvedere,40042,Emilia-Romagna,Nord-est
Toyota Corolla 2.0h Style cvt,https://www.autoscout24.it/annunci/toyota-corolla-2-0h-style-cvt-elettrica-benzina-cat_ma70mo2052-cc341fd9-7e7a-4a84-af43-a246fdd2ffd6,16900,6,2020,101000,automatico,Ibrido,122,Style,Middle,2.0 Hybrid,Privato,663,palagiano,74019,Puglia,Sud
Toyota Corolla Toyota Corolla 1.8 Hybrid Style Bicolore – 71.000,https://www.autoscout24.it/annunci/toyota-corolla-toyota-corolla-1-8-hybrid-style-bicolore-71-000-elettrica-benzina-rosso-cat_ma70mo2052-7e6b42e5-8d86-495e-86bc-9f91432998ad,16499,6,2020,71000,automatico,Ibrido,122,Style,Middle,1.8 Hybrid,Rivenditore,212,dervio,23824,Lombardia,Nord-ovest
Toyota Corolla Touring Sports 1.8 Hybrid Business,https://www.autoscout24.it/annunci/toyota-corolla-touring-sports-1-8-hybrid-business-elettrica-benzina-nero-cat_ma70mo2052-d22ea8ab-84e4-4974-a9bd-dfee40fb7890,16900,5,2021,83786,automatico,Ibrido,122,Business,Base,1.8 Hybrid,Rivenditore,698,san vito normanni,72019,Puglia,Sud
Toyota Corolla Touring Sports 1.8h Business cvt - NO VINCOLI FINANZIARI,https://www.autoscout24.it/annunci/toyota-corolla-touring-sports-1-8h-business-cvt-no-vincoli-finanziari-elettrica-benzina-argento-cat_ma70mo2052-5fb739aa-4e1c-4b6b-b2c7-9ab382fbe1e3,16800,7,2019,93000,automatico,Ibrido,122,Business,Base,1.8 Hybrid,Rivenditore,81,san bonifacio,37047,Veneto,Nord-est
Toyota Corolla 1.8 Hybrid Active,https://www.autoscout24.it/annunci/toyota-corolla-1-8-hybrid-active-elettrica-benzina-blu-azzurro-cat_ma70mo2052-190468b6-f349-4582-a992-c137e956096d,16900,5,2021,56240,automatico,Ibrido,122,Active,Base,1.8 Hybrid,Rivenditore,819,reggio calabria,89135,Calabria,Sud
Toyota Corolla 1.8h Style cvt,https://www.autoscout24.it/annunci/toyota-corolla-1-8h-style-cvt-elettrica-benzina-bianco-cat_ma70mo2052-c18721d4-6f1e-4a34-977f-379dbd110d83,16900,7,2019,110000,automatico,Ibrido,122,Style,Middle,1.8 Hybrid,Privato,478,san severo,71016,Puglia,Sud
Toyota Corolla Touring Sports 1.8 98 cv hybrid  Business cvt PREZZO REALE,https://www.autoscout24.it/annunci/toyota-corolla-touring-sports-1-8-98-cv-hybrid-business-cvt-prezzo-reale-elettrica-benzina-argento-cat_ma70mo2052-9b136104-54b6-442a-a566-d89989b368aa,16900,6,2020,98000,automatico,Ibrido,122,Business,Base,1.8 Hybrid,Rivenditore,278,nichelino,10042,Piemonte,Nord-ovest
Toyota Corolla 1.8h Business cvt,https://www.autoscout24.it/annunci/toyota-corolla-1-8h-business-cvt-elettrica-benzina-argento-cat_ma70mo2052-869c2559-044f-43ac-8db0-eab292be6867,16950,5,2021,103400,automatico,Ibrido,122,Business,Base,1.8 Hybrid,Rivenditore,163,refrontolo,31020,Veneto,Nord-est
Toyota Corolla TS Hybrid Business 1.8 Full Hybrid 122CV,https://www.autoscout24.it/annunci/toyota-corolla-ts-hybrid-business-1-8-full-hybrid-122cv-elettrica-benzina-argento-cat_ma70mo2052-8375a167-2e2a-45dc-b074-114bddba3605,16290,4,2022,120837,automatico,Ibrido,122,Business,Base,1.8 Hybrid,Rivenditore,27,granarolo emilia,40057,Emilia-Romagna,Nord-est
Toyota Corolla TS Hybrid Active 1.8 Full Hybrid 122CV,https://www.autoscout24.it/annunci/toyota-corolla-ts-hybrid-active-1-8-full-hybrid-122cv-elettrica-benzina-grigio-cat_ma70mo2052-f83c073c-8462-4875-96f1-70ef99d5a6e8,16690,4,2022,105402,automatico,Ibrido,122,Active,Base,1.8 Hybrid,Rivenditore,27,granarolo emilia,40057,Emilia-Romagna,Nord-est
Toyota Corolla TS Hybrid Business 1.8 Full Hybrid 122CV,https://www.autoscout24.it/annunci/toyota-corolla-ts-hybrid-business-1-8-full-hybrid-122cv-elettrica-benzina-argento-cat_ma70mo2052-13b70a27-9bd5-477b-90eb-5f7705d9841e,16290,4,2022,120837,automatico,Ibrido,122,Business,Base,1.8 Hybrid,Rivenditore,180,cinisello balsamo,20092,Lombardia,Nord-ovest
Toyota Corolla TS Hybrid Business 1.8 Full Hybrid 122CV,https://www.autoscout24.it/annunci/toyota-corolla-ts-hybrid-business-1-8-full-hybrid-122cv-elettrica-benzina-argento-cat_ma70mo2052-2671eee8-07e6-4036-8aa4-ebe777099d30,16290,4,2022,122068,automatico,Ibrido,122,Business,Base,1.8 Hybrid,Rivenditore,180,cinisello balsamo,20092,Lombardia,Nord-ovest
Toyota Corolla TS Hybrid Business 1.8 Full Hybrid 122CV,https://www.autoscout24.it/annunci/toyota-corolla-ts-hybrid-business-1-8-full-hybrid-122cv-elettrica-benzina-argento-cat_ma70mo2052-22c954d4-799e-4e3c-83d4-801c0575d042,16290,4,2022,122068,automatico,Ibrido,122,Business,Base,1.8 Hybrid,Rivenditore,40,reggio emilia,42122,Emilia-Romagna,Nord-est
Toyota Corolla TS Hybrid Business 1.8 Full Hybrid 122CV,https://www.autoscout24.it/annunci/toyota-corolla-ts-hybrid-business-1-8-full-hybrid-122cv-elettrica-benzina-argento-cat_ma70mo2052-70875512-3a3f-4aef-9d83-76bca1a9bc78,16290,4,2022,120837,automatico,Ibrido,122,Business,Base,1.8 Hybrid,Rivenditore,40,reggio emilia,42122,Emilia-Romagna,Nord-est
Toyota Corolla TS Hybrid Business 1.8 Full Hybrid 122CV,https://www.autoscout24.it/annunci/toyota-corolla-ts-hybrid-business-1-8-full-hybrid-122cv-elettrica-benzina-argento-cat_ma70mo2052-ad0a268a-a3ee-4b74-b51f-ccb4d7f2913f,16190,4,2022,105007,automatico,Ibrido,122,Business,Base,1.8 Hybrid,Rivenditore,180,cinisello balsamo,20092,Lombardia,Nord-ovest
Toyota Corolla TS Hybrid Business 1.8 Full Hybrid 122CV,https://www.autoscout24.it/annunci/toyota-corolla-ts-hybrid-business-1-8-full-hybrid-122cv-elettrica-benzina-argento-cat_ma70mo2052-dccb182b-c896-489c-b19b-05a26184f6b7,16190,4,2022,105007,automatico,Ibrido,122,Business,Base,1.8 Hybrid,Rivenditore,40,reggio emilia,42122,Emilia-Romagna,Nord-est
Toyota Corolla TS Hybrid Active 1.8 Full Hybrid 122CV,https://www.autoscout24.it/annunci/toyota-corolla-ts-hybrid-active-1-8-full-hybrid-122cv-elettrica-benzina-grigio-cat_ma70mo2052-eec910f6-8fe0-4bd0-824c-3e4925f08000,16690,4,2022,105402,automatico,Ibrido,122,Active,Base,1.8 Hybrid,Rivenditore,40,reggio emilia,42122,Emilia-Romagna,Nord-est
Toyota Corolla TS 1.8 HYBRID BUSINESS TECH AUTO STATION WAGON,https://www.autoscout24.it/annunci/toyota-corolla-ts-1-8-hybrid-business-tech-auto-station-wagon-elettrica-benzina-cat_ma70mo2052-cb0e089a-c2c6-4a47-8260-9255c2e19148,17000,4,2022,146993,automatico,Ibrido,122,Business,Base,1.8 Hybrid,Rivenditore,160,bagnaria,27050,Lombardia,Nord-ovest
Toyota Corolla 1.8 Hybrid Business,https://www.autoscout24.it/annunci/toyota-corolla-1-8-hybrid-business-elettrica-benzina-blu-azzurro-cat_ma70mo2052-e5ba9f85-2ee5-404d-b28f-f9618762a2b4,17690,5,2021,70000,automatico,Ibrido,122,Business,Base,1.8 Hybrid,Rivenditore,129,ospitaletto,25035,Lombardia,Nord-ovest
Toyota Corolla 1.8 Hybrid Business,https://www.autoscout24.it/annunci/toyota-corolla-1-8-hybrid-business-elettrica-benzina-grigio-cat_ma70mo2052-020cec50-9062-49cf-be97-9407a7aba05f,17900,4,2022,99367,automatico,Ibrido,122,Business,Base,1.8 Hybrid,Rivenditore,326,roma,128,Lazio,Centro
Toyota Corolla Corolla 1.8 Hybrid Business,https://www.autoscout24.it/annunci/toyota-corolla-corolla-1-8-hybrid-business-elettrica-benzina-nero-cat_ma70mo2052-e1eed0f4-0128-40a3-b4a4-9b78c00e7812,17990,6,2020,83000,automatico,Ibrido,122,Business,Base,1.8 Hybrid,Rivenditore,276,torino,10133,Piemonte,Nord-ovest
Toyota Corolla 1.8h Business Tech cvt,https://www.autoscout24.it/annunci/toyota-corolla-1-8h-business-tech-cvt-elettrica-benzina-bianco-cat_ma70mo2052-49072f57-230c-4212-bbe7-223cfc6003d4,17800,4,2022,126800,automatico,Ibrido,122,Business,Base,1.8 Hybrid,Rivenditore,194,caronno pertusella,21042,Lombardia,Nord-ovest
Toyota Corolla 1.8h Active auto,https://www.autoscout24.it/annunci/toyota-corolla-1-8h-active-auto-elettrica-benzina-bianco-cat_ma70mo2052-20a81897-bc4a-4364-b7f3-2e9511700612,17900,3,2023,111769,automatico,Ibrido,122,Active,Base,1.8 Hybrid,Rivenditore,326,roma,166,Lazio,Centro
Toyota Corolla 1.8 Hybrid Business(NESSUN VINCOLO),https://www.autoscout24.it/annunci/toyota-corolla-1-8-hybrid-business-nessun-vincolo-elettrica-benzina-grigio-cat_ma70mo2052-9c484754-abe9-4b0b-b0fd-4880a7294fc5,17900,3,2023,104776,automatico,Ibrido,122,Business,Base,1.8 Hybrid,Rivenditore,326,roma,166,Lazio,Centro
Toyota Corolla Corolla 1.8h Style cvt,https://www.autoscout24.it/annunci/toyota-corolla-corolla-1-8h-style-cvt-elettrica-benzina-argento-cat_ma70mo2052-25fb26e6-0b35-461a-bc43-17b6d6f210dd,17900,7,2019,68000,automatico,Ibrido,122,Style,Middle,1.8 Hybrid,Rivenditore,102,affi,37010,Veneto,Nord-est
Toyota Corolla Touring Sports 2.0h Lounge cvt,https://www.autoscout24.it/annunci/toyota-corolla-touring-sports-2-0h-lounge-cvt-elettrica-benzina-cat_ma70mo2052-be409e55-c404-4faf-b01d-ee4499f57eef,18000,7,2019,66000,automatico,Ibrido,122,Lounge,Middle,2.0 Hybrid,Privato,326,roma,146,Lazio,Centro
Toyota Corolla Corolla XII 2019 Touring Sports Touring Sports 1.8h Business cvt,https://www.autoscout24.it/annunci/toyota-corolla-corolla-xii-2019-touring-sports-touring-sports-1-8h-business-cvt-elettrica-benzina-grigio-cat_ma70mo2052-8c815db3-b4cf-4e48-a9c5-d163a78c5b18,17200,7,2019,77500,automatico,Ibrido,122,Business,Base,1.8 Hybrid,Privato,267,graglia,13895,Piemonte,Nord-ovest
Toyota Corolla Corolla XII 2019 Touring Sports Touring Sports 2.0h Lounge cvt,https://www.autoscout24.it/annunci/toyota-corolla-corolla-xii-2019-touring-sports-touring-sports-2-0h-lounge-cvt-elettrica-benzina-argento-cat_ma70mo2052-59e75ad0-2d66-4ed1-9e86-fdd2993f88d9,17900,6,2020,92000,automatico,Ibrido,122,Lounge,Middle,2.0 Hybrid,Privato,326,roma,192,Lazio,Centro
Toyota Corolla 1.8h Active cvt,https://www.autoscout24.it/annunci/toyota-corolla-1-8h-active-cvt-elettrica-benzina-cat_ma70mo2052-16cb8494-b8c4-44e8-966f-c6e095a03ae9,17900,4,2022,61500,automatico,Ibrido,122,Active,Base,1.8 Hybrid,Privato,177,milano,20162,Lombardia,Nord-ovest
Toyota Corolla 1.8 Hybrid Style,https://www.autoscout24.it/annunci/toyota-corolla-1-8-hybrid-style-elettrica-benzina-bianco-cat_ma70mo2052-d598ea8d-7244-492d-b69b-30327d8c1932,17800,5,2021,66994,automatico,Ibrido,122,Style,Middle,1.8 Hybrid,Rivenditore,698,san vito normanni,72019,Puglia,Sud
Toyota Corolla Corolla Touring Sports 1.8h Active cvt,https://www.autoscout24.it/annunci/toyota-corolla-corolla-touring-sports-1-8h-active-cvt-elettrica-benzina-argento-cat_ma70mo2052-4357a52b-cf82-408e-8a6e-46fa13955106,17400,5,2021,83668,automatico,Ibrido,122,Active,Base,1.8 Hybrid,Rivenditore,259,bra,12042,Piemonte,Nord-ovest
Toyota Corolla Touring Sports 1.8h Business cvt,https://www.autoscout24.it/annunci/toyota-corolla-touring-sports-1-8h-business-cvt-elettrica-benzina-grigio-cat_ma70mo2052-f8ccd121-a830-431d-b8c3-162122dadfc1,17200,4,2022,90518,automatico,Ibrido,122,Business,Base,1.8 Hybrid,Rivenditore,60,legnago,37045,Veneto,Nord-est
Toyota Corolla Touring Sports TS 1.8h Active cvt PREZZO REALE TELECAMERA IVA ESPOSTA,https://www.autoscout24.it/annunci/toyota-corolla-touring-sports-ts-1-8h-active-cvt-prezzo-reale-telecamera-iva-esposta-elettrica-benzina-grigio-cat_ma70mo2052-d7719fa0-d0e1-4691-ad34-c8aee5381e55,18000,4,2022,90000,automatico,Ibrido,122,Active,Base,1.8 Hybrid,Rivenditore,178,monza,20900,Lombardia,Nord-ovest
Toyota Corolla 2.0 Business - Hybrid - Iva Esposta - Unipro - Promo Finanziamento - Schermo - Retrocamera - Cerchi in lega,https://www.autoscout24.it/annunci/toyota-corolla-2-0-business-hybrid-iva-esposta-unipro-promo-finanziamento-schermo-retrocamera-cerchi-in-lega-elettrica-benzina-marrone-cat_ma70mo2052-b82205b0-8cd3-4c05-ad8e-454ab923c547,17490,4,2022,99000,automatico,Ibrido,122,Business,Base,1.8 Hybrid,Rivenditore,326,roma,178,Lazio,Centro
Toyota Corolla 1.8h Style cvt UNICO PROPRIETARIO BELLISSIMA,https://www.autoscout24.it/annunci/toyota-corolla-1-8h-style-cvt-unico-proprietario-bellissima-elettrica-benzina-bianco-cat_ma70mo2052-fd3b3ef0-2429-4335-a309-4dd769ae8b11,17800,5,2021,97000,automatico,Ibrido,122,Style,Middle,1.8 Hybrid,Rivenditore,189,cesano maderno,20811,Lombardia,Nord-ovest
Toyota Corolla Corolla XII 2019 1.8h Style cvt,https://www.autoscout24.it/annunci/toyota-corolla-corolla-xii-2019-1-8h-style-cvt-elettrica-benzina-argento-cat_ma70mo2052-ccac1f83-91dc-4eb7-ba47-fb7e2b3c77ce,17900,4,2022,87000,automatico,Ibrido,122,Style,Middle,1.8 Hybrid,Privato,57,conselice,48017,Emilia-Romagna,Nord-est
Toyota Corolla 1.8h Style cvt,https://www.autoscout24.it/annunci/toyota-corolla-1-8h-style-cvt-elettrica-benzina-cat_ma70mo2052-818cd8ee-95c6-4908-a5e8-be40bfafa2d7,17700,7,2019,68273,automatico,Ibrido,122,Style,Middle,1.8 Hybrid,Privato,505,foggia,71121,Puglia,Sud
Toyota Corolla 1.8 hybrid business cvt,https://www.autoscout24.it/annunci/toyota-corolla-1-8-hybrid-business-cvt-elettrica-benzina-argento-cat_ma70mo2052-6b16f88c-830a-4dac-ac57-7ab8fe42ed66,17500,4,2022,84715,automatico,Ibrido,122,Business,Base,1.8 Hybrid,Rivenditore,276,torino,10148,Piemonte,Nord-ovest
Toyota Corolla 1.8 Style,https://www.autoscout24.it/annunci/toyota-corolla-1-8-style-elettrica-benzina-cat_ma70mo2052-085107d9-389e-44ee-98e5-6a60a57cc330,17500,7,2019,121500,automatico,Ibrido,122,Style,Middle,1.8 Hybrid,Privato,103,vicenza,36100,Veneto,Nord-est
Toyota Corolla 1.8h Active auto,https://www.autoscout24.it/annunci/toyota-corolla-1-8h-active-auto-elettrica-benzina-bianco-cat_ma70mo2052-5c8dc891-1549-482a-bb81-b7981e13cfbc,17900,3,2023,113900,automatico,Ibrido,122,Active,Base,1.8 Hybrid,Rivenditore,326,roma,166,Lazio,Centro
Toyota Corolla Corolla Touring Sports 1.8h Business GARANZIA,https://www.autoscout24.it/annunci/toyota-corolla-corolla-touring-sports-1-8h-business-garanzia-elettrica-benzina-argento-cat_ma70mo2052-8873e71a-4496-4145-9348-315390da1c7a,17600,7,2019,74000,automatico,Ibrido,122,Business,Base,1.8 Hybrid,Rivenditore,326,roma,133,Lazio,Centro
Toyota Corolla Corolla Touring Sports 1.8h Active cvt,https://www.autoscout24.it/annunci/toyota-corolla-corolla-touring-sports-1-8h-active-cvt-elettrica-benzina-nero-cat_ma70mo2052-ed0be883-51b8-457b-833f-3a3bd90b34a6,17900,4,2022,98456,automatico,Ibrido,122,Active,Base,1.8 Hybrid,Rivenditore,259,bra,12042,Piemonte,Nord-ovest
Toyota Corolla Corolla 1.8 hybrid Business Tech cvt,https://www.autoscout24.it/annunci/toyota-corolla-corolla-1-8-hybrid-business-tech-cvt-elettrica-benzina-grigio-cat_ma70mo2052-d95e1378-503e-47ec-8a28-82dd2194e424,17890,3,2023,90544,automatico,Ibrido,122,Business,Base,1.8 Hybrid,Rivenditore,383,latina,4100,Lazio,Centro
Toyota Corolla 2022 Touring Sports Touring Sports 2.0h Business cvt,https://www.autoscout24.it/annunci/toyota-corolla-2022-touring-sports-touring-sports-2-0h-business-cvt-elettrica-benzina-rosso-cat_ma70mo2052-f272031a-6299-4de5-a0ae-96f1278bee67,17500,4,2022,104000,automatico,Ibrido,122,Business,Base,2.0 Hybrid,Rivenditore,183,triuggio,20844,Lombardia,Nord-ovest
Toyota Corolla Touring Sports 1.8h Business cvt NEOPATENTATI+CAME,https://www.autoscout24.it/annunci/toyota-corolla-touring-sports-1-8h-business-cvt-neopatentati+came-elettrica-benzina-argento-cat_ma70mo2052-6cabd308-6acf-47d1-bbe5-636cd681f3ec,17900,5,2021,93308,automatico,Ibrido,122,Business,Base,1.8 Hybrid,Rivenditore,106,ghedi,25016,Lombardia,Nord-ovest
Toyota Corolla Corolla Touring Sports 1.8h Business cvt,https://www.autoscout24.it/annunci/toyota-corolla-corolla-touring-sports-1-8h-business-cvt-elettrica-benzina-argento-cat_ma70mo2052-50d9293b-a84d-42c4-8fd6-47370110d8ca,17900,6,2020,61000,automatico,Ibrido,122,Business,Base,1.8 Hybrid,Rivenditore,893,buccheri,96010,Sicilia,Isole
Toyota Corolla Corolla XII 2019 Touring Sports Touring Sports 1.8h Business cvt,https://www.autoscout24.it/annunci/toyota-corolla-corolla-xii-2019-touring-sports-touring-sports-1-8h-business-cvt-elettrica-benzina-grigio-cat_ma70mo2052-2a5c6fd1-7d57-483d-9ae2-3f2f7f52f38a,18000,6,2020,162386,automatico,Ibrido,122,Business,Base,1.8 Hybrid,Privato,234,trieste,34144,Friuli-Venezia Giulia,Nord-est
Toyota Corolla 2.0h Lounge cvt,https://www.autoscout24.it/annunci/toyota-corolla-2-0h-lounge-cvt-elettrica-benzina-nero-cat_ma70mo2052-cbd6f77d-d7de-40fd-8b42-8903a401bd04,18900,7,2019,116900,automatico,Ibrido,122,Lounge,Middle,2.0 Hybrid,Rivenditore,103,vicenza,36100,Veneto,Nord-est
Toyota Corolla 1.8h Active auto,https://www.autoscout24.it/annunci/toyota-corolla-1-8h-active-auto-elettrica-benzina-bianco-cat_ma70mo2052-4e416436-8f00-4ce7-a633-91e4a951904c,18900,3,2023,86860,automatico,Ibrido,122,Active,Base,1.8 Hybrid,Rivenditore,326,roma,166,Lazio,Centro
Toyota Corolla 1.8h Active auto,https://www.autoscout24.it/annunci/toyota-corolla-1-8h-active-auto-elettrica-benzina-bianco-cat_ma70mo2052-5da84fab-264f-472a-a565-ecbd796d32d8,18300,3,2023,106761,automatico,Ibrido,122,Active,Base,1.8 Hybrid,Rivenditore,326,roma,166,Lazio,Centro
Toyota Corolla 1.8h Active auto,https://www.autoscout24.it/annunci/toyota-corolla-1-8h-active-auto-elettrica-benzina-bianco-cat_ma70mo2052-35d2cba0-45ad-49a7-8ae4-36e7deea1b94,18499,3,2023,100522,automatico,Ibrido,122,Active,Base,1.8 Hybrid,Rivenditore,326,roma,166,Lazio,Centro
Toyota Corolla 1.8h Active auto,https://www.autoscout24.it/annunci/toyota-corolla-1-8h-active-auto-elettrica-benzina-bianco-cat_ma70mo2052-baccdb8b-51c4-4274-a530-acfc4b43a6d1,18499,3,2023,100676,automatico,Ibrido,122,Active,Base,1.8 Hybrid,Rivenditore,326,roma,166,Lazio,Centro
Toyota Corolla 1.8h Active auto,https://www.autoscout24.it/annunci/toyota-corolla-1-8h-active-auto-elettrica-benzina-bianco-cat_ma70mo2052-add81aed-41c0-4a33-aa2a-52a4c6ad91aa,18900,3,2023,90734,automatico,Ibrido,122,Active,Base,1.8 Hybrid,Rivenditore,326,roma,166,Lazio,Centro
Toyota Corolla 1.8h Active auto,https://www.autoscout24.it/annunci/toyota-corolla-1-8h-active-auto-elettrica-benzina-bianco-cat_ma70mo2052-04cf0431-d66d-4cce-a8ec-44a94da4f402,18600,3,2023,99193,automatico,Ibrido,122,Active,Base,1.8 Hybrid,Rivenditore,326,roma,166,Lazio,Centro
Toyota Corolla 1.8h Active auto,https://www.autoscout24.it/annunci/toyota-corolla-1-8h-active-auto-elettrica-benzina-bianco-cat_ma70mo2052-fced77df-2150-45ac-85d4-edaf22f44d43,18499,3,2023,101792,automatico,Ibrido,122,Active,Base,1.8 Hybrid,Rivenditore,326,roma,166,Lazio,Centro
Toyota Corolla 2.0h Lounge E-CVT,https://www.autoscout24.it/annunci/toyota-corolla-2-0h-lounge-e-cvt-elettrica-benzina-cat_ma70mo2052-0d90f2b1-99e5-4ad5-90b3-a614efb78d8c,19000,6,2020,86000,automatico,Ibrido,122,Lounge,Middle,2.0 Hybrid,Privato,182,cormano,20032,Lombardia,Nord-ovest
Toyota Corolla Corolla 2.0 180 cavalli Lounge,https://www.autoscout24.it/annunci/toyota-corolla-corolla-2-0-180-cavalli-lounge-elettrica-benzina-bianco-cat_ma70mo2052-17b93761-a9de-42b8-9f59-7a7e205b6dd8,19000,7,2019,63300,automatico,Ibrido,122,Lounge,Middle,2.0 Hybrid,Privato,750,palermo,90144,Sicilia,Isole
Toyota Corolla 2.0h Lounge cvt,https://www.autoscout24.it/annunci/toyota-corolla-2-0h-lounge-cvt-elettrica-benzina-cat_ma70mo2052-989a7aac-a9bf-450b-9744-a65472249014,18500,6,2020,84500,automatico,Ibrido,122,Lounge,Middle,2.0 Hybrid,Privato,163,oderzo,31046,Veneto,Nord-est
Toyota Corolla Touring Sports 1.8h Business cvt UNICO PROPRIETARIO,https://www.autoscout24.it/annunci/toyota-corolla-touring-sports-1-8h-business-cvt-unico-proprietario-elettrica-benzina-argento-cat_ma70mo2052-9f0f7a99-39f1-41ec-b3fd-e535cc053445,18900,3,2023,74000,automatico,Ibrido,122,Business,Base,1.8 Hybrid,Rivenditore,189,cesano maderno,20811,Lombardia,Nord-ovest
Toyota Corolla Touring Sports 2.0h Style cvt,https://www.autoscout24.it/annunci/toyota-corolla-touring-sports-2-0h-style-cvt-elettrica-benzina-nero-cat_ma70mo2052-8d5ae6b7-da7c-4888-ab11-937b4e6853a7,18500,6,2020,109000,automatico,Ibrido,122,Style,Middle,2.0 Hybrid,Privato,226,udine,33100,Friuli-Venezia Giulia,Nord-est
Toyota Corolla 2.0 Hybrid Lounge,https://www.autoscout24.it/annunci/toyota-corolla-2-0-hybrid-lounge-elettrica-benzina-cat_ma70mo2052-c2ba263b-09f3-41db-92c7-f74fe3b7cd73,18900,6,2020,103473,automatico,Ibrido,122,Lounge,Middle,2.0 Hybrid,Rivenditore,30,san lazzaro savena,40068,Emilia-Romagna,Nord-est
Toyota Corolla (2018-->) Touring Sports 2.0 Hybrid Business,https://www.autoscout24.it/annunci/toyota-corolla-2018-touring-sports-2-0-hybrid-business-elettrica-benzina-argento-cat_ma70mo2052-e255dc30-6299-4800-a6b5-0424e85b590a,18900,5,2021,102879,automatico,Ibrido,122,Business,Base,2.0 Hybrid,Rivenditore,142,montebelluna,31044,Veneto,Nord-est
Toyota Corolla Touring Sports 2.0h Style cvt,https://www.autoscout24.it/annunci/toyota-corolla-touring-sports-2-0h-style-cvt-elettrica-benzina-cat_ma70mo2052-a08a7bc5-8698-4e0c-b418-52f3a2bc9b5f,18900,7,2019,98500,automatico,Ibrido,122,Style,Middle,2.0 Hybrid,Privato,189,arese,20044,Lombardia,Nord-ovest
Toyota Corolla touring sports 1.8h business cvt,https://www.autoscout24.it/annunci/toyota-corolla-touring-sports-1-8h-business-cvt-elettrica-benzina-blu-azzurro-cat_ma70mo2052-834b16c1-4f04-43f0-877a-2cfcc89b2400,18400,4,2022,81865,automatico,Ibrido,122,Business,Base,1.8 Hybrid,Rivenditore,177,assago,20057,Lombardia,Nord-ovest
Toyota Corolla touring sports 2.0h lounge cvt,https://www.autoscout24.it/annunci/toyota-corolla-touring-sports-2-0h-lounge-cvt-elettrica-benzina-grigio-cat_ma70mo2052-d0b0ec17-3d9c-450a-9366-f61c50f6bdc6,18900,7,2019,104505,automatico,Ibrido,122,Lounge,Middle,2.0 Hybrid,Rivenditore,116,borgoricco,35010,Veneto,Nord-est
Toyota Corolla 1.8 Hybrid Active,https://www.autoscout24.it/annunci/toyota-corolla-1-8-hybrid-active-elettrica-benzina-bianco-cat_ma70mo2052-d0804d03-b207-4a43-9fde-351fb48cc777,18250,5,2021,85960,automatico,Ibrido,122,Active,Base,1.8 Hybrid,Rivenditore,222,varese,21100,Lombardia,Nord-ovest
Toyota Corolla Corolla Touring Sports 2.0h Trek cvt,https://www.autoscout24.it/annunci/toyota-corolla-corolla-touring-sports-2-0h-trek-cvt-elettrica-benzina-argento-cat_ma70mo2052-082a012f-400f-47da-a485-048ec42d6142,18400,5,2021,113638,automatico,Ibrido,122,Trek,Middle,2.0 Hybrid,Privato,858,aci castello,95021,Sicilia,Isole
Toyota Corolla TS 1.8 HYBRID BUSINESS AUTO STATION WAGON,https://www.autoscout24.it/annunci/toyota-corolla-ts-1-8-hybrid-business-auto-station-wagon-elettrica-benzina-cat_ma70mo2052-686d166f-765b-4f9c-a93e-d62cd0e7ae78,19000,4,2022,75798,automatico,Ibrido,122,Business,Base,1.8 Hybrid,Rivenditore,326,roma,137,Lazio,Centro
Toyota Corolla Touring Sports 1.8h Business cvt (PREZZO REALE),https://www.autoscout24.it/annunci/toyota-corolla-touring-sports-1-8h-business-cvt-prezzo-reale-elettrica-benzina-grigio-cat_ma70mo2052-3b08e7d5-27e2-4c16-b98f-5fe48231593e,18490,4,2022,87000,automatico,Ibrido,122,Business,Base,1.8 Hybrid,Rivenditore,208,busto arsizio,21052,Lombardia,Nord-ovest
Toyota Corolla Touring Sports 1.8h Business Tech cvt,https://www.autoscout24.it/annunci/toyota-corolla-touring-sports-1-8h-business-tech-cvt-elettrica-benzina-grigio-cat_ma70mo2052-d12b8e63-a7de-4dba-a253-d565d4c1bf3f,18199,4,2022,89800,automatico,Ibrido,122,Business,Base,1.8 Hybrid,Rivenditore,68,rovigo,45100,Veneto,Nord-est
Toyota Corolla Corollì1.8Hybrid  Cvt Business - Neopatentati - Pronta Consegna,https://www.autoscout24.it/annunci/toyota-corolla-corolli1-8hybrid-cvt-business-neopatentati-pronta-consegna-elettrica-benzina-argento-cat_ma70mo2052-df2d1f4d-3754-44c9-8a37-b5b687b9e8a1,18900,4,2022,75651,automatico,Ibrido,122,Business,Base,1.8 Hybrid,Rivenditore,22,san pietro casale,40018,Emilia-Romagna,Nord-est
Toyota Corolla Corolla 1.8h Business cvt,https://www.autoscout24.it/annunci/toyota-corolla-corolla-1-8h-business-cvt-elettrica-benzina-grigio-cat_ma70mo2052-82b0ced6-d18a-4663-a510-e546dbd19289,18500,4,2022,70000,automatico,Ibrido,122,Business,Base,1.8 Hybrid,Rivenditore,448,campobasso,86100,Molise,Sud
Toyota Corolla TS 1.8 HYBRID BUSINESS AUTO STATION WAGON,https://www.autoscout24.it/annunci/toyota-corolla-ts-1-8-hybrid-business-auto-station-wagon-elettrica-benzina-cat_ma70mo2052-2aaf6745-c655-4770-a725-1c3d13bac66a,18100,4,2022,89477,automatico,Ibrido,122,Business,Base,1.8 Hybrid,Rivenditore,160,bagnaria,27050,Lombardia,Nord-ovest
Toyota Corolla 1.8h Active cvt,https://www.autoscout24.it/annunci/toyota-corolla-1-8h-active-cvt-elettrica-benzina-bianco-cat_ma70mo2052-1b0ad112-945e-454e-a036-28273898c63a,18900,5,2021,74901,automatico,Ibrido,122,Active,Base,1.8 Hybrid,Rivenditore,276,torino,10134,Piemonte,Nord-ovest
Toyota Corolla 1.8h Active auto,https://www.autoscout24.it/annunci/toyota-corolla-1-8h-active-auto-elettrica-benzina-bianco-cat_ma70mo2052-c442d888-e00c-4996-a6b6-b7c5074c74df,18700,3,2023,97412,automatico,Ibrido,122,Active,Base,1.8 Hybrid,Rivenditore,326,roma,166,Lazio,Centro
Toyota Corolla TS 1.8 HYBRID BUSINESS AUTO STATION WAGON,https://www.autoscout24.it/annunci/toyota-corolla-ts-1-8-hybrid-business-auto-station-wagon-elettrica-benzina-cat_ma70mo2052-453b423b-3362-4ab0-8496-319beeb84f94,19000,4,2022,92875,automatico,Ibrido,122,Business,Base,1.8 Hybrid,Rivenditore,611,bari,70132,Puglia,Sud
Toyota Corolla Corolla XII 2019 Touring Sports Touring Sports 1.8h Active cvt,https://www.autoscout24.it/annunci/toyota-corolla-corolla-xii-2019-touring-sports-touring-sports-1-8h-active-cvt-elettrica-benzina-bianco-cat_ma70mo2052-9cc6a20d-4175-454d-bc36-0e91e1f52f0e,19000,7,2019,126010,automatico,Ibrido,122,Active,Base,1.8 Hybrid,Privato,326,roma,153,Lazio,Centro
Toyota Corolla 1.8h Active auto,https://www.autoscout24.it/annunci/toyota-corolla-1-8h-active-auto-elettrica-benzina-bianco-cat_ma70mo2052-60ce9561-bfa3-4053-af96-f24c0792b1fe,18499,3,2023,101768,automatico,Ibrido,122,Active,Base,1.8 Hybrid,Rivenditore,326,roma,166,Lazio,Centro
Toyota Corolla 1.8h Active auto,https://www.autoscout24.it/annunci/toyota-corolla-1-8h-active-auto-elettrica-benzina-bianco-cat_ma70mo2052-d5aa6da2-8c92-466f-9deb-b91ea8809838,18499,3,2023,101037,automatico,Ibrido,122,Active,Base,1.8 Hybrid,Rivenditore,326,roma,166,Lazio,Centro
Toyota Corolla 1.8h Active auto,https://www.autoscout24.it/annunci/toyota-corolla-1-8h-active-auto-elettrica-benzina-bianco-cat_ma70mo2052-93fb5156-8859-408a-a19d-93160600407c,18800,3,2023,94228,automatico,Ibrido,122,Active,Base,1.8 Hybrid,Rivenditore,326,roma,166,Lazio,Centro
Toyota Corolla Corolla XII 2023 Touring Sports 1.8h Active Tyre auto! PREZZO REALE,https://www.autoscout24.it/annunci/toyota-corolla-corolla-xii-2023-touring-sports-1-8h-active-tyre-auto-prezzo-reale-elettrica-benzina-bianco-cat_ma70mo2052-19d589c3-e129-436d-a870-8196df556f90,19900,3,2023,93964,automatico,Ibrido,122,Active,Base,1.8 Hybrid,Rivenditore,55,brescello,42041,Emilia-Romagna,Nord-est
Toyota Corolla (2018----) 1.8 HYBRID STYLE,https://www.autoscout24.it/annunci/toyota-corolla-2018-1-8-hybrid-style-elettrica-benzina-bianco-cat_ma70mo2052-fb4676ba-a730-4cad-a1a5-e8bfbb59979a,19900,4,2022,53824,automatico,Ibrido,122,Style,Middle,1.8 Hybrid,Rivenditore,121,brescia,25124,Lombardia,Nord-ovest
Toyota Corolla Corolla 2.0 Hybrid Style,https://www.autoscout24.it/annunci/toyota-corolla-corolla-2-0-hybrid-style-elettrica-benzina-bronzo-cat_ma70mo2052-f061f61a-6bf3-4ecc-9cde-dc5211628293,19400,5,2021,65154,automatico,Ibrido,122,Style,Middle,2.0 Hybrid,Rivenditore,326,roma,163,Lazio,Centro
Toyota Corolla Touring Sports 1.8 Hybrid Business,https://www.autoscout24.it/annunci/toyota-corolla-touring-sports-1-8-hybrid-business-elettrica-benzina-grigio-cat_ma70mo2052-191d67ca-3524-46fe-8e19-bfca9de87df1,19500,4,2022,54959,automatico,Ibrido,122,Business,Base,1.8 Hybrid,Rivenditore,307,mosciano sant angelo,64023,Abruzzo,Sud
Toyota Corolla 1.8h Active auto,https://www.autoscout24.it/annunci/toyota-corolla-1-8h-active-auto-elettrica-benzina-bianco-cat_ma70mo2052-29bf7401-1c0a-4bab-92fd-a646ee462fb9,19100,3,2023,82538,automatico,Ibrido,122,Active,Base,1.8 Hybrid,Rivenditore,326,roma,166,Lazio,Centro
Toyota Corolla Touring Sports TS 1.8h BUSINESS cvt PREZZO REALE TELECAMERA IVA ESPOSTA,https://www.autoscout24.it/annunci/toyota-corolla-touring-sports-ts-1-8h-business-cvt-prezzo-reale-telecamera-iva-esposta-elettrica-benzina-argento-cat_ma70mo2052-bf4238c2-6fe7-4e33-ab86-23b259e54ba1,19900,3,2023,75000,automatico,Ibrido,122,Business,Base,1.8 Hybrid,Rivenditore,178,monza,20900,Lombardia,Nord-ovest
Toyota Corolla (2018----) TOURING SPORTS 1.8 HYBRID STYLE,https://www.autoscout24.it/annunci/toyota-corolla-2018-touring-sports-1-8-hybrid-style-elettrica-benzina-argento-cat_ma70mo2052-40dba7c6-1543-4f2a-b68b-b9e005f9747f,19900,4,2022,68833,automatico,Ibrido,122,Style,Middle,1.8 Hybrid,Rivenditore,121,brescia,25124,Lombardia,Nord-ovest
Toyota Corolla Corolla Touring Sports 1.8h Active auto,https://www.autoscout24.it/annunci/toyota-corolla-corolla-touring-sports-1-8h-active-auto-elettrica-benzina-bianco-cat_ma70mo2052-6f7292ab-b50f-4194-b3f9-4e3fb2aeaffb,19400,3,2023,83739,automatico,Ibrido,122,Active,Base,1.8 Hybrid,Rivenditore,259,bra,12042,Piemonte,Nord-ovest
Toyota Corolla Corolla Touring Sports 2.0h More Business cvt - GD244BG,https://www.autoscout24.it/annunci/toyota-corolla-corolla-touring-sports-2-0h-more-business-cvt-gd244bg-elettrica-benzina-grigio-cat_ma70mo2052-c35fd82e-c4f5-41d3-b9fb-6b568d0846a2,19400,6,2020,74000,automatico,Ibrido,122,Business,Base,2.0 Hybrid,Rivenditore,215,basiliano,33031,Friuli-Venezia Giulia,Nord-est
Toyota Corolla 1.8h Style cvt PREZZO REALE,https://www.autoscout24.it/annunci/toyota-corolla-1-8h-style-cvt-prezzo-reale-elettrica-benzina-rosso-cat_ma70mo2052-e27c4d7e-5b6b-4a95-b8f5-cafbdaafb9e0,19990,7,2019,50000,automatico,Ibrido,122,Style,Middle,1.8 Hybrid,Rivenditore,208,busto arsizio,21052,Lombardia,Nord-ovest
Toyota Corolla Touring Sports 1.8 Hybrid Business,https://www.autoscout24.it/annunci/toyota-corolla-touring-sports-1-8-hybrid-business-elettrica-benzina-bianco-cat_ma70mo2052-3167f013-4cf7-4044-83a1-b2e8fb2cdb6a,19800,3,2023,93051,automatico,Ibrido,122,Business,Base,1.8 Hybrid,Rivenditore,186,novi ligure,15067,Piemonte,Nord-ovest
Toyota Corolla (2018-->) Touring Sports 1.8 Hybrid Style,https://www.autoscout24.it/annunci/toyota-corolla-2018-touring-sports-1-8-hybrid-style-elettrica-benzina-grigio-cat_ma70mo2052-b9b1ffca-de50-4dbe-860d-c81d446fb8a5,19900,4,2022,99397,automatico,Ibrido,122,Style,Middle,1.8 Hybrid,Rivenditore,142,montebelluna,31044,Veneto,Nord-est
Toyota Corolla Corolla Touring Sports 1.8h Business cvt,https://www.autoscout24.it/annunci/toyota-corolla-corolla-touring-sports-1-8h-business-cvt-elettrica-benzina-bianco-cat_ma70mo2052-a6604abc-84f9-41f0-8ff9-f5220d7c03f6,19500,5,2021,71000,automatico,Ibrido,122,Business,Base,1.8 Hybrid,Privato,326,roma,172,Lazio,Centro
Toyota Corolla 2.0h Lounge cvt,https://www.autoscout24.it/annunci/toyota-corolla-2-0h-lounge-cvt-elettrica-benzina-cat_ma70mo2052-5b8ab65c-316d-4902-a098-8d8388d6ae6d,20000,5,2021,95000,automatico,Ibrido,122,Lounge,Middle,2.0 Hybrid,Privato,914,siracusa,96100,Sicilia,Isole
Toyota Corolla TS 1.8 Hybrid Business Tech,https://www.autoscout24.it/annunci/toyota-corolla-ts-1-8-hybrid-business-tech-elettrica-benzina-nero-cat_ma70mo2052-89d61ce8-0f25-4cd1-b943-bc4e1dca9578,19800,4,2022,75000,automatico,Ibrido,122,Business,Base,1.8 Hybrid,Rivenditore,120,santorso,36014,Veneto,Nord-est
Toyota Corolla Touring Sports 1.8 VVT-i Hybrid Active,https://www.autoscout24.it/annunci/toyota-corolla-touring-sports-1-8-vvt-i-hybrid-active-elettrica-benzina-bianco-cat_ma70mo2052-d4f4c79d-c549-4335-bca2-f729c98a7182,19900,3,2023,110045,automatico,Ibrido,122,Active,Base,1.8 Hybrid,Rivenditore,307,mosciano sant angelo,64023,Abruzzo,Sud
Toyota Corolla Active 1.8 Hybrid TS,https://www.autoscout24.it/annunci/toyota-corolla-active-1-8-hybrid-ts-elettrica-benzina-bianco-cat_ma70mo2052-96e0d511-7769-4caf-9adc-d4803116927c,19890,3,2023,103909,automatico,Ibrido,122,Active,Base,1.8 Hybrid,Rivenditore,572,trani,76125,Puglia,Sud
Toyota Corolla TS 1.8 HYBRID ACTIVE MY23 AUTO STATION WAGON,https://www.autoscout24.it/annunci/toyota-corolla-ts-1-8-hybrid-active-my23-auto-station-wagon-elettrica-benzina-cat_ma70mo2052-c19d0a00-6216-4eb4-84bb-bfe8a0c678f6,19950,3,2023,118908,automatico,Ibrido,122,Active,Base,1.8 Hybrid,Rivenditore,160,bagnaria,27050,Lombardia,Nord-ovest
Toyota Corolla 1.8h Business cvt,https://www.autoscout24.it/annunci/toyota-corolla-1-8h-business-cvt-elettrica-benzina-blu-azzurro-cat_ma70mo2052-89eefa5f-af29-4362-893b-be845d7781ad,19400,4,2022,70143,automatico,Ibrido,122,Business,Base,1.8 Hybrid,Rivenditore,65,parma,43126,Emilia-Romagna,Nord-est
Toyota Corolla 1.8 Hybrid Style,https://www.autoscout24.it/annunci/toyota-corolla-1-8-hybrid-style-elettrica-benzina-rosso-cat_ma70mo2052-6e32a0f7-b8e6-438d-90d1-4632f2079b1f,19900,7,2019,79513,automatico,Ibrido,122,Style,Middle,1.8 Hybrid,Rivenditore,798,gioia tauro,89013,Calabria,Sud
Toyota Corolla 1.8 Hybrid Style,https://www.autoscout24.it/annunci/toyota-corolla-1-8-hybrid-style-elettrica-benzina-bronzo-cat_ma70mo2052-a9b6ae2c-2ac7-4b59-8721-d5cf0419e7e2,20900,4,2022,91074,automatico,Ibrido,122,Style,Middle,1.8 Hybrid,Rivenditore,222,varese,21100,Lombardia,Nord-ovest
Toyota Corolla Active 1.8 Hybrid Tech Touring Sports*PREZZO REALE,https://www.autoscout24.it/annunci/toyota-corolla-active-1-8-hybrid-tech-touring-sports-prezzo-reale-elettrica-benzina-rosso-cat_ma70mo2052-1cec9cd5-60f7-4d52-a094-a0f5452d11ca,20800,4,2022,50000,automatico,Ibrido,122,Active,Base,1.8 Hybrid,Rivenditore,177,villasanta,20852,Lombardia,Nord-ovest
Toyota Corolla 2.0h Style cvt,https://www.autoscout24.it/annunci/toyota-corolla-2-0h-style-cvt-elettrica-benzina-nero-cat_ma70mo2052-6060afd6-f547-4663-b6e0-59da33b5d6a5,20900,5,2021,70450,automatico,Ibrido,122,Style,Middle,2.0 Hybrid,Rivenditore,103,vicenza,36100,Veneto,Nord-est
Toyota Corolla 2.0h Style cvt,https://www.autoscout24.it/annunci/toyota-corolla-2-0h-style-cvt-elettrica-benzina-bronzo-cat_ma70mo2052-56b953d4-c48e-4c8e-a64f-6eeba39a943a,20900,6,2020,29000,automatico,Ibrido,122,Style,Middle,2.0 Hybrid,Rivenditore,492,apollosa,82030,Campania,Sud
Toyota Corolla Corolla Touring Sports 1.8 Hybrid 122cv Business cvt,https://www.autoscout24.it/annunci/toyota-corolla-corolla-touring-sports-1-8-hybrid-122cv-business-cvt-elettrica-benzina-bianco-cat_ma70mo2052-62f1b9dc-983c-4947-a899-39ed3c1af778,20700,5,2021,51700,automatico,Ibrido,122,Business,Base,1.8 Hybrid,Rivenditore,169,villa d alme,24018,Lombardia,Nord-ovest
Toyota Corolla Touring Sports 1.8h Business cvt,https://www.autoscout24.it/annunci/toyota-corolla-touring-sports-1-8h-business-cvt-elettrica-benzina-cat_ma70mo2052-dde89a39-78f7-41b9-a9b3-138c679da2b9,20500,5,2021,52200,automatico,Ibrido,122,Business,Base,1.8 Hybrid,Privato,92,sesto fiorentino,50019,Toscana,Centro
Toyota Corolla Corolla XII 2019 Touring Sports Touring Sports 2.0h Lounge cvt,https://www.autoscout24.it/annunci/toyota-corolla-corolla-xii-2019-touring-sports-touring-sports-2-0h-lounge-cvt-elettrica-benzina-argento-cat_ma70mo2052-7750b9a0-1a63-487b-851d-0827fa7f0080,21000,5,2021,97000,automatico,Ibrido,122,Lounge,Middle,2.0 Hybrid,Privato,131,bassano grappa,36061,Veneto,Nord-est
Toyota Corolla Hybrid Active,https://www.autoscout24.it/annunci/toyota-corolla-hybrid-active-elettrica-benzina-cat_ma70mo2052-0c3167d4-0a5a-4618-9a17-43f830e5349c,21900,5,2021,59780,automatico,Ibrido,122,Active,Base,1.8 Hybrid,Rivenditore,326,roma,191,Lazio,Centro
Toyota Corolla 2.0 Hybrid Style CVT,https://www.autoscout24.it/annunci/toyota-corolla-2-0-hybrid-style-cvt-elettrica-benzina-cat_ma70mo2052-3d93c7c5-6e40-4114-ad60-77d8133297dd,21990,6,2020,25866,automatico,Ibrido,122,Style,Middle,2.0 Hybrid,Rivenditore,25,bologna,40138,Emilia-Romagna,Nord-est
Toyota Corolla Corolla Cross Cross 2.0h Lounge Light awd-i 197cv,https://www.autoscout24.it/annunci/toyota-corolla-corolla-cross-cross-2-0h-lounge-light-awd-i-197cv-elettrica-benzina-argento-cat_ma70mo2052-493fb352-0b8e-44d3-864f-d2a3640684ac,21900,4,2022,135000,automatico,Ibrido,122,Lounge,Middle,2.0 Hybrid,Privato,476,caserta,81100,Campania,Sud
Toyota Corolla Corolla XII 2023 1.8h Active Tech auto,https://www.autoscout24.it/annunci/toyota-corolla-corolla-xii-2023-1-8h-active-tech-auto-elettrica-benzina-bianco-cat_ma70mo2052-dd1fe456-7160-4e73-b1d7-be5eceb32aae,21800,2,2024,40000,automatico,Ibrido,122,Active,Base,1.8 Hybrid,Privato,326,roma,148,Lazio,Centro
Toyota Corolla Corolla XII 2019 Touring SportsTouring Sports 2.0h Trek cvt,https://www.autoscout24.it/annunci/toyota-corolla-corolla-xii-2019-touring-sportstouring-sports-2-0h-trek-cvt-elettrica-benzina-cat_ma70mo2052-84021c40-1083-4d9a-bc3c-78d939fb1f22,21500,6,2020,100000,automatico,Ibrido,122,Trek,Middle,2.0 Hybrid,Privato,16,modena,41126,Emilia-Romagna,Nord-est
Toyota Corolla Corolla XII 1.8h Style cvt,https://www.autoscout24.it/annunci/toyota-corolla-corolla-xii-1-8h-style-cvt-elettrica-benzina-grigio-cat_ma70mo2052-07812d72-e4e9-4ba0-9452-af5b333cfb59,21500,4,2022,50000,automatico,Ibrido,122,Style,Middle,1.8 Hybrid,Rivenditore,162,bergamo,24126,Lombardia,Nord-ovest
Toyota Corolla Touring Sports 1.8h Active cvt,https://www.autoscout24.it/annunci/toyota-corolla-touring-sports-1-8h-active-cvt-elettrica-benzina-cat_ma70mo2052-a8edfeed-2b5e-493a-8bcf-698cc99bacfc,22000,4,2022,40000,automatico,Ibrido,122,Active,Base,1.8 Hybrid,Privato,265,mondovi,12084,Piemonte,Nord-ovest
Toyota Corolla Corolla XII 2019 1.8h Style cvt,https://www.autoscout24.it/annunci/toyota-corolla-corolla-xii-2019-1-8h-style-cvt-elettrica-benzina-bianco-cat_ma70mo2052-ca180cc6-cc63-40fe-89af-141f6af3ec11,21400,5,2021,30000,automatico,Ibrido,122,Style,Middle,1.8 Hybrid,Privato,383,latina,4100,Lazio,Centro
Toyota Corolla 1.8h Active cvt,https://www.autoscout24.it/annunci/toyota-corolla-1-8h-active-cvt-elettrica-benzina-blu-azzurro-cat_ma70mo2052-261e8456-1608-431e-baae-c714baf1586d,21900,4,2022,64500,automatico,Ibrido,122,Active,Base,1.8 Hybrid,Rivenditore,103,vicenza,36100,Veneto,Nord-est
Toyota Corolla 1.8 Hybrid Style,https://www.autoscout24.it/annunci/toyota-corolla-1-8-hybrid-style-elettrica-benzina-grigio-cat_ma70mo2052-346ba58a-f0c4-4eea-bbe2-96603e8a309e,21500,4,2022,47500,automatico,Ibrido,122,Style,Middle,1.8 Hybrid,Rivenditore,171,almenno san bartolomeo,24030,Lombardia,Nord-ovest
Toyota Corolla touring sports 1.8h active auto,https://www.autoscout24.it/annunci/toyota-corolla-touring-sports-1-8h-active-auto-elettrica-benzina-bianco-cat_ma70mo2052-323b9bd3-2233-491e-abb9-ebc03bde0419,21900,3,2023,104153,automatico,Ibrido,122,Active,Base,1.8 Hybrid,Rivenditore,116,borgoricco,35010,Veneto,Nord-est
Toyota Corolla Corolla Touring Sports 2.0h Style cvt,https://www.autoscout24.it/annunci/toyota-corolla-corolla-touring-sports-2-0h-style-cvt-elettrica-benzina-bronzo-cat_ma70mo2052-c3f723b6-d3ca-46d5-a64e-8a06c596adea,22400,6,2020,53972,automatico,Ibrido,122,Style,Middle,2.0 Hybrid,Rivenditore,222,varese,21100,Lombardia,Nord-ovest
Toyota Corolla 2.0h Lounge cvt,https://www.autoscout24.it/annunci/toyota-corolla-2-0h-lounge-cvt-elettrica-benzina-bronzo-cat_ma70mo2052-83e9b371-55a5-4034-9819-18c8447c972d,23000,5,2021,125000,automatico,Ibrido,122,Lounge,Middle,2.0 Hybrid,Privato,99,piove sacco,35028,Veneto,Nord-est
Toyota Corolla Corolla Touring Sports 1.8h Business cvt - GARANZIA TOYOTA FINO A 15 ANNI!!!,https://www.autoscout24.it/annunci/toyota-corolla-corolla-touring-sports-1-8h-business-cvt-garanzia-toyota-fino-a-15-anni-elettrica-benzina-argento-cat_ma70mo2052-f323c2f8-c0bf-4ae9-83a8-bb0163b71c5f,22200,4,2022,40000,automatico,Ibrido,122,Business,Base,1.8 Hybrid,Rivenditore,239,bordano,33010,Friuli-Venezia Giulia,Nord-est
Toyota Corolla 1.8 Hybrid Style,https://www.autoscout24.it/annunci/toyota-corolla-1-8-hybrid-style-elettrica-benzina-rosso-cat_ma70mo2052-37262779-0768-46fd-a460-e926db7ca24d,22900,4,2022,66130,automatico,Ibrido,122,Style,Middle,1.8 Hybrid,Rivenditore,97,altavilla vicentina,36077,Veneto,Nord-est
Toyota Corolla Touring Sports 1.8 VVT-i Hybrid Active CVT,https://www.autoscout24.it/annunci/toyota-corolla-touring-sports-1-8-vvt-i-hybrid-active-cvt-elettrica-benzina-cat_ma70mo2052-cd560870-f3d4-40d5-88d2-8390c56aacfa,22490,3,2023,73189,automatico,Ibrido,122,Active,Base,1.8 Hybrid,Rivenditore,42,ferrara,44124,Emilia-Romagna,Nord-est
Toyota Corolla Touring Sports 1.8 Hybrid Active,https://www.autoscout24.it/annunci/toyota-corolla-touring-sports-1-8-hybrid-active-elettrica-benzina-bianco-cat_ma70mo2052-e458ff03-bef8-47ba-ae79-ea662170f60c,22500,4,2022,41866,automatico,Ibrido,122,Active,Base,1.8 Hybrid,Rivenditore,326,roma,159,Lazio,Centro
Toyota Corolla touring sports 1.8h active auto,https://www.autoscout24.it/annunci/toyota-corolla-touring-sports-1-8h-active-auto-elettrica-benzina-bianco-cat_ma70mo2052-09770873-a3d4-4df7-85f0-ff0a9e070f32,22900,3,2023,78968,automatico,Ibrido,122,Active,Base,1.8 Hybrid,Rivenditore,116,borgoricco,35010,Veneto,Nord-est
Toyota Corolla My 2023 Touring Sports 1.8 hybrid Active,https://www.autoscout24.it/annunci/toyota-corolla-my-2023-touring-sports-1-8-hybrid-active-elettrica-benzina-bianco-cat_ma70mo2052-dbf1bd44-0666-4411-95cc-d60b519f2b06,22990,3,2023,83000,automatico,Ibrido,122,Active,Base,1.8 Hybrid,Rivenditore,208,busto arsizio,21052,Lombardia,Nord-ovest
Toyota Corolla touring sports 1.8h active auto,https://www.autoscout24.it/annunci/toyota-corolla-touring-sports-1-8h-active-auto-elettrica-benzina-bianco-cat_ma70mo2052-269e74e0-482e-4661-9ca2-4c745548ed2e,22900,3,2023,79717,automatico,Ibrido,122,Active,Base,1.8 Hybrid,Rivenditore,116,borgoricco,35010,Veneto,Nord-est
Toyota Corolla touring sports 1.8h active auto,https://www.autoscout24.it/annunci/toyota-corolla-touring-sports-1-8h-active-auto-elettrica-benzina-bianco-cat_ma70mo2052-9c8b2fb7-87d6-4c56-9030-bbd06bb167c0,22900,3,2023,90875,automatico,Ibrido,122,Active,Base,1.8 Hybrid,Rivenditore,116,borgoricco,35010,Veneto,Nord-est
Toyota Corolla touring sports 1.8h active auto,https://www.autoscout24.it/annunci/toyota-corolla-touring-sports-1-8h-active-auto-elettrica-benzina-bianco-cat_ma70mo2052-be369174-55bd-4f2b-b8ed-b47cc609200d,22900,3,2023,88334,automatico,Ibrido,122,Active,Base,1.8 Hybrid,Rivenditore,116,borgoricco,35010,Veneto,Nord-est
Toyota Corolla touring sports 1.8h active auto,https://www.autoscout24.it/annunci/toyota-corolla-touring-sports-1-8h-active-auto-elettrica-benzina-bianco-cat_ma70mo2052-a499d6de-1eed-4f2e-95d6-ba6a5a94a22a,22900,3,2023,82891,automatico,Ibrido,122,Active,Base,1.8 Hybrid,Rivenditore,116,borgoricco,35010,Veneto,Nord-est
Toyota Corolla Touring Sports 2.0 Hybrid Style CVT,https://www.autoscout24.it/annunci/toyota-corolla-touring-sports-2-0-hybrid-style-cvt-elettrica-benzina-cat_ma70mo2052-21779689-0343-4fd5-b45c-2e3edb457e27,23990,4,2022,76158,automatico,Ibrido,122,Style,Middle,2.0 Hybrid,Rivenditore,42,ferrara,44124,Emilia-Romagna,Nord-est
Toyota Corolla 1.8 MY23 Touring Sports ACTIVE Restyling Hybrid,https://www.autoscout24.it/annunci/toyota-corolla-1-8-my23-touring-sports-active-restyling-hybrid-elettrica-benzina-argento-cat_ma70mo2052-0bf65f1e-cfe8-4a81-9a83-e520296b380e,23600,2,2024,70000,automatico,Ibrido,122,Active,Base,1.8 Hybrid,Rivenditore,177,milano,20121,Lombardia,Nord-ovest
Toyota Corolla Corolla XII 2019 2.0h GR Sport cvt,https://www.autoscout24.it/annunci/toyota-corolla-corolla-xii-2019-2-0h-gr-sport-cvt-elettrica-benzina-argento-cat_ma70mo2052-05bf9096-7207-4818-af82-f778248d29de,25000,3,2023,15000,automatico,Ibrido,122,GR Sport,Sport,2.0 Hybrid,Privato,140,livorno,57124,Toscana,Centro
Toyota Corolla Corolla XII 2023 Touring Sports Touring Sports 2.0h GR Sport auto,https://www.autoscout24.it/annunci/toyota-corolla-corolla-xii-2023-touring-sports-touring-sports-2-0h-gr-sport-auto-elettrica-benzina-grigio-cat_ma70mo2052-428e7cca-d43b-4e48-b33a-e8d102a630e9,24500,3,2023,67000,automatico,Ibrido,122,GR Sport,Sport,2.0 Hybrid,Privato,163,conegliano,31015,Veneto,Nord-est
Toyota Corolla 1.8h GR Sport auto,https://www.autoscout24.it/annunci/toyota-corolla-1-8h-gr-sport-auto-elettrica-benzina-cat_ma70mo2052-5b93eb35-07f5-4312-ad47-1432055fbfbd,25000,3,2023,50000,automatico,Ibrido,122,GR Sport,Sport,1.8 Hybrid,Privato,288,rivoli,10098,Piemonte,Nord-ovest
Toyota Corolla Corolla CrossCross 1.8h Trend fwd 140cv e-cvt,https://www.autoscout24.it/annunci/toyota-corolla-corolla-crosscross-1-8h-trend-fwd-140cv-e-cvt-elettrica-benzina-blu-azzurro-cat_ma70mo2052-12cde2e1-0479-453c-9190-2ad7f0d7bd51,25000,3,2023,40200,automatico,Ibrido,122,Trend,Middle,1.8 Hybrid,Privato,326,roma,143,Lazio,Centro
Toyota Corolla Corolla Cross Cross 2.0h Trend fwd 197cv e-cvt,https://www.autoscout24.it/annunci/toyota-corolla-corolla-cross-cross-2-0h-trend-fwd-197cv-e-cvt-elettrica-benzina-blu-azzurro-cat_ma70mo2052-651bdcfe-3e2b-440e-b1a2-e6f1595a87dd,24200,3,2023,86700,automatico,Ibrido,122,Trend,Middle,2.0 Hybrid,Rivenditore,326,roma,191,Lazio,Centro
Toyota Corolla Corolla Cross Cross 1.8h Lounge fwd 140cv e-cvt,https://www.autoscout24.it/annunci/toyota-corolla-corolla-cross-cross-1-8h-lounge-fwd-140cv-e-cvt-elettrica-benzina-grigio-cat_ma70mo2052-93d48560-4041-44f7-b735-c48f79ac5b03,25000,3,2023,80000,automatico,Ibrido,122,Lounge,Middle,1.8 Hybrid,Privato,5,san giovanni persiceto,40017,Emilia-Romagna,Nord-est
Toyota Corolla Corolla XII 2023 1.8h GR Sport bi-tone auto,https://www.autoscout24.it/annunci/toyota-corolla-corolla-xii-2023-1-8h-gr-sport-bi-tone-auto-elettrica-benzina-bianco-cat_ma70mo2052-90d3e7bd-8f2a-4d05-9013-0d6c31d6b628,25000,3,2023,48000,automatico,Ibrido,122,GR Sport,Sport,1.8 Hybrid,Privato,326,roma,139,Lazio,Centro
Toyota Corolla 1.8h gr sport auto,https://www.autoscout24.it/annunci/toyota-corolla-1-8h-gr-sport-auto-elettrica-benzina-grigio-cat_ma70mo2052-2791f13b-9ba6-4716-900c-15e1ad9b70e9,24900,3,2023,78541,automatico,Ibrido,122,GR Sport,Sport,1.8 Hybrid,Rivenditore,116,borgoricco,35010,Veneto,Nord-est
Toyota Corolla TS 1.8 HYBRID ACTIVE MY24 AUTO STATION WAGON,https://www.autoscout24.it/annunci/toyota-corolla-ts-1-8-hybrid-active-my24-auto-station-wagon-elettrica-benzina-cat_ma70mo2052-da44a2bf-a431-494c-a5c8-d03051ac810f,24950,1,2025,47819,automatico,Ibrido,122,Active,Base,1.8 Hybrid,Rivenditore,611,bari,70132,Puglia,Sud
Toyota Corolla Corolla Cross 2.0h Trend fwd 197cv e-cvt,https://www.autoscout24.it/annunci/toyota-corolla-corolla-cross-2-0h-trend-fwd-197cv-e-cvt-elettrica-benzina-grigio-cat_ma70mo2052-ee489fff-6758-47a1-9f13-e537d5eb9fb3,25900,3,2023,113000,automatico,Ibrido,122,Trend,Middle,2.0 Hybrid,Rivenditore,269,porto san giorgio,63822,Marche,Centro
Toyota Corolla Corolla 1.8h GR Sport bi-tone auto,https://www.autoscout24.it/annunci/toyota-corolla-corolla-1-8h-gr-sport-bi-tone-auto-elettrica-benzina-beige-cat_ma70mo2052-c5f9711e-6b93-4467-bb0a-350fee612aaa,26400,3,2023,32811,automatico,Ibrido,122,GR Sport,Sport,1.8 Hybrid,Rivenditore,259,bra,12042,Piemonte,Nord-ovest
Toyota Corolla Corolla Touring Sports 2.0h Style con Tetto Panoramico,https://www.autoscout24.it/annunci/toyota-corolla-corolla-touring-sports-2-0h-style-con-tetto-panoramico-elettrica-benzina-bronzo-cat_ma70mo2052-aed17dd0-9663-4e3c-b430-e2c0998a394b,26500,5,2021,8500,automatico,Ibrido,122,Style,Middle,2.0 Hybrid,Privato,793,milazzo,98057,Sicilia,Isole
Toyota Corolla Corolla Cross Cross 2.0h Trend fwd 197cv e-cvt,https://www.autoscout24.it/annunci/toyota-corolla-corolla-cross-cross-2-0h-trend-fwd-197cv-e-cvt-elettrica-benzina-argento-cat_ma70mo2052-e97f45e3-0c63-41b9-8b2a-29b99727fa48,27000,2,2024,42500,automatico,Ibrido,122,Trend,Middle,2.0 Hybrid,Privato,239,ceriale,17023,Liguria,Nord-ovest
Toyota Corolla 2.0 Hybrid 200 Trend,https://www.autoscout24.it/annunci/toyota-corolla-2-0-hybrid-200-trend-elettrica-benzina-grigio-cat_ma70mo2052-00dcbfa4-75a9-4ed3-b19d-1a7f33e1e37c,26466,4,2022,92575,automatico,Ibrido,122,Trend,Middle,2.0 Hybrid,Rivenditore,99,firenze,50127,Toscana,Centro
Toyota Corolla Corolla Cross Cross 2.0h Lounge Light fwd 197cv e-cvt,https://www.autoscout24.it/annunci/toyota-corolla-corolla-cross-cross-2-0h-lounge-light-fwd-197cv-e-cvt-elettrica-benzina-bianco-cat_ma70mo2052-53282627-4b83-4d75-b8b0-fbecc8802674,26900,3,2023,84600,automatico,Ibrido,122,Lounge,Middle,2.0 Hybrid,Rivenditore,326,roma,191,Lazio,Centro
Toyota Corolla touring sports 1.8h active auto,https://www.autoscout24.it/annunci/toyota-corolla-touring-sports-1-8h-active-auto-elettrica-benzina-bianco-cat_ma70mo2052-48053f32-38c4-450c-875c-a6da0fcdf910,26900,3,2023,73700,automatico,Ibrido,122,Active,Base,1.8 Hybrid,Rivenditore,116,borgoricco,35010,Veneto,Nord-est
Toyota Corolla 2.0h Lounge fwd 197cv e-cvt,https://www.autoscout24.it/annunci/toyota-corolla-2-0h-lounge-fwd-197cv-e-cvt-elettrica-benzina-blu-azzurro-cat_ma70mo2052-496cfe6d-576c-492c-97ef-a0a5843e806d,27900,3,2023,72228,automatico,Ibrido,122,Lounge,Middle,2.0 Hybrid,Rivenditore,205,como,22100,Lombardia,Nord-ovest
Toyota Corolla touring sports 1.8h gr sport auto,https://www.autoscout24.it/annunci/toyota-corolla-touring-sports-1-8h-gr-sport-auto-elettrica-benzina-blu-azzurro-cat_ma70mo2052-8672707e-a3f3-486f-8140-ce8a0b199e81,27900,2,2024,23245,automatico,Ibrido,122,GR Sport,Sport,1.8 Hybrid,Rivenditore,116,borgoricco,35010,Veneto,Nord-est
Toyota Corolla 2.0 Hybrid Lounge AWD,https://www.autoscout24.it/annunci/toyota-corolla-2-0-hybrid-lounge-awd-elettrica-benzina-nero-cat_ma70mo2052-86a508e1-c1aa-4d7b-a59e-2213cb000b1d,27900,3,2023,73846,automatico,Ibrido,122,Lounge,Middle,2.0 Hybrid,Rivenditore,222,varese,21100,Lombardia,Nord-ovest
Toyota Corolla 1.8h GR Sport auto,https://www.autoscout24.it/annunci/toyota-corolla-1-8h-gr-sport-auto-elettrica-benzina-blu-azzurro-cat_ma70mo2052-a24ba186-719b-4229-bf0b-f44dc8b06e0e,28990,2,2024,43000,automatico,Ibrido,122,GR Sport,Sport,1.8 Hybrid,Rivenditore,326,roma,166,Lazio,Centro
Toyota Corolla Corolla XII 2023 Touring Sports Touring Sports 2.0h GR Sport auto,https://www.autoscout24.it/annunci/toyota-corolla-corolla-xii-2023-touring-sports-touring-sports-2-0h-gr-sport-auto-elettrica-benzina-bianco-cat_ma70mo2052-e0b0ecc1-4d8f-4944-bfb2-6d2952d1c105,28900,2,2024,51500,automatico,Ibrido,122,GR Sport,Sport,2.0 Hybrid,Privato,266,fermo,63900,Marche,Centro
Toyota Corolla 2.0h Lounge fwd 197cv e-cvt,https://www.autoscout24.it/annunci/toyota-corolla-2-0h-lounge-fwd-197cv-e-cvt-elettrica-benzina-rosso-cat_ma70mo2052-738444a6-54b6-456d-861a-686055992596,28500,3,2023,27694,automatico,Ibrido,122,Lounge,Middle,2.0 Hybrid,Rivenditore,276,torino,10154,Piemonte,Nord-ovest
Toyota Corolla Corolla Cross Cross 2.0h Lounge fwd 197cv e-cvt,https://www.autoscout24.it/annunci/toyota-corolla-corolla-cross-cross-2-0h-lounge-fwd-197cv-e-cvt-elettrica-benzina-cat_ma70mo2052-8dbefd8e-f1ec-4844-a72f-1cb927559690,28400,2,2024,50000,automatico,Ibrido,122,Lounge,Middle,2.0 Hybrid,Rivenditore,190,garbagnate milanese,20024,Lombardia,Nord-ovest
Toyota Corolla 1.8h Active auto,https://www.autoscout24.it/annunci/toyota-corolla-1-8h-active-auto-elettrica-benzina-rosso-cat_ma70mo2052-1304c495-86ab-475c-a9de-2d2ccf01c47b,29000,0,2026,10,automatico,Ibrido,122,Active,Base,1.8 Hybrid,Rivenditore,178,monza,20900,Lombardia,Nord-ovest
Toyota Corolla Corolla Cross Cross 2.0h Trend fwd 197cv e-cvt,https://www.autoscout24.it/annunci/toyota-corolla-corolla-cross-cross-2-0h-trend-fwd-197cv-e-cvt-elettrica-benzina-argento-cat_ma70mo2052-c5bb7f7e-69d5-4eb5-8b0f-d2df08b59adc,29000,2,2024,49153,automatico,Ibrido,122,Trend,Middle,2.0 Hybrid,Rivenditore,166,peschiera borromeo,20068,Lombardia,Nord-ovest
Toyota Corolla Corolla Touring Sports 1.8 Active,https://www.autoscout24.it/annunci/toyota-corolla-corolla-touring-sports-1-8-active-elettrica-benzina-cat_ma70mo2052-66a26b99-c936-4bb4-96a4-667cb3d98427,29700,0,2026,10,automatico,Ibrido,122,Active,Base,1.8 Hybrid,Rivenditore,185,castello brianza,23884,Lombardia,Nord-ovest
Toyota Corolla 1.8h Active auto,https://www.autoscout24.it/annunci/toyota-corolla-1-8h-active-auto-elettrica-benzina-argento-cat_ma70mo2052-7d480503-4112-46fa-adfd-13abc81f398d,29500,0,2026,10,automatico,Ibrido,122,Active,Base,1.8 Hybrid,Rivenditore,178,monza,20900,Lombardia,Nord-ovest
Toyota Corolla touring sports 1.8h active auto,https://www.autoscout24.it/annunci/toyota-corolla-touring-sports-1-8h-active-auto-elettrica-benzina-grigio-cat_ma70mo2052-af89bcf5-0dc5-4cd6-a5a3-eb17ce843dd5,29300,0,2026,10,automatico,Ibrido,122,Active,Base,1.8 Hybrid,Rivenditore,116,borgoricco,35010,Veneto,Nord-est
Toyota Corolla Corolla Cross Cross 2.0h Trend awd-i 197cv e-cvt,https://www.autoscout24.it/annunci/toyota-corolla-corolla-cross-cross-2-0h-trend-awd-i-197cv-e-cvt-elettrica-benzina-cat_ma70mo2052-e72652fa-1c0e-420e-99c0-97513dbcd0f4,29900,2,2024,46000,automatico,Ibrido,122,Trend,Middle,2.0 Hybrid,Rivenditore,177,milano,20126,Lombardia,Nord-ovest
Toyota Corolla Corolla 1.8h Active auto,https://www.autoscout24.it/annunci/toyota-corolla-corolla-1-8h-active-auto-elettrica-benzina-argento-cat_ma70mo2052-28fae33f-8f6f-40b9-bb53-e54e9d57c642,29500,0,2026,1,automatico,Ibrido,122,Active,Base,1.8 Hybrid,Rivenditore,177,villasanta,20852,Lombardia,Nord-ovest
Toyota Corolla 1.8h Active auto,https://www.autoscout24.it/annunci/toyota-corolla-1-8h-active-auto-elettrica-benzina-grigio-cat_ma70mo2052-135cc74a-0e75-4231-8f31-622a063cd483,29500,0,2026,10,automatico,Ibrido,122,Active,Base,1.8 Hybrid,Rivenditore,178,monza,20900,Lombardia,Nord-ovest
Toyota Corolla 1.8h Active auto,https://www.autoscout24.it/annunci/toyota-corolla-1-8h-active-auto-elettrica-benzina-grigio-cat_ma70mo2052-c2d1137a-a571-4386-94d6-0774d06d4eaa,29500,0,2026,10,automatico,Ibrido,122,Active,Base,1.8 Hybrid,Rivenditore,178,monza,20900,Lombardia,Nord-ovest
Toyota Corolla 1.8h Active auto,https://www.autoscout24.it/annunci/toyota-corolla-1-8h-active-auto-elettrica-benzina-grigio-cat_ma70mo2052-6dde7e63-49e9-4f31-a268-246883ee4ed2,29500,0,2026,10,automatico,Ibrido,122,Active,Base,1.8 Hybrid,Rivenditore,178,monza,20900,Lombardia,Nord-ovest
Toyota Corolla Touring Sports Touring Sports 1.8h Active auto,https://www.autoscout24.it/annunci/toyota-corolla-touring-sports-touring-sports-1-8h-active-auto-elettrica-benzina-grigio-cat_ma70mo2052-4814ca68-9606-4b59-a893-347f547d9a0a,29900,0,2026,10,automatico,Ibrido,122,Active,Base,1.8 Hybrid,Rivenditore,189,cesano maderno,20811,Lombardia,Nord-ovest
TOYOTA Corolla Touring Sports 2.0 Hybrid Business,https://www.automobile.it/rho-toyota-corolla-touring-sports-2-0-hybrid-business/180958474,17400,5,2021,106400,automatico,Ibrido,184,Business,Base,2.0 Hybrid,Rivenditore,190,rho,20017,Lombardia,Nord-ovest
TOYOTA Corolla Touring Sports 1.8 Hybrid Business,https://www.automobile.it/feltre-toyota-corolla-touring-sports-1-8-hybrid-business/180594832,17800,5,2021,73000,automatico,Ibrido,122,Business,Base,1.8 Hybrid,Rivenditore,162,feltre,32032,Veneto,Nord-est
Toyota Corolla 1.8 Hybrid Active,https://www.automobile.it/torino-toyota-corolla-1-8-hybrid-active/176550923,17500,7,2019,25000,automatico,Ibrido,122,Active,Base,1.8 Hybrid,Rivenditore,276,torino,10121,Piemonte,Nord-ovest
TOYOTA Corolla 1.8 Hybrid Business,https://www.automobile.it/pieve-soligo-toyota-corolla-1-8-hybrid-business/179909161,21400,5,2021,66800,automatico,Ibrido,122,Business,Base,1.8 Hybrid,Rivenditore,159,pieve soligo,31053,Veneto,Nord-est
TOYOTA Corolla 1.8 Hybrid Active,https://www.automobile.it/cagliari-toyota-corolla-1-8-hybrid-active/175661923,19800,7,2019,54600,automatico,Ibrido,122,Active,Base,1.8 Hybrid,Rivenditore,628,cagliari,9121,Sardegna,Isole
TOYOTA Corolla 2.0 Hybrid Style,https://www.automobile.it/cagliari-toyota-corolla-2-0-hybrid-style/175856822,21400,7,2019,48600,automatico,Ibrido,184,Style,Middle,2.0 Hybrid,Rivenditore,628,cagliari,9121,Sardegna,Isole
Toyota Corolla Touring Sports 2.0 Hybrid Lounge - FY177,https://www.automobile.it/asti-toyota-corolla-touring-sports-2-0-hybrid-lounge-fy177/178721812,22900,7,2019,25767,automatico,Ibrido,184,Lounge,Middle,2.0 Hybrid,Rivenditore,233,asti,14100,Piemonte,Nord-ovest
TOYOTA Corolla Touring Sports 1.8 Hybrid Active,https://www.automobile.it/cagliari-toyota-corolla-touring-sports-1-8-hybrid-active/175299911,21000,7,2019,69681,automatico,Ibrido,122,Active,Base,1.8 Hybrid,Rivenditore,628,cagliari,9121,Sardegna,Isole
TOYOTA Corolla 1.8 Hybrid Active del 2022,https://www.automobile.it/pesaro-toyota-corolla-1-8-hybrid-active-2022/175941936,23900,4,2022,25000,automatico,Benzina,122,Active,Base,1.8 Hybrid,Rivenditore,164,pesaro,61121,Marche,Centro
TOYOTA Corolla 1.8 Hybrid Style,https://www.automobile.it/cagliari-toyota-corolla-1-8-hybrid-style/174544774,21900,7,2019,60905,automatico,Ibrido,122,Style,Middle,1.8 Hybrid,Rivenditore,628,cagliari,9121,Sardegna,Isole
Toyota Corolla Touring Sports 1.8 Hybrid Style,https://www.automobile.it/vicenza-toyota-corolla-touring-sports-1-8-hybrid-style/184547346,8800,3,2023,130000,automatico,Ibrido,122,Style,Middle,1.8 Hybrid,Rivenditore,103,vicenza,36100,Veneto,Nord-est
Toyota Corolla Touring Sports 1.8 Hybrid Active,https://www.automobile.it/santa-marinella-toyota-corolla-touring-sports-1-8-hybrid-active/183817009,12500,7,2019,159000,automatico,Ibrido,122,Active,Base,1.8 Hybrid,Rivenditore,298,santa marinella,58,Lazio,Centro
Toyota Corolla 1.8 Hybrid Style GARANZIA 12 MESI,https://www.automobile.it/forli-toyota-corolla-1-8-hybrid-style-garanzia-12-mesi/184648553,13500,6,2020,153000,automatico,Ibrido,122,Style,Middle,1.8 Hybrid,Rivenditore,87,forli,47121,Emilia-Romagna,Nord-est
Toyota Corolla Touring Sports 1.8 Hybrid Style,https://www.automobile.it/striano-toyota-corolla-touring-sports-1-8-hybrid-style/184652514,14600,5,2021,140602,automatico,Ibrido,122,Style,Middle,1.8 Hybrid,Rivenditore,512,striano,80040,Campania,Sud
TOYOTA Corolla 2.0 Hybrid Style,https://www.automobile.it/sassari-toyota-corolla-2-0-hybrid-style/184651262,14799,7,2019,117474,automatico,Ibrido,184,Style,Middle,2.0 Hybrid,Rivenditore,485,sassari,7100,Sardegna,Isole
TOYOTA Corolla 2.0 Hybrid Style,https://www.automobile.it/cagliari-toyota-corolla-2-0-hybrid-style/184652007,14799,7,2019,117474,automatico,Ibrido,184,Style,Middle,2.0 Hybrid,Rivenditore,628,cagliari,9121,Sardegna,Isole
TOYOTA Corolla 2.0 Hybrid Style,https://www.automobile.it/beinasco-toyota-corolla-2-0-hybrid-style/184650978,14799,7,2019,117474,automatico,Ibrido,184,Style,Middle,2.0 Hybrid,Rivenditore,283,beinasco,10092,Piemonte,Nord-ovest
TOYOTA Corolla 2.0 Hybrid Style,https://www.automobile.it/firenze-toyota-corolla-2-0-hybrid-style/184650928,14799,7,2019,117474,automatico,Ibrido,184,Style,Middle,2.0 Hybrid,Rivenditore,99,firenze,50121,Toscana,Centro
TOYOTA Corolla 2.0 Hybrid Style,https://www.automobile.it/palermo-toyota-corolla-2-0-hybrid-style/184651671,14799,7,2019,117474,automatico,Ibrido,184,Style,Middle,2.0 Hybrid,Rivenditore,750,palermo,90121,Sicilia,Isole
TOYOTA Corolla 2.0 Hybrid Style,https://www.automobile.it/roma-toyota-corolla-2-0-hybrid-style/184652114,14799,7,2019,117474,automatico,Ibrido,184,Style,Middle,2.0 Hybrid,Rivenditore,326,roma,118,Lazio,Centro
Toyota Corolla Touring Sports 1.8 Hybrid Business,https://www.automobile.it/nova-milanese-toyota-corolla-touring-sports-1-8-hybrid-business/184259841,14900,7,2019,135000,automatico,Ibrido,122,Business,Base,1.8 Hybrid,Rivenditore,183,nova milanese,20834,Lombardia,Nord-ovest
Toyota Corolla 2.0 Hybrid Lounge,https://www.automobile.it/brugherio-toyota-corolla-2-0-hybrid-lounge/184589867,14900,7,2019,158000,automatico,Ibrido,184,Lounge,Middle,2.0 Hybrid,Rivenditore,174,brugherio,20861,Lombardia,Nord-ovest
Toyota Corolla Hybrid Business Tech BR968390 1.8 Full Hybrid 122CV,https://www.automobile.it/cinisello-balsamo-toyota-corolla-hybrid-business-tech-br968390-1-8-full-hybrid-122cv/184546038,15090,5,2021,119003,automatico,Ibrido,122,Business,Base,1.8 Hybrid,Rivenditore,180,cinisello balsamo,20092,Lombardia,Nord-ovest
Toyota Corolla Hybrid Business Tech BR968390 1.8 Full Hybrid 122CV,https://www.automobile.it/reggio-emilia-toyota-corolla-hybrid-business-tech-br968390-1-8-full-hybrid-122cv/184546042,15090,5,2021,119003,automatico,Ibrido,122,Business,Base,1.8 Hybrid,Rivenditore,40,reggio emilia,42121,Emilia-Romagna,Nord-est
TOYOTA Corolla 2.0 Hybrid Style,https://www.automobile.it/milano-toyota-corolla-2-0-hybrid-style/184641136,15199,7,2019,117474,automatico,Ibrido,184,Style,Middle,2.0 Hybrid,Rivenditore,177,milano,20121,Lombardia,Nord-ovest
TOYOTA Corolla 2.0 Hybrid Style,https://www.automobile.it/collesalvetti-toyota-corolla-2-0-hybrid-style/184639773,15199,7,2019,117474,automatico,Ibrido,184,Style,Middle,2.0 Hybrid,Rivenditore,130,collesalvetti,57014,Toscana,Centro
TOYOTA Corolla 2.0 Hybrid Style,https://www.automobile.it/bari-toyota-corolla-2-0-hybrid-style/184651112,15199,7,2019,117474,automatico,Ibrido,184,Style,Middle,2.0 Hybrid,Rivenditore,611,bari,70121,Puglia,Sud
TOYOTA Corolla Touring Sports 2.0 Hybrid Lounge,https://www.automobile.it/roma-toyota-corolla-touring-sports-2-0-hybrid-lounge/184471673,15299,7,2019,115000,automatico,Ibrido,184,Lounge,Middle,2.0 Hybrid,Rivenditore,326,roma,118,Lazio,Centro
Toyota Corolla 1.8 Hybrid Active,https://www.automobile.it/modena-toyota-corolla-1-8-hybrid-active/184541653,15500,4,2022,123246,automatico,Ibrido,122,Active,Base,1.8 Hybrid,Rivenditore,16,modena,41121,Emilia-Romagna,Nord-est
TOYOTA Corolla Touring Sports 1.8 Hybrid Style,https://www.automobile.it/treviso-toyota-corolla-touring-sports-1-8-hybrid-style/183821460,15600,7,2019,129000,automatico,Ibrido,122,Style,Middle,1.8 Hybrid,Rivenditore,141,treviso,31100,Veneto,Nord-est
Toyota Corolla TS Hybrid Active BR228959 1.8 Full Hybrid 122CV,https://www.automobile.it/cinisello-balsamo-toyota-corolla-ts-hybrid-active-br228959-1-8-full-hybrid-122cv/184535546,15690,4,2022,119126,automatico,Ibrido,122,Active,Base,1.8 Hybrid,Rivenditore,180,cinisello balsamo,20092,Lombardia,Nord-ovest
Toyota Corolla TS Hybrid Active BR228959 1.8 Full Hybrid 122CV,https://www.automobile.it/reggio-emilia-toyota-corolla-ts-hybrid-active-br228959-1-8-full-hybrid-122cv/184535542,15690,4,2022,119126,automatico,Ibrido,122,Active,Base,1.8 Hybrid,Rivenditore,40,reggio emilia,42121,Emilia-Romagna,Nord-est
Toyota Corolla TS Hybrid Business BR175018 1.8 Full Hybrid 122CV,https://www.automobile.it/cinisello-balsamo-toyota-corolla-ts-hybrid-business-br175018-1-8-full-hybrid-122cv/184528213,15790,4,2022,122849,automatico,Ibrido,122,Business,Base,1.8 Hybrid,Rivenditore,180,cinisello balsamo,20092,Lombardia,Nord-ovest
Toyota Corolla TS Hybrid Business BR175018 1.8 Full Hybrid 122CV,https://www.automobile.it/reggio-emilia-toyota-corolla-ts-hybrid-business-br175018-1-8-full-hybrid-122cv/184528200,15790,4,2022,122849,automatico,Ibrido,122,Business,Base,1.8 Hybrid,Rivenditore,40,reggio emilia,42121,Emilia-Romagna,Nord-est
Toyota Corolla 1.8 Hybrid Style PREZZO REALE SENZA VINCOLI,https://www.automobile.it/pomezia-toyota-corolla-1-8-hybrid-style-prezzo-reale-vincoli/184458122,15900,4,2022,116000,automatico,Ibrido,122,Style,Middle,1.8 Hybrid,Rivenditore,350,pomezia,71,Lazio,Centro
Toyota Corolla Touring Sports 1.8 Hybrid Business,https://www.automobile.it/roma-toyota-corolla-touring-sports-1-8-hybrid-business/184438098,15900,6,2020,111000,automatico,Ibrido,122,Business,Base,1.8 Hybrid,Rivenditore,326,roma,118,Lazio,Centro
Toyota Corolla TS Hybrid Business BR099596 1.8 Full Hybrid 122CV,https://www.automobile.it/cinisello-balsamo-toyota-corolla-ts-hybrid-business-br099596-1-8-full-hybrid-122cv/184554923,16190,4,2022,105007,automatico,Ibrido,122,Business,Base,1.8 Hybrid,Rivenditore,180,cinisello balsamo,20092,Lombardia,Nord-ovest
Toyota Corolla TS Hybrid Business BR979600 1.8 Full Hybrid 122CV,https://www.automobile.it/cinisello-balsamo-toyota-corolla-ts-hybrid-business-br979600-1-8-full-hybrid-122cv/184587019,16290,4,2022,120837,automatico,Ibrido,122,Business,Base,1.8 Hybrid,Rivenditore,180,cinisello balsamo,20092,Lombardia,Nord-ovest
Toyota Corolla TS Hybrid Business BR924602 1.8 Full Hybrid 122CV,https://www.automobile.it/cinisello-balsamo-toyota-corolla-ts-hybrid-business-br924602-1-8-full-hybrid-122cv/184576244,16290,4,2022,122068,automatico,Ibrido,122,Business,Base,1.8 Hybrid,Rivenditore,180,cinisello balsamo,20092,Lombardia,Nord-ovest
Toyota Corolla TS Hybrid Business BR979600 1.8 Full Hybrid 122CV,https://www.automobile.it/reggio-emilia-toyota-corolla-ts-hybrid-business-br979600-1-8-full-hybrid-122cv/184587011,16290,4,2022,120837,automatico,Ibrido,122,Business,Base,1.8 Hybrid,Rivenditore,40,reggio emilia,42121,Emilia-Romagna,Nord-est
Toyota Corolla TS Hybrid Business BR924602 1.8 Full Hybrid 122CV,https://www.automobile.it/reggio-emilia-toyota-corolla-ts-hybrid-business-br924602-1-8-full-hybrid-122cv/184576255,16290,4,2022,122068,automatico,Ibrido,122,Business,Base,1.8 Hybrid,Rivenditore,40,reggio emilia,42121,Emilia-Romagna,Nord-est
TOYOTA Corolla 1.8 Hybrid Active-GARANZIA,https://www.automobile.it/casatisma-toyota-corolla-1-8-hybrid-active-garanzia/182806317,16400,7,2019,89000,automatico,Ibrido,122,Active,Base,1.8 Hybrid,Rivenditore,163,casatisma,27040,Lombardia,Nord-ovest
Toyota Corolla Hybrid Active BR573716 1.8 Full Hybrid 122CV,https://www.automobile.it/reggio-emilia-toyota-corolla-hybrid-active-br573716-1-8-full-hybrid-122cv/184607336,16490,5,2021,87807,automatico,Ibrido,122,Active,Base,1.8 Hybrid,Rivenditore,40,reggio emilia,42121,Emilia-Romagna,Nord-est
Toyota Corolla Hybrid Active BR573716 1.8 Full Hybrid 122CV,https://www.automobile.it/cinisello-balsamo-toyota-corolla-hybrid-active-br573716-1-8-full-hybrid-122cv/184607403,16490,5,2021,87807,automatico,Ibrido,122,Active,Base,1.8 Hybrid,Rivenditore,180,cinisello balsamo,20092,Lombardia,Nord-ovest
Toyota Corolla TS Hybrid Business BR148061 1.8 Full Hybrid 122CV,https://www.automobile.it/cinisello-balsamo-toyota-corolla-ts-hybrid-business-br148061-1-8-full-hybrid-122cv/184545184,16490,4,2022,96626,automatico,Ibrido,122,Business,Base,1.8 Hybrid,Rivenditore,180,cinisello balsamo,20092,Lombardia,Nord-ovest
Toyota Corolla TS Hybrid Business BR148061 1.8 Full Hybrid 122CV,https://www.automobile.it/reggio-emilia-toyota-corolla-ts-hybrid-business-br148061-1-8-full-hybrid-122cv/184545192,16490,4,2022,96626,automatico,Ibrido,122,Business,Base,1.8 Hybrid,Rivenditore,40,reggio emilia,42121,Emilia-Romagna,Nord-est
Toyota Corolla 1.8 Hybrid Business,https://www.automobile.it/pietrasanta-toyota-corolla-1-8-hybrid-business/184466340,16500,7,2019,120000,automatico,Ibrido,122,Business,Base,1.8 Hybrid,Rivenditore,106,pietrasanta,55045,Toscana,Centro
Toyota Corolla Touring Sports 2.0 Hybrid Style PREZZO REALE,https://www.automobile.it/milano-toyota-corolla-touring-sports-2-0-hybrid-style-prezzo-reale/184627909,16500,7,2019,97000,automatico,Ibrido,184,Style,Middle,2.0 Hybrid,Rivenditore,177,milano,20121,Lombardia,Nord-ovest
Toyota Corolla TS Hybrid Active BR164246 1.8 Full Hybrid 122CV,https://www.automobile.it/cinisello-balsamo-toyota-corolla-ts-hybrid-active-br164246-1-8-full-hybrid-122cv/184535556,16690,4,2022,105402,automatico,Ibrido,122,Active,Base,1.8 Hybrid,Rivenditore,180,cinisello balsamo,20092,Lombardia,Nord-ovest
Toyota Corolla TS Hybrid Active BR164246 1.8 Full Hybrid 122CV,https://www.automobile.it/reggio-emilia-toyota-corolla-ts-hybrid-active-br164246-1-8-full-hybrid-122cv/184535551,16690,4,2022,105402,automatico,Ibrido,122,Active,Base,1.8 Hybrid,Rivenditore,40,reggio emilia,42121,Emilia-Romagna,Nord-est
Toyota Corolla SW Hybrid Business NO OBBL. FINANZ.,https://www.automobile.it/roma-toyota-corolla-sw-hybrid-business-obbl-finanz/184409763,16800,6,2020,106000,automatico,Ibrido,122,Business,Base,1.8 Hybrid,Rivenditore,326,roma,118,Lazio,Centro
Toyota Corolla 1.8 Hybrid Style,https://www.automobile.it/modena-toyota-corolla-1-8-hybrid-style/184552735,16900,7,2019,98958,automatico,Ibrido,122,Style,Middle,1.8 Hybrid,Rivenditore,16,modena,41121,Emilia-Romagna,Nord-est
TOYOTA Corolla Touring Sports 1.8 Hybrid Active,https://www.automobile.it/san-vito-normanni-toyota-corolla-touring-sports-1-8-hybrid-active/184588508,16900,4,2022,84958,automatico,Ibrido,122,Active,Base,1.8 Hybrid,Rivenditore,698,san vito normanni,72019,Puglia,Sud
Toyota Corolla TS Hybrid Business BR723743 2.0 Full Hybrid 184CV,https://www.automobile.it/reggio-emilia-toyota-corolla-ts-hybrid-business-br723743-2-0-full-hybrid-184cv/181928166,16990,6,2020,120869,automatico,Ibrido,184,Business,Base,1.8 Hybrid,Rivenditore,40,reggio emilia,42121,Emilia-Romagna,Nord-est
Toyota Corolla TS Hybrid Business BR723743 2.0 Full Hybrid 184CV,https://www.automobile.it/cinisello-balsamo-toyota-corolla-ts-hybrid-business-br723743-2-0-full-hybrid-184cv/181928173,16990,6,2020,120869,automatico,Ibrido,184,Business,Base,1.8 Hybrid,Rivenditore,180,cinisello balsamo,20092,Lombardia,Nord-ovest
Toyota Corolla TS Hybrid Business BR151476 1.8 Full Hybrid 122CV,https://www.automobile.it/cinisello-balsamo-toyota-corolla-ts-hybrid-business-br151476-1-8-full-hybrid-122cv/184552755,16990,4,2022,80886,automatico,Ibrido,122,Business,Base,1.8 Hybrid,Rivenditore,180,cinisello balsamo,20092,Lombardia,Nord-ovest
Toyota Corolla Hybrid Business BR653902 1.8 Full Hybrid 122CV,https://www.automobile.it/cinisello-balsamo-toyota-corolla-hybrid-business-br653902-1-8-full-hybrid-122cv/184664493,16990,5,2021,51147,automatico,Ibrido,122,Business,Base,1.8 Hybrid,Rivenditore,180,cinisello balsamo,20092,Lombardia,Nord-ovest
Toyota Corolla Hybrid Business BR653902 1.8 Full Hybrid 122CV,https://www.automobile.it/reggio-emilia-toyota-corolla-hybrid-business-br653902-1-8-full-hybrid-122cv/184664483,16990,5,2021,51147,automatico,Ibrido,122,Business,Base,1.8 Hybrid,Rivenditore,40,reggio emilia,42121,Emilia-Romagna,Nord-est
TOYOTA COROLLA TS 1.8 HYBRID BUSINESS TECH AUTO STATION WAGON,https://www.automobile.it/pozzuoli-toyota-corolla-ts-1-8-hybrid-business-tech-auto-station-wagon/184637612,17000,4,2022,146993,automatico,Ibrido,122,Business,Base,1.8 Hybrid,Rivenditore,488,pozzuoli,80078,Campania,Sud
TOYOTA COROLLA TS 1.8 HYBRID BUSINESS TECH AUTO STATION WAGON,https://www.automobile.it/verona-toyota-corolla-ts-1-8-hybrid-business-tech-auto-station-wagon/184637515,17000,4,2022,146993,automatico,Ibrido,122,Business,Base,1.8 Hybrid,Rivenditore,86,verona,37121,Veneto,Nord-est
TOYOTA COROLLA TS 1.8 HYBRID BUSINESS TECH AUTO STATION WAGON,https://www.automobile.it/bentivoglio-toyota-corolla-ts-1-8-hybrid-business-tech-auto-station-wagon/184637393,17000,4,2022,146993,automatico,Ibrido,122,Business,Base,1.8 Hybrid,Rivenditore,22,bentivoglio,40010,Emilia-Romagna,Nord-est
TOYOTA COROLLA TS 1.8 HYBRID BUSINESS TECH AUTO STATION WAGON,https://www.automobile.it/firenze-toyota-corolla-ts-1-8-hybrid-business-tech-auto-station-wagon/184637316,17000,4,2022,146993,automatico,Ibrido,122,Business,Base,1.8 Hybrid,Rivenditore,99,firenze,50121,Toscana,Centro
TOYOTA COROLLA TS 1.8 HYBRID BUSINESS TECH AUTO STATION WAGON,https://www.automobile.it/roma-toyota-corolla-ts-1-8-hybrid-business-tech-auto-station-wagon/184637255,17000,4,2022,146993,automatico,Ibrido,122,Business,Base,1.8 Hybrid,Rivenditore,326,roma,118,Lazio,Centro
TOYOTA Corolla Touring Sports 1.8 Hybrid Business,https://www.automobile.it/san-vito-normanni-toyota-corolla-touring-sports-1-8-hybrid-business/184611388,17200,4,2022,74308,automatico,Ibrido,122,Business,Base,1.8 Hybrid,Rivenditore,698,san vito normanni,72019,Puglia,Sud
Toyota Corolla Touring Sports 1.8h Active cvt,https://www.automobile.it/bra-toyota-corolla-touring-sports-1-8h-active-cvt/184603456,17400,5,2021,83668,automatico,Ibrido,122,Active,Base,1.8 Hybrid,Rivenditore,259,bra,12042,Piemonte,Nord-ovest
Toyota Corolla Touring Sports 2.0 Hybrid Business NESSUN VINCOLO DI FINANZIAMENTO,https://www.automobile.it/roma-toyota-corolla-touring-sports-2-0-hybrid-business-nessun-vincolo-finanziamento/184633541,17500,5,2021,118000,automatico,Ibrido,184,Business,Base,2.0 Hybrid,Rivenditore,326,roma,118,Lazio,Centro
Toyota Corolla 1.8h Business cvt,https://www.automobile.it/refrontolo-toyota-corolla-1-8h-business-cvt/184415559,17500,5,2021,103400,automatico,Ibrido,122,Business,Base,1.8 Hybrid,Rivenditore,163,refrontolo,31020,Veneto,Nord-est
Toyota Corolla SW Hybrid NO OBBL. FINANZ. Business,https://www.automobile.it/roma-toyota-corolla-sw-hybrid-obbl-finanz-business/184409752,17800,5,2021,98000,automatico,Ibrido,122,Business,Base,1.8 Hybrid,Rivenditore,326,roma,118,Lazio,Centro
Toyota Corolla Corolla 1.8 hybrid Business Tech cvt,https://www.automobile.it/latina-toyota-corolla-corolla-1-8-hybrid-business-tech-cvt/182506964,17890,3,2023,90544,automatico,Ibrido,122,Business,Base,1.8 Hybrid,Rivenditore,383,latina,4100,Lazio,Centro
Toyota Corolla Touring Sports 1.8h Business cvt,https://www.automobile.it/melilli-toyota-corolla-touring-sports-1-8h-business-cvt/184395759,17900,6,2020,61000,automatico,Ibrido,122,Business,Base,1.8 Hybrid,Rivenditore,896,melilli,96010,Sicilia,Isole
Toyota Corolla Touring Sports 1.8 Hybrid Business NESSUN VINCOLO DI FINANZIAMENTO,https://www.automobile.it/roma-toyota-corolla-touring-sports-1-8-hybrid-business-nessun-vincolo-finanziamento/184359264,17900,3,2023,103000,automatico,Ibrido,122,Business,Base,1.8 Hybrid,Rivenditore,326,roma,118,Lazio,Centro
Toyota Corolla Touring Sports 1.8h Active,https://www.automobile.it/roma-toyota-corolla-touring-sports-1-8h-active/184493526,17900,3,2023,111769,automatico,Ibrido,122,Active,Base,1.8 Hybrid,Rivenditore,326,roma,118,Lazio,Centro
Toyota Corolla Touring Sports 1.8 Hybrid Active NESSUN VINCOLO DI FINANZIAMENTO,https://www.automobile.it/roma-toyota-corolla-touring-sports-1-8-hybrid-active-nessun-vincolo-finanziamento/184613220,17900,3,2023,110000,automatico,Ibrido,122,Active,Base,1.8 Hybrid,Rivenditore,326,roma,118,Lazio,Centro
TOYOTA Corolla 1.8 Hybrid Business(NESSUN VINCOLO),https://www.automobile.it/roma-toyota-corolla-1-8-hybrid-business-nessun-vincolo/184122818,17900,3,2023,104776,automatico,Ibrido,122,Business,Base,1.8 Hybrid,Rivenditore,326,roma,118,Lazio,Centro
Toyota Corolla Touring Sports 1.8h Active cvt,https://www.automobile.it/bra-toyota-corolla-touring-sports-1-8h-active-cvt/184647607,17900,4,2022,98456,automatico,Ibrido,122,Active,Base,1.8 Hybrid,Rivenditore,259,bra,12042,Piemonte,Nord-ovest
Toyota Corolla Touring Sports 1.8h Active,https://www.automobile.it/roma-toyota-corolla-touring-sports-1-8h-active/184665375,17900,3,2023,113900,automatico,Ibrido,122,Active,Base,1.8 Hybrid,Rivenditore,326,roma,118,Lazio,Centro
Toyota Corolla 1.8 Hybrid Business,https://www.automobile.it/torino-toyota-corolla-1-8-hybrid-business/183182009,17990,6,2020,83000,automatico,Ibrido,122,Business,Base,1.8 Hybrid,Rivenditore,276,torino,10121,Piemonte,Nord-ovest
Toyota Corolla Touring Sports 1.8 Hybrid Business Tech,https://www.automobile.it/linarolo-toyota-corolla-touring-sports-1-8-hybrid-business-tech/184419194,17999,5,2021,35614,automatico,Ibrido,122,Business,Base,1.8 Hybrid,Rivenditore,157,linarolo,27010,Lombardia,Nord-ovest
Toyota Corolla Touring Sports 1.8 Hybrid Business Tech,https://www.automobile.it/reggio-emilia-toyota-corolla-touring-sports-1-8-hybrid-business-tech/184446865,17999,4,2022,70000,automatico,Ibrido,122,Business,Base,1.8 Hybrid,Rivenditore,40,reggio emilia,42121,Emilia-Romagna,Nord-est
TOYOTA COROLLA TS 1.8 HYBRID BUSINESS AUTO STATION WAGON,https://www.automobile.it/verona-toyota-corolla-ts-1-8-hybrid-business-auto-station-wagon/184542515,18100,4,2022,89477,automatico,Ibrido,122,Business,Base,1.8 Hybrid,Rivenditore,86,verona,37121,Veneto,Nord-est
TOYOTA COROLLA TS 1.8 HYBRID BUSINESS AUTO STATION WAGON,https://www.automobile.it/pozzuoli-toyota-corolla-ts-1-8-hybrid-business-auto-station-wagon/184542607,18100,4,2022,89477,automatico,Ibrido,122,Business,Base,1.8 Hybrid,Rivenditore,488,pozzuoli,80078,Campania,Sud
TOYOTA COROLLA TS 1.8 HYBRID BUSINESS AUTO STATION WAGON,https://www.automobile.it/firenze-toyota-corolla-ts-1-8-hybrid-business-auto-station-wagon/184542554,18100,4,2022,89477,automatico,Ibrido,122,Business,Base,1.8 Hybrid,Rivenditore,99,firenze,50121,Toscana,Centro
TOYOTA COROLLA TS 1.8 HYBRID BUSINESS AUTO STATION WAGON,https://www.automobile.it/bentivoglio-toyota-corolla-ts-1-8-hybrid-business-auto-station-wagon/184542542,18100,4,2022,89477,automatico,Ibrido,122,Business,Base,1.8 Hybrid,Rivenditore,22,bentivoglio,40010,Emilia-Romagna,Nord-est
TOYOTA COROLLA TS 1.8 HYBRID BUSINESS AUTO STATION WAGON,https://www.automobile.it/roma-toyota-corolla-ts-1-8-hybrid-business-auto-station-wagon/184542592,18100,4,2022,89477,automatico,Ibrido,122,Business,Base,1.8 Hybrid,Rivenditore,326,roma,118,Lazio,Centro
Toyota Corolla 1.8 Hybrid Active,https://www.automobile.it/varese-toyota-corolla-1-8-hybrid-active/184438121,18250,5,2021,85960,automatico,Ibrido,122,Active,Base,1.8 Hybrid,Rivenditore,222,varese,21100,Lombardia,Nord-ovest
Toyota Corolla Touring Sports 1.8h Active,https://www.automobile.it/roma-toyota-corolla-touring-sports-1-8h-active/184493518,18300,3,2023,106761,automatico,Ibrido,122,Active,Base,1.8 Hybrid,Rivenditore,326,roma,118,Lazio,Centro
TOYOTA Corolla (2018--->) Corolla 2.0 Hybrid Style,https://www.automobile.it/casalmoro-toyota-corolla-2018-corolla-2-0-hybrid-style/184655186,18400,7,2019,58076,manuale,Ibrido,184,Style,Middle,2.0 Hybrid,Rivenditore,87,casalmoro,46040,Lombardia,Nord-ovest
TOYOTA Corolla (2018--->) Corolla 2.0 Hybrid Style,https://www.automobile.it/roma-toyota-corolla-2018-corolla-2-0-hybrid-style/184597502,18400,7,2019,58076,manuale,Ibrido,184,Style,Middle,2.0 Hybrid,Rivenditore,326,roma,118,Lazio,Centro
TOYOTA Corolla (2018--->) Corolla 2.0 Hybrid Style,https://www.automobile.it/milano-toyota-corolla-2018-corolla-2-0-hybrid-style/184597522,18400,7,2019,58076,manuale,Ibrido,184,Style,Middle,2.0 Hybrid,Rivenditore,177,milano,20121,Lombardia,Nord-ovest
TOYOTA Corolla (2018--->) Corolla 2.0 Hybrid Style,https://www.automobile.it/verona-toyota-corolla-2018-corolla-2-0-hybrid-style/184598953,18400,7,2019,58076,manuale,Ibrido,184,Style,Middle,2.0 Hybrid,Rivenditore,86,verona,37121,Veneto,Nord-est
TOYOTA Corolla 1.8 Hybrid Business Uniprò Navig Poss.legge 104,https://www.automobile.it/tivoli-toyota-corolla-1-8-hybrid-business-unipro-navig-poss-legge-104/184168169,18500,4,2022,111000,automatico,Ibrido,122,Business,Base,1.8 Hybrid,Rivenditore,329,tivoli,19,Lazio,Centro
Toyota Corolla Touring Sports 1.8h Active,https://www.automobile.it/roma-toyota-corolla-touring-sports-1-8h-active/184493536,18500,3,2023,101768,automatico,Ibrido,122,Active,Base,1.8 Hybrid,Rivenditore,326,roma,118,Lazio,Centro
Toyota Corolla Touring Sports 1.8h Active,https://www.automobile.it/roma-toyota-corolla-touring-sports-1-8h-active/184493541,18500,3,2023,101792,automatico,Ibrido,122,Active,Base,1.8 Hybrid,Rivenditore,326,roma,118,Lazio,Centro
Toyota Corolla Touring Sports 1.8h Active,https://www.automobile.it/roma-toyota-corolla-touring-sports-1-8h-active/184493523,18500,3,2023,100676,automatico,Ibrido,122,Active,Base,1.8 Hybrid,Rivenditore,326,roma,118,Lazio,Centro
Toyota Corolla Touring Sports 1.8h Active,https://www.automobile.it/roma-toyota-corolla-touring-sports-1-8h-active/184493525,18500,3,2023,101037,automatico,Ibrido,122,Active,Base,1.8 Hybrid,Rivenditore,326,roma,118,Lazio,Centro
Toyota Corolla Touring Sports 1.8h Active,https://www.automobile.it/roma-toyota-corolla-touring-sports-1-8h-active/184493544,18500,3,2023,100522,automatico,Ibrido,122,Active,Base,1.8 Hybrid,Rivenditore,326,roma,118,Lazio,Centro
Toyota Corolla 1.8 Hybrid Active - 2021,https://www.automobile.it/cagliari-toyota-corolla-1-8-hybrid-active-2021/182179107,18500,5,2021,74000,automatico,Ibrido,122,Active,Base,1.8 Hybrid,Rivenditore,628,cagliari,9121,Sardegna,Isole
TOYOTA Corolla 1.2 116CV STYLE,https://www.automobile.it/rimini-toyota-corolla-1-2-116cv-style/184398410,18500,5,2021,18500,manuale,Benzina,116,Style,Middle,,Rivenditore,132,rimini,47921,Emilia-Romagna,Nord-est
Toyota Corolla Touring Sports 1.8h Active,https://www.automobile.it/roma-toyota-corolla-touring-sports-1-8h-active/184493521,18600,3,2023,99193,automatico,Ibrido,122,Active,Base,1.8 Hybrid,Rivenditore,326,roma,118,Lazio,Centro
Toyota Corolla Corolla Touring Sports 2.0 Hybrid Style,https://www.automobile.it/trento-toyota-corolla-corolla-touring-sports-2-0-hybrid-style/182211081,18700,7,2019,91000,automatico,Ibrido,184,Style,Middle,2.0 Hybrid,Rivenditore,156,trento,38121,Trentino-Alto Adige/Südtirol,Nord-est
Toyota Corolla Touring Sports 1.8h Active,https://www.automobile.it/roma-toyota-corolla-touring-sports-1-8h-active/184493532,18700,3,2023,97412,automatico,Ibrido,122,Active,Base,1.8 Hybrid,Rivenditore,326,roma,118,Lazio,Centro
Toyota Corolla Touring Sports 1.8h Active,https://www.automobile.it/roma-toyota-corolla-touring-sports-1-8h-active/184493519,18800,3,2023,94228,automatico,Ibrido,122,Active,Base,1.8 Hybrid,Rivenditore,326,roma,118,Lazio,Centro
Toyota Corolla Touring Sports 2.0 hybrid Lounge cvt,https://www.automobile.it/torri-quartesolo-toyota-corolla-touring-sports-2-0-hybrid-lounge-cvt/184383642,18900,7,2019,116900,automatico,Ibrido,184,Lounge,Middle,2.0 Hybrid,Rivenditore,102,torri quartesolo,36040,Veneto,Nord-est
Toyota Corolla Touring Sports 1.8h Active,https://www.automobile.it/roma-toyota-corolla-touring-sports-1-8h-active/184493531,18900,3,2023,86860,automatico,Ibrido,122,Active,Base,1.8 Hybrid,Rivenditore,326,roma,118,Lazio,Centro
Toyota Corolla Touring Sports 1.8h Active,https://www.automobile.it/roma-toyota-corolla-touring-sports-1-8h-active/184493520,18900,3,2023,90734,automatico,Ibrido,122,Active,Base,1.8 Hybrid,Rivenditore,326,roma,118,Lazio,Centro
Toyota Corolla 2.0 Hybrid Lounge,https://www.automobile.it/modena-toyota-corolla-2-0-hybrid-lounge/184381636,18900,6,2020,103473,automatico,Ibrido,184,Lounge,Middle,2.0 Hybrid,Rivenditore,16,modena,41121,Emilia-Romagna,Nord-est
Toyota Corolla 1.8 Hybrid Active CVT,https://www.automobile.it/torino-toyota-corolla-1-8-hybrid-active-cvt/184589098,18900,5,2021,74901,automatico,Ibrido,122,Active,Base,1.8 Hybrid,Rivenditore,276,torino,10121,Piemonte,Nord-ovest
Toyota Corolla Touring Sports 1.8 Hybrid Business,https://www.automobile.it/roma-toyota-corolla-touring-sports-1-8-hybrid-business/184403250,18900,5,2021,71000,automatico,Ibrido,122,Business,Base,1.8 Hybrid,Rivenditore,326,roma,118,Lazio,Centro
TOYOTA Corolla touring sports 2.0h lounge cvt del 2019,https://www.automobile.it/limena-toyota-corolla-touring-sports-2-0h-lounge-cvt-2019/184658199,18900,7,2019,104505,automatico,Ibrido,184,Lounge,Middle,2.0 Hybrid,Rivenditore,106,limena,35010,Veneto,Nord-est
TOYOTA COROLLA TS 1.8 HYBRID BUSINESS AUTO STATION WAGON,https://www.automobile.it/verona-toyota-corolla-ts-1-8-hybrid-business-auto-station-wagon/184542517,19000,4,2022,75798,automatico,Ibrido,122,Business,Base,1.8 Hybrid,Rivenditore,86,verona,37121,Veneto,Nord-est
TOYOTA COROLLA TS 1.8 HYBRID BUSINESS AUTO STATION WAGON,https://www.automobile.it/pozzuoli-toyota-corolla-ts-1-8-hybrid-business-auto-station-wagon/184653276,19000,4,2022,92875,automatico,Ibrido,122,Business,Base,1.8 Hybrid,Rivenditore,488,pozzuoli,80078,Campania,Sud
TOYOTA COROLLA TS 1.8 HYBRID BUSINESS AUTO STATION WAGON,https://www.automobile.it/firenze-toyota-corolla-ts-1-8-hybrid-business-auto-station-wagon/184653361,19000,4,2022,92875,automatico,Ibrido,122,Business,Base,1.8 Hybrid,Rivenditore,99,firenze,50121,Toscana,Centro
TOYOTA COROLLA TS 1.8 HYBRID BUSINESS AUTO STATION WAGON,https://www.automobile.it/verona-toyota-corolla-ts-1-8-hybrid-business-auto-station-wagon/184653193,19000,4,2022,92875,automatico,Ibrido,122,Business,Base,1.8 Hybrid,Rivenditore,86,verona,37121,Veneto,Nord-est
TOYOTA COROLLA TS 1.8 HYBRID BUSINESS AUTO STATION WAGON,https://www.automobile.it/firenze-toyota-corolla-ts-1-8-hybrid-business-auto-station-wagon/184542557,19000,4,2022,75798,automatico,Ibrido,122,Business,Base,1.8 Hybrid,Rivenditore,99,firenze,50121,Toscana,Centro
TOYOTA COROLLA TS 1.8 HYBRID BUSINESS AUTO STATION WAGON,https://www.automobile.it/pozzuoli-toyota-corolla-ts-1-8-hybrid-business-auto-station-wagon/184542622,19000,4,2022,75798,automatico,Ibrido,122,Business,Base,1.8 Hybrid,Rivenditore,488,pozzuoli,80078,Campania,Sud
TOYOTA COROLLA TS 1.8 HYBRID BUSINESS AUTO STATION WAGON,https://www.automobile.it/bentivoglio-toyota-corolla-ts-1-8-hybrid-business-auto-station-wagon/184653314,19000,4,2022,92875,automatico,Ibrido,122,Business,Base,1.8 Hybrid,Rivenditore,22,bentivoglio,40010,Emilia-Romagna,Nord-est
Toyota Corolla Touring Sports 1.8h Active,https://www.automobile.it/roma-toyota-corolla-touring-sports-1-8h-active/184493527,19100,3,2023,82538,automatico,Ibrido,122,Active,Base,1.8 Hybrid,Rivenditore,326,roma,118,Lazio,Centro
TOYOTA Corolla Corolla Touring Sports 2.0h More Business cvt - GD,https://www.automobile.it/basiliano-toyota-corolla-corolla-touring-sports-2-0h-more-business-cvt-gd/184651938,19400,6,2020,74000,automatico,Ibrido,184,Business,Base,2.0 Hybrid,Rivenditore,215,basiliano,33031,Friuli-Venezia Giulia,Nord-est
TOYOTA Corolla (2018--->) Corolla 2.0 Hybrid Style,https://www.automobile.it/roma-toyota-corolla-2018-corolla-2-0-hybrid-style/184595038,19400,5,2021,65154,automatico,Ibrido,184,Style,Middle,2.0 Hybrid,Rivenditore,326,roma,118,Lazio,Centro
TOYOTA Corolla (2018--->) Corolla 2.0 Hybrid Style,https://www.automobile.it/verona-toyota-corolla-2018-corolla-2-0-hybrid-style/184598401,19400,5,2021,65154,automatico,Ibrido,184,Style,Middle,2.0 Hybrid,Rivenditore,86,verona,37121,Veneto,Nord-est
TOYOTA Corolla (2018--->) Corolla 2.0 Hybrid Style,https://www.automobile.it/milano-toyota-corolla-2018-corolla-2-0-hybrid-style/184596705,19400,5,2021,65154,automatico,Ibrido,184,Style,Middle,2.0 Hybrid,Rivenditore,177,milano,20121,Lombardia,Nord-ovest
Toyota Corolla Touring Sports 1.8h Active auto,https://www.automobile.it/bra-toyota-corolla-touring-sports-1-8h-active-auto/184647603,19400,3,2023,83739,automatico,Ibrido,122,Active,Base,1.8 Hybrid,Rivenditore,259,bra,12042,Piemonte,Nord-ovest
TOYOTA Corolla (2018--->) Corolla 2.0 Hybrid Style,https://www.automobile.it/casalmoro-toyota-corolla-2018-corolla-2-0-hybrid-style/184655249,19400,5,2021,65154,automatico,Ibrido,184,Style,Middle,2.0 Hybrid,Rivenditore,87,casalmoro,46040,Lombardia,Nord-ovest
TOYOTA Corolla XII 2019 Touring Sports - Corolla Touring Sports 1.8h Business cvt,https://www.automobile.it/mosciano-sant-angelo-toyota-corolla-xii-2019-touring-sports-corolla-touring-sports-1-8h-business-cvt/184629952,19500,4,2022,54959,automatico,Ibrido,122,Business,Base,1.8 Hybrid,Rivenditore,307,mosciano sant angelo,64023,Abruzzo,Sud
TOYOTA Corolla (2018-->) - Corolla Touring Sports 1.8 Hybrid Business,https://www.automobile.it/legnano-toyota-corolla-2018-corolla-touring-sports-1-8-hybrid-business/184543077,19600,4,2022,52481,automatico,Ibrido,122,Business,Base,1.8 Hybrid,Rivenditore,202,legnano,20025,Lombardia,Nord-ovest
TOYOTA Corolla Touring Sports 2.0 Hybrid Lounge,https://www.automobile.it/arese-toyota-corolla-touring-sports-2-0-hybrid-lounge/182396699,19800,7,2019,113250,automatico,Ibrido,184,Lounge,Middle,2.0 Hybrid,Rivenditore,189,arese,20044,Lombardia,Nord-ovest
Toyota Corolla SW Hybrid Business NO OBBL. FINANZ.,https://www.automobile.it/roma-toyota-corolla-sw-hybrid-business-obbl-finanz/184409739,19800,5,2021,63000,automatico,Ibrido,122,Business,Base,1.8 Hybrid,Rivenditore,326,roma,118,Lazio,Centro
Toyota Corolla TS 1.8 Hybrid Business Tech,https://www.automobile.it/roma-toyota-corolla-ts-1-8-hybrid-business-tech/184409758,19800,5,2021,97000,automatico,Ibrido,122,Business,Base,1.8 Hybrid,Rivenditore,326,roma,118,Lazio,Centro
TOYOTA Corolla TS 1.8 Hybrid Business Tech,https://www.automobile.it/santorso-toyota-corolla-ts-1-8-hybrid-business-tech/183652754,19800,4,2022,75000,automatico,Ibrido,122,Business,Base,1.8 Hybrid,Rivenditore,120,santorso,36014,Veneto,Nord-est
TOYOTA Corolla Touring Sports 1.8 Hybrid Business,https://www.automobile.it/novi-ligure-toyota-corolla-touring-sports-1-8-hybrid-business/184483874,19800,3,2023,93051,automatico,Ibrido,122,Business,Base,1.8 Hybrid,Rivenditore,186,novi ligure,15067,Piemonte,Nord-ovest
TOYOTA Corolla touring sports 2.0h business cvt del 2022,https://www.automobile.it/limena-toyota-corolla-touring-sports-2-0h-business-cvt-2022/183268180,19900,4,2022,50000,automatico,Ibrido,184,Business,Base,2.0 Hybrid,Rivenditore,106,limena,35010,Veneto,Nord-est
TOYOTA Corolla XII 2023 Touring Sports - Corolla Touring Sports 1.8h Active auto,https://www.automobile.it/mosciano-sant-angelo-toyota-corolla-xii-2023-touring-sports-corolla-touring-sports-1-8h-active-auto/184653786,19900,3,2023,110045,automatico,Ibrido,122,Active,Base,1.8 Hybrid,Rivenditore,307,mosciano sant angelo,64023,Abruzzo,Sud
TOYOTA Corolla XII 2019 - Corolla 2.0h Style cvt,https://www.automobile.it/palermo-toyota-corolla-xii-2019-corolla-2-0h-style-cvt/184310468,20500,5,2021,32843,automatico,Ibrido,184,Style,Middle,2.0 Hybrid,Rivenditore,750,palermo,90121,Sicilia,Isole
Toyota Corolla Corolla Touring Sports 2.0h Business (PREZZO REALE),https://www.automobile.it/tolmezzo-toyota-corolla-corolla-touring-sports-2-0h-business-prezzo-reale/184643454,20501,6,2020,74997,automatico,Ibrido,184,Business,Base,2.0 Hybrid,Rivenditore,242,tolmezzo,33028,Friuli-Venezia Giulia,Nord-est
Toyota Corolla SW Hybrid Business NO OBBL. FINANZ.,https://www.automobile.it/roma-toyota-corolla-sw-hybrid-business-obbl-finanz/184409785,20800,6,2020,60000,automatico,Ibrido,122,Business,Base,1.8 Hybrid,Rivenditore,326,roma,118,Lazio,Centro
Toyota Corolla Corolla Touring Sports 1.8 Hybrid Style,https://www.automobile.it/torino-toyota-corolla-corolla-touring-sports-1-8-hybrid-style/181992738,20900,4,2022,36666,automatico,Ibrido,122,Style,Middle,1.8 Hybrid,Rivenditore,276,torino,10121,Piemonte,Nord-ovest
Toyota Corolla 2.0h Style cvt,https://www.automobile.it/limatola-toyota-corolla-2-0h-style-cvt/180978933,20900,6,2020,29000,automatico,Ibrido,184,Style,Middle,2.0 Hybrid,Rivenditore,473,limatola,82030,Campania,Sud
Toyota Corolla 1.8 Hybrid Style,https://www.automobile.it/varese-toyota-corolla-1-8-hybrid-style/184520559,20900,4,2022,91074,automatico,Ibrido,122,Style,Middle,1.8 Hybrid,Rivenditore,222,varese,21100,Lombardia,Nord-ovest
Toyota Corolla Touring Sports 2.0 hybrid Style cvt,https://www.automobile.it/torri-quartesolo-toyota-corolla-touring-sports-2-0-hybrid-style-cvt/184530842,20900,5,2021,70450,automatico,Ibrido,184,Style,Middle,2.0 Hybrid,Rivenditore,102,torri quartesolo,36040,Veneto,Nord-est
Toyota Corolla Touring Sports 1.8 Hybrid Active BIANCO NESSUN VINCOLO DI FINANZIAMENTO,https://www.automobile.it/roma-toyota-corolla-touring-sports-1-8-hybrid-active-bianco-nessun-vincolo-finanziamento/184660394,20900,3,2023,78000,automatico,Ibrido,122,Active,Base,1.8 Hybrid,Rivenditore,326,roma,118,Lazio,Centro
TOYOTA Corolla 1.8 Hybrid Style,https://www.automobile.it/brembate-toyota-corolla-1-8-hybrid-style/184106035,21500,4,2022,47500,automatico,Ibrido,122,Style,Middle,1.8 Hybrid,Rivenditore,169,brembate sopra,24030,Lombardia,Nord-ovest
Toyota Corolla SW Hybrid Business NO OBBL. FINANZ.,https://www.automobile.it/roma-toyota-corolla-sw-hybrid-business-obbl-finanz/184409734,21800,4,2022,49000,automatico,Ibrido,122,Business,Base,1.8 Hybrid,Rivenditore,326,roma,118,Lazio,Centro
Toyota Corolla Hybrid Active,https://www.automobile.it/roma-toyota-corolla-hybrid-active/184129412,21900,5,2021,59780,automatico,Ibrido,122,Active,Base,1.8 Hybrid,Rivenditore,326,roma,118,Lazio,Centro
Toyota Corolla 2.0 Hybrid Style,https://www.automobile.it/san-severo-toyota-corolla-2-0-hybrid-style/183971857,21900,6,2020,94540,automatico,Ibrido,184,Style,Middle,2.0 Hybrid,Rivenditore,478,san severo,71016,Puglia,Sud
TOYOTA Corolla touring sports 1.8h active auto del 2023,https://www.automobile.it/limena-toyota-corolla-touring-sports-1-8h-active-auto-2023/184220000,21900,3,2023,104153,automatico,Ibrido,122,Active,Base,1.8 Hybrid,Rivenditore,106,limena,35010,Veneto,Nord-est
Toyota Corolla Touring Sports 1.8 hybrid Active cvt,https://www.automobile.it/torri-quartesolo-toyota-corolla-touring-sports-1-8-hybrid-active-cvt/184383637,21900,4,2022,64500,automatico,Ibrido,122,Active,Base,1.8 Hybrid,Rivenditore,102,torri quartesolo,36040,Veneto,Nord-est
Toyota Corolla Corolla Touring Sports 2.0h Style cvt,https://www.automobile.it/varese-toyota-corolla-corolla-touring-sports-2-0h-style-cvt/184578483,22400,6,2020,53972,automatico,Ibrido,184,Style,Middle,2.0 Hybrid,Rivenditore,222,varese,21100,Lombardia,Nord-ovest
Toyota Corolla Touring Sports 1.8 VVT-i Hybrid Active CVT,https://www.automobile.it/ravenna-toyota-corolla-touring-sports-1-8-vvt-hybrid-active-cvt/184506440,22490,3,2023,73189,automatico,Ibrido,122,Active,Base,1.8 Hybrid,Rivenditore,89,ravenna,48121,Emilia-Romagna,Nord-est
TOYOTA Corolla Touring Sports 1.8 Hybrid Active,https://www.automobile.it/roma-toyota-corolla-touring-sports-1-8-hybrid-active/183899405,22500,4,2022,41866,automatico,Ibrido,122,Active,Base,1.8 Hybrid,Rivenditore,326,roma,118,Lazio,Centro
Toyota Corolla Corolla 2.0h Style cvt,https://www.automobile.it/san-severo-toyota-corolla-corolla-2-0h-style-cvt/184638442,22500,4,2022,66784,automatico,Ibrido,184,Style,Middle,2.0 Hybrid,Rivenditore,478,san severo,71016,Puglia,Sud
Toyota Corolla TS 1.8 Hybrid Business NO OBBL. FINANZ.,https://www.automobile.it/roma-toyota-corolla-ts-1-8-hybrid-business-obbl-finanz/184409801,22800,5,2021,75000,automatico,Ibrido,122,Business,Base,1.8 Hybrid,Rivenditore,326,roma,118,Lazio,Centro
Toyota Corolla 1.8 Hybrid Style,https://www.automobile.it/cornedo-vicentino-toyota-corolla-1-8-hybrid-style/183008118,22900,4,2022,66130,automatico,Ibrido,122,Style,Middle,1.8 Hybrid,Rivenditore,106,cornedo vicentino,36073,Veneto,Nord-est
TOYOTA Corolla touring sports 1.8h active auto del 2023,https://www.automobile.it/limena-toyota-corolla-touring-sports-1-8h-active-auto-2023/184496178,22900,3,2023,82891,automatico,Ibrido,122,Active,Base,1.8 Hybrid,Rivenditore,106,limena,35010,Veneto,Nord-est
TOYOTA Corolla touring sports 1.8h active auto del 2023,https://www.automobile.it/limena-toyota-corolla-touring-sports-1-8h-active-auto-2023/184496184,22900,3,2023,78968,automatico,Ibrido,122,Active,Base,1.8 Hybrid,Rivenditore,106,limena,35010,Veneto,Nord-est
TOYOTA Corolla touring sports 1.8h active auto del 2023,https://www.automobile.it/limena-toyota-corolla-touring-sports-1-8h-active-auto-2023/184496173,22900,3,2023,88334,automatico,Ibrido,122,Active,Base,1.8 Hybrid,Rivenditore,106,limena,35010,Veneto,Nord-est
TOYOTA Corolla touring sports 1.8h active auto del 2023,https://www.automobile.it/limena-toyota-corolla-touring-sports-1-8h-active-auto-2023/184546385,22900,3,2023,90875,automatico,Ibrido,122,Active,Base,1.8 Hybrid,Rivenditore,106,limena,35010,Veneto,Nord-est
TOYOTA Corolla touring sports 1.8h active auto del 2023,https://www.automobile.it/limena-toyota-corolla-touring-sports-1-8h-active-auto-2023/184546381,22900,3,2023,79717,automatico,Ibrido,122,Active,Base,1.8 Hybrid,Rivenditore,106,limena,35010,Veneto,Nord-est
Toyota Corolla 1.8h Business cvt,https://www.automobile.it/alghero-toyota-corolla-1-8h-business-cvt/181339381,23500,4,2022,50000,automatico,Ibrido,122,Business,Base,1.8 Hybrid,Rivenditore,511,alghero,7041,Sardegna,Isole
Toyota Corolla Touring Sports 2.0 Hybrid Style CVT,https://www.automobile.it/ravenna-toyota-corolla-touring-sports-2-0-hybrid-style-cvt/184512784,23990,4,2022,76158,automatico,Ibrido,184,Style,Middle,2.0 Hybrid,Rivenditore,89,ravenna,48121,Emilia-Romagna,Nord-est
TOYOTA Corolla 2.0 Hybrid GR SPORT,https://www.automobile.it/annone-veneto-toyota-corolla-2-0-hybrid-gr-sport/181209378,24500,5,2021,53000,automatico,Ibrido,184,GR Sport,Sport,2.0 Hybrid,Rivenditore,174,annone veneto,30020,Veneto,Nord-est
TOYOTA Corolla 1.8h gr sport auto del 2023,https://www.automobile.it/limena-toyota-corolla-1-8h-gr-sport-auto-2023/184665644,24900,3,2023,78541,automatico,Ibrido,122,GR Sport,Sport,1.8 Hybrid,Rivenditore,106,limena,35010,Veneto,Nord-est
TOYOTA Corolla GR SPORT 1.8 Hybrid GARANZIA,https://www.automobile.it/teramo-toyota-corolla-gr-sport-1-8-hybrid-garanzia/182280083,25500,3,2023,22700,automatico,Ibrido,122,GR Sport,Sport,1.8 Hybrid,Rivenditore,304,teramo,64100,Abruzzo,Sud
Toyota Corolla 1.8h GR Sport bi-tone auto,https://www.automobile.it/cuneo-toyota-corolla-1-8h-gr-sport-bi-tone-auto/184603466,26400,3,2023,32811,automatico,Ibrido,122,GR Sport,Sport,1.8 Hybrid,Rivenditore,286,cuneo,12100,Piemonte,Nord-ovest
COROLLA GR SPORT 2.0 HYBRID 196CV LIMIT EDITION,https://www.automobile.it/pregnana-milanese-corolla-gr-sport-2-0-hybrid-196cv-limit-edition/183873781,26500,3,2023,6,automatico,Ibrido,196,GR Sport,Sport,2.0 Hybrid,Rivenditore,192,pregnana milanese,20006,Lombardia,Nord-ovest
Toyota Corolla GR SPORT 1.8 Hybrid Touring Sports,https://www.automobile.it/modena-toyota-corolla-gr-sport-1-8-hybrid-touring-sports/184336669,26900,3,2023,54838,automatico,Ibrido,122,GR Sport,Sport,1.8 Hybrid,Rivenditore,16,modena,41121,Emilia-Romagna,Nord-est
TOYOTA Corolla touring sports 1.8h active auto del 2023,https://www.automobile.it/limena-toyota-corolla-touring-sports-1-8h-active-auto-2023/184561733,26900,3,2023,73700,automatico,Ibrido,122,Active,Base,1.8 Hybrid,Rivenditore,106,limena,35010,Veneto,Nord-est
TOYOTA Corolla touring sports 1.8h gr sport auto del 2024,https://www.automobile.it/limena-toyota-corolla-touring-sports-1-8h-gr-sport-auto-2024/184529276,27900,2,2024,23245,automatico,Ibrido,122,GR Sport,Sport,1.8 Hybrid,Rivenditore,106,limena,35010,Veneto,Nord-est
TOYOTA Corolla (2018--->) Corolla Active 1.8 Hybrid Touring Sports,https://www.automobile.it/milano-toyota-corolla-2018-corolla-active-1-8-hybrid-touring-sports/184596825,27900,0,2026,1615,automatico,Ibrido,122,Active,Base,1.8 Hybrid,Rivenditore,177,milano,20121,Lombardia,Nord-ovest
TOYOTA Corolla (2018--->) Corolla Active 1.8 Hybrid Touring Sports,https://www.automobile.it/verona-toyota-corolla-2018-corolla-active-1-8-hybrid-touring-sports/184598712,27900,0,2026,1615,automatico,Ibrido,122,Active,Base,1.8 Hybrid,Rivenditore,86,verona,37121,Veneto,Nord-est
TOYOTA Corolla (2018--->) Corolla Active 1.8 Hybrid Touring Sports,https://www.automobile.it/roma-toyota-corolla-2018-corolla-active-1-8-hybrid-touring-sports/184597179,27900,0,2026,1615,automatico,Ibrido,122,Active,Base,1.8 Hybrid,Rivenditore,326,roma,118,Lazio,Centro
TOYOTA Corolla (2018--->) Corolla Active 1.8 Hybrid Touring Sports,https://www.automobile.it/casalmoro-toyota-corolla-2018-corolla-active-1-8-hybrid-touring-sports/184655245,27900,0,2026,1615,automatico,Ibrido,122,Active,Base,1.8 Hybrid,Rivenditore,87,casalmoro,46040,Lombardia,Nord-ovest
TOYOTA - Corolla Cross - 1.8 Hybrid 140cv Trend,https://www.automobile.it/potenza-toyota-corolla-cross-1-8-hybrid-140cv-trend/184511876,28800,2,2024,25274,automatico,Ibrido,140,Trend,Middle,1.8 Hybrid,Rivenditore,588,potenza,85100,Basilicata,Sud
TOYOTA Corolla (2018--->) Corolla Active 1.8 Hybrid Touring Sports,https://www.automobile.it/milano-toyota-corolla-2018-corolla-active-1-8-hybrid-touring-sports/184595522,28900,0,2026,2013,automatico,Ibrido,122,Active,Base,1.8 Hybrid,Rivenditore,177,milano,20121,Lombardia,Nord-ovest
TOYOTA Corolla (2018--->) Corolla Active 1.8 Hybrid Touring Sports,https://www.automobile.it/roma-toyota-corolla-2018-corolla-active-1-8-hybrid-touring-sports/184594671,28900,0,2026,2013,automatico,Ibrido,122,Active,Base,1.8 Hybrid,Rivenditore,326,roma,118,Lazio,Centro
TOYOTA Corolla (2018--->) Corolla Active 1.8 Hybrid Touring Sports,https://www.automobile.it/verona-toyota-corolla-2018-corolla-active-1-8-hybrid-touring-sports/184598719,28900,0,2026,2013,automatico,Ibrido,122,Active,Base,1.8 Hybrid,Rivenditore,86,verona,37121,Veneto,Nord-est
Toyota Corolla Touring Sports 1.8h GR Sport,https://www.automobile.it/roma-toyota-corolla-touring-sports-1-8h-gr-sport/184264706,28990,2,2024,43000,automatico,Ibrido,122,GR Sport,Sport,1.8 Hybrid,Rivenditore,326,roma,118,Lazio,Centro
TOYOTA Corolla touring sports 1.8h active auto del 2026,https://www.automobile.it/limena-toyota-corolla-touring-sports-1-8h-active-auto-2026/184658189,29300,0,2026,10,automatico,Ibrido,122,Active,Base,1.8 Hybrid,Rivenditore,106,limena,35010,Veneto,Nord-est
Toyota Corolla Corolla Touring Sports 1.8 Active,https://www.automobile.it/barzago-toyota-corolla-corolla-touring-sports-1-8-active/184619359,29700,0,2026,6,automatico,Diesel,122,Active,Base,1.8 Hybrid,Rivenditore,187,barzago,23890,Lombardia,Nord-ovest
Toyota Corolla 1.8h Active cvt,https://www.subito.it/auto/toyota-corolla-1-8h-active-cvt-firenze-664016207.htm,15800,7,2019,70000,automatico,Diesel,122,Active,Base,1.8 Hybrid,Rivenditore,92,sesto fiorentino,50019,Toscana,Centro
Toyota Corolla 2.0h Style cvt,https://www.subito.it/auto/toyota-corolla-2-0h-style-cvt-foggia-663494948.htm,22500,4,2022,66784,automatico,Diesel,184,Style,Middle,2.0 Hybrid,Rivenditore,505,foggia,71121,Puglia,Sud
TOYOTA Corolla 1.8 Hybrid Style,https://www.subito.it/auto/toyota-corolla-1-8-hybrid-style-bergamo-662627255.htm,21500,4,2022,47500,automatico,Ibrido,122,Style,Middle,1.8 Hybrid,Rivenditore,169,brembate sopra,24030,Lombardia,Nord-ovest
Toyota Corolla Touring Sports 2.0 Hybrid TREK 2022,https://www.subito.it/auto/toyota-corolla-touring-sports-2-0-hybrid-trek-2022-vicenza-663565566.htm,21000,4,2022,67000,automatico,Ibrido,184,Trek,Middle,2.0 Hybrid,Privato,103,vicenza,36100,Veneto,Nord-est
Toyota Corolla 2.0 Hybrid Style CVT,https://www.subito.it/auto/toyota-corolla-2-0-hybrid-style-cvt-bologna-663962671.htm,21990,6,2020,25866,automatico,Ibrido,184,Style,Middle,2.0 Hybrid,Rivenditore,25,bologna,40121,Emilia-Romagna,Nord-est
Toyota Corolla sports 2.0h lounge cvt,https://www.subito.it/auto/toyota-corolla-sports-2-0h-lounge-cvt-trieste-663962047.htm,16900,5,2021,128217,automatico,Diesel,184,Lounge,Middle,2.0 Hybrid,Rivenditore,234,trieste,34121,Friuli-Venezia Giulia,Nord-est
Toyota Corolla sports 2.0h lounge cvt,https://www.subito.it/auto/toyota-corolla-sports-2-0h-lounge-cvt-udine-663962013.htm,16900,5,2021,128217,automatico,Diesel,184,Lounge,Middle,2.0 Hybrid,Rivenditore,233,reana rojale,33010,Friuli-Venezia Giulia,Nord-est
Toyota Corolla sports 2.0h lounge cvt,https://www.subito.it/auto/toyota-corolla-sports-2-0h-lounge-cvt-pordenone-663961943.htm,16900,5,2021,128217,automatico,Diesel,184,Lounge,Middle,2.0 Hybrid,Rivenditore,186,pordenone,33170,Friuli-Venezia Giulia,Nord-est
Toyota Corolla Hybrid Business BR653902 1.8 Full H,https://www.subito.it/auto/toyota-corolla-hybrid-business-br653902-1-8-full-h-milano-663944412.htm,16990,5,2021,51147,automatico,Ibrido,122,Business,Base,1.8 Hybrid,Rivenditore,180,cinisello balsamo,20092,Lombardia,Nord-ovest
Toyota Corolla Hybrid Business BR653902 1.8 Full H,https://www.subito.it/auto/toyota-corolla-hybrid-business-br653902-1-8-full-h-reggio-emilia-663944392.htm,16990,5,2021,51147,automatico,Ibrido,122,Business,Base,1.8 Hybrid,Rivenditore,40,reggio emilia,42121,Emilia-Romagna,Nord-est
Toyota Corolla 2.0 Hybrid Style,https://www.subito.it/auto/toyota-corolla-2-0-hybrid-style-foggia-652372976.htm,21900,6,2020,94540,automatico,Ibrido,184,Style,Middle,2.0 Hybrid,Rivenditore,505,foggia,71121,Puglia,Sud
Toyota Corolla 1.8 Hybrid Active,https://www.subito.it/auto/toyota-corolla-1-8-hybrid-active-salerno-660796532.htm,15900,6,2020,85369,automatico,Ibrido,122,Active,Base,1.8 Hybrid,Rivenditore,541,montecorvino pugliano,84090,Campania,Sud
TOYOTA Corolla (2018--->) Corolla Active 1.8 Hybri,https://www.subito.it/auto/toyota-corolla-2018-corolla-active-1-8-hybri-mantova-663912030.htm,27900,0,2026,1615,automatico,Ibrido,122,Active,Base,1.8 Hybrid,Rivenditore,87,casalmoro,46040,Lombardia,Nord-ovest
TOYOTA Corolla Touring Sports 2.0 Hybrid Lounge,https://www.subito.it/auto/toyota-corolla-touring-sports-2-0-hybrid-lounge-pisa-656250328.htm,20000,7,2019,69000,automatico,Ibrido,184,Lounge,Middle,2.0 Hybrid,Privato,116,calcinaia,56012,Toscana,Centro
TOYOTA Corolla 1.8h gr sport auto,https://www.subito.it/auto/toyota-corolla-1-8h-gr-sport-auto-padova-663894464.htm,24900,3,2023,78541,automatico,Diesel,122,GR Sport,Sport,1.8 Hybrid,Rivenditore,106,limena,35010,Veneto,Nord-est
Toyota Corolla 1.8h Business cvt,https://www.subito.it/auto/toyota-corolla-1-8h-business-cvt-treviso-659647189.htm,16950,5,2021,103400,automatico,Diesel,122,Business,Base,1.8 Hybrid,Rivenditore,135,san zenone ezzelini,31020,Veneto,Nord-est
Toyota Corolla Touring Sports 1.8 Hybrid Active BI,https://www.subito.it/auto/toyota-corolla-touring-sports-1-8-hybrid-active-bi-roma-663872205.htm,20900,3,2023,78000,automatico,Ibrido,122,Active,Base,1.8 Hybrid,Rivenditore,326,roma,118,Lazio,Centro
COROLLA GR SPORT 2.0 HYBRID 196CV LIMIT EDITION,https://www.subito.it/auto/corolla-gr-sport-2-0-hybrid-196cv-limit-edition-milano-650969790.htm,26500,3,2023,0,automatico,Ibrido,196,GR Sport,Sport,2.0 Hybrid,Rivenditore,192,pregnana milanese,20006,Lombardia,Nord-ovest
Toyota Corolla Touring Sports 2.0 Hybrid Style PRE,https://www.subito.it/auto/toyota-corolla-touring-sports-2-0-hybrid-style-pre-milano-663397618.htm,16500,7,2019,97000,automatico,Ibrido,184,Style,Middle,2.0 Hybrid,Rivenditore,177,milano,20121,Lombardia,Nord-ovest
Toyota Corolla Touring Sports 1.8 hybrid Business,https://www.subito.it/auto/toyota-corolla-touring-sports-1-8-hybrid-business-roma-663829031.htm,19700,4,2022,55036,automatico,Ibrido,122,Business,Base,1.8 Hybrid,Rivenditore,326,roma,118,Lazio,Centro
Toyota Corolla Corolla 1.8 hybrid Business Tech cv,https://www.subito.it/auto/toyota-corolla-corolla-1-8-hybrid-business-tech-cv-latina-636542945.htm,17890,3,2023,90544,automatico,Ibrido,122,Business,Base,1.8 Hybrid,Rivenditore,383,latina,4100,Lazio,Centro
TOYOTA Corolla 1.8 Hybrid Business(NESSUN VINCOL,https://www.subito.it/auto/toyota-corolla-1-8-hybrid-business-nessun-vincol-roma-654498951.htm,17900,3,2023,104776,automatico,Ibrido,122,Business,Base,1.8 Hybrid,Rivenditore,326,roma,118,Lazio,Centro
TOYOTA Corolla (2018--->) Corolla 2.0 Hybrid Style,https://www.subito.it/auto/toyota-corolla-2018-corolla-2-0-hybrid-style-verona-663786619.htm,18400,7,2019,58076,manuale,Ibrido,184,Style,Middle,2.0 Hybrid,Rivenditore,86,verona,37121,Veneto,Nord-est
TOYOTA Corolla (2018--->) Corolla 2.0 Hybrid Style,https://www.subito.it/auto/toyota-corolla-2018-corolla-2-0-hybrid-style-mantova-663783983.htm,19400,5,2021,65154,automatico,Ibrido,184,Style,Middle,2.0 Hybrid,Rivenditore,87,casalmoro,46040,Lombardia,Nord-ovest
TOYOTA Corolla Touring Sports 1.8h Business cvt,https://www.subito.it/auto/toyota-corolla-touring-sports-1-8h-business-cvt-treviso-662412728.htm,17250,5,2021,94599,automatico,Diesel,122,Business,Base,1.8 Hybrid,Rivenditore,165,san vendemiano,31020,Veneto,Nord-est
TOYOTA Corolla touring sports 2.0h lounge cvt,https://www.subito.it/auto/toyota-corolla-touring-sports-2-0h-lounge-cvt-padova-663759493.htm,18900,7,2019,104505,automatico,Diesel,184,Lounge,Middle,2.0 Hybrid,Rivenditore,106,limena,35010,Veneto,Nord-est
TOYOTA COROLLA TS 1.8 HYBRID BUSINESS AUTO STATION,https://www.subito.it/auto/toyota-corolla-ts-1-8-hybrid-business-auto-station-napoli-663757129.htm,19000,4,2022,92875,automatico,Ibrido,122,Business,Base,1.8 Hybrid,Rivenditore,488,pozzuoli,80078,Campania,Sud
TOYOTA COROLLA TS 1.8 HYBRID BUSINESS AUTO STATION,https://www.subito.it/auto/toyota-corolla-ts-1-8-hybrid-business-auto-station-verona-663756985.htm,19000,4,2022,92875,automatico,Ibrido,122,Business,Base,1.8 Hybrid,Rivenditore,86,verona,37121,Veneto,Nord-est
TOYOTA COROLLA TS 1.8 HYBRID BUSINESS AUTO STATION,https://www.subito.it/auto/toyota-corolla-ts-1-8-hybrid-business-auto-station-firenze-663756971.htm,19000,4,2022,92875,automatico,Ibrido,122,Business,Base,1.8 Hybrid,Rivenditore,99,firenze,50121,Toscana,Centro
TOYOTA COROLLA TS 1.8 HYBRID BUSINESS AUTO STATION,https://www.subito.it/auto/toyota-corolla-ts-1-8-hybrid-business-auto-station-bologna-663756905.htm,19000,4,2022,92875,automatico,Ibrido,122,Business,Base,1.8 Hybrid,Rivenditore,22,bentivoglio,40010,Emilia-Romagna,Nord-est
TOYOTA COROLLA TS 1.8 HYBRID BUSINESS AUTO STATION,https://www.subito.it/auto/toyota-corolla-ts-1-8-hybrid-business-auto-station-roma-663756807.htm,19000,4,2022,92875,automatico,Ibrido,122,Business,Base,1.8 Hybrid,Rivenditore,326,roma,118,Lazio,Centro
TOYOTA Corolla 1.8 Hybrid Business Uniprò Navig,https://www.subito.it/auto/toyota-corolla-1-8-hybrid-business-unipro-navig-roma-655237817.htm,18500,4,2022,111000,automatico,Ibrido,122,Business,Base,1.8 Hybrid,Rivenditore,329,tivoli,19,Lazio,Centro
Toyota Corolla Touring Sports 1.8 Hybrid Style,https://www.subito.it/auto/toyota-corolla-touring-sports-1-8-hybrid-style-napoli-663745734.htm,14600,5,2021,140602,automatico,Ibrido,122,Style,Middle,1.8 Hybrid,Rivenditore,512,striano,80040,Campania,Sud
Toyota Corolla 1.8 Hybrid Style GARANZIA 12 MESI,https://www.subito.it/auto/toyota-corolla-1-8-hybrid-style-garanzia-12-mesi-forli-cesena-663721363.htm,13500,6,2020,153000,automatico,Ibrido,122,Style,Middle,1.8 Hybrid,Rivenditore,87,forli,47121,Emilia-Romagna,Nord-est
Toyota Corolla Touring Sports 1.8h Active cvt,https://www.subito.it/auto/toyota-corolla-touring-sports-1-8h-active-cvt-cuneo-663705749.htm,17900,4,2022,98456,automatico,Diesel,122,Active,Base,1.8 Hybrid,Rivenditore,259,bra,12042,Piemonte,Nord-ovest
Toyota Corolla Touring Sports 1.8h Active auto,https://www.subito.it/auto/toyota-corolla-touring-sports-1-8h-active-auto-cuneo-663705748.htm,19400,3,2023,83739,automatico,Diesel,122,Active,Base,1.8 Hybrid,Rivenditore,259,bra,12042,Piemonte,Nord-ovest
Toyota Corolla Touring Sports 2.0 Hybrid Business ,https://www.subito.it/auto/toyota-corolla-touring-sports-2-0-hybrid-business-roma-663476518.htm,17500,5,2021,118000,automatico,Ibrido,184,Business,Base,2.0 Hybrid,Rivenditore,326,roma,118,Lazio,Centro
TOYOTA Corolla 1.8 Hybrid Active,https://www.subito.it/auto/toyota-corolla-1-8-hybrid-active-reggio-calabria-656486000.htm,16900,5,2021,56240,automatico,Ibrido,122,Active,Base,1.8 Hybrid,Rivenditore,819,reggio calabria,89121,Calabria,Sud
Toyota Corolla 1.8h Business cvt,https://www.subito.it/auto/toyota-corolla-1-8h-business-cvt-sassari-642502494.htm,23500,4,2022,50000,automatico,Diesel,122,Business,Base,1.8 Hybrid,Rivenditore,485,sassari,7100,Sardegna,Isole
TOYOTA Corolla touring sports 1.8h active auto,https://www.subito.it/auto/toyota-corolla-touring-sports-1-8h-active-auto-padova-663628521.htm,29300,0,2026,10,automatico,Diesel,122,Active,Base,1.8 Hybrid,Rivenditore,106,limena,35010,Veneto,Nord-est
Toyota Corolla 1.8 Hybrid Business,https://www.subito.it/auto/toyota-corolla-1-8-hybrid-business-roma-661268407.htm,17900,4,2022,99367,automatico,Ibrido,122,Business,Base,1.8 Hybrid,Rivenditore,326,roma,118,Lazio,Centro
Toyota Corolla Touring Sports 2.0h Business (...,https://www.subito.it/auto/toyota-corolla-touring-sports-2-0h-business-udine-663572894.htm,20501,6,2020,74997,automatico,Diesel,184,Business,Base,2.0 Hybrid,Rivenditore,242,tolmezzo,33028,Friuli-Venezia Giulia,Nord-est
TOYOTA Corolla 1.8 Hybrid Active,https://www.subito.it/auto/toyota-corolla-1-8-hybrid-active-reggio-calabria-663550778.htm,20900,5,2021,43257,automatico,Ibrido,122,Active,Base,1.8 Hybrid,Rivenditore,819,reggio calabria,89121,Calabria,Sud
TOYOTA COROLLA TS 1.8 HYBRID BUSINESS TECH AUTO ST,https://www.subito.it/auto/toyota-corolla-ts-1-8-hybrid-business-tech-auto-st-napoli-663537312.htm,17000,4,2022,146993,automatico,Ibrido,122,Business,Base,1.8 Hybrid,Rivenditore,488,pozzuoli,80078,Campania,Sud
TOYOTA COROLLA TS 1.8 HYBRID BUSINESS TECH AUTO ST,https://www.subito.it/auto/toyota-corolla-ts-1-8-hybrid-business-tech-auto-st-roma-663536965.htm,17000,4,2022,146993,automatico,Ibrido,122,Business,Base,1.8 Hybrid,Rivenditore,326,roma,118,Lazio,Centro
TOYOTA COROLLA TS 1.8 HYBRID BUSINESS TECH AUTO ST,https://www.subito.it/auto/toyota-corolla-ts-1-8-hybrid-business-tech-auto-st-firenze-663536861.htm,17000,4,2022,146993,automatico,Ibrido,122,Business,Base,1.8 Hybrid,Rivenditore,99,firenze,50121,Toscana,Centro
TOYOTA COROLLA TS 1.8 HYBRID BUSINESS TECH AUTO ST,https://www.subito.it/auto/toyota-corolla-ts-1-8-hybrid-business-tech-auto-st-bologna-663536688.htm,17000,4,2022,146993,automatico,Ibrido,122,Business,Base,1.8 Hybrid,Rivenditore,22,bentivoglio,40010,Emilia-Romagna,Nord-est
TOYOTA COROLLA TS 1.8 HYBRID BUSINESS TECH AUTO ST,https://www.subito.it/auto/toyota-corolla-ts-1-8-hybrid-business-tech-auto-st-verona-663536575.htm,17000,4,2022,146993,automatico,Ibrido,122,Business,Base,1.8 Hybrid,Rivenditore,86,verona,37121,Veneto,Nord-est
Toyota Corolla Touring Sports 1.8 Hybrid Active NE,https://www.subito.it/auto/toyota-corolla-touring-sports-1-8-hybrid-active-ne-roma-663094681.htm,17900,3,2023,110000,automatico,Ibrido,122,Active,Base,1.8 Hybrid,Rivenditore,326,roma,118,Lazio,Centro
Toyota Corolla Touring Sports 1.8 Hybrid Business ,https://www.subito.it/auto/toyota-corolla-touring-sports-1-8-hybrid-business-roma-658750798.htm,17900,3,2023,103000,automatico,Ibrido,122,Business,Base,1.8 Hybrid,Rivenditore,326,roma,118,Lazio,Centro
TOYOTA Corolla 1.8 Hybrid Business IBRIDO + GPL,https://www.subito.it/auto/toyota-corolla-1-8-hybrid-business-ibrido-gpl-padova-642350096.htm,18700,7,2019,56000,automatico,Benzina,122,Business,Base,1.8 Hybrid,Rivenditore,99,rubano,35030,Veneto,Nord-est
TOYOTA Corolla 1.8 Hybrid Active-GARANZIA,https://www.subito.it/auto/toyota-corolla-1-8-hybrid-active-garanzia-pavia-634755565.htm,16400,7,2019,89000,automatico,Ibrido,122,Active,Base,1.8 Hybrid,Rivenditore,163,casatisma,27040,Lombardia,Nord-ovest
Toyota Corolla 1.8 Hybrid Business,https://www.subito.it/auto/toyota-corolla-1-8-hybrid-business-torino-640082321.htm,17990,6,2020,83000,automatico,Ibrido,122,Business,Base,1.8 Hybrid,Rivenditore,276,torino,10121,Piemonte,Nord-ovest
Toyota Corolla Hybrid Active BR573716 1.8 Full Hyb,https://www.subito.it/auto/toyota-corolla-hybrid-active-br573716-1-8-full-hyb-milano-663015162.htm,16490,5,2021,87807,automatico,Ibrido,122,Active,Base,1.8 Hybrid,Rivenditore,180,cinisello balsamo,20092,Lombardia,Nord-ovest
Toyota Corolla Hybrid Active BR573716 1.8 Full Hyb,https://www.subito.it/auto/toyota-corolla-hybrid-active-br573716-1-8-full-hyb-reggio-emilia-663015007.htm,16490,5,2021,87807,automatico,Ibrido,122,Active,Base,1.8 Hybrid,Rivenditore,40,reggio emilia,42121,Emilia-Romagna,Nord-est
Toyota Corolla Touring Sports 1.8h Active cvt,https://www.subito.it/auto/toyota-corolla-touring-sports-1-8h-active-cvt-cuneo-662946452.htm,17400,5,2021,83668,automatico,Diesel,122,Active,Base,1.8 Hybrid,Rivenditore,259,bra,12042,Piemonte,Nord-ovest
Toyota Corolla 1.8h GR Sport bi-tone auto,https://www.subito.it/auto/toyota-corolla-1-8h-gr-sport-bi-tone-auto-cuneo-662946458.htm,26400,3,2023,32811,automatico,Diesel,122,GR Sport,Sport,1.8 Hybrid,Rivenditore,286,cuneo,12100,Piemonte,Nord-ovest
Toyota Corolla 1.8 Hybrid Active,https://www.subito.it/auto/toyota-corolla-1-8-hybrid-active-monza-662917644.htm,14900,7,2019,140000,automatico,Ibrido,122,Active,Base,1.8 Hybrid,Rivenditore,189,cesano maderno,20811,Lombardia,Nord-ovest
TOYOTA Corolla (2018--->) Corolla 2.0 Hybrid Style,https://www.subito.it/auto/toyota-corolla-2018-corolla-2-0-hybrid-style-verona-662874578.htm,19400,5,2021,65154,automatico,Ibrido,184,Style,Middle,2.0 Hybrid,Rivenditore,86,verona,37121,Veneto,Nord-est
TOYOTA Corolla (2018--->) Corolla Active 1.8 Hybri,https://www.subito.it/auto/toyota-corolla-2018-corolla-active-1-8-hybri-verona-662874550.htm,28900,0,2026,2013,automatico,Ibrido,122,Active,Base,1.8 Hybrid,Rivenditore,86,verona,37121,Veneto,Nord-est
Toyota Corolla Touring Sports 1.8h Business Tech c,https://www.subito.it/auto/toyota-corolla-touring-sports-1-8h-business-tech-c-milano-662872802.htm,17800,4,2022,126800,automatico,Diesel,122,Business,Base,1.8 Hybrid,Rivenditore,189,arese,20044,Lombardia,Nord-ovest
Toyota Corolla 1.8 hybrid Active cvt,https://www.subito.it/auto/toyota-corolla-1-8-hybrid-active-cvt-torino-662866923.htm,18900,5,2021,74901,automatico,Ibrido,122,Active,Base,1.8 Hybrid,Rivenditore,276,torino,10121,Piemonte,Nord-ovest
Toyota Corolla 2.0 Hybrid Lounge,https://www.subito.it/auto/toyota-corolla-2-0-hybrid-lounge-monza-662830681.htm,14900,7,2019,158000,automatico,Ibrido,184,Lounge,Middle,2.0 Hybrid,Rivenditore,174,brugherio,20861,Lombardia,Nord-ovest
Toyota Corolla TS Hybrid Business BR979600 1.8 Ful,https://www.subito.it/auto/toyota-corolla-ts-hybrid-business-br979600-1-8-ful-reggio-emilia-662792407.htm,16290,4,2022,120837,automatico,Ibrido,122,Business,Base,1.8 Hybrid,Rivenditore,40,reggio emilia,42121,Emilia-Romagna,Nord-est
Toyota Corolla TS Hybrid Business BR979600 1.8 Ful,https://www.subito.it/auto/toyota-corolla-ts-hybrid-business-br979600-1-8-ful-milano-662792375.htm,16290,4,2022,120837,automatico,Ibrido,122,Business,Base,1.8 Hybrid,Rivenditore,180,cinisello balsamo,20092,Lombardia,Nord-ovest
Toyota Corolla Touring Sports 2.0h Style cvt,https://www.subito.it/auto/toyota-corolla-touring-sports-2-0h-style-cvt-varese-662682337.htm,22400,6,2020,53972,automatico,Diesel,184,Style,Middle,2.0 Hybrid,Rivenditore,222,varese,21100,Lombardia,Nord-ovest
Toyota Corolla TS Hybrid Business BR924602 1.8 Ful,https://www.subito.it/auto/toyota-corolla-ts-hybrid-business-br924602-1-8-ful-milano-662618387.htm,16290,4,2022,122068,automatico,Ibrido,122,Business,Base,1.8 Hybrid,Rivenditore,180,cinisello balsamo,20092,Lombardia,Nord-ovest
Toyota Corolla TS Hybrid Business BR924602 1.8 Ful,https://www.subito.it/auto/toyota-corolla-ts-hybrid-business-br924602-1-8-ful-reggio-emilia-662618375.htm,16290,4,2022,122068,automatico,Ibrido,122,Business,Base,1.8 Hybrid,Rivenditore,40,reggio emilia,42121,Emilia-Romagna,Nord-est
Toyota Corolla TS Hybrid Active 1.8,https://www.subito.it/auto/toyota-corolla-ts-hybrid-active-1-8-varese-662517061.htm,20000,4,2022,27300,automatico,Ibrido,122,Active,Base,1.8 Hybrid,Privato,208,busto arsizio,21052,Lombardia,Nord-ovest
Toyota Corolla Touring Sports 1.8 Hybrid Business,https://www.subito.it/auto/toyota-corolla-touring-sports-1-8-hybrid-business-roma-659511774.htm,18900,5,2021,71000,automatico,Ibrido,122,Business,Base,1.8 Hybrid,Rivenditore,326,roma,118,Lazio,Centro
Toyota Corolla TS Hybrid Business BR099596 1.8 Ful,https://www.subito.it/auto/toyota-corolla-ts-hybrid-business-br099596-1-8-ful-milano-662160074.htm,16190,4,2022,105007,automatico,Ibrido,122,Business,Base,1.8 Hybrid,Rivenditore,180,cinisello balsamo,20092,Lombardia,Nord-ovest
Toyota Corolla TS Hybrid Business BR099596 1.8 Ful,https://www.subito.it/auto/toyota-corolla-ts-hybrid-business-br099596-1-8-ful-reggio-emilia-662160071.htm,16190,4,2022,105007,automatico,Ibrido,122,Business,Base,1.8 Hybrid,Rivenditore,40,reggio emilia,42121,Emilia-Romagna,Nord-est
TOYOTA Corolla TS 1.8 Hybrid Business Tech,https://www.subito.it/auto/toyota-corolla-ts-1-8-hybrid-business-tech-vicenza-662157677.htm,19800,4,2022,75000,automatico,Ibrido,122,Business,Base,1.8 Hybrid,Rivenditore,120,santorso,36014,Veneto,Nord-est
TOYOTA Corolla 1.2 116CV STYLE,https://www.subito.it/auto/toyota-corolla-1-2-116cv-style-rimini-662126626.htm,18500,5,2021,18500,manuale,Benzina,116,Style,Middle,,Rivenditore,132,rimini,47921,Emilia-Romagna,Nord-est
Toyota Corolla TS Hybrid Business BR151476 1.8 Ful,https://www.subito.it/auto/toyota-corolla-ts-hybrid-business-br151476-1-8-ful-milano-662123267.htm,16990,4,2022,80886,automatico,Ibrido,122,Business,Base,1.8 Hybrid,Rivenditore,180,cinisello balsamo,20092,Lombardia,Nord-ovest
Toyota Corolla TS Hybrid Business BR151476 1.8 Ful,https://www.subito.it/auto/toyota-corolla-ts-hybrid-business-br151476-1-8-ful-reggio-emilia-662123272.htm,16990,4,2022,80886,automatico,Ibrido,122,Business,Base,1.8 Hybrid,Rivenditore,40,reggio emilia,42121,Emilia-Romagna,Nord-est
TOYOTA Corolla touring sports 1.8h active auto,https://www.subito.it/auto/toyota-corolla-touring-sports-1-8h-active-auto-padova-662107715.htm,26900,3,2023,73700,automatico,Diesel,122,Active,Base,1.8 Hybrid,Rivenditore,88,due carrare,35020,Veneto,Nord-est
Toyota Corolla Touring Sports 1.8 Hybrid Style,https://www.subito.it/auto/toyota-corolla-touring-sports-1-8-hybrid-style-vicenza-662067713.htm,8800,3,2023,130000,automatico,Ibrido,122,Style,Middle,1.8 Hybrid,Rivenditore,103,vicenza,36100,Veneto,Nord-est
Toyota Corolla Hybrid Business Tech BR968390 1.8 F,https://www.subito.it/auto/toyota-corolla-hybrid-business-tech-br968390-1-8-f-reggio-emilia-662055229.htm,15090,5,2021,119003,automatico,Ibrido,122,Business,Base,1.8 Hybrid,Rivenditore,40,reggio emilia,42121,Emilia-Romagna,Nord-est
Toyota Corolla Hybrid Business Tech BR968390 1.8 F,https://www.subito.it/auto/toyota-corolla-hybrid-business-tech-br968390-1-8-f-milano-662055223.htm,15090,5,2021,119003,automatico,Ibrido,122,Business,Base,1.8 Hybrid,Rivenditore,180,cinisello balsamo,20092,Lombardia,Nord-ovest
Toyota Corolla TS Hybrid Business BR148061 1.8 Ful,https://www.subito.it/auto/toyota-corolla-ts-hybrid-business-br148061-1-8-ful-reggio-emilia-662039112.htm,16490,4,2022,96626,automatico,Ibrido,122,Business,Base,1.8 Hybrid,Rivenditore,40,reggio emilia,42121,Emilia-Romagna,Nord-est
Toyota Corolla TS Hybrid Business BR148061 1.8 Ful,https://www.subito.it/auto/toyota-corolla-ts-hybrid-business-br148061-1-8-ful-milano-662035644.htm,16490,4,2022,96626,automatico,Ibrido,122,Business,Base,1.8 Hybrid,Rivenditore,180,cinisello balsamo,20092,Lombardia,Nord-ovest
TOYOTA Corolla touring sports 1.8h active auto,https://www.subito.it/auto/toyota-corolla-touring-sports-1-8h-active-auto-padova-661986262.htm,22900,3,2023,79717,automatico,Diesel,122,Active,Base,1.8 Hybrid,Rivenditore,106,limena,35010,Veneto,Nord-est
TOYOTA Corolla touring sports 1.8h active auto,https://www.subito.it/auto/toyota-corolla-touring-sports-1-8h-active-auto-padova-661986249.htm,22900,3,2023,90875,automatico,Diesel,122,Active,Base,1.8 Hybrid,Rivenditore,106,limena,35010,Veneto,Nord-est
Toyota Corolla 1.8 Hybrid Style,https://www.subito.it/auto/toyota-corolla-1-8-hybrid-style-modena-661984818.htm,16900,7,2019,98958,automatico,Ibrido,122,Style,Middle,1.8 Hybrid,Rivenditore,23,carpi,41012,Emilia-Romagna,Nord-est
TOYOTA COROLLA TS 1.8 HYBRID BUSINESS AUTO STATION,https://www.subito.it/auto/toyota-corolla-ts-1-8-hybrid-business-auto-station-bologna-661984465.htm,18100,4,2022,89477,automatico,Ibrido,122,Business,Base,1.8 Hybrid,Rivenditore,22,bentivoglio,40010,Emilia-Romagna,Nord-est
TOYOTA COROLLA TS 1.8 HYBRID BUSINESS AUTO STATION,https://www.subito.it/auto/toyota-corolla-ts-1-8-hybrid-business-auto-station-firenze-661984452.htm,19000,4,2022,75798,automatico,Ibrido,122,Business,Base,1.8 Hybrid,Rivenditore,99,firenze,50121,Toscana,Centro
TOYOTA COROLLA TS 1.8 HYBRID BUSINESS AUTO STATION,https://www.subito.it/auto/toyota-corolla-ts-1-8-hybrid-business-auto-station-bologna-661984411.htm,19000,4,2022,75798,automatico,Ibrido,122,Business,Base,1.8 Hybrid,Rivenditore,22,bentivoglio,40010,Emilia-Romagna,Nord-est
TOYOTA COROLLA TS 1.8 HYBRID BUSINESS AUTO STATION,https://www.subito.it/auto/toyota-corolla-ts-1-8-hybrid-business-auto-station-roma-661984387.htm,19000,4,2022,75798,automatico,Ibrido,122,Business,Base,1.8 Hybrid,Rivenditore,326,roma,118,Lazio,Centro
TOYOTA COROLLA TS 1.8 HYBRID BUSINESS AUTO STATION,https://www.subito.it/auto/toyota-corolla-ts-1-8-hybrid-business-auto-station-verona-661984343.htm,18100,4,2022,89477,automatico,Ibrido,122,Business,Base,1.8 Hybrid,Rivenditore,86,verona,37121,Veneto,Nord-est
TOYOTA COROLLA TS 1.8 HYBRID BUSINESS AUTO STATION,https://www.subito.it/auto/toyota-corolla-ts-1-8-hybrid-business-auto-station-napoli-661984352.htm,18100,4,2022,89477,automatico,Ibrido,122,Business,Base,1.8 Hybrid,Rivenditore,488,pozzuoli,80078,Campania,Sud
TOYOTA COROLLA TS 1.8 HYBRID BUSINESS AUTO STATION,https://www.subito.it/auto/toyota-corolla-ts-1-8-hybrid-business-auto-station-napoli-661984372.htm,19000,4,2022,75798,automatico,Ibrido,122,Business,Base,1.8 Hybrid,Rivenditore,488,pozzuoli,80078,Campania,Sud
TOYOTA COROLLA TS 1.8 HYBRID BUSINESS AUTO STATION,https://www.subito.it/auto/toyota-corolla-ts-1-8-hybrid-business-auto-station-roma-661984340.htm,18100,4,2022,89477,automatico,Ibrido,122,Business,Base,1.8 Hybrid,Rivenditore,326,roma,118,Lazio,Centro
TOYOTA COROLLA TS 1.8 HYBRID BUSINESS AUTO STATION,https://www.subito.it/auto/toyota-corolla-ts-1-8-hybrid-business-auto-station-firenze-661984332.htm,18100,4,2022,89477,automatico,Ibrido,122,Business,Base,1.8 Hybrid,Rivenditore,99,firenze,50121,Toscana,Centro
TOYOTA COROLLA TS 1.8 HYBRID BUSINESS AUTO STATION,https://www.subito.it/auto/toyota-corolla-ts-1-8-hybrid-business-auto-station-verona-661984316.htm,19000,4,2022,75798,automatico,Ibrido,122,Business,Base,1.8 Hybrid,Rivenditore,86,verona,37121,Veneto,Nord-est
Toyota Corolla 1.8 Hybrid Style,https://www.subito.it/auto/toyota-corolla-1-8-hybrid-style-modena-661983423.htm,16900,7,2019,98958,automatico,Ibrido,122,Style,Middle,1.8 Hybrid,Rivenditore,23,carpi,41012,Emilia-Romagna,Nord-est
Toyota Corolla Touring Sports 1.8 hybrid Business,https://www.subito.it/auto/toyota-corolla-touring-sports-1-8-hybrid-business-parma-661932424.htm,20700,5,2021,31766,automatico,Ibrido,122,Business,Base,1.8 Hybrid,Rivenditore,65,parma,43121,Emilia-Romagna,Nord-est
Toyota Corolla TS Hybrid Active BR164246 1.8 Full ,https://www.subito.it/auto/toyota-corolla-ts-hybrid-active-br164246-1-8-full-milano-661857509.htm,16690,4,2022,105402,automatico,Ibrido,122,Active,Base,1.8 Hybrid,Rivenditore,180,cinisello balsamo,20092,Lombardia,Nord-ovest
Toyota Corolla TS Hybrid Active BR164246 1.8 Full ,https://www.subito.it/auto/toyota-corolla-ts-hybrid-active-br164246-1-8-full-reggio-emilia-661857506.htm,16690,4,2022,105402,automatico,Ibrido,122,Active,Base,1.8 Hybrid,Rivenditore,40,reggio emilia,42121,Emilia-Romagna,Nord-est
Toyota Corolla TS Hybrid Active BR228959 1.8 Full ,https://www.subito.it/auto/toyota-corolla-ts-hybrid-active-br228959-1-8-full-reggio-emilia-661857498.htm,15690,4,2022,119126,automatico,Ibrido,122,Active,Base,1.8 Hybrid,Rivenditore,40,reggio emilia,42121,Emilia-Romagna,Nord-est
Toyota Corolla TS Hybrid Active BR228959 1.8 Full ,https://www.subito.it/auto/toyota-corolla-ts-hybrid-active-br228959-1-8-full-milano-661857501.htm,15690,4,2022,119126,automatico,Ibrido,122,Active,Base,1.8 Hybrid,Rivenditore,180,cinisello balsamo,20092,Lombardia,Nord-ovest
Toyota Corolla Touring Sports 1.8h GR Sport,https://www.subito.it/auto/toyota-corolla-touring-sports-1-8h-gr-sport-roma-661790070.htm,28990,2,2024,43000,automatico,Diesel,122,GR Sport,Sport,1.8 Hybrid,Rivenditore,326,roma,118,Lazio,Centro
Toyota Corolla Touring Sports 1.8h Active,https://www.subito.it/auto/toyota-corolla-touring-sports-1-8h-active-roma-661787263.htm,19100,3,2023,82538,automatico,Diesel,122,Active,Base,1.8 Hybrid,Rivenditore,326,roma,118,Lazio,Centro
Toyota Corolla Touring Sports 1.8h Active,https://www.subito.it/auto/toyota-corolla-touring-sports-1-8h-active-monza-661786314.htm,29900,0,2026,0,automatico,Diesel,122,Active,Base,1.8 Hybrid,Rivenditore,178,monza,20900,Lombardia,Nord-ovest
Toyota Corolla Touring Sports 1.8 hybrid Style cvt,https://www.subito.it/auto/toyota-corolla-touring-sports-1-8-hybrid-style-cvt-perugia-661782701.htm,16000,7,2019,168800,automatico,Ibrido,122,Style,Middle,1.8 Hybrid,Rivenditore,200,perugia,6121,Umbria,Centro
Toyota Corolla Touring Sports 1.8h Active,https://www.subito.it/auto/toyota-corolla-touring-sports-1-8h-active-roma-661776985.htm,18499,3,2023,100522,automatico,Diesel,122,Active,Base,1.8 Hybrid,Rivenditore,326,roma,118,Lazio,Centro
Toyota Corolla 1.8 Hybrid Active,https://www.subito.it/auto/toyota-corolla-1-8-hybrid-active-modena-661768942.htm,15500,4,2022,123246,automatico,Ibrido,122,Active,Base,1.8 Hybrid,Rivenditore,16,modena,41121,Emilia-Romagna,Nord-est
Toyota Corolla 1.8 Hybrid Active,https://www.subito.it/auto/toyota-corolla-1-8-hybrid-active-modena-661768727.htm,15500,4,2022,123246,automatico,Ibrido,122,Active,Base,1.8 Hybrid,Rivenditore,16,modena,41121,Emilia-Romagna,Nord-est
Toyota Corolla TS Hybrid Business BR175018 1.8 Ful,https://www.subito.it/auto/toyota-corolla-ts-hybrid-business-br175018-1-8-ful-milano-661751380.htm,15790,4,2022,122849,automatico,Ibrido,122,Business,Base,1.8 Hybrid,Rivenditore,180,cinisello balsamo,20092,Lombardia,Nord-ovest
Toyota Corolla TS Hybrid Business BR175018 1.8 Ful,https://www.subito.it/auto/toyota-corolla-ts-hybrid-business-br175018-1-8-ful-reggio-emilia-661749790.htm,15790,4,2022,122849,automatico,Ibrido,122,Business,Base,1.8 Hybrid,Rivenditore,40,reggio emilia,42121,Emilia-Romagna,Nord-est
TOYOTA Corolla touring sports 1.8h gr sport auto,https://www.subito.it/auto/toyota-corolla-touring-sports-1-8h-gr-sport-auto-padova-661694320.htm,27900,2,2024,23245,automatico,Diesel,122,GR Sport,Sport,1.8 Hybrid,Rivenditore,106,limena,35010,Veneto,Nord-est
Toyota Corolla 1.8 Hybrid Style,https://www.subito.it/auto/toyota-corolla-1-8-hybrid-style-varese-661625396.htm,20900,4,2022,91074,automatico,Ibrido,122,Style,Middle,1.8 Hybrid,Rivenditore,222,varese,21100,Lombardia,Nord-ovest
TOYOTA COROLLA 2.0 Hybrid GR Sport,https://www.subito.it/auto/toyota-corolla-2-0-hybrid-gr-sport-livorno-655498917.htm,25000,3,2023,15000,automatico,Ibrido,184,GR Sport,Sport,2.0 Hybrid,Privato,140,livorno,57121,Toscana,Centro
TOYOTA - Corolla Cross - 1.8 Hybrid 140cv Trend,https://www.subito.it/auto/toyota-corolla-cross-1-8-hybrid-140cv-trend-potenza-661350641.htm,28800,2,2024,25274,automatico,Ibrido,140,Trend,Middle,1.8 Hybrid,Rivenditore,588,potenza,85100,Basilicata,Sud
Toyota Corolla 1.8 style 122 cv,https://www.subito.it/auto/toyota-corolla-1-8-style-122-cv-foggia-661329742.htm,16900,7,2019,110000,automatico,Ibrido,122,Style,Middle,1.8 Hybrid,Privato,478,san severo,71016,Puglia,Sud
TOYOTA Corolla 1.8 Hybrid Active,https://www.subito.it/auto/toyota-corolla-1-8-hybrid-active-milano-661269581.htm,14900,4,2022,127000,automatico,Ibrido,122,Active,Base,1.8 Hybrid,Rivenditore,177,milano,20121,Lombardia,Nord-ovest
Toyota Corolla 1.8 Style,https://www.subito.it/auto/toyota-corolla-1-8-style-vicenza-656764914.htm,17500,7,2019,122000,automatico,Ibrido,122,Style,Middle,1.8 Hybrid,Privato,103,vicenza,36100,Veneto,Nord-est
TOYOTA Corolla touring sports 1.8h active auto,https://www.subito.it/auto/toyota-corolla-touring-sports-1-8h-active-auto-padova-661077779.htm,22900,3,2023,88334,automatico,Diesel,122,Active,Base,1.8 Hybrid,Rivenditore,106,limena,35010,Veneto,Nord-est
TOYOTA Corolla touring sports 1.8h active auto,https://www.subito.it/auto/toyota-corolla-touring-sports-1-8h-active-auto-padova-661077766.htm,22900,3,2023,82891,automatico,Diesel,122,Active,Base,1.8 Hybrid,Rivenditore,106,limena,35010,Veneto,Nord-est
TOYOTA Corolla touring sports 1.8h active auto,https://www.subito.it/auto/toyota-corolla-touring-sports-1-8h-active-auto-venezia-661077666.htm,22900,3,2023,78968,automatico,Diesel,122,Active,Base,1.8 Hybrid,Rivenditore,127,venezia,30121,Veneto,Nord-est
TOYOTA Corolla Touring Sports 2.0 Hybrid Lounge,https://www.subito.it/auto/toyota-corolla-touring-sports-2-0-hybrid-lounge-roma-660748790.htm,15299,7,2019,115000,automatico,Ibrido,184,Lounge,Middle,2.0 Hybrid,Rivenditore,326,roma,118,Lazio,Centro
TOYOTA Corolla Active 1.8 Hybrid TS,https://www.subito.it/auto/toyota-corolla-active-1-8-hybrid-ts-barletta-andria-trani-660738497.htm,19890,3,2023,103909,automatico,Ibrido,122,Active,Base,1.8 Hybrid,Rivenditore,572,trani,76125,Puglia,Sud
Toyota Corolla 1.8h Style cvt,https://www.subito.it/auto/toyota-corolla-1-8h-style-cvt-siracusa-660699813.htm,19300,4,2022,89905,automatico,Diesel,122,Style,Middle,1.8 Hybrid,Rivenditore,882,carlentini,96013,Sicilia,Isole
Toyota Corolla 1.8 Hybrid Business,https://www.subito.it/auto/toyota-corolla-1-8-hybrid-business-lucca-660650501.htm,16500,7,2019,120000,automatico,Ibrido,122,Business,Base,1.8 Hybrid,Rivenditore,106,pietrasanta,55045,Toscana,Centro
Toyota Corolla 1.8 Hybrid Style PREZZO REALE SENZA,https://www.subito.it/auto/toyota-corolla-1-8-hybrid-style-prezzo-reale-senza-roma-660424585.htm,15900,4,2022,116000,automatico,Ibrido,122,Style,Middle,1.8 Hybrid,Rivenditore,350,pomezia,71,Lazio,Centro
Toyota Corolla Touring Sports 1.8 Hybrid Business ,https://www.subito.it/auto/toyota-corolla-touring-sports-1-8-hybrid-business-reggio-emilia-660302647.htm,17999,4,2022,70000,automatico,Ibrido,122,Business,Base,1.8 Hybrid,Rivenditore,40,reggio emilia,42121,Emilia-Romagna,Nord-est
TOYOTA Corolla Touring Sports 1.8 Hybrid Active,https://www.subito.it/auto/toyota-corolla-touring-sports-1-8-hybrid-active-roma-660229261.htm,22500,4,2022,41866,automatico,Ibrido,122,Active,Base,1.8 Hybrid,Rivenditore,326,roma,118,Lazio,Centro
Toyota Corolla Touring Sports 1.8 Hybrid Business,https://www.subito.it/auto/toyota-corolla-touring-sports-1-8-hybrid-business-roma-660162119.htm,15900,6,2020,111000,automatico,Ibrido,122,Business,Base,1.8 Hybrid,Rivenditore,326,roma,118,Lazio,Centro
Toyota Corolla 1.8 Hybrid Active,https://www.subito.it/auto/toyota-corolla-1-8-hybrid-active-varese-660152865.htm,18250,5,2021,85960,automatico,Ibrido,122,Active,Base,1.8 Hybrid,Rivenditore,222,varese,21100,Lombardia,Nord-ovest
Toyota Corolla 2.0 Hybrid Lounge,https://www.subito.it/auto/toyota-corolla-2-0-hybrid-lounge-bologna-659123709.htm,18900,6,2020,103473,automatico,Ibrido,184,Lounge,Middle,2.0 Hybrid,Rivenditore,30,san lazzaro savena,40068,Emilia-Romagna,Nord-est
TOYOTA Corolla Touring Sports 1.8 Hybrid Active,https://www.subito.it/auto/toyota-corolla-touring-sports-1-8-hybrid-active-vercelli-659885710.htm,21600,4,2022,43500,automatico,Ibrido,122,Active,Base,1.8 Hybrid,Rivenditore,225,vercelli,13100,Piemonte,Nord-ovest
Toyota Corolla Touring Sports 1.8 Hybrid Business ,https://www.subito.it/auto/toyota-corolla-touring-sports-1-8-hybrid-business-pavia-659832967.htm,17999,5,2021,35614,automatico,Ibrido,122,Business,Base,1.8 Hybrid,Rivenditore,157,linarolo,27010,Lombardia,Nord-ovest
Toyota Corolla SW Hybrid Business NO OBBL. FINANZ.,https://www.subito.it/auto/toyota-corolla-sw-hybrid-business-no-obbl-finanz-roma-659600359.htm,20800,6,2020,60000,automatico,Ibrido,122,Business,Base,1.8 Hybrid,Rivenditore,326,roma,118,Lazio,Centro
Toyota Corolla SW Hybrid Business NO OBBL. FINANZ.,https://www.subito.it/auto/toyota-corolla-sw-hybrid-business-no-obbl-finanz-roma-659600357.htm,16800,6,2020,106000,automatico,Ibrido,122,Business,Base,1.8 Hybrid,Rivenditore,326,roma,118,Lazio,Centro
Toyota Corolla SW Hybrid Business NO OBBL. FINANZ.,https://www.subito.it/auto/toyota-corolla-sw-hybrid-business-no-obbl-finanz-roma-659600262.htm,21800,4,2022,49000,automatico,Ibrido,122,Business,Base,1.8 Hybrid,Rivenditore,326,roma,118,Lazio,Centro
Toyota Corolla SW Hybrid Business NO OBBL. FINANZ.,https://www.subito.it/auto/toyota-corolla-sw-hybrid-business-no-obbl-finanz-roma-659600276.htm,19800,5,2021,63000,automatico,Ibrido,122,Business,Base,1.8 Hybrid,Rivenditore,326,roma,118,Lazio,Centro
Toyota Corolla SW Hybrid NO OBBL. FINANZ. Business,https://www.subito.it/auto/toyota-corolla-sw-hybrid-no-obbl-finanz-business-roma-659600228.htm,17800,5,2021,98000,automatico,Ibrido,122,Business,Base,1.8 Hybrid,Rivenditore,326,roma,118,Lazio,Centro
Toyota Corolla TS 1.8 Hybrid Business NO OBBL. FIN,https://www.subito.it/auto/toyota-corolla-ts-1-8-hybrid-business-no-obbl-fin-roma-659600154.htm,22800,5,2021,75000,automatico,Ibrido,122,Business,Base,1.8 Hybrid,Rivenditore,326,roma,118,Lazio,Centro
Toyota Corolla TS 1.8 Hybrid Business Tech,https://www.subito.it/auto/toyota-corolla-ts-1-8-hybrid-business-tech-roma-659600104.htm,19800,5,2021,97000,automatico,Ibrido,122,Business,Base,1.8 Hybrid,Rivenditore,326,roma,118,Lazio,Centro
Toyota Corolla Touring Sports 1.8h Business cvt,https://www.subito.it/auto/toyota-corolla-touring-sports-1-8h-business-cvt-siracusa-659387904.htm,17900,6,2020,61000,automatico,Ibrido,122,Business,Base,1.8 Hybrid,Rivenditore,896,melilli,96010,Sicilia,Isole
Toyota corolla 2.0 hybrid lounge,https://www.subito.it/auto/toyota-corolla-2-0-hybrid-lounge-treviso-659334371.htm,18500,6,2020,84000,automatico,Ibrido,184,Lounge,Middle,2.0 Hybrid,Privato,163,oderzo,31046,Veneto,Nord-est
Toyota Corolla Touring Sports Hybrid 1.8 Style,https://www.subito.it/auto/toyota-corolla-touring-sports-hybrid-1-8-style-cagliari-659286822.htm,19000,5,2021,76000,automatico,Ibrido,122,Style,Middle,1.8 Hybrid,Privato,628,cagliari,9121,Sardegna,Isole
Toyota Corolla 2.0 Hybrid Lounge,https://www.subito.it/auto/toyota-corolla-2-0-hybrid-lounge-bologna-659124527.htm,18900,6,2020,103473,automatico,Ibrido,184,Lounge,Middle,2.0 Hybrid,Rivenditore,30,san lazzaro savena,40068,Emilia-Romagna,Nord-est
Toyota Corolla GR Sport 1.8 Hybrid 2023 140CV,https://www.subito.it/auto/toyota-corolla-gr-sport-1-8-hybrid-2023-140cv-torino-658152136.htm,25000,3,2023,50000,automatico,Ibrido,140,GR Sport,Sport,1.8 Hybrid,Privato,288,rivoli,10098,Piemonte,Nord-ovest
TOYOTA Corolla 1.8 Hybrid Style,https://www.subito.it/auto/toyota-corolla-1-8-hybrid-style-torino-656495913.htm,20000,5,2021,46000,automatico,Ibrido,122,Style,Middle,1.8 Hybrid,Privato,276,torino,10121,Piemonte,Nord-ovest
TOYOTA Corolla touring sports 1.8h active auto,https://www.subito.it/auto/toyota-corolla-touring-sports-1-8h-active-auto-padova-656035816.htm,21900,3,2023,104153,automatico,Diesel,122,Active,Base,1.8 Hybrid,Rivenditore,106,limena,35010,Veneto,Nord-est
Toyota Corolla 2.0 Hybrid Style,https://www.subito.it/auto/toyota-corolla-2-0-hybrid-style-ragusa-655215815.htm,16200,7,2019,156000,automatico,Ibrido,184,Style,Middle,2.0 Hybrid,Privato,911,ragusa,97100,Sicilia,Isole
Toyota Corolla Hybrid Active,https://www.subito.it/auto/toyota-corolla-hybrid-active-roma-654586669.htm,21900,5,2021,59780,automatico,Ibrido,122,Active,Base,1.8 Hybrid,Rivenditore,326,roma,118,Lazio,Centro
Toyota Corolla 1.8h Style cvt,https://www.subito.it/auto/toyota-corolla-1-8h-style-cvt-verona-654312183.htm,17900,7,2019,68000,automatico,Diesel,122,Style,Middle,1.8 Hybrid,Rivenditore,102,affi,37010,Veneto,Nord-est
Toyota Corolla Touring Sports 2.0 Style (184CV),https://www.subito.it/auto/toyota-corolla-touring-sports-2-0-style-184cv-messina-654050676.htm,25500,5,2021,8500,automatico,Ibrido,184,Style,Middle,,Privato,793,milazzo,98057,Sicilia,Isole
Toyota Corolla Sport Trek 2.0 Hibrid 184cv,https://www.subito.it/auto/toyota-corolla-sport-trek-2-0-hibrid-184cv-modena-653112125.htm,21500,6,2020,97000,automatico,Ibrido,184,Trek,Middle,2.0 Hybrid,Privato,26,maranello,41053,Emilia-Romagna,Nord-est
TOYOTA Corolla Touring Sports 1.8 Hybrid Style,https://www.subito.it/auto/toyota-corolla-touring-sports-1-8-hybrid-style-treviso-651932793.htm,15600,7,2019,129000,automatico,Ibrido,122,Style,Middle,1.8 Hybrid,Rivenditore,141,treviso,31100,Veneto,Nord-est
Toyota Corolla 2.0 Hybrid GR SPORT,https://www.subito.it/auto/toyota-corolla-2-0-hybrid-gr-sport-catania-646905140.htm,20800,5,2021,113000,automatico,Ibrido,184,GR Sport,Sport,2.0 Hybrid,Rivenditore,861,catania,95121,Sicilia,Isole
Toyota Corolla 1.8 Hybrid Active,https://www.subito.it/auto/toyota-corolla-1-8-hybrid-active-salerno-649805260.htm,15900,6,2020,85369,automatico,Ibrido,122,Active,Base,1.8 Hybrid,Rivenditore,541,montecorvino pugliano,84090,Campania,Sud
Toyota Corolla 2.0h Lounge,https://www.subito.it/auto/toyota-corolla-2-0h-lounge-padova-645586417.htm,22000,5,2021,115000,automatico,Ibrido,184,Lounge,Middle,2.0 Hybrid,Privato,99,piove sacco,35028,Veneto,Nord-est
Toyota Corolla ST HYBRID ACTIVE,https://www.subito.it/auto/toyota-corolla-st-hybrid-active-bolzano-645093614.htm,26900,2,2024,22598,automatico,Ibrido,122,Active,Base,1.8 Hybrid,Rivenditore,187,ora,39040,Trentino-Alto Adige/Südtirol,Nord-est
Toyota Corolla 1.8 Hybrid Style Hatchback,https://www.subito.it/auto/toyota-corolla-1-8-hybrid-style-hatchback-ravenna-643648482.htm,17900,4,2022,87000,automatico,Ibrido,122,Style,Middle,1.8 Hybrid,Privato,57,conselice,48017,Emilia-Romagna,Nord-est
Toyota corolla touring sport 2.0 hybrid style,https://www.subito.it/auto/toyota-corolla-touring-sport-2-0-hybrid-style-cagliari-643219499.htm,20000,7,2019,90000,automatico,Ibrido,184,Style,Middle,2.0 Hybrid,Privato,628,cagliari,9121,Sardegna,Isole
"   Touring Sports 1.8h Active cvt"" 122cv",https://www.subito.it/auto/touring-sports-1-8h-active-cvt-122cv-cuneo-642030980.htm,22000,2,2024,40000,automatico,Ibrido,122,Active,Base,1.8 Hybrid,Privato,286,cuneo,12100,Piemonte,Nord-ovest
Toyota Corolla Touring Sports 1.8h Business Tech c,https://www.subito.it/auto/toyota-corolla-touring-sports-1-8h-business-tech-c-rovigo-642006537.htm,18199,4,2022,89800,automatico,Ibrido,122,Business,Base,1.8 Hybrid,Rivenditore,68,rovigo,45100,Veneto,Nord-est
TOYOTA Corolla 1.8 Hybrid Active,https://www.subito.it/auto/toyota-corolla-1-8-hybrid-active-varese-641693825.htm,14000,7,2019,145000,automatico,Ibrido,122,Active,Base,1.8 Hybrid,Privato,214,gallarate,21013,Lombardia,Nord-ovest
Toyota Corolla 1.8 Hybrid Style,https://www.subito.it/auto/toyota-corolla-1-8-hybrid-style-vicenza-637458831.htm,22900,4,2022,66130,automatico,Ibrido,122,Style,Middle,1.8 Hybrid,Rivenditore,117,schio,36015,Veneto,Nord-est
TOYOTA Corolla 1.8 HYBRID ACTIVE - BERLINA - NAV,https://www.subito.it/auto/toyota-corolla-1-8-hybrid-active-berlina-nav-monza-627990798.htm,21900,4,2022,50943,automatico,Ibrido,122,Active,Base,1.8 Hybrid,Rivenditore,178,monza,20900,Lombardia,Nord-ovest
