Annuncio,Link,Prezzo,Anni,Immatricolazione,Chilometraggio,Cambio,Carburante,CV,Allestimento,Allestimento_unificato,Modello,Venditore,Distanza,Comune,CAP,Regione,Area
SEAT Leon Sportstourer 1.5 tgi Style 130cv,https://www.autoscout24.it/annunci/seat-leon-sportstourer-1-5-tgi-style-130cv-metano-cat_ma64mo15869-0ca80c99-9ea3-41dc-9ab0-6b1bbca448c7,7000,4,2022,2900000,manuale,Metano,131,Style,Middle,1.5 TGI,Privato,144,san clemente,47832,Emilia-Romagna,Nord-est
SEAT Leon ST 1.6 tdi Style 115cv,https://www.autoscout24.it/annunci/seat-leon-st-1-6-tdi-style-115cv-diesel-cat_ma64mo15869-c0a49574-777f-4c77-987b-1f0a480ccda1,9700,0,2026,1150000,manuale,Diesel,131,Style,Middle,,Privato,750,palermo,90144,Sicilia,Isole
SEAT Leon Sportstourer 2.0 tdi Xcellence 150cv dsg - GF989SA,https://www.autoscout24.it/annunci/seat-leon-sportstourer-2-0-tdi-xcellence-150cv-dsg-gf989sa-diesel-grigio-cat_ma64mo15869-9f923c27-7223-4420-8447-2ba6fd9f5932,9500,5,2021,2800000,automatico,Diesel,131,Xcellence,Middle,2.0 TDI,Rivenditore,215,basiliano,33031,Friuli-Venezia Giulia,Nord-est
SEAT Leon Sportstourer Business DSG 2.0 Diesel 150CV,https://www.autoscout24.it/annunci/seat-leon-sportstourer-business-dsg-2-0-diesel-150cv-diesel-bianco-cat_ma64mo15869-46dd8806-ea2b-4276-9fec-fd6b0b45182a,10990,4,2022,1204400,automatico,Diesel,131,Business,Base,2.0 TDI,Rivenditore,180,cinisello balsamo,20092,Lombardia,Nord-ovest
SEAT Leon Sportstourer Business DSG 2.0 Diesel 150CV,https://www.autoscout24.it/annunci/seat-leon-sportstourer-business-dsg-2-0-diesel-150cv-diesel-bianco-cat_ma64mo15869-4d9d1e28-3ed8-4ee0-8719-ce285930a663,10990,4,2022,1204400,automatico,Diesel,131,Business,Base,2.0 TDI,Rivenditore,40,reggio emilia,42122,Emilia-Romagna,Nord-est
SEAT Leon Sportstourer Business DSG 2.0 Diesel 150CV,https://www.autoscout24.it/annunci/seat-leon-sportstourer-business-dsg-2-0-diesel-150cv-diesel-bianco-cat_ma64mo15869-d8d71423-08d1-410b-8223-1bcae8be48d5,10990,4,2022,1204400,automatico,Diesel,131,Business,Base,2.0 TDI,Rivenditore,27,granarolo emilia,40057,Emilia-Romagna,Nord-est
SEAT Leon Leon IV 2022 Sportstourer Sportstourer 2.0 tdi FR 150cv dsg,https://www.autoscout24.it/annunci/seat-leon-leon-iv-2022-sportstourer-sportstourer-2-0-tdi-fr-150cv-dsg-diesel-grigio-cat_ma64mo15869-5c321391-85f2-426a-89d2-f3519fded255,10999,4,2022,2180000,automatico,Diesel,131,FR,Sport,2.0 TDI,Rivenditore,142,fara olivana con sola,24058,Lombardia,Nord-ovest
SEAT Leon Sportstourer Business DSG 1.0 Mild Hybrid 110CV,https://www.autoscout24.it/annunci/seat-leon-sportstourer-business-dsg-1-0-mild-hybrid-110cv-elettrica-benzina-grigio-cat_ma64mo15869-3904e769-a537-4a2e-ab50-b160df9c6995,10990,4,2022,1257250,automatico,Ibrido,131,Business,Base,1.0 eTSI,Rivenditore,180,cinisello balsamo,20092,Lombardia,Nord-ovest
SEAT Leon Sportstourer Business DSG 1.0 Mild Hybrid 110CV,https://www.autoscout24.it/annunci/seat-leon-sportstourer-business-dsg-1-0-mild-hybrid-110cv-elettrica-benzina-grigio-cat_ma64mo15869-732961e3-1203-42fd-ae59-e1e37e568f89,10990,4,2022,1257250,automatico,Ibrido,131,Business,Base,1.0 eTSI,Rivenditore,27,granarolo emilia,40057,Emilia-Romagna,Nord-est
SEAT Leon Sportstourer Business DSG 1.0 Mild Hybrid 110CV,https://www.autoscout24.it/annunci/seat-leon-sportstourer-business-dsg-1-0-mild-hybrid-110cv-elettrica-benzina-grigio-cat_ma64mo15869-0433dd63-4585-46b7-a91d-f5816062bb6f,10990,4,2022,1257250,automatico,Ibrido,131,Business,Base,1.0 eTSI,Rivenditore,40,reggio emilia,42122,Emilia-Romagna,Nord-est
SEAT Leon Leon IV 2020 2.0 tdi FR 115cv,https://www.autoscout24.it/annunci/seat-leon-leon-iv-2020-2-0-tdi-fr-115cv-diesel-bianco-cat_ma64mo15869-a3dcbe18-9304-417d-ba1d-d63ac722943e,11990,4,2022,1500000,manuale,Diesel,131,FR,Sport,2.0 TDI,Rivenditore,142,fara olivana con sola,24058,Lombardia,Nord-ovest
SEAT Leon Leon IV 2020 1.5 tgi Business 130cv dsg,https://www.autoscout24.it/annunci/seat-leon-leon-iv-2020-1-5-tgi-business-130cv-dsg-metano-argento-cat_ma64mo15869-019ce21d-7d4a-4eaa-b11a-4a2ec34ca0bd,11500,5,2021,1480000,automatico,Metano,131,Business,Base,1.5 TGI,Privato,104,montelupo fiorentino,50056,Toscana,Centro
SEAT Leon Leon 1.0 tsi Business 110cv,https://www.autoscout24.it/annunci/seat-leon-leon-1-0-tsi-business-110cv-benzina-nero-cat_ma64mo15869-f43baa98-1da9-47e2-9abd-f9d8c3c4c457,11990,5,2021,770000,manuale,Benzina,131,Business,Base,1.0 TSI,Rivenditore,187,settimo milanese,20019,Lombardia,Nord-ovest
SEAT Leon Leon IV 2020 Sportstourer Sportstourer 1.0 etsi Business 110cv dsg,https://www.autoscout24.it/annunci/seat-leon-leon-iv-2020-sportstourer-sportstourer-1-0-etsi-business-110cv-dsg-elettrica-benzina-nero-cat_ma64mo15869-17f67596-c6d8-4f83-bb7b-67057554b802,12000,5,2021,1050000,automatico,Ibrido,131,Business,Base,1.0 eTSI,Privato,222,varese,21100,Lombardia,Nord-ovest
SEAT Leon ST  2.0 tdi  Business 150 cavalli dsg,https://www.autoscout24.it/annunci/seat-leon-st-2-0-tdi-business-150-cavalli-dsg-diesel-cat_ma64mo15869-e093ee4b-071c-415c-9dc9-eb98d98e28f5,11900,4,2022,1360000,automatico,Diesel,131,Business,Base,2.0 TDI,Privato,205,como,22100,Lombardia,Nord-ovest
SEAT Leon 1.5 eTSI 150cv XCELLENCE DSG,https://www.autoscout24.it/annunci/seat-leon-1-5-etsi-150cv-xcellence-dsg-elettrica-benzina-cat_ma64mo15869-6ec51ac2-c9d2-4897-b25b-d240a03a7304,11900,5,2021,1329800,automatico,Ibrido,131,Xcellence,Middle,1.5 eTSI,Rivenditore,30,san lazzaro savena,40068,Emilia-Romagna,Nord-est
SEAT Leon ST 1.6 tdi Business 115cv my20,https://www.autoscout24.it/annunci/seat-leon-st-1-6-tdi-business-115cv-my20-diesel-cat_ma64mo15869-b427a78d-39c6-4ec4-95d2-ee24e3775b66,11900,5,2021,1260000,manuale,Diesel,131,Business,Base,2.0 TDI,Privato,164,bressana bottarone,27042,Lombardia,Nord-ovest
SEAT Leon Sportstourer 1.5 etsi Business 150cv dsg,https://www.autoscout24.it/annunci/seat-leon-sportstourer-1-5-etsi-business-150cv-dsg-elettrica-benzina-cat_ma64mo15869-2d66c166-1edf-40f7-8b34-226c97b1aafc,11200,5,2021,1712000,automatico,Ibrido,131,Business,Base,1.5 eTSI,Privato,67,lugo,48022,Emilia-Romagna,Nord-est
SEAT Leon Leon IV 2020 Sportstourer Sportstourer 2.0 tdi Business 115cv,https://www.autoscout24.it/annunci/seat-leon-leon-iv-2020-sportstourer-sportstourer-2-0-tdi-business-115cv-diesel-argento-cat_ma64mo15869-7becbdee-c72d-489c-b220-5dd600bc746f,11900,4,2022,1700000,manuale,Diesel,131,Business,Base,2.0 TDI,Rivenditore,92,brendola,36040,Veneto,Nord-est
SEAT Leon ST 1.0 TSI 66 KW BUSINESS STATION WAGON,https://www.autoscout24.it/annunci/seat-leon-st-1-0-tsi-66-kw-business-station-wagon-benzina-cat_ma64mo15869-54ad5210-faa3-4a1d-bb82-e05c1886747a,11800,5,2021,970100,manuale,Benzina,131,Business,Base,1.0 TSI,Rivenditore,86,verona,37135,Veneto,Nord-est
SEAT Leon Leon IV 2020 1.0 etsi Style 110cv dsg,https://www.autoscout24.it/annunci/seat-leon-leon-iv-2020-1-0-etsi-style-110cv-dsg-elettrica-benzina-nero-cat_ma64mo15869-1cbdb3fe-5ee1-4d35-ab24-3fc85f9814c8,11999,5,2021,1040000,automatico,Ibrido,131,Style,Middle,1.0 eTSI,Rivenditore,180,corsico,20094,Lombardia,Nord-ovest
SEAT Leon IV 2023 Sportstourer 2.0 tdi Style 115cv IVA ESPOSTA,https://www.autoscout24.it/annunci/seat-leon-iv-2023-sportstourer-2-0-tdi-style-115cv-iva-esposta-diesel-nero-cat_ma64mo15869-4760a273-de24-48b7-afd0-c7991b41feb0,12999,3,2023,590000,manuale,Diesel,131,Style,Middle,2.0 TDI,Rivenditore,87,prato,59100,Toscana,Centro
SEAT Leon Leon Sportstourer Sportstourer 2.0 tdi Style 115cv PRONTA CONSEGNA,https://www.autoscout24.it/annunci/seat-leon-leon-sportstourer-sportstourer-2-0-tdi-style-115cv-pronta-consegna-diesel-nero-cat_ma64mo15869-771c3f89-f7e2-40bd-8e8c-f799ced85f13,12899,3,2023,760000,manuale,Diesel,131,Style,Middle,2.0 TDI,Rivenditore,326,roma,132,Lazio,Centro
SEAT Leon Business DSG 1.0 Mild Hybrid 110CV,https://www.autoscout24.it/annunci/seat-leon-business-dsg-1-0-mild-hybrid-110cv-elettrica-benzina-bianco-cat_ma64mo15869-179fb787-9c6f-4fab-b0ec-c51f05c666cb,12790,4,2022,1016150,automatico,Ibrido,131,Business,Base,1.0 eTSI,Rivenditore,180,cinisello balsamo,20092,Lombardia,Nord-ovest
SEAT Leon Business DSG 1.0 Mild Hybrid 110CV,https://www.autoscout24.it/annunci/seat-leon-business-dsg-1-0-mild-hybrid-110cv-elettrica-benzina-bianco-cat_ma64mo15869-4f986fff-6a23-4d0a-83df-fd785ba78388,12790,4,2022,1016150,automatico,Ibrido,131,Business,Base,1.0 eTSI,Rivenditore,40,reggio emilia,42122,Emilia-Romagna,Nord-est
SEAT Leon Leon 2.0 TDI 150 CV DSG Style,https://www.autoscout24.it/annunci/seat-leon-leon-2-0-tdi-150-cv-dsg-style-diesel-nero-cat_ma64mo15869-8eabb471-07f7-4758-8bab-435a7477ffd7,12900,4,2022,1590000,automatico,Diesel,131,Style,Middle,2.0 TDI,Rivenditore,232,tricesimo,33019,Friuli-Venezia Giulia,Nord-est
SEAT Leon 2.0 TDI SW STYLE KM. 72.000 CERT-UNICO PROPRIETARIO!,https://www.autoscout24.it/annunci/seat-leon-2-0-tdi-sw-style-km-72-000-cert-unico-proprietario-diesel-nero-cat_ma64mo15869-77512f01-285b-4313-94b2-41bd0bc94715,12900,3,2023,720000,manuale,Diesel,131,Style,Middle,2.0 TDI,Rivenditore,279,borgaro torinese,10071,Piemonte,Nord-ovest
SEAT Leon Leon IV Sportstourer 2.0 tdi Style 150cv dsg,https://www.autoscout24.it/annunci/seat-leon-leon-iv-sportstourer-2-0-tdi-style-150cv-dsg-diesel-nero-cat_ma64mo15869-0986aacb-ff9d-4d5e-bd06-af20a3a76c81,13000,3,2023,636000,automatico,Diesel,131,Style,Middle,2.0 TDI,Rivenditore,72,ceregnano,45010,Veneto,Nord-est
SEAT Leon Sportstourer 1.0 Etsi Style Dsg S&S 110 Cv,https://www.autoscout24.it/annunci/seat-leon-sportstourer-1-0-etsi-style-dsg-ss-110-cv-elettrica-benzina-nero-cat_ma64mo15869-7a043185-5a8f-4bc3-a432-36b4c56d06b4,12550,4,2022,990000,automatico,Ibrido,131,Style,Middle,1.0 eTSI,Rivenditore,174,concorezzo,20863,Lombardia,Nord-ovest
SEAT Leon Sportstourer 2.0 TDI 150 CV DSG Style,https://www.autoscout24.it/annunci/seat-leon-sportstourer-2-0-tdi-150-cv-dsg-style-diesel-argento-cat_ma64mo15869-ca9bccd2-ff7b-453f-af59-a7def75e831c,12490,3,2023,660000,automatico,Diesel,131,Style,Middle,2.0 TDI,Rivenditore,74,este,35042,Veneto,Nord-est
SEAT Leon Leon IV 2020 Sportstourer Sportstourer 2.0 tdi Business 150cv dsg,https://www.autoscout24.it/annunci/seat-leon-leon-iv-2020-sportstourer-sportstourer-2-0-tdi-business-150cv-dsg-diesel-argento-cat_ma64mo15869-f570666b-2fa6-475c-80b6-3ba4d4038e84,13000,4,2022,1350000,automatico,Diesel,131,Business,Base,2.0 TDI,Privato,205,como,22100,Lombardia,Nord-ovest
SEAT Leon Business DSG 1.0 Mild Hybrid 110CV,https://www.autoscout24.it/annunci/seat-leon-business-dsg-1-0-mild-hybrid-110cv-elettrica-benzina-bianco-cat_ma64mo15869-e5c2e01f-f341-4170-8852-27988a5ad74a,12790,4,2022,1016150,automatico,Ibrido,131,Business,Base,1.0 eTSI,Rivenditore,27,granarolo emilia,40057,Emilia-Romagna,Nord-est
SEAT Leon Sportstourer 2.0 tdi Style 115cv *IVA ESPOSTA*,https://www.autoscout24.it/annunci/seat-leon-sportstourer-2-0-tdi-style-115cv-iva-esposta-diesel-nero-cat_ma64mo15869-048b11e9-2c08-4667-a187-3afe9a0def53,12999,3,2023,1300000,manuale,Diesel,131,Style,Middle,2.0 TDI,Rivenditore,83,pistoia,51100,Toscana,Centro
SEAT Leon ST 1.0 TSI 66 KW BUSINESS STATION WAGON,https://www.autoscout24.it/annunci/seat-leon-st-1-0-tsi-66-kw-business-station-wagon-benzina-cat_ma64mo15869-0d350d91-8b20-47fd-9ff4-89bb4dabf07f,12900,4,2022,913860,manuale,Benzina,131,Business,Base,1.0 TSI,Rivenditore,22,bentivoglio,40010,Emilia-Romagna,Nord-est
SEAT Leon SPORTSTOURER 2.0 TDI STILE DSG 150 CV,https://www.autoscout24.it/annunci/seat-leon-sportstourer-2-0-tdi-stile-dsg-150-cv-diesel-grigio-cat_ma64mo15869-99028102-7517-499d-bf93-df26f8917446,13500,3,2023,873820,automatico,Diesel,131,Style,Middle,2.0 TDI,Rivenditore,276,torino,10147,Piemonte,Nord-ovest
SEAT Leon Leon IV Sportstourer 2.0 tdi Style 115cv,https://www.autoscout24.it/annunci/seat-leon-leon-iv-sportstourer-2-0-tdi-style-115cv-diesel-nero-cat_ma64mo15869-b96de444-1cf1-4c64-a52a-5a7acdb9f96c,13900,3,2023,600000,manuale,Diesel,131,Style,Middle,2.0 TDI,Rivenditore,60,copparo,44034,Emilia-Romagna,Nord-est
SEAT Leon Leon IV 2020 Sportstourer Sportstourer 2.0 tdi Style 150cv dsg,https://www.autoscout24.it/annunci/seat-leon-leon-iv-2020-sportstourer-sportstourer-2-0-tdi-style-150cv-dsg-diesel-argento-cat_ma64mo15869-e0e66542-441f-4587-bc8f-dba8c363c06a,13500,2,2024,760000,automatico,Diesel,131,Style,Middle,2.0 TDI,Rivenditore,72,ceregnano,45010,Veneto,Nord-est
SEAT Leon IV 2020 Sportstourer Sportstourer 1.5 etsi Xcellence 150cv dsg,https://www.autoscout24.it/annunci/seat-leon-iv-2020-sportstourer-sportstourer-1-5-etsi-xcellence-150cv-dsg-elettrica-benzina-grigio-cat_ma64mo15869-25e54082-0fc3-4f9f-beba-ab2f5455856f,13900,5,2021,979900,automatico,Ibrido,131,Xcellence,Middle,1.5 eTSI,Rivenditore,31,castenaso,40055,Emilia-Romagna,Nord-est
SEAT Leon 4ª serie Sportstourer 1.5 eTSI 150 CV DSG Xcellence,https://www.autoscout24.it/annunci/seat-leon-4-serie-sportstourer-1-5-etsi-150-cv-dsg-xcellence-elettrica-benzina-grigio-cat_ma64mo15869-b52bb9d7-74b3-466c-ba05-02da538f3524,13500,5,2021,936790,automatico,Ibrido,131,Xcellence,Middle,1.5 eTSI,Rivenditore,31,castenaso,40055,Emilia-Romagna,Nord-est
SEAT Leon Style DSG 2.0 Diesel 150CV,https://www.autoscout24.it/annunci/seat-leon-style-dsg-2-0-diesel-150cv-diesel-bianco-cat_ma64mo15869-401dc36c-64ea-4cd2-9aa4-d2ec9dce6c9a,13490,5,2021,1056780,automatico,Diesel,131,Style,Middle,2.0 TDI,Rivenditore,40,reggio emilia,42122,Emilia-Romagna,Nord-est
SEAT Leon Style DSG 2.0 Diesel 150CV,https://www.autoscout24.it/annunci/seat-leon-style-dsg-2-0-diesel-150cv-diesel-bianco-cat_ma64mo15869-d242c09f-3bfe-4512-b408-2af9dfc1f1a4,13490,5,2021,1056780,automatico,Diesel,131,Style,Middle,2.0 TDI,Rivenditore,180,cinisello balsamo,20092,Lombardia,Nord-ovest
SEAT Leon 1.5 etsi Xcellence 150cv dsg,https://www.autoscout24.it/annunci/seat-leon-1-5-etsi-xcellence-150cv-dsg-elettrica-benzina-cat_ma64mo15869-cb32cf17-5feb-4990-9152-71082129ff5f,14000,5,2021,1150000,automatico,Ibrido,131,Xcellence,Middle,1.5 eTSI,Privato,601,bitonto,70032,Puglia,Sud
SEAT Leon Leon Sportstourer 2.0 tdi Style 150cv dsg*IVA ESPOTA*,https://www.autoscout24.it/annunci/seat-leon-leon-sportstourer-2-0-tdi-style-150cv-dsg-iva-espota-diesel-blu-azzurro-cat_ma64mo15869-e33b21e0-7f85-4111-853b-7013e4394d59,13400,3,2023,680000,automatico,Diesel,131,Style,Middle,2.0 TDI,Rivenditore,87,prato,59100,Toscana,Centro
SEAT Leon 1.0 TSI 110 CV Style C/GRIMALDI SPECIAL DAY,https://www.autoscout24.it/annunci/seat-leon-1-0-tsi-110-cv-style-c-grimaldi-special-day-benzina-grigio-cat_ma64mo15869-920ec7de-8226-458e-8560-659167b49bfa,13900,4,2022,395490,manuale,Benzina,131,Style,Middle,1.0 TSI,Rivenditore,193,vigevano,27029,Lombardia,Nord-ovest
SEAT Leon Sportstourer 2.0 tdi Style 150cv dsg,https://www.autoscout24.it/annunci/seat-leon-sportstourer-2-0-tdi-style-150cv-dsg-diesel-nero-cat_ma64mo15869-944d0e7d-eae2-4dc4-b716-9ac044bbfc55,13500,3,2023,773200,automatico,Diesel,131,Style,Middle,2.0 TDI,Rivenditore,213,colico,23823,Lombardia,Nord-ovest
SEAT Leon Sportstourer 1.0 etsi Style 110cv dsg,https://www.autoscout24.it/annunci/seat-leon-sportstourer-1-0-etsi-style-110cv-dsg-elettrica-benzina-cat_ma64mo15869-82274264-9ea1-4309-bbbf-b0b2dd14d96d,13850,4,2022,668000,automatico,Ibrido,131,Style,Middle,1.0 eTSI,Privato,121,brescia,25124,Lombardia,Nord-ovest
SEAT Leon Leon 1.5 tgi Style 130cv dsg,https://www.autoscout24.it/annunci/seat-leon-leon-1-5-tgi-style-130cv-dsg-metano-grigio-cat_ma64mo15869-0abfdf79-1aeb-4c39-afc3-32c5c4369c4c,14000,4,2022,1320000,automatico,Metano,131,Style,Middle,1.5 TGI,Privato,183,pergola,61045,Marche,Centro
SEAT Leon Leon ST 2.0 TDI Business *IVA DEDUCIBILE*,https://www.autoscout24.it/annunci/seat-leon-leon-st-2-0-tdi-business-iva-deducibile-diesel-nero-cat_ma64mo15869-9424c0a6-062b-427c-8f8f-bb8f2969340e,13500,3,2023,791150,manuale,Diesel,131,Business,Base,2.0 TDI,Rivenditore,194,lentate sul seveso,20823,Lombardia,Nord-ovest
SEAT Leon Leon IV 2020 Sportstourer Sportstourer 2.0 tdi Style 150cv dsg,https://www.autoscout24.it/annunci/seat-leon-leon-iv-2020-sportstourer-sportstourer-2-0-tdi-style-150cv-dsg-diesel-grigio-cat_ma64mo15869-cacc17e6-236c-496e-bdde-e7865e0eb871,14000,3,2023,950000,automatico,Diesel,131,Style,Middle,2.0 TDI,Rivenditore,276,torino,10135,Piemonte,Nord-ovest
SEAT Leon Sportstourer 2.0 TDI 150 CV DSG Business - PROMO,https://www.autoscout24.it/annunci/seat-leon-sportstourer-2-0-tdi-150-cv-dsg-business-promo-diesel-argento-cat_ma64mo15869-27a9a5e0-b2fa-4f27-9f05-21f221747c2a,13900,3,2023,630000,automatico,Diesel,131,Business,Base,2.0 TDI,Rivenditore,74,este,35042,Veneto,Nord-est
SEAT Leon IV Sportstourer 2.0 tdi Style150cv dsg,https://www.autoscout24.it/annunci/seat-leon-iv-sportstourer-2-0-tdi-style150cv-dsg-diesel-argento-cat_ma64mo15869-0336daf3-5b3f-4dab-8d9a-eaca2d9f1330,13400,3,2023,873750,automatico,Diesel,131,Style,Middle,2.0 TDI,Rivenditore,121,brescia,25125,Lombardia,Nord-ovest
SEAT Leon Sportstourer 2.0 tdi Style 150cv dsg,https://www.autoscout24.it/annunci/seat-leon-sportstourer-2-0-tdi-style-150cv-dsg-diesel-cat_ma64mo15869-e8a47bd9-ec98-487f-b18f-94ed86ba98ad,13900,4,2022,1000000,automatico,Diesel,131,Style,Middle,2.0 TDI,Privato,152,jesolo,30016,Veneto,Nord-est
SEAT Leon Sportstourer 2.0 TDI 150 CV DSG Business,https://www.autoscout24.it/annunci/seat-leon-sportstourer-2-0-tdi-150-cv-dsg-business-diesel-bianco-cat_ma64mo15869-a9305735-9425-41f1-89c4-1df104ca1c7d,13900,3,2023,1188630,automatico,Diesel,131,Business,Base,2.0 TDI,Rivenditore,163,refrontolo,31020,Veneto,Nord-est
SEAT Leon Leon IV 2023 Sportstourer 2.0 tdi Business 150cv dsg,https://www.autoscout24.it/annunci/seat-leon-leon-iv-2023-sportstourer-2-0-tdi-business-150cv-dsg-diesel-argento-cat_ma64mo15869-821ca3f7-a165-4fbc-8dc7-3879e8171df8,14000,3,2023,828000,automatico,Diesel,131,Business,Base,2.0 TDI,Rivenditore,72,ceregnano,45010,Veneto,Nord-est
SEAT Leon 4ª serie Sportstourer 1.5 eTSI 150 CV DSG Xcellence,https://www.autoscout24.it/annunci/seat-leon-4-serie-sportstourer-1-5-etsi-150-cv-dsg-xcellence-elettrica-benzina-bianco-cat_ma64mo15869-c9c52ba9-0392-428d-99e8-1ea98912d8d0,13500,5,2021,941270,automatico,Ibrido,131,Xcellence,Middle,1.5 eTSI,Rivenditore,31,castenaso,40055,Emilia-Romagna,Nord-est
SEAT Leon Leon IV 2020 Sportstourer Sportstourer 1.5 etsi Business 150cv dsg,https://www.autoscout24.it/annunci/seat-leon-leon-iv-2020-sportstourer-sportstourer-1-5-etsi-business-150cv-dsg-elettrica-benzina-grigio-cat_ma64mo15869-7e7ec671-f413-4abe-b17e-b86373d80641,13500,5,2021,780000,automatico,Ibrido,131,Business,Base,1.5 eTSI,Rivenditore,852,camastra,92020,Sicilia,Isole
SEAT Leon Leon IV Sportstourer 2.0 tdi Style 150cv dsg,https://www.autoscout24.it/annunci/seat-leon-leon-iv-sportstourer-2-0-tdi-style-150cv-dsg-diesel-argento-cat_ma64mo15869-cca1a69e-134f-4961-b1d0-f3a540fd3a03,13500,3,2023,776000,automatico,Diesel,131,Style,Middle,2.0 TDI,Rivenditore,72,ceregnano,45010,Veneto,Nord-est
SEAT Leon Sportstourer 2.0 TDI Style,https://www.autoscout24.it/annunci/seat-leon-sportstourer-2-0-tdi-style-diesel-nero-cat_ma64mo15869-f38b7d06-a19f-45fc-baef-3e46f25f1266,13400,3,2023,786140,manuale,Diesel,131,Style,Middle,2.0 TDI,Rivenditore,698,san vito normanni,72019,Puglia,Sud
SEAT Leon Sportstourer 1.0 etsi Style 110cv dsg,https://www.autoscout24.it/annunci/seat-leon-sportstourer-1-0-etsi-style-110cv-dsg-elettrica-benzina-cat_ma64mo15869-f67fb8d7-6765-47fe-96d5-aed4b4141135,13500,4,2022,900000,automatico,Ibrido,131,Style,Middle,1.0 eTSI,Privato,74,cologna veneta,37044,Veneto,Nord-est
SEAT Leon 4ª serie Sportstourer 1.5 eTSI 150 CV DSG Xcellence,https://www.autoscout24.it/annunci/seat-leon-4-serie-sportstourer-1-5-etsi-150-cv-dsg-xcellence-elettrica-benzina-grigio-cat_ma64mo15869-55992b8b-0f90-44f7-84a5-be2da73c7747,13750,5,2021,1030000,automatico,Ibrido,131,Xcellence,Middle,1.5 eTSI,Rivenditore,31,castenaso,40055,Emilia-Romagna,Nord-est
SEAT Leon Style DSG 2.0 Diesel 150CV,https://www.autoscout24.it/annunci/seat-leon-style-dsg-2-0-diesel-150cv-diesel-bianco-cat_ma64mo15869-c76af006-1f56-4b94-b33e-c7d0dea9214f,13490,5,2021,1056780,automatico,Diesel,131,Style,Middle,2.0 TDI,Rivenditore,27,granarolo emilia,40057,Emilia-Romagna,Nord-est
SEAT Leon Sportstourer 2.0 TDI 150 CV DSG Business - PROMO,https://www.autoscout24.it/annunci/seat-leon-sportstourer-2-0-tdi-150-cv-dsg-business-promo-diesel-argento-cat_ma64mo15869-7e3c4f1d-bcfa-479b-8e07-554557c9c9d6,13900,3,2023,795000,automatico,Diesel,131,Business,Base,2.0 TDI,Rivenditore,74,este,35042,Veneto,Nord-est
SEAT Leon 4ª serie Sportstourer 1.5 eTSI 150 CV DSG Xcellence,https://www.autoscout24.it/annunci/seat-leon-4-serie-sportstourer-1-5-etsi-150-cv-dsg-xcellence-elettrica-benzina-grigio-cat_ma64mo15869-5ed57808-5b31-47ac-8f9d-34b3fb7843ff,13750,5,2021,1024120,automatico,Ibrido,131,Xcellence,Middle,1.5 eTSI,Rivenditore,31,castenaso,40055,Emilia-Romagna,Nord-est
SEAT Leon Sportstourer 2.0 tdi Business 115cv,https://www.autoscout24.it/annunci/seat-leon-sportstourer-2-0-tdi-business-115cv-diesel-bianco-cat_ma64mo15869-1c2c77af-5ab5-4243-828c-2fc796e5945c,13700,4,2022,1220000,manuale,Diesel,131,Business,Base,2.0 TDI,Rivenditore,691,carovigno,72012,Puglia,Sud
SEAT Leon Leon IV 2020 2.0 tdi Style 115cv,https://www.autoscout24.it/annunci/seat-leon-leon-iv-2020-2-0-tdi-style-115cv-diesel-bianco-cat_ma64mo15869-3cea0bbb-a4de-4c03-b4c6-2950ffbc7987,13100,4,2022,1421560,manuale,Diesel,131,Style,Middle,2.0 TDI,Rivenditore,239,bordano,33010,Friuli-Venezia Giulia,Nord-est
SEAT Leon 1.0 eTSI Business MHEV,https://www.autoscout24.it/annunci/seat-leon-1-0-etsi-business-mhev-elettrica-benzina-nero-cat_ma64mo15869-f322cb01-15ec-4a28-bd70-52ee822f0139,13299,4,2022,1255130,automatico,Ibrido,131,Business,Base,1.0 eTSI,Rivenditore,177,milano,20155,Lombardia,Nord-ovest
SEAT Leon Leon IV 2023 Sportstourer 2.0 tdi Business 150cv DSG,https://www.autoscout24.it/annunci/seat-leon-leon-iv-2023-sportstourer-2-0-tdi-business-150cv-dsg-diesel-bianco-cat_ma64mo15869-1c14cf0e-a5d8-4e51-9145-b79123a131e4,13900,3,2023,1670000,automatico,Diesel,131,Business,Base,2.0 TDI,Rivenditore,132,rimini,47922,Emilia-Romagna,Nord-est
SEAT Leon 1.0 eTSI Business MHEV,https://www.autoscout24.it/annunci/seat-leon-1-0-etsi-business-mhev-elettrica-benzina-nero-cat_ma64mo15869-4803ff4d-6e50-4cb8-8adf-2e20e94a1b37,13299,4,2022,1255130,automatico,Ibrido,131,Business,Base,1.0 eTSI,Rivenditore,86,verona,37135,Veneto,Nord-est
SEAT Leon 1.0 eTSI Business MHEV,https://www.autoscout24.it/annunci/seat-leon-1-0-etsi-business-mhev-elettrica-benzina-nero-cat_ma64mo15869-d1d88771-a9f2-491e-8461-11babe425769,13299,4,2022,1255130,automatico,Ibrido,131,Business,Base,1.0 eTSI,Rivenditore,99,firenze,50145,Toscana,Centro
SEAT Leon 1.0 eTSI Business MHEV,https://www.autoscout24.it/annunci/seat-leon-1-0-etsi-business-mhev-elettrica-benzina-nero-cat_ma64mo15869-9a0646e0-41f3-4a6d-bdb8-a7877149b823,13299,4,2022,1255130,automatico,Ibrido,131,Business,Base,1.0 eTSI,Rivenditore,25,bologna,40131,Emilia-Romagna,Nord-est
SEAT Leon 1.0 eTSI Business MHEV,https://www.autoscout24.it/annunci/seat-leon-1-0-etsi-business-mhev-elettrica-benzina-nero-cat_ma64mo15869-168cb70e-251f-4ad8-ac2c-6cce988a9fb4,13299,4,2022,1255130,automatico,Ibrido,131,Business,Base,1.0 eTSI,Rivenditore,326,roma,169,Lazio,Centro
SEAT Leon 1.0 eTSI Business MHEV,https://www.autoscout24.it/annunci/seat-leon-1-0-etsi-business-mhev-elettrica-benzina-nero-cat_ma64mo15869-2f12fffd-65d3-4dd7-a54e-d43381bc8cd7,13299,4,2022,1255130,automatico,Ibrido,131,Business,Base,1.0 eTSI,Rivenditore,283,beinasco,10092,Piemonte,Nord-ovest
SEAT Leon Leon Sportstourer 2.0 TDI 150 CV DSG Business,https://www.autoscout24.it/annunci/seat-leon-leon-sportstourer-2-0-tdi-150-cv-dsg-business-diesel-argento-cat_ma64mo15869-7a7e0181-2829-4e4d-9da9-66eb3071fa1a,13900,5,2021,1590000,automatico,Diesel,131,Business,Base,2.0 TDI,Rivenditore,87,castel goffredo,46042,Lombardia,Nord-ovest
SEAT Leon 1.0 eTSI Business MHEV,https://www.autoscout24.it/annunci/seat-leon-1-0-etsi-business-mhev-elettrica-benzina-nero-cat_ma64mo15869-73d6bfb2-cf45-4bef-8598-fe09b9dd7583,13299,4,2022,1255130,automatico,Ibrido,131,Business,Base,1.0 eTSI,Rivenditore,628,cagliari,9122,Sardegna,Isole
SEAT Leon 1.4 e-HYBRID 204 CV DSG FR 2021,https://www.autoscout24.it/annunci/seat-leon-1-4-e-hybrid-204-cv-dsg-fr-2021-elettrica-benzina-nero-cat_ma64mo15869-5777412a-1cc5-49c9-9d4f-fdb2cbdd78d4,13999,5,2021,980000,automatico,Ibrido,131,FR,Sport,e-Hybrid,Rivenditore,99,firenze,50142,Toscana,Centro
SEAT Leon Sportstourer 2.0 TDI Style 115CV,https://www.autoscout24.it/annunci/seat-leon-sportstourer-2-0-tdi-style-115cv-diesel-grigio-cat_ma64mo15869-b7cdb443-4b01-422c-b885-ed377da6d381,14500,3,2023,609260,manuale,Diesel,131,Style,Middle,2.0 TDI,Rivenditore,276,torino,10148,Piemonte,Nord-ovest
SEAT Leon 2.0 TDI 150 CV DSG Style - PREZZO REALE,https://www.autoscout24.it/annunci/seat-leon-2-0-tdi-150-cv-dsg-style-prezzo-reale-diesel-grigio-cat_ma64mo15869-0eb26bee-e513-4a5e-8b6a-2f9f7c2ca8af,14900,3,2023,672080,automatico,Diesel,131,Style,Middle,2.0 TDI,Rivenditore,276,torino,10148,Piemonte,Nord-ovest
SEAT Leon ST Style DSG 2.0 Diesel 150CV,https://www.autoscout24.it/annunci/seat-leon-st-style-dsg-2-0-diesel-150cv-diesel-argento-cat_ma64mo15869-939c40c8-395b-49d3-a015-9348954c1253,14490,2,2024,605140,automatico,Diesel,131,Style,Middle,2.0 TDI,Rivenditore,27,granarolo emilia,40057,Emilia-Romagna,Nord-est
SEAT Leon 4ª serie - Leon Sportstourer 2.0 TDI Style,https://www.autoscout24.it/annunci/seat-leon-4-serie-leon-sportstourer-2-0-tdi-style-diesel-nero-cat_ma64mo15869-41c29f74-ea85-4ed7-a5e3-9ce36ddc5f7b,14800,3,2023,656590,manuale,Diesel,131,Style,Middle,2.0 TDI,Rivenditore,202,legnano,20025,Lombardia,Nord-ovest
SEAT Leon SW 2.0 TDI 150cv STYLE DSG - GS020DW,https://www.autoscout24.it/annunci/seat-leon-sw-2-0-tdi-150cv-style-dsg-gs020dw-diesel-grigio-cat_ma64mo15869-74629fe6-da0a-4281-9058-9c69f5a31907,14900,3,2023,770000,automatico,Diesel,131,Style,Middle,2.0 TDI,Rivenditore,215,basiliano,33031,Friuli-Venezia Giulia,Nord-est
SEAT Leon ST Style DSG 2.0 Diesel 150CV,https://www.autoscout24.it/annunci/seat-leon-st-style-dsg-2-0-diesel-150cv-diesel-argento-cat_ma64mo15869-38d96a24-7c1c-4509-b191-98f56f7778f9,14490,2,2024,605140,automatico,Diesel,131,Style,Middle,2.0 TDI,Rivenditore,40,reggio emilia,42122,Emilia-Romagna,Nord-est
SEAT Leon ST Style DSG 2.0 Diesel 150CV,https://www.autoscout24.it/annunci/seat-leon-st-style-dsg-2-0-diesel-150cv-diesel-argento-cat_ma64mo15869-2adec0ea-6563-4a29-9e5a-b1e0b92ffdb3,14490,2,2024,605140,automatico,Diesel,131,Style,Middle,2.0 TDI,Rivenditore,180,cinisello balsamo,20092,Lombardia,Nord-ovest
SEAT Leon Sportstourer 1.5 etsi Xcellence 150cv dsg,https://www.autoscout24.it/annunci/seat-leon-sportstourer-1-5-etsi-xcellence-150cv-dsg-elettrica-benzina-bianco-cat_ma64mo15869-24120af4-75af-4339-acfa-dd31ab41f691,14970,5,2021,854710,automatico,Ibrido,131,Xcellence,Middle,1.5 eTSI,Rivenditore,389,paglieta,66020,Abruzzo,Sud
SEAT Leon Sportstourer 1.5 etsi IBRIDA XCELLENCE 150cv dsg NAVI/PAK LED MULTICOLOR/VIRTUAL/ACC,https://www.autoscout24.it/annunci/seat-leon-sportstourer-1-5-etsi-ibrida-xcellence-150cv-dsg-navi-pak-led-multicolor-virtual-acc-elettrica-benzina-grigio-cat_ma64mo15869-e12edef5-a349-4c76-8830-76519fe77a72,14490,5,2021,900000,automatico,Ibrido,131,Xcellence,Middle,1.5 eTSI,Rivenditore,93,taglio po,45019,Veneto,Nord-est
SEAT Leon Sportstourer 2.0 tdi Business 150cv dsg *PRONTA CONSEGNA,https://www.autoscout24.it/annunci/seat-leon-sportstourer-2-0-tdi-business-150cv-dsg-pronta-consegna-diesel-grigio-cat_ma64mo15869-aa1f74a1-43df-46f0-80e5-1218d53beed8,14990,2,2024,590000,automatico,Diesel,131,Business,Base,2.0 TDI,Rivenditore,326,roma,132,Lazio,Centro
SEAT Leon Leon IV 2020 2.0 tdi Style 150cv dsg,https://www.autoscout24.it/annunci/seat-leon-leon-iv-2020-2-0-tdi-style-150cv-dsg-diesel-cat_ma64mo15869-ed623b41-dfe8-4328-8115-c558b62983d0,15000,5,2021,770000,automatico,Diesel,131,Style,Middle,2.0 TDI,Privato,861,catania,95121,Sicilia,Isole
SEAT Leon Leon IV Sportstourer 2.0 tdi Style 150cv dsg,https://www.autoscout24.it/annunci/seat-leon-leon-iv-sportstourer-2-0-tdi-style-150cv-dsg-diesel-grigio-cat_ma64mo15869-e4ab1625-68ab-45d4-98b7-e57349edc6e4,14900,2,2024,650000,automatico,Diesel,131,Style,Middle,2.0 TDI,Rivenditore,276,torino,10152,Piemonte,Nord-ovest
SEAT Leon 2.0 tdi Style 115cv,https://www.autoscout24.it/annunci/seat-leon-2-0-tdi-style-115cv-diesel-cat_ma64mo15869-aa168b95-b1cf-4249-856e-c407c2016344,15000,4,2022,1100000,manuale,Diesel,131,Style,Middle,2.0 TDI,Privato,243,albaretto torre,12050,Piemonte,Nord-ovest
SEAT Leon 2.0 tdi Business 115cv,https://www.autoscout24.it/annunci/seat-leon-2-0-tdi-business-115cv-diesel-cat_ma64mo15869-d75cd981-98d2-4034-9b69-d2f24352cf25,15000,5,2021,950000,manuale,Diesel,131,Business,Base,2.0 TDI,Privato,89,ravenna,48123,Emilia-Romagna,Nord-est
SEAT Leon Leon IV 2020 2.0 tdi FR 150cv dsg,https://www.autoscout24.it/annunci/seat-leon-leon-iv-2020-2-0-tdi-fr-150cv-dsg-diesel-bianco-cat_ma64mo15869-4c3fc2d8-af3b-4637-b03b-cb2520cc9a62,14190,4,2022,1300000,automatico,Diesel,131,FR,Sport,2.0 TDI,Rivenditore,521,gragnano,80054,Campania,Sud
SEAT Leon Sportstourer 2.0 tdi Style 150cv dsg *SUPER PROMO*,https://www.autoscout24.it/annunci/seat-leon-sportstourer-2-0-tdi-style-150cv-dsg-super-promo-diesel-argento-cat_ma64mo15869-835fe845-0341-472c-b287-9766df999755,14500,2,2024,590000,automatico,Diesel,131,Style,Middle,2.0 TDI,Rivenditore,326,roma,138,Lazio,Centro
SEAT Leon Leon 2.0 TDI Business PREZZO REALE,https://www.autoscout24.it/annunci/seat-leon-leon-2-0-tdi-business-prezzo-reale-diesel-bianco-cat_ma64mo15869-2d77537f-2797-48a3-b677-d21ffe64d910,14999,4,2022,1000000,manuale,Diesel,131,Business,Base,2.0 TDI,Rivenditore,40,reggio emilia,42122,Emilia-Romagna,Nord-est
SEAT Leon 1.0 TSI 110 CV Style,https://www.autoscout24.it/annunci/seat-leon-1-0-tsi-110-cv-style-benzina-grigio-cat_ma64mo15869-086dc32c-32e6-477e-9e05-ba63c8da5c7b,14900,4,2022,395490,manuale,Benzina,131,Style,Middle,1.0 TSI,Rivenditore,193,vigevano,27029,Lombardia,Nord-ovest
SEAT Leon IV Sportstourer 2.0 tdi Style 115cv*CERCHI IN LEGA*LED*10/2023 KM 63.006*TAGLIANDO PRE CONSEGNA*GARANZIA 12 MESI*,https://www.autoscout24.it/annunci/seat-leon-iv-sportstourer-2-0-tdi-style-115cv-cerchi-in-lega-led-10-2023-km-63-006-tagliando-pre-consegna-garanzia-12-mesi-diesel-nero-cat_ma64mo15869-00333c6a-b1a4-433c-81e8-beeaed0792c8,14950,3,2023,630060,manuale,Diesel,131,Style,Middle,2.0 TDI,Rivenditore,75,calvatone,26030,Lombardia,Nord-ovest
SEAT Leon sportstourer 1.0 tsi business 90cv,https://www.autoscout24.it/annunci/seat-leon-sportstourer-1-0-tsi-business-90cv-benzina-grigio-cat_ma64mo15869-f41a92af-4870-46ca-b32b-8474bcd0fba7,14900,5,2021,606300,manuale,Benzina,131,Business,Base,1.0 TSI,Rivenditore,204,bolzano,39100,Trentino-Alto Adige/Südtirol,Nord-est
SEAT Leon 1.5 eTSI 150cv FR DSG,https://www.autoscout24.it/annunci/seat-leon-1-5-etsi-150cv-fr-dsg-elettrica-benzina-rosso-cat_ma64mo15869-9998040a-e592-4c85-9f8e-414a2533c4bb,14500,5,2021,1450000,automatico,Ibrido,131,FR,Sport,1.5 eTSI,Rivenditore,65,parma,43126,Emilia-Romagna,Nord-est
SEAT Leon 4ª serie Sportstourer 1.5 eTSI 150 CV DSG Xcellence,https://www.autoscout24.it/annunci/seat-leon-4-serie-sportstourer-1-5-etsi-150-cv-dsg-xcellence-elettrica-benzina-nero-cat_ma64mo15869-3b803cf8-726d-4507-83c3-1e152487f2d2,14400,5,2021,895000,automatico,Ibrido,131,Xcellence,Middle,1.5 eTSI,Rivenditore,31,castenaso,40055,Emilia-Romagna,Nord-est
SEAT Leon 2.0 TDI 110KW BUSINESS DSG,https://www.autoscout24.it/annunci/seat-leon-2-0-tdi-110kw-business-dsg-diesel-grigio-cat_ma64mo15869-15dd39db-0788-4bbd-8c1d-b41c0b062aa1,14900,3,2023,753440,automatico,Diesel,131,Business,Base,2.0 TDI,Rivenditore,698,san vito normanni,72019,Puglia,Sud
SEAT Leon Sportstourer 2.0 tdi Style 150cv dsg,https://www.autoscout24.it/annunci/seat-leon-sportstourer-2-0-tdi-style-150cv-dsg-diesel-argento-cat_ma64mo15869-c3eba1e9-8be0-4c3e-930a-8c0f34a2967e,14790,2,2024,935000,automatico,Diesel,131,Style,Middle,2.0 TDI,Rivenditore,184,garlasco,27026,Lombardia,Nord-ovest
SEAT Leon 2.0 TDI Style FULL LED C/GRIMALDI SPECIAL DAY,https://www.autoscout24.it/annunci/seat-leon-2-0-tdi-style-full-led-c-grimaldi-special-day-diesel-grigio-cat_ma64mo15869-231503f5-3dd8-4bce-9edd-7342aa3dcebc,14900,5,2021,723410,manuale,Diesel,131,Style,Middle,2.0 TDI,Rivenditore,193,vigevano,27029,Lombardia,Nord-ovest
SEAT Leon 4ª serie Sportstourer 1.5 eTSI 150 CV DSG Xcellence,https://www.autoscout24.it/annunci/seat-leon-4-serie-sportstourer-1-5-etsi-150-cv-dsg-xcellence-elettrica-benzina-grigio-cat_ma64mo15869-c245b28a-97bc-4af6-81c5-c4ffef860a49,14300,5,2021,918000,automatico,Ibrido,131,Xcellence,Middle,1.5 eTSI,Rivenditore,31,castenaso,40055,Emilia-Romagna,Nord-est
SEAT Leon ST 2.0 TDI 115CV STYLE E6D - UNIPRO TAGLIANDATA,https://www.autoscout24.it/annunci/seat-leon-st-2-0-tdi-115cv-style-e6d-unipro-tagliandata-diesel-nero-cat_ma64mo15869-74fd2548-d968-4a2d-92bc-6bca9ec0e9a4,14500,3,2023,675840,manuale,Diesel,131,Style,Middle,2.0 TDI,Rivenditore,339,ciampino,43,Lazio,Centro
SEAT Leon Leon IV 2020 Sportstourer Sportstourer 2.0 tdi Style 115cv,https://www.autoscout24.it/annunci/seat-leon-leon-iv-2020-sportstourer-sportstourer-2-0-tdi-style-115cv-diesel-argento-cat_ma64mo15869-275dbe8c-b40e-4bbe-87b7-733f80c61c3d,15000,4,2022,750000,manuale,Diesel,131,Style,Middle,2.0 TDI,Privato,883,gela,93012,Sicilia,Isole
SEAT Leon 2.0 tdi Style 115cv,https://www.autoscout24.it/annunci/seat-leon-2-0-tdi-style-115cv-diesel-nero-cat_ma64mo15869-54cf8bb6-2fd2-443e-bdf3-f4b73021f8b4,14800,5,2021,1200000,manuale,Diesel,131,Style,Middle,2.0 TDI,Privato,491,san marco lamis,71014,Puglia,Sud
SEAT Leon 4ª serie Sportstourer 1.5 eTSI 150 CV DSG Xcellence,https://www.autoscout24.it/annunci/seat-leon-4-serie-sportstourer-1-5-etsi-150-cv-dsg-xcellence-elettrica-benzina-grigio-cat_ma64mo15869-5e06bd66-3b00-4bbe-b4cb-66d1a70991c7,14990,5,2021,801430,automatico,Ibrido,131,Xcellence,Middle,1.5 eTSI,Rivenditore,31,castenaso,40055,Emilia-Romagna,Nord-est
SEAT Leon Leon 2022 2.0 tdi Business 115cv,https://www.autoscout24.it/annunci/seat-leon-leon-2022-2-0-tdi-business-115cv-diesel-bianco-cat_ma64mo15869-b89015aa-c93c-4af2-bd3e-7d42a5270042,14900,4,2022,1199000,manuale,Diesel,131,Business,Base,2.0 TDI,Rivenditore,20,zola predosa,40069,Emilia-Romagna,Nord-est
SEAT Leon 4ª serie Sportstourer 1.5 eTSI 150 CV DSG Xcellence,https://www.autoscout24.it/annunci/seat-leon-4-serie-sportstourer-1-5-etsi-150-cv-dsg-xcellence-elettrica-benzina-grigio-cat_ma64mo15869-88bbf1c5-6241-4507-a789-a363018ece4c,14400,5,2021,905060,automatico,Ibrido,131,Xcellence,Middle,1.5 eTSI,Rivenditore,31,castenaso,40055,Emilia-Romagna,Nord-est
SEAT Leon Leon IV Sportstourer Sportstourer 2.0 tdi FR 150cv dsg,https://www.autoscout24.it/annunci/seat-leon-leon-iv-sportstourer-sportstourer-2-0-tdi-fr-150cv-dsg-diesel-bianco-cat_ma64mo15869-ab5c96f1-eb38-49e9-bbc8-0d629422a35c,14900,4,2022,1660000,automatico,Diesel,131,FR,Sport,2.0 TDI,Rivenditore,79,villafranca verona,37069,Veneto,Nord-est
SEAT Leon 4ª serie Sportstourer 1.5 eTSI 150 CV DSG Xcellence,https://www.autoscout24.it/annunci/seat-leon-4-serie-sportstourer-1-5-etsi-150-cv-dsg-xcellence-elettrica-benzina-grigio-cat_ma64mo15869-88b12f8c-4eef-45c7-810a-ba110f4a0906,14200,5,2021,954640,automatico,Ibrido,131,Xcellence,Middle,1.5 eTSI,Rivenditore,31,castenaso,40055,Emilia-Romagna,Nord-est
SEAT Leon 1.5 tgi Business 130cv dsg,https://www.autoscout24.it/annunci/seat-leon-1-5-tgi-business-130cv-dsg-metano-cat_ma64mo15869-37f6c7fd-c858-47ea-9a63-cccad32620f7,15000,5,2021,1310000,automatico,Metano,131,Business,Base,1.5 TGI,Privato,22,san pietro casale,40018,Emilia-Romagna,Nord-est
SEAT Leon 2.0 TDI Business 115 CV C/GRIMALDI SPECIAL DAY,https://www.autoscout24.it/annunci/seat-leon-2-0-tdi-business-115-cv-c-grimaldi-special-day-diesel-grigio-cat_ma64mo15869-1da5e8a8-dfde-4184-8761-1f6dcfeaf3c3,14900,4,2022,868560,manuale,Diesel,131,Business,Base,2.0 TDI,Rivenditore,193,vigevano,27029,Lombardia,Nord-ovest
SEAT Leon 4ª serie Sportstourer 1.5 eTSI 150 CV DSG Xcellence,https://www.autoscout24.it/annunci/seat-leon-4-serie-sportstourer-1-5-etsi-150-cv-dsg-xcellence-elettrica-benzina-grigio-cat_ma64mo15869-ad11aef5-ea44-4ebb-a789-8fd3a3ca239f,14990,5,2021,880000,automatico,Ibrido,131,Xcellence,Middle,1.5 eTSI,Rivenditore,31,castenaso,40055,Emilia-Romagna,Nord-est
SEAT Leon Sportstourer 1.5 TGI Style 130cv MANUT. CERTIFICAT,https://www.autoscout24.it/annunci/seat-leon-sportstourer-1-5-tgi-style-130cv-manut-certificat-metano-rosso-cat_ma64mo15869-15f2d4fe-3b18-4602-84e2-14bc74d578bb,14946,4,2022,1111050,manuale,Metano,131,Style,Middle,1.5 TGI,Rivenditore,245,alba,12051,Piemonte,Nord-ovest
SEAT Leon (Impianto GPL) 1.0 tsi Style 110cv,https://www.autoscout24.it/annunci/seat-leon-impianto-gpl-1-0-tsi-style-110cv-benzina-cat_ma64mo15869-a52ee917-b015-4632-839c-6273d8a045cc,15000,5,2021,1160000,manuale,Benzina,131,Style,Middle,1.0 TSI,Privato,276,torino,10147,Piemonte,Nord-ovest
SEAT Leon Leon IV 2020 2.0 tdi Style 150cv dsg,https://www.autoscout24.it/annunci/seat-leon-leon-iv-2020-2-0-tdi-style-150cv-dsg-diesel-bianco-cat_ma64mo15869-517b3f50-5de6-4555-8ad4-a8859e590d8c,14200,4,2022,1350000,automatico,Diesel,131,Style,Middle,2.0 TDI,Rivenditore,91,quarrata,51039,Toscana,Centro
SEAT Leon 4ª serie Sportstourer 1.5 eTSI 150 CV DSG Xcellence,https://www.autoscout24.it/annunci/seat-leon-4-serie-sportstourer-1-5-etsi-150-cv-dsg-xcellence-elettrica-benzina-bianco-cat_ma64mo15869-fc544fab-606f-432d-a57a-e5f0e274a03f,14990,5,2021,850000,automatico,Ibrido,131,Xcellence,Middle,1.5 eTSI,Rivenditore,31,castenaso,40055,Emilia-Romagna,Nord-est
SEAT Leon 4ª serie Sportstourer 1.5 eTSI 150 CV DSG Xcellence,https://www.autoscout24.it/annunci/seat-leon-4-serie-sportstourer-1-5-etsi-150-cv-dsg-xcellence-elettrica-benzina-nero-cat_ma64mo15869-ac081c60-5c3a-4e56-9efd-300e5126b782,14990,5,2021,858000,automatico,Ibrido,131,Xcellence,Middle,1.5 eTSI,Rivenditore,31,castenaso,40055,Emilia-Romagna,Nord-est
SEAT Leon 4ª serie Sportstourer 1.5 eTSI 150 CV DSG Xcellence,https://www.autoscout24.it/annunci/seat-leon-4-serie-sportstourer-1-5-etsi-150-cv-dsg-xcellence-elettrica-benzina-bianco-cat_ma64mo15869-0748bf3a-9870-41ae-ae93-b797d25ed50e,14990,5,2021,815330,automatico,Ibrido,131,Xcellence,Middle,1.5 eTSI,Rivenditore,31,castenaso,40055,Emilia-Romagna,Nord-est
SEAT Leon Sportstourer 2.0 tdi Business 115cv,https://www.autoscout24.it/annunci/seat-leon-sportstourer-2-0-tdi-business-115cv-diesel-argento-cat_ma64mo15869-c6fe6b17-6c77-4d2c-9c0a-242512532d53,14500,5,2021,1597000,manuale,Diesel,131,Business,Base,2.0 TDI,Privato,715,brindisi,72100,Puglia,Sud
SEAT Leon sportstourer 2.0 tdi business 115cv,https://www.autoscout24.it/annunci/seat-leon-sportstourer-2-0-tdi-business-115cv-diesel-cat_ma64mo15869-e7cc7dfb-37d6-459f-84f6-a4e936cb1960,14500,4,2022,1061960,manuale,Diesel,131,Business,Base,2.0 TDI,Rivenditore,103,vicenza,36100,Veneto,Nord-est
SEAT Leon 4ª serie Sportstourer 1.5 eTSI 150 CV DSG Xcellence,https://www.autoscout24.it/annunci/seat-leon-4-serie-sportstourer-1-5-etsi-150-cv-dsg-xcellence-elettrica-benzina-bianco-cat_ma64mo15869-9669b729-ea5d-46b9-91a5-f714b693c1f7,14700,5,2021,940000,automatico,Ibrido,131,Xcellence,Middle,1.5 eTSI,Rivenditore,31,castenaso,40055,Emilia-Romagna,Nord-est
SEAT Leon 4ª serie Sportstourer 1.5 eTSI 150 CV DSG Xcellence,https://www.autoscout24.it/annunci/seat-leon-4-serie-sportstourer-1-5-etsi-150-cv-dsg-xcellence-elettrica-benzina-bianco-cat_ma64mo15869-6ea06cd5-5728-47a4-b88d-2f5e3c4c4ed5,14990,5,2021,801690,automatico,Ibrido,131,Xcellence,Middle,1.5 eTSI,Rivenditore,31,castenaso,40055,Emilia-Romagna,Nord-est
SEAT Leon 4ª serie Sportstourer 1.5 eTSI 150 CV DSG Xcellence,https://www.autoscout24.it/annunci/seat-leon-4-serie-sportstourer-1-5-etsi-150-cv-dsg-xcellence-elettrica-benzina-grigio-cat_ma64mo15869-b6790a43-173e-45ff-9a13-7fd25dd5b072,14700,5,2021,905640,automatico,Ibrido,131,Xcellence,Middle,1.5 eTSI,Rivenditore,31,castenaso,40055,Emilia-Romagna,Nord-est
SEAT Leon 4ª serie Sportstourer 1.5 eTSI 150 CV DSG Xcellence,https://www.autoscout24.it/annunci/seat-leon-4-serie-sportstourer-1-5-etsi-150-cv-dsg-xcellence-elettrica-benzina-grigio-cat_ma64mo15869-3551bdb0-c096-4c27-b868-358a59090392,14990,5,2021,870000,automatico,Ibrido,131,Xcellence,Middle,1.5 eTSI,Rivenditore,31,castenaso,40055,Emilia-Romagna,Nord-est
SEAT Leon 4ª serie Sportstourer 1.5 eTSI 150 CV DSG Xcellence,https://www.autoscout24.it/annunci/seat-leon-4-serie-sportstourer-1-5-etsi-150-cv-dsg-xcellence-elettrica-benzina-bianco-cat_ma64mo15869-efe47aad-a647-4d71-8f66-1a46a260dd89,14700,5,2021,910000,automatico,Ibrido,131,Xcellence,Middle,1.5 eTSI,Rivenditore,31,castenaso,40055,Emilia-Romagna,Nord-est
SEAT Leon 4ª serie Sportstourer 1.5 eTSI 150 CV DSG Xcellence,https://www.autoscout24.it/annunci/seat-leon-4-serie-sportstourer-1-5-etsi-150-cv-dsg-xcellence-elettrica-benzina-grigio-cat_ma64mo15869-56118221-bd5d-4ba6-a9fe-8d0062172711,14700,5,2021,950000,automatico,Ibrido,131,Xcellence,Middle,1.5 eTSI,Rivenditore,31,castenaso,40055,Emilia-Romagna,Nord-est
SEAT Leon 4ª serie Sportstourer 1.5 eTSI 150 CV DSG Xcellence,https://www.autoscout24.it/annunci/seat-leon-4-serie-sportstourer-1-5-etsi-150-cv-dsg-xcellence-elettrica-benzina-grigio-cat_ma64mo15869-a02d5082-c3c2-48d4-be66-d4e6fe9abe58,14700,5,2021,923270,automatico,Ibrido,131,Xcellence,Middle,1.5 eTSI,Rivenditore,31,castenaso,40055,Emilia-Romagna,Nord-est
SEAT Leon Sportstourer 2.0 TDI 150 CV DSG Style - PROMO,https://www.autoscout24.it/annunci/seat-leon-sportstourer-2-0-tdi-150-cv-dsg-style-promo-diesel-argento-cat_ma64mo15869-a9295dbc-21c6-4446-8cdb-a5b7663c14af,14900,2,2024,760000,automatico,Diesel,131,Style,Middle,2.0 TDI,Rivenditore,74,este,35042,Veneto,Nord-est
SEAT Leon 4ª SERIE 1.0 ETSI 110 CV DSG STYLE,https://www.autoscout24.it/annunci/seat-leon-4-serie-1-0-etsi-110-cv-dsg-style-elettrica-benzina-nero-cat_ma64mo15869-4f4b8d63-be86-4a3f-955c-228546c6ffcc,15900,4,2022,726120,automatico,Ibrido,131,Style,Middle,1.0 eTSI,Rivenditore,121,brescia,25124,Lombardia,Nord-ovest
SEAT Leon 2.0 TDI 150 CV DSG Style PREZZO REALE,https://www.autoscout24.it/annunci/seat-leon-2-0-tdi-150-cv-dsg-style-prezzo-reale-diesel-grigio-cat_ma64mo15869-8bc5e205-179d-45b7-8a7d-b96eb7f7790f,15800,2,2024,686750,automatico,Diesel,131,Style,Middle,2.0 TDI,Rivenditore,276,torino,10148,Piemonte,Nord-ovest
SEAT Leon 2.0 TDI FR,https://www.autoscout24.it/annunci/seat-leon-2-0-tdi-fr-diesel-bianco-cat_ma64mo15869-66881f1a-6347-46e2-a3ed-3789e4fc3369,16000,3,2023,859150,manuale,Diesel,131,FR,Sport,2.0 TDI,Rivenditore,89,ravenna,48124,Emilia-Romagna,Nord-est
SEAT Leon 1.0 TSI 110cv FR,https://www.autoscout24.it/annunci/seat-leon-1-0-tsi-110cv-fr-benzina-cat_ma64mo15869-9933f556-09bc-4c92-be2f-5ac4b945839f,15900,3,2023,159300,manuale,Benzina,131,FR,Sport,1.0 TSI,Rivenditore,106,empoli,50053,Toscana,Centro
SEAT Leon Sportstourer 2.0 TDI 150 CV DSG Style,https://www.autoscout24.it/annunci/seat-leon-sportstourer-2-0-tdi-150-cv-dsg-style-diesel-nero-cat_ma64mo15869-71735d88-f110-4278-bb0f-56e07866c92d,15300,3,2023,634740,automatico,Diesel,131,Style,Middle,2.0 TDI,Rivenditore,276,torino,10148,Piemonte,Nord-ovest
SEAT Leon PREZZO REALE Leon Sportstourer 2.0 tdi Business 150cv dsg,https://www.autoscout24.it/annunci/seat-leon-prezzo-reale-leon-sportstourer-2-0-tdi-business-150cv-dsg-diesel-grigio-cat_ma64mo15869-529727ba-8123-402e-8abf-a6b18176c079,15500,2,2024,500000,automatico,Diesel,131,Business,Base,2.0 TDI,Rivenditore,269,vignanello,1039,Lazio,Centro
SEAT Leon sportstourer 1.0 tsi 90cv business,https://www.autoscout24.it/annunci/seat-leon-sportstourer-1-0-tsi-90cv-business-benzina-cat_ma64mo15869-7ebe4f8b-07dc-4076-b42e-5dab64808c54,15900,3,2023,248050,manuale,Benzina,131,Business,Base,1.0 TSI,Rivenditore,276,torino,10148,Piemonte,Nord-ovest
SEAT Leon Leon 2.0 tdi Business 150cv AUTOMATICA,https://www.autoscout24.it/annunci/seat-leon-leon-2-0-tdi-business-150cv-automatica-diesel-grigio-cat_ma64mo15869-954f965b-ff36-4c4b-a564-6428710a6694,15990,3,2023,721620,automatico,Diesel,131,Business,Base,2.0 TDI,Rivenditore,383,latina,4100,Lazio,Centro
SEAT Leon 1.0 TSI 110CV Style,https://www.autoscout24.it/annunci/seat-leon-1-0-tsi-110cv-style-benzina-grigio-cat_ma64mo15869-2dacc0bb-1203-4f1e-add8-64ac57269eeb,15891,5,2021,691270,manuale,Benzina,131,Style,Middle,1.0 TSI,Rivenditore,190,meda,20821,Lombardia,Nord-ovest
SEAT Leon Leon IV 2020 1.5 tgi Style 130cv dsg,https://www.autoscout24.it/annunci/seat-leon-leon-iv-2020-1-5-tgi-style-130cv-dsg-metano-nero-cat_ma64mo15869-b66f9d12-8cf3-4034-9e8f-19c3c98a7149,15300,5,2021,770000,automatico,Metano,131,Style,Middle,1.5 TGI,Privato,326,roma,148,Lazio,Centro
SEAT Leon Sportstourer 1.0 TSI 110 CV Business,https://www.autoscout24.it/annunci/seat-leon-sportstourer-1-0-tsi-110-cv-business-benzina-bianco-cat_ma64mo15869-8515a9c4-a835-4d72-8b4f-c46e346d1fe6,15950,2,2024,99500,manuale,Benzina,131,Business,Base,1.0 TSI,Rivenditore,14,pieve cento,40066,Emilia-Romagna,Nord-est
SEAT Leon 4ª SERIE 1.0 ETSI 110 CV DSG STYLE,https://www.autoscout24.it/annunci/seat-leon-4-serie-1-0-etsi-110-cv-dsg-style-elettrica-benzina-nero-cat_ma64mo15869-950ebd1a-542f-47ff-92e5-50d824857c12,15900,4,2022,726120,automatico,Ibrido,131,Style,Middle,1.0 eTSI,Rivenditore,97,altavilla vicentina,36077,Veneto,Nord-est
SEAT Leon Sportstourer 2.0 TDI 150 CV DSG Style,https://www.autoscout24.it/annunci/seat-leon-sportstourer-2-0-tdi-150-cv-dsg-style-diesel-grigio-cat_ma64mo15869-966a58d7-4f24-481f-b567-64b6b28c0ddc,15900,2,2024,500070,automatico,Diesel,131,Style,Middle,2.0 TDI,Rivenditore,197,senigallia,60019,Marche,Centro
SEAT Leon Sportstourer 1.5 Mild Hybrid etsi FR 150cv dsg,https://www.autoscout24.it/annunci/seat-leon-sportstourer-1-5-mild-hybrid-etsi-fr-150cv-dsg-elettrica-benzina-cat_ma64mo15869-4540c3d4-aad9-4537-b638-f6e217536a0d,16000,5,2021,1040000,automatico,Ibrido,131,FR,Sport,1.5 eTSI,Privato,190,aldino,39040,Trentino-Alto Adige/Südtirol,Nord-est
SEAT Leon Leon ST 1.5 ecotsi Xcellence 150cv dsg,https://www.autoscout24.it/annunci/seat-leon-leon-st-1-5-ecotsi-xcellence-150cv-dsg-benzina-nero-cat_ma64mo15869-bb53a2fc-5701-4c88-8105-288efc486f0e,15600,5,2021,1020000,automatico,Benzina,131,Xcellence,Middle,,Privato,211,grosseto,58100,Toscana,Centro
SEAT Leon SW 2.0 TDI 150cv STYLE DSG - GS785LL,https://www.autoscout24.it/annunci/seat-leon-sw-2-0-tdi-150cv-style-dsg-gs785ll-diesel-nero-cat_ma64mo15869-cba5d769-b435-4afb-b08d-b6e43a49f2e3,15400,3,2023,620000,automatico,Diesel,131,Style,Middle,2.0 TDI,Rivenditore,215,basiliano,33031,Friuli-Venezia Giulia,Nord-est
SEAT Leon SW 2.0 TDI 150cv STYLE DSG - GT432FV,https://www.autoscout24.it/annunci/seat-leon-sw-2-0-tdi-150cv-style-dsg-gt432fv-diesel-nero-cat_ma64mo15869-4d3ea23c-e645-4ef3-b26d-f99fb1e33d15,15900,2,2024,620000,automatico,Diesel,131,Style,Middle,2.0 TDI,Rivenditore,215,basiliano,33031,Friuli-Venezia Giulia,Nord-est
SEAT Leon SW 2.0 TDI 150cv STYLE DSG - GR107HC,https://www.autoscout24.it/annunci/seat-leon-sw-2-0-tdi-150cv-style-dsg-gr107hc-diesel-argento-cat_ma64mo15869-18c5a2be-f997-4b9b-96f8-2c031a3f966a,15400,3,2023,660000,automatico,Diesel,131,Style,Middle,2.0 TDI,Rivenditore,215,basiliano,33031,Friuli-Venezia Giulia,Nord-est
SEAT Leon 2.0 tdi FR 150cv dsg 7m my20,https://www.autoscout24.it/annunci/seat-leon-2-0-tdi-fr-150cv-dsg-7m-my20-diesel-cat_ma64mo15869-7d571018-cc49-4b16-8d2f-16b47ff7ff62,15500,5,2021,1750000,automatico,Diesel,131,FR,Sport,2.0 TDI,Privato,468,oschiri,7027,Sardegna,Isole
SEAT Leon 2.0 TDI 150CV DSG Style,https://www.autoscout24.it/annunci/seat-leon-2-0-tdi-150cv-dsg-style-diesel-nero-cat_ma64mo15869-d1aa2248-9f2b-48cd-a3b0-6447cf4609ff,15500,5,2021,1120000,automatico,Diesel,131,Style,Middle,2.0 TDI,Rivenditore,695,san michele salentino,72018,Puglia,Sud
SEAT Leon Leon Sportstourer 2.0 TDI Style,https://www.autoscout24.it/annunci/seat-leon-leon-sportstourer-2-0-tdi-style-diesel-nero-cat_ma64mo15869-d93c3e27-42da-46c8-a938-f0392b5e42c6,15990,3,2023,950000,manuale,Diesel,131,Style,Middle,2.0 TDI,Rivenditore,56,viadana,46019,Lombardia,Nord-ovest
SEAT Leon Leon IV 2020 1.0 tsi Style 90cv,https://www.autoscout24.it/annunci/seat-leon-leon-iv-2020-1-0-tsi-style-90cv-benzina-rosso-cat_ma64mo15869-fc94953f-c95f-4412-998d-3d3ae7cc8e4a,15900,5,2021,606000,manuale,Benzina,131,Style,Middle,1.0 TSI,Privato,177,cernusco lombardone,23870,Lombardia,Nord-ovest
SEAT Leon Sportstourer 2.0 tdi Style 115cv “PREZZO REALE”,https://www.autoscout24.it/annunci/seat-leon-sportstourer-2-0-tdi-style-115cv-prezzo-reale-diesel-nero-cat_ma64mo15869-48caee91-710c-47ac-a886-43df580403ad,15800,3,2023,650000,manuale,Diesel,131,Style,Middle,2.0 TDI,Rivenditore,126,scorze,30037,Veneto,Nord-est
SEAT Leon 4ª serie Sportstourer 1.5 eTSI 150 CV DSG Xcellence,https://www.autoscout24.it/annunci/seat-leon-4-serie-sportstourer-1-5-etsi-150-cv-dsg-xcellence-elettrica-benzina-bianco-cat_ma64mo15869-d1dd8dab-73e1-4ba6-97c2-420631c7181a,15300,5,2021,721010,automatico,Ibrido,131,Xcellence,Middle,1.5 eTSI,Rivenditore,31,castenaso,40055,Emilia-Romagna,Nord-est
SEAT Leon 4ª serie Sportstourer 1.5 eTSI 150 CV DSG Xcellence,https://www.autoscout24.it/annunci/seat-leon-4-serie-sportstourer-1-5-etsi-150-cv-dsg-xcellence-elettrica-benzina-grigio-cat_ma64mo15869-d737d785-e296-4039-8711-69959b8fae15,15300,5,2021,767430,automatico,Ibrido,131,Xcellence,Middle,1.5 eTSI,Rivenditore,31,castenaso,40055,Emilia-Romagna,Nord-est
SEAT Leon 1.0 TSI 110CV Style,https://www.autoscout24.it/annunci/seat-leon-1-0-tsi-110cv-style-benzina-grigio-cat_ma64mo15869-1982f78c-fc1a-4543-a2d2-3cca34476177,15891,5,2021,691270,manuale,Benzina,131,Style,Middle,1.0 TSI,Rivenditore,116,borgoricco,35010,Veneto,Nord-est
SEAT Leon 1.0 ETSI STYLE DSG 110cv,https://www.autoscout24.it/annunci/seat-leon-1-0-etsi-style-dsg-110cv-elettrica-benzina-cat_ma64mo15869-bd98f0b8-b8a4-4217-a5ac-39d9f5e95b2a,15900,4,2022,660170,automatico,Ibrido,131,Style,Middle,1.0 eTSI,Rivenditore,284,grugliasco,10095,Piemonte,Nord-ovest
SEAT Leon Leon Sportstourer 2.0 tdi Business 150cv dsg,https://www.autoscout24.it/annunci/seat-leon-leon-sportstourer-2-0-tdi-business-150cv-dsg-diesel-argento-cat_ma64mo15869-dc42359f-f10e-475b-a481-5c736bb71d36,15900,3,2023,670000,automatico,Diesel,131,Business,Base,2.0 TDI,Rivenditore,191,mariano comense,22066,Lombardia,Nord-ovest
SEAT Leon 1.5 tgi FR 130cv dsg,https://www.autoscout24.it/annunci/seat-leon-1-5-tgi-fr-130cv-dsg-metano-cat_ma64mo15869-d874dd24-0781-495f-a885-563cf96ef0fb,15800,5,2021,1689000,automatico,Metano,131,FR,Sport,1.5 TGI,Privato,611,bari,70121,Puglia,Sud
SEAT Leon IV 2020 2.0 tdi Style 150cv dsg,https://www.autoscout24.it/annunci/seat-leon-iv-2020-2-0-tdi-style-150cv-dsg-diesel-cat_ma64mo15869-65a3307d-cda4-4ca4-8087-d902a53ac895,15990,5,2021,1207400,automatico,Diesel,131,Style,Middle,2.0 TDI,Rivenditore,326,roma,178,Lazio,Centro
SEAT Leon Leon Sportstourer 1.5 etsi Business 150cv dsg,https://www.autoscout24.it/annunci/seat-leon-leon-sportstourer-1-5-etsi-business-150cv-dsg-elettrica-benzina-grigio-cat_ma64mo15869-711bd51b-e982-4c37-89dc-9842fc29d0ab,15900,3,2023,920000,automatico,Ibrido,131,Business,Base,1.5 eTSI,Rivenditore,133,riese pio x,31039,Veneto,Nord-est
SEAT Leon 1.0 eTSI DSG Business MHEV C/GRIMALDI SPECIAL DAY,https://www.autoscout24.it/annunci/seat-leon-1-0-etsi-dsg-business-mhev-c-grimaldi-special-day-elettrica-benzina-grigio-cat_ma64mo15869-b12944f5-7566-4b82-b96c-baf07f00456b,15900,5,2021,702530,automatico,Ibrido,131,Business,Base,1.0 eTSI,Rivenditore,193,vigevano,27029,Lombardia,Nord-ovest
SEAT Leon Leon IV 2021 Sportstourer Sportstourer 1.5 etsi Xcellence 150cv dsg,https://www.autoscout24.it/annunci/seat-leon-leon-iv-2021-sportstourer-sportstourer-1-5-etsi-xcellence-150cv-dsg-elettrica-benzina-bianco-cat_ma64mo15869-fac0c6b4-e071-4e45-8343-2cec4e44775a,15500,5,2021,911000,automatico,Ibrido,131,Xcellence,Middle,1.5 eTSI,Privato,261,viterbo,1100,Lazio,Centro
SEAT Leon Leon IV 2020 Sportstourer Sportstourer 2.0 tdi Style 115cv,https://www.autoscout24.it/annunci/seat-leon-leon-iv-2020-sportstourer-sportstourer-2-0-tdi-style-115cv-diesel-nero-cat_ma64mo15869-6ef675cc-e688-4bc4-9cd8-8b1c41d68a70,15900,3,2023,529000,manuale,Diesel,131,Style,Middle,2.0 TDI,Privato,775,maglie,73024,Puglia,Sud
SEAT Leon 2.0 TDI Business 115 CV,https://www.autoscout24.it/annunci/seat-leon-2-0-tdi-business-115-cv-diesel-grigio-cat_ma64mo15869-e7a418f5-90a9-429f-b0d6-7078c591a159,15900,4,2022,868560,manuale,Diesel,131,Business,Base,2.0 TDI,Rivenditore,193,vigevano,27029,Lombardia,Nord-ovest
SEAT Leon Leon Sportstourer 2.0 TDI 150 CV DSG Style,https://www.autoscout24.it/annunci/seat-leon-leon-sportstourer-2-0-tdi-150-cv-dsg-style-diesel-grigio-cat_ma64mo15869-64b9c2ea-96fd-4e05-bd00-c4ae518473fe,15999,4,2022,990000,automatico,Diesel,131,Style,Middle,2.0 TDI,Rivenditore,54,gattatico,42043,Emilia-Romagna,Nord-est
SEAT Leon Leon IV 2022 2.0 tdi Business 115cv,https://www.autoscout24.it/annunci/seat-leon-leon-iv-2022-2-0-tdi-business-115cv-diesel-bianco-cat_ma64mo15869-24ccbc1d-8919-4fc4-b0ad-41f62784611a,15999,4,2022,1100000,manuale,Diesel,131,Business,Base,2.0 TDI,Rivenditore,469,siniscola,8029,Sardegna,Isole
SEAT Leon 2.0 TDI Style FULL LED,https://www.autoscout24.it/annunci/seat-leon-2-0-tdi-style-full-led-diesel-grigio-cat_ma64mo15869-ead5eb44-2bab-4155-be94-b24f4972325c,15900,5,2021,723410,manuale,Diesel,131,Style,Middle,2.0 TDI,Rivenditore,193,vigevano,27029,Lombardia,Nord-ovest
SEAT Leon Sportstourer 1.5 eTSI 150 CV DSG Xcellence,https://www.autoscout24.it/annunci/seat-leon-sportstourer-1-5-etsi-150-cv-dsg-xcellence-elettrica-benzina-nero-cat_ma64mo15869-9ed2a319-da90-43d9-be99-fc04ac92edc3,15470,5,2021,967180,automatico,Ibrido,131,Xcellence,Middle,1.5 eTSI,Rivenditore,99,firenze,50145,Toscana,Centro
SEAT Leon 1.0 TSI 110CV Style,https://www.autoscout24.it/annunci/seat-leon-1-0-tsi-110cv-style-benzina-grigio-cat_ma64mo15869-729b4e00-eddd-490f-bdc2-16646665bcc8,15891,5,2021,691270,manuale,Benzina,131,Style,Middle,1.0 TSI,Rivenditore,177,milano,20153,Lombardia,Nord-ovest
SEAT Leon Leon IV 2020 1.0 tsi Style 110cv,https://www.autoscout24.it/annunci/seat-leon-leon-iv-2020-1-0-tsi-style-110cv-benzina-grigio-cat_ma64mo15869-ca34df16-29b6-4722-831e-0b623de69b13,15490,5,2021,705000,manuale,Benzina,131,Style,Middle,1.0 TSI,Rivenditore,178,monza,20900,Lombardia,Nord-ovest
SEAT Leon 1.0 TSI 110CV Style,https://www.autoscout24.it/annunci/seat-leon-1-0-tsi-110cv-style-benzina-grigio-cat_ma64mo15869-49a00d6a-0251-4951-bf6e-20ccdc214ed9,15891,5,2021,691270,manuale,Benzina,131,Style,Middle,1.0 TSI,Rivenditore,187,barzago,23890,Lombardia,Nord-ovest
SEAT Leon Leon Sportstourer 2.0 TDI Style,https://www.autoscout24.it/annunci/seat-leon-leon-sportstourer-2-0-tdi-style-diesel-grigio-cat_ma64mo15869-dccecc65-c216-4d2b-94cb-29bf1d99d752,15490,3,2023,980000,manuale,Diesel,131,Style,Middle,2.0 TDI,Rivenditore,276,torino,10133,Piemonte,Nord-ovest
"SEAT Leon Sportstourer 2.0 tdi Style 150cv dsg ""Km 63.000""",https://www.autoscout24.it/annunci/seat-leon-sportstourer-2-0-tdi-style-150cv-dsg-km-63-000-diesel-cat_ma64mo15869-b8c34d6a-0d73-4311-b5ce-ee3eb618a7c5,15900,3,2023,630000,automatico,Diesel,131,Style,Middle,2.0 TDI,Rivenditore,646,ginosa,74013,Puglia,Sud
SEAT Leon Sportstourer 2.0 TDI 116 CV Style,https://www.autoscout24.it/annunci/seat-leon-sportstourer-2-0-tdi-116-cv-style-diesel-argento-cat_ma64mo15869-b5e6b6df-2d0a-4ac8-8a76-ae4e87d47f3a,15800,4,2022,753150,manuale,Diesel,131,Style,Middle,2.0 TDI,Rivenditore,241,gorizia,34170,Friuli-Venezia Giulia,Nord-est
SEAT Leon 4ª serie 1.5 TGI DSG FR,https://www.autoscout24.it/annunci/seat-leon-4-serie-1-5-tgi-dsg-fr-metano-grigio-cat_ma64mo15869-1fcfcc5f-b93e-456d-9ece-b7c3d23df38a,16900,5,2021,957850,automatico,Metano,131,FR,Sport,1.5 TGI,Rivenditore,31,castenaso,40055,Emilia-Romagna,Nord-est
SEAT Leon 1.5 tsi FR 130cv,https://www.autoscout24.it/annunci/seat-leon-1-5-tsi-fr-130cv-benzina-cat_ma64mo15869-7ecf73a3-bf61-4acf-aeba-b3a8dcae5cae,17000,4,2022,540000,manuale,Benzina,131,FR,Sport,1.5 TSI,Privato,276,torino,10121,Piemonte,Nord-ovest
SEAT Leon IV 2020 1.5 tsi Xcellence 150cv,https://www.autoscout24.it/annunci/seat-leon-iv-2020-1-5-tsi-xcellence-150cv-benzina-blu-azzurro-cat_ma64mo15869-eb3670f0-6300-4eb7-a610-1442b5e011b2,16500,5,2021,603970,manuale,Benzina,131,Xcellence,Middle,1.5 TSI,Rivenditore,177,sesto san giovanni,20099,Lombardia,Nord-ovest
SEAT Leon 1.5 etsi FR 150cv dsg,https://www.autoscout24.it/annunci/seat-leon-1-5-etsi-fr-150cv-dsg-elettrica-benzina-cat_ma64mo15869-66a0101d-778d-4dfe-b50b-3e3403b893ab,16500,4,2022,800000,automatico,Ibrido,131,FR,Sport,1.5 eTSI,Privato,214,savona,17100,Liguria,Nord-ovest
SEAT Leon 2.0 TDI 150 CV DSG Style PREZZO REALE!,https://www.autoscout24.it/annunci/seat-leon-2-0-tdi-150-cv-dsg-style-prezzo-reale-diesel-blu-azzurro-cat_ma64mo15869-49c35754-9aca-40c7-bdaa-aa4e8010505d,16500,2,2024,490000,automatico,Diesel,131,Style,Middle,2.0 TDI,Rivenditore,276,torino,10142,Piemonte,Nord-ovest
SEAT Leon 2.0 tdi FR 115cv,https://www.autoscout24.it/annunci/seat-leon-2-0-tdi-fr-115cv-diesel-cat_ma64mo15869-2bf984ee-707f-4db3-9c1e-64456e4da447,16990,3,2023,890000,manuale,Diesel,131,FR,Sport,2.0 TDI,Privato,261,viterbo,1100,Lazio,Centro
SEAT Leon Leon TDI 110 KW Style DSG,https://www.autoscout24.it/annunci/seat-leon-leon-tdi-110-kw-style-dsg-diesel-grigio-cat_ma64mo15869-ac404a63-ee45-4e16-a23a-f577eb769e4f,16500,2,2024,580000,automatico,Diesel,131,Style,Middle,,Rivenditore,161,gazzaniga,24025,Lombardia,Nord-ovest
SEAT Leon 1.5 TGI Style Metano della casa,https://www.autoscout24.it/annunci/seat-leon-1-5-tgi-style-metano-della-casa-metano-grigio-cat_ma64mo15869-6bc72151-4901-4ede-958f-29c8f36107e9,16900,4,2022,798900,manuale,Metano,131,Style,Middle,1.5 TGI,Rivenditore,201,rivignano teor,33061,Friuli-Venezia Giulia,Nord-est
SEAT Leon Leon Sportstourer 2.0 tdi Style 150cv dsg,https://www.autoscout24.it/annunci/seat-leon-leon-sportstourer-2-0-tdi-style-150cv-dsg-diesel-grigio-cat_ma64mo15869-b0f287f4-d447-456b-a149-19b4462ebf84,16500,2,2024,620000,automatico,Diesel,131,Style,Middle,2.0 TDI,Rivenditore,288,rivoli,10098,Piemonte,Nord-ovest
SEAT Leon 2.0 tdi FR 115cv,https://www.autoscout24.it/annunci/seat-leon-2-0-tdi-fr-115cv-diesel-nero-cat_ma64mo15869-dfde3689-62f5-4a10-966a-5a64591d8805,16900,3,2023,880000,manuale,Diesel,131,FR,Sport,2.0 TDI,Rivenditore,264,soriano nel cimino,1038,Lazio,Centro
SEAT Leon 1.5 TGI Style Metano della Casa,https://www.autoscout24.it/annunci/seat-leon-1-5-tgi-style-metano-della-casa-metano-grigio-cat_ma64mo15869-0010cbe0-57fc-4849-99f8-64ab26e3fee7,16900,4,2022,798900,manuale,Metano,131,Style,Middle,1.5 TGI,Rivenditore,163,oderzo,31046,Veneto,Nord-est
SEAT Leon Leon Sportstourer 2.0 TDI Style Manuale,https://www.autoscout24.it/annunci/seat-leon-leon-sportstourer-2-0-tdi-style-manuale-diesel-nero-cat_ma64mo15869-7c794806-dfa2-4be3-9430-3197fc5b22af,16999,3,2023,670000,manuale,Diesel,131,Style,Middle,2.0 TDI,Rivenditore,55,brescello,42041,Emilia-Romagna,Nord-est
SEAT Leon Sportstourer 1.5 etsi Xcellence 150cv dsg,https://www.autoscout24.it/annunci/seat-leon-sportstourer-1-5-etsi-xcellence-150cv-dsg-elettrica-benzina-cat_ma64mo15869-0f7d0781-1d3f-42bf-b7ed-e18a83a78825,16599,5,2021,970000,automatico,Ibrido,131,Xcellence,Middle,1.5 eTSI,Privato,62,angiari,37050,Veneto,Nord-est
SEAT Leon 1.4 e-HYBRID 204 CV DSG FR,https://www.autoscout24.it/annunci/seat-leon-1-4-e-hybrid-204-cv-dsg-fr-elettrica-benzina-bianco-cat_ma64mo15869-f4dfc829-7149-409d-8abb-9448e9a76e5a,16990,5,2021,1187000,automatico,Ibrido,131,FR,Sport,e-Hybrid,Rivenditore,272,rotella,63071,Marche,Centro
SEAT Leon Leon Sportstourer 1.5 tgi Style 130cv dsg,https://www.autoscout24.it/annunci/seat-leon-leon-sportstourer-1-5-tgi-style-130cv-dsg-metano-bianco-cat_ma64mo15869-519cfd40-7129-4a23-ab51-8c4ca5f06908,16950,4,2022,1170000,automatico,Metano,131,Style,Middle,1.5 TGI,Privato,257,montegiorgio,63833,Marche,Centro
SEAT Leon Leon 1.0 etsi Business 110cv dsg,https://www.autoscout24.it/annunci/seat-leon-leon-1-0-etsi-business-110cv-dsg-elettrica-benzina-grigio-cat_ma64mo15869-edd20368-dc7e-40a2-b1d2-cc713ec09d3e,16800,4,2022,490000,automatico,Ibrido,131,Business,Base,1.0 eTSI,Rivenditore,182,lissone,20851,Lombardia,Nord-ovest
SEAT Leon 1.5 tsi fr 150cv,https://www.autoscout24.it/annunci/seat-leon-1-5-tsi-fr-150cv-benzina-blu-azzurro-cat_ma64mo15869-ccbdb648-e050-439c-a86b-81723651098b,16400,5,2021,1220000,manuale,Benzina,131,FR,Sport,1.5 TSI,Rivenditore,116,borgoricco,35010,Veneto,Nord-est
SEAT Leon 2.0 tdi Style 150cv dsg,https://www.autoscout24.it/annunci/seat-leon-2-0-tdi-style-150cv-dsg-diesel-grigio-cat_ma64mo15869-e9e261ea-36dc-4808-aa1d-20c87b72fec9,16500,2,2024,644650,automatico,Diesel,131,Style,Middle,2.0 TDI,Rivenditore,191,latisana,33053,Friuli-Venezia Giulia,Nord-est
SEAT Leon Leon IV 2020 Sportstourer Sportstourer 2.0 tdi Style 150cv dsg,https://www.autoscout24.it/annunci/seat-leon-leon-iv-2020-sportstourer-sportstourer-2-0-tdi-style-150cv-dsg-diesel-argento-cat_ma64mo15869-60f2b89a-bdbc-4371-9d64-8364f0d32f60,16900,2,2024,600000,automatico,Diesel,131,Style,Middle,2.0 TDI,Rivenditore,207,monte san vito,60037,Marche,Centro
SEAT Leon 1.4 e-HYBRID 204 CV DSG FR,https://www.autoscout24.it/annunci/seat-leon-1-4-e-hybrid-204-cv-dsg-fr-elettrica-benzina-bianco-cat_ma64mo15869-c27253a6-99ce-4315-ae31-406f9d5fbd7e,16990,5,2021,1187000,automatico,Ibrido,131,FR,Sport,e-Hybrid,Rivenditore,377,lanciano,66034,Abruzzo,Sud
SEAT Leon ST Business DSG 1.5 Mild Hybrid 150CV,https://www.autoscout24.it/annunci/seat-leon-st-business-dsg-1-5-mild-hybrid-150cv-elettrica-benzina-grigio-cat_ma64mo15869-7a4bb3d8-565c-4338-871a-4f2cdff70b90,16290,3,2023,903690,automatico,Ibrido,131,Business,Base,1.5 eTSI,Rivenditore,40,reggio emilia,42122,Emilia-Romagna,Nord-est
SEAT Leon Sportstourer 2.0 TDI DSG Business PROMO SEAT - 1000,https://www.autoscout24.it/annunci/seat-leon-sportstourer-2-0-tdi-dsg-business-promo-seat-1000-diesel-grigio-cat_ma64mo15869-b1147415-c81c-4599-9813-804b0971d409,16900,3,2023,1086690,automatico,Diesel,131,Business,Base,2.0 TDI,Rivenditore,222,varese,21100,Lombardia,Nord-ovest
SEAT Leon Leon Sportstourer 2.0 TDI 150 CV DSG Business,https://www.autoscout24.it/annunci/seat-leon-leon-sportstourer-2-0-tdi-150-cv-dsg-business-diesel-grigio-cat_ma64mo15869-effc973b-5514-4652-8257-44679aba856d,16999,5,2021,980000,automatico,Diesel,131,Business,Base,2.0 TDI,Rivenditore,55,brescello,42041,Emilia-Romagna,Nord-est
SEAT Leon 2.0 TDI Business DSG,https://www.autoscout24.it/annunci/seat-leon-2-0-tdi-business-dsg-diesel-argento-cat_ma64mo15869-54187bba-a18a-4a9c-917e-70806b4d8d55,16900,3,2023,740000,automatico,Diesel,131,Business,Base,2.0 TDI,Rivenditore,842,agrigento,92100,Sicilia,Isole
SEAT Leon Sportstourer 2.0 TDI Style,https://www.autoscout24.it/annunci/seat-leon-sportstourer-2-0-tdi-style-diesel-grigio-cat_ma64mo15869-e9ff211f-9557-4376-a181-77b73a9c852e,16500,3,2023,607750,manuale,Diesel,131,Style,Middle,2.0 TDI,Rivenditore,345,bellegra,30,Lazio,Centro
SEAT Leon ST Business DSG 1.5 Mild Hybrid 150CV,https://www.autoscout24.it/annunci/seat-leon-st-business-dsg-1-5-mild-hybrid-150cv-elettrica-benzina-grigio-cat_ma64mo15869-7fa75163-af3b-41e1-8d86-4581bff3be1f,16290,3,2023,903690,automatico,Ibrido,131,Business,Base,1.5 eTSI,Rivenditore,180,cinisello balsamo,20092,Lombardia,Nord-ovest
SEAT Leon Leon Sportstourer  2.0 tdi Style 150cv dsg,https://www.autoscout24.it/annunci/seat-leon-leon-sportstourer-2-0-tdi-style-150cv-dsg-diesel-blu-azzurro-cat_ma64mo15869-00384545-c5fe-46d2-a7a2-355b2fe6fa34,16500,2,2024,855590,automatico,Diesel,131,Style,Middle,2.0 TDI,Rivenditore,15,calderara reno,40012,Emilia-Romagna,Nord-est
SEAT Leon ST Business DSG 1.5 Mild Hybrid 150CV,https://www.autoscout24.it/annunci/seat-leon-st-business-dsg-1-5-mild-hybrid-150cv-elettrica-benzina-grigio-cat_ma64mo15869-c352daf0-ae6d-47f4-88e9-86ef1ee6eeb2,16290,3,2023,903690,automatico,Ibrido,131,Business,Base,1.5 eTSI,Rivenditore,27,granarolo emilia,40057,Emilia-Romagna,Nord-est
SEAT Leon 1.0 eTSI DSG Business MHEV,https://www.autoscout24.it/annunci/seat-leon-1-0-etsi-dsg-business-mhev-elettrica-benzina-grigio-cat_ma64mo15869-7844a043-486d-4421-9de0-44f6f699fc39,16900,5,2021,702530,automatico,Ibrido,131,Business,Base,1.0 eTSI,Rivenditore,193,vigevano,27029,Lombardia,Nord-ovest
SEAT Leon 1.4 e-HYBRID 204 CV DSG FR,https://www.autoscout24.it/annunci/seat-leon-1-4-e-hybrid-204-cv-dsg-fr-elettrica-benzina-bianco-cat_ma64mo15869-d6aec4c1-bc5f-4135-89c5-9914e61b6586,16990,5,2021,1187000,automatico,Ibrido,131,FR,Sport,e-Hybrid,Rivenditore,412,agnone,86081,Molise,Sud
SEAT Leon Leon 1.5 TGI DSG FR,https://www.autoscout24.it/annunci/seat-leon-leon-1-5-tgi-dsg-fr-benzina-cat_ma64mo15869-0bcbb3df-8036-4dc1-bb08-234c75cbdb1f,17900,5,2021,455000,automatico,Benzina,131,FR,Sport,1.5 TGI,Rivenditore,170,cernusco sul naviglio,20063,Lombardia,Nord-ovest
SEAT Leon Leon 1.4 e-hybrid FR dsg 150cv,https://www.autoscout24.it/annunci/seat-leon-leon-1-4-e-hybrid-fr-dsg-150cv-elettrica-benzina-blu-azzurro-cat_ma64mo15869-33b19b6c-4954-4178-9b60-87e07da517dc,17400,5,2021,443000,automatico,Ibrido,131,FR,Sport,e-Hybrid,Rivenditore,192,barlassina,20825,Lombardia,Nord-ovest
SEAT Leon 1.5 eTSI 150cv XCELLENCE DSG,https://www.autoscout24.it/annunci/seat-leon-1-5-etsi-150cv-xcellence-dsg-elettrica-benzina-grigio-cat_ma64mo15869-b0117f9f-c8b1-40d3-93da-d31e5d0b5690,17500,5,2021,670000,automatico,Ibrido,131,Xcellence,Middle,1.5 eTSI,Rivenditore,259,gaglianico,13894,Piemonte,Nord-ovest
SEAT Leon 2.0 tdi Business 115cv,https://www.autoscout24.it/annunci/seat-leon-2-0-tdi-business-115cv-diesel-bianco-cat_ma64mo15869-241c1969-fb1d-45c5-be65-ed5b6455422f,17900,2,2024,790000,manuale,Diesel,131,Business,Base,2.0 TDI,Rivenditore,86,verona,37135,Veneto,Nord-est
SEAT Leon Leon IV Sportstourer Sportstourer 2.0 tdi Xcellence 150cv dsg,https://www.autoscout24.it/annunci/seat-leon-leon-iv-sportstourer-sportstourer-2-0-tdi-xcellence-150cv-dsg-diesel-blu-azzurro-cat_ma64mo15869-620a22b3-03ad-4ab1-879f-4ff40fce533d,17900,5,2021,662150,automatico,Diesel,131,Xcellence,Middle,2.0 TDI,Rivenditore,85,agliana,51031,Toscana,Centro
SEAT Leon 1.0 etsi FR 110cv dsg,https://www.autoscout24.it/annunci/seat-leon-1-0-etsi-fr-110cv-dsg-elettrica-benzina-cat_ma64mo15869-0065d4a4-66f2-43f7-9e69-f62dbb240ab1,17800,4,2022,406000,automatico,Ibrido,131,FR,Sport,1.0 eTSI,Privato,310,ala stura,10070,Piemonte,Nord-ovest
SEAT Leon 1.5 tsi 116cv style,https://www.autoscout24.it/annunci/seat-leon-1-5-tsi-116cv-style-benzina-cat_ma64mo15869-f2351482-8ba7-445b-a4e3-16a4512efa49,17800,1,2025,416040,manuale,Benzina,131,Style,Middle,1.5 TSI,Rivenditore,276,torino,10148,Piemonte,Nord-ovest
SEAT Leon 1.5 etsi FR 150cv dsg,https://www.autoscout24.it/annunci/seat-leon-1-5-etsi-fr-150cv-dsg-elettrica-benzina-cat_ma64mo15869-f95885f4-748d-4841-aa95-fd5082e500a8,17500,5,2021,810000,automatico,Ibrido,131,FR,Sport,1.5 eTSI,Privato,43,pavullo nel frignano,41026,Emilia-Romagna,Nord-est
SEAT Leon Leon IV 20201.5 etsi Xcellence 150cv dsg,https://www.autoscout24.it/annunci/seat-leon-leon-iv-20201-5-etsi-xcellence-150cv-dsg-elettrica-benzina-cat_ma64mo15869-5ff8342a-7c56-4088-986a-af44bb253982,18000,5,2021,640000,automatico,Ibrido,131,Xcellence,Middle,1.5 eTSI,Privato,214,falconara marittima,60015,Marche,Centro
SEAT Leon Leon IV 20201.5 tgi FR 130cv dsg,https://www.autoscout24.it/annunci/seat-leon-leon-iv-20201-5-tgi-fr-130cv-dsg-metano-cat_ma64mo15869-ba99fa5f-b2a3-4665-874e-e0eb5f383c71,17500,5,2021,970000,automatico,Metano,131,FR,Sport,1.5 TGI,Privato,64,barbona,35040,Veneto,Nord-est
SEAT Leon Leon Sportstourer 2.0 TDI Business,https://www.autoscout24.it/annunci/seat-leon-leon-sportstourer-2-0-tdi-business-diesel-grigio-cat_ma64mo15869-b060146b-7b85-4173-bd7f-5a274945a527,17500,3,2023,600000,manuale,Diesel,131,Business,Base,2.0 TDI,Rivenditore,56,viadana,46019,Lombardia,Nord-ovest
SEAT Leon Sportstourer 2.0 tdi FR 150cv dsg,https://www.autoscout24.it/annunci/seat-leon-sportstourer-2-0-tdi-fr-150cv-dsg-diesel-bianco-cat_ma64mo15869-b04d04a8-aec1-4fe4-b715-8da99c0488a0,17500,4,2022,975500,automatico,Diesel,131,FR,Sport,2.0 TDI,Rivenditore,206,andreis,33080,Friuli-Venezia Giulia,Nord-est
SEAT Leon Sportstourer 2.0 TDI 150 CV DSG Style,https://www.autoscout24.it/annunci/seat-leon-sportstourer-2-0-tdi-150-cv-dsg-style-diesel-grigio-cat_ma64mo15869-caca38f6-a106-4537-b36d-7d25c2865b20,17800,2,2024,560000,automatico,Diesel,131,Style,Middle,2.0 TDI,Rivenditore,207,maniago,33085,Friuli-Venezia Giulia,Nord-est
SEAT Leon 2.0 TDI 150cv FR DSG,https://www.autoscout24.it/annunci/seat-leon-2-0-tdi-150cv-fr-dsg-diesel-cat_ma64mo15869-e1053dd1-462c-4a78-8cc3-39d93358373a,17990,5,2021,1022420,automatico,Diesel,131,FR,Sport,2.0 TDI,Rivenditore,25,bologna,40138,Emilia-Romagna,Nord-est
SEAT Leon Leon IV 2020 Sportstourer Sportstourer 1.5 tgi FR 130cv dsg,https://www.autoscout24.it/annunci/seat-leon-leon-iv-2020-sportstourer-sportstourer-1-5-tgi-fr-130cv-dsg-metano-grigio-cat_ma64mo15869-3c41d3ff-ccd5-4ae0-a4b7-bae3f40e7910,17800,4,2022,1260000,automatico,Metano,131,FR,Sport,1.5 TGI,Privato,25,bologna,40129,Emilia-Romagna,Nord-est
SEAT Leon FR 2.0 TDI 150CV DSG,https://www.autoscout24.it/annunci/seat-leon-fr-2-0-tdi-150cv-dsg-diesel-nero-cat_ma64mo15869-36433e01-966f-4662-853d-63c454d71d94,17900,4,2022,1104410,automatico,Diesel,131,FR,Sport,2.0 TDI,Rivenditore,753,borgetto,90042,Sicilia,Isole
SEAT Leon 2.0 tdi Style 150cv dsg,https://www.autoscout24.it/annunci/seat-leon-2-0-tdi-style-150cv-dsg-diesel-nero-cat_ma64mo15869-6f9eee57-d9f8-4f59-bf10-8186d76217c9,17900,3,2023,805000,automatico,Diesel,131,Style,Middle,2.0 TDI,Rivenditore,150,siena,53100,Toscana,Centro
SEAT Leon 2.0 TDI 110KW BUSINESS DSG,https://www.autoscout24.it/annunci/seat-leon-2-0-tdi-110kw-business-dsg-diesel-blu-azzurro-cat_ma64mo15869-a66cfb26-55ee-4934-8d63-cffe5734de89,17450,4,2022,862390,automatico,Diesel,131,Business,Base,2.0 TDI,Rivenditore,186,pordenone,33170,Friuli-Venezia Giulia,Nord-est
SEAT Leon Leon Sportstourer 1.5 TGI DSG Business,https://www.autoscout24.it/annunci/seat-leon-leon-sportstourer-1-5-tgi-dsg-business-metano-beige-cat_ma64mo15869-377687d9-ebc9-45af-a7a9-4fa5b46e56b5,17550,3,2023,1190000,automatico,Metano,131,Business,Base,1.5 TGI,Rivenditore,228,appignano,62010,Marche,Centro
SEAT Leon Leon Sportstourer 1.5 TGI DSG Business,https://www.autoscout24.it/annunci/seat-leon-leon-sportstourer-1-5-tgi-dsg-business-metano-beige-cat_ma64mo15869-66df58bb-b903-478c-a4ec-9d2f7069a2de,17550,3,2023,1190000,automatico,Metano,131,Business,Base,1.5 TGI,Rivenditore,228,appignano,62010,Marche,Centro
SEAT Leon 2.0 TDI Business 150 CV DSG,https://www.autoscout24.it/annunci/seat-leon-2-0-tdi-business-150-cv-dsg-diesel-argento-cat_ma64mo15869-3e538688-ab7d-47ab-8066-243e2e463835,17999,5,2021,793820,automatico,Diesel,131,Business,Base,2.0 TDI,Rivenditore,177,milano,20155,Lombardia,Nord-ovest
SEAT Leon Leon Sportstourer 2.0 TDI 150 CV DSG Style,https://www.autoscout24.it/annunci/seat-leon-leon-sportstourer-2-0-tdi-150-cv-dsg-style-diesel-grigio-cat_ma64mo15869-47eaa05f-1d73-4f2a-bec9-4e13b5485986,17800,3,2023,750000,automatico,Diesel,131,Style,Middle,2.0 TDI,Rivenditore,56,viadana,46019,Lombardia,Nord-ovest
SEAT Leon 1.5 TGI DSG Style,https://www.autoscout24.it/annunci/seat-leon-1-5-tgi-dsg-style-metano-bianco-cat_ma64mo15869-93aa153b-dc6d-4537-a447-570d5da758b5,17500,4,2022,800000,automatico,Metano,131,Style,Middle,1.5 TGI,Rivenditore,141,treviso,31100,Veneto,Nord-est
SEAT Leon 1.0 TSI Style *SENZA VINCOLI DI FINANZIAMENTO*,https://www.autoscout24.it/annunci/seat-leon-1-0-tsi-style-senza-vincoli-di-finanziamento-benzina-grigio-cat_ma64mo15869-522036a7-9be4-4acf-882f-e2a6440a3d7b,18000,5,2021,616300,manuale,Benzina,131,Style,Middle,1.0 TSI,Rivenditore,234,costigliole d asti,14055,Piemonte,Nord-ovest
SEAT Leon Sportstourer 1.0 eTSI 110 CV DSG Style,https://www.autoscout24.it/annunci/seat-leon-sportstourer-1-0-etsi-110-cv-dsg-style-elettrica-benzina-grigio-cat_ma64mo15869-a7fe979a-50c1-4f9d-8858-55cc1f84a1a5,17900,4,2022,385000,automatico,Ibrido,131,Style,Middle,1.0 eTSI,Rivenditore,628,cagliari,9122,Sardegna,Isole
SEAT Leon Leon IV 2020 2.0 tdi FR 150cv dsg,https://www.autoscout24.it/annunci/seat-leon-leon-iv-2020-2-0-tdi-fr-150cv-dsg-diesel-cat_ma64mo15869-f1f5be05-8657-40b9-b50b-b463124afc7c,18900,2,2024,740000,automatico,Diesel,131,FR,Sport,2.0 TDI,Rivenditore,232,albano vercellese,13030,Piemonte,Nord-ovest
SEAT Leon Leon 1.5 TSI FR 130CV - USATO CERTIFICATO,https://www.autoscout24.it/annunci/seat-leon-leon-1-5-tsi-fr-130cv-usato-certificato-benzina-bianco-cat_ma64mo15869-459cdd3d-060d-49de-a8ac-d459beb5fae7,19000,3,2023,549830,manuale,Benzina,131,FR,Sport,1.5 TSI,Rivenditore,64,porto mantovano,46047,Lombardia,Nord-ovest
SEAT Leon 2.0 tdi FR 150cv dsg,https://www.autoscout24.it/annunci/seat-leon-2-0-tdi-fr-150cv-dsg-diesel-nero-cat_ma64mo15869-cd465ae9-4634-4e1b-bfc2-c6f746c8c7a6,18990,4,2022,626850,automatico,Diesel,131,FR,Sport,2.0 TDI,Rivenditore,193,solaro,20033,Lombardia,Nord-ovest
SEAT Leon 1.5 etsi fr 150cv dsg,https://www.autoscout24.it/annunci/seat-leon-1-5-etsi-fr-150cv-dsg-elettrica-benzina-rosso-cat_ma64mo15869-2dab71d6-a7c2-410b-9743-8618a0fceb87,18900,5,2021,481330,automatico,Ibrido,131,FR,Sport,1.5 eTSI,Rivenditore,177,assago,20057,Lombardia,Nord-ovest
SEAT Leon 1.5 etsi FR 150cv dsg,https://www.autoscout24.it/annunci/seat-leon-1-5-etsi-fr-150cv-dsg-elettrica-benzina-bianco-cat_ma64mo15869-9a455e60-10ef-469b-99d4-dc5f3f2f1d3d,19000,4,2022,729220,automatico,Ibrido,131,FR,Sport,1.5 eTSI,Rivenditore,180,buccinasco,20090,Lombardia,Nord-ovest
SEAT Leon Leon 1.4 e-HYBRID 204 CV DSG FR,https://www.autoscout24.it/annunci/seat-leon-leon-1-4-e-hybrid-204-cv-dsg-fr-elettrica-benzina-nero-cat_ma64mo15869-5b7d7163-1941-42ef-815a-3ad5cb4e9ca1,18500,5,2021,763000,automatico,Ibrido,131,FR,Sport,e-Hybrid,Rivenditore,381,frosinone,3100,Lazio,Centro
SEAT Leon 1.5 eTSI ACT Business 150 CV DSG,https://www.autoscout24.it/annunci/seat-leon-1-5-etsi-act-business-150-cv-dsg-elettrica-benzina-grigio-cat_ma64mo15869-85ed2026-91bf-466c-9803-ad94a99a188b,18199,4,2022,741020,automatico,Ibrido,131,Business,Base,1.5 eTSI,Rivenditore,86,verona,37135,Veneto,Nord-est
SEAT Leon Leon Sportstourer 2.0 tdi Style 150cv DSG Autom,https://www.autoscout24.it/annunci/seat-leon-leon-sportstourer-2-0-tdi-style-150cv-dsg-autom-diesel-grigio-cat_ma64mo15869-945bc57f-6633-44d1-882f-d4ee32cc5393,18750,2,2024,342000,automatico,Diesel,131,Style,Middle,2.0 TDI,Rivenditore,45,medicina,40059,Emilia-Romagna,Nord-est
SEAT Leon ST 2.0 TDI 150CV DSG Business,https://www.autoscout24.it/annunci/seat-leon-st-2-0-tdi-150cv-dsg-business-diesel-grigio-cat_ma64mo15869-f1df46cb-c24a-4cb7-8baf-113f6571ab1b,18500,3,2023,626800,automatico,Diesel,131,Business,Base,2.0 TDI,Rivenditore,788,acquedolci,98070,Sicilia,Isole
SEAT Leon 1.5 eTSI ACT Business 150 CV DSG,https://www.autoscout24.it/annunci/seat-leon-1-5-etsi-act-business-150-cv-dsg-elettrica-benzina-grigio-cat_ma64mo15869-030eaac9-4710-4d5d-a141-e296670674b9,18199,4,2022,741020,automatico,Ibrido,131,Business,Base,1.5 eTSI,Rivenditore,99,firenze,50145,Toscana,Centro
SEAT Leon Leon 2.0 TDI 150 CV DSG Business,https://www.autoscout24.it/annunci/seat-leon-leon-2-0-tdi-150-cv-dsg-business-diesel-grigio-cat_ma64mo15869-3470c8cc-dc11-49b1-8395-a73d0f16e0e1,18490,4,2022,800000,automatico,Diesel,131,Business,Base,2.0 TDI,Rivenditore,56,viadana,46019,Lombardia,Nord-ovest
SEAT Leon Leon Sportstourer 2.0 TDI 150 CV DSG FR,https://www.autoscout24.it/annunci/seat-leon-leon-sportstourer-2-0-tdi-150-cv-dsg-fr-diesel-grigio-cat_ma64mo15869-b47461ec-eb9f-4092-af75-7d18ccca7392,18500,2,2024,590000,automatico,Diesel,131,FR,Sport,2.0 TDI,Rivenditore,65,parma,43126,Emilia-Romagna,Nord-est
SEAT Leon 1.5 eTSI ACT Business 150 CV DSG,https://www.autoscout24.it/annunci/seat-leon-1-5-etsi-act-business-150-cv-dsg-elettrica-benzina-grigio-cat_ma64mo15869-9ec70eeb-ecb6-4581-b6a6-c05479b89784,18199,4,2022,741020,automatico,Ibrido,131,Business,Base,1.5 eTSI,Rivenditore,485,sassari,7100,Sardegna,Isole
SEAT Leon 1.5 eTSI ACT Business 150 CV DSG,https://www.autoscout24.it/annunci/seat-leon-1-5-etsi-act-business-150-cv-dsg-elettrica-benzina-grigio-cat_ma64mo15869-dc549cda-37fe-4d50-a932-a7498a42f8f3,18199,4,2022,741020,automatico,Ibrido,131,Business,Base,1.5 eTSI,Rivenditore,25,bologna,40131,Emilia-Romagna,Nord-est
SEAT Leon 1.5 eTSI ACT Business 150 CV DSG,https://www.autoscout24.it/annunci/seat-leon-1-5-etsi-act-business-150-cv-dsg-elettrica-benzina-grigio-cat_ma64mo15869-9d48d91a-4b38-4c4f-9a5f-7ca780080001,18199,4,2022,741020,automatico,Ibrido,131,Business,Base,1.5 eTSI,Rivenditore,326,roma,169,Lazio,Centro
SEAT Leon 2.0 tdi Business 150cv dsg,https://www.autoscout24.it/annunci/seat-leon-2-0-tdi-business-150cv-dsg-diesel-grigio-cat_ma64mo15869-ecc93486-758e-4e12-a91d-5599a5725073,18300,4,2022,614950,automatico,Diesel,131,Business,Base,2.0 TDI,Rivenditore,194,caronno pertusella,21042,Lombardia,Nord-ovest
SEAT Leon 1.5 etsi Xcellence 150cv dsg,https://www.autoscout24.it/annunci/seat-leon-1-5-etsi-xcellence-150cv-dsg-elettrica-benzina-cat_ma64mo15869-91e38600-7383-4e08-b27e-4b6d4efe3037,18400,5,2021,1050000,automatico,Ibrido,131,Xcellence,Middle,1.5 eTSI,Privato,177,milano,20125,Lombardia,Nord-ovest
SEAT Leon 1.5 eTSI ACT Business 150 CV DSG,https://www.autoscout24.it/annunci/seat-leon-1-5-etsi-act-business-150-cv-dsg-elettrica-benzina-grigio-cat_ma64mo15869-22fa7f9a-9132-4915-b02f-a55fdd2154fb,18199,4,2022,741020,automatico,Ibrido,131,Business,Base,1.5 eTSI,Rivenditore,283,beinasco,10092,Piemonte,Nord-ovest
SEAT Leon 1.5 eTSI ACT Business 150 CV DSG  MHEV,https://www.autoscout24.it/annunci/seat-leon-1-5-etsi-act-business-150-cv-dsg-mhev-benzina-bianco-cat_ma64mo15869-0de5b51b-5993-446c-aa1d-ae7e11aa6ea8,18299,5,2021,623620,automatico,Benzina,131,Business,Base,1.5 eTSI,Rivenditore,628,cagliari,9122,Sardegna,Isole
SEAT Leon 1.5 eTSI ACT Business 150 CV DSG,https://www.autoscout24.it/annunci/seat-leon-1-5-etsi-act-business-150-cv-dsg-elettrica-benzina-grigio-cat_ma64mo15869-0450c193-2754-41ea-8133-73d351e8e70f,18199,4,2022,741020,automatico,Ibrido,131,Business,Base,1.5 eTSI,Rivenditore,628,cagliari,9122,Sardegna,Isole
SEAT Leon 1.0 etsi FR 110cv dsg,https://www.autoscout24.it/annunci/seat-leon-1-0-etsi-fr-110cv-dsg-elettrica-benzina-nero-cat_ma64mo15869-849e49d1-0206-4d47-967c-a0192d0bad8a,19900,3,2023,299000,automatico,Ibrido,131,FR,Sport,1.0 eTSI,Rivenditore,68,rovigo,45100,Veneto,Nord-est
SEAT Leon 1.5 eTSI 150cv FR DSG,https://www.autoscout24.it/annunci/seat-leon-1-5-etsi-150cv-fr-dsg-elettrica-benzina-rosso-cat_ma64mo15869-f8221345-a6a8-4b00-a9ec-c87f6c06a550,19950,4,2022,318630,automatico,Ibrido,131,FR,Sport,1.5 eTSI,Rivenditore,286,orbassano,10043,Piemonte,Nord-ovest
SEAT Leon 1.5 TGI 96KW STYLE DSG Metano,https://www.autoscout24.it/annunci/seat-leon-1-5-tgi-96kw-style-dsg-metano-metano-blu-azzurro-cat_ma64mo15869-4c3ed99e-22ea-4c3d-b86b-8426f77051b4,19400,5,2021,359030,automatico,Metano,131,Style,Middle,1.5 TGI,Rivenditore,211,jesi,60035,Marche,Centro
SEAT Leon Leon Sportstourer 2.0 TDI 150 CV 4Drive DSG FR,https://www.autoscout24.it/annunci/seat-leon-leon-sportstourer-2-0-tdi-150-cv-4drive-dsg-fr-diesel-grigio-cat_ma64mo15869-27b74457-bd37-4f3b-be59-f26b98660a2c,19950,4,2022,1134100,automatico,Diesel,131,FR,Sport,2.0 TDI,Rivenditore,167,andalo,38010,Trentino-Alto Adige/Südtirol,Nord-est
SEAT Leon Sportstourer 1.5 etsi FR 150cv dsg,https://www.autoscout24.it/annunci/seat-leon-sportstourer-1-5-etsi-fr-150cv-dsg-elettrica-benzina-cat_ma64mo15869-a08b6b65-78bf-434c-90e5-e3ab6eb9ad3e,19200,5,2021,885000,automatico,Ibrido,131,FR,Sport,1.5 eTSI,Privato,211,acqui terme,15011,Piemonte,Nord-ovest
SEAT Leon Leon IV  2.0 tdi FR 150cv dsg ( AUTOMATICA ),https://www.autoscout24.it/annunci/seat-leon-leon-iv-2-0-tdi-fr-150cv-dsg-automatica-diesel-grigio-cat_ma64mo15869-f837b4fe-c4a2-4119-a4f2-1677de9981b4,19700,4,2022,1180000,automatico,Diesel,131,FR,Sport,2.0 TDI,Rivenditore,231,buja,33030,Friuli-Venezia Giulia,Nord-est
SEAT Leon Leon 1.5 etsi FR 150cv dsg - PHEV - Pari al nuovo,https://www.autoscout24.it/annunci/seat-leon-leon-1-5-etsi-fr-150cv-dsg-phev-pari-al-nuovo-elettrica-benzina-bianco-cat_ma64mo15869-f5674bb6-b5f4-482d-b29b-bc609d2b5e36,20490,2,2024,638030,automatico,Ibrido,131,FR,Sport,1.5 eTSI,Rivenditore,190,rho,20017,Lombardia,Nord-ovest
SEAT Leon Sportstourer 1.5 tgi FR 130cv dsg,https://www.autoscout24.it/annunci/seat-leon-sportstourer-1-5-tgi-fr-130cv-dsg-metano-cat_ma64mo15869-bfa7ad1f-8bc6-48a5-b237-0adfa31f6f01,21000,4,2022,260000,automatico,Metano,131,FR,Sport,1.5 TGI,Privato,276,torino,10121,Piemonte,Nord-ovest
SEAT Leon Sportstourer 1.5 etsi FR 150cv dsg,https://www.autoscout24.it/annunci/seat-leon-sportstourer-1-5-etsi-fr-150cv-dsg-elettrica-benzina-cat_ma64mo15869-9829314a-6d66-4117-ad8c-0539309552dc,20500,5,2021,320000,automatico,Ibrido,131,FR,Sport,1.5 eTSI,Privato,178,monza,20900,Lombardia,Nord-ovest
SEAT Leon Leon 1.0 etsi FR 110cv dsg,https://www.autoscout24.it/annunci/seat-leon-leon-1-0-etsi-fr-110cv-dsg-elettrica-benzina-nero-cat_ma64mo15869-880070a8-08ea-4d1d-b538-56dadcc60f5e,20400,3,2023,420400,automatico,Ibrido,131,FR,Sport,1.0 eTSI,Rivenditore,177,cernusco lombardone,23870,Lombardia,Nord-ovest
SEAT Leon 1.0 etsi FR 110cv dsg,https://www.autoscout24.it/annunci/seat-leon-1-0-etsi-fr-110cv-dsg-elettrica-benzina-cat_ma64mo15869-6429bbfc-9e48-411d-865e-14302d934c1f,20900,4,2022,301000,automatico,Ibrido,131,FR,Sport,1.0 eTSI,Privato,165,curno,24035,Lombardia,Nord-ovest
SEAT Leon Leon 1.5 eTSI 150 CV DSG FR,https://www.autoscout24.it/annunci/seat-leon-leon-1-5-etsi-150-cv-dsg-fr-elettrica-benzina-bianco-cat_ma64mo15869-64af6074-cf78-45f9-9c42-9f5dd883ebe2,20700,3,2023,321000,automatico,Ibrido,131,FR,Sport,1.5 eTSI,Rivenditore,189,molteno,23847,Lombardia,Nord-ovest
SEAT Leon 1.5 hybrid Style 116cv dsg,https://www.autoscout24.it/annunci/seat-leon-1-5-hybrid-style-116cv-dsg-elettrica-benzina-grigio-cat_ma64mo15869-c6ee725e-38d4-4730-b676-4ca74b10e466,20990,1,2025,220000,automatico,Ibrido,131,Style,Middle,1.5 eTSI,Rivenditore,165,basiano,20060,Lombardia,Nord-ovest
SEAT Leon 1.5 etsi FR 150cv dsg,https://www.autoscout24.it/annunci/seat-leon-1-5-etsi-fr-150cv-dsg-elettrica-benzina-cat_ma64mo15869-49139825-8a3e-494b-9ae0-d8b5981855a0,21000,5,2021,800000,automatico,Ibrido,131,FR,Sport,1.5 eTSI,Privato,184,desio,20832,Lombardia,Nord-ovest
SEAT Leon sportstourer 1.5 tsi style 130cv,https://www.autoscout24.it/annunci/seat-leon-sportstourer-1-5-tsi-style-130cv-benzina-nero-cat_ma64mo15869-e285e508-eab8-4a05-a7d6-efa231d7250f,20400,2,2024,359490,manuale,Benzina,131,Style,Middle,1.5 TSI,Rivenditore,177,assago,20057,Lombardia,Nord-ovest
SEAT Leon 2.0 tdi FR 150cv dsg,https://www.autoscout24.it/annunci/seat-leon-2-0-tdi-fr-150cv-dsg-diesel-cat_ma64mo15869-940895dc-18ec-4b23-9609-aa427fa5e936,21000,4,2022,580000,automatico,Diesel,131,FR,Sport,2.0 TDI,Privato,852,acireale,95024,Sicilia,Isole
SEAT Leon sportstourer 1.5 tsi style 130cv,https://www.autoscout24.it/annunci/seat-leon-sportstourer-1-5-tsi-style-130cv-benzina-nero-cat_ma64mo15869-3379e958-583d-4464-b4cf-66c6bd11da3f,20400,2,2024,359490,manuale,Benzina,131,Style,Middle,1.5 TSI,Rivenditore,193,vigevano,27029,Lombardia,Nord-ovest
SEAT Leon 1.5 tgi fr 130cv dsg,https://www.autoscout24.it/annunci/seat-leon-1-5-tgi-fr-130cv-dsg-metano-bianco-cat_ma64mo15869-21d25331-3b9b-4f50-93fe-4309d33b0688,20900,4,2022,740910,automatico,Metano,131,FR,Sport,1.5 TGI,Rivenditore,177,assago,20057,Lombardia,Nord-ovest
SEAT Leon 1.5 tsi FR 150cv,https://www.autoscout24.it/annunci/seat-leon-1-5-tsi-fr-150cv-benzina-cat_ma64mo15869-5269f993-dc06-4e28-8030-794a4a8933a8,20200,5,2021,945000,manuale,Benzina,131,FR,Sport,1.5 TSI,Privato,305,anteysaintandre,11020,Valle d'Aosta/Vallée d'Aoste,Nord-ovest
SEAT Leon 1.0 TSI Style,https://www.autoscout24.it/annunci/seat-leon-1-0-tsi-style-benzina-nero-cat_ma64mo15869-4d214e15-dee7-4362-af12-c1b5ac4f448d,20900,3,2023,141410,manuale,Benzina,131,Style,Middle,1.0 TSI,Rivenditore,206,olgiate olona,21057,Lombardia,Nord-ovest
SEAT Leon Leon 1.5 hybrid 116 CV DSG Business,https://www.autoscout24.it/annunci/seat-leon-leon-1-5-hybrid-116-cv-dsg-business-elettrica-benzina-bianco-cat_ma64mo15869-142fb01a-0145-451c-be55-283975e79a5f,21600,1,2025,105000,automatico,Ibrido,131,Business,Base,1.5 eTSI,Rivenditore,205,como,22100,Lombardia,Nord-ovest
SEAT Leon Leon IV 2020 1.5 tgi FR 130cv dsg,https://www.autoscout24.it/annunci/seat-leon-leon-iv-2020-1-5-tgi-fr-130cv-dsg-metano-grigio-cat_ma64mo15869-5f8c2780-76e3-4d1d-86ee-3fbf9f280d6a,21500,4,2022,470000,automatico,Metano,131,FR,Sport,1.5 TGI,Privato,177,milano,20125,Lombardia,Nord-ovest
SEAT Leon 2.0 TDI 150 CV DSG Style,https://www.autoscout24.it/annunci/seat-leon-2-0-tdi-150-cv-dsg-style-diesel-nero-cat_ma64mo15869-a313fa15-1d9b-4170-97da-37a3a6546d8f,21900,1,2025,200000,automatico,Diesel,131,Style,Middle,2.0 TDI,Rivenditore,42,ferrara,44122,Emilia-Romagna,Nord-est
SEAT Leon 2.0 tdi FR 150cv dsg,https://www.autoscout24.it/annunci/seat-leon-2-0-tdi-fr-150cv-dsg-diesel-rosso-cat_ma64mo15869-da843abf-0873-46c0-93f9-7cb48ce2fb1a,22000,5,2021,470000,automatico,Diesel,131,FR,Sport,2.0 TDI,Privato,326,roma,132,Lazio,Centro
SEAT Leon 1.5 tsi fr 116cv,https://www.autoscout24.it/annunci/seat-leon-1-5-tsi-fr-116cv-benzina-nero-cat_ma64mo15869-0cc0cc11-3bf5-484d-8aad-046383fe76d8,21900,1,2025,199560,manuale,Benzina,131,FR,Sport,1.5 TSI,Rivenditore,193,vigevano,27029,Lombardia,Nord-ovest
SEAT Leon 1.5 hybrid 116 CV DSG Business,https://www.autoscout24.it/annunci/seat-leon-1-5-hybrid-116-cv-dsg-business-elettrica-benzina-nero-cat_ma64mo15869-4613bc6b-805e-4e95-a280-3e6250daa372,21900,1,2025,95000,automatico,Ibrido,131,Business,Base,1.5 eTSI,Rivenditore,31,castenaso,40055,Emilia-Romagna,Nord-est
SEAT Leon 2.0 tdi FR 150cv dsg,https://www.autoscout24.it/annunci/seat-leon-2-0-tdi-fr-150cv-dsg-diesel-bianco-cat_ma64mo15869-f5e20fbd-a871-4b20-ab37-df0f165c82b5,21500,5,2021,554000,automatico,Diesel,131,FR,Sport,2.0 TDI,Privato,288,rivoli,10098,Piemonte,Nord-ovest
SEAT Leon 1.5 tgi FR 130cv dsg,https://www.autoscout24.it/annunci/seat-leon-1-5-tgi-fr-130cv-dsg-metano-cat_ma64mo15869-4655ed21-4594-489b-aeee-1c530509a51a,21900,4,2022,960000,automatico,Metano,131,FR,Sport,1.5 TGI,Privato,44,bergantino,45032,Veneto,Nord-est
SEAT Leon sportstourer 2.0 tdi fr 150cv dsg,https://www.autoscout24.it/annunci/seat-leon-sportstourer-2-0-tdi-fr-150cv-dsg-diesel-nero-cat_ma64mo15869-4bf92157-dfa3-4163-8928-189148a8b676,21500,5,2021,627020,automatico,Diesel,131,FR,Sport,2.0 TDI,Rivenditore,204,bolzano,39100,Trentino-Alto Adige/Südtirol,Nord-est
SEAT Leon 1.5 etsi 150cv fr dsg,https://www.autoscout24.it/annunci/seat-leon-1-5-etsi-150cv-fr-dsg-elettrica-benzina-cat_ma64mo15869-bee09849-7ca6-4dc5-a8c9-db491b360106,21500,3,2023,615570,automatico,Ibrido,131,FR,Sport,1.5 eTSI,Rivenditore,276,torino,10148,Piemonte,Nord-ovest
SEAT Leon 1.5 ETSI 110 KW FR DSG 5 PORTE BERLINA,https://www.autoscout24.it/annunci/seat-leon-1-5-etsi-110-kw-fr-dsg-5-porte-berlina-elettrica-benzina-cat_ma64mo15869-6ef7c197-5931-4203-812c-37e58bee046a,21400,3,2023,562860,automatico,Ibrido,131,FR,Sport,1.5 eTSI,Rivenditore,22,bentivoglio,40010,Emilia-Romagna,Nord-est
SEAT Leon 1.5 tsi fr 116cv,https://www.autoscout24.it/annunci/seat-leon-1-5-tsi-fr-116cv-benzina-nero-cat_ma64mo15869-f5a4118d-4bdb-4620-a641-55a45c7f7813,21900,1,2025,199560,manuale,Benzina,131,FR,Sport,1.5 TSI,Rivenditore,177,assago,20057,Lombardia,Nord-ovest
SEAT Leon Sportstourer 2.0 tdi Business 4drive 150cv dsg,https://www.autoscout24.it/annunci/seat-leon-sportstourer-2-0-tdi-business-4drive-150cv-dsg-diesel-cat_ma64mo15869-cc16386c-45a7-48c0-95d8-bf256501d10b,22500,3,2023,250000,automatico,Diesel,131,Business,Base,2.0 TDI,Privato,184,belluno,32100,Veneto,Nord-est
SEAT Leon Leon IV 2020 1.5 etsi FR 150cv dsg,https://www.autoscout24.it/annunci/seat-leon-leon-iv-2020-1-5-etsi-fr-150cv-dsg-elettrica-benzina-rosso-cat_ma64mo15869-c58b4f88-8b94-4b9e-8036-915014fa461e,22400,3,2023,427000,automatico,Ibrido,131,FR,Sport,1.5 eTSI,Rivenditore,115,san giorgio piacentino,29019,Emilia-Romagna,Nord-est
SEAT Leon 2.0 TDI 150 CV DSG Business,https://www.autoscout24.it/annunci/seat-leon-2-0-tdi-150-cv-dsg-business-diesel-nero-cat_ma64mo15869-f2889138-d167-46e2-a074-321dffa46648,22900,1,2025,95000,automatico,Diesel,131,Business,Base,2.0 TDI,Rivenditore,31,castenaso,40055,Emilia-Romagna,Nord-est
SEAT Leon 1.5 TSI 150 CV FR,https://www.autoscout24.it/annunci/seat-leon-1-5-tsi-150-cv-fr-benzina-grigio-cat_ma64mo15869-6dffde2e-7b57-45c6-a39e-5e4913f5ccce,22500,3,2023,360000,manuale,Benzina,131,FR,Sport,1.5 TSI,Rivenditore,799,pace mela,98042,Sicilia,Isole
SEAT Leon 1.5 etsi FR 150cv dsg PREZZO REALE,https://www.autoscout24.it/annunci/seat-leon-1-5-etsi-fr-150cv-dsg-prezzo-reale-elettrica-benzina-bianco-cat_ma64mo15869-c9fb275a-c611-454c-a456-96815784221f,22590,3,2023,508970,automatico,Ibrido,131,FR,Sport,1.5 eTSI,Rivenditore,68,rovigo,45100,Veneto,Nord-est
SEAT Leon 1.0 eTSI 110 CV DSG FR,https://www.autoscout24.it/annunci/seat-leon-1-0-etsi-110-cv-dsg-fr-elettrica-benzina-nero-cat_ma64mo15869-e8006acb-58c5-4c0f-9a34-c4d8bf737581,22900,2,2024,150,automatico,Ibrido,131,FR,Sport,1.0 eTSI,Rivenditore,533,salerno,84131,Campania,Sud
SEAT Leon 1.5 tsi FR 130cv,https://www.autoscout24.it/annunci/seat-leon-1-5-tsi-fr-130cv-benzina-bianco-cat_ma64mo15869-069ceee7-55ec-46ab-9fe5-1def014c37de,23500,4,2022,277700,manuale,Benzina,131,FR,Sport,1.5 TSI,Rivenditore,241,braies,39030,Trentino-Alto Adige/Südtirol,Nord-est
SEAT Leon 2.0 tdi FR 150cv DSG Aziendale Iva Esposta,https://www.autoscout24.it/annunci/seat-leon-2-0-tdi-fr-150cv-dsg-aziendale-iva-esposta-diesel-grigio-cat_ma64mo15869-2f9defd0-7a94-48ad-a7f8-e716b1fef555,23900,2,2024,346000,automatico,Diesel,131,FR,Sport,2.0 TDI,Rivenditore,177,genova,16152,Liguria,Nord-ovest
SEAT Leon 1.5 eTSI ACT FR 150 CV DSG MHEV,https://www.autoscout24.it/annunci/seat-leon-1-5-etsi-act-fr-150-cv-dsg-mhev-elettrica-benzina-grigio-cat_ma64mo15869-005db892-9074-46e4-afaf-26d83a013774,23799,5,2021,335680,automatico,Ibrido,131,FR,Sport,1.5 eTSI,Rivenditore,326,roma,169,Lazio,Centro
SEAT Leon 1.5 etsi FR 150cv dsg,https://www.autoscout24.it/annunci/seat-leon-1-5-etsi-fr-150cv-dsg-elettrica-benzina-cat_ma64mo15869-f232abf0-5ef7-4d25-bc67-38513287851d,23500,3,2023,471500,automatico,Ibrido,131,FR,Sport,1.5 eTSI,Rivenditore,178,monza,20900,Lombardia,Nord-ovest
SEAT Leon Leon IV 2020 2.0 tdi FR 150cv dsg,https://www.autoscout24.it/annunci/seat-leon-leon-iv-2020-2-0-tdi-fr-150cv-dsg-diesel-grigio-cat_ma64mo15869-e600e44c-fd1a-46b5-a97f-3fb8c14399d1,23500,3,2023,425000,automatico,Diesel,131,FR,Sport,2.0 TDI,Privato,102,bagno a ripoli,50012,Toscana,Centro
SEAT Leon 1.5 etsi FR 150cv dsg,https://www.autoscout24.it/annunci/seat-leon-1-5-etsi-fr-150cv-dsg-elettrica-benzina-bianco-cat_ma64mo15869-46c9f197-46fc-4047-8c7f-3bc086328799,23300,3,2023,508910,automatico,Ibrido,131,FR,Sport,1.5 eTSI,Rivenditore,68,rovigo,45100,Veneto,Nord-est
SEAT Leon ST 2.0 TDI STYLE DSG,https://www.autoscout24.it/annunci/seat-leon-st-2-0-tdi-style-dsg-diesel-grigio-cat_ma64mo15869-ba143ab1-3bb9-4d7b-8140-1283bd0ac32e,23500,2,2024,431280,automatico,Diesel,131,Style,Middle,2.0 TDI,Rivenditore,241,braies,39030,Trentino-Alto Adige/Südtirol,Nord-est
SEAT Leon 2.0 TDI FR,https://www.autoscout24.it/annunci/seat-leon-2-0-tdi-fr-diesel-bianco-cat_ma64mo15869-992ea0d5-075b-49e1-8148-80ef8a56ea69,23900,3,2023,126800,manuale,Diesel,131,FR,Sport,2.0 TDI,Rivenditore,857,misterbianco,95045,Sicilia,Isole
SEAT Leon 2.0 TDI 110KW BUSINESS DSG,https://www.autoscout24.it/annunci/seat-leon-2-0-tdi-110kw-business-dsg-diesel-nero-cat_ma64mo15869-ff0a2822-ae26-4453-86d9-a3a8c462aacf,24900,0,2026,150,automatico,Diesel,131,Business,Base,2.0 TDI,Rivenditore,106,empoli,50053,Toscana,Centro
SEAT Leon Sportstourer 2.0 TDI FR 116 CV,https://www.autoscout24.it/annunci/seat-leon-sportstourer-2-0-tdi-fr-116-cv-diesel-grigio-cat_ma64mo15869-cf6ffea9-c557-4493-b82d-8cc9e5dcfbe3,24900,1,2025,113350,manuale,Diesel,131,FR,Sport,2.0 TDI,Rivenditore,121,brescia,25135,Lombardia,Nord-ovest
SEAT Leon 1.5 hybrid Business 116cv dsg,https://www.autoscout24.it/annunci/seat-leon-1-5-hybrid-business-116cv-dsg-elettrica-benzina-nero-cat_ma64mo15869-35afb642-0c1c-4e2b-80a0-6ffcf7b966c4,24900,0,2026,800,automatico,Ibrido,131,Business,Base,1.5 eTSI,Rivenditore,222,varese,21100,Lombardia,Nord-ovest
SEAT Leon 2.0 tdi FR 150cv dsg,https://www.autoscout24.it/annunci/seat-leon-2-0-tdi-fr-150cv-dsg-diesel-nero-cat_ma64mo15869-4c9bb220-b3f2-4592-8001-df53f6e89cc3,24400,2,2024,592330,automatico,Diesel,131,FR,Sport,2.0 TDI,Rivenditore,206,andreis,33080,Friuli-Venezia Giulia,Nord-est
SEAT Leon Leon IV 2020 1.5 hybrid Business 116cv dsg,https://www.autoscout24.it/annunci/seat-leon-leon-iv-2020-1-5-hybrid-business-116cv-dsg-elettrica-benzina-cat_ma64mo15869-e915f16a-c01d-486a-b40f-1c60b5b555e7,25000,0,2026,16000,automatico,Ibrido,131,Business,Base,1.5 eTSI,Privato,177,assago,20057,Lombardia,Nord-ovest
SEAT Leon SEAT LEON 1.5 tsi FR 116cv NAVI/XENON/LUCI INTERNE,https://www.autoscout24.it/annunci/seat-leon-seat-leon-1-5-tsi-fr-116cv-navi-xenon-luci-interne-benzina-grigio-cat_ma64mo15869-4cb9ee94-9a62-4620-bcc2-23c5c7c76397,24900,1,2025,180000,manuale,Benzina,131,FR,Sport,1.5 TSI,Rivenditore,283,beinasco,10092,Piemonte,Nord-ovest
SEAT Leon 1.5 tsi fr 116cv,https://www.autoscout24.it/annunci/seat-leon-1-5-tsi-fr-116cv-benzina-grigio-cat_ma64mo15869-a2cdc83c-0f79-448f-8c59-1bc70ae8b4cc,24400,1,2025,45000,manuale,Benzina,131,FR,Sport,1.5 TSI,Rivenditore,168,cava manara,27051,Lombardia,Nord-ovest
SEAT Leon 1.5 hybrid Style 116cv dsg,https://www.autoscout24.it/annunci/seat-leon-1-5-hybrid-style-116cv-dsg-elettrica-benzina-cat_ma64mo15869-cee0f7e4-f744-47b6-8c8e-ec4d93fc3094,25500,0,2026,10,automatico,Ibrido,131,Style,Middle,1.5 eTSI,Rivenditore,178,monza,20900,Lombardia,Nord-ovest
SEAT Leon 1.0 etsi Business 110cv dsg,https://www.autoscout24.it/annunci/seat-leon-1-0-etsi-business-110cv-dsg-elettrica-benzina-grigio-cat_ma64mo15869-70fe6412-8df1-467d-b2e3-2688c39fefdc,25500,1,2025,50,automatico,Ibrido,131,Business,Base,1.0 eTSI,Rivenditore,389,paglieta,66020,Abruzzo,Sud
SEAT Leon 1.5 hybrid Style 116cv dsg,https://www.autoscout24.it/annunci/seat-leon-1-5-hybrid-style-116cv-dsg-elettrica-benzina-cat_ma64mo15869-bc3b7dc7-9061-45bf-ab32-f2ceae406f04,25500,0,2026,10,automatico,Ibrido,131,Style,Middle,1.5 eTSI,Rivenditore,177,milano,20151,Lombardia,Nord-ovest
SEAT Leon 1.0 etsi Business 110cv dsg,https://www.autoscout24.it/annunci/seat-leon-1-0-etsi-business-110cv-dsg-elettrica-benzina-grigio-cat_ma64mo15869-619a0fa2-1b21-45cd-9259-aff25aedfb50,25500,1,2025,50,automatico,Ibrido,131,Business,Base,1.0 eTSI,Rivenditore,326,roma,158,Lazio,Centro
SEAT Leon Sportstourer 2.0 TDI Business,https://www.autoscout24.it/annunci/seat-leon-sportstourer-2-0-tdi-business-diesel-grigio-cat_ma64mo15869-9e44a12d-d55c-4a5a-9d66-04ce8f355684,25500,2,2024,1000,automatico,Diesel,131,Business,Base,2.0 TDI,Rivenditore,857,misterbianco,95045,Sicilia,Isole
SEAT Leon 2.0 tdi fr 150cv dsg,https://www.autoscout24.it/annunci/seat-leon-2-0-tdi-fr-150cv-dsg-diesel-rosso-cat_ma64mo15869-0ad52d55-fd90-4948-8196-882107e65277,25900,1,2025,122830,automatico,Diesel,131,FR,Sport,2.0 TDI,Rivenditore,103,vicenza,36100,Veneto,Nord-est
SEAT Leon Leon IV 2020 2.0 tdi Style 150cv dsg,https://www.autoscout24.it/annunci/seat-leon-leon-iv-2020-2-0-tdi-style-150cv-dsg-diesel-grigio-cat_ma64mo15869-d076e35a-12b6-4a6f-bb9b-38cf6a9956ed,25500,5,2021,290000,automatico,Diesel,131,Style,Middle,2.0 TDI,Rivenditore,782,san mauro marchesato,88831,Calabria,Sud
SEAT Leon 1.5 TSI 110KW FR,https://www.autoscout24.it/annunci/seat-leon-1-5-tsi-110kw-fr-benzina-verde-cat_ma64mo15869-d9f7c989-0b1f-4319-9103-ef87737ebdd3,26600,0,2026,100,manuale,Benzina,131,FR,Sport,1.5 TSI,Rivenditore,205,como,22100,Lombardia,Nord-ovest
SEAT Leon 1.5 Hybrid FR,https://www.autoscout24.it/annunci/seat-leon-1-5-hybrid-fr-elettrica-benzina-bianco-cat_ma64mo15869-8ae15ffa-b092-4e3a-8be8-db20acdefd0c,26900,0,2026,59000,automatico,Ibrido,131,FR,Sport,1.5 eTSI,Rivenditore,89,ravenna,48124,Emilia-Romagna,Nord-est
SEAT Leon Leon IV 2020 2.0 tdi FR 150cv dsg,https://www.autoscout24.it/annunci/seat-leon-leon-iv-2020-2-0-tdi-fr-150cv-dsg-diesel-bianco-cat_ma64mo15869-c975a959-f8e1-4af0-bbdd-479769efebfe,26490,1,2025,221780,automatico,Diesel,131,FR,Sport,2.0 TDI,Rivenditore,350,pomezia,71,Lazio,Centro
SEAT Leon 1.5 hybrid FR 116cv dsg,https://www.autoscout24.it/annunci/seat-leon-1-5-hybrid-fr-116cv-dsg-elettrica-benzina-grigio-cat_ma64mo15869-8ab9f907-13ed-4b54-a2db-409a87e2cecf,26990,0,2026,110,automatico,Ibrido,131,FR,Sport,1.5 eTSI,Rivenditore,40,calto,45030,Veneto,Nord-est
SEAT Leon 2.0 TDI 85KW STYLE,https://www.autoscout24.it/annunci/seat-leon-2-0-tdi-85kw-style-diesel-cat_ma64mo15869-899b5c48-a8ff-4489-bd63-ae09df3708a5,26500,0,2026,100,manuale,Diesel,131,Style,Middle,2.0 TDI,Rivenditore,572,balvano,85050,Basilicata,Sud
SEAT Leon 2.0 tdi fr 150cv dsg,https://www.autoscout24.it/annunci/seat-leon-2-0-tdi-fr-150cv-dsg-diesel-bianco-cat_ma64mo15869-bc0124e3-3cc3-4a0e-804c-2ba9a2e528b6,26900,0,2026,74450,automatico,Diesel,131,FR,Sport,2.0 TDI,Rivenditore,177,assago,20057,Lombardia,Nord-ovest
SEAT Leon 2.0 TDI 85KW STYLE,https://www.autoscout24.it/annunci/seat-leon-2-0-tdi-85kw-style-diesel-bianco-cat_ma64mo15869-ffb27bb8-b084-472d-8677-2381c8130122,27000,0,2026,100,manuale,Diesel,131,Style,Middle,2.0 TDI,Rivenditore,572,balvano,85050,Basilicata,Sud
SEAT Leon 2.0 tdi business 116cv,https://www.autoscout24.it/annunci/seat-leon-2-0-tdi-business-116cv-diesel-cat_ma64mo15869-9e0eb7d4-4cde-4575-8b92-669b21f167ae,26800,1,2025,35000,manuale,Diesel,131,Business,Base,2.0 TDI,Rivenditore,92,sesto fiorentino,50019,Toscana,Centro
SEAT Leon 1.5 Hybrid 110KW FR DSG,https://www.autoscout24.it/annunci/seat-leon-1-5-hybrid-110kw-fr-dsg-elettrica-benzina-cat_ma64mo15869-083fdbd2-e3bb-4e0f-a808-0d34304c81b2,26900,1,2025,150,automatico,Ibrido,131,FR,Sport,1.5 eTSI,Rivenditore,533,salerno,84131,Campania,Sud
SEAT Leon 1.5 tsi fr 116cv,https://www.autoscout24.it/annunci/seat-leon-1-5-tsi-fr-116cv-benzina-blu-azzurro-cat_ma64mo15869-a403e4a7-427f-47fe-b299-d6b509c046ea,26900,1,2025,10,manuale,Benzina,131,FR,Sport,1.5 TSI,Rivenditore,101,padova,35129,Veneto,Nord-est
SEAT Leon Leon 2.0 tdi FR 116cv,https://www.autoscout24.it/annunci/seat-leon-leon-2-0-tdi-fr-116cv-diesel-cat_ma64mo15869-d58352f6-97d6-492b-9526-fb18c9c5a55a,27900,0,2026,90,manuale,Diesel,131,FR,Sport,2.0 TDI,Rivenditore,31,castenaso,40055,Emilia-Romagna,Nord-est
SEAT Leon Leon Sportstourer 1.5 hybrid 150 CV DSG Business,https://www.autoscout24.it/annunci/seat-leon-leon-sportstourer-1-5-hybrid-150-cv-dsg-business-elettrica-benzina-grigio-cat_ma64mo15869-891ee89f-bc9d-4e2b-a834-a6d17363faae,27900,1,2025,10,automatico,Ibrido,131,Business,Base,1.5 eTSI,Rivenditore,76,buttapietra,37060,Veneto,Nord-est
SEAT Leon Leon IV 2023 1.5 tgi FR 130cv dsg - PARI AL NUOVO,https://www.autoscout24.it/annunci/seat-leon-leon-iv-2023-1-5-tgi-fr-130cv-dsg-pari-al-nuovo-metano-cat_ma64mo15869-10212f01-5fe8-4a3b-b414-8e7af5785cc3,27500,3,2023,500000,automatico,Metano,131,FR,Sport,1.5 TGI,Privato,56,viadana,46019,Lombardia,Nord-ovest
SEAT Leon 1.5 Hybrid FR,https://www.autoscout24.it/annunci/seat-leon-1-5-hybrid-fr-benzina-rosso-cat_ma64mo15869-589b3647-07e2-4f86-92cd-9c6f4e295488,27200,0,2026,59000,automatico,Benzina,131,FR,Sport,1.5 eTSI,Rivenditore,89,ravenna,48124,Emilia-Romagna,Nord-est
SEAT Leon 1.5 E-TSI HYBRID 150 HP FR AUTOMATICA DSG,https://www.autoscout24.it/annunci/seat-leon-1-5-e-tsi-hybrid-150-hp-fr-automatica-dsg-elettrica-benzina-bianco-cat_ma64mo15869-2c9bd1e0-eab4-4716-961d-792547cb49ad,27900,2,2024,116500,automatico,Ibrido,131,FR,Sport,1.5 eTSI,Rivenditore,226,udine,33100,Friuli-Venezia Giulia,Nord-est
SEAT Leon Sportstourer FR 1.5 Hybrid 85 kW (116 CV) mHEV DSG,https://www.autoscout24.it/annunci/seat-leon-sportstourer-fr-1-5-hybrid-85-kw-116-cv-mhev-dsg-elettrica-benzina-cat_ma64mo15869-c48d70bc-c7dd-478e-95f4-1ff91a98c323,27900,1,2025,100,automatico,Ibrido,131,FR,Sport,1.5 eTSI,Rivenditore,150,siena,53100,Toscana,Centro
SEAT Leon sportstourer 2.0 tdi fr 116cv,https://www.autoscout24.it/annunci/seat-leon-sportstourer-2-0-tdi-fr-116cv-diesel-blu-azzurro-cat_ma64mo15869-5272e06d-266d-4212-803b-335b54e7db8f,27900,1,2025,10,manuale,Diesel,131,FR,Sport,2.0 TDI,Rivenditore,101,padova,35129,Veneto,Nord-est
SEAT Leon 2.0 TDI FR,https://www.autoscout24.it/annunci/seat-leon-2-0-tdi-fr-diesel-grigio-cat_ma64mo15869-ab7d8e9b-26f0-4fd1-b229-e5b8f3b3c7e7,27900,2,2024,189810,automatico,Diesel,131,FR,Sport,2.0 TDI,Rivenditore,857,misterbianco,95045,Sicilia,Isole
SEAT Leon 2.0 TDI 150 HP BUSINESS AUTOMATICA DSG,https://www.autoscout24.it/annunci/seat-leon-2-0-tdi-150-hp-business-automatica-dsg-diesel-grigio-cat_ma64mo15869-7ee87511-91c1-49b9-b46b-307b3d357ee9,27900,0,2026,25000,automatico,Diesel,131,Business,Base,2.0 TDI,Rivenditore,226,udine,33100,Friuli-Venezia Giulia,Nord-est
SEAT Leon 5 porte Business 2.0 TDI 110 kW (150 CV) Diesel DS,https://www.autoscout24.it/annunci/seat-leon-5-porte-business-2-0-tdi-110-kw-150-cv-diesel-ds-diesel-cat_ma64mo15869-348da46f-97e3-45c9-a17b-d43574b65976,27900,1,2025,0,automatico,Diesel,131,Business,Base,2.0 TDI,Rivenditore,206,andreis,33080,Friuli-Venezia Giulia,Nord-est
SEAT Leon LEON 5P 2.0 TDI DSG STYLE 150CV,https://www.autoscout24.it/annunci/seat-leon-leon-5p-2-0-tdi-dsg-style-150cv-diesel-cat_ma64mo15869-27ea5d8d-f31e-4232-b6ce-b49a8cffd311,27900,1,2025,213570,automatico,Diesel,131,Style,Middle,2.0 TDI,Rivenditore,177,cernusco lombardone,23870,Lombardia,Nord-ovest
SEAT Leon 2.0 tdi FR 150cv dsg,https://www.autoscout24.it/annunci/seat-leon-2-0-tdi-fr-150cv-dsg-diesel-nero-cat_ma64mo15869-1a9aae14-9a59-4d0f-927d-295f30033f71,28300,1,2025,50,automatico,Diesel,131,FR,Sport,2.0 TDI,Rivenditore,326,roma,158,Lazio,Centro
SEAT Leon 2.0 tdi FR 150cv dsg,https://www.autoscout24.it/annunci/seat-leon-2-0-tdi-fr-150cv-dsg-diesel-nero-cat_ma64mo15869-e676a275-ebcd-4cbc-a593-57913e0e0462,28300,1,2025,50,automatico,Diesel,131,FR,Sport,2.0 TDI,Rivenditore,389,paglieta,66020,Abruzzo,Sud
SEAT Leon 2.0 tdi FR 150cv dsg,https://www.autoscout24.it/annunci/seat-leon-2-0-tdi-fr-150cv-dsg-diesel-bianco-cat_ma64mo15869-a80308fe-5b40-4c1d-9b81-8f6e523570f2,28300,1,2025,140,automatico,Diesel,131,FR,Sport,2.0 TDI,Rivenditore,326,roma,158,Lazio,Centro
SEAT Leon 5 porte FR 1.5 Hybrid 85 kW (116 CV) mHEV DSG 7 ma,https://www.autoscout24.it/annunci/seat-leon-5-porte-fr-1-5-hybrid-85-kw-116-cv-mhev-dsg-7-ma-elettrica-benzina-nero-cat_ma64mo15869-9f21d64e-bfb6-48a5-90dc-56bef3ae6f6b,28900,1,2025,0,automatico,Ibrido,131,FR,Sport,1.5 eTSI,Rivenditore,206,andreis,33080,Friuli-Venezia Giulia,Nord-est
SEAT Leon 2.0 tdi FR 150cv dsg,https://www.autoscout24.it/annunci/seat-leon-2-0-tdi-fr-150cv-dsg-diesel-bianco-cat_ma64mo15869-c2290d43-598d-4e34-aa75-34c3cee130a7,28300,1,2025,140,automatico,Diesel,131,FR,Sport,2.0 TDI,Rivenditore,389,paglieta,66020,Abruzzo,Sud
SEAT Leon 1.5 hybrid fr 116cv dsg,https://www.autoscout24.it/annunci/seat-leon-1-5-hybrid-fr-116cv-dsg-elettrica-benzina-nero-cat_ma64mo15869-2a9c92f3-907e-45d6-8f16-ec5388265303,28900,1,2025,10,automatico,Ibrido,131,FR,Sport,1.5 eTSI,Rivenditore,101,padova,35129,Veneto,Nord-est
SEAT Leon Leon 2.0 TDI 150cv FR DSG,https://www.autoscout24.it/annunci/seat-leon-leon-2-0-tdi-150cv-fr-dsg-diesel-nero-cat_ma64mo15869-889de2f9-bff2-423a-9f71-f9e5e09b6d8b,29900,1,2025,100,automatico,Diesel,131,FR,Sport,2.0 TDI,Rivenditore,177,cernusco lombardone,23870,Lombardia,Nord-ovest
Seat Leon Sportstourer 2.0 TDI 150 CV DSG Xcellence,https://www.automobile.it/massafra-seat-leon-sportstourer-2-0-tdi-150-cv-dsg-xcellence/180597198,15900,5,2021,98000,automatico,Diesel,150,Xcellence,Middle,2.0 TDI,Rivenditore,667,massafra,74016,Puglia,Sud
SEAT Leon Sportstourer 2.0 TDI 116 CV Style ARGENTO 2022,https://www.automobile.it/gorizia-seat-leon-sportstourer-2-0-tdi-116-cv-style-argento-2022/179215195,15800,4,2022,75315,manuale,Diesel,116,Style,Middle,2.0 TDI,Rivenditore,241,gorizia,34170,Friuli-Venezia Giulia,Nord-est
Seat Leon 1.5 TSI FR,https://www.automobile.it/vigodarzere-seat-leon-1-5-tsi-fr/179541080,18500,5,2021,45000,manuale,Benzina,130,FR,Sport,1.5 TSI,Rivenditore,106,vigodarzere,35010,Veneto,Nord-est
SEAT Leon Sportstourer 1.5 eTSI 150 CV DSG Xcellence,https://www.automobile.it/abbiategrasso-seat-leon-sportstourer-1-5-etsi-150-cv-dsg-xcellence/179830819,15990,5,2021,72869,automatico,Ibrido,150,Xcellence,Middle,1.5 eTSI,Rivenditore,192,abbiategrasso,20081,Lombardia,Nord-ovest
SEAT Leon Sportstourer 1.5 eTSI 150 CV DSG Xcellence,https://www.automobile.it/abbiategrasso-seat-leon-sportstourer-1-5-etsi-150-cv-dsg-xcellence/179830814,15490,5,2021,85596,automatico,Ibrido,150,Xcellence,Middle,1.5 eTSI,Rivenditore,192,abbiategrasso,20081,Lombardia,Nord-ovest
SEAT Leon Sportstourer 1.5 eTSI 150 CV DSG Xcellence,https://www.automobile.it/abbiategrasso-seat-leon-sportstourer-1-5-etsi-150-cv-dsg-xcellence/179830812,14390,5,2021,124961,automatico,Ibrido,150,Xcellence,Middle,1.5 eTSI,Rivenditore,192,abbiategrasso,20081,Lombardia,Nord-ovest
SEAT Leon 1.5 tgi FR 130cv dsg,https://www.automobile.it/fiume-veneto-seat-leon-1-5-tgi-fr-130cv-dsg/180406187,20900,5,2021,70120,automatico,Metano,130,FR,Sport,1.5 TGI,Rivenditore,188,fiume veneto,33080,Friuli-Venezia Giulia,Nord-est
Seat Leon Sportstourer 2.0 TDI 150 CV DSG Business sinistrata,https://www.automobile.it/qualiano-seat-leon-sportstourer-2-0-tdi-150-cv-dsg-business-sinistrata/184640568,5500,3,2023,35000,manuale,Diesel,150,Business,Base,2.0 TDI,Rivenditore,483,qualiano,80019,Campania,Sud
Seat Leon Sportstourer 2.0 TDI 150 CV DSG Business,https://www.automobile.it/qualiano-seat-leon-sportstourer-2-0-tdi-150-cv-dsg-business/183975428,8500,2,2024,14000,automatico,Diesel,150,Business,Base,2.0 TDI,Rivenditore,483,qualiano,80019,Campania,Sud
SEAT Leon Sportstourer 2.0 tdi Xcellence 150cv dsg - GF989SA,https://www.automobile.it/basiliano-seat-leon-sportstourer-2-0-tdi-xcellence-150cv-dsg-gf989sa/184670315,9500,5,2021,280000,automatico,Diesel,150,Xcellence,Middle,2.0 TDI,Rivenditore,215,basiliano,33031,Friuli-Venezia Giulia,Nord-est
SEAT Leon Sportstourer 2.0 tdi Xcellence 150cv dsg - GF989SA,https://www.automobile.it/basiliano-seat-leon-sportstourer-2-0-tdi-xcellence-150cv-dsg-gf989sa/183180094,10900,5,2021,280000,automatico,Diesel,150,Xcellence,Middle,2.0 TDI,Rivenditore,215,basiliano,33031,Friuli-Venezia Giulia,Nord-est
Seat Leon Sportstourer Business DSG BR850793 2.0 Diesel 150CV,https://www.automobile.it/cinisello-balsamo-seat-leon-sportstourer-business-dsg-br850793-2-0-diesel-150cv/184602106,10990,4,2022,120440,automatico,Diesel,150,Business,Base,2.0 TDI,Rivenditore,180,cinisello balsamo,20092,Lombardia,Nord-ovest
Seat Leon Sportstourer Business DSG BR850793 2.0 Diesel 150CV,https://www.automobile.it/reggio-emilia-seat-leon-sportstourer-business-dsg-br850793-2-0-diesel-150cv/184602095,10990,4,2022,120440,automatico,Diesel,150,Business,Base,2.0 TDI,Rivenditore,40,reggio emilia,42121,Emilia-Romagna,Nord-est
Seat Leon Sportstourer Business DSG BR110263 1.0 Mild Hybrid 110CV,https://www.automobile.it/cinisello-balsamo-seat-leon-sportstourer-business-dsg-br110263-1-0-mild-hybrid-110cv/184526087,10990,4,2022,125725,automatico,Ibrido,110,Business,Base,1.0 eTSI,Rivenditore,180,cinisello balsamo,20092,Lombardia,Nord-ovest
Seat Leon Sportstourer Business DSG BR110263 1.0 Mild Hybrid 110CV,https://www.automobile.it/reggio-emilia-seat-leon-sportstourer-business-dsg-br110263-1-0-mild-hybrid-110cv/184526089,10990,4,2022,125725,automatico,Ibrido,110,Business,Base,1.0 eTSI,Rivenditore,40,reggio emilia,42121,Emilia-Romagna,Nord-est
SEAT Leon SUPERPROMO!!!!!!!!Sportstourer 110 CV DSG Business,https://www.automobile.it/piacenza-seat-leon-superpromo-sportstourer-110-cv-dsg-business/184620352,11500,4,2022,79999,automatico,Ibrido,110,Business,Base,,Rivenditore,121,piacenza,29121,Emilia-Romagna,Nord-est
SEAT Leon SUPERPROMO!!!!!!!!Sportstourer 110 CV DSG Business,https://www.automobile.it/piacenza-seat-leon-superpromo-sportstourer-110-cv-dsg-business/184620364,11500,4,2022,79999,automatico,Benzina,110,Business,Base,,Rivenditore,121,piacenza,29121,Emilia-Romagna,Nord-est
SEAT LEON ST 1.0 TSI 66 KW BUSINESS STATION WAGON,https://www.automobile.it/roma-seat-leon-st-1-0-tsi-66-kw-business-station-wagon/184663582,11800,5,2021,97010,manuale,Benzina,90,Business,Base,1.0 TSI,Rivenditore,326,roma,118,Lazio,Centro
SEAT LEON ST 1.0 TSI 66 KW BUSINESS STATION WAGON,https://www.automobile.it/bentivoglio-seat-leon-st-1-0-tsi-66-kw-business-station-wagon/184663623,11800,5,2021,97010,manuale,Benzina,90,Business,Base,1.0 TSI,Rivenditore,22,bentivoglio,40010,Emilia-Romagna,Nord-est
SEAT LEON ST 1.0 TSI 66 KW BUSINESS STATION WAGON,https://www.automobile.it/verona-seat-leon-st-1-0-tsi-66-kw-business-station-wagon/184663840,11800,5,2021,97010,manuale,Benzina,90,Business,Base,1.0 TSI,Rivenditore,86,verona,37121,Veneto,Nord-est
SEAT LEON ST 1.0 TSI 66 KW BUSINESS STATION WAGON,https://www.automobile.it/pozzuoli-seat-leon-st-1-0-tsi-66-kw-business-station-wagon/184663721,11800,5,2021,97010,manuale,Benzina,90,Business,Base,1.0 TSI,Rivenditore,488,pozzuoli,80078,Campania,Sud
SEAT LEON ST 1.0 TSI 66 KW BUSINESS STATION WAGON,https://www.automobile.it/firenze-seat-leon-st-1-0-tsi-66-kw-business-station-wagon/184663774,11800,5,2021,97010,manuale,Benzina,90,Business,Base,1.0 TSI,Rivenditore,99,firenze,50121,Toscana,Centro
SEAT Leon 1.5 eTSI 150cv XCELLENCE DSG,https://www.automobile.it/modena-seat-leon-1-5-etsi-150cv-xcellence-dsg/183698555,11900,5,2021,132980,automatico,Ibrido,150,Xcellence,Middle,1.5 eTSI,Rivenditore,16,modena,41121,Emilia-Romagna,Nord-est
Seat Leon Sportstourer 2.0 TDI Business,https://www.automobile.it/sarego-seat-leon-sportstourer-2-0-tdi-business/184643906,11900,4,2022,170000,manuale,Diesel,115,Business,Base,2.0 TDI,Rivenditore,85,sarego,36040,Veneto,Nord-est
Seat Leon Sportstourer 1.5 eTSI 150 CV DSG FR,https://www.automobile.it/broni-seat-leon-sportstourer-1-5-etsi-150-cv-dsg-fr/183933620,11990,5,2021,141840,automatico,Ibrido,150,FR,Sport,1.5 eTSI,Rivenditore,154,broni,27043,Lombardia,Nord-ovest
Seat Leon Leon 1.0 tsi Business 110cv,https://www.automobile.it/settimo-milanese-seat-leon-leon-1-0-tsi-business-110cv/183924662,11990,5,2021,77000,manuale,Benzina,110,Business,Base,1.0 TSI,Rivenditore,187,settimo milanese,20019,Lombardia,Nord-ovest
SEAT Leon Sportstourer 2.0 TDI 150 CV DSG Style,https://www.automobile.it/este-seat-leon-sportstourer-2-0-tdi-150-cv-dsg-style/184272613,12490,3,2023,66000,automatico,Diesel,150,Style,Middle,2.0 TDI,Rivenditore,74,este,35042,Veneto,Nord-est
Seat Leon Business DSG BR008052 1.0 Mild Hybrid 110CV,https://www.automobile.it/reggio-emilia-seat-leon-business-dsg-br008052-1-0-mild-hybrid-110cv/184629442,12790,4,2022,101615,automatico,Ibrido,110,Business,Base,1.0 eTSI,Rivenditore,40,reggio emilia,42121,Emilia-Romagna,Nord-est
Seat Leon Business DSG BR008052 1.0 Mild Hybrid 110CV,https://www.automobile.it/cinisello-balsamo-seat-leon-business-dsg-br008052-1-0-mild-hybrid-110cv/184629439,12790,4,2022,101615,automatico,Ibrido,110,Business,Base,1.0 eTSI,Rivenditore,180,cinisello balsamo,20092,Lombardia,Nord-ovest
SEAT Leon Leon Sportstourer Sportstourer 2.0 tdi Style 115cv PRONTA CONSEGNA,https://www.automobile.it/roma-seat-leon-leon-sportstourer-sportstourer-2-0-tdi-style-115cv-pronta-consegna/184569923,12899,3,2023,76000,manuale,Diesel,115,Style,Middle,2.0 TDI,Rivenditore,326,roma,118,Lazio,Centro
Seat Leon Sportstourer 2.0 TDI Style,https://www.automobile.it/prato-seat-leon-sportstourer-2-0-tdi-style/184033362,12900,3,2023,130000,manuale,Diesel,115,Style,Middle,2.0 TDI,Rivenditore,87,prato,59100,Toscana,Centro
SEAT Leon ST 2.0 TDI 150CV DSG FR,https://www.automobile.it/este-seat-leon-st-2-0-tdi-150cv-dsg-fr/183785593,12900,4,2022,148000,automatico,Diesel,150,FR,Sport,2.0 TDI,Rivenditore,74,este,35042,Veneto,Nord-est
Seat Leon Sportstourer 2.0 TDI 150 CV DSG Style,https://www.automobile.it/roma-seat-leon-sportstourer-2-0-tdi-150-cv-dsg-style/184629272,12900,2,2024,79900,automatico,Diesel,150,Style,Middle,2.0 TDI,Rivenditore,326,roma,118,Lazio,Centro
SEAT LEON ST 1.0 TSI 66 KW BUSINESS STATION WAGON,https://www.automobile.it/roma-seat-leon-st-1-0-tsi-66-kw-business-station-wagon/184656187,12900,4,2022,91386,manuale,Benzina,90,Business,Base,1.0 TSI,Rivenditore,326,roma,118,Lazio,Centro
SEAT LEON ST 1.0 TSI 66 KW BUSINESS STATION WAGON,https://www.automobile.it/verona-seat-leon-st-1-0-tsi-66-kw-business-station-wagon/184656226,12900,4,2022,91386,manuale,Benzina,90,Business,Base,1.0 TSI,Rivenditore,86,verona,37121,Veneto,Nord-est
SEAT LEON ST 1.0 TSI 66 KW BUSINESS STATION WAGON,https://www.automobile.it/firenze-seat-leon-st-1-0-tsi-66-kw-business-station-wagon/184656473,12900,4,2022,91386,manuale,Benzina,90,Business,Base,1.0 TSI,Rivenditore,99,firenze,50121,Toscana,Centro
SEAT LEON ST 1.0 TSI 66 KW BUSINESS STATION WAGON,https://www.automobile.it/bentivoglio-seat-leon-st-1-0-tsi-66-kw-business-station-wagon/184656281,12900,4,2022,91386,manuale,Benzina,90,Business,Base,1.0 TSI,Rivenditore,22,bentivoglio,40010,Emilia-Romagna,Nord-est
SEAT LEON ST 1.0 TSI 66 KW BUSINESS STATION WAGON,https://www.automobile.it/pozzuoli-seat-leon-st-1-0-tsi-66-kw-business-station-wagon/184656401,12900,4,2022,91386,manuale,Benzina,90,Business,Base,1.0 TSI,Rivenditore,488,pozzuoli,80078,Campania,Sud
Seat Leon 2.0 TDI 150 CV DSG Style,https://www.automobile.it/tricesimo-seat-leon-2-0-tdi-150-cv-dsg-style/184572479,12900,4,2022,159000,automatico,Diesel,150,Style,Middle,2.0 TDI,Rivenditore,232,tricesimo,33019,Friuli-Venezia Giulia,Nord-est
SEAT LEON IV 2020 Sportstourer 2.0 tdi Style 115cv IVA ESPOSTA,https://www.automobile.it/prato-seat-leon-iv-2020-sportstourer-2-0-tdi-style-115cv-iva-esposta/184134590,12999,3,2023,59000,manuale,Diesel,115,Style,Middle,2.0 TDI,Rivenditore,87,prato,59100,Toscana,Centro
SEAT Leon Sportstourer 2.0 tdi Style 115cv *IVA ESPOSTA*,https://www.automobile.it/pistoia-seat-leon-sportstourer-2-0-tdi-style-115cv-iva-esposta/184634924,12999,3,2023,130000,manuale,Diesel,115,Style,Middle,2.0 TDI,Rivenditore,83,pistoia,51100,Toscana,Centro
Seat Leon Sportstourer 1.0 TSI 90 CV Business,https://www.automobile.it/taranto-seat-leon-sportstourer-1-0-tsi-90-cv-business/183059066,13000,3,2023,54500,manuale,Benzina,90,Business,Base,1.0 TSI,Rivenditore,683,taranto,74121,Puglia,Sud
Seat Leon Sportstourer 2.0 TDI 150 CV DSG Style,https://www.automobile.it/villadose-seat-leon-sportstourer-2-0-tdi-150-cv-dsg-style/184661063,13000,3,2023,63600,automatico,Diesel,150,Style,Middle,2.0 TDI,Rivenditore,75,villadose,45010,Veneto,Nord-est
SEAT Leon Sportstourer 1.0 eTSI 110 CV DSG Style,https://www.automobile.it/milano-seat-leon-sportstourer-1-0-etsi-110-cv-dsg-style/184550863,13299,4,2022,125525,automatico,Ibrido,110,Style,Middle,1.0 eTSI,Rivenditore,177,milano,20121,Lombardia,Nord-ovest
SEAT Leon Sportstourer 1.0 eTSI 110 CV DSG Style,https://www.automobile.it/beinasco-seat-leon-sportstourer-1-0-etsi-110-cv-dsg-style/184549484,13299,4,2022,125525,automatico,Ibrido,110,Style,Middle,1.0 eTSI,Rivenditore,283,beinasco,10092,Piemonte,Nord-ovest
SEAT Leon Sportstourer 1.0 eTSI 110 CV DSG Style,https://www.automobile.it/palermo-seat-leon-sportstourer-1-0-etsi-110-cv-dsg-style/184551536,13299,4,2022,125525,automatico,Ibrido,110,Style,Middle,1.0 eTSI,Rivenditore,750,palermo,90121,Sicilia,Isole
SEAT Leon Sportstourer 1.0 eTSI 110 CV DSG Style,https://www.automobile.it/roma-seat-leon-sportstourer-1-0-etsi-110-cv-dsg-style/184550481,13299,4,2022,125525,automatico,Ibrido,110,Style,Middle,1.0 eTSI,Rivenditore,326,roma,118,Lazio,Centro
SEAT Leon Sportstourer 1.0 eTSI 110 CV DSG Style,https://www.automobile.it/firenze-seat-leon-sportstourer-1-0-etsi-110-cv-dsg-style/184550571,13299,4,2022,125525,automatico,Ibrido,110,Style,Middle,1.0 eTSI,Rivenditore,99,firenze,50121,Toscana,Centro
SEAT Leon Sportstourer 1.0 eTSI 110 CV DSG Style,https://www.automobile.it/bari-seat-leon-sportstourer-1-0-etsi-110-cv-dsg-style/184551226,13299,4,2022,125525,automatico,Ibrido,110,Style,Middle,1.0 eTSI,Rivenditore,611,bari,70121,Puglia,Sud
SEAT Leon Sportstourer 1.0 eTSI 110 CV DSG Style,https://www.automobile.it/venezia-seat-leon-sportstourer-1-0-etsi-110-cv-dsg-style/184551601,13299,4,2022,125525,automatico,Ibrido,110,Style,Middle,1.0 eTSI,Rivenditore,127,venezia,30121,Veneto,Nord-est
Seat Leon Sportstourer 2.0 TDI 150 CV DSG Style,https://www.automobile.it/prato-seat-leon-sportstourer-2-0-tdi-150-cv-dsg-style/184632972,13400,3,2023,68000,automatico,Diesel,150,Style,Middle,2.0 TDI,Rivenditore,87,prato,59100,Toscana,Centro
Seat Leon Style DSG BR602619 2.0 Diesel 150CV,https://www.automobile.it/cinisello-balsamo-seat-leon-style-dsg-br602619-2-0-diesel-150cv/184571525,13490,5,2021,105678,automatico,Diesel,150,Style,Middle,2.0 TDI,Rivenditore,180,cinisello balsamo,20092,Lombardia,Nord-ovest
Seat Leon Style DSG BR602619 2.0 Diesel 150CV,https://www.automobile.it/reggio-emilia-seat-leon-style-dsg-br602619-2-0-diesel-150cv/184571528,13490,5,2021,105678,automatico,Diesel,150,Style,Middle,2.0 TDI,Rivenditore,40,reggio emilia,42121,Emilia-Romagna,Nord-est
Seat Leon ST 2.0 TDI Business *IVA DEDUCIBILE*,https://www.automobile.it/lentate-seveso-seat-leon-st-2-0-tdi-business-iva-deducibile/183906720,13500,3,2023,79115,manuale,Diesel,115,Business,Base,2.0 TDI,Rivenditore,194,lentate sul seveso,20823,Lombardia,Nord-ovest
Seat Leon Sportstourer 2.0 TDI 150 CV DSG Style,https://www.automobile.it/villadose-seat-leon-sportstourer-2-0-tdi-150-cv-dsg-style/184465768,13500,3,2023,77600,manuale,Diesel,150,Style,Middle,2.0 TDI,Rivenditore,75,villadose,45010,Veneto,Nord-est
Seat Leon Sportstourer 2.0 TDI 150 CV DSG Style,https://www.automobile.it/villadose-seat-leon-sportstourer-2-0-tdi-150-cv-dsg-style/184502184,13500,2,2024,76000,automatico,Diesel,150,Style,Middle,2.0 TDI,Rivenditore,75,villadose,45010,Veneto,Nord-est
Seat Leon Sportstourer 2.0 TDI 150 CV DSG Style,https://www.automobile.it/torino-seat-leon-sportstourer-2-0-tdi-150-cv-dsg-style/184662918,13500,3,2023,87382,automatico,Diesel,150,Style,Middle,2.0 TDI,Rivenditore,276,torino,10121,Piemonte,Nord-ovest
Seat Leon 2.0 TDI 116 cv Business,https://www.automobile.it/carovigno-seat-leon-2-0-tdi-116-cv-business/184636441,13700,4,2022,122000,manuale,Diesel,116,Business,Base,2.0 TDI,Rivenditore,691,carovigno,72012,Puglia,Sud
SEAT Leon Sportstourer 2.0 TDI Style,https://www.automobile.it/roma-seat-leon-sportstourer-2-0-tdi-style/184202729,13900,3,2023,78100,manuale,Diesel,115,Style,Middle,2.0 TDI,Rivenditore,326,roma,118,Lazio,Centro
SEAT Leon Sportstourer 2.0 TDI 150 CV DSG Business - PROMO,https://www.automobile.it/este-seat-leon-sportstourer-2-0-tdi-150-cv-dsg-business-promo/184272610,13900,3,2023,79500,automatico,Diesel,150,Business,Base,2.0 TDI,Rivenditore,74,este,35042,Veneto,Nord-est
Seat Leon Sportstourer 2.0 TDI 150 CV DSG Business,https://www.automobile.it/castel-goffredo-seat-leon-sportstourer-2-0-tdi-150-cv-dsg-business/184459757,13900,5,2021,159000,automatico,Diesel,150,Business,Base,2.0 TDI,Rivenditore,87,castel goffredo,46042,Lombardia,Nord-ovest
SEAT Leon Sportstourer 2.0 TDI 150 CV DSG Business - PROMO,https://www.automobile.it/este-seat-leon-sportstourer-2-0-tdi-150-cv-dsg-business-promo/184534912,13900,3,2023,63000,automatico,Diesel,150,Business,Base,2.0 TDI,Rivenditore,74,este,35042,Veneto,Nord-est
Seat Leon Sportstourer 2.0 TDI 150 CV DSG Business - 2023,https://www.automobile.it/rimini-seat-leon-sportstourer-2-0-tdi-150-cv-dsg-business-2023/184632470,13900,3,2023,167000,automatico,Diesel,150,Business,Base,2.0 TDI,Rivenditore,132,rimini,47921,Emilia-Romagna,Nord-est
SEAT Leon 1.0 TSI 110 CV Style C/GRIMALDI SPECIAL DAY,https://www.automobile.it/vigevano-seat-leon-1-0-tsi-110-cv-style-grimaldi-special-day/184603617,13900,4,2022,39549,manuale,Benzina,110,Style,Middle,1.0 TSI,Rivenditore,193,vigevano,27029,Lombardia,Nord-ovest
Seat Leon 2.0 TDI FR,https://www.automobile.it/orbassano-seat-leon-2-0-tdi-fr/184403131,13900,3,2023,100000,automatico,Diesel,115,FR,Sport,2.0 TDI,Rivenditore,286,orbassano,10043,Piemonte,Nord-ovest
Seat Leon 1.5 eTSI 150 CV DSG Business,https://www.automobile.it/montecchio-emilia-seat-leon-1-5-etsi-150-cv-dsg-business/184653961,13900,4,2022,100800,automatico,Ibrido,150,Business,Base,1.5 eTSI,Rivenditore,54,montecchio emilia,42027,Emilia-Romagna,Nord-est
Seat Leon 1.0 TSI Business 90cv GARANTITA,https://www.automobile.it/quartucciu-seat-leon-1-0-tsi-business-90cv-garantita/182209247,13990,5,2021,70000,manuale,Benzina,90,Business,Base,1.0 TSI,Rivenditore,622,quartucciu,9044,Sardegna,Isole
SEAT Leon SW 2.0 TDI 150 CV DSG Business 2021,https://www.automobile.it/deruta-seat-leon-sw-2-0-tdi-150-cv-dsg-business-2021/184562123,13990,5,2021,143500,automatico,Diesel,150,Business,Base,2.0 TDI,Rivenditore,213,deruta,6053,Umbria,Centro
Seat Leon Sportstourer 2.0 TDI 150 CV DSG Style,https://www.automobile.it/torino-seat-leon-sportstourer-2-0-tdi-150-cv-dsg-style/184502058,14000,3,2023,95000,automatico,Diesel,150,Style,Middle,2.0 TDI,Rivenditore,276,torino,10121,Piemonte,Nord-ovest
Seat Leon 2.0 TDI 150 CV DSG FR,https://www.automobile.it/gragnano-seat-leon-2-0-tdi-150-cv-dsg-fr/183800306,14190,4,2022,130000,automatico,Diesel,150,FR,Sport,2.0 TDI,Rivenditore,521,gragnano,80054,Campania,Sud
Seat Leon ST Style DSG BR663689 2.0 Diesel 150CV,https://www.automobile.it/reggio-emilia-seat-leon-st-style-dsg-br663689-2-0-diesel-150cv/184610788,14490,2,2024,60514,automatico,Diesel,150,Style,Middle,2.0 TDI,Rivenditore,40,reggio emilia,42121,Emilia-Romagna,Nord-est
Seat Leon ST Style DSG BR663689 2.0 Diesel 150CV,https://www.automobile.it/cinisello-balsamo-seat-leon-st-style-dsg-br663689-2-0-diesel-150cv/184610797,14490,2,2024,60514,automatico,Diesel,150,Style,Middle,2.0 TDI,Rivenditore,180,cinisello balsamo,20092,Lombardia,Nord-ovest
Seat Leon Sportstourer 2.0 TDI 150 CV DSG Style,https://www.automobile.it/copparo-seat-leon-sportstourer-2-0-tdi-150-cv-dsg-style/184614591,14500,3,2023,60000,automatico,Diesel,150,Style,Middle,2.0 TDI,Rivenditore,60,copparo,44034,Emilia-Romagna,Nord-est
SEAT Leon 4ª serie - Leon Sportstourer 2.0 TDI Style,https://www.automobile.it/legnano-seat-leon-4-serie-leon-sportstourer-2-0-tdi-style/184492860,14800,3,2023,65659,manuale,Diesel,115,Style,Middle,2.0 TDI,Rivenditore,202,legnano,20025,Lombardia,Nord-ovest
Seat Leon 1.5 TGI Style,https://www.automobile.it/roma-seat-leon-1-5-tgi-style/184607866,14800,4,2022,151361,manuale,Metano,130,Style,Middle,1.5 TGI,Rivenditore,326,roma,118,Lazio,Centro
Seat Leon Sportstourer 2.0 TDI 150 CV DSG Style,https://www.automobile.it/torino-seat-leon-sportstourer-2-0-tdi-150-cv-dsg-style/184178057,14900,2,2024,65000,automatico,Diesel,150,Style,Middle,2.0 TDI,Rivenditore,276,torino,10121,Piemonte,Nord-ovest
SEAT Leon 2.0 TDI 110KW BUSINESS DSG,https://www.automobile.it/san-vito-normanni-seat-leon-2-0-tdi-110kw-business-dsg/184618041,14900,3,2023,75344,automatico,Diesel,150,Business,Base,2.0 TDI,Rivenditore,698,san vito normanni,72019,Puglia,Sud
Seat Leon 1.0 TSI Business,https://www.automobile.it/firenze-seat-leon-1-0-tsi-business/184641945,14900,4,2022,70000,manuale,Benzina,110,Business,Base,1.0 TSI,Rivenditore,99,firenze,50121,Toscana,Centro
SEAT Leon SW 2.0 TDI 150cv STYLE DSG - GS020DW,https://www.automobile.it/basiliano-seat-leon-sw-2-0-tdi-150cv-style-dsg-gs020dw/184621265,14900,3,2023,77000,automatico,Diesel,150,Style,Middle,2.0 TDI,Rivenditore,215,basiliano,33031,Friuli-Venezia Giulia,Nord-est
SEAT Leon Sportstourer 2.0TDI 150 DSG Style - 2024,https://www.automobile.it/teramo-seat-leon-sportstourer-2-0tdi-150-dsg-style-2024/184623768,14900,2,2024,61198,automatico,Diesel,115,Style,Middle,2.0 TDI,Rivenditore,304,teramo,64100,Abruzzo,Sud
Seat Leon Sportstourer 2.0 TDI Business,https://www.automobile.it/marino-seat-leon-sportstourer-2-0-tdi-business/184654002,14900,2,2024,89500,manuale,Diesel,115,Business,Base,2.0 TDI,Rivenditore,344,marino,47,Lazio,Centro
SEAT Leon 2.0 TDI Business 115 CV C/GRIMALDI SPECIAL DAY,https://www.automobile.it/vigevano-seat-leon-2-0-tdi-business-115-cv-grimaldi-special-day/184658664,14900,4,2022,86856,manuale,Diesel,115,Business,Base,2.0 TDI,Rivenditore,193,vigevano,27029,Lombardia,Nord-ovest
SEAT Leon 2.0 TDI Style FULL LED C/GRIMALDI SPECIAL DAY,https://www.automobile.it/vigevano-seat-leon-2-0-tdi-style-full-led-grimaldi-special-day/184658686,14900,5,2021,72341,manuale,Diesel,115,Style,Middle,2.0 TDI,Rivenditore,193,vigevano,27029,Lombardia,Nord-ovest
SEAT Leon Sportstourer 2.0 TDI 150 CV DSG Style - PROMO,https://www.automobile.it/este-seat-leon-sportstourer-2-0-tdi-150-cv-dsg-style-promo/184281465,14900,2,2024,76000,automatico,Diesel,150,Style,Middle,2.0 TDI,Rivenditore,74,este,35042,Veneto,Nord-est
Seat Leon 2.0 TDI Business berlina neopatentati,https://www.automobile.it/casalecchio-reno-seat-leon-2-0-tdi-business-berlina-neopatentati/182154348,14990,4,2022,124995,manuale,Diesel,115,Business,Base,2.0 TDI,Rivenditore,23,casalecchio reno,40033,Emilia-Romagna,Nord-est
Seat Leon 2.0 TDI Business berlina neopatentati,https://www.automobile.it/casalecchio-reno-seat-leon-2-0-tdi-business-berlina-neopatentati/182285691,14990,4,2022,124995,manuale,Diesel,115,Business,Base,2.0 TDI,Rivenditore,23,casalecchio reno,40033,Emilia-Romagna,Nord-est
Seat Leon Sportstourer 2.0 TDI 150 CV DSG Business,https://www.automobile.it/morgano-seat-leon-sportstourer-2-0-tdi-150-cv-dsg-business/184060243,14990,3,2023,70000,automatico,Diesel,150,Business,Base,2.0 TDI,Rivenditore,131,morgano,31050,Veneto,Nord-est
SEAT Leon Sportstourer 2.0 tdi Business 150cv dsg *PRONTA CONSEGNA,https://www.automobile.it/roma-seat-leon-sportstourer-2-0-tdi-business-150cv-dsg-pronta-consegna/184591891,14990,2,2024,59000,automatico,Diesel,150,Business,Base,2.0 TDI,Rivenditore,326,roma,118,Lazio,Centro
Seat Leon 2.0 116cv TDI Business,https://www.automobile.it/palermo-seat-leon-2-0-116cv-tdi-business/184649345,14990,4,2022,141000,manuale,Diesel,116,Business,Base,,Rivenditore,750,palermo,90121,Sicilia,Isole
Seat Leon 2.0 TDI Business PREZZO REALE,https://www.automobile.it/reggio-emilia-seat-leon-2-0-tdi-business-prezzo-reale/184645563,14999,4,2022,100000,manuale,Diesel,115,Business,Base,2.0 TDI,Rivenditore,40,reggio emilia,42121,Emilia-Romagna,Nord-est
Seat Leon 1.5 TGI Style,https://www.automobile.it/roma-seat-leon-1-5-tgi-style/184607865,15300,4,2022,112851,manuale,Metano,130,Style,Middle,1.5 TGI,Rivenditore,326,roma,118,Lazio,Centro
SEAT Leon SW 2.0 TDI 150cv STYLE DSG - GR107HC,https://www.automobile.it/basiliano-seat-leon-sw-2-0-tdi-150cv-style-dsg-gr107hc/184563070,15400,3,2023,66000,automatico,Diesel,150,Style,Middle,2.0 TDI,Rivenditore,215,basiliano,33031,Friuli-Venezia Giulia,Nord-est
SEAT Leon SW 2.0 TDI 150cv STYLE DSG - GS785LL,https://www.automobile.it/basiliano-seat-leon-sw-2-0-tdi-150cv-style-dsg-gs785ll/184670226,15400,3,2023,62000,automatico,Diesel,150,Style,Middle,2.0 TDI,Rivenditore,215,basiliano,33031,Friuli-Venezia Giulia,Nord-est
SEAT Leon Sportstourer 1.5 eTSI 150 CV DSG Xcellence del 2021,https://www.automobile.it/firenze-seat-leon-sportstourer-1-5-etsi-150-cv-dsg-xcellence-2021/183690029,15470,5,2021,96718,automatico,Ibrido,150,Xcellence,Middle,1.5 eTSI,Rivenditore,99,firenze,50121,Toscana,Centro
Seat Leon Sportstourer 2.0 TDI Style,https://www.automobile.it/torino-seat-leon-sportstourer-2-0-tdi-style/182985379,15490,3,2023,98000,manuale,Diesel,115,Style,Middle,2.0 TDI,Rivenditore,276,torino,10121,Piemonte,Nord-ovest
SEAT Leon 2.0 TDI 150CV DSG Style,https://www.automobile.it/san-michele-salentino-seat-leon-2-0-tdi-150cv-dsg-style/183670838,15500,5,2021,112000,automatico,Diesel,150,Style,Middle,2.0 TDI,Rivenditore,695,san michele salentino,72018,Puglia,Sud
SEAT Leon Sportstourer 2.0 TDI 150 CV DSG Style,https://www.automobile.it/roma-seat-leon-sportstourer-2-0-tdi-150-cv-dsg-style/184391650,15500,3,2023,76316,automatico,Diesel,150,Style,Middle,2.0 TDI,Rivenditore,326,roma,118,Lazio,Centro
Seat Leon Sportstourer 2.0 TDI Business,https://www.automobile.it/manoppello-seat-leon-sportstourer-2-0-tdi-business/184427979,15500,5,2021,87230,manuale,Diesel,115,Business,Base,2.0 TDI,Rivenditore,356,manoppello,65024,Abruzzo,Sud
Seat Leon 2.0 TDI 150 CV DSG Business,https://www.automobile.it/lanciano-seat-leon-2-0-tdi-150-cv-dsg-business/184305952,15500,3,2023,72500,automatico,Diesel,150,Business,Base,2.0 TDI,Rivenditore,377,lanciano,66034,Abruzzo,Sud
Seat Leon Sportstourer 2.0 TDI Style,https://www.automobile.it/sora-seat-leon-sportstourer-2-0-tdi-style/184581751,15500,3,2023,77493,manuale,Diesel,115,Style,Middle,2.0 TDI,Rivenditore,384,sora,3039,Lazio,Centro
Seat Leon 2.0 TDI Style MAN. **KM 87974**,https://www.automobile.it/verona-seat-leon-2-0-tdi-style-man-km-87974/184535603,15600,4,2022,87974,manuale,Diesel,115,Style,Middle,2.0 TDI,Rivenditore,86,verona,37121,Veneto,Nord-est
Seat Leon 2.0 TDI Business 2022,https://www.automobile.it/erba-seat-leon-2-0-tdi-business-2022/183557411,15700,4,2022,122930,manuale,Diesel,115,Business,Base,2.0 TDI,Rivenditore,196,erba,22036,Lombardia,Nord-ovest
SEAT Leon 1.0 TSI 110CV Style,https://www.automobile.it/sala-bolognese-seat-leon-1-0-tsi-110cv-style/184277248,15891,5,2021,69127,manuale,Benzina,110,Style,Middle,1.0 TSI,Rivenditore,11,sala bolognese,40010,Emilia-Romagna,Nord-est
SEAT Leon 1.0 TSI 110CV Style,https://www.automobile.it/meda-seat-leon-1-0-tsi-110cv-style/184277439,15891,5,2021,69127,manuale,Benzina,110,Style,Middle,1.0 TSI,Rivenditore,190,meda,20821,Lombardia,Nord-ovest
SEAT Leon 1.0 TSI 110CV Style,https://www.automobile.it/san-giorgio-bosco-seat-leon-1-0-tsi-110cv-style/184277474,15891,5,2021,69127,manuale,Benzina,110,Style,Middle,1.0 TSI,Rivenditore,115,san giorgio bosco,35010,Veneto,Nord-est
SEAT Leon 1.0 TSI 110CV Style,https://www.automobile.it/barzago-seat-leon-1-0-tsi-110cv-style/184277397,15891,5,2021,69127,manuale,Benzina,110,Style,Middle,1.0 TSI,Rivenditore,187,barzago,23890,Lombardia,Nord-ovest
SEAT Leon 1.0 TSI 110CV Style,https://www.automobile.it/milano-seat-leon-1-0-tsi-110cv-style/184277282,15891,5,2021,69127,manuale,Benzina,110,Style,Middle,1.0 TSI,Rivenditore,177,milano,20121,Lombardia,Nord-ovest
SEAT Leon 1.0 TSI 110CV Style,https://www.automobile.it/curno-seat-leon-1-0-tsi-110cv-style/184277312,15891,5,2021,69127,manuale,Benzina,110,Style,Middle,1.0 TSI,Rivenditore,165,curno,24035,Lombardia,Nord-ovest
SEAT Leon 1.0 TSI 110CV Style,https://www.automobile.it/roma-seat-leon-1-0-tsi-110cv-style/184277351,15891,5,2021,69127,manuale,Benzina,110,Style,Middle,1.0 TSI,Rivenditore,326,roma,118,Lazio,Centro
SEAT Leon ST 1.0 eTSI 110 CV DSG Style,https://www.automobile.it/assago-seat-leon-st-1-0-etsi-110-cv-dsg-style/182223194,15900,4,2022,67916,automatico,Ibrido,110,Style,Middle,1.0 eTSI,Rivenditore,177,assago,20057,Lombardia,Nord-ovest
SEAT Leon ST 1.0 eTSI 110 CV DSG Style,https://www.automobile.it/assago-seat-leon-st-1-0-etsi-110-cv-dsg-style/182308163,15900,4,2022,67916,automatico,Ibrido,110,Style,Middle,1.0 eTSI,Rivenditore,177,assago,20057,Lombardia,Nord-ovest
SEAT Leon 1.0 eTSI DSG Business MHEV C/GRIMALDI SPECIAL DAY,https://www.automobile.it/vigevano-seat-leon-1-0-etsi-dsg-business-mhev-grimaldi-special-day/184505849,15900,5,2021,70253,automatico,Ibrido,110,Business,Base,1.0 eTSI,Rivenditore,193,vigevano,27029,Lombardia,Nord-ovest
SEAT Leon SW 2.0 TDI 150cv STYLE DSG - GT432FV,https://www.automobile.it/basiliano-seat-leon-sw-2-0-tdi-150cv-style-dsg-gt432fv/184550412,15900,2,2024,62000,automatico,Diesel,150,Style,Middle,2.0 TDI,Rivenditore,215,basiliano,33031,Friuli-Venezia Giulia,Nord-est
SEAT Leon Leon Sportstourer 1.5 etsi Business 150cv dsg,https://www.automobile.it/altivole-seat-leon-leon-sportstourer-1-5-etsi-business-150cv-dsg/184602782,15900,3,2023,92000,automatico,Ibrido,150,Business,Base,1.5 eTSI,Rivenditore,137,altivole,31030,Veneto,Nord-est
Seat Leon S.W. 2.0 Tdi 150Cv Dsg Style,https://www.automobile.it/latina-seat-leon-s-w-2-0-tdi-150cv-dsg-style/184654264,15900,3,2023,72200,automatico,Diesel,150,Style,Middle,2.0 TDI,Rivenditore,383,latina,4100,Lazio,Centro
Seat Leon S.W. 2.0 Tdi 150Cv Dsg Style,https://www.automobile.it/latina-seat-leon-s-w-2-0-tdi-150cv-dsg-style/184654278,15900,2,2024,58700,automatico,Diesel,150,Style,Middle,2.0 TDI,Rivenditore,383,latina,4100,Lazio,Centro
SEAT Leon 2.0 TDI Style FULL LED,https://www.automobile.it/vigevano-seat-leon-2-0-tdi-style-full-led/184658667,15900,5,2021,72341,manuale,Diesel,115,Style,Middle,2.0 TDI,Rivenditore,193,vigevano,27029,Lombardia,Nord-ovest
SEAT Leon 2.0 TDI Business 115 CV,https://www.automobile.it/vigevano-seat-leon-2-0-tdi-business-115-cv/184658678,15900,4,2022,86856,manuale,Diesel,115,Business,Base,2.0 TDI,Rivenditore,193,vigevano,27029,Lombardia,Nord-ovest
Seat Leon Leon 2.0 tdi Business 150cv AUTOMATICA,https://www.automobile.it/latina-seat-leon-leon-2-0-tdi-business-150cv-automatica/183809939,15990,3,2023,72162,automatico,Diesel,150,Business,Base,2.0 TDI,Rivenditore,383,latina,4100,Lazio,Centro
SEAT Leon Sportstourer 1.5 eTSI 150 CV DSG Xcellence,https://www.automobile.it/olbia-seat-leon-sportstourer-1-5-etsi-150-cv-dsg-xcellence/180137126,15990,5,2021,75697,automatico,Ibrido,150,Xcellence,Middle,1.5 eTSI,Rivenditore,436,olbia,7026,Sardegna,Isole
Seat Leon 2.0 TDI 150 CV DSG Style,https://www.automobile.it/settimo-torinese-seat-leon-2-0-tdi-150-cv-dsg-style/184414549,15990,2,2024,64000,automatico,Diesel,150,Style,Middle,2.0 TDI,Rivenditore,270,settimo torinese,10036,Piemonte,Nord-ovest
SEAT Leon Sportstourer 1.5 eTSI 150 CV DSG Xcellence,https://www.automobile.it/spinea-seat-leon-sportstourer-1-5-etsi-150-cv-dsg-xcellence/184319506,15990,5,2021,99850,automatico,Ibrido,150,Xcellence,Middle,1.5 eTSI,Rivenditore,122,spinea,30038,Veneto,Nord-est
Seat Leon Sportstourer 2.0 TDI 150 CV DSG Style,https://www.automobile.it/gattatico-seat-leon-sportstourer-2-0-tdi-150-cv-dsg-style/184629383,15999,4,2022,99000,automatico,Diesel,150,Style,Middle,2.0 TDI,Rivenditore,54,gattatico,42043,Emilia-Romagna,Nord-est
Seat Leon 2.0 TDI 150 CV DSG Style,https://www.automobile.it/rende-seat-leon-2-0-tdi-150-cv-dsg-style/184480828,16000,5,2021,70000,automatico,Diesel,150,Style,Middle,2.0 TDI,Rivenditore,724,rende,87036,Calabria,Sud
Seat Leon ST Business DSG BR570314 1.5 Mild Hybrid 150CV,https://www.automobile.it/reggio-emilia-seat-leon-st-business-dsg-br570314-1-5-mild-hybrid-150cv/184629444,16290,3,2023,90369,automatico,Ibrido,150,Business,Base,1.5 eTSI,Rivenditore,40,reggio emilia,42121,Emilia-Romagna,Nord-est
Seat Leon ST Business DSG BR570314 1.5 Mild Hybrid 150CV,https://www.automobile.it/cinisello-balsamo-seat-leon-st-business-dsg-br570314-1-5-mild-hybrid-150cv/184629436,16290,3,2023,90369,automatico,Ibrido,150,Business,Base,1.5 eTSI,Rivenditore,180,cinisello balsamo,20092,Lombardia,Nord-ovest
SEAT Leon Sportstourer 1.5 eTSI 150 CV DSG Xcellence,https://www.automobile.it/olbia-seat-leon-sportstourer-1-5-etsi-150-cv-dsg-xcellence/180137110,16400,5,2021,70000,automatico,Ibrido,150,Xcellence,Middle,1.5 eTSI,Rivenditore,436,olbia,7026,Sardegna,Isole
SEAT Leon Sportstourer 1.5 eTSI 150 CV DSG Xcellence,https://www.automobile.it/olbia-seat-leon-sportstourer-1-5-etsi-150-cv-dsg-xcellence/180137125,16400,5,2021,68116,automatico,Ibrido,150,Xcellence,Middle,1.5 eTSI,Rivenditore,436,olbia,7026,Sardegna,Isole
SEAT Leon 1.5 tsi fr 150cv del 2021,https://www.automobile.it/limena-seat-leon-1-5-tsi-fr-150cv-2021/183626460,16400,5,2021,122000,manuale,Benzina,150,FR,Sport,1.5 TSI,Rivenditore,106,limena,35010,Veneto,Nord-est
Seat Leon 1.5 TGI DSG Business,https://www.automobile.it/civitanova-marche-seat-leon-1-5-tgi-dsg-business/183939495,16500,4,2022,127000,automatico,Metano,130,Business,Base,1.5 TGI,Rivenditore,257,civitanova marche,62012,Marche,Centro
SEAT Leon 2.0 TDI 150 CV DSG Style PREZZO REALE!,https://www.automobile.it/torino-seat-leon-2-0-tdi-150-cv-dsg-style-prezzo-reale/184536817,16500,2,2024,49000,automatico,Diesel,150,Style,Middle,2.0 TDI,Rivenditore,276,torino,10121,Piemonte,Nord-ovest
SEAT Leon 1.5 TGI Style Metano della Casa,https://www.automobile.it/oderzo-seat-leon-1-5-tgi-style-metano-casa/183765382,16900,4,2022,79890,manuale,Metano,130,Style,Middle,1.5 TGI,Rivenditore,163,oderzo,31046,Veneto,Nord-est
SEAT Leon 1.0 eTSI DSG Business MHEV,https://www.automobile.it/vigevano-seat-leon-1-0-etsi-dsg-business-mhev/184505808,16900,5,2021,70253,automatico,Ibrido,110,Business,Base,1.0 eTSI,Rivenditore,193,vigevano,27029,Lombardia,Nord-ovest
Seat Leon Sportstourer 2.0 TDI 150 CV DSG Style,https://www.automobile.it/monte-san-vito-seat-leon-sportstourer-2-0-tdi-150-cv-dsg-style/184573711,16900,2,2024,60000,automatico,Diesel,150,Style,Middle,2.0 TDI,Rivenditore,207,monte san vito,60037,Marche,Centro
Seat Leon Sportstourer 2.0 TDI 150 CV DSG Business,https://www.automobile.it/agrigento-seat-leon-sportstourer-2-0-tdi-150-cv-dsg-business/184522787,16900,3,2023,74000,automatico,Diesel,150,Business,Base,2.0 TDI,Rivenditore,842,agrigento,92100,Sicilia,Isole
Seat Leon Sportstourer 2.0 TDI 150 CV DSG Style,https://www.automobile.it/verona-seat-leon-sportstourer-2-0-tdi-150-cv-dsg-style/184605955,16900,4,2022,86449,automatico,Diesel,150,Style,Middle,2.0 TDI,Rivenditore,86,verona,37121,Veneto,Nord-est
Seat Leon Sportstourer 2.0 TDI Business,https://www.automobile.it/nardo-seat-leon-sportstourer-2-0-tdi-business/184660506,16900,3,2023,69818,manuale,Diesel,115,Business,Base,2.0 TDI,Rivenditore,755,nardo,73048,Puglia,Sud
"SEAT LEON SPORTSTOURER 2.0 STYLE TDI 116 CV - FULL LED, VIRTUAL COCKPIT, NEOPATENTATI",https://www.automobile.it/brescello-seat-leon-sportstourer-2-0-style-tdi-116-cv-full-led-virtual-cockpit-neopatentati/184592206,16999,3,2023,67000,manuale,Diesel,116,Style,Middle,,Rivenditore,55,brescello,42041,Emilia-Romagna,Nord-est
SEAT Leon Leon Sportstourer 1.5 etsi Business 150cv dsg,https://www.automobile.it/altivole-seat-leon-leon-sportstourer-1-5-etsi-business-150cv-dsg/184132683,17000,3,2023,92000,automatico,Ibrido,150,Business,Base,1.5 eTSI,Rivenditore,137,altivole,31030,Veneto,Nord-est
SEAT Leon 1.5 eTSI 150 CV DSG Xcellence,https://www.automobile.it/olbia-seat-leon-1-5-etsi-150-cv-dsg-xcellence/180137121,17300,5,2021,71481,automatico,Ibrido,150,Xcellence,Middle,1.5 eTSI,Rivenditore,436,olbia,7026,Sardegna,Isole
SEAT Leon 2.0 TDI 110KW BUSINESS DSG,https://www.automobile.it/bordano-seat-leon-2-0-tdi-110kw-business-dsg/184420702,17450,4,2022,86239,automatico,Diesel,150,Business,Base,2.0 TDI,Rivenditore,239,bordano,33010,Friuli-Venezia Giulia,Nord-est
Seat Leon Sportstourer 2.0 TDI 150 CV DSG Style,https://www.automobile.it/calderara-reno-seat-leon-sportstourer-2-0-tdi-150-cv-dsg-style/184031713,17500,2,2024,85559,automatico,Diesel,150,Style,Middle,2.0 TDI,Rivenditore,15,calderara reno,40012,Emilia-Romagna,Nord-est
Seat Leon 1.5 TGI DSG FR,https://www.automobile.it/cesena-seat-leon-1-5-tgi-dsg-fr/184447884,17500,5,2021,70850,automatico,Metano,130,FR,Sport,1.5 TGI,Rivenditore,106,cesena,47521,Emilia-Romagna,Nord-est
Seat Leon Sportstourer 1.5 TGI DSG Business,https://www.automobile.it/pollenza-seat-leon-sportstourer-1-5-tgi-dsg-business/184501407,17550,3,2023,119000,automatico,Metano,130,Business,Base,1.5 TGI,Rivenditore,235,pollenza,62010,Marche,Centro
Seat Leon Sportstourer 1.5 TGI DSG Business,https://www.automobile.it/pollenza-seat-leon-sportstourer-1-5-tgi-dsg-business/184510726,17550,3,2023,119000,automatico,Metano,130,Business,Base,1.5 TGI,Rivenditore,235,pollenza,62010,Marche,Centro
SEAT Leon Sportstourer 2.0 TDI 150 CV DSG Style,https://www.automobile.it/maniago-seat-leon-sportstourer-2-0-tdi-150-cv-dsg-style/184374172,17800,2,2024,56000,automatico,Diesel,150,Style,Middle,2.0 TDI,Rivenditore,207,maniago,33085,Friuli-Venezia Giulia,Nord-est
Seat Leon Sportstourer 2.0 TDI 150 CV DSG Style,https://www.automobile.it/viadana-seat-leon-sportstourer-2-0-tdi-150-cv-dsg-style/184617900,17800,3,2023,75000,automatico,Diesel,150,Style,Middle,2.0 TDI,Rivenditore,56,viadana,46019,Lombardia,Nord-ovest
SEAT Leon Sportstourer 1.0 eTSI 110 CV DSG Style,https://www.automobile.it/cagliari-seat-leon-sportstourer-1-0-etsi-110-cv-dsg-style/182950772,17900,4,2022,38500,automatico,Ibrido,110,Style,Middle,1.0 eTSI,Rivenditore,628,cagliari,9121,Sardegna,Isole
SEAT Leon FR 2.0 TDI 150CV DSG,https://www.automobile.it/borgetto-seat-leon-fr-2-0-tdi-150cv-dsg/184393014,17900,4,2022,110441,automatico,Diesel,150,FR,Sport,2.0 TDI,Rivenditore,753,borgetto,90042,Sicilia,Isole
Seat Leon 2.0 tdi Business 115cv,https://www.automobile.it/verona-seat-leon-2-0-tdi-business-115cv/184477567,17900,2,2024,79000,manuale,Diesel,115,Business,Base,2.0 TDI,Rivenditore,86,verona,37121,Veneto,Nord-est
SEAT Leon 2.0 tdi Style 150cv dsg,https://www.automobile.it/sarteano-seat-leon-2-0-tdi-style-150cv-dsg/183123678,17900,3,2023,80500,automatico,Diesel,150,Style,Middle,2.0 TDI,Rivenditore,195,sarteano,53047,Toscana,Centro
Seat Leon 2.0 TDI 150 CV DSG Xcellence,https://www.automobile.it/fara-vicentino-seat-leon-2-0-tdi-150-cv-dsg-xcellence/183061406,17990,5,2021,67000,automatico,Diesel,150,Xcellence,Middle,2.0 TDI,Rivenditore,123,fara vicentino,36030,Veneto,Nord-est
Seat Leon 1.0 tsi Style 90cv,https://www.automobile.it/alghero-seat-leon-1-0-tsi-style-90cv/181339372,18000,4,2022,59000,manuale,Benzina,90,Style,Middle,1.0 TSI,Rivenditore,511,alghero,7041,Sardegna,Isole
SEAT Leon 1.5 eTSI 150 CV DSG Business,https://www.automobile.it/collesalvetti-seat-leon-1-5-etsi-150-cv-dsg-business/184529464,18199,4,2022,74102,automatico,Ibrido,150,Business,Base,1.5 eTSI,Rivenditore,130,collesalvetti,57014,Toscana,Centro
SEAT Leon 1.5 eTSI 150 CV DSG Business,https://www.automobile.it/milano-seat-leon-1-5-etsi-150-cv-dsg-business/184533401,18199,4,2022,74102,automatico,Ibrido,150,Business,Base,1.5 eTSI,Rivenditore,177,milano,20121,Lombardia,Nord-ovest
SEAT Leon 1.5 eTSI 150 CV DSG Business,https://www.automobile.it/bari-seat-leon-1-5-etsi-150-cv-dsg-business/184533212,18199,4,2022,74102,automatico,Ibrido,150,Business,Base,1.5 eTSI,Rivenditore,611,bari,70121,Puglia,Sud
SEAT Leon 1.5 eTSI 150 CV DSG Business,https://www.automobile.it/casoria-seat-leon-1-5-etsi-150-cv-dsg-business/184532347,18199,4,2022,74102,automatico,Ibrido,150,Business,Base,1.5 eTSI,Rivenditore,490,casoria,80026,Campania,Sud
SEAT Leon 1.5 eTSI 150 CV DSG Business,https://www.automobile.it/verona-seat-leon-1-5-etsi-150-cv-dsg-business/184531997,18199,4,2022,74102,automatico,Ibrido,150,Business,Base,1.5 eTSI,Rivenditore,86,verona,37121,Veneto,Nord-est
SEAT Leon 1.5 eTSI 150 CV DSG Business,https://www.automobile.it/sassari-seat-leon-1-5-etsi-150-cv-dsg-business/184532750,18199,4,2022,74102,automatico,Ibrido,150,Business,Base,1.5 eTSI,Rivenditore,485,sassari,7100,Sardegna,Isole
SEAT Leon 1.5 eTSI 150 CV DSG Business,https://www.automobile.it/firenze-seat-leon-1-5-etsi-150-cv-dsg-business/184533166,18199,4,2022,74102,automatico,Ibrido,150,Business,Base,1.5 eTSI,Rivenditore,99,firenze,50121,Toscana,Centro
SEAT Leon 1.5 eTSI 150 CV DSG Business,https://www.automobile.it/cagliari-seat-leon-1-5-etsi-150-cv-dsg-business/184532595,18199,4,2022,74102,automatico,Ibrido,150,Business,Base,1.5 eTSI,Rivenditore,628,cagliari,9121,Sardegna,Isole
SEAT Leon 1.5 eTSI 150 CV DSG Business,https://www.automobile.it/bologna-seat-leon-1-5-etsi-150-cv-dsg-business/184532783,18199,4,2022,74102,automatico,Ibrido,150,Business,Base,1.5 eTSI,Rivenditore,25,bologna,40121,Emilia-Romagna,Nord-est
SEAT Leon 1.5 eTSI 150 CV DSG Business,https://www.automobile.it/palermo-seat-leon-1-5-etsi-150-cv-dsg-business/184533680,18199,4,2022,74102,automatico,Ibrido,150,Business,Base,1.5 eTSI,Rivenditore,750,palermo,90121,Sicilia,Isole
Seat Leon 1.5 TGI DSG FR,https://www.automobile.it/chiaravalle-seat-leon-1-5-tgi-dsg-fr/184402939,18400,5,2021,91000,automatico,Metano,130,FR,Sport,1.5 TGI,Rivenditore,211,chiaravalle,60033,Marche,Centro
Seat Leon Berlina 2.0 150 CV DSG Business,https://www.automobile.it/viadana-seat-leon-berlina-2-0-150-cv-dsg-business/184617861,18490,4,2022,80000,automatico,Diesel,150,Business,Base,,Rivenditore,56,viadana,46019,Lombardia,Nord-ovest
Seat Leon Sportstourer 2.0 TDI 150 CV DSG Style,https://www.automobile.it/rivignano-teor-seat-leon-sportstourer-2-0-tdi-150-cv-dsg-style/184448338,18500,2,2024,50000,automatico,Diesel,150,Style,Middle,2.0 TDI,Rivenditore,201,rivignano teor,33061,Friuli-Venezia Giulia,Nord-est
Seat Leon Sportstourer 2.0 TDI 150 CV DSG FR,https://www.automobile.it/parma-seat-leon-sportstourer-2-0-tdi-150-cv-dsg-fr/184617694,18500,2,2024,59000,automatico,Diesel,150,FR,Sport,2.0 TDI,Rivenditore,65,parma,43121,Emilia-Romagna,Nord-est
SEAT Leon 1.4 e-HYBRID 204 CV DSG FR,https://www.automobile.it/ferentino-seat-leon-1-4-hybrid-204-cv-dsg-fr/184620130,18500,5,2021,76300,automatico,Ibrido,204,FR,Sport,e-Hybrid,Rivenditore,372,ferentino,3013,Lazio,Centro
SEAT Leon 4ª serie - Leon 1.5 TGI DSG FR,https://www.automobile.it/ancona-seat-leon-4-serie-leon-1-5-tgi-dsg-fr/183689534,18900,5,2021,97450,automatico,Metano,130,FR,Sport,1.5 TGI,Rivenditore,223,ancona,60121,Marche,Centro
SEAT Leon 1.5 TGI DSG Style,https://www.automobile.it/treviso-seat-leon-1-5-tgi-dsg-style/182039233,19500,4,2022,34000,automatico,Metano,130,Style,Middle,1.5 TGI,Rivenditore,141,treviso,31100,Veneto,Nord-est
Seat Leon 1.0 etsi FR 110cv dsg,https://www.automobile.it/rovigo-seat-leon-1-0-etsi-fr-110cv-dsg/183444027,19900,3,2023,29900,automatico,Ibrido,110,FR,Sport,1.0 eTSI,Rivenditore,68,rovigo,45100,Veneto,Nord-est
Seat Leon Sportstourer 1.5 TGI Business,https://www.automobile.it/macerata-seat-leon-sportstourer-1-5-tgi-business/183327603,19950,4,2022,40000,manuale,Metano,130,Business,Base,1.5 TGI,Rivenditore,239,macerata,62100,Marche,Centro
SEAT LEON 2.0 TDI FR neopatentati km 33.000,https://www.automobile.it/trento-seat-leon-2-0-tdi-fr-neopatentati-km-33-000/184311572,20000,2,2024,33000,manuale,Diesel,115,FR,Sport,2.0 TDI,Rivenditore,156,trento,38121,Trentino-Alto Adige/Südtirol,Nord-est
SEAT LEON 2.0 TDI FR neopatentati km 33.000,https://www.automobile.it/trento-seat-leon-2-0-tdi-fr-neopatentati-km-33-000/184466445,20000,2,2024,33000,manuale,Diesel,115,FR,Sport,2.0 TDI,Rivenditore,156,trento,38121,Trentino-Alto Adige/Südtirol,Nord-est
SEAT Leon Leon 1.5 etsi FR 150cv dsg - PHEV - Pari al nuovo,https://www.automobile.it/rho-seat-leon-leon-1-5-etsi-fr-150cv-dsg-phev-pari-nuovo/184445194,20490,2,2024,63803,automatico,Ibrido,150,FR,Sport,1.5 eTSI,Rivenditore,190,rho,20017,Lombardia,Nord-ovest
SEAT Leon 4ª serie Leon 1.5 eTSI 150 CV DSG FR,https://www.automobile.it/molteno-seat-leon-4-serie-leon-1-5-etsi-150-cv-dsg-fr/184489131,20700,3,2023,32100,automatico,Ibrido,150,FR,Sport,1.5 eTSI,Rivenditore,189,molteno,23847,Lombardia,Nord-ovest
Seat Leon Sportstourer 1.0 TSI 110 CV Style,https://www.automobile.it/rosta-seat-leon-sportstourer-1-0-tsi-110-cv-style/183044302,20900,2,2024,6000,manuale,Benzina,110,Style,Middle,1.0 TSI,Rivenditore,293,rosta,10090,Piemonte,Nord-ovest
Seat Leon 1.5 hybrid Style 116cv dsg,https://www.automobile.it/liscate-seat-leon-1-5-hybrid-style-116cv-dsg/183266646,20990,1,2025,22000,automatico,Ibrido,116,Style,Middle,1.5 eTSI,Rivenditore,163,liscate,20050,Lombardia,Nord-ovest
Seat Leon Sportstourer 1.5 TGI DSG FR TETTO PANORAMICO,https://www.automobile.it/castelfidardo-seat-leon-sportstourer-1-5-tgi-dsg-fr-tetto-panoramico/183827341,20999,5,2021,59880,automatico,Metano,130,FR,Sport,1.5 TGI,Rivenditore,234,castelfidardo,60022,Marche,Centro
SEAT LEON 1.5 ETSI 110 KW FR DSG 5 PORTE BERLINA,https://www.automobile.it/firenze-seat-leon-1-5-etsi-110-kw-fr-dsg-5-porte-berlina/184609346,21400,3,2023,56286,automatico,Ibrido,150,FR,Sport,1.5 eTSI,Rivenditore,99,firenze,50121,Toscana,Centro
SEAT LEON 1.5 ETSI 110 KW FR DSG 5 PORTE BERLINA,https://www.automobile.it/verona-seat-leon-1-5-etsi-110-kw-fr-dsg-5-porte-berlina/184609294,21400,3,2023,56286,automatico,Ibrido,150,FR,Sport,1.5 eTSI,Rivenditore,86,verona,37121,Veneto,Nord-est
SEAT LEON 1.5 ETSI 110 KW FR DSG 5 PORTE BERLINA,https://www.automobile.it/bentivoglio-seat-leon-1-5-etsi-110-kw-fr-dsg-5-porte-berlina/184609173,21400,3,2023,56286,automatico,Ibrido,150,FR,Sport,1.5 eTSI,Rivenditore,22,bentivoglio,40010,Emilia-Romagna,Nord-est
SEAT LEON 1.5 ETSI 110 KW FR DSG 5 PORTE BERLINA,https://www.automobile.it/roma-seat-leon-1-5-etsi-110-kw-fr-dsg-5-porte-berlina/184609158,21400,3,2023,56286,automatico,Ibrido,150,FR,Sport,1.5 eTSI,Rivenditore,326,roma,118,Lazio,Centro
SEAT LEON 1.5 ETSI 110 KW FR DSG 5 PORTE BERLINA,https://www.automobile.it/pozzuoli-seat-leon-1-5-etsi-110-kw-fr-dsg-5-porte-berlina/184609344,21400,3,2023,56286,automatico,Ibrido,150,FR,Sport,1.5 eTSI,Rivenditore,488,pozzuoli,80078,Campania,Sud
Seat Leon 2.0 TDI 150 CV DSG Style,https://www.automobile.it/ferrara-seat-leon-2-0-tdi-150-cv-dsg-style/183791167,21900,1,2025,20000,automatico,Diesel,150,Style,Middle,2.0 TDI,Rivenditore,42,ferrara,44121,Emilia-Romagna,Nord-est
SEAT Leon 1.5 TSI 150 CV FR,https://www.automobile.it/pace-mela-seat-leon-1-5-tsi-150-cv-fr/184186694,22500,3,2023,36000,manuale,Benzina,150,FR,Sport,1.5 TSI,Rivenditore,799,pace mela,98042,Sicilia,Isole
SEAT Leon 1.0 etsi Business 110cv dsg,https://www.automobile.it/san-giovanni-teatino-seat-leon-1-0-etsi-business-110cv-dsg/179825683,25500,1,2025,5,automatico,Ibrido,110,Business,Base,1.0 eTSI,Rivenditore,350,san giovanni teatino,66020,Abruzzo,Sud
SEAT Leon IV 2020 Sportstourer - Leon Sportstourer 2.0 tdi Business 150cv dsg,https://www.automobile.it/misterbianco-seat-leon-iv-2020-sportstourer-leon-sportstourer-2-0-tdi-business-150cv-dsg/184661756,25500,2,2024,100,automatico,Diesel,150,Business,Base,2.0 TDI,Rivenditore,857,misterbianco,95045,Sicilia,Isole
SEAT Leon 2.0 TDI 85KW STYLE,https://www.automobile.it/potenza-seat-leon-2-0-tdi-85kw-style/183588875,27000,0,2026,6,manuale,Diesel,116,Style,Middle,2.0 TDI,Rivenditore,588,potenza,85100,Basilicata,Sud
SEAT Leon IV 2020 - Leon 2.0 tdi FR 150cv dsg,https://www.automobile.it/misterbianco-seat-leon-iv-2020-leon-2-0-tdi-fr-150cv-dsg/183930156,27900,2,2024,18981,automatico,Diesel,150,FR,Sport,2.0 TDI,Rivenditore,857,misterbianco,95045,Sicilia,Isole
SEAT Leon 2.0 tdi Business 150cv dsg,https://www.automobile.it/san-giovanni-teatino-seat-leon-2-0-tdi-business-150cv-dsg/181041543,27900,1,2025,5,automatico,Diesel,150,Business,Base,2.0 TDI,Rivenditore,350,san giovanni teatino,66020,Abruzzo,Sud
SEAT Leon 2.0 tdi FR 150cv dsg,https://www.automobile.it/san-giovanni-teatino-seat-leon-2-0-tdi-fr-150cv-dsg/184431038,28300,1,2025,6,automatico,Diesel,150,FR,Sport,2.0 TDI,Rivenditore,350,san giovanni teatino,66020,Abruzzo,Sud
SEAT Leon 2.0 tdi FR 150cv dsg,https://www.automobile.it/san-giovanni-teatino-seat-leon-2-0-tdi-fr-150cv-dsg/184541345,28300,1,2025,6,automatico,Diesel,150,FR,Sport,2.0 TDI,Rivenditore,350,san giovanni teatino,66020,Abruzzo,Sud
SEAT Leon ST 2.0 TDI 150CV DSG Business,https://www.subito.it/auto/seat-leon-st-2-0-tdi-150cv-dsg-business-messina-662627883.htm,18500,3,2023,62680,automatico,Diesel,150,Business,Base,2.0 TDI,Rivenditore,787,torrenova,98070,Sicilia,Isole
Seat Leon Sportstourer 2.0 TDI Style,https://www.subito.it/auto/seat-leon-sportstourer-2-0-tdi-style-torino-637000164.htm,15490,3,2023,98000,manuale,Diesel,115,Style,Middle,2.0 TDI,Rivenditore,276,torino,10121,Piemonte,Nord-ovest
Seat Leon sportstourer 2.0 tdi fr 150cv dsg,https://www.subito.it/auto/seat-leon-sportstourer-2-0-tdi-fr-150cv-dsg-padova-652931563.htm,29900,1,2025,0,automatico,Diesel,150,FR,Sport,2.0 TDI,Rivenditore,101,padova,35121,Veneto,Nord-est
SEAT Leon IV 2020 - Leon 2.0 tdi FR 115cv U35939,https://www.subito.it/auto/seat-leon-iv-2020-leon-2-0-tdi-fr-115cv-u35939-catania-663972256.htm,23900,3,2023,12680,manuale,Diesel,115,FR,Sport,2.0 TDI,Rivenditore,857,misterbianco,95045,Sicilia,Isole
SEAT Leon 2.0 tdi fr 150cv dsg,https://www.subito.it/auto/seat-leon-2-0-tdi-fr-150cv-dsg-vicenza-663515676.htm,25900,1,2025,12283,automatico,Diesel,150,FR,Sport,2.0 TDI,Rivenditore,103,vicenza,36100,Veneto,Nord-est
SEAT LEON ST 1.0 TSI 66 KW BUSINESS STATION WAGON,https://www.subito.it/auto/seat-leon-st-1-0-tsi-66-kw-business-station-wagon-verona-663933369.htm,11800,5,2021,97010,manuale,Benzina,90,Business,Base,1.0 TSI,Rivenditore,86,verona,37121,Veneto,Nord-est
SEAT LEON ST 1.0 TSI 66 KW BUSINESS STATION WAGON,https://www.subito.it/auto/seat-leon-st-1-0-tsi-66-kw-business-station-wagon-firenze-663933258.htm,11800,5,2021,97010,manuale,Benzina,90,Business,Base,1.0 TSI,Rivenditore,99,firenze,50121,Toscana,Centro
SEAT LEON ST 1.0 TSI 66 KW BUSINESS STATION WAGON,https://www.subito.it/auto/seat-leon-st-1-0-tsi-66-kw-business-station-wagon-napoli-663933193.htm,11800,5,2021,97010,manuale,Benzina,90,Business,Base,1.0 TSI,Rivenditore,488,pozzuoli,80078,Campania,Sud
SEAT LEON ST 1.0 TSI 66 KW BUSINESS STATION WAGON,https://www.subito.it/auto/seat-leon-st-1-0-tsi-66-kw-business-station-wagon-roma-663932117.htm,11800,5,2021,97010,manuale,Benzina,90,Business,Base,1.0 TSI,Rivenditore,326,roma,118,Lazio,Centro
SEAT LEON ST 1.0 TSI 66 KW BUSINESS STATION WAGON,https://www.subito.it/auto/seat-leon-st-1-0-tsi-66-kw-business-station-wagon-bologna-663932003.htm,11800,5,2021,97010,manuale,Benzina,90,Business,Base,1.0 TSI,Rivenditore,22,bentivoglio,40010,Emilia-Romagna,Nord-est
Seat Leon 1.0 tsi Style 90cv,https://www.subito.it/auto/seat-leon-1-0-tsi-style-90cv-sassari-642502581.htm,18000,4,2022,59000,manuale,Benzina,90,Style,Middle,1.0 TSI,Rivenditore,485,sassari,7100,Sardegna,Isole
Seat Leon 2.0 TDI 150 CV DSG FR,https://www.subito.it/auto/seat-leon-2-0-tdi-150-cv-dsg-fr-napoli-649663467.htm,14190,4,2022,130000,automatico,Diesel,150,FR,Sport,2.0 TDI,Rivenditore,521,gragnano,80054,Campania,Sud
SEAT Leon 2.0 TDI 150 CV DSG Style PREZZO REALE,https://www.subito.it/auto/seat-leon-2-0-tdi-150-cv-dsg-style-prezzo-reale-torino-662547056.htm,15800,2,2024,68675,automatico,Diesel,150,Style,Middle,2.0 TDI,Rivenditore,276,torino,10121,Piemonte,Nord-ovest
Seat Leon 1.5 tsi fr 116cv,https://www.subito.it/auto/seat-leon-1-5-tsi-fr-116cv-padova-652931571.htm,26900,1,2025,0,manuale,Benzina,116,FR,Sport,1.5 TSI,Rivenditore,101,padova,35121,Veneto,Nord-est
Seat Leon Sportstourer 2.0 TDI 150 CV DSG Style,https://www.subito.it/auto/seat-leon-sportstourer-2-0-tdi-150-cv-dsg-style-torino-663920269.htm,13500,3,2023,87382,automatico,Diesel,150,Style,Middle,2.0 TDI,Rivenditore,276,torino,10121,Piemonte,Nord-ovest
Seat Leon 2.0 TDI Business 116cv (85kw),https://www.subito.it/auto/seat-leon-2-0-tdi-business-116cv-85kw-lecce-663904752.htm,14990,4,2022,141000,manuale,Diesel,116,Business,Base,2.0 TDI,Privato,750,lecce,73100,Puglia,Sud
Seat Leon Sportstourer 2.0 TDI 150 CV DSG Style,https://www.subito.it/auto/seat-leon-sportstourer-2-0-tdi-150-cv-dsg-style-rovigo-663883976.htm,13000,3,2023,63600,automatico,Diesel,150,Style,Middle,2.0 TDI,Rivenditore,75,villadose,45010,Veneto,Nord-est
Seat Leon 2.0 TDI 150 CV DSG Style,https://www.subito.it/auto/seat-leon-2-0-tdi-150-cv-dsg-style-udine-663877489.htm,12900,4,2022,159000,automatico,Diesel,150,Style,Middle,2.0 TDI,Rivenditore,232,tricesimo,33019,Friuli-Venezia Giulia,Nord-est
Seat Leon Sportstourer 2.0 TDI Business,https://www.subito.it/auto/seat-leon-sportstourer-2-0-tdi-business-lecce-663874385.htm,16900,3,2023,69818,manuale,Diesel,115,Business,Base,2.0 TDI,Rivenditore,755,nardo,73048,Puglia,Sud
Seat Leon 1.5 hybrid fr 116cv dsg,https://www.subito.it/auto/seat-leon-1-5-hybrid-fr-116cv-dsg-padova-643453848.htm,28900,1,2025,0,automatico,Ibrido,116,FR,Sport,1.5 eTSI,Rivenditore,101,padova,35121,Veneto,Nord-est
SEAT Leon 2.0 TDI 150CV DSG Style,https://www.subito.it/auto/seat-leon-2-0-tdi-150cv-dsg-style-brindisi-647576118.htm,15500,5,2021,112000,automatico,Diesel,150,Style,Middle,2.0 TDI,Rivenditore,695,san michele salentino,72018,Puglia,Sud
Seat Leon Sportstourer 1.5 eTSI 150 CV DSG FR,https://www.subito.it/auto/seat-leon-sportstourer-1-5-etsi-150-cv-dsg-fr-pavia-651879546.htm,11990,5,2021,141840,automatico,Ibrido,150,FR,Sport,1.5 eTSI,Rivenditore,154,broni,27043,Lombardia,Nord-ovest
SEAT Leon 2.0 TDI Business 115 CV,https://www.subito.it/auto/seat-leon-2-0-tdi-business-115-cv-pavia-663834148.htm,15900,4,2022,86856,manuale,Diesel,115,Business,Base,2.0 TDI,Rivenditore,193,vigevano,27029,Lombardia,Nord-ovest
SEAT Leon sportstourer 2.0 tdi business 115cv,https://www.subito.it/auto/seat-leon-sportstourer-2-0-tdi-business-115cv-vicenza-663515182.htm,14500,4,2022,106196,manuale,Diesel,115,Business,Base,2.0 TDI,Rivenditore,103,vicenza,36100,Veneto,Nord-est
SEAT LEON ST 1.0 TSI 66 KW BUSINESS STATION WAGON,https://www.subito.it/auto/seat-leon-st-1-0-tsi-66-kw-business-station-wagon-napoli-663799098.htm,12900,4,2022,91386,manuale,Benzina,90,Business,Base,1.0 TSI,Rivenditore,488,pozzuoli,80078,Campania,Sud
SEAT LEON ST 1.0 TSI 66 KW BUSINESS STATION WAGON,https://www.subito.it/auto/seat-leon-st-1-0-tsi-66-kw-business-station-wagon-roma-663797519.htm,12900,4,2022,91386,manuale,Benzina,90,Business,Base,1.0 TSI,Rivenditore,326,roma,118,Lazio,Centro
SEAT Leon Sportstourer 2.0 TDI 150 CV DSG Style,https://www.subito.it/auto/seat-leon-sportstourer-2-0-tdi-150-cv-dsg-style-roma-659199292.htm,15500,3,2023,76316,automatico,Diesel,150,Style,Middle,2.0 TDI,Rivenditore,326,roma,118,Lazio,Centro
Seat Leon Sportstourer 2.0 TDI 150 CV DSG Style,https://www.subito.it/auto/seat-leon-sportstourer-2-0-tdi-150-cv-dsg-style-reggio-emilia-663415826.htm,15999,4,2022,99000,automatico,Diesel,150,Style,Middle,2.0 TDI,Rivenditore,54,gattatico,42043,Emilia-Romagna,Nord-est
Seat Leon ST 2.0 TDI Business *IVA DEDUCIBILE*,https://www.subito.it/auto/seat-leon-st-2-0-tdi-business-iva-deducibile-monza-651399781.htm,13500,3,2023,79115,manuale,Diesel,115,Business,Base,2.0 TDI,Rivenditore,194,lentate sul seveso,20823,Lombardia,Nord-ovest
SEAT Leon IV 2020 Leon 1.0 tsi Style 110cv,https://www.subito.it/auto/seat-leon-iv-2020-leon-1-0-tsi-style-110cv-lecco-657075557.htm,15891,5,2021,69127,manuale,Benzina,110,Style,Middle,1.0 TSI,Rivenditore,187,barzago,23890,Lombardia,Nord-ovest
Seat Leon Sportstourer 1.5 TGI DSG FR TETTO PANORA,https://www.subito.it/auto/seat-leon-sportstourer-1-5-tgi-dsg-fr-tetto-panora-ancona-650210642.htm,20999,5,2021,59880,automatico,Benzina,130,FR,Sport,1.5 TGI,Rivenditore,234,castelfidardo,60022,Marche,Centro
SEAT Leon Sportstourer 2.0 TDI Style,https://www.subito.it/auto/seat-leon-sportstourer-2-0-tdi-style-roma-655785742.htm,13900,3,2023,78100,manuale,Diesel,115,Style,Middle,2.0 TDI,Rivenditore,326,roma,118,Lazio,Centro
SEAT Leon 1.5 hybrid Business 116cv dsg,https://www.subito.it/auto/seat-leon-1-5-hybrid-business-116cv-dsg-palermo-648211100.htm,26600,0,2026,0,automatico,Ibrido,116,Business,Base,1.5 eTSI,Rivenditore,750,palermo,90121,Sicilia,Isole
SEAT Leon Sportstourer 2.0 TDI Style 115CV,https://www.subito.it/auto/seat-leon-sportstourer-2-0-tdi-style-115cv-torino-661148995.htm,14500,3,2023,60926,manuale,Diesel,115,Style,Middle,2.0 TDI,Rivenditore,276,torino,10121,Piemonte,Nord-ovest
Seat Leon S.W. 2.0 Tdi 150Cv Dsg Style,https://www.subito.it/auto/seat-leon-s-w-2-0-tdi-150cv-dsg-style-latina-663779189.htm,15900,2,2024,58700,automatico,Diesel,150,Style,Middle,2.0 TDI,Rivenditore,383,latina,4100,Lazio,Centro
Seat Leon S.W. 2.0 Tdi 150Cv Dsg Style,https://www.subito.it/auto/seat-leon-s-w-2-0-tdi-150cv-dsg-style-latina-663779040.htm,15900,3,2023,72200,automatico,Diesel,150,Style,Middle,2.0 TDI,Rivenditore,383,latina,4100,Lazio,Centro
Seat Leon Sportstourer 2.0 TDI Business,https://www.subito.it/auto/seat-leon-sportstourer-2-0-tdi-business-roma-663772824.htm,14900,2,2024,89500,manuale,Diesel,115,Business,Base,2.0 TDI,Rivenditore,344,marino,47,Lazio,Centro
Seat Leon Sportstourer 2.0 TDI 150 CV DSG Business,https://www.subito.it/auto/seat-leon-sportstourer-2-0-tdi-150-cv-dsg-business-napoli-652446662.htm,8500,2,2024,14000,automatico,Diesel,150,Business,Base,2.0 TDI,Rivenditore,483,qualiano,80019,Campania,Sud
Seat Leon Sportstourer 2.0 TDI 150 CV DSG Style,https://www.subito.it/auto/seat-leon-sportstourer-2-0-tdi-150-cv-dsg-style-roma-661945003.htm,14999,2,2024,59000,automatico,Diesel,150,Style,Middle,2.0 TDI,Rivenditore,326,roma,118,Lazio,Centro
Seat Leon 1.5 eTSI 150 CV DSG Business,https://www.subito.it/auto/seat-leon-1-5-etsi-150-cv-dsg-business-reggio-emilia-663770672.htm,13900,4,2022,100800,automatico,Ibrido,150,Business,Base,1.5 eTSI,Rivenditore,54,montecchio emilia,42027,Emilia-Romagna,Nord-est
Seat Leon 2.0 TDI Style 116 CV CAMBIO MANUALE 6 MA,https://www.subito.it/auto/seat-leon-2-0-tdi-style-116-cv-cambio-manuale-6-ma-torino-656450271.htm,12900,3,2023,72000,manuale,Diesel,116,Style,Middle,2.0 TDI,Rivenditore,279,borgaro torinese,10071,Piemonte,Nord-ovest
Seat Leon 2.0 tdi fr 150cv dsg,https://www.subito.it/auto/seat-leon-2-0-tdi-fr-150cv-dsg-padova-653117919.htm,29900,0,2026,0,automatico,Diesel,150,FR,Sport,2.0 TDI,Rivenditore,101,padova,35121,Veneto,Nord-est
SEAT Leon 1.0 etsi FR 110cv dsg,https://www.subito.it/auto/seat-leon-1-0-etsi-fr-110cv-dsg-bari-659540325.htm,20900,2,2024,34212,automatico,Elettrico,110,FR,Sport,1.0 eTSI,Rivenditore,611,bari,70121,Puglia,Sud
Seat Leon 2.0 TDI 150 CV DSG Style - KM. 57000 - U,https://www.subito.it/auto/seat-leon-2-0-tdi-150-cv-dsg-style-km-57000-u-torino-663381487.htm,15900,2,2024,57000,automatico,Diesel,150,Style,Middle,2.0 TDI,Rivenditore,279,borgaro torinese,10071,Piemonte,Nord-ovest
SEAT Leon Sportstourer 2.0 tdi Style 115cv *IVA ES,https://www.subito.it/auto/seat-leon-sportstourer-2-0-tdi-style-115cv-iva-es-pistoia-663489747.htm,12999,3,2023,130000,manuale,Diesel,115,Style,Middle,2.0 TDI,Rivenditore,83,pistoia,51100,Toscana,Centro
SEAT Leon FR 2.0 TDI 150CV DSG,https://www.subito.it/auto/seat-leon-fr-2-0-tdi-150cv-dsg-palermo-661201190.htm,17900,4,2022,110441,automatico,Diesel,150,FR,Sport,2.0 TDI,Rivenditore,753,borgetto,90042,Sicilia,Isole
SEAT Leon 1.4 e-HYBRID 204 CV DSG FR 2021,https://www.subito.it/auto/seat-leon-1-4-e-hybrid-204-cv-dsg-fr-2021-firenze-660704236.htm,13999,5,2021,98000,automatico,Ibrido,204,FR,Sport,e-Hybrid,Rivenditore,99,firenze,50121,Toscana,Centro
Seat Leon Sportstourer 2.0 TDI 150 CV DSG Style,https://www.subito.it/auto/seat-leon-sportstourer-2-0-tdi-150-cv-dsg-style-rovigo-661215918.htm,13500,2,2024,76000,automatico,Diesel,150,Style,Middle,2.0 TDI,Rivenditore,75,villadose,45010,Veneto,Nord-est
Seat Leon 1.0 TSI Style *SENZA VINCOLI DI FINANZIA,https://www.subito.it/auto/seat-leon-1-0-tsi-style-senza-vincoli-di-finanzia-asti-582591173.htm,18000,5,2021,61630,manuale,Benzina,110,Style,Middle,1.0 TSI,Rivenditore,234,costigliole d asti,14055,Piemonte,Nord-ovest
Seat Leon 1.5 hybrid 116 CV DSG FR,https://www.subito.it/auto/seat-leon-1-5-hybrid-116-cv-dsg-fr-rovigo-643065003.htm,26990,0,2026,0,automatico,Ibrido,116,FR,Sport,1.5 eTSI,Rivenditore,45,occhiobello,45030,Veneto,Nord-est
Seat Leon 2.0 TDI 150 CV DSG Business,https://www.subito.it/auto/seat-leon-2-0-tdi-150-cv-dsg-business-chieti-657678614.htm,15500,3,2023,72500,automatico,Diesel,150,Business,Base,2.0 TDI,Rivenditore,377,lanciano,66034,Abruzzo,Sud
Seat Leon 2.0 116cv TDI Business,https://www.subito.it/auto/seat-leon-2-0-116cv-tdi-business-palermo-663728333.htm,14990,4,2022,141000,manuale,Diesel,116,Business,Base,,Rivenditore,750,palermo,90121,Sicilia,Isole
Seat Leon 2.0 TDI Business PREZZO REALE,https://www.subito.it/auto/seat-leon-2-0-tdi-business-prezzo-reale-reggio-emilia-663671688.htm,14999,4,2022,100000,manuale,Diesel,115,Business,Base,2.0 TDI,Rivenditore,40,reggio emilia,42121,Emilia-Romagna,Nord-est
Seat Leon Sportstourer 2.0 TDI Style,https://www.subito.it/auto/seat-leon-sportstourer-2-0-tdi-style-frosinone-662698878.htm,15500,3,2023,77493,manuale,Diesel,115,Style,Middle,2.0 TDI,Rivenditore,384,sora,3039,Lazio,Centro
Seat Leon Sportstourer 2.0 TDI Business,https://www.subito.it/auto/seat-leon-sportstourer-2-0-tdi-business-vicenza-663642300.htm,11900,4,2022,170000,manuale,Diesel,115,Business,Base,2.0 TDI,Rivenditore,85,sarego,36040,Veneto,Nord-est
SEAT Leon 2.0 TDI Style FULL LED,https://www.subito.it/auto/seat-leon-2-0-tdi-style-full-led-pavia-659434535.htm,15900,5,2021,72341,manuale,Diesel,115,Style,Middle,2.0 TDI,Rivenditore,193,vigevano,27029,Lombardia,Nord-ovest
Seat Leon 1.5 etsi FR 150cv dsg,https://www.subito.it/auto/seat-leon-1-5-etsi-fr-150cv-dsg-monza-661785092.htm,23500,3,2023,47150,automatico,Elettrico,150,FR,Sport,1.5 eTSI,Rivenditore,178,monza,20900,Lombardia,Nord-ovest
SEAT Leon IV 2020 Leon 1.0 tsi Style 110cv,https://www.subito.it/auto/seat-leon-iv-2020-leon-1-0-tsi-style-110cv-bergamo-657075513.htm,15891,5,2021,69127,manuale,Benzina,110,Style,Middle,1.0 TSI,Rivenditore,165,curno,24035,Lombardia,Nord-ovest
Seat Leon 1.0 TSI Business,https://www.subito.it/auto/seat-leon-1-0-tsi-business-firenze-663603098.htm,14900,4,2022,70000,manuale,Benzina,110,Business,Base,1.0 TSI,Rivenditore,99,firenze,50121,Toscana,Centro
SEAT Leon 1.0 eTSI DSG Business MHEV C/GRIMALDI,https://www.subito.it/auto/seat-leon-1-0-etsi-dsg-business-mhev-c-grimaldi-pavia-661627492.htm,15900,5,2021,70253,automatico,Ibrido,110,Business,Base,1.0 eTSI,Rivenditore,193,vigevano,27029,Lombardia,Nord-ovest
Seat Leon 2.0 tdi Business 115cv,https://www.subito.it/auto/seat-leon-2-0-tdi-business-115cv-verona-661041441.htm,17900,2,2024,79000,manuale,Diesel,115,Business,Base,2.0 TDI,Rivenditore,86,verona,37121,Veneto,Nord-est
Seat Leon Sportstourer 2.0 TDI 150 CV DSG Business,https://www.subito.it/auto/seat-leon-sportstourer-2-0-tdi-150-cv-dsg-business-napoli-663585976.htm,5500,3,2023,35000,manuale,Diesel,150,Business,Base,2.0 TDI,Rivenditore,483,qualiano,80019,Campania,Sud
SEAT LEON DSG STYLE 2.0TDI 150cv,https://www.subito.it/auto/seat-leon-dsg-style-2-0tdi-150cv-venezia-663548566.htm,15250,2,2024,75000,automatico,Diesel,150,Style,Middle,2.0 TDI,Privato,127,venezia,30121,Veneto,Nord-est
Seat Leon 1.5 hybrid Style 116cv dsg,https://www.subito.it/auto/seat-leon-1-5-hybrid-style-116cv-dsg-monza-661783320.htm,25500,0,2026,0,automatico,Ibrido,116,Style,Middle,1.5 eTSI,Rivenditore,178,monza,20900,Lombardia,Nord-ovest
Seat Leon 2.0 TDI 116 cv Business,https://www.subito.it/auto/seat-leon-2-0-tdi-116-cv-business-brindisi-663522938.htm,13700,4,2022,122000,manuale,Diesel,116,Business,Base,2.0 TDI,Rivenditore,691,carovigno,72012,Puglia,Sud
Seat Leon Sportstourer 2.0 TDI Style,https://www.subito.it/auto/seat-leon-sportstourer-2-0-tdi-style-messina-663522780.htm,16999,2,2024,68000,automatico,Diesel,115,Style,Middle,2.0 TDI,Rivenditore,788,acquedolci,98070,Sicilia,Isole
SEAT Leon 2.0 TDI Style FULL LED C/GRIMALDI SPEC,https://www.subito.it/auto/seat-leon-2-0-tdi-style-full-led-c-grimaldi-spec-pavia-659434276.htm,14900,5,2021,72341,manuale,Diesel,115,Style,Middle,2.0 TDI,Rivenditore,193,vigevano,27029,Lombardia,Nord-ovest
Seat Leon Sportstourer 2.0 TDI 150 CV DSG Style,https://www.subito.it/auto/seat-leon-sportstourer-2-0-tdi-150-cv-dsg-style-prato-663474234.htm,13400,3,2023,68000,automatico,Diesel,150,Style,Middle,2.0 TDI,Rivenditore,87,prato,59100,Toscana,Centro
Seat Leon Sportstourer 2.0 TDI 150 CV DSG Business,https://www.subito.it/auto/seat-leon-sportstourer-2-0-tdi-150-cv-dsg-business-rimini-663470306.htm,13900,3,2023,167000,automatico,Diesel,150,Business,Base,2.0 TDI,Rivenditore,132,rimini,47921,Emilia-Romagna,Nord-est
SEAT Leon IV 2020 Leon 1.0 tsi Style 110cv,https://www.subito.it/auto/seat-leon-iv-2020-leon-1-0-tsi-style-110cv-padova-657075631.htm,15891,5,2021,69127,manuale,Benzina,110,Style,Middle,1.0 TSI,Rivenditore,115,san giorgio bosco,35010,Veneto,Nord-est
SEAT Leon 1.0 TSI 110 CV Style,https://www.subito.it/auto/seat-leon-1-0-tsi-110-cv-style-pavia-663442878.htm,14900,4,2022,39549,manuale,Benzina,110,Style,Middle,1.0 TSI,Rivenditore,193,vigevano,27029,Lombardia,Nord-ovest
SEAT Leon 1.0 TSI 110 CV Style C/GRIMALDI SPECIA,https://www.subito.it/auto/seat-leon-1-0-tsi-110-cv-style-c-grimaldi-specia-pavia-663442845.htm,13900,4,2022,39549,manuale,Benzina,110,Style,Middle,1.0 TSI,Rivenditore,193,vigevano,27029,Lombardia,Nord-ovest
SEAT Leon 1.5 TGI DSG Style,https://www.subito.it/auto/seat-leon-1-5-tgi-dsg-style-treviso-663441810.htm,17500,4,2022,80000,automatico,Benzina,130,Style,Middle,1.5 TGI,Rivenditore,141,treviso,31100,Veneto,Nord-est
SEAT Leon Sportstourer 2.0 TDI 150 CV DSG Style,https://www.subito.it/auto/seat-leon-sportstourer-2-0-tdi-150-cv-dsg-style-torino-663441387.htm,15300,3,2023,63474,automatico,Diesel,150,Style,Middle,2.0 TDI,Rivenditore,276,torino,10121,Piemonte,Nord-ovest
Seat Leon ST FR 1.5 etsi 150 CV,https://www.subito.it/auto/seat-leon-st-fr-1-5-etsi-150-cv-cuneo-663425181.htm,18000,5,2021,70000,automatico,Ibrido,150,FR,Sport,1.5 eTSI,Privato,292,borgo san dalmazzo,12011,Piemonte,Nord-ovest
Seat Leon ST Business DSG BR570314 1.5 Mild Hybrid,https://www.subito.it/auto/seat-leon-st-business-dsg-br570314-1-5-mild-hybrid-reggio-emilia-663416935.htm,16290,3,2023,90369,automatico,Ibrido,150,Business,Base,1.5 eTSI,Rivenditore,40,reggio emilia,42121,Emilia-Romagna,Nord-est
Seat Leon Business DSG BR008052 1.0 Mild Hybrid 11,https://www.subito.it/auto/seat-leon-business-dsg-br008052-1-0-mild-hybrid-11-reggio-emilia-663416947.htm,12790,4,2022,101615,automatico,Ibrido,110,Business,Base,1.0 eTSI,Rivenditore,40,reggio emilia,42121,Emilia-Romagna,Nord-est
Seat Leon ST Business DSG BR570314 1.5 Mild Hybrid,https://www.subito.it/auto/seat-leon-st-business-dsg-br570314-1-5-mild-hybrid-milano-663416794.htm,16290,3,2023,90369,automatico,Ibrido,150,Business,Base,1.5 eTSI,Rivenditore,180,cinisello balsamo,20092,Lombardia,Nord-ovest
Seat Leon Business DSG BR008052 1.0 Mild Hybrid 11,https://www.subito.it/auto/seat-leon-business-dsg-br008052-1-0-mild-hybrid-11-milano-663416799.htm,12790,4,2022,101615,automatico,Ibrido,110,Business,Base,1.0 eTSI,Rivenditore,180,cinisello balsamo,20092,Lombardia,Nord-ovest
Seat Leon Sportstourer 2.0 TDI 150 CV DSG Style,https://www.subito.it/auto/seat-leon-sportstourer-2-0-tdi-150-cv-dsg-style-roma-663414418.htm,12900,2,2024,79900,automatico,Diesel,150,Style,Middle,2.0 TDI,Rivenditore,326,roma,118,Lazio,Centro
✅ Seat Leon ST Fr 2.0 TDI,https://www.subito.it/auto/seat-leon-st-fr-2-0-tdi-medio-campidano-643476230.htm,17300,2,2024,108000,manuale,Diesel,115,FR,Sport,2.0 TDI,Privato,605,guspini,9036,Sardegna,Isole
SEAT Leon 1.0 eTSI DSG Business MHEV,https://www.subito.it/auto/seat-leon-1-0-etsi-dsg-business-mhev-pavia-661269753.htm,16900,5,2021,70253,automatico,Ibrido,110,Business,Base,1.0 eTSI,Rivenditore,193,vigevano,27029,Lombardia,Nord-ovest
SEAT Leon Sportstourer 2.0 TDI 150 CV DSG Style,https://www.subito.it/auto/seat-leon-sportstourer-2-0-tdi-150-cv-dsg-style-roma-663312656.htm,13800,3,2023,73029,automatico,Diesel,150,Style,Middle,2.0 TDI,Rivenditore,326,roma,118,Lazio,Centro
Seat Leon Leon 2.0 tdi Business 150cv AUTOMATICA,https://www.subito.it/auto/seat-leon-leon-2-0-tdi-business-150cv-automatica-latina-649843031.htm,15990,3,2023,72162,automatico,Diesel,150,Business,Base,2.0 TDI,Rivenditore,383,latina,4100,Lazio,Centro
SEAT Leon Sportstourer 1.0 TSI 110 CV Business,https://www.subito.it/auto/seat-leon-sportstourer-1-0-tsi-110-cv-business-bologna-660962433.htm,16500,2,2024,9950,manuale,Benzina,110,Business,Base,1.0 TSI,Rivenditore,14,pieve cento,40066,Emilia-Romagna,Nord-est
Seat Leon 2.0 TDI FR,https://www.subito.it/auto/seat-leon-2-0-tdi-fr-torino-659508718.htm,13900,3,2023,100000,automatico,Diesel,115,FR,Sport,2.0 TDI,Rivenditore,286,orbassano,10043,Piemonte,Nord-ovest
Seat Leon Sportstourer 1.0 TSI 90 CV Business,https://www.subito.it/auto/seat-leon-sportstourer-1-0-tsi-90-cv-business-taranto-638111839.htm,13000,3,2023,54500,manuale,Benzina,90,Business,Base,1.0 TSI,Rivenditore,683,taranto,74121,Puglia,Sud
SEAT Leon Sportstourer 2.0TDI 150 DSG Style - 2024,https://www.subito.it/auto/seat-leon-sportstourer-2-0tdi-150-dsg-style-2024-teramo-663328889.htm,14900,2,2024,61198,automatico,Diesel,115,Style,Middle,2.0 TDI,Rivenditore,304,teramo,64100,Abruzzo,Sud
Seat Leon 2.0 TDI FR- 116 CV- PARI AL NUOVO,https://www.subito.it/auto/seat-leon-2-0-tdi-fr-116-cv-pari-al-nuovo-catania-663307778.htm,23500,3,2023,36000,manuale,Diesel,116,FR,Sport,2.0 TDI,Privato,861,catania,95121,Sicilia,Isole
SEAT LEON IV 2020 Sportstourer 2.0 tdi Style 115cv,https://www.subito.it/auto/seat-leon-iv-2020-sportstourer-2-0-tdi-style-115cv-prato-662078007.htm,12999,3,2023,59000,manuale,Diesel,115,Style,Middle,2.0 TDI,Rivenditore,87,prato,59100,Toscana,Centro
Seat Leon 1.5 TGI DSG Business,https://www.subito.it/auto/seat-leon-1-5-tgi-dsg-business-macerata-651958771.htm,16500,4,2022,127000,automatico,Benzina,130,Business,Base,1.5 TGI,Rivenditore,257,civitanova marche,62012,Marche,Centro
Seat Leon 2.0 TDI 150 CV DSG Style,https://www.subito.it/auto/seat-leon-2-0-tdi-150-cv-dsg-style-torino-659730652.htm,15990,2,2024,64000,automatico,Diesel,150,Style,Middle,2.0 TDI,Rivenditore,270,settimo torinese,10036,Piemonte,Nord-ovest
Seat Leon FR 1.5 eTsi  dsg 2021,https://www.subito.it/auto/seat-leon-fr-1-5-etsi-dsg-2021-livorno-663253345.htm,19499,5,2021,79000,automatico,Ibrido,150,FR,Sport,1.5 eTSI,Privato,140,livorno,57121,Toscana,Centro
Seat Leon Sportstourer 2.0 tdi Style 115cv “PREZZO,https://www.subito.it/auto/seat-leon-sportstourer-2-0-tdi-style-115cv-prezzo-venezia-650155351.htm,15800,3,2023,65000,manuale,Diesel,115,Style,Middle,2.0 TDI,Rivenditore,126,scorze,30037,Veneto,Nord-est
Seat Leon 1.5 TGI DSG FR,https://www.subito.it/auto/seat-leon-1-5-tgi-dsg-fr-forli-cesena-660324948.htm,17500,5,2021,70850,automatico,Benzina,130,FR,Sport,1.5 TGI,Rivenditore,106,cesena,47521,Emilia-Romagna,Nord-est
SEAT Leon Sportstourer 1.5 etsi Xcellence 150cv,https://www.subito.it/auto/seat-leon-sportstourer-1-5-etsi-xcellence-150cv-pescara-663205963.htm,14970,5,2021,85471,automatico,Elettrico,150,Xcellence,Middle,1.5 eTSI,Rivenditore,348,pescara,65121,Abruzzo,Sud
SEAT Leon 1.4 e-HYBRID 204 CV DSG FR,https://www.subito.it/auto/seat-leon-1-4-e-hybrid-204-cv-dsg-fr-frosinone-663136003.htm,18500,5,2021,76300,automatico,Ibrido,204,FR,Sport,e-Hybrid,Rivenditore,381,frosinone,3100,Lazio,Centro
Seat Leon Sportstourer 2.0 TDI 150 CV DSG Style,https://www.subito.it/auto/seat-leon-sportstourer-2-0-tdi-150-cv-dsg-style-mantova-663127235.htm,17800,3,2023,75000,automatico,Diesel,150,Style,Middle,2.0 TDI,Rivenditore,56,viadana,46019,Lombardia,Nord-ovest
Seat Leon Berlina 2.0 150 CV DSG Business,https://www.subito.it/auto/seat-leon-berlina-2-0-150-cv-dsg-business-mantova-663126973.htm,18490,4,2022,80000,automatico,Diesel,150,Business,Base,,Rivenditore,56,viadana,46019,Lombardia,Nord-ovest
Seat Leon Sportstourer 2.0 TDI 150 CV DSG FR,https://www.subito.it/auto/seat-leon-sportstourer-2-0-tdi-150-cv-dsg-fr-parma-663125582.htm,18500,2,2024,59000,automatico,Diesel,150,FR,Sport,2.0 TDI,Rivenditore,65,parma,43121,Emilia-Romagna,Nord-est
Seat Leon Sportstourer 2.0 TDI 150 CV DSG Style,https://www.subito.it/auto/seat-leon-sportstourer-2-0-tdi-150-cv-dsg-style-ferrara-663113230.htm,14500,3,2023,60000,automatico,Diesel,150,Style,Middle,2.0 TDI,Rivenditore,60,copparo,44034,Emilia-Romagna,Nord-est
SEAT Leon ST 2.0 TDI 150CV DSG FR,https://www.subito.it/auto/seat-leon-st-2-0-tdi-150cv-dsg-fr-padova-661604932.htm,12900,4,2022,148000,automatico,Diesel,150,FR,Sport,2.0 TDI,Rivenditore,74,este,35042,Veneto,Nord-est
Seat leon 1.5 TGI FR DSG,https://www.subito.it/auto/seat-leon-1-5-tgi-fr-dsg-frosinone-661064482.htm,13800,5,2021,157000,automatico,Benzina,130,FR,Sport,1.5 TGI,Privato,415,cassino,3043,Lazio,Centro
SEAT Leon 2.0 TDI 110KW BUSINESS DSG,https://www.subito.it/auto/seat-leon-2-0-tdi-110kw-business-dsg-brindisi-663072460.htm,14900,3,2023,75344,automatico,Diesel,150,Business,Base,2.0 TDI,Rivenditore,698,san vito normanni,72019,Puglia,Sud
Seat Leon 1.5 tgi Style 130cv,https://www.subito.it/auto/seat-leon-1-5-tgi-style-130cv-roma-663071088.htm,15300,4,2022,112851,manuale,Benzina,130,Style,Middle,1.5 TGI,Rivenditore,326,roma,118,Lazio,Centro
Seat Leon ST Style DSG BR663689 2.0 Diesel 150CV,https://www.subito.it/auto/seat-leon-st-style-dsg-br663689-2-0-diesel-150cv-milano-663069553.htm,14490,2,2024,60514,automatico,Diesel,150,Style,Middle,2.0 TDI,Rivenditore,180,cinisello balsamo,20092,Lombardia,Nord-ovest
Seat Leon ST Style DSG BR663689 2.0 Diesel 150CV,https://www.subito.it/auto/seat-leon-st-style-dsg-br663689-2-0-diesel-150cv-reggio-emilia-663069540.htm,14490,2,2024,60514,automatico,Diesel,150,Style,Middle,2.0 TDI,Rivenditore,40,reggio emilia,42121,Emilia-Romagna,Nord-est
Seat Leon sportstourer 2.0 tdi fr 116cv,https://www.subito.it/auto/seat-leon-sportstourer-2-0-tdi-fr-116cv-padova-643585111.htm,27900,1,2025,0,manuale,Diesel,116,FR,Sport,2.0 TDI,Rivenditore,101,padova,35121,Veneto,Nord-est
SEAT LEON 1.5 ETSI 110 KW FR DSG 5 PORTE BERLINA,https://www.subito.it/auto/seat-leon-1-5-etsi-110-kw-fr-dsg-5-porte-berlina-verona-663043754.htm,21400,3,2023,56286,automatico,Ibrido,150,FR,Sport,1.5 eTSI,Rivenditore,86,verona,37121,Veneto,Nord-est
SEAT LEON 1.5 ETSI 110 KW FR DSG 5 PORTE BERLINA,https://www.subito.it/auto/seat-leon-1-5-etsi-110-kw-fr-dsg-5-porte-berlina-napoli-663043709.htm,21400,3,2023,56286,automatico,Ibrido,150,FR,Sport,1.5 eTSI,Rivenditore,488,pozzuoli,80078,Campania,Sud
SEAT LEON 1.5 ETSI 110 KW FR DSG 5 PORTE BERLINA,https://www.subito.it/auto/seat-leon-1-5-etsi-110-kw-fr-dsg-5-porte-berlina-firenze-663043671.htm,21400,3,2023,56286,automatico,Ibrido,150,FR,Sport,1.5 eTSI,Rivenditore,99,firenze,50121,Toscana,Centro
SEAT LEON 1.5 ETSI 110 KW FR DSG 5 PORTE BERLINA,https://www.subito.it/auto/seat-leon-1-5-etsi-110-kw-fr-dsg-5-porte-berlina-bologna-663042493.htm,21400,3,2023,56286,automatico,Ibrido,150,FR,Sport,1.5 eTSI,Rivenditore,22,bentivoglio,40010,Emilia-Romagna,Nord-est
SEAT LEON 1.5 ETSI 110 KW FR DSG 5 PORTE BERLINA,https://www.subito.it/auto/seat-leon-1-5-etsi-110-kw-fr-dsg-5-porte-berlina-roma-663042411.htm,21400,3,2023,56286,automatico,Ibrido,150,FR,Sport,1.5 eTSI,Rivenditore,326,roma,118,Lazio,Centro
Seat Leon Sportstourer 2.0 TDI 150 CV DSG Style,https://www.subito.it/auto/seat-leon-sportstourer-2-0-tdi-150-cv-dsg-style-verona-662988211.htm,16900,4,2022,86449,automatico,Diesel,150,Style,Middle,2.0 TDI,Rivenditore,86,verona,37121,Veneto,Nord-est
SEAT Leon 4ª serie Leon 1.5 eTSI 150 CV DSG FR,https://www.subito.it/auto/seat-leon-4-serie-leon-1-5-etsi-150-cv-dsg-fr-lecco-660879200.htm,21900,3,2023,32100,automatico,Elettrico,150,FR,Sport,1.5 eTSI,Rivenditore,189,molteno,23847,Lombardia,Nord-ovest
Seat Leon 2.0 TDI 150 cv DSG FR,https://www.subito.it/auto/seat-leon-2-0-tdi-150-cv-dsg-fr-pordenone-662980473.htm,23000,4,2022,37000,automatico,Diesel,150,FR,Sport,2.0 TDI,Privato,186,pordenone,33170,Friuli-Venezia Giulia,Nord-est
Seat leon FR 1500-150 cv,https://www.subito.it/auto/seat-leon-fr-1500-150-cv-savona-662970680.htm,16500,4,2022,80000,automatico,Ibrido,150,FR,Sport,,Privato,214,savona,17100,Liguria,Nord-ovest
Seat Leon Sportstourer 2.0 TDI 150 CV DSG Style,https://www.subito.it/auto/seat-leon-sportstourer-2-0-tdi-150-cv-dsg-style-rovigo-660642714.htm,13500,3,2023,77600,manuale,Diesel,150,Style,Middle,2.0 TDI,Rivenditore,75,villadose,45010,Veneto,Nord-est
Seat Leon Sportstourer 2.0 TDI Style,https://www.subito.it/auto/seat-leon-sportstourer-2-0-tdi-style-prato-653307828.htm,12900,3,2023,130000,manuale,Diesel,115,Style,Middle,2.0 TDI,Rivenditore,87,prato,59100,Toscana,Centro
SEAT LEON SPORTSTOURER 2.0 STYLE TDI 116 CV - FULL,https://www.subito.it/auto/seat-leon-sportstourer-2-0-style-tdi-116-cv-full-reggio-emilia-662861075.htm,16999,3,2023,67000,manuale,Diesel,116,Style,Middle,,Rivenditore,55,brescello,42041,Emilia-Romagna,Nord-est
SEAT Leon Sportstourer 2.0 tdi Business 150cv dsg ,https://www.subito.it/auto/seat-leon-sportstourer-2-0-tdi-business-150cv-dsg-roma-662855854.htm,14990,2,2024,59000,automatico,Diesel,150,Business,Base,2.0 TDI,Rivenditore,326,roma,118,Lazio,Centro
Seat Leon Sportstourer 2.0 TDI 150 CV DSG Style,https://www.subito.it/auto/seat-leon-sportstourer-2-0-tdi-150-cv-dsg-style-ancona-662571326.htm,16900,2,2024,60000,automatico,Diesel,150,Style,Middle,2.0 TDI,Rivenditore,207,monte san vito,60037,Marche,Centro
Seat Leon Style DSG BR602619 2.0 Diesel 150CV,https://www.subito.it/auto/seat-leon-style-dsg-br602619-2-0-diesel-150cv-milano-662544050.htm,13490,5,2021,105678,automatico,Diesel,150,Style,Middle,2.0 TDI,Rivenditore,180,cinisello balsamo,20092,Lombardia,Nord-ovest
Seat Leon Style DSG BR602619 2.0 Diesel 150CV,https://www.subito.it/auto/seat-leon-style-dsg-br602619-2-0-diesel-150cv-reggio-emilia-662544046.htm,13490,5,2021,105678,automatico,Diesel,150,Style,Middle,2.0 TDI,Rivenditore,40,reggio emilia,42121,Emilia-Romagna,Nord-est
SEAT Leon Sportstourer 2.0 TDI 150 CV DSG Style,https://www.subito.it/auto/seat-leon-sportstourer-2-0-tdi-150-cv-dsg-style-torino-660093700.htm,16500,2,2024,62000,automatico,Diesel,150,Style,Middle,2.0 TDI,Rivenditore,285,collegno,10093,Piemonte,Nord-ovest
LEON IV 2020 1.5 TGI STYLE 1300CV DSG,https://www.subito.it/auto/leon-iv-2020-1-5-tgi-style-1300cv-dsg-roma-660668068.htm,15300,5,2021,78000,automatico,Benzina,300,Style,Middle,1.5 TGI,Privato,326,roma,118,Lazio,Centro
Seat Leon e-Hybrid FR ,https://www.subito.it/auto/seat-leon-e-hybrid-fr-bolzano-662218587.htm,19900,3,2023,86300,automatico,Ibrido,204,FR,Sport,e-Hybrid,Privato,226,sluderno,39020,Trentino-Alto Adige/Südtirol,Nord-est
SEAT Leon 2.0 tdi FR 150cv dsg,https://www.subito.it/auto/seat-leon-2-0-tdi-fr-150cv-dsg-torino-662398366.htm,21500,5,2021,55400,automatico,Diesel,150,FR,Sport,2.0 TDI,Privato,288,rivoli,10098,Piemonte,Nord-ovest
SEAT Leon SW 2.0 TDI 150 CV DSG Business 2021,https://www.subito.it/auto/seat-leon-sw-2-0-tdi-150-cv-dsg-business-2021-perugia-662294939.htm,13990,5,2021,143500,automatico,Diesel,150,Business,Base,2.0 TDI,Rivenditore,213,deruta,6053,Umbria,Centro
Seat Leon Sportstourer 2.0 TDI 150 CV DSG Style,https://www.subito.it/auto/seat-leon-sportstourer-2-0-tdi-150-cv-dsg-style-gallura-662276402.htm,15900,3,2023,66000,automatico,Diesel,150,Style,Middle,2.0 TDI,Rivenditore,423,arzachena,7021,Sardegna,Isole
SEAT Leon 2.0 TDI 150 CV DSG FR,https://www.subito.it/auto/seat-leon-2-0-tdi-150-cv-dsg-fr-firenze-662231965.htm,14500,5,2021,148000,automatico,Diesel,150,FR,Sport,2.0 TDI,Rivenditore,99,firenze,50121,Toscana,Centro
SEAT Leon 2.0 tdi FR 150cv dsg,https://www.subito.it/auto/seat-leon-2-0-tdi-fr-150cv-dsg-catanzaro-662217011.htm,18500,5,2021,102634,automatico,Diesel,150,FR,Sport,2.0 TDI,Rivenditore,769,pianopoli,88040,Calabria,Sud
Seat Leon 2.0 TDI Style MAN. **KM 87974**,https://www.subito.it/auto/seat-leon-2-0-tdi-style-man-km-87974-verona-661853019.htm,15600,4,2022,87974,manuale,Diesel,115,Style,Middle,2.0 TDI,Rivenditore,86,verona,37121,Veneto,Nord-est
Seat Leon Sportstourer 1.5 etsi FR 150cv dsg,https://www.subito.it/auto/seat-leon-sportstourer-1-5-etsi-fr-150cv-dsg-novara-661777461.htm,17405,5,2021,20079,automatico,Elettrico,150,FR,Sport,1.5 eTSI,Rivenditore,216,novara,28100,Piemonte,Nord-ovest
Seat Leon Sportstourer 2.0 TDI 150 CV DSG Business,https://www.subito.it/auto/seat-leon-sportstourer-2-0-tdi-150-cv-dsg-business-agrigento-661643352.htm,16900,3,2023,74000,automatico,Diesel,150,Business,Base,2.0 TDI,Rivenditore,842,agrigento,92100,Sicilia,Isole
SEAT Leon 2.0 TDI 150 CV DSG Style PREZZO REALE!,https://www.subito.it/auto/seat-leon-2-0-tdi-150-cv-dsg-style-prezzo-reale-torino-661557986.htm,16500,2,2024,49000,automatico,Diesel,150,Style,Middle,2.0 TDI,Rivenditore,276,torino,10121,Piemonte,Nord-ovest
Seat Leon Sw Style 2.0 tdi 115cv 10/2023 km 60.000,https://www.subito.it/auto/seat-leon-sw-style-2-0-tdi-115cv-10-2023-km-60-000-cremona-661466431.htm,14950,3,2023,60003,manuale,Diesel,115,Style,Middle,2.0 TDI,Rivenditore,96,malagnino,26030,Lombardia,Nord-ovest
SEAT Leon 2.0 TDI 85KW STYLE,https://www.subito.it/auto/seat-leon-2-0-tdi-85kw-style-potenza-661387671.htm,27000,0,2026,0,manuale,Diesel,116,Style,Middle,2.0 TDI,Rivenditore,588,potenza,85100,Basilicata,Sud
Seat Leon Sportstourer 1.5 TGI DSG Business,https://www.subito.it/auto/seat-leon-sportstourer-1-5-tgi-dsg-business-macerata-661349274.htm,17550,3,2023,119000,automatico,Benzina,130,Business,Base,1.5 TGI,Rivenditore,235,pollenza,62010,Marche,Centro
Seat Leon 1.5 eTSI 150CV DSG FR - 80.000km,https://www.subito.it/auto/seat-leon-1-5-etsi-150cv-dsg-fr-80-000km-modena-661291200.htm,17500,5,2021,81000,automatico,Ibrido,150,FR,Sport,1.5 eTSI,Privato,43,pavullo nel frignano,41026,Emilia-Romagna,Nord-est
SEAT Leon SW 2.0 TDI 116 CV Style NEOPATENTATI,https://www.subito.it/auto/seat-leon-sw-2-0-tdi-116-cv-style-neopatentati-padova-661268776.htm,15600,3,2023,69553,manuale,Diesel,116,Style,Middle,2.0 TDI,Rivenditore,80,monselice,35043,Veneto,Nord-est
Seat Leon Sportstourer 2.0 TDI 150 CV DSG Style,https://www.subito.it/auto/seat-leon-sportstourer-2-0-tdi-150-cv-dsg-style-torino-661212166.htm,14000,3,2023,95000,automatico,Diesel,150,Style,Middle,2.0 TDI,Rivenditore,276,torino,10121,Piemonte,Nord-ovest
SEAT Leon 2.0 TDI 110KW BUSINESS DSG,https://www.subito.it/auto/seat-leon-2-0-tdi-110kw-business-dsg-pordenone-661199790.htm,17450,4,2022,86239,automatico,Diesel,150,Business,Base,2.0 TDI,Rivenditore,186,pordenone,33170,Friuli-Venezia Giulia,Nord-est
Seat Leon Sportstourer 1.5 TGI DSG Business,https://www.subito.it/auto/seat-leon-sportstourer-1-5-tgi-dsg-business-macerata-661195941.htm,17550,3,2023,119000,automatico,Benzina,130,Business,Base,1.5 TGI,Rivenditore,235,pollenza,62010,Marche,Centro
SEAT LEON 1.5 DSG 116 CV  MILD BUSINESS,https://www.subito.it/auto/seat-leon-1-5-dsg-116-cv-mild-business-milano-661007739.htm,24500,0,2026,2000,automatico,Ibrido,116,Business,Base,,Privato,177,assago,20057,Lombardia,Nord-ovest
Seat Leon 2.0 TDI 150 CV DSG Style,https://www.subito.it/auto/seat-leon-2-0-tdi-150-cv-dsg-style-cosenza-660898839.htm,16000,5,2021,70000,automatico,Diesel,150,Style,Middle,2.0 TDI,Rivenditore,724,rende,87036,Calabria,Sud
Seat Leon Sportstourer 2.0 TDI 150 CV DSG Business,https://www.subito.it/auto/seat-leon-sportstourer-2-0-tdi-150-cv-dsg-business-mantova-660444543.htm,13900,5,2021,159000,automatico,Diesel,150,Business,Base,2.0 TDI,Rivenditore,87,castel goffredo,46042,Lombardia,Nord-ovest
Seat Leon FR 2.0 TDI 116cv CERTIFICATA,https://www.subito.it/auto/seat-leon-fr-2-0-tdi-116cv-certificata-oristano-660418644.htm,16600,4,2022,88000,manuale,Diesel,116,FR,Sport,2.0 TDI,Privato,568,oristano,9170,Sardegna,Isole
Seat Leon Sportstourer 2.0 TDI 150 CV DSG Style,https://www.subito.it/auto/seat-leon-sportstourer-2-0-tdi-150-cv-dsg-style-udine-660326344.htm,18500,2,2024,50000,automatico,Diesel,150,Style,Middle,2.0 TDI,Rivenditore,201,rivignano teor,33061,Friuli-Venezia Giulia,Nord-est
SEAT Leon Leon 1.5 etsi FR 150cv dsg - PHEV - Pari,https://www.subito.it/auto/seat-leon-leon-1-5-etsi-fr-150cv-dsg-phev-pari-milano-660297642.htm,20490,2,2024,63803,automatico,Ibrido,150,FR,Sport,1.5 eTSI,Rivenditore,190,rho,20017,Lombardia,Nord-ovest
SEAT Leon IV 2020 Leon 1.0 tsi Style 110cv,https://www.subito.it/auto/seat-leon-iv-2020-leon-1-0-tsi-style-110cv-monza-660007739.htm,15891,5,2021,69127,manuale,Benzina,110,Style,Middle,1.0 TSI,Rivenditore,190,meda,20821,Lombardia,Nord-ovest
Seat Leon Sportstourer 2.0 TDI Business,https://www.subito.it/auto/seat-leon-sportstourer-2-0-tdi-business-pescara-659966402.htm,15500,5,2021,87230,manuale,Diesel,115,Business,Base,2.0 TDI,Rivenditore,356,manoppello,65024,Abruzzo,Sud
SEAT Leon 1.5 eTSI 150cv XCELLENCE DSG,https://www.subito.it/auto/seat-leon-1-5-etsi-150cv-xcellence-dsg-bologna-647987834.htm,11900,5,2021,132980,automatico,Elettrico,150,Xcellence,Middle,1.5 eTSI,Rivenditore,57,imola,40026,Emilia-Romagna,Nord-est
SEAT LEON 2.0 TDI FR neopatentati km 33.000,https://www.subito.it/auto/seat-leon-2-0-tdi-fr-neopatentati-km-33-000-trento-659778809.htm,20000,2,2024,33000,manuale,Diesel,115,FR,Sport,2.0 TDI,Rivenditore,156,trento,38121,Trentino-Alto Adige/Südtirol,Nord-est
Sest leon 2.0 FR tdi 150 cv DSG,https://www.subito.it/auto/sest-leon-2-0-fr-tdi-150-cv-dsg-gallura-659774341.htm,15500,5,2021,176000,automatico,Diesel,150,FR,Sport,,Privato,468,oschiri,7027,Sardegna,Isole
Seat Leon 1.5 TGI DSG FR,https://www.subito.it/auto/seat-leon-1-5-tgi-dsg-fr-ancona-659505550.htm,18400,5,2021,91000,automatico,Benzina,130,FR,Sport,1.5 TGI,Rivenditore,211,chiaravalle,60033,Marche,Centro
Seat Leon FR 1.5ecoTsi 131cv,https://www.subito.it/auto/seat-leon-fr-1-5ecotsi-131cv-torino-659213653.htm,17500,4,2022,53000,manuale,Benzina,131,FR,Sport,,Privato,276,torino,10121,Piemonte,Nord-ovest
SEAT Leon Sportstourer 2.0 TDI 150 CV DSG Style,https://www.subito.it/auto/seat-leon-sportstourer-2-0-tdi-150-cv-dsg-style-pordenone-659065673.htm,17800,2,2024,56000,automatico,Diesel,150,Style,Middle,2.0 TDI,Rivenditore,207,maniago,33085,Friuli-Venezia Giulia,Nord-est
Seat Leon Sportstourer 1.5 TGI Style - CNG - Autom,https://www.subito.it/auto/seat-leon-sportstourer-1-5-tgi-style-cng-autom-fermo-646842138.htm,16950,4,2022,117000,automatico,Benzina,130,Style,Middle,1.5 TGI,Rivenditore,257,montegiorgio,63833,Marche,Centro
SEAT LEON 2.0 TDI FR neopatentati km 33.000,https://www.subito.it/auto/seat-leon-2-0-tdi-fr-neopatentati-km-33-000-trento-657823537.htm,20000,2,2024,33000,manuale,Diesel,115,FR,Sport,2.0 TDI,Rivenditore,156,trento,38121,Trentino-Alto Adige/Südtirol,Nord-est
Seat Leon Sportstourer 1.5 TSI 150 CV DSG Business,https://www.subito.it/auto/seat-leon-sportstourer-1-5-tsi-150-cv-dsg-business-agrigento-646393425.htm,13500,5,2021,78000,automatico,Ibrido,150,Business,Base,1.5 TSI,Rivenditore,828,santa elisabetta,92020,Sicilia,Isole
SEAT Leon 2.0 TDI 150 HP BUSINESS AUTOMATICA DSG,https://www.subito.it/auto/seat-leon-2-0-tdi-150-hp-business-automatica-dsg-udine-657243611.htm,27900,0,2026,2500,automatico,Diesel,115,Business,Base,2.0 TDI,Rivenditore,226,udine,33100,Friuli-Venezia Giulia,Nord-est
SEAT Leon IV 2020 Leon 1.0 tsi Style 110cv,https://www.subito.it/auto/seat-leon-iv-2020-leon-1-0-tsi-style-110cv-roma-657075410.htm,15891,5,2021,69127,manuale,Benzina,110,Style,Middle,1.0 TSI,Rivenditore,326,roma,118,Lazio,Centro
SEAT Leon IV 2020 Leon 1.0 tsi Style 110cv,https://www.subito.it/auto/seat-leon-iv-2020-leon-1-0-tsi-style-110cv-bologna-657075536.htm,15891,5,2021,69127,manuale,Benzina,110,Style,Middle,1.0 TSI,Rivenditore,11,sala bolognese,40010,Emilia-Romagna,Nord-est
SEAT Leon Sportstourer 2.0 TDI 150 CV DSG Style,https://www.subito.it/auto/seat-leon-sportstourer-2-0-tdi-150-cv-dsg-style-padova-657048429.htm,14900,2,2024,76000,automatico,Diesel,150,Style,Middle,2.0 TDI,Rivenditore,74,este,35042,Veneto,Nord-est
SEAT Leon Sportstourer 2.0 TDI 150 CV DSG Style,https://www.subito.it/auto/seat-leon-sportstourer-2-0-tdi-150-cv-dsg-style-padova-656946900.htm,12490,3,2023,66000,automatico,Diesel,150,Style,Middle,2.0 TDI,Rivenditore,74,este,35042,Veneto,Nord-est
SEAT Leon Sportstourer 2.0 TDI 116 CV Style ARGENT,https://www.subito.it/auto/seat-leon-sportstourer-2-0-tdi-116-cv-style-argent-gorizia-646675438.htm,15800,4,2022,75315,manuale,Diesel,116,Style,Middle,2.0 TDI,Rivenditore,241,gorizia,34170,Friuli-Venezia Giulia,Nord-est
Seat Leon 1.0 TSI  Style 110 cv ( impianto GPL),https://www.subito.it/auto/seat-leon-1-0-tsi-style-110-cv-impianto-gpl-torino-655940743.htm,15000,5,2021,114000,manuale,Benzina,110,Style,Middle,1.0 TSI,Privato,276,torino,10121,Piemonte,Nord-ovest
SEAT Leon SPORTSTOURER 2.0 TDI STYLE,https://www.subito.it/auto/seat-leon-sportstourer-2-0-tdi-style-padova-655669699.htm,10500,2,2024,74000,manuale,Diesel,115,Style,Middle,2.0 TDI,Rivenditore,66,megliadino san vitale,35040,Veneto,Nord-est
Seat Leon Sportstourer 2.0 TDI 150 CV DSG Style,https://www.subito.it/auto/seat-leon-sportstourer-2-0-tdi-150-cv-dsg-style-torino-655521754.htm,14900,2,2024,65000,automatico,Diesel,150,Style,Middle,2.0 TDI,Rivenditore,276,torino,10121,Piemonte,Nord-ovest
SEAT Leon SPORTSTOURER 2.0 TDI 150CV DSG STYLE,https://www.subito.it/auto/seat-leon-sportstourer-2-0-tdi-150cv-dsg-style-padova-654780021.htm,9300,2,2024,3600,automatico,Diesel,150,Style,Middle,2.0 TDI,Rivenditore,66,megliadino san vitale,35040,Veneto,Nord-est
SEAT Leon 1.4 e-HYBRID 204 CV DSG FR,https://www.subito.it/auto/seat-leon-1-4-e-hybrid-204-cv-dsg-fr-isernia-653468088.htm,16990,5,2021,118700,automatico,Ibrido,204,FR,Sport,e-Hybrid,Rivenditore,412,agnone,86081,Molise,Sud
Seat Leon Sportstourer 2.0 TDI 150 CV DSG Style,https://www.subito.it/auto/seat-leon-sportstourer-2-0-tdi-150-cv-dsg-style-bologna-653274504.htm,17500,2,2024,85559,automatico,Diesel,150,Style,Middle,2.0 TDI,Rivenditore,15,calderara reno,40012,Emilia-Romagna,Nord-est
Seat Leon FR e-hybrid ,https://www.subito.it/auto/seat-leon-fr-e-hybrid-caserta-653208729.htm,20000,5,2021,78000,automatico,Ibrido,204,FR,Sport,e-Hybrid,Privato,480,aversa,81031,Campania,Sud
Leon IV 2020 Sportstourer Sportstourer 1.5 tgi FR,https://www.subito.it/auto/leon-iv-2020-sportstourer-sportstourer-1-5-tgi-fr-bologna-652677995.htm,18000,4,2022,126000,automatico,Benzina,130,FR,Sport,1.5 TGI,Privato,25,bologna,40121,Emilia-Romagna,Nord-est
SEAT Leon IV 2020 - Leon 2.0 tdi FR 150cv d U32504,https://www.subito.it/auto/seat-leon-iv-2020-leon-2-0-tdi-fr-150cv-d-u32504-palermo-651797182.htm,27900,2,2024,18981,automatico,Diesel,150,FR,Sport,2.0 TDI,Rivenditore,750,palermo,90121,Sicilia,Isole
Seat Leon Leon 1.0 tsi Business 110cv,https://www.subito.it/auto/seat-leon-leon-1-0-tsi-business-110cv-milano-651727134.htm,11990,5,2021,77000,manuale,Benzina,110,Business,Base,1.0 TSI,Rivenditore,177,milano,20121,Lombardia,Nord-ovest
SEAT Leon Sportstourer 2.0 TDI 150 CV DSG Style,https://www.subito.it/auto/seat-leon-sportstourer-2-0-tdi-150-cv-dsg-style-ancona-651310382.htm,15900,2,2024,50007,automatico,Diesel,150,Style,Middle,2.0 TDI,Rivenditore,197,senigallia,60019,Marche,Centro
SEAT Leon Sportstourer 2.0 tdi Xcellence 150cv d,https://www.subito.it/auto/seat-leon-sportstourer-2-0-tdi-xcellence-150cv-d-udine-651076350.htm,9900,5,2021,280000,automatico,Diesel,150,Xcellence,Middle,2.0 TDI,Rivenditore,215,basiliano,33031,Friuli-Venezia Giulia,Nord-est
Seat Leon ST Xcellence 1.5 150cv DSG,https://www.subito.it/auto/seat-leon-st-xcellence-1-5-150cv-dsg-milano-650931303.htm,14500,5,2021,81000,automatico,Ibrido,150,Xcellence,Middle,,Privato,193,sedriano,20018,Lombardia,Nord-ovest
Seat leon 1.5 tgi automatica excellence,https://www.subito.it/auto/seat-leon-1-5-tgi-automatica-excellence-taranto-650666710.htm,18500,4,2022,82000,automatico,Benzina,130,Xcellence,Middle,1.5 TGI,Privato,683,taranto,74121,Puglia,Sud
Seat Leon 2.0 TDI Business 2022,https://www.subito.it/auto/seat-leon-2-0-tdi-business-2022-como-650233109.htm,15700,4,2022,122930,manuale,Diesel,115,Business,Base,2.0 TDI,Rivenditore,196,erba,22036,Lombardia,Nord-ovest
SEAT Leon 1.5 TGI Style Metano della Casa,https://www.subito.it/auto/seat-leon-1-5-tgi-style-metano-della-casa-treviso-649770637.htm,16900,4,2022,79890,manuale,Benzina,130,Style,Middle,1.5 TGI,Rivenditore,163,oderzo,31046,Veneto,Nord-est
SEAT Leon 1.5 TGI Style Metano della casa,https://www.subito.it/auto/seat-leon-1-5-tgi-style-metano-della-casa-udine-649769164.htm,16900,4,2022,79890,manuale,Benzina,130,Style,Middle,1.5 TGI,Rivenditore,201,rivignano teor,33061,Friuli-Venezia Giulia,Nord-est
Seat Leon 2.0 TDI 150 CV DSG Style,https://www.subito.it/auto/seat-leon-2-0-tdi-150-cv-dsg-style-ferrara-649562111.htm,21900,1,2025,20000,automatico,Diesel,150,Style,Middle,2.0 TDI,Rivenditore,42,ferrara,44121,Emilia-Romagna,Nord-est
SEAT Leon 1.5 eTSI 150cv XCELLENCE DSG,https://www.subito.it/auto/seat-leon-1-5-etsi-150cv-xcellence-dsg-bologna-647988042.htm,11900,5,2021,132980,automatico,Elettrico,150,Xcellence,Middle,1.5 eTSI,Rivenditore,57,imola,40026,Emilia-Romagna,Nord-est
SEAT Leon 1.4 e-HYBRID 204 CV DSG FR,https://www.subito.it/auto/seat-leon-1-4-e-hybrid-204-cv-dsg-fr-bologna-647443767.htm,23000,2,2024,40000,automatico,Ibrido,204,FR,Sport,e-Hybrid,Privato,36,ozzano emilia,40064,Emilia-Romagna,Nord-est
SEAT Leon 1.5 tsi fr 150cv,https://www.subito.it/auto/seat-leon-1-5-tsi-fr-150cv-padova-646783575.htm,16400,5,2021,122000,manuale,Benzina,150,FR,Sport,1.5 TSI,Rivenditore,88,due carrare,35020,Veneto,Nord-est
SEAT Leon Sportstourer 2.0 TDI Style,https://www.subito.it/auto/seat-leon-sportstourer-2-0-tdi-style-roma-646364467.htm,16500,3,2023,60775,manuale,Diesel,115,Style,Middle,2.0 TDI,Rivenditore,343,san cesareo,30,Lazio,Centro
Leon IV 2020 Sportstourer business 2.0 tdi dsg,https://www.subito.it/auto/leon-iv-2020-sportstourer-business-2-0-tdi-dsg-torino-646267846.htm,22300,2,2024,33000,automatico,Diesel,115,Business,Base,2.0 TDI,Privato,293,sangano,10090,Piemonte,Nord-ovest
SEAT LEON 2021 2.0 TDI 150CV BUSINESS ,https://www.subito.it/auto/seat-leon-2021-2-0-tdi-150cv-business-verona-639973564.htm,17500,5,2021,99000,automatico,Diesel,150,Business,Base,2.0 TDI,Privato,79,villafranca verona,37069,Veneto,Nord-est
Seat Leon FR 1.4 E-HYBRID 204cv,https://www.subito.it/auto/seat-leon-fr-1-4-e-hybrid-204cv-sondrio-642082379.htm,19000,5,2021,93000,automatico,Ibrido,204,FR,Sport,e-Hybrid,Privato,194,caiolo,23010,Lombardia,Nord-ovest
Seat Leon Sportstourer 1.5 TGI Business,https://www.subito.it/auto/seat-leon-sportstourer-1-5-tgi-business-macerata-641804123.htm,19950,4,2022,40000,manuale,Benzina,130,Business,Base,1.5 TGI,Rivenditore,239,macerata,62100,Marche,Centro
SEAT Leon 2.0 tdi FR 150cv dsg,https://www.subito.it/auto/seat-leon-2-0-tdi-fr-150cv-dsg-roma-632598441.htm,28300,1,2025,0,automatico,Diesel,150,FR,Sport,2.0 TDI,Rivenditore,326,roma,118,Lazio,Centro
SEAT Leon 2.0 tdi FR 150cv dsg,https://www.subito.it/auto/seat-leon-2-0-tdi-fr-150cv-dsg-chieti-632598658.htm,28300,1,2025,0,automatico,Diesel,150,FR,Sport,2.0 TDI,Rivenditore,350,san giovanni teatino,66020,Abruzzo,Sud
SEAT Leon 2.0 tdi FR 150cv dsg,https://www.subito.it/auto/seat-leon-2-0-tdi-fr-150cv-dsg-roma-632598455.htm,28300,1,2025,0,automatico,Diesel,150,FR,Sport,2.0 TDI,Rivenditore,326,roma,118,Lazio,Centro
SEAT Leon 2.0 tdi FR 150cv dsg,https://www.subito.it/auto/seat-leon-2-0-tdi-fr-150cv-dsg-chieti-632598660.htm,28300,1,2025,0,automatico,Diesel,150,FR,Sport,2.0 TDI,Rivenditore,350,san giovanni teatino,66020,Abruzzo,Sud
SEAT Leon 2.0 tdi FR 150cv dsg,https://www.subito.it/auto/seat-leon-2-0-tdi-fr-150cv-dsg-chieti-632598654.htm,28300,1,2025,0,automatico,Diesel,150,FR,Sport,2.0 TDI,Rivenditore,350,san giovanni teatino,66020,Abruzzo,Sud
SEAT Leon Sportstourer 1.5 hybrid Business 15...,https://www.subito.it/auto/seat-leon-sportstourer-1-5-hybrid-business-15-roma-632598461.htm,27500,1,2025,0,automatico,Ibrido,150,Business,Base,1.5 eTSI,Rivenditore,326,roma,118,Lazio,Centro
SEAT Leon 2.0 tdi FR 150cv dsg,https://www.subito.it/auto/seat-leon-2-0-tdi-fr-150cv-dsg-roma-632598458.htm,28300,1,2025,0,automatico,Diesel,150,FR,Sport,2.0 TDI,Rivenditore,326,roma,118,Lazio,Centro
SEAT Leon Sportstourer 1.5 hybrid Business 15...,https://www.subito.it/auto/seat-leon-sportstourer-1-5-hybrid-business-15-chieti-632598663.htm,27500,1,2025,0,automatico,Ibrido,150,Business,Base,1.5 eTSI,Rivenditore,350,san giovanni teatino,66020,Abruzzo,Sud
SEAT Leon 1.0 etsi Business 110cv dsg,https://www.subito.it/auto/seat-leon-1-0-etsi-business-110cv-dsg-roma-632551448.htm,25500,1,2025,5,automatico,Elettrico,110,Business,Base,1.0 eTSI,Rivenditore,326,roma,118,Lazio,Centro
SEAT Leon 1.0 etsi Business 110cv dsg,https://www.subito.it/auto/seat-leon-1-0-etsi-business-110cv-dsg-chieti-632551461.htm,25500,1,2025,5,automatico,Elettrico,110,Business,Base,1.0 eTSI,Rivenditore,350,san giovanni teatino,66020,Abruzzo,Sud
Seat Leon 1.5 hybrid Style 116cv dsg,https://www.subito.it/auto/seat-leon-1-5-hybrid-style-116cv-dsg-milano-641137150.htm,20990,1,2025,22000,automatico,Ibrido,116,Style,Middle,1.5 eTSI,Rivenditore,163,liscate,20050,Lombardia,Nord-ovest
Seat Leon FR 2000 TDI 150 Cv,https://www.subito.it/auto/seat-leon-fr-2000-tdi-150-cv-catanzaro-639519340.htm,21500,5,2021,67000,automatico,Diesel,150,FR,Sport,,Privato,783,catanzaro,88100,Calabria,Sud
Seat Leon 2.0 TDI 150 CV DSG Xcellence,https://www.subito.it/auto/seat-leon-2-0-tdi-150-cv-dsg-xcellence-vicenza-638140667.htm,17990,5,2021,67000,automatico,Diesel,150,Xcellence,Middle,2.0 TDI,Rivenditore,123,fara vicentino,36030,Veneto,Nord-est
Seat Leon Sportstourer 1.0 TSI 110 CV Style,https://www.subito.it/auto/seat-leon-sportstourer-1-0-tsi-110-cv-style-torino-637915000.htm,20900,2,2024,6000,manuale,Benzina,110,Style,Middle,1.0 TSI,Rivenditore,293,rosta,10090,Piemonte,Nord-ovest
SEAT Leon Sportstourer 1.0 eTSI 110 CV DSG Style,https://www.subito.it/auto/seat-leon-sportstourer-1-0-etsi-110-cv-dsg-style-cagliari-636513343.htm,17900,4,2022,38500,automatico,Elettrico,110,Style,Middle,1.0 eTSI,Rivenditore,628,cagliari,9121,Sardegna,Isole
SEAT LEON 1.5 ETSI FR,https://www.subito.it/auto/seat-leon-1-5-etsi-fr-monza-632660290.htm,21000,5,2021,75000,automatico,Ibrido,150,FR,Sport,1.5 eTSI,Privato,184,desio,20832,Lombardia,Nord-ovest
Seat Leon FR 1.5 e-tsi,https://www.subito.it/auto/seat-leon-fr-1-5-e-tsi-rovigo-630706859.htm,23000,5,2021,45000,automatico,Benzina,150,FR,Sport,1.5 eTSI,Privato,68,rovigo,45100,Veneto,Nord-est
Seat Nuova Leon 5 porte Business 1.0 eTSI 110 CV,https://www.subito.it/auto/seat-nuova-leon-5-porte-business-1-0-etsi-110-cv-lecce-630422580.htm,15000,5,2021,97000,automatico,Ibrido,110,Business,Base,1.0 eTSI,Privato,750,lecce,73100,Puglia,Sud
Seat leon fr 130cv,https://www.subito.it/auto/seat-leon-fr-130cv-brescia-626233317.htm,20900,3,2023,37000,manuale,Benzina,130,FR,Sport,,Privato,121,brescia,25121,Lombardia,Nord-ovest
