Annuncio,Link,Prezzo,Anni,Immatricolazione,Chilometraggio,Cambio,Carburante,CV,Allestimento,Allestimento_unificato,Modello,Venditore,Distanza,Comune,CAP,Regione,Area
Audi A3 A3 Sportback 2.0 tdi 150cv,https://www.autoscout24.it/annunci/audi-a3-a3-sportback-2-0-tdi-150cv-diesel-bianco-cat_ma9mo1624-91d07b7f-6774-4090-a370-5f811d05d69f,9500,2,2024,308000,manuale,Diesel,150,Sport,Middle,,Privato,657,palagianello,74018,Puglia,Sud
Audi A3 Sportback 30 1.6 tdi Business 116cv my19,https://www.autoscout24.it/annunci/audi-a3-sportback-30-1-6-tdi-business-116cv-my19-diesel-cat_ma9mo1624-1e7fd461-0a05-4d24-9b84-1fca6d3d5b57,13000,6,2020,145934,manuale,Diesel,150,Business,Base,,Privato,495,napoli,80124,Campania,Sud
Audi A3 BERLINA 30 TFSI S TRONIC BUSINESS S.BACK - GJ157BB,https://www.autoscout24.it/annunci/audi-a3-berlina-30-tfsi-s-tronic-business-s-back-gj157bb-elettrica-benzina-nero-cat_ma9mo1624-b2f76444-25c9-4fd1-9383-a1b988c8e113,13900,4,2022,200000,automatico,Ibrido,150,Business,Base,30 TFSI,Rivenditore,215,basiliano,33031,Friuli-Venezia Giulia,Nord-est
Audi A3 Sportback 30 1.5 g-tron 131cv s-tronic,https://www.autoscout24.it/annunci/audi-a3-sportback-30-1-5-g-tron-131cv-s-tronic-metano-cat_ma9mo1624-fe6e77dc-0d2e-4646-98c5-703fd53f336a,13500,6,2020,150000,automatico,Metano,150,Sport,Middle,,Privato,76,buttapietra,37060,Veneto,Nord-est
Audi A3 Sportback 30 1.5 g-tron Business s-tronic,https://www.autoscout24.it/annunci/audi-a3-sportback-30-1-5-g-tron-business-s-tronic-metano-cat_ma9mo1624-f40823c7-fdee-4d90-b40e-4c2f97c2bae0,14000,6,2020,260000,automatico,Metano,150,Business,Base,,Privato,231,camerano,60021,Marche,Centro
Audi A3 A3 Sportback 35 2.0 tdi Business 150cv s-tronic my19,https://www.autoscout24.it/annunci/audi-a3-a3-sportback-35-2-0-tdi-business-150cv-s-tronic-my19-diesel-cat_ma9mo1624-921b7829-c704-4531-b8b2-b689d5351c83,14000,6,2020,180000,automatico,Diesel,150,Business,Base,,Rivenditore,510,boscotrecase,80042,Campania,Sud
Audi A3 Sportback 30 1.5 g-tron Admired 131cv s-tronic,https://www.autoscout24.it/annunci/audi-a3-sportback-30-1-5-g-tron-admired-131cv-s-tronic-metano-cat_ma9mo1624-82b4f5c2-20d3-4122-a9ee-c683e391d044,14000,6,2020,178000,automatico,Metano,150,Sport,Middle,,Privato,498,cercola,80040,Campania,Sud
Audi A3 SPB 30 TDI Sport,https://www.autoscout24.it/annunci/audi-a3-spb-30-tdi-sport-diesel-grigio-cat_ma9mo1624-b5399102-79c8-486f-9f2b-a7a711537a25,14990,6,2020,113000,manuale,Diesel,150,Sport,Middle,30 TDI,Rivenditore,276,torino,10148,Piemonte,Nord-ovest
Audi A3 A3 Sedan 30 1.0 tfsi Admired 116cv VIRTUAL,https://www.autoscout24.it/annunci/audi-a3-a3-sedan-30-1-0-tfsi-admired-116cv-virtual-benzina-bianco-cat_ma9mo1624-af7bbf93-9494-4239-ba2f-8d2827d2d3a2,14900,5,2021,77700,manuale,Benzina,150,S,Performance,,Rivenditore,190,rho,20017,Lombardia,Nord-ovest
Audi A3 Sportback 35 2.0 tdi Admired 150cv s-tronic,https://www.autoscout24.it/annunci/audi-a3-sportback-35-2-0-tdi-admired-150cv-s-tronic-diesel-cat_ma9mo1624-4ada8969-e106-4951-a150-87044a544b47,14750,6,2020,143300,automatico,Diesel,150,Sport,Middle,,Privato,177,genova,16158,Liguria,Nord-ovest
Audi A3 Sportback 40 2.0 tfsi Admired quattro 190cv s-tronic,https://www.autoscout24.it/annunci/audi-a3-sportback-40-2-0-tfsi-admired-quattro-190cv-s-tronic-benzina-cat_ma9mo1624-7c6aedb0-7f6f-4df8-a85f-6e8521fcd2cc,15000,5,2021,136100,automatico,Benzina,150,Sport,Middle,,Privato,233,asti,14100,Piemonte,Nord-ovest
Audi A3 Sportback 35 2.0 tdi S line Edition s-tronic,https://www.autoscout24.it/annunci/audi-a3-sportback-35-2-0-tdi-s-line-edition-s-tronic-diesel-cat_ma9mo1624-cfda4ce0-ef5e-4a31-9a80-d4a519405651,15000,6,2020,161000,automatico,Diesel,150,S line,Sport,,Privato,139,borgonovo val tidone,29011,Emilia-Romagna,Nord-est
Audi A3 Sedan 30 1.6 tdi Sport 116cv,https://www.autoscout24.it/annunci/audi-a3-sedan-30-1-6-tdi-sport-116cv-diesel-cat_ma9mo1624-67e82d13-2c5f-41fd-b56f-f999df36f0b1,14499,6,2020,160000,manuale,Diesel,150,Sport,Middle,,Privato,502,greci,83030,Campania,Sud
Audi A3 Sportback 40 1.4 tfsi e Business Advanced,https://www.autoscout24.it/annunci/audi-a3-sportback-40-1-4-tfsi-e-business-advanced-elettrica-benzina-nero-cat_ma9mo1624-bedae88c-b4c2-4960-a963-4d3e09067dd0,14900,5,2021,238259,automatico,Ibrido,150,Business Advanced,Middle,,Rivenditore,40,calto,45030,Veneto,Nord-est
Audi A3 SPB 35 TDI S tronic,https://www.autoscout24.it/annunci/audi-a3-spb-35-tdi-s-tronic-diesel-grigio-cat_ma9mo1624-9b27ef92-fe53-4f00-82ff-d1afa72af6e3,14900,6,2020,144230,automatico,Diesel,150,S,Performance,35 TDI,Rivenditore,141,adro,25030,Lombardia,Nord-ovest
Audi A3 Sportback 30 1.6 tdi Admired 116cv my20,https://www.autoscout24.it/annunci/audi-a3-sportback-30-1-6-tdi-admired-116cv-my20-diesel-cat_ma9mo1624-d0a8ebaf-e2d7-4b2d-88c9-3d1555f732af,14500,5,2021,212000,manuale,Diesel,150,Sport,Middle,,Privato,129,lumezzane,25065,Lombardia,Nord-ovest
Audi A3 A3 SPB 35 TDI S tronic Sport,https://www.autoscout24.it/annunci/audi-a3-a3-spb-35-tdi-s-tronic-sport-diesel-grigio-cat_ma9mo1624-ce8f66c7-c4f4-4a36-bb0a-1088fe61d966,14990,6,2020,195000,automatico,Diesel,150,Sport,Middle,35 TDI,Rivenditore,796,rosarno,89025,Calabria,Sud
Audi A3 2.0 TDI Limousine S tronic design,https://www.autoscout24.it/annunci/audi-a3-2-0-tdi-limousine-s-tronic-design-diesel-cat_ma9mo1624-df4139c5-705a-4420-badf-3c1e001076d1,15000,6,2020,210000,automatico,Diesel,150,Design,Middle,,Privato,663,fasano,72015,Puglia,Sud
Audi A3 2.0tdi Sline,https://www.autoscout24.it/annunci/audi-a3-2-0tdi-sline-diesel-cat_ma9mo1624-848c566b-e827-4720-9743-0341b5e72250,15000,5,2021,230000,automatico,Diesel,150,S line,Sport,,Privato,156,arcene,24040,Lombardia,Nord-ovest
Audi A3 A3 III 2016 Sportback Sportback 35 2.0 tdi Business 150cv s-tronic my19,https://www.autoscout24.it/annunci/audi-a3-a3-iii-2016-sportback-sportback-35-2-0-tdi-business-150cv-s-tronic-my19-diesel-grigio-cat_ma9mo1624-20e12968-017c-456a-b22b-468bd840c4c7,15900,6,2020,125742,automatico,Diesel,150,Business,Base,,Rivenditore,193,vigevano,27029,Lombardia,Nord-ovest
Audi A3 40 1.4 tfsi e-tron Admired s-tronic,https://www.autoscout24.it/annunci/audi-a3-40-1-4-tfsi-e-tron-admired-s-tronic-elettrica-benzina-bianco-cat_ma9mo1624-7532158a-44db-4c8c-b90a-d0f37d5979cc,15699,6,2020,135000,automatico,Ibrido,150,S,Performance,,Rivenditore,77,baone,35030,Veneto,Nord-est
Audi A3 A3 IV 2020 Sportback Sportback 40 1.4 tfsi e s-tronic,https://www.autoscout24.it/annunci/audi-a3-a3-iv-2020-sportback-sportback-40-1-4-tfsi-e-s-tronic-elettrica-benzina-nero-cat_ma9mo1624-63dbc02b-03c6-415b-9087-d61a6e591a37,15300,4,2022,214000,automatico,Ibrido,150,Sport,Middle,,Rivenditore,92,brendola,36040,Veneto,Nord-est
Audi A3 30 1.0 tfsi Business Advanced,https://www.autoscout24.it/annunci/audi-a3-30-1-0-tfsi-business-advanced-benzina-nero-cat_ma9mo1624-3fdc0d0c-fea6-4128-a039-96ad4e5d69a9,15900,6,2020,120075,manuale,Benzina,150,Business Advanced,Middle,,Rivenditore,97,chiesina uzzanese,51013,Toscana,Centro
Audi A3 Sportback 30 1.0 tfsi Business 116cv my19,https://www.autoscout24.it/annunci/audi-a3-sportback-30-1-0-tfsi-business-116cv-my19-benzina-cat_ma9mo1624-d7bc3e01-8e1d-405d-82d9-6982f4572bb1,15900,6,2020,54000,manuale,Benzina,150,Business,Base,,Privato,278,nichelino,10042,Piemonte,Nord-ovest
Audi A3 A3 III Sportback 30 1.5 g-tron Business 131cv s-tronic my 20 PERMUTE,https://www.autoscout24.it/annunci/audi-a3-a3-iii-sportback-30-1-5-g-tron-business-131cv-s-tronic-my-20-permute-metano-nero-cat_ma9mo1624-bdd92de1-d6bd-48f9-97ff-7b56f2230dd3,15490,6,2020,98000,automatico,Metano,150,Business,Base,,Rivenditore,65,parma,43122,Emilia-Romagna,Nord-est
Audi A3 Sportback 35 1.5 tfsi Sport 150cv s-tronic,https://www.autoscout24.it/annunci/audi-a3-sportback-35-1-5-tfsi-sport-150cv-s-tronic-benzina-cat_ma9mo1624-1c135d2a-c3e0-4a8f-9def-eea763a8d6fb,15300,6,2020,170000,automatico,Benzina,150,Sport,Middle,,Privato,281,venaria reale,10078,Piemonte,Nord-ovest
Audi A3 Sportback 1.6 Diesel NEOPATENTATI restyling Rs3,https://www.autoscout24.it/annunci/audi-a3-sportback-1-6-diesel-neopatentati-restyling-rs3-diesel-cat_ma9mo1624-a6cf50bb-6da4-4212-9d64-9094ff42dae9,15900,6,2020,199000,automatico,Diesel,150,Sport,Middle,RS3,Privato,639,gioia colle,70023,Puglia,Sud
Audi A3 SPB 35 TDI S tronic Business,https://www.autoscout24.it/annunci/audi-a3-spb-35-tdi-s-tronic-business-diesel-nero-cat_ma9mo1624-84beb19a-a0be-4180-9a13-937c1930ed4b,15900,6,2020,125000,automatico,Diesel,150,Business,Base,35 TDI,Rivenditore,25,bologna,40138,Emilia-Romagna,Nord-est
Audi A3 Sportback 30 1.0 tfsi Business,https://www.autoscout24.it/annunci/audi-a3-sportback-30-1-0-tfsi-business-benzina-cat_ma9mo1624-7184d2c9-31c4-4bf4-a2d6-4ca0763c3997,15200,5,2021,175000,manuale,Benzina,150,Business,Base,,Privato,87,casalmoro,46040,Lombardia,Nord-ovest
Audi A3 A3 sportback stronic s3 line,https://www.autoscout24.it/annunci/audi-a3-a3-sportback-stronic-s3-line-benzina-bianco-cat_ma9mo1624-fb634bb0-399d-49a8-8843-de4a2f4a16b2,16000,6,2020,170000,automatico,Benzina,150,Sport,Middle,S3,Privato,281,venaria reale,10078,Piemonte,Nord-ovest
Audi A3 Sedan 35 TDI S tronic,https://www.autoscout24.it/annunci/audi-a3-sedan-35-tdi-s-tronic-diesel-blu-azzurro-cat_ma9mo1624-b5bf145c-6563-411b-b032-f3627907b958,15500,6,2020,130000,automatico,Diesel,150,S,Performance,35 TDI,Rivenditore,127,venezia,30174,Veneto,Nord-est
Audi A3 A3 Sportback 35 2.0 tdi Admired Sline 150cv s-tronic,https://www.autoscout24.it/annunci/audi-a3-a3-sportback-35-2-0-tdi-admired-sline-150cv-s-tronic-diesel-bianco-cat_ma9mo1624-621f7ecc-b360-429e-a8fe-d73d259042f1,15900,6,2020,149832,automatico,Diesel,150,S line,Sport,,Rivenditore,91,acquafredda,25010,Lombardia,Nord-ovest
Audi A3 30 2.0 tdi S line edition s-tronic,https://www.autoscout24.it/annunci/audi-a3-30-2-0-tdi-s-line-edition-s-tronic-diesel-cat_ma9mo1624-1db2c85c-2a54-41da-b00a-31d2d751c313,15800,5,2021,200000,automatico,Diesel,150,S line,Sport,,Privato,550,battipaglia,84091,Campania,Sud
Audi A3 S Line,https://www.autoscout24.it/annunci/audi-a3-s-line-diesel-grigio-cat_ma9mo1624-85bada52-e818-4ed4-a45f-ee27a332b7a3,16000,6,2020,162000,automatico,Diesel,150,S line,Sport,,Rivenditore,65,parma,43123,Emilia-Romagna,Nord-est
Audi A3 A3 IV 2020 Sportback Sportback 35 2.0 tdi s-tronic,https://www.autoscout24.it/annunci/audi-a3-a3-iv-2020-sportback-sportback-35-2-0-tdi-s-tronic-diesel-cat_ma9mo1624-6c06d6ed-4137-4f77-a0f5-88d9642ff8da,15900,6,2020,237000,automatico,Diesel,150,Sport,Middle,,Rivenditore,223,ancona,60131,Marche,Centro
Audi A3 Sportback 30 1.0 tfsi Sport 116cv,https://www.autoscout24.it/annunci/audi-a3-sportback-30-1-0-tfsi-sport-116cv-benzina-cat_ma9mo1624-f1987262-087b-43ff-841b-ca5bb9a14a8a,15200,5,2021,175000,manuale,Benzina,150,Sport,Middle,,Privato,87,casalmoro,46040,Lombardia,Nord-ovest
Audi A3 Sportback 30 1.5 g-tron Sport 131cv s-tronic,https://www.autoscout24.it/annunci/audi-a3-sportback-30-1-5-g-tron-sport-131cv-s-tronic-metano-cat_ma9mo1624-0593bdae-9b5e-4402-979b-dac68b6d5fce,15900,6,2020,150000,automatico,Metano,150,Sport,Middle,,Privato,651,monopoli,70043,Puglia,Sud
Audi A3 Sportback 35 1.5 tfsi Business 150cv s-tronic my19,https://www.autoscout24.it/annunci/audi-a3-sportback-35-1-5-tfsi-business-150cv-s-tronic-my19-benzina-cat_ma9mo1624-061e67ae-7488-4eba-84e6-55baed080b90,16000,6,2020,169000,automatico,Benzina,150,Business,Base,,Privato,177,milano,20147,Lombardia,Nord-ovest
Audi A3 A3 SPB 30 TDI Business,https://www.autoscout24.it/annunci/audi-a3-a3-spb-30-tdi-business-diesel-bianco-cat_ma9mo1624-d68f2b43-7a37-469c-8b31-b3514e861bcc,15750,6,2020,170000,manuale,Diesel,150,Business,Base,30 TDI,Rivenditore,42,ferrara,44123,Emilia-Romagna,Nord-est
Audi A3 A3 III 2016 Sportback Sportback 30 1.5 g-tron Business 131cv s-tronic,https://www.autoscout24.it/annunci/audi-a3-a3-iii-2016-sportback-sportback-30-1-5-g-tron-business-131cv-s-tronic-metano-nero-cat_ma9mo1624-41d7d0bd-dca4-408c-ba0e-8e2722324609,15800,6,2020,150000,automatico,Metano,150,Business,Base,,Privato,200,casorezzo,20003,Lombardia,Nord-ovest
Audi A3 A3 SPB 35 TDI S TRONIC,https://www.autoscout24.it/annunci/audi-a3-a3-spb-35-tdi-s-tronic-diesel-cat_ma9mo1624-e380c4d7-895c-442e-85f8-98ddeca37800,15900,6,2020,190000,automatico,Diesel,150,S,Performance,35 TDI,Privato,852,camastra,92020,Sicilia,Isole
Audi A3 A3 Sportback 35 2.0 tdi,https://www.autoscout24.it/annunci/audi-a3-a3-sportback-35-2-0-tdi-diesel-bianco-cat_ma9mo1624-81062db1-03e0-4bcf-b868-5a5caa9eb455,15990,6,2020,180000,automatico,Diesel,150,Sport,Middle,,Rivenditore,607,gravina puglia,70024,Puglia,Sud
Audi A3 A3 III 2016 Sportback Sportback 35 2.0 tdi Admired 150cv s-tronic,https://www.autoscout24.it/annunci/audi-a3-a3-iii-2016-sportback-sportback-35-2-0-tdi-admired-150cv-s-tronic-diesel-nero-cat_ma9mo1624-a483ca33-7bad-47ff-9ac3-b4ed172ffc26,16000,6,2020,215000,automatico,Diesel,150,Sport,Middle,,Privato,113,viareggio,55049,Toscana,Centro
Audi A3 A3 SPB 35 TDI S tronic Business,https://www.autoscout24.it/annunci/audi-a3-a3-spb-35-tdi-s-tronic-business-diesel-grigio-cat_ma9mo1624-5bbb492c-b23f-4c84-a283-7cc6e186ba5b,15990,6,2020,147717,automatico,Diesel,150,Business,Base,35 TDI,Rivenditore,824,cattolica eraclea,92011,Sicilia,Isole
Audi A3 SPB 35 TFSI COD S tronic Admired,https://www.autoscout24.it/annunci/audi-a3-spb-35-tfsi-cod-s-tronic-admired-benzina-blu-azzurro-cat_ma9mo1624-a20b6f51-0846-4b6e-9fc2-e39355096499,15500,6,2020,183000,automatico,Benzina,150,S,Performance,35 TFSI,Rivenditore,383,latina,4100,Lazio,Centro
Audi A3 A3 Sportback 30 1.0 tfsi Business,https://www.autoscout24.it/annunci/audi-a3-a3-sportback-30-1-0-tfsi-business-benzina-grigio-cat_ma9mo1624-21698c67-fe1d-40a4-8161-18040795c244,16900,5,2021,83100,manuale,Benzina,150,Business,Base,,Rivenditore,276,torino,10154,Piemonte,Nord-ovest
Audi A3 SPB 30 TDI S line edition,https://www.autoscout24.it/annunci/audi-a3-spb-30-tdi-s-line-edition-diesel-nero-cat_ma9mo1624-22ceed26-51c6-4d12-ae7b-b2ed8b40d2b3,16900,4,2022,140500,manuale,Diesel,150,S line,Sport,30 TDI,Rivenditore,141,adro,25030,Lombardia,Nord-ovest
Audi A3 35 2.0 tdi S line edition,https://www.autoscout24.it/annunci/audi-a3-35-2-0-tdi-s-line-edition-diesel-bianco-cat_ma9mo1624-7aee76e7-6131-4104-82c4-75f80e73170c,16900,6,2020,146500,manuale,Diesel,150,S line,Sport,,Rivenditore,121,piacenza,29122,Emilia-Romagna,Nord-est
Audi A3 III 2016 Sportback Sportback 35 2.0 TDI 150cv Business S tronic my,https://www.autoscout24.it/annunci/audi-a3-iii-2016-sportback-sportback-35-2-0-tdi-150cv-business-s-tronic-my-diesel-blu-azzurro-cat_ma9mo1624-7e66c87e-7444-4fc3-96bc-c416c9817cbb,16900,6,2020,117469,automatico,Diesel,150,Business,Base,,Rivenditore,163,conegliano,31015,Veneto,Nord-est
Audi A3 A3 (8V) Sportback Sportback 35 2.0 tdi Business 150cv s-tronic my19,https://www.autoscout24.it/annunci/audi-a3-a3-8v-sportback-sportback-35-2-0-tdi-business-150cv-s-tronic-my19-diesel-grigio-cat_ma9mo1624-b9a5b7e7-49df-43fa-83c7-84cb10a47227,16950,6,2020,119888,automatico,Diesel,150,Business,Base,,Rivenditore,192,lambrugo,22045,Lombardia,Nord-ovest
Audi A3 35 2.0 tdi Business 150cv s-tronic my20,https://www.autoscout24.it/annunci/audi-a3-35-2-0-tdi-business-150cv-s-tronic-my20-diesel-bianco-cat_ma9mo1624-0dade70e-1d82-4181-8a6b-7024eede9b95,16100,6,2020,120000,automatico,Diesel,150,Business,Base,,Rivenditore,121,ala,38061,Trentino-Alto Adige/Südtirol,Nord-est
Audi A3 Sedan 35 2.0 TDI  150 CV  S line,https://www.autoscout24.it/annunci/audi-a3-sedan-35-2-0-tdi-150-cv-s-line-diesel-nero-cat_ma9mo1624-71fde8ea-4c26-474c-8f94-a832c9fe3406,16590,6,2020,192720,automatico,Diesel,150,S line,Sport,,Rivenditore,111,calvagese riviera,25080,Lombardia,Nord-ovest
Audi A3 SPORTBACK 40 e-tron S tr. S-LINE C/GRIMALDI SP.DAY,https://www.autoscout24.it/annunci/audi-a3-sportback-40-e-tron-s-tr-s-line-c-grimaldi-sp-day-elettrica-benzina-grigio-cat_ma9mo1624-7626bc51-bc2f-4374-bf0a-ed09a9441465,16800,6,2020,76274,automatico,Ibrido,150,S line,Sport,,Rivenditore,193,vigevano,27029,Lombardia,Nord-ovest
Audi A3 Sportback 30 1.5 g-tron Business Advanced s-tronic,https://www.autoscout24.it/annunci/audi-a3-sportback-30-1-5-g-tron-business-advanced-s-tronic-metano-cat_ma9mo1624-031fcafe-4ada-4815-a7af-2fe300e398d1,17000,6,2020,150000,automatico,Metano,150,Business Advanced,Middle,,Privato,44,san benedetto po,46027,Lombardia,Nord-ovest
Audi A3 A3 III 2016 Sportback - A3 Sportback 40 1.4 tfsi e-tron Admired s-tronic,https://www.autoscout24.it/annunci/audi-a3-a3-iii-2016-sportback-a3-sportback-40-1-4-tfsi-e-tron-admired-s-tronic-elettrica-benzina-grigio-cat_ma9mo1624-928372f3-76a5-4df6-b35f-a8a444119ec4,16590,6,2020,76192,automatico,Ibrido,150,Sport,Middle,,Rivenditore,177,milano,20153,Lombardia,Nord-ovest
Audi A3 Sedan 30 2.0 tdi,https://www.autoscout24.it/annunci/audi-a3-sedan-30-2-0-tdi-diesel-cat_ma9mo1624-f34f5c2c-3826-45c3-8ce5-1c37256502e5,17000,5,2021,114000,manuale,Diesel,150,S,Performance,,Privato,276,torino,10136,Piemonte,Nord-ovest
Audi A3 A3 IV 2020 Sportback Sportback 30 2.0 tdi Business s-tronic,https://www.autoscout24.it/annunci/audi-a3-a3-iv-2020-sportback-sportback-30-2-0-tdi-business-s-tronic-diesel-grigio-cat_ma9mo1624-f5ee3c07-d759-43d3-8ad6-c168ab9f8a39,16990,4,2022,124975,automatico,Diesel,150,Business,Base,,Rivenditore,466,gambatesa,86013,Molise,Sud
Audi A3 Sportback 35 2.0 tdi Admired 150cv s-tronic,https://www.autoscout24.it/annunci/audi-a3-sportback-35-2-0-tdi-admired-150cv-s-tronic-diesel-cat_ma9mo1624-f9c1ecd2-fae0-42de-bb2e-6857f97dd84b,16900,6,2020,149000,automatico,Diesel,150,Sport,Middle,,Privato,715,brindisi,72100,Puglia,Sud
Audi A3 Sportback 40 1.4 tfsi e-tron Admired s-tronic,https://www.autoscout24.it/annunci/audi-a3-sportback-40-1-4-tfsi-e-tron-admired-s-tronic-elettrica-benzina-cat_ma9mo1624-cb98ac47-d8e5-4bb1-8f42-7dbe492dba08,16500,6,2020,112000,automatico,Ibrido,150,Sport,Middle,,Privato,201,alessandria,15122,Piemonte,Nord-ovest
Audi A3 SPB 30 TDI 116cv Business,https://www.autoscout24.it/annunci/audi-a3-spb-30-tdi-116cv-business-diesel-argento-cat_ma9mo1624-b3b32ab4-1bd9-4af3-848b-d9cc32a7843d,16900,5,2021,133500,manuale,Diesel,150,Business,Base,30 TDI,Rivenditore,20,castel maggiore,40013,Emilia-Romagna,Nord-est
Audi A3 Sportback 30 1.5 g-tron Business 131cv s-tronic,https://www.autoscout24.it/annunci/audi-a3-sportback-30-1-5-g-tron-business-131cv-s-tronic-metano-argento-cat_ma9mo1624-ed3665e6-7f68-4586-bd26-7dd6890971c5,17000,6,2020,99000,automatico,Metano,150,Business,Base,,Privato,520,castel san giorgio,84083,Campania,Sud
Audi A3 Sportback 30 2.0 tdi s-tronic,https://www.autoscout24.it/annunci/audi-a3-sportback-30-2-0-tdi-s-tronic-diesel-cat_ma9mo1624-1ff5d585-2872-43e1-846d-23e525717e2e,17000,4,2022,152390,automatico,Diesel,150,Sport,Middle,,Privato,150,siena,53100,Toscana,Centro
Audi A3 Sportback 35 2.0 tdi Admired 150cv s-tronic,https://www.autoscout24.it/annunci/audi-a3-sportback-35-2-0-tdi-admired-150cv-s-tronic-diesel-cat_ma9mo1624-45a29e91-bf29-4b27-91bf-50739e48ffcb,16800,6,2020,137000,automatico,Diesel,150,Sport,Middle,,Privato,286,cuneo,12100,Piemonte,Nord-ovest
Audi A3 35 2.0 tdi Admired 150cv s-tronic,https://www.autoscout24.it/annunci/audi-a3-35-2-0-tdi-admired-150cv-s-tronic-diesel-cat_ma9mo1624-82894092-839f-4962-a928-26fd68736402,16900,6,2020,145000,automatico,Diesel,150,S,Performance,,Privato,239,macerata,62100,Marche,Centro
Audi A3 AUDI A3 SPB 30 2.0 TDI 115cv CAM 2022,https://www.autoscout24.it/annunci/audi-a3-audi-a3-spb-30-2-0-tdi-115cv-cam-2022-diesel-grigio-cat_ma9mo1624-bc8af778-1d94-49dc-8049-e10ef6b72a65,16490,4,2022,189000,automatico,Diesel,150,S,Performance,,Rivenditore,713,manduria,74024,Puglia,Sud
Audi A3 A3 SPB 35 TDI S tronic Business Advanced,https://www.autoscout24.it/annunci/audi-a3-a3-spb-35-tdi-s-tronic-business-advanced-diesel-nero-cat_ma9mo1624-80a547bf-c54c-4053-bf8b-bb237bf96ede,16800,4,2022,190000,automatico,Diesel,150,Business Advanced,Middle,35 TDI,Rivenditore,95,forlimpopoli,47034,Emilia-Romagna,Nord-est
Audi A3 Sportback 30 1.5 g-tron Admired 131cv s-tronic,https://www.autoscout24.it/annunci/audi-a3-sportback-30-1-5-g-tron-admired-131cv-s-tronic-metano-grigio-cat_ma9mo1624-b347ab6c-90ef-4fd7-bbe1-b468ad2f9538,16500,6,2020,102000,automatico,Metano,150,Sport,Middle,,Privato,186,pordenone,33170,Friuli-Venezia Giulia,Nord-est
Audi A3 SPB 30 g-tron S tronic Business Advanced,https://www.autoscout24.it/annunci/audi-a3-spb-30-g-tron-s-tronic-business-advanced-metano-bianco-cat_ma9mo1624-631cd066-a9ca-49b9-a0ac-8d387c26d8ff,16900,5,2021,169000,automatico,Metano,150,Business Advanced,Middle,,Rivenditore,155,san dona piave,30027,Veneto,Nord-est
Audi A3 Audi A3 g-tron S tronic | R18 + doppio treno gomme | Tagliandi Audi,https://www.autoscout24.it/annunci/audi-a3-audi-a3-g-tron-s-tronic-r18-+-doppio-treno-gomme-tagliandi-audi-metano-bianco-cat_ma9mo1624-bc13362f-3a70-4ae0-9d14-e1b8986d30ed,16500,5,2021,195000,automatico,Metano,150,S,Performance,,Privato,239,macerata,62100,Marche,Centro
Audi A3 Business Navi,https://www.autoscout24.it/annunci/audi-a3-business-navi-diesel-cat_ma9mo1624-27100b35-9975-4d7f-ad4b-b2e7b06d4422,16900,6,2020,112000,automatico,Diesel,150,Business,Base,,Privato,27,rubiera,42048,Emilia-Romagna,Nord-est
Audi A3 Sportback 40 1.4 tfsi e-tron  s-tronic PROMO FINANZIAMENTO,https://www.autoscout24.it/annunci/audi-a3-sportback-40-1-4-tfsi-e-tron-s-tronic-promo-finanziamento-elettrica-benzina-blu-azzurro-cat_ma9mo1624-58ba9bd3-e0fb-4b10-abd1-5fab421e95c1,16900,6,2020,97500,automatico,Ibrido,150,Sport,Middle,,Rivenditore,326,roma,148,Lazio,Centro
Audi A3 A3 IV 2020 Sportback Sportback 35 2.0 tdi Business Advanced s-tronic,https://www.autoscout24.it/annunci/audi-a3-a3-iv-2020-sportback-sportback-35-2-0-tdi-business-advanced-s-tronic-diesel-blu-azzurro-cat_ma9mo1624-b1085a07-fcd0-474b-bc21-b18264635ff5,17000,6,2020,123337,automatico,Diesel,150,Business Advanced,Middle,,Privato,87,fidenza,43036,Emilia-Romagna,Nord-est
Audi A3 35 2.0 tdi Admired 150cv s-tronic,https://www.autoscout24.it/annunci/audi-a3-35-2-0-tdi-admired-150cv-s-tronic-diesel-cat_ma9mo1624-293d77d4-a31b-44c8-b777-389a06ae3427,16900,6,2020,145000,automatico,Diesel,150,S,Performance,,Privato,239,macerata,62100,Marche,Centro
Audi A3 A3 III 2016 Sportback Sportback 35 2.0 tdi Admired,https://www.autoscout24.it/annunci/audi-a3-a3-iii-2016-sportback-sportback-35-2-0-tdi-admired-diesel-grigio-cat_ma9mo1624-7055230a-8ad7-40c5-9cf5-97cc9916138f,16900,6,2020,180000,automatico,Diesel,150,Sport,Middle,,Rivenditore,241,romagnano sesia,28078,Piemonte,Nord-ovest
Audi A3 Sportback 30 TFSI,https://www.autoscout24.it/annunci/audi-a3-sportback-30-tfsi-benzina-bianco-cat_ma9mo1624-94ef5a46-612c-4b02-9790-eaea8a232c16,16500,6,2020,91000,manuale,Benzina,150,Sport,Middle,30 TFSI,Privato,262,biella,13900,Piemonte,Nord-ovest
Audi A3 A3 IV 2020 Sportback Sportback 35 2.0 tdi s-tronic,https://www.autoscout24.it/annunci/audi-a3-a3-iv-2020-sportback-sportback-35-2-0-tdi-s-tronic-diesel-bianco-cat_ma9mo1624-b6688fcf-54d0-4b5d-8cc6-e752695f0daa,16500,6,2020,240000,automatico,Diesel,150,Sport,Middle,,Privato,746,arnesano,73010,Puglia,Sud
Audi A3 Sportback 35 2.0 TDI Business 150 CV,https://www.autoscout24.it/annunci/audi-a3-sportback-35-2-0-tdi-business-150-cv-diesel-grigio-cat_ma9mo1624-efedf484-c999-4607-b392-d9a7aa2190c6,16900,6,2020,146852,automatico,Diesel,150,Business,Base,,Rivenditore,80,monselice,35043,Veneto,Nord-est
Audi A3 Sedan 35 1.5 tfsi mhev Edition One s-tronic,https://www.autoscout24.it/annunci/audi-a3-sedan-35-1-5-tfsi-mhev-edition-one-s-tronic-elettrica-benzina-cat_ma9mo1624-169a686c-37ed-44aa-9557-2da9e74bc125,16800,5,2021,191000,automatico,Ibrido,150,S,Performance,,Privato,911,ragusa,97100,Sicilia,Isole
Audi A3 Sportback 40 2.0 tdi Sport quattro 184cv s-tronic,https://www.autoscout24.it/annunci/audi-a3-sportback-40-2-0-tdi-sport-quattro-184cv-s-tronic-diesel-nero-cat_ma9mo1624-73757450-1103-4771-8133-a1aeb63f806c,16500,6,2020,179800,automatico,Diesel,150,Sport,Middle,,Rivenditore,723,avetrana,74020,Puglia,Sud
Audi A3 30 TDI Business,https://www.autoscout24.it/annunci/audi-a3-30-tdi-business-diesel-blu-azzurro-cat_ma9mo1624-373c843e-5f72-48f2-b766-ba02cc9f1733,16900,5,2021,210000,manuale,Diesel,150,Business,Base,30 TDI,Rivenditore,210,bastia umbra,6083,Umbria,Centro
Audi A3 A3 SPORTBACK 35 TDI S tronic Business,https://www.autoscout24.it/annunci/audi-a3-a3-sportback-35-tdi-s-tronic-business-diesel-cat_ma9mo1624-fada27fb-8468-4122-b151-0dadf5b05709,16500,6,2020,140000,automatico,Diesel,150,Business,Base,35 TDI,Privato,657,senise,85038,Basilicata,Sud
Audi A3 Audi A3 35 TDI S line,https://www.autoscout24.it/annunci/audi-a3-audi-a3-35-tdi-s-line-diesel-cat_ma9mo1624-1a6e8c3a-19be-4309-aa84-3d3f05d8ee00,17000,3,2023,54280,automatico,Diesel,150,S line,Sport,35 TDI,Privato,326,roma,191,Lazio,Centro
Audi A3 SPORTBACK 30 TFSI MHEV S TRONIC BUSINESS ADVANCED S.BACK 5 PORTE BERLINA,https://www.autoscout24.it/annunci/audi-a3-sportback-30-tfsi-mhev-s-tronic-business-advanced-s-back-5-porte-berlina-elettrica-benzina-cat_ma9mo1624-e6fc8771-bcd4-47f7-8c48-c354201d497f,17100,4,2022,145778,automatico,Ibrido,150,Business Advanced,Middle,30 TFSI,Rivenditore,160,bagnaria,27050,Lombardia,Nord-ovest
Audi A3 A3 IV 2023 Sportback Sportback 30 2.0 tdi S line edition s-tronic,https://www.autoscout24.it/annunci/audi-a3-a3-iv-2023-sportback-sportback-30-2-0-tdi-s-line-edition-s-tronic-diesel-grigio-cat_ma9mo1624-fece0412-1ab5-4fa6-a911-b1009609339f,17499,3,2023,200000,automatico,Diesel,150,S line,Sport,,Rivenditore,142,fara olivana con sola,24058,Lombardia,Nord-ovest
Audi A3 Sportback 35 2.0 tdi Business Advanced s-tronic,https://www.autoscout24.it/annunci/audi-a3-sportback-35-2-0-tdi-business-advanced-s-tronic-diesel-cat_ma9mo1624-42b2c5f7-c9e4-4fda-bfaf-06bb4d0e4ea9,18000,6,2020,147000,automatico,Diesel,150,Business Advanced,Middle,,Privato,169,san donato milanese,20097,Lombardia,Nord-ovest
Audi A3 Sportback 30 2.0 tdi Prezzo Netto.,https://www.autoscout24.it/annunci/audi-a3-sportback-30-2-0-tdi-prezzo-netto-diesel-bianco-cat_ma9mo1624-8ee67301-ad82-4040-ae2e-eed99d6db5c6,17500,5,2021,97000,manuale,Diesel,150,Sport,Middle,,Rivenditore,156,trento,38121,Trentino-Alto Adige/Südtirol,Nord-est
Audi A3 A3 Sportback 35 2.0 tdi Business s-tronic,https://www.autoscout24.it/annunci/audi-a3-a3-sportback-35-2-0-tdi-business-s-tronic-diesel-bianco-cat_ma9mo1624-89bf95ef-6f99-48f5-b196-bbb5fb918b27,17900,4,2022,102000,automatico,Diesel,150,Business,Base,,Privato,276,torino,10121,Piemonte,Nord-ovest
Audi A3 35 2.0 tdi s-tronic - Unipro - Promo Finanziamento - Audi Virtual Cockpit - Cerchi in lega,https://www.autoscout24.it/annunci/audi-a3-35-2-0-tdi-s-tronic-unipro-promo-finanziamento-audi-virtual-cockpit-cerchi-in-lega-diesel-nero-cat_ma9mo1624-b57133e7-e21a-49c1-9501-7d641c76d7b0,17990,6,2020,118000,automatico,Diesel,150,S,Performance,,Rivenditore,326,roma,178,Lazio,Centro
Audi A3 A3 Sportback 30 1.5 g-tron Admired 131cv s-tronic IVA ESPOSTA,https://www.autoscout24.it/annunci/audi-a3-a3-sportback-30-1-5-g-tron-admired-131cv-s-tronic-iva-esposta-metano-blu-azzurro-cat_ma9mo1624-cfe57013-2ca8-407c-8291-31fc542231fc,18000,6,2020,61500,automatico,Metano,150,Sport,Middle,,Rivenditore,142,palazzolo sull oglio,25036,Lombardia,Nord-ovest
Audi A3 30 TDI Sportback S tronic,https://www.autoscout24.it/annunci/audi-a3-30-tdi-sportback-s-tronic-diesel-nero-cat_ma9mo1624-47482b93-32eb-4601-a849-5ca4e7ddf11e,18000,4,2022,160000,automatico,Diesel,150,Sport,Middle,30 TDI,Privato,204,bolzano,39100,Trentino-Alto Adige/Südtirol,Nord-est
Audi A3 Sedan 30 1.6 tdi S-line-116cv-UNIPRO-TETTO-,https://www.autoscout24.it/annunci/audi-a3-sedan-30-1-6-tdi-s-line-116cv-unipro-tetto-diesel-cat_ma9mo1624-9886d0ad-0b1b-4191-9a33-ec009af7e44c,17990,6,2020,99000,manuale,Diesel,150,S line,Sport,,Rivenditore,326,roma,133,Lazio,Centro
Audi A3 30 2.0 tdi Business s-tronic,https://www.autoscout24.it/annunci/audi-a3-30-2-0-tdi-business-s-tronic-diesel-nero-cat_ma9mo1624-41af418f-1b42-46e4-bcad-2d385eed9323,17900,4,2022,125000,automatico,Diesel,150,Business,Base,,Rivenditore,270,settimo torinese,10036,Piemonte,Nord-ovest
Audi A3 SPB 30 TFSI S tronic Business,https://www.autoscout24.it/annunci/audi-a3-spb-30-tfsi-s-tronic-business-elettrica-benzina-grigio-cat_ma9mo1624-83143469-78c4-4561-9269-2297f5755b47,17900,4,2022,91830,automatico,Ibrido,150,Business,Base,30 TFSI,Rivenditore,125,resana,31023,Veneto,Nord-est
Audi A3 Sportback 30 1.5 g-tron Business Advanced s-tronic,https://www.autoscout24.it/annunci/audi-a3-sportback-30-1-5-g-tron-business-advanced-s-tronic-metano-cat_ma9mo1624-be5be40f-3f53-4913-9c29-c228fe6aeb1c,17990,5,2021,143000,automatico,Metano,150,Business Advanced,Middle,,Privato,626,acquaviva delle fonti,70021,Puglia,Sud
Audi A3 A3 Sportback 30 1.0 TFSI MHEV Business Advanced S-Tronic SLINE S LINE S-LINE EXTERIOR * 138.000 KM REALI *,https://www.autoscout24.it/annunci/audi-a3-a3-sportback-30-1-0-tfsi-mhev-business-advanced-s-tronic-sline-s-line-s-line-exterior-138-000-km-reali-elettrica-benzina-blu-azzurro-cat_ma9mo1624-59791979-06c1-4160-ba95-5336ac1658ea,17400,5,2021,130000,automatico,Ibrido,150,Business Advanced,Middle,,Rivenditore,190,lecco,23900,Lombardia,Nord-ovest
Audi A3 A3 SPB 35 TDI S tronic S line edition,https://www.autoscout24.it/annunci/audi-a3-a3-spb-35-tdi-s-tronic-s-line-edition-diesel-grigio-cat_ma9mo1624-ff3a4334-c151-43b4-b71c-d56f761c101c,17990,4,2022,149000,automatico,Diesel,150,S line,Sport,35 TDI,Rivenditore,215,bizzarone,22020,Lombardia,Nord-ovest
Audi A3 Sportback 35 1.5 tfsi Business Advanced,https://www.autoscout24.it/annunci/audi-a3-sportback-35-1-5-tfsi-business-advanced-benzina-cat_ma9mo1624-c303c057-6b1b-4f1c-b902-21d3300d1f8b,18000,5,2021,140000,manuale,Benzina,150,Business Advanced,Middle,,Privato,180,buccinasco,20090,Lombardia,Nord-ovest
Audi A3 A3 IV 2020 Sportback Sportback 30 2.0 tdi s-tronic,https://www.autoscout24.it/annunci/audi-a3-a3-iv-2020-sportback-sportback-30-2-0-tdi-s-tronic-diesel-bianco-cat_ma9mo1624-ea1c285a-e43d-4493-9fe8-fd24c394fd39,17999,4,2022,115000,automatico,Diesel,150,Sport,Middle,,Rivenditore,276,torino,10155,Piemonte,Nord-ovest
Audi A3 A3 IV 2020 Sportback Sportback 35 2.0 tdi Business,https://www.autoscout24.it/annunci/audi-a3-a3-iv-2020-sportback-sportback-35-2-0-tdi-business-diesel-nero-cat_ma9mo1624-03bad514-96e4-4301-a2c9-b5e0d5303eff,18000,6,2020,176000,automatico,Diesel,150,Business,Base,,Privato,218,casale monferrato,15033,Piemonte,Nord-ovest
Audi A3 Sportback 30 1.0 tfsi Sport 116cv,https://www.autoscout24.it/annunci/audi-a3-sportback-30-1-0-tfsi-sport-116cv-benzina-cat_ma9mo1624-0b82fcb1-f590-41dc-bbef-1391e094604e,18000,1,2025,60000,manuale,Benzina,150,Sport,Middle,,Privato,478,capodrise,81020,Campania,Sud
Audi A3 A3 Sportback 30 1.6 tdi Admired 116cv,https://www.autoscout24.it/annunci/audi-a3-a3-sportback-30-1-6-tdi-admired-116cv-diesel-nero-cat_ma9mo1624-c5479cdd-7c7a-497a-890a-374201c4239c,17900,6,2020,94000,manuale,Diesel,150,Sport,Middle,,Privato,278,rivarolo canavese,10086,Piemonte,Nord-ovest
Audi A3 A3 IV 2020 Sportback Sportback 35 2.0 tdi s-tronic,https://www.autoscout24.it/annunci/audi-a3-a3-iv-2020-sportback-sportback-35-2-0-tdi-s-tronic-diesel-blu-azzurro-cat_ma9mo1624-9b1d8e4d-412a-4d3f-a43f-e468b2640016,18000,6,2020,143962,automatico,Diesel,150,Sport,Middle,,Privato,69,langhirano,43013,Emilia-Romagna,Nord-est
Audi A3 Sportback 30 1.5 g-tron Admired 131cv s-tronic my2,https://www.autoscout24.it/annunci/audi-a3-sportback-30-1-5-g-tron-admired-131cv-s-tronic-my2-metano-cat_ma9mo1624-c071dbc3-c26b-43d4-802d-b1eefd399954,18000,6,2020,74500,automatico,Metano,150,Sport,Middle,,Privato,229,osimo,60027,Marche,Centro
Audi A3 35 TDI Admired S tronic S-line,https://www.autoscout24.it/annunci/audi-a3-35-tdi-admired-s-tronic-s-line-diesel-cat_ma9mo1624-2c224a7f-5ddf-4163-8930-809af4753bd7,18000,6,2020,108000,automatico,Diesel,150,S line,Sport,35 TDI,Privato,229,gavirate,21026,Lombardia,Nord-ovest
Audi A3 A3 Sportback 30 2.0 tdi,https://www.autoscout24.it/annunci/audi-a3-a3-sportback-30-2-0-tdi-diesel-bianco-cat_ma9mo1624-7c219cf1-03d9-49c2-8e5e-22c65e8ab99a,17500,4,2022,148000,manuale,Diesel,150,Sport,Middle,,Privato,134,pertica bassa,25078,Lombardia,Nord-ovest
Audi A3 A3 Sportback 30 1.0 TFSI MHEV Business Advanced S-Tronic SLINE S LINE S-LINE EXTERIOR * 138.000 KM REALI *,https://www.autoscout24.it/annunci/audi-a3-a3-sportback-30-1-0-tfsi-mhev-business-advanced-s-tronic-sline-s-line-s-line-exterior-138-000-km-reali-benzina-blu-azzurro-cat_ma9mo1624-b993b3eb-b7ab-4280-991a-315bb7fe9bac,17400,5,2021,130000,automatico,Benzina,150,Business Advanced,Middle,,Rivenditore,190,lecco,23900,Lombardia,Nord-ovest
Audi A3 SPB 35 TDI S tronic Business,https://www.autoscout24.it/annunci/audi-a3-spb-35-tdi-s-tronic-business-diesel-bianco-cat_ma9mo1624-8eac1179-0b6d-4408-9281-662d58397012,17500,4,2022,167000,automatico,Diesel,150,Business,Base,35 TDI,Rivenditore,695,san michele salentino,72018,Puglia,Sud
Audi A3 A3 Sportback 30 1.6 tdi Sport 116cv,https://www.autoscout24.it/annunci/audi-a3-a3-sportback-30-1-6-tdi-sport-116cv-diesel-bianco-cat_ma9mo1624-11888f7b-73be-47d6-918b-0652c002fff6,17300,6,2020,134813,manuale,Diesel,150,Sport,Middle,,Privato,218,casale monferrato,15033,Piemonte,Nord-ovest
Audi A3 SPB 30 TDI Business Advanced,https://www.autoscout24.it/annunci/audi-a3-spb-30-tdi-business-advanced-diesel-bianco-cat_ma9mo1624-f103da2e-0688-48e3-8820-d243af10e1fd,17790,5,2021,143000,manuale,Diesel,150,Business Advanced,Middle,30 TDI,Rivenditore,690,grottaglie,74023,Puglia,Sud
Audi A3 Sedan 35 2.0 tdi Business Advanced s-tronic,https://www.autoscout24.it/annunci/audi-a3-sedan-35-2-0-tdi-business-advanced-s-tronic-diesel-cat_ma9mo1624-b7c64071-73ae-4eaa-bdfc-1392afde17d3,17500,4,2022,185000,automatico,Diesel,150,Business Advanced,Middle,,Rivenditore,147,adrara san martino,24060,Lombardia,Nord-ovest
Audi A3 A3 IV 2020 Sportback Sportback 30 2.0 tdi Business Advanced s-tronic,https://www.autoscout24.it/annunci/audi-a3-a3-iv-2020-sportback-sportback-30-2-0-tdi-business-advanced-s-tronic-diesel-cat_ma9mo1624-18cf60f2-446d-494a-bf84-9a059b5f3d9d,18000,3,2023,180000,automatico,Diesel,150,Business Advanced,Middle,,Privato,774,amato,88040,Calabria,Sud
Audi A3 SPB 30 TDI Admired+MANUALE+EURO 6D+ BELLISSIMA!!,https://www.autoscout24.it/annunci/audi-a3-spb-30-tdi-admired+manuale+euro-6d+-bellissima-diesel-bianco-cat_ma9mo1624-cb5f2bae-068a-4c03-bf0d-0c9737d63393,17990,6,2020,90000,manuale,Diesel,150,S,Performance,30 TDI,Rivenditore,149,caravaggio,24043,Lombardia,Nord-ovest
Audi A3 A3 IV 2020 Sportback Sportback 35 2.0 tdi Business Advanced s-tronic,https://www.autoscout24.it/annunci/audi-a3-a3-iv-2020-sportback-sportback-35-2-0-tdi-business-advanced-s-tronic-diesel-blu-azzurro-cat_ma9mo1624-4f10dbe1-278f-46d2-941c-6f7b09cbf10b,18000,6,2020,123337,automatico,Diesel,150,Business Advanced,Middle,,Privato,87,fidenza,43036,Emilia-Romagna,Nord-est
Audi A3 A3 Sportback 30 2.0 tdi Business Advanced,https://www.autoscout24.it/annunci/audi-a3-a3-sportback-30-2-0-tdi-business-advanced-diesel-argento-cat_ma9mo1624-bf7fa5af-a57d-4375-b702-d3eaf4e50e18,17900,6,2020,119461,manuale,Diesel,150,Business Advanced,Middle,,Rivenditore,259,bra,12042,Piemonte,Nord-ovest
Audi A3 A3 SPB 35 TDI S tronic Sport,https://www.autoscout24.it/annunci/audi-a3-a3-spb-35-tdi-s-tronic-sport-diesel-grigio-cat_ma9mo1624-d52da37f-eab7-4be7-9508-4020a03739aa,17800,6,2020,120000,automatico,Diesel,150,Sport,Middle,35 TDI,Rivenditore,638,conversano,70014,Puglia,Sud
Audi A3 30 2.0 TDI 115CV S-tronic Business - IVA ESPOSTA,https://www.autoscout24.it/annunci/audi-a3-30-2-0-tdi-115cv-s-tronic-business-iva-esposta-diesel-bianco-cat_ma9mo1624-df6f414e-a48d-4663-b0b5-9896bb92fe4a,17900,4,2022,173014,automatico,Diesel,150,Business,Base,,Rivenditore,89,ravenna,48122,Emilia-Romagna,Nord-est
Audi A3 A3 IV 2020 Sportback Sportback 35 2.0 tdi s-tronic,https://www.autoscout24.it/annunci/audi-a3-a3-iv-2020-sportback-sportback-35-2-0-tdi-s-tronic-diesel-cat_ma9mo1624-f55bdec4-818d-4ee9-8994-c7e33724497d,17900,5,2021,178000,automatico,Diesel,150,Sport,Middle,,Rivenditore,232,albano vercellese,13030,Piemonte,Nord-ovest
Audi A3 SPB 35 TDI S tronic,https://www.autoscout24.it/annunci/audi-a3-spb-35-tdi-s-tronic-diesel-grigio-cat_ma9mo1624-9d1e0492-920a-4640-bae3-aba7dbcf6f3c,17800,6,2020,123000,automatico,Diesel,150,S,Performance,35 TDI,Rivenditore,695,san michele salentino,72018,Puglia,Sud
Audi A3 SPB 30 TDI Business,https://www.autoscout24.it/annunci/audi-a3-spb-30-tdi-business-diesel-blu-azzurro-cat_ma9mo1624-681dbff2-2c5a-40bd-932a-fd3f0310de32,17700,5,2021,136246,manuale,Diesel,150,Business,Base,30 TDI,Rivenditore,40,reggio emilia,42122,Emilia-Romagna,Nord-est
Audi A3 s line,https://www.autoscout24.it/annunci/audi-a3-s-line-diesel-cat_ma9mo1624-1048d924-8ded-4eb2-8426-6de306f39a23,18000,6,2020,105000,automatico,Diesel,150,S line,Sport,,Privato,750,palermo,90123,Sicilia,Isole
Audi A3 Sportback 30 1.0 tfsi mhev Business Advanced s-tro,https://www.autoscout24.it/annunci/audi-a3-sportback-30-1-0-tfsi-mhev-business-advanced-s-tro-elettrica-benzina-cat_ma9mo1624-8c52b01c-c162-4840-a270-e52c510e4072,17500,4,2022,140000,automatico,Ibrido,150,Business Advanced,Middle,,Rivenditore,490,acerra,80011,Campania,Sud
Audi A3 Sportback 30 1.6 TDI Business 116cv,https://www.autoscout24.it/annunci/audi-a3-sportback-30-1-6-tdi-business-116cv-diesel-nero-cat_ma9mo1624-f2d588ed-a967-4032-b743-5b72007bd6cd,17746,6,2020,107272,manuale,Diesel,150,Business,Base,,Rivenditore,245,alba,12051,Piemonte,Nord-ovest
Audi A3 Sportback 40 1.4 tfsi e-tron Admired s-tronic,https://www.autoscout24.it/annunci/audi-a3-sportback-40-1-4-tfsi-e-tron-admired-s-tronic-elettrica-benzina-cat_ma9mo1624-1b6a9176-622a-4f55-b1ee-1df7a2e9c3ca,18000,6,2020,90000,automatico,Ibrido,150,Sport,Middle,,Privato,74,alfonsine,48011,Emilia-Romagna,Nord-est
Audi A3 Audi A3 S-tronic,https://www.autoscout24.it/annunci/audi-a3-audi-a3-s-tronic-diesel-cat_ma9mo1624-33575bf5-f3f0-4cc1-8314-fea06a22f4a0,17500,6,2020,132000,automatico,Diesel,150,S,Performance,,Privato,326,roma,186,Lazio,Centro
Audi A3 A3 IV 2020 Sportback Sportback 30 1.0 tfsi,https://www.autoscout24.it/annunci/audi-a3-a3-iv-2020-sportback-sportback-30-1-0-tfsi-benzina-bianco-cat_ma9mo1624-d9097e7f-7803-42ac-af7c-3f71f4bd08d1,18000,6,2020,113000,manuale,Benzina,150,Sport,Middle,,Privato,169,cavenago brianza,20873,Lombardia,Nord-ovest
Audi A3 SPB 30 g-tron S tronic Business Advanced,https://www.autoscout24.it/annunci/audi-a3-spb-30-g-tron-s-tronic-business-advanced-metano-nero-cat_ma9mo1624-8f941fc7-98ae-4086-b216-f471c9984a4b,17500,6,2020,150000,automatico,Metano,150,Business Advanced,Middle,,Rivenditore,36,ozzano emilia,40064,Emilia-Romagna,Nord-est
Audi A3 A3 IV 2020 Sportback Sportback 30 1.5 g-tron Business s-tronic,https://www.autoscout24.it/annunci/audi-a3-a3-iv-2020-sportback-sportback-30-1-5-g-tron-business-s-tronic-metano-grigio-cat_ma9mo1624-ab8a7faa-009d-461c-b655-7e710e2b1e20,17500,5,2021,230000,automatico,Metano,150,Business,Base,,Privato,147,adrara san martino,24060,Lombardia,Nord-ovest
Audi A3 Sportback 35 2.0 tdi S line Edition s-tronic,https://www.autoscout24.it/annunci/audi-a3-sportback-35-2-0-tdi-s-line-edition-s-tronic-diesel-grigio-cat_ma9mo1624-2bd4213c-f8ed-4ec3-9947-a319b70fd538,17800,4,2022,193000,automatico,Diesel,150,S line,Sport,,Rivenditore,193,vigevano,27029,Lombardia,Nord-ovest
Audi A3 SPB 30 TFSI S tronic,https://www.autoscout24.it/annunci/audi-a3-spb-30-tfsi-s-tronic-elettrica-benzina-nero-cat_ma9mo1624-77f54400-ddb5-416f-a0fd-0591d30e1d3f,18990,5,2021,98291,automatico,Ibrido,150,S,Performance,30 TFSI,Rivenditore,276,torino,10148,Piemonte,Nord-ovest
Audi A3 30 1.0 tfsi S line edition - PROMO,https://www.autoscout24.it/annunci/audi-a3-30-1-0-tfsi-s-line-edition-promo-benzina-bianco-cat_ma9mo1624-c8e7b60f-e7d0-414d-b5fb-339c643144e5,18990,5,2021,125691,manuale,Benzina,150,S line,Sport,,Rivenditore,276,torino,10151,Piemonte,Nord-ovest
Audi A3 30 1.0 tfsi mhev Business s-tronic,https://www.autoscout24.it/annunci/audi-a3-30-1-0-tfsi-mhev-business-s-tronic-elettrica-benzina-grigio-cat_ma9mo1624-a772a7a0-a442-4d4a-8272-f500cad93196,18900,4,2022,105500,automatico,Ibrido,150,Business,Base,,Rivenditore,276,torino,10142,Piemonte,Nord-ovest
Audi A3 Business Advanced 1.5 35 TFSI MHEV,https://www.autoscout24.it/annunci/audi-a3-business-advanced-1-5-35-tfsi-mhev-benzina-grigio-cat_ma9mo1624-398c86c9-7a11-4961-b26a-2f3b8870a066,18900,6,2020,126000,automatico,Benzina,150,Business Advanced,Middle,35 TFSI MHEV,Rivenditore,111,calvagese riviera,25080,Lombardia,Nord-ovest
Audi A3 A3 SPB 30 TDI S line edition iva deducibile,https://www.autoscout24.it/annunci/audi-a3-a3-spb-30-tdi-s-line-edition-iva-deducibile-diesel-nero-cat_ma9mo1624-920701a1-0119-4928-90c9-0ec21dffd40c,18500,4,2022,111000,manuale,Diesel,150,S line,Sport,30 TDI,Rivenditore,463,cancello ed arnone,81030,Campania,Sud
Audi A3 A3 Sportback 35 1.5 tfsi mhev s-tronic,https://www.autoscout24.it/annunci/audi-a3-a3-sportback-35-1-5-tfsi-mhev-s-tronic-elettrica-benzina-grigio-cat_ma9mo1624-b6ca4d08-d39b-4e54-8c47-64b8fa3f6261,18900,4,2022,190000,automatico,Ibrido,150,Sport,Middle,,Rivenditore,490,casoria,80026,Campania,Sud
Audi A3 Sportback 35 2.0 tdi s-tronic,https://www.autoscout24.it/annunci/audi-a3-sportback-35-2-0-tdi-s-tronic-diesel-grigio-cat_ma9mo1624-f87b9429-1dff-4fa0-9e68-eab1608adebd,19000,4,2022,118000,automatico,Diesel,150,Sport,Middle,,Rivenditore,193,vigevano,27029,Lombardia,Nord-ovest
Audi A3 30 TFSI S tronic Business PROMO,https://www.autoscout24.it/annunci/audi-a3-30-tfsi-s-tronic-business-promo-benzina-cat_ma9mo1624-e30f15da-3414-40e3-b005-e122bd150ee6,18900,5,2021,49369,automatico,Benzina,150,Business,Base,30 TFSI,Rivenditore,290,airasca,10060,Piemonte,Nord-ovest
Audi A3 2.0 tdi 150cv advance business s-tronik,https://www.autoscout24.it/annunci/audi-a3-2-0-tdi-150cv-advance-business-s-tronik-diesel-cat_ma9mo1624-80793f52-5141-4fe9-a681-fa7d9202e685,19000,6,2020,80000,automatico,Diesel,150,Business,Base,,Privato,498,cercola,80040,Campania,Sud
Audi A3 Sportback 30 1.0 tfsi mhev Edition One s-tronic,https://www.autoscout24.it/annunci/audi-a3-sportback-30-1-0-tfsi-mhev-edition-one-s-tronic-elettrica-benzina-cat_ma9mo1624-95293b59-948d-4a5f-a7ee-0e9e4e2aecdc,18499,5,2021,97000,automatico,Ibrido,150,Sport,Middle,,Privato,147,adrara san martino,24060,Lombardia,Nord-ovest
Audi A3 Audi A3 35 Tfsi,https://www.autoscout24.it/annunci/audi-a3-audi-a3-35-tfsi-benzina-cat_ma9mo1624-a5e8f4c3-6770-48e7-9d0b-fe0175f6a947,19000,6,2020,90000,automatico,Benzina,150,S,Performance,35 TFSI,Privato,386,isola liri,3036,Lazio,Centro
Audi A3 30 g-tron S tronic Garanzia Audi 02/2028,https://www.autoscout24.it/annunci/audi-a3-30-g-tron-s-tronic-garanzia-audi-02-2028-metano-nero-cat_ma9mo1624-4e778ff6-f08f-4d94-8a83-c0ade3aaab18,18900,6,2020,96000,automatico,Metano,150,S,Performance,,Privato,13,anzola emilia,40011,Emilia-Romagna,Nord-est
Audi A3 Sportback 35 2.0 tdi Business 150,https://www.autoscout24.it/annunci/audi-a3-sportback-35-2-0-tdi-business-150-diesel-argento-cat_ma9mo1624-6edffbaa-91cb-4bb1-ab22-c06a088e9f8f,18200,6,2020,69999,automatico,Diesel,150,Business,Base,,Rivenditore,92,sesto fiorentino,50019,Toscana,Centro
Audi A3 30 1.5 g-tron Admired 131cv s-tronic,https://www.autoscout24.it/annunci/audi-a3-30-1-5-g-tron-admired-131cv-s-tronic-metano-cat_ma9mo1624-27db2c08-5eaf-475c-9663-76a63db2af82,19000,6,2020,60601,automatico,Metano,150,S,Performance,,Rivenditore,266,fermo,63900,Marche,Centro
Audi A3 Sportback 35 2.0 tdi  Advanced s-tronic 5 ANNI GARANZIA,https://www.autoscout24.it/annunci/audi-a3-sportback-35-2-0-tdi-advanced-s-tronic-5-anni-garanzia-diesel-bianco-cat_ma9mo1624-670532f6-e1fb-41b9-9c27-c87e7779dfee,18900,4,2022,100000,automatico,Diesel,150,Advanced,Middle,,Rivenditore,377,anzio,42,Lazio,Centro
"Audi A3 Sportback 40 1.4 tfsi e, PLUG-IN!",https://www.autoscout24.it/annunci/audi-a3-sportback-40-1-4-tfsi-e-plug-in-elettrica-benzina-blu-azzurro-cat_ma9mo1624-bf055f90-9e7a-4806-8bd8-d6c1f59ec805,18900,5,2021,120000,automatico,Ibrido,150,Sport,Middle,,Rivenditore,204,codroipo,33033,Friuli-Venezia Giulia,Nord-est
Audi A3 SPB 35 TFSI 150CV *UNICO PROP.*ITALIANA*,https://www.autoscout24.it/annunci/audi-a3-spb-35-tfsi-150cv-unico-prop-italiana-benzina-blu-azzurro-cat_ma9mo1624-42e68e56-2c74-4715-8f64-3e47fad6295d,18490,4,2022,82682,manuale,Benzina,150,S,Performance,35 TFSI,Rivenditore,175,cologno monzese,20093,Lombardia,Nord-ovest
Audi A3 A3 Sportback 30 1.0 tfsi Business,https://www.autoscout24.it/annunci/audi-a3-a3-sportback-30-1-0-tfsi-business-benzina-grigio-cat_ma9mo1624-010c8906-e2b1-469f-b36e-644e4f102a46,18950,5,2021,41052,manuale,Benzina,150,Business,Base,,Rivenditore,276,torino,10141,Piemonte,Nord-ovest
Audi A3 35 2.0 tdi s-tronic,https://www.autoscout24.it/annunci/audi-a3-35-2-0-tdi-s-tronic-diesel-giallo-cat_ma9mo1624-2338dcc1-ca2e-476a-b4e8-a05071a85ca8,18300,5,2021,142000,automatico,Diesel,150,S,Performance,,Privato,182,sannazzaro de burgondi,27039,Lombardia,Nord-ovest
Audi A3 A3 IV 2020 Sportback Sportback 30 2.0 tdi Business,https://www.autoscout24.it/annunci/audi-a3-a3-iv-2020-sportback-sportback-30-2-0-tdi-business-diesel-blu-azzurro-cat_ma9mo1624-c0fdc5fb-c1dc-4125-9341-c5eca450fbf7,18900,6,2020,141000,manuale,Diesel,150,Business,Base,,Privato,109,fiesso d artico,30032,Veneto,Nord-est
Audi A3 A3 Sportback 35 TDI 2.0 150 CV S tronic Admire,https://www.autoscout24.it/annunci/audi-a3-a3-sportback-35-tdi-2-0-150-cv-s-tronic-admire-diesel-cat_ma9mo1624-a0834d92-313c-4b44-aa2b-bc973726efc0,18500,5,2021,116000,automatico,Diesel,150,Sport,Middle,35 TDI,Privato,337,casape,10,Lazio,Centro
Audi A3 Sportback 30 1.5 g-tron Sport 131cv s-tronic,https://www.autoscout24.it/annunci/audi-a3-sportback-30-1-5-g-tron-sport-131cv-s-tronic-metano-cat_ma9mo1624-5ca91513-a30a-45e9-89e2-0914d7147bf8,18900,5,2021,130000,automatico,Metano,150,Sport,Middle,,Privato,180,buccinasco,20090,Lombardia,Nord-ovest
Audi A3 SPB 35 1.5 TFSI S line Edition S-tronic,https://www.autoscout24.it/annunci/audi-a3-spb-35-1-5-tfsi-s-line-edition-s-tronic-elettrica-benzina-nero-cat_ma9mo1624-6f0f015d-099b-40ee-a4d4-870346015228,18200,6,2020,137000,automatico,Ibrido,150,S line,Sport,,Rivenditore,180,buccinasco,20090,Lombardia,Nord-ovest
"Audi A3 SPORTBACK 40 e-tron S tronic S-LINE 18"" PLUG IN",https://www.autoscout24.it/annunci/audi-a3-sportback-40-e-tron-s-tronic-s-line-18-plug-in-elettrica-benzina-grigio-cat_ma9mo1624-ba5c46dd-721f-4e6d-8dfd-27cc06ed084b,18800,6,2020,76274,automatico,Ibrido,150,S line,Sport,,Rivenditore,193,vigevano,27029,Lombardia,Nord-ovest
Audi A3 A3 III 2016 Sportback Sportback 35 2.0 tdi Admired,https://www.autoscout24.it/annunci/audi-a3-a3-iii-2016-sportback-sportback-35-2-0-tdi-admired-diesel-nero-cat_ma9mo1624-754dacd8-fc5d-4dba-99f9-4e4b941e9571,19000,6,2020,92500,automatico,Diesel,150,Sport,Middle,,Privato,177,milano,20131,Lombardia,Nord-ovest
Audi A3 30 g-tron S tronic Garanzia Audi 02/2028,https://www.autoscout24.it/annunci/audi-a3-30-g-tron-s-tronic-garanzia-audi-02-2028-metano-cat_ma9mo1624-4e764940-0c82-4a2a-b6e6-c7edb93085d5,18900,6,2020,96000,automatico,Metano,150,S,Performance,,Privato,13,anzola emilia,40011,Emilia-Romagna,Nord-est
Audi A3 A3 Sportback 35 1.5 tfsi Admired 150cv my20,https://www.autoscout24.it/annunci/audi-a3-a3-sportback-35-1-5-tfsi-admired-150cv-my20-benzina-bianco-cat_ma9mo1624-49997108-71cf-4c64-b960-e407b28692fb,19000,6,2020,130000,automatico,Benzina,150,Sport,Middle,,Privato,204,cosio valtellino,23013,Lombardia,Nord-ovest
Audi A3 A3 Sedan 30 TDI S tronic Business Advanced,https://www.autoscout24.it/annunci/audi-a3-a3-sedan-30-tdi-s-tronic-business-advanced-diesel-argento-cat_ma9mo1624-9336d848-acc2-4af4-bc85-1d26da058b0a,18499,5,2021,115000,automatico,Diesel,150,Business Advanced,Middle,30 TDI,Rivenditore,519,montoro,83025,Campania,Sud
Audi A3 A3 SPB 35 TDI S tronic S line edition,https://www.autoscout24.it/annunci/audi-a3-a3-spb-35-tdi-s-tronic-s-line-edition-diesel-blu-azzurro-cat_ma9mo1624-66cd892a-3e23-4f9b-9ca8-437bb74e53d9,18499,6,2020,154000,automatico,Diesel,150,S line,Sport,35 TDI,Rivenditore,106,empoli,50053,Toscana,Centro
Audi A3 Sportback 30 2.0 tdi Business 116cv my20,https://www.autoscout24.it/annunci/audi-a3-sportback-30-2-0-tdi-business-116cv-my20-diesel-cat_ma9mo1624-ea2df0b0-32f3-47d3-9b9f-215b19193413,19000,6,2020,96000,manuale,Diesel,150,Business,Base,,Privato,293,san biagio cima,18036,Liguria,Nord-ovest
Audi A3 Sportback 35 2.0 tdi Business Advanced s-tronic,https://www.autoscout24.it/annunci/audi-a3-sportback-35-2-0-tdi-business-advanced-s-tronic-diesel-cat_ma9mo1624-2d46172c-36e2-414a-8091-10fcc65aad63,18999,5,2021,163000,automatico,Diesel,150,Business Advanced,Middle,,Privato,592,atena lucana,84030,Campania,Sud
Audi A3 Sportback 35 2.0 tdi s-tronic - CERTIFICATO AUDI,https://www.autoscout24.it/annunci/audi-a3-sportback-35-2-0-tdi-s-tronic-certificato-audi-diesel-grigio-cat_ma9mo1624-f5017796-3f58-4d68-9902-9c1e75ec7114,18790,5,2021,129000,automatico,Diesel,150,Sport,Middle,,Rivenditore,326,roma,175,Lazio,Centro
Audi A3 A3 IV 2020 Sportback Sportback 30 2.0 tdi Business Advanced,https://www.autoscout24.it/annunci/audi-a3-a3-iv-2020-sportback-sportback-30-2-0-tdi-business-advanced-diesel-argento-cat_ma9mo1624-8570980b-3092-43b3-ad8e-e824f620a810,18900,5,2021,105000,manuale,Diesel,150,Business Advanced,Middle,,Rivenditore,177,genova,16164,Liguria,Nord-ovest
Audi A3 A3 IV 2020 Sportback Sportback 30 2.0 tdi Business Advanced,https://www.autoscout24.it/annunci/audi-a3-a3-iv-2020-sportback-sportback-30-2-0-tdi-business-advanced-diesel-argento-cat_ma9mo1624-cc2811db-bb2e-492c-8ab7-d65d350e0459,19000,6,2020,80000,manuale,Diesel,150,Business Advanced,Middle,,Rivenditore,89,ravenna,48124,Emilia-Romagna,Nord-est
Audi A3 Sportback 35 1.5 tfsi mhev Business s-tronic,https://www.autoscout24.it/annunci/audi-a3-sportback-35-1-5-tfsi-mhev-business-s-tronic-elettrica-benzina-nero-cat_ma9mo1624-d10545bd-4477-461d-8e17-c9a84a6ad336,18400,5,2021,125898,automatico,Ibrido,150,Business,Base,,Rivenditore,127,venezia,30173,Veneto,Nord-est
Audi A3 Sportback 35 2.0 tdi Business s-tronic,https://www.autoscout24.it/annunci/audi-a3-sportback-35-2-0-tdi-business-s-tronic-diesel-argento-cat_ma9mo1624-dbd2619f-2a5d-4b86-8617-dc09afdc230a,18990,5,2021,106970,automatico,Diesel,150,Business,Base,,Rivenditore,552,eboli,84025,Campania,Sud
Audi A3 Sportback 40 1.4 tfsi e-tron Admired s-tronic,https://www.autoscout24.it/annunci/audi-a3-sportback-40-1-4-tfsi-e-tron-admired-s-tronic-elettrica-benzina-cat_ma9mo1624-3c4dfc10-6bd6-4130-a3d7-80d06b3608b6,18300,6,2020,63000,automatico,Ibrido,150,Sport,Middle,,Privato,218,casale monferrato,15033,Piemonte,Nord-ovest
Audi A3 4ª serie - A3 Sedan 35 TDI S tronic S line edition,https://www.autoscout24.it/annunci/audi-a3-4-serie-a3-sedan-35-tdi-s-tronic-s-line-edition-diesel-blu-azzurro-cat_ma9mo1624-fdfc141f-6904-4531-8859-78463c0324c6,18499,6,2020,154000,automatico,Diesel,150,S line,Sport,35 TDI,Rivenditore,99,firenze,50142,Toscana,Centro
Audi A3 A3 IV 2020 SportbackSportback 30 1.0 tfsi mhev s-tronic,https://www.autoscout24.it/annunci/audi-a3-a3-iv-2020-sportbacksportback-30-1-0-tfsi-mhev-s-tronic-elettrica-benzina-nero-cat_ma9mo1624-dd829682-881b-4e79-a49e-31b8a2a2733c,18900,5,2021,119000,automatico,Ibrido,150,Sport,Middle,,Privato,40,reggio emilia,42122,Emilia-Romagna,Nord-est
Audi A3 Sportback 30 1.0 tfsi Business 116cv,https://www.autoscout24.it/annunci/audi-a3-sportback-30-1-0-tfsi-business-116cv-benzina-cat_ma9mo1624-51156b07-eb53-4fd0-8974-86fbf0ec3bd5,18500,6,2020,83000,manuale,Benzina,150,Business,Base,,Privato,337,casape,10,Lazio,Centro
Audi A3 A3 IV 2020 Sportback Sportback 30 2.0 tdi Business s-tronic,https://www.autoscout24.it/annunci/audi-a3-a3-iv-2020-sportback-sportback-30-2-0-tdi-business-s-tronic-diesel-bianco-cat_ma9mo1624-8cd081af-fe19-410f-b7e3-84d1e7828f02,18500,2,2024,250000,automatico,Diesel,150,Business,Base,,Privato,141,treviso,31100,Veneto,Nord-est
Audi A3 SPB 30 TFSI Business Advanced,https://www.autoscout24.it/annunci/audi-a3-spb-30-tfsi-business-advanced-benzina-grigio-cat_ma9mo1624-950e7f3f-81c7-4c0b-8fd7-0175afeefd6e,18900,5,2021,99000,manuale,Benzina,150,Business Advanced,Middle,30 TFSI,Rivenditore,25,bologna,40138,Emilia-Romagna,Nord-est
Audi A3 A3 III 2016 Sportback Sportback 30 1.6 tdi Admired 116cv my20,https://www.autoscout24.it/annunci/audi-a3-a3-iii-2016-sportback-sportback-30-1-6-tdi-admired-116cv-my20-diesel-nero-cat_ma9mo1624-951b678e-d284-448f-ae92-2eaefecb7ea5,18500,6,2020,108000,manuale,Diesel,150,Sport,Middle,,Rivenditore,200,perugia,6132,Umbria,Centro
Audi A3 A3 III Sportback Sportback 40 1.4 tfsi e-tron Admired s-tronic,https://www.autoscout24.it/annunci/audi-a3-a3-iii-sportback-sportback-40-1-4-tfsi-e-tron-admired-s-tronic-elettrica-benzina-nero-cat_ma9mo1624-2b99cd93-68b9-496d-addb-57721f1edd8e,18850,6,2020,84000,automatico,Ibrido,150,Sport,Middle,,Rivenditore,243,san damiano d asti,14015,Piemonte,Nord-ovest
Audi A3 35 1.5 TFSI Business,https://www.autoscout24.it/annunci/audi-a3-35-1-5-tfsi-business-benzina-nero-cat_ma9mo1624-698a538a-b902-4352-9634-7272acbb821c,18500,6,2020,146000,manuale,Benzina,150,Business,Base,,Rivenditore,292,borgo san dalmazzo,12011,Piemonte,Nord-ovest
Audi A3 SPB 30 TDI S tronic Business LED-NAVI,https://www.autoscout24.it/annunci/audi-a3-spb-30-tdi-s-tronic-business-led-navi-diesel-nero-cat_ma9mo1624-f190af91-12dd-47ab-b477-70b03969c5db,18800,5,2021,129965,automatico,Diesel,150,Business,Base,30 TDI,Rivenditore,245,alba,12051,Piemonte,Nord-ovest
Audi A3 A3 Sportback 30 1.0 tfsi Business,https://www.autoscout24.it/annunci/audi-a3-a3-sportback-30-1-0-tfsi-business-benzina-nero-cat_ma9mo1624-5115d254-1071-4b19-b0d6-fbb9648955b9,18900,4,2022,103000,manuale,Benzina,150,Business,Base,,Rivenditore,132,rimini,47923,Emilia-Romagna,Nord-est
Audi A3 SPB 30 TDI,https://www.autoscout24.it/annunci/audi-a3-spb-30-tdi-diesel-nero-cat_ma9mo1624-a079f0e9-dd73-4066-bae2-77706ad7f2cc,18900,4,2022,113000,manuale,Diesel,150,S,Performance,30 TDI,Rivenditore,753,partinico,90047,Sicilia,Isole
Audi A3 A3 IV 2020 Sportback Sportback 30 2.0 tdi Business Advanced,https://www.autoscout24.it/annunci/audi-a3-a3-iv-2020-sportback-sportback-30-2-0-tdi-business-advanced-diesel-grigio-cat_ma9mo1624-cd3a282a-c062-426c-b53e-2f7197e9e358,18900,4,2022,110000,manuale,Diesel,150,Business Advanced,Middle,,Privato,514,manfredonia,71043,Puglia,Sud
Audi A3 Sportback 35 2.0 tdi Business Advanced s-tronic,https://www.autoscout24.it/annunci/audi-a3-sportback-35-2-0-tdi-business-advanced-s-tronic-diesel-cat_ma9mo1624-554a7785-1df7-4d77-9afc-7ba8022b56ba,18800,4,2022,195000,automatico,Diesel,150,Business Advanced,Middle,,Privato,186,novi ligure,15067,Piemonte,Nord-ovest
Audi A3 A3 Sportback 2.0 tdi 150cv s-tronic,https://www.autoscout24.it/annunci/audi-a3-a3-sportback-2-0-tdi-150cv-s-tronic-diesel-nero-cat_ma9mo1624-5fda4ece-3dee-43ab-ad78-222e44f0e1fb,19000,6,2020,102000,automatico,Diesel,150,Sport,Middle,,Rivenditore,87,forli,47122,Emilia-Romagna,Nord-est
Audi A3 A3 IV Sportback Sportback 35 2.0 tdi Business Advanced s-tronic,https://www.autoscout24.it/annunci/audi-a3-a3-iv-sportback-sportback-35-2-0-tdi-business-advanced-s-tronic-diesel-argento-cat_ma9mo1624-3b4adbeb-bd84-4ab8-8514-f12ed5d1f99e,18500,4,2022,167000,automatico,Diesel,150,Business Advanced,Middle,,Rivenditore,695,san michele salentino,72018,Puglia,Sud
Audi A3 A3 Sportback 30 2.0 tdi Business Advanced s-tronic,https://www.autoscout24.it/annunci/audi-a3-a3-sportback-30-2-0-tdi-business-advanced-s-tronic-diesel-bianco-cat_ma9mo1624-c92e033f-8e7c-416d-98d3-a5285986417a,18990,5,2021,174000,automatico,Diesel,150,Business Advanced,Middle,,Rivenditore,119,azzanello,26010,Lombardia,Nord-ovest
Audi A3 Audi A3 Sportback g-tron 1.5 Business S tronic,https://www.autoscout24.it/annunci/audi-a3-audi-a3-sportback-g-tron-1-5-business-s-tronic-metano-cat_ma9mo1624-40b4e5a7-36d3-4d90-af54-65d6bf88e031,18900,6,2020,103000,automatico,Metano,150,Business,Base,,Privato,144,san clemente,47832,Emilia-Romagna,Nord-est
Audi A3 audi A3  35 2.0 tdi Admired 150cv s-tronic,https://www.autoscout24.it/annunci/audi-a3-audi-a3-35-2-0-tdi-admired-150cv-s-tronic-diesel-bianco-cat_ma9mo1624-fd9aa72d-ee96-438e-9c58-77a61f76ccda,18400,6,2020,103000,automatico,Diesel,150,S,Performance,,Privato,95,albignasego,35020,Veneto,Nord-est
Audi A3 A3 Sportback 35 2.0 tdi 150cv,https://www.autoscout24.it/annunci/audi-a3-a3-sportback-35-2-0-tdi-150cv-diesel-verde-cat_ma9mo1624-6f31b1d4-f951-43d7-af41-965dfa50b664,18500,6,2020,103000,manuale,Diesel,150,Sport,Middle,,Rivenditore,159,pedrengo,24066,Lombardia,Nord-ovest
Audi A3 A3 IV  Sportback Sportback 35 2.0 tdi S line Edition s-tronic,https://www.autoscout24.it/annunci/audi-a3-a3-iv-sportback-sportback-35-2-0-tdi-s-line-edition-s-tronic-diesel-blu-azzurro-cat_ma9mo1624-1b03bf4d-ca35-49e4-892a-503aa1f208fb,18990,4,2022,193600,automatico,Diesel,150,S line,Sport,,Rivenditore,424,isernia,86170,Molise,Sud
Audi A3 Sportback 1.4 tfsi e-tron s-tronic,https://www.autoscout24.it/annunci/audi-a3-sportback-1-4-tfsi-e-tron-s-tronic-elettrica-benzina-cat_ma9mo1624-a45d651c-d694-4a55-ac14-4c68b93c54de,19000,6,2020,128000,automatico,Ibrido,150,Sport,Middle,,Privato,156,trento,38121,Trentino-Alto Adige/Südtirol,Nord-est
Audi A3 A3 Sportback 35 2.0 tdi SportAdvanced s-tronic,https://www.autoscout24.it/annunci/audi-a3-a3-sportback-35-2-0-tdi-sportadvanced-s-tronic-diesel-grigio-cat_ma9mo1624-80c923f5-a1e1-4e8e-a39e-db5843a22785,19000,6,2020,85015,automatico,Diesel,150,Advanced,Middle,,Rivenditore,526,fisciano,84084,Campania,Sud
Audi A3 A3 III  Sportback Sportback 30 1.6 tdi Business 11,https://www.autoscout24.it/annunci/audi-a3-a3-iii-sportback-sportback-30-1-6-tdi-business-11-diesel-bianco-cat_ma9mo1624-8a0939a6-d110-4b54-9f34-66631a6245b2,18200,6,2020,93649,manuale,Diesel,150,Business,Base,,Rivenditore,186,gubbio,6024,Umbria,Centro
Audi A3 SPB Sportback 30 2.0 tdi 115cv Business Advanced s-tronic PERFETTA!!,https://www.autoscout24.it/annunci/audi-a3-spb-sportback-30-2-0-tdi-115cv-business-advanced-s-tronic-perfetta-diesel-nero-cat_ma9mo1624-ba4e6ca4-56f0-456d-8fc9-9c11896da660,18300,5,2021,170000,automatico,Diesel,150,Business Advanced,Middle,,Rivenditore,568,andria,76123,Puglia,Sud
Audi A3 A3 Sportback 30 2.0 tdi Business,https://www.autoscout24.it/annunci/audi-a3-a3-sportback-30-2-0-tdi-business-diesel-bianco-cat_ma9mo1624-76678fb6-6cf2-478b-9144-663559c95fb0,18300,6,2020,130000,manuale,Diesel,150,Business,Base,,Rivenditore,463,cancello ed arnone,81030,Campania,Sud
Audi A3 Sportback 40 1.4 tfsi e-tron s-tronic,https://www.autoscout24.it/annunci/audi-a3-sportback-40-1-4-tfsi-e-tron-s-tronic-elettrica-benzina-argento-cat_ma9mo1624-7c9760fb-d770-4a0e-8586-17f0b7a1b71c,18900,6,2020,90000,automatico,Ibrido,150,Sport,Middle,,Rivenditore,164,pesaro,61122,Marche,Centro
Audi A3 Sportback 35 2.0 tdi s-tronic,https://www.autoscout24.it/annunci/audi-a3-sportback-35-2-0-tdi-s-tronic-diesel-grigio-cat_ma9mo1624-4976ccb5-2250-479b-bed1-ec57f8ac1d66,18500,6,2020,135573,automatico,Diesel,150,Sport,Middle,,Rivenditore,25,bologna,40129,Emilia-Romagna,Nord-est
Audi A3 Sportback 30 1.6 tdi Business 116cv my19,https://www.autoscout24.it/annunci/audi-a3-sportback-30-1-6-tdi-business-116cv-my19-diesel-cat_ma9mo1624-cc0598eb-cbc1-49e0-8ddb-e5543dba1e30,18900,6,2020,137000,manuale,Diesel,150,Business,Base,,Privato,222,varese,21100,Lombardia,Nord-ovest
Audi A3 Sportback 35 2.0 tdi S line Edition s-tronic,https://www.autoscout24.it/annunci/audi-a3-sportback-35-2-0-tdi-s-line-edition-s-tronic-diesel-cat_ma9mo1624-81730ba1-90a7-4190-a4f3-187229be3132,18990,6,2020,179000,automatico,Diesel,150,S line,Sport,,Privato,819,reggio calabria,89133,Calabria,Sud
Audi A3 Audi A3 Sportback 30 1.5 g-tron Admired 131cv s-tronic,https://www.autoscout24.it/annunci/audi-a3-audi-a3-sportback-30-1-5-g-tron-admired-131cv-s-tronic-metano-bianco-cat_ma9mo1624-d56740c9-0781-4456-b4d3-0efb6c90ba7d,18500,6,2020,135000,automatico,Metano,150,Sport,Middle,,Privato,238,recanati,62019,Marche,Centro
Audi A3 A3 IV 2020 Sportback Sportback 35 2.0 tdi S line Edition s-tronic,https://www.autoscout24.it/annunci/audi-a3-a3-iv-2020-sportback-sportback-35-2-0-tdi-s-line-edition-s-tronic-diesel-bianco-cat_ma9mo1624-9bafb90e-235f-4811-b75c-c8858238d642,18900,6,2020,178000,automatico,Diesel,150,S line,Sport,,Privato,819,reggio calabria,89133,Calabria,Sud
Audi A3 SPB 35 TDI Business Advanced,https://www.autoscout24.it/annunci/audi-a3-spb-35-tdi-business-advanced-diesel-blu-azzurro-cat_ma9mo1624-b5a8dbd1-6a04-47bd-b3b3-31fd82411daa,18990,4,2022,141000,automatico,Diesel,150,Business Advanced,Middle,35 TDI,Rivenditore,757,alcamo,91011,Sicilia,Isole
Audi A3 A3 Sportback Sportback 30 2.0 tdi Business Advanced,https://www.autoscout24.it/annunci/audi-a3-a3-sportback-sportback-30-2-0-tdi-business-advanced-diesel-bianco-cat_ma9mo1624-2096e167-dac1-43ee-b71a-d40789f31bd8,18500,4,2022,175600,manuale,Diesel,150,Business Advanced,Middle,,Rivenditore,228,foligno,6034,Umbria,Centro
Audi A3 SPB 30 TDI S tronic Advanced NEOPATENTATI,https://www.autoscout24.it/annunci/audi-a3-spb-30-tdi-s-tronic-advanced-neopatentati-diesel-nero-cat_ma9mo1624-561d42e5-6083-4655-994e-39caaca20040,18900,4,2022,198000,automatico,Diesel,150,Advanced,Middle,30 TDI,Rivenditore,125,orzinuovi,25034,Lombardia,Nord-ovest
Audi A3 Sportback 40 *1.4 Tfsi *E-tron *Plug-in *S-tronic *Navigatore,https://www.autoscout24.it/annunci/audi-a3-sportback-40-1-4-tfsi-e-tron-plug-in-s-tronic-navigatore-elettrica-benzina-bianco-cat_ma9mo1624-e1d55ff5-7ffd-4432-9a79-1a4b9653cde5,18899,6,2020,126000,automatico,Ibrido,150,Sport,Middle,,Rivenditore,181,biassono,20853,Lombardia,Nord-ovest
Audi A3 A3 IV 2021 Sportback Sportback 30 2.0 tdi s-tronic,https://www.autoscout24.it/annunci/audi-a3-a3-iv-2021-sportback-sportback-30-2-0-tdi-s-tronic-diesel-nero-cat_ma9mo1624-6c0b2965-1ec5-4440-9259-20e2823e0110,18400,5,2021,182000,automatico,Diesel,150,Sport,Middle,,Rivenditore,121,brescia,25126,Lombardia,Nord-ovest
Audi A3 A3  Sportback Sportback 30 1.6 tdi,https://www.autoscout24.it/annunci/audi-a3-a3-sportback-sportback-30-1-6-tdi-diesel-blu-azzurro-cat_ma9mo1624-79b1fd96-7e10-42d7-9e62-f5c44c30b829,18290,6,2020,89804,manuale,Diesel,150,Sport,Middle,,Rivenditore,131,agazzano,29010,Emilia-Romagna,Nord-est
"Audi A3 - PB 30TDI S-LINE S-TRONIC, NAVI, FULL LED",https://www.autoscout24.it/annunci/audi-a3-pb-30tdi-s-line-s-tronic-navi-full-led-diesel-grigio-cat_ma9mo1624-89357cab-0127-4397-b629-3f7cacc63bff,18980,4,2022,122800,automatico,Diesel,150,S line,Sport,30 TDI,Rivenditore,326,roma,128,Lazio,Centro
Audi A3 A3 IV 2020 Sportback Sportback 30 1.5 g-tron S line edition s-tronic,https://www.autoscout24.it/annunci/audi-a3-a3-iv-2020-sportback-sportback-30-1-5-g-tron-s-line-edition-s-tronic-metano-grigio-cat_ma9mo1624-6770813d-855b-488a-ae40-ad2d8bb408aa,18900,6,2020,109700,automatico,Metano,150,S line,Sport,,Rivenditore,101,padova,35129,Veneto,Nord-est
Audi A3 40 TFSI e S tronic Business Advanced PLUG IN E-TRON  SPORTBACK COMPRESO PASSAGGIO,https://www.autoscout24.it/annunci/audi-a3-40-tfsi-e-s-tronic-business-advanced-plug-in-e-tron-sportback-compreso-passaggio-elettrica-benzina-bianco-cat_ma9mo1624-01bd561f-18eb-4f70-a40f-bbe7108abd76,19900,6,2020,95000,automatico,Ibrido,150,Business Advanced,Middle,40 TFSI e,Rivenditore,86,verona,37132,Veneto,Nord-est
Audi A3 S-Tronic Business Advanced 2.0 Diesel 150CV,https://www.autoscout24.it/annunci/audi-a3-s-tronic-business-advanced-2-0-diesel-150cv-diesel-bianco-cat_ma9mo1624-1e6a4a45-a602-403a-a2df-aa7f249d847a,19690,4,2022,80090,automatico,Diesel,150,Business Advanced,Middle,,Rivenditore,40,reggio emilia,42122,Emilia-Romagna,Nord-est
Audi A3 IV 2020 Sportback Sportback 30 2.0 tdi,https://www.autoscout24.it/annunci/audi-a3-iv-2020-sportback-sportback-30-2-0-tdi-diesel-blu-azzurro-cat_ma9mo1624-1832e472-5fc1-477d-bcf6-2df77eaa3276,19990,5,2021,54198,manuale,Diesel,150,Sport,Middle,,Rivenditore,31,castenaso,40055,Emilia-Romagna,Nord-est
Audi A3 A3 IV  Sportback 35 1.5 TFSI 150 CV,https://www.autoscout24.it/annunci/audi-a3-a3-iv-sportback-35-1-5-tfsi-150-cv-benzina-bianco-cat_ma9mo1624-811dae4d-31d1-4d1a-a2c0-ecb48218d11c,19100,3,2023,114700,manuale,Benzina,150,Sport,Middle,,Rivenditore,222,oleggio,28047,Piemonte,Nord-ovest
Audi A3 35 TDI advanced,https://www.autoscout24.it/annunci/audi-a3-35-tdi-advanced-diesel-nero-cat_ma9mo1624-e9b70d54-84c0-4af3-8155-3502c3f819b2,19999,4,2022,136459,automatico,Diesel,150,Advanced,Middle,35 TDI,Rivenditore,99,firenze,50145,Toscana,Centro
Audi A3 A3 Sportback 30 2.0 tdi Business s-tronic,https://www.autoscout24.it/annunci/audi-a3-a3-sportback-30-2-0-tdi-business-s-tronic-diesel-blu-azzurro-cat_ma9mo1624-3709c064-2219-452e-970b-e9b1c4be4414,19900,5,2021,135175,automatico,Diesel,150,Business,Base,,Rivenditore,764,lamezia terme,88046,Calabria,Sud
Audi A3 Business S-Tronic 2.0 Diesel 116CV,https://www.autoscout24.it/annunci/audi-a3-business-s-tronic-2-0-diesel-116cv-diesel-argento-cat_ma9mo1624-ace91eda-3d84-49bf-b184-aff03db6cddb,19090,3,2023,82791,automatico,Diesel,150,Business,Base,,Rivenditore,180,cinisello balsamo,20092,Lombardia,Nord-ovest
Audi A3 Sportback 30 2.0 tdi Business,https://www.autoscout24.it/annunci/audi-a3-sportback-30-2-0-tdi-business-diesel-nero-cat_ma9mo1624-7cd0be78-ca40-4b71-a99f-810ea4b58a08,19250,5,2021,110820,manuale,Diesel,150,Business,Base,,Rivenditore,98,vinci,50059,Toscana,Centro
Audi A3 30 TDI Business,https://www.autoscout24.it/annunci/audi-a3-30-tdi-business-diesel-cat_ma9mo1624-32cb033d-a909-451c-8898-9822ae65d7dc,19900,5,2021,121080,manuale,Diesel,150,Business,Base,30 TDI,Rivenditore,57,imola,40026,Emilia-Romagna,Nord-est
Audi A3 Sportback 30 2.0 tdi s-tronic,https://www.autoscout24.it/annunci/audi-a3-sportback-30-2-0-tdi-s-tronic-diesel-nero-cat_ma9mo1624-c3334ac1-44fc-4e71-b6cc-b44b37c68d78,19450,4,2022,40000,automatico,Diesel,150,Sport,Middle,,Privato,837,adrano,95031,Sicilia,Isole
Audi A3 Sportback30 2.0TDI AUTOMATICO,https://www.autoscout24.it/annunci/audi-a3-sportback30-2-0tdi-automatico-diesel-nero-cat_ma9mo1624-7b340444-9e54-42ea-a2ed-cb119ae263c4,19900,4,2022,104000,automatico,Diesel,150,Sport,Middle,,Rivenditore,177,genova,16161,Liguria,Nord-ovest
Audi A3 Sportback 35 2.0 tdi Business s-tronic,https://www.autoscout24.it/annunci/audi-a3-sportback-35-2-0-tdi-business-s-tronic-diesel-cat_ma9mo1624-00633a35-cd46-4b9a-a441-78a9b4e1dcdc,19500,6,2020,117000,automatico,Diesel,150,Business,Base,,Privato,250,spoleto,6049,Umbria,Centro
Audi A3 Sedan 30 1.0 tfsi S line edition,https://www.autoscout24.it/annunci/audi-a3-sedan-30-1-0-tfsi-s-line-edition-benzina-cat_ma9mo1624-5ef2732b-3125-4a70-8482-2f9085befaa5,20000,3,2023,90000,manuale,Benzina,150,S line,Sport,,Privato,101,fiorenzuola d arda,29017,Emilia-Romagna,Nord-est
Audi A3 A3 IV 2020 SportbackSportback 30 2.0 tdi S line edition,https://www.autoscout24.it/annunci/audi-a3-a3-iv-2020-sportbacksportback-30-2-0-tdi-s-line-edition-diesel-grigio-cat_ma9mo1624-d00ddacf-8472-42e0-92ff-6bee16fac262,20000,6,2020,100000,manuale,Diesel,150,S line,Sport,,Privato,214,albiolo,22070,Lombardia,Nord-ovest
Audi A3 SPB 30 TFSI S tronic Business,https://www.autoscout24.it/annunci/audi-a3-spb-30-tfsi-s-tronic-business-elettrica-benzina-nero-cat_ma9mo1624-bdd86261-7606-4397-9d23-420492143478,19400,4,2022,82000,automatico,Ibrido,150,Business,Base,30 TFSI,Rivenditore,177,sesto san giovanni,20099,Lombardia,Nord-ovest
Audi A3 SPB 40 e-tron S tronic Admired,https://www.autoscout24.it/annunci/audi-a3-spb-40-e-tron-s-tronic-admired-elettrica-benzina-nero-cat_ma9mo1624-21884570-7f5d-4273-9ebe-a26e79786b44,19900,6,2020,33024,automatico,Ibrido,150,S,Performance,,Rivenditore,165,curno,24035,Lombardia,Nord-ovest
Audi A3 2.0tdi  150cv bussines advance s-tronik,https://www.autoscout24.it/annunci/audi-a3-2-0tdi-150cv-bussines-advance-s-tronik-diesel-cat_ma9mo1624-43e6e5b2-2824-4b79-b105-3e73433ec9bd,19200,6,2020,80000,automatico,Diesel,150,S,Performance,,Privato,498,cercola,80040,Campania,Sud
Audi A3 A3 Sportback 30 2.0 tdi Business,https://www.autoscout24.it/annunci/audi-a3-a3-sportback-30-2-0-tdi-business-diesel-nero-cat_ma9mo1624-657e88af-7263-4a49-be15-783e50b9f56b,19490,5,2021,73900,manuale,Diesel,150,Business,Base,,Rivenditore,127,marostica,36063,Veneto,Nord-est
Audi A3 40 e-tron S tronic Sport PRONTA CONSEGNA,https://www.autoscout24.it/annunci/audi-a3-40-e-tron-s-tronic-sport-pronta-consegna-elettrica-benzina-nero-cat_ma9mo1624-4b708c97-296d-405b-af41-ace2d07abccb,19500,6,2020,32500,automatico,Ibrido,150,Sport,Middle,,Rivenditore,205,como,22100,Lombardia,Nord-ovest
Audi A3 Audi A3 Sportback 2.0 TDI 116 CV – Diesel – 2021 –,https://www.autoscout24.it/annunci/audi-a3-audi-a3-sportback-2-0-tdi-116-cv-diesel-2021-diesel-cat_ma9mo1624-8f9b402f-0457-404d-a8ff-4489ee7b1372,19900,5,2021,140000,automatico,Diesel,150,Sport,Middle,,Privato,163,refrontolo,31020,Veneto,Nord-est
Audi A3 A3 IV 2020 Sportback Sportback 30 2.0 tdi Business s-tronic,https://www.autoscout24.it/annunci/audi-a3-a3-iv-2020-sportback-sportback-30-2-0-tdi-business-s-tronic-diesel-nero-cat_ma9mo1624-7b664285-39e7-46e1-875f-bb173c64b1ec,19700,5,2021,82000,automatico,Diesel,150,Business,Base,,Privato,115,vicopisano,56010,Toscana,Centro
Audi A3 A3 SPB 30 TDI S tronic Business Advanced PREZZO RE,https://www.autoscout24.it/annunci/audi-a3-a3-spb-30-tdi-s-tronic-business-advanced-prezzo-re-diesel-nero-cat_ma9mo1624-24355977-1962-4d13-83d8-961239bd9eca,19800,4,2022,129000,automatico,Diesel,150,Business Advanced,Middle,30 TDI,Rivenditore,201,alessandria,15121,Piemonte,Nord-ovest
Audi A3 A3 IV 2020 Sportback Sportback 35 2.0 tdi S line Edition s-tronic,https://www.autoscout24.it/annunci/audi-a3-a3-iv-2020-sportback-sportback-35-2-0-tdi-s-line-edition-s-tronic-diesel-nero-cat_ma9mo1624-55af5c77-0e33-4be4-89b0-c8a95adaa0ec,19900,5,2021,149000,automatico,Diesel,150,S line,Sport,,Rivenditore,523,solofra,83029,Campania,Sud
Audi A3 A3 Sportback 35 2.0 tdi *garanzia Uff 2027*,https://www.autoscout24.it/annunci/audi-a3-a3-sportback-35-2-0-tdi-garanzia-uff-2027-diesel-argento-cat_ma9mo1624-03622ae0-1619-491a-8c49-435ba18f4406,19500,5,2021,119000,automatico,Diesel,150,Sport,Middle,,Rivenditore,178,monza,20900,Lombardia,Nord-ovest
Audi A3 Sportback 30 1.5 g-tron S line edition s-tronic,https://www.autoscout24.it/annunci/audi-a3-sportback-30-1-5-g-tron-s-line-edition-s-tronic-metano-cat_ma9mo1624-e8977ccd-ae75-460e-b3be-d407372f4e58,20000,5,2021,169000,automatico,Metano,150,S line,Sport,,Privato,74,cologna veneta,37044,Veneto,Nord-est
Audi A3 Sportback 30 1.5 g-tron Business Advanced s-tronic,https://www.autoscout24.it/annunci/audi-a3-sportback-30-1-5-g-tron-business-advanced-s-tronic-metano-cat_ma9mo1624-213f84e5-7170-41a3-94af-26c4441042bf,19900,5,2021,115000,automatico,Metano,150,Business Advanced,Middle,,Privato,200,perugia,6127,Umbria,Centro
Audi A3 A3 III 2016 Sportback Sportback 30 1.6 tdi Admired 116cv my20,https://www.autoscout24.it/annunci/audi-a3-a3-iii-2016-sportback-sportback-30-1-6-tdi-admired-116cv-my20-diesel-bianco-cat_ma9mo1624-3bd5699f-01ea-4aa8-917e-d46a8cff71a5,19500,6,2020,76900,manuale,Diesel,150,Sport,Middle,,Privato,278,nichelino,10042,Piemonte,Nord-ovest
Audi A3 A3 IV 2020 Sportback Sportback 35 2.0 tdi S line Edition s-tronic,https://www.autoscout24.it/annunci/audi-a3-a3-iv-2020-sportback-sportback-35-2-0-tdi-s-line-edition-s-tronic-diesel-grigio-cat_ma9mo1624-c6b85574-ccd9-4ec9-b466-aeb6285090dc,19900,5,2021,139000,automatico,Diesel,150,S line,Sport,,Rivenditore,523,solofra,83029,Campania,Sud
Audi A3 2.0 150cv S Line,https://www.autoscout24.it/annunci/audi-a3-2-0-150cv-s-line-diesel-cat_ma9mo1624-5394d088-aba3-41a2-b3cd-88f74d625415,19500,6,2020,145000,automatico,Diesel,150,S line,Sport,,Privato,542,cerignola,71042,Puglia,Sud
Audi A3 Sportback 30 1.0 tfsi mhev S line edition s-tronic,https://www.autoscout24.it/annunci/audi-a3-sportback-30-1-0-tfsi-mhev-s-line-edition-s-tronic-elettrica-benzina-cat_ma9mo1624-830cb593-865a-4f82-9427-60dbf8c99baf,20000,2,2024,98164,automatico,Ibrido,150,S line,Sport,,Rivenditore,210,castano primo,20022,Lombardia,Nord-ovest
Audi A3 Sportback 35 2.0 tdi Admired 150cv s-tronic my20,https://www.autoscout24.it/annunci/audi-a3-sportback-35-2-0-tdi-admired-150cv-s-tronic-my20-diesel-cat_ma9mo1624-0076c9b2-7dba-45a2-ab7f-9125edb0736c,19500,6,2020,105000,automatico,Diesel,150,Sport,Middle,,Privato,276,torino,10149,Piemonte,Nord-ovest
Audi A3 35 TDI advanced,https://www.autoscout24.it/annunci/audi-a3-35-tdi-advanced-diesel-nero-cat_ma9mo1624-09ef0cac-751d-45af-8955-ff7cfd971aec,19999,4,2022,136459,automatico,Diesel,150,Advanced,Middle,35 TDI,Rivenditore,326,roma,169,Lazio,Centro
Audi A3 Sportback 30 2.0 tdi Business,https://www.autoscout24.it/annunci/audi-a3-sportback-30-2-0-tdi-business-diesel-cat_ma9mo1624-969a2bf6-fcd7-41d6-a010-30762831498c,19990,4,2022,83000,manuale,Diesel,150,Business,Base,,Privato,205,como,22100,Lombardia,Nord-ovest
Audi A3 Sportback 30 2.0 TDI Business S tronic,https://www.autoscout24.it/annunci/audi-a3-sportback-30-2-0-tdi-business-s-tronic-diesel-blu-azzurro-cat_ma9mo1624-e25620a7-a6df-4a1c-a6bc-f5e92ce87817,19400,3,2023,119567,automatico,Diesel,150,Business,Base,,Rivenditore,121,brescia,25135,Lombardia,Nord-ovest
Audi A3 A3 IV 2020 Sportback Sportback 30 2.0 tdi Business Advanced,https://www.autoscout24.it/annunci/audi-a3-a3-iv-2020-sportback-sportback-30-2-0-tdi-business-advanced-diesel-nero-cat_ma9mo1624-502d18d9-56d5-4643-854f-72ee04a0ede5,19500,6,2020,100000,manuale,Diesel,150,Business Advanced,Middle,,Privato,319,bussoleno,10053,Piemonte,Nord-ovest
Audi A3 SPB 30 TDI S line edition,https://www.autoscout24.it/annunci/audi-a3-spb-30-tdi-s-line-edition-diesel-grigio-cat_ma9mo1624-99b71a86-bfb7-491b-9915-06fc1e20f39c,19990,4,2022,149990,automatico,Diesel,150,S line,Sport,30 TDI,Rivenditore,155,san dona piave,30027,Veneto,Nord-est
Audi A3 Sportback 30 2.0 tdi Edition One,https://www.autoscout24.it/annunci/audi-a3-sportback-30-2-0-tdi-edition-one-diesel-cat_ma9mo1624-ddb9a797-796b-4dfe-8f6a-a979a71815df,20000,6,2020,115880,manuale,Diesel,150,Sport,Middle,,Privato,831,enna,94100,Sicilia,Isole
Audi A3 Sportback 30 1.6 tdi 116cv - PREZZO REALE!,https://www.autoscout24.it/annunci/audi-a3-sportback-30-1-6-tdi-116cv-prezzo-reale-diesel-blu-azzurro-cat_ma9mo1624-0d97860e-c595-4265-ad34-d66b20289743,19490,6,2020,47000,manuale,Diesel,150,Sport,Middle,,Rivenditore,109,bedizzole,25081,Lombardia,Nord-ovest
Audi A3 A3 Sportback 40 1.4 tfsi e s-tronic,https://www.autoscout24.it/annunci/audi-a3-a3-sportback-40-1-4-tfsi-e-s-tronic-elettrica-benzina-bianco-cat_ma9mo1624-79e272f6-ca0a-4aeb-b5f7-68f377699df6,19899,5,2021,81600,automatico,Ibrido,150,Sport,Middle,,Privato,359,colleferro,34,Lazio,Centro
Audi A3 Sportback 30 2.0 tdi Business Advanced s-tronic,https://www.autoscout24.it/annunci/audi-a3-sportback-30-2-0-tdi-business-advanced-s-tronic-diesel-cat_ma9mo1624-056d93ed-813c-49fa-ab02-20711f270fae,20000,5,2021,137000,automatico,Diesel,150,Business Advanced,Middle,,Privato,764,lamezia terme,88046,Calabria,Sud
Audi A3 Sportback 30 1.6 tdi Business 116cv my20,https://www.autoscout24.it/annunci/audi-a3-sportback-30-1-6-tdi-business-116cv-my20-diesel-cat_ma9mo1624-c1e54a31-86d0-4fbb-9c6e-a95e6438c420,20000,6,2020,80000,manuale,Diesel,150,Business,Base,,Privato,101,altopascio,55011,Toscana,Centro
Audi A3 SPB 30 TFSI 65.000KM,https://www.autoscout24.it/annunci/audi-a3-spb-30-tfsi-65-000km-benzina-nero-cat_ma9mo1624-dcc25745-9887-4f8a-b9e5-0844a413e40b,19500,4,2022,65000,manuale,Benzina,150,S,Performance,30 TFSI,Rivenditore,215,carnago,21040,Lombardia,Nord-ovest
Audi A3 sportback 35 2.0 tdi 150cv s-tronic 7m,https://www.autoscout24.it/annunci/audi-a3-sportback-35-2-0-tdi-150cv-s-tronic-7m-diesel-nero-cat_ma9mo1624-c53741e8-374f-48d2-857c-39923fb83206,19900,6,2020,56718,automatico,Diesel,150,Sport,Middle,,Rivenditore,204,bolzano,39100,Trentino-Alto Adige/Südtirol,Nord-est
Audi A3 Sportback 30 1.5 g-tron S line edition s-tronic,https://www.autoscout24.it/annunci/audi-a3-sportback-30-1-5-g-tron-s-line-edition-s-tronic-metano-cat_ma9mo1624-d8dafb93-e155-4f3a-ad12-89f6352fab4d,19900,6,2020,160000,automatico,Metano,150,S line,Sport,,Privato,65,parma,43123,Emilia-Romagna,Nord-est
Audi A3 S-Tronic Business Advanced 2.0 Diesel 150CV,https://www.autoscout24.it/annunci/audi-a3-s-tronic-business-advanced-2-0-diesel-150cv-diesel-bianco-cat_ma9mo1624-c2c216d9-9893-45da-9b36-458b9eed3d24,19690,4,2022,80090,automatico,Diesel,150,Business Advanced,Middle,,Rivenditore,180,cinisello balsamo,20092,Lombardia,Nord-ovest
Audi A3 A3 Sportback 35 2.0 tdi s-tronic,https://www.autoscout24.it/annunci/audi-a3-a3-sportback-35-2-0-tdi-s-tronic-diesel-nero-cat_ma9mo1624-aff9579c-ecc6-4ff3-be47-40e0d5b15cc2,19900,6,2020,124896,automatico,Diesel,150,Sport,Middle,,Rivenditore,160,castiglion fiorentino,52043,Toscana,Centro
Audi A3 SPB 30 2.0 TDI 116cv Business s-tronic..Navi..!!,https://www.autoscout24.it/annunci/audi-a3-spb-30-2-0-tdi-116cv-business-s-tronic-navi-diesel-nero-cat_ma9mo1624-679a23a2-c754-421c-ada7-d108d19bf94d,19900,4,2022,98000,automatico,Diesel,150,Business,Base,,Rivenditore,566,buccino,84021,Campania,Sud
Audi A3 Sedan 30 2.0 tdi Business Advanced SENSORI NAVIGATORE CAMBIO AUTOMATICO,https://www.autoscout24.it/annunci/audi-a3-sedan-30-2-0-tdi-business-advanced-sensori-navigatore-cambio-automatico-diesel-grigio-cat_ma9mo1624-ce3d7b27-cbe1-4960-a139-9200647e1b56,19800,4,2022,110098,manuale,Diesel,150,Business Advanced,Middle,,Rivenditore,695,san michele salentino,72018,Puglia,Sud
Audi A3 Sportback 35 2.0 tdi Admired 150cv s-tronic,https://www.autoscout24.it/annunci/audi-a3-sportback-35-2-0-tdi-admired-150cv-s-tronic-diesel-cat_ma9mo1624-59e492e0-12a0-4a62-96da-7950b5d7db2f,20000,6,2020,105000,automatico,Diesel,150,Sport,Middle,,Privato,499,nola,80035,Campania,Sud
Audi A3 Sportback 30 1.0 TFSI S-Tronic,https://www.autoscout24.it/annunci/audi-a3-sportback-30-1-0-tfsi-s-tronic-benzina-bianco-cat_ma9mo1624-f82eebe3-d7b9-4428-b336-4be15c76272f,19900,4,2022,85650,automatico,Benzina,150,Sport,Middle,,Rivenditore,383,latina,4100,Lazio,Centro
Audi A3 A3 IV 2021 Sportback Sportback 30 1.5 g-tron Business s-tronic,https://www.autoscout24.it/annunci/audi-a3-a3-iv-2021-sportback-sportback-30-1-5-g-tron-business-s-tronic-metano-nero-cat_ma9mo1624-3cb617b7-58e5-40f1-9f44-a4e25ac2c8f2,19400,5,2021,136800,automatico,Metano,150,Business,Base,,Privato,405,vasto,66054,Abruzzo,Sud
Audi A3 Sportback 40 1.4 tfsi e Business s-tronic UNICO PROPRIETARIO BELLISSIMA,https://www.autoscout24.it/annunci/audi-a3-sportback-40-1-4-tfsi-e-business-s-tronic-unico-proprietario-bellissima-elettrica-benzina-blu-azzurro-cat_ma9mo1624-12a7f784-7623-4083-9ea5-0e5fb1eea93c,19900,4,2022,97000,automatico,Ibrido,150,Business,Base,,Rivenditore,189,cesano maderno,20811,Lombardia,Nord-ovest
Audi A3 Sportback 30 2.0 tdi s-tronic,https://www.autoscout24.it/annunci/audi-a3-sportback-30-2-0-tdi-s-tronic-diesel-nero-cat_ma9mo1624-c76c1ef1-4379-48d3-9bc3-8dc1906a0c82,19499,5,2021,138000,automatico,Diesel,150,Sport,Middle,,Rivenditore,500,somma vesuviana,80049,Campania,Sud
Audi A3 Sportback 30 2.0 tdi Business Advanced,https://www.autoscout24.it/annunci/audi-a3-sportback-30-2-0-tdi-business-advanced-diesel-cat_ma9mo1624-5dabdb54-8773-4704-9d9c-4990b0bec44d,20000,6,2020,150000,manuale,Diesel,150,Business Advanced,Middle,,Privato,559,atella,85020,Basilicata,Sud
Audi A3 IV 2020 Sportback - A3 Sportback 30 2.0 tdi Busine,https://www.autoscout24.it/annunci/audi-a3-iv-2020-sportback-a3-sportback-30-2-0-tdi-busine-diesel-bianco-cat_ma9mo1624-315758f2-4b03-400e-a8e1-fdf7a5548c9c,19900,4,2022,100745,automatico,Diesel,150,Sport,Middle,,Rivenditore,228,appignano,62010,Marche,Centro
Audi A3 A3 SPB 30 TDI S tronic Business,https://www.autoscout24.it/annunci/audi-a3-a3-spb-30-tdi-s-tronic-business-diesel-bianco-cat_ma9mo1624-3596b17c-9a69-4cfd-87fc-5e29c516b0c8,19900,4,2022,121000,automatico,Diesel,150,Business,Base,30 TDI,Rivenditore,159,ormelle,31024,Veneto,Nord-est
Audi A3 Sportback 30 1.6 tdi Business 116cv my20,https://www.autoscout24.it/annunci/audi-a3-sportback-30-1-6-tdi-business-116cv-my20-diesel-cat_ma9mo1624-fc4a1d1d-ce0a-4637-979e-d724023439df,20000,5,2021,100000,manuale,Diesel,150,Business,Base,,Privato,496,camposano,80030,Campania,Sud
Audi A3 Sportback 35 1.5 tfsi Sport 150cv s-tronic,https://www.autoscout24.it/annunci/audi-a3-sportback-35-1-5-tfsi-sport-150cv-s-tronic-benzina-cat_ma9mo1624-c6757731-e292-4540-928e-e529cf16d1af,19800,6,2020,108000,automatico,Benzina,150,Sport,Middle,,Privato,87,prato,59100,Toscana,Centro
Audi A3 A3 SPB Sportback 35 1.5 tfsi 150cv s-tronic,https://www.autoscout24.it/annunci/audi-a3-a3-spb-sportback-35-1-5-tfsi-150cv-s-tronic-benzina-bianco-cat_ma9mo1624-c1110fba-e236-4052-8ca9-64b27b69e8c3,19900,6,2020,63000,automatico,Benzina,150,Sport,Middle,,Rivenditore,310,ala stura,10070,Piemonte,Nord-ovest
Audi A3 A3 Sportback 2.0 tdi 116cv Business - NEOPATENTATO,https://www.autoscout24.it/annunci/audi-a3-a3-sportback-2-0-tdi-116cv-business-neopatentato-diesel-blu-azzurro-cat_ma9mo1624-aa9d9715-a57b-44e5-a3bf-e0ae9808ec5f,19989,4,2022,88000,manuale,Diesel,150,Business,Base,,Rivenditore,87,forli,47122,Emilia-Romagna,Nord-est
Audi A3 sportback 40 1.4 tfsi e-tron s-tronic,https://www.autoscout24.it/annunci/audi-a3-sportback-40-1-4-tfsi-e-tron-s-tronic-elettrica-benzina-nero-cat_ma9mo1624-90aa53f9-4ff5-44fa-8e9c-cea2efc475ee,19300,6,2020,71600,automatico,Ibrido,150,Sport,Middle,,Rivenditore,40,reggio emilia,42124,Emilia-Romagna,Nord-est
Audi A3 30 2.0 tdi Business s-tronic,https://www.autoscout24.it/annunci/audi-a3-30-2-0-tdi-business-s-tronic-diesel-nero-cat_ma9mo1624-e3bf74d1-28ed-4473-be97-59750f2eada5,19400,4,2022,121392,automatico,Diesel,150,Business,Base,,Rivenditore,187,seregno,20831,Lombardia,Nord-ovest
Audi A3 Business S-Tronic 2.0 Diesel 116CV,https://www.autoscout24.it/annunci/audi-a3-business-s-tronic-2-0-diesel-116cv-diesel-argento-cat_ma9mo1624-6e4dc80e-4798-4df8-87b0-fe25dc7b11c0,19090,3,2023,82791,automatico,Diesel,150,Business,Base,,Rivenditore,27,granarolo emilia,40057,Emilia-Romagna,Nord-est
Audi A3 Sportback 30 2.0 tdi S line edition,https://www.autoscout24.it/annunci/audi-a3-sportback-30-2-0-tdi-s-line-edition-diesel-cat_ma9mo1624-9617682e-0855-4eae-a123-cbddf3a272b4,19500,5,2021,178000,manuale,Diesel,150,S line,Sport,,Privato,479,baselice,82020,Campania,Sud
Audi A3 Sportback 30 2.0 tdi Business Advanced s-tronic,https://www.autoscout24.it/annunci/audi-a3-sportback-30-2-0-tdi-business-advanced-s-tronic-diesel-grigio-cat_ma9mo1624-322bbf61-e12b-41d5-9430-93f7a512de60,19990,4,2022,137000,automatico,Diesel,150,Business Advanced,Middle,,Rivenditore,500,somma vesuviana,80049,Campania,Sud
Audi A3 A3 IV 2020 Sportback,https://www.autoscout24.it/annunci/audi-a3-a3-iv-2020-sportback-diesel-grigio-cat_ma9mo1624-522433dc-f3eb-4c60-9aa5-a1f57eb6b770,20000,5,2021,110000,automatico,Diesel,150,Sport,Middle,,Privato,206,gorla minore,21055,Lombardia,Nord-ovest
Audi A3 A3 IV 2020 Sportback Sportback 30 2.0 tdi Business Advanced,https://www.autoscout24.it/annunci/audi-a3-a3-iv-2020-sportback-sportback-30-2-0-tdi-business-advanced-diesel-bianco-cat_ma9mo1624-37b54a98-a73c-4feb-afeb-ac4a3cd9ccea,19500,6,2020,120000,manuale,Diesel,150,Business Advanced,Middle,,Privato,31,sassuolo,41049,Emilia-Romagna,Nord-est
Audi A3 SPB Sportback 2.0 TDI S-line,https://www.autoscout24.it/annunci/audi-a3-spb-sportback-2-0-tdi-s-line-diesel-grigio-cat_ma9mo1624-9258aa2b-b604-47e0-ba11-ddd54fc2433b,19800,5,2021,166000,automatico,Diesel,150,S line,Sport,,Rivenditore,695,san michele salentino,72018,Puglia,Sud
"Audi A3 30 2.0 tdi Business LED-NAVI-16""",https://www.autoscout24.it/annunci/audi-a3-30-2-0-tdi-business-led-navi-16-diesel-grigio-cat_ma9mo1624-88ca9f34-a595-461a-9d00-7e4830cb68d8,19800,5,2021,87100,manuale,Diesel,150,Business,Base,,Rivenditore,245,alba,12051,Piemonte,Nord-ovest
Audi A3 A3SB 30 2.0 TDI Advanced 116CV,https://www.autoscout24.it/annunci/audi-a3-a3sb-30-2-0-tdi-advanced-116cv-diesel-nero-cat_ma9mo1624-b9a2d0ca-fab3-49cd-aa32-cfd3a8f4d40e,19990,4,2022,112000,manuale,Diesel,150,Advanced,Middle,,Rivenditore,485,sassari,7100,Sardegna,Isole
Audi A3 35 TDI advanced,https://www.autoscout24.it/annunci/audi-a3-35-tdi-advanced-diesel-nero-cat_ma9mo1624-6f7f2fa2-72b2-42de-a5bd-8ed16f83e26c,19999,4,2022,136459,automatico,Diesel,150,Advanced,Middle,35 TDI,Rivenditore,25,bologna,40131,Emilia-Romagna,Nord-est
Audi A3 Sedan 35 1.5 tfsi mhev Business s-tronic,https://www.autoscout24.it/annunci/audi-a3-sedan-35-1-5-tfsi-mhev-business-s-tronic-elettrica-benzina-cat_ma9mo1624-394a1a7d-4835-45a6-8829-4e82bf5c24b7,20000,5,2021,95000,automatico,Ibrido,150,Business,Base,,Privato,165,basiano,20060,Lombardia,Nord-ovest
Audi A3 Sedan 35 2.0 tdi Business 150cv s-tronic my19,https://www.autoscout24.it/annunci/audi-a3-sedan-35-2-0-tdi-business-150cv-s-tronic-my19-diesel-cat_ma9mo1624-c49b81ab-2fde-4a0f-b63b-50c85f7a93fa,20000,6,2020,106000,automatico,Diesel,150,Business,Base,,Privato,301,pinerolo,10064,Piemonte,Nord-ovest
Audi A3 S-Tronic Business Advanced 2.0 Diesel 150CV,https://www.autoscout24.it/annunci/audi-a3-s-tronic-business-advanced-2-0-diesel-150cv-diesel-bianco-cat_ma9mo1624-ebbb02fc-eb80-40be-807c-7f56503d8f57,19690,4,2022,80090,automatico,Diesel,150,Business Advanced,Middle,,Rivenditore,27,granarolo emilia,40057,Emilia-Romagna,Nord-est
Audi A3 A3 IV 2020 Sportback Sportback 30 2.0 tdi Business Advanced s-tronic,https://www.autoscout24.it/annunci/audi-a3-a3-iv-2020-sportback-sportback-30-2-0-tdi-business-advanced-s-tronic-diesel-bianco-cat_ma9mo1624-4b1dc60f-8230-487f-838b-cb1e46277b48,19900,5,2021,143122,automatico,Diesel,150,Business Advanced,Middle,,Rivenditore,40,reggio emilia,42124,Emilia-Romagna,Nord-est
Audi A3 30 TDI Business Advanced,https://www.autoscout24.it/annunci/audi-a3-30-tdi-business-advanced-diesel-blu-azzurro-cat_ma9mo1624-6ec1dc1e-b175-409c-ad41-50e57bacd9e9,19099,4,2022,139805,manuale,Diesel,150,Business Advanced,Middle,30 TDI,Rivenditore,25,bologna,40131,Emilia-Romagna,Nord-est
Audi A3 A3 IV 2022 Sportback 30 2.0 tdi Business,https://www.autoscout24.it/annunci/audi-a3-a3-iv-2022-sportback-30-2-0-tdi-business-diesel-bianco-cat_ma9mo1624-bf6a1845-4ae3-4755-8562-a89850ee61d6,19900,4,2022,146000,manuale,Diesel,150,Business,Base,,Rivenditore,761,misilmeri,90036,Sicilia,Isole
Audi A3 30 TDI Business Advanced,https://www.autoscout24.it/annunci/audi-a3-30-tdi-business-advanced-diesel-blu-azzurro-cat_ma9mo1624-af753717-fbf6-4bf9-bfda-87e6c6858ec1,19099,4,2022,139805,manuale,Diesel,150,Business Advanced,Middle,30 TDI,Rivenditore,86,verona,37135,Veneto,Nord-est
Audi A3 30 TDI Business Advanced,https://www.autoscout24.it/annunci/audi-a3-30-tdi-business-advanced-diesel-blu-azzurro-cat_ma9mo1624-10c6db20-acd7-4596-ab0c-679a413b420e,19099,4,2022,139805,manuale,Diesel,150,Business Advanced,Middle,30 TDI,Rivenditore,283,beinasco,10092,Piemonte,Nord-ovest
Audi A3 A3 Sportback 30 2.0 tdi BusinessAdvanced S-tronic,https://www.autoscout24.it/annunci/audi-a3-a3-sportback-30-2-0-tdi-businessadvanced-s-tronic-diesel-argento-cat_ma9mo1624-7a0c390e-315a-4483-9c69-444a1c9793eb,19600,5,2021,164180,automatico,Diesel,150,Business,Base,,Rivenditore,198,magenta,20013,Lombardia,Nord-ovest
Audi A3 Sedan 30 2.0 TDI 115CV Advanced Virtual Cockpit,https://www.autoscout24.it/annunci/audi-a3-sedan-30-2-0-tdi-115cv-advanced-virtual-cockpit-diesel-grigio-cat_ma9mo1624-2f5d877d-0822-418a-a801-9b2fee45ff01,19990,4,2022,76729,manuale,Diesel,150,Advanced,Middle,,Rivenditore,852,camporotondo etneo,95040,Sicilia,Isole
Audi A3 30 TDI Business Advanced,https://www.autoscout24.it/annunci/audi-a3-30-tdi-business-advanced-diesel-blu-azzurro-cat_ma9mo1624-ae0418fd-28c4-4cdd-be32-e89213a6d752,19099,4,2022,139805,manuale,Diesel,150,Business Advanced,Middle,30 TDI,Rivenditore,326,roma,169,Lazio,Centro
Audi A3 Sportback 30 2.0 tdi S line edition,https://www.autoscout24.it/annunci/audi-a3-sportback-30-2-0-tdi-s-line-edition-diesel-cat_ma9mo1624-91016d9d-00aa-4d40-9c33-cabd63b1d4f2,19999,6,2020,173000,manuale,Diesel,150,S line,Sport,,Privato,883,gela,93012,Sicilia,Isole
Audi A3 35 TDI advanced,https://www.autoscout24.it/annunci/audi-a3-35-tdi-advanced-diesel-nero-cat_ma9mo1624-2de6b6d0-eefa-416d-816f-7dc77de98627,19999,4,2022,136459,automatico,Diesel,150,Advanced,Middle,35 TDI,Rivenditore,86,verona,37135,Veneto,Nord-est
Audi A3 Sportback 35 2.0 tdi 150cv s-tronic 7m,https://www.autoscout24.it/annunci/audi-a3-sportback-35-2-0-tdi-150cv-s-tronic-7m-diesel-cat_ma9mo1624-00c7c04a-2b6a-470d-991a-e7dfc2418699,20000,6,2020,125000,automatico,Diesel,150,Sport,Middle,,Privato,134,rovato,25038,Lombardia,Nord-ovest
Audi A3 Business S-Tronic 2.0 Diesel 116CV,https://www.autoscout24.it/annunci/audi-a3-business-s-tronic-2-0-diesel-116cv-diesel-argento-cat_ma9mo1624-3af55333-c893-46aa-850c-cb7b6a1f8268,19090,3,2023,82791,automatico,Diesel,150,Business,Base,,Rivenditore,40,reggio emilia,42122,Emilia-Romagna,Nord-est
Audi A3 Sportback 30 1.0 tfsi S line edition,https://www.autoscout24.it/annunci/audi-a3-sportback-30-1-0-tfsi-s-line-edition-benzina-cat_ma9mo1624-4f132497-68a0-4f17-b195-55b7c9f545b9,19900,6,2020,141000,manuale,Benzina,150,S line,Sport,,Privato,276,torino,10154,Piemonte,Nord-ovest
Audi A3 30 2.0 tdi S line edition s-tronic,https://www.autoscout24.it/annunci/audi-a3-30-2-0-tdi-s-line-edition-s-tronic-diesel-bianco-cat_ma9mo1624-e0964b4e-b286-4226-a615-fe357ef91a97,19900,5,2021,125000,automatico,Diesel,150,S line,Sport,,Rivenditore,65,parma,43122,Emilia-Romagna,Nord-est
Audi A3 35 TDI advanced,https://www.autoscout24.it/annunci/audi-a3-35-tdi-advanced-diesel-nero-cat_ma9mo1624-29e92b5b-1ec6-441d-a444-d381779aa2b0,19999,4,2022,136459,automatico,Diesel,150,Advanced,Middle,35 TDI,Rivenditore,283,beinasco,10092,Piemonte,Nord-ovest
Audi A3 Audi A3 Sportback G-Tron S-Line,https://www.autoscout24.it/annunci/audi-a3-audi-a3-sportback-g-tron-s-line-benzina-cat_ma9mo1624-1e5f9060-d204-49fb-8353-3e55b9e3becb,20000,5,2021,195000,automatico,Benzina,150,S line,Sport,,Privato,22,savignano sul panaro,41056,Emilia-Romagna,Nord-est
Audi A3 Sportback 30 2.0 tdi S line edition s-tronic NEOP,https://www.autoscout24.it/annunci/audi-a3-sportback-30-2-0-tdi-s-line-edition-s-tronic-neop-diesel-argento-cat_ma9mo1624-0070b571-89f5-4038-859f-86f88ceacf7c,19500,5,2021,169000,automatico,Diesel,150,S line,Sport,,Rivenditore,196,casarsa delizia,33072,Friuli-Venezia Giulia,Nord-est
Audi A3 Sportback 30 2.0 tdi Business Advanced,https://www.autoscout24.it/annunci/audi-a3-sportback-30-2-0-tdi-business-advanced-diesel-cat_ma9mo1624-73a520ef-27de-4627-a584-5d94463ae5a2,20000,6,2020,150000,manuale,Diesel,150,Business Advanced,Middle,,Privato,559,atella,85020,Basilicata,Sud
Audi A3 SPB 30 1.5 G-Tron STronic Business,https://www.autoscout24.it/annunci/audi-a3-spb-30-1-5-g-tron-stronic-business-metano-blu-azzurro-cat_ma9mo1624-4a5889d9-06a6-4549-8ecb-16a1b08cf26e,19500,6,2020,78000,automatico,Metano,150,Business,Base,,Rivenditore,226,udine,33100,Friuli-Venezia Giulia,Nord-est
Audi A3 35 TDI advanced,https://www.autoscout24.it/annunci/audi-a3-35-tdi-advanced-diesel-nero-cat_ma9mo1624-f13ad976-b6ca-4560-af6b-fdd363471ca8,19999,4,2022,136459,automatico,Diesel,150,Advanced,Middle,35 TDI,Rivenditore,628,cagliari,9122,Sardegna,Isole
Audi A3 SPB Sportback 30 1.5 g-tron Business s-tronic PERMUTE,https://www.autoscout24.it/annunci/audi-a3-spb-sportback-30-1-5-g-tron-business-s-tronic-permute-metano-blu-azzurro-cat_ma9mo1624-d62c455c-5d23-423d-b31e-553afe372596,19490,5,2021,126990,automatico,Metano,150,Business,Base,,Rivenditore,65,parma,43122,Emilia-Romagna,Nord-est
Audi A3 A3 IV 2020 Sportback Sportback 35 2.0 tdi Business Advanced s-tronic,https://www.autoscout24.it/annunci/audi-a3-a3-iv-2020-sportback-sportback-35-2-0-tdi-business-advanced-s-tronic-diesel-grigio-cat_ma9mo1624-4f339266-7820-4ab3-8937-389d38c661f2,19900,5,2021,183000,automatico,Diesel,150,Business Advanced,Middle,,Privato,810,san giorgio morgeto,89017,Calabria,Sud
Audi A3 S-Line,https://www.autoscout24.it/annunci/audi-a3-s-line-benzina-cat_ma9mo1624-7575317f-2e5b-4f79-bb27-6979340254eb,20000,4,2022,195000,automatico,Benzina,150,S line,Sport,,Privato,22,vignola,41058,Emilia-Romagna,Nord-est
Audi A3 30 TDI Business Advanced,https://www.autoscout24.it/annunci/audi-a3-30-tdi-business-advanced-diesel-blu-azzurro-cat_ma9mo1624-d7f3cfab-7cf3-428b-bc49-cb786d1cbdcf,19099,4,2022,139805,manuale,Diesel,150,Business Advanced,Middle,30 TDI,Rivenditore,177,milano,20155,Lombardia,Nord-ovest
Audi A3 Sportback 30 1.6 tdi Business 116cv my20,https://www.autoscout24.it/annunci/audi-a3-sportback-30-1-6-tdi-business-116cv-my20-diesel-cat_ma9mo1624-ab293ff3-0413-4e69-bb48-602f556fa149,19950,6,2020,117853,manuale,Diesel,150,Business,Base,,Privato,381,frosinone,3100,Lazio,Centro
Audi A3 30 TDI Business Advanced,https://www.autoscout24.it/annunci/audi-a3-30-tdi-business-advanced-diesel-blu-azzurro-cat_ma9mo1624-1c073c1a-5200-45c3-8c6a-a752c48838ec,19099,4,2022,139805,manuale,Diesel,150,Business Advanced,Middle,30 TDI,Rivenditore,485,sassari,7100,Sardegna,Isole
Audi A3 A3 SPB 30 TDI Business,https://www.autoscout24.it/annunci/audi-a3-a3-spb-30-tdi-business-diesel-grigio-cat_ma9mo1624-6b160986-b0be-497f-b2c7-35e1f2c6f783,19960,4,2022,114897,manuale,Diesel,150,Business,Base,30 TDI,Rivenditore,824,cattolica eraclea,92011,Sicilia,Isole
Audi A3 SPB 30 TDI Business,https://www.autoscout24.it/annunci/audi-a3-spb-30-tdi-business-diesel-grigio-cat_ma9mo1624-3ab8db9b-1310-4c86-9235-801de6977345,20000,6,2020,81000,manuale,Diesel,150,Business,Base,30 TDI,Rivenditore,236,tolentino,62029,Marche,Centro
Audi A3 III 2016 Sportback - A3 Sportback 30 1.6 tdi Busin,https://www.autoscout24.it/annunci/audi-a3-iii-2016-sportback-a3-sportback-30-1-6-tdi-busin-diesel-nero-cat_ma9mo1624-b4a7d8b9-fbb9-40a3-8fed-2dbb9fd8bee9,19500,6,2020,80215,manuale,Diesel,150,Sport,Middle,,Rivenditore,216,novara,28100,Piemonte,Nord-ovest
Audi A3 SportBack 30 2.0 TDI 115CV Business,https://www.autoscout24.it/annunci/audi-a3-sportback-30-2-0-tdi-115cv-business-diesel-nero-cat_ma9mo1624-56b02279-b9ce-4984-a3eb-4e88707b5520,19990,4,2022,83445,manuale,Diesel,150,Business,Base,,Rivenditore,852,camporotondo etneo,95040,Sicilia,Isole
Audi A3 A3 IV 2020 Sportback Sportback 35 2.0 tdi Business Advanced s-tronic,https://www.autoscout24.it/annunci/audi-a3-a3-iv-2020-sportback-sportback-35-2-0-tdi-business-advanced-s-tronic-diesel-argento-cat_ma9mo1624-f06280c3-fd59-4289-86e1-28895548d513,19900,5,2021,186000,automatico,Diesel,150,Business Advanced,Middle,,Rivenditore,761,misilmeri,90036,Sicilia,Isole
Audi A3 4ª serie - A3 SPB 30 TFSI S tronic Business,https://www.autoscout24.it/annunci/audi-a3-4-serie-a3-spb-30-tfsi-s-tronic-business-elettrica-benzina-blu-azzurro-cat_ma9mo1624-5b37d4da-7645-4f33-bc0b-e1e1fb6aa92c,19900,4,2022,89110,automatico,Ibrido,150,Business,Base,30 TFSI,Rivenditore,99,firenze,50142,Toscana,Centro
Audi A3 Business 1.0 30 TFSI MHEV,https://www.autoscout24.it/annunci/audi-a3-business-1-0-30-tfsi-mhev-elettrica-benzina-blu-azzurro-cat_ma9mo1624-56fd860f-1579-48b1-abe5-fafe4799c041,20500,5,2021,56900,automatico,Ibrido,150,Business,Base,30 TFSI,Rivenditore,111,calvagese riviera,25080,Lombardia,Nord-ovest
Audi A3 SPB 30 TFSI S tronic Business,https://www.autoscout24.it/annunci/audi-a3-spb-30-tfsi-s-tronic-business-elettrica-benzina-grigio-cat_ma9mo1624-48ee9af8-86c0-41b4-845a-bbd6f56a72d4,20300,4,2022,76443,automatico,Ibrido,150,Business,Base,30 TFSI,Rivenditore,111,calvagese riviera,25080,Lombardia,Nord-ovest
Audi A3 SPB 40 TFSIe S tr. S line - Sedili Guscio in Pelle - C. 18'' - IVA,https://www.autoscout24.it/annunci/audi-a3-spb-40-tfsie-s-tr-s-line-sedili-guscio-in-pelle-c-18-iva-elettrica-benzina-blu-azzurro-cat_ma9mo1624-265b1cc8-eb7e-4e44-91e9-ee366b98a6b4,20500,5,2021,99000,automatico,Ibrido,150,S line,Sport,40 TFSI e,Rivenditore,193,sedriano,20018,Lombardia,Nord-ovest
Audi A3 Sportback 30 2.0 tdi  S-LINE   S-TRONIC *   IVA DEDUCIBILE *,https://www.autoscout24.it/annunci/audi-a3-sportback-30-2-0-tdi-s-line-s-tronic-iva-deducibile-diesel-blu-azzurro-cat_ma9mo1624-2d316292-df23-40e0-a21f-8873c7c6f5bf,20990,4,2022,133000,automatico,Diesel,150,S line,Sport,,Rivenditore,166,gorgonzola,20064,Lombardia,Nord-ovest
Audi A3 sportback 30 2.0 tdi business advanced s-tronic,https://www.autoscout24.it/annunci/audi-a3-sportback-30-2-0-tdi-business-advanced-s-tronic-diesel-nero-cat_ma9mo1624-d24f4a18-a768-4620-840e-c65721c2cf1f,20800,4,2022,113600,automatico,Diesel,150,Business Advanced,Middle,,Rivenditore,132,rimini,47921,Emilia-Romagna,Nord-est
Audi A3 Sportback 40 1.4 tfsi e s-tronic,https://www.autoscout24.it/annunci/audi-a3-sportback-40-1-4-tfsi-e-s-tronic-elettrica-benzina-nero-cat_ma9mo1624-0cd5866a-10bb-4dc1-a796-a177cdfb6ead,20990,4,2022,64000,automatico,Ibrido,150,Sport,Middle,,Rivenditore,160,miane,31050,Veneto,Nord-est
Audi A3 A3 III 2016 Sportback Sportback 35 1.5 tfsi Sport 150cv,https://www.autoscout24.it/annunci/audi-a3-a3-iii-2016-sportback-sportback-35-1-5-tfsi-sport-150cv-benzina-bianco-cat_ma9mo1624-c987abe3-e448-45b7-96b9-00b7178baa76,21000,4,2022,117000,manuale,Benzina,150,Sport,Middle,,Privato,86,verona,37121,Veneto,Nord-est
Audi A3 A3 IV 2022 Sedan Sedan 35 1.5 tfsi,https://www.autoscout24.it/annunci/audi-a3-a3-iv-2022-sedan-sedan-35-1-5-tfsi-benzina-nero-cat_ma9mo1624-130a1605-e076-475a-bd0f-51c15dc8550c,20500,4,2022,77000,manuale,Benzina,150,S,Performance,,Privato,147,lodi,26900,Lombardia,Nord-ovest
Audi A3 PRONTA CONSEGNA Sportback 35 1.5 tfsi Business Advanced,https://www.autoscout24.it/annunci/audi-a3-pronta-consegna-sportback-35-1-5-tfsi-business-advanced-benzina-argento-cat_ma9mo1624-3991ed3e-77b3-4ebb-8f5f-5f4b11d2c661,21000,6,2020,59000,manuale,Benzina,150,Business Advanced,Middle,,Rivenditore,256,verolengo,10038,Piemonte,Nord-ovest
Audi A3 Sportback 30 2.0 tdi Business,https://www.autoscout24.it/annunci/audi-a3-sportback-30-2-0-tdi-business-diesel-cat_ma9mo1624-3867c3e1-eb9c-4db7-a3ac-2c56704b1558,21000,2,2024,75000,manuale,Diesel,150,Business,Base,,Privato,724,rende,87036,Calabria,Sud
Audi A3 A3 Sportback 30 2.0 tdi S line edition s-tronic,https://www.autoscout24.it/annunci/audi-a3-a3-sportback-30-2-0-tdi-s-line-edition-s-tronic-diesel-bianco-cat_ma9mo1624-34a54187-df72-4101-b04b-44ea4eb9862a,20990,4,2022,150000,automatico,Diesel,150,S line,Sport,,Rivenditore,728,cellino san marco,72020,Puglia,Sud
Audi A3 Sportback 30 2.0 tdi Business/tagliandi Audi,https://www.autoscout24.it/annunci/audi-a3-sportback-30-2-0-tdi-business-tagliandi-audi-diesel-cat_ma9mo1624-0f840ec5-0061-43e1-aacb-57a50837fcc8,20500,5,2021,73000,manuale,Diesel,150,Business,Base,,Privato,169,acqualagna,61041,Marche,Centro
Audi A3 Audi A3 SportBack Limited Edition 2.0 diesel,https://www.autoscout24.it/annunci/audi-a3-audi-a3-sportback-limited-edition-2-0-diesel-diesel-cat_ma9mo1624-616f6646-1ecb-4088-9c55-914226e7adbd,20750,4,2022,105000,automatico,Diesel,150,Sport,Middle,,Privato,651,monopoli,70043,Puglia,Sud
Audi A3 A3 IV 2020 Sportback Sportback 30 1.0 tfsi mhev Business Advanced s-tronic,https://www.autoscout24.it/annunci/audi-a3-a3-iv-2020-sportback-sportback-30-1-0-tfsi-mhev-business-advanced-s-tronic-benzina-blu-azzurro-cat_ma9mo1624-a1e6a3d4-4bea-497f-8677-f9a817fb02b8,20900,4,2022,76530,automatico,Benzina,150,Business Advanced,Middle,,Privato,25,bologna,40138,Emilia-Romagna,Nord-est
Audi A3 A3 Sportback 30 1.0 tfsi mhev Business s-tronic,https://www.autoscout24.it/annunci/audi-a3-a3-sportback-30-1-0-tfsi-mhev-business-s-tronic-elettrica-benzina-cat_ma9mo1624-7a80e52d-a3fd-4343-896b-be2169c56ba9,21000,5,2021,38000,automatico,Ibrido,150,Business,Base,,Rivenditore,355,chieti,66100,Abruzzo,Sud
Audi A3 SPB 30 TFSI S line edition UNIPRO*ITA*2021*PREZZO REALE SNZA VINCOLI DI FINANZIAMENTO*SI NEOPATENTATO,https://www.autoscout24.it/annunci/audi-a3-spb-30-tfsi-s-line-edition-unipro-ita-2021-prezzo-reale-snza-vincoli-di-finanziamento-si-neopatentato-benzina-grigio-cat_ma9mo1624-67182f68-ebb3-494b-8725-45fab4967c9b,20900,5,2021,95000,manuale,Benzina,150,S line,Sport,30 TFSI,Rivenditore,319,fonte nuova,13,Lazio,Centro
Audi A3 A3 SPB 30 TDI S line edition,https://www.autoscout24.it/annunci/audi-a3-a3-spb-30-tdi-s-line-edition-diesel-grigio-cat_ma9mo1624-f8152b49-47bf-4d85-9195-c5e27b561ff6,20900,4,2022,68766,manuale,Diesel,150,S line,Sport,30 TDI,Rivenditore,286,orbassano,10043,Piemonte,Nord-ovest
Audi A3 Sportback 30 2.0 tdi Business Advanced s-tronic,https://www.autoscout24.it/annunci/audi-a3-sportback-30-2-0-tdi-business-advanced-s-tronic-diesel-bianco-cat_ma9mo1624-34580bc3-5bb6-4412-b350-69a057f35d6e,20900,4,2022,74000,automatico,Diesel,150,Business Advanced,Middle,,Rivenditore,98,grezzana,37023,Veneto,Nord-est
Audi A3 A3 IV 2020 Sportback Sportback 30 2.0 tdi Business Advanced,https://www.autoscout24.it/annunci/audi-a3-a3-iv-2020-sportback-sportback-30-2-0-tdi-business-advanced-diesel-cat_ma9mo1624-11f7d3c6-c7be-4f30-b193-5e0b482ba4eb,21000,5,2021,50000,manuale,Diesel,150,Business Advanced,Middle,,Privato,810,taurianova,89029,Calabria,Sud
Audi A3 SPORTBACK 30 TFSI S tr. Bus. Adv. GRIMALDI SP.DAY,https://www.autoscout24.it/annunci/audi-a3-sportback-30-tfsi-s-tr-bus-adv-grimaldi-sp-day-elettrica-benzina-grigio-cat_ma9mo1624-96e5b770-8a36-4138-95e7-50f465f6f276,20900,3,2023,75188,automatico,Ibrido,150,Sport,Middle,30 TFSI,Rivenditore,193,vigevano,27029,Lombardia,Nord-ovest
Audi A3 Sportback 30 1.0 tfsi mhev S line edition s-tronic,https://www.autoscout24.it/annunci/audi-a3-sportback-30-1-0-tfsi-mhev-s-line-edition-s-tronic-elettrica-benzina-nero-cat_ma9mo1624-a642710e-d46d-4f46-a4b0-2caaa1a0d8f8,20500,5,2021,106000,automatico,Ibrido,150,S line,Sport,,Rivenditore,162,dalmine,24044,Lombardia,Nord-ovest
Audi A3 30 2.0 tdi Business,https://www.autoscout24.it/annunci/audi-a3-30-2-0-tdi-business-diesel-grigio-cat_ma9mo1624-ca45732d-fa61-4aeb-afda-5e2a7045ef1f,20490,5,2021,47000,manuale,Diesel,150,Business,Base,,Rivenditore,162,melegnano,20077,Lombardia,Nord-ovest
Audi A3 A3 IV 2022 Sportback 35 2.0 s-tronic,https://www.autoscout24.it/annunci/audi-a3-a3-iv-2022-sportback-35-2-0-s-tronic-diesel-blu-azzurro-cat_ma9mo1624-83431dd1-00e8-4bab-b766-85425f88242c,20999,4,2022,77000,automatico,Diesel,150,Sport,Middle,,Rivenditore,112,san casciano val pesa,50026,Toscana,Centro
Audi A3 Sportback 30 1.0 tfsi mhev S line edition s-tronic,https://www.autoscout24.it/annunci/audi-a3-sportback-30-1-0-tfsi-mhev-s-line-edition-s-tronic-elettrica-benzina-bianco-cat_ma9mo1624-eefa2597-0c3b-4a2d-85c7-c6cf9699a824,21000,5,2021,125000,automatico,Ibrido,150,S line,Sport,,Privato,200,longarone,32013,Veneto,Nord-est
Audi A3 Sportback 40 1.4 tfsi e-tron Sport s-tronic,https://www.autoscout24.it/annunci/audi-a3-sportback-40-1-4-tfsi-e-tron-sport-s-tronic-elettrica-benzina-cat_ma9mo1624-b8dc14de-511d-4bb2-b1a8-ebcfeadae1f9,21000,6,2020,68000,automatico,Ibrido,150,Sport,Middle,,Privato,201,rescaldina,20027,Lombardia,Nord-ovest
Audi A3 SPB 30 TDI S tronic S Line Edition,https://www.autoscout24.it/annunci/audi-a3-spb-30-tdi-s-tronic-s-line-edition-diesel-nero-cat_ma9mo1624-b9a6fb96-b912-4731-8848-bec1b2a45ed2,20800,4,2022,147315,automatico,Diesel,150,S line,Sport,30 TDI,Rivenditore,712,mesagne,72023,Puglia,Sud
Audi A3 SPB 30 TFSI S tronic SPB S line edition,https://www.autoscout24.it/annunci/audi-a3-spb-30-tfsi-s-tronic-spb-s-line-edition-elettrica-benzina-nero-cat_ma9mo1624-d5673d9a-785c-44c6-ae8a-050bc673dce2,20490,5,2021,104480,automatico,Ibrido,150,S line,Sport,30 TFSI,Rivenditore,162,feltre,32032,Veneto,Nord-est
Audi A3 SPB 30 TFSI S tronic Business HYBRID,https://www.autoscout24.it/annunci/audi-a3-spb-30-tfsi-s-tronic-business-hybrid-elettrica-benzina-argento-cat_ma9mo1624-0352f54d-68de-42e5-887c-d25e077922bd,20500,5,2021,49672,automatico,Ibrido,150,Business,Base,30 TFSI,Rivenditore,115,arcola,19021,Liguria,Nord-ovest
Audi A3 Sportback 30 2.0 tdi Business,https://www.autoscout24.it/annunci/audi-a3-sportback-30-2-0-tdi-business-diesel-cat_ma9mo1624-43a25350-7dee-4ebf-9c1a-f9a4adf8d385,20500,5,2021,104428,manuale,Diesel,150,Business,Base,,Privato,281,ascoli piceno,63100,Marche,Centro
"Audi A3 SPB 35 TFSI S tronic Business Advanced +18""",https://www.autoscout24.it/annunci/audi-a3-spb-35-tfsi-s-tronic-business-advanced-+18-elettrica-benzina-argento-cat_ma9mo1624-bd08fa7c-13c9-4b9b-81a5-2af37b40eaaf,20700,6,2020,84000,automatico,Ibrido,150,Business Advanced,Middle,35 TFSI,Rivenditore,137,altivole,31030,Veneto,Nord-est
Audi A3 Sportback 35 2.0 tdi Business Advanced s-tronic,https://www.autoscout24.it/annunci/audi-a3-sportback-35-2-0-tdi-business-advanced-s-tronic-diesel-bianco-cat_ma9mo1624-4a85da1e-bbb7-41cc-bbe2-316bc78a5f28,20900,4,2022,116000,automatico,Diesel,150,Business Advanced,Middle,,Rivenditore,162,dalmine,24044,Lombardia,Nord-ovest
"Audi A3 Sportback 30 2.0 tdi Business LED-NAVI-18""",https://www.autoscout24.it/annunci/audi-a3-sportback-30-2-0-tdi-business-led-navi-18-diesel-nero-cat_ma9mo1624-9e694849-6928-45d1-a5bb-dea2688d0a23,20800,5,2021,66100,manuale,Diesel,150,Business,Base,,Rivenditore,245,alba,12051,Piemonte,Nord-ovest
Audi A3 Sportback 35 2.0 tdi Business Advanced s-tronic,https://www.autoscout24.it/annunci/audi-a3-sportback-35-2-0-tdi-business-advanced-s-tronic-diesel-cat_ma9mo1624-b8a0fdde-2409-478d-9d4a-7b23d9968f1f,20900,5,2021,94500,automatico,Diesel,150,Business Advanced,Middle,,Privato,911,ragusa,97100,Sicilia,Isole
Audi A3 Sportback 30 1.6 tdi Admired 116cv,https://www.autoscout24.it/annunci/audi-a3-sportback-30-1-6-tdi-admired-116cv-diesel-cat_ma9mo1624-258f6795-ea6f-4daf-90a5-5f23f02e9132,20500,6,2020,115000,manuale,Diesel,150,Sport,Middle,,Privato,532,stornara,71047,Puglia,Sud
Audi A3 SPB 30 TFSI ANCHE NEOPATENTATI,https://www.autoscout24.it/annunci/audi-a3-spb-30-tfsi-anche-neopatentati-benzina-bianco-cat_ma9mo1624-869a1eda-9bc9-4b7a-8960-00c6717094fb,20650,3,2023,67373,manuale,Benzina,150,S,Performance,30 TFSI,Rivenditore,78,russi,48026,Emilia-Romagna,Nord-est
Audi A3 A3  Sportback 40 tfsi Admired 190cv s-tronic,https://www.autoscout24.it/annunci/audi-a3-a3-sportback-40-tfsi-admired-190cv-s-tronic-benzina-nero-cat_ma9mo1624-d77cc8c6-229f-48c5-ac95-a22c489b3e83,20700,6,2020,82000,automatico,Benzina,150,Sport,Middle,40 TFSI,Rivenditore,415,cassino,3043,Lazio,Centro
Audi A3 SPB 35 TDI 150 CV Automatica S tronic NAVI LED Business,https://www.autoscout24.it/annunci/audi-a3-spb-35-tdi-150-cv-automatica-s-tronic-navi-led-business-diesel-grigio-cat_ma9mo1624-d43b3d2a-eb37-4efa-ab5f-3f7d3fc10903,20800,6,2020,113900,automatico,Diesel,150,Business,Base,35 TDI,Rivenditore,611,bari,70125,Puglia,Sud
Audi A3 Sportback 30 1.6 tdi Design 116cv,https://www.autoscout24.it/annunci/audi-a3-sportback-30-1-6-tdi-design-116cv-diesel-cat_ma9mo1624-3ab43351-3b13-498e-8ef9-321fc606ea5a,21000,2,2024,108000,manuale,Diesel,150,Design,Middle,,Privato,229,osimo,60027,Marche,Centro
Audi A3 A3  2022 Sportback 30 2.0 tdi S line s-tronic TOTAL BLAK,https://www.autoscout24.it/annunci/audi-a3-a3-2022-sportback-30-2-0-tdi-s-line-s-tronic-total-blak-diesel-nero-cat_ma9mo1624-a08dec64-b104-4c1b-8ef2-4faafc8703ca,20900,5,2021,139000,automatico,Diesel,150,S line,Sport,,Rivenditore,523,solofra,83029,Campania,Sud
Audi A3 Sportback 35 2.0 tdi Business Advanced s-tronic,https://www.autoscout24.it/annunci/audi-a3-sportback-35-2-0-tdi-business-advanced-s-tronic-diesel-cat_ma9mo1624-d2269a9a-d96c-4e5f-b943-8c3fdb6b0482,21000,5,2021,162000,automatico,Diesel,150,Business Advanced,Middle,,Privato,755,nardo,73048,Puglia,Sud
Audi A3 A3 Sportback 30 2.0 tdi 116 CV **LED MATRIX+NAVI+FULL**,https://www.autoscout24.it/annunci/audi-a3-a3-sportback-30-2-0-tdi-116-cv-led-matrix+navi+full-diesel-nero-cat_ma9mo1624-af9fd944-8b24-43e9-8594-7ff7ee13bd5e,20900,5,2021,89000,manuale,Diesel,150,Sport,Middle,,Rivenditore,381,frosinone,3100,Lazio,Centro
"Audi A3 A3 SPORTBACK 35 TDI S tronic chilometri certificati Casamadre, possibilità di estensione garanzia Casamadre.",https://www.autoscout24.it/annunci/audi-a3-a3-sportback-35-tdi-s-tronic-chilometri-certificati-casamadre-possibilita-di-estensione-garanzia-casamadre-diesel-bianco-cat_ma9mo1624-d2e4fb30-2481-4dd7-aa9d-6e8780f00e7d,20750,6,2020,87324,automatico,Diesel,150,Sport,Middle,35 TDI,Rivenditore,20,castel maggiore,40013,Emilia-Romagna,Nord-est
Audi A3 A3 IV Sportback 35 2.0 tdi Business Advanced,https://www.autoscout24.it/annunci/audi-a3-a3-iv-sportback-35-2-0-tdi-business-advanced-diesel-blu-azzurro-cat_ma9mo1624-8f2ddc71-4889-4ba2-80e8-acd7fe68a1a4,20500,4,2022,123000,manuale,Diesel,150,Business Advanced,Middle,,Rivenditore,276,torino,10131,Piemonte,Nord-ovest
Audi A3 Sportback 35 2.0 tdi Business 150cv s-tronic my19,https://www.autoscout24.it/annunci/audi-a3-sportback-35-2-0-tdi-business-150cv-s-tronic-my19-diesel-cat_ma9mo1624-5dadc7a6-2e56-49a0-9331-40f5508f50a2,20500,6,2020,105048,automatico,Diesel,150,Business,Base,,Privato,25,bologna,40121,Emilia-Romagna,Nord-est
Audi A3 A3 IV Sedan 30 2.0 tdi Business Advanced s-tronic,https://www.autoscout24.it/annunci/audi-a3-a3-iv-sedan-30-2-0-tdi-business-advanced-s-tronic-diesel-argento-cat_ma9mo1624-28899a84-9ea9-43bc-be0f-ffaf07310eae,20500,3,2023,136380,automatico,Diesel,150,Business Advanced,Middle,,Rivenditore,695,san michele salentino,72018,Puglia,Sud
Audi A3 IV 2020 Sportback 30 2.0 tdi Business s-tronic,https://www.autoscout24.it/annunci/audi-a3-iv-2020-sportback-30-2-0-tdi-business-s-tronic-diesel-argento-cat_ma9mo1624-75953535-17ff-4787-81a5-75dc00ad6510,20940,4,2022,83000,automatico,Diesel,150,Business,Base,,Rivenditore,506,ariano irpino,83031,Campania,Sud
Audi A3 A3 SPB 35 TDI S tronic Admired,https://www.autoscout24.it/annunci/audi-a3-a3-spb-35-tdi-s-tronic-admired-diesel-nero-cat_ma9mo1624-399ae762-e44d-4953-bb45-4192815d44b3,20900,6,2020,74000,automatico,Diesel,150,S,Performance,35 TDI,Rivenditore,210,olgiate comasco,22077,Lombardia,Nord-ovest
Audi A3 Sportback 30 1.5 g-tron Business Advanced s-tronic,https://www.autoscout24.it/annunci/audi-a3-sportback-30-1-5-g-tron-business-advanced-s-tronic-metano-cat_ma9mo1624-a57df2a2-857c-4249-b7d6-7f2ca3d5f8ce,21000,5,2021,118000,automatico,Metano,150,Business Advanced,Middle,,Privato,201,rescaldina,20027,Lombardia,Nord-ovest
Audi A3 35 TFSI Mild-Hybrid Advanced S tronic MHEV,https://www.autoscout24.it/annunci/audi-a3-35-tfsi-mild-hybrid-advanced-s-tronic-mhev-elettrica-benzina-blu-azzurro-cat_ma9mo1624-0d0e39d8-546f-4fca-b18a-bb9a34431e52,20599,5,2021,85325,automatico,Ibrido,150,Advanced,Middle,35 TFSI,Rivenditore,86,verona,37135,Veneto,Nord-est
Audi A3 sportback 30 2.0 tdi business advanced s tronic,https://www.autoscout24.it/annunci/audi-a3-sportback-30-2-0-tdi-business-advanced-s-tronic-diesel-cat_ma9mo1624-e86d6ef6-eb01-46d3-83f5-558a36807c9e,20500,4,2022,119888,automatico,Diesel,150,Business Advanced,Middle,,Rivenditore,276,torino,10148,Piemonte,Nord-ovest
Audi A3 A3 III 2016 Sportback Sportback 35 2.0 tdi Admired 150cv s-tronic,https://www.autoscout24.it/annunci/audi-a3-a3-iii-2016-sportback-sportback-35-2-0-tdi-admired-150cv-s-tronic-diesel-nero-cat_ma9mo1624-1b1d84bf-6909-467c-961b-520f703512cf,20500,6,2020,95000,automatico,Diesel,150,Sport,Middle,,Privato,816,acquaviva platani,93010,Sicilia,Isole
Audi A3 A3 IV 2020 SportbackSportback 30 1.5 g-tron Busine,https://www.autoscout24.it/annunci/audi-a3-a3-iv-2020-sportbacksportback-30-1-5-g-tron-busine-metano-cat_ma9mo1624-99df0700-f913-441a-80f3-a6953cf4d380,20500,5,2021,98000,automatico,Metano,150,Sport,Middle,,Privato,431,gaeta,4024,Lazio,Centro
"Audi A3 30 2.0 tdi Business LED-NAVI-CAM-16""",https://www.autoscout24.it/annunci/audi-a3-30-2-0-tdi-business-led-navi-cam-16-diesel-bianco-cat_ma9mo1624-f8f69953-358a-4ee1-a605-ac4e5864a060,20800,6,2020,74900,manuale,Diesel,150,Business,Base,,Rivenditore,245,alba,12051,Piemonte,Nord-ovest
Audi A3 40 1.4 tfsi e Business Advanced s-tronic,https://www.autoscout24.it/annunci/audi-a3-40-1-4-tfsi-e-business-advanced-s-tronic-elettrica-benzina-argento-cat_ma9mo1624-706e617f-8c07-4a96-9811-f59f075075e3,20900,5,2021,60480,automatico,Ibrido,150,Business Advanced,Middle,,Rivenditore,180,buccinasco,20090,Lombardia,Nord-ovest
Audi A3 A3 Sportback 30 1.0 tfsi,https://www.autoscout24.it/annunci/audi-a3-a3-sportback-30-1-0-tfsi-benzina-bianco-cat_ma9mo1624-c09d4af3-e7d9-441f-a636-c3adbdbab9a9,20999,4,2022,40000,manuale,Benzina,150,Sport,Middle,,Rivenditore,448,campobasso,86100,Molise,Sud
Audi A3 30 TDI SPORTBACK 8YA BUSINESS FINO A 3 ANNI DI GARANZIA,https://www.autoscout24.it/annunci/audi-a3-30-tdi-sportback-8ya-business-fino-a-3-anni-di-garanzia-diesel-cat_ma9mo1624-32608e12-8b10-406d-be54-dc6c3c35cd3e,20900,4,2022,79579,manuale,Diesel,150,Business,Base,30 TDI,Rivenditore,533,salerno,84131,Campania,Sud
Audi A3 Sportback 35 1.5 tfsi mhev s-tronic,https://www.autoscout24.it/annunci/audi-a3-sportback-35-1-5-tfsi-mhev-s-tronic-elettrica-benzina-cat_ma9mo1624-63c81dd4-1f8d-4051-9d1d-c39782b69b1d,21000,6,2020,110000,automatico,Ibrido,150,Sport,Middle,,Privato,258,servigliano,63839,Marche,Centro
Audi A3 A3 Sportback 35 2.0 tdi Business Advanced s-tronic,https://www.autoscout24.it/annunci/audi-a3-a3-sportback-35-2-0-tdi-business-advanced-s-tronic-diesel-bianco-cat_ma9mo1624-3ace4d87-5100-4f92-a18a-6ec31b344a06,20900,4,2022,110000,automatico,Diesel,150,Business Advanced,Middle,,Privato,533,salerno,84121,Campania,Sud
Audi A3 A3 IV 2020 SportbackSportback 30 1.5 g-tron Business Advanced s-tronic,https://www.autoscout24.it/annunci/audi-a3-a3-iv-2020-sportbacksportback-30-1-5-g-tron-business-advanced-s-tronic-metano-nero-cat_ma9mo1624-1f4b0499-4e9d-49a9-b4f6-b5ffc7c12423,20500,5,2021,145000,automatico,Metano,150,Business Advanced,Middle,,Privato,57,imola,40026,Emilia-Romagna,Nord-est
Audi A3 30 2.0 tdi Business s-tronic,https://www.autoscout24.it/annunci/audi-a3-30-2-0-tdi-business-s-tronic-diesel-bianco-cat_ma9mo1624-d4b9b7e0-2179-4c6b-bb89-9b8cef89c3e6,20890,5,2021,122000,automatico,Diesel,150,Business,Base,,Rivenditore,684,ostuni,72017,Puglia,Sud
Audi A3 30 1.0 tfsi Business LED-NAVI-PELLE,https://www.autoscout24.it/annunci/audi-a3-30-1-0-tfsi-business-led-navi-pelle-benzina-nero-cat_ma9mo1624-300595f0-6059-4169-b5c7-2efce8886fc3,20800,4,2022,67800,manuale,Benzina,150,Business,Base,,Rivenditore,245,alba,12051,Piemonte,Nord-ovest
Audi A3 A3 SPB 30 TDI S tronic Business Advanced ok neopat,https://www.autoscout24.it/annunci/audi-a3-a3-spb-30-tdi-s-tronic-business-advanced-ok-neopat-diesel-nero-cat_ma9mo1624-0d146781-5813-407c-bec7-08d2ab83a624,21000,3,2023,95000,automatico,Diesel,150,Business Advanced,Middle,30 TDI,Rivenditore,95,forlimpopoli,47034,Emilia-Romagna,Nord-est
Audi A3 SPB 40 TFSIe Stronic COCKPIT CAMERA,https://www.autoscout24.it/annunci/audi-a3-spb-40-tfsie-stronic-cockpit-camera-elettrica-benzina-bianco-cat_ma9mo1624-f87c9c73-9eda-4153-96f3-c3974de23c56,20990,4,2022,133030,automatico,Ibrido,150,S,Performance,40 TFSI e,Rivenditore,712,mesagne,72023,Puglia,Sud
Audi A3 A3 IV 2020 Sportback 2.0 tdi  Garanzia Audi,https://www.autoscout24.it/annunci/audi-a3-a3-iv-2020-sportback-2-0-tdi-garanzia-audi-diesel-bianco-cat_ma9mo1624-4436d543-8154-4c9e-aca3-949ce3c78e38,20490,5,2021,103000,automatico,Diesel,150,Sport,Middle,,Rivenditore,214,albiolo,22070,Lombardia,Nord-ovest
Audi A3 Sportback 30 2.0 tdi Business s-tronic,https://www.autoscout24.it/annunci/audi-a3-sportback-30-2-0-tdi-business-s-tronic-diesel-nero-cat_ma9mo1624-91f0cc50-d77f-42ea-87d8-fef5f84d2013,20500,4,2022,85700,automatico,Diesel,150,Business,Base,,Rivenditore,72,faenza,48018,Emilia-Romagna,Nord-est
Audi A3 SPB 35 TDI 150 CV S TRONIC ADVANCED - MY22,https://www.autoscout24.it/annunci/audi-a3-spb-35-tdi-150-cv-s-tronic-advanced-my22-diesel-grigio-cat_ma9mo1624-1f0b0dec-bee9-45e8-9ef8-b95ca0d964ec,20900,4,2022,139000,automatico,Diesel,150,Advanced,Middle,35 TDI,Rivenditore,483,qualiano,80019,Campania,Sud
Audi A3 Sportback 30 2.0 tdi Business Advanced,https://www.autoscout24.it/annunci/audi-a3-sportback-30-2-0-tdi-business-advanced-diesel-bianco-cat_ma9mo1624-99f6d30a-1786-4b1c-8936-363f4dbc980a,20140,6,2020,120080,manuale,Diesel,150,Business Advanced,Middle,,Rivenditore,16,modena,41123,Emilia-Romagna,Nord-est
Audi A3 A3 SPORTBACK 30 2.0 TDI BUSINESS ADVANCED STRONIC - NEOPATENTATO - IVA ESPOSTA,https://www.autoscout24.it/annunci/audi-a3-a3-sportback-30-2-0-tdi-business-advanced-stronic-neopatentato-iva-esposta-diesel-nero-cat_ma9mo1624-f0f54394-c922-45e5-b9eb-79f9d138d272,20200,5,2021,119000,automatico,Diesel,150,Business Advanced,Middle,,Rivenditore,286,cuneo,12100,Piemonte,Nord-ovest
Audi A3 SPB 35 TDI S tronic Business Advanced,https://www.autoscout24.it/annunci/audi-a3-spb-35-tdi-s-tronic-business-advanced-diesel-nero-cat_ma9mo1624-9b335345-b2de-4c8e-99e3-ff490df9994f,20900,6,2020,98000,automatico,Diesel,150,Business Advanced,Middle,35 TDI,Rivenditore,25,galliera,40015,Emilia-Romagna,Nord-est
Audi A3 Sportback 35 2.0 tdi Sport 150cv s-tronic 7m,https://www.autoscout24.it/annunci/audi-a3-sportback-35-2-0-tdi-sport-150cv-s-tronic-7m-diesel-cat_ma9mo1624-2efaacf8-2079-4d04-b459-888e5a723ee2,20800,6,2020,186000,automatico,Diesel,150,Sport,Middle,,Privato,490,cagnano varano,71010,Puglia,Sud
Audi A3 A3 Sportback 30 1.5 g-tron Business Advanced s-tronic,https://www.autoscout24.it/annunci/audi-a3-a3-sportback-30-1-5-g-tron-business-advanced-s-tronic-metano-cat_ma9mo1624-bc86c033-96e8-44e4-acb1-fae2a560b373,21000,5,2021,120000,automatico,Metano,150,Business Advanced,Middle,,Privato,146,bariano,24050,Lombardia,Nord-ovest
Audi A3 A3 IV 2020 Sportback Sportback 30 2.0 tdi s-tronic,https://www.autoscout24.it/annunci/audi-a3-a3-iv-2020-sportback-sportback-30-2-0-tdi-s-tronic-diesel-blu-azzurro-cat_ma9mo1624-1ad9b624-0461-4226-9e47-53deee568f5d,20900,5,2021,88500,automatico,Diesel,150,Sport,Middle,,Rivenditore,16,modena,41126,Emilia-Romagna,Nord-est
Audi A3 SPB 30 TDI S tronic Business,https://www.autoscout24.it/annunci/audi-a3-spb-30-tdi-s-tronic-business-diesel-blu-azzurro-cat_ma9mo1624-75d92b1b-6371-4431-80a1-8176ef8aa43c,20500,4,2022,115000,automatico,Diesel,150,Business,Base,30 TDI,Rivenditore,200,perugia,6132,Umbria,Centro
Audi A3 A3 8ySportback Sportback 35 2.0 tdi Business s-tronic,https://www.autoscout24.it/annunci/audi-a3-a3-8ysportback-sportback-35-2-0-tdi-business-s-tronic-diesel-cat_ma9mo1624-9867cdd2-ca5d-4207-bcd2-3233a53fdab6,21000,4,2022,134250,automatico,Diesel,150,Business,Base,,Privato,782,vibo valentia,89900,Calabria,Sud
Audi A3 35 2.0 tdi S line Edition s-tronic,https://www.autoscout24.it/annunci/audi-a3-35-2-0-tdi-s-line-edition-s-tronic-diesel-blu-azzurro-cat_ma9mo1624-6bbc17fe-77e4-4241-b50b-4aa25d72c307,20900,6,2020,129545,automatico,Diesel,150,S line,Sport,,Rivenditore,162,cimbergo,25050,Lombardia,Nord-ovest
Audi A3 A3 SPB 35 TDI S tronic Business Advanced,https://www.autoscout24.it/annunci/audi-a3-a3-spb-35-tdi-s-tronic-business-advanced-diesel-nero-cat_ma9mo1624-5964d880-730f-4b13-86a6-f2bbd8151622,20990,5,2021,136000,automatico,Diesel,150,Business Advanced,Middle,35 TDI,Rivenditore,123,noale,30033,Veneto,Nord-est
Audi A3 A3 IV 2020 Sportback Sportback 35 1.5 tfsi mhev S line edition s-tronic,https://www.autoscout24.it/annunci/audi-a3-a3-iv-2020-sportback-sportback-35-1-5-tfsi-mhev-s-line-edition-s-tronic-elettrica-benzina-cat_ma9mo1624-2e0f9979-605e-4956-8e79-21a18234cf7f,21000,5,2021,130000,automatico,Ibrido,150,S line,Sport,,Privato,520,pagani,84016,Campania,Sud
Audi A3 sportback 30 1.0 tfsi business,https://www.autoscout24.it/annunci/audi-a3-sportback-30-1-0-tfsi-business-benzina-cat_ma9mo1624-69e5a6b7-8663-4aa8-8a68-9b24662193b9,20900,4,2022,72644,manuale,Benzina,150,Business,Base,,Rivenditore,276,torino,10148,Piemonte,Nord-ovest
Audi A3 Sportback 35 2.0 tdi Business s-tronic,https://www.autoscout24.it/annunci/audi-a3-sportback-35-2-0-tdi-business-s-tronic-diesel-grigio-cat_ma9mo1624-1b811fbf-5dde-40a8-8a9b-d8c5f0d3e645,20850,5,2021,129978,automatico,Diesel,150,Business,Base,,Rivenditore,127,venezia,30173,Veneto,Nord-est
Audi A3 A3 IV 2020 Sportback Sportback 30 2.0 tdi s-tronic,https://www.autoscout24.it/annunci/audi-a3-a3-iv-2020-sportback-sportback-30-2-0-tdi-s-tronic-diesel-bianco-cat_ma9mo1624-c2867b27-a9e4-4221-90c9-0d71c19f9e85,20900,4,2022,115000,automatico,Diesel,150,Sport,Middle,,Rivenditore,276,torino,10155,Piemonte,Nord-ovest
Audi A3 Sportback 40 1.4 tfsi e-tron s-tronic,https://www.autoscout24.it/annunci/audi-a3-sportback-40-1-4-tfsi-e-tron-s-tronic-elettrica-benzina-cat_ma9mo1624-fa020ca3-cc1a-4229-a987-a0244d39f558,20500,6,2020,88000,automatico,Ibrido,150,Sport,Middle,,Privato,276,torino,10143,Piemonte,Nord-ovest
Audi A3 A3 Sportback 35 1.5 tfsi mhev Business Advanced s-,https://www.autoscout24.it/annunci/audi-a3-a3-sportback-35-1-5-tfsi-mhev-business-advanced-s-elettrica-benzina-argento-cat_ma9mo1624-ff5e2713-c4d2-41d4-a9d8-bcd9006c3224,21000,6,2020,122000,automatico,Ibrido,150,Business Advanced,Middle,,Privato,177,milano,20161,Lombardia,Nord-ovest
Audi A3 A3 III 2016 Sportback Sportback 30 1.6 tdi S-Line 116cv,https://www.autoscout24.it/annunci/audi-a3-a3-iii-2016-sportback-sportback-30-1-6-tdi-s-line-116cv-diesel-bianco-cat_ma9mo1624-81eaf174-dac5-4b81-bdae-eefda5b75b19,20950,6,2020,110000,manuale,Diesel,150,S line,Sport,,Rivenditore,444,busso,86010,Molise,Sud
Audi A3 A3 Sportback 30 1.5 g-tron Business  s-tronic,https://www.autoscout24.it/annunci/audi-a3-a3-sportback-30-1-5-g-tron-business-s-tronic-metano-blu-azzurro-cat_ma9mo1624-32881a6a-a1b5-47bc-9d55-58c04a8ec2f0,20900,6,2020,112400,automatico,Metano,150,Business,Base,,Rivenditore,266,fermo,63900,Marche,Centro
Audi A3 Sportback 30 2.0 tdi Business,https://www.autoscout24.it/annunci/audi-a3-sportback-30-2-0-tdi-business-diesel-bianco-cat_ma9mo1624-f85c3d2a-b688-4759-ad3a-409fa467060e,20500,4,2022,150000,manuale,Diesel,150,Business,Base,,Rivenditore,164,pesaro,61122,Marche,Centro
Audi A3 35 TFSI Mild-Hybrid S line S tronic MHEV,https://www.autoscout24.it/annunci/audi-a3-35-tfsi-mild-hybrid-s-line-s-tronic-mhev-benzina-grigio-cat_ma9mo1624-489566bb-ba8b-4e4c-95d1-39af1cf92136,20799,6,2020,127848,automatico,Benzina,150,S line,Sport,35 TFSI,Rivenditore,628,cagliari,9122,Sardegna,Isole
Audi A3 A3 IV 2020 SportbackSportback 35 2.0 tdi s-tronic,https://www.autoscout24.it/annunci/audi-a3-a3-iv-2020-sportbacksportback-35-2-0-tdi-s-tronic-diesel-bianco-cat_ma9mo1624-84e02b88-28e8-4c00-bea5-508b1912bf3b,21000,5,2021,143000,automatico,Diesel,150,Sport,Middle,,Privato,319,fonte nuova,13,Lazio,Centro
Audi A3 4ª serie - A3 SPB 35 TFSI,https://www.autoscout24.it/annunci/audi-a3-4-serie-a3-spb-35-tfsi-benzina-nero-cat_ma9mo1624-ec17e8eb-194d-4730-8d6e-9f91216aa66c,21700,4,2022,33669,manuale,Benzina,150,S,Performance,35 TFSI,Rivenditore,202,legnano,20025,Lombardia,Nord-ovest
Audi A3 30 1.0 tfsi mhev Business s-tronic,https://www.autoscout24.it/annunci/audi-a3-30-1-0-tfsi-mhev-business-s-tronic-elettrica-benzina-grigio-cat_ma9mo1624-f59d783c-db1c-425b-b869-a3f2cea3cd13,21900,5,2021,57450,automatico,Ibrido,150,Business,Base,,Rivenditore,42,ferrara,44124,Emilia-Romagna,Nord-est
"Audi A3 2.0 tdi Business Advanced,CERCHI NUOVI,PREZZO REALE NO VINCOLI , NEOPATENTATI, GARANZIA 12 MESI",https://www.autoscout24.it/annunci/audi-a3-2-0-tdi-business-advanced-cerchi-nuovi-prezzo-reale-no-vincoli-neopatentati-garanzia-12-mesi-diesel-blu-azzurro-cat_ma9mo1624-7168808e-545f-43ee-89bf-467d2247a694,21500,4,2022,82000,manuale,Diesel,150,Business Advanced,Middle,,Rivenditore,141,adro,25030,Lombardia,Nord-ovest
Audi A3 30 TFSI,https://www.autoscout24.it/annunci/audi-a3-30-tfsi-benzina-nero-cat_ma9mo1624-3d11f400-248c-47c8-a5a9-2368d21807b1,21400,4,2022,59300,manuale,Benzina,150,S,Performance,30 TFSI,Rivenditore,163,refrontolo,31020,Veneto,Nord-est
Audi A3 A3 SPB 35 TDI S tronic Business Advanced,https://www.autoscout24.it/annunci/audi-a3-a3-spb-35-tdi-s-tronic-business-advanced-diesel-grigio-cat_ma9mo1624-c4a4b6c8-0d6b-41e6-b142-1e6fd34d474a,21999,5,2021,103000,automatico,Diesel,150,Business Advanced,Middle,35 TDI,Rivenditore,54,gattatico,42043,Emilia-Romagna,Nord-est
Audi A3 Sportback 30 1.0 tfsi mhev Business Advanced s-tronic GARANZIA 24 MESI UNIPROPRIETA FULL OPTIONAL,https://www.autoscout24.it/annunci/audi-a3-sportback-30-1-0-tfsi-mhev-business-advanced-s-tronic-garanzia-24-mesi-uniproprieta-full-optional-elettrica-benzina-rosso-cat_ma9mo1624-b086b93e-930a-4396-8e7c-9b4248e8ab3b,21950,5,2021,80106,automatico,Ibrido,150,Business Advanced,Middle,,Rivenditore,142,riccione,47838,Emilia-Romagna,Nord-est
Audi A3 SPORTBACK 40 TFSI E S TRONIC BUSINESS ADVANCED S.BACK 5 PORTE BERLINA,https://www.autoscout24.it/annunci/audi-a3-sportback-40-tfsi-e-s-tronic-business-advanced-s-back-5-porte-berlina-elettrica-benzina-cat_ma9mo1624-997dd4f7-840d-405e-b371-e15577450cab,21600,4,2022,64450,automatico,Ibrido,150,Business Advanced,Middle,40 TFSI e,Rivenditore,160,bagnaria,27050,Lombardia,Nord-ovest
Audi A3 2.0 tdi Business Advanced 150cv s-tronic,https://www.autoscout24.it/annunci/audi-a3-2-0-tdi-business-advanced-150cv-s-tronic-diesel-bianco-cat_ma9mo1624-e4d8b86c-7b3d-409d-ae54-9b9437f955d0,21990,2,2024,107000,automatico,Diesel,150,Business Advanced,Middle,,Rivenditore,213,deruta,6053,Umbria,Centro
Audi A3 A3 Sportback 35 2.0 tdi Business s-tronic,https://www.autoscout24.it/annunci/audi-a3-a3-sportback-35-2-0-tdi-business-s-tronic-diesel-blu-azzurro-cat_ma9mo1624-7392030b-5f9e-462e-99bd-fc0c7e18c48b,21900,4,2022,79588,automatico,Diesel,150,Business,Base,,Rivenditore,683,taranto,74121,Puglia,Sud
Audi A3 A3 IV 2020 Sportback 35 2.0 tdi Business Advanced s-tronic,https://www.autoscout24.it/annunci/audi-a3-a3-iv-2020-sportback-35-2-0-tdi-business-advanced-s-tronic-diesel-nero-cat_ma9mo1624-21fc4040-4935-4263-8945-824b446f19e2,21900,5,2021,107299,automatico,Diesel,150,Business Advanced,Middle,,Rivenditore,65,parma,43121,Emilia-Romagna,Nord-est
Audi A3 Audi A3 2.0 TDI Sportback,https://www.autoscout24.it/annunci/audi-a3-audi-a3-2-0-tdi-sportback-diesel-bianco-cat_ma9mo1624-9bd101cc-1904-40c4-83c2-156e03924feb,21990,5,2021,119000,automatico,Diesel,150,Sport,Middle,,Rivenditore,757,alcamo,91011,Sicilia,Isole
Audi A3 30 TFSI S-Line Edition 110 CV,https://www.autoscout24.it/annunci/audi-a3-30-tfsi-s-line-edition-110-cv-benzina-blu-azzurro-cat_ma9mo1624-cbc5deac-e53d-4984-8c48-11264a6bcb48,21900,5,2021,91000,manuale,Benzina,150,S line,Sport,30 TFSI,Rivenditore,116,borgoricco,35010,Veneto,Nord-est
Audi A3 SPB 35 1.5 TFSI S-TRONIC *DIVERSI COLORI*,https://www.autoscout24.it/annunci/audi-a3-spb-35-1-5-tfsi-s-tronic-diversi-colori-elettrica-benzina-grigio-cat_ma9mo1624-b297eb42-0acd-4dac-9a51-ea081b494555,21900,2,2024,104860,automatico,Ibrido,150,RS,Performance,,Rivenditore,175,cologno monzese,20093,Lombardia,Nord-ovest
Audi A3 40 TFSIe Sportback S tronic advanced + 2 Tagliandi,https://www.autoscout24.it/annunci/audi-a3-40-tfsie-sportback-s-tronic-advanced-+-2-tagliandi-elettrica-benzina-nero-cat_ma9mo1624-653aa763-7b20-465a-b25c-43677365d3df,21500,5,2021,85000,automatico,Ibrido,150,Advanced,Middle,40 TFSI e,Privato,86,verona,37142,Veneto,Nord-est
Audi A3 A3  Sportback 30 2.0 tdi S line edition *OK NEOPATENTATI*,https://www.autoscout24.it/annunci/audi-a3-a3-sportback-30-2-0-tdi-s-line-edition-ok-neopatentati-diesel-cat_ma9mo1624-25eb811d-9b78-4b0f-980a-54143796d8e3,21990,5,2021,68500,manuale,Diesel,150,S line,Sport,,Rivenditore,415,cassino,3043,Lazio,Centro
Audi A3 Sportback S line Diesel Automatica,https://www.autoscout24.it/annunci/audi-a3-sportback-s-line-diesel-automatica-diesel-cat_ma9mo1624-248cd172-627d-4310-aac6-3d3b7fd3a68b,21900,4,2022,65000,automatico,Diesel,150,S line,Sport,,Rivenditore,180,buccinasco,20090,Lombardia,Nord-ovest
Audi A3 A3 IV 2020 Sportback Sportback 35 2.0 tdi S line Edition s-tronic,https://www.autoscout24.it/annunci/audi-a3-a3-iv-2020-sportback-sportback-35-2-0-tdi-s-line-edition-s-tronic-diesel-cat_ma9mo1624-40666538-2a3f-4994-b307-329a1366aa74,22000,5,2021,133000,automatico,Diesel,150,S line,Sport,,Privato,326,roma,125,Lazio,Centro
Audi A3 Sportback 35 2.0 tdi s-tronic,https://www.autoscout24.it/annunci/audi-a3-sportback-35-2-0-tdi-s-tronic-diesel-cat_ma9mo1624-d1436c50-7fc1-4677-a3e0-f55deffa1e16,22000,5,2021,75000,automatico,Diesel,150,Sport,Middle,,Privato,326,roma,169,Lazio,Centro
Audi A3 SPB 30 TDI ANCHE NEOPATENTATI,https://www.autoscout24.it/annunci/audi-a3-spb-30-tdi-anche-neopatentati-diesel-bianco-cat_ma9mo1624-569c3020-ccb4-4610-b6b9-e8d0c6475204,21850,3,2023,51046,manuale,Diesel,150,S,Performance,30 TDI,Rivenditore,78,russi,48026,Emilia-Romagna,Nord-est
Audi A3 Sportback 40 2.0 tfsi e S Line s-tronic  AZIENDALI,https://www.autoscout24.it/annunci/audi-a3-sportback-40-2-0-tfsi-e-s-line-s-tronic-aziendali-elettrica-benzina-nero-cat_ma9mo1624-0444d999-da0e-4ba1-84c3-a1dc5dae40ab,21890,4,2022,49000,automatico,Ibrido,150,S line,Sport,,Rivenditore,326,roma,175,Lazio,Centro
Audi A3 30 TDI S tronic Business,https://www.autoscout24.it/annunci/audi-a3-30-tdi-s-tronic-business-diesel-argento-cat_ma9mo1624-86a9101a-ff2e-4e03-b7aa-67528a76dad3,21900,4,2022,46876,automatico,Diesel,150,Business,Base,30 TDI,Rivenditore,326,roma,128,Lazio,Centro
Audi A3 A3 IV 2020 Sportback Sportback 35 2.0 tdi Business,https://www.autoscout24.it/annunci/audi-a3-a3-iv-2020-sportback-sportback-35-2-0-tdi-business-diesel-bianco-cat_ma9mo1624-107bd75f-ada9-4f77-ad53-41626d271787,21500,5,2021,85000,automatico,Diesel,150,Business,Base,,Privato,292,alpette,10080,Piemonte,Nord-ovest
Audi A3 30 TDI S line Edition,https://www.autoscout24.it/annunci/audi-a3-30-tdi-s-line-edition-diesel-bianco-cat_ma9mo1624-4f57599a-3d04-4feb-a54b-ae3ee6595cb1,21960,5,2021,73794,automatico,Diesel,150,S line,Sport,30 TDI,Rivenditore,196,saronno,21047,Lombardia,Nord-ovest
Audi A3 Sedan 35 1.5 tfsi mhev S line edition s-tronic,https://www.autoscout24.it/annunci/audi-a3-sedan-35-1-5-tfsi-mhev-s-line-edition-s-tronic-elettrica-benzina-cat_ma9mo1624-5ee49fe6-f48b-425c-a063-e7711cfbcd36,22000,6,2020,74500,automatico,Ibrido,150,S line,Sport,,Privato,326,roma,182,Lazio,Centro
Audi A3 SPB 35 TDI S tronic S line edition - LUCI AMBIENTE,https://www.autoscout24.it/annunci/audi-a3-spb-35-tdi-s-tronic-s-line-edition-luci-ambiente-diesel-bianco-cat_ma9mo1624-42952b87-7d44-4494-a13a-8eacc189849b,21990,6,2020,124000,automatico,Diesel,150,S line,Sport,35 TDI,Rivenditore,190,lecco,23900,Lombardia,Nord-ovest
Audi A3 Sportback 35 2.0 tdi Business 150CV IVA ESPOSTA,https://www.autoscout24.it/annunci/audi-a3-sportback-35-2-0-tdi-business-150cv-iva-esposta-diesel-cat_ma9mo1624-90f17bd9-3cd3-4010-b005-82e1bc2f7559,21500,4,2022,93798,manuale,Diesel,150,Business,Base,,Rivenditore,225,vercelli,13100,Piemonte,Nord-ovest
Audi A3 30 2.0 tdi S line edition s-tronic,https://www.autoscout24.it/annunci/audi-a3-30-2-0-tdi-s-line-edition-s-tronic-diesel-grigio-cat_ma9mo1624-46a51136-2c5c-4d3d-9c5d-f54da39ea6d5,21800,5,2021,136000,automatico,Diesel,150,S line,Sport,,Rivenditore,134,rovato,25038,Lombardia,Nord-ovest
Audi A3 A3 Sportback Sportback 30 1.0 tfsi mhev Business Advanced s-tronic,https://www.autoscout24.it/annunci/audi-a3-a3-sportback-sportback-30-1-0-tfsi-mhev-business-advanced-s-tronic-benzina-blu-azzurro-cat_ma9mo1624-7565bc50-4a61-46e5-b21a-3ab7331c4f16,21300,4,2022,69950,automatico,Benzina,150,Business Advanced,Middle,,Privato,16,modena,41123,Emilia-Romagna,Nord-est
Audi A3 A3 IV 2020 Sportback Sportback 30 2.0 tdi Business,https://www.autoscout24.it/annunci/audi-a3-a3-iv-2020-sportback-sportback-30-2-0-tdi-business-diesel-bianco-cat_ma9mo1624-c93d291f-ac5e-4acd-a60b-d8abb59d2b5d,21500,6,2020,65000,manuale,Diesel,150,Business,Base,,Privato,121,brescia,25125,Lombardia,Nord-ovest
Audi A3 A3 IV 2020 Sportback Sportback 35 2.0 tdi S line E,https://www.autoscout24.it/annunci/audi-a3-a3-iv-2020-sportback-sportback-35-2-0-tdi-s-line-e-diesel-nero-cat_ma9mo1624-2877e32d-d3c0-41be-b904-1dcdaf68e496,21200,6,2020,94000,automatico,Diesel,150,S line,Sport,,Privato,25,bologna,40138,Emilia-Romagna,Nord-est
Audi A3 A3 IV Sportback Sportback 30 1.0 tfsi mhev Business s-tronic,https://www.autoscout24.it/annunci/audi-a3-a3-iv-sportback-sportback-30-1-0-tfsi-mhev-business-s-tronic-elettrica-benzina-nero-cat_ma9mo1624-6a7b407b-2948-42f4-9e19-fef60902b4ed,21900,4,2022,53623,automatico,Ibrido,150,Business,Base,,Rivenditore,89,ravenna,48123,Emilia-Romagna,Nord-est
Audi A3 Sedan 30 2.0 tdi Business,https://www.autoscout24.it/annunci/audi-a3-sedan-30-2-0-tdi-business-diesel-cat_ma9mo1624-643d00e6-6452-435e-82ee-833113cbb49a,22000,4,2022,65000,manuale,Diesel,150,Business,Base,,Privato,769,martano,73025,Puglia,Sud
Audi A3 35 2.0 tdi s-tronic,https://www.autoscout24.it/annunci/audi-a3-35-2-0-tdi-s-tronic-diesel-blu-azzurro-cat_ma9mo1624-e08855ba-d6a7-46ad-bff3-26dcf6bd94d3,21901,4,2022,86000,automatico,Diesel,150,S,Performance,,Rivenditore,123,noale,30033,Veneto,Nord-est
Audi A3 Sportback 30 2.0 tdi Business Advanced,https://www.autoscout24.it/annunci/audi-a3-sportback-30-2-0-tdi-business-advanced-diesel-cat_ma9mo1624-90f92710-ecb8-4417-8636-8e938e6f5f1c,21400,6,2020,62500,manuale,Diesel,150,Business Advanced,Middle,,Privato,128,terranuova bracciolini,52028,Toscana,Centro
Audi A3 Sportback 30 1.5 g-tron Business Advanced s-tronic,https://www.autoscout24.it/annunci/audi-a3-sportback-30-1-5-g-tron-business-advanced-s-tronic-metano-grigio-cat_ma9mo1624-7a5b3254-8654-4be1-b750-94ebdfcef268,21500,5,2021,115000,automatico,Metano,150,Business Advanced,Middle,,Privato,86,verona,37138,Veneto,Nord-est
Audi A3 SPB 30 1.0 S-tronic tfsi,https://www.autoscout24.it/annunci/audi-a3-spb-30-1-0-s-tronic-tfsi-benzina-nero-cat_ma9mo1624-75c086ba-6b6a-4a8d-b2c0-db0a2b12983f,21800,3,2023,65600,automatico,Benzina,150,S,Performance,,Rivenditore,165,basiano,20060,Lombardia,Nord-ovest
Audi A3 4ª serie SPB 30 TDI S tronic Business Advanced,https://www.autoscout24.it/annunci/audi-a3-4-serie-spb-30-tdi-s-tronic-business-advanced-diesel-rosso-cat_ma9mo1624-29161a73-1ec5-4659-894b-99cf3c8f6120,21300,4,2022,64171,automatico,Diesel,150,Business Advanced,Middle,30 TDI,Rivenditore,31,castenaso,40055,Emilia-Romagna,Nord-est
Audi A3 30 2.0 tdi Business s-tronic - PROMO,https://www.autoscout24.it/annunci/audi-a3-30-2-0-tdi-business-s-tronic-promo-diesel-bianco-cat_ma9mo1624-5d7a15b5-c3f2-40fb-b52e-363a799e8f9e,21490,4,2022,92399,automatico,Diesel,150,Business,Base,,Rivenditore,232,albano vercellese,13030,Piemonte,Nord-ovest
Audi A3 Sportback 35 2.0 tdi S line Edition s-tronic,https://www.autoscout24.it/annunci/audi-a3-sportback-35-2-0-tdi-s-line-edition-s-tronic-diesel-cat_ma9mo1624-0ae33cd2-8706-4b19-8aaf-6a7db9bdffad,21500,5,2021,134000,automatico,Diesel,150,S line,Sport,,Privato,560,barletta,76121,Puglia,Sud
Audi A3 Sportback 30 1.0 tfsi mhev S line edition s-tronic,https://www.autoscout24.it/annunci/audi-a3-sportback-30-1-0-tfsi-mhev-s-line-edition-s-tronic-elettrica-benzina-cat_ma9mo1624-71c06a01-d799-416b-8afb-886f20163bb4,22000,2,2024,65000,automatico,Ibrido,150,S line,Sport,,Privato,490,afragola,80021,Campania,Sud
Audi A3 Sportback 35 1.5 tfsi mhev S line edition s-tronic,https://www.autoscout24.it/annunci/audi-a3-sportback-35-1-5-tfsi-mhev-s-line-edition-s-tronic-elettrica-benzina-cat_ma9mo1624-85bf85c1-940f-431b-b6de-fcf66a7bae20,21800,5,2021,109000,automatico,Ibrido,150,S line,Sport,,Privato,474,casal principe,81033,Campania,Sud
Audi A3 SPB 30 TFSI,https://www.autoscout24.it/annunci/audi-a3-spb-30-tfsi-benzina-bianco-cat_ma9mo1624-019a42b1-f1d5-4b12-9d11-d5b7bfa2d337,21500,3,2023,52290,manuale,Benzina,150,S,Performance,30 TFSI,Rivenditore,98,vinci,50059,Toscana,Centro
Audi A3 A3 IV 2020 Sportback Sportback 30 2.0 tdi Business Advanced s-tronic,https://www.autoscout24.it/annunci/audi-a3-a3-iv-2020-sportback-sportback-30-2-0-tdi-business-advanced-s-tronic-diesel-nero-cat_ma9mo1624-37a835d9-c09d-41cf-8d3e-39f80eff6ec0,22000,4,2022,75000,automatico,Diesel,150,Business Advanced,Middle,,Privato,81,san bonifacio,37047,Veneto,Nord-est
Audi A3 30 1.0 tfsi Business LED-NAVI-PHONE APPS,https://www.autoscout24.it/annunci/audi-a3-30-1-0-tfsi-business-led-navi-phone-apps-benzina-nero-cat_ma9mo1624-48a39d1e-c234-4319-a58c-4c94042a828d,21800,3,2023,47192,manuale,Benzina,150,Business,Base,,Rivenditore,245,alba,12051,Piemonte,Nord-ovest
Audi A3 SPB 30 TDI S tronic Business Advanced,https://www.autoscout24.it/annunci/audi-a3-spb-30-tdi-s-tronic-business-advanced-diesel-bianco-cat_ma9mo1624-bedae5d4-74e5-4bbc-b780-9a67b6fe2bcb,21500,5,2021,99800,automatico,Diesel,150,Business Advanced,Middle,30 TDI,Rivenditore,14,pieve cento,40066,Emilia-Romagna,Nord-est
Audi A3 Sportback 30 2.0 tdi Business Advanced s-tronic,https://www.autoscout24.it/annunci/audi-a3-sportback-30-2-0-tdi-business-advanced-s-tronic-diesel-cat_ma9mo1624-f9043bda-a3c8-4428-9df3-e524e52de35e,21500,5,2021,108000,automatico,Diesel,150,Business Advanced,Middle,,Privato,480,aversa,81031,Campania,Sud
Audi A3 SPB 35 TDI S TRONIC SPORT BLACK EDITION NAVI FULL OPTIONAL,https://www.autoscout24.it/annunci/audi-a3-spb-35-tdi-s-tronic-sport-black-edition-navi-full-optional-diesel-nero-cat_ma9mo1624-0ed66cb0-73c5-4f37-9368-95041ef6dce1,21999,4,2022,102917,automatico,Diesel,150,Sport,Middle,35 TDI,Rivenditore,475,macerata campania,81047,Campania,Sud
Audi A3 A3 IV 2022 Sportback Sportback 35 2.0 tdi S line Edition s-tronic,https://www.autoscout24.it/annunci/audi-a3-a3-iv-2022-sportback-sportback-35-2-0-tdi-s-line-edition-s-tronic-diesel-nero-cat_ma9mo1624-9c13a45d-878b-40d5-ad6a-a834d3df2f30,21999,3,2023,110000,automatico,Diesel,150,S line,Sport,,Rivenditore,490,acerra,80011,Campania,Sud
Audi A3 Sportback 40 2.0 tfsi Sport quattro 190cv s-tronic,https://www.autoscout24.it/annunci/audi-a3-sportback-40-2-0-tfsi-sport-quattro-190cv-s-tronic-benzina-cat_ma9mo1624-7cb20f2e-7235-47dd-a130-ef4d833d5e7d,22000,6,2020,150000,automatico,Benzina,150,Sport,Middle,,Privato,276,torino,10144,Piemonte,Nord-ovest
Audi A3 Sportback 35 2.0 tdi S line Edition s-tronic,https://www.autoscout24.it/annunci/audi-a3-sportback-35-2-0-tdi-s-line-edition-s-tronic-diesel-cat_ma9mo1624-5108d859-96a3-49d1-9f96-118a47ecb4ec,22000,6,2020,120000,automatico,Diesel,150,S line,Sport,,Privato,105,massa,54100,Toscana,Centro
Audi A3 Sportback Sportback 30 2.0 tdi Business s-tronic,https://www.autoscout24.it/annunci/audi-a3-sportback-sportback-30-2-0-tdi-business-s-tronic-diesel-cat_ma9mo1624-8f3ecd1c-8fb1-4b92-83d3-62a9b8a904c1,21700,4,2022,106000,automatico,Diesel,150,Business,Base,,Rivenditore,232,albano vercellese,13030,Piemonte,Nord-ovest
Audi A3 A3 IV 2020 Sportback 30 1.0 tfsi Business,https://www.autoscout24.it/annunci/audi-a3-a3-iv-2020-sportback-30-1-0-tfsi-business-benzina-cat_ma9mo1624-0e352e42-576f-479f-89ae-b9212950516d,21900,4,2022,28500,manuale,Benzina,150,Business,Base,,Rivenditore,276,torino,10137,Piemonte,Nord-ovest
Audi A3 Sportback 35 1.5 tfsi Business Advanced BELLISSIMA,https://www.autoscout24.it/annunci/audi-a3-sportback-35-1-5-tfsi-business-advanced-bellissima-benzina-bianco-cat_ma9mo1624-8c649ef6-e5cd-42db-80c6-9046b29f50a0,21400,4,2022,77000,manuale,Benzina,150,Business Advanced,Middle,,Rivenditore,189,cesano maderno,20811,Lombardia,Nord-ovest
Audi A3 Sportback 30 2.0 tdi Business,https://www.autoscout24.it/annunci/audi-a3-sportback-30-2-0-tdi-business-diesel-cat_ma9mo1624-1567bf65-c283-4300-8799-663e3dc289d8,21500,5,2021,73000,manuale,Diesel,150,Business,Base,,Privato,169,acqualagna,61041,Marche,Centro
Audi A3 A3 IV 2021 Sportback 30 2.0 tdi S line edition s-tronic,https://www.autoscout24.it/annunci/audi-a3-a3-iv-2021-sportback-30-2-0-tdi-s-line-edition-s-tronic-diesel-bianco-cat_ma9mo1624-f003d663-88cc-4884-ada6-257383f43b00,21999,5,2021,91500,automatico,Diesel,150,S line,Sport,,Rivenditore,40,reggio emilia,42124,Emilia-Romagna,Nord-est
Audi A3 sportback 35 2.0 tdi s line edition s-tronic,https://www.autoscout24.it/annunci/audi-a3-sportback-35-2-0-tdi-s-line-edition-s-tronic-diesel-bianco-cat_ma9mo1624-260a0038-30cc-4515-8224-0bf908eb8f44,21900,4,2022,144587,automatico,Diesel,150,S line,Sport,,Rivenditore,226,udine,33100,Friuli-Venezia Giulia,Nord-est
Audi A3 A3 IV 2020 Sportback Sportback 35 1.5 tfsi mhev s-tronic,https://www.autoscout24.it/annunci/audi-a3-a3-iv-2020-sportback-sportback-35-1-5-tfsi-mhev-s-tronic-elettrica-benzina-argento-cat_ma9mo1624-863d9b60-fe2d-4302-9ece-c8050e008b0f,22000,6,2020,70000,automatico,Ibrido,150,Sport,Middle,,Privato,283,sanremo,18038,Liguria,Nord-ovest
Audi A3 SPORTBACK 30 2.O TDI S-TRONIC BUSINNES ADVANCE,https://www.autoscout24.it/annunci/audi-a3-sportback-30-2-o-tdi-s-tronic-businnes-advance-diesel-argento-cat_ma9mo1624-3e5a26af-8842-41b7-b084-c420f527ef02,21500,5,2021,96000,automatico,Diesel,150,Sport,Middle,,Privato,40,reggio emilia,42121,Emilia-Romagna,Nord-est
Audi A3 A3 S line Sportback 30 1.5 G-Tron  s-tronic,https://www.autoscout24.it/annunci/audi-a3-a3-s-line-sportback-30-1-5-g-tron-s-tronic-metano-grigio-cat_ma9mo1624-73c7fd75-0ebc-4292-b27d-a916f5991125,21900,5,2021,183000,automatico,Metano,150,S line,Sport,,Rivenditore,173,vimodrone,20055,Lombardia,Nord-ovest
Audi A3 SPB 30TDI sportback DAYTONA MATRIX OK NEOPATENTATO,https://www.autoscout24.it/annunci/audi-a3-spb-30tdi-sportback-daytona-matrix-ok-neopatentato-diesel-grigio-cat_ma9mo1624-25a2956a-f383-49ce-99a3-5cdb18c5028f,21800,4,2022,80000,manuale,Diesel,150,Sport,Middle,30 TDI,Rivenditore,151,sant angelo vado,61048,Marche,Centro
Audi A3 A3 IV 2020 Sportback 35 2.0 tdi S line edition black,https://www.autoscout24.it/annunci/audi-a3-a3-iv-2020-sportback-35-2-0-tdi-s-line-edition-black-diesel-nero-cat_ma9mo1624-6ea2dd65-10b3-4ae8-9e58-e8dcfe867a9c,21900,4,2022,139000,manuale,Diesel,150,S line,Sport,,Rivenditore,607,gravina puglia,70024,Puglia,Sud
Audi A3 Sedan 35 2.0 tdi 150cv s-tronic 7m,https://www.autoscout24.it/annunci/audi-a3-sedan-35-2-0-tdi-150cv-s-tronic-7m-diesel-cat_ma9mo1624-61453dc6-1f90-472a-93f4-fdc6f5dd8e0c,22000,6,2020,100000,automatico,Diesel,150,S,Performance,,Privato,502,dorgali,8022,Sardegna,Isole
Audi A3 A3 Sportback 30 2.0 tdi Business s-tronic,https://www.autoscout24.it/annunci/audi-a3-a3-sportback-30-2-0-tdi-business-s-tronic-diesel-blu-azzurro-cat_ma9mo1624-65166d83-3414-4680-a9bf-b2b9eadee0f8,21500,3,2023,98789,automatico,Diesel,150,Business,Base,,Rivenditore,443,sessa aurunca,81037,Campania,Sud
Audi A3 A3 SPB 35 TDI S tronic Business Advanced,https://www.autoscout24.it/annunci/audi-a3-a3-spb-35-tdi-s-tronic-business-advanced-diesel-bianco-cat_ma9mo1624-dcb659ca-e634-4efd-ba76-510086e459ab,21900,4,2022,112000,automatico,Diesel,150,Business Advanced,Middle,35 TDI,Rivenditore,159,ormelle,31024,Veneto,Nord-est
Audi A3 Sportback 30 2.0 tdi Business 116cv my19,https://www.autoscout24.it/annunci/audi-a3-sportback-30-2-0-tdi-business-116cv-my19-diesel-cat_ma9mo1624-2145e064-90d4-4e54-be64-afcb8e0e6b79,22000,6,2020,87000,manuale,Diesel,150,Business,Base,,Privato,589,armungia,9040,Sardegna,Isole
Audi A3 A3 Sportback 30 2.0 tdi Business,https://www.autoscout24.it/annunci/audi-a3-a3-sportback-30-2-0-tdi-business-diesel-nero-cat_ma9mo1624-269765b5-d9f7-43d9-81b4-a7720469fc79,21600,3,2023,90000,manuale,Diesel,150,Business,Base,,Rivenditore,107,fucecchio,50054,Toscana,Centro
Audi A3 A3 Sportback 35 2.0 tdi s-tronic,https://www.autoscout24.it/annunci/audi-a3-a3-sportback-35-2-0-tdi-s-tronic-diesel-grigio-cat_ma9mo1624-8b7017ac-fa0f-4bc5-ad5b-c65085b83789,21800,4,2022,111000,automatico,Diesel,150,Sport,Middle,,Rivenditore,807,polistena,89024,Calabria,Sud
Audi A3 A3 IV 2020 Sportback Sportback 30 2.0 tdi Business s-tronic,https://www.autoscout24.it/annunci/audi-a3-a3-iv-2020-sportback-sportback-30-2-0-tdi-business-s-tronic-diesel-grigio-cat_ma9mo1624-15bcd887-736c-4e1f-8c6c-5d565c317778,21900,4,2022,117000,automatico,Diesel,150,Business,Base,,Privato,255,baldissero d alba,12040,Piemonte,Nord-ovest
Audi A3 A3 SPB 30 TDI S tronic Business Advanced PREZZO RE,https://www.autoscout24.it/annunci/audi-a3-a3-spb-30-tdi-s-tronic-business-advanced-prezzo-re-diesel-blu-azzurro-cat_ma9mo1624-58d854ab-91e2-478b-b502-f7422ca7cb7e,21999,3,2023,81000,automatico,Diesel,150,Business Advanced,Middle,30 TDI,Rivenditore,201,alessandria,15121,Piemonte,Nord-ovest
Audi A3 A3 Sportback 30 1.5 g-tron Sport 131cv s-tronic,https://www.autoscout24.it/annunci/audi-a3-a3-sportback-30-1-5-g-tron-sport-131cv-s-tronic-metano-nero-cat_ma9mo1624-65b2b3a3-4424-4518-b874-d558a79527e6,21900,6,2020,101000,automatico,Metano,150,Sport,Middle,,Privato,348,pescara,65127,Abruzzo,Sud
Audi A3 30 gtron Business Advanced,https://www.autoscout24.it/annunci/audi-a3-30-gtron-business-advanced-metano-cat_ma9mo1624-31652de2-ca05-4f8c-b8e3-7b8258cb5bdb,22000,5,2021,112000,automatico,Metano,150,Business Advanced,Middle,,Privato,186,gubbio,6024,Umbria,Centro
Audi A3 Sportback 30 2.0 tdi Business Advanced,https://www.autoscout24.it/annunci/audi-a3-sportback-30-2-0-tdi-business-advanced-diesel-cat_ma9mo1624-f2a53309-ff8e-4c53-869e-9afb5080182a,22000,4,2022,70000,manuale,Diesel,150,Business Advanced,Middle,,Privato,468,capua,81043,Campania,Sud
Audi A3 A3 IV 2020 Sportback Sportback 30 2.0 tdi Business s-tronic,https://www.autoscout24.it/annunci/audi-a3-a3-iv-2020-sportback-sportback-30-2-0-tdi-business-s-tronic-diesel-bianco-cat_ma9mo1624-c40d2947-d90d-4f66-921d-dd6c2d74a091,21500,4,2022,103000,automatico,Diesel,150,Business,Base,,Rivenditore,181,muggio,20835,Lombardia,Nord-ovest
Audi A3 sportback 30 1.0 tfsi mhev 110CV Business Advanced s-tronic,https://www.autoscout24.it/annunci/audi-a3-sportback-30-1-0-tfsi-mhev-110cv-business-advanced-s-tronic-elettrica-benzina-nero-cat_ma9mo1624-7e9a0bf3-7820-492f-bfcb-f55138545d07,21900,4,2022,81430,automatico,Ibrido,150,Business Advanced,Middle,,Rivenditore,276,torino,10142,Piemonte,Nord-ovest
"Audi A3 35 1.5 tfsi mhev Business Advanced s-tronic""PELLE""RADAR""PERFETTA!""",https://www.autoscout24.it/annunci/audi-a3-35-1-5-tfsi-mhev-business-advanced-s-tronic-pelle-radar-perfetta-elettrica-benzina-blu-azzurro-cat_ma9mo1624-7ed9b83b-5657-41c3-beba-929406cf9c33,21490,5,2021,66000,automatico,Ibrido,150,Business Advanced,Middle,,Rivenditore,165,curno,24035,Lombardia,Nord-ovest
Audi A3 SPB 30 TDI,https://www.autoscout24.it/annunci/audi-a3-spb-30-tdi-diesel-nero-cat_ma9mo1624-be9f5358-5844-4e6b-ae5d-be421b15218c,21500,3,2023,88600,manuale,Diesel,150,S,Performance,30 TDI,Rivenditore,753,partinico,90047,Sicilia,Isole
Audi A3 SPB 30 TDI S tronic Navi Adaptive Cruise FariLED,https://www.autoscout24.it/annunci/audi-a3-spb-30-tdi-s-tronic-navi-adaptive-cruise-fariled-diesel-nero-cat_ma9mo1624-5aea9092-5790-4d28-acff-bbfc55f5782a,21300,5,2021,80000,automatico,Diesel,150,S,Performance,30 TDI,Rivenditore,106,castelverde,26022,Lombardia,Nord-ovest
Audi A3 4ª serie - A3 SPB 35 TDI S tronic Business,https://www.autoscout24.it/annunci/audi-a3-4-serie-a3-spb-35-tdi-s-tronic-business-diesel-grigio-cat_ma9mo1624-e54e9c72-eec6-4aa0-b9e9-50b212fd6589,21900,5,2021,90101,automatico,Diesel,150,Business,Base,35 TDI,Rivenditore,202,legnano,20025,Lombardia,Nord-ovest
Audi A3 40 1.4 tfsi e s-tronic,https://www.autoscout24.it/annunci/audi-a3-40-1-4-tfsi-e-s-tronic-elettrica-benzina-cat_ma9mo1624-61b9a159-8cd2-4ce5-83bc-1bc5a12f5bc4,21999,5,2021,121000,automatico,Ibrido,150,S,Performance,,Rivenditore,77,baone,35030,Veneto,Nord-est
Audi A3 sportback 30 1.0 tfsi business advanced,https://www.autoscout24.it/annunci/audi-a3-sportback-30-1-0-tfsi-business-advanced-benzina-cat_ma9mo1624-7ad1ac84-4852-4b3f-8fa9-2282534ce07a,21900,3,2023,73778,manuale,Benzina,150,Business Advanced,Middle,,Rivenditore,276,torino,10148,Piemonte,Nord-ovest
Audi A3 sportback 30 2.0 tdi s line edition s-tronic,https://www.autoscout24.it/annunci/audi-a3-sportback-30-2-0-tdi-s-line-edition-s-tronic-diesel-grigio-cat_ma9mo1624-b539211a-3e0c-46c4-932e-979859d25d26,21500,4,2022,130331,automatico,Diesel,150,S line,Sport,,Rivenditore,226,udine,33100,Friuli-Venezia Giulia,Nord-est
Audi A3 Sportback 30 TDI S line edition 116cv | PREZZO REALE,https://www.autoscout24.it/annunci/audi-a3-sportback-30-tdi-s-line-edition-116cv-prezzo-reale-diesel-blu-azzurro-cat_ma9mo1624-486b000d-03c0-4750-8faa-549053930448,21490,5,2021,83000,manuale,Diesel,150,S line,Sport,30 TDI,Rivenditore,109,caldogno,36030,Veneto,Nord-est
Audi A3 35 TFSI,https://www.autoscout24.it/annunci/audi-a3-35-tfsi-benzina-bianco-cat_ma9mo1624-e1f1bd02-d927-4eb8-a257-09ed0a098cac,21790,3,2023,96000,manuale,Benzina,150,S,Performance,35 TFSI,Rivenditore,196,robecco sul naviglio,20087,Lombardia,Nord-ovest
Audi A3 Sportback 35 2.0 tdi Business 150CV IVA ESPOSTA,https://www.autoscout24.it/annunci/audi-a3-sportback-35-2-0-tdi-business-150cv-iva-esposta-diesel-cat_ma9mo1624-7da48df7-7d36-4a77-a779-7c9e84f55914,21500,4,2022,93798,manuale,Diesel,150,Business,Base,,Rivenditore,177,milano,20123,Lombardia,Nord-ovest
Audi A3 A3 IV 2020 Sportback Sportback 35 2.0 tdi Business Advanced s-tronic,https://www.autoscout24.it/annunci/audi-a3-a3-iv-2020-sportback-sportback-35-2-0-tdi-business-advanced-s-tronic-diesel-grigio-cat_ma9mo1624-b9d3db0b-c34c-4433-af0f-f22ec1667a64,21900,4,2022,131000,automatico,Diesel,150,Business Advanced,Middle,,Rivenditore,177,genova,16138,Liguria,Nord-ovest
Audi A3 sportback 35 1.5 tfsi mhev business s tronic,https://www.autoscout24.it/annunci/audi-a3-sportback-35-1-5-tfsi-mhev-business-s-tronic-elettrica-benzina-cat_ma9mo1624-aac60e86-e264-4115-9746-81abc8db8d16,21400,6,2020,95276,automatico,Ibrido,150,Business,Base,,Rivenditore,284,grugliasco,10095,Piemonte,Nord-ovest
Audi A3 A3 IV 2020 Sportback Sportback 30 1.0 tfsi Business Advanced,https://www.autoscout24.it/annunci/audi-a3-a3-iv-2020-sportback-sportback-30-1-0-tfsi-business-advanced-benzina-grigio-cat_ma9mo1624-1cf22c5a-f8ea-4ac1-91c7-3facccda392c,21500,4,2022,49545,manuale,Benzina,150,Business Advanced,Middle,,Privato,750,palermo,90146,Sicilia,Isole
Audi A3 A3 SPB 35 TDI Business Advanced,https://www.autoscout24.it/annunci/audi-a3-a3-spb-35-tdi-business-advanced-diesel-blu-azzurro-cat_ma9mo1624-99474c41-18a6-4ffa-9341-521975b853b8,21900,3,2023,99000,automatico,Diesel,150,Business Advanced,Middle,35 TDI,Rivenditore,53,boretto,42022,Emilia-Romagna,Nord-est
Audi A3 35 TDI S tronic Business Advanced,https://www.autoscout24.it/annunci/audi-a3-35-tdi-s-tronic-business-advanced-diesel-blu-azzurro-cat_ma9mo1624-b19a78f4-078a-49e4-9c15-9baf850fe952,21300,6,2020,111780,automatico,Diesel,150,Business Advanced,Middle,35 TDI,Rivenditore,104,lucca,55100,Toscana,Centro
Audi A3 A3 Sportback Sportback 30 1.0 tfsi,https://www.autoscout24.it/annunci/audi-a3-a3-sportback-sportback-30-1-0-tfsi-benzina-nero-cat_ma9mo1624-9e263474-ef97-4f2d-ba6a-55410bda5e4c,21900,3,2023,72000,manuale,Benzina,150,Sport,Middle,,Rivenditore,32,casalgrande,42013,Emilia-Romagna,Nord-est
Audi A3 SPB 35 TDI S tronic Business Advanced,https://www.autoscout24.it/annunci/audi-a3-spb-35-tdi-s-tronic-business-advanced-diesel-argento-cat_ma9mo1624-25f5a601-8c4b-47c2-a09c-bffdd2eca799,21490,6,2020,110000,automatico,Diesel,150,Business Advanced,Middle,35 TDI,Rivenditore,708,sava,74028,Puglia,Sud
Audi A3 SPB 30 TDI S tronic S LINE,https://www.autoscout24.it/annunci/audi-a3-spb-30-tdi-s-tronic-s-line-diesel-grigio-cat_ma9mo1624-d9a3e114-3ad7-4cf5-88bd-2f645594043f,21500,4,2022,111688,automatico,Diesel,150,S line,Sport,30 TDI,Rivenditore,276,torino,10156,Piemonte,Nord-ovest
Audi A3 Sportback 30 1.0 tfsi mhev Business Advanced s-tronic GARANZIA 24 MESI UNIPROPRIETA FULL OPTIONAL,https://www.autoscout24.it/annunci/audi-a3-sportback-30-1-0-tfsi-mhev-business-advanced-s-tronic-garanzia-24-mesi-uniproprieta-full-optional-benzina-rosso-cat_ma9mo1624-30636273-865d-4915-9f54-97c627f8e454,21950,5,2021,80106,automatico,Benzina,150,Business Advanced,Middle,,Rivenditore,142,riccione,47838,Emilia-Romagna,Nord-est
Audi A3 IV 2020 Sportback - A3 Sportback 30 2.0 tdi s-tron,https://www.autoscout24.it/annunci/audi-a3-iv-2020-sportback-a3-sportback-30-2-0-tdi-s-tron-diesel-grigio-cat_ma9mo1624-3e6157df-2617-4280-876d-18a6f5b39433,21350,4,2022,124825,automatico,Diesel,150,Sport,Middle,,Rivenditore,228,appignano,62010,Marche,Centro
Audi A3 30 TDI Business,https://www.autoscout24.it/annunci/audi-a3-30-tdi-business-diesel-bianco-cat_ma9mo1624-7e70d209-b7ec-4e3a-842d-9f756626db5d,21900,5,2021,116082,manuale,Diesel,150,Business,Base,30 TDI,Rivenditore,223,ancona,60131,Marche,Centro
Audi A3 4ª serie SPB 30 TDI Business Advanced,https://www.autoscout24.it/annunci/audi-a3-4-serie-spb-30-tdi-business-advanced-diesel-nero-cat_ma9mo1624-925bd3b8-3fe5-450e-a383-aaf07121e0bf,21900,4,2022,109799,manuale,Diesel,150,Business Advanced,Middle,30 TDI,Rivenditore,783,catanzaro,88100,Calabria,Sud
Audi A3 35 TDI S tronic Business,https://www.autoscout24.it/annunci/audi-a3-35-tdi-s-tronic-business-diesel-bianco-cat_ma9mo1624-9f2615f6-92fc-49bb-ae4d-c908f84e2d0d,21900,5,2021,78969,automatico,Diesel,150,Business,Base,35 TDI,Rivenditore,83,pistoia,51100,Toscana,Centro
Audi A3 A3 SPB 30 TDI,https://www.autoscout24.it/annunci/audi-a3-a3-spb-30-tdi-diesel-grigio-cat_ma9mo1624-362a824c-1f80-46c4-b9d9-1c3b3fcf342c,21990,4,2022,99000,manuale,Diesel,150,S,Performance,30 TDI,Rivenditore,65,parma,43126,Emilia-Romagna,Nord-est
Audi A3 Sportback 30 1.5 g-tron Business Advanced s-tronic,https://www.autoscout24.it/annunci/audi-a3-sportback-30-1-5-g-tron-business-advanced-s-tronic-metano-argento-cat_ma9mo1624-fcd5e7bf-ecc6-425a-ac05-e192651e78dc,21990,4,2022,155000,automatico,Metano,150,Business Advanced,Middle,,Privato,18,soliera,41019,Emilia-Romagna,Nord-est
Audi A3 A3 IV 2020 Sportback Sportback 30 2.0 tdi Business Advanced s-tronic,https://www.autoscout24.it/annunci/audi-a3-a3-iv-2020-sportback-sportback-30-2-0-tdi-business-advanced-s-tronic-diesel-nero-cat_ma9mo1624-f52bcc84-8ea2-4048-82cf-1deb0bc83bec,21900,4,2022,109000,automatico,Diesel,150,Business Advanced,Middle,,Rivenditore,523,solofra,83029,Campania,Sud
Audi A3 A3 IV 2020 SportbackSportback 35 2.0 tdi Business,https://www.autoscout24.it/annunci/audi-a3-a3-iv-2020-sportbacksportback-35-2-0-tdi-business-diesel-nero-cat_ma9mo1624-52006a01-95b3-4cc1-b74c-811fd7066907,21500,6,2020,147000,automatico,Diesel,150,Business,Base,,Privato,488,arienzo,81021,Campania,Sud
Audi A3 A3 Sportback 40 1.4 tfsi e Business s-tronic,https://www.autoscout24.it/annunci/audi-a3-a3-sportback-40-1-4-tfsi-e-business-s-tronic-elettrica-benzina-cat_ma9mo1624-af37293b-0fc3-4061-8d6d-3fe7aa005047,21800,5,2021,135000,automatico,Ibrido,150,Business,Base,,Rivenditore,303,bellante,64020,Abruzzo,Sud
Audi A3 30 2.0 tdi Business Advanced s-tronic,https://www.autoscout24.it/annunci/audi-a3-30-2-0-tdi-business-advanced-s-tronic-diesel-nero-cat_ma9mo1624-0be5cd4c-b920-4745-b83e-a755470ae197,21490,4,2022,129000,automatico,Diesel,150,Business Advanced,Middle,,Rivenditore,684,ostuni,72017,Puglia,Sud
Audi A3 SPB 30 TFSI Business Advanced,https://www.autoscout24.it/annunci/audi-a3-spb-30-tfsi-business-advanced-benzina-blu-azzurro-cat_ma9mo1624-6fddf5c7-9808-4f0a-b030-e10b6b1dfcce,21950,4,2022,62707,manuale,Benzina,150,Business Advanced,Middle,30 TFSI,Rivenditore,256,isolabella,10046,Piemonte,Nord-ovest
Audi A3 Sportback 35 2.0 tdi 150 cv s-line 150cv s-tronic,https://www.autoscout24.it/annunci/audi-a3-sportback-35-2-0-tdi-150-cv-s-line-150cv-s-tronic-diesel-cat_ma9mo1624-0f25e2fb-ce14-4843-9593-b1f8e2072682,22000,6,2020,135000,automatico,Diesel,150,S line,Sport,,Privato,270,settimo torinese,10036,Piemonte,Nord-ovest
Audi A3 A3 IV 2020 Sportback Sportback 35 2.0 tdi Business Advanced s-tronic,https://www.autoscout24.it/annunci/audi-a3-a3-iv-2020-sportback-sportback-35-2-0-tdi-business-advanced-s-tronic-diesel-grigio-cat_ma9mo1624-a8647653-71b8-47eb-bded-51b9ad1a711b,21900,5,2021,150000,automatico,Diesel,150,Business Advanced,Middle,,Privato,223,castel viscardo,5014,Umbria,Centro
Audi A3 30 2.0 tdi Business s-tronic,https://www.autoscout24.it/annunci/audi-a3-30-2-0-tdi-business-s-tronic-diesel-grigio-cat_ma9mo1624-dc0ee153-e63b-44e6-bc93-d72819fd08a1,21990,4,2022,97000,automatico,Diesel,150,Business,Base,,Rivenditore,397,ceprano,3024,Lazio,Centro
Audi A3 SPB 30 TDI BUSINESS ADVANCED *RETROCAMERA*,https://www.autoscout24.it/annunci/audi-a3-spb-30-tdi-business-advanced-retrocamera-diesel-blu-azzurro-cat_ma9mo1624-db8a5ecb-3f34-4d20-ab6c-498ee06d1e4d,21900,5,2021,93900,manuale,Diesel,150,Business Advanced,Middle,30 TDI,Rivenditore,746,arnesano,73010,Puglia,Sud
Audi A3 A3 IV 2020 Sportback Sportback 35 2.0 tdi s-tronic,https://www.autoscout24.it/annunci/audi-a3-a3-iv-2020-sportback-sportback-35-2-0-tdi-s-tronic-diesel-bianco-cat_ma9mo1624-edc975bb-82cf-487a-8ae4-f5c3bae38f07,21990,4,2022,111400,automatico,Diesel,150,Sport,Middle,,Rivenditore,713,manduria,74024,Puglia,Sud
Audi A3 A3 SPB 30 TDI S tronic Business,https://www.autoscout24.it/annunci/audi-a3-a3-spb-30-tdi-s-tronic-business-diesel-nero-cat_ma9mo1624-76e7687d-68fa-4b11-ac28-c0f5556d2454,21900,4,2022,99500,automatico,Diesel,150,Business,Base,30 TDI,Rivenditore,194,corciano,6073,Umbria,Centro
Audi A3 Sportback 30 2.0 tdi S line edition,https://www.autoscout24.it/annunci/audi-a3-sportback-30-2-0-tdi-s-line-edition-diesel-nero-cat_ma9mo1624-347618cc-c6d0-48a3-a617-0725f16bbf58,21990,5,2021,74000,manuale,Diesel,150,S line,Sport,,Rivenditore,869,palagonia,95046,Sicilia,Isole
Audi A3 Sportback 30 2.0 tdi Business s-tronic VIRTUAL COCKPIT NAVIGATORE SENSORI,https://www.autoscout24.it/annunci/audi-a3-sportback-30-2-0-tdi-business-s-tronic-virtual-cockpit-navigatore-sensori-diesel-bianco-cat_ma9mo1624-199b8d4f-1a3a-4a87-b6d5-e86d59050f0e,21500,3,2023,136213,automatico,Diesel,150,Business,Base,,Rivenditore,695,san michele salentino,72018,Puglia,Sud
Audi A3 SPB 35 2.0TDI S-tronic Advanced,https://www.autoscout24.it/annunci/audi-a3-spb-35-2-0tdi-s-tronic-advanced-diesel-grigio-cat_ma9mo1624-bcb0a1a4-91d1-42eb-a9bd-436684b90770,21500,3,2023,154000,automatico,Diesel,150,Advanced,Middle,,Rivenditore,695,san michele salentino,72018,Puglia,Sud
Audi A3 SPB 35 TDI S tronic Business 150cv,https://www.autoscout24.it/annunci/audi-a3-spb-35-tdi-s-tronic-business-150cv-diesel-nero-cat_ma9mo1624-03560326-08ed-42da-976b-98788ab2270f,21800,6,2020,105000,automatico,Diesel,150,Business,Base,35 TDI,Rivenditore,116,borgoricco,35010,Veneto,Nord-est
Audi A3 SPORTBACK 35 TDI 150CV ADVANCED S-TRONIC,https://www.autoscout24.it/annunci/audi-a3-sportback-35-tdi-150cv-advanced-s-tronic-diesel-argento-cat_ma9mo1624-888b7e58-bc63-4746-abf4-5d48bf26a7e3,21990,4,2022,189000,automatico,Diesel,150,Advanced,Middle,35 TDI,Rivenditore,424,isernia,86170,Molise,Sud
Audi A3 SPORTBACK 2.0 TDI S-Tronic Business,https://www.autoscout24.it/annunci/audi-a3-sportback-2-0-tdi-s-tronic-business-diesel-bianco-cat_ma9mo1624-68326094-e6f6-44e7-aff2-e785de9a7647,21500,6,2020,86179,automatico,Diesel,150,Business,Base,,Rivenditore,630,matera,75100,Basilicata,Sud
Audi A3 30 TDI Business Advanced,https://www.autoscout24.it/annunci/audi-a3-30-tdi-business-advanced-diesel-cat_ma9mo1624-cd568f52-c25f-42cd-acab-1db6257b6e54,21800,3,2023,109673,manuale,Diesel,150,Business Advanced,Middle,30 TDI,Rivenditore,210,bastia umbra,6083,Umbria,Centro
Audi A3 A3 Sportback 35 2.0 tdi Business s-tronic,https://www.autoscout24.it/annunci/audi-a3-a3-sportback-35-2-0-tdi-business-s-tronic-diesel-nero-cat_ma9mo1624-ae5fb93a-4fa8-4046-83ed-2fc10ee4ab10,21890,3,2023,76336,automatico,Diesel,150,Business,Base,,Rivenditore,281,caselle torinese,10072,Piemonte,Nord-ovest
Audi A3 Sportback 35 1.5 tfsi VARI COLORI E ALLESTIMENTI,https://www.autoscout24.it/annunci/audi-a3-sportback-35-1-5-tfsi-vari-colori-e-allestimenti-benzina-bianco-cat_ma9mo1624-7a32aab3-12f4-4b2b-bbb7-374a12a5dd83,21500,3,2023,19600,manuale,Benzina,150,Sport,Middle,,Rivenditore,77,arcole,37040,Veneto,Nord-est
Audi A3 SPORTBACK 40 TFSI E S TRONIC BUSINESS S.BACK 5 PORTE BERLINA,https://www.autoscout24.it/annunci/audi-a3-sportback-40-tfsi-e-s-tronic-business-s-back-5-porte-berlina-elettrica-benzina-cat_ma9mo1624-7e051faa-526b-41e1-892b-812fa91ad555,22600,3,2023,64832,automatico,Ibrido,150,Business,Base,40 TFSI e,Rivenditore,326,roma,137,Lazio,Centro
Audi A3 A3 Sportback 35 2.0 tdi S Line Edition One s-tronic,https://www.autoscout24.it/annunci/audi-a3-a3-sportback-35-2-0-tdi-s-line-edition-one-s-tronic-diesel-nero-cat_ma9mo1624-ceb66990-a291-460e-a753-315772d2b215,22900,5,2021,110000,automatico,Diesel,150,S line,Sport,,Rivenditore,568,oristano,9170,Sardegna,Isole
Audi A3 SPB 35 TFSI 150CV Sport Advanced PARI AL NUOVO,https://www.autoscout24.it/annunci/audi-a3-spb-35-tfsi-150cv-sport-advanced-pari-al-nuovo-benzina-nero-cat_ma9mo1624-a24bddee-81ff-47e8-a87a-9befdd01d734,22950,3,2023,32423,manuale,Benzina,150,Advanced,Middle,35 TFSI,Rivenditore,286,cuneo,12100,Piemonte,Nord-ovest
Audi A3 A3 SPB 30 TDI S tronic S line edition,https://www.autoscout24.it/annunci/audi-a3-a3-spb-30-tdi-s-tronic-s-line-edition-diesel-grigio-cat_ma9mo1624-e009a1d2-b6b4-4dd3-b5bb-9f216e96bd42,22999,3,2023,116000,automatico,Diesel,150,S line,Sport,30 TDI,Rivenditore,40,reggio emilia,42122,Emilia-Romagna,Nord-est
Audi A3 A3 IV Sportback 35 1.5 tfsi Business Advanced TETTO PANORAMICO,https://www.autoscout24.it/annunci/audi-a3-a3-iv-sportback-35-1-5-tfsi-business-advanced-tetto-panoramico-benzina-blu-azzurro-cat_ma9mo1624-8f8ec2c8-6d2c-4e3d-9dbc-2573d338bf40,22900,4,2022,15000,manuale,Benzina,150,Business Advanced,Middle,,Rivenditore,299,almese,10040,Piemonte,Nord-ovest
Audi A3 A3 Sportback 30 1.0 tfsi mhev Business s-tronic,https://www.autoscout24.it/annunci/audi-a3-a3-sportback-30-1-0-tfsi-mhev-business-s-tronic-elettrica-benzina-blu-azzurro-cat_ma9mo1624-14c25e35-8cf6-40fc-b1d9-19cbfb4f79c5,22490,4,2022,36000,automatico,Ibrido,150,Business,Base,,Rivenditore,60,legnago,37045,Veneto,Nord-est
Audi A3 A3 Sportback 35 2.0 tdi Business s-tronic,https://www.autoscout24.it/annunci/audi-a3-a3-sportback-35-2-0-tdi-business-s-tronic-diesel-blu-azzurro-cat_ma9mo1624-1f481ce5-9322-4025-9c4a-c05462a52cd9,22900,4,2022,99847,automatico,Diesel,150,Business,Base,,Rivenditore,487,marano napoli,80016,Campania,Sud
Audi A3 A3 Sportback 35 1.5 tfsi mhev Business Advanced s-tronic,https://www.autoscout24.it/annunci/audi-a3-a3-sportback-35-1-5-tfsi-mhev-business-advanced-s-tronic-elettrica-benzina-grigio-cat_ma9mo1624-0e6779cd-0933-47c3-bb6e-f219590fb8c7,22899,6,2020,64900,automatico,Ibrido,150,Business Advanced,Middle,,Rivenditore,263,terni,5100,Umbria,Centro
Audi A3 sportback 30 1.0 tfsi business,https://www.autoscout24.it/annunci/audi-a3-sportback-30-1-0-tfsi-business-benzina-bianco-cat_ma9mo1624-a0734503-bcb8-45ce-8392-986e0278c4a9,22900,3,2023,23097,manuale,Benzina,150,Business,Base,,Rivenditore,201,alessandria,15121,Piemonte,Nord-ovest
Audi A3 SPB Sportback 2.0 TDI 116 CV S-tronic S-line,https://www.autoscout24.it/annunci/audi-a3-spb-sportback-2-0-tdi-116-cv-s-tronic-s-line-diesel-bianco-cat_ma9mo1624-a41c8e4b-46b9-4a52-8e27-be3f9b3d732d,22900,5,2021,140000,automatico,Diesel,150,S line,Sport,,Rivenditore,695,san michele salentino,72018,Puglia,Sud
Audi A3 SPB 30 TDI S tronic Business Advanced KM TAGL AUDI,https://www.autoscout24.it/annunci/audi-a3-spb-30-tdi-s-tronic-business-advanced-km-tagl-audi-diesel-bianco-cat_ma9mo1624-b033b66f-e7f7-4a99-9be1-e2872933c08f,22500,5,2021,83000,automatico,Diesel,150,Business Advanced,Middle,30 TDI,Rivenditore,182,portogruaro,30026,Veneto,Nord-est
Audi A3 sportback 35 2.0 tdi admired 150cv s-tronic my20,https://www.autoscout24.it/annunci/audi-a3-sportback-35-2-0-tdi-admired-150cv-s-tronic-my20-diesel-grigio-cat_ma9mo1624-1dd06dff-d922-4649-adfc-c141920d5dea,22900,6,2020,86848,automatico,Diesel,150,Sport,Middle,,Rivenditore,381,frosinone,3100,Lazio,Centro
Audi A3 sportback 30 2.0 tdi,https://www.autoscout24.it/annunci/audi-a3-sportback-30-2-0-tdi-diesel-bianco-cat_ma9mo1624-c3792341-929b-464e-b176-8d31723144dd,22500,4,2022,96960,manuale,Diesel,150,Sport,Middle,,Rivenditore,387,ceccano,3023,Lazio,Centro
Audi A3 Sportback 35 1.5 tfsi mhev S line edition s-tronic,https://www.autoscout24.it/annunci/audi-a3-sportback-35-1-5-tfsi-mhev-s-line-edition-s-tronic-elettrica-benzina-cat_ma9mo1624-77834dc7-214f-4fa7-a61d-a85179cbbb3d,22600,6,2020,80000,automatico,Ibrido,150,S line,Sport,,Privato,170,rivanazzano terme,27055,Lombardia,Nord-ovest
Audi A3 A3 IV 2020 Sportback Sportback 45 1.4 tfsi e S lin,https://www.autoscout24.it/annunci/audi-a3-a3-iv-2020-sportback-sportback-45-1-4-tfsi-e-s-lin-elettrica-benzina-grigio-cat_ma9mo1624-d47b9b2b-9dc9-411a-9ac3-00c67db5aebc,22500,4,2022,106640,automatico,Ibrido,150,Sport,Middle,,Privato,178,umbertide,6019,Umbria,Centro
"Audi A3 30 2.0 tdi S line, Matrix, Maxton",https://www.autoscout24.it/annunci/audi-a3-30-2-0-tdi-s-line-matrix-maxton-diesel-nero-cat_ma9mo1624-23202039-fa8e-4b71-9455-f25a1d9d86f1,23000,5,2021,92000,manuale,Diesel,150,S line,Sport,,Privato,68,rovigo,45100,Veneto,Nord-est
"Audi A3 Sportback 40 1.4 tfsi e Identity black S-tronic 2022 18""",https://www.autoscout24.it/annunci/audi-a3-sportback-40-1-4-tfsi-e-identity-black-s-tronic-2022-18-elettrica-benzina-nero-cat_ma9mo1624-2f47c2a6-a3b2-4408-932f-241c773ab00b,22990,4,2022,52000,automatico,Ibrido,150,Identity,Middle,,Rivenditore,342,monte compatri,77,Lazio,Centro
Audi A3 30 TDI S tronic S line Edition,https://www.autoscout24.it/annunci/audi-a3-30-tdi-s-tronic-s-line-edition-diesel-cat_ma9mo1624-f3fa8b08-65c0-412d-9def-f8f6bd834f30,22950,5,2021,72747,automatico,Diesel,150,S line,Sport,30 TDI,Rivenditore,16,modena,41123,Emilia-Romagna,Nord-est
Audi A3 Sportback 35 2.0 tdi S line Edition s-tronic,https://www.autoscout24.it/annunci/audi-a3-sportback-35-2-0-tdi-s-line-edition-s-tronic-diesel-grigio-cat_ma9mo1624-12d49c66-0606-49ff-a4cb-3a6192ee425a,22500,4,2022,119000,automatico,Diesel,150,S line,Sport,,Privato,301,pinerolo,10064,Piemonte,Nord-ovest
Audi A3 Sportback 30 TDI S line S tronic – Tagliandata – Perfetta,https://www.autoscout24.it/annunci/audi-a3-sportback-30-tdi-s-line-s-tronic-tagliandata-perfetta-diesel-grigio-cat_ma9mo1624-182215ae-de6c-4fd8-b565-b6d10e8b19b8,22300,5,2021,130978,automatico,Diesel,150,S line,Sport,30 TDI,Privato,121,brescia,25125,Lombardia,Nord-ovest
Audi A3 s-line 2.0 diesel 150cv,https://www.autoscout24.it/annunci/audi-a3-s-line-2-0-diesel-150cv-diesel-cat_ma9mo1624-5e644190-4730-48c6-bb19-9b62cf2f50b0,22900,4,2022,130000,automatico,Diesel,150,S line,Sport,,Privato,89,ravenna,48121,Emilia-Romagna,Nord-est
Audi A3 4ª serie - A3 SPB 30 TDI S tronic Business,https://www.autoscout24.it/annunci/audi-a3-4-serie-a3-spb-30-tdi-s-tronic-business-diesel-grigio-cat_ma9mo1624-3d2acd7b-5e54-48a2-adba-2dd5c4e3fcf0,22700,4,2022,18091,automatico,Diesel,150,Business,Base,30 TDI,Rivenditore,202,legnano,20025,Lombardia,Nord-ovest
Audi A3 A3 Sportback 30 1.0 tfsi Business,https://www.autoscout24.it/annunci/audi-a3-a3-sportback-30-1-0-tfsi-business-benzina-nero-cat_ma9mo1624-4ee47f85-d6e8-420e-9d8b-864a641466b0,22500,3,2023,28503,manuale,Benzina,150,Business,Base,,Rivenditore,204,arconate,20020,Lombardia,Nord-ovest
Audi A3 PIU'IVA22% A3 2.0TDI SPB,https://www.autoscout24.it/annunci/audi-a3-piu-iva22-a3-2-0tdi-spb-diesel-grigio-cat_ma9mo1624-ce060822-6bf8-4db7-a659-b8328286f817,22131,4,2022,49980,automatico,Diesel,150,S,Performance,,Rivenditore,147,adrara san martino,24060,Lombardia,Nord-ovest
Audi A3 SPB 30 TFSI Business Advanced s-tronic,https://www.autoscout24.it/annunci/audi-a3-spb-30-tfsi-business-advanced-s-tronic-elettrica-benzina-nero-cat_ma9mo1624-511e9b73-d17a-45d0-aece-525b597ea7d3,22900,3,2023,37500,automatico,Ibrido,150,Business Advanced,Middle,30 TFSI,Rivenditore,192,abbiategrasso,20081,Lombardia,Nord-ovest
Audi A3 35 tdi Business Advanced s-tronic,https://www.autoscout24.it/annunci/audi-a3-35-tdi-business-advanced-s-tronic-diesel-cat_ma9mo1624-cadf9f08-12a9-40b1-84e1-8f8a1fcf5fb6,23000,5,2021,52000,automatico,Diesel,150,Business Advanced,Middle,35 TDI,Privato,348,pescara,65126,Abruzzo,Sud
Audi A3 A3 IV 2020 Sportback Sportback 30 1.5 g-tron Business s-tronic,https://www.autoscout24.it/annunci/audi-a3-a3-iv-2020-sportback-sportback-30-1-5-g-tron-business-s-tronic-metano-argento-cat_ma9mo1624-56748bda-4fa7-4632-8345-1de95dbea858,22900,5,2021,65000,automatico,Metano,150,Business,Base,,Privato,377,lanciano,66034,Abruzzo,Sud
Audi A3 SPORTBACK 35 TDI S TRONIC BUSINESS S.BACK 5 PORTE BERLINA,https://www.autoscout24.it/annunci/audi-a3-sportback-35-tdi-s-tronic-business-s-back-5-porte-berlina-diesel-cat_ma9mo1624-f18cfcb1-98ba-4e3e-93f9-1921dbdeb60f,22500,4,2022,62470,automatico,Diesel,150,Business,Base,35 TDI,Rivenditore,160,bagnaria,27050,Lombardia,Nord-ovest
Audi A3 Sportback Sline Edition 30 Tdi 116 CV Stronic,https://www.autoscout24.it/annunci/audi-a3-sportback-sline-edition-30-tdi-116-cv-stronic-diesel-cat_ma9mo1624-6286fb52-dcbf-4f20-9aea-a207ea1f6de6,22900,4,2022,111000,automatico,Diesel,150,S line,Sport,30 TDI,Privato,61,mantova,46100,Lombardia,Nord-ovest
"Audi A3 Sportback 35 1.5 tfsi 150cv S-line S-tronic 2022 18""",https://www.autoscout24.it/annunci/audi-a3-sportback-35-1-5-tfsi-150cv-s-line-s-tronic-2022-18-benzina-bianco-cat_ma9mo1624-893d85b7-42d1-491b-b5ba-088ed5099c9d,22990,4,2022,64245,automatico,Benzina,150,S line,Sport,,Rivenditore,342,monte compatri,77,Lazio,Centro
Audi A3 A3 IV 2022 Sportback Sportback 30 2.0 tdi Business Advanced,https://www.autoscout24.it/annunci/audi-a3-a3-iv-2022-sportback-sportback-30-2-0-tdi-business-advanced-diesel-cat_ma9mo1624-bfed6f42-2b0e-4aa1-a0a1-f60509b6fde3,23000,4,2022,44000,manuale,Diesel,150,Business Advanced,Middle,,Privato,259,diano arentino,18013,Liguria,Nord-ovest
Audi A3 A3 Sportback 30 1.0 tfsi Design 116cv,https://www.autoscout24.it/annunci/audi-a3-a3-sportback-30-1-0-tfsi-design-116cv-benzina-blu-azzurro-cat_ma9mo1624-ffe2fb56-098d-432e-abc0-5e6bbba0c2af,22900,5,2021,90000,manuale,Benzina,150,Design,Middle,,Rivenditore,42,ferrara,44122,Emilia-Romagna,Nord-est
Audi A3 A3 IV 2020 Sportback Sportback 35 2.0 tdi S line Edition s-tronic,https://www.autoscout24.it/annunci/audi-a3-a3-iv-2020-sportback-sportback-35-2-0-tdi-s-line-edition-s-tronic-diesel-bianco-cat_ma9mo1624-9a48df60-97e5-4f10-8b0a-14279d64964e,22499,3,2023,143000,automatico,Diesel,150,S line,Sport,,Privato,145,roncade,31056,Veneto,Nord-est
Audi A3 SPORTBACK 30 E TFSI S tr. Bus. Advan. GRIM.SP.DAY,https://www.autoscout24.it/annunci/audi-a3-sportback-30-e-tfsi-s-tr-bus-advan-grim-sp-day-elettrica-benzina-grigio-cat_ma9mo1624-a1d652a0-573c-4e6f-879d-8e33e86e61ac,22900,3,2023,55112,automatico,Ibrido,150,Sport,Middle,,Rivenditore,193,vigevano,27029,Lombardia,Nord-ovest
Audi A3 SPB 40 TFSI e S tronic Business,https://www.autoscout24.it/annunci/audi-a3-spb-40-tfsi-e-s-tronic-business-elettrica-benzina-nero-cat_ma9mo1624-ff97e960-86d0-42c7-b5f1-e8784c8cf0dc,22500,4,2022,56812,automatico,Ibrido,150,Business,Base,40 TFSI e,Rivenditore,57,imola,40026,Emilia-Romagna,Nord-est
Audi A3 A3 IV 2020 SportbackSportback 30 1.5 g-tron S line edition s-tronic,https://www.autoscout24.it/annunci/audi-a3-a3-iv-2020-sportbacksportback-30-1-5-g-tron-s-line-edition-s-tronic-metano-bianco-cat_ma9mo1624-99ab1948-72ed-4060-85eb-149ed311290e,22500,6,2020,83150,automatico,Metano,150,S line,Sport,,Privato,25,bologna,40132,Emilia-Romagna,Nord-est
Audi A3 Sportback 1.4 tfsi e-tron Ambition 150cv s-tronic,https://www.autoscout24.it/annunci/audi-a3-sportback-1-4-tfsi-e-tron-ambition-150cv-s-tronic-elettrica-benzina-cat_ma9mo1624-f320c5ea-73f1-4f0f-8f1d-6d7a1543ac47,22999,6,2020,64000,automatico,Ibrido,150,Sport,Middle,,Privato,180,buccinasco,20090,Lombardia,Nord-ovest
Audi A3 Sedan 2.0 TDI 35 advanced,https://www.autoscout24.it/annunci/audi-a3-sedan-2-0-tdi-35-advanced-diesel-grigio-cat_ma9mo1624-efa284e7-2824-41ff-ae03-5225243af61b,22990,3,2023,127000,automatico,Diesel,150,Advanced,Middle,,Rivenditore,757,alcamo,91011,Sicilia,Isole
Audi A3 A3 Sportback 35 1.5 tfsi mhev S line edition s-tronic,https://www.autoscout24.it/annunci/audi-a3-a3-sportback-35-1-5-tfsi-mhev-s-line-edition-s-tronic-benzina-bianco-cat_ma9mo1624-35a9f434-933a-45c2-bf9b-29e9090c133a,22900,4,2022,92186,automatico,Benzina,150,S line,Sport,,Rivenditore,25,bologna,40138,Emilia-Romagna,Nord-est
Audi A3 A3 Sportback 1.5 tfsi mhev Business Advanced 150cv s-tronic,https://www.autoscout24.it/annunci/audi-a3-a3-sportback-1-5-tfsi-mhev-business-advanced-150cv-s-tronic-elettrica-benzina-blu-azzurro-cat_ma9mo1624-8dfc1c78-6e96-4a57-ad7e-a5baf1355c29,22950,2,2024,73000,automatico,Ibrido,150,Business Advanced,Middle,,Rivenditore,193,san vito tagliamento,33078,Friuli-Venezia Giulia,Nord-est
Audi A3 SPB 35 TFSI Business Advanced,https://www.autoscout24.it/annunci/audi-a3-spb-35-tfsi-business-advanced-benzina-nero-cat_ma9mo1624-20eb982a-e26e-4564-b264-984b0235c659,22500,3,2023,46860,manuale,Benzina,150,Business Advanced,Middle,35 TFSI,Rivenditore,135,quinto treviso,31055,Veneto,Nord-est
Audi A3 30 TFSI,https://www.autoscout24.it/annunci/audi-a3-30-tfsi-benzina-nero-cat_ma9mo1624-1a2898e7-75f6-4863-b30f-d16c42e8eddd,22890,3,2023,25865,manuale,Benzina,150,S,Performance,30 TFSI,Rivenditore,196,robecco sul naviglio,20087,Lombardia,Nord-ovest
Audi A3 30 TDI Business Advanced,https://www.autoscout24.it/annunci/audi-a3-30-tdi-business-advanced-diesel-nero-cat_ma9mo1624-f30be55f-a68e-43d3-92c7-791c00947d7e,22400,4,2022,70000,manuale,Diesel,150,Business Advanced,Middle,30 TDI,Rivenditore,104,lucca,55100,Toscana,Centro
Audi A3 A3 IV 2020 Sportback Sportback 35 1.5 tfsi mhev S line edition s-tronic,https://www.autoscout24.it/annunci/audi-a3-a3-iv-2020-sportback-sportback-35-1-5-tfsi-mhev-s-line-edition-s-tronic-elettrica-benzina-bianco-cat_ma9mo1624-a857f41f-55d1-4b91-ab16-f14acbcbabe0,22500,5,2021,140000,automatico,Ibrido,150,S line,Sport,,Privato,326,roma,159,Lazio,Centro
Audi A3 Sportback 35 1.5 tfsi mhev Business Advanced s-tronic,https://www.autoscout24.it/annunci/audi-a3-sportback-35-1-5-tfsi-mhev-business-advanced-s-tronic-elettrica-benzina-cat_ma9mo1624-e7ba81fb-4832-42b6-bf59-60a3030af731,22750,5,2021,88000,automatico,Ibrido,150,Business Advanced,Middle,,Privato,527,calvanico,84080,Campania,Sud
Audi A3 30 TFSI S tronic Business,https://www.autoscout24.it/annunci/audi-a3-30-tfsi-s-tronic-business-elettrica-benzina-grigio-cat_ma9mo1624-c72f8ce4-7010-4b33-8fc4-49e0f3a1e546,22650,5,2021,38948,automatico,Ibrido,150,Business,Base,30 TFSI,Rivenditore,377,lanciano,66034,Abruzzo,Sud
Audi A3 A3 8Y 2.0 TDI Sportback,https://www.autoscout24.it/annunci/audi-a3-a3-8y-2-0-tdi-sportback-diesel-nero-cat_ma9mo1624-ee1ba02c-b76f-49af-b92f-ae2682498905,22300,5,2021,138500,automatico,Diesel,150,Sport,Middle,,Privato,611,bari,70125,Puglia,Sud
Audi A3 SPB 30 TDI S tronic Business,https://www.autoscout24.it/annunci/audi-a3-spb-30-tdi-s-tronic-business-diesel-grigio-cat_ma9mo1624-b0732e34-2fae-4030-ab6b-53747e9ce2d9,22980,3,2023,28900,automatico,Diesel,150,Business,Base,30 TDI,Rivenditore,162,bergamo,24126,Lombardia,Nord-ovest
Audi A3 Sportback 35 2.0 tdi s-tronic,https://www.autoscout24.it/annunci/audi-a3-sportback-35-2-0-tdi-s-tronic-diesel-cat_ma9mo1624-d4253b39-202d-4e73-9cd2-1df3f82b8de8,22500,4,2022,69000,automatico,Diesel,150,Sport,Middle,,Privato,801,condro,98040,Sicilia,Isole
Audi A3 Sportback 30 1.5 g-tron s-tronic,https://www.autoscout24.it/annunci/audi-a3-sportback-30-1-5-g-tron-s-tronic-metano-cat_ma9mo1624-809302c3-40f3-47a6-a4cc-cec8db217464,23000,6,2020,114298,automatico,Metano,150,Sport,Middle,,Privato,326,roma,177,Lazio,Centro
Audi A3 30 TDI S-tronic Business Advanced,https://www.autoscout24.it/annunci/audi-a3-30-tdi-s-tronic-business-advanced-diesel-blu-azzurro-cat_ma9mo1624-bd478619-5640-429f-801c-232f8142df51,22870,4,2022,44763,automatico,Diesel,150,Business Advanced,Middle,30 TDI,Rivenditore,196,robecco sul naviglio,20087,Lombardia,Nord-ovest
Audi A3 SPB Sportback 35 2.0 TDI S-Line Edition S-tronic TETTO-NAVI-PELLE,https://www.autoscout24.it/annunci/audi-a3-spb-sportback-35-2-0-tdi-s-line-edition-s-tronic-tetto-navi-pelle-diesel-nero-cat_ma9mo1624-d0cd8114-8b89-46b3-8796-c2d7bec740ba,22990,5,2021,148000,automatico,Diesel,150,S line,Sport,,Rivenditore,525,orta nova,71045,Puglia,Sud
Audi A3 30 TDI Business 116cv,https://www.autoscout24.it/annunci/audi-a3-30-tdi-business-116cv-diesel-nero-cat_ma9mo1624-b1b8c2eb-04dc-44be-abe6-b3183b49e75e,22990,4,2022,48000,manuale,Diesel,150,Business,Base,30 TDI,Rivenditore,479,trentola ducenta,81038,Campania,Sud
Audi A3 A3 SPORTBACK S LINE TDI,https://www.autoscout24.it/annunci/audi-a3-a3-sportback-s-line-tdi-diesel-blu-azzurro-cat_ma9mo1624-3d0f4ddd-f4a7-434d-9876-6c06f4dd7f84,22500,5,2021,88000,automatico,Diesel,150,S line,Sport,,Privato,36,castellarano,42014,Emilia-Romagna,Nord-est
Audi A3 A3 Sportback 30 1.5 g-tron Business s-tronic,https://www.autoscout24.it/annunci/audi-a3-a3-sportback-30-1-5-g-tron-business-s-tronic-metano-nero-cat_ma9mo1624-2c258dfc-87bb-4021-82e2-5817c916ed04,22900,5,2021,60961,automatico,Metano,150,Business,Base,,Rivenditore,25,bologna,40138,Emilia-Romagna,Nord-est
Audi A3 A3 IV 2020 Sportback Sportback 30 2.0 tdi Business Advanced s-tronic,https://www.autoscout24.it/annunci/audi-a3-a3-iv-2020-sportback-sportback-30-2-0-tdi-business-advanced-s-tronic-diesel-nero-cat_ma9mo1624-10c2305c-2468-4d38-b39d-42404b66426a,22800,4,2022,60000,automatico,Diesel,150,Business Advanced,Middle,,Rivenditore,260,monte urano,63813,Marche,Centro
Audi A3 Sportback 30 2.0 tdi Business s-tronic,https://www.autoscout24.it/annunci/audi-a3-sportback-30-2-0-tdi-business-s-tronic-diesel-cat_ma9mo1624-e5ded9fd-a25a-4e6d-94d4-eca3bc67183c,23000,5,2021,113000,automatico,Diesel,150,Business,Base,,Privato,326,roma,181,Lazio,Centro
Audi A3 SPB 40 TFSIe S tronic AdaptiveCruise Navi FariLED,https://www.autoscout24.it/annunci/audi-a3-spb-40-tfsie-s-tronic-adaptivecruise-navi-fariled-elettrica-benzina-cat_ma9mo1624-3f809de8-69fa-44ed-a5f0-2553cb51b21b,22700,4,2022,57000,automatico,Ibrido,150,S,Performance,40 TFSI e,Rivenditore,106,castelverde,26022,Lombardia,Nord-ovest
Audi A3 A3 IV 2020 SportbackSportback 30 1.5 g-tron Busine,https://www.autoscout24.it/annunci/audi-a3-a3-iv-2020-sportbacksportback-30-1-5-g-tron-busine-metano-nero-cat_ma9mo1624-dd9bc955-1ef3-4a95-9ccc-2408f1d33469,23000,5,2021,67000,automatico,Metano,150,Sport,Middle,,Privato,177,genova,16137,Liguria,Nord-ovest
Audi A3 sportback 30 1.0 tfsi business advanced,https://www.autoscout24.it/annunci/audi-a3-sportback-30-1-0-tfsi-business-advanced-benzina-cat_ma9mo1624-4f1b1f1f-e2cb-4485-8a29-70bc67edc187,22700,4,2022,24262,manuale,Benzina,150,Business Advanced,Middle,,Rivenditore,92,sesto fiorentino,50019,Toscana,Centro
Audi A3 30 2.0 tdi Business s-tronic,https://www.autoscout24.it/annunci/audi-a3-30-2-0-tdi-business-s-tronic-diesel-bianco-cat_ma9mo1624-7a3c23cd-3040-4882-a9cd-12bbdda2d5e1,22200,4,2022,83076,automatico,Diesel,150,Business,Base,,Rivenditore,101,padova,35131,Veneto,Nord-est
Audi A3 SPB 35 TDI S tronic Business Advanced,https://www.autoscout24.it/annunci/audi-a3-spb-35-tdi-s-tronic-business-advanced-diesel-blu-azzurro-cat_ma9mo1624-7a15d25f-6c3f-462c-98c9-ee98a7a5c67d,22800,3,2023,78500,automatico,Diesel,150,Business Advanced,Middle,35 TDI,Rivenditore,65,parma,43126,Emilia-Romagna,Nord-est
Audi A3 A3 IV 2020 Sportback Sportback 35 2.0 tdi Business Advanced s-tronic,https://www.autoscout24.it/annunci/audi-a3-a3-iv-2020-sportback-sportback-35-2-0-tdi-business-advanced-s-tronic-diesel-bianco-cat_ma9mo1624-f19cc980-ec4f-4ce9-a0fc-ec7c784fef29,23000,3,2023,132000,automatico,Diesel,150,Business Advanced,Middle,,Privato,146,misano adriatico,47843,Emilia-Romagna,Nord-est
Audi A3 Sportback 35 2.0 tdi Business Advanced s-tronic,https://www.autoscout24.it/annunci/audi-a3-sportback-35-2-0-tdi-business-advanced-s-tronic-diesel-cat_ma9mo1624-701176c5-6326-42e2-b076-10bd835ed89e,23000,4,2022,105000,automatico,Diesel,150,Business Advanced,Middle,,Privato,36,castellarano,42014,Emilia-Romagna,Nord-est
Audi A3 30 TFSI MHEV S-tronic Business Advanced,https://www.autoscout24.it/annunci/audi-a3-30-tfsi-mhev-s-tronic-business-advanced-elettrica-benzina-cat_ma9mo1624-7a8b3923-b426-4ece-b4d3-c89cb0329339,22890,4,2022,50485,automatico,Ibrido,150,Business Advanced,Middle,30 TFSI,Rivenditore,196,robecco sul naviglio,20087,Lombardia,Nord-ovest
Audi A3 SPB 30 TDI S tronic Business,https://www.autoscout24.it/annunci/audi-a3-spb-30-tdi-s-tronic-business-diesel-blu-azzurro-cat_ma9mo1624-d7b38559-4e5e-4611-a171-0e1b6d42e1c5,23000,4,2022,48150,automatico,Diesel,150,Business,Base,30 TDI,Rivenditore,40,reggio emilia,42122,Emilia-Romagna,Nord-est
Audi A3 A3 Sportback 30 1.0 tfsi,https://www.autoscout24.it/annunci/audi-a3-a3-sportback-30-1-0-tfsi-benzina-nero-cat_ma9mo1624-29c79273-5c3f-4150-b6e6-7aa53ddc1fe7,22900,3,2023,43200,manuale,Benzina,150,Sport,Middle,,Rivenditore,200,perugia,6135,Umbria,Centro
Audi A3 SPB 30 TFSI S line edition,https://www.autoscout24.it/annunci/audi-a3-spb-30-tfsi-s-line-edition-benzina-bianco-cat_ma9mo1624-b9cdbf45-df69-489a-80b7-ac7ce70604fa,22990,3,2023,67800,manuale,Benzina,150,S line,Sport,30 TFSI,Rivenditore,115,mira,30034,Veneto,Nord-est
Audi A3 A3 IV 2020 Sportback Sportback 30 2.0 tdi Business,https://www.autoscout24.it/annunci/audi-a3-a3-iv-2020-sportback-sportback-30-2-0-tdi-business-diesel-argento-cat_ma9mo1624-3083b76d-5b44-4bd2-a09f-cf80efd29983,22800,5,2021,54000,manuale,Diesel,150,Business,Base,,Privato,337,casape,10,Lazio,Centro
Audi A3 30 TFSI Advanced  MHEV S-tronic *IN ARRIVO*,https://www.autoscout24.it/annunci/audi-a3-30-tfsi-advanced-mhev-s-tronic-in-arrivo-elettrica-benzina-cat_ma9mo1624-3e802e7f-ceae-4f01-91e1-d858a25cea7b,22980,3,2023,50837,automatico,Ibrido,150,Advanced,Middle,30 TFSI,Rivenditore,708,sava,74028,Puglia,Sud
Audi A3 SPB 30 TDI S tronic ANCHE NEOPATENTATI,https://www.autoscout24.it/annunci/audi-a3-spb-30-tdi-s-tronic-anche-neopatentati-diesel-bianco-cat_ma9mo1624-1793a363-79e4-4e71-aa11-bd8c681a43ee,22850,4,2022,76022,automatico,Diesel,150,S,Performance,30 TDI,Rivenditore,78,russi,48026,Emilia-Romagna,Nord-est
Audi A3 Sportback 30 2.0 tdi S line edition s-tronic,https://www.autoscout24.it/annunci/audi-a3-sportback-30-2-0-tdi-s-line-edition-s-tronic-diesel-cat_ma9mo1624-943d3f9c-fbde-464e-bdd0-8904c642243a,23000,4,2022,96360,automatico,Diesel,150,S line,Sport,,Privato,132,rimini,47922,Emilia-Romagna,Nord-est
Audi A3 30 TDI Business Advanced,https://www.autoscout24.it/annunci/audi-a3-30-tdi-business-advanced-diesel-bianco-cat_ma9mo1624-be5a69d6-1e1d-4bac-bacc-203cf59631b1,22400,2,2024,123560,manuale,Diesel,150,Business Advanced,Middle,30 TDI,Rivenditore,104,lucca,55100,Toscana,Centro
Audi A3 A3 SPB 30 TDI S tronic Business 2024,https://www.autoscout24.it/annunci/audi-a3-a3-spb-30-tdi-s-tronic-business-2024-diesel-bianco-cat_ma9mo1624-2099a97e-f6b1-45e8-bdc0-4635f349ccf8,22300,2,2024,70000,automatico,Diesel,150,Business,Base,30 TDI,Rivenditore,588,ruvo puglia,70037,Puglia,Sud
Audi A3 A3 IV 2020 Sportback Sportback 30 2.0 tdi Business,https://www.autoscout24.it/annunci/audi-a3-a3-iv-2020-sportback-sportback-30-2-0-tdi-business-diesel-nero-cat_ma9mo1624-d5813bc9-9047-4736-ac3e-e032ba198f90,23000,6,2020,70000,manuale,Diesel,150,Business,Base,,Privato,87,forli,47121,Emilia-Romagna,Nord-est
Audi A3 A3 Sportback 35 2.0 tdi Business Advanced s-tronic,https://www.autoscout24.it/annunci/audi-a3-a3-sportback-35-2-0-tdi-business-advanced-s-tronic-diesel-argento-cat_ma9mo1624-7641c76f-4d3a-4723-9ac8-3f1c87a2b4f4,22290,5,2021,75502,automatico,Diesel,150,Business Advanced,Middle,,Rivenditore,81,san bonifacio,37047,Veneto,Nord-est
Audi A3 A3 III 2016 Sportback Sportback 35 1.5 tfsi Admired 150cv s-tronic my20,https://www.autoscout24.it/annunci/audi-a3-a3-iii-2016-sportback-sportback-35-1-5-tfsi-admired-150cv-s-tronic-my20-benzina-grigio-cat_ma9mo1624-5ec2fa41-ace2-4fb2-b165-0678666ee33e,22900,6,2020,89000,automatico,Benzina,150,Sport,Middle,,Privato,329,tivoli,19,Lazio,Centro
Audi A3 Sportback 30 2.0 tdi Edition One s-tronic,https://www.autoscout24.it/annunci/audi-a3-sportback-30-2-0-tdi-edition-one-s-tronic-diesel-cat_ma9mo1624-a35c3883-a6a3-406c-a40a-8287efc2af7b,22500,4,2022,137902,automatico,Diesel,150,Sport,Middle,,Privato,476,caserta,81100,Campania,Sud
Audi A3 A3 Sportback 30 2.0 tdi Business Advanced s-tronic PREZZO PROMO,https://www.autoscout24.it/annunci/audi-a3-a3-sportback-30-2-0-tdi-business-advanced-s-tronic-prezzo-promo-diesel-grigio-cat_ma9mo1624-756878ba-c0d0-4216-861c-001e1d909d29,22990,4,2022,79000,automatico,Diesel,150,Business Advanced,Middle,,Rivenditore,362,aprilia,4011,Lazio,Centro
Audi A3 30 1.0 tfsi mhev Business Advanced s-tronic,https://www.autoscout24.it/annunci/audi-a3-30-1-0-tfsi-mhev-business-advanced-s-tronic-elettrica-benzina-blu-azzurro-cat_ma9mo1624-25ef14e4-b5f6-44e5-b832-e3f0dbf4b16a,22850,5,2021,63950,automatico,Ibrido,150,Business Advanced,Middle,,Rivenditore,189,cesano maderno,20811,Lombardia,Nord-ovest
Audi A3 A3 IV 2020 Sportback Sportback 30 2.0 tdi Edition One s-tronic,https://www.autoscout24.it/annunci/audi-a3-a3-iv-2020-sportback-sportback-30-2-0-tdi-edition-one-s-tronic-diesel-nero-cat_ma9mo1624-3323969e-c79b-46ab-8200-1acdadceebc2,23000,3,2023,116000,automatico,Diesel,150,Sport,Middle,,Privato,204,fabriano,60044,Marche,Centro
Audi A3 Sportback 35 1.5 tfsi mhev Business Advanced s-tronic,https://www.autoscout24.it/annunci/audi-a3-sportback-35-1-5-tfsi-mhev-business-advanced-s-tronic-elettrica-benzina-cat_ma9mo1624-a439daac-df1d-4ac1-8719-1b1be5cf48e7,23000,6,2020,61500,automatico,Ibrido,150,Business Advanced,Middle,,Privato,278,vinovo,10048,Piemonte,Nord-ovest
Audi A3 Sportback 30 2.0 tdi,https://www.autoscout24.it/annunci/audi-a3-sportback-30-2-0-tdi-diesel-cat_ma9mo1624-68729b37-fa95-49cd-8abe-6320261043bb,23000,4,2022,29000,manuale,Diesel,150,Sport,Middle,,Privato,819,reggio calabria,89133,Calabria,Sud
Audi A3 sportback 30 1.5 g-tron business s-tronic,https://www.autoscout24.it/annunci/audi-a3-sportback-30-1-5-g-tron-business-s-tronic-metano-nero-cat_ma9mo1624-a7da4704-cac7-425c-bdc2-d2509f11e974,22900,4,2022,92497,automatico,Metano,150,Business,Base,,Rivenditore,65,parma,43126,Emilia-Romagna,Nord-est
Audi A3 Sedan 35 TDI S tronic S line Edition,https://www.autoscout24.it/annunci/audi-a3-sedan-35-tdi-s-tronic-s-line-edition-diesel-nero-cat_ma9mo1624-7f713456-cafa-4faf-8a54-06cf1b7eb8d4,22500,5,2021,132109,automatico,Diesel,150,S line,Sport,35 TDI,Rivenditore,223,ancona,60131,Marche,Centro
Audi A3 Sportback 30 1.0 tfsi business,https://www.autoscout24.it/annunci/audi-a3-sportback-30-1-0-tfsi-business-elettrica-benzina-cat_ma9mo1624-26dd5bb4-29bd-485e-b957-203fcaf52a57,22900,3,2023,53507,manuale,Ibrido,150,Business,Base,,Rivenditore,284,grugliasco,10095,Piemonte,Nord-ovest
Audi A3 sportback 30 2.0 tdi business,https://www.autoscout24.it/annunci/audi-a3-sportback-30-2-0-tdi-business-diesel-nero-cat_ma9mo1624-df26689d-2d12-4bcc-935c-537f45e29821,22900,3,2023,63515,manuale,Diesel,150,Business,Base,,Rivenditore,177,assago,20057,Lombardia,Nord-ovest
Audi A3 A3 Sedan 30 2.0 tdi Business s-tronic,https://www.autoscout24.it/annunci/audi-a3-a3-sedan-30-2-0-tdi-business-s-tronic-diesel-nero-cat_ma9mo1624-ea13bd7c-d404-4dea-a617-44ab78dbaf29,22500,3,2023,108000,automatico,Diesel,150,Business,Base,,Privato,137,paese,31038,Veneto,Nord-est
Audi A3 Audi A3 Sportback 35 TDI 2.0 S-tronic,https://www.autoscout24.it/annunci/audi-a3-audi-a3-sportback-35-tdi-2-0-s-tronic-diesel-cat_ma9mo1624-6a77f653-213d-4179-8db8-9b939fb9db19,22500,4,2022,100000,automatico,Diesel,150,Sport,Middle,35 TDI,Privato,106,bore,43030,Emilia-Romagna,Nord-est
Audi A3 Sportback 35 2.0 tdi  s-tronic 150 CV,https://www.autoscout24.it/annunci/audi-a3-sportback-35-2-0-tdi-s-tronic-150-cv-diesel-cat_ma9mo1624-cad11690-7e44-4c85-b1ea-55bbf40671c6,22900,5,2021,129000,automatico,Diesel,150,Sport,Middle,,Rivenditore,463,cancello ed arnone,81030,Campania,Sud
Audi A3 SPB 35 TDI S tronic Business,https://www.autoscout24.it/annunci/audi-a3-spb-35-tdi-s-tronic-business-diesel-nero-cat_ma9mo1624-ee0c9859-ce0b-4e3d-ac6b-4d558d2f231f,22900,3,2023,77000,automatico,Diesel,150,Business,Base,35 TDI,Rivenditore,177,milano,20141,Lombardia,Nord-ovest
Audi A3 sportback 30 2.0 tdi business,https://www.autoscout24.it/annunci/audi-a3-sportback-30-2-0-tdi-business-diesel-nero-cat_ma9mo1624-11a21b49-a5b6-4b0f-8c56-5286f53ee868,22900,3,2023,63515,manuale,Diesel,150,Business,Base,,Rivenditore,167,san martino siccomario,27028,Lombardia,Nord-ovest
Audi A3 Sedan 35 2.0 tdi S line edition s-tronic,https://www.autoscout24.it/annunci/audi-a3-sedan-35-2-0-tdi-s-line-edition-s-tronic-diesel-cat_ma9mo1624-a7ac03d5-78ba-4e3c-bf73-818318eab69e,23000,6,2020,155000,automatico,Diesel,150,S line,Sport,,Privato,507,san giuseppe vesuviano,80047,Campania,Sud
Audi A3 S Line Edition 1.4 40 TFSI e PHEV,https://www.autoscout24.it/annunci/audi-a3-s-line-edition-1-4-40-tfsi-e-phev-elettrica-benzina-nero-cat_ma9mo1624-3c0934dd-925f-4af8-834c-d9c9d229df41,23000,5,2021,75000,automatico,Ibrido,150,S line,Sport,40 TFSI e,Rivenditore,200,perugia,6124,Umbria,Centro
Audi A3 A3 IV 2020 Sportback Sportback 40 1.4 tfsi e s-tronic,https://www.autoscout24.it/annunci/audi-a3-a3-iv-2020-sportback-sportback-40-1-4-tfsi-e-s-tronic-elettrica-benzina-grigio-cat_ma9mo1624-65b00957-25a4-4f98-9e74-c0932ac4d871,23000,5,2021,100100,automatico,Ibrido,150,Sport,Middle,,Privato,348,albano laziale,41,Lazio,Centro
Audi A3 30 2.0 TDI S tronic S line Edition,https://www.autoscout24.it/annunci/audi-a3-30-2-0-tdi-s-tronic-s-line-edition-diesel-blu-azzurro-cat_ma9mo1624-b1779da8-d045-46b2-89b2-6dd30abf2e0e,22500,5,2021,81316,automatico,Diesel,150,S line,Sport,,Rivenditore,188,sirone,23844,Lombardia,Nord-ovest
Audi A3 AUDI A3 Sportback 2.0 116CV S-TRONIC,https://www.autoscout24.it/annunci/audi-a3-audi-a3-sportback-2-0-116cv-s-tronic-diesel-cat_ma9mo1624-66b545ed-bb9f-410b-ab91-b55ef3bed30e,22500,4,2022,105000,automatico,Diesel,150,Sport,Middle,,Privato,723,avetrana,74020,Puglia,Sud
Audi A3 30 1.0 tfsi mhev Business AUTOMATICA E CARPLAY,https://www.autoscout24.it/annunci/audi-a3-30-1-0-tfsi-mhev-business-automatica-e-carplay-elettrica-benzina-grigio-cat_ma9mo1624-633511fc-2872-4cc5-94af-b1e5b0e6b467,22990,2,2024,76375,automatico,Ibrido,150,Business,Base,,Rivenditore,383,latina,4100,Lazio,Centro
Audi A3 30 TFSI Advanced MHEV S-tronic *IN ARRIVO*,https://www.autoscout24.it/annunci/audi-a3-30-tfsi-advanced-mhev-s-tronic-in-arrivo-elettrica-benzina-cat_ma9mo1624-bbc88d70-93b8-4b03-820a-ce31866da45d,22980,3,2023,50700,automatico,Ibrido,150,Advanced,Middle,30 TFSI,Rivenditore,708,sava,74028,Puglia,Sud
Audi A3 A3 SPB 30 TFSI Business,https://www.autoscout24.it/annunci/audi-a3-a3-spb-30-tfsi-business-benzina-bianco-cat_ma9mo1624-4804a90c-9dbe-41fb-b63a-a625a31c3c31,22900,5,2021,31941,manuale,Benzina,150,Business,Base,30 TFSI,Rivenditore,326,roma,163,Lazio,Centro
Audi A3 2021 Sportback 30 2.0 tdi S-TRONIC IDENTITY BLACK,https://www.autoscout24.it/annunci/audi-a3-2021-sportback-30-2-0-tdi-s-tronic-identity-black-diesel-cat_ma9mo1624-aa0bb4cc-e4c9-4ecc-aca9-2a572c4260d1,22400,5,2021,108000,automatico,Diesel,150,Identity,Middle,,Rivenditore,507,san giuseppe vesuviano,80047,Campania,Sud
Audi A3 A3 IV 2020 Sportback Sportback 30 1.5 g-tron S line edition s-tronic,https://www.autoscout24.it/annunci/audi-a3-a3-iv-2020-sportback-sportback-30-1-5-g-tron-s-line-edition-s-tronic-metano-nero-cat_ma9mo1624-453b189e-ecab-4278-acef-bab826a887c7,23000,5,2021,160000,automatico,Metano,150,S line,Sport,,Privato,176,fano,61032,Marche,Centro
Audi A3 Sportback,https://www.autoscout24.it/annunci/audi-a3-sportback-diesel-nero-cat_ma9mo1624-b0345b0e-4283-4f9b-bd54-edeadcdbbdf0,23000,5,2021,113000,automatico,Diesel,150,Sport,Middle,,Privato,101,altopascio,55011,Toscana,Centro
Audi A3 Sportback 35 1.5 tfsi mhev s-tronic,https://www.autoscout24.it/annunci/audi-a3-sportback-35-1-5-tfsi-mhev-s-tronic-elettrica-benzina-cat_ma9mo1624-40fcd291-3a3c-4dd0-80e4-7fe2f961faa0,23000,4,2022,93000,automatico,Ibrido,150,Sport,Middle,,Privato,628,cagliari,9129,Sardegna,Isole
Audi A3 A3 IV 2020 Sportback Sportback 30 2.0 tdi S line e,https://www.autoscout24.it/annunci/audi-a3-a3-iv-2020-sportback-sportback-30-2-0-tdi-s-line-e-diesel-grigio-cat_ma9mo1624-4c32f0be-a403-4257-b493-d7eb75288f65,22500,4,2022,123500,automatico,Diesel,150,S line,Sport,,Privato,197,senigallia,60019,Marche,Centro
Audi A3 SPORTBACK 30 TFSI S tronic Business Advanced,https://www.autoscout24.it/annunci/audi-a3-sportback-30-tfsi-s-tronic-business-advanced-elettrica-benzina-grigio-cat_ma9mo1624-131d6053-c347-47ae-9f95-274ea8754296,22500,3,2023,75188,automatico,Ibrido,150,Business Advanced,Middle,30 TFSI,Rivenditore,193,vigevano,27029,Lombardia,Nord-ovest
Audi A3 Sportback 2.0 TDI 115 CV *CarPlay,https://www.autoscout24.it/annunci/audi-a3-sportback-2-0-tdi-115-cv-carplay-diesel-grigio-cat_ma9mo1624-b61a7c79-eeb5-44e8-8d02-a81aa4f867b4,22400,6,2020,96000,manuale,Diesel,150,Sport,Middle,,Rivenditore,747,monteroni lecce,73047,Puglia,Sud
Audi A3 Sportback 35 1.5 tfsi mhev Business Advanced s-tro,https://www.autoscout24.it/annunci/audi-a3-sportback-35-1-5-tfsi-mhev-business-advanced-s-tro-elettrica-benzina-cat_ma9mo1624-dca2c07a-5777-4ba2-81b7-b78d67c6befa,22500,6,2020,90400,automatico,Ibrido,150,Business Advanced,Middle,,Privato,162,bergamo,24121,Lombardia,Nord-ovest
Audi A3 Sportback 30 1.5 g-tron S line edition s-tronic,https://www.autoscout24.it/annunci/audi-a3-sportback-30-1-5-g-tron-s-line-edition-s-tronic-metano-cat_ma9mo1624-7d0e8c7b-1df8-4ae7-8248-ecbb516e26c1,23000,5,2021,120000,automatico,Metano,150,S line,Sport,,Privato,490,casoria,80026,Campania,Sud
Audi A3 SPB 30 TDI S tronic Business,https://www.autoscout24.it/annunci/audi-a3-spb-30-tdi-s-tronic-business-diesel-nero-cat_ma9mo1624-f8fd6fee-ea58-4723-be63-b97d9d3cb661,22600,4,2022,79950,automatico,Diesel,150,Business,Base,30 TDI,Rivenditore,386,isola liri,3036,Lazio,Centro
Audi A3 SPORTBACK 30TDI ADVANCED S-TRONIC IN ARRIVO,https://www.autoscout24.it/annunci/audi-a3-sportback-30tdi-advanced-s-tronic-in-arrivo-diesel-blu-azzurro-cat_ma9mo1624-fa474d68-2124-4a8e-b584-149880d4f0c5,22900,3,2023,96000,automatico,Diesel,150,Advanced,Middle,30 TDI,Rivenditore,72,roverbella,46048,Lombardia,Nord-ovest
Audi A3 A3 IV 2020 Sportback Sportback 30 1.5 g-tron Business Advanced s-tronic,https://www.autoscout24.it/annunci/audi-a3-a3-iv-2020-sportback-sportback-30-1-5-g-tron-business-advanced-s-tronic-metano-grigio-cat_ma9mo1624-820e6795-8d41-40ab-87fb-beb1b54ec388,23000,5,2021,120000,automatico,Metano,150,Business Advanced,Middle,,Privato,315,l aquila,67100,Abruzzo,Sud
Audi A3 35 TFSI S tronic Business Adv. S.Back,https://www.autoscout24.it/annunci/audi-a3-35-tfsi-s-tronic-business-adv-s-back-benzina-blu-azzurro-cat_ma9mo1624-92dd0fef-d420-4d4c-ab44-6314f382b6c2,22900,5,2021,83979,automatico,Benzina,150,Business,Base,35 TFSI,Rivenditore,174,vimercate,20871,Lombardia,Nord-ovest
Audi A3 Sportback 30 2.0 tdi Business Advanced s-tronic,https://www.autoscout24.it/annunci/audi-a3-sportback-30-2-0-tdi-business-advanced-s-tronic-diesel-grigio-cat_ma9mo1624-6c202507-a1bc-47b5-ae6f-8ed2ad6cd411,22500,3,2023,99640,automatico,Diesel,150,Business Advanced,Middle,,Rivenditore,121,brescia,25124,Lombardia,Nord-ovest
Audi A3 Sportback 35 2.0 tdi Business Advanced s-tronic,https://www.autoscout24.it/annunci/audi-a3-sportback-35-2-0-tdi-business-advanced-s-tronic-diesel-cat_ma9mo1624-98b6ebb9-aa5f-4c6b-ab7c-84886b97d868,22500,4,2022,121000,automatico,Diesel,150,Business Advanced,Middle,,Privato,198,cetona,53040,Toscana,Centro
Audi A3 A3 SPB 30 TDI S tronic Business,https://www.autoscout24.it/annunci/audi-a3-a3-spb-30-tdi-s-tronic-business-diesel-bianco-cat_ma9mo1624-e2fdc1bd-78db-43ba-8278-97ff30a7705f,23000,4,2022,127000,automatico,Diesel,150,Business,Base,30 TDI,Rivenditore,787,amaroni,88050,Calabria,Sud
Audi A3 A3 Sportback 35 1.5 tfsi Business Advanced,https://www.autoscout24.it/annunci/audi-a3-a3-sportback-35-1-5-tfsi-business-advanced-benzina-grigio-cat_ma9mo1624-3d14ed1c-1492-472e-897c-dacf12551daf,23000,6,2020,106000,manuale,Benzina,150,Business Advanced,Middle,,Rivenditore,304,teramo,64100,Abruzzo,Sud
Audi A3 A3 SPB 35 TFSI Business,https://www.autoscout24.it/annunci/audi-a3-a3-spb-35-tfsi-business-benzina-bianco-cat_ma9mo1624-036042db-aaf3-4426-a842-99f39c6f0045,22900,3,2023,82000,manuale,Benzina,150,Business,Base,35 TFSI,Rivenditore,149,altopiano vigolana,38049,Trentino-Alto Adige/Südtirol,Nord-est
Audi A3 A3sline,https://www.autoscout24.it/annunci/audi-a3-a3sline-benzina-cat_ma9mo1624-f9aed0d5-8dbb-4923-b9bc-15d93afc0934,22500,6,2020,90000,manuale,Benzina,150,S line,Sport,,Privato,165,basiano,20060,Lombardia,Nord-ovest
Audi A3 sportback 30 1.0 tfsi,https://www.autoscout24.it/annunci/audi-a3-sportback-30-1-0-tfsi-benzina-cat_ma9mo1624-5f9ff1c2-c069-4ebf-a866-d1ea4b941fc7,22900,3,2023,46934,manuale,Benzina,150,Sport,Middle,,Rivenditore,276,torino,10148,Piemonte,Nord-ovest
Audi A3 sportback 35 2.0 tdi business advanced s-tronic,https://www.autoscout24.it/annunci/audi-a3-sportback-35-2-0-tdi-business-advanced-s-tronic-diesel-rosso-cat_ma9mo1624-c5202919-4c4b-45c6-b61b-ff31feabe07f,22500,5,2021,81580,automatico,Diesel,150,Business Advanced,Middle,,Rivenditore,201,alessandria,15121,Piemonte,Nord-ovest
Audi A3 A3 IV 2022 Sportback Sportback 35 2.0 tdi Business Advanced s-tronic,https://www.autoscout24.it/annunci/audi-a3-a3-iv-2022-sportback-sportback-35-2-0-tdi-business-advanced-s-tronic-diesel-blu-azzurro-cat_ma9mo1624-d92993d9-395b-4336-ac04-42240c650d67,22900,4,2022,91000,automatico,Diesel,150,Business Advanced,Middle,,Rivenditore,271,volpiano,10088,Piemonte,Nord-ovest
Audi A3 IV 2020 Sportback - A3 Sportback 30 2.0 tdi Busine,https://www.autoscout24.it/annunci/audi-a3-iv-2020-sportback-a3-sportback-30-2-0-tdi-busine-diesel-grigio-cat_ma9mo1624-2e7067ba-28e4-4cc8-bfa3-8e6563f3e3b5,22500,3,2023,102909,manuale,Diesel,150,Sport,Middle,,Rivenditore,259,gaglianico,13894,Piemonte,Nord-ovest
Audi A3 A3 Sportback 35 2.0 tdi Business Advanced s-tronic,https://www.autoscout24.it/annunci/audi-a3-a3-sportback-35-2-0-tdi-business-advanced-s-tronic-diesel-blu-azzurro-cat_ma9mo1624-b2839a1b-0e43-4ffd-8889-b6ee63616b4f,23000,6,2020,89000,automatico,Diesel,150,Business Advanced,Middle,,Privato,881,lentini,96016,Sicilia,Isole
Audi A3 A3 IV 2020 Sportback Sportback 35 2.0 tdi Business Advanced s-tronic,https://www.autoscout24.it/annunci/audi-a3-a3-iv-2020-sportback-sportback-35-2-0-tdi-business-advanced-s-tronic-diesel-blu-azzurro-cat_ma9mo1624-0532e543-0400-4b2b-9e5d-333d71c899ff,23000,5,2021,127000,automatico,Diesel,150,Business Advanced,Middle,,Privato,86,verona,37131,Veneto,Nord-est
Audi A3 Sportback 35 2.0 tdi Business Advanced,https://www.autoscout24.it/annunci/audi-a3-sportback-35-2-0-tdi-business-advanced-diesel-cat_ma9mo1624-9a9e8f54-c5a0-43aa-b323-2f3ba371cf81,22500,4,2022,92000,manuale,Diesel,150,Business Advanced,Middle,,Rivenditore,819,reggio calabria,89132,Calabria,Sud
Audi A3 SPB 40 TFSI e S tronic Business Advanced IN ARRICO,https://www.autoscout24.it/annunci/audi-a3-spb-40-tfsi-e-s-tronic-business-advanced-in-arrico-elettrica-benzina-nero-cat_ma9mo1624-9ad0196e-1f03-443b-8024-a08759706e6a,22900,4,2022,91000,automatico,Ibrido,150,Business Advanced,Middle,40 TFSI e,Rivenditore,203,bernate ticino,20010,Lombardia,Nord-ovest
Audi A3 30 TDI S tronic S line Edition *NAVI*,https://www.autoscout24.it/annunci/audi-a3-30-tdi-s-tronic-s-line-edition-navi-diesel-bianco-cat_ma9mo1624-772308ef-f6e5-406a-90d4-937fc64016ef,22500,4,2022,97723,automatico,Diesel,150,S line,Sport,30 TDI,Rivenditore,698,san vito normanni,72019,Puglia,Sud
Audi A3 Sportback 35 1.5 tfsi mhev Edition One s-tronic,https://www.autoscout24.it/annunci/audi-a3-sportback-35-1-5-tfsi-mhev-edition-one-s-tronic-elettrica-benzina-cat_ma9mo1624-03a10ffe-f99c-4d02-8122-6a4464540a3b,22490,6,2020,108500,automatico,Ibrido,150,Sport,Middle,,Rivenditore,322,guidonia montecelio,12,Lazio,Centro
Audi A3 A3 Sedan 30 2.0 tdi S line edition s-tronic,https://www.autoscout24.it/annunci/audi-a3-a3-sedan-30-2-0-tdi-s-line-edition-s-tronic-diesel-bianco-cat_ma9mo1624-2b56b33c-5642-4adf-b482-34a613b7e3c0,22890,3,2023,153000,automatico,Diesel,150,S line,Sport,,Rivenditore,683,taranto,74121,Puglia,Sud
Audi A3 Sportback,https://www.autoscout24.it/annunci/audi-a3-sportback-diesel-grigio-cat_ma9mo1624-374aa408-f74f-4b96-a6af-428c77d280af,23000,5,2021,108000,automatico,Diesel,150,Sport,Middle,,Privato,350,pomezia,71,Lazio,Centro
Audi A3 SPB 30 TDI S tronic Business NEO PATENTATO,https://www.autoscout24.it/annunci/audi-a3-spb-30-tdi-s-tronic-business-neo-patentato-diesel-argento-cat_ma9mo1624-728d0d60-5771-4490-b24c-72ea1e6a3a9f,22900,5,2021,90849,automatico,Diesel,150,Business,Base,30 TDI,Rivenditore,100,scandicci,50018,Toscana,Centro
Audi A3 35 TFSI S tronic Business Adv. S.Back,https://www.autoscout24.it/annunci/audi-a3-35-tfsi-s-tronic-business-adv-s-back-benzina-blu-azzurro-cat_ma9mo1624-7206939d-f263-43b4-b375-6f8ea8d000f1,22900,5,2021,83979,automatico,Benzina,150,Business,Base,35 TFSI,Rivenditore,177,sesto san giovanni,20099,Lombardia,Nord-ovest
Audi A3 35 TDI S tronic Business Advanced,https://www.autoscout24.it/annunci/audi-a3-35-tdi-s-tronic-business-advanced-diesel-argento-cat_ma9mo1624-46fc2fc2-51d2-4603-b379-ae714e11ebd4,22400,5,2021,100000,automatico,Diesel,150,Business Advanced,Middle,35 TDI,Rivenditore,104,lucca,55100,Toscana,Centro
Audi A3 Sportback 35 2.0 tdi  Advanced s-tronic,https://www.autoscout24.it/annunci/audi-a3-sportback-35-2-0-tdi-advanced-s-tronic-diesel-nero-cat_ma9mo1624-5772de2e-5684-43c4-b95a-134fecf535d3,23000,5,2021,120000,automatico,Diesel,150,Advanced,Middle,,Rivenditore,95,montecchio maggiore,36075,Veneto,Nord-est
Audi A3 Sportback 35 2.0 tdi  Advanced s-tronic IVATA!!,https://www.autoscout24.it/annunci/audi-a3-sportback-35-2-0-tdi-advanced-s-tronic-ivata-diesel-grigio-cat_ma9mo1624-6608924a-cb80-4fff-bda5-678c797a4c6c,22300,4,2022,103700,automatico,Diesel,150,Advanced,Middle,,Rivenditore,20,zola predosa,40069,Emilia-Romagna,Nord-est
Audi A3 30 TDI Business Advanced,https://www.autoscout24.it/annunci/audi-a3-30-tdi-business-advanced-diesel-grigio-cat_ma9mo1624-a094b461-9c9b-47f8-90f8-b83f883fdef9,22990,4,2022,53271,manuale,Diesel,150,Business Advanced,Middle,30 TDI,Rivenditore,196,robecco sul naviglio,20087,Lombardia,Nord-ovest
Audi A3 A3 IV 2020 Sedan Sedan 30 1.0 tfsi mhev s-tronic,https://www.autoscout24.it/annunci/audi-a3-a3-iv-2020-sedan-sedan-30-1-0-tfsi-mhev-s-tronic-elettrica-benzina-blu-azzurro-cat_ma9mo1624-8cd25423-9a74-495d-8ec8-cb41998d9665,22500,2,2024,91459,automatico,Ibrido,150,S,Performance,,Rivenditore,750,palermo,90121,Sicilia,Isole
Audi A3 sportback 35 2.0 tdi business s-tronic,https://www.autoscout24.it/annunci/audi-a3-sportback-35-2-0-tdi-business-s-tronic-diesel-blu-azzurro-cat_ma9mo1624-ed413da3-583a-4853-8a14-3858bd2051a4,22500,3,2023,133276,automatico,Diesel,150,Business,Base,,Rivenditore,285,cirie,10073,Piemonte,Nord-ovest
Audi A3 A3 Sportback 30 2.0 tdi Business Advanced s-tronic,https://www.autoscout24.it/annunci/audi-a3-a3-sportback-30-2-0-tdi-business-advanced-s-tronic-diesel-bianco-cat_ma9mo1624-38c4b9fe-4fc5-4efb-87c1-797b2253ee9f,22900,4,2022,89123,automatico,Diesel,150,Business Advanced,Middle,,Rivenditore,362,aprilia,4011,Lazio,Centro
Audi A3 A3 IV 2020 Sportback Sportback 35 2.0 tdi Business Advanced s-tronic,https://www.autoscout24.it/annunci/audi-a3-a3-iv-2020-sportback-sportback-35-2-0-tdi-business-advanced-s-tronic-diesel-blu-azzurro-cat_ma9mo1624-1f55d091-727b-4f89-aeca-c76d89bd9b6f,22500,5,2021,82000,automatico,Diesel,150,Business Advanced,Middle,,Rivenditore,770,marsala,91025,Sicilia,Isole
Audi A3 Sportback 30 1.0 tfsi Edition One,https://www.autoscout24.it/annunci/audi-a3-sportback-30-1-0-tfsi-edition-one-benzina-nero-cat_ma9mo1624-b935588e-e3ed-42d4-8836-188fb574be30,22500,5,2021,61030,manuale,Benzina,150,Sport,Middle,,Rivenditore,857,misterbianco,95045,Sicilia,Isole
Audi A3 A3 SPB 30 TDI S tronic Business Advanced,https://www.autoscout24.it/annunci/audi-a3-a3-spb-30-tdi-s-tronic-business-advanced-diesel-blu-azzurro-cat_ma9mo1624-9c34b99b-0af0-424a-ba4a-9cc485674f75,22900,4,2022,109000,automatico,Diesel,150,Business Advanced,Middle,30 TDI,Rivenditore,56,viadana,46019,Lombardia,Nord-ovest
Audi A3 A3 IV 2020 Sportback Sportback 35 1.5 tfsi Business Advanced,https://www.autoscout24.it/annunci/audi-a3-a3-iv-2020-sportback-sportback-35-1-5-tfsi-business-advanced-benzina-grigio-cat_ma9mo1624-669a4a6e-da0d-4c26-8497-a14fda639680,23000,5,2021,97000,manuale,Benzina,150,Business Advanced,Middle,,Privato,819,reggio calabria,89129,Calabria,Sud
Audi A3 35 TDI Business Advanced,https://www.autoscout24.it/annunci/audi-a3-35-tdi-business-advanced-diesel-cat_ma9mo1624-78e43722-ce2a-48e0-8082-f9569e9bd7d8,22500,5,2021,139200,manuale,Diesel,150,Business Advanced,Middle,35 TDI,Rivenditore,843,favara,92026,Sicilia,Isole
Audi A3 Sportback 30 2.0 tdi Business 116cv s-tronic,https://www.autoscout24.it/annunci/audi-a3-sportback-30-2-0-tdi-business-116cv-s-tronic-diesel-grigio-cat_ma9mo1624-6eb49ced-8ee4-4ba4-963f-45ce0a0db437,22900,4,2022,100700,automatico,Diesel,150,Business,Base,,Rivenditore,542,cerignola,71042,Puglia,Sud
Audi A3 2.0TDI BUSINESS S-TRONIC 116CV,https://www.autoscout24.it/annunci/audi-a3-2-0tdi-business-s-tronic-116cv-diesel-nero-cat_ma9mo1624-91da6755-d728-4f92-b027-2664425c8a16,22490,3,2023,131000,automatico,Diesel,150,Business,Base,,Rivenditore,533,salerno,84121,Campania,Sud
Audi A3 A3 Sportback 30 2.0 tdi Business Advanced s-tronic,https://www.autoscout24.it/annunci/audi-a3-a3-sportback-30-2-0-tdi-business-advanced-s-tronic-diesel-blu-azzurro-cat_ma9mo1624-e06e1dc6-acd5-4efe-9d73-05fef64d242b,22800,4,2022,120200,automatico,Diesel,150,Business Advanced,Middle,,Rivenditore,198,magenta,20013,Lombardia,Nord-ovest
Audi A3 Sportback 35 2.0 tdi Business Advanced s-tronic,https://www.autoscout24.it/annunci/audi-a3-sportback-35-2-0-tdi-business-advanced-s-tronic-diesel-bianco-cat_ma9mo1624-edbd7f9e-0881-4366-b778-000dc3327bdf,22490,4,2022,119000,automatico,Diesel,150,Business Advanced,Middle,,Rivenditore,607,padula,84034,Campania,Sud
Audi A3 Sportback 35 2.0 tdi Business Advanced s-tronic,https://www.autoscout24.it/annunci/audi-a3-sportback-35-2-0-tdi-business-advanced-s-tronic-diesel-nero-cat_ma9mo1624-df980bf3-f8a6-49b5-9be4-94b7c4f87b13,23000,4,2022,120000,automatico,Diesel,150,Business Advanced,Middle,,Rivenditore,515,parolise,83050,Campania,Sud
Audi A3 SPB 35 2.0 TDI 150 cv S tronic S line edition,https://www.autoscout24.it/annunci/audi-a3-spb-35-2-0-tdi-150-cv-s-tronic-s-line-edition-diesel-nero-cat_ma9mo1624-49ddfcc8-49ae-4b98-9907-0c2b16470a97,22999,4,2022,119000,automatico,Diesel,150,S line,Sport,,Rivenditore,854,gravina catania,95030,Sicilia,Isole
"Audi A3 SPORTBACK TFSI E MHEV S LINE IDENTITY BLACK ""OK NEOPATENTATI""",https://www.autoscout24.it/annunci/audi-a3-sportback-tfsi-e-mhev-s-line-identity-black-ok-neopatentati-elettrica-benzina-grigio-cat_ma9mo1624-92ee90e2-1a1c-40ca-a686-c5983a4a9adf,23000,4,2022,35920,manuale,Ibrido,150,Identity,Middle,,Rivenditore,146,bariano,24050,Lombardia,Nord-ovest
Audi A3 Sportback 30 2.0 tdi S line edition s-tronic,https://www.autoscout24.it/annunci/audi-a3-sportback-30-2-0-tdi-s-line-edition-s-tronic-diesel-grigio-cat_ma9mo1624-28aaf78d-c459-467c-ac99-c3111fc4dd15,23900,3,2023,84916,automatico,Diesel,150,S line,Sport,,Rivenditore,163,oderzo,31046,Veneto,Nord-est
Audi A3 Sportback 30 2.0 tdi S line edition s-tronic IVA ESPOSTA,https://www.autoscout24.it/annunci/audi-a3-sportback-30-2-0-tdi-s-line-edition-s-tronic-iva-esposta-diesel-cat_ma9mo1624-75364709-71e7-45de-bd18-be2b56f6fbad,23900,3,2023,100606,automatico,Diesel,150,S line,Sport,,Rivenditore,177,milano,20123,Lombardia,Nord-ovest
Audi A3 A3 Sportback 35 1.5 Tfsi Business Advanced,https://www.autoscout24.it/annunci/audi-a3-a3-sportback-35-1-5-tfsi-business-advanced-benzina-nero-cat_ma9mo1624-8e8a2d1d-9e0f-49bc-8a36-c356450c0f22,23990,3,2023,26050,manuale,Benzina,150,Business Advanced,Middle,,Rivenditore,203,fino mornasco,22073,Lombardia,Nord-ovest
Audi A3 4ª serie - A3 SPB 40 TFSI e S tronic Business,https://www.autoscout24.it/annunci/audi-a3-4-serie-a3-spb-40-tfsi-e-s-tronic-business-elettrica-benzina-argento-cat_ma9mo1624-76b6f7f6-a8d0-4fae-8677-0677214b5c45,24000,4,2022,36215,automatico,Ibrido,150,Business,Base,40 TFSI e,Rivenditore,202,legnano,20025,Lombardia,Nord-ovest
Audi A3 sportback 35 2.0 tdi business advanced s-tronic,https://www.autoscout24.it/annunci/audi-a3-sportback-35-2-0-tdi-business-advanced-s-tronic-diesel-grigio-cat_ma9mo1624-48918b08-06f5-43d3-8c00-d68e23ba4ff5,23900,4,2022,86824,automatico,Diesel,150,Business Advanced,Middle,,Rivenditore,162,bergamo,24124,Lombardia,Nord-ovest
Audi A3 SPORTBACK 30 TFSI MHEV S tronic Business 18'' NAVI FULL LED,https://www.autoscout24.it/annunci/audi-a3-sportback-30-tfsi-mhev-s-tronic-business-18-navi-full-led-elettrica-benzina-nero-cat_ma9mo1624-af4f5377-2878-450a-badd-94629af7fd15,23900,4,2022,61400,automatico,Ibrido,150,Business,Base,30 TFSI,Rivenditore,102,cortemaggiore,29016,Emilia-Romagna,Nord-est
Audi A3 35 2.0 tdi Business Advanced s-tronic,https://www.autoscout24.it/annunci/audi-a3-35-2-0-tdi-business-advanced-s-tronic-diesel-nero-cat_ma9mo1624-f17d959e-4849-4c4a-8c45-5a76ce205684,23900,4,2022,63000,automatico,Diesel,150,Business Advanced,Middle,,Rivenditore,191,seveso,20822,Lombardia,Nord-ovest
Audi A3 S Line interno 2.0 TDI 116CV S-Tronic 30,https://www.autoscout24.it/annunci/audi-a3-s-line-interno-2-0-tdi-116cv-s-tronic-30-diesel-grigio-cat_ma9mo1624-9ff391aa-1f36-419a-b535-102b15e64ec6,23900,3,2023,103885,automatico,Diesel,150,S line,Sport,,Rivenditore,753,borgetto,90042,Sicilia,Isole
Audi A3 Sportback 30 1.0 tfsi mhev Business s-tronic,https://www.autoscout24.it/annunci/audi-a3-sportback-30-1-0-tfsi-mhev-business-s-tronic-elettrica-benzina-blu-azzurro-cat_ma9mo1624-f0d55850-6f2b-4ba3-8768-0106dee5e0ee,23800,4,2022,45981,automatico,Ibrido,150,Business,Base,,Rivenditore,177,milano,20126,Lombardia,Nord-ovest
Audi A3 A3 Sportback 35 1.5 tfsi s-tronic - !!!PROMOSTAR!!!,https://www.autoscout24.it/annunci/audi-a3-a3-sportback-35-1-5-tfsi-s-tronic-promostar-elettrica-benzina-argento-cat_ma9mo1624-688c1273-9c62-4d60-946b-df4191c8598b,23500,3,2023,50000,automatico,Ibrido,150,Sport,Middle,,Rivenditore,141,adro,25030,Lombardia,Nord-ovest
Audi A3 35 2.0 tdi Business Advanced s-tronic,https://www.autoscout24.it/annunci/audi-a3-35-2-0-tdi-business-advanced-s-tronic-diesel-grigio-cat_ma9mo1624-24a1935a-d0e7-4d91-b108-bc0310b3aa7d,23400,4,2022,99900,automatico,Diesel,150,Business Advanced,Middle,,Rivenditore,64,porto mantovano,46047,Lombardia,Nord-ovest
Audi A3 Sportback 30 1.5 g-tron 131cv S line edition s-tronic,https://www.autoscout24.it/annunci/audi-a3-sportback-30-1-5-g-tron-131cv-s-line-edition-s-tronic-metano-grigio-cat_ma9mo1624-30d9ab9d-e5b4-4428-8df1-28d98e2c4216,23990,5,2021,80000,automatico,Metano,150,S line,Sport,,Rivenditore,170,cernusco sul naviglio,20063,Lombardia,Nord-ovest
"Audi A3 30 TDI S tronic / Audi smarphone interface - Cruise control - Cerchi in lega da 16"" - Virtual cockpit",https://www.autoscout24.it/annunci/audi-a3-30-tdi-s-tronic-audi-smarphone-interface-cruise-control-cerchi-in-lega-da-16-virtual-cockpit-diesel-nero-cat_ma9mo1624-fd4b745c-fd95-4fc9-800e-9c0a855faaa2,23490,3,2023,37896,automatico,Diesel,150,S,Performance,30 TDI,Rivenditore,101,padova,35129,Veneto,Nord-est
Audi A3 SPB 35 TDI S Tronic S line edition S-LINE PROMOZIONE,https://www.autoscout24.it/annunci/audi-a3-spb-35-tdi-s-tronic-s-line-edition-s-line-promozione-diesel-grigio-cat_ma9mo1624-d6532b08-387c-4296-919a-b8c4c56266b0,23900,3,2023,85032,automatico,Diesel,150,S line,Sport,35 TDI,Rivenditore,286,cuneo,12100,Piemonte,Nord-ovest
Audi A3 SPB 35 TFSI MHEV S tronic Sport Advanced 36 MILA KM!!,https://www.autoscout24.it/annunci/audi-a3-spb-35-tfsi-mhev-s-tronic-sport-advanced-36-mila-km-elettrica-benzina-nero-cat_ma9mo1624-b27042dd-d6f6-40dc-bcde-c66712c8a5a1,23400,4,2022,36915,automatico,Ibrido,150,Advanced,Middle,35 TFSI MHEV,Rivenditore,286,cuneo,12100,Piemonte,Nord-ovest
Audi A3 30 TFSI Business Advanced S TRONIC,https://www.autoscout24.it/annunci/audi-a3-30-tfsi-business-advanced-s-tronic-benzina-nero-cat_ma9mo1624-d7a28c8b-d908-496d-a83f-da6ef4e90128,23900,3,2023,55200,automatico,Benzina,150,Business Advanced,Middle,30 TFSI,Rivenditore,222,varese,21100,Lombardia,Nord-ovest
Audi A3 4ª serie - A3 SPB 40 TFSI e S tronic Business,https://www.autoscout24.it/annunci/audi-a3-4-serie-a3-spb-40-tfsi-e-s-tronic-business-elettrica-benzina-nero-cat_ma9mo1624-11a5fc7c-ee09-4a80-b3a2-479fc896feed,23900,4,2022,48442,automatico,Ibrido,150,Business,Base,40 TFSI e,Rivenditore,202,legnano,20025,Lombardia,Nord-ovest
Audi A3 30 2.0 tdi S line edition s-tronic,https://www.autoscout24.it/annunci/audi-a3-30-2-0-tdi-s-line-edition-s-tronic-diesel-blu-azzurro-cat_ma9mo1624-9edd7d33-066f-4f9b-a1f2-6850b2ed9c65,23890,3,2023,59600,automatico,Diesel,150,S line,Sport,,Rivenditore,95,albignasego,35020,Veneto,Nord-est
Audi A3 sportback 30 1.0 tfsi BUSINESS 110 cv s tronic,https://www.autoscout24.it/annunci/audi-a3-sportback-30-1-0-tfsi-business-110-cv-s-tronic-elettrica-benzina-bianco-cat_ma9mo1624-84dbf525-9d81-4684-bbc7-7f04a08966b7,23900,4,2022,40925,automatico,Ibrido,150,Business,Base,,Rivenditore,284,grugliasco,10095,Piemonte,Nord-ovest
Audi A3 35 2.0 tdi Business Advanced s-tronic,https://www.autoscout24.it/annunci/audi-a3-35-2-0-tdi-business-advanced-s-tronic-diesel-grigio-cat_ma9mo1624-a56e217b-5031-4fae-b393-a732b9a95374,23400,4,2022,99900,automatico,Diesel,150,Business Advanced,Middle,,Rivenditore,67,casalmaggiore,26041,Lombardia,Nord-ovest
Audi A3 Sportback 30 2.0 tdi Business,https://www.autoscout24.it/annunci/audi-a3-sportback-30-2-0-tdi-business-diesel-nero-cat_ma9mo1624-09560517-fb78-4d5f-9bbe-b835dc40afe9,23500,4,2022,56867,manuale,Diesel,150,Business,Base,,Rivenditore,263,narni,5035,Umbria,Centro
Audi A3 SPB 30 TFSI S tronic Business Advanced,https://www.autoscout24.it/annunci/audi-a3-spb-30-tfsi-s-tronic-business-advanced-elettrica-benzina-grigio-cat_ma9mo1624-8a9d56c1-0694-489d-b8d7-e5f5b49cb788,23450,3,2023,43665,automatico,Ibrido,150,Business Advanced,Middle,30 TFSI,Rivenditore,159,cassano d adda,20062,Lombardia,Nord-ovest
Audi A3 30 TDI-S-TRONIC+ PAD- NEO PATENTATI- APPLE WIRELESS- CRUISE ADATTIVO- FULL LED- VIRTUAL COCKPIT- LANE ASSIST- GAR.24 MESI,https://www.autoscout24.it/annunci/audi-a3-30-tdi-s-tronic+-pad-neo-patentati-apple-wireless-cruise-adattivo-full-led-virtual-cockpit-lane-assist-gar-24-mesi-diesel-grigio-cat_ma9mo1624-a2d4af8a-d4f1-4a13-a5f6-326af57be71b,23900,5,2021,93000,automatico,Diesel,150,S,Performance,30 TDI,Rivenditore,114,rezzato,25086,Lombardia,Nord-ovest
Audi A3 A3 SPB 30 TFSI,https://www.autoscout24.it/annunci/audi-a3-a3-spb-30-tfsi-benzina-nero-cat_ma9mo1624-47ad8c31-3ed1-4dfe-ba5c-37268db425f5,23400,2,2024,54400,manuale,Benzina,150,S,Performance,30 TFSI,Rivenditore,65,parma,43122,Emilia-Romagna,Nord-est
Audi A3 sportback 30 2.0 tdi business advanced,https://www.autoscout24.it/annunci/audi-a3-sportback-30-2-0-tdi-business-advanced-diesel-grigio-cat_ma9mo1624-2c538c7a-1193-4f22-81df-bde13b6b4226,23600,4,2022,81728,manuale,Diesel,150,Business Advanced,Middle,,Rivenditore,381,frosinone,3100,Lazio,Centro
Audi A3 SPORTBACK 35 TDI S TRONIC S LINE EDITION S.BACK 5 PORTE BERLINA,https://www.autoscout24.it/annunci/audi-a3-sportback-35-tdi-s-tronic-s-line-edition-s-back-5-porte-berlina-diesel-cat_ma9mo1624-b69579b3-775d-4cfb-991f-750c346f8371,23100,5,2021,63717,automatico,Diesel,150,S line,Sport,35 TDI,Rivenditore,22,bentivoglio,40010,Emilia-Romagna,Nord-est
Audi A3 Sportback Sline,https://www.autoscout24.it/annunci/audi-a3-sportback-sline-diesel-blu-azzurro-cat_ma9mo1624-f72888cc-ed27-4245-94b5-43f4642d6717,23500,4,2022,67000,automatico,Diesel,150,S line,Sport,,Privato,126,san giovanni valdarno,52027,Toscana,Centro
Audi A3 Prime Scelta SPB 30 2.0 tdi S line edition s-troni,https://www.autoscout24.it/annunci/audi-a3-prime-scelta-spb-30-2-0-tdi-s-line-edition-s-troni-diesel-nero-cat_ma9mo1624-0085ecfc-4b46-4dde-82e1-40ada1d01136,23200,4,2022,55000,automatico,Diesel,150,S line,Sport,,Privato,25,bologna,40121,Emilia-Romagna,Nord-est
Audi A3 Sportback 35 2.0 tdi S line Edition s-tronic,https://www.autoscout24.it/annunci/audi-a3-sportback-35-2-0-tdi-s-line-edition-s-tronic-diesel-cat_ma9mo1624-7664435d-60f9-40c9-bf64-087a801fe6c4,23700,5,2021,68000,automatico,Diesel,150,S line,Sport,,Privato,276,torino,10143,Piemonte,Nord-ovest
Audi A3 A3 IV 2020 Sportback Sportback 40 1.4 tfsi e Business s-tronic,https://www.autoscout24.it/annunci/audi-a3-a3-iv-2020-sportback-sportback-40-1-4-tfsi-e-business-s-tronic-elettrica-benzina-nero-cat_ma9mo1624-f5add5f7-a90f-4004-acb6-7bef83fb9ba8,24000,3,2023,58000,automatico,Ibrido,150,Business,Base,,Privato,184,gavi,15066,Piemonte,Nord-ovest
Audi A3 A3 Sportback 30 2.0 tdi Business,https://www.autoscout24.it/annunci/audi-a3-a3-sportback-30-2-0-tdi-business-diesel-nero-cat_ma9mo1624-93bb024c-b3ee-4bf3-8ddc-bbcf31719c4a,23500,2,2024,29965,manuale,Diesel,150,Business,Base,,Rivenditore,25,bologna,40138,Emilia-Romagna,Nord-est
Audi A3 A3 Sportback 30 2.0 tdi Business s-tronic,https://www.autoscout24.it/annunci/audi-a3-a3-sportback-30-2-0-tdi-business-s-tronic-diesel-nero-cat_ma9mo1624-d00ae02c-8f81-4ed7-be72-58e8b8fed7b4,23900,3,2023,99000,automatico,Diesel,150,Business,Base,,Privato,326,roma,123,Lazio,Centro
Audi A3 A3 Sedan 35 2.0 tdi S line edition s-tronic,https://www.autoscout24.it/annunci/audi-a3-a3-sedan-35-2-0-tdi-s-line-edition-s-tronic-diesel-blu-azzurro-cat_ma9mo1624-b2e40695-05f6-4825-8e4d-61e533363641,24000,2,2024,78375,automatico,Diesel,150,S line,Sport,,Rivenditore,511,torre annunziata,80058,Campania,Sud
Audi A3 Sportback 35 1.5 tfsi mhev S line edition s-tronic,https://www.autoscout24.it/annunci/audi-a3-sportback-35-1-5-tfsi-mhev-s-line-edition-s-tronic-elettrica-benzina-cat_ma9mo1624-e4534fa0-e637-4324-a01a-fba374f9f23f,23500,6,2020,92000,automatico,Ibrido,150,S line,Sport,,Privato,65,parma,43123,Emilia-Romagna,Nord-est
Audi A3 Sportback 35 1.5 TFSI Business Advanced,https://www.autoscout24.it/annunci/audi-a3-sportback-35-1-5-tfsi-business-advanced-benzina-bianco-cat_ma9mo1624-8bd1290e-4023-4650-a6dc-8867c84f989c,23900,3,2023,34458,manuale,Benzina,150,Business Advanced,Middle,,Rivenditore,121,brescia,25135,Lombardia,Nord-ovest
Audi A3 Sportback 35 1.5 tfsi mhev Business Advanced s-tronic,https://www.autoscout24.it/annunci/audi-a3-sportback-35-1-5-tfsi-mhev-business-advanced-s-tronic-elettrica-benzina-cat_ma9mo1624-cc02a4f5-e1b8-429c-a1f5-66ad598c4d40,23500,5,2021,73000,automatico,Ibrido,150,Business Advanced,Middle,,Privato,188,briosco,20836,Lombardia,Nord-ovest
Audi A3 2.0 Sportback 35 tdi s line,https://www.autoscout24.it/annunci/audi-a3-2-0-sportback-35-tdi-s-line-diesel-nero-cat_ma9mo1624-627451f8-0d4c-45b8-b148-fb46b5bd6451,23500,6,2020,97500,automatico,Diesel,150,S line,Sport,35 TDI,Privato,103,vicenza,36100,Veneto,Nord-est
Audi A3 Sportback 40 1.4 tfsi e S line edition 204cv,https://www.autoscout24.it/annunci/audi-a3-sportback-40-1-4-tfsi-e-s-line-edition-204cv-elettrica-benzina-bianco-cat_ma9mo1624-281a9414-c4d4-4480-8b92-a6c73084b646,23700,4,2022,74990,automatico,Ibrido,150,S line,Sport,,Rivenditore,75,ronco all adige,37055,Veneto,Nord-est
Audi A3 A3 IV 2020 Sportback 30 1.0 tfsi mhev s-tronic,https://www.autoscout24.it/annunci/audi-a3-a3-iv-2020-sportback-30-1-0-tfsi-mhev-s-tronic-elettrica-benzina-argento-cat_ma9mo1624-769cee7f-95f2-405e-a746-ca0655c5d499,23400,3,2023,63000,automatico,Ibrido,150,Sport,Middle,,Rivenditore,120,santorso,36014,Veneto,Nord-est
Audi A3 Sportback 40 2.0 tfsi quattro 190cv s-tronic,https://www.autoscout24.it/annunci/audi-a3-sportback-40-2-0-tfsi-quattro-190cv-s-tronic-benzina-cat_ma9mo1624-05beb3a3-428c-4871-bdd2-aa4f2963b121,23500,6,2020,75000,automatico,Benzina,150,Sport,Middle,,Privato,168,cassina de pecchi,20051,Lombardia,Nord-ovest
Audi A3 Sportback 2.0 TFSI Quattro S Line,https://www.autoscout24.it/annunci/audi-a3-sportback-2-0-tfsi-quattro-s-line-benzina-grigio-cat_ma9mo1624-569f3e6b-b174-4b18-969f-2b7c88870592,23500,6,2020,76500,automatico,Benzina,150,S line,Sport,,Privato,168,cassina de pecchi,20051,Lombardia,Nord-ovest
"Audi A3 35 2.0 tdi Business Advanced s-tronic LED-TETTO-18""",https://www.autoscout24.it/annunci/audi-a3-35-2-0-tdi-business-advanced-s-tronic-led-tetto-18-diesel-nero-cat_ma9mo1624-0db73f7a-1465-4e1d-8edb-e52892cffd9f,23800,4,2022,42400,automatico,Diesel,150,Business Advanced,Middle,,Rivenditore,245,alba,12051,Piemonte,Nord-ovest
Audi A3 A3 Sportback 35 2.0 tdi  s-tronic CAMERA/UNICO PRO,https://www.autoscout24.it/annunci/audi-a3-a3-sportback-35-2-0-tdi-s-tronic-camera-unico-pro-diesel-nero-cat_ma9mo1624-70a6f5e6-096f-480f-afa7-b91742bfd6fa,23900,3,2023,88700,automatico,Diesel,150,Sport,Middle,,Rivenditore,223,merano,39012,Trentino-Alto Adige/Südtirol,Nord-est
Audi A3 A3 Sportback 40 1.4 tfsi e S line,https://www.autoscout24.it/annunci/audi-a3-a3-sportback-40-1-4-tfsi-e-s-line-elettrica-benzina-nero-cat_ma9mo1624-30bfc81d-fd80-4764-9da5-efdb1ba5915b,24000,5,2021,65000,automatico,Ibrido,150,S line,Sport,,Rivenditore,116,borgoricco,35010,Veneto,Nord-est
Audi A3 SPB 35 TFSI Business Advanced,https://www.autoscout24.it/annunci/audi-a3-spb-35-tfsi-business-advanced-benzina-nero-cat_ma9mo1624-1cefd772-3ff0-4df8-8460-602491ddc987,23500,2,2024,23050,manuale,Benzina,150,Business Advanced,Middle,35 TFSI,Rivenditore,135,quinto treviso,31055,Veneto,Nord-est
Audi A3 Sportback 35 2.0 tdi S line Edition s-tronic,https://www.autoscout24.it/annunci/audi-a3-sportback-35-2-0-tdi-s-line-edition-s-tronic-diesel-cat_ma9mo1624-4fe387e0-bc9a-46eb-aa46-311ffb0eda07,23500,3,2023,97000,automatico,Diesel,150,S line,Sport,,Privato,674,statte,74010,Puglia,Sud
Audi A3 SPB 30 TDI S tronic ANCHE NEOPATENTATI,https://www.autoscout24.it/annunci/audi-a3-spb-30-tdi-s-tronic-anche-neopatentati-diesel-nero-cat_ma9mo1624-e2164eda-7519-4cbb-a5c8-e502bc3456a8,23450,4,2022,84229,automatico,Diesel,150,S,Performance,30 TDI,Rivenditore,78,russi,48026,Emilia-Romagna,Nord-est
Audi A3 SPB 30 TFSI S tronic Advanced *PROMO PARISI GROUP*,https://www.autoscout24.it/annunci/audi-a3-spb-30-tfsi-s-tronic-advanced-promo-parisi-group-elettrica-benzina-nero-cat_ma9mo1624-c4cdab7c-317c-475a-9d4f-15726e477926,23890,3,2023,22000,automatico,Ibrido,150,Advanced,Middle,30 TFSI,Rivenditore,178,monza,20900,Lombardia,Nord-ovest
Audi A3 SPB 40TFSIe Stronic 204cv Navi Adap.Cruise FariLED,https://www.autoscout24.it/annunci/audi-a3-spb-40tfsie-stronic-204cv-navi-adap-cruise-fariled-elettrica-benzina-grigio-cat_ma9mo1624-68287f72-6775-46e4-a549-9266305bec03,23700,4,2022,60000,automatico,Ibrido,150,S,Performance,40 TFSI e,Rivenditore,121,brescia,25126,Lombardia,Nord-ovest
Audi A3 Audi A3 8y Sline,https://www.autoscout24.it/annunci/audi-a3-audi-a3-8y-sline-diesel-cat_ma9mo1624-7f5562d9-53c4-4c29-a58c-ff06bf0810c9,24000,4,2022,140000,automatico,Diesel,150,S line,Sport,,Privato,554,canosa puglia,76012,Puglia,Sud
Audi A3 A3 SPB 30 2.0 TDI S-tronic S-Line edition,https://www.autoscout24.it/annunci/audi-a3-a3-spb-30-2-0-tdi-s-tronic-s-line-edition-diesel-grigio-cat_ma9mo1624-166c6cd0-993a-41bb-80ec-765fce8a3295,23700,3,2023,93000,automatico,Diesel,150,S line,Sport,,Privato,405,vasto,66054,Abruzzo,Sud
Audi A3 SPortback 30 S Line 2.0 TDI 115CV S tronic Edition,https://www.autoscout24.it/annunci/audi-a3-sportback-30-s-line-2-0-tdi-115cv-s-tronic-edition-diesel-grigio-cat_ma9mo1624-ed9e6116-f06c-42b2-9a71-57b0e766e2ef,23890,4,2022,88718,automatico,Diesel,150,S line,Sport,,Rivenditore,852,camporotondo etneo,95040,Sicilia,Isole
"Audi A3 A3 IV 2020 Sportback 35 2.0 tdi S-LINE interno cerchi x18""",https://www.autoscout24.it/annunci/audi-a3-a3-iv-2020-sportback-35-2-0-tdi-s-line-interno-cerchi-x18-diesel-bianco-cat_ma9mo1624-07718843-95fb-4dbc-b015-722ba2d99b9a,23500,3,2023,82500,automatico,Diesel,150,S line,Sport,,Rivenditore,74,este,35042,Veneto,Nord-est
Audi A3 Sportback 35 2.0 tdi Business s-tronic,https://www.autoscout24.it/annunci/audi-a3-sportback-35-2-0-tdi-business-s-tronic-diesel-cat_ma9mo1624-eb2a5800-b055-4cb8-83db-8c1df2849e6e,24000,5,2021,64000,automatico,Diesel,150,Business,Base,,Privato,500,somma vesuviana,80049,Campania,Sud
Audi A3 30 TDI S-LINE C.AUTOMATICO SEDILI SPORTIVI CARPLAY,https://www.autoscout24.it/annunci/audi-a3-30-tdi-s-line-c-automatico-sedili-sportivi-carplay-diesel-bianco-cat_ma9mo1624-e5c7853b-bc62-47cb-8f46-a70a9171e897,23800,4,2022,97000,automatico,Diesel,150,S line,Sport,30 TDI,Rivenditore,121,brescia,25126,Lombardia,Nord-ovest
Audi A3 Sportback 35 2.0 tdi Business s-tronic,https://www.autoscout24.it/annunci/audi-a3-sportback-35-2-0-tdi-business-s-tronic-diesel-grigio-cat_ma9mo1624-0a700db8-2546-432d-881f-4551fe37973f,23850,4,2022,62000,automatico,Diesel,150,Business,Base,,Rivenditore,482,maddaloni,81024,Campania,Sud
Audi A3 A3 IV 2020 Sportback Sportback 35 2.0 tdi Business Advanced s-tronic,https://www.autoscout24.it/annunci/audi-a3-a3-iv-2020-sportback-sportback-35-2-0-tdi-business-advanced-s-tronic-diesel-nero-cat_ma9mo1624-42ab7bcb-319c-4af6-bdb7-4da2cbb2587c,24000,6,2020,97500,automatico,Diesel,150,Business Advanced,Middle,,Privato,160,citta castello,6012,Umbria,Centro
Audi A3 Sportback 35 1.5 tfsi SPORTLINE 150cv Prezzo Reale VETTURA IN ARRIVO,https://www.autoscout24.it/annunci/audi-a3-sportback-35-1-5-tfsi-sportline-150cv-prezzo-reale-vettura-in-arrivo-benzina-bianco-cat_ma9mo1624-3e12d9e6-db91-4e3d-9415-a144d4b90408,23900,5,2021,7600,manuale,Benzina,150,Sport,Middle,,Rivenditore,190,lecco,23900,Lombardia,Nord-ovest
Audi A3 Sedan 35 1.5 tfsi mhev Business Advanced s-tronic,https://www.autoscout24.it/annunci/audi-a3-sedan-35-1-5-tfsi-mhev-business-advanced-s-tronic-elettrica-benzina-cat_ma9mo1624-f510a146-fc57-4664-82f6-ba4156d5df62,24000,4,2022,54000,automatico,Ibrido,150,Business Advanced,Middle,,Privato,163,albera ligure,15060,Piemonte,Nord-ovest
Audi A3 Sportback 30 2.0 TDI Business s-tronic,https://www.autoscout24.it/annunci/audi-a3-sportback-30-2-0-tdi-business-s-tronic-diesel-bianco-cat_ma9mo1624-73ddf2fb-17ec-4cab-b1cc-94eac545d67d,23900,4,2022,54800,automatico,Diesel,150,Business,Base,,Rivenditore,276,torino,10126,Piemonte,Nord-ovest
Audi A3 SPB 35 TFSI 150CV Sport Advanced 17 MILA KM!!,https://www.autoscout24.it/annunci/audi-a3-spb-35-tfsi-150cv-sport-advanced-17-mila-km-benzina-nero-cat_ma9mo1624-1a9b0703-7b9c-4c89-9fd7-153224b98bc9,23450,3,2023,17389,manuale,Benzina,150,Advanced,Middle,35 TFSI,Rivenditore,286,cuneo,12100,Piemonte,Nord-ovest
Audi A3 A3 IV 2020 Sportback Sportback 30 2.0 tdi Business,https://www.autoscout24.it/annunci/audi-a3-a3-iv-2020-sportback-sportback-30-2-0-tdi-business-diesel-nero-cat_ma9mo1624-7cc07502-d6c5-4211-8d04-3b1fc1c4e41a,24000,2,2024,53000,manuale,Diesel,150,Business,Base,,Privato,42,ferrara,44124,Emilia-Romagna,Nord-est
Audi A3 A3 Sportback 35 2.0 tdi S line edition,https://www.autoscout24.it/annunci/audi-a3-a3-sportback-35-2-0-tdi-s-line-edition-diesel-cat_ma9mo1624-9e8d7c4d-8ea9-43ad-bf24-c1f7098839b3,23877,5,2021,66827,manuale,Diesel,150,S line,Sport,,Privato,326,roma,125,Lazio,Centro
Audi A3 SPB 40 TFSI e S tronic S line edition,https://www.autoscout24.it/annunci/audi-a3-spb-40-tfsi-e-s-tronic-s-line-edition-elettrica-benzina-argento-cat_ma9mo1624-33c878d7-7cdf-47f9-8590-a93cba304aa8,23200,4,2022,92000,automatico,Ibrido,150,S line,Sport,40 TFSI e,Rivenditore,65,parma,43126,Emilia-Romagna,Nord-est
Audi A3 30 TDI S-tronic S Line Edition,https://www.autoscout24.it/annunci/audi-a3-30-tdi-s-tronic-s-line-edition-diesel-grigio-cat_ma9mo1624-09d30fa1-4e84-4d71-aafb-73e95da18607,23790,3,2023,67730,automatico,Diesel,150,S line,Sport,30 TDI,Rivenditore,196,robecco sul naviglio,20087,Lombardia,Nord-ovest
Audi A3 Sportback 40 1.4 tfsi e Business Advanced s-tronic,https://www.autoscout24.it/annunci/audi-a3-sportback-40-1-4-tfsi-e-business-advanced-s-tronic-elettrica-benzina-cat_ma9mo1624-95e435f1-e655-49c7-b8d9-cea8838fabe1,23900,5,2021,47255,automatico,Ibrido,150,Business Advanced,Middle,,Privato,121,piacenza,29122,Emilia-Romagna,Nord-est
Audi A3 A3 SPB 30 TDI S tronic Business,https://www.autoscout24.it/annunci/audi-a3-a3-spb-30-tdi-s-tronic-business-diesel-nero-cat_ma9mo1624-ed8464aa-48e7-4ab0-ae46-556fc2bc2706,23400,4,2022,48166,automatico,Diesel,150,Business,Base,30 TDI,Rivenditore,65,parma,43122,Emilia-Romagna,Nord-est
Audi A3 A3 IV 2020 Sportback Sportback 30 2.0 tdi Business Advanced,https://www.autoscout24.it/annunci/audi-a3-a3-iv-2020-sportback-sportback-30-2-0-tdi-business-advanced-diesel-argento-cat_ma9mo1624-61f9a9ff-49e7-4457-9a00-7989536d3f1a,23900,3,2023,65500,manuale,Diesel,150,Business Advanced,Middle,,Privato,476,caserta,81100,Campania,Sud
Audi A3 A3 Sportback 35 2.0 tdi s-tronic,https://www.autoscout24.it/annunci/audi-a3-a3-sportback-35-2-0-tdi-s-tronic-diesel-argento-cat_ma9mo1624-44f2b8a0-89e3-418d-a467-5b853d412fed,23900,4,2022,90000,automatico,Diesel,150,Sport,Middle,,Privato,473,santa maria capua vetere,81055,Campania,Sud
Audi A3 30 TDI Limousine S tronic,https://www.autoscout24.it/annunci/audi-a3-30-tdi-limousine-s-tronic-diesel-cat_ma9mo1624-e0b02aaa-b8aa-4442-8262-ee0967c15510,23900,4,2022,68000,automatico,Diesel,150,S,Performance,30 TDI,Privato,162,bergamo,24125,Lombardia,Nord-ovest
Audi A3 30 TFSI Mild-Hybrid Advanced  S tronic MHEV,https://www.autoscout24.it/annunci/audi-a3-30-tfsi-mild-hybrid-advanced-s-tronic-mhev-elettrica-benzina-blu-azzurro-cat_ma9mo1624-400eda89-df4f-4627-bea1-9c87198b14a5,23199,2,2024,64819,automatico,Ibrido,150,Advanced,Middle,30 TFSI,Rivenditore,25,bologna,40131,Emilia-Romagna,Nord-est
Audi A3 30 g-tron S tronic Business,https://www.autoscout24.it/annunci/audi-a3-30-g-tron-s-tronic-business-metano-blu-azzurro-cat_ma9mo1624-79918fdc-a061-4d39-bfda-9a9ee225af25,23900,3,2023,75029,automatico,Metano,150,Business,Base,,Rivenditore,25,bologna,40138,Emilia-Romagna,Nord-est
Audi A3 Sportback 30 2.0 tdi S line edition s-tronic IVA ESPOSTA,https://www.autoscout24.it/annunci/audi-a3-sportback-30-2-0-tdi-s-line-edition-s-tronic-iva-esposta-diesel-cat_ma9mo1624-9fc4f41e-f9db-4035-a4c2-9a684846f01f,23900,3,2023,100606,automatico,Diesel,150,S line,Sport,,Rivenditore,225,vercelli,13100,Piemonte,Nord-ovest
Audi A3 A3 IV Sportback Sportback 35 1.5 tfsi mhev Business Advanced s-tronic,https://www.autoscout24.it/annunci/audi-a3-a3-iv-sportback-sportback-35-1-5-tfsi-mhev-business-advanced-s-tronic-elettrica-benzina-grigio-cat_ma9mo1624-3ced5b25-ce6d-44c2-b60e-94e9321eb9f8,23900,6,2020,72551,automatico,Ibrido,150,Business Advanced,Middle,,Rivenditore,108,caorso,29012,Emilia-Romagna,Nord-est
Audi A3 A3 SPB 35 TDI S TRONIC S LINE EDITION 110KW,https://www.autoscout24.it/annunci/audi-a3-a3-spb-35-tdi-s-tronic-s-line-edition-110kw-diesel-blu-azzurro-cat_ma9mo1624-44548915-b8b8-4bb2-87d3-033a1714be68,23990,5,2021,74000,automatico,Diesel,150,S line,Sport,35 TDI,Rivenditore,270,settimo torinese,10036,Piemonte,Nord-ovest
Audi A3 Sportback 35 2.0 tdi Business Advanced s-tronic,https://www.autoscout24.it/annunci/audi-a3-sportback-35-2-0-tdi-business-advanced-s-tronic-diesel-cat_ma9mo1624-b4ab5de4-c6d8-488b-a319-89bda1e972c6,23500,3,2023,84999,automatico,Diesel,150,Business Advanced,Middle,,Privato,623,quartu sant elena,9045,Sardegna,Isole
Audi A3 Sportback 40 2.0 tfsi Sport quattro 190cv s-tronic,https://www.autoscout24.it/annunci/audi-a3-sportback-40-2-0-tfsi-sport-quattro-190cv-s-tronic-benzina-argento-cat_ma9mo1624-ae28831b-5266-4bce-b56c-4002e1e0372d,24000,6,2020,90000,automatico,Benzina,150,Sport,Middle,,Privato,100,santa sofia,47018,Emilia-Romagna,Nord-est
Audi A3 SPORTBACK 30 TDI S tr. Business C/GRIMALDI SP.DAY,https://www.autoscout24.it/annunci/audi-a3-sportback-30-tdi-s-tr-business-c-grimaldi-sp-day-diesel-grigio-cat_ma9mo1624-01962d58-b641-4886-9e0e-1d5e613b882d,23900,3,2023,34059,automatico,Diesel,150,Business,Base,30 TDI,Rivenditore,193,vigevano,27029,Lombardia,Nord-ovest
Audi A3 30 2.0 tdi Business Advanced s-tronic,https://www.autoscout24.it/annunci/audi-a3-30-2-0-tdi-business-advanced-s-tronic-diesel-grigio-cat_ma9mo1624-ac9cb658-d864-4360-8165-af13040edbc8,23500,3,2023,78660,automatico,Diesel,150,Business Advanced,Middle,,Rivenditore,121,brescia,25124,Lombardia,Nord-ovest
Audi A3 SPB 30 TFSI SPORTBACK S tronic black edition NAVI,https://www.autoscout24.it/annunci/audi-a3-spb-30-tfsi-sportback-s-tronic-black-edition-navi-elettrica-benzina-nero-cat_ma9mo1624-1ef0aa00-7c31-43d0-9428-7cfff7af64ea,23999,2,2024,85000,automatico,Ibrido,150,Sport,Middle,30 TFSI,Rivenditore,475,casagiove,81022,Campania,Sud
Audi A3 Sline Sportback,https://www.autoscout24.it/annunci/audi-a3-sline-sportback-elettrica-benzina-bianco-cat_ma9mo1624-854d200b-91d1-44e9-a286-26c9cfe1dd21,24000,5,2021,102000,automatico,Ibrido,150,S line,Sport,,Privato,92,brendola,36040,Veneto,Nord-est
Audi A3 Sportback  1.4 tfsi SPORT  S-tronic plug in IBRIDA E RICARICA!,https://www.autoscout24.it/annunci/audi-a3-sportback-1-4-tfsi-sport-s-tronic-plug-in-ibrida-e-ricarica-elettrica-benzina-bianco-cat_ma9mo1624-b18b2033-57ba-421b-a151-2b3f841797c9,24000,3,2023,62000,automatico,Ibrido,150,Sport,Middle,,Rivenditore,6,crevalcore,40014,Emilia-Romagna,Nord-est
Audi A3 SPB 30 TDI S tronic Business Advanced,https://www.autoscout24.it/annunci/audi-a3-spb-30-tdi-s-tronic-business-advanced-diesel-bianco-cat_ma9mo1624-61e19d7f-5d01-462f-8144-314bb69331eb,23900,3,2023,70000,automatico,Diesel,150,Business Advanced,Middle,30 TDI,Rivenditore,141,treviso,31100,Veneto,Nord-est
Audi A3 30 1.0 TFSI 116 AUT. SPORTBACK - 354€/Mese!,https://www.autoscout24.it/annunci/audi-a3-30-1-0-tfsi-116-aut-sportback-354e-mese-benzina-grigio-cat_ma9mo1624-70ef8181-53f6-4925-a99f-357fc702c124,23900,3,2023,45682,automatico,Benzina,150,Sport,Middle,,Rivenditore,184,paderno dugnano,20037,Lombardia,Nord-ovest
Audi A3 Audi A3 Sportback Allestimento Busines Advance,https://www.autoscout24.it/annunci/audi-a3-audi-a3-sportback-allestimento-busines-advance-diesel-cat_ma9mo1624-187542c4-223b-4d81-bb11-bf5663ab665a,23500,4,2022,55000,automatico,Diesel,150,Sport,Middle,,Privato,499,pannarano,82017,Campania,Sud
Audi A3 A3 SPB 30 TDI S tronic Business,https://www.autoscout24.it/annunci/audi-a3-a3-spb-30-tdi-s-tronic-business-diesel-argento-cat_ma9mo1624-4a734973-e3e3-4e3d-9a6a-67f6651e6da7,23400,4,2022,42941,automatico,Diesel,150,Business,Base,30 TDI,Rivenditore,65,parma,43122,Emilia-Romagna,Nord-est
Audi A3 sportback 30 1.5 g-tron business advanced s-tronic,https://www.autoscout24.it/annunci/audi-a3-sportback-30-1-5-g-tron-business-advanced-s-tronic-metano-argento-cat_ma9mo1624-0e450a50-f3f7-4d40-8b26-d5881ea7167a,23500,5,2021,86484,automatico,Metano,150,Business Advanced,Middle,,Rivenditore,101,padova,35127,Veneto,Nord-est
Audi A3 S LINE S TRONIC BLACK PACK,https://www.autoscout24.it/annunci/audi-a3-s-line-s-tronic-black-pack-diesel-nero-cat_ma9mo1624-4fd12239-39af-46d5-88ba-f26ca05369eb,23600,3,2023,105000,automatico,Diesel,150,S line,Sport,,Privato,326,roma,123,Lazio,Centro
Audi A3 Sportback 40 1.4 tfsi e Business Advanced s-tronic,https://www.autoscout24.it/annunci/audi-a3-sportback-40-1-4-tfsi-e-business-advanced-s-tronic-elettrica-benzina-cat_ma9mo1624-3ff0342a-afdf-4759-a247-b9d4468b0798,24000,5,2021,86000,automatico,Ibrido,150,Business Advanced,Middle,,Privato,175,cologno monzese,20093,Lombardia,Nord-ovest
Audi A3 A3 IV 2020 SportbackSportback 30 1.5 g-tron Business Advanced s-tronic,https://www.autoscout24.it/annunci/audi-a3-a3-iv-2020-sportbacksportback-30-1-5-g-tron-business-advanced-s-tronic-metano-nero-cat_ma9mo1624-7a136e70-c24f-4c53-a1fb-395bbe05dbaf,24000,5,2021,70000,automatico,Metano,150,Business Advanced,Middle,,Privato,319,fonte nuova,13,Lazio,Centro
Audi A3 Sportback 2.0 tdi 150CV  Business Advanced s-tronic,https://www.autoscout24.it/annunci/audi-a3-sportback-2-0-tdi-150cv-business-advanced-s-tronic-diesel-grigio-cat_ma9mo1624-54ad4ac6-93ba-4a6d-842b-98b4da2eb286,24000,4,2022,53000,automatico,Diesel,150,Business Advanced,Middle,,Rivenditore,87,forli,47122,Emilia-Romagna,Nord-est
Audi A3 SPB 40 TFSI e S tronic PHEV Business Advanced,https://www.autoscout24.it/annunci/audi-a3-spb-40-tfsi-e-s-tronic-phev-business-advanced-elettrica-benzina-nero-cat_ma9mo1624-d083fb00-74d6-4fa6-8b87-6bb2e6209247,23900,5,2021,63000,automatico,Ibrido,150,Business Advanced,Middle,40 TFSI e,Rivenditore,571,capaccio paestum,84047,Campania,Sud
Audi A3 sportback 2.0 tdi business advanced 150cv s-tronic,https://www.autoscout24.it/annunci/audi-a3-sportback-2-0-tdi-business-advanced-150cv-s-tronic-diesel-bianco-cat_ma9mo1624-da85577e-4b29-460a-be2b-2593904749f8,23900,2,2024,116519,automatico,Diesel,150,Business Advanced,Middle,,Rivenditore,226,udine,33100,Friuli-Venezia Giulia,Nord-est
Audi A3 A3 Sportback 30 1.0 tfsi mhev Business Advanced s-,https://www.autoscout24.it/annunci/audi-a3-a3-sportback-30-1-0-tfsi-mhev-business-advanced-s-elettrica-benzina-blu-azzurro-cat_ma9mo1624-d9060e93-6fb0-4b33-a98a-77d613d6e507,23490,3,2023,70000,automatico,Ibrido,150,Business Advanced,Middle,,Rivenditore,210,olgiate comasco,22077,Lombardia,Nord-ovest
Audi A3 A3 Sportback 35 2.0 tdi Business s-tronic,https://www.autoscout24.it/annunci/audi-a3-a3-sportback-35-2-0-tdi-business-s-tronic-diesel-argento-cat_ma9mo1624-51f1df09-6597-46d7-a9ad-b81a786c2492,23200,6,2020,62000,automatico,Diesel,150,Business,Base,,Rivenditore,412,campodimele,4020,Lazio,Centro
Audi A3 Sportback 35 1.5 tfsi Business Advanced,https://www.autoscout24.it/annunci/audi-a3-sportback-35-1-5-tfsi-business-advanced-benzina-cat_ma9mo1624-f71213d7-88b0-48e3-af20-104cf9ad8f42,24000,4,2022,76207,manuale,Benzina,150,Business Advanced,Middle,,Privato,164,cessalto,31040,Veneto,Nord-est
Audi A3 30 TFSI Mild-Hybrid Advanced  S tronic MHEV,https://www.autoscout24.it/annunci/audi-a3-30-tfsi-mild-hybrid-advanced-s-tronic-mhev-elettrica-benzina-blu-azzurro-cat_ma9mo1624-6c967731-48ac-4ee5-b570-21e649e0e4c1,23199,2,2024,64819,automatico,Ibrido,150,Advanced,Middle,30 TFSI,Rivenditore,86,verona,37135,Veneto,Nord-est
Audi A3 30 1.0 TFSI 116 AUT. SPORTBACK - 354€/Mese!,https://www.autoscout24.it/annunci/audi-a3-30-1-0-tfsi-116-aut-sportback-354e-mese-benzina-grigio-cat_ma9mo1624-2fb1ab65-65e2-476f-998e-a1e2336a5e30,23900,3,2023,45682,automatico,Benzina,150,Sport,Middle,,Rivenditore,511,torre annunziata,80058,Campania,Sud
Audi A3 4ª serie - A3 SPB 40 TFSI e S tronic Business,https://www.autoscout24.it/annunci/audi-a3-4-serie-a3-spb-40-tfsi-e-s-tronic-business-elettrica-benzina-grigio-cat_ma9mo1624-b292da2e-2836-4bc2-a238-c8076356c66f,23900,4,2022,43033,automatico,Ibrido,150,Business,Base,40 TFSI e,Rivenditore,202,legnano,20025,Lombardia,Nord-ovest
Audi A3 SPB30 2.0 tdi Business Advanced UNICO PROPRIETARIO,https://www.autoscout24.it/annunci/audi-a3-spb30-2-0-tdi-business-advanced-unico-proprietario-diesel-nero-cat_ma9mo1624-1a04206c-1328-4307-8c6b-48951b679a72,23390,4,2022,57000,manuale,Diesel,150,Business Advanced,Middle,,Rivenditore,161,lamon,32033,Veneto,Nord-est
Audi A3 SPB 40 TFSI e S-Tronic Business Advanced Plug-In,https://www.autoscout24.it/annunci/audi-a3-spb-40-tfsi-e-s-tronic-business-advanced-plug-in-elettrica-benzina-blu-azzurro-cat_ma9mo1624-df153571-d037-4acc-88d0-b9fe07b630f3,23900,4,2022,49000,automatico,Ibrido,150,Business Advanced,Middle,40 TFSI e,Rivenditore,99,firenze,50142,Toscana,Centro
Audi A3 A3 IV 2020 Sportback Sportback 35 2.0 tdi Edition One s-tronic,https://www.autoscout24.it/annunci/audi-a3-a3-iv-2020-sportback-sportback-35-2-0-tdi-edition-one-s-tronic-diesel-grigio-cat_ma9mo1624-7115d0d1-d2c4-43d2-b6f4-1b1c00af17d9,23500,4,2022,69000,automatico,Diesel,150,Sport,Middle,,Rivenditore,798,gioia tauro,89013,Calabria,Sud
Audi A3 40 TFSIe advanced,https://www.autoscout24.it/annunci/audi-a3-40-tfsie-advanced-elettrica-benzina-nero-cat_ma9mo1624-0f5f3aea-bedc-49aa-b131-d89ee22c3af8,23899,5,2021,48333,automatico,Ibrido,150,Advanced,Middle,40 TFSI e,Rivenditore,177,milano,20155,Lombardia,Nord-ovest
Audi A3 Sportback 30 1.5 G-Tron S Line Edition S-Tronic,https://www.autoscout24.it/annunci/audi-a3-sportback-30-1-5-g-tron-s-line-edition-s-tronic-metano-rosso-cat_ma9mo1624-d76dbe67-c8f7-496f-a3d5-0d67e75c119d,23500,5,2021,61400,automatico,Metano,150,S line,Sport,,Rivenditore,196,alserio,22040,Lombardia,Nord-ovest
Audi A3 40 TFSIe advanced,https://www.autoscout24.it/annunci/audi-a3-40-tfsie-advanced-elettrica-benzina-nero-cat_ma9mo1624-270ff4e6-f713-444b-9600-b3bad2690e4a,23899,5,2021,48333,automatico,Ibrido,150,Advanced,Middle,40 TFSI e,Rivenditore,326,roma,169,Lazio,Centro
Audi A3 30 TFSI Business,https://www.autoscout24.it/annunci/audi-a3-30-tfsi-business-benzina-blu-azzurro-cat_ma9mo1624-36d4b73f-6867-43fa-8342-a6fbbbe58202,23900,4,2022,6810,manuale,Benzina,150,Business,Base,30 TFSI,Rivenditore,270,san mauro torinese,10099,Piemonte,Nord-ovest
Audi A3 A3 Sportback 35 1.5 tfsi Business,https://www.autoscout24.it/annunci/audi-a3-a3-sportback-35-1-5-tfsi-business-benzina-bianco-cat_ma9mo1624-affe86dc-420c-47df-83a0-9e151821bf11,23500,5,2021,64000,manuale,Benzina,150,Business,Base,,Privato,177,genova,16131,Liguria,Nord-ovest
Audi A3 Sportback 30 1.0 tfsi mhev S line edition s-tronic,https://www.autoscout24.it/annunci/audi-a3-sportback-30-1-0-tfsi-mhev-s-line-edition-s-tronic-elettrica-benzina-cat_ma9mo1624-53d0148c-e34b-45ed-ac6f-5cd0f92d6b92,23490,3,2023,74000,automatico,Ibrido,150,S line,Sport,,Rivenditore,210,olgiate comasco,22077,Lombardia,Nord-ovest
Audi A3 A3 IV 2020 Sportback Sportback 35 2.0 tdi Business Advanced s-tronic,https://www.autoscout24.it/annunci/audi-a3-a3-iv-2020-sportback-sportback-35-2-0-tdi-business-advanced-s-tronic-diesel-argento-cat_ma9mo1624-0e1e2840-9d75-4342-bbad-9f85110ec594,24000,2,2024,100000,automatico,Diesel,150,Business Advanced,Middle,,Privato,65,parma,43122,Emilia-Romagna,Nord-est
Audi A3 Sportback 30 2.0 tdi Business Advanced s-tronic,https://www.autoscout24.it/annunci/audi-a3-sportback-30-2-0-tdi-business-advanced-s-tronic-diesel-grigio-cat_ma9mo1624-cef6303d-875e-457e-ba7b-c87e6afcf4e2,24000,3,2023,76215,automatico,Diesel,150,Business Advanced,Middle,,Rivenditore,620,adelfia,70010,Puglia,Sud
Audi A3 Sportback 30 2.0 tdi S line edition s-tronic,https://www.autoscout24.it/annunci/audi-a3-sportback-30-2-0-tdi-s-line-edition-s-tronic-diesel-cat_ma9mo1624-aea07ab4-3d1c-40d7-b7d5-5ad997f79f64,24000,3,2023,87000,automatico,Diesel,150,S line,Sport,,Rivenditore,461,camigliano,81050,Campania,Sud
Audi A3 Sportback 35 2.0 tdi Business Advanced s-tronic,https://www.autoscout24.it/annunci/audi-a3-sportback-35-2-0-tdi-business-advanced-s-tronic-diesel-nero-cat_ma9mo1624-d0cdeb3f-bf4b-48a4-a03e-c7058c5ef8ee,23200,4,2022,155000,automatico,Diesel,150,Business Advanced,Middle,,Privato,255,montegranaro,63812,Marche,Centro
"Audi A3 SPORTBACK 30 E TFSI S tr. Bus. Advan. 18"" MILD HYB",https://www.autoscout24.it/annunci/audi-a3-sportback-30-e-tfsi-s-tr-bus-advan-18-mild-hyb-elettrica-benzina-grigio-cat_ma9mo1624-e3124a5e-7738-4700-bf18-12367cf0f1f6,23900,3,2023,55112,automatico,Ibrido,150,Sport,Middle,,Rivenditore,193,vigevano,27029,Lombardia,Nord-ovest
Audi A3 A3 SPB 30 TDI S tronic Business,https://www.autoscout24.it/annunci/audi-a3-a3-spb-30-tdi-s-tronic-business-diesel-argento-cat_ma9mo1624-69794b88-9997-463e-86fd-6cfbd0f414c5,23400,4,2022,42941,automatico,Diesel,150,Business,Base,30 TDI,Rivenditore,177,milano,20157,Lombardia,Nord-ovest
Audi A3 SPB 30 TFSI SPORTBACK S tronic black edition NAVI,https://www.autoscout24.it/annunci/audi-a3-spb-30-tfsi-sportback-s-tronic-black-edition-navi-benzina-nero-cat_ma9mo1624-c81e1ace-85fd-4219-bc33-4a9fac254170,23999,2,2024,85000,automatico,Benzina,150,Sport,Middle,30 TFSI,Rivenditore,475,casagiove,81022,Campania,Sud
Audi A3 A3 35 2.0 tdi Business Advanced s-tronic,https://www.autoscout24.it/annunci/audi-a3-a3-35-2-0-tdi-business-advanced-s-tronic-diesel-bianco-cat_ma9mo1624-808c22af-8eb0-426d-b9b6-09dc94d5f1da,24000,6,2020,125000,automatico,Diesel,150,Business Advanced,Middle,,Privato,764,lamezia terme,88046,Calabria,Sud
Audi A3 A3 IV 2020 Sportback Sportback 30 1.5 g-tron Business Advanced s-tronic,https://www.autoscout24.it/annunci/audi-a3-a3-iv-2020-sportback-sportback-30-1-5-g-tron-business-advanced-s-tronic-metano-cat_ma9mo1624-5b2b3e9f-a747-4cc4-b1c4-d0b13ab9aae5,24000,5,2021,120000,automatico,Metano,150,Business Advanced,Middle,,Privato,315,l aquila,67100,Abruzzo,Sud
Audi A3 Sportback 30 2.0 tdi s-tronic,https://www.autoscout24.it/annunci/audi-a3-sportback-30-2-0-tdi-s-tronic-diesel-cat_ma9mo1624-9856b02b-c6b4-4eeb-a009-6a2f82a80c68,23300,5,2021,97000,automatico,Diesel,150,Sport,Middle,,Privato,724,rende,87036,Calabria,Sud
Audi A3 Sportback 30 2.0 tdi Business Advanced,https://www.autoscout24.it/annunci/audi-a3-sportback-30-2-0-tdi-business-advanced-diesel-cat_ma9mo1624-5835dcf9-41b4-4ce2-88cc-a19ac7a2250c,24000,4,2022,48000,manuale,Diesel,150,Business Advanced,Middle,,Privato,807,messina,98149,Sicilia,Isole
Audi A3 SPB 35 TDI S tronic Admired,https://www.autoscout24.it/annunci/audi-a3-spb-35-tdi-s-tronic-admired-diesel-grigio-cat_ma9mo1624-959eedfe-a4ab-4b0e-9ff6-57b825d3b2bf,23500,6,2020,59120,automatico,Diesel,150,S,Performance,35 TDI,Rivenditore,628,cagliari,9129,Sardegna,Isole
Audi A3 35 TDI S tronic Business,https://www.autoscout24.it/annunci/audi-a3-35-tdi-s-tronic-business-diesel-bianco-cat_ma9mo1624-8b366428-ffe9-4bcf-a283-2f88073cb8bc,23300,4,2022,84390,automatico,Diesel,150,Business,Base,35 TDI,Rivenditore,104,lucca,55100,Toscana,Centro
Audi A3 Sportback 35 1.5 tfsi mhev S line edition s-tronic,https://www.autoscout24.it/annunci/audi-a3-sportback-35-1-5-tfsi-mhev-s-line-edition-s-tronic-elettrica-benzina-cat_ma9mo1624-7aa80c99-09eb-4b51-978c-d9f1b77dd8e3,24000,4,2022,99990,automatico,Ibrido,150,S line,Sport,,Privato,683,taranto,74121,Puglia,Sud
Audi A3 30 TFSI Mild-Hybrid Advanced  S tronic MHEV,https://www.autoscout24.it/annunci/audi-a3-30-tfsi-mild-hybrid-advanced-s-tronic-mhev-elettrica-benzina-blu-azzurro-cat_ma9mo1624-c2199ae2-de5d-4dea-8f75-b607b11510f7,23199,2,2024,64819,automatico,Ibrido,150,Advanced,Middle,30 TFSI,Rivenditore,283,beinasco,10092,Piemonte,Nord-ovest
Audi A3 A3 IV 2020 Sportback Sportback 30 2.0 tdi S line edition,https://www.autoscout24.it/annunci/audi-a3-a3-iv-2020-sportback-sportback-30-2-0-tdi-s-line-edition-diesel-grigio-cat_ma9mo1624-0cdc4ac0-9852-4f0c-9f80-ac42548bc17f,23500,5,2021,149000,manuale,Diesel,150,S line,Sport,,Rivenditore,796,rosarno,89025,Calabria,Sud
Audi A3 30 TDI S tronic Business,https://www.autoscout24.it/annunci/audi-a3-30-tdi-s-tronic-business-diesel-blu-azzurro-cat_ma9mo1624-2a37132b-c5d8-44d5-abdb-565683e12aae,23800,2,2024,42000,automatico,Diesel,150,Business,Base,30 TDI,Rivenditore,5,san giovanni persiceto,40017,Emilia-Romagna,Nord-est
Audi A3 A3Sportback 35 1.5 tfsi mhev S line s-tronic,https://www.autoscout24.it/annunci/audi-a3-a3sportback-35-1-5-tfsi-mhev-s-line-s-tronic-elettrica-benzina-nero-cat_ma9mo1624-d79cb1c9-baf1-41ec-bfa2-c028d8ac99d6,23700,4,2022,98000,automatico,Ibrido,150,S line,Sport,,Rivenditore,210,bastia umbra,6083,Umbria,Centro
Audi A3 30 TFSI Mild-Hybrid Advanced  S tronic MHEV,https://www.autoscout24.it/annunci/audi-a3-30-tfsi-mild-hybrid-advanced-s-tronic-mhev-elettrica-benzina-blu-azzurro-cat_ma9mo1624-eff94bdf-ce79-4659-8f49-4da252da5415,23199,2,2024,64819,automatico,Ibrido,150,Advanced,Middle,30 TFSI,Rivenditore,326,roma,169,Lazio,Centro
Audi A3 Sportback 30 1.0 tfsi mhev Business s-tronic,https://www.autoscout24.it/annunci/audi-a3-sportback-30-1-0-tfsi-mhev-business-s-tronic-elettrica-benzina-bianco-cat_ma9mo1624-f18e7b62-94af-44e7-aaf8-0d9da6cb8a2e,23500,4,2022,65056,automatico,Ibrido,150,Business,Base,,Rivenditore,326,roma,158,Lazio,Centro
Audi A3 35 TFSI S tronic 150cv,https://www.autoscout24.it/annunci/audi-a3-35-tfsi-s-tronic-150cv-elettrica-benzina-bianco-cat_ma9mo1624-25fc9239-396d-4d39-93e5-26b322fbbb8c,23900,3,2023,55628,automatico,Ibrido,150,S,Performance,35 TFSI,Rivenditore,177,milano,20157,Lombardia,Nord-ovest
Audi A3 Sportback 30 1.0 tfsi VARI COLORI E ALLESTIMENTI,https://www.autoscout24.it/annunci/audi-a3-sportback-30-1-0-tfsi-vari-colori-e-allestimenti-benzina-bianco-cat_ma9mo1624-f21efb2d-a5c6-41f9-ab56-cf07f39903e2,23900,4,2022,17100,manuale,Benzina,150,Sport,Middle,,Rivenditore,77,arcole,37040,Veneto,Nord-est
Audi A3 Sportback 30 1.0 tfsi mhev Business s-tronic,https://www.autoscout24.it/annunci/audi-a3-sportback-30-1-0-tfsi-mhev-business-s-tronic-elettrica-benzina-bianco-cat_ma9mo1624-f1d653ad-fd8f-4bc2-b593-34ea19b12101,23500,4,2022,65056,automatico,Ibrido,150,Business,Base,,Rivenditore,389,paglieta,66020,Abruzzo,Sud
Audi A3 A3 SPB 30 TFSI,https://www.autoscout24.it/annunci/audi-a3-a3-spb-30-tfsi-benzina-nero-cat_ma9mo1624-65fdf851-190a-40df-8e7e-62e30bd56a47,23400,2,2024,54400,manuale,Benzina,150,S,Performance,30 TFSI,Rivenditore,87,casalmoro,46040,Lombardia,Nord-ovest
Audi A3 A3 Sportback 35 2.0 tdi Business Advanced s-tronic,https://www.autoscout24.it/annunci/audi-a3-a3-sportback-35-2-0-tdi-business-advanced-s-tronic-diesel-grigio-cat_ma9mo1624-9cdf86b5-83ca-4cb9-a09f-6ac717f4f1a6,23900,5,2021,77550,automatico,Diesel,150,Business Advanced,Middle,,Privato,804,gangi,90024,Sicilia,Isole
Audi A3 40 TFSIe advanced,https://www.autoscout24.it/annunci/audi-a3-40-tfsie-advanced-elettrica-benzina-nero-cat_ma9mo1624-8ede7200-38f6-4c8c-b0dc-4ae28fdce8a5,23899,5,2021,48333,automatico,Ibrido,150,Advanced,Middle,40 TFSI e,Rivenditore,25,bologna,40131,Emilia-Romagna,Nord-est
Audi A3 40 TFSIe advanced,https://www.autoscout24.it/annunci/audi-a3-40-tfsie-advanced-elettrica-benzina-nero-cat_ma9mo1624-6267c549-d151-4d0f-aa3f-0f5ea6fb9dfe,23899,5,2021,48333,automatico,Ibrido,150,Advanced,Middle,40 TFSI e,Rivenditore,283,beinasco,10092,Piemonte,Nord-ovest
Audi A3 A3 Sportback 35 2.0 tdi Admired 150cv s-tronic my20,https://www.autoscout24.it/annunci/audi-a3-a3-sportback-35-2-0-tdi-admired-150cv-s-tronic-my20-diesel-nero-cat_ma9mo1624-81a7bd95-c73a-436e-8d95-7f79a0efaafc,23500,6,2020,93000,automatico,Diesel,150,Sport,Middle,,Privato,204,bolzano,39100,Trentino-Alto Adige/Südtirol,Nord-est
Audi A3 35 TDI S tronic Business Advanced,https://www.autoscout24.it/annunci/audi-a3-35-tdi-s-tronic-business-advanced-diesel-cat_ma9mo1624-edde7e35-15c3-4225-9922-8929d6a884f4,23600,4,2022,73572,automatico,Diesel,150,Business Advanced,Middle,35 TDI,Rivenditore,83,pistoia,51100,Toscana,Centro
Audi A3 35 2.0 tdi Business s-tronic,https://www.autoscout24.it/annunci/audi-a3-35-2-0-tdi-business-s-tronic-diesel-nero-cat_ma9mo1624-a5b42648-ec97-4038-b265-e76ab3bb6084,23500,4,2022,88000,automatico,Diesel,150,Business,Base,,Rivenditore,106,ghedi,25016,Lombardia,Nord-ovest
Audi A3 Sportback 30 1.0 tfsi s-tronic,https://www.autoscout24.it/annunci/audi-a3-sportback-30-1-0-tfsi-s-tronic-elettrica-benzina-argento-cat_ma9mo1624-40062529-60ed-4c08-ae01-be7326d9536a,23900,4,2022,87000,automatico,Ibrido,150,Sport,Middle,,Rivenditore,146,arezzo,52100,Toscana,Centro
Audi A3 30 TFSI Mild-Hybrid Advanced  S tronic MHEV,https://www.autoscout24.it/annunci/audi-a3-30-tfsi-mild-hybrid-advanced-s-tronic-mhev-elettrica-benzina-blu-azzurro-cat_ma9mo1624-c3a562cd-1b52-4704-b9d2-51827abd0091,23199,2,2024,64819,automatico,Ibrido,150,Advanced,Middle,30 TFSI,Rivenditore,177,milano,20155,Lombardia,Nord-ovest
Audi A3 30 TFSI Mild-Hybrid Advanced  S tronic MHEV,https://www.autoscout24.it/annunci/audi-a3-30-tfsi-mild-hybrid-advanced-s-tronic-mhev-elettrica-benzina-blu-azzurro-cat_ma9mo1624-0a676442-5fa1-4639-a394-af3d2f7f050f,23199,2,2024,64819,automatico,Ibrido,150,Advanced,Middle,30 TFSI,Rivenditore,485,sassari,7100,Sardegna,Isole
Audi A3 SPB Sportback 2.0 30 TDI 115cv Aut. Business Advan,https://www.autoscout24.it/annunci/audi-a3-spb-sportback-2-0-30-tdi-115cv-aut-business-advan-diesel-bianco-cat_ma9mo1624-7e7fd202-04c3-4e03-83b7-60da802f8fc1,23600,4,2022,50000,automatico,Diesel,150,Business,Base,30 TDI,Rivenditore,498,cercola,80040,Campania,Sud
Audi A3 Sedan 35 2.0 tdi Business Advanced s-tronic,https://www.autoscout24.it/annunci/audi-a3-sedan-35-2-0-tdi-business-advanced-s-tronic-diesel-cat_ma9mo1624-b814108e-eeeb-4a78-ab3b-bc2b205c3c5f,24000,4,2022,133150,automatico,Diesel,150,Business Advanced,Middle,,Privato,154,musile piave,30024,Veneto,Nord-est
Audi A3 30 1.0 tfsi Business,https://www.autoscout24.it/annunci/audi-a3-30-1-0-tfsi-business-benzina-nero-cat_ma9mo1624-d7ad3776-5afe-4593-8d3f-c37c6da2ef3b,23999,3,2023,39500,manuale,Benzina,150,Business,Base,,Rivenditore,246,verbania,28924,Piemonte,Nord-ovest
Audi A3 A3 IV 2020 Sportback Sportback 40 1.4 tfsi e Business s-tronic,https://www.autoscout24.it/annunci/audi-a3-a3-iv-2020-sportback-sportback-40-1-4-tfsi-e-business-s-tronic-elettrica-benzina-cat_ma9mo1624-159abc8c-19b2-4625-9199-a6c8a6f01849,23800,3,2023,63058,automatico,Ibrido,150,Business,Base,,Rivenditore,750,palermo,90121,Sicilia,Isole
Audi A3 sportback 35 2.0 tdi s line edition,https://www.autoscout24.it/annunci/audi-a3-sportback-35-2-0-tdi-s-line-edition-diesel-bianco-cat_ma9mo1624-6b22979c-fa3e-4b0a-b387-d15116215af4,23800,3,2023,132148,manuale,Diesel,150,S line,Sport,,Rivenditore,127,venezia,30174,Veneto,Nord-est
Audi A3 SPB 30 TDI Business,https://www.autoscout24.it/annunci/audi-a3-spb-30-tdi-business-diesel-grigio-cat_ma9mo1624-75888795-111a-4218-a119-33ab6db68da3,23900,4,2022,60000,manuale,Diesel,150,Business,Base,30 TDI,Rivenditore,141,treviso,31100,Veneto,Nord-est
Audi A3 Sportback 30 2.0 tdi Business Advanced,https://www.autoscout24.it/annunci/audi-a3-sportback-30-2-0-tdi-business-advanced-diesel-cat_ma9mo1624-9e44775a-862d-4f72-b0d0-1edd1e36b8e1,24000,4,2022,85668,manuale,Diesel,150,Business Advanced,Middle,,Privato,782,vibo valentia,89900,Calabria,Sud
Audi A3 35 TFSI,https://www.autoscout24.it/annunci/audi-a3-35-tfsi-benzina-argento-cat_ma9mo1624-7cdc32f1-72f7-4875-b66f-e5b3c115f801,23790,4,2022,54584,manuale,Benzina,150,S,Performance,35 TFSI,Rivenditore,196,robecco sul naviglio,20087,Lombardia,Nord-ovest
Audi A3 40 TFSIe advanced,https://www.autoscout24.it/annunci/audi-a3-40-tfsie-advanced-elettrica-benzina-nero-cat_ma9mo1624-71530e08-c709-460f-86c9-5780df077245,23899,5,2021,48333,automatico,Ibrido,150,Advanced,Middle,40 TFSI e,Rivenditore,86,verona,37135,Veneto,Nord-est
Audi A3 Sportback 30 2.0 tdi Business s-tronic,https://www.autoscout24.it/annunci/audi-a3-sportback-30-2-0-tdi-business-s-tronic-diesel-cat_ma9mo1624-86885f0c-182f-47ec-b12b-43365be170d6,23500,5,2021,91000,automatico,Diesel,150,Business,Base,,Privato,794,crotone,88900,Calabria,Sud
Audi A3 Sportback 30 2.0 tdi Admired 116cv my20,https://www.autoscout24.it/annunci/audi-a3-sportback-30-2-0-tdi-admired-116cv-my20-diesel-argento-cat_ma9mo1624-7080d98e-7601-43ee-8b21-5dcd62c68ada,23990,5,2021,48000,manuale,Diesel,150,Sport,Middle,,Rivenditore,185,besana brianza,20842,Lombardia,Nord-ovest
Audi A3 Sportback 30 S Line 2.0 TDI 115CV Edition Pelle,https://www.autoscout24.it/annunci/audi-a3-sportback-30-s-line-2-0-tdi-115cv-edition-pelle-diesel-grigio-cat_ma9mo1624-03b6bbc9-36ec-4cdd-9e58-1b2bfd6abfe6,23890,5,2021,67491,manuale,Diesel,150,S line,Sport,,Rivenditore,852,camporotondo etneo,95040,Sicilia,Isole
Audi A3 SPB 35 TDI S TRONIC BUSINESS ADVANCED 2023,https://www.autoscout24.it/annunci/audi-a3-spb-35-tdi-s-tronic-business-advanced-2023-diesel-nero-cat_ma9mo1624-8678b934-9dac-48cd-ba62-01bfd133bf79,23990,3,2023,99000,automatico,Diesel,150,Business Advanced,Middle,35 TDI,Rivenditore,713,manduria,74024,Puglia,Sud
Audi A3 A3 SPB 30 TDI S line edition,https://www.autoscout24.it/annunci/audi-a3-a3-spb-30-tdi-s-line-edition-diesel-grigio-cat_ma9mo1624-776619c0-1a6a-4c28-a2cc-d7ee2a1bd852,23490,5,2021,109021,manuale,Diesel,150,S line,Sport,30 TDI,Rivenditore,819,reggio calabria,89122,Calabria,Sud
Audi A3 SPB 30 TDI Business Advanced,https://www.autoscout24.it/annunci/audi-a3-spb-30-tdi-business-advanced-diesel-bianco-cat_ma9mo1624-aec371dd-e979-4c6e-8b99-860018ed0cdd,23600,6,2020,48956,manuale,Diesel,150,Business Advanced,Middle,30 TDI,Rivenditore,147,lodi,26900,Lombardia,Nord-ovest
Audi A3 SB 35 2.0 TDI 150 cv. S Tronic BUSINESS ADVANCED,https://www.autoscout24.it/annunci/audi-a3-sb-35-2-0-tdi-150-cv-s-tronic-business-advanced-diesel-grigio-cat_ma9mo1624-e87aaefe-71c6-44a6-bc71-5802014231cf,23800,4,2022,107000,automatico,Diesel,150,Business Advanced,Middle,,Rivenditore,537,andretta,83040,Campania,Sud
Audi A3 sportback 30 2.0 tdi business advanced,https://www.autoscout24.it/annunci/audi-a3-sportback-30-2-0-tdi-business-advanced-diesel-cat_ma9mo1624-68ad1f26-02ac-4ac3-bf05-88b85ff29f48,24000,3,2023,63516,manuale,Diesel,150,Business Advanced,Middle,,Rivenditore,276,torino,10134,Piemonte,Nord-ovest
Audi A3 Sportback 35 2.0 tdi Business Advanced s-tronic,https://www.autoscout24.it/annunci/audi-a3-sportback-35-2-0-tdi-business-advanced-s-tronic-diesel-nero-cat_ma9mo1624-44d522be-a207-4e82-ae3c-be778fb33117,23400,5,2021,100795,automatico,Diesel,150,Business Advanced,Middle,,Rivenditore,263,terni,5100,Umbria,Centro
Audi A3 Audi A3 SPB 35 TDI S tronic S Line,https://www.autoscout24.it/annunci/audi-a3-audi-a3-spb-35-tdi-s-tronic-s-line-diesel-cat_ma9mo1624-572d3b94-a595-40aa-afe2-51db5e9f254b,23900,4,2022,117000,automatico,Diesel,150,S line,Sport,35 TDI,Privato,342,zagarolo,39,Lazio,Centro
Audi A3 Sportback 35 1.5 tfsi mhev Business Advanced s-tro,https://www.autoscout24.it/annunci/audi-a3-sportback-35-1-5-tfsi-mhev-business-advanced-s-tro-elettrica-benzina-grigio-cat_ma9mo1624-6edfcba0-999c-4786-b34a-a48771688710,23800,6,2020,84433,automatico,Ibrido,150,Business Advanced,Middle,,Rivenditore,177,milano,20126,Lombardia,Nord-ovest
Audi A3 Sportback 30 1.0 TFSI Business Advanced,https://www.autoscout24.it/annunci/audi-a3-sportback-30-1-0-tfsi-business-advanced-benzina-nero-cat_ma9mo1624-0485fbc8-00b4-4745-995c-a69189b47ab2,23800,5,2021,57000,manuale,Benzina,150,Business Advanced,Middle,,Rivenditore,72,bagnacavallo,48012,Emilia-Romagna,Nord-est
Audi A3 A3 Sportback 35 2.0 tdi Business 150cv s-tronic my20,https://www.autoscout24.it/annunci/audi-a3-a3-sportback-35-2-0-tdi-business-150cv-s-tronic-my20-diesel-bianco-cat_ma9mo1624-d3fe0f4e-a107-492e-9984-ccbaf0abc2e5,24000,4,2022,63600,automatico,Diesel,150,Business,Base,,Rivenditore,106,cornedo vicentino,36073,Veneto,Nord-est
Audi A3 Sportback 30 2.0 tdi S line edition s-tronic,https://www.autoscout24.it/annunci/audi-a3-sportback-30-2-0-tdi-s-line-edition-s-tronic-diesel-blu-azzurro-cat_ma9mo1624-ba62d9b7-dab2-4991-888b-58aef7588a8a,23600,4,2022,137500,automatico,Diesel,150,S line,Sport,,Rivenditore,201,arcidosso,58031,Toscana,Centro
Audi A3 Sportback 35 2.0 tdi S line Edition s-tronic,https://www.autoscout24.it/annunci/audi-a3-sportback-35-2-0-tdi-s-line-edition-s-tronic-diesel-cat_ma9mo1624-47f4c263-7550-4226-b85e-59ce1920bb19,23900,6,2020,140000,automatico,Diesel,150,S line,Sport,,Privato,117,villanuova sul clisi,25089,Lombardia,Nord-ovest
Audi A3 sportback 35 2.0 tdi business s tronic 150 cv,https://www.autoscout24.it/annunci/audi-a3-sportback-35-2-0-tdi-business-s-tronic-150-cv-diesel-nero-cat_ma9mo1624-512f8f8c-7b3f-4089-a029-2055d9628066,23900,4,2022,65071,automatico,Diesel,150,Business,Base,,Rivenditore,284,grugliasco,10095,Piemonte,Nord-ovest
Audi A3 sportback 30 2.0 tdi s line edition s-tronic,https://www.autoscout24.it/annunci/audi-a3-sportback-30-2-0-tdi-s-line-edition-s-tronic-diesel-blu-azzurro-cat_ma9mo1624-4181a914-b4fb-417c-b833-f53430a83692,23950,4,2022,69433,automatico,Diesel,150,S line,Sport,,Rivenditore,285,cirie,10073,Piemonte,Nord-ovest
Audi A3 SPORTBACK 30TDI S-LINE S-TRONIC IN ARRIVO,https://www.autoscout24.it/annunci/audi-a3-sportback-30tdi-s-line-s-tronic-in-arrivo-diesel-nero-cat_ma9mo1624-00860eed-14f2-418a-8d9b-f4a0a692f6dd,23500,4,2022,134000,automatico,Diesel,150,S line,Sport,30 TDI,Rivenditore,72,roverbella,46048,Lombardia,Nord-ovest
Audi A3 A3 Sportback 30 2.0 tdi Business Advanced,https://www.autoscout24.it/annunci/audi-a3-a3-sportback-30-2-0-tdi-business-advanced-diesel-nero-cat_ma9mo1624-bf57fe0d-ef30-47da-8155-77ff02ebad36,23900,4,2022,77098,manuale,Diesel,150,Business Advanced,Middle,,Rivenditore,16,modena,41126,Emilia-Romagna,Nord-est
Audi A3 SPB 30 TDI Business Advanced,https://www.autoscout24.it/annunci/audi-a3-spb-30-tdi-business-advanced-diesel-bianco-cat_ma9mo1624-22f38237-eca1-4d8f-8393-7b0664ded71e,23490,3,2023,90000,manuale,Diesel,150,Business Advanced,Middle,30 TDI,Rivenditore,757,alcamo,91011,Sicilia,Isole
Audi A3 sportback 35 1.5 tfsi mhev business advanced s-tro,https://www.autoscout24.it/annunci/audi-a3-sportback-35-1-5-tfsi-mhev-business-advanced-s-tro-elettrica-benzina-nero-cat_ma9mo1624-0fda308f-abb1-4d8e-b433-9dc628259d2f,23990,6,2020,74071,automatico,Ibrido,150,Business Advanced,Middle,,Rivenditore,163,conegliano,31015,Veneto,Nord-est
Audi A3 Sedan 30 2.0 tdi S line edition s-tronic,https://www.autoscout24.it/annunci/audi-a3-sedan-30-2-0-tdi-s-line-edition-s-tronic-diesel-cat_ma9mo1624-0196db82-74a5-4b1b-8ef2-5c77c70e69d4,24000,4,2022,90000,automatico,Diesel,150,S line,Sport,,Privato,253,alice castello,13040,Piemonte,Nord-ovest
Audi A3 sportback 30 2.0 tdi business advanced s-tronic,https://www.autoscout24.it/annunci/audi-a3-sportback-30-2-0-tdi-business-advanced-s-tronic-diesel-nero-cat_ma9mo1624-4906095b-792c-4d21-9514-48efade186d3,23500,4,2022,103834,automatico,Diesel,150,Business Advanced,Middle,,Rivenditore,226,udine,33100,Friuli-Venezia Giulia,Nord-est
Audi A3 A3 IV 2020 Sportback Sportback 30 2.0 tdi Business Advanced s-tronic,https://www.autoscout24.it/annunci/audi-a3-a3-iv-2020-sportback-sportback-30-2-0-tdi-business-advanced-s-tronic-diesel-nero-cat_ma9mo1624-50202445-8525-4a99-8348-5ff0362f98b2,23800,2,2024,109000,automatico,Diesel,150,Business Advanced,Middle,,Rivenditore,683,taranto,74121,Puglia,Sud
Audi A3 40 TFSIe advanced,https://www.autoscout24.it/annunci/audi-a3-40-tfsie-advanced-elettrica-benzina-nero-cat_ma9mo1624-f14c2df0-a5b3-4ecb-a3f3-79b83bc2e16c,23899,5,2021,48333,automatico,Ibrido,150,Advanced,Middle,40 TFSI e,Rivenditore,130,collesalvetti,57014,Toscana,Centro
Audi A3 30 TDI S tronic Business,https://www.autoscout24.it/annunci/audi-a3-30-tdi-s-tronic-business-diesel-bianco-cat_ma9mo1624-5c3bf72e-82d7-43a6-82a6-b4296d6c7103,23900,5,2021,104176,automatico,Diesel,150,Business,Base,30 TDI,Rivenditore,223,ancona,60131,Marche,Centro
Audi A3 SPORTBACK 46.000 KM 30 TSFI MHEV S-TRONIC BUSINESS,https://www.autoscout24.it/annunci/audi-a3-sportback-46-000-km-30-tsfi-mhev-s-tronic-business-elettrica-benzina-bianco-cat_ma9mo1624-58b5f728-10f0-48ab-b859-328136f5e3f9,23900,4,2022,46100,automatico,Ibrido,150,Business,Base,,Rivenditore,25,mirandola,41037,Emilia-Romagna,Nord-est
Audi A3 IV 2020 Sportback - A3 Sportback 35 1.5 tfsi mhev,https://www.autoscout24.it/annunci/audi-a3-iv-2020-sportback-a3-sportback-35-1-5-tfsi-mhev-elettrica-benzina-grigio-cat_ma9mo1624-03f789be-02ce-4a38-a44f-166ac8915d75,23900,3,2023,89634,automatico,Ibrido,150,Sport,Middle,,Rivenditore,259,gaglianico,13894,Piemonte,Nord-ovest
Audi A3 sportback 30 1.0 tfsi mhev s-tronic,https://www.autoscout24.it/annunci/audi-a3-sportback-30-1-0-tfsi-mhev-s-tronic-elettrica-benzina-bianco-cat_ma9mo1624-f677eb47-11f7-4967-b0f3-25e19b68b660,23900,3,2023,51313,automatico,Ibrido,150,Sport,Middle,,Rivenditore,177,assago,20057,Lombardia,Nord-ovest
Audi A3 SPB 30 TDI 2.0 TDI S tronic Advanced *OK NEOPA.*,https://www.autoscout24.it/annunci/audi-a3-spb-30-tdi-2-0-tdi-s-tronic-advanced-ok-neopa-diesel-blu-azzurro-cat_ma9mo1624-f04b266b-f829-4e35-925c-877be560faeb,23800,4,2022,51919,automatico,Diesel,150,Advanced,Middle,30 TDI,Rivenditore,209,delebio,23014,Lombardia,Nord-ovest
Audi A3 Sportback 35TDI S-tronic S-line Keyless Virtual,https://www.autoscout24.it/annunci/audi-a3-sportback-35tdi-s-tronic-s-line-keyless-virtual-diesel-nero-cat_ma9mo1624-92736f20-bf9b-4a15-9c15-eabf12d22575,23700,6,2020,109000,automatico,Diesel,150,S line,Sport,35 TDI,Rivenditore,134,rovato,25038,Lombardia,Nord-ovest
Audi A3 sportback 30 2.0 tdi business,https://www.autoscout24.it/annunci/audi-a3-sportback-30-2-0-tdi-business-diesel-cat_ma9mo1624-ac0ea4b2-de79-42a2-896c-ea66168e30a7,23900,3,2023,26623,manuale,Diesel,150,Business,Base,,Rivenditore,276,torino,10148,Piemonte,Nord-ovest
Audi A3 Sportback 30 2.0 tdi Business Advanced,https://www.autoscout24.it/annunci/audi-a3-sportback-30-2-0-tdi-business-advanced-diesel-cat_ma9mo1624-7cf89ae8-5308-4279-a7fd-cdd2db217981,23200,6,2020,91800,manuale,Diesel,150,Business Advanced,Middle,,Privato,200,valenza,15048,Piemonte,Nord-ovest
"Audi A3 SPB 30 TFSI Business ADAPTIVE CRUISE CONTROL,VIRTU",https://www.autoscout24.it/annunci/audi-a3-spb-30-tfsi-business-adaptive-cruise-control-virtu-benzina-grigio-cat_ma9mo1624-716e1c0c-e8bf-46b0-9b3e-3b76c9e5a50d,23400,3,2023,57000,manuale,Benzina,150,Business,Base,30 TFSI,Rivenditore,65,parma,43122,Emilia-Romagna,Nord-est
Audi A3 30 TDI S line edition,https://www.autoscout24.it/annunci/audi-a3-30-tdi-s-line-edition-diesel-bianco-cat_ma9mo1624-f651b60e-232f-4195-807e-9078274d55bc,23999,3,2023,113365,automatico,Diesel,150,S line,Sport,30 TDI,Rivenditore,130,collesalvetti,57014,Toscana,Centro
Audi A3 35 TDI S tronic S line Edition,https://www.autoscout24.it/annunci/audi-a3-35-tdi-s-tronic-s-line-edition-diesel-cat_ma9mo1624-978b435f-fbca-4c40-807c-53d0c57cb085,23900,4,2022,133323,automatico,Diesel,150,S line,Sport,35 TDI,Rivenditore,843,favara,92026,Sicilia,Isole
Audi A3 SPB 30 TDI Business Advanced,https://www.autoscout24.it/annunci/audi-a3-spb-30-tdi-business-advanced-diesel-nero-cat_ma9mo1624-032f1beb-da66-472a-8c7d-0691b2341073,23499,5,2021,108000,automatico,Diesel,150,Business Advanced,Middle,30 TDI,Rivenditore,177,milano,20122,Lombardia,Nord-ovest
Audi A3 sportback 30 1.0 tfsi business advanced,https://www.autoscout24.it/annunci/audi-a3-sportback-30-1-0-tfsi-business-advanced-benzina-blu-azzurro-cat_ma9mo1624-9a989dd6-c50f-4a9f-bff9-79a9c0cad48d,23900,5,2021,71900,manuale,Benzina,150,Business Advanced,Middle,,Rivenditore,200,perugia,6129,Umbria,Centro
Audi A3 SPB 30 TFSI S tronic Business Advanced,https://www.autoscout24.it/annunci/audi-a3-spb-30-tfsi-s-tronic-business-advanced-elettrica-benzina-grigio-cat_ma9mo1624-2421bbda-7853-4df4-8940-8f6c55379cf2,23450,3,2023,42241,automatico,Ibrido,150,Business Advanced,Middle,30 TFSI,Rivenditore,159,cassano d adda,20062,Lombardia,Nord-ovest
Audi A3 35 TDI S tronic Business,https://www.autoscout24.it/annunci/audi-a3-35-tdi-s-tronic-business-diesel-argento-cat_ma9mo1624-7cd34730-71ee-4a32-8f6b-ea1951f03209,23300,5,2021,81760,automatico,Diesel,150,Business,Base,35 TDI,Rivenditore,104,lucca,55100,Toscana,Centro
Audi A3 IV 2020 Sportback - A3 Sportback 35 2.0 tdi Busine,https://www.autoscout24.it/annunci/audi-a3-iv-2020-sportback-a3-sportback-35-2-0-tdi-busine-diesel-argento-cat_ma9mo1624-5c236c8e-a95e-4266-859a-50a0285879a6,23500,6,2020,100322,automatico,Diesel,150,Sport,Middle,,Rivenditore,216,novara,28100,Piemonte,Nord-ovest
Audi A3 A3 IV 2020 Sportback Sportback 30 2.0 tdi Business Advanced s-tronic,https://www.autoscout24.it/annunci/audi-a3-a3-iv-2020-sportback-sportback-30-2-0-tdi-business-advanced-s-tronic-diesel-bianco-cat_ma9mo1624-f5529e79-44bf-4fc4-9a18-78989a144020,23990,4,2022,99000,automatico,Diesel,150,Business Advanced,Middle,,Rivenditore,713,manduria,74024,Puglia,Sud
Audi A3 A3 SPB 30 TFSI,https://www.autoscout24.it/annunci/audi-a3-a3-spb-30-tfsi-benzina-nero-cat_ma9mo1624-4660ac64-62bd-4f11-bed7-91ee5c79e67c,23400,2,2024,54400,manuale,Benzina,150,S,Performance,30 TFSI,Rivenditore,177,milano,20157,Lombardia,Nord-ovest
Audi A3 40 TFSIe advanced,https://www.autoscout24.it/annunci/audi-a3-40-tfsie-advanced-elettrica-benzina-nero-cat_ma9mo1624-8a953678-8a18-4a26-8a3e-afcea4478e58,23899,5,2021,48333,automatico,Ibrido,150,Advanced,Middle,40 TFSI e,Rivenditore,628,cagliari,9122,Sardegna,Isole
Audi A3 Sportback 30 Tdi Business - Cambio Manuale,https://www.autoscout24.it/annunci/audi-a3-sportback-30-tdi-business-cambio-manuale-diesel-nero-cat_ma9mo1624-6b554081-073b-42a1-bcb4-0abad6bd1d8e,23900,4,2022,87465,manuale,Diesel,150,Business,Base,30 TDI,Rivenditore,127,venezia,30174,Veneto,Nord-est
Audi A3 SPB 35 TDI S tronic Business Advanced,https://www.autoscout24.it/annunci/audi-a3-spb-35-tdi-s-tronic-business-advanced-diesel-blu-azzurro-cat_ma9mo1624-7de1efa1-7deb-4819-9c05-f99826dad4f2,23900,5,2021,109000,automatico,Diesel,150,Business Advanced,Middle,35 TDI,Rivenditore,164,pesaro,61122,Marche,Centro
Audi A3 30 TDI S tronic Business Advanced,https://www.autoscout24.it/annunci/audi-a3-30-tdi-s-tronic-business-advanced-diesel-argento-cat_ma9mo1624-cce4b39a-0a6a-4e6f-997a-b1d24ae8e623,23900,4,2022,115485,automatico,Diesel,150,Business Advanced,Middle,30 TDI,Rivenditore,223,ancona,60131,Marche,Centro
Audi A3 SPB 30 TDI S tronic,https://www.autoscout24.it/annunci/audi-a3-spb-30-tdi-s-tronic-diesel-blu-azzurro-cat_ma9mo1624-1b0e71a4-98ca-42c0-8433-e9e2d09a5b0a,23900,4,2022,76446,automatico,Diesel,150,S,Performance,30 TDI,Rivenditore,819,reggio calabria,89135,Calabria,Sud
Audi A3 A3 Sportback 30 2.0 tdi Business s-tronic,https://www.autoscout24.it/annunci/audi-a3-a3-sportback-30-2-0-tdi-business-s-tronic-diesel-bianco-cat_ma9mo1624-4987aa41-e264-4fa9-a994-1d02ae971340,24000,4,2022,82000,automatico,Diesel,150,Business,Base,,Rivenditore,113,reggello,50066,Toscana,Centro
Audi A3 A3 Sportback 35 1.5 tfsi mhev S line edition s-tronic,https://www.autoscout24.it/annunci/audi-a3-a3-sportback-35-1-5-tfsi-mhev-s-line-edition-s-tronic-elettrica-benzina-blu-azzurro-cat_ma9mo1624-eac06988-76fd-4f2f-bdbd-4c49a093f762,23800,6,2020,105838,automatico,Ibrido,150,S line,Sport,,Rivenditore,197,cantu,22063,Lombardia,Nord-ovest
Audi A3 A3 Sportback 35 1.5 tfsi mhev S line edition s-tronic,https://www.autoscout24.it/annunci/audi-a3-a3-sportback-35-1-5-tfsi-mhev-s-line-edition-s-tronic-elettrica-benzina-cat_ma9mo1624-57d6cc2a-7369-4650-95c1-cf0dfeafcfdb,24000,5,2021,64000,automatico,Ibrido,150,S line,Sport,,Privato,159,azzano san paolo,24052,Lombardia,Nord-ovest
Audi A3 A3 Sedan 30 1.0 tfsi mhev Business Advanced s-tronic,https://www.autoscout24.it/annunci/audi-a3-a3-sedan-30-1-0-tfsi-mhev-business-advanced-s-tronic-elettrica-benzina-grigio-cat_ma9mo1624-503341b7-ad86-404d-a964-d38b3135c4da,24900,3,2023,18000,automatico,Ibrido,150,Business Advanced,Middle,,Rivenditore,326,roma,191,Lazio,Centro
Audi A3 A3 Black Edition Sportback 35 2.0 tdi 150cv,https://www.autoscout24.it/annunci/audi-a3-a3-black-edition-sportback-35-2-0-tdi-150cv-diesel-nero-cat_ma9mo1624-96849629-234b-4587-b924-ae37e14302f6,24999,3,2023,96000,automatico,Diesel,150,Sport,Middle,,Rivenditore,47,guastalla,42016,Emilia-Romagna,Nord-est
Audi A3 Sportback Business 30 1.0 tfsi mhev s-tronic | OPZIONE RATE NO BANCA,https://www.autoscout24.it/annunci/audi-a3-sportback-business-30-1-0-tfsi-mhev-s-tronic-opzione-rate-no-banca-elettrica-benzina-bianco-cat_ma9mo1624-88a9a6cb-01c8-4e08-b214-07c817c88ae3,25000,4,2022,56756,automatico,Ibrido,150,Business,Base,S3,Rivenditore,326,roma,178,Lazio,Centro
Audi A3 SPB 35 TDI S tronic S line edition,https://www.autoscout24.it/annunci/audi-a3-spb-35-tdi-s-tronic-s-line-edition-diesel-bianco-cat_ma9mo1624-00676935-e701-487e-a407-a4bde76a325b,24900,4,2022,86500,automatico,Diesel,150,S line,Sport,35 TDI,Rivenditore,80,monselice,35043,Veneto,Nord-est
Audi A3 30 tfsi mhev Business Advanced S-tronic Black pack,https://www.autoscout24.it/annunci/audi-a3-30-tfsi-mhev-business-advanced-s-tronic-black-pack-elettrica-benzina-bianco-cat_ma9mo1624-28df5af8-a174-4427-8fd8-e8edca1c33ae,24500,4,2022,72000,automatico,Ibrido,150,Business Advanced,Middle,30 TFSI,Rivenditore,133,riese pio x,31039,Veneto,Nord-est
Audi A3 SPB 35TDI S-tronic Sline,https://www.autoscout24.it/annunci/audi-a3-spb-35tdi-s-tronic-sline-diesel-grigio-cat_ma9mo1624-e0700de9-1458-4785-9cee-f8bf92f4170f,24900,5,2021,76000,automatico,Diesel,150,S line,Sport,35 TDI,Rivenditore,167,andalo,38010,Trentino-Alto Adige/Südtirol,Nord-est
Audi A3 AUDI A3 2.0 SPB ADVANCED 35 TDI S-TRONIC 150CV - F,https://www.autoscout24.it/annunci/audi-a3-audi-a3-2-0-spb-advanced-35-tdi-s-tronic-150cv-f-diesel-bianco-cat_ma9mo1624-64f20c34-af06-43ee-b7ba-e2f7535c57b0,24999,4,2022,78000,automatico,Diesel,150,Advanced,Middle,35 TDI,Rivenditore,55,brescello,42041,Emilia-Romagna,Nord-est
Audi A3 Sportback 2.0 tdi Business 150cv s-tronic,https://www.autoscout24.it/annunci/audi-a3-sportback-2-0-tdi-business-150cv-s-tronic-diesel-bianco-cat_ma9mo1624-0c0ef9fa-bafd-4b2c-82ab-228430ccea5c,25000,3,2023,57266,automatico,Diesel,150,Business,Base,,Rivenditore,261,viterbo,1100,Lazio,Centro
Audi A3 A3 SPB 30 TDI S tronic S line edition,https://www.autoscout24.it/annunci/audi-a3-a3-spb-30-tdi-s-tronic-s-line-edition-diesel-cat_ma9mo1624-e1298537-ea74-4316-9faf-9a42f7badd9e,24980,3,2023,97680,automatico,Diesel,150,S line,Sport,30 TDI,Rivenditore,81,alonte,36045,Veneto,Nord-est
Audi A3 30 TDI S tronic S line Edition / Audi virtual cockpit - Sistema di navigazione MMI plus - Assistente parcheggio,https://www.autoscout24.it/annunci/audi-a3-30-tdi-s-tronic-s-line-edition-audi-virtual-cockpit-sistema-di-navigazione-mmi-plus-assistente-parcheggio-diesel-blu-azzurro-cat_ma9mo1624-60664fda-a94c-496c-b733-d2f24adf642d,24450,4,2022,74503,automatico,Diesel,150,S line,Sport,30 TDI,Rivenditore,101,padova,35129,Veneto,Nord-est
Audi A3 A3 IV Sedan 35 2.0 tdi Business Advanced s-tronic,https://www.autoscout24.it/annunci/audi-a3-a3-iv-sedan-35-2-0-tdi-business-advanced-s-tronic-diesel-nero-cat_ma9mo1624-527ef6fb-b232-438e-a7ac-edea7a6253b6,24500,5,2021,58000,automatico,Diesel,150,Business Advanced,Middle,,Rivenditore,659,mottola,74017,Puglia,Sud
Audi A3 35 TDI S tronic / Retrocamera - Navigatore - Adaptive Cruise Control - Audi virtual cockpit plus,https://www.autoscout24.it/annunci/audi-a3-35-tdi-s-tronic-retrocamera-navigatore-adaptive-cruise-control-audi-virtual-cockpit-plus-diesel-nero-cat_ma9mo1624-818a7b9d-f7b2-4e25-9051-dbc7c839481b,24300,4,2022,42459,automatico,Diesel,150,S,Performance,35 TDI,Rivenditore,101,padova,35129,Veneto,Nord-est
Audi A3 30 TDI Business Advanced,https://www.autoscout24.it/annunci/audi-a3-30-tdi-business-advanced-diesel-bianco-cat_ma9mo1624-5a1eb069-43da-4359-a095-15840a8a3237,24651,2,2024,44776,manuale,Diesel,150,Business Advanced,Middle,30 TDI,Rivenditore,194,corciano,6073,Umbria,Centro
Audi A3 A3 SLINE Sportback Sportback 35 2.0 tdi Admired 150cv s-tronic my20,https://www.autoscout24.it/annunci/audi-a3-a3-sline-sportback-sportback-35-2-0-tdi-admired-150cv-s-tronic-my20-diesel-grigio-cat_ma9mo1624-7a6f3d7c-aff7-4bab-8180-33e80b401c94,24800,6,2020,53732,automatico,Diesel,150,S line,Sport,,Rivenditore,322,guidonia montecelio,12,Lazio,Centro
Audi A3 A3 Sportback 30 2.0 tdi S line edition s-tronic,https://www.autoscout24.it/annunci/audi-a3-a3-sportback-30-2-0-tdi-s-line-edition-s-tronic-diesel-bianco-cat_ma9mo1624-6fca3353-29a1-478e-b881-f472b4e36faf,24900,2,2024,95078,automatico,Diesel,150,S line,Sport,,Rivenditore,119,thiene,36016,Veneto,Nord-est
Audi A3 30 TFSI Business Advanced S TRONIC,https://www.autoscout24.it/annunci/audi-a3-30-tfsi-business-advanced-s-tronic-benzina-nero-cat_ma9mo1624-20ed4466-d62a-4564-bc81-a9bd85ed3c95,24500,3,2023,48300,automatico,Benzina,150,Business Advanced,Middle,30 TFSI,Rivenditore,222,varese,21100,Lombardia,Nord-ovest
Audi A3 Sportback 30 2.0 tdi Business Advanced s-tronic,https://www.autoscout24.it/annunci/audi-a3-sportback-30-2-0-tdi-business-advanced-s-tronic-diesel-blu-azzurro-cat_ma9mo1624-1fadc0b3-30cc-452a-898c-9b6a2414efc4,24900,3,2023,62174,automatico,Diesel,150,Business Advanced,Middle,,Rivenditore,121,piacenza,29121,Emilia-Romagna,Nord-est
Audi A3 35 TDI S line,https://www.autoscout24.it/annunci/audi-a3-35-tdi-s-line-diesel-giallo-cat_ma9mo1624-d4633e34-ce9e-4788-92de-a67bef3c519f,24899,4,2022,68722,automatico,Diesel,150,S line,Sport,35 TDI,Rivenditore,86,verona,37135,Veneto,Nord-est
Audi A3 A3 IV 2020 Sportback Sportback 30 1.0 tfsi mhev s-tronic,https://www.autoscout24.it/annunci/audi-a3-a3-iv-2020-sportback-sportback-30-1-0-tfsi-mhev-s-tronic-elettrica-benzina-bianco-cat_ma9mo1624-72fc50fe-5da1-4b41-98ed-4f8b45842a02,25000,4,2022,54000,automatico,Ibrido,150,Sport,Middle,,Rivenditore,197,cantu,22063,Lombardia,Nord-ovest
Audi A3 A3 IV 2020 Sportback Sportback 30 1.5 g-tron Business s-tronic,https://www.autoscout24.it/annunci/audi-a3-a3-iv-2020-sportback-sportback-30-1-5-g-tron-business-s-tronic-metano-nero-cat_ma9mo1624-b21e4c74-49c8-4866-bc95-f4f10c13e1f2,24300,3,2023,89000,automatico,Metano,150,Business,Base,,Rivenditore,260,monte urano,63813,Marche,Centro
Audi A3 sportback 35 2.0 tdi business advanced s-tronic,https://www.autoscout24.it/annunci/audi-a3-sportback-35-2-0-tdi-business-advanced-s-tronic-diesel-nero-cat_ma9mo1624-24366b43-9e4c-4528-8c59-5cf9c2827630,24900,4,2022,69204,automatico,Diesel,150,Business Advanced,Middle,,Rivenditore,185,garlate,23852,Lombardia,Nord-ovest
Audi A3 35 TDI S line,https://www.autoscout24.it/annunci/audi-a3-35-tdi-s-line-diesel-giallo-cat_ma9mo1624-284f7afb-587a-4330-ab07-17ad4032a809,24899,4,2022,68722,automatico,Diesel,150,S line,Sport,35 TDI,Rivenditore,283,beinasco,10092,Piemonte,Nord-ovest
Audi A3 Sportback 35 2.0 tdi S line Edition s-tronic,https://www.autoscout24.it/annunci/audi-a3-sportback-35-2-0-tdi-s-line-edition-s-tronic-diesel-cat_ma9mo1624-b15784bf-5c6e-435d-b959-98816375f1a3,25000,4,2022,99000,automatico,Diesel,150,S line,Sport,,Privato,144,belforte all isauro,61026,Marche,Centro
Audi A3 Sportback 35 2.0 tdi S line Edition s-tronic,https://www.autoscout24.it/annunci/audi-a3-sportback-35-2-0-tdi-s-line-edition-s-tronic-diesel-grigio-cat_ma9mo1624-116826ec-5456-498e-b031-9540a17e7fec,24500,4,2022,78500,automatico,Diesel,150,S line,Sport,,Privato,127,venezia,30174,Veneto,Nord-est
Audi A3 Sportback 45 1.4 tfs e S line edition s-tronic,https://www.autoscout24.it/annunci/audi-a3-sportback-45-1-4-tfs-e-s-line-edition-s-tronic-elettrica-benzina-cat_ma9mo1624-b1ca99aa-2a9f-44a6-87a4-9d8d421c0492,24900,3,2023,80000,automatico,Ibrido,150,S line,Sport,,Privato,186,pordenone,33170,Friuli-Venezia Giulia,Nord-est
Audi A3 A3 IV 2020 Sportback Sportback 35 2.0 tdi Business,https://www.autoscout24.it/annunci/audi-a3-a3-iv-2020-sportback-sportback-35-2-0-tdi-business-diesel-nero-cat_ma9mo1624-f63c2df4-85b8-4a88-8eba-5c06f3f8c1cf,25000,3,2023,43000,automatico,Diesel,150,Business,Base,,Privato,116,borgoricco,35010,Veneto,Nord-est
Audi A3 A3 IV 2020 Sedan Sedan 35 1.5 tfsi mhev Business s-tronic,https://www.autoscout24.it/annunci/audi-a3-a3-iv-2020-sedan-sedan-35-1-5-tfsi-mhev-business-s-tronic-elettrica-benzina-nero-cat_ma9mo1624-3dcaf7bc-c2fe-4300-8ede-ca1335d9b4e1,24500,5,2021,67000,automatico,Ibrido,150,Business,Base,,Privato,105,massa,54100,Toscana,Centro
Audi A3 Sportback 35 1.5 tfsi mhev Identity Black s-tronic,https://www.autoscout24.it/annunci/audi-a3-sportback-35-1-5-tfsi-mhev-identity-black-s-tronic-elettrica-benzina-cat_ma9mo1624-c0d35e64-19e7-44cb-93de-bb2a9bd45f02,24900,2,2024,43000,automatico,Ibrido,150,Identity,Middle,,Privato,513,avellino,83100,Campania,Sud
Audi A3 A3 Sedan 35 1.5 tfsi 150cv s-tronic,https://www.autoscout24.it/annunci/audi-a3-a3-sedan-35-1-5-tfsi-150cv-s-tronic-benzina-cat_ma9mo1624-49ef4679-2048-4fcd-9e72-696f188b9d2a,24777,4,2022,42388,automatico,Benzina,150,S,Performance,,Privato,326,roma,168,Lazio,Centro
Audi A3 Sportback 35 2.0 tdi S line Edition s-tronic,https://www.autoscout24.it/annunci/audi-a3-sportback-35-2-0-tdi-s-line-edition-s-tronic-diesel-cat_ma9mo1624-0b5b05e4-9199-4622-ba62-ad92029cb92c,25000,5,2021,70548,automatico,Diesel,150,S line,Sport,,Privato,247,monte argentario,58019,Toscana,Centro
Audi A3 40 S-LINE HYBRID VARI COLORI ED ALLESTIMENTI DISPONIBILI,https://www.autoscout24.it/annunci/audi-a3-40-s-line-hybrid-vari-colori-ed-allestimenti-disponibili-benzina-bianco-cat_ma9mo1624-524f0fe6-7696-4a60-a7ae-e82bb6ca6e1c,24900,2,2024,19000,automatico,Benzina,150,S line,Sport,,Rivenditore,149,pandino,26025,Lombardia,Nord-ovest
"Audi A3 Sportback 35 1.5 tfsi 150cv Identity black S-line S-tronic 18""",https://www.autoscout24.it/annunci/audi-a3-sportback-35-1-5-tfsi-150cv-identity-black-s-line-s-tronic-18-benzina-nero-cat_ma9mo1624-03a3e775-eece-44a2-85f0-70aa7942f928,24990,3,2023,80450,automatico,Benzina,150,Identity,Middle,,Rivenditore,342,monte compatri,77,Lazio,Centro
Audi A3 S-Line,https://www.autoscout24.it/annunci/audi-a3-s-line-benzina-blu-azzurro-cat_ma9mo1624-30cb32a8-7e1c-4460-9c3a-064c71749361,25000,5,2021,60000,automatico,Benzina,150,S line,Sport,,Privato,282,pontsaintmartin,11026,Valle d'Aosta/Vallée d'Aoste,Nord-ovest
Audi A3 A3 IV 2021 SportbackSportback 35 1.5 tfsi mhev S l,https://www.autoscout24.it/annunci/audi-a3-a3-iv-2021-sportbacksportback-35-1-5-tfsi-mhev-s-l-benzina-grigio-cat_ma9mo1624-c7859e9e-2760-4ef2-82d0-25206189d2e8,25000,5,2021,65000,automatico,Benzina,150,Sport,Middle,,Privato,200,tavernerio,22038,Lombardia,Nord-ovest
Audi A3 Sportback 30 1.0 tfsi S line edition,https://www.autoscout24.it/annunci/audi-a3-sportback-30-1-0-tfsi-s-line-edition-benzina-cat_ma9mo1624-a13901fe-27ee-4a19-b367-b83ac1b0fbe6,25000,3,2023,48000,manuale,Benzina,150,S line,Sport,,Privato,271,volpiano,10088,Piemonte,Nord-ovest
Audi A3 Sportback 40 TFSIe S Line S Tronic Plugin Hybrid,https://www.autoscout24.it/annunci/audi-a3-sportback-40-tfsie-s-line-s-tronic-plugin-hybrid-elettrica-benzina-bianco-cat_ma9mo1624-57fe9e63-659d-4ca8-a538-b2c22a5aa94b,25000,6,2020,79000,automatico,Ibrido,150,S line,Sport,40 TFSI e,Privato,36,scandiano,42019,Emilia-Romagna,Nord-est
Audi A3 Sportback 30 2.0 tdi Business Advanced s-tronic,https://www.autoscout24.it/annunci/audi-a3-sportback-30-2-0-tdi-business-advanced-s-tronic-diesel-cat_ma9mo1624-9daac0e3-5f04-4944-8414-726733c63e4f,24999,4,2022,78,automatico,Diesel,150,Business Advanced,Middle,,Privato,793,milazzo,98057,Sicilia,Isole
Audi A3 30 2.0 tdi S line edition,https://www.autoscout24.it/annunci/audi-a3-30-2-0-tdi-s-line-edition-diesel-grigio-cat_ma9mo1624-a0a5c502-f8e2-425e-b11a-157d1337c36e,24500,4,2022,70101,manuale,Diesel,150,S line,Sport,,Rivenditore,121,la spezia,19136,Liguria,Nord-ovest
Audi A3 Sedan 30 1.0 tfsi mhev S line edition s-tronic,https://www.autoscout24.it/annunci/audi-a3-sedan-30-1-0-tfsi-mhev-s-line-edition-s-tronic-elettrica-benzina-cat_ma9mo1624-e8b62537-6eb4-4240-90da-1814e604b966,25000,5,2021,117000,automatico,Ibrido,150,S line,Sport,,Privato,177,genova,16149,Liguria,Nord-ovest
Audi A3 AUDI A3 SportBack 30 TDI S tronic Business/Advanced  | 25.432 KM | AUTOMATICA,https://www.autoscout24.it/annunci/audi-a3-audi-a3-sportback-30-tdi-s-tronic-business-advanced-25-432-km-automatica-diesel-nero-cat_ma9mo1624-3516e8be-bd20-4cab-a139-5f39d7800218,24990,4,2022,25000,automatico,Diesel,150,Business,Base,30 TDI,Rivenditore,162,bergamo,24126,Lombardia,Nord-ovest
Audi A3 30 2.0 tdi S line edition s-tronic,https://www.autoscout24.it/annunci/audi-a3-30-2-0-tdi-s-line-edition-s-tronic-diesel-nero-cat_ma9mo1624-768a9220-28dc-47aa-b79a-06e52d469a9f,24901,4,2022,55600,automatico,Diesel,150,S line,Sport,,Rivenditore,123,noale,30033,Veneto,Nord-est
Audi A3 SPB 35 TDI S tronic S line edition,https://www.autoscout24.it/annunci/audi-a3-spb-35-tdi-s-tronic-s-line-edition-diesel-grigio-cat_ma9mo1624-2695178b-d2d3-42b0-920b-6c3337583aaa,24900,4,2022,82500,automatico,Diesel,150,S line,Sport,35 TDI,Rivenditore,155,san dona piave,30027,Veneto,Nord-est
"Audi A3 5p 2,0 S-Line SportBack",https://www.autoscout24.it/annunci/audi-a3-5p-2-0-s-line-sportback-diesel-cat_ma9mo1624-27dd3ac2-a13e-4d53-b5b6-fad609d0ba9e,24500,4,2022,55655,automatico,Diesel,150,S line,Sport,,Privato,121,piacenza,29122,Emilia-Romagna,Nord-est
Audi A3 Sportback 40 1.4 tfsi e Identity Black s-tronic,https://www.autoscout24.it/annunci/audi-a3-sportback-40-1-4-tfsi-e-identity-black-s-tronic-elettrica-benzina-cat_ma9mo1624-87f6d9e2-16f0-4be2-8375-c0e60b02be0c,24500,3,2023,65000,automatico,Ibrido,150,Identity,Middle,,Privato,47,guastalla,42016,Emilia-Romagna,Nord-est
Audi A3 Sportback 40 1.4 tfsi e Business Advanced s-tronic,https://www.autoscout24.it/annunci/audi-a3-sportback-40-1-4-tfsi-e-business-advanced-s-tronic-elettrica-benzina-nero-cat_ma9mo1624-ece266c7-3c9e-4b0c-8eb9-b0f0a0e20d92,24499,3,2023,39000,automatico,Ibrido,150,Business Advanced,Middle,,Rivenditore,180,corsico,20094,Lombardia,Nord-ovest
Audi A3 A3 Sportback  30 2.0 Tdi Business Advanced S-Tronic,https://www.autoscout24.it/annunci/audi-a3-a3-sportback-30-2-0-tdi-business-advanced-s-tronic-diesel-grigio-cat_ma9mo1624-db73f16b-2ae0-4543-8d98-03f49f6e727f,24900,2,2024,68957,automatico,Diesel,150,Business Advanced,Middle,,Privato,200,perugia,6122,Umbria,Centro
Audi A3 Audi A3 Sportback 35 TDI S Line MATRIX/VIRTUAL/B&O,https://www.autoscout24.it/annunci/audi-a3-audi-a3-sportback-35-tdi-s-line-matrix-virtual-bo-diesel-bianco-cat_ma9mo1624-492d6395-c169-46db-847e-ba4710a2699c,24500,4,2022,80000,automatico,Diesel,150,S line,Sport,35 TDI,Privato,299,almese,10040,Piemonte,Nord-ovest
Audi A3 Sportback 35 2.0 tdi S line Edition s-tronic,https://www.autoscout24.it/annunci/audi-a3-sportback-35-2-0-tdi-s-line-edition-s-tronic-diesel-cat_ma9mo1624-c9cb24ff-9513-47e3-90ef-b8df64f979cd,24500,5,2021,110000,automatico,Diesel,150,S line,Sport,,Privato,448,aggius,7020,Sardegna,Isole
Audi A3 A3 IV 2020 Sportback Sportback 35 2.0 tdi Business Advanced s-tronic,https://www.autoscout24.it/annunci/audi-a3-a3-iv-2020-sportback-sportback-35-2-0-tdi-business-advanced-s-tronic-diesel-blu-azzurro-cat_ma9mo1624-dffc9e02-b983-49a4-a9b7-80462fa2d4d4,25000,4,2022,26000,automatico,Diesel,150,Business Advanced,Middle,,Privato,763,galatina,73013,Puglia,Sud
Audi A3 A3 Sportback 35 1.5 tfsi Sport 150cv,https://www.autoscout24.it/annunci/audi-a3-a3-sportback-35-1-5-tfsi-sport-150cv-benzina-nero-cat_ma9mo1624-49df7bcb-9bcf-4df5-8830-054f1ac71f35,24500,3,2023,27300,manuale,Benzina,150,Sport,Middle,,Rivenditore,89,ravenna,48124,Emilia-Romagna,Nord-est
Audi A3 Business Advance,https://www.autoscout24.it/annunci/audi-a3-business-advance-metano-grigio-cat_ma9mo1624-2fcea58c-4210-470b-83a3-3ffed9b1deac,25000,6,2020,48000,automatico,Metano,150,Business,Base,,Privato,223,ancona,60121,Marche,Centro
Audi A3 SBK 35 S line AUTOMATICA VIRTUAL GARANZIA 12 MESI,https://www.autoscout24.it/annunci/audi-a3-sbk-35-s-line-automatica-virtual-garanzia-12-mesi-diesel-bianco-cat_ma9mo1624-f86e569a-816d-4565-8296-b499736ef14b,24890,3,2023,69000,automatico,Diesel,150,S line,Sport,,Rivenditore,326,roma,175,Lazio,Centro
Audi A3 SPB 30 TDI S tronic S line edition,https://www.autoscout24.it/annunci/audi-a3-spb-30-tdi-s-tronic-s-line-edition-diesel-bianco-cat_ma9mo1624-0734e7e3-2cf3-4baf-9c9f-f8e3eefe5f85,24990,3,2023,77000,automatico,Diesel,150,S line,Sport,30 TDI,Rivenditore,112,dolo,30031,Veneto,Nord-est
Audi A3 Sportback 35 TFSI 150cv S-Tronic,https://www.autoscout24.it/annunci/audi-a3-sportback-35-tfsi-150cv-s-tronic-benzina-grigio-cat_ma9mo1624-f577e645-f2af-4c04-b9bb-20a317c2db10,24800,6,2020,68500,automatico,Benzina,150,Sport,Middle,35 TFSI,Privato,214,gallarate,21013,Lombardia,Nord-ovest
Audi A3 A3 IV 2020 Sportback Sportback 35 1.5 tfsi Business Advanced,https://www.autoscout24.it/annunci/audi-a3-a3-iv-2020-sportback-sportback-35-1-5-tfsi-business-advanced-benzina-blu-azzurro-cat_ma9mo1624-07c49691-01a8-4bef-bf5d-3ceaace3ba11,24900,5,2021,37000,manuale,Benzina,150,Business Advanced,Middle,,Privato,160,citta castello,6012,Umbria,Centro
Audi A3 A3 SPB 45 TFSI e S tronic S line edition,https://www.autoscout24.it/annunci/audi-a3-a3-spb-45-tfsi-e-s-tronic-s-line-edition-elettrica-benzina-nero-cat_ma9mo1624-5c5b580d-cb17-41cb-a2c0-a1990fc6bb71,24550,5,2021,94000,automatico,Ibrido,150,S line,Sport,45 TFSI e,Rivenditore,86,verona,37131,Veneto,Nord-est
Audi A3 sportback 30 2.0 tdi business,https://www.autoscout24.it/annunci/audi-a3-sportback-30-2-0-tdi-business-diesel-cat_ma9mo1624-b9d2de5d-e72b-48df-a712-18a7547dfe8a,24300,3,2023,11362,manuale,Diesel,150,Business,Base,,Rivenditore,276,torino,10148,Piemonte,Nord-ovest
"Audi A3 Sportback 40 1.4 tfsi e Identity black s-tronic 2021 18""",https://www.autoscout24.it/annunci/audi-a3-sportback-40-1-4-tfsi-e-identity-black-s-tronic-2021-18-elettrica-benzina-nero-cat_ma9mo1624-ddfa3d19-0a97-4b7f-84e9-cf7be2d70703,24490,5,2021,41211,automatico,Ibrido,150,Identity,Middle,,Rivenditore,342,monte compatri,77,Lazio,Centro
Audi A3 A3 2022 Sportback Sportback 30 2.0 tdi Business,https://www.autoscout24.it/annunci/audi-a3-a3-2022-sportback-sportback-30-2-0-tdi-business-diesel-nero-cat_ma9mo1624-46cf4cd6-336c-43f2-b7d8-4cfc33a64241,24500,4,2022,58000,automatico,Diesel,150,Business,Base,,Privato,317,palombara sabina,18,Lazio,Centro
Audi A3 A3 Sportback 30 1.0 tfsi mhev Business Advanced s-tronic,https://www.autoscout24.it/annunci/audi-a3-a3-sportback-30-1-0-tfsi-mhev-business-advanced-s-tronic-elettrica-benzina-grigio-cat_ma9mo1624-ba3bae20-3f56-4f2d-b185-94543ea84a2f,24900,3,2023,33348,automatico,Ibrido,150,Business Advanced,Middle,,Rivenditore,204,arconate,20020,Lombardia,Nord-ovest
Audi A3 35 TFSI 1.5 150cv,https://www.autoscout24.it/annunci/audi-a3-35-tfsi-1-5-150cv-benzina-nero-cat_ma9mo1624-1040a4c7-6116-4dd9-8707-c4be5cb05856,24500,3,2023,49493,manuale,Benzina,150,S,Performance,35 TFSI,Rivenditore,185,castello brianza,23884,Lombardia,Nord-ovest
Audi A3 A3 Sportback 30 2.0 tdi Business s-tronic,https://www.autoscout24.it/annunci/audi-a3-a3-sportback-30-2-0-tdi-business-s-tronic-diesel-argento-cat_ma9mo1624-9a5c2dd5-1e4d-4cca-82c6-53bac7575952,24900,3,2023,30749,automatico,Diesel,150,Business,Base,,Rivenditore,25,bologna,40138,Emilia-Romagna,Nord-est
Audi A3 A3 IV 2020 Sportback Sportback 35 2.0 tdi S line Edition s-tronic,https://www.autoscout24.it/annunci/audi-a3-a3-iv-2020-sportback-sportback-35-2-0-tdi-s-line-edition-s-tronic-diesel-grigio-cat_ma9mo1624-6a5c0bf1-a79e-4895-83fa-276311744e24,24900,5,2021,95000,automatico,Diesel,150,S line,Sport,,Rivenditore,190,lecco,23900,Lombardia,Nord-ovest
Audi A3 Sportback 35 2.0 tdi,https://www.autoscout24.it/annunci/audi-a3-sportback-35-2-0-tdi-diesel-cat_ma9mo1624-5c1a12cf-0adf-40a2-a505-b6d1f7d0eeae,24700,5,2021,58000,manuale,Diesel,150,Sport,Middle,,Privato,499,nola,80035,Campania,Sud
Audi A3 A3 IV 2020 SportbackSportback 40 1.4 tfsi e S line edition s-tronic,https://www.autoscout24.it/annunci/audi-a3-a3-iv-2020-sportbacksportback-40-1-4-tfsi-e-s-line-edition-s-tronic-elettrica-benzina-nero-cat_ma9mo1624-c7d5fce0-6cfb-44cd-ba19-76c40aa8248f,24300,5,2021,59800,automatico,Ibrido,150,S line,Sport,,Privato,177,genova,16165,Liguria,Nord-ovest
Audi A3 Sportback 35 2.0 tdi Business Advanced s-tronic,https://www.autoscout24.it/annunci/audi-a3-sportback-35-2-0-tdi-business-advanced-s-tronic-diesel-bianco-cat_ma9mo1624-be1cabf6-e9b7-47ca-84b8-2e817ea0fa1e,24900,4,2022,65000,automatico,Diesel,150,Business Advanced,Middle,,Rivenditore,211,jesi,60035,Marche,Centro
Audi A3 A3 35 TDI 150CV Identity black S Line S Tronic,https://www.autoscout24.it/annunci/audi-a3-a3-35-tdi-150cv-identity-black-s-line-s-tronic-diesel-bianco-cat_ma9mo1624-95e120ad-d5b4-4516-9055-d353d819912d,24900,6,2020,77000,automatico,Diesel,150,Identity,Middle,35 TDI,Rivenditore,342,monte compatri,77,Lazio,Centro
Audi A3 Sportback 35 1.5 tfsi mhev S line edition s-tronic,https://www.autoscout24.it/annunci/audi-a3-sportback-35-1-5-tfsi-mhev-s-line-edition-s-tronic-elettrica-benzina-cat_ma9mo1624-d729b128-094b-4f04-859e-418ff30eb85a,24500,5,2021,129000,automatico,Ibrido,150,S line,Sport,,Privato,342,zagarolo,39,Lazio,Centro
Audi A3 S-Line,https://www.autoscout24.it/annunci/audi-a3-s-line-diesel-cat_ma9mo1624-15e2e501-0182-41c2-ba5c-49a4ea958bc8,25000,3,2023,96000,automatico,Diesel,150,S line,Sport,,Privato,156,trento,38123,Trentino-Alto Adige/Südtirol,Nord-est
Audi A3 30 2.0 tdi S line edition s-tronic,https://www.autoscout24.it/annunci/audi-a3-30-2-0-tdi-s-line-edition-s-tronic-diesel-grigio-cat_ma9mo1624-39bb8ff8-7561-4ac7-9bc2-57f12e5e4df3,24500,3,2023,88398,automatico,Diesel,150,S line,Sport,,Rivenditore,97,chiesina uzzanese,51013,Toscana,Centro
Audi A3 S LINE INT+EST - S TRONIC - MATRIX - KM 59.000,https://www.autoscout24.it/annunci/audi-a3-s-line-int+est-s-tronic-matrix-km-59-000-benzina-bianco-cat_ma9mo1624-332d2f55-f8e0-461f-a6ba-d23e9c9fa3e9,24900,5,2021,59000,automatico,Benzina,150,S line,Sport,,Rivenditore,236,castagnole delle lanze,14054,Piemonte,Nord-ovest
Audi A3 A3 Sportback 30 2.0 tdi S line edition s-tronic,https://www.autoscout24.it/annunci/audi-a3-a3-sportback-30-2-0-tdi-s-line-edition-s-tronic-diesel-nero-cat_ma9mo1624-cd3558a9-208b-4d02-908c-56c8bac1ac67,25000,5,2021,73000,automatico,Diesel,150,S line,Sport,,Privato,272,tarquinia,1016,Lazio,Centro
Audi A3 IV 2020 Sportback - A3 Sportback 30 1.0 tfsi mhev,https://www.autoscout24.it/annunci/audi-a3-iv-2020-sportback-a3-sportback-30-1-0-tfsi-mhev-elettrica-benzina-grigio-cat_ma9mo1624-cb23dbb6-afde-417a-af9e-a8694037eb09,24900,3,2023,28818,automatico,Ibrido,150,Sport,Middle,,Rivenditore,223,borgo vercelli,13012,Piemonte,Nord-ovest
Audi A3 A3 IV 2020 Sportback Sportback 40 1.4 tfsi e s-tronic,https://www.autoscout24.it/annunci/audi-a3-a3-iv-2020-sportback-sportback-40-1-4-tfsi-e-s-tronic-elettrica-benzina-blu-azzurro-cat_ma9mo1624-e9a26cc3-1bc2-428a-b114-906e26febc99,24500,4,2022,68130,automatico,Ibrido,150,Sport,Middle,,Rivenditore,74,cologna veneta,37044,Veneto,Nord-est
Audi A3 S-Line,https://www.autoscout24.it/annunci/audi-a3-s-line-benzina-blu-azzurro-cat_ma9mo1624-d651a8f8-753d-4d0a-a335-da22df2398ba,25000,5,2021,60000,automatico,Benzina,150,S line,Sport,,Privato,282,pontsaintmartin,11026,Valle d'Aosta/Vallée d'Aoste,Nord-ovest
Audi A3 Sportback 30 2.0 tdi S line edition,https://www.autoscout24.it/annunci/audi-a3-sportback-30-2-0-tdi-s-line-edition-diesel-cat_ma9mo1624-1daccbf4-21f6-4494-8621-79bdee96340e,25000,6,2020,86000,manuale,Diesel,150,S line,Sport,,Privato,131,montevarchi,52025,Toscana,Centro
Audi A3 A3 IV 2020 Sportback Sportback 35 2.0 tdi Business Advanced s-tronic,https://www.autoscout24.it/annunci/audi-a3-a3-iv-2020-sportback-sportback-35-2-0-tdi-business-advanced-s-tronic-diesel-nero-cat_ma9mo1624-3a3c005a-4866-4fbc-9b58-d76469a77638,24490,4,2022,80000,automatico,Diesel,150,Business Advanced,Middle,,Privato,495,napoli,80121,Campania,Sud
Audi A3 A3 IV 2020 Sedan Sedan 30 2.0 tdi Business,https://www.autoscout24.it/annunci/audi-a3-a3-iv-2020-sedan-sedan-30-2-0-tdi-business-diesel-bianco-cat_ma9mo1624-09f99945-2389-434b-b145-6b5232f54dcc,24290,3,2023,52000,manuale,Diesel,150,Business,Base,,Rivenditore,322,guidonia montecelio,12,Lazio,Centro
Audi A3 40 1.4 tfsi e Business s-tronic,https://www.autoscout24.it/annunci/audi-a3-40-1-4-tfsi-e-business-s-tronic-elettrica-benzina-cat_ma9mo1624-1a7e34c6-30cf-4693-8af4-3f156c3737cf,24200,3,2023,57238,automatico,Ibrido,150,Business,Base,,Rivenditore,65,parma,43126,Emilia-Romagna,Nord-est
Audi A3 Sportback 35 2.0 tdi S line Edition,https://www.autoscout24.it/annunci/audi-a3-sportback-35-2-0-tdi-s-line-edition-diesel-bianco-cat_ma9mo1624-680fe5a8-9117-48ba-8e9b-3b0b90a3ebad,24300,3,2023,68500,manuale,Diesel,150,S line,Sport,,Rivenditore,190,lecco,23900,Lombardia,Nord-ovest
Audi A3 Sportback 35 2.0 tdi Business s-tronic '21 SOLO KM 34.000,https://www.autoscout24.it/annunci/audi-a3-sportback-35-2-0-tdi-business-s-tronic-21-solo-km-34-000-diesel-argento-cat_ma9mo1624-f8fe08d0-8de4-4f9f-9e6c-2962a4960db6,24500,5,2021,34934,automatico,Diesel,150,Business,Base,,Rivenditore,205,como,22100,Lombardia,Nord-ovest
Audi A3 Sportback 30 2.0 tdi Business s-tronic,https://www.autoscout24.it/annunci/audi-a3-sportback-30-2-0-tdi-business-s-tronic-diesel-cat_ma9mo1624-d9ea3d08-a5b3-4b5c-a05f-ef34c303195b,25000,4,2022,65000,automatico,Diesel,150,Business,Base,,Privato,16,modena,41123,Emilia-Romagna,Nord-est
Audi A3 Sportback 30 2.0 tdi 116cv S-Tronic S-Line Edition,https://www.autoscout24.it/annunci/audi-a3-sportback-30-2-0-tdi-116cv-s-tronic-s-line-edition-diesel-grigio-cat_ma9mo1624-3fbecd6a-1cb5-4ec7-9414-3ff83a4504d2,24500,3,2023,95000,automatico,Diesel,150,S line,Sport,,Rivenditore,190,aldino,39040,Trentino-Alto Adige/Südtirol,Nord-est
Audi A3 A3 Sedan 30 1.0 tfsi Business Advanced,https://www.autoscout24.it/annunci/audi-a3-a3-sedan-30-1-0-tfsi-business-advanced-benzina-argento-cat_ma9mo1624-e4b4d8a3-ddf4-4a25-b927-c2fff779a117,25000,3,2023,31600,manuale,Benzina,150,Business Advanced,Middle,,Rivenditore,105,massa,54100,Toscana,Centro
Audi A3 A3 IV 2020 Sportback 30 2.0 tdi s-tronic S Line,https://www.autoscout24.it/annunci/audi-a3-a3-iv-2020-sportback-30-2-0-tdi-s-tronic-s-line-diesel-bianco-cat_ma9mo1624-565e8909-144c-4954-b527-1b8256c5420b,24500,3,2023,95000,automatico,Diesel,150,S line,Sport,,Privato,117,lerici,19032,Liguria,Nord-ovest
Audi A3 Sportback 35 2.0 tdi Business Advanced,https://www.autoscout24.it/annunci/audi-a3-sportback-35-2-0-tdi-business-advanced-diesel-cat_ma9mo1624-fcc6bd12-6655-4c5f-b0b6-e335ed099e00,24500,5,2021,93500,manuale,Diesel,150,Business Advanced,Middle,,Privato,852,camastra,92020,Sicilia,Isole
Audi A3 30 1.0 tfsi mhev Business Advanced s-tronic,https://www.autoscout24.it/annunci/audi-a3-30-1-0-tfsi-mhev-business-advanced-s-tronic-elettrica-benzina-bianco-cat_ma9mo1624-8ce8b7f2-2603-4c80-81e5-e0848b7128e4,24990,3,2023,24900,automatico,Ibrido,150,Business Advanced,Middle,,Rivenditore,326,roma,191,Lazio,Centro
Audi A3 SPB 35 TFSI Business Advanced,https://www.autoscout24.it/annunci/audi-a3-spb-35-tfsi-business-advanced-benzina-nero-cat_ma9mo1624-27df6cbb-1c63-4590-82b8-02892491f5cf,24950,4,2022,44139,manuale,Benzina,150,Business Advanced,Middle,35 TFSI,Rivenditore,201,rivignano teor,33061,Friuli-Venezia Giulia,Nord-est
Audi A3 Sportback 40 1.4 tfsi e-tron Sport s-tronic,https://www.autoscout24.it/annunci/audi-a3-sportback-40-1-4-tfsi-e-tron-sport-s-tronic-elettrica-benzina-cat_ma9mo1624-3ae24bbb-9490-44e1-a85d-75fb1d48678f,24900,6,2020,78000,automatico,Ibrido,150,Sport,Middle,,Privato,326,roma,162,Lazio,Centro
Audi A3 sportback 30 2.0 tdi,https://www.autoscout24.it/annunci/audi-a3-sportback-30-2-0-tdi-diesel-argento-cat_ma9mo1624-f6f8a187-dc39-4f74-bddc-b180c664d0a4,24900,2,2024,36875,manuale,Diesel,150,Sport,Middle,,Rivenditore,156,trento,38121,Trentino-Alto Adige/Südtirol,Nord-est
Audi A3 S.BACK 35 TDI 2.0 150 CV S-TRON S-LINE EDITION,https://www.autoscout24.it/annunci/audi-a3-s-back-35-tdi-2-0-150-cv-s-tron-s-line-edition-diesel-grigio-cat_ma9mo1624-07ff6ec6-a8a9-4ffa-80da-2ee9adf80e4c,24999,5,2021,110000,automatico,Diesel,150,S line,Sport,35 TDI,Rivenditore,514,atripalda,83042,Campania,Sud
Audi A3 Sportback 30 1.0 tfsi Business Advanced,https://www.autoscout24.it/annunci/audi-a3-sportback-30-1-0-tfsi-business-advanced-benzina-bianco-cat_ma9mo1624-2f92b698-cb22-485e-8274-14c9359dabed,24650,4,2022,33000,manuale,Benzina,150,Business Advanced,Middle,,Rivenditore,140,livorno,57121,Toscana,Centro
Audi A3 Sportback 35 TDI S-tronic 150CV S line Edition | FARI MATRIX | PACK BLACK | COCKPIT | IVA ESPOSTA,https://www.autoscout24.it/annunci/audi-a3-sportback-35-tdi-s-tronic-150cv-s-line-edition-fari-matrix-pack-black-cockpit-iva-esposta-diesel-nero-cat_ma9mo1624-9574543b-951d-40df-a289-fb687b8ce951,24499,4,2022,115000,automatico,Diesel,150,S line,Sport,35 TDI,Rivenditore,499,sant anastasia,80048,Campania,Sud
Audi A3 SPB 40 TFSIe S tronic S line edition Sportback,https://www.autoscout24.it/annunci/audi-a3-spb-40-tfsie-s-tronic-s-line-edition-sportback-elettrica-benzina-blu-azzurro-cat_ma9mo1624-ee7aed29-8aa8-4a85-b7e3-c9f2f769b546,24800,4,2022,86000,automatico,Ibrido,150,S line,Sport,40 TFSI e,Rivenditore,106,castelverde,26022,Lombardia,Nord-ovest
Audi A3 A3 SPB 30 TDI S tronic Business Advanced,https://www.autoscout24.it/annunci/audi-a3-a3-spb-30-tdi-s-tronic-business-advanced-diesel-nero-cat_ma9mo1624-b39389ed-23fb-4c9b-b453-bae300e0dffe,25000,3,2023,51000,automatico,Diesel,150,Business Advanced,Middle,30 TDI,Rivenditore,262,porto sant elpidio,63821,Marche,Centro
Audi A3 Sportback 40 1.4 tfsi e Business,https://www.autoscout24.it/annunci/audi-a3-sportback-40-1-4-tfsi-e-business-elettrica-benzina-nero-cat_ma9mo1624-cbd9cd15-cb74-41f8-bb37-e60769973040,24500,4,2022,60000,automatico,Ibrido,150,Business,Base,,Privato,89,ravenna,48123,Emilia-Romagna,Nord-est
Audi A3 Sportback 45 1.4 tfsi e Identity black S line S-tronic 2022 camera,https://www.autoscout24.it/annunci/audi-a3-sportback-45-1-4-tfsi-e-identity-black-s-line-s-tronic-2022-camera-elettrica-benzina-grigio-cat_ma9mo1624-a2e8b106-e3d0-4084-a560-c3e8cb237683,24990,4,2022,69924,automatico,Ibrido,150,Identity,Middle,,Rivenditore,342,monte compatri,77,Lazio,Centro
Audi A3 SPB 35 TDI S-tronic *UNICO PROP.*ITALIANA*,https://www.autoscout24.it/annunci/audi-a3-spb-35-tdi-s-tronic-unico-prop-italiana-diesel-blu-azzurro-cat_ma9mo1624-b6bbadf0-546a-4869-93f5-93946eece3e8,24490,2,2024,26994,automatico,Diesel,150,S,Performance,35 TDI,Rivenditore,175,cologno monzese,20093,Lombardia,Nord-ovest
Audi A3 sportback S line,https://www.autoscout24.it/annunci/audi-a3-sportback-s-line-benzina-blu-azzurro-cat_ma9mo1624-b7074e13-4ea1-4a45-9ee8-b187ded49754,25000,4,2022,95000,automatico,Benzina,150,S line,Sport,,Privato,222,varese,21100,Lombardia,Nord-ovest
Audi A3 Sportback 30 2.0 tdi,https://www.autoscout24.it/annunci/audi-a3-sportback-30-2-0-tdi-diesel-cat_ma9mo1624-042c94e0-b814-4305-a41b-d9ab687cf26a,25000,5,2021,36700,manuale,Diesel,150,Sport,Middle,,Privato,170,cernusco sul naviglio,20063,Lombardia,Nord-ovest
Audi A3 A3 III 2016 Sportback Sportback 35 1.5 tfsi 150cv s-tronic,https://www.autoscout24.it/annunci/audi-a3-a3-iii-2016-sportback-sportback-35-1-5-tfsi-150cv-s-tronic-benzina-grigio-cat_ma9mo1624-41e2fa74-14df-44a4-a063-dfb1b689ba34,24500,6,2020,30800,automatico,Benzina,150,Sport,Middle,,Privato,326,roma,165,Lazio,Centro
Audi A3 A3 IV 2020 SportbackSportback 35 1.5 tfsi mhev Bus,https://www.autoscout24.it/annunci/audi-a3-a3-iv-2020-sportbacksportback-35-1-5-tfsi-mhev-bus-elettrica-benzina-nero-cat_ma9mo1624-0f69c45f-7edf-4502-9936-dae399e744a7,25000,6,2020,63000,automatico,Ibrido,150,Sport,Middle,,Privato,745,carini,90044,Sicilia,Isole
Audi A3 Sportback 35 TDI s-tronic Advanced,https://www.autoscout24.it/annunci/audi-a3-sportback-35-tdi-s-tronic-advanced-diesel-bianco-cat_ma9mo1624-6c24b920-8dee-46b8-b29f-0ca854c717f0,24900,4,2022,84000,automatico,Diesel,150,Advanced,Middle,35 TDI,Rivenditore,747,monteroni lecce,73047,Puglia,Sud
Audi A3 A3 IV  Sportback Sportback 30 1.0 tfsi,https://www.autoscout24.it/annunci/audi-a3-a3-iv-sportback-sportback-30-1-0-tfsi-benzina-grigio-cat_ma9mo1624-27a94908-cddc-48fd-b39f-e7ebc9776422,24500,3,2023,38000,manuale,Benzina,150,Sport,Middle,,Rivenditore,177,milano,20155,Lombardia,Nord-ovest
Audi A3 SPB 40 TFSIe s-tronic CarPlay/AndroidAuto Camera,https://www.autoscout24.it/annunci/audi-a3-spb-40-tfsie-s-tronic-carplay-androidauto-camera-elettrica-benzina-blu-azzurro-cat_ma9mo1624-88519995-17fe-4499-b87f-539e52456c7a,24400,4,2022,50000,automatico,Ibrido,150,S,Performance,40 TFSI e,Rivenditore,119,azzanello,26010,Lombardia,Nord-ovest
Audi A3 40 TFSI e S tronic Business,https://www.autoscout24.it/annunci/audi-a3-40-tfsi-e-s-tronic-business-elettrica-benzina-nero-cat_ma9mo1624-039f52db-545f-4a5a-91ee-614710301a97,24900,4,2022,30900,automatico,Ibrido,150,Business,Base,40 TFSI e,Rivenditore,216,cavaria con premezzo,21044,Lombardia,Nord-ovest
Audi A3 35 TDI S tronic Business Advanced,https://www.autoscout24.it/annunci/audi-a3-35-tdi-s-tronic-business-advanced-diesel-grigio-cat_ma9mo1624-0844fd41-b880-409f-9d59-c20f0f2c95a3,24900,4,2022,60770,automatico,Diesel,150,Business Advanced,Middle,35 TDI,Rivenditore,204,arconate,20020,Lombardia,Nord-ovest
Audi A3 SPB 30 g-tron S tronic Business Advanced,https://www.autoscout24.it/annunci/audi-a3-spb-30-g-tron-s-tronic-business-advanced-altro-grigio-cat_ma9mo1624-2376520c-3e7a-4223-b16c-37eef5e3b11f,24950,5,2021,64500,automatico,Benzina,150,Business Advanced,Middle,,Rivenditore,14,pieve cento,40066,Emilia-Romagna,Nord-est
Audi A3 Sportback 30TDI 116CV Business,https://www.autoscout24.it/annunci/audi-a3-sportback-30tdi-116cv-business-diesel-blu-azzurro-cat_ma9mo1624-717e2c9b-05af-400e-9c5c-9e39e40927ca,25000,3,2023,23188,manuale,Diesel,150,Business,Base,30 TDI,Rivenditore,86,verona,37139,Veneto,Nord-est
Audi A3 SPB 35 TFSI 150CV,https://www.autoscout24.it/annunci/audi-a3-spb-35-tfsi-150cv-benzina-bianco-cat_ma9mo1624-7ff336be-60a4-4e91-9b6e-4236f19ee374,24700,3,2023,30000,manuale,Benzina,150,S,Performance,35 TFSI,Rivenditore,160,bieno,38050,Trentino-Alto Adige/Südtirol,Nord-est
Audi A3 A3 Sportback 35 tdi s line s tronic identity black 150cv,https://www.autoscout24.it/annunci/audi-a3-a3-sportback-35-tdi-s-line-s-tronic-identity-black-150cv-diesel-nero-cat_ma9mo1624-17a728ee-13e8-47a5-a33e-ff294389cc3c,24500,6,2020,87000,automatico,Diesel,150,Identity,Middle,35 TDI,Rivenditore,342,monte compatri,77,Lazio,Centro
Audi A3 SPORTBACK 30 TDI S tronic Business,https://www.autoscout24.it/annunci/audi-a3-sportback-30-tdi-s-tronic-business-diesel-grigio-cat_ma9mo1624-d602414a-7d7f-4f8e-8990-91028194510f,24900,3,2023,34059,automatico,Diesel,150,Business,Base,30 TDI,Rivenditore,193,vigevano,27029,Lombardia,Nord-ovest
Audi A3 30 TDI S tronic Business Advanced,https://www.autoscout24.it/annunci/audi-a3-30-tdi-s-tronic-business-advanced-diesel-nero-cat_ma9mo1624-3009f60d-139c-49e6-97fb-8905396ed086,24400,3,2023,116770,automatico,Diesel,150,Business Advanced,Middle,30 TDI,Rivenditore,104,lucca,55100,Toscana,Centro
Audi A3 Sportback 35 2.0 tdi Business Advanced s-tronic,https://www.autoscout24.it/annunci/audi-a3-sportback-35-2-0-tdi-business-advanced-s-tronic-diesel-cat_ma9mo1624-661b7a88-a651-41e5-b40d-125321e3ecd7,24900,6,2020,72000,automatico,Diesel,150,Business Advanced,Middle,,Privato,217,marsciano,6055,Umbria,Centro
Audi A3 30 TDI Business,https://www.autoscout24.it/annunci/audi-a3-30-tdi-business-diesel-argento-cat_ma9mo1624-bb522436-5751-42b7-a63c-8ba204b09dec,24400,3,2023,59850,manuale,Diesel,150,Business,Base,30 TDI,Rivenditore,104,lucca,55100,Toscana,Centro
Audi A3 Sportback 30 TDI Business Advanced S-Tronic *** 20.000KM *** AUTOMATICA ***,https://www.autoscout24.it/annunci/audi-a3-sportback-30-tdi-business-advanced-s-tronic-20-000km-automatica-diesel-nero-cat_ma9mo1624-7675a947-078c-4a0e-9a0d-45fc0dc1fe93,24990,4,2022,20000,automatico,Diesel,150,Business Advanced,Middle,30 TDI,Rivenditore,178,monza,20900,Lombardia,Nord-ovest
Audi A3 A3 IV 2020 Sportback Sportback 30 2.0 tdi Business Advanced,https://www.autoscout24.it/annunci/audi-a3-a3-iv-2020-sportback-sportback-30-2-0-tdi-business-advanced-diesel-grigio-cat_ma9mo1624-b23f7fbb-efc8-4605-b3ef-ef9c7b7c48da,24500,4,2022,26700,manuale,Diesel,150,Business Advanced,Middle,,Privato,266,brandizzo,10032,Piemonte,Nord-ovest
Audi A3 Sportback 35 2.0 tdi S line Edition s-tronic,https://www.autoscout24.it/annunci/audi-a3-sportback-35-2-0-tdi-s-line-edition-s-tronic-diesel-cat_ma9mo1624-9e81574b-64ed-4eb9-974b-4ff3ffd3b34e,24500,5,2021,107000,automatico,Diesel,150,S line,Sport,,Privato,914,siracusa,96100,Sicilia,Isole
Audi A3 A3 IV Sportback Sportback 35 2.0 tdi Business s-tronic,https://www.autoscout24.it/annunci/audi-a3-a3-iv-sportback-sportback-35-2-0-tdi-business-s-tronic-diesel-nero-cat_ma9mo1624-8dd1dde3-9c05-4882-88cd-2a9341a64536,24500,4,2022,63400,automatico,Diesel,150,Business,Base,,Rivenditore,86,marliana,51010,Toscana,Centro
Audi A3 SPB 40 1.4 TFSI e S tronic Advanced Plug in 204CV,https://www.autoscout24.it/annunci/audi-a3-spb-40-1-4-tfsi-e-s-tronic-advanced-plug-in-204cv-elettrica-benzina-grigio-cat_ma9mo1624-933bd262-ec86-4398-a678-f2fc913c3e74,24500,3,2023,71252,automatico,Ibrido,150,Advanced,Middle,,Rivenditore,209,delebio,23014,Lombardia,Nord-ovest
Audi A3 SPB 35 TFSI Business Advanced,https://www.autoscout24.it/annunci/audi-a3-spb-35-tfsi-business-advanced-benzina-nero-cat_ma9mo1624-1d9a55ee-b5b4-4aab-8ce2-978bbb05d812,24950,4,2022,44139,manuale,Benzina,150,Business Advanced,Middle,35 TFSI,Rivenditore,163,oderzo,31046,Veneto,Nord-est
Audi A3 A3 Sportback 40 1.4 tfsi e s-tronic PREZZO VERO,https://www.autoscout24.it/annunci/audi-a3-a3-sportback-40-1-4-tfsi-e-s-tronic-prezzo-vero-elettrica-benzina-nero-cat_ma9mo1624-3d381cc1-4d51-4838-a46f-d50566c137c7,24990,4,2022,46500,automatico,Ibrido,150,Sport,Middle,,Rivenditore,177,zibido san giacomo,20058,Lombardia,Nord-ovest
Audi A3 Sportback 30 2.0 tdi Business s-tronic,https://www.autoscout24.it/annunci/audi-a3-sportback-30-2-0-tdi-business-s-tronic-diesel-cat_ma9mo1624-6faedfdb-fada-4b66-9afe-ba206f0e5d7c,24600,4,2022,73000,automatico,Diesel,150,Business,Base,,Privato,163,refrontolo,31020,Veneto,Nord-est
Audi A3 Sportback 30 1.5 g-tron S line edition s-tronic,https://www.autoscout24.it/annunci/audi-a3-sportback-30-1-5-g-tron-s-line-edition-s-tronic-metano-cat_ma9mo1624-50550602-18be-4171-9d82-aa94a03ea5d9,24500,5,2021,110000,automatico,Metano,150,S line,Sport,,Privato,25,bologna,40127,Emilia-Romagna,Nord-est
Audi A3 SPB 35 TDI S.tronic Business Advanced,https://www.autoscout24.it/annunci/audi-a3-spb-35-tdi-s-tronic-business-advanced-diesel-nero-cat_ma9mo1624-d9f47b84-41b0-439b-9394-c4ca5d934164,24500,4,2022,55000,automatico,Diesel,150,Business Advanced,Middle,35 TDI,Rivenditore,163,refrontolo,31020,Veneto,Nord-est
Audi A3 A3 IV 2020 Sportback Sportback 30 2.0 tdi Business Advanced s-tronic,https://www.autoscout24.it/annunci/audi-a3-a3-iv-2020-sportback-sportback-30-2-0-tdi-business-advanced-s-tronic-diesel-nero-cat_ma9mo1624-f04a365f-4849-4936-a9ff-05f74740dde6,25000,5,2021,75000,automatico,Diesel,150,Business Advanced,Middle,,Privato,60,copparo,44034,Emilia-Romagna,Nord-est
Audi A3 A3 SPB 40 TDI quattro S tronic S line edition,https://www.autoscout24.it/annunci/audi-a3-a3-spb-40-tdi-quattro-s-tronic-s-line-edition-diesel-grigio-cat_ma9mo1624-5bd90c87-17d6-4c57-93e5-9b511eb62a5f,25000,5,2021,124999,automatico,Diesel,150,S line,Sport,40 TDI,Rivenditore,50,dosolo,46030,Lombardia,Nord-ovest
Audi A3 A3 Sportback 35 1.5 tfsi Business,https://www.autoscout24.it/annunci/audi-a3-a3-sportback-35-1-5-tfsi-business-benzina-grigio-cat_ma9mo1624-4f03fc5b-6888-484a-8a43-8a3759a8ccca,24500,4,2022,45157,manuale,Benzina,150,Business,Base,,Rivenditore,16,modena,41126,Emilia-Romagna,Nord-est
Audi A3 A3 SPB 35 TDI S tronic Business,https://www.autoscout24.it/annunci/audi-a3-a3-spb-35-tdi-s-tronic-business-diesel-grigio-cat_ma9mo1624-d66e3574-7de6-42dd-8fc7-6752506f09a7,24900,4,2022,56046,automatico,Diesel,150,Business,Base,35 TDI,Rivenditore,87,casalmoro,46040,Lombardia,Nord-ovest
Audi A3 30 TDI S tronic Business Advanced,https://www.autoscout24.it/annunci/audi-a3-30-tdi-s-tronic-business-advanced-diesel-blu-azzurro-cat_ma9mo1624-845685ae-e5bb-48e0-8462-b471c36eb092,24800,4,2022,70000,automatico,Diesel,150,Business Advanced,Middle,30 TDI,Rivenditore,105,massa,54100,Toscana,Centro
Audi A3 30 g-tron S tronic Business Advanced,https://www.autoscout24.it/annunci/audi-a3-30-g-tron-s-tronic-business-advanced-metano-nero-cat_ma9mo1624-f6960a36-bc0c-4f14-aa0a-76b96e2d49de,24800,4,2022,85147,automatico,Metano,150,Business Advanced,Middle,,Rivenditore,16,modena,41126,Emilia-Romagna,Nord-est
Audi A3 30 TDI Business Advanced,https://www.autoscout24.it/annunci/audi-a3-30-tdi-business-advanced-diesel-nero-cat_ma9mo1624-1595539a-d29b-422b-9a54-098610e1d9d8,24800,3,2023,53700,manuale,Diesel,150,Business Advanced,Middle,30 TDI,Rivenditore,105,massa,54100,Toscana,Centro
Audi A3 A3 IV 2020 Sportback Sportback 30 2.0 tdi Business Advanced s-tronic,https://www.autoscout24.it/annunci/audi-a3-a3-iv-2020-sportback-sportback-30-2-0-tdi-business-advanced-s-tronic-diesel-bianco-cat_ma9mo1624-8db5ae2a-ffec-4e1b-b1f6-4d6ae15e4d64,24500,4,2022,61000,automatico,Diesel,150,Business Advanced,Middle,,Privato,231,bressanone,39042,Trentino-Alto Adige/Südtirol,Nord-est
Audi A3 35 TDI S line,https://www.autoscout24.it/annunci/audi-a3-35-tdi-s-line-diesel-giallo-cat_ma9mo1624-a075b397-2037-48c7-9f9b-ac70a9d1cf4e,24899,4,2022,68722,automatico,Diesel,150,S line,Sport,35 TDI,Rivenditore,25,bologna,40131,Emilia-Romagna,Nord-est
Audi A3 -  150 CV BUSINESS  CAMBIO  MANUALE,https://www.autoscout24.it/annunci/audi-a3-150-cv-business-cambio-manuale-benzina-bianco-cat_ma9mo1624-7c2d899a-aa59-4c41-b54e-8661b5e81c86,24400,2,2024,82000,manuale,Benzina,150,Business,Base,,Rivenditore,19,san giorgio piano,40016,Emilia-Romagna,Nord-est
Audi A3 A3 Sportback 30 2.0 tdi S line edition s-tronic,https://www.autoscout24.it/annunci/audi-a3-a3-sportback-30-2-0-tdi-s-line-edition-s-tronic-diesel-blu-azzurro-cat_ma9mo1624-e770775b-3396-4bb9-8a33-cc06a557b701,24900,2,2024,91120,automatico,Diesel,150,S line,Sport,,Rivenditore,95,albignasego,35020,Veneto,Nord-est
Audi A3 SportBack 35 2.0 TDI 150CV S tronic Advanced Bussi,https://www.autoscout24.it/annunci/audi-a3-sportback-35-2-0-tdi-150cv-s-tronic-advanced-bussi-diesel-nero-cat_ma9mo1624-705e96f2-4d39-4e9e-bbf9-6667e116ed78,24990,4,2022,80685,automatico,Diesel,150,Advanced,Middle,,Rivenditore,852,camporotondo etneo,95040,Sicilia,Isole
Audi A3 Sportback 40 1.4 tfsi e Business Advanced s-tronic,https://www.autoscout24.it/annunci/audi-a3-sportback-40-1-4-tfsi-e-business-advanced-s-tronic-elettrica-benzina-cat_ma9mo1624-7163ee6f-fbb3-4af4-ba02-c7454ea13bb5,25000,5,2021,51000,automatico,Ibrido,150,Business Advanced,Middle,,Privato,326,roma,141,Lazio,Centro
Audi A3 IV Sportback 40 1.4 tfsi e Business s-tronic,https://www.autoscout24.it/annunci/audi-a3-iv-sportback-40-1-4-tfsi-e-business-s-tronic-elettrica-benzina-bianco-cat_ma9mo1624-eb8926eb-d12f-4f99-a424-75d06caefde7,24300,4,2022,62500,automatico,Ibrido,150,Business,Base,,Rivenditore,163,melzo,20066,Lombardia,Nord-ovest
Audi A3 A3 Sedan 35 TDI S tronic Business Advanced,https://www.autoscout24.it/annunci/audi-a3-a3-sedan-35-tdi-s-tronic-business-advanced-diesel-bianco-cat_ma9mo1624-78ef6d66-a98f-4431-b231-ef5c158b3562,24900,2,2024,118000,automatico,Diesel,150,Business Advanced,Middle,35 TDI,Rivenditore,221,san daniele friuli,33038,Friuli-Venezia Giulia,Nord-est
Audi A3 A3 IV 2020 Sportback Sportback 35 2.0 tdi S line Edition s-tronic,https://www.autoscout24.it/annunci/audi-a3-a3-iv-2020-sportback-sportback-35-2-0-tdi-s-line-edition-s-tronic-diesel-cat_ma9mo1624-8f5af547-a8f2-4ab7-82e8-0213b5ac2452,24999,5,2021,135000,automatico,Diesel,150,S line,Sport,,Privato,570,sicignano alburni,84029,Campania,Sud
Audi A3 Sportback 35 2.0 tdi Business Advanced s-tronic,https://www.autoscout24.it/annunci/audi-a3-sportback-35-2-0-tdi-business-advanced-s-tronic-diesel-cat_ma9mo1624-bbc5af20-98b0-4333-a943-fe98d0495ffa,24800,6,2020,110000,automatico,Diesel,150,Business Advanced,Middle,,Privato,783,catanzaro,88100,Calabria,Sud
Audi A3 4ª SERIE SPB 35 TDI BUSINESS ADVANCED,https://www.autoscout24.it/annunci/audi-a3-4-serie-spb-35-tdi-business-advanced-diesel-blu-azzurro-cat_ma9mo1624-5a163fd7-84e8-4746-96bb-774a796c409b,24900,3,2023,87562,manuale,Diesel,150,Business Advanced,Middle,35 TDI,Rivenditore,204,bolzano,39100,Trentino-Alto Adige/Südtirol,Nord-est
Audi A3 Sportback 30 tfsi Business Advanced,https://www.autoscout24.it/annunci/audi-a3-sportback-30-tfsi-business-advanced-benzina-bianco-cat_ma9mo1624-89e1cc63-b681-48d1-9bc0-d317386d5c79,25000,4,2022,25000,manuale,Benzina,150,Business Advanced,Middle,30 TFSI,Rivenditore,160,albino,24021,Lombardia,Nord-ovest
Audi A3 35 TDI S line,https://www.autoscout24.it/annunci/audi-a3-35-tdi-s-line-diesel-giallo-cat_ma9mo1624-8614508a-c991-418c-8b81-fe93a478f7b3,24899,4,2022,68722,automatico,Diesel,150,S line,Sport,35 TDI,Rivenditore,177,milano,20155,Lombardia,Nord-ovest
Audi A3 A3 IV Sedan 30 2.0 tdi Business s-tronic LIMUSINE,https://www.autoscout24.it/annunci/audi-a3-a3-iv-sedan-30-2-0-tdi-business-s-tronic-limusine-diesel-argento-cat_ma9mo1624-13c486fe-5414-4e73-b8c1-0141816fc332,25000,4,2022,67000,automatico,Diesel,150,Business,Base,,Rivenditore,146,bariano,24050,Lombardia,Nord-ovest
Audi A3 Sportback 30 2.0 tdi Business Advanced,https://www.autoscout24.it/annunci/audi-a3-sportback-30-2-0-tdi-business-advanced-diesel-cat_ma9mo1624-fe2d2e7b-5f09-4313-a907-80474d0557da,25000,5,2021,60000,manuale,Diesel,150,Business Advanced,Middle,,Privato,228,appignano,62010,Marche,Centro
Audi A3 sportback 30 2.0 tdi s line edition s-tronic,https://www.autoscout24.it/annunci/audi-a3-sportback-30-2-0-tdi-s-line-edition-s-tronic-diesel-grigio-cat_ma9mo1624-bca073ae-ec62-4310-9add-ad9b3e97fc4c,24900,4,2022,92896,automatico,Diesel,150,S line,Sport,,Rivenditore,226,udine,33100,Friuli-Venezia Giulia,Nord-est
Audi A3 30 TDI S tronic Business Advanced,https://www.autoscout24.it/annunci/audi-a3-30-tdi-s-tronic-business-advanced-diesel-grigio-cat_ma9mo1624-96910ba3-404e-41bf-9a57-6cfcb044ad67,24900,4,2022,103091,automatico,Diesel,150,Business Advanced,Middle,30 TDI,Rivenditore,223,ancona,60131,Marche,Centro
Audi A3 35 TDI S tronic Business Advanced,https://www.autoscout24.it/annunci/audi-a3-35-tdi-s-tronic-business-advanced-diesel-nero-cat_ma9mo1624-2e03df13-9b45-4469-9187-4ab7ae7d14ac,24590,3,2023,82946,automatico,Diesel,150,Business Advanced,Middle,35 TDI,Rivenditore,42,ferrara,44122,Emilia-Romagna,Nord-est
Audi A3 A3 Sportback 30 2.0 tdi Business,https://www.autoscout24.it/annunci/audi-a3-a3-sportback-30-2-0-tdi-business-diesel-nero-cat_ma9mo1624-76cffa05-b359-498f-8528-4663d80ab276,24900,4,2022,75000,automatico,Diesel,150,Business,Base,,Privato,537,andretta,83040,Campania,Sud
"Audi A3 Sportback 30 2.0 tdi S line INT+EXT 116cv s-tronic, PREZZO REALE, PERMUTE",https://www.autoscout24.it/annunci/audi-a3-sportback-30-2-0-tdi-s-line-int+ext-116cv-s-tronic-prezzo-reale-permute-diesel-bianco-cat_ma9mo1624-e230a28e-f52a-4b9d-981f-682293836878,24500,5,2021,106000,automatico,Diesel,150,S line,Sport,,Rivenditore,233,asti,14100,Piemonte,Nord-ovest
Audi A3 A3 IV 2020 Sportback Sportback 30 2.0 tdi Business Advanced s-tronic,https://www.autoscout24.it/annunci/audi-a3-a3-iv-2020-sportback-sportback-30-2-0-tdi-business-advanced-s-tronic-diesel-bianco-cat_ma9mo1624-b7c3e8a3-de9e-4d39-b920-317f8ae96f4a,25000,4,2022,83000,automatico,Diesel,150,Business Advanced,Middle,,Privato,914,siracusa,96100,Sicilia,Isole
Audi A3 A3 IV Sportback 35 1.5 tfsi mhev S line edition s-tronic,https://www.autoscout24.it/annunci/audi-a3-a3-iv-sportback-35-1-5-tfsi-mhev-s-line-edition-s-tronic-elettrica-benzina-blu-azzurro-cat_ma9mo1624-9a43e438-ccb9-4daa-9b28-d1c07551bf74,25000,4,2022,64246,automatico,Ibrido,150,S line,Sport,,Rivenditore,385,sezze,4018,Lazio,Centro
Audi A3 35 TDI S line,https://www.autoscout24.it/annunci/audi-a3-35-tdi-s-line-diesel-giallo-cat_ma9mo1624-bac43cad-dec6-443d-8e32-0d5b6c6bffa8,24899,4,2022,68722,automatico,Diesel,150,S line,Sport,35 TDI,Rivenditore,628,cagliari,9122,Sardegna,Isole
Audi A3 SPB 35 TDI S tronic Business Advanced,https://www.autoscout24.it/annunci/audi-a3-spb-35-tdi-s-tronic-business-advanced-diesel-nero-cat_ma9mo1624-90987412-d2ca-44a6-a3bd-f381b3816b48,24900,4,2022,81382,automatico,Diesel,150,Business Advanced,Middle,35 TDI,Rivenditore,121,brescia,25132,Lombardia,Nord-ovest
Audi A3 Sportback 30 2.0 tdi Business Advanced s-tronic,https://www.autoscout24.it/annunci/audi-a3-sportback-30-2-0-tdi-business-advanced-s-tronic-diesel-cat_ma9mo1624-7c7b96fd-79d1-4ee2-b44e-ae47e0d38fea,24800,3,2023,92000,automatico,Diesel,150,Business Advanced,Middle,,Privato,607,paterno,95047,Basilicata,Sud
Audi A3 Sportback 30 2.0 tdi Business Advanced s-tronic,https://www.autoscout24.it/annunci/audi-a3-sportback-30-2-0-tdi-business-advanced-s-tronic-diesel-cat_ma9mo1624-7c7b96fd-79d1-4ee2-b44e-ae47e0d38fea,24800,3,2023,92000,automatico,Diesel,150,Business Advanced,Middle,,Privato,848,paterno,95047,Basilicata,Sud
Audi A3 SPB 35 TDI S tronic S line edition,https://www.autoscout24.it/annunci/audi-a3-spb-35-tdi-s-tronic-s-line-edition-diesel-nero-cat_ma9mo1624-b9119717-7a55-436d-958e-1f8056c4c941,24900,3,2023,172729,automatico,Diesel,150,S line,Sport,35 TDI,Rivenditore,837,adrano,95031,Sicilia,Isole
Audi A3 sportback 40 1.4 tfsi e business advanced s-tronic,https://www.autoscout24.it/annunci/audi-a3-sportback-40-1-4-tfsi-e-business-advanced-s-tronic-elettrica-benzina-blu-azzurro-cat_ma9mo1624-f96d8b94-6dbb-415a-bd51-ef90198c2dec,24600,4,2022,107509,automatico,Ibrido,150,Business Advanced,Middle,,Rivenditore,326,roma,178,Lazio,Centro
Audi A3 35 TDI S line,https://www.autoscout24.it/annunci/audi-a3-35-tdi-s-line-diesel-giallo-cat_ma9mo1624-66b38e0a-cd4d-4081-ac26-40f19eb4c6fe,24899,4,2022,68722,automatico,Diesel,150,S line,Sport,35 TDI,Rivenditore,326,roma,169,Lazio,Centro
Audi A3 A3 IV Sportback 35 2.0 tdi Business Advanced s-tro,https://www.autoscout24.it/annunci/audi-a3-a3-iv-sportback-35-2-0-tdi-business-advanced-s-tro-diesel-nero-cat_ma9mo1624-e19d99c7-905c-4d30-a64f-1c880e734629,24900,4,2022,64361,automatico,Diesel,150,Business Advanced,Middle,,Rivenditore,521,gragnano,80054,Campania,Sud
Audi A3 A3 SPB 35 TDI S tronic Business,https://www.autoscout24.it/annunci/audi-a3-a3-spb-35-tdi-s-tronic-business-diesel-blu-azzurro-cat_ma9mo1624-0be27412-843b-4812-bb75-238247239a3e,25000,6,2020,65500,automatico,Diesel,150,Business,Base,35 TDI,Privato,99,firenze,50121,Toscana,Centro
Audi A3 30 2.0 tdi Business Advanced,https://www.autoscout24.it/annunci/audi-a3-30-2-0-tdi-business-advanced-diesel-blu-azzurro-cat_ma9mo1624-e208068f-1ff9-44eb-a54b-087a20d351fb,24890,4,2022,47358,manuale,Diesel,150,Business Advanced,Middle,,Rivenditore,106,ghedi,25016,Lombardia,Nord-ovest
Audi A3 30 TDI Business,https://www.autoscout24.it/annunci/audi-a3-30-tdi-business-diesel-bianco-cat_ma9mo1624-78c2e2a4-8233-4f54-a645-3948b3787b01,24900,2,2024,79950,manuale,Diesel,150,Business,Base,30 TDI,Rivenditore,104,lucca,55100,Toscana,Centro
Audi A3 SPB 35 TDI S tronic S line edition,https://www.autoscout24.it/annunci/audi-a3-spb-35-tdi-s-tronic-s-line-edition-diesel-bianco-cat_ma9mo1624-c370950c-2db4-4493-860b-ebb926054bc1,24500,5,2021,137000,automatico,Diesel,150,S line,Sport,35 TDI,Rivenditore,854,gravina catania,95030,Sicilia,Isole
Audi A3 A3 Sportback 40 1.4 tfsi e Business Advanced s-tro,https://www.autoscout24.it/annunci/audi-a3-a3-sportback-40-1-4-tfsi-e-business-advanced-s-tro-elettrica-benzina-bianco-cat_ma9mo1624-aa244b94-c65e-4aab-8e44-9f72fc177fa6,25000,5,2021,70000,automatico,Ibrido,150,Business Advanced,Middle,,Privato,861,catania,95123,Sicilia,Isole
Audi A3 A3 SPB 30 TDI S tronic Business Advanced,https://www.autoscout24.it/annunci/audi-a3-a3-spb-30-tdi-s-tronic-business-advanced-diesel-bianco-cat_ma9mo1624-87fe5305-ab2f-4384-bafe-ab2bb5180669,24500,4,2022,53200,automatico,Diesel,150,Business Advanced,Middle,30 TDI,Rivenditore,13,anzola emilia,40011,Emilia-Romagna,Nord-est
Audi A3 A3 Sportback 30 1.5 g-tron Business Advanced s-tronic,https://www.autoscout24.it/annunci/audi-a3-a3-sportback-30-1-5-g-tron-business-advanced-s-tronic-metano-cat_ma9mo1624-f212be16-6cb2-4e06-bc7e-70dfc6bd8147,24800,3,2023,85000,automatico,Metano,150,Business Advanced,Middle,,Rivenditore,210,bastia umbra,6083,Umbria,Centro
Audi A3 SPB 40 TFSI e S tronic Business Advanced,https://www.autoscout24.it/annunci/audi-a3-spb-40-tfsi-e-s-tronic-business-advanced-elettrica-benzina-nero-cat_ma9mo1624-2554832c-95d1-4c10-932f-b7364299fb26,24200,4,2022,80600,automatico,Ibrido,150,Business Advanced,Middle,40 TFSI e,Rivenditore,160,miane,31050,Veneto,Nord-est
Audi A3 A3 2022 Sportback 35 2.0 tdi Business,https://www.autoscout24.it/annunci/audi-a3-a3-2022-sportback-35-2-0-tdi-business-diesel-nero-cat_ma9mo1624-72ebf875-cc0a-4e2b-a39c-3b83374bbb4d,24900,4,2022,94101,manuale,Diesel,150,Business,Base,,Rivenditore,803,palmi,89015,Calabria,Sud
Audi A3 A3 IV 2020 Sportback Sportback 35 2.0 tdi Business Advanced s-tronic,https://www.autoscout24.it/annunci/audi-a3-a3-iv-2020-sportback-sportback-35-2-0-tdi-business-advanced-s-tronic-diesel-nero-cat_ma9mo1624-59932db5-eb81-4f2f-950e-726077629c12,24800,4,2022,86000,automatico,Diesel,150,Business Advanced,Middle,,Rivenditore,384,sora,3039,Lazio,Centro
Audi A3 A3 SPB 35 TDI S tronic Business Advanced,https://www.autoscout24.it/annunci/audi-a3-a3-spb-35-tdi-s-tronic-business-advanced-diesel-blu-azzurro-cat_ma9mo1624-f54e05c5-a8fe-4037-a838-7736059d335d,24900,4,2022,104980,automatico,Diesel,150,Business Advanced,Middle,35 TDI,Rivenditore,341,brittoli,65010,Abruzzo,Sud
Audi A3 Sportback 35TDI,https://www.autoscout24.it/annunci/audi-a3-sportback-35tdi-diesel-nero-cat_ma9mo1624-de48da93-382f-4307-85f3-a9215e433b84,24500,5,2021,122000,automatico,Diesel,150,Sport,Middle,35 TDI,Rivenditore,757,alcamo,91011,Sicilia,Isole
Audi A3 Sportback 30 2.0 tdi s-tronic,https://www.autoscout24.it/annunci/audi-a3-sportback-30-2-0-tdi-s-tronic-diesel-blu-azzurro-cat_ma9mo1624-9af72599-46df-4726-b587-75cc5dd71eed,24900,4,2022,92000,automatico,Diesel,150,Sport,Middle,,Rivenditore,167,san giuliano milanese,20098,Lombardia,Nord-ovest
Audi A3 A3 IV  Sportback Sportback 30 2.0 tdi Business Advanced s-tronic,https://www.autoscout24.it/annunci/audi-a3-a3-iv-sportback-sportback-30-2-0-tdi-business-advanced-s-tronic-diesel-nero-cat_ma9mo1624-8d27e583-8a1e-44e4-9c78-85df8bf0b2d9,24900,3,2023,89000,automatico,Diesel,150,Business Advanced,Middle,,Rivenditore,257,civitanova marche,62012,Marche,Centro
Audi A3 A3 Sportback 30 1.0 tfsi mhev Business Advanced s-tronic,https://www.autoscout24.it/annunci/audi-a3-a3-sportback-30-1-0-tfsi-mhev-business-advanced-s-tronic-elettrica-benzina-bianco-cat_ma9mo1624-205220ca-c879-4a7d-8d3a-addcef7b51ac,25000,5,2021,116050,automatico,Ibrido,150,Business Advanced,Middle,,Privato,121,brescia,25134,Lombardia,Nord-ovest
Audi A3 IV 2020 Sportback - A3 Sportback 30 2.0 tdi Busine,https://www.autoscout24.it/annunci/audi-a3-iv-2020-sportback-a3-sportback-30-2-0-tdi-busine-diesel-nero-cat_ma9mo1624-4ae51545-db2d-40b8-893f-a812a80d831e,24500,5,2021,56310,manuale,Diesel,150,Sport,Middle,,Rivenditore,259,gaglianico,13894,Piemonte,Nord-ovest
Audi A3 TDI 110 kW S tronic Business Advanced,https://www.autoscout24.it/annunci/audi-a3-tdi-110-kw-s-tronic-business-advanced-diesel-nero-cat_ma9mo1624-a9028c89-bd79-4fe5-9085-d23d65bf9045,24800,4,2022,28500,automatico,Diesel,150,Business Advanced,Middle,,Rivenditore,504,ottaviano,80044,Campania,Sud
Audi A3 40 S-Line Hybrid VARI COLORI E ALLESTIMENTI,https://www.autoscout24.it/annunci/audi-a3-40-s-line-hybrid-vari-colori-e-allestimenti-benzina-bianco-cat_ma9mo1624-3a780b42-7345-4906-bc9f-e6e5473e47af,24900,3,2023,18700,automatico,Benzina,150,S line,Sport,,Rivenditore,77,arcole,37040,Veneto,Nord-est
Audi A3 45 TFSI e S tronic S line Edition,https://www.autoscout24.it/annunci/audi-a3-45-tfsi-e-s-tronic-s-line-edition-elettrica-benzina-cat_ma9mo1624-55693842-42c4-47c8-a4a0-36f2a4488b23,25900,5,2021,62400,automatico,Ibrido,150,S line,Sport,45 TFSI e,Rivenditore,177,genova,16126,Liguria,Nord-ovest
Audi A3 A3 Sportback 1.5 tfsi Business 116cv,https://www.autoscout24.it/annunci/audi-a3-a3-sportback-1-5-tfsi-business-116cv-benzina-grigio-cat_ma9mo1624-77ca17cd-9291-4e47-81e5-fe7ed6b631df,25900,1,2025,12900,manuale,Benzina,150,Business,Base,,Rivenditore,77,arcole,37040,Veneto,Nord-est
Audi A3 Sportback 35 1.5 tfsi mhev S line edition s-tronic,https://www.autoscout24.it/annunci/audi-a3-sportback-35-1-5-tfsi-mhev-s-line-edition-s-tronic-elettrica-benzina-blu-azzurro-cat_ma9mo1624-c8014f3d-3d65-4c74-ad26-fb4e8526d58e,25900,5,2021,50000,automatico,Ibrido,150,S line,Sport,,Rivenditore,223,merano,39012,Trentino-Alto Adige/Südtirol,Nord-est
Audi A3 Sedan 35 2.0 tdi Business Advance,https://www.autoscout24.it/annunci/audi-a3-sedan-35-2-0-tdi-business-advance-diesel-nero-cat_ma9mo1624-657710af-9dc2-4ae2-8569-d174c7cf51f5,25900,4,2022,97746,automatico,Diesel,150,Business,Base,,Rivenditore,40,calto,45030,Veneto,Nord-est
Audi A3 30 2.0 tdi s-tronic AUTO|NEOPAT|LED|ACC|CARPLAY,https://www.autoscout24.it/annunci/audi-a3-30-2-0-tdi-s-tronic-auto-neopat-led-acc-carplay-diesel-bianco-cat_ma9mo1624-e73ac32e-a7ab-4529-9a39-59ba9aeea30e,25450,2,2024,30700,automatico,Diesel,150,S,Performance,,Rivenditore,205,como,22100,Lombardia,Nord-ovest
Audi A3 35 TDI S tronic S line Edition,https://www.autoscout24.it/annunci/audi-a3-35-tdi-s-tronic-s-line-edition-diesel-nero-cat_ma9mo1624-2a2b23b6-f8a3-491b-b84e-b2a1149d2ce2,25950,4,2022,55600,automatico,Diesel,150,S line,Sport,35 TDI,Rivenditore,286,orbassano,10043,Piemonte,Nord-ovest
Audi A3 sedan 35 2.0 tdi s line edition s-tronic,https://www.autoscout24.it/annunci/audi-a3-sedan-35-2-0-tdi-s-line-edition-s-tronic-diesel-nero-cat_ma9mo1624-966f7307-fd57-43c6-b7d3-d00e8b45723b,25900,3,2023,99975,automatico,Diesel,150,S line,Sport,,Rivenditore,326,roma,178,Lazio,Centro
Audi A3 SPB 30 TDI S tronic S line,https://www.autoscout24.it/annunci/audi-a3-spb-30-tdi-s-tronic-s-line-diesel-bianco-cat_ma9mo1624-32a96e59-0d82-4c63-afbc-346e059cdb2b,25400,3,2023,77000,automatico,Diesel,150,S line,Sport,30 TDI,Rivenditore,107,fosso,30030,Veneto,Nord-est
Audi A3 35 TDI S tronic Business Advanced - PROMO FIN-,https://www.autoscout24.it/annunci/audi-a3-35-tdi-s-tronic-business-advanced-promo-fin-diesel-nero-cat_ma9mo1624-d9e3efc0-9e62-420a-9a21-55bf8d111bdb,25900,4,2022,15600,automatico,Diesel,150,Business Advanced,Middle,35 TDI,Rivenditore,189,giussano,20833,Lombardia,Nord-ovest
Audi A3 35 2.0 tdi s-tronic,https://www.autoscout24.it/annunci/audi-a3-35-2-0-tdi-s-tronic-diesel-nero-cat_ma9mo1624-03b31f1e-7ba3-4742-ad5a-900753bb1ca5,25500,6,2020,150000,automatico,Diesel,150,S,Performance,,Rivenditore,156,arcene,24040,Lombardia,Nord-ovest
Audi A3 sportback 35 2.0 tdi business advanced s-tronic,https://www.autoscout24.it/annunci/audi-a3-sportback-35-2-0-tdi-business-advanced-s-tronic-diesel-bianco-cat_ma9mo1624-06522093-0721-49e0-947d-5acb875c30c1,25800,5,2021,95549,automatico,Diesel,150,Business Advanced,Middle,,Rivenditore,326,roma,178,Lazio,Centro
Audi A3 4ª SERIE SPB 30 TFSI S TRONIC BUSINESS,https://www.autoscout24.it/annunci/audi-a3-4-serie-spb-30-tfsi-s-tronic-business-elettrica-benzina-bianco-cat_ma9mo1624-6a7c91bb-fe77-49a5-81e5-62727b474488,25900,4,2022,18581,automatico,Ibrido,150,Business,Base,30 TFSI,Rivenditore,204,bolzano,39100,Trentino-Alto Adige/Südtirol,Nord-est
Audi A3 30 TFSI Business Advanced,https://www.autoscout24.it/annunci/audi-a3-30-tfsi-business-advanced-benzina-nero-cat_ma9mo1624-ba311f6b-6264-4d64-a60b-26cdcf42b67d,26000,2,2024,32800,manuale,Benzina,150,Business Advanced,Middle,30 TFSI,Rivenditore,105,massa,54100,Toscana,Centro
Audi A3 35 TFSI 150CV Proline,https://www.autoscout24.it/annunci/audi-a3-35-tfsi-150cv-proline-benzina-nero-cat_ma9mo1624-b529e04c-c92c-46fe-ab7f-47380bdd1a8b,26000,3,2023,26300,manuale,Benzina,150,S,Performance,35 TFSI,Rivenditore,160,bieno,38050,Trentino-Alto Adige/Südtirol,Nord-est
Audi A3 30 TDI S line,https://www.autoscout24.it/annunci/audi-a3-30-tdi-s-line-diesel-grigio-cat_ma9mo1624-83c3170d-1b2a-4097-86c5-2d34069713be,25499,3,2023,84330,automatico,Diesel,150,S line,Sport,30 TDI,Rivenditore,283,beinasco,10092,Piemonte,Nord-ovest
Audi A3 30 TDI S line,https://www.autoscout24.it/annunci/audi-a3-30-tdi-s-line-diesel-grigio-cat_ma9mo1624-8e3095b7-bd55-4350-b756-4bc54338fb7e,25499,3,2023,84330,automatico,Diesel,150,S line,Sport,30 TDI,Rivenditore,326,roma,169,Lazio,Centro
Audi A3 35 TDI S line  S tronic,https://www.autoscout24.it/annunci/audi-a3-35-tdi-s-line-s-tronic-diesel-nero-cat_ma9mo1624-fcb0e12c-237e-4c3d-9dd1-90e2dcf45443,25999,4,2022,59560,automatico,Diesel,150,S line,Sport,35 TDI,Rivenditore,86,verona,37135,Veneto,Nord-est
Audi A3 35 TDI S tronic S line Edition,https://www.autoscout24.it/annunci/audi-a3-35-tdi-s-tronic-s-line-edition-diesel-cat_ma9mo1624-7693f0fd-2374-49d1-b0be-77477e0b4ad6,25500,5,2021,76870,automatico,Diesel,150,S line,Sport,35 TDI,Rivenditore,25,bologna,40138,Emilia-Romagna,Nord-est
Audi A3 A3 IV 2020 Sportback Sportback 30 2.0 tdi S line edition s-tronic,https://www.autoscout24.it/annunci/audi-a3-a3-iv-2020-sportback-sportback-30-2-0-tdi-s-line-edition-s-tronic-diesel-grigio-cat_ma9mo1624-9906b056-9928-467d-9112-50426447eaee,25900,3,2023,49000,automatico,Diesel,150,S line,Sport,,Privato,381,frosinone,3100,Lazio,Centro
Audi A3 S LINE FULL VARI COLORI E ALLESTIMENTI DISPONIBILI,https://www.autoscout24.it/annunci/audi-a3-s-line-full-vari-colori-e-allestimenti-disponibili-benzina-grigio-cat_ma9mo1624-4faa70af-bde9-4ddc-8a27-a4ebfb896076,25900,2,2024,18300,manuale,Benzina,150,S line,Sport,,Rivenditore,149,pandino,26025,Lombardia,Nord-ovest
Audi A3 Sportsback 35 TDi S Tronic S line edition,https://www.autoscout24.it/annunci/audi-a3-sportsback-35-tdi-s-tronic-s-line-edition-diesel-grigio-cat_ma9mo1624-c0b37484-e402-4414-8527-956c29917a57,25500,4,2022,44000,automatico,Diesel,150,S line,Sport,35 TDI,Privato,194,caldaro sulla strada vino,39052,Trentino-Alto Adige/Südtirol,Nord-est
Audi A3 Sportback 35 1.5 tfsi S-line 150cv s-tronic camera,https://www.autoscout24.it/annunci/audi-a3-sportback-35-1-5-tfsi-s-line-150cv-s-tronic-camera-benzina-nero-cat_ma9mo1624-36641424-527b-419f-a1ba-b6896349cc03,25500,1,2025,29454,automatico,Benzina,150,S line,Sport,,Rivenditore,342,monte compatri,77,Lazio,Centro
Audi A3 Sportback 35 2.0 tdi Business Advanced s-tronic,https://www.autoscout24.it/annunci/audi-a3-sportback-35-2-0-tdi-business-advanced-s-tronic-diesel-cat_ma9mo1624-676b1bc1-8675-474f-9002-73de3427250f,25500,5,2021,80000,automatico,Diesel,150,Business Advanced,Middle,,Privato,177,milano,20126,Lombardia,Nord-ovest
Audi A3 40 TFSI e S tronic Business Advanced,https://www.autoscout24.it/annunci/audi-a3-40-tfsi-e-s-tronic-business-advanced-elettrica-benzina-nero-cat_ma9mo1624-1ce09311-a815-4621-99dc-35bb198f728a,25900,3,2023,20500,automatico,Ibrido,150,Business Advanced,Middle,40 TFSI e,Rivenditore,299,almese,10040,Piemonte,Nord-ovest
Audi A3 SPB Sportback 40 tfsi e s-tronic 204CV-PREZZO REALE-CERCHI 18-CAR PLAY-DAB-KAMERA-VIRTUAL-CRUISE ADATTIVO,https://www.autoscout24.it/annunci/audi-a3-spb-sportback-40-tfsi-e-s-tronic-204cv-prezzo-reale-cerchi-18-car-play-dab-kamera-virtual-cruise-adattivo-elettrica-benzina-grigio-cat_ma9mo1624-7c590d6d-79b0-40eb-a711-5f0fd2376c56,25800,4,2022,38000,automatico,Ibrido,150,Sport,Middle,40 TFSI e,Rivenditore,204,bolzano,39100,Trentino-Alto Adige/Südtirol,Nord-est
Audi A3 A3 Sportback 45 1.4 tfsi e S line edition s-tronic,https://www.autoscout24.it/annunci/audi-a3-a3-sportback-45-1-4-tfsi-e-s-line-edition-s-tronic-elettrica-benzina-grigio-cat_ma9mo1624-28538313-1e72-4d05-a715-39cb2077054d,25900,3,2023,85000,automatico,Ibrido,150,S line,Sport,,Privato,276,torino,10135,Piemonte,Nord-ovest
Audi A3 Sportback 30 2.0 tdi S line edition s-tronic,https://www.autoscout24.it/annunci/audi-a3-sportback-30-2-0-tdi-s-line-edition-s-tronic-diesel-cat_ma9mo1624-eec29ca7-ac79-4126-927f-d7443865e92d,25900,4,2022,55000,automatico,Diesel,150,S line,Sport,,Privato,111,sarzana,19038,Liguria,Nord-ovest
Audi A3 A3 IV 2020 Sportback 30 1.5 g-tron METANO s-tronic,https://www.autoscout24.it/annunci/audi-a3-a3-iv-2020-sportback-30-1-5-g-tron-metano-s-tronic-metano-nero-cat_ma9mo1624-a11b1395-888e-4792-a16a-cc385ed893af,25800,3,2023,49900,automatico,Metano,150,Sport,Middle,,Rivenditore,160,citta castello,6012,Umbria,Centro
Audi A3 A3 Sportback 35 2.0 tdi S line Edition s-tronic,https://www.autoscout24.it/annunci/audi-a3-a3-sportback-35-2-0-tdi-s-line-edition-s-tronic-diesel-nero-cat_ma9mo1624-1879196d-b441-4c1e-bc56-e3c2281ff58d,25577,3,2023,87688,automatico,Diesel,150,S line,Sport,,Privato,127,venezia,30121,Veneto,Nord-est
Audi A3 Sportback 35 2.0 tdi s-tronic,https://www.autoscout24.it/annunci/audi-a3-sportback-35-2-0-tdi-s-tronic-diesel-cat_ma9mo1624-4177b230-175b-4ac1-b275-fb4c7c785c77,25500,3,2023,52000,automatico,Diesel,150,Sport,Middle,,Privato,189,limbiate,20812,Lombardia,Nord-ovest
Audi A3 Sportback 35 1.5 tfsi mhev S line edition s-tronic,https://www.autoscout24.it/annunci/audi-a3-sportback-35-1-5-tfsi-mhev-s-line-edition-s-tronic-elettrica-benzina-cat_ma9mo1624-209b35a5-06b6-440d-a7df-37178d37a173,26000,6,2020,64000,automatico,Ibrido,150,S line,Sport,,Privato,149,caravaggio,24043,Lombardia,Nord-ovest
Audi A3 Sportback 35 2.0 tdi S line Edition s-tronic,https://www.autoscout24.it/annunci/audi-a3-sportback-35-2-0-tdi-s-line-edition-s-tronic-diesel-nero-cat_ma9mo1624-bcbd4c83-7f77-425e-9c49-d63be1f1f72b,25500,4,2022,55000,automatico,Diesel,150,S line,Sport,,Rivenditore,101,montichiari,25018,Lombardia,Nord-ovest
Audi A3 AUDI A3 SPORTBACK 35 TFSI 2021 – 29.900 KM,https://www.autoscout24.it/annunci/audi-a3-audi-a3-sportback-35-tfsi-2021-29-900-km-benzina-cat_ma9mo1624-e22c1ce7-cba6-415a-a68b-42cc099387c1,25599,5,2021,29900,manuale,Benzina,150,Sport,Middle,35 TFSI,Privato,377,nettuno,48,Lazio,Centro
Audi A3 Audi a3 Sportback 150cv Fari full led,https://www.autoscout24.it/annunci/audi-a3-audi-a3-sportback-150cv-fari-full-led-elettrica-benzina-grigio-cat_ma9mo1624-44015b7b-bfb2-4672-a6f2-dfbf841c9a52,25499,5,2021,39000,automatico,Ibrido,150,Sport,Middle,,Rivenditore,112,san casciano val pesa,50026,Toscana,Centro
Audi A3 A3 SPB 35 2.0 TDI S line Edition s-tronic NAVI KAMERA *19*,https://www.autoscout24.it/annunci/audi-a3-a3-spb-35-2-0-tdi-s-line-edition-s-tronic-navi-kamera-19-diesel-nero-cat_ma9mo1624-be90a47d-3388-4c5e-a7ef-567efbeec816,25900,6,2020,83000,automatico,Diesel,150,S line,Sport,,Rivenditore,326,roma,133,Lazio,Centro
Audi A3 a3 2.0tdi s line edition,https://www.autoscout24.it/annunci/audi-a3-a3-2-0tdi-s-line-edition-diesel-cat_ma9mo1624-ec93c13c-dd90-449c-8af6-29a1aad7fa65,25750,4,2022,66100,automatico,Diesel,150,S line,Sport,,Privato,62,commessaggio,46010,Lombardia,Nord-ovest
Audi A3 Sedan 35 1.5 tfsi mhev S line edition s-tronic,https://www.autoscout24.it/annunci/audi-a3-sedan-35-1-5-tfsi-mhev-s-line-edition-s-tronic-elettrica-benzina-cat_ma9mo1624-7b91ac56-0c4a-4b91-82cb-208559fe02a5,26000,5,2021,82000,automatico,Ibrido,150,S line,Sport,,Privato,218,pieve cadore,32044,Veneto,Nord-est
Audi A3 Sportback 35 1.5 tfsi mhev S line edition s-tronic,https://www.autoscout24.it/annunci/audi-a3-sportback-35-1-5-tfsi-mhev-s-line-edition-s-tronic-elettrica-benzina-cat_ma9mo1624-13999971-7f4d-4137-9795-5be4335e8bfa,25500,5,2021,68000,automatico,Ibrido,150,S line,Sport,,Privato,482,maddaloni,81024,Campania,Sud
Audi A3 A3 Sedan 35 TDI S tronic S line edition,https://www.autoscout24.it/annunci/audi-a3-a3-sedan-35-tdi-s-tronic-s-line-edition-diesel-argento-cat_ma9mo1624-d3bc1d0c-da29-457f-b9d6-09fd8abb10f8,25800,3,2023,53000,automatico,Diesel,150,S line,Sport,35 TDI,Rivenditore,307,mosciano sant angelo,64023,Abruzzo,Sud
Audi A3 A3 Sportback 35 1.5 tfsi mhev Business Advanced s-,https://www.autoscout24.it/annunci/audi-a3-a3-sportback-35-1-5-tfsi-mhev-business-advanced-s-elettrica-benzina-cat_ma9mo1624-b70a8157-8fa7-452d-b50e-2e96d05d6edd,26000,5,2021,21600,automatico,Ibrido,150,Business Advanced,Middle,,Privato,177,milano,20155,Lombardia,Nord-ovest
Audi A3 Sportback 40 1.4 tfsi e s-tronic,https://www.autoscout24.it/annunci/audi-a3-sportback-40-1-4-tfsi-e-s-tronic-elettrica-benzina-cat_ma9mo1624-d632751f-d478-4489-b7e3-212e1386c86e,25900,5,2021,64000,automatico,Ibrido,150,Sport,Middle,,Privato,42,ferrara,44124,Emilia-Romagna,Nord-est
Audi A3 Sportback 35 1.5 tfsi mhev Business s-tronic,https://www.autoscout24.it/annunci/audi-a3-sportback-35-1-5-tfsi-mhev-business-s-tronic-elettrica-benzina-cat_ma9mo1624-ac6b3d28-8eef-46ab-9aac-93dfffbb5157,26000,5,2021,62000,automatico,Ibrido,150,Business,Base,,Privato,207,traona,23019,Lombardia,Nord-ovest
Audi A3 SPB 40 TFSIe 204cv S line,https://www.autoscout24.it/annunci/audi-a3-spb-40-tfsie-204cv-s-line-elettrica-benzina-cat_ma9mo1624-601025d1-e401-4122-bdbc-79700cd1ff36,26000,6,2020,112000,automatico,Ibrido,150,S line,Sport,40 TFSI e,Privato,150,pisogne,25055,Lombardia,Nord-ovest
Audi A3 Sportback 35 2.0 tdi Business 150cv s-tronic my20,https://www.autoscout24.it/annunci/audi-a3-sportback-35-2-0-tdi-business-150cv-s-tronic-my20-diesel-cat_ma9mo1624-aaca8715-9be6-4129-9df2-d7e0a25d8741,26000,6,2020,72140,automatico,Diesel,150,Business,Base,,Privato,476,caserta,81100,Campania,Sud
Audi A3 SPB 40 TFSI e S tronic,https://www.autoscout24.it/annunci/audi-a3-spb-40-tfsi-e-s-tronic-elettrica-benzina-bianco-cat_ma9mo1624-a80d9460-c9ee-4f62-a701-6508c3506c6f,25900,3,2023,22800,automatico,Ibrido,150,S,Performance,40 TFSI e,Rivenditore,299,almese,10040,Piemonte,Nord-ovest
Audi A3 S Line,https://www.autoscout24.it/annunci/audi-a3-s-line-diesel-bianco-cat_ma9mo1624-0d205085-c360-4ab6-ab6c-9332389ea0df,26000,6,2020,50000,automatico,Diesel,150,S line,Sport,,Privato,203,morbegno,23017,Lombardia,Nord-ovest
Audi A3 A3 IV 2020 Sportback Sportback 45 1.4 tfsi e S line edition s-tronic,https://www.autoscout24.it/annunci/audi-a3-a3-iv-2020-sportback-sportback-45-1-4-tfsi-e-s-line-edition-s-tronic-elettrica-benzina-grigio-cat_ma9mo1624-e564617b-a8d1-42aa-ab6a-ace0970456e4,26000,5,2021,93500,automatico,Ibrido,150,S line,Sport,,Privato,86,verona,37136,Veneto,Nord-est
Audi A3 Sportback 35 1.5 tfsi S line edition,https://www.autoscout24.it/annunci/audi-a3-sportback-35-1-5-tfsi-s-line-edition-benzina-cat_ma9mo1624-c705c91b-fd12-4a6c-b62e-f3eac3d6c2c7,25500,5,2021,60000,manuale,Benzina,150,S line,Sport,,Privato,270,fossano,12045,Piemonte,Nord-ovest
Audi A3 Sportback 35 1.5 tfsi mhev Business Advanced s-tronic,https://www.autoscout24.it/annunci/audi-a3-sportback-35-1-5-tfsi-mhev-business-advanced-s-tronic-elettrica-benzina-cat_ma9mo1624-ab1ca9a3-d56d-4863-8ce7-cc0d0e426770,26000,5,2021,60000,automatico,Ibrido,150,Business Advanced,Middle,,Privato,65,castel bolognese,48014,Emilia-Romagna,Nord-est
Audi A3 A3 IV 2020 Sportback Sportback 30 2.0 tdi S line e,https://www.autoscout24.it/annunci/audi-a3-a3-iv-2020-sportback-sportback-30-2-0-tdi-s-line-e-diesel-nero-cat_ma9mo1624-3b67ca24-6481-47c8-b0fa-b2eb2c736716,26000,4,2022,72000,automatico,Diesel,150,S line,Sport,,Privato,141,adro,25030,Lombardia,Nord-ovest
Audi A3 Sedan 35 2.0 tdi S line edition s-tronic,https://www.autoscout24.it/annunci/audi-a3-sedan-35-2-0-tdi-s-line-edition-s-tronic-diesel-cat_ma9mo1624-6f2de805-10d5-4662-8329-8c24ff7eacae,26000,5,2021,110000,automatico,Diesel,150,S line,Sport,,Privato,837,bovalino,89034,Calabria,Sud
Audi A3 Sportback 30 1.5 g-tron S line edition 131cv,https://www.autoscout24.it/annunci/audi-a3-sportback-30-1-5-g-tron-s-line-edition-131cv-metano-cat_ma9mo1624-466945ce-7808-4b58-b23a-d25381894c77,25200,3,2023,91000,automatico,Metano,150,S line,Sport,,Privato,106,cesena,47521,Emilia-Romagna,Nord-est
Audi A3 SPB 40 TFSI e Business Advanced  S-tronic,https://www.autoscout24.it/annunci/audi-a3-spb-40-tfsi-e-business-advanced-s-tronic-elettrica-benzina-blu-azzurro-cat_ma9mo1624-82ae6e6a-5ac9-4b10-8d5b-a6c51d5d2e17,25700,5,2021,70000,automatico,Ibrido,150,Business Advanced,Middle,40 TFSI e,Rivenditore,42,ferrara,44122,Emilia-Romagna,Nord-est
Audi A3 Audi A3 Sportback 30 TFSI MHEV Business Advanced S,https://www.autoscout24.it/annunci/audi-a3-audi-a3-sportback-30-tfsi-mhev-business-advanced-s-benzina-cat_ma9mo1624-e4a65525-6a53-4b53-be32-1bb6409a3e91,25490,5,2021,54149,automatico,Benzina,150,Business Advanced,Middle,30 TFSI,Privato,141,treviso,31100,Veneto,Nord-est
Audi A3 Sportback 8Y 2.0 TDI 116 CV S tronic,https://www.autoscout24.it/annunci/audi-a3-sportback-8y-2-0-tdi-116-cv-s-tronic-diesel-grigio-cat_ma9mo1624-7fbec316-91f7-46c7-bd67-c3935f5dd496,26000,6,2020,86000,automatico,Diesel,150,Sport,Middle,,Privato,253,monte san giusto,62015,Marche,Centro
Audi A3 30 2.0 TDI S-TRONIC SPORTBACK BUSINESS 116CV,https://www.autoscout24.it/annunci/audi-a3-30-2-0-tdi-s-tronic-sportback-business-116cv-diesel-grigio-cat_ma9mo1624-8bd7241b-290b-44ab-905c-bea240ba7375,25300,3,2023,11319,automatico,Diesel,150,Business,Base,,Rivenditore,120,pisa,56121,Toscana,Centro
Audi A3 Sportback 30 1.0 tfsi S line edition,https://www.autoscout24.it/annunci/audi-a3-sportback-30-1-0-tfsi-s-line-edition-benzina-cat_ma9mo1624-775feeb5-bcbb-4d2e-a665-126116b99700,26000,3,2023,48500,manuale,Benzina,150,S line,Sport,,Privato,177,milano,20123,Lombardia,Nord-ovest
"Audi A3 30 1.5 G-Tron S-Tronic Advanced Virtual, LED, Navi, Keyless",https://www.autoscout24.it/annunci/audi-a3-30-1-5-g-tron-s-tronic-advanced-virtual-led-navi-keyless-metano-nero-cat_ma9mo1624-6665c996-700b-4252-9697-7ead0707343c,25480,4,2022,29176,automatico,Metano,150,Advanced,Middle,,Rivenditore,253,monte san giusto,62015,Marche,Centro
Audi A3 SPB 40TFSIe Stronic 204cv Navi Adap.Cruise FariLED,https://www.autoscout24.it/annunci/audi-a3-spb-40tfsie-stronic-204cv-navi-adap-cruise-fariled-elettrica-benzina-cat_ma9mo1624-543f8ebb-dcc0-49fa-8da8-960d23225b63,25700,3,2023,25000,automatico,Ibrido,150,S,Performance,40 TFSI e,Rivenditore,121,brescia,25126,Lombardia,Nord-ovest
Audi A3 A3 IV 2023 Sportback Sportback 30 2.0 tdi Business Advanced s-tronic,https://www.autoscout24.it/annunci/audi-a3-a3-iv-2023-sportback-sportback-30-2-0-tdi-business-advanced-s-tronic-diesel-nero-cat_ma9mo1624-3edc379c-1987-44c3-ace3-eb320698e127,25900,3,2023,24100,automatico,Diesel,150,Business Advanced,Middle,,Privato,87,prato,59100,Toscana,Centro
Audi A3 Sportback 35 2.0 tdi S line Edition s-tronic,https://www.autoscout24.it/annunci/audi-a3-sportback-35-2-0-tdi-s-line-edition-s-tronic-diesel-cat_ma9mo1624-6bf44bed-aa46-4afd-bf77-b1d1f9a168b7,25500,6,2020,84000,automatico,Diesel,150,S line,Sport,,Privato,292,alpette,10080,Piemonte,Nord-ovest
Audi A3 Sportback 30 2.0 tdi S line edition s-tronic PERMUTE GARANZIA ESTESA AUDI,https://www.autoscout24.it/annunci/audi-a3-sportback-30-2-0-tdi-s-line-edition-s-tronic-permute-garanzia-estesa-audi-diesel-giallo-cat_ma9mo1624-e4dcf169-18e1-4549-b25e-5a41e07877f7,25490,3,2023,60000,automatico,Diesel,150,S line,Sport,,Rivenditore,65,parma,43122,Emilia-Romagna,Nord-est
Audi A3 A3 Sportback 40 1.4 tfsi PLUG-IN Business Advanced s-tronic,https://www.autoscout24.it/annunci/audi-a3-a3-sportback-40-1-4-tfsi-plug-in-business-advanced-s-tronic-elettrica-benzina-blu-azzurro-cat_ma9mo1624-2f65911f-537b-4614-935b-899f6ab89c07,25980,3,2023,51000,automatico,Ibrido,150,Business Advanced,Middle,,Rivenditore,275,moncalieri,10024,Piemonte,Nord-ovest
Audi A3 SPORTBACK 35 TFSI S tronic Business Advanced PROMO,https://www.autoscout24.it/annunci/audi-a3-sportback-35-tfsi-s-tronic-business-advanced-promo-elettrica-benzina-rosso-cat_ma9mo1624-dc0c1e7b-ba5a-440f-9fec-3be793356af6,25900,3,2023,16975,automatico,Ibrido,150,Business Advanced,Middle,35 TFSI,Rivenditore,154,arsie,32030,Veneto,Nord-est
Audi A3 Sportback 35 2.0 tdi Business Advanced s-tronic,https://www.autoscout24.it/annunci/audi-a3-sportback-35-2-0-tdi-business-advanced-s-tronic-diesel-cat_ma9mo1624-7b4f05e0-232e-4e77-b3ef-48ada9c8332f,25300,4,2022,62000,automatico,Diesel,150,Business Advanced,Middle,,Privato,506,ariano irpino,83031,Campania,Sud
Audi A3 sportback cerchi rs3,https://www.autoscout24.it/annunci/audi-a3-sportback-cerchi-rs3-benzina-cat_ma9mo1624-8db93d53-f337-4766-a797-0a90dd299dcd,26000,6,2020,80000,automatico,Benzina,150,Sport,Middle,RS3,Privato,99,firenze,50125,Toscana,Centro
Audi A3 A3 IV 2020 Sportback Sportback 30 2.0 tdi S line edition s-tronic,https://www.autoscout24.it/annunci/audi-a3-a3-iv-2020-sportback-sportback-30-2-0-tdi-s-line-edition-s-tronic-diesel-grigio-cat_ma9mo1624-06151f39-90c0-4e26-b860-994f7bd5c73c,25500,3,2023,85000,automatico,Diesel,150,S line,Sport,,Privato,500,troia,71029,Puglia,Sud
Audi A3 AUDI SPORTBACK 35 1.5 MHEV,https://www.autoscout24.it/annunci/audi-a3-audi-sportback-35-1-5-mhev-benzina-nero-cat_ma9mo1624-2b4e7af2-1e30-456a-b65b-24e0858306a6,25960,4,2022,62460,automatico,Benzina,150,Sport,Middle,,Rivenditore,196,saronno,21047,Lombardia,Nord-ovest
Audi A3 sportback 30 2.0 tdi s-tronic,https://www.autoscout24.it/annunci/audi-a3-sportback-30-2-0-tdi-s-tronic-diesel-blu-azzurro-cat_ma9mo1624-a9e1a2f7-03bd-44a1-a8ca-fece178638d1,25500,2,2024,60731,automatico,Diesel,150,Sport,Middle,,Rivenditore,219,castelbellociardes,39020,Trentino-Alto Adige/Südtirol,Nord-est
Audi A3 A3 Sportback 35 1.5 tfsi Business Advanced,https://www.autoscout24.it/annunci/audi-a3-a3-sportback-35-1-5-tfsi-business-advanced-benzina-nero-cat_ma9mo1624-38022581-e4b7-46e6-921d-c04759c6f17e,25900,2,2024,28000,manuale,Benzina,150,Business Advanced,Middle,,Rivenditore,184,novate milanese,20026,Lombardia,Nord-ovest
Audi A3 Sportback 30 2.0 tdi S line **V E N D U T A **,https://www.autoscout24.it/annunci/audi-a3-sportback-30-2-0-tdi-s-line-v-e-n-d-u-t-a-diesel-grigio-cat_ma9mo1624-f6a416c7-ac22-47ff-ad89-1e3472376a58,25800,6,2020,92000,manuale,Diesel,150,S line,Sport,,Rivenditore,131,montevarchi,52025,Toscana,Centro
Audi A3 Sportback 35 1.5 tfsi Advanced TETTO APRIBILE  KM 37000 FULL OPTIONAL,https://www.autoscout24.it/annunci/audi-a3-sportback-35-1-5-tfsi-advanced-tetto-apribile-km-37000-full-optional-benzina-argento-cat_ma9mo1624-69d0df22-2526-458b-aa00-75b794f952d4,25300,5,2021,37000,manuale,Benzina,150,Advanced,Middle,,Rivenditore,191,mariano comense,22066,Lombardia,Nord-ovest
Audi A3 A3 Cabriolet Cabrio 35 1.5 tfsi 150cv s-tronic,https://www.autoscout24.it/annunci/audi-a3-a3-cabriolet-cabrio-35-1-5-tfsi-150cv-s-tronic-benzina-nero-cat_ma9mo1624-b4700fb9-4fdf-43ff-8d22-46faa2d99138,25900,5,2021,115000,automatico,Benzina,150,S,Performance,,Rivenditore,259,gaglianico,13894,Piemonte,Nord-ovest
Audi A3 35 2.0 tdi Business Advanced s-tronic,https://www.autoscout24.it/annunci/audi-a3-35-2-0-tdi-business-advanced-s-tronic-diesel-nero-cat_ma9mo1624-1a953adf-ac0e-479c-886e-f9cca3a12ea2,25990,6,2020,119000,automatico,Diesel,150,Business Advanced,Middle,,Rivenditore,876,militello val catania,95043,Sicilia,Isole
Audi A3 sportback 30 2.0 tdi business advanced s-tronic,https://www.autoscout24.it/annunci/audi-a3-sportback-30-2-0-tdi-business-advanced-s-tronic-diesel-nero-cat_ma9mo1624-889af50f-e65b-48f9-9159-1a619b43a875,25900,3,2023,77471,automatico,Diesel,150,Business Advanced,Middle,,Rivenditore,226,udine,33100,Friuli-Venezia Giulia,Nord-est
Audi A3 30TDI S-tronic S-LINE *SENZA VINCOLO FINANZ,https://www.autoscout24.it/annunci/audi-a3-30tdi-s-tronic-s-line-senza-vincolo-finanz-diesel-nero-cat_ma9mo1624-284e05b2-7b9c-4a13-ab81-8525bfd8e013,25800,4,2022,30580,automatico,Diesel,150,S line,Sport,30 TDI,Rivenditore,134,rovato,25038,Lombardia,Nord-ovest
Audi A3 A3 Sportback 1.5 tfsi Business Advanced VARI COLORI ED ALLESTIMENTI DISPONIBILI,https://www.autoscout24.it/annunci/audi-a3-a3-sportback-1-5-tfsi-business-advanced-vari-colori-ed-allestimenti-disponibili-benzina-grigio-cat_ma9mo1624-c4c3f9d9-d641-4861-8854-a975068b39b1,25900,1,2025,12900,manuale,Benzina,150,Business Advanced,Middle,,Rivenditore,149,pandino,26025,Lombardia,Nord-ovest
Audi A3 SPB 30 TDI S tronic Advanced SPORT FULL-LED NAVI,https://www.autoscout24.it/annunci/audi-a3-spb-30-tdi-s-tronic-advanced-sport-full-led-navi-diesel-nero-cat_ma9mo1624-da78974c-566b-4d57-9141-34fe3201017a,25499,2,2024,69900,automatico,Diesel,150,Advanced,Middle,30 TDI,Rivenditore,475,casagiove,81022,Campania,Sud
Audi A3 Sedan 40 2.0 tdi Business Advanced quattro s-tronic,https://www.autoscout24.it/annunci/audi-a3-sedan-40-2-0-tdi-business-advanced-quattro-s-tronic-diesel-bianco-cat_ma9mo1624-303f7b61-bc9d-4e1d-bc2b-cba68d8da10b,25500,4,2022,72000,automatico,Diesel,150,Business Advanced,Middle,,Rivenditore,537,andretta,83040,Campania,Sud
Audi A3 sportback 35 2.0 tdi s line edition s-tronic,https://www.autoscout24.it/annunci/audi-a3-sportback-35-2-0-tdi-s-line-edition-s-tronic-diesel-grigio-cat_ma9mo1624-5268016e-8510-4924-8c00-bf4fdc681c84,25900,4,2022,93608,automatico,Diesel,150,S line,Sport,,Rivenditore,177,assago,20057,Lombardia,Nord-ovest
Audi A3 A3 Sportback 1.5 tfsi Business Advanced *VARI COLORI E ALLESTIMENTI*,https://www.autoscout24.it/annunci/audi-a3-a3-sportback-1-5-tfsi-business-advanced-vari-colori-e-allestimenti-benzina-grigio-cat_ma9mo1624-9c6b042f-69a2-4b40-ab49-039e58bdde81,25900,1,2025,12900,manuale,Benzina,150,Business Advanced,Middle,,Rivenditore,100,porcari,55016,Toscana,Centro
Audi A3 A3 III 2016 Sportback Sportback 35 1.5 tfsi Admired 150cv my20,https://www.autoscout24.it/annunci/audi-a3-a3-iii-2016-sportback-sportback-35-1-5-tfsi-admired-150cv-my20-benzina-cat_ma9mo1624-331589a0-1ff2-412c-9a38-38aed904be1f,25500,6,2020,43000,manuale,Benzina,150,Sport,Middle,,Privato,215,carnago,21040,Lombardia,Nord-ovest
Audi A3 30 2.0 tdi Business s-tronic,https://www.autoscout24.it/annunci/audi-a3-30-2-0-tdi-business-s-tronic-diesel-nero-cat_ma9mo1624-3e475c22-8b46-440a-906e-c42047e8179c,25900,3,2023,31126,automatico,Diesel,150,Business,Base,,Rivenditore,177,milano,20157,Lombardia,Nord-ovest
Audi A3 1.4 45 TFSI e PHEV S Line Edition,https://www.autoscout24.it/annunci/audi-a3-1-4-45-tfsi-e-phev-s-line-edition-elettrica-benzina-grigio-cat_ma9mo1624-e8ece6e3-5a79-4eae-aceb-80075b271eba,25900,5,2021,97500,automatico,Ibrido,150,S line,Sport,45 TFSI e,Rivenditore,275,moncalieri,10024,Piemonte,Nord-ovest
Audi A3 A3 IV 2020 Sportback Sportback 30 2.0 tdi S line edition s-tronic,https://www.autoscout24.it/annunci/audi-a3-a3-iv-2020-sportback-sportback-30-2-0-tdi-s-line-edition-s-tronic-diesel-grigio-cat_ma9mo1624-149ec916-0dce-4463-82aa-d49dfc9eab3e,26000,4,2022,58500,automatico,Diesel,150,S line,Sport,,Privato,5,san giovanni persiceto,40017,Emilia-Romagna,Nord-est
Audi A3 1.5 tfsi mhev Business Advanced 116cv s-tronic - OK Neopatentati,https://www.autoscout24.it/annunci/audi-a3-1-5-tfsi-mhev-business-advanced-116cv-s-tronic-ok-neopatentati-elettrica-benzina-bianco-cat_ma9mo1624-70c0f2c6-80f2-4de4-bc1c-36fd2511f588,25900,2,2024,39300,automatico,Ibrido,150,Business Advanced,Middle,,Rivenditore,132,mogliano veneto,31021,Veneto,Nord-est
Audi A3 A3 IV 2020 Sportback Sportback 30 2.0 tdi Business s-tronic,https://www.autoscout24.it/annunci/audi-a3-a3-iv-2020-sportback-sportback-30-2-0-tdi-business-s-tronic-diesel-cat_ma9mo1624-3690c58c-5aea-4b99-b052-61b72ddeaa53,26000,4,2022,26900,automatico,Diesel,150,Business,Base,,Rivenditore,184,monticello brianza,23876,Lombardia,Nord-ovest
Audi A3 SPB 1.0 TFSI/MHEV S-TRONIC LED APPLE CAR PLAY/ANDROID AUTO VIRTUAL COCKPIT PLUS SEDILI RISCALDABILI ACC VETRI PRIVACY,https://www.autoscout24.it/annunci/audi-a3-spb-1-0-tfsi-mhev-s-tronic-led-apple-car-play-android-auto-virtual-cockpit-plus-sedili-riscaldabili-acc-vetri-privacy-elettrica-benzina-nero-cat_ma9mo1624-debbc7bf-4480-4628-8a33-e85dfc20f314,25800,3,2023,28809,automatico,Ibrido,150,S,Performance,,Rivenditore,142,riccione,47838,Emilia-Romagna,Nord-est
Audi A3 Sportback 35 1.5 tfsi Sport 150cv,https://www.autoscout24.it/annunci/audi-a3-sportback-35-1-5-tfsi-sport-150cv-benzina-cat_ma9mo1624-489cd8f4-9671-4d64-9c85-768aaf7d552e,25500,5,2021,47779,manuale,Benzina,150,Sport,Middle,,Privato,296,montopoli sabina,2034,Lazio,Centro
Audi A3 A3 SPB 35 TDI S tronic Business Advanced,https://www.autoscout24.it/annunci/audi-a3-a3-spb-35-tdi-s-tronic-business-advanced-diesel-nero-cat_ma9mo1624-7aa6d2b9-336c-4f85-bda1-f5c9e134cb57,25950,2,2024,54000,automatico,Diesel,150,Business Advanced,Middle,35 TDI,Rivenditore,245,alba,12051,Piemonte,Nord-ovest
Audi A3 Sportback 30 2.0 tdi S line edition s-tronic,https://www.autoscout24.it/annunci/audi-a3-sportback-30-2-0-tdi-s-line-edition-s-tronic-diesel-nero-cat_ma9mo1624-531fbe21-4de4-471b-a95d-36a8e1e14f37,25800,4,2022,90000,automatico,Diesel,150,S line,Sport,,Rivenditore,186,pordenone,33170,Friuli-Venezia Giulia,Nord-est
Audi A3 A3 Sportback 30 2.0 tdi S line edition s-tronic,https://www.autoscout24.it/annunci/audi-a3-a3-sportback-30-2-0-tdi-s-line-edition-s-tronic-diesel-blu-azzurro-cat_ma9mo1624-fea5fa69-b285-4ee7-8515-b3f58a5d9488,25500,2,2024,73907,automatico,Diesel,150,S line,Sport,,Rivenditore,119,thiene,36016,Veneto,Nord-est
Audi A3 A3 IV 2021 Sportback 40 1.4 tfsi-e S line edition s-tronic,https://www.autoscout24.it/annunci/audi-a3-a3-iv-2021-sportback-40-1-4-tfsi-e-s-line-edition-s-tronic-elettrica-benzina-bianco-cat_ma9mo1624-c5d8b7d4-efba-403c-8d54-9c5e25a66cc8,25700,5,2021,80500,automatico,Ibrido,150,S line,Sport,,Privato,184,belluno,32100,Veneto,Nord-est
Audi A3 sportback 35 1.5 tfsi mhev business s tronic,https://www.autoscout24.it/annunci/audi-a3-sportback-35-1-5-tfsi-mhev-business-s-tronic-elettrica-benzina-cat_ma9mo1624-883dc3be-75d2-454e-8397-bdf6ccccc005,25900,3,2023,42000,automatico,Ibrido,150,Business,Base,,Rivenditore,276,torino,10148,Piemonte,Nord-ovest
Audi A3 A3 Sportback 35 2.0 tdi Business,https://www.autoscout24.it/annunci/audi-a3-a3-sportback-35-2-0-tdi-business-diesel-bianco-cat_ma9mo1624-b04cf3cb-f1b8-49ab-a4ad-676900e2c568,25500,3,2023,91000,manuale,Diesel,150,Business,Base,,Privato,88,calenzano,50041,Toscana,Centro
Audi A3 SPB 40 TFSI e Business Advanced  S-tronic,https://www.autoscout24.it/annunci/audi-a3-spb-40-tfsi-e-business-advanced-s-tronic-elettrica-benzina-blu-azzurro-cat_ma9mo1624-96597289-18e0-4e23-8f41-3681febadc1a,25700,5,2021,70000,automatico,Ibrido,150,Business Advanced,Middle,40 TFSI e,Rivenditore,31,castenaso,40055,Emilia-Romagna,Nord-est
Audi A3 35 2.0 tdi S line Edition s-tronic,https://www.autoscout24.it/annunci/audi-a3-35-2-0-tdi-s-line-edition-s-tronic-diesel-grigio-cat_ma9mo1624-9b93344b-0c17-48b2-a802-948e75181e7e,25900,4,2022,111000,automatico,Diesel,150,S line,Sport,,Rivenditore,97,altavilla vicentina,36077,Veneto,Nord-est
Audi A3 Sportback 40 2.0 tfsi quattro 190cv s-tronic,https://www.autoscout24.it/annunci/audi-a3-sportback-40-2-0-tfsi-quattro-190cv-s-tronic-benzina-cat_ma9mo1624-63c03392-01fa-4e60-8781-6302e802f6f7,26000,6,2020,73000,automatico,Benzina,150,Sport,Middle,,Privato,203,bernate ticino,20010,Lombardia,Nord-ovest
Audi A3 sportback 30 1.0 tfsi mhev business advanced s-tro,https://www.autoscout24.it/annunci/audi-a3-sportback-30-1-0-tfsi-mhev-business-advanced-s-tro-elettrica-benzina-blu-azzurro-cat_ma9mo1624-ab0d2fd4-e29e-45e0-9f8a-bece487b199c,25700,3,2023,25945,automatico,Ibrido,150,Business Advanced,Middle,,Rivenditore,92,sesto fiorentino,50019,Toscana,Centro
Audi A3 SPB 30 TDI S tronic Sport,https://www.autoscout24.it/annunci/audi-a3-spb-30-tdi-s-tronic-sport-diesel-nero-cat_ma9mo1624-8ff4bb8d-760c-4508-945e-17151a35797d,25900,4,2022,60900,automatico,Diesel,150,Sport,Middle,30 TDI,Rivenditore,776,alliste,73040,Puglia,Sud
Audi A3 Audi a 3 III 2016 sportback 35 2.0 tdi admired 150cv s-tronic my 20,https://www.autoscout24.it/annunci/audi-a3-audi-a-3-iii-2016-sportback-35-2-0-tdi-admired-150cv-s-tronic-my-20-diesel-bianco-cat_ma9mo1624-8903d265-e261-4d39-84b6-87aa4eff2223,26000,6,2020,64500,automatico,Diesel,150,Sport,Middle,,Privato,174,annone veneto,30020,Veneto,Nord-est
Audi A3 sportback 30 2.0 tdi business,https://www.autoscout24.it/annunci/audi-a3-sportback-30-2-0-tdi-business-diesel-cat_ma9mo1624-0ece2553-27fc-45da-be5a-21d66fc1ec93,25500,2,2024,32149,manuale,Diesel,150,Business,Base,,Rivenditore,276,torino,10148,Piemonte,Nord-ovest
Audi A3 SEDAN 35 2.0 TDI BUSINESS ADVANCED S-TRONIC,https://www.autoscout24.it/annunci/audi-a3-sedan-35-2-0-tdi-business-advanced-s-tronic-diesel-grigio-cat_ma9mo1624-6deaabf9-2c0f-4a7f-891a-7483316b08d8,25500,5,2021,50000,automatico,Diesel,150,Business Advanced,Middle,,Rivenditore,180,buccinasco,20090,Lombardia,Nord-ovest
"Audi A3 SPORTBACK 35 E TFSI S tr. S line ed. PELLE 18""MHEV",https://www.autoscout24.it/annunci/audi-a3-sportback-35-e-tfsi-s-tr-s-line-ed-pelle-18-mhev-elettrica-benzina-grigio-cat_ma9mo1624-ac91cc09-3708-4213-9b1c-662e8b6bad31,25900,5,2021,44636,automatico,Ibrido,150,S line,Sport,,Rivenditore,193,vigevano,27029,Lombardia,Nord-ovest
Audi A3 A3 IV 202l3Sportback Sportback 35 1.5 tfsi mhev Business s-tronic,https://www.autoscout24.it/annunci/audi-a3-a3-iv-202l3sportback-sportback-35-1-5-tfsi-mhev-business-s-tronic-elettrica-benzina-cat_ma9mo1624-4ca0bd86-ad9d-40eb-8f90-93ad392ec4c8,26000,3,2023,70000,automatico,Ibrido,150,Business,Base,,Privato,177,milano,20161,Lombardia,Nord-ovest
Audi A3 sportback 30 2.0 tdi business advanced s-tronic,https://www.autoscout24.it/annunci/audi-a3-sportback-30-2-0-tdi-business-advanced-s-tronic-diesel-blu-azzurro-cat_ma9mo1624-8aa9067a-6a7c-4d13-b8b6-543732a2e733,25990,4,2022,51003,automatico,Diesel,150,Business Advanced,Middle,,Rivenditore,163,conegliano,31015,Veneto,Nord-est
Audi A3 30 2.0 tdi Business s-tronic,https://www.autoscout24.it/annunci/audi-a3-30-2-0-tdi-business-s-tronic-diesel-nero-cat_ma9mo1624-87d2509a-ae99-4f53-a76e-ee46b82c5028,25900,3,2023,31126,automatico,Diesel,150,Business,Base,,Rivenditore,174,concorezzo,20863,Lombardia,Nord-ovest
Audi A3 Sportback S Line,https://www.autoscout24.it/annunci/audi-a3-sportback-s-line-benzina-cat_ma9mo1624-fe1d10c0-e32f-4683-be78-9c0ace3ba8b2,26000,4,2022,107000,automatico,Benzina,150,S line,Sport,,Privato,99,firenze,50122,Toscana,Centro
Audi A3 SPB 40 TFSI e S tronic Business Advanced,https://www.autoscout24.it/annunci/audi-a3-spb-40-tfsi-e-s-tronic-business-advanced-elettrica-benzina-grigio-cat_ma9mo1624-8a172852-2be8-4470-b74e-bd32e785f4f6,25900,5,2021,56500,automatico,Ibrido,150,Business Advanced,Middle,40 TFSI e,Rivenditore,509,pratola serra,83039,Campania,Sud
"Audi A3 35 1.5 tfsi mhev S line edition s-tronic  ""S-LINE""MATRIX""",https://www.autoscout24.it/annunci/audi-a3-35-1-5-tfsi-mhev-s-line-edition-s-tronic-s-line-matrix-elettrica-benzina-cat_ma9mo1624-7f242ff5-447f-419b-8240-ac7eb6be8611,25490,3,2023,69990,automatico,Ibrido,150,S line,Sport,,Rivenditore,165,curno,24035,Lombardia,Nord-ovest
Audi A3 SPB 30 TDI S tronic Business Advanced,https://www.autoscout24.it/annunci/audi-a3-spb-30-tdi-s-tronic-business-advanced-diesel-nero-cat_ma9mo1624-a703835b-3f86-4590-84e4-e4f1ad08c8eb,25400,3,2023,52605,automatico,Diesel,150,Business Advanced,Middle,30 TDI,Rivenditore,65,parma,43122,Emilia-Romagna,Nord-est
Audi A3 Sportback 30 2.0 tdi S line edition,https://www.autoscout24.it/annunci/audi-a3-sportback-30-2-0-tdi-s-line-edition-diesel-cat_ma9mo1624-09e650dd-b491-4aa7-bc96-45acd8502d1b,26000,4,2022,91000,manuale,Diesel,150,S line,Sport,,Privato,286,cuneo,12100,Piemonte,Nord-ovest
Audi A3 30 g-tron S tronic Fari LED ACC IVA esposta,https://www.autoscout24.it/annunci/audi-a3-30-g-tron-s-tronic-fari-led-acc-iva-esposta-metano-nero-cat_ma9mo1624-07ff1108-36fe-4879-8475-704732bba7fe,25970,4,2022,68000,automatico,Metano,150,S,Performance,,Rivenditore,77,baone,35030,Veneto,Nord-est
Audi A3 A3 SPB 30 TFSI Business 150cv,https://www.autoscout24.it/annunci/audi-a3-a3-spb-30-tfsi-business-150cv-benzina-bianco-cat_ma9mo1624-57d80f42-207e-4e1f-83fd-28b55676346c,25900,2,2024,30050,manuale,Benzina,150,Business,Base,30 TFSI,Rivenditore,135,rovereto,38068,Trentino-Alto Adige/Südtirol,Nord-est
"Audi A3 SPB 35 TDI S-TRONIC BUSINESS *ANTIFURTO, CERCHI 18''*",https://www.autoscout24.it/annunci/audi-a3-spb-35-tdi-s-tronic-business-antifurto-cerchi-18-diesel-blu-azzurro-cat_ma9mo1624-413539dd-4f93-4ec2-8225-fe9ec1c1b381,25800,4,2022,68300,automatico,Diesel,150,Business,Base,35 TDI,Rivenditore,746,arnesano,73010,Puglia,Sud
Audi A3 SPORTBACK 40 e-tron S tr. S-LINE EDIT PLUG IN HYBR,https://www.autoscout24.it/annunci/audi-a3-sportback-40-e-tron-s-tr-s-line-edit-plug-in-hybr-elettrica-benzina-grigio-cat_ma9mo1624-268c4cb7-33be-4bf9-878f-9e26069c3a8d,25500,3,2023,66709,automatico,Ibrido,150,S line,Sport,,Rivenditore,193,vigevano,27029,Lombardia,Nord-ovest
Audi A3 A3 IV 2020 Sportback Sportback 35 1.5 tfsi mhev Business s-tronic,https://www.autoscout24.it/annunci/audi-a3-a3-iv-2020-sportback-sportback-35-1-5-tfsi-mhev-business-s-tronic-elettrica-benzina-grigio-cat_ma9mo1624-d5e77ad1-3a65-47a0-9a58-fa892c68d579,25990,5,2021,49766,automatico,Ibrido,150,Business,Base,,Rivenditore,840,biancavilla,95033,Sicilia,Isole
Audi A3 Sportback 30 2.0 tdi Business,https://www.autoscout24.it/annunci/audi-a3-sportback-30-2-0-tdi-business-diesel-nero-cat_ma9mo1624-2c32792f-7170-4cb0-a92d-86a6696ff1d6,25440,3,2023,71143,manuale,Diesel,150,Business,Base,,Rivenditore,16,modena,41123,Emilia-Romagna,Nord-est
Audi A3 A3 IV 2020 Sportback Sportback 30 2.0 tdi S line edition s-tronic,https://www.autoscout24.it/annunci/audi-a3-a3-iv-2020-sportback-sportback-30-2-0-tdi-s-line-edition-s-tronic-diesel-nero-cat_ma9mo1624-cb56796f-1c22-42d5-8810-5b5e1e4590b3,25499,3,2023,78000,automatico,Diesel,150,S line,Sport,,Privato,861,catania,95121,Sicilia,Isole
Audi A3 2000 116cv Diesel,https://www.autoscout24.it/annunci/audi-a3-2000-116cv-diesel-diesel-cat_ma9mo1624-6243d3a3-f91c-496f-8d5c-ab1f6be28c61,25400,3,2023,89000,automatico,Diesel,150,S,Performance,,Privato,490,acerra,80011,Campania,Sud
Audi A3 A3 Sportback 30 2.0 tdi S line s-tronic *PROMO*,https://www.autoscout24.it/annunci/audi-a3-a3-sportback-30-2-0-tdi-s-line-s-tronic-promo-diesel-nero-cat_ma9mo1624-a28a8845-7668-4154-b61e-44e1a9dfbd40,25500,3,2023,76000,automatico,Diesel,150,S line,Sport,,Rivenditore,182,lissone,20851,Lombardia,Nord-ovest
Audi A3 A3 2024 Sportback 30 2.0 tdi S line edition s-tronic,https://www.autoscout24.it/annunci/audi-a3-a3-2024-sportback-30-2-0-tdi-s-line-edition-s-tronic-diesel-bianco-cat_ma9mo1624-d3353e06-04ec-459d-9376-4ceb4933c0bd,25950,2,2024,92000,automatico,Diesel,150,S line,Sport,,Rivenditore,119,savignano sul rubicone,47039,Emilia-Romagna,Nord-est
Audi A3 A3 Sportback 30 2.0 tdi S line edition s-tronic,https://www.autoscout24.it/annunci/audi-a3-a3-sportback-30-2-0-tdi-s-line-edition-s-tronic-diesel-blu-azzurro-cat_ma9mo1624-a77a07d3-b65c-4a61-bd5e-3d12cf07005b,25500,2,2024,73907,automatico,Diesel,150,S line,Sport,,Rivenditore,95,albignasego,35020,Veneto,Nord-est
Audi A3 Sportback 30 1.5 g-tron 131cv s-tronic,https://www.autoscout24.it/annunci/audi-a3-sportback-30-1-5-g-tron-131cv-s-tronic-metano-cat_ma9mo1624-9731c5b5-62d3-4280-91ed-048b4cdfce88,26000,4,2022,76000,automatico,Metano,150,Sport,Middle,,Privato,120,bellariaigea marina,47814,Emilia-Romagna,Nord-est
Audi A3 Sportback Business Advanced Pelle totale e fari Matrix 35 1.5,https://www.autoscout24.it/annunci/audi-a3-sportback-business-advanced-pelle-totale-e-fari-matrix-35-1-5-benzina-argento-cat_ma9mo1624-489cdc3a-8251-4f8b-bc0f-72b2ddc2469a,25399,4,2022,52470,manuale,Benzina,150,Business Advanced,Middle,,Rivenditore,210,olgiate comasco,22077,Lombardia,Nord-ovest
Audi A3 SPORTBACK 35 TFSI S-Tronic 1.5 150Cv SPB MHEV,https://www.autoscout24.it/annunci/audi-a3-sportback-35-tfsi-s-tronic-1-5-150cv-spb-mhev-benzina-nero-cat_ma9mo1624-4287ba6c-64e0-4848-ba22-922124e488e5,25900,3,2023,76000,automatico,Benzina,150,Sport,Middle,35 TFSI,Rivenditore,126,concesio,25062,Lombardia,Nord-ovest
Audi A3 35 TFSI 150 CV Business,https://www.autoscout24.it/annunci/audi-a3-35-tfsi-150-cv-business-benzina-bianco-cat_ma9mo1624-f33ee13b-805f-481d-bb53-fa83d3d834bb,25800,3,2023,35700,manuale,Benzina,150,Business,Base,35 TFSI,Rivenditore,159,pieve soligo,31053,Veneto,Nord-est
Audi A3 30 TDI S line,https://www.autoscout24.it/annunci/audi-a3-30-tdi-s-line-diesel-grigio-cat_ma9mo1624-57d29c61-75cc-46d5-9d85-bf6117399a0b,25499,3,2023,84330,automatico,Diesel,150,S line,Sport,30 TDI,Rivenditore,177,milano,20155,Lombardia,Nord-ovest
Audi A3 Sportback 35 1.5 tfsi Business Advanced,https://www.autoscout24.it/annunci/audi-a3-sportback-35-1-5-tfsi-business-advanced-benzina-nero-cat_ma9mo1624-00513952-c08c-4410-994a-2f37af5e862c,25800,3,2023,34000,manuale,Benzina,150,Business Advanced,Middle,,Rivenditore,159,pieve soligo,31053,Veneto,Nord-est
Audi A3 A3 Sportback 35 1.5 tfsi mhev Business Advanced s-tronic,https://www.autoscout24.it/annunci/audi-a3-a3-sportback-35-1-5-tfsi-mhev-business-advanced-s-tronic-elettrica-benzina-grigio-cat_ma9mo1624-5916233a-dd3f-47f3-8a22-00b4c5be15ed,25700,4,2022,49750,automatico,Ibrido,150,Business Advanced,Middle,,Rivenditore,101,padova,35129,Veneto,Nord-est
Audi A3 Sportback 30 1.0 tfsi mhev Business Advanced s-tronic,https://www.autoscout24.it/annunci/audi-a3-sportback-30-1-0-tfsi-mhev-business-advanced-s-tronic-elettrica-benzina-cat_ma9mo1624-bfb048d2-9a98-4542-97fc-e5f8a05f87ff,26000,4,2022,45000,automatico,Ibrido,150,Business Advanced,Middle,,Privato,368,sulmona,67039,Abruzzo,Sud
Audi A3 A3 Sportback 30 2.0 tdi S line edition s-tronic,https://www.autoscout24.it/annunci/audi-a3-a3-sportback-30-2-0-tdi-s-line-edition-s-tronic-diesel-bianco-cat_ma9mo1624-85ed7bfa-2e99-438c-8017-2d22119ecbca,25200,2,2024,86240,automatico,Diesel,150,S line,Sport,,Rivenditore,119,thiene,36016,Veneto,Nord-est
Audi A3 sportback 30 2.0 tdi business,https://www.autoscout24.it/annunci/audi-a3-sportback-30-2-0-tdi-business-diesel-bianco-cat_ma9mo1624-e04815d6-1cab-4983-bb62-fa47e8169a46,25900,3,2023,34651,manuale,Diesel,150,Business,Base,,Rivenditore,381,frosinone,3100,Lazio,Centro
Audi A3 30 TDI S line,https://www.autoscout24.it/annunci/audi-a3-30-tdi-s-line-diesel-grigio-cat_ma9mo1624-133782c6-1722-41bd-a6a4-79c89c81f5d1,25499,3,2023,84330,automatico,Diesel,150,S line,Sport,30 TDI,Rivenditore,86,verona,37135,Veneto,Nord-est
Audi A3 Sedan 30 1.0 tfsi mhev Business s-tronic,https://www.autoscout24.it/annunci/audi-a3-sedan-30-1-0-tfsi-mhev-business-s-tronic-elettrica-benzina-cat_ma9mo1624-4e56f2fd-fb4d-4846-854a-66cd65680076,25500,3,2023,70000,automatico,Ibrido,150,Business,Base,,Privato,203,fino mornasco,22073,Lombardia,Nord-ovest
Audi A3 SPB 1.0 TFSI/MHEV S-TRONIC LED APPLE CAR PLAY/ANDROID AUTO VIRTUAL COCKPIT PLUS SEDILI RISCALDABILI ACC VETRI PRIVACY,https://www.autoscout24.it/annunci/audi-a3-spb-1-0-tfsi-mhev-s-tronic-led-apple-car-play-android-auto-virtual-cockpit-plus-sedili-riscaldabili-acc-vetri-privacy-benzina-nero-cat_ma9mo1624-cac4fda3-3cca-40cf-870c-0a7883bcf426,25800,3,2023,28809,automatico,Benzina,150,S,Performance,,Rivenditore,142,riccione,47838,Emilia-Romagna,Nord-est
Audi A3 SPB 30 TDI S tronic,https://www.autoscout24.it/annunci/audi-a3-spb-30-tdi-s-tronic-diesel-bianco-cat_ma9mo1624-aa9d21ee-e6c8-4564-a4b3-5974419a24ae,25190,3,2023,41059,automatico,Diesel,150,S,Performance,30 TDI,Rivenditore,129,cassola,36022,Veneto,Nord-est
Audi A3 Business Advanced,https://www.autoscout24.it/annunci/audi-a3-business-advanced-diesel-cat_ma9mo1624-b69fa77e-d7a6-4678-93b7-59eb39e260f4,26000,4,2022,86000,automatico,Diesel,150,Business Advanced,Middle,,Privato,578,aquara,84020,Campania,Sud
Audi A3 A3 IV 2020 Sportback Sportback 30 2.0 tdi Business Advanced s-tronic,https://www.autoscout24.it/annunci/audi-a3-a3-iv-2020-sportback-sportback-30-2-0-tdi-business-advanced-s-tronic-diesel-grigio-cat_ma9mo1624-e36bbd11-7c49-49b8-81fe-4d504125deaf,25500,4,2022,60000,automatico,Diesel,150,Business Advanced,Middle,,Privato,674,statte,74010,Puglia,Sud
Audi A3 30 TDI S line,https://www.autoscout24.it/annunci/audi-a3-30-tdi-s-line-diesel-grigio-cat_ma9mo1624-857c61c3-6e47-4692-a9d5-485ca06966f5,25499,3,2023,84330,automatico,Diesel,150,S line,Sport,30 TDI,Rivenditore,485,sassari,7100,Sardegna,Isole
Audi A3 Audi A3 Sportback 8Y Business Advanced.,https://www.autoscout24.it/annunci/audi-a3-audi-a3-sportback-8y-business-advanced-benzina-argento-cat_ma9mo1624-373a74b3-4749-435c-8a45-b2e463fe4000,26000,4,2022,107056,automatico,Benzina,150,Business Advanced,Middle,,Privato,404,sabaudia,4016,Lazio,Centro
Audi A3 Sportback 35 2.0 tdi Admired 150cv s-tronic my20,https://www.autoscout24.it/annunci/audi-a3-sportback-35-2-0-tdi-admired-150cv-s-tronic-my20-diesel-cat_ma9mo1624-242bf97e-920f-4775-bf93-f529cc88a3f1,25900,6,2020,68000,automatico,Diesel,150,Sport,Middle,,Privato,628,cagliari,9121,Sardegna,Isole
Audi A3 2.0 tdi AD. PLUS  S-TRONIC - PREZZO  CON FINANZIAMENTO,https://www.autoscout24.it/annunci/audi-a3-2-0-tdi-ad-plus-s-tronic-prezzo-con-finanziamento-diesel-nero-cat_ma9mo1624-71db564f-310b-4140-ba76-e303aade9a83,25500,4,2022,65500,automatico,Diesel,150,S,Performance,,Rivenditore,121,piacenza,29121,Emilia-Romagna,Nord-est
Audi A3 30 TDI S line,https://www.autoscout24.it/annunci/audi-a3-30-tdi-s-line-diesel-grigio-cat_ma9mo1624-875d14b2-da60-43f6-87be-10cf84c24bac,25499,3,2023,84330,automatico,Diesel,150,S line,Sport,30 TDI,Rivenditore,25,bologna,40131,Emilia-Romagna,Nord-est
Audi A3 35 TDI S line  S tronic,https://www.autoscout24.it/annunci/audi-a3-35-tdi-s-line-s-tronic-diesel-nero-cat_ma9mo1624-e3fff849-8fe1-45ca-8e7d-21a88a93c17e,25999,4,2022,59560,automatico,Diesel,150,S line,Sport,35 TDI,Rivenditore,177,milano,20155,Lombardia,Nord-ovest
Audi A3 A3 Sportback 30 2.0 tdi Business Advanced s-tronic,https://www.autoscout24.it/annunci/audi-a3-a3-sportback-30-2-0-tdi-business-advanced-s-tronic-diesel-bianco-cat_ma9mo1624-0a983499-1689-4ad1-8d8f-b1d23308e080,25900,5,2021,77000,automatico,Diesel,150,Business Advanced,Middle,,Rivenditore,189,cles,38023,Trentino-Alto Adige/Südtirol,Nord-est
Audi A3 Sportback 35 2.0 TDI 150CV Business Advanced s-Tro,https://www.autoscout24.it/annunci/audi-a3-sportback-35-2-0-tdi-150cv-business-advanced-s-tro-diesel-beige-cat_ma9mo1624-782b84ea-397c-425f-a08c-0dcad972956a,25786,3,2023,58036,automatico,Diesel,150,Business Advanced,Middle,,Rivenditore,190,meda,20821,Lombardia,Nord-ovest
Audi A3 A3 SPB 30 TDI S line edition S-tronic,https://www.autoscout24.it/annunci/audi-a3-a3-spb-30-tdi-s-line-edition-s-tronic-diesel-blu-azzurro-cat_ma9mo1624-b29b6e86-e6ee-4493-aa60-a6da2b3431d2,25900,2,2024,90000,automatico,Diesel,150,S line,Sport,30 TDI,Rivenditore,271,carmagnola,10022,Piemonte,Nord-ovest
Audi A3 Sportback 30 1.0 tfsi Business Advanced,https://www.autoscout24.it/annunci/audi-a3-sportback-30-1-0-tfsi-business-advanced-benzina-cat_ma9mo1624-e7e30bab-6eaf-4a62-9531-01596ec2e1b2,26000,3,2023,38000,manuale,Benzina,150,Business Advanced,Middle,,Privato,276,torino,10141,Piemonte,Nord-ovest
Audi A3 SPB 40 TFSI e S tronic,https://www.autoscout24.it/annunci/audi-a3-spb-40-tfsi-e-s-tronic-elettrica-benzina-nero-cat_ma9mo1624-de3678ab-321a-45f0-88ea-374d2aaca97f,25950,4,2022,57999,automatico,Ibrido,150,S,Performance,40 TFSI e,Rivenditore,14,pieve cento,40066,Emilia-Romagna,Nord-est
Audi A3 35 1.5 tfsi Business Advanced S-tronic KM 26.000,https://www.autoscout24.it/annunci/audi-a3-35-1-5-tfsi-business-advanced-s-tronic-km-26-000-benzina-bianco-cat_ma9mo1624-7b3afa37-c1f6-4650-8543-6e76a877d164,25900,1,2025,26000,automatico,Benzina,150,Business Advanced,Middle,,Rivenditore,499,nola,80035,Campania,Sud
Audi A3 35 TDI S line  S tronic,https://www.autoscout24.it/annunci/audi-a3-35-tdi-s-line-s-tronic-diesel-nero-cat_ma9mo1624-c52a7df2-034a-40d1-8805-19eae1297de1,25999,4,2022,59560,automatico,Diesel,150,S line,Sport,35 TDI,Rivenditore,25,bologna,40131,Emilia-Romagna,Nord-est
Audi A3 SPB 30 TDI S tronic S line edition,https://www.autoscout24.it/annunci/audi-a3-spb-30-tdi-s-tronic-s-line-edition-diesel-nero-cat_ma9mo1624-0d281ff5-a480-495b-99c2-a510b1373c32,25900,4,2022,58835,automatico,Diesel,150,S line,Sport,30 TDI,Rivenditore,468,capua,81043,Campania,Sud
Audi A3 A3 Sportback 35 2.0 tdi Business Advanced s-tronic,https://www.autoscout24.it/annunci/audi-a3-a3-sportback-35-2-0-tdi-business-advanced-s-tronic-diesel-grigio-cat_ma9mo1624-47fa680b-9451-4e51-b175-2ce5c1f9205b,25900,3,2023,104756,automatico,Diesel,150,Business Advanced,Middle,,Rivenditore,191,mariano comense,22066,Lombardia,Nord-ovest
Audi A3 35 TDI S tronic Business Advanced,https://www.autoscout24.it/annunci/audi-a3-35-tdi-s-tronic-business-advanced-diesel-cat_ma9mo1624-3b6939b1-00e6-4c7f-84dd-160adc205236,25800,4,2022,75000,automatico,Diesel,150,Business Advanced,Middle,35 TDI,Rivenditore,210,bastia umbra,6083,Umbria,Centro
Audi A3 30 TFSI Business,https://www.autoscout24.it/annunci/audi-a3-30-tfsi-business-benzina-bianco-cat_ma9mo1624-56901e0d-5e1a-4865-8a51-bfbcd4c3d40b,25900,3,2023,33165,manuale,Benzina,150,Business,Base,30 TFSI,Rivenditore,104,lucca,55100,Toscana,Centro
Audi A3 35 TDI S line  S tronic,https://www.autoscout24.it/annunci/audi-a3-35-tdi-s-line-s-tronic-diesel-nero-cat_ma9mo1624-d3757a9a-c0a6-4111-b924-80926db8d4ad,25999,4,2022,59560,automatico,Diesel,150,S line,Sport,35 TDI,Rivenditore,628,cagliari,9122,Sardegna,Isole
Audi A3 sportback 35 2.0 tdi business advanced s-tronic,https://www.autoscout24.it/annunci/audi-a3-sportback-35-2-0-tdi-business-advanced-s-tronic-diesel-nero-cat_ma9mo1624-0ce6add1-6b2a-48b0-9ebd-7016cdd65e2f,25800,4,2022,85427,automatico,Diesel,150,Business Advanced,Middle,,Rivenditore,201,alessandria,15121,Piemonte,Nord-ovest
Audi A3 35 2.0 tdi s-tronic,https://www.autoscout24.it/annunci/audi-a3-35-2-0-tdi-s-tronic-diesel-argento-cat_ma9mo1624-00e0f5a0-27e1-406e-8d2b-d236f33c422e,25700,3,2023,77778,automatico,Diesel,150,S,Performance,,Rivenditore,174,concorezzo,20863,Lombardia,Nord-ovest
Audi A3 SPB 35 TFSI Business Advanced,https://www.autoscout24.it/annunci/audi-a3-spb-35-tfsi-business-advanced-benzina-nero-cat_ma9mo1624-395625a9-257a-408a-bf99-6eca06b7ca40,25800,3,2023,34000,manuale,Benzina,150,Business Advanced,Middle,35 TFSI,Rivenditore,159,pieve soligo,31053,Veneto,Nord-est
Audi A3 Sportback 30 2.0 tdi Business Advanced,https://www.autoscout24.it/annunci/audi-a3-sportback-30-2-0-tdi-business-advanced-diesel-argento-cat_ma9mo1624-a5da8d59-2ecd-4ffd-ab67-2b15a3615665,26000,3,2023,37000,manuale,Diesel,150,Business Advanced,Middle,,Rivenditore,140,livorno,57121,Toscana,Centro
Audi A3 35 TDI S line  S tronic,https://www.autoscout24.it/annunci/audi-a3-35-tdi-s-line-s-tronic-diesel-nero-cat_ma9mo1624-3ce2cd0c-f93e-4d08-a5b9-02ce8b2e24f0,25999,4,2022,59560,automatico,Diesel,150,S line,Sport,35 TDI,Rivenditore,326,roma,169,Lazio,Centro
Audi A3 Sportback 35 2.0 TDI 150CV Business Advanced s-Tr,https://www.autoscout24.it/annunci/audi-a3-sportback-35-2-0-tdi-150cv-business-advanced-s-tr-diesel-giallo-cat_ma9mo1624-f0e8f4b1-e4a1-4ff0-a7a4-bca9922aed79,25786,3,2023,58036,automatico,Diesel,150,Business Advanced,Middle,,Rivenditore,116,borgoricco,35010,Veneto,Nord-est
Audi A3 Sportback 35 2.0 TDI 150CV Business Advanced s-Tr,https://www.autoscout24.it/annunci/audi-a3-sportback-35-2-0-tdi-150cv-business-advanced-s-tr-diesel-giallo-cat_ma9mo1624-285a0891-8176-4736-b669-1950cff0e4d4,25786,3,2023,58036,automatico,Diesel,150,Business Advanced,Middle,,Rivenditore,187,barzago,23890,Lombardia,Nord-ovest
Audi A3 sportback 30 1.0 tfsi mhev business advanced s-tro,https://www.autoscout24.it/annunci/audi-a3-sportback-30-1-0-tfsi-mhev-business-advanced-s-tro-elettrica-benzina-nero-cat_ma9mo1624-2ed0e40d-2b09-4b4b-b815-d84f91f15396,25500,5,2021,87100,automatico,Ibrido,150,Business Advanced,Middle,,Rivenditore,326,roma,178,Lazio,Centro
Audi A3 SportBack 35 S Line 2.0 TDI 150CV Navi Pelle,https://www.autoscout24.it/annunci/audi-a3-sportback-35-s-line-2-0-tdi-150cv-navi-pelle-diesel-grigio-cat_ma9mo1624-d345d590-cf0c-4428-bf97-2a76071973f3,25990,4,2022,52605,manuale,Diesel,150,S line,Sport,,Rivenditore,852,camporotondo etneo,95040,Sicilia,Isole
Audi A3 sportback 30 2.0 tdi edition one s-tronic,https://www.autoscout24.it/annunci/audi-a3-sportback-30-2-0-tdi-edition-one-s-tronic-diesel-cat_ma9mo1624-85027382-6055-4be8-a11e-971831dd2829,25500,3,2023,69327,automatico,Diesel,150,Sport,Middle,,Rivenditore,387,ceccano,3023,Lazio,Centro
Audi A3 4ª SERIE SPB 30 TDI S TRONIC S LINE EDITION,https://www.autoscout24.it/annunci/audi-a3-4-serie-spb-30-tdi-s-tronic-s-line-edition-diesel-blu-azzurro-cat_ma9mo1624-bcd43dd0-e0b1-4979-9707-fa9c05c39701,25900,4,2022,96104,automatico,Diesel,150,S line,Sport,30 TDI,Rivenditore,204,bolzano,39100,Trentino-Alto Adige/Südtirol,Nord-est
Audi A3 35 TDI S line  S tronic,https://www.autoscout24.it/annunci/audi-a3-35-tdi-s-line-s-tronic-diesel-nero-cat_ma9mo1624-11ac4656-d3a2-4dda-bd38-047505eb21ae,25999,4,2022,59560,automatico,Diesel,150,S line,Sport,35 TDI,Rivenditore,283,beinasco,10092,Piemonte,Nord-ovest
Audi A3 30 TDI S tronic S line Edition,https://www.autoscout24.it/annunci/audi-a3-30-tdi-s-tronic-s-line-edition-diesel-grigio-cat_ma9mo1624-d9ed5a6c-651d-4889-8387-ac8483884945,25400,3,2023,85000,automatico,Diesel,150,S line,Sport,30 TDI,Rivenditore,104,lucca,55100,Toscana,Centro
Audi A3 Sportback 35 2.0 tdi Business Advance s-tronic,https://www.autoscout24.it/annunci/audi-a3-sportback-35-2-0-tdi-business-advance-s-tronic-diesel-cat_ma9mo1624-c814df6f-0fdf-413d-9e18-6c1cabd11b2a,25700,6,2020,170000,automatico,Diesel,150,Business,Base,,Privato,194,caronno pertusella,21042,Lombardia,Nord-ovest
Audi A3 A3 IV 2024 Sportback 30 2.0 tdi S line edition s-tronic,https://www.autoscout24.it/annunci/audi-a3-a3-iv-2024-sportback-30-2-0-tdi-s-line-edition-s-tronic-diesel-blu-azzurro-cat_ma9mo1624-dc88c3f3-e09c-4c6c-b90b-473bb9913359,25950,2,2024,77904,automatico,Diesel,150,S line,Sport,,Rivenditore,119,savignano sul rubicone,47039,Emilia-Romagna,Nord-est
Audi A3 Sportback 35 2.0 tdi S line Edition s-tronic,https://www.autoscout24.it/annunci/audi-a3-sportback-35-2-0-tdi-s-line-edition-s-tronic-diesel-cat_ma9mo1624-8ec82dab-2a68-4fff-8a31-9539bf61b301,25299,6,2020,141000,automatico,Diesel,150,S line,Sport,,Rivenditore,463,cancello ed arnone,81030,Campania,Sud
Audi A3 S LINE 1.5 TFSI MANUALE,https://www.autoscout24.it/annunci/audi-a3-s-line-1-5-tfsi-manuale-benzina-grigio-cat_ma9mo1624-fb575fab-04c2-4e16-8bba-15b2cf08debd,25900,2,2024,18300,manuale,Benzina,150,S line,Sport,,Rivenditore,77,arcole,37040,Veneto,Nord-est
Audi A3 Sportback 35 1.5 tfsi SPORTLINE 150cv Prezzo Reale,https://www.autoscout24.it/annunci/audi-a3-sportback-35-1-5-tfsi-sportline-150cv-prezzo-reale-benzina-nero-cat_ma9mo1624-2b3dbc70-8801-49ef-94ba-beeb1073e835,26400,3,2023,41000,automatico,Benzina,150,Sport,Middle,,Rivenditore,190,lecco,23900,Lombardia,Nord-ovest
Audi A3 sportback 35 2.0 tdi business s-tronic,https://www.autoscout24.it/annunci/audi-a3-sportback-35-2-0-tdi-business-s-tronic-diesel-nero-cat_ma9mo1624-87265135-70b0-47eb-b94a-0f17111c4e02,26400,3,2023,38174,automatico,Diesel,150,Business,Base,,Rivenditore,116,borgoricco,35010,Veneto,Nord-est
Audi A3 SEDAN - 1.5 TFSI | 149CV - BENZINA | S-TRONIC | 2023,https://www.autoscout24.it/annunci/audi-a3-sedan-1-5-tfsi-149cv-benzina-s-tronic-2023-elettrica-benzina-grigio-cat_ma9mo1624-25a19d10-02cc-479e-a6e8-1705dcfebf30,26700,3,2023,67687,automatico,Ibrido,150,S,Performance,,Rivenditore,764,lamezia terme,88046,Calabria,Sud
Audi A3 Sedan 30 1.0 TFSI S tronic Business Advanced MHEV,https://www.autoscout24.it/annunci/audi-a3-sedan-30-1-0-tfsi-s-tronic-business-advanced-mhev-elettrica-benzina-blu-azzurro-cat_ma9mo1624-dd3d8212-096c-4132-94d5-f58456ff512c,26800,2,2024,25208,automatico,Ibrido,150,Business Advanced,Middle,,Rivenditore,209,delebio,23014,Lombardia,Nord-ovest
Audi A3 Sportback 35 TFSI Business Advanced S-TRONIC,https://www.autoscout24.it/annunci/audi-a3-sportback-35-tfsi-business-advanced-s-tronic-elettrica-benzina-bianco-cat_ma9mo1624-bc060eba-021c-45f5-96f9-0ed5b881d5e9,26990,1,2025,28544,automatico,Ibrido,150,Business Advanced,Middle,35 TFSI,Rivenditore,203,fino mornasco,22073,Lombardia,Nord-ovest
Audi A3 Sportback 35 TFSI Business Advanced S-TRONIC,https://www.autoscout24.it/annunci/audi-a3-sportback-35-tfsi-business-advanced-s-tronic-elettrica-benzina-bianco-cat_ma9mo1624-2d33163e-20e5-4754-8047-6825809e4fbd,26990,1,2025,29990,automatico,Ibrido,150,Business Advanced,Middle,35 TFSI,Rivenditore,203,fino mornasco,22073,Lombardia,Nord-ovest
Audi A3 sportback 30 1.0 tfsi mhev business advanced s-tro,https://www.autoscout24.it/annunci/audi-a3-sportback-30-1-0-tfsi-mhev-business-advanced-s-tro-elettrica-benzina-bianco-cat_ma9mo1624-4a777e98-d93d-4eef-ba36-12cd71695fe6,26500,3,2023,52328,automatico,Ibrido,150,Business Advanced,Middle,,Rivenditore,326,roma,178,Lazio,Centro
Audi A3 A3 SPB 30 TFSI S tronic,https://www.autoscout24.it/annunci/audi-a3-a3-spb-30-tfsi-s-tronic-elettrica-benzina-bianco-cat_ma9mo1624-1aaa4c64-75f7-4c7f-b8f4-fcf0cfaede7f,26400,2,2024,41228,automatico,Ibrido,150,S,Performance,30 TFSI,Rivenditore,86,verona,37135,Veneto,Nord-est
Audi A3 35 TFSI cylinder on demand Sportback S tronic sport,https://www.autoscout24.it/annunci/audi-a3-35-tfsi-cylinder-on-demand-sportback-s-tronic-sport-benzina-cat_ma9mo1624-d973b3b7-3b74-416b-8fd5-1a97a359f4f2,26800,2,2024,54000,automatico,Benzina,150,Sport,Middle,35 TFSI,Privato,326,roma,177,Lazio,Centro
Audi A3 Sportback 35 2.0 tdi S line Edition s-tronic,https://www.autoscout24.it/annunci/audi-a3-sportback-35-2-0-tdi-s-line-edition-s-tronic-diesel-cat_ma9mo1624-5b99518f-c3f2-4768-8bbb-549dbd6484f4,26500,3,2023,58000,automatico,Diesel,150,S line,Sport,,Privato,42,ferrara,44124,Emilia-Romagna,Nord-est
Audi A3 Sportback 45 1.4 tfsi e S line edition s-tronic VIRTUAL,https://www.autoscout24.it/annunci/audi-a3-sportback-45-1-4-tfsi-e-s-line-edition-s-tronic-virtual-elettrica-benzina-blu-azzurro-cat_ma9mo1624-10ffb238-33df-4f57-8565-f0816f119b5d,26500,3,2023,67500,automatico,Ibrido,150,S line,Sport,,Rivenditore,190,rho,20017,Lombardia,Nord-ovest
Audi A3 Sportback 35 1.5 tfsi mhev Identity Black s-tronic,https://www.autoscout24.it/annunci/audi-a3-sportback-35-1-5-tfsi-mhev-identity-black-s-tronic-elettrica-benzina-cat_ma9mo1624-cfa20d3c-9651-4934-a090-eacb1627148c,26500,3,2023,47000,automatico,Ibrido,150,Identity,Middle,,Privato,861,catania,95121,Sicilia,Isole
Audi A3 sportback 30 2.0 tdi s line edition s-tronic,https://www.autoscout24.it/annunci/audi-a3-sportback-30-2-0-tdi-s-line-edition-s-tronic-diesel-cat_ma9mo1624-4d1303b1-5ee3-4df6-a4ee-76ac83306428,26500,3,2023,32946,automatico,Diesel,150,S line,Sport,,Rivenditore,184,belluno,32100,Veneto,Nord-est
Audi A3 PREZZO PROMO-Sportback 30 Business Advanced s-tronic,https://www.autoscout24.it/annunci/audi-a3-prezzo-promo-sportback-30-business-advanced-s-tronic-metano-bianco-cat_ma9mo1624-a59b2ac2-f1d7-4e5a-b70c-fb03fc29b46f,26500,4,2022,57000,automatico,Metano,150,Business Advanced,Middle,,Rivenditore,187,settimo milanese,20019,Lombardia,Nord-ovest
"Audi A3 Sportback 35 1.5 tfsi 150cv Identity black S-line S-tronic 2022 18""",https://www.autoscout24.it/annunci/audi-a3-sportback-35-1-5-tfsi-150cv-identity-black-s-line-s-tronic-2022-18-benzina-grigio-cat_ma9mo1624-b1ee6f92-8345-4cec-8f41-b52d852b8bfc,26390,4,2022,39200,automatico,Benzina,150,Identity,Middle,,Rivenditore,342,monte compatri,77,Lazio,Centro
"Audi A3 Sportback 40 1.4 tfsi e Identity black S line S-tronic camera 18""",https://www.autoscout24.it/annunci/audi-a3-sportback-40-1-4-tfsi-e-identity-black-s-line-s-tronic-camera-18-elettrica-benzina-grigio-cat_ma9mo1624-73e3f5b8-3ccf-4c4f-8cf3-4ac65df4a653,26400,4,2022,40255,automatico,Ibrido,150,Identity,Middle,,Rivenditore,342,monte compatri,77,Lazio,Centro
Audi A3 Sportback 40 1.4 tfsi e-tron Sport s-tronic,https://www.autoscout24.it/annunci/audi-a3-sportback-40-1-4-tfsi-e-tron-sport-s-tronic-elettrica-benzina-cat_ma9mo1624-f796420b-3d5a-4e17-8ab5-01113fb27cf2,26500,6,2020,57000,automatico,Ibrido,150,Sport,Middle,,Privato,521,gragnano,80054,Campania,Sud
Audi A3 Sportback 30 2.0 tdi S line edition,https://www.autoscout24.it/annunci/audi-a3-sportback-30-2-0-tdi-s-line-edition-diesel-cat_ma9mo1624-a47745d7-6f29-4f1e-b201-ee3390cdfbd0,26500,2,2024,50000,manuale,Diesel,150,S line,Sport,,Privato,95,londa,50060,Toscana,Centro
Audi A3 A3 Sportback 35 TFSI S line edition s-tronic,https://www.autoscout24.it/annunci/audi-a3-a3-sportback-35-tfsi-s-line-edition-s-tronic-benzina-grigio-cat_ma9mo1624-82e2269d-3442-4a3b-bbd9-b44952913f1b,26900,5,2021,62260,automatico,Benzina,150,S line,Sport,35 TFSI,Rivenditore,154,treviglio,24047,Lombardia,Nord-ovest
Audi A3 Sportback S-line Pack Identity Black,https://www.autoscout24.it/annunci/audi-a3-sportback-s-line-pack-identity-black-diesel-cat_ma9mo1624-576449ed-948c-4a4e-9ac1-a98c18631212,26490,4,2022,67500,automatico,Diesel,150,Identity,Middle,,Privato,480,aversa,81031,Campania,Sud
Audi A3 SPORTBACK 40 e-tron S tr. S-LINE EDIT PLUG IN HYBR,https://www.autoscout24.it/annunci/audi-a3-sportback-40-e-tron-s-tr-s-line-edit-plug-in-hybr-elettrica-benzina-grigio-cat_ma9mo1624-bdd602f1-7a37-4c5b-8f5c-6cbc9c6883a4,26800,2,2024,39330,automatico,Ibrido,150,S line,Sport,,Rivenditore,193,vigevano,27029,Lombardia,Nord-ovest
Audi A3 S Line,https://www.autoscout24.it/annunci/audi-a3-s-line-diesel-grigio-cat_ma9mo1624-714cb381-0fcd-436f-ae0e-3c80a7f58f3d,26500,4,2022,63000,automatico,Diesel,150,S line,Sport,,Privato,475,macerata campania,81047,Campania,Sud
Audi A3 Sportback *S-LINE SPORTPACKET PLUS NAVI/LED,https://www.autoscout24.it/annunci/audi-a3-sportback-s-line-sportpacket-plus-navi-led-diesel-grigio-cat_ma9mo1624-6be3017b-a628-49aa-9beb-d1308fde1791,26100,4,2022,84000,automatico,Diesel,150,S line,Sport,,Rivenditore,368,cisterna latina,4012,Lazio,Centro
Audi A3 Sportback 35 1.5 tfsi mhev S line s-tronic PERMUTA,https://www.autoscout24.it/annunci/audi-a3-sportback-35-1-5-tfsi-mhev-s-line-s-tronic-permuta-elettrica-benzina-bianco-cat_ma9mo1624-f1e187d4-3f0c-42ab-b37f-1423bb0a36ce,26500,3,2023,53000,automatico,Ibrido,150,S line,Sport,,Rivenditore,326,roma,139,Lazio,Centro
Audi A3 40 2.0 tdi Business Advanced quattro s-tronic,https://www.autoscout24.it/annunci/audi-a3-40-2-0-tdi-business-advanced-quattro-s-tronic-diesel-blu-azzurro-cat_ma9mo1624-6f2436f1-837f-438e-a703-d161c03f75d0,26900,5,2021,66801,automatico,Diesel,150,Business Advanced,Middle,,Rivenditore,121,brescia,25124,Lombardia,Nord-ovest
Audi A3 Sedan 35 1.5 tfsi mhev s-tronic,https://www.autoscout24.it/annunci/audi-a3-sedan-35-1-5-tfsi-mhev-s-tronic-elettrica-benzina-grigio-cat_ma9mo1624-e4e040ff-d176-4670-994f-7af244f06a83,26800,2,2024,24707,automatico,Ibrido,150,S,Performance,,Rivenditore,177,milano,20126,Lombardia,Nord-ovest
Audi A3 A3 IV 2020 Sportback Sportback 30 2.0 tdi S line edition s-tronic,https://www.autoscout24.it/annunci/audi-a3-a3-iv-2020-sportback-sportback-30-2-0-tdi-s-line-edition-s-tronic-diesel-blu-azzurro-cat_ma9mo1624-7aaf026e-2906-43f0-9f41-48d5ba42403a,26500,3,2023,33000,automatico,Diesel,150,S line,Sport,,Privato,166,pavia,27100,Lombardia,Nord-ovest
Audi A3 Sportback 30 2.0 tdi S line edition s-tronic,https://www.autoscout24.it/annunci/audi-a3-sportback-30-2-0-tdi-s-line-edition-s-tronic-diesel-cat_ma9mo1624-fda725f2-4cdb-41cd-9110-6a82acbfd89c,26900,3,2023,44000,automatico,Diesel,150,S line,Sport,,Privato,384,sora,3039,Lazio,Centro
Audi A3 A3 IV 2022 Sportback Sportback 30 2.0 tdi S line edition,https://www.autoscout24.it/annunci/audi-a3-a3-iv-2022-sportback-sportback-30-2-0-tdi-s-line-edition-diesel-bianco-cat_ma9mo1624-295fcb51-59f0-4b73-be04-410a362e93a6,26500,4,2022,63000,automatico,Diesel,150,S line,Sport,,Privato,16,modena,41121,Emilia-Romagna,Nord-est
Audi A3 Sportback 35 1.5 tfsi mhev S line edition s-tronic,https://www.autoscout24.it/annunci/audi-a3-sportback-35-1-5-tfsi-mhev-s-line-edition-s-tronic-elettrica-benzina-cat_ma9mo1624-c692f8c7-7ca9-4676-85e6-51126673321d,27000,4,2022,66000,automatico,Ibrido,150,S line,Sport,,Privato,65,parma,43123,Emilia-Romagna,Nord-est
Audi A3 Sportback 35 2.0 tdi S line Edition s-tronic,https://www.autoscout24.it/annunci/audi-a3-sportback-35-2-0-tdi-s-line-edition-s-tronic-diesel-cat_ma9mo1624-d5361051-9ecc-4bc7-b424-6e3819b3a4f4,27000,3,2023,65000,automatico,Diesel,150,S line,Sport,,Privato,288,saluzzo,12037,Piemonte,Nord-ovest
Audi A3 Sportback 35 2.0 tdi S line Edition s-tronic,https://www.autoscout24.it/annunci/audi-a3-sportback-35-2-0-tdi-s-line-edition-s-tronic-diesel-cat_ma9mo1624-7ac21e48-4f92-4e09-a860-68e2c25daa4b,26499,6,2020,75000,automatico,Diesel,150,S line,Sport,,Rivenditore,499,sant anastasia,80048,Campania,Sud
Audi A3 A3 Sportback 35 1.5 tfsi mhev Business Advanced s-tronic,https://www.autoscout24.it/annunci/audi-a3-a3-sportback-35-1-5-tfsi-mhev-business-advanced-s-tronic-elettrica-benzina-grigio-cat_ma9mo1624-47804bd7-1b84-40b0-a2af-0a27ad9e2e4b,26900,3,2023,34951,automatico,Ibrido,150,Business Advanced,Middle,,Rivenditore,25,bologna,40138,Emilia-Romagna,Nord-est
Audi A3 Sportback 40 1.4 tfsi e s-tronic,https://www.autoscout24.it/annunci/audi-a3-sportback-40-1-4-tfsi-e-s-tronic-elettrica-benzina-cat_ma9mo1624-11ef3dbb-5b00-4004-a9cd-39dd811b471b,26500,5,2021,39000,automatico,Ibrido,150,Sport,Middle,,Privato,326,roma,165,Lazio,Centro
Audi A3 Sportback 40 1.4 tfsi e S line edition s-tronic,https://www.autoscout24.it/annunci/audi-a3-sportback-40-1-4-tfsi-e-s-line-edition-s-tronic-elettrica-benzina-cat_ma9mo1624-2e44b932-e09c-4e7c-a0e6-821ee562d503,26500,5,2021,67400,automatico,Ibrido,150,S line,Sport,,Privato,276,torino,10135,Piemonte,Nord-ovest
Audi A3 Sportback 35 1.5 tfsi S line edition,https://www.autoscout24.it/annunci/audi-a3-sportback-35-1-5-tfsi-s-line-edition-benzina-cat_ma9mo1624-c02f52da-1dfc-4e1a-8b24-343ba9392290,27000,6,2020,69000,manuale,Benzina,150,S line,Sport,,Privato,99,firenze,50121,Toscana,Centro
Audi A3 Sportback 35 1.5 tfsi 150cv,https://www.autoscout24.it/annunci/audi-a3-sportback-35-1-5-tfsi-150cv-benzina-cat_ma9mo1624-f6688979-d4af-4510-8d89-5b97c460e091,26900,6,2020,80000,manuale,Benzina,150,Sport,Middle,,Privato,363,anagni,3012,Lazio,Centro
Audi A3 A3 2023 Sportback 35 2.0 tdi S line Edition s-tron,https://www.autoscout24.it/annunci/audi-a3-a3-2023-sportback-35-2-0-tdi-s-line-edition-s-tron-diesel-bianco-cat_ma9mo1624-d5ba8856-ffb8-45e6-ad72-60e469299bca,26900,3,2023,60500,automatico,Diesel,150,S line,Sport,,Privato,40,calto,45030,Veneto,Nord-est
"Audi A3 Sportback 35 2.0 tdi S line -MATRIX -LED -18""- GARANZIA",https://www.autoscout24.it/annunci/audi-a3-sportback-35-2-0-tdi-s-line-matrix-led-18-garanzia-diesel-blu-azzurro-cat_ma9mo1624-a3b96042-8afb-4398-9a10-dac641ce9e76,26780,4,2022,49000,automatico,Diesel,150,S line,Sport,,Rivenditore,326,roma,169,Lazio,Centro
Audi A3 S LINE 1.5 TFSI FULL VARI COLORI E ALLESTIMENTI DISPONIBILI,https://www.autoscout24.it/annunci/audi-a3-s-line-1-5-tfsi-full-vari-colori-e-allestimenti-disponibili-benzina-bianco-cat_ma9mo1624-eac0daa6-d1c9-4b45-a15b-d5755f179b92,26500,3,2023,17600,automatico,Benzina,150,S line,Sport,,Rivenditore,149,pandino,26025,Lombardia,Nord-ovest
Audi A3 A3 SPB 35 TFSI S tronic,https://www.autoscout24.it/annunci/audi-a3-a3-spb-35-tfsi-s-tronic-elettrica-benzina-grigio-cat_ma9mo1624-19b7f9bc-b8da-4b08-a7e2-d427e93cd391,26900,2,2024,22600,automatico,Ibrido,150,S,Performance,35 TFSI,Rivenditore,299,almese,10040,Piemonte,Nord-ovest
Audi A3 35 TDI  Identity Black S tronic,https://www.autoscout24.it/annunci/audi-a3-35-tdi-identity-black-s-tronic-diesel-blu-azzurro-cat_ma9mo1624-718e3814-5a98-4241-9713-d9c2d4a98c4c,26299,3,2023,72000,automatico,Diesel,150,Identity,Middle,35 TDI,Rivenditore,25,bologna,40131,Emilia-Romagna,Nord-est
Audi A3 A3 Sportback 35 tdi 150cv S-Tronic S-Line 2022 Identity Black,https://www.autoscout24.it/annunci/audi-a3-a3-sportback-35-tdi-150cv-s-tronic-s-line-2022-identity-black-diesel-nero-cat_ma9mo1624-952123df-1eac-42ea-a56f-c754e46ce66a,26500,4,2022,70000,automatico,Diesel,150,Identity,Middle,35 TDI,Rivenditore,342,monte compatri,77,Lazio,Centro
Audi A3 Sportback 30 TDI S TRONIC,https://www.autoscout24.it/annunci/audi-a3-sportback-30-tdi-s-tronic-diesel-nero-cat_ma9mo1624-def0a184-cc03-498a-8984-44a4112b9661,27000,3,2023,47043,automatico,Diesel,150,Sport,Middle,30 TDI,Privato,210,bastia umbra,6083,Umbria,Centro
Audi A3 A3 Sportback 2.0 tdi 116cv,https://www.autoscout24.it/annunci/audi-a3-a3-sportback-2-0-tdi-116cv-diesel-bianco-cat_ma9mo1624-6442244f-51cf-498c-a3a3-1f81d9ae42ce,26500,1,2025,13000,manuale,Diesel,150,Sport,Middle,,Rivenditore,455,sparanise,81056,Campania,Sud
Audi A3 A3 Sedan 35 TFSI mhev S tronic Business Advanced,https://www.autoscout24.it/annunci/audi-a3-a3-sedan-35-tfsi-mhev-s-tronic-business-advanced-elettrica-benzina-nero-cat_ma9mo1624-21326dce-474b-4905-819f-47b79932b639,26900,3,2023,69400,automatico,Ibrido,150,Business Advanced,Middle,35 TFSI MHEV,Rivenditore,159,ormelle,31024,Veneto,Nord-est
Audi A3 SPB 35 TFSI S tronic Business Advanced,https://www.autoscout24.it/annunci/audi-a3-spb-35-tfsi-s-tronic-business-advanced-elettrica-benzina-nero-cat_ma9mo1624-bb28ba95-7ef2-40a5-9d43-63680d8ffa7e,26900,2,2024,18900,automatico,Ibrido,150,Business Advanced,Middle,35 TFSI,Rivenditore,299,almese,10040,Piemonte,Nord-ovest
Audi A3 A3 IV 2020 Sportback Sportback 40 1.4 tfsi e Business s-tronic,https://www.autoscout24.it/annunci/audi-a3-a3-iv-2020-sportback-sportback-40-1-4-tfsi-e-business-s-tronic-elettrica-benzina-nero-cat_ma9mo1624-2722f0f4-131f-4e52-884a-c978bbcf0802,26990,3,2023,39000,automatico,Ibrido,150,Business,Base,,Privato,177,sesto san giovanni,20099,Lombardia,Nord-ovest
Audi A3 Sportback 35 2.0 tdi S line Edition s-tronic,https://www.autoscout24.it/annunci/audi-a3-sportback-35-2-0-tdi-s-line-edition-s-tronic-diesel-cat_ma9mo1624-ccbcf5b2-5429-4c0b-b656-1d310db4aa20,27000,6,2020,76000,automatico,Diesel,150,S line,Sport,,Privato,683,taranto,74121,Puglia,Sud
Audi A3 A3 Sportback 35 2.0 tdi S line Edition s-tronic,https://www.autoscout24.it/annunci/audi-a3-a3-sportback-35-2-0-tdi-s-line-edition-s-tronic-diesel-bianco-cat_ma9mo1624-d0a62256-d3bf-4b97-891f-35e26d33d9b0,26900,6,2020,80000,automatico,Diesel,150,S line,Sport,,Rivenditore,798,gioia tauro,89013,Calabria,Sud
Audi A3 Sportback 35 1.5 tfsi SPORTLINE 150cv Prezzo Reale,https://www.autoscout24.it/annunci/audi-a3-sportback-35-1-5-tfsi-sportline-150cv-prezzo-reale-benzina-nero-cat_ma9mo1624-80c98e25-c7fd-4484-817a-104e9355be11,26400,3,2023,30000,automatico,Benzina,150,Sport,Middle,,Rivenditore,190,lecco,23900,Lombardia,Nord-ovest
Audi A3 A3 IV 2020 Sportback Sportback 30 2.0 tdi S line e,https://www.autoscout24.it/annunci/audi-a3-a3-iv-2020-sportback-sportback-30-2-0-tdi-s-line-e-diesel-nero-cat_ma9mo1624-297f54a0-8eb9-4bd0-81c2-a5e259a982c3,26900,3,2023,56000,automatico,Diesel,150,S line,Sport,,Privato,475,macerata campania,81047,Campania,Sud
Audi A3 35 tdi s Line,https://www.autoscout24.it/annunci/audi-a3-35-tdi-s-line-diesel-bianco-cat_ma9mo1624-4bc5a5ef-7cb6-417e-9c36-0b295212bcee,27000,4,2022,62000,automatico,Diesel,150,S line,Sport,35 TDI,Privato,500,san giorgio a cremano,80046,Campania,Sud
Audi A3 Sportback 35 1.5 TFSI S line edition S tronic,https://www.autoscout24.it/annunci/audi-a3-sportback-35-1-5-tfsi-s-line-edition-s-tronic-elettrica-benzina-bianco-cat_ma9mo1624-840367dc-952a-4184-a31f-97bceb6c747f,26900,4,2022,45491,automatico,Ibrido,150,S line,Sport,,Rivenditore,121,brescia,25135,Lombardia,Nord-ovest
Audi A3 35 TDI  Identity Black S tronic,https://www.autoscout24.it/annunci/audi-a3-35-tdi-identity-black-s-tronic-diesel-blu-azzurro-cat_ma9mo1624-29632d7b-4a67-42df-95dc-516fe01c982b,26299,3,2023,72000,automatico,Diesel,150,Identity,Middle,35 TDI,Rivenditore,86,verona,37135,Veneto,Nord-est
Audi A3 Sportback 30 1.5 g-tron S line edition s-tronic,https://www.autoscout24.it/annunci/audi-a3-sportback-30-1-5-g-tron-s-line-edition-s-tronic-metano-cat_ma9mo1624-98473bb0-a615-4bad-91f8-964d15d3e4f2,26300,5,2021,76000,automatico,Metano,150,S line,Sport,,Privato,34,budrio,40054,Emilia-Romagna,Nord-est
Audi A3 Sportback 45 1.4 tfsi e identity black S-line S-tronic 2022,https://www.autoscout24.it/annunci/audi-a3-sportback-45-1-4-tfsi-e-identity-black-s-line-s-tronic-2022-elettrica-benzina-grigio-cat_ma9mo1624-ec3feca6-9b02-420d-abdd-bb8b395aae1a,26790,4,2022,61491,automatico,Ibrido,150,Identity,Middle,,Rivenditore,342,monte compatri,77,Lazio,Centro
Audi A3 35 TFSI Business Advanced,https://www.autoscout24.it/annunci/audi-a3-35-tfsi-business-advanced-benzina-argento-cat_ma9mo1624-52ff8424-136e-43b8-89c6-0e3422041e6c,26800,2,2024,12930,manuale,Benzina,150,Business Advanced,Middle,35 TFSI,Rivenditore,104,lucca,55100,Toscana,Centro
Audi A3 Sportback 35 2.0 tdi S line Edition s-tronic,https://www.autoscout24.it/annunci/audi-a3-sportback-35-2-0-tdi-s-line-edition-s-tronic-diesel-cat_ma9mo1624-a58828f0-3215-4889-8a4a-270a3dc5885a,26500,4,2022,71500,automatico,Diesel,150,S line,Sport,,Privato,485,sassari,7100,Sardegna,Isole
Audi A3 SPB 30 TDI S tronic S line edition,https://www.autoscout24.it/annunci/audi-a3-spb-30-tdi-s-tronic-s-line-edition-diesel-nero-cat_ma9mo1624-df375b73-34b5-48a6-a14c-60ced6704ec2,26500,4,2022,45000,automatico,Diesel,150,S line,Sport,30 TDI,Rivenditore,80,monselice,35043,Veneto,Nord-est
Audi A3 35 TDI S tronic Business,https://www.autoscout24.it/annunci/audi-a3-35-tdi-s-tronic-business-diesel-blu-azzurro-cat_ma9mo1624-cd8fa667-0ea4-4bbc-85d9-0db698a6f72d,26900,2,2024,40000,automatico,Diesel,150,Business,Base,35 TDI,Rivenditore,104,lucca,55100,Toscana,Centro
Audi A3 A3 IV 2020 Sportback Sportback 30 2.0 tdi Business Advanced s-tronic,https://www.autoscout24.it/annunci/audi-a3-a3-iv-2020-sportback-sportback-30-2-0-tdi-business-advanced-s-tronic-diesel-grigio-cat_ma9mo1624-3b2650bc-966a-41c1-928b-3325e03e2923,26500,4,2022,79000,automatico,Diesel,150,Business Advanced,Middle,,Privato,106,pietrasanta,55045,Toscana,Centro
Audi A3 A3 Sportback 2.0 tdi Business 116cv,https://www.autoscout24.it/annunci/audi-a3-a3-sportback-2-0-tdi-business-116cv-diesel-blu-azzurro-cat_ma9mo1624-6cdfbfcc-5ef0-41af-b611-c20f77b89c8a,27000,2,2024,34000,manuale,Diesel,150,Business,Base,,Privato,121,tombolo,35019,Veneto,Nord-est
Audi A3 5p 2.0 Tdi 150cv Sline,https://www.autoscout24.it/annunci/audi-a3-5p-2-0-tdi-150cv-sline-diesel-cat_ma9mo1624-897945b8-2e5b-4bd3-aacc-88e03539dc40,27000,4,2022,75000,automatico,Diesel,150,S line,Sport,,Privato,112,malo,36034,Veneto,Nord-est
Audi A3 Sportback 35 2.0 tdi S line Edition  TETTO s-troni,https://www.autoscout24.it/annunci/audi-a3-sportback-35-2-0-tdi-s-line-edition-tetto-s-troni-diesel-cat_ma9mo1624-056082fa-8471-446d-9596-f10406855eef,26990,5,2021,148000,automatico,Diesel,150,S line,Sport,,Rivenditore,463,cancello ed arnone,81030,Campania,Sud
Audi A3 30 g-tron S tronic Business,https://www.autoscout24.it/annunci/audi-a3-30-g-tron-s-tronic-business-metano-nero-cat_ma9mo1624-458b3226-369c-4547-910e-3ec8d90700ed,26300,2,2024,60000,automatico,Metano,150,Business,Base,,Rivenditore,104,lucca,55100,Toscana,Centro
Audi A3 SPB 30 TFSI S tronic hybr/benz  *autom.,https://www.autoscout24.it/annunci/audi-a3-spb-30-tfsi-s-tronic-hybr-benz-autom-elettrica-benzina-bianco-cat_ma9mo1624-d5e659b3-0ae6-4b47-82da-6e4687d7748d,26800,2,2024,31000,automatico,Ibrido,150,S,Performance,30 TFSI,Rivenditore,142,montebelluna,31044,Veneto,Nord-est
Audi A3 A3 2023 Sportback  2.0 tdi S line s-tronic LED NAVIG.,https://www.autoscout24.it/annunci/audi-a3-a3-2023-sportback-2-0-tdi-s-line-s-tronic-led-navig-diesel-bianco-cat_ma9mo1624-8afd4cf8-50b6-4286-bd29-b4040e6b2286,27000,3,2023,65000,automatico,Diesel,150,S line,Sport,,Rivenditore,326,roma,132,Lazio,Centro
"Audi A3 SPB 35 1.5 TFSI/MHEV S-TRONIC LED NAVI MMI PLUS APPLE CAR PLAY/ANDROID AUTO C.18"" ACC VIRTUAL COCKPIT LANE ASSIST",https://www.autoscout24.it/annunci/audi-a3-spb-35-1-5-tfsi-mhev-s-tronic-led-navi-mmi-plus-apple-car-play-android-auto-c-18-acc-virtual-cockpit-lane-assist-benzina-nero-cat_ma9mo1624-dc625bbb-4fe8-426d-a7e6-620ae46e4746,26900,3,2023,30000,automatico,Benzina,150,S,Performance,,Rivenditore,142,riccione,47838,Emilia-Romagna,Nord-est
Audi A3 SPB 40 TFSI e S tronic,https://www.autoscout24.it/annunci/audi-a3-spb-40-tfsi-e-s-tronic-elettrica-benzina-nero-cat_ma9mo1624-cf7b9406-2b4c-4d39-84f8-51783a09b60a,26900,3,2023,18400,automatico,Ibrido,150,S,Performance,40 TFSI e,Rivenditore,299,almese,10040,Piemonte,Nord-ovest
Audi A3 30 g-tron S tronic Business,https://www.autoscout24.it/annunci/audi-a3-30-g-tron-s-tronic-business-metano-blu-azzurro-cat_ma9mo1624-d1722b1f-9aa3-46f0-9189-80f3f7364590,26900,2,2024,49985,automatico,Metano,150,Business,Base,,Rivenditore,25,bologna,40138,Emilia-Romagna,Nord-est
Audi A3 SEDAN 4P 35TDI 150CV S-TRONIC ADAS NAV IVA LED CAM,https://www.autoscout24.it/annunci/audi-a3-sedan-4p-35tdi-150cv-s-tronic-adas-nav-iva-led-cam-diesel-nero-cat_ma9mo1624-1bdf9e3f-56b3-4a98-90c4-cfe9371b06b8,26800,6,2020,80000,automatico,Diesel,150,S,Performance,35 TDI,Rivenditore,259,montalto castro,1014,Lazio,Centro
Audi A3 35 TFSI Business Advanced,https://www.autoscout24.it/annunci/audi-a3-35-tfsi-business-advanced-benzina-argento-cat_ma9mo1624-2a877fd5-7602-45c7-aceb-8a55ff2367cc,26300,2,2024,11050,manuale,Benzina,150,Business Advanced,Middle,35 TFSI,Rivenditore,104,lucca,55100,Toscana,Centro
Audi A3 A3 IV 2020 Sportback Sportback 40 2.0 tfsi Business Advanced quattro s-tronic,https://www.autoscout24.it/annunci/audi-a3-a3-iv-2020-sportback-sportback-40-2-0-tfsi-business-advanced-quattro-s-tronic-benzina-grigio-cat_ma9mo1624-69fe8b6a-9b00-4529-b174-0fc606481627,26500,4,2022,120000,automatico,Benzina,150,Business Advanced,Middle,,Rivenditore,187,seregno,20831,Lombardia,Nord-ovest
Audi A3 SPB 35 TDI S tronic S line edition,https://www.autoscout24.it/annunci/audi-a3-spb-35-tdi-s-tronic-s-line-edition-diesel-nero-cat_ma9mo1624-82a64fed-96cc-427a-aec6-c31f2a367d40,26990,5,2021,96612,automatico,Diesel,150,S line,Sport,35 TDI,Rivenditore,111,calvagese riviera,25080,Lombardia,Nord-ovest
Audi A3 4ª serie SPB 30 TDI S tronic S line edition,https://www.autoscout24.it/annunci/audi-a3-4-serie-spb-30-tdi-s-tronic-s-line-edition-diesel-grigio-cat_ma9mo1624-29ad5e1c-f49a-41f9-b095-17125ccaaab9,26900,3,2023,89235,automatico,Diesel,150,S line,Sport,30 TDI,Rivenditore,177,genova,16161,Liguria,Nord-ovest
Audi A3 30 TFSI Business Advanced S-tronic,https://www.autoscout24.it/annunci/audi-a3-30-tfsi-business-advanced-s-tronic-benzina-bianco-cat_ma9mo1624-abed3fb1-0320-40c8-a9e6-988dd0ccc5a2,26850,2,2024,34980,automatico,Benzina,150,Business Advanced,Middle,30 TFSI,Rivenditore,127,venezia,30175,Veneto,Nord-est
Audi A3 Sportback 35 2.0 tdi Business Advanced s-tronic,https://www.autoscout24.it/annunci/audi-a3-sportback-35-2-0-tdi-business-advanced-s-tronic-diesel-cat_ma9mo1624-f61eae3d-7167-4315-a2e0-5dac734a427b,26500,3,2023,66336,automatico,Diesel,150,Business Advanced,Middle,,Privato,578,aquara,84020,Campania,Sud
Audi A3 Sportback 30 1.0 tfsi mhev S line edition s-tronic,https://www.autoscout24.it/annunci/audi-a3-sportback-30-1-0-tfsi-mhev-s-line-edition-s-tronic-elettrica-benzina-cat_ma9mo1624-8ed20b52-f72b-4845-9596-e59e6e640cf1,26500,3,2023,70000,automatico,Ibrido,150,S line,Sport,,Privato,203,fino mornasco,22073,Lombardia,Nord-ovest
Audi A3 SPB 35 TFSI S tronic Business Advanced,https://www.autoscout24.it/annunci/audi-a3-spb-35-tfsi-s-tronic-business-advanced-elettrica-benzina-nero-cat_ma9mo1624-127ab37f-03ae-4ed9-b916-f3578dee7ac4,26900,3,2023,42890,automatico,Ibrido,150,Business Advanced,Middle,35 TFSI,Rivenditore,184,desio,20832,Lombardia,Nord-ovest
"Audi A3 Sportback 30 2.0 Tdi Advanced S-tronic "" Full led - Pdc - Virtual cockpit """,https://www.autoscout24.it/annunci/audi-a3-sportback-30-2-0-tdi-advanced-s-tronic-full-led-pdc-virtual-cockpit-diesel-nero-cat_ma9mo1624-28c2ea9c-2545-4c5f-92fa-27f8ad967e72,26799,3,2023,49000,automatico,Diesel,150,Advanced,Middle,,Rivenditore,372,alatri,3011,Lazio,Centro
Audi A3 30 TDI S tronic Business,https://www.autoscout24.it/annunci/audi-a3-30-tdi-s-tronic-business-diesel-argento-cat_ma9mo1624-35bf22d1-09c3-440d-846e-7771a1f4061a,26900,2,2024,32250,automatico,Diesel,150,Business,Base,30 TDI,Rivenditore,104,lucca,55100,Toscana,Centro
Audi A3 30 TFSI Mild-Hybrid S line,https://www.autoscout24.it/annunci/audi-a3-30-tfsi-mild-hybrid-s-line-benzina-grigio-cat_ma9mo1624-384c493c-129d-42da-9511-985e0954276a,26999,2,2024,45621,automatico,Benzina,150,S line,Sport,30 TFSI,Rivenditore,177,milano,20155,Lombardia,Nord-ovest
Audi A3 A3 SPB 35 TDI S tronic S line edition,https://www.autoscout24.it/annunci/audi-a3-a3-spb-35-tdi-s-tronic-s-line-edition-diesel-grigio-cat_ma9mo1624-6b93320a-5ab3-4e97-9af6-3bf2dfa313a9,26900,4,2022,30367,automatico,Diesel,150,S line,Sport,35 TDI,Rivenditore,498,cercola,80040,Campania,Sud
Audi A3 35 TDI  Identity Black S tronic,https://www.autoscout24.it/annunci/audi-a3-35-tdi-identity-black-s-tronic-diesel-blu-azzurro-cat_ma9mo1624-b1615cd2-8762-4a34-9afe-294d87dc1d11,26299,3,2023,72000,automatico,Diesel,150,Identity,Middle,35 TDI,Rivenditore,177,milano,20155,Lombardia,Nord-ovest
Audi A3 Sportback 30 1.5 g-tron S line edition s-tronic,https://www.autoscout24.it/annunci/audi-a3-sportback-30-1-5-g-tron-s-line-edition-s-tronic-metano-nero-cat_ma9mo1624-714ff65a-79a3-4b11-9cfd-80f0fc738926,26900,5,2021,100500,automatico,Metano,150,S line,Sport,,Privato,84,adria,45011,Veneto,Nord-est
Audi A3 Sportback 30 1.5 g-tron S line edition s-tronic,https://www.autoscout24.it/annunci/audi-a3-sportback-30-1-5-g-tron-s-line-edition-s-tronic-metano-cat_ma9mo1624-233bc88d-a4bb-40a8-8a07-b763f1688a35,27000,5,2021,85000,automatico,Metano,150,S line,Sport,,Privato,547,bellizzi,84092,Campania,Sud
"Audi A3 SPB 35TFSI 150cv Hybrid Stronic S line ""18 Sline",https://www.autoscout24.it/annunci/audi-a3-spb-35tfsi-150cv-hybrid-stronic-s-line-18-sline-elettrica-benzina-nero-cat_ma9mo1624-cc4cedfc-e22a-4fe5-b68a-44f47cb59c0f,26900,2,2024,53000,automatico,Ibrido,150,S line,Sport,35 TFSI,Rivenditore,275,savigliano,12038,Piemonte,Nord-ovest
Audi A3 SPB 30 TFSI S tronic Business Advanced,https://www.autoscout24.it/annunci/audi-a3-spb-30-tfsi-s-tronic-business-advanced-benzina-bianco-cat_ma9mo1624-15b09cf7-dec6-4ded-97e8-1b9ffa80785e,26900,2,2024,3917,automatico,Benzina,150,Business Advanced,Middle,30 TFSI,Rivenditore,619,triggiano,70019,Puglia,Sud
Audi A3 Sportback IV 35 TFSI S line edition 1.5 150CV MHEV,https://www.autoscout24.it/annunci/audi-a3-sportback-iv-35-tfsi-s-line-edition-1-5-150cv-mhev-elettrica-benzina-blu-azzurro-cat_ma9mo1624-2ce9bde3-2e84-4d95-9842-f82677687ef6,26200,5,2021,60000,automatico,Ibrido,150,S line,Sport,35 TFSI,Privato,291,canale monterano,60,Lazio,Centro
Audi A3 35 TDI  Identity Black S tronic,https://www.autoscout24.it/annunci/audi-a3-35-tdi-identity-black-s-tronic-diesel-blu-azzurro-cat_ma9mo1624-a33f0b5b-b8d8-42b7-864e-e9ef93be183b,26299,3,2023,72000,automatico,Diesel,150,Identity,Middle,35 TDI,Rivenditore,485,sassari,7100,Sardegna,Isole
Audi A3 30 TFSI Mild-Hybrid S line,https://www.autoscout24.it/annunci/audi-a3-30-tfsi-mild-hybrid-s-line-benzina-grigio-cat_ma9mo1624-37d85518-217e-4380-a1a6-7d904af064ce,26999,2,2024,45621,automatico,Benzina,150,S line,Sport,30 TFSI,Rivenditore,86,verona,37135,Veneto,Nord-est
Audi A3 35 TDI  Identity Black S tronic,https://www.autoscout24.it/annunci/audi-a3-35-tdi-identity-black-s-tronic-diesel-blu-azzurro-cat_ma9mo1624-c45689be-3af2-49ef-b07b-7e9cdae2a359,26299,3,2023,72000,automatico,Diesel,150,Identity,Middle,35 TDI,Rivenditore,326,roma,169,Lazio,Centro
Audi A3 SPB S line 35 1.5 tfsi VARI COLORI E ALLESTIMENTI,https://www.autoscout24.it/annunci/audi-a3-spb-s-line-35-1-5-tfsi-vari-colori-e-allestimenti-benzina-bianco-cat_ma9mo1624-eb0d28e3-3a4d-44b6-aa4e-c36c0457d300,26400,3,2023,17600,automatico,Benzina,150,S line,Sport,,Rivenditore,77,arcole,37040,Veneto,Nord-est
Audi A3 35 TDI  Identity Black S tronic,https://www.autoscout24.it/annunci/audi-a3-35-tdi-identity-black-s-tronic-diesel-blu-azzurro-cat_ma9mo1624-24aa7a3f-1f1b-4afd-bc64-df54a1cbd551,26299,3,2023,72000,automatico,Diesel,150,Identity,Middle,35 TDI,Rivenditore,283,beinasco,10092,Piemonte,Nord-ovest
Audi A3 Sportback 30 1.0 tfsi Business Advanced,https://www.autoscout24.it/annunci/audi-a3-sportback-30-1-0-tfsi-business-advanced-benzina-bianco-cat_ma9mo1624-e4d35be0-fbbc-4520-a110-194c38cea8b7,26216,3,2023,23800,manuale,Benzina,150,Business Advanced,Middle,,Rivenditore,140,livorno,57121,Toscana,Centro
"Audi A3 SPB 35TFSI 150cv Hybrid Stronic S line ""18 Sline",https://www.autoscout24.it/annunci/audi-a3-spb-35tfsi-150cv-hybrid-stronic-s-line-18-sline-benzina-nero-cat_ma9mo1624-64935593-bef5-4a61-b8c9-1069203a4879,26990,2,2024,52900,automatico,Benzina,150,S line,Sport,35 TFSI,Rivenditore,275,savigliano,12038,Piemonte,Nord-ovest
Audi A3 SPB 35 TDI S tronic S LINE Edition,https://www.autoscout24.it/annunci/audi-a3-spb-35-tdi-s-tronic-s-line-edition-diesel-blu-azzurro-cat_ma9mo1624-12090689-aede-49af-b09d-c89923eb41e6,26990,5,2021,115315,automatico,Diesel,150,S line,Sport,35 TDI,Rivenditore,712,mesagne,72023,Puglia,Sud
Audi A3 A3 SPB 35 TDI S tronic S line edition,https://www.autoscout24.it/annunci/audi-a3-a3-spb-35-tdi-s-tronic-s-line-edition-diesel-giallo-cat_ma9mo1624-cd84a5e9-c7d9-485a-af78-88aa1405e6ab,26900,3,2023,57850,automatico,Diesel,150,S line,Sport,35 TDI,Rivenditore,94,castiglione delle stiviere,46043,Lombardia,Nord-ovest
Audi A3 4ª serie SPB 35 TDI S tronic Business Advanced,https://www.autoscout24.it/annunci/audi-a3-4-serie-spb-35-tdi-s-tronic-business-advanced-diesel-grigio-cat_ma9mo1624-c5ecffc8-830f-43f8-b661-b27579b0bdfd,26500,3,2023,83523,automatico,Diesel,150,Business Advanced,Middle,35 TDI,Rivenditore,177,genova,16161,Liguria,Nord-ovest
Audi A3 30 TFSI Mild-Hybrid S line,https://www.autoscout24.it/annunci/audi-a3-30-tfsi-mild-hybrid-s-line-benzina-grigio-cat_ma9mo1624-d40baf9c-f2d5-487b-88bb-266c2777cd02,26999,2,2024,45621,automatico,Benzina,150,S line,Sport,30 TFSI,Rivenditore,283,beinasco,10092,Piemonte,Nord-ovest
Audi A3 A3 IV 2020 Sedan Sedan 30 1.0 tfsi mhev Business s,https://www.autoscout24.it/annunci/audi-a3-a3-iv-2020-sedan-sedan-30-1-0-tfsi-mhev-business-s-elettrica-benzina-nero-cat_ma9mo1624-abe67154-0038-4527-b186-2e4e14be0bf9,26900,2,2024,40000,automatico,Ibrido,150,Business,Base,,Privato,177,genova,16145,Liguria,Nord-ovest
Audi A3 Sportback 30 TDI 116CV S tronic S line,https://www.autoscout24.it/annunci/audi-a3-sportback-30-tdi-116cv-s-tronic-s-line-diesel-bianco-cat_ma9mo1624-5fd43d9e-85e9-47c4-ba99-a9674f94402a,26500,3,2023,77537,automatico,Diesel,150,S line,Sport,30 TDI,Rivenditore,154,arsie,32030,Veneto,Nord-est
Audi A3 Sportback 35 1.5 tfsi mhev Business Advanced s-tronic,https://www.autoscout24.it/annunci/audi-a3-sportback-35-1-5-tfsi-mhev-business-advanced-s-tronic-elettrica-benzina-blu-azzurro-cat_ma9mo1624-acb4c940-46c4-4c55-9ce7-26df058d16b6,26500,5,2021,43500,automatico,Ibrido,150,Business Advanced,Middle,,Rivenditore,178,monza,20900,Lombardia,Nord-ovest
Audi A3 A3 40 TFSI e S Tronic Business Sportback,https://www.autoscout24.it/annunci/audi-a3-a3-40-tfsi-e-s-tronic-business-sportback-elettrica-benzina-grigio-cat_ma9mo1624-52ffc6b3-5c6c-4b36-b258-710da30c7870,26700,4,2022,37245,automatico,Ibrido,150,Business,Base,40 TFSI e,Rivenditore,177,milano,20159,Lombardia,Nord-ovest
Audi A3 Sportback S-line 2.0TDI S-tronic LED PELLE NAVI AM,https://www.autoscout24.it/annunci/audi-a3-sportback-s-line-2-0tdi-s-tronic-led-pelle-navi-am-diesel-grigio-cat_ma9mo1624-438ccf00-8c96-4b50-9452-2efe8ca1d1f1,26500,3,2023,139900,automatico,Diesel,150,S line,Sport,,Rivenditore,849,barrafranca,94012,Sicilia,Isole
Audi A3 A3 IV 2021 Sportback Sportback 40 1.4 tfsi e S line edition s-tronic,https://www.autoscout24.it/annunci/audi-a3-a3-iv-2021-sportback-sportback-40-1-4-tfsi-e-s-line-edition-s-tronic-elettrica-benzina-bianco-cat_ma9mo1624-7705ff45-81e2-442f-acfd-1aee6d68b1e3,26500,5,2021,75000,automatico,Ibrido,150,S line,Sport,,Privato,97,sirmione,25019,Lombardia,Nord-ovest
Audi A3 sportback 35 2.0 tdi business s-tronic,https://www.autoscout24.it/annunci/audi-a3-sportback-35-2-0-tdi-business-s-tronic-diesel-blu-azzurro-cat_ma9mo1624-051852b1-4b7e-41cd-982b-2297b39a0ffa,26990,2,2024,25350,automatico,Diesel,150,Business,Base,,Rivenditore,163,conegliano,31015,Veneto,Nord-est
Audi A3 Sedan 35 TDI S tronic S line edition,https://www.autoscout24.it/annunci/audi-a3-sedan-35-tdi-s-tronic-s-line-edition-diesel-blu-azzurro-cat_ma9mo1624-cb6bc1c8-1efa-4fc0-9874-ccfef41f0743,26990,3,2023,103000,automatico,Diesel,150,S line,Sport,35 TDI,Rivenditore,693,san giorgio ionico,74027,Puglia,Sud
Audi A3 A3 SPB 35 TDI S tronic Business,https://www.autoscout24.it/annunci/audi-a3-a3-spb-35-tdi-s-tronic-business-diesel-nero-cat_ma9mo1624-55b111df-8520-4edc-a317-3027d8acf307,26400,3,2023,61645,automatico,Diesel,150,Business,Base,35 TDI,Rivenditore,326,roma,163,Lazio,Centro
Audi A3 SPB 40 TFSI e S tronic Business Advanced,https://www.autoscout24.it/annunci/audi-a3-spb-40-tfsi-e-s-tronic-business-advanced-elettrica-benzina-bianco-cat_ma9mo1624-ea99848a-abab-4425-9a95-a3aa85b12cbd,26950,4,2022,27999,automatico,Ibrido,150,Business Advanced,Middle,40 TFSI e,Rivenditore,14,pieve cento,40066,Emilia-Romagna,Nord-est
Audi A3 SPB 35 TFSI Business Advanced,https://www.autoscout24.it/annunci/audi-a3-spb-35-tfsi-business-advanced-benzina-blu-azzurro-cat_ma9mo1624-664ec093-1a6e-4324-a0bf-4fc1c1113fb1,26500,2,2024,53000,automatico,Benzina,150,Business Advanced,Middle,35 TFSI,Rivenditore,137,altivole,31030,Veneto,Nord-est
Audi A3 Sportback 40 1.4 tfsi e S line edition s-tronic,https://www.autoscout24.it/annunci/audi-a3-sportback-40-1-4-tfsi-e-s-line-edition-s-tronic-elettrica-benzina-cat_ma9mo1624-c8bf8a28-1c16-40f4-b40a-c12ab3be92ee,27000,5,2021,98000,automatico,Ibrido,150,S line,Sport,,Privato,101,cremona,26100,Lombardia,Nord-ovest
Audi A3 Sportback 40 TFSI e S line Edition S-Tronic 36 mesi di garanzia,https://www.autoscout24.it/annunci/audi-a3-sportback-40-tfsi-e-s-line-edition-s-tronic-36-mesi-di-garanzia-elettrica-benzina-bianco-cat_ma9mo1624-496b94c9-653f-4dff-bbf8-58caa7ab8220,26950,4,2022,64000,automatico,Ibrido,150,S line,Sport,40 TFSI e,Rivenditore,643,polignano a mare,70044,Puglia,Sud
Audi A3 SPORTBACK 40 e-tron S tr. S-LINE EDIT PLUG IN HYBR,https://www.autoscout24.it/annunci/audi-a3-sportback-40-e-tron-s-tr-s-line-edit-plug-in-hybr-elettrica-benzina-grigio-cat_ma9mo1624-1a3e8638-e7c3-4cb5-9af2-d5ed27a4a929,26900,3,2023,66709,automatico,Ibrido,150,S line,Sport,,Rivenditore,193,vigevano,27029,Lombardia,Nord-ovest
Audi A3 30 TFSI Mild-Hybrid S line,https://www.autoscout24.it/annunci/audi-a3-30-tfsi-mild-hybrid-s-line-benzina-grigio-cat_ma9mo1624-41392fe8-cc59-4d8c-9d12-51d9ea1e31d1,26999,2,2024,45621,automatico,Benzina,150,S line,Sport,30 TFSI,Rivenditore,326,roma,169,Lazio,Centro
"Audi A3 SPORTBACK 35 E TFSI S tr. S line ed. PELLE 18""MHEV",https://www.autoscout24.it/annunci/audi-a3-sportback-35-e-tfsi-s-tr-s-line-ed-pelle-18-mhev-elettrica-benzina-grigio-cat_ma9mo1624-858bab70-5d43-44a3-880b-71491be685cd,26900,5,2021,44636,automatico,Ibrido,150,S line,Sport,,Rivenditore,193,vigevano,27029,Lombardia,Nord-ovest
Audi A3 SPB 30 g-tron METANO S tronic Km 55.000 Iva espost,https://www.autoscout24.it/annunci/audi-a3-spb-30-g-tron-metano-s-tronic-km-55-000-iva-espost-metano-nero-cat_ma9mo1624-4db473b5-1bf8-4823-86bc-cabed95ee59b,26900,4,2022,55000,automatico,Metano,150,S,Performance,,Rivenditore,186,gubbio,6024,Umbria,Centro
Audi A3 SPB 30 TDI S tronic,https://www.autoscout24.it/annunci/audi-a3-spb-30-tdi-s-tronic-diesel-grigio-cat_ma9mo1624-43afb3fe-d6c6-49d3-bd5e-0d74bd548c5e,26990,2,2024,16000,manuale,Diesel,150,S,Performance,30 TDI,Rivenditore,757,alcamo,91011,Sicilia,Isole
Audi A3 A3 IV Sportback 35 1.5 tfsi mhev S line edition s-tronic,https://www.autoscout24.it/annunci/audi-a3-a3-iv-sportback-35-1-5-tfsi-mhev-s-line-edition-s-tronic-elettrica-benzina-blu-azzurro-cat_ma9mo1624-58b43554-fe3f-45c1-bbfc-0f9581a15219,26300,4,2022,60000,automatico,Ibrido,150,S line,Sport,,Rivenditore,235,ispra,21027,Lombardia,Nord-ovest
Audi A3 A3 IV 2020 Sportback Sportback 35 1.5,https://www.autoscout24.it/annunci/audi-a3-a3-iv-2020-sportback-sportback-35-1-5-elettrica-benzina-grigio-cat_ma9mo1624-9118eb59-7ac4-4a54-8495-6ffca3e74649,27000,3,2023,60000,automatico,Ibrido,150,Sport,Middle,,Privato,261,viterbo,1100,Lazio,Centro
"Audi A3 SPB 35 1.5 TFSI/MHEV S-TRONIC LED NAVI MMI PLUS APPLE CAR PLAY/ANDROID AUTO C.18"" ACC VIRTUAL COCKPIT LANE ASSIST",https://www.autoscout24.it/annunci/audi-a3-spb-35-1-5-tfsi-mhev-s-tronic-led-navi-mmi-plus-apple-car-play-android-auto-c-18-acc-virtual-cockpit-lane-assist-benzina-nero-cat_ma9mo1624-933494d7-b951-4257-a4e4-7a8afadbfdae,26900,3,2023,30000,automatico,Benzina,150,S,Performance,,Rivenditore,142,riccione,47838,Emilia-Romagna,Nord-est
Audi A3 Sportback 35 TFSI Business Advanced S-TRONIC,https://www.autoscout24.it/annunci/audi-a3-sportback-35-tfsi-business-advanced-s-tronic-elettrica-benzina-bianco-cat_ma9mo1624-5892a5a1-116a-407b-b704-e5d45bb714ec,26990,1,2025,28553,automatico,Ibrido,150,Business Advanced,Middle,35 TFSI,Rivenditore,203,fino mornasco,22073,Lombardia,Nord-ovest
Audi A3 35 TDI S tronic Business Advanced,https://www.autoscout24.it/annunci/audi-a3-35-tdi-s-tronic-business-advanced-diesel-argento-cat_ma9mo1624-d0df8593-e238-46ea-b1c3-e6df94b4ae91,26300,4,2022,55260,automatico,Diesel,150,Business Advanced,Middle,35 TDI,Rivenditore,104,lucca,55100,Toscana,Centro
Audi A3 30 TFSI Mild-Hybrid S line,https://www.autoscout24.it/annunci/audi-a3-30-tfsi-mild-hybrid-s-line-benzina-grigio-cat_ma9mo1624-a4dc412e-3f76-475f-90b5-573059c93760,26999,2,2024,45621,automatico,Benzina,150,S line,Sport,30 TFSI,Rivenditore,25,bologna,40131,Emilia-Romagna,Nord-est
Audi A3 SPB - S line s-tronic VARI COLORI E ALLESTIMENTI,https://www.autoscout24.it/annunci/audi-a3-spb-s-line-s-tronic-vari-colori-e-allestimenti-benzina-nero-cat_ma9mo1624-ac75e8cd-81cc-4a9c-8b88-060a1afe1e4e,26900,3,2023,16900,automatico,Benzina,150,S line,Sport,,Rivenditore,77,arcole,37040,Veneto,Nord-est
Audi A3 A3 Sportback 2.0 tdi Business 116cv,https://www.autoscout24.it/annunci/audi-a3-a3-sportback-2-0-tdi-business-116cv-diesel-bianco-cat_ma9mo1624-f0baa639-214d-4f9c-a90d-39ffa72cb09e,26500,2,2024,52338,manuale,Diesel,150,Business,Base,,Rivenditore,106,cesena,47522,Emilia-Romagna,Nord-est
Audi A3 A3 IV Sportback Sportback 30 2.0 tdi Business s-tronic,https://www.autoscout24.it/annunci/audi-a3-a3-iv-sportback-sportback-30-2-0-tdi-business-s-tronic-diesel-bianco-cat_ma9mo1624-bd5a68a0-7213-4c44-b894-b90add3e655e,26900,2,2024,33507,automatico,Diesel,150,Business,Base,,Rivenditore,89,ravenna,48123,Emilia-Romagna,Nord-est
Audi A3 A3 Sportback 35 Tfsi S-Line ext 150cv s-tronic,https://www.autoscout24.it/annunci/audi-a3-a3-sportback-35-tfsi-s-line-ext-150cv-s-tronic-benzina-nero-cat_ma9mo1624-37142655-fd5c-49bb-bbee-b36a570514cc,26900,2,2024,53000,automatico,Benzina,150,S line,Sport,35 TFSI,Rivenditore,266,brandizzo,10032,Piemonte,Nord-ovest
Audi A3 30 TFSI Mild-Hybrid S line,https://www.autoscout24.it/annunci/audi-a3-30-tfsi-mild-hybrid-s-line-benzina-grigio-cat_ma9mo1624-f1d1efe0-7ee7-49f5-851d-628d54a3f354,26999,2,2024,45621,automatico,Benzina,150,S line,Sport,30 TFSI,Rivenditore,628,cagliari,9122,Sardegna,Isole
Audi A3 35 TDI S tronic S line SPB TAGLIANDI AUDI,https://www.autoscout24.it/annunci/audi-a3-35-tdi-s-tronic-s-line-spb-tagliandi-audi-diesel-nero-cat_ma9mo1624-1aa89207-a367-4278-bb7e-eda781d01ae6,26800,4,2022,113000,automatico,Diesel,150,S line,Sport,35 TDI,Rivenditore,180,cinisello balsamo,20092,Lombardia,Nord-ovest
Audi A3 Sportback 35 2.0 tdi Sport Edition s-tronic,https://www.autoscout24.it/annunci/audi-a3-sportback-35-2-0-tdi-sport-edition-s-tronic-diesel-cat_ma9mo1624-94383a4c-323d-4b0c-b6d2-391acb9031f5,26990,4,2022,76000,automatico,Diesel,150,Sport,Middle,,Rivenditore,155,rivolta d adda,26027,Lombardia,Nord-ovest
Audi A3 SPB 30 TDI S tronic S line edition,https://www.autoscout24.it/annunci/audi-a3-spb-30-tdi-s-tronic-s-line-edition-diesel-bianco-cat_ma9mo1624-c7a37886-2efe-4b48-b511-634442f863ce,26990,2,2024,95002,automatico,Diesel,150,S line,Sport,30 TDI,Rivenditore,276,torino,10148,Piemonte,Nord-ovest
Audi A3 sportback 30 2.0 tdi s line edition s-tronic,https://www.autoscout24.it/annunci/audi-a3-sportback-30-2-0-tdi-s-line-edition-s-tronic-diesel-rosso-cat_ma9mo1624-6a5fda85-a5d6-4c48-ab33-9e3acca74126,26500,3,2023,79085,automatico,Diesel,150,S line,Sport,,Rivenditore,156,trento,38121,Trentino-Alto Adige/Südtirol,Nord-est
Audi A3 35 TDI Sportback S tronic line,https://www.autoscout24.it/annunci/audi-a3-35-tdi-sportback-s-tronic-line-diesel-cat_ma9mo1624-b876d0c2-d3b3-4949-b562-0011c1855afc,26900,5,2021,98600,automatico,Diesel,150,Sport,Middle,35 TDI,Privato,190,aldino,39040,Trentino-Alto Adige/Südtirol,Nord-est
Audi A3 A3 Sportback 30 1.5 g-tron Business Advanced s-tronic,https://www.autoscout24.it/annunci/audi-a3-a3-sportback-30-1-5-g-tron-business-advanced-s-tronic-metano-nero-cat_ma9mo1624-eb80ee52-a42f-4ec2-be9a-42c3a94799e6,26900,4,2022,64336,automatico,Metano,150,Business Advanced,Middle,,Rivenditore,16,modena,41126,Emilia-Romagna,Nord-est
Audi A3 A3 SPB 30 TFSI S tronic,https://www.autoscout24.it/annunci/audi-a3-a3-spb-30-tfsi-s-tronic-elettrica-benzina-bianco-cat_ma9mo1624-1b192e2e-34e5-44be-a683-9c16dc657f03,26400,2,2024,41228,automatico,Ibrido,150,S,Performance,30 TFSI,Rivenditore,326,roma,163,Lazio,Centro
Audi A3 IV 2020 Sportback - A3 Sportback 35 2.0 tdi S line,https://www.autoscout24.it/annunci/audi-a3-iv-2020-sportback-a3-sportback-35-2-0-tdi-s-line-diesel-marrone-cat_ma9mo1624-8d047232-9014-4790-b025-2592ffdef5b7,26900,3,2023,122435,automatico,Diesel,150,S line,Sport,,Rivenditore,216,novara,28100,Piemonte,Nord-ovest
Audi A3 SPB 30 TDI S tronic Business Advanced,https://www.autoscout24.it/annunci/audi-a3-spb-30-tdi-s-tronic-business-advanced-diesel-bianco-cat_ma9mo1624-217850f3-329a-4613-9b3a-182c99483f81,26500,3,2023,72342,automatico,Diesel,150,Business Advanced,Middle,30 TDI,Rivenditore,694,trebisacce,87075,Calabria,Sud
Audi A3 sportback 40 1.4 tfsi e business advanced s tronic,https://www.autoscout24.it/annunci/audi-a3-sportback-40-1-4-tfsi-e-business-advanced-s-tronic-elettrica-benzina-cat_ma9mo1624-178b26ec-19e1-4ba5-b3d3-03305a91689c,26400,5,2021,47162,automatico,Ibrido,150,Business Advanced,Middle,,Rivenditore,276,torino,10134,Piemonte,Nord-ovest
Audi A3 A3 30 2.0 tdi Business Advanced s-tronic,https://www.autoscout24.it/annunci/audi-a3-a3-30-2-0-tdi-business-advanced-s-tronic-diesel-blu-azzurro-cat_ma9mo1624-225a0cd3-a9c0-460c-83a7-1e5adfeb1e04,26400,4,2022,51015,automatico,Diesel,150,Business Advanced,Middle,,Rivenditore,179,sacile,33077,Friuli-Venezia Giulia,Nord-est
Audi A3 A3 SPB 30 TFSI S tronic,https://www.autoscout24.it/annunci/audi-a3-a3-spb-30-tfsi-s-tronic-elettrica-benzina-bianco-cat_ma9mo1624-a03c735d-3092-4364-9833-8961724d1618,26400,2,2024,41228,automatico,Ibrido,150,S,Performance,30 TFSI,Rivenditore,87,casalmoro,46040,Lombardia,Nord-ovest
Audi A3 sportback 40 2.0 tdi business advanced quattro s-t,https://www.autoscout24.it/annunci/audi-a3-sportback-40-2-0-tdi-business-advanced-quattro-s-t-diesel-bianco-cat_ma9mo1624-1d84789e-d71b-427f-9a05-658fd0d78d99,26400,4,2022,134702,automatico,Diesel,150,Business Advanced,Middle,,Rivenditore,184,belluno,32100,Veneto,Nord-est
Audi A3 Sportback 30 2.0 tdi S line edition,https://www.autoscout24.it/annunci/audi-a3-sportback-30-2-0-tdi-s-line-edition-diesel-nero-cat_ma9mo1624-8bfcca57-42a1-4a40-9881-ee850b7fbcbf,27000,4,2022,105000,manuale,Diesel,150,S line,Sport,,Rivenditore,211,jesi,60035,Marche,Centro
Audi A3 A3 Sportback 35 2.0 tdi Business Advanced s-tronic 24M GARANZIA,https://www.autoscout24.it/annunci/audi-a3-a3-sportback-35-2-0-tdi-business-advanced-s-tronic-24m-garanzia-diesel-grigio-cat_ma9mo1624-4c2edaf8-6dab-4fba-9611-0fd758e11084,26900,4,2022,74628,automatico,Diesel,150,Business Advanced,Middle,,Rivenditore,550,battipaglia,84091,Campania,Sud
Audi A3 Sportback 30 Tdi Business Cambio Manuale,https://www.autoscout24.it/annunci/audi-a3-sportback-30-tdi-business-cambio-manuale-diesel-bianco-cat_ma9mo1624-c4449d61-9e60-40ab-a2c0-cb5e1ba4ab1c,26500,2,2024,27668,manuale,Diesel,150,Business,Base,30 TDI,Rivenditore,127,venezia,30174,Veneto,Nord-est
Audi A3 Sportback 40 1.4 tfsi e Business s-tronic,https://www.autoscout24.it/annunci/audi-a3-sportback-40-1-4-tfsi-e-business-s-tronic-elettrica-benzina-bianco-cat_ma9mo1624-7c9cedc0-bc3f-42a5-a61e-f7079d001898,26500,3,2023,61914,automatico,Ibrido,150,Business,Base,,Rivenditore,177,milano,20126,Lombardia,Nord-ovest
Audi A3 Sportback 30TDI 116CV S tronic Business Advanced,https://www.autoscout24.it/annunci/audi-a3-sportback-30tdi-116cv-s-tronic-business-advanced-diesel-grigio-cat_ma9mo1624-9a0a4216-bbda-46f0-874d-cbbf67acdb86,26500,4,2022,73840,manuale,Diesel,150,Business Advanced,Middle,30 TDI,Rivenditore,86,verona,37139,Veneto,Nord-est
Audi A3 A3 SPB 30 TFSI S tronic,https://www.autoscout24.it/annunci/audi-a3-a3-spb-30-tfsi-s-tronic-elettrica-benzina-bianco-cat_ma9mo1624-d8edd85e-0814-4b98-b317-d070144456a4,26400,2,2024,41228,automatico,Ibrido,150,S,Performance,30 TFSI,Rivenditore,65,parma,43122,Emilia-Romagna,Nord-est
Audi A3 A3 SPB 30 TFSI S tronic,https://www.autoscout24.it/annunci/audi-a3-a3-spb-30-tfsi-s-tronic-elettrica-benzina-bianco-cat_ma9mo1624-e49965d7-eb43-49d5-866b-fd6de0308a41,26400,2,2024,41228,automatico,Ibrido,150,S,Performance,30 TFSI,Rivenditore,177,milano,20157,Lombardia,Nord-ovest
Audi A3 A3 IV 2020 Sportback Sportback 35 2.0 tdi Edition One s-tronic,https://www.autoscout24.it/annunci/audi-a3-a3-iv-2020-sportback-sportback-35-2-0-tdi-edition-one-s-tronic-diesel-grigio-cat_ma9mo1624-8575726e-402f-4b9e-9081-dd4459db4c35,27000,5,2021,98000,automatico,Diesel,150,Sport,Middle,,Privato,142,montebelluna,31044,Veneto,Nord-est
Audi A3 Sportback 30 2.0 tdi Business Advanced s-tronic,https://www.autoscout24.it/annunci/audi-a3-sportback-30-2-0-tdi-business-advanced-s-tronic-diesel-nero-cat_ma9mo1624-6aec838c-1c8d-417a-a756-2f376be95b94,26500,4,2022,35498,automatico,Diesel,150,Business Advanced,Middle,,Rivenditore,857,misterbianco,95045,Sicilia,Isole
Audi A3 PREZZO PROMO-1.4 tfsi e s-tronic,https://www.autoscout24.it/annunci/audi-a3-prezzo-promo-1-4-tfsi-e-s-tronic-elettrica-benzina-nero-cat_ma9mo1624-04856fdf-4c0f-4086-96c6-a5346ec03164,27000,3,2023,40000,automatico,Ibrido,150,S,Performance,,Rivenditore,187,settimo milanese,20019,Lombardia,Nord-ovest
Audi A3 SportBack 30 S Line 2.0 TDI 115CV Tetto Panoramico,https://www.autoscout24.it/annunci/audi-a3-sportback-30-s-line-2-0-tdi-115cv-tetto-panoramico-diesel-bianco-cat_ma9mo1624-657507a2-f089-4e9c-ab52-efd7608ff1ef,26990,3,2023,43454,manuale,Diesel,150,S line,Sport,,Rivenditore,852,camporotondo etneo,95040,Sicilia,Isole
Audi A3 8y 35 Tfsi,https://www.autoscout24.it/annunci/audi-a3-8y-35-tfsi-benzina-cat_ma9mo1624-3f282092-eca0-4112-9064-4bc79a93c616,27000,4,2022,110000,automatico,Benzina,150,S,Performance,35 TFSI,Privato,476,caserta,81100,Campania,Sud
Audi A3 SPB 30 TDI S tronic S line edition,https://www.autoscout24.it/annunci/audi-a3-spb-30-tdi-s-tronic-s-line-edition-diesel-blu-azzurro-cat_ma9mo1624-7cee9f8b-69f9-4ea2-9098-3c2b489885b6,26490,2,2024,70886,automatico,Diesel,150,S line,Sport,30 TDI,Rivenditore,276,torino,10148,Piemonte,Nord-ovest
Audi A3 sportback 30 1.0 tfsi mhev business advanced s tro,https://www.autoscout24.it/annunci/audi-a3-sportback-30-1-0-tfsi-mhev-business-advanced-s-tro-elettrica-benzina-cat_ma9mo1624-f59b0817-2e09-46e7-8d5a-3ef47fd95bb4,26800,2,2024,37263,automatico,Ibrido,150,Business Advanced,Middle,,Rivenditore,276,torino,10134,Piemonte,Nord-ovest
Audi A3 SPB 30 TDI 2.0 TDI S tronic Busine. Advanced 116CV,https://www.autoscout24.it/annunci/audi-a3-spb-30-tdi-2-0-tdi-s-tronic-busine-advanced-116cv-diesel-blu-azzurro-cat_ma9mo1624-ef48fc88-6c18-4344-b443-4faae0f6a7bc,26500,3,2023,31378,automatico,Diesel,150,Advanced,Middle,30 TDI,Rivenditore,209,delebio,23014,Lombardia,Nord-ovest
Audi A3 AUDI SPORTBACK 30 TDI S TRONIC,https://www.autoscout24.it/annunci/audi-a3-audi-sportback-30-tdi-s-tronic-diesel-cat_ma9mo1624-84664ac8-4a9a-4cdb-9829-5eea75f9819d,26500,2,2024,51946,automatico,Diesel,150,Sport,Middle,30 TDI,Rivenditore,276,torino,10148,Piemonte,Nord-ovest
Audi A3 30 TDI S line edition,https://www.autoscout24.it/annunci/audi-a3-30-tdi-s-line-edition-diesel-nero-cat_ma9mo1624-00c77bb5-e741-4f79-b563-8611c898e39f,26399,5,2021,41675,manuale,Diesel,150,S line,Sport,30 TDI,Rivenditore,326,roma,169,Lazio,Centro
Audi A3 Sportback 30 TDI 116CV S tronic S line,https://www.autoscout24.it/annunci/audi-a3-sportback-30-tdi-116cv-s-tronic-s-line-diesel-blu-azzurro-cat_ma9mo1624-4f9daa7b-bd52-4fe0-972f-e75177ab6f39,27000,2,2024,76904,automatico,Diesel,150,S line,Sport,30 TDI,Rivenditore,154,arsie,32030,Veneto,Nord-est
Audi A3 Sportback 30TDI 116CV S tronic Business Advanced,https://www.autoscout24.it/annunci/audi-a3-sportback-30tdi-116cv-s-tronic-business-advanced-diesel-blu-azzurro-cat_ma9mo1624-cbefa361-0b2b-4f70-b3f2-48bda0784a19,26900,4,2022,79087,automatico,Diesel,150,Business Advanced,Middle,30 TDI,Rivenditore,86,verona,37139,Veneto,Nord-est
Audi A3 A3 Sportback 30 tfsi mhev Business Adv s-tronic,https://www.autoscout24.it/annunci/audi-a3-a3-sportback-30-tfsi-mhev-business-adv-s-tronic-elettrica-benzina-grigio-cat_ma9mo1624-3f4ae309-3bde-473d-9752-865f3a9b8058,26900,2,2024,70000,automatico,Ibrido,150,Business,Base,30 TFSI,Rivenditore,782,san mauro marchesato,88831,Calabria,Sud
Audi A3 A3 Sportback 45 1.4 tfsi e S line edition s-tronic,https://www.autoscout24.it/annunci/audi-a3-a3-sportback-45-1-4-tfsi-e-s-line-edition-s-tronic-elettrica-benzina-bianco-cat_ma9mo1624-db36aee2-f32d-4b13-91c6-2f0797c147ce,27000,4,2022,20300,automatico,Ibrido,150,S line,Sport,,Rivenditore,192,barlassina,20825,Lombardia,Nord-ovest
Audi A3 40 1.4 tfsi e S line edition s-tronic,https://www.autoscout24.it/annunci/audi-a3-40-1-4-tfsi-e-s-line-edition-s-tronic-elettrica-benzina-cat_ma9mo1624-e393689c-0c46-4e91-a5c0-fba2799191ba,27900,4,2022,65900,automatico,Ibrido,150,S line,Sport,,Rivenditore,68,rovigo,45100,Veneto,Nord-est
Audi A3 30 TFSI S line Edition S Tronic,https://www.autoscout24.it/annunci/audi-a3-30-tfsi-s-line-edition-s-tronic-benzina-bianco-cat_ma9mo1624-53b78cf1-8553-4ae9-afb0-dd3d65209820,27500,3,2023,52710,automatico,Benzina,150,S line,Sport,30 TFSI,Rivenditore,222,varese,21100,Lombardia,Nord-ovest
Audi A3 SPB 35 TFSI S-tronic S line *PROMO PARISI GROUP*,https://www.autoscout24.it/annunci/audi-a3-spb-35-tfsi-s-tronic-s-line-promo-parisi-group-elettrica-benzina-bianco-cat_ma9mo1624-fa495251-3894-401f-8cb7-b744e7f2b760,27890,3,2023,33000,automatico,Ibrido,150,S line,Sport,35 TFSI,Rivenditore,180,cinisello balsamo,20092,Lombardia,Nord-ovest
Audi A3 Sedan 35 2.0 tdi S line edition s-tronic,https://www.autoscout24.it/annunci/audi-a3-sedan-35-2-0-tdi-s-line-edition-s-tronic-diesel-nero-cat_ma9mo1624-0e59fa7c-dfe3-4494-85c5-bcfc009a070f,27900,3,2023,39810,automatico,Diesel,150,S line,Sport,,Rivenditore,98,vinci,50059,Toscana,Centro
Audi A3 30 g-tron S tronic Business,https://www.autoscout24.it/annunci/audi-a3-30-g-tron-s-tronic-business-metano-grigio-cat_ma9mo1624-1ff76c17-f2aa-4cc2-a5c3-36deed263634,27800,2,2024,39800,automatico,Metano,150,Business,Base,,Rivenditore,104,lucca,55100,Toscana,Centro
Audi A3 Sportback 40 150/204Cv S line Edition Plus Esterno/Interno S-tronic - Plug In Hybrid - Head Up Display - Sedili Sportivi,https://www.autoscout24.it/annunci/audi-a3-sportback-40-150-204cv-s-line-edition-plus-esterno-interno-s-tronic-plug-in-hybrid-head-up-display-sedili-sportivi-elettrica-benzina-nero-cat_ma9mo1624-72bf2ecd-6056-484f-a982-b1adffdc9ff2,27900,3,2023,98000,automatico,Ibrido,150,S line,Sport,,Rivenditore,111,calvagese riviera,25080,Lombardia,Nord-ovest
Audi A3 A3 SPB 35 TDI S tronic S line edition,https://www.autoscout24.it/annunci/audi-a3-a3-spb-35-tdi-s-tronic-s-line-edition-diesel-grigio-cat_ma9mo1624-d571fd9d-dd99-4258-a71e-f61e4bbf64d0,27200,3,2023,41000,automatico,Diesel,150,S line,Sport,35 TDI,Rivenditore,56,viadana,46019,Lombardia,Nord-ovest
Audi A3 35 TDI S tronic Business Advanced,https://www.autoscout24.it/annunci/audi-a3-35-tdi-s-tronic-business-advanced-diesel-cat_ma9mo1624-d1d2f8f7-40c5-4ddc-b486-f5286e365351,27920,2,2024,36245,automatico,Diesel,150,Business Advanced,Middle,35 TDI,Rivenditore,127,venezia,30173,Veneto,Nord-est
Audi A3 A3 Sportback 1.4 tfsi e S line edition s-tronic,https://www.autoscout24.it/annunci/audi-a3-a3-sportback-1-4-tfsi-e-s-line-edition-s-tronic-elettrica-benzina-nero-cat_ma9mo1624-58a382e4-8e00-45d3-a1b3-97c6e8baf278,27300,4,2022,88000,automatico,Ibrido,150,S line,Sport,,Rivenditore,359,acuto,3010,Lazio,Centro
Audi A3 A3 Sportback 30 TFSI Business Advanced,https://www.autoscout24.it/annunci/audi-a3-a3-sportback-30-tfsi-business-advanced-benzina-grigio-cat_ma9mo1624-0f5f372e-b68e-4319-a442-4f4323c4f049,27800,4,2022,40000,automatico,Benzina,150,Business Advanced,Middle,30 TFSI,Rivenditore,255,germagno,28887,Piemonte,Nord-ovest
Audi A3 A3 SPB 35 TDI S tronic Business,https://www.autoscout24.it/annunci/audi-a3-a3-spb-35-tdi-s-tronic-business-diesel-nero-cat_ma9mo1624-aa72bd45-f689-4370-837f-191f2102cf4d,27800,4,2022,62900,automatico,Diesel,150,Business,Base,35 TDI,Rivenditore,320,roseto abruzzi,64026,Abruzzo,Sud
Audi A3 Sportback 45 1.4 tfsi e S line edition s-tronic,https://www.autoscout24.it/annunci/audi-a3-sportback-45-1-4-tfsi-e-s-line-edition-s-tronic-elettrica-benzina-bianco-cat_ma9mo1624-c74d992a-c836-4015-a8ba-28fc5fd1e6f0,27100,4,2022,48003,automatico,Ibrido,150,S line,Sport,,Rivenditore,177,genova,16163,Liguria,Nord-ovest
Audi A3 Sportback 35 1.5 tfsi mhev S line edition s-tronic,https://www.autoscout24.it/annunci/audi-a3-sportback-35-1-5-tfsi-mhev-s-line-edition-s-tronic-elettrica-benzina-cat_ma9mo1624-830b09f3-e9f7-4daf-8068-0d0d52cb713c,27700,3,2023,49000,automatico,Ibrido,150,S line,Sport,,Privato,65,parma,43121,Emilia-Romagna,Nord-est
Audi A3 Sline,https://www.autoscout24.it/annunci/audi-a3-sline-elettrica-benzina-cat_ma9mo1624-f9de49b9-7fa0-4165-8b8f-a1abaa7fb825,27900,4,2022,52000,manuale,Ibrido,150,S line,Sport,,Privato,310,ala stura,10070,Piemonte,Nord-ovest
Audi A3 A3 Sportback 30 1.5 g-tron S line edition s-tronic,https://www.autoscout24.it/annunci/audi-a3-a3-sportback-30-1-5-g-tron-s-line-edition-s-tronic-metano-nero-cat_ma9mo1624-8c752173-fd42-4a82-866b-7d53fb080fcb,27400,5,2021,46000,automatico,Metano,150,S line,Sport,,Privato,290,airasca,10060,Piemonte,Nord-ovest
Audi A3 40 1.4 tfsi e S line edition s-tronic - PREZZO PROMO,https://www.autoscout24.it/annunci/audi-a3-40-1-4-tfsi-e-s-line-edition-s-tronic-prezzo-promo-elettrica-benzina-blu-azzurro-cat_ma9mo1624-5c08df5e-8ca8-4048-ac36-a392a872f619,27500,3,2023,81000,automatico,Ibrido,150,S line,Sport,,Rivenditore,187,settimo milanese,20019,Lombardia,Nord-ovest
Audi A3 A3 SPB 40 TFSI Admired Quattro S-Tronic,https://www.autoscout24.it/annunci/audi-a3-a3-spb-40-tfsi-admired-quattro-s-tronic-benzina-grigio-cat_ma9mo1624-f26a2f31-432b-420e-a3d6-0ac6f3258d55,27400,6,2020,81250,automatico,Benzina,150,S,Performance,40 TFSI,Privato,101,padova,35125,Veneto,Nord-est
Audi A3 A3 IV Sportback 30 2.0 tdi S line edition s-tronic,https://www.autoscout24.it/annunci/audi-a3-a3-iv-sportback-30-2-0-tdi-s-line-edition-s-tronic-diesel-blu-azzurro-cat_ma9mo1624-befd4860-0db3-4ebd-ba58-3ddffcd83787,27500,3,2023,44000,automatico,Diesel,150,S line,Sport,,Privato,779,pizzo,89812,Calabria,Sud
Audi A3 A3 IV 2020 Sportback Sportback 30 2.0 tdi S line edition s-tronic,https://www.autoscout24.it/annunci/audi-a3-a3-iv-2020-sportback-sportback-30-2-0-tdi-s-line-edition-s-tronic-diesel-bianco-cat_ma9mo1624-83eaafaa-a0d9-42fc-b989-8df84b5d05c5,27500,5,2021,76000,automatico,Diesel,150,S line,Sport,,Privato,764,lamezia terme,88046,Calabria,Sud
Audi A3 Sportback 35 2.0 tdi S line Edition s-tronic,https://www.autoscout24.it/annunci/audi-a3-sportback-35-2-0-tdi-s-line-edition-s-tronic-diesel-cat_ma9mo1624-360394bc-178a-4676-87be-e83b70f4d0ab,27900,6,2020,65000,automatico,Diesel,150,S line,Sport,,Privato,506,palma campania,80036,Campania,Sud
Audi A3 Sportback 30 2.0 tdi S line edition s-tronic,https://www.autoscout24.it/annunci/audi-a3-sportback-30-2-0-tdi-s-line-edition-s-tronic-diesel-cat_ma9mo1624-6f6e3fcf-e474-4f98-ba70-21125658d1b9,27999,3,2023,72000,automatico,Diesel,150,S line,Sport,,Privato,522,serino,83028,Campania,Sud
Audi A3 Sportback 40 1.4 tfsi e s-tronic,https://www.autoscout24.it/annunci/audi-a3-sportback-40-1-4-tfsi-e-s-tronic-elettrica-benzina-cat_ma9mo1624-77e5c93f-371c-46c9-941b-bb77cdcd3094,27900,4,2022,48358,automatico,Ibrido,150,Sport,Middle,,Privato,177,milano,20124,Lombardia,Nord-ovest
Audi A3 40 1.4 tfsi e S line edition s-tronic,https://www.autoscout24.it/annunci/audi-a3-40-1-4-tfsi-e-s-line-edition-s-tronic-elettrica-benzina-nero-cat_ma9mo1624-e590f03b-e498-4af0-b331-01d5b65f0084,27999,3,2023,34000,automatico,Ibrido,150,S line,Sport,,Rivenditore,92,abano terme,35031,Veneto,Nord-est
Audi A3 A3 IV 2020 SportbackSportback 35 2.0 tdi S line Edition s-tronic,https://www.autoscout24.it/annunci/audi-a3-a3-iv-2020-sportbacksportback-35-2-0-tdi-s-line-edition-s-tronic-diesel-bianco-cat_ma9mo1624-5814ab39-81b1-44cd-9ad3-59739d969cc4,27500,6,2020,95000,automatico,Diesel,150,S line,Sport,,Privato,26,maranello,41053,Emilia-Romagna,Nord-est
Audi A3 A3 allstreet 2.0 tdi Identity Contrast 150cv s-tronic,https://www.autoscout24.it/annunci/audi-a3-a3-allstreet-2-0-tdi-identity-contrast-150cv-s-tronic-diesel-bianco-cat_ma9mo1624-7dc722cf-846b-472d-8712-661eb785abf1,27500,2,2024,55278,automatico,Diesel,150,Identity,Middle,,Rivenditore,228,appignano,62010,Marche,Centro
Audi A3 A3 IV 2020 Sportback Sportback 35 2.0 tdi S line Edition s-tronic,https://www.autoscout24.it/annunci/audi-a3-a3-iv-2020-sportback-sportback-35-2-0-tdi-s-line-edition-s-tronic-diesel-bianco-cat_ma9mo1624-60f78c18-0853-483e-be2f-3d528ff10e23,28000,3,2023,49000,automatico,Diesel,150,S line,Sport,,Privato,180,buccinasco,20090,Lombardia,Nord-ovest
Audi A3 A3 Sportback 40 1.4 tfsi e Business Advanced s-tronic,https://www.autoscout24.it/annunci/audi-a3-a3-sportback-40-1-4-tfsi-e-business-advanced-s-tronic-elettrica-benzina-nero-cat_ma9mo1624-f42d3fbd-4e76-4ded-ae1a-21e3f2a1cca9,28000,3,2023,56000,automatico,Ibrido,150,Business Advanced,Middle,,Privato,180,buccinasco,20090,Lombardia,Nord-ovest
Audi A3 IV 2020 Sportback Diesel Sportback 35 2.0 tdi S line Edition s-tronic,https://www.autoscout24.it/annunci/audi-a3-iv-2020-sportback-diesel-sportback-35-2-0-tdi-s-line-edition-s-tronic-diesel-nero-cat_ma9mo1624-f9f4f303-4110-46e1-8b21-4b3f4634b891,27900,3,2023,61877,automatico,Diesel,150,S line,Sport,,Rivenditore,270,settimo torinese,10036,Piemonte,Nord-ovest
Audi A3 35 TDI Sportback S-Tronic S-Line - FULL LED/LUCI PLUS/VOLANTE PIATTO,https://www.autoscout24.it/annunci/audi-a3-35-tdi-sportback-s-tronic-s-line-full-led-luci-plus-volante-piatto-diesel-rosso-cat_ma9mo1624-2b130bfe-cfb5-49ac-98dc-2c7ffab67e24,27750,3,2023,64000,automatico,Diesel,150,S line,Sport,35 TDI,Rivenditore,20,castel maggiore,40013,Emilia-Romagna,Nord-est
Audi A3 35 TFSI S tronic Business,https://www.autoscout24.it/annunci/audi-a3-35-tfsi-s-tronic-business-elettrica-benzina-bianco-cat_ma9mo1624-fdd9c4a5-67cd-49f6-ae9a-0edb768cc4ad,27900,1,2025,25400,automatico,Ibrido,150,Business,Base,35 TFSI,Rivenditore,299,almese,10040,Piemonte,Nord-ovest
Audi A3 Sportback 30 1.5 g-tron S line edition s-tronic,https://www.autoscout24.it/annunci/audi-a3-sportback-30-1-5-g-tron-s-line-edition-s-tronic-metano-nero-cat_ma9mo1624-69f75c54-7661-4ca7-9796-201a345494c8,27900,5,2021,79000,automatico,Metano,150,S line,Sport,,Privato,22,vignola,41058,Emilia-Romagna,Nord-est
"Audi A3 SEDAN 35 1.5 tfsi mhev S line edition s-tronic""TEL 360°""2X S-LINE""",https://www.autoscout24.it/annunci/audi-a3-sedan-35-1-5-tfsi-mhev-s-line-edition-s-tronic-tel-360-2x-s-line-elettrica-benzina-blu-azzurro-cat_ma9mo1624-7cc8ad70-ba19-42eb-896b-9778c5bbcd61,27490,3,2023,58000,automatico,Ibrido,150,S line,Sport,,Rivenditore,165,curno,24035,Lombardia,Nord-ovest
Audi A3 Sportback 30 2.0 tdi S line edition,https://www.autoscout24.it/annunci/audi-a3-sportback-30-2-0-tdi-s-line-edition-diesel-cat_ma9mo1624-9a251579-0738-4746-8cf8-53473b97bddf,28000,3,2023,32000,manuale,Diesel,150,S line,Sport,,Privato,262,chivasso,10034,Piemonte,Nord-ovest
Audi A3 Sportback 1.5 tfsi G-tron S line edition s-tron,https://www.autoscout24.it/annunci/audi-a3-sportback-1-5-tfsi-g-tron-s-line-edition-s-tron-benzina-cat_ma9mo1624-2da834be-f0af-4b7b-9f4e-25ef86b1d887,27900,5,2021,79000,automatico,Benzina,150,S line,Sport,,Privato,22,vignola,41058,Emilia-Romagna,Nord-est
Audi A3 A3 IV 2020 Sportback Sportback 40 2.0 tdi S line edition quattro s-tronic,https://www.autoscout24.it/annunci/audi-a3-a3-iv-2020-sportback-sportback-40-2-0-tdi-s-line-edition-quattro-s-tronic-diesel-bianco-cat_ma9mo1624-d6b8c5a3-f977-497f-8add-d923c7f3b5ca,27300,4,2022,110000,automatico,Diesel,150,S line,Sport,,Rivenditore,257,civitanova marche,62012,Marche,Centro
"Audi A3 A3 Sportback 35 2.0 tdi S line Edition 150cv s-tronic GARANZIA AUDI 3/27, SERVICE AUDI, PERMUTE",https://www.autoscout24.it/annunci/audi-a3-a3-sportback-35-2-0-tdi-s-line-edition-150cv-s-tronic-garanzia-audi-3-27-service-audi-permute-diesel-nero-cat_ma9mo1624-ee1580b4-1208-4f8c-aa37-55f6144be13d,27990,3,2023,61000,automatico,Diesel,150,S line,Sport,,Rivenditore,233,asti,14100,Piemonte,Nord-ovest
Audi A3 Sportback 35 1.5 tfsi S line edition,https://www.autoscout24.it/annunci/audi-a3-sportback-35-1-5-tfsi-s-line-edition-benzina-cat_ma9mo1624-3a8e8a52-39c4-42bb-80e6-9f6697a47c0c,28000,4,2022,40000,manuale,Benzina,150,S line,Sport,,Privato,861,catania,95122,Sicilia,Isole
Audi A3 35 TFSI Business Advanced,https://www.autoscout24.it/annunci/audi-a3-35-tfsi-business-advanced-benzina-grigio-cat_ma9mo1624-6d3a272d-2b16-43e5-86ce-6f71677febfc,27300,2,2024,6770,manuale,Benzina,150,Business Advanced,Middle,35 TFSI,Rivenditore,104,lucca,55100,Toscana,Centro
Audi A3 A3 IV 2020 Sportback,https://www.autoscout24.it/annunci/audi-a3-a3-iv-2020-sportback-diesel-nero-cat_ma9mo1624-59578518-188a-4ec3-995d-9d803a9d8d66,28000,2,2024,68000,automatico,Diesel,150,Sport,Middle,,Privato,200,perugia,6132,Umbria,Centro
Audi A3 A3 SPB 35 TDI S tronic S line Led Telec. Sedili Sp,https://www.autoscout24.it/annunci/audi-a3-a3-spb-35-tdi-s-tronic-s-line-led-telec-sedili-sp-diesel-blu-azzurro-cat_ma9mo1624-ebd93589-bc48-444c-8e05-09aabfa9c310,27500,3,2023,59000,automatico,Diesel,150,S line,Sport,35 TDI,Rivenditore,243,gozzano,28024,Piemonte,Nord-ovest
Audi A3 SLINE,https://www.autoscout24.it/annunci/audi-a3-sline-diesel-nero-cat_ma9mo1624-80f57495-92d0-4724-9bbb-aec48283ca1e,27500,4,2022,90000,automatico,Diesel,150,S line,Sport,,Privato,207,maniago,33085,Friuli-Venezia Giulia,Nord-est
Audi A3 A3 4A SERIE (2020) A3 SPB 30 TDI S TRONIC S LINE E,https://www.autoscout24.it/annunci/audi-a3-a3-4a-serie-2020-a3-spb-30-tdi-s-tronic-s-line-e-diesel-cat_ma9mo1624-5e70f002-ada8-492c-b808-b4374fa6de0a,28000,3,2023,60000,automatico,Diesel,150,S line,Sport,30 TDI,Privato,184,belluno,32100,Veneto,Nord-est
Audi A3 A3 IV 2020 Sportback Sportback 35 1.5 tfsi S line edition,https://www.autoscout24.it/annunci/audi-a3-a3-iv-2020-sportback-sportback-35-1-5-tfsi-s-line-edition-benzina-nero-cat_ma9mo1624-53117d9a-92e6-4b7d-a86a-202467f24421,28000,4,2022,59000,manuale,Benzina,150,S line,Sport,,Privato,861,catania,95121,Sicilia,Isole
Audi A3 sportback 40 2.0 tdi s line edition quattro s-tron,https://www.autoscout24.it/annunci/audi-a3-sportback-40-2-0-tdi-s-line-edition-quattro-s-tron-diesel-nero-cat_ma9mo1624-bcb3db35-883b-48de-8347-17a20a30fc93,27500,4,2022,114767,automatico,Diesel,150,S line,Sport,,Rivenditore,204,bolzano,39100,Trentino-Alto Adige/Südtirol,Nord-est
Audi A3 2.0 TDI S-Line quattro S-Tronic 184cv Sportback,https://www.autoscout24.it/annunci/audi-a3-2-0-tdi-s-line-quattro-s-tronic-184cv-sportback-diesel-nero-cat_ma9mo1624-5f142f2c-417f-4269-abdd-1c2ae69b5c54,27800,4,2022,115000,automatico,Diesel,150,S line,Sport,,Privato,156,trento,38123,Trentino-Alto Adige/Südtirol,Nord-est
Audi A3 A3 Sportback 35 TFSI Advanced S-Tronic,https://www.autoscout24.it/annunci/audi-a3-a3-sportback-35-tfsi-advanced-s-tronic-benzina-bianco-cat_ma9mo1624-74792d7e-1e1e-4465-9fc4-8fcfa4557225,27990,1,2025,28519,automatico,Benzina,150,Advanced,Middle,35 TFSI,Rivenditore,463,castel sasso,81040,Campania,Sud
Audi A3 Sportback S Line Edition 35 TDI,https://www.autoscout24.it/annunci/audi-a3-sportback-s-line-edition-35-tdi-diesel-cat_ma9mo1624-d731a8d5-ce61-4fd2-b5b9-b566179b04fa,27500,5,2021,110000,automatico,Diesel,150,S line,Sport,35 TDI,Privato,239,macerata,62100,Marche,Centro
Audi A3 SPB 2.0 TDI Business S-tronic,https://www.autoscout24.it/annunci/audi-a3-spb-2-0-tdi-business-s-tronic-diesel-nero-cat_ma9mo1624-50b2d89c-3d40-4e42-ab6e-78ec55f34b82,27900,2,2024,50397,automatico,Diesel,150,Business,Base,,Rivenditore,31,castenaso,40055,Emilia-Romagna,Nord-est
Audi A3 SLINE,https://www.autoscout24.it/annunci/audi-a3-sline-diesel-nero-cat_ma9mo1624-04a7a919-1a9b-4678-ba58-b9e34d5086ef,27500,4,2022,90000,automatico,Diesel,150,S line,Sport,,Privato,207,maniago,33085,Friuli-Venezia Giulia,Nord-est
Audi A3 40 TFSI e S tronic Business Advanced,https://www.autoscout24.it/annunci/audi-a3-40-tfsi-e-s-tronic-business-advanced-elettrica-benzina-nero-cat_ma9mo1624-0df87355-fd67-471f-9944-0882193340e8,27300,3,2023,44980,automatico,Ibrido,150,Business Advanced,Middle,40 TFSI e,Rivenditore,104,lucca,55100,Toscana,Centro
Audi A3 A3 Sportback 30 1.0 tfsi mhev Business Advanced s-tronic,https://www.autoscout24.it/annunci/audi-a3-a3-sportback-30-1-0-tfsi-mhev-business-advanced-s-tronic-elettrica-benzina-argento-cat_ma9mo1624-395fdc56-8aa1-46c2-8dab-100e388772c6,27300,4,2022,48900,automatico,Ibrido,150,Business Advanced,Middle,,Rivenditore,210,bastia umbra,6083,Umbria,Centro
Audi A3 40 1.4 tfsi e Business Advanced s-tronic,https://www.autoscout24.it/annunci/audi-a3-40-1-4-tfsi-e-business-advanced-s-tronic-elettrica-benzina-blu-azzurro-cat_ma9mo1624-cd84c9dd-a7fc-4297-b32e-8cc0e35c5cf8,27200,4,2022,45000,automatico,Ibrido,150,Business Advanced,Middle,,Rivenditore,177,genova,16152,Liguria,Nord-ovest
Audi A3 SPB 2.0 TDI Business S-tronic,https://www.autoscout24.it/annunci/audi-a3-spb-2-0-tdi-business-s-tronic-diesel-nero-cat_ma9mo1624-c710a8ef-6b52-480c-9fc1-6d63ea9700ce,27900,2,2024,50397,automatico,Diesel,150,Business,Base,,Rivenditore,42,ferrara,44122,Emilia-Romagna,Nord-est
"Audi A3 SPB 35TFSI 150cv Hybrid Stronic ""18 Sline S line",https://www.autoscout24.it/annunci/audi-a3-spb-35tfsi-150cv-hybrid-stronic-18-sline-s-line-elettrica-benzina-nero-cat_ma9mo1624-5bcbca39-425f-4eeb-863a-5074cf463b14,27500,2,2024,47400,automatico,Ibrido,150,S line,Sport,35 TFSI,Rivenditore,275,savigliano,12038,Piemonte,Nord-ovest
Audi A3 Business Advance,https://www.autoscout24.it/annunci/audi-a3-business-advance-benzina-cat_ma9mo1624-2b4cd7e1-aa9a-4ae0-81db-0851229e6a26,28000,4,2022,70000,automatico,Benzina,150,Business,Base,,Privato,348,pescara,65129,Abruzzo,Sud
Audi A3 Sportback 30 2.0 tdi S line edition s-tronic,https://www.autoscout24.it/annunci/audi-a3-sportback-30-2-0-tdi-s-line-edition-s-tronic-diesel-cat_ma9mo1624-65401c08-badd-46cd-9aac-1565ea48e548,27900,3,2023,78000,automatico,Diesel,150,S line,Sport,,Privato,250,spoleto,6049,Umbria,Centro
Audi A3 35 TDI S tronic S line Edition,https://www.autoscout24.it/annunci/audi-a3-35-tdi-s-tronic-s-line-edition-diesel-blu-azzurro-cat_ma9mo1624-c3ed34b8-1410-42b2-a5b1-18541f668884,27300,3,2023,96540,automatico,Diesel,150,S line,Sport,35 TDI,Rivenditore,104,lucca,55100,Toscana,Centro
Audi A3 A3 40 2.0 tdi Business Advanced quattro s-tronic,https://www.autoscout24.it/annunci/audi-a3-a3-40-2-0-tdi-business-advanced-quattro-s-tronic-diesel-nero-cat_ma9mo1624-90a10eed-15b3-4384-aaaa-6b81369be775,27990,4,2022,96846,automatico,Diesel,150,Business Advanced,Middle,,Rivenditore,23,casalecchio reno,40033,Emilia-Romagna,Nord-est
Audi A3 Business Advanced 1.5 35 TFSI MHEV,https://www.autoscout24.it/annunci/audi-a3-business-advanced-1-5-35-tfsi-mhev-benzina-bianco-cat_ma9mo1624-eefdf8cb-feec-4bb9-a723-c3437a09de07,27900,2,2024,39000,automatico,Benzina,150,Business Advanced,Middle,35 TFSI MHEV,Rivenditore,111,calvagese riviera,25080,Lombardia,Nord-ovest
"Audi A3 SPB 35TFSI 150cv Hybrid Stronic S line ""18 Sline",https://www.autoscout24.it/annunci/audi-a3-spb-35tfsi-150cv-hybrid-stronic-s-line-18-sline-elettrica-benzina-nero-cat_ma9mo1624-5bd2cabd-5d8d-452b-b0db-7c7cb22db0e5,27800,2,2024,53000,automatico,Ibrido,150,S line,Sport,35 TFSI,Rivenditore,275,savigliano,12038,Piemonte,Nord-ovest
Audi A3 A3 Sportback 35 1.5 tfsi S line edition s-tro,https://www.autoscout24.it/annunci/audi-a3-a3-sportback-35-1-5-tfsi-s-line-edition-s-tro-benzina-bianco-cat_ma9mo1624-a609ae8e-6b51-4adf-b7b1-b174b2701be8,27900,4,2022,84000,automatico,Benzina,150,S line,Sport,,Rivenditore,162,bergamo,24125,Lombardia,Nord-ovest
Audi A3 Sportback 35 1.5 TFSI Business Advanced S tronic,https://www.autoscout24.it/annunci/audi-a3-sportback-35-1-5-tfsi-business-advanced-s-tronic-benzina-nero-cat_ma9mo1624-c430c8ed-a358-424c-a950-4d263dd3b687,27800,4,2022,37599,automatico,Benzina,150,Business Advanced,Middle,,Rivenditore,121,brescia,25135,Lombardia,Nord-ovest
Audi A3 SPB 35 TFSI Business Advanced,https://www.autoscout24.it/annunci/audi-a3-spb-35-tfsi-business-advanced-benzina-argento-cat_ma9mo1624-b698774e-ab35-4940-be68-7870d5ce35d4,27490,3,2023,27100,manuale,Benzina,150,Business Advanced,Middle,35 TFSI,Rivenditore,377,lanciano,66034,Abruzzo,Sud
Audi A3 Sportback 40 1.4 tfsi e Business Advanced s-tronic,https://www.autoscout24.it/annunci/audi-a3-sportback-40-1-4-tfsi-e-business-advanced-s-tronic-elettrica-benzina-grigio-cat_ma9mo1624-44e5517e-f373-43e5-b155-18a454a13b96,27900,4,2022,28527,automatico,Ibrido,150,Business Advanced,Middle,,Rivenditore,177,milano,20143,Lombardia,Nord-ovest
Audi A3 Sportback 35 2.0 tdi S line Edition s-tronic,https://www.autoscout24.it/annunci/audi-a3-sportback-35-2-0-tdi-s-line-edition-s-tronic-diesel-cat_ma9mo1624-d7b8398a-c610-427d-8efa-fb6bc19a1dcd,27500,4,2022,67000,automatico,Diesel,150,S line,Sport,,Privato,521,nocera inferiore,84014,Campania,Sud
Audi A3 A3 IV 2020 Sportback Sportback 35 2.0 tdi S line Edition s-tronic,https://www.autoscout24.it/annunci/audi-a3-a3-iv-2020-sportback-sportback-35-2-0-tdi-s-line-edition-s-tronic-diesel-giallo-cat_ma9mo1624-6f26b5d1-59d3-41ac-8279-48462e633ed6,27700,3,2023,96307,automatico,Diesel,150,S line,Sport,,Privato,495,napoli,80125,Campania,Sud
Audi A3 A3 Sportback 35 2.0 tdi S line Edition s-tronic,https://www.autoscout24.it/annunci/audi-a3-a3-sportback-35-2-0-tdi-s-line-edition-s-tronic-diesel-nero-cat_ma9mo1624-7cbea25d-a9d6-4dc6-b6c7-ab8e48b215dc,28000,5,2021,105000,automatico,Diesel,150,S line,Sport,,Privato,267,santena,10026,Piemonte,Nord-ovest
Audi A3 SPB SPORTBACK 35 TDI S line S tronic,https://www.autoscout24.it/annunci/audi-a3-spb-sportback-35-tdi-s-line-s-tronic-diesel-nero-cat_ma9mo1624-192cd8a7-e012-4da9-b066-4d47cf69e347,27900,3,2023,89195,automatico,Diesel,150,S line,Sport,35 TDI,Rivenditore,483,qualiano,80019,Campania,Sud
Audi A3 30 2.0 tdi Business Advanced s-tronic,https://www.autoscout24.it/annunci/audi-a3-30-2-0-tdi-business-advanced-s-tronic-diesel-grigio-cat_ma9mo1624-5435c3aa-2190-4f8c-92a6-f89731ac1946,27900,4,2022,39000,automatico,Diesel,150,Business Advanced,Middle,,Rivenditore,492,apollosa,82030,Campania,Sud
"Audi A3 Sportback 45 1.4 tfsi e Identity black S line S-tronic 18"" camera",https://www.autoscout24.it/annunci/audi-a3-sportback-45-1-4-tfsi-e-identity-black-s-line-s-tronic-18-camera-elettrica-benzina-bianco-cat_ma9mo1624-7eae8c84-93aa-48ca-b08d-6ea0bbab7750,27990,3,2023,69103,automatico,Ibrido,150,Identity,Middle,,Rivenditore,342,monte compatri,77,Lazio,Centro
Audi A3 SPB 35 TDI S tronic S line edition,https://www.autoscout24.it/annunci/audi-a3-spb-35-tdi-s-tronic-s-line-edition-diesel-grigio-cat_ma9mo1624-6ce5972d-4456-4ebf-b06d-c2d298aba8b3,27900,5,2021,62065,automatico,Diesel,150,S line,Sport,35 TDI,Rivenditore,163,oderzo,31046,Veneto,Nord-est
Audi A3 A3 IV 2020 Sportback Sportback 35 1.5 tfsi mhev S line edition s-tronic,https://www.autoscout24.it/annunci/audi-a3-a3-iv-2020-sportback-sportback-35-1-5-tfsi-mhev-s-line-edition-s-tronic-elettrica-benzina-nero-cat_ma9mo1624-de3058b1-c9dc-4f51-ade3-d1c083e965c2,27900,3,2023,94000,automatico,Ibrido,150,S line,Sport,,Privato,165,curno,24035,Lombardia,Nord-ovest
Audi A3 A3 Spb 35 1.5 tfsi S line edition s-tronic,https://www.autoscout24.it/annunci/audi-a3-a3-spb-35-1-5-tfsi-s-line-edition-s-tronic-benzina-nero-cat_ma9mo1624-a2d1e4a0-dbf1-4b5e-aa20-c2b6a656786c,27900,3,2023,43000,automatico,Benzina,150,S line,Sport,,Rivenditore,147,adrara san martino,24060,Lombardia,Nord-ovest
Audi A3 A3 Sportback 35 1.5 TFSI S line Edition/LED/ACC,https://www.autoscout24.it/annunci/audi-a3-a3-sportback-35-1-5-tfsi-s-line-edition-led-acc-benzina-nero-cat_ma9mo1624-971e19ba-545f-4eb7-9dca-9bac1c83333a,27300,3,2023,85000,manuale,Benzina,150,S line,Sport,,Rivenditore,241,braies,39030,Trentino-Alto Adige/Südtirol,Nord-est
Audi A3 Sportback 35 2.0 tdi Edition One s-tronic,https://www.autoscout24.it/annunci/audi-a3-sportback-35-2-0-tdi-edition-one-s-tronic-diesel-cat_ma9mo1624-71af08d0-ab9d-4486-9f48-a39656503267,28000,5,2021,120000,automatico,Diesel,150,Sport,Middle,,Privato,731,cosenza,87100,Calabria,Sud
Audi A3 SPB 35 TDI S tronic S line edition,https://www.autoscout24.it/annunci/audi-a3-spb-35-tdi-s-tronic-s-line-edition-diesel-grigio-cat_ma9mo1624-8919f1bc-493a-4c0c-9a19-0fca95a44bc5,27900,3,2023,71914,automatico,Diesel,150,S line,Sport,35 TDI,Rivenditore,135,quinto treviso,31055,Veneto,Nord-est
Audi A3 A3 Sportback 35 2.0 tdi Edition One s-tronic,https://www.autoscout24.it/annunci/audi-a3-a3-sportback-35-2-0-tdi-edition-one-s-tronic-diesel-blu-azzurro-cat_ma9mo1624-45372fb0-3cce-4658-90ba-cce45a6d8769,27500,6,2020,87000,automatico,Diesel,150,Sport,Middle,,Privato,247,corridonia,62014,Marche,Centro
Audi A3 SPB 35 TFSI MHEV S-Tronic Business Advanc.,https://www.autoscout24.it/annunci/audi-a3-spb-35-tfsi-mhev-s-tronic-business-advanc-elettrica-benzina-grigio-cat_ma9mo1624-31b25cdb-d334-4582-af4c-e6ee048cf5bf,27900,2,2024,29000,automatico,Ibrido,150,Business,Base,35 TFSI MHEV,Rivenditore,226,udine,33100,Friuli-Venezia Giulia,Nord-est
Audi A3 Audi A3 Sportback 35 2.0 TDI 150 CV S tronic S lin,https://www.autoscout24.it/annunci/audi-a3-audi-a3-sportback-35-2-0-tdi-150-cv-s-tronic-s-lin-diesel-blu-azzurro-cat_ma9mo1624-19b74e0b-c890-420b-bc6d-a71b46f88ffb,27900,4,2022,48000,automatico,Diesel,150,Sport,Middle,,Rivenditore,215,bizzarone,22020,Lombardia,Nord-ovest
Audi A3 Sportback 35 1.5 tfsi mhev Business Advanced s-tronic,https://www.autoscout24.it/annunci/audi-a3-sportback-35-1-5-tfsi-mhev-business-advanced-s-tronic-elettrica-benzina-nero-cat_ma9mo1624-5c174158-512c-456f-a97a-15aefac7a1f5,27229,4,2022,46761,automatico,Ibrido,150,Business Advanced,Middle,,Rivenditore,140,livorno,57121,Toscana,Centro
Audi A3 SPB 35 TFSI S tronic Business Hybrid,https://www.autoscout24.it/annunci/audi-a3-spb-35-tfsi-s-tronic-business-hybrid-elettrica-benzina-bianco-cat_ma9mo1624-1c2bf2b8-93a5-4455-b0c6-861522b9d70a,27500,2,2024,55000,automatico,Ibrido,150,Business,Base,35 TFSI,Rivenditore,159,pieve soligo,31053,Veneto,Nord-est
Audi A3 Audi A3 Sportback 30 TFSI S tronic,https://www.autoscout24.it/annunci/audi-a3-audi-a3-sportback-30-tfsi-s-tronic-benzina-nero-cat_ma9mo1624-a4cf3188-4a80-4e71-89c4-2b525b5168fa,28000,1,2025,34103,automatico,Benzina,150,Sport,Middle,30 TFSI,Privato,177,milano,20121,Lombardia,Nord-ovest
Audi A3 30 TDI S tronic S line Edition,https://www.autoscout24.it/annunci/audi-a3-30-tdi-s-tronic-s-line-edition-diesel-bianco-cat_ma9mo1624-14887d03-9ae1-4c23-9f05-e33f7b73a252,27400,3,2023,76230,automatico,Diesel,150,S line,Sport,30 TDI,Rivenditore,104,lucca,55100,Toscana,Centro
Audi A3 A3 Sportback 30 1.0 tfsi mhev Business Advanced s-tronic,https://www.autoscout24.it/annunci/audi-a3-a3-sportback-30-1-0-tfsi-mhev-business-advanced-s-tronic-elettrica-benzina-nero-cat_ma9mo1624-5f5d7c4b-3dd4-4096-8ccb-9e556755be97,28000,3,2023,20384,automatico,Ibrido,150,Business Advanced,Middle,,Privato,285,collegno,10093,Piemonte,Nord-ovest
Audi A3 A3 IV 2024  Sportback 30 2.0 tdi Business s-tronic,https://www.autoscout24.it/annunci/audi-a3-a3-iv-2024-sportback-30-2-0-tdi-business-s-tronic-diesel-bianco-cat_ma9mo1624-52f48d0f-26be-438e-9f22-ef061195e2e2,27900,2,2024,46500,automatico,Diesel,150,Business,Base,,Rivenditore,266,fermo,63900,Marche,Centro
Audi A3 35 TFSI Mild-Hybrid S line S tronic MHEV,https://www.autoscout24.it/annunci/audi-a3-35-tfsi-mild-hybrid-s-line-s-tronic-mhev-elettrica-benzina-giallo-cat_ma9mo1624-b3407315-7de6-41c2-bf62-965183f32004,27399,3,2023,53054,automatico,Ibrido,150,S line,Sport,35 TFSI,Rivenditore,86,verona,37135,Veneto,Nord-est
Audi A3 35 TFSI Mild-Hybrid S line S tronic MHEV,https://www.autoscout24.it/annunci/audi-a3-35-tfsi-mild-hybrid-s-line-s-tronic-mhev-elettrica-benzina-giallo-cat_ma9mo1624-b462c745-7e77-4283-89e7-6d4c85aa24d8,27399,3,2023,53054,automatico,Ibrido,150,S line,Sport,35 TFSI,Rivenditore,25,bologna,40131,Emilia-Romagna,Nord-est
Audi A3 35 TFSI Mild-Hybrid S line S tronic MHEV,https://www.autoscout24.it/annunci/audi-a3-35-tfsi-mild-hybrid-s-line-s-tronic-mhev-elettrica-benzina-giallo-cat_ma9mo1624-378d1475-5a42-4d12-adbd-e809d5f143f8,27399,3,2023,53054,automatico,Ibrido,150,S line,Sport,35 TFSI,Rivenditore,283,beinasco,10092,Piemonte,Nord-ovest
Audi A3 SPB 35 TFSI Business Advanced,https://www.autoscout24.it/annunci/audi-a3-spb-35-tfsi-business-advanced-benzina-argento-cat_ma9mo1624-19d719be-9802-4307-8dd5-25fe842262b6,27490,3,2023,27100,manuale,Benzina,150,Business Advanced,Middle,35 TFSI,Rivenditore,272,rotella,63071,Marche,Centro
"Audi A3 SPB 35TFSI 150cv Hybrid Stronic ""18 Sline S line",https://www.autoscout24.it/annunci/audi-a3-spb-35tfsi-150cv-hybrid-stronic-18-sline-s-line-benzina-nero-cat_ma9mo1624-f974fb9e-28a1-4eb3-a4d0-a2ec83c0af85,27500,2,2024,47200,automatico,Benzina,150,S line,Sport,35 TFSI,Rivenditore,275,savigliano,12038,Piemonte,Nord-ovest
Audi A3 sportback 2.0 tdi business 116cv,https://www.autoscout24.it/annunci/audi-a3-sportback-2-0-tdi-business-116cv-diesel-nero-cat_ma9mo1624-16e2575d-9b5e-4970-86ef-21297a25aac8,27900,2,2024,40577,manuale,Diesel,150,Business,Base,,Rivenditore,326,roma,178,Lazio,Centro
Audi A3 30 2.0 tdi Business Advanced,https://www.autoscout24.it/annunci/audi-a3-30-2-0-tdi-business-advanced-diesel-cat_ma9mo1624-68e3fd51-742b-428f-8137-bd685560bf4c,27900,3,2023,31345,manuale,Diesel,150,Business Advanced,Middle,,Rivenditore,65,parma,43126,Emilia-Romagna,Nord-est
Audi A3 Sportback 35 1.5 tfsi mhev Edition One s-tronic,https://www.autoscout24.it/annunci/audi-a3-sportback-35-1-5-tfsi-mhev-edition-one-s-tronic-elettrica-benzina-cat_ma9mo1624-4461686c-fa67-4585-8959-adfc5dfc3db5,28000,6,2020,73380,automatico,Ibrido,150,Sport,Middle,,Privato,79,anguillara veneta,35022,Veneto,Nord-est
Audi A3 30 TDI S tronic Business,https://www.autoscout24.it/annunci/audi-a3-30-tdi-s-tronic-business-diesel-grigio-cat_ma9mo1624-cace7647-7eca-4f55-9a3c-528e8b756c94,27400,2,2024,32160,automatico,Diesel,150,Business,Base,30 TDI,Rivenditore,104,lucca,55100,Toscana,Centro
"Audi A3 SPB 35TFSI 150cv Hybrid Stronic ""18 Sline S line",https://www.autoscout24.it/annunci/audi-a3-spb-35tfsi-150cv-hybrid-stronic-18-sline-s-line-elettrica-benzina-nero-cat_ma9mo1624-a488034b-31f8-4152-b0fb-514eb80b20e1,27990,2,2024,43500,automatico,Ibrido,150,S line,Sport,35 TFSI,Rivenditore,275,savigliano,12038,Piemonte,Nord-ovest
Audi A3 SPB 35 TDI S tronic Business Advanced,https://www.autoscout24.it/annunci/audi-a3-spb-35-tdi-s-tronic-business-advanced-diesel-argento-cat_ma9mo1624-5d3ac39e-3240-47a3-9d23-3f5ff0f6fbc6,27900,3,2023,56277,automatico,Diesel,150,Business Advanced,Middle,35 TDI,Rivenditore,619,triggiano,70019,Puglia,Sud
Audi A3 Sportback 35 2.0 tdi s-tronic,https://www.autoscout24.it/annunci/audi-a3-sportback-35-2-0-tdi-s-tronic-diesel-cat_ma9mo1624-d7955f63-a961-49cb-9a40-4118672d7e70,28000,5,2021,120000,automatico,Diesel,150,Sport,Middle,,Privato,731,cosenza,87100,Calabria,Sud
Audi A3 35 TFSI S tronic Business Advance,https://www.autoscout24.it/annunci/audi-a3-35-tfsi-s-tronic-business-advance-elettrica-benzina-cat_ma9mo1624-a3682f09-de2d-43db-94ed-0ae68d634b95,27300,4,2022,48900,automatico,Ibrido,150,Business,Base,35 TFSI,Rivenditore,210,bastia umbra,6083,Umbria,Centro
Audi A3 Sportback 35 2.0 tdi Business Advanced s-tronic,https://www.autoscout24.it/annunci/audi-a3-sportback-35-2-0-tdi-business-advanced-s-tronic-diesel-cat_ma9mo1624-aa7fe17e-ec38-4ddd-b1c5-f813bb9fa498,28000,4,2022,90000,automatico,Diesel,150,Business Advanced,Middle,,Privato,47,guastalla,42016,Emilia-Romagna,Nord-est
Audi A3 SPB 35 TDI S tronic S line edition,https://www.autoscout24.it/annunci/audi-a3-spb-35-tdi-s-tronic-s-line-edition-diesel-grigio-cat_ma9mo1624-13070e93-1de1-4b69-b447-b3dc8248a992,27900,5,2021,62065,automatico,Diesel,150,S line,Sport,35 TDI,Rivenditore,201,rivignano teor,33061,Friuli-Venezia Giulia,Nord-est
Audi A3 35 TDI S tronic Business Advanced,https://www.autoscout24.it/annunci/audi-a3-35-tdi-s-tronic-business-advanced-diesel-blu-azzurro-cat_ma9mo1624-2053730b-d84f-4a9f-956d-e36583c5cb70,27800,3,2023,56462,automatico,Diesel,150,Business Advanced,Middle,35 TDI,Rivenditore,104,lucca,55100,Toscana,Centro
Audi A3 35 TFSI Mild-Hybrid S line S tronic MHEV,https://www.autoscout24.it/annunci/audi-a3-35-tfsi-mild-hybrid-s-line-s-tronic-mhev-elettrica-benzina-giallo-cat_ma9mo1624-3505d7a8-40eb-4075-b8f2-2f3f767ded9a,27399,3,2023,53054,automatico,Ibrido,150,S line,Sport,35 TFSI,Rivenditore,326,roma,169,Lazio,Centro
Audi A3 Sportback 35 2.0 tdi S line IDENTITY BLACK,https://www.autoscout24.it/annunci/audi-a3-sportback-35-2-0-tdi-s-line-identity-black-diesel-bianco-cat_ma9mo1624-831f79de-9355-479a-b3e3-dcea1537cbd5,27900,4,2022,89000,automatico,Diesel,150,Identity,Middle,,Rivenditore,492,rotondi,83017,Campania,Sud
"Audi A3 SPB 35TFSI 150cv Hybrid Stronic ""18 Sline S line",https://www.autoscout24.it/annunci/audi-a3-spb-35tfsi-150cv-hybrid-stronic-18-sline-s-line-benzina-nero-cat_ma9mo1624-aa165c15-0f67-4be4-bc13-6fe55fdb6437,27900,2,2024,43800,automatico,Benzina,150,S line,Sport,35 TFSI,Rivenditore,275,savigliano,12038,Piemonte,Nord-ovest
Audi A3 35 TFSI Mild-Hybrid S line S tronic MHEV,https://www.autoscout24.it/annunci/audi-a3-35-tfsi-mild-hybrid-s-line-s-tronic-mhev-elettrica-benzina-giallo-cat_ma9mo1624-07f5a634-9555-4705-af47-863434e4f757,27399,3,2023,53054,automatico,Ibrido,150,S line,Sport,35 TFSI,Rivenditore,177,milano,20155,Lombardia,Nord-ovest
Audi A3 2.0 TDI 150 CV 35 S TRONIC BSN ADVANCED,https://www.autoscout24.it/annunci/audi-a3-2-0-tdi-150-cv-35-s-tronic-bsn-advanced-diesel-nero-cat_ma9mo1624-37d69d92-181e-4dfc-a92e-08e2ff0a1595,27700,4,2022,65623,automatico,Diesel,150,Advanced,Middle,,Rivenditore,882,carlentini,96013,Sicilia,Isole
Audi A3 SPB 35 TFSI Business Advanced,https://www.autoscout24.it/annunci/audi-a3-spb-35-tfsi-business-advanced-benzina-argento-cat_ma9mo1624-eff615dd-4fff-42f1-9cee-503ed1cc2f30,27490,3,2023,27100,manuale,Benzina,150,Business Advanced,Middle,35 TFSI,Rivenditore,412,agnone,86081,Molise,Sud
Audi A3 SPB 35 TDI Business,https://www.autoscout24.it/annunci/audi-a3-spb-35-tdi-business-diesel-nero-cat_ma9mo1624-0526b0b5-4481-4c0e-8236-d04ec2ec3812,27500,3,2023,101636,manuale,Diesel,150,Business,Base,35 TDI,Rivenditore,292,borgo san dalmazzo,12011,Piemonte,Nord-ovest
Audi A3 A3 Sportback 40 1.4 tfsi e Business Advanced s-tronic,https://www.autoscout24.it/annunci/audi-a3-a3-sportback-40-1-4-tfsi-e-business-advanced-s-tronic-elettrica-benzina-argento-cat_ma9mo1624-7a1808c5-7067-46b3-a99d-da9b199ebe45,28000,4,2022,27000,automatico,Ibrido,150,Business Advanced,Middle,,Rivenditore,150,siena,53100,Toscana,Centro
Audi A3 35 TFSI Mild-Hybrid S line S tronic MHEV,https://www.autoscout24.it/annunci/audi-a3-35-tfsi-mild-hybrid-s-line-s-tronic-mhev-elettrica-benzina-giallo-cat_ma9mo1624-9e19250b-597d-44cc-bbb7-0f23ac5cc04a,27399,3,2023,53054,automatico,Ibrido,150,S line,Sport,35 TFSI,Rivenditore,485,sassari,7100,Sardegna,Isole
Audi A3 sportback 30 1.0 tfsi mhev business advanced s-tro,https://www.autoscout24.it/annunci/audi-a3-sportback-30-1-0-tfsi-mhev-business-advanced-s-tro-elettrica-benzina-grigio-cat_ma9mo1624-883e8287-1dbf-40de-bfbb-0d1e8ba3df85,27400,2,2024,29959,automatico,Ibrido,150,Business Advanced,Middle,,Rivenditore,285,cirie,10073,Piemonte,Nord-ovest
Audi A3 A3 IV 2020 Sportback Sportback 35 2.0 tdi Business,https://www.autoscout24.it/annunci/audi-a3-a3-iv-2020-sportback-sportback-35-2-0-tdi-business-diesel-grigio-cat_ma9mo1624-9a28098c-27bc-4507-8e3f-3515dc118c04,27900,3,2023,56367,automatico,Diesel,150,Business,Base,,Rivenditore,630,matera,75100,Basilicata,Sud
Audi A3 SPB 40 TFSI e S tronic,https://www.autoscout24.it/annunci/audi-a3-spb-40-tfsi-e-s-tronic-elettrica-benzina-bianco-cat_ma9mo1624-d90d5440-4fdf-4e24-9928-8de6139410e6,27950,4,2022,30999,automatico,Ibrido,150,S,Performance,40 TFSI e,Rivenditore,14,pieve cento,40066,Emilia-Romagna,Nord-est
Audi A3 SPB 35 TDI S tronic S line edition,https://www.autoscout24.it/annunci/audi-a3-spb-35-tdi-s-tronic-s-line-edition-diesel-bianco-cat_ma9mo1624-e8329300-706c-442d-9bbe-0d68092cdafc,27900,6,2020,81500,automatico,Diesel,150,S line,Sport,35 TDI,Rivenditore,776,alliste,73040,Puglia,Sud
Audi A3 SPB 35 TDI S tronic Business Advanced,https://www.autoscout24.it/annunci/audi-a3-spb-35-tdi-s-tronic-business-advanced-diesel-blu-azzurro-cat_ma9mo1624-c88f91ae-55b3-42e0-af91-b1a08ee5b901,27950,6,2020,45600,automatico,Diesel,150,Business Advanced,Middle,35 TDI,Rivenditore,14,pieve cento,40066,Emilia-Romagna,Nord-est
"Audi A3 SPB 30 TFSI S tronic S line edition + 18""",https://www.autoscout24.it/annunci/audi-a3-spb-30-tfsi-s-tronic-s-line-edition-+-18-elettrica-benzina-grigio-cat_ma9mo1624-de68283d-3ba4-463c-8249-db467015fcdc,28000,3,2023,46000,automatico,Ibrido,150,S line,Sport,30 TFSI,Rivenditore,137,altivole,31030,Veneto,Nord-est
Audi A3 Sportback 30 2.0 tdi Business s-tronic SOLO KM42K APPLE CARPLAY ADAPTIVE CRUISE CONTROL,https://www.autoscout24.it/annunci/audi-a3-sportback-30-2-0-tdi-business-s-tronic-solo-km42k-apple-carplay-adaptive-cruise-control-diesel-bianco-cat_ma9mo1624-d1c6aefe-65b8-47b3-8c68-f854081516c3,27900,2,2024,40000,automatico,Diesel,150,Business,Base,,Rivenditore,128,gussago,25064,Lombardia,Nord-ovest
Audi A3 SPB 30 TDI S tronic Business Advanced,https://www.autoscout24.it/annunci/audi-a3-spb-30-tdi-s-tronic-business-advanced-diesel-blu-azzurro-cat_ma9mo1624-9d5e059f-45b0-4f93-944b-1d6a3e2e101a,27500,3,2023,58800,automatico,Diesel,150,Business Advanced,Middle,30 TDI,Rivenditore,159,pieve soligo,31053,Veneto,Nord-est
Audi A3 SPB 30 TDI S tronic,https://www.autoscout24.it/annunci/audi-a3-spb-30-tdi-s-tronic-diesel-nero-cat_ma9mo1624-16879cf4-be0b-4084-b7eb-47c0ff73c7c8,27950,4,2022,57600,automatico,Diesel,150,S,Performance,30 TDI,Rivenditore,14,pieve cento,40066,Emilia-Romagna,Nord-est
Audi A3 A3 Sportback 30 TDI S-tronic Business,https://www.autoscout24.it/annunci/audi-a3-a3-sportback-30-tdi-s-tronic-business-diesel-bianco-cat_ma9mo1624-a15946f0-97eb-4376-85fa-56a2fb8348e0,27950,2,2024,48004,automatico,Diesel,150,Business,Base,30 TDI,Rivenditore,377,lanciano,66034,Abruzzo,Sud
Audi A3 40 TFSI Sporback Quattro S-Tronic S-Line - PELLE/FULL LED/LUCI PLUS,https://www.autoscout24.it/annunci/audi-a3-40-tfsi-sporback-quattro-s-tronic-s-line-pelle-full-led-luci-plus-benzina-blu-azzurro-cat_ma9mo1624-f80bf56f-515e-4618-b7c1-ff2d036d28f2,28750,4,2022,65000,automatico,Benzina,150,S line,Sport,40 TFSI,Rivenditore,20,castel maggiore,40013,Emilia-Romagna,Nord-est
Audi A3 A3 Sportback 1.5 tfsi mhev -35 tfsi mev-s tronic-PRIMA SCELTA PLUS!,https://www.autoscout24.it/annunci/audi-a3-a3-sportback-1-5-tfsi-mhev-35-tfsi-mev-s-tronic-prima-scelta-plus-elettrica-benzina-nero-cat_ma9mo1624-150808b4-8f2d-4735-a921-4f0b7a73e783,28500,1,2025,25000,automatico,Ibrido,150,Sport,Middle,35 TFSI,Rivenditore,116,borgoricco,35010,Veneto,Nord-est
"Audi A3 SPORTBACK 40 2.0 TDI 200CV SLINE QUATTRO 19"" IDENTITY BLACK",https://www.autoscout24.it/annunci/audi-a3-sportback-40-2-0-tdi-200cv-sline-quattro-19-identity-black-diesel-bianco-cat_ma9mo1624-3b052dad-4ee2-483e-9a74-0fd5af6a06c1,28990,4,2022,117000,automatico,Diesel,150,Identity,Middle,,Rivenditore,100,creazzo,36051,Veneto,Nord-est
Audi A3 1.5 tfsi mhev Identity Contrast 150cv s-tronic,https://www.autoscout24.it/annunci/audi-a3-1-5-tfsi-mhev-identity-contrast-150cv-s-tronic-elettrica-benzina-blu-azzurro-cat_ma9mo1624-ad51055f-99e6-4d5f-b170-66db727f4447,28600,2,2024,50000,automatico,Ibrido,150,Identity,Middle,,Rivenditore,86,verona,37135,Veneto,Nord-est
Audi A3 35 TDI S tronic S line Edition,https://www.autoscout24.it/annunci/audi-a3-35-tdi-s-tronic-s-line-edition-diesel-blu-azzurro-cat_ma9mo1624-1a5de860-aef3-418f-84be-e1897b30fcec,28450,4,2022,83221,automatico,Diesel,150,S line,Sport,35 TDI,Rivenditore,326,roma,156,Lazio,Centro
Audi A3 IV 2020 Sportback Sportback 35 2.0 tdi Business Advanced s-tronic,https://www.autoscout24.it/annunci/audi-a3-iv-2020-sportback-sportback-35-2-0-tdi-business-advanced-s-tronic-diesel-nero-cat_ma9mo1624-b1ba8d07-59c2-41f8-b75f-33200243116b,28900,4,2022,42102,automatico,Diesel,150,Business Advanced,Middle,,Rivenditore,177,sesto san giovanni,20099,Lombardia,Nord-ovest
Audi A3 35 TFSI Advanced S-TRONIC #VARI COLORI,https://www.autoscout24.it/annunci/audi-a3-35-tfsi-advanced-s-tronic-vari-colori-elettrica-benzina-bianco-cat_ma9mo1624-c667d5b5-d6f5-410a-b23c-d39ad93f73a9,28900,1,2025,28000,automatico,Ibrido,150,Advanced,Middle,35 TFSI,Rivenditore,107,fosso,30030,Veneto,Nord-est
Audi A3 sportback 35 2.0 tdi s line edition s-tronic,https://www.autoscout24.it/annunci/audi-a3-sportback-35-2-0-tdi-s-line-edition-s-tronic-diesel-bianco-cat_ma9mo1624-66c9abb7-d9c2-4e64-b065-2fb15468c140,28900,3,2023,73017,automatico,Diesel,150,S line,Sport,,Rivenditore,201,alessandria,15121,Piemonte,Nord-ovest
Audi A3 sportback 35 1.5 tfsi business advanced,https://www.autoscout24.it/annunci/audi-a3-sportback-35-1-5-tfsi-business-advanced-benzina-nero-cat_ma9mo1624-58ae6643-20e2-4004-a07d-2223e919477f,29000,3,2023,12268,manuale,Benzina,150,Business Advanced,Middle,,Rivenditore,326,roma,178,Lazio,Centro
Audi A3 sportback 1.5 tfsi business advanced 116cv,https://www.autoscout24.it/annunci/audi-a3-sportback-1-5-tfsi-business-advanced-116cv-benzina-blu-azzurro-cat_ma9mo1624-a1345770-0fbe-4ccb-b2c3-59d19359892b,28990,1,2025,7610,manuale,Benzina,150,Business Advanced,Middle,,Rivenditore,127,venezia,30173,Veneto,Nord-est
Audi A3 30 TDI S line Edition,https://www.autoscout24.it/annunci/audi-a3-30-tdi-s-line-edition-diesel-nero-cat_ma9mo1624-063648dd-f226-4ecd-9444-af685f17dc36,28900,2,2024,38700,manuale,Diesel,150,S line,Sport,30 TDI,Rivenditore,105,massa,54100,Toscana,Centro
Audi A3 35 TFSI S tronic S line Edition,https://www.autoscout24.it/annunci/audi-a3-35-tfsi-s-tronic-s-line-edition-elettrica-benzina-blu-azzurro-cat_ma9mo1624-5bbf35b8-ca36-41b7-9573-1b7a52511481,28950,4,2022,36803,automatico,Ibrido,150,S line,Sport,35 TFSI,Rivenditore,326,roma,156,Lazio,Centro
Audi A3 Sportback 2.0 tdi S-line S-tronic Heap-up camera 2025 150cv,https://www.autoscout24.it/annunci/audi-a3-sportback-2-0-tdi-s-line-s-tronic-heap-up-camera-2025-150cv-diesel-bianco-cat_ma9mo1624-668c27e6-eda3-4e4d-b957-a5347c3b098d,28990,1,2025,32518,automatico,Diesel,150,S line,Sport,,Rivenditore,342,monte compatri,77,Lazio,Centro
Audi A3 Sportback 1.5 tfsi mhev S line edition 150cv s-tro,https://www.autoscout24.it/annunci/audi-a3-sportback-1-5-tfsi-mhev-s-line-edition-150cv-s-tro-elettrica-benzina-cat_ma9mo1624-ae79d0e8-36e1-4b0c-84fc-3ba5a7eb7895,28900,2,2024,22900,automatico,Ibrido,150,S line,Sport,,Rivenditore,177,genova,16161,Liguria,Nord-ovest
Audi A3 Audi A3 G- Tron S-line Km 18.000 !,https://www.autoscout24.it/annunci/audi-a3-audi-a3-g-tron-s-line-km-18-000-metano-nero-cat_ma9mo1624-1e807506-f282-4abf-972d-c3c19ce1f427,28500,5,2021,18000,automatico,Metano,150,S line,Sport,,Privato,164,pesaro,61121,Marche,Centro
Audi A3 Sportback 35 2.0 tdi S line Edition s-tronic,https://www.autoscout24.it/annunci/audi-a3-sportback-35-2-0-tdi-s-line-edition-s-tronic-diesel-cat_ma9mo1624-eef3ecfa-f107-4df1-9e90-b758cc56bfbe,29000,4,2022,46340,automatico,Diesel,150,S line,Sport,,Privato,861,catania,95121,Sicilia,Isole
Audi A3 A3 Sportback 35 1.5 tfsi mhev S line edition s-tronic,https://www.autoscout24.it/annunci/audi-a3-a3-sportback-35-1-5-tfsi-mhev-s-line-edition-s-tronic-elettrica-benzina-grigio-cat_ma9mo1624-05faa621-3737-46bc-9a38-05e17c07269f,28500,5,2021,60000,automatico,Ibrido,150,S line,Sport,,Privato,177,milano,20121,Lombardia,Nord-ovest
Audi A3 S LINE FULL VARI COLORI E ALLESTIMENTI DISPONIBILI,https://www.autoscout24.it/annunci/audi-a3-s-line-full-vari-colori-e-allestimenti-disponibili-benzina-nero-cat_ma9mo1624-f2e742bd-462c-428c-8728-13b49deaa424,28500,2,2024,16900,automatico,Benzina,150,S line,Sport,,Rivenditore,149,pandino,26025,Lombardia,Nord-ovest
Audi A3 Sedan 2.0 tdi S line edition 150cv s-tronic,https://www.autoscout24.it/annunci/audi-a3-sedan-2-0-tdi-s-line-edition-150cv-s-tronic-diesel-cat_ma9mo1624-849c42e5-d3b2-4f9e-a794-f6f17d5cf2e9,28500,3,2023,42000,automatico,Diesel,150,S line,Sport,,Privato,164,mediglia,20076,Lombardia,Nord-ovest
Audi A3 S line FULL VARI COLORI E ALLESTIMENTI DISPONIBILI,https://www.autoscout24.it/annunci/audi-a3-s-line-full-vari-colori-e-allestimenti-disponibili-benzina-nero-cat_ma9mo1624-d2f7e5f5-f18d-4074-97e9-405c46c6ee73,28500,2,2024,16300,automatico,Benzina,150,S line,Sport,,Rivenditore,77,arcole,37040,Veneto,Nord-est
Audi A3 Sportback 35 1.5 tfsi mhev Business Advanced s-tronic PREZZO REALE,https://www.autoscout24.it/annunci/audi-a3-sportback-35-1-5-tfsi-mhev-business-advanced-s-tronic-prezzo-reale-elettrica-benzina-nero-cat_ma9mo1624-d4cae3a1-595b-4366-b6d6-4a901ed579c5,28490,3,2023,34500,automatico,Ibrido,150,Business Advanced,Middle,,Rivenditore,68,rovigo,45100,Veneto,Nord-est
Audi A3 A3 IV 2020 Sportback Sportback 35 1.5 tfsi mhev S line edition s-tronic,https://www.autoscout24.it/annunci/audi-a3-a3-iv-2020-sportback-sportback-35-1-5-tfsi-mhev-s-line-edition-s-tronic-elettrica-benzina-grigio-cat_ma9mo1624-60c87fe9-f519-40a7-a07e-a999a418ef21,29000,2,2024,38000,automatico,Ibrido,150,S line,Sport,,Privato,177,villasanta,20852,Lombardia,Nord-ovest
Audi A3 Sportback 35 TFSI MHEV Busines Advanced S-Tronic,https://www.autoscout24.it/annunci/audi-a3-sportback-35-tfsi-mhev-busines-advanced-s-tronic-elettrica-benzina-bianco-cat_ma9mo1624-6bb5ebf0-3b66-4074-874f-37c6333d9868,28900,2,2024,32348,automatico,Ibrido,150,Advanced,Middle,35 TFSI MHEV,Rivenditore,86,verona,37136,Veneto,Nord-est
Audi A3 A3 Sportback 40 2.0 tdi S line edition quattro s-tronic,https://www.autoscout24.it/annunci/audi-a3-a3-sportback-40-2-0-tdi-s-line-edition-quattro-s-tronic-diesel-nero-cat_ma9mo1624-5ca3b82b-5092-42d7-a4f9-b1ee2abf7ad1,28900,4,2022,59400,automatico,Diesel,150,S line,Sport,,Rivenditore,302,barge,12032,Piemonte,Nord-ovest
Audi A3 S Line 2022 Tetto Apribile Full,https://www.autoscout24.it/annunci/audi-a3-s-line-2022-tetto-apribile-full-diesel-cat_ma9mo1624-6e9adc17-e67c-43aa-9604-0d5ea6664dbe,28500,4,2022,65000,automatico,Diesel,150,S line,Sport,,Privato,443,vairano patenora,81058,Campania,Sud
Audi A3 sportback 35 1.5 tfsi mhev s line edition s-tronic,https://www.autoscout24.it/annunci/audi-a3-sportback-35-1-5-tfsi-mhev-s-line-edition-s-tronic-elettrica-benzina-bianco-cat_ma9mo1624-18db66fb-9c6f-48dc-9c3b-449fb3861e2f,28500,3,2023,43794,automatico,Ibrido,150,S line,Sport,,Rivenditore,162,bergamo,24124,Lombardia,Nord-ovest
Audi A3 Audi A3 Sportback 35 TFSI Mild Hybrid,https://www.autoscout24.it/annunci/audi-a3-audi-a3-sportback-35-tfsi-mild-hybrid-elettrica-benzina-cat_ma9mo1624-3c779af0-f6b9-4b44-94d1-a19cb0500124,28500,2,2024,47000,automatico,Ibrido,150,Sport,Middle,35 TFSI,Privato,127,venezia,30174,Veneto,Nord-est
Audi A3 Sportback 40 1.4 tfsi e S line edition s-tronic,https://www.autoscout24.it/annunci/audi-a3-sportback-40-1-4-tfsi-e-s-line-edition-s-tronic-elettrica-benzina-cat_ma9mo1624-b49c6493-060d-4bfa-a090-43083573baf0,28990,4,2022,40000,automatico,Ibrido,150,S line,Sport,,Privato,177,milano,20125,Lombardia,Nord-ovest
Audi A3 A3 IV 2024 Sportback Sportback 2.0 tdi Business Advanced 116cv,https://www.autoscout24.it/annunci/audi-a3-a3-iv-2024-sportback-sportback-2-0-tdi-business-advanced-116cv-diesel-nero-cat_ma9mo1624-f9ad81f1-3b7c-427a-88fa-d25f2bab9e7a,28500,1,2025,5800,manuale,Diesel,150,Business Advanced,Middle,,Privato,129,cavriglia,52022,Toscana,Centro
Audi A3 S Line Edition 40 TFSI,https://www.autoscout24.it/annunci/audi-a3-s-line-edition-40-tfsi-elettrica-benzina-grigio-cat_ma9mo1624-7d4e32f8-e83c-47cf-9795-25aee9474345,28900,3,2023,82000,automatico,Ibrido,150,S line,Sport,40 TFSI,Rivenditore,275,moncalieri,10024,Piemonte,Nord-ovest
Audi A3 40 PHEV PLUG-IN 1.4 tfsi e S line LED|ACC|PADDLES|CARPLAY|18',https://www.autoscout24.it/annunci/audi-a3-40-phev-plug-in-1-4-tfsi-e-s-line-led-acc-paddles-carplay-18-elettrica-benzina-bianco-cat_ma9mo1624-f27605cf-c044-482e-9e5b-9b0031640782,28850,2,2024,28677,automatico,Ibrido,150,S line,Sport,,Rivenditore,205,como,22100,Lombardia,Nord-ovest
Audi A3 A3 Sportback 2.0 tdi Business 116cv,https://www.autoscout24.it/annunci/audi-a3-a3-sportback-2-0-tdi-business-116cv-diesel-bianco-cat_ma9mo1624-3f98f6ee-d76e-48da-9789-a8e598a05368,28700,1,2025,16500,manuale,Diesel,150,Business,Base,,Privato,230,camerino,62032,Marche,Centro
Audi A3 A3 IV 2020 Sportback Sportback 35 1.5 tfsi mhev S line edition s-tronic,https://www.autoscout24.it/annunci/audi-a3-a3-iv-2020-sportback-sportback-35-1-5-tfsi-mhev-s-line-edition-s-tronic-elettrica-benzina-nero-cat_ma9mo1624-6137704d-a5df-43e5-b1f3-689b09df8cd9,28300,4,2022,55000,automatico,Ibrido,150,S line,Sport,,Privato,255,baldissero d alba,12040,Piemonte,Nord-ovest
Audi A3 Sportback 40 1.4 tfsi e S line edition s-tronic,https://www.autoscout24.it/annunci/audi-a3-sportback-40-1-4-tfsi-e-s-line-edition-s-tronic-elettrica-benzina-cat_ma9mo1624-c62d7ec6-d702-490b-a617-92ccd078db0f,28400,3,2023,59000,automatico,Ibrido,150,S line,Sport,,Privato,99,firenze,50142,Toscana,Centro
"Audi A3 A3 IV 2020 Sportback 40 2.0 tdi 200 cv, S LINE, TETTO, INTERNI RS3, FULL",https://www.autoscout24.it/annunci/audi-a3-a3-iv-2020-sportback-40-2-0-tdi-200-cv-s-line-tetto-interni-rs3-full-diesel-bianco-cat_ma9mo1624-c5ef6ec5-44aa-481a-9a94-9274afb33a07,29000,4,2022,125000,automatico,Diesel,150,S line,Sport,RS3,Rivenditore,629,santeramo colle,70029,Puglia,Sud
Audi A3 Sportback 2.0 tdi Business Advanced 116cv*PREZZO REALE*,https://www.autoscout24.it/annunci/audi-a3-sportback-2-0-tdi-business-advanced-116cv-prezzo-reale-diesel-grigio-cat_ma9mo1624-59499ef9-78dd-4cb9-8472-021e5c25032f,28900,1,2025,16900,manuale,Diesel,150,Business Advanced,Middle,,Rivenditore,330,castel madama,24,Lazio,Centro
"Audi A3 Sportback 2.0 tdi  150cv s-tronic CERCHI 19""",https://www.autoscout24.it/annunci/audi-a3-sportback-2-0-tdi-150cv-s-tronic-cerchi-19-diesel-cat_ma9mo1624-d3beb3b8-3a0c-4902-8716-a38fd2fcba2c,28900,2,2024,25000,automatico,Diesel,150,Sport,Middle,,Rivenditore,223,merano,39012,Trentino-Alto Adige/Südtirol,Nord-est
Audi A3 SPB 35 TFSI S tronic S line edition,https://www.autoscout24.it/annunci/audi-a3-spb-35-tfsi-s-tronic-s-line-edition-elettrica-benzina-nero-cat_ma9mo1624-d66e5d5d-b537-4b0a-bc59-d3564112484d,28800,2,2024,23000,automatico,Ibrido,150,S line,Sport,35 TFSI,Rivenditore,299,almese,10040,Piemonte,Nord-ovest
Audi A3 SEDAN 35 TDI S-TRONIC S-LINE EDITION,https://www.autoscout24.it/annunci/audi-a3-sedan-35-tdi-s-tronic-s-line-edition-diesel-bianco-cat_ma9mo1624-348e7ff9-9884-4ae6-a59b-80a7db82bf22,28250,3,2023,56900,automatico,Diesel,150,S line,Sport,35 TDI,Rivenditore,163,conegliano,31015,Veneto,Nord-est
Audi A3 S-LINE TETTO Sportback 35 2.0 tdi S line s-tronic,https://www.autoscout24.it/annunci/audi-a3-s-line-tetto-sportback-35-2-0-tdi-s-line-s-tronic-diesel-grigio-cat_ma9mo1624-6e483444-9e7f-47eb-b9f3-2e0fa8e75b72,28500,5,2021,132000,automatico,Diesel,150,S line,Sport,,Privato,724,rende,87036,Calabria,Sud
Audi A3 35 1.5 TFSI 150CV AUT SPB SPORT FULL LED CERCHI DA 18 TAGLIANDI,https://www.autoscout24.it/annunci/audi-a3-35-1-5-tfsi-150cv-aut-spb-sport-full-led-cerchi-da-18-tagliandi-benzina-nero-cat_ma9mo1624-92d6f7d2-dc4c-429e-8a8f-e4edd542b41d,28900,3,2023,40000,automatico,Benzina,150,Sport,Middle,,Rivenditore,141,caerano san marco,31031,Veneto,Nord-est
Audi A3 SPORTBACK 40 e-tron S tr. S-LINE EDIT PLUG IN HYBR,https://www.autoscout24.it/annunci/audi-a3-sportback-40-e-tron-s-tr-s-line-edit-plug-in-hybr-elettrica-benzina-grigio-cat_ma9mo1624-153375ff-d27b-42a3-9810-8af1d97ca9f5,28800,2,2024,39330,automatico,Ibrido,150,S line,Sport,,Rivenditore,193,vigevano,27029,Lombardia,Nord-ovest
Audi A3 30 2.0 tdi S line edition s-tronic GARANZIA AUDI 2028,https://www.autoscout24.it/annunci/audi-a3-30-2-0-tdi-s-line-edition-s-tronic-garanzia-audi-2028-diesel-nero-cat_ma9mo1624-4315cb6b-1000-4321-960a-e61836f5f4bf,28499,3,2023,59000,automatico,Diesel,150,S line,Sport,,Rivenditore,92,abano terme,35031,Veneto,Nord-est
Audi A3 35 1.5 tfsi mhev Business Advanced s-tronic,https://www.autoscout24.it/annunci/audi-a3-35-1-5-tfsi-mhev-business-advanced-s-tronic-elettrica-benzina-nero-cat_ma9mo1624-be98d510-a9ae-44af-94fa-d06c71ee3a61,28900,3,2023,34280,automatico,Ibrido,150,Business Advanced,Middle,,Rivenditore,68,rovigo,45100,Veneto,Nord-est
Audi A3 A3 Sportback 35 Tfsi 150cv s line s tronic 2025,https://www.autoscout24.it/annunci/audi-a3-a3-sportback-35-tfsi-150cv-s-line-s-tronic-2025-benzina-nero-cat_ma9mo1624-2c7c0994-6067-4fcd-b896-99b16588e3c7,28900,1,2025,25000,automatico,Benzina,150,S line,Sport,35 TFSI,Rivenditore,342,monte compatri,77,Lazio,Centro
Audi A3 Sportback 35 8Y 2.0 tdi S line s-tronic,https://www.autoscout24.it/annunci/audi-a3-sportback-35-8y-2-0-tdi-s-line-s-tronic-diesel-cat_ma9mo1624-d25eb0fc-4c52-41d1-b7b3-0dc428dae387,28500,6,2020,80900,automatico,Diesel,150,S line,Sport,,Privato,114,san giuliano terme,56017,Toscana,Centro
Audi A3 SPB 35 TDI S tronic S line edition FARI MATRIX,https://www.autoscout24.it/annunci/audi-a3-spb-35-tdi-s-tronic-s-line-edition-fari-matrix-diesel-verde-cat_ma9mo1624-97df772a-f465-490b-ad82-bc1b66c7e4f1,28900,2,2024,114000,automatico,Diesel,150,S line,Sport,35 TDI,Rivenditore,753,partinico,90047,Sicilia,Isole
Audi A3 30 TFSI 1.5 MHEV S tronic Business Advanced,https://www.autoscout24.it/annunci/audi-a3-30-tfsi-1-5-mhev-s-tronic-business-advanced-elettrica-benzina-nero-cat_ma9mo1624-eea7d1b5-86e0-4989-8baa-113f707c233c,28990,1,2025,30000,automatico,Ibrido,150,Business Advanced,Middle,30 TFSI,Rivenditore,115,mira,30034,Veneto,Nord-est
Audi A3 S3 Sportback 2.0 tfsi quattro s-tronic,https://www.autoscout24.it/annunci/audi-a3-s3-sportback-2-0-tfsi-quattro-s-tronic-benzina-cat_ma9mo1624-e361a2f3-a793-4274-9730-a6f1b0b599e9,28950,4,2022,124772,automatico,Benzina,150,Sport,Middle,S3,Rivenditore,16,modena,41126,Emilia-Romagna,Nord-est
Audi A3 A3 IV 2020 Sportback Sportback 30 2.0 tdi S line edition s-tronic auto in garanzia ufficiale audi,https://www.autoscout24.it/annunci/audi-a3-a3-iv-2020-sportback-sportback-30-2-0-tdi-s-line-edition-s-tronic-auto-in-garanzia-ufficiale-audi-diesel-nero-cat_ma9mo1624-ec18ce01-d03a-487b-883b-77ae444ac1a0,29000,4,2022,66000,automatico,Diesel,150,S line,Sport,,Privato,411,pontecorvo,3037,Lazio,Centro
Audi A3 SPB 35 TDI S tronic S line Edition,https://www.autoscout24.it/annunci/audi-a3-spb-35-tdi-s-tronic-s-line-edition-diesel-grigio-cat_ma9mo1624-37c88e7d-0cc1-4d0e-a209-daf21971c19d,28900,3,2023,70200,automatico,Diesel,150,S line,Sport,35 TDI,Rivenditore,509,pratola serra,83039,Campania,Sud
Audi A3 Sportback 30 1.0 tfsi 116cv s-line s-tronic,https://www.autoscout24.it/annunci/audi-a3-sportback-30-1-0-tfsi-116cv-s-line-s-tronic-benzina-blu-azzurro-cat_ma9mo1624-6b4bd357-bc41-43a4-afcb-80ae908cdb33,28500,2,2024,25000,automatico,Benzina,150,S line,Sport,,Rivenditore,355,lanuvio,75,Lazio,Centro
Audi A3 IV Sportback 35 1.5 tfsi mhev S line edition s-tronic,https://www.autoscout24.it/annunci/audi-a3-iv-sportback-35-1-5-tfsi-mhev-s-line-edition-s-tronic-elettrica-benzina-grigio-cat_ma9mo1624-1520bbdc-dee4-4c36-925e-e38fb176807c,28999,4,2022,83000,automatico,Ibrido,150,S line,Sport,,Privato,215,carnago,21040,Lombardia,Nord-ovest
Audi A3 SPORTBACK 40 e-tron S tr. S-LINE EDIT PLUG IN HYBR,https://www.autoscout24.it/annunci/audi-a3-sportback-40-e-tron-s-tr-s-line-edit-plug-in-hybr-elettrica-benzina-grigio-cat_ma9mo1624-7272fea5-d9ac-4705-aa31-9a9b790f7e6d,28900,3,2023,27536,automatico,Ibrido,150,S line,Sport,,Rivenditore,193,vigevano,27029,Lombardia,Nord-ovest
Audi A3 A3 IV 2020 Sportback Sportback 45 1.4 tfsi e S lin,https://www.autoscout24.it/annunci/audi-a3-a3-iv-2020-sportback-sportback-45-1-4-tfsi-e-s-lin-elettrica-benzina-bianco-cat_ma9mo1624-6627a7ed-e802-45fd-adcb-f8375929ef88,28750,4,2022,48043,automatico,Ibrido,150,Sport,Middle,,Rivenditore,197,arenzano,16011,Liguria,Nord-ovest
Audi A3 allstreet 35 TDI S tronic Business,https://www.autoscout24.it/annunci/audi-a3-allstreet-35-tdi-s-tronic-business-diesel-grigio-cat_ma9mo1624-5ca6bc0a-f440-4e88-ad4b-819e2a161219,28900,2,2024,115778,automatico,Diesel,150,Business,Base,35 TDI,Rivenditore,223,ancona,60131,Marche,Centro
Audi A3 A3 SPB 35 TFSI Mhev S-Tronic S-line edition,https://www.autoscout24.it/annunci/audi-a3-a3-spb-35-tfsi-mhev-s-tronic-s-line-edition-elettrica-benzina-grigio-cat_ma9mo1624-578f3e3c-2132-45a3-b10b-a35e44bc4abf,29000,2,2024,35000,automatico,Ibrido,150,S line,Sport,35 TFSI MHEV,Rivenditore,146,arezzo,52100,Toscana,Centro
Audi A3 Sedan 2.0 tdi S line edition 150cv s-tronic,https://www.autoscout24.it/annunci/audi-a3-sedan-2-0-tdi-s-line-edition-150cv-s-tronic-diesel-cat_ma9mo1624-12748f05-7644-44fa-b098-bd3c96571910,28500,3,2023,42000,automatico,Diesel,150,S line,Sport,,Privato,164,mediglia,20076,Lombardia,Nord-ovest
Audi A3 A3 IV 2020 Sportback Sportback 30 2.0 tdi S line edition s-tronic,https://www.autoscout24.it/annunci/audi-a3-a3-iv-2020-sportback-sportback-30-2-0-tdi-s-line-edition-s-tronic-diesel-grigio-cat_ma9mo1624-b8a3166a-28d4-47db-822b-fcba04ee22f0,28200,2,2024,47000,automatico,Diesel,150,S line,Sport,,Privato,383,latina,4100,Lazio,Centro
Audi A3 Sportback 35 2.0 tdi S line Edition s-tronic,https://www.autoscout24.it/annunci/audi-a3-sportback-35-2-0-tdi-s-line-edition-s-tronic-diesel-cat_ma9mo1624-95a00eac-093e-4f41-a1f1-a251739ea4ec,28500,2,2024,58000,automatico,Diesel,150,S line,Sport,,Privato,628,cagliari,9121,Sardegna,Isole
Audi A3 Sportback 35 1.5 tfsi 150cv Business KM 13.000,https://www.autoscout24.it/annunci/audi-a3-sportback-35-1-5-tfsi-150cv-business-km-13-000-benzina-bianco-cat_ma9mo1624-aeafe9c8-12bc-4fc8-b021-ff17c0011a38,28990,1,2025,13550,manuale,Benzina,150,Business,Base,,Rivenditore,141,caerano san marco,31031,Veneto,Nord-est
Audi A3 1.5 TFSI MHEV 116cv S-tronic,https://www.autoscout24.it/annunci/audi-a3-1-5-tfsi-mhev-116cv-s-tronic-elettrica-benzina-nero-cat_ma9mo1624-cb53b0c0-8efb-4563-8d84-76ec51553c21,28890,1,2025,24993,automatico,Ibrido,150,S,Performance,,Rivenditore,196,robecco sul naviglio,20087,Lombardia,Nord-ovest
Audi A3 sportback 2.0 tdi business 116cv,https://www.autoscout24.it/annunci/audi-a3-sportback-2-0-tdi-business-116cv-diesel-verde-cat_ma9mo1624-a4b2f3aa-5b04-4f8a-abb7-c2c1bbdbac60,28500,1,2025,38944,manuale,Diesel,150,Business,Base,,Rivenditore,156,trento,38123,Trentino-Alto Adige/Südtirol,Nord-est
Audi A3 A3 IV Sportback 35 2.0 tdi S line Edition s-tronic,https://www.autoscout24.it/annunci/audi-a3-a3-iv-sportback-35-2-0-tdi-s-line-edition-s-tronic-diesel-bianco-cat_ma9mo1624-adcdda44-57a8-4b94-90a1-005bda75b2f9,28800,2,2024,27800,automatico,Diesel,150,S line,Sport,,Rivenditore,356,velletri,49,Lazio,Centro
Audi A3 SPB 35 TFSI 150 CV MHEV S TRONIC S LINE *PREZZO REALE*,https://www.autoscout24.it/annunci/audi-a3-spb-35-tfsi-150-cv-mhev-s-tronic-s-line-prezzo-reale-elettrica-benzina-bianco-cat_ma9mo1624-04389dc8-0975-414e-859f-9ca583d97deb,28490,2,2024,59000,automatico,Ibrido,150,S line,Sport,35 TFSI,Rivenditore,99,piove sacco,35028,Veneto,Nord-est
Audi A3 Sportback 40 1.4 tfsi e S line edition s-tronic,https://www.autoscout24.it/annunci/audi-a3-sportback-40-1-4-tfsi-e-s-line-edition-s-tronic-elettrica-benzina-cat_ma9mo1624-a6bc73ce-3441-40f1-b9d7-a5f3b160ca34,28400,3,2023,60000,automatico,Ibrido,150,S line,Sport,,Privato,99,firenze,50142,Toscana,Centro
Audi A3 Sportback 30 2.0 tdi Business Advanced s-tronic,https://www.autoscout24.it/annunci/audi-a3-sportback-30-2-0-tdi-business-advanced-s-tronic-diesel-cat_ma9mo1624-f83f790d-4ad3-40ab-922d-7c161e2165f9,29000,2,2024,24240,automatico,Diesel,150,Business Advanced,Middle,,Privato,125,orzinuovi,25034,Lombardia,Nord-ovest
Audi A3 sportback 2.0 tdi 150cv s line edition s tronic,https://www.autoscout24.it/annunci/audi-a3-sportback-2-0-tdi-150cv-s-line-edition-s-tronic-diesel-grigio-cat_ma9mo1624-592ae628-415e-4888-9066-ae8a51660df9,28300,2,2024,87336,automatico,Diesel,150,S line,Sport,,Rivenditore,276,torino,10148,Piemonte,Nord-ovest
Audi A3 A3 Sportback 35 1.5 tfsi Business Advanced,https://www.autoscout24.it/annunci/audi-a3-a3-sportback-35-1-5-tfsi-business-advanced-benzina-grigio-cat_ma9mo1624-1dcb16e9-b254-4760-b019-47ae916d52da,28900,2,2024,6905,manuale,Benzina,150,Business Advanced,Middle,,Rivenditore,120,beverino,19020,Liguria,Nord-ovest
Audi A3 A3 IV 2020 Sportback Sportback 35 2.0 tdi S line Edition s-tronic,https://www.autoscout24.it/annunci/audi-a3-a3-iv-2020-sportback-sportback-35-2-0-tdi-s-line-edition-s-tronic-diesel-nero-cat_ma9mo1624-e1e1a4b3-19b8-41e6-bac3-ce45e9e5d9ad,29000,2,2024,69000,automatico,Diesel,150,S line,Sport,,Privato,200,perugia,6132,Umbria,Centro
Audi A3 SPB 30 TDI Business Advanced S-tronic,https://www.autoscout24.it/annunci/audi-a3-spb-30-tdi-business-advanced-s-tronic-diesel-blu-azzurro-cat_ma9mo1624-7d06fdb9-41aa-4063-ba8e-f30e995040b0,28900,2,2024,49841,automatico,Diesel,150,Business Advanced,Middle,30 TDI,Rivenditore,42,ferrara,44122,Emilia-Romagna,Nord-est
Audi A3 A3 IV  Sportback 35 1.5 tfsi mhev Business Advance NESSUN VINCOLO,https://www.autoscout24.it/annunci/audi-a3-a3-iv-sportback-35-1-5-tfsi-mhev-business-advance-nessun-vincolo-elettrica-benzina-grigio-cat_ma9mo1624-ac2b0d2d-4538-41d0-a9d7-f59cdbe16e80,28500,2,2024,13000,automatico,Ibrido,150,Business,Base,,Rivenditore,177,milano,20134,Lombardia,Nord-ovest
Audi A3 Sedan 30 2.0 tdi Business Advanced,https://www.autoscout24.it/annunci/audi-a3-sedan-30-2-0-tdi-business-advanced-diesel-cat_ma9mo1624-c6410c21-cacf-414a-b6fb-74f423e301b4,28500,4,2022,40000,manuale,Diesel,150,Business Advanced,Middle,,Privato,757,lizzanello,73023,Puglia,Sud
Audi A3 SPB 35 TDI S-Tronic Business Advanced,https://www.autoscout24.it/annunci/audi-a3-spb-35-tdi-s-tronic-business-advanced-diesel-grigio-cat_ma9mo1624-e6145de2-e041-4d5d-9b3d-8dd6267845a7,28700,3,2023,66800,automatico,Diesel,150,Business Advanced,Middle,35 TDI,Rivenditore,653,castellaneta,74011,Puglia,Sud
Audi A3 A3 Sportback 30 2.0 tdi S line edition s-tronic,https://www.autoscout24.it/annunci/audi-a3-a3-sportback-30-2-0-tdi-s-line-edition-s-tronic-diesel-bianco-cat_ma9mo1624-8a1ca9da-a1e8-45f1-afbc-07e5e8f56fc8,28800,2,2024,51000,automatico,Diesel,150,S line,Sport,,Rivenditore,359,acuto,3010,Lazio,Centro
Audi A3 A3 Sportback 35 1.5 tfsi mhev Identity Black s-tronic,https://www.autoscout24.it/annunci/audi-a3-a3-sportback-35-1-5-tfsi-mhev-identity-black-s-tronic-elettrica-benzina-grigio-cat_ma9mo1624-8ede74fa-6aca-472c-a4ba-f5f8746a1b26,28500,3,2023,29900,automatico,Ibrido,150,Identity,Middle,,Privato,232,borgio verezzi,17022,Liguria,Nord-ovest
Audi A3 AUDI A3 SPB 40 TDI 200 CV QUATTRO S-LINE FULL IVA,https://www.autoscout24.it/annunci/audi-a3-audi-a3-spb-40-tdi-200-cv-quattro-s-line-full-iva-diesel-cat_ma9mo1624-86ec15aa-7f0e-4a07-9726-add0a71c2a51,28900,4,2022,99000,automatico,Diesel,150,S line,Sport,40 TDI,Rivenditore,842,pietraperzia,94016,Sicilia,Isole
Audi A3 A3 IV 2024 Sportback Sportback 40 1.4 tfsi e Busin,https://www.autoscout24.it/annunci/audi-a3-a3-iv-2024-sportback-sportback-40-1-4-tfsi-e-busin-elettrica-benzina-nero-cat_ma9mo1624-c846c7ff-f2f5-4311-ac24-c495240afb42,29000,2,2024,37555,automatico,Ibrido,150,Sport,Middle,,Privato,65,parma,43126,Emilia-Romagna,Nord-est
Audi A3 A3 IV 2020 Sportback Sportback 35 2.0 tdi S line Edition s-tronic,https://www.autoscout24.it/annunci/audi-a3-a3-iv-2020-sportback-sportback-35-2-0-tdi-s-line-edition-s-tronic-diesel-cat_ma9mo1624-921987e3-2c38-482a-81a4-e15414194829,29000,2,2024,69000,automatico,Diesel,150,S line,Sport,,Privato,200,perugia,6132,Umbria,Centro
Audi A3 35 TFSI Mhev S tronic S line Edition,https://www.autoscout24.it/annunci/audi-a3-35-tfsi-mhev-s-tronic-s-line-edition-elettrica-benzina-cat_ma9mo1624-f5fe3a34-9d34-4737-9f23-606d1a732096,28490,2,2024,36900,automatico,Ibrido,150,S line,Sport,35 TFSI MHEV,Rivenditore,111,calvagese riviera,25080,Lombardia,Nord-ovest
Audi A3 A3 Sportback 45 1.4 tfsi e S line edition s-tronic,https://www.autoscout24.it/annunci/audi-a3-a3-sportback-45-1-4-tfsi-e-s-line-edition-s-tronic-elettrica-benzina-nero-cat_ma9mo1624-27ed272b-ad16-4bbc-9246-8eb80cbe180f,29000,3,2023,64000,automatico,Ibrido,150,S line,Sport,,Privato,92,brendola,36040,Veneto,Nord-est
Audi A3 5p 2000 tdi Sportback 150 Cv auto,https://www.autoscout24.it/annunci/audi-a3-5p-2000-tdi-sportback-150-cv-auto-diesel-cat_ma9mo1624-3d29012c-503f-4d9e-82b7-fc4a440ede27,29000,4,2022,34947,automatico,Diesel,150,Sport,Middle,,Privato,326,roma,198,Lazio,Centro
Audi A3 SPB 30 TDI Business Advanced S-tronic,https://www.autoscout24.it/annunci/audi-a3-spb-30-tdi-business-advanced-s-tronic-diesel-blu-azzurro-cat_ma9mo1624-83e4f4ce-5968-4139-bd8c-d67818be8ca4,28900,2,2024,49841,automatico,Diesel,150,Business Advanced,Middle,30 TDI,Rivenditore,31,castenaso,40055,Emilia-Romagna,Nord-est
Audi A3 SPB 35 2.0TDI 150cv Stronic Sline,https://www.autoscout24.it/annunci/audi-a3-spb-35-2-0tdi-150cv-stronic-sline-diesel-grigio-cat_ma9mo1624-b6fe16d5-c326-49a7-9aa6-e3c354ca4879,28900,3,2023,54000,automatico,Diesel,150,S line,Sport,,Rivenditore,129,ospitaletto,25035,Lombardia,Nord-ovest
Audi A3 35 TDI S tronic Business Advanced,https://www.autoscout24.it/annunci/audi-a3-35-tdi-s-tronic-business-advanced-diesel-bianco-cat_ma9mo1624-7aa2574c-ac20-4b1c-a26c-a37269c1e6d6,28300,3,2023,46640,automatico,Diesel,150,Business Advanced,Middle,35 TDI,Rivenditore,104,lucca,55100,Toscana,Centro
Audi A3 A3 Sportback 35 1.5 tfsi mhev Business s-tronic,https://www.autoscout24.it/annunci/audi-a3-a3-sportback-35-1-5-tfsi-mhev-business-s-tronic-elettrica-benzina-bianco-cat_ma9mo1624-e0b17255-b56b-4330-8fe3-3479fa8da3c0,28950,2,2024,30972,automatico,Ibrido,150,Business,Base,,Rivenditore,16,modena,41126,Emilia-Romagna,Nord-est
Audi A3 A3 Sportback 30 2.0 tdi S line edition S-tronic,https://www.autoscout24.it/annunci/audi-a3-a3-sportback-30-2-0-tdi-s-line-edition-s-tronic-diesel-bianco-cat_ma9mo1624-5258ed0d-6a0d-405d-9aa8-5f9024cda98c,28900,4,2022,47669,automatico,Diesel,150,S line,Sport,,Privato,211,chiaravalle,60033,Marche,Centro
Audi A3 30 2.0 tdi S line edition s-tronic,https://www.autoscout24.it/annunci/audi-a3-30-2-0-tdi-s-line-edition-s-tronic-diesel-grigio-cat_ma9mo1624-b85c1d45-258c-409c-95bd-19154a8d1427,28499,4,2022,68091,automatico,Diesel,150,S line,Sport,,Rivenditore,475,casagiove,81022,Campania,Sud
Audi A3 sportback 35 1.5 tfsi mhev business advanced s-tro,https://www.autoscout24.it/annunci/audi-a3-sportback-35-1-5-tfsi-mhev-business-advanced-s-tro-elettrica-benzina-blu-azzurro-cat_ma9mo1624-96e55a87-31dc-4f76-9fd1-2b2934ea59aa,28500,3,2023,32876,automatico,Ibrido,150,Business Advanced,Middle,,Rivenditore,326,roma,178,Lazio,Centro
Audi A3 Sportback 35 1.5 tfsi mhev S line edition s-tronic,https://www.autoscout24.it/annunci/audi-a3-sportback-35-1-5-tfsi-mhev-s-line-edition-s-tronic-elettrica-benzina-cat_ma9mo1624-0c7adcef-68f1-48a1-8098-117307e28641,28500,3,2023,78000,automatico,Ibrido,150,S line,Sport,,Privato,177,milano,20137,Lombardia,Nord-ovest
Audi A3 30 g-tron S tronic S line Edition Matrix ACC,https://www.autoscout24.it/annunci/audi-a3-30-g-tron-s-tronic-s-line-edition-matrix-acc-metano-bianco-cat_ma9mo1624-69728fa0-7368-4782-95a9-1eb06de5c744,28980,4,2022,78900,automatico,Metano,150,S line,Sport,,Rivenditore,77,baone,35030,Veneto,Nord-est
Audi A3 30 TFSI S line Edition S tronic,https://www.autoscout24.it/annunci/audi-a3-30-tfsi-s-line-edition-s-tronic-benzina-grigio-cat_ma9mo1624-99be981d-8bbb-4339-bc54-d3f79f7c07f4,28400,3,2023,40000,automatico,Benzina,150,S line,Sport,30 TFSI,Rivenditore,104,lucca,55100,Toscana,Centro
Audi A3 Sportback 30 2.0 tdi s-tronic,https://www.autoscout24.it/annunci/audi-a3-sportback-30-2-0-tdi-s-tronic-diesel-grigio-cat_ma9mo1624-232d79ad-3ff5-4062-bf90-f6e4c20a675a,28900,3,2023,25300,automatico,Diesel,150,Sport,Middle,,Rivenditore,167,san giuliano milanese,20098,Lombardia,Nord-ovest
Audi A3 A3 Sportback 35 1.5 tfsi 150cv s-tronic,https://www.autoscout24.it/annunci/audi-a3-a3-sportback-35-1-5-tfsi-150cv-s-tronic-benzina-nero-cat_ma9mo1624-b270fd7a-4a0c-4f54-b965-880ba9f05c93,28400,3,2023,40760,automatico,Benzina,150,Sport,Middle,,Rivenditore,188,galbiate,23851,Lombardia,Nord-ovest
Audi A3 Sedan 35 2.0 tdi S line edition s-tronic,https://www.autoscout24.it/annunci/audi-a3-sedan-35-2-0-tdi-s-line-edition-s-tronic-diesel-nero-cat_ma9mo1624-651118d8-55b1-4def-b8ab-ae6dbec7bb84,28900,3,2023,42623,automatico,Diesel,150,S line,Sport,,Rivenditore,389,paglieta,66020,Abruzzo,Sud
Audi A3 sportback s line 1.5 tfsi 150cv,https://www.autoscout24.it/annunci/audi-a3-sportback-s-line-1-5-tfsi-150cv-benzina-nero-cat_ma9mo1624-c7ad4f2c-e9a1-4d58-8a74-d0ea0da3819b,28999,4,2022,54779,automatico,Benzina,150,S line,Sport,,Rivenditore,326,roma,163,Lazio,Centro
Audi A3 40 TDI quattro S tronic Business Advanced,https://www.autoscout24.it/annunci/audi-a3-40-tdi-quattro-s-tronic-business-advanced-diesel-blu-azzurro-cat_ma9mo1624-e69937a3-590b-4401-ac04-7cf9a6c9f6cf,28500,3,2023,92729,automatico,Diesel,150,Business Advanced,Middle,40 TDI,Rivenditore,533,salerno,84131,Campania,Sud
Audi A3 Sportback 1.5 tfsi mhev Advanced 116cv s-tronic -,https://www.autoscout24.it/annunci/audi-a3-sportback-1-5-tfsi-mhev-advanced-116cv-s-tronic-benzina-bianco-cat_ma9mo1624-75eeaef6-2ddb-4b9d-81b1-a1c6c5062a8e,28490,1,2025,29000,automatico,Benzina,150,Advanced,Middle,,Rivenditore,124,piombino dese,35017,Veneto,Nord-est
Audi A3 Sportback 1.5 30TFSI 116cv Business Advanced,https://www.autoscout24.it/annunci/audi-a3-sportback-1-5-30tfsi-116cv-business-advanced-benzina-nero-cat_ma9mo1624-53388ca3-d84f-4f11-ba0b-f59a9ab2bd12,28900,1,2025,5804,manuale,Benzina,150,Business Advanced,Middle,30 TFSI,Rivenditore,239,macerata,62100,Marche,Centro
Audi A3 Sedan 35 2.0 tdi S line edition s-tronic,https://www.autoscout24.it/annunci/audi-a3-sedan-35-2-0-tdi-s-line-edition-s-tronic-diesel-nero-cat_ma9mo1624-e14029a5-b1f0-415d-8ca7-8ead0e69ec8c,28900,3,2023,42623,automatico,Diesel,150,S line,Sport,,Rivenditore,326,roma,158,Lazio,Centro
Audi A3 Sportback 35 2.0 tdi S line Edition s-tronic,https://www.autoscout24.it/annunci/audi-a3-sportback-35-2-0-tdi-s-line-edition-s-tronic-diesel-blu-azzurro-cat_ma9mo1624-87733262-4f31-49d7-8e0a-d138326c6080,28999,6,2020,85000,automatico,Diesel,150,S line,Sport,,Privato,228,san severino marche,62027,Marche,Centro
Audi A3 A3 SPB 35 TDI Business Advanced,https://www.autoscout24.it/annunci/audi-a3-a3-spb-35-tdi-business-advanced-diesel-bianco-cat_ma9mo1624-aa33e9f3-fa5c-4035-b657-dac76e46afe8,28500,3,2023,37500,manuale,Diesel,150,Business Advanced,Middle,35 TDI,Rivenditore,462,carlantino,71030,Puglia,Sud
Audi A3 Sportback 1.5 TFSI Business 116 CV S tronic,https://www.autoscout24.it/annunci/audi-a3-sportback-1-5-tfsi-business-116-cv-s-tronic-benzina-nero-cat_ma9mo1624-016a04dc-cd98-4bef-88e3-542fa7751f53,28900,1,2025,36134,automatico,Benzina,150,Business,Base,,Rivenditore,121,brescia,25135,Lombardia,Nord-ovest
Audi A3 Sedan 35 TDI S tronic ADVANCED,https://www.autoscout24.it/annunci/audi-a3-sedan-35-tdi-s-tronic-advanced-diesel-grigio-cat_ma9mo1624-0d44a1a0-6369-4768-a40b-9f0bd78370f3,29000,5,2021,50806,automatico,Diesel,150,Advanced,Middle,35 TDI,Rivenditore,160,bieno,38050,Trentino-Alto Adige/Südtirol,Nord-est
Audi A3 35 TDI S tronic Business,https://www.autoscout24.it/annunci/audi-a3-35-tdi-s-tronic-business-diesel-grigio-cat_ma9mo1624-571adfa9-1b9f-4d7b-a54c-689c8a13073d,28950,2,2024,57002,automatico,Diesel,150,Business,Base,35 TDI,Rivenditore,377,lanciano,66034,Abruzzo,Sud
Audi A3 sportback 35 2.0 tdi business advanced s-tronic,https://www.autoscout24.it/annunci/audi-a3-sportback-35-2-0-tdi-business-advanced-s-tronic-diesel-grigio-cat_ma9mo1624-156c0adf-003f-4645-87c6-73b16ed6d56c,28250,3,2023,57316,automatico,Diesel,150,Business Advanced,Middle,,Rivenditore,285,cirie,10073,Piemonte,Nord-ovest
Audi A3 sportback 30 2.0 tdi business advanced s-tronic,https://www.autoscout24.it/annunci/audi-a3-sportback-30-2-0-tdi-business-advanced-s-tronic-diesel-blu-azzurro-cat_ma9mo1624-698d13da-f9cf-441c-9f8c-d1eb218e399b,28500,2,2024,67300,automatico,Diesel,150,Business Advanced,Middle,,Rivenditore,200,perugia,6129,Umbria,Centro
Audi A3 A3 SPB 35 TFSI S-tronic S-line edition mhev,https://www.autoscout24.it/annunci/audi-a3-a3-spb-35-tfsi-s-tronic-s-line-edition-mhev-elettrica-benzina-nero-cat_ma9mo1624-b5ca3051-49e5-4021-bc36-3d0052ebfa58,29000,2,2024,43000,automatico,Ibrido,150,S line,Sport,35 TFSI,Rivenditore,146,arezzo,52100,Toscana,Centro
Audi A3 A3 Sportback 35 2.0 tdi Business Advanced s-tronic,https://www.autoscout24.it/annunci/audi-a3-a3-sportback-35-2-0-tdi-business-advanced-s-tronic-diesel-blu-azzurro-cat_ma9mo1624-af08a9d6-a65b-437a-862c-95d6de779e78,28300,3,2023,80756,automatico,Diesel,150,Business Advanced,Middle,,Rivenditore,16,modena,41126,Emilia-Romagna,Nord-est
Audi A3 35 TDI S line,https://www.autoscout24.it/annunci/audi-a3-35-tdi-s-line-diesel-nero-cat_ma9mo1624-f0104dc8-7632-482d-a506-3818bd888d78,28399,3,2023,48123,automatico,Diesel,150,S line,Sport,35 TDI,Rivenditore,628,cagliari,9122,Sardegna,Isole
Audi A3 sportback 2.0 tdi 116cv,https://www.autoscout24.it/annunci/audi-a3-sportback-2-0-tdi-116cv-diesel-grigio-cat_ma9mo1624-2b4d8eec-6353-4804-aa83-270d3a3cdc8a,28400,1,2025,32360,manuale,Diesel,150,Sport,Middle,,Rivenditore,201,alessandria,15121,Piemonte,Nord-ovest
Audi A3 35 TDI S line,https://www.autoscout24.it/annunci/audi-a3-35-tdi-s-line-diesel-nero-cat_ma9mo1624-4f94ac3d-86c4-4a0a-be5e-b41887151ff9,28399,3,2023,48123,automatico,Diesel,150,S line,Sport,35 TDI,Rivenditore,99,firenze,50145,Toscana,Centro
Audi A3 35 TDI S line,https://www.autoscout24.it/annunci/audi-a3-35-tdi-s-line-diesel-nero-cat_ma9mo1624-9d1f7f25-d387-4d50-9f57-3ec2033a87cd,28399,3,2023,48123,automatico,Diesel,150,S line,Sport,35 TDI,Rivenditore,86,verona,37135,Veneto,Nord-est
Audi A3 Sportback 35 2.0 tdi Business Advanced s-tronic,https://www.autoscout24.it/annunci/audi-a3-sportback-35-2-0-tdi-business-advanced-s-tronic-diesel-cat_ma9mo1624-100879d8-ec66-4d69-ad99-e529ae019cc4,28500,5,2021,68000,automatico,Diesel,150,Business Advanced,Middle,,Privato,819,reggio calabria,89126,Calabria,Sud
Audi A3 35 TDI S tronic S line Edition//IVA ESPOSTA//PREZZO REALE NESSUN OBBLIGO DI FINANZIAMENTO,https://www.autoscout24.it/annunci/audi-a3-35-tdi-s-tronic-s-line-edition-iva-esposta-prezzo-reale-nessun-obbligo-di-finanziamento-diesel-bianco-cat_ma9mo1624-7aaef256-1e27-4358-9702-a28826a7c23d,28700,2,2024,79483,automatico,Diesel,150,S line,Sport,35 TDI,Rivenditore,84,san martino buon albergo,37036,Veneto,Nord-est
Audi A3 35 TDI S line,https://www.autoscout24.it/annunci/audi-a3-35-tdi-s-line-diesel-nero-cat_ma9mo1624-03054506-7967-4891-b04e-cbc6c1052a14,28399,3,2023,48123,automatico,Diesel,150,S line,Sport,35 TDI,Rivenditore,25,bologna,40131,Emilia-Romagna,Nord-est
Audi A3 AUDI A3 SPB 35 TDI S tronic S line edition,https://www.autoscout24.it/annunci/audi-a3-audi-a3-spb-35-tdi-s-tronic-s-line-edition-diesel-nero-cat_ma9mo1624-aa522697-160d-4f4e-a34d-e2be12e5fa4e,28400,3,2023,58000,automatico,Diesel,150,S line,Sport,35 TDI,Rivenditore,326,roma,163,Lazio,Centro
Audi A3 Sportback 2.0 TDI Stronic Advanced,https://www.autoscout24.it/annunci/audi-a3-sportback-2-0-tdi-stronic-advanced-diesel-argento-cat_ma9mo1624-e8b2a1a4-5b68-4fb4-9d0e-0a3d429191fe,28800,4,2022,26431,automatico,Diesel,150,Advanced,Middle,,Rivenditore,197,cantu,22063,Lombardia,Nord-ovest
Audi A3 35 TDI S line,https://www.autoscout24.it/annunci/audi-a3-35-tdi-s-line-diesel-nero-cat_ma9mo1624-0f326c12-64ad-4815-98ee-054374000960,28399,3,2023,48123,automatico,Diesel,150,S line,Sport,35 TDI,Rivenditore,177,milano,20155,Lombardia,Nord-ovest
Audi A3 A3  Sportback 35 2.0 tdi Business Advanced s-tronic,https://www.autoscout24.it/annunci/audi-a3-a3-sportback-35-2-0-tdi-business-advanced-s-tronic-diesel-nero-cat_ma9mo1624-305ce7b2-57ef-462d-8b1f-d0239e281bac,28790,3,2023,71350,automatico,Diesel,150,Business Advanced,Middle,,Rivenditore,824,agnana calabra,89040,Calabria,Sud
Audi A3 Sedan 30 TDI S tronic,https://www.autoscout24.it/annunci/audi-a3-sedan-30-tdi-s-tronic-diesel-nero-cat_ma9mo1624-5451bd47-fe71-4132-8dd8-25f411d0c31b,28950,4,2022,49999,automatico,Diesel,150,S,Performance,30 TDI,Rivenditore,14,pieve cento,40066,Emilia-Romagna,Nord-est
Audi A3 35 TDI S line,https://www.autoscout24.it/annunci/audi-a3-35-tdi-s-line-diesel-nero-cat_ma9mo1624-91f21aa5-d4aa-4a38-8a91-31606668612a,28399,3,2023,48123,automatico,Diesel,150,S line,Sport,35 TDI,Rivenditore,283,beinasco,10092,Piemonte,Nord-ovest
Audi A3 SPB 35 TDI S tronic Business Advanced,https://www.autoscout24.it/annunci/audi-a3-spb-35-tdi-s-tronic-business-advanced-diesel-blu-azzurro-cat_ma9mo1624-71fba5a4-a1e5-4df7-953e-ce038d8191d7,28900,3,2023,41000,automatico,Diesel,150,Business Advanced,Middle,35 TDI,Rivenditore,141,treviso,31100,Veneto,Nord-est
Audi A3 35 TDI S line,https://www.autoscout24.it/annunci/audi-a3-35-tdi-s-line-diesel-nero-cat_ma9mo1624-21ac01b8-d294-464e-8254-85da9dd7888d,28399,3,2023,48123,automatico,Diesel,150,S line,Sport,35 TDI,Rivenditore,326,roma,169,Lazio,Centro
Audi A3 Sportback 2.0 Tdi S-Line Edition Autom.+Tetto..,https://www.autoscout24.it/annunci/audi-a3-sportback-2-0-tdi-s-line-edition-autom-+tetto-diesel-bianco-cat_ma9mo1624-18fb94ad-9103-48e7-9449-008c69abfa29,28500,3,2023,123000,automatico,Diesel,150,S line,Sport,,Rivenditore,708,sava,74028,Puglia,Sud
Audi A3 sportback 35 2.0 tdi edition one s-tronic,https://www.autoscout24.it/annunci/audi-a3-sportback-35-2-0-tdi-edition-one-s-tronic-diesel-nero-cat_ma9mo1624-66655e60-4193-404d-a5a9-1d1152f8ba6f,28900,3,2023,74296,automatico,Diesel,150,Sport,Middle,,Rivenditore,162,bergamo,24124,Lombardia,Nord-ovest
Audi A3 AUDI SPORTBACK 35 TDI S TRONIC,https://www.autoscout24.it/annunci/audi-a3-audi-sportback-35-tdi-s-tronic-diesel-blu-azzurro-cat_ma9mo1624-2336f623-df53-4ddf-8dd9-01985fef206c,28500,3,2023,57879,automatico,Diesel,150,Sport,Middle,35 TDI,Rivenditore,777,bagnolo salento,73020,Puglia,Sud
Audi A3 30 TDI S tronic Business,https://www.autoscout24.it/annunci/audi-a3-30-tdi-s-tronic-business-diesel-blu-azzurro-cat_ma9mo1624-141707c8-7ab1-433a-859c-1f6a49068e5c,28590,2,2024,20659,automatico,Diesel,150,Business,Base,30 TDI,Rivenditore,42,ferrara,44122,Emilia-Romagna,Nord-est
Audi A3 SPORTBACK 35 2.0 TDI BUSINESS ADVANCED S-TRONIC,https://www.autoscout24.it/annunci/audi-a3-sportback-35-2-0-tdi-business-advanced-s-tronic-diesel-bianco-cat_ma9mo1624-018e0217-81b8-450e-bc6f-5b9f9ef2a0f8,28900,4,2022,35000,automatico,Diesel,150,Business Advanced,Middle,,Rivenditore,189,cesano maderno,20811,Lombardia,Nord-ovest
Audi A3 SPB 30 TDI S tronic S line edition,https://www.autoscout24.it/annunci/audi-a3-spb-30-tdi-s-tronic-s-line-edition-diesel-nero-cat_ma9mo1624-eddb67b6-fdcb-4855-afc7-b0dd613014a0,28950,4,2022,46600,automatico,Diesel,150,S line,Sport,30 TDI,Rivenditore,14,pieve cento,40066,Emilia-Romagna,Nord-est
Audi A3 Sportback 30 2.0 Tdi S tronic S line Edition,https://www.autoscout24.it/annunci/audi-a3-sportback-30-2-0-tdi-s-tronic-s-line-edition-diesel-blu-azzurro-cat_ma9mo1624-1f3fdad6-dc37-469a-b295-c72d698c04e0,28499,2,2024,88500,automatico,Diesel,150,S line,Sport,,Rivenditore,775,casarano,73042,Puglia,Sud
Audi A3 SPB 35 TDI S tronic Business Advanced,https://www.autoscout24.it/annunci/audi-a3-spb-35-tdi-s-tronic-business-advanced-diesel-argento-cat_ma9mo1624-2add7868-f8fc-4e6c-9cca-465afb7ded9a,28950,4,2022,53999,automatico,Diesel,150,Business Advanced,Middle,35 TDI,Rivenditore,14,pieve cento,40066,Emilia-Romagna,Nord-est
Audi A3 S line VARI COLORI E ALLESTIMENTI DISPONIBILI,https://www.autoscout24.it/annunci/audi-a3-s-line-vari-colori-e-allestimenti-disponibili-diesel-grigio-cat_ma9mo1624-eb5ce567-b721-4538-9d39-f2271f6d337f,28500,2,2024,22100,automatico,Diesel,150,S line,Sport,,Rivenditore,77,arcole,37040,Veneto,Nord-est
"Audi A3 SPB 2.0 40 TDI 200Cv S-Tronic quattro S line LED VirtualCockpit+ Keyless 19"" Bang&Olufsen Navi DAB Euro6d",https://www.autoscout24.it/annunci/audi-a3-spb-2-0-40-tdi-200cv-s-tronic-quattro-s-line-led-virtualcockpit+-keyless-19-bangolufsen-navi-dab-euro6d-diesel-nero-cat_ma9mo1624-abc2bb6c-9aa3-4fdd-a407-d1ab67a3d074,29900,5,2021,82900,automatico,Diesel,150,S line,Sport,40 TDI,Rivenditore,204,bolzano,39100,Trentino-Alto Adige/Südtirol,Nord-est
Audi A3 A3 SPB TDI 110 kW S tronic S line edition,https://www.autoscout24.it/annunci/audi-a3-a3-spb-tdi-110-kw-s-tronic-s-line-edition-diesel-bianco-cat_ma9mo1624-b388ef96-6288-4f7c-8a91-e5b8a94ade9f,29900,2,2024,27500,automatico,Diesel,150,S line,Sport,,Rivenditore,276,torino,10156,Piemonte,Nord-ovest
Audi A3 45 TFSI e S tronic S line Edition * TETTO APRIBILE *,https://www.autoscout24.it/annunci/audi-a3-45-tfsi-e-s-tronic-s-line-edition-tetto-apribile-elettrica-benzina-nero-cat_ma9mo1624-3e8c913f-1a39-4374-a487-3b2b93d86a45,29850,4,2022,30916,automatico,Ibrido,150,S line,Sport,45 TFSI e,Rivenditore,276,torino,10137,Piemonte,Nord-ovest
Audi A3 A3 Sportback 2.0 tdi Business 150cv s-tronic,https://www.autoscout24.it/annunci/audi-a3-a3-sportback-2-0-tdi-business-150cv-s-tronic-diesel-grigio-cat_ma9mo1624-bfe258f3-cfec-44ea-9b61-ed481c4342ab,29590,1,2025,11431,automatico,Diesel,150,Business,Base,,Rivenditore,23,casalecchio reno,40033,Emilia-Romagna,Nord-est
Audi A3 A3 SPB TDI 110 kW S tronic S line edition,https://www.autoscout24.it/annunci/audi-a3-a3-spb-tdi-110-kw-s-tronic-s-line-edition-diesel-grigio-cat_ma9mo1624-56a94816-9b82-4979-bed0-a9a8bd4b7b5d,29900,1,2025,29800,automatico,Diesel,150,S line,Sport,,Rivenditore,276,torino,10156,Piemonte,Nord-ovest
Audi A3 35 TDI S tronic S line Edition,https://www.autoscout24.it/annunci/audi-a3-35-tdi-s-tronic-s-line-edition-diesel-grigio-cat_ma9mo1624-ed720954-2d2b-43d5-bf10-e6b1f03d411e,29950,3,2023,34166,automatico,Diesel,150,S line,Sport,35 TDI,Rivenditore,326,roma,156,Lazio,Centro
Audi A3 sportback 35 1.5 tfsi mhev s line edition s-tronic,https://www.autoscout24.it/annunci/audi-a3-sportback-35-1-5-tfsi-mhev-s-line-edition-s-tronic-elettrica-benzina-nero-cat_ma9mo1624-e62ae513-1376-480a-b4e9-fe4d01872c5f,29900,3,2023,36358,automatico,Ibrido,150,S line,Sport,,Rivenditore,326,roma,178,Lazio,Centro
Audi A3 1.5 tfsi mhev S line edition 150cv s-tronic,https://www.autoscout24.it/annunci/audi-a3-1-5-tfsi-mhev-s-line-edition-150cv-s-tronic-elettrica-benzina-cat_ma9mo1624-7da69f68-34f2-43ce-b0dd-e9a3602f8467,29400,2,2024,47500,automatico,Ibrido,150,S line,Sport,,Rivenditore,68,rovigo,45100,Veneto,Nord-est
Audi A3 SEDAN - 2.0 TDI | 115CV - DIESEL | S-LINE - S-TRONIC | 2023,https://www.autoscout24.it/annunci/audi-a3-sedan-2-0-tdi-115cv-diesel-s-line-s-tronic-2023-diesel-grigio-cat_ma9mo1624-4d7a4b66-5140-4658-95ec-9cc9c7129515,29300,3,2023,58055,automatico,Diesel,150,S line,Sport,,Rivenditore,764,lamezia terme,88046,Calabria,Sud
Audi A3 Sportback 1.5 tfsi mhev 116cv s-tronic !! Solo 1000KM.! IVA ESPOSTA!,https://www.autoscout24.it/annunci/audi-a3-sportback-1-5-tfsi-mhev-116cv-s-tronic-solo-1000km-iva-esposta-elettrica-benzina-nero-cat_ma9mo1624-92ef1a13-b2a8-4fc3-aaab-ecd309e0c63a,29900,1,2025,1000,automatico,Ibrido,150,Sport,Middle,,Rivenditore,87,fidenza,43036,Emilia-Romagna,Nord-est
Audi A3 SPB 35 TDI S tronic S line edition,https://www.autoscout24.it/annunci/audi-a3-spb-35-tdi-s-tronic-s-line-edition-diesel-bianco-cat_ma9mo1624-101e3dcb-151c-4064-8c9c-f8f638dda85f,29880,2,2024,44500,automatico,Diesel,150,S line,Sport,35 TDI,Rivenditore,137,crema,26013,Lombardia,Nord-ovest
Audi A3 IV 2020 Sportback - A3 Sportback 40 2.0 tdi S line,https://www.autoscout24.it/annunci/audi-a3-iv-2020-sportback-a3-sportback-40-2-0-tdi-s-line-diesel-nero-cat_ma9mo1624-97ac1b7e-0ede-4d0d-acda-10f5cacc16db,29500,5,2021,81531,automatico,Diesel,150,S line,Sport,,Rivenditore,223,borgo vercelli,13012,Piemonte,Nord-ovest
Audi A3 A3 IV 2020 Sportback Sportback 40 2.0 tfsi S line,https://www.autoscout24.it/annunci/audi-a3-a3-iv-2020-sportback-sportback-40-2-0-tfsi-s-line-benzina-grigio-cat_ma9mo1624-955dc2ab-938f-40ed-95fd-df5659aed0a7,29500,5,2021,60000,automatico,Benzina,150,S line,Sport,,Privato,127,venezia,30135,Veneto,Nord-est
Audi A3 A3 Sportback S line 35 2.0 Tdi S Tronic,https://www.autoscout24.it/annunci/audi-a3-a3-sportback-s-line-35-2-0-tdi-s-tronic-diesel-nero-cat_ma9mo1624-aa6c3d6c-340d-4e8f-a7e5-de794fc615fa,29700,3,2023,32836,automatico,Diesel,150,S line,Sport,,Privato,101,padova,35128,Veneto,Nord-est
Audi A3 A3 Sportback Sportback 1.5 tfsi mhev S line edition 150cv s-tronic,https://www.autoscout24.it/annunci/audi-a3-a3-sportback-sportback-1-5-tfsi-mhev-s-line-edition-150cv-s-tronic-elettrica-benzina-grigio-cat_ma9mo1624-efe1063e-2641-4141-9a4d-f4b9ab93af20,29900,1,2025,80000,automatico,Ibrido,150,S line,Sport,,Rivenditore,259,gaglianico,13894,Piemonte,Nord-ovest
Audi A3 Sportback 35 1.5 tfsi mhev S line edition s-tronic,https://www.autoscout24.it/annunci/audi-a3-sportback-35-1-5-tfsi-mhev-s-line-edition-s-tronic-elettrica-benzina-cat_ma9mo1624-7fb1c362-4f74-4c22-b09c-ede4eaeda118,30000,2,2024,42000,automatico,Ibrido,150,S line,Sport,,Privato,198,parabiago,20015,Lombardia,Nord-ovest
Audi A3 A3 IV 2022  Sportback 40 2.0 tdi S line edition quattro s-tronic,https://www.autoscout24.it/annunci/audi-a3-a3-iv-2022-sportback-40-2-0-tdi-s-line-edition-quattro-s-tronic-diesel-nero-cat_ma9mo1624-c1763343-8a63-477f-934f-a42675aa7a7e,29999,4,2022,95000,automatico,Diesel,150,S line,Sport,,Rivenditore,142,fara olivana con sola,24058,Lombardia,Nord-ovest
Audi A3 A3 2025 35 TDI 150Cv S line S tronic Restyling Vari colori,https://www.autoscout24.it/annunci/audi-a3-a3-2025-35-tdi-150cv-s-line-s-tronic-restyling-vari-colori-diesel-grigio-cat_ma9mo1624-169af1eb-6b74-4ab4-aa8e-fdafa8047318,29500,1,2025,31000,automatico,Diesel,150,S line,Sport,35 TDI,Rivenditore,342,monte compatri,77,Lazio,Centro
Audi A3 A3 40 TDI Quattro 3x s line s tronic 200Cv,https://www.autoscout24.it/annunci/audi-a3-a3-40-tdi-quattro-3x-s-line-s-tronic-200cv-diesel-grigio-cat_ma9mo1624-f3b044cf-641e-48e6-b09e-32241f656f12,29900,4,2022,57000,automatico,Diesel,150,S line,Sport,40 TDI,Rivenditore,342,monte compatri,77,Lazio,Centro
Audi A3 A3 sportback 35 1.5 tfsi mhev S line edition s-tronic,https://www.autoscout24.it/annunci/audi-a3-a3-sportback-35-1-5-tfsi-mhev-s-line-edition-s-tronic-elettrica-benzina-nero-cat_ma9mo1624-279c1132-5171-41bd-8b62-75079b492ba7,30000,3,2023,25300,automatico,Ibrido,150,S line,Sport,,Privato,177,genova,16162,Liguria,Nord-ovest
Audi A3 SPB 35 TFSI S tronic Sport S line SLine,https://www.autoscout24.it/annunci/audi-a3-spb-35-tfsi-s-tronic-sport-s-line-sline-elettrica-benzina-nero-cat_ma9mo1624-702d39ee-6675-4eb2-a5b6-8cb429d7e389,29900,1,2025,29850,automatico,Ibrido,150,S line,Sport,35 TFSI,Rivenditore,276,torino,10151,Piemonte,Nord-ovest
Audi A3 A3 Sportback 35 1.5 tfsi S line edition s-tronic,https://www.autoscout24.it/annunci/audi-a3-a3-sportback-35-1-5-tfsi-s-line-edition-s-tronic-benzina-grigio-cat_ma9mo1624-43b244cd-9bf3-4d3f-a18f-0a73f1fc018a,29400,3,2023,63000,automatico,Benzina,150,S line,Sport,,Rivenditore,162,bergamo,24125,Lombardia,Nord-ovest
Audi A3 A3 Sportback 1.5 tfsi mhev 116cv s-tronic S Line,https://www.autoscout24.it/annunci/audi-a3-a3-sportback-1-5-tfsi-mhev-116cv-s-tronic-s-line-benzina-blu-azzurro-cat_ma9mo1624-70b5a3cd-f0ea-44f2-95be-e5a740227718,29900,1,2025,7786,automatico,Benzina,150,S line,Sport,,Rivenditore,25,bologna,40138,Emilia-Romagna,Nord-est
Audi A3 A3 SPB 40 TDI quattro S tronic S line edition NO VINCOLI,https://www.autoscout24.it/annunci/audi-a3-a3-spb-40-tdi-quattro-s-tronic-s-line-edition-no-vincoli-diesel-nero-cat_ma9mo1624-86bb3803-2ca2-45d9-81ed-5f789c304816,29900,4,2022,69000,automatico,Diesel,150,S line,Sport,40 TDI,Rivenditore,123,noale,30033,Veneto,Nord-est
Audi A3 40 1.4 tfsi e Business s-tronic,https://www.autoscout24.it/annunci/audi-a3-40-1-4-tfsi-e-business-s-tronic-elettrica-benzina-nero-cat_ma9mo1624-9cb05470-fd99-47f7-bb2c-3f668c4c3fd2,29900,2,2024,28191,automatico,Ibrido,150,Business,Base,,Rivenditore,174,concorezzo,20863,Lombardia,Nord-ovest
Audi A3 Sportback 35 2.0 tdi Identity Black s-tronic,https://www.autoscout24.it/annunci/audi-a3-sportback-35-2-0-tdi-identity-black-s-tronic-diesel-cat_ma9mo1624-354973f7-a405-4a70-a92c-af53616ea4e2,29500,3,2023,87000,automatico,Diesel,150,Identity,Middle,,Privato,222,varese,21100,Lombardia,Nord-ovest
Audi A3 Sline,https://www.autoscout24.it/annunci/audi-a3-sline-elettrica-benzina-cat_ma9mo1624-a21bd0f5-08d8-4f30-bc0e-0d19a89c33b3,29999,5,2021,58000,automatico,Ibrido,150,S line,Sport,,Privato,177,milano,20121,Lombardia,Nord-ovest
Audi A3 A3 IV 2020 SportbackSportback 40 2.0 tdi S line edition quattro s-tronic,https://www.autoscout24.it/annunci/audi-a3-a3-iv-2020-sportbacksportback-40-2-0-tdi-s-line-edition-quattro-s-tronic-diesel-nero-cat_ma9mo1624-f9d1cdfb-55d8-46c0-ad34-9177f1c4aee3,30000,5,2021,112000,automatico,Diesel,150,S line,Sport,,Privato,212,alice bel colle,15010,Piemonte,Nord-ovest
Audi A3 Sportback 40 2.0 TDI S line edition quattro,https://www.autoscout24.it/annunci/audi-a3-sportback-40-2-0-tdi-s-line-edition-quattro-diesel-grigio-cat_ma9mo1624-412a683f-7a86-4d5e-90f3-07de89191b05,29800,3,2023,92646,automatico,Diesel,150,S line,Sport,,Rivenditore,121,brescia,25135,Lombardia,Nord-ovest
Audi A3 A3 sline 35tfsi GARANZIA AUDI,https://www.autoscout24.it/annunci/audi-a3-a3-sline-35tfsi-garanzia-audi-benzina-grigio-cat_ma9mo1624-cbd2a702-cb87-41ed-8b82-a096d6321672,29900,3,2023,34000,manuale,Benzina,150,S line,Sport,35 TFSI,Privato,326,roma,122,Lazio,Centro
Audi A3 Sportback 30 1.5 g-tron S line edition s-tronic,https://www.autoscout24.it/annunci/audi-a3-sportback-30-1-5-g-tron-s-line-edition-s-tronic-metano-cat_ma9mo1624-fa713d49-6da8-4de1-8559-c2f35149b873,29500,3,2023,23700,automatico,Metano,150,S line,Sport,,Privato,505,foggia,71122,Puglia,Sud
Audi A3 Sportback 35 1.5 tfsi S line edition,https://www.autoscout24.it/annunci/audi-a3-sportback-35-1-5-tfsi-s-line-edition-benzina-nero-cat_ma9mo1624-402f4f65-5791-42ba-8c5b-40ba0f80a946,29890,4,2022,30457,manuale,Benzina,150,S line,Sport,,Privato,140,livorno,57128,Toscana,Centro
Audi A3 SPORTBACK TFSI E 40  3 S LINE 204 CV FULL MATRIX+,https://www.autoscout24.it/annunci/audi-a3-sportback-tfsi-e-40-3-s-line-204-cv-full-matrix+-elettrica-benzina-nero-cat_ma9mo1624-7c826d3b-fd56-4fc5-ba31-a9c6f42b614d,29490,4,2022,47000,automatico,Ibrido,150,S line,Sport,,Rivenditore,116,borgoricco,35010,Veneto,Nord-est
Audi A3 A3 IV 2020 Sportback Sportback 40 1.4 tfsi e S line edition s-tronic,https://www.autoscout24.it/annunci/audi-a3-a3-iv-2020-sportback-sportback-40-1-4-tfsi-e-s-line-edition-s-tronic-elettrica-benzina-grigio-cat_ma9mo1624-6bf792d8-8b3d-4f6c-a815-499da729d5ce,30000,2,2024,44000,automatico,Ibrido,150,S line,Sport,,Privato,306,cerveteri,52,Lazio,Centro
Audi A3 Audi A3 Sportback S line | 150 CV – 2.0 TDI,https://www.autoscout24.it/annunci/audi-a3-audi-a3-sportback-s-line-150-cv-2-0-tdi-diesel-grigio-cat_ma9mo1624-fb09f5ef-d31a-4364-af00-948e251de53b,30000,3,2023,76000,automatico,Diesel,150,S line,Sport,,Privato,142,riccione,47838,Emilia-Romagna,Nord-est
Audi A3 SPORTBACK 40 tfsi-e,https://www.autoscout24.it/annunci/audi-a3-sportback-40-tfsi-e-elettrica-benzina-rosso-cat_ma9mo1624-0b6f5065-d573-41b7-aa23-f7d302a4fffa,29900,4,2022,40000,automatico,Ibrido,150,Sport,Middle,40 TFSI e,Privato,214,savona,17100,Liguria,Nord-ovest
Audi A3 A3 Sportback 30 1.0 tfsi mhev S line edition s-tronic,https://www.autoscout24.it/annunci/audi-a3-a3-sportback-30-1-0-tfsi-mhev-s-line-edition-s-tronic-elettrica-benzina-nero-cat_ma9mo1624-0d487852-4a6d-4460-87bf-c5de3392668a,30000,2,2024,28500,automatico,Ibrido,150,S line,Sport,,Privato,299,almese,10040,Piemonte,Nord-ovest
Audi A3 40 TFSI E DSG 3 s line 204 CV MATRIX+LED+FRECCIE DIN,https://www.autoscout24.it/annunci/audi-a3-40-tfsi-e-dsg-3-s-line-204-cv-matrix+led+freccie-din-elettrica-benzina-bianco-cat_ma9mo1624-b2c03ccc-046c-454c-a7ca-df43eec6e9ba,29500,5,2021,53500,automatico,Ibrido,150,S line,Sport,40 TFSI e,Rivenditore,116,borgoricco,35010,Veneto,Nord-est
"Audi A3 SPORTBACK 40 TDI quattro S tr. S line edition 19""",https://www.autoscout24.it/annunci/audi-a3-sportback-40-tdi-quattro-s-tr-s-line-edition-19-diesel-grigio-cat_ma9mo1624-056b7f5d-511e-43fa-afcf-ddda349d2151,29900,4,2022,61370,automatico,Diesel,150,S line,Sport,40 TDI,Rivenditore,193,vigevano,27029,Lombardia,Nord-ovest
Audi A3 Sportback 30 2.0 tdi S line edition s-tronic,https://www.autoscout24.it/annunci/audi-a3-sportback-30-2-0-tdi-s-line-edition-s-tronic-diesel-cat_ma9mo1624-64788332-3989-4ca2-93c2-fec2aac22653,29800,2,2024,30000,automatico,Diesel,150,S line,Sport,,Privato,13,san cesario sul panaro,41018,Emilia-Romagna,Nord-est
Audi A3 TDI 110 kW S tronic Business Advanced,https://www.autoscout24.it/annunci/audi-a3-tdi-110-kw-s-tronic-business-advanced-diesel-nero-cat_ma9mo1624-999ad12b-74e3-4ef4-bb98-bb7bf737b32a,29800,1,2025,20540,automatico,Diesel,150,Business Advanced,Middle,,Rivenditore,84,bagni lucca,55022,Toscana,Centro
Audi A3 SB 40 TFSI E S-TRONIC S-LINE DITION,https://www.autoscout24.it/annunci/audi-a3-sb-40-tfsi-e-s-tronic-s-line-dition-elettrica-benzina-grigio-cat_ma9mo1624-449dbe79-347f-43ac-881b-2c20bc1d01b5,29900,2,2024,68630,automatico,Ibrido,150,S line,Sport,40 TFSI e,Rivenditore,163,conegliano,31015,Veneto,Nord-est
Audi A3 Quattro S tronic Business Advanced,https://www.autoscout24.it/annunci/audi-a3-quattro-s-tronic-business-advanced-benzina-blu-azzurro-cat_ma9mo1624-0543ae1c-6f1d-4edc-b9e7-29c6411e7188,29900,2,2024,24197,automatico,Benzina,150,Business Advanced,Middle,,Rivenditore,121,brescia,25132,Lombardia,Nord-ovest
Audi A3 40 1.4 tfsi e Business s-tronic,https://www.autoscout24.it/annunci/audi-a3-40-1-4-tfsi-e-business-s-tronic-elettrica-benzina-nero-cat_ma9mo1624-d7f0af81-c7d0-4111-bca0-59d567abbb99,29900,2,2024,28191,automatico,Ibrido,150,Business,Base,,Rivenditore,177,milano,20157,Lombardia,Nord-ovest
Audi A3 35 TDI S tronic Business Advanced,https://www.autoscout24.it/annunci/audi-a3-35-tdi-s-tronic-business-advanced-diesel-grigio-cat_ma9mo1624-db940b86-a037-4334-b431-cfffa085c683,29950,3,2023,54157,automatico,Diesel,150,Business Advanced,Middle,35 TDI,Rivenditore,326,roma,156,Lazio,Centro
Audi A3 Sportback 35 1.5 tfsi Business 150cv my20,https://www.autoscout24.it/annunci/audi-a3-sportback-35-1-5-tfsi-business-150cv-my20-benzina-cat_ma9mo1624-cfd5d181-a812-4f48-a35b-db8342957f88,29500,5,2021,52000,manuale,Benzina,150,Business,Base,,Privato,395,casalbordino,66021,Abruzzo,Sud
Audi A3 SPORTBACK 40 e-tron S tr. S-LINE EDIT PLUG IN HYBR,https://www.autoscout24.it/annunci/audi-a3-sportback-40-e-tron-s-tr-s-line-edit-plug-in-hybr-elettrica-benzina-grigio-cat_ma9mo1624-6bf3affc-7a1d-45e9-bd86-9fdbb396d793,29900,3,2023,27536,automatico,Ibrido,150,S line,Sport,,Rivenditore,193,vigevano,27029,Lombardia,Nord-ovest
Audi A3 Sportback 40 2.0 tdi 200 Cv S-Line edition quattro,https://www.autoscout24.it/annunci/audi-a3-sportback-40-2-0-tdi-200-cv-s-line-edition-quattro-diesel-grigio-cat_ma9mo1624-68ea87f6-e124-402e-bdc3-32e8d700dde3,29500,4,2022,94000,automatico,Diesel,150,S line,Sport,,Rivenditore,190,meda,20821,Lombardia,Nord-ovest
Audi A3 sportback 45 1.4 tfsi e s line edition s-tronic,https://www.autoscout24.it/annunci/audi-a3-sportback-45-1-4-tfsi-e-s-line-edition-s-tronic-elettrica-benzina-grigio-cat_ma9mo1624-f7c9eb6a-d5d4-4abf-8393-56c07de4aeed,29900,3,2023,67709,automatico,Ibrido,150,S line,Sport,,Rivenditore,65,parma,43126,Emilia-Romagna,Nord-est
Audi A3 Sportback 35 1.5 tfsi mhev S line edition s-tronic,https://www.autoscout24.it/annunci/audi-a3-sportback-35-1-5-tfsi-mhev-s-line-edition-s-tronic-elettrica-benzina-cat_ma9mo1624-4db578fc-b1ad-4249-8135-9e62b89ad010,30000,6,2020,120000,automatico,Ibrido,150,S line,Sport,,Privato,177,milano,20125,Lombardia,Nord-ovest
Audi A3 A3 Sportback 1.5 tfsi  Business Advanced  s-tronic,https://www.autoscout24.it/annunci/audi-a3-a3-sportback-1-5-tfsi-business-advanced-s-tronic-elettrica-benzina-bianco-cat_ma9mo1624-96c79ca5-7184-4211-a9af-5fbb8d3811eb,29900,1,2025,12900,automatico,Ibrido,150,Business Advanced,Middle,,Rivenditore,100,porcari,55016,Toscana,Centro
Audi A3 SPB 35 TFSI S-tronic Identity Black,https://www.autoscout24.it/annunci/audi-a3-spb-35-tfsi-s-tronic-identity-black-elettrica-benzina-bianco-cat_ma9mo1624-ffc41604-f118-4707-a66c-6a725c958bed,29900,3,2023,47810,automatico,Ibrido,150,Identity,Middle,35 TFSI,Rivenditore,42,ferrara,44122,Emilia-Romagna,Nord-est
Audi A3 SportBack 35 1.5TFSI MHev S-Line S-Tronic **STRAFULL + TETTO APRIBILE**,https://www.autoscout24.it/annunci/audi-a3-sportback-35-1-5tfsi-mhev-s-line-s-tronic-strafull-+-tetto-apribile-elettrica-benzina-grigio-cat_ma9mo1624-5ae5811d-a93c-475f-8777-2d6189a4777e,29990,1,2025,79000,automatico,Ibrido,150,S line,Sport,,Rivenditore,598,sala consilina,84036,Campania,Sud
Audi A3 Sportback 40 1.4 tfsi e S line edition s-tronic,https://www.autoscout24.it/annunci/audi-a3-sportback-40-1-4-tfsi-e-s-line-edition-s-tronic-elettrica-benzina-cat_ma9mo1624-a69e8719-9238-4188-801d-92263ea5369d,29800,5,2021,84900,automatico,Ibrido,150,S line,Sport,,Privato,355,chieti,66100,Abruzzo,Sud
Audi A3 SPB 2000 TDI BUSINESS ADVANCED PORTAB.AUT,https://www.autoscout24.it/annunci/audi-a3-spb-2000-tdi-business-advanced-portab-aut-diesel-nero-cat_ma9mo1624-ee1314cc-be63-4c46-a235-615f672c086f,29970,1,2025,27000,automatico,Diesel,150,Business Advanced,Middle,,Rivenditore,326,roma,199,Lazio,Centro
"Audi A3 Sportback 2.0 tdi 150cv S LINE 19"" MATRIX SEDILI SPORTIVI VOLANTE SPORTIVO  TELECAMERA",https://www.autoscout24.it/annunci/audi-a3-sportback-2-0-tdi-150cv-s-line-19-matrix-sedili-sportivi-volante-sportivo-telecamera-diesel-nero-cat_ma9mo1624-498fd528-20eb-4b97-b36a-a9e906eb8a78,29900,5,2021,71100,automatico,Diesel,150,S line,Sport,,Rivenditore,326,roma,188,Lazio,Centro
Audi A3 SPB 45 TFSI e S tronic S line edition,https://www.autoscout24.it/annunci/audi-a3-spb-45-tfsi-e-s-tronic-s-line-edition-elettrica-benzina-grigio-cat_ma9mo1624-672440ea-7bc9-4f9c-b5dc-3b437f3a9bfd,29950,4,2022,52999,automatico,Ibrido,150,S line,Sport,45 TFSI e,Rivenditore,14,pieve cento,40066,Emilia-Romagna,Nord-est
Audi A3 sportback 2.0 tdi business advanced 150cv s-tronic,https://www.autoscout24.it/annunci/audi-a3-sportback-2-0-tdi-business-advanced-150cv-s-tronic-diesel-blu-azzurro-cat_ma9mo1624-4939b0a9-20e4-4d3d-a1e5-4c6cd057f386,29900,1,2025,22433,automatico,Diesel,150,Business Advanced,Middle,,Rivenditore,226,udine,33100,Friuli-Venezia Giulia,Nord-est
Audi A3 SPB 35 TFSI S tronic S line edition,https://www.autoscout24.it/annunci/audi-a3-spb-35-tfsi-s-tronic-s-line-edition-elettrica-benzina-bianco-cat_ma9mo1624-02d336bf-4946-4d2d-8685-603b4ee02eab,29800,2,2024,22000,automatico,Ibrido,150,S line,Sport,35 TFSI,Rivenditore,299,almese,10040,Piemonte,Nord-ovest
Audi A3 A3 IV 2020 Sportback Sportback 35 2.0 tdi S line Edition s-tronic,https://www.autoscout24.it/annunci/audi-a3-a3-iv-2020-sportback-sportback-35-2-0-tdi-s-line-edition-s-tronic-diesel-blu-azzurro-cat_ma9mo1624-ceea7854-9100-4a05-9d23-ced6c3ca187c,30000,2,2024,50000,automatico,Diesel,150,S line,Sport,,Privato,824,agnana calabra,89040,Calabria,Sud
Audi A3 35 1.5 tfsi mhev S line edition s-tronic,https://www.autoscout24.it/annunci/audi-a3-35-1-5-tfsi-mhev-s-line-edition-s-tronic-elettrica-benzina-bianco-cat_ma9mo1624-38687024-2a7c-491d-89bd-fc3c35017cc1,29500,2,2024,42658,automatico,Ibrido,150,S line,Sport,,Rivenditore,174,concorezzo,20863,Lombardia,Nord-ovest
Audi A3 SPB 35 TFSI S tronic UNIPRO PERFETTA,https://www.autoscout24.it/annunci/audi-a3-spb-35-tfsi-s-tronic-unipro-perfetta-elettrica-benzina-bianco-cat_ma9mo1624-ac419bd4-6581-4189-9d05-553323a18b95,29990,3,2023,8500,automatico,Ibrido,150,S,Performance,35 TFSI,Rivenditore,91,acquafredda,25010,Lombardia,Nord-ovest
Audi A3 1.5 tfsi mhev Bus. Advanced 116cv s-tronic,https://www.autoscout24.it/annunci/audi-a3-1-5-tfsi-mhev-bus-advanced-116cv-s-tronic-elettrica-benzina-nero-cat_ma9mo1624-9b5db837-3e5b-496c-9753-8d5739f01153,29300,1,2025,10956,automatico,Ibrido,150,Advanced,Middle,,Rivenditore,177,milano,20157,Lombardia,Nord-ovest
Audi A3 A3 IV 2024 allstreet allstreet 1.5 tfsi mhev Business 150cv s-tronic,https://www.autoscout24.it/annunci/audi-a3-a3-iv-2024-allstreet-allstreet-1-5-tfsi-mhev-business-150cv-s-tronic-elettrica-benzina-bianco-cat_ma9mo1624-7bc953bb-88fd-4fd7-90db-5ec0e25afa81,30000,2,2024,15000,automatico,Ibrido,150,Business,Base,,Privato,299,almese,10040,Piemonte,Nord-ovest
Audi A3 Sportback 35 2.0 tdi S line Edition s-tronic,https://www.autoscout24.it/annunci/audi-a3-sportback-35-2-0-tdi-s-line-edition-s-tronic-diesel-cat_ma9mo1624-abc3739c-be51-4f21-adf1-11d799bc6052,29500,6,2020,109000,automatico,Diesel,150,S line,Sport,,Privato,197,senigallia,60019,Marche,Centro
Audi A3 A3 Sportback 30 2.0 tdi S line edition s-tronic,https://www.autoscout24.it/annunci/audi-a3-a3-sportback-30-2-0-tdi-s-line-edition-s-tronic-diesel-nero-cat_ma9mo1624-dcef994a-90f0-4a3f-965d-9da7fa00067a,29500,4,2022,63000,automatico,Diesel,150,S line,Sport,,Privato,178,monza,20900,Lombardia,Nord-ovest
Audi A3 SPB 35 TFSI S tronic S line edition,https://www.autoscout24.it/annunci/audi-a3-spb-35-tfsi-s-tronic-s-line-edition-elettrica-benzina-nero-cat_ma9mo1624-bd622c41-e593-4847-9493-a72c296007db,29900,2,2024,49000,automatico,Ibrido,150,S line,Sport,35 TFSI,Rivenditore,120,beverino,19020,Liguria,Nord-ovest
Audi A3 Cabriolet Cabrio 40 2.0 tfsi quattro 190cv s-tronic S-LINE,https://www.autoscout24.it/annunci/audi-a3-cabriolet-cabrio-40-2-0-tfsi-quattro-190cv-s-tronic-s-line-benzina-nero-cat_ma9mo1624-324589d0-45ce-4b8d-a56a-817ca6bcd89f,30000,6,2020,61800,automatico,Benzina,150,S line,Sport,,Rivenditore,95,montecchio maggiore,36075,Veneto,Nord-est
Audi A3 35 TFSI S tronic Business Advanced 150 cv,https://www.autoscout24.it/annunci/audi-a3-35-tfsi-s-tronic-business-advanced-150-cv-elettrica-benzina-nero-cat_ma9mo1624-4adcc645-b698-44b5-8256-8273b98ade8e,29900,1,2025,37256,automatico,Ibrido,150,Business Advanced,Middle,35 TFSI,Rivenditore,177,milano,20157,Lombardia,Nord-ovest
Audi A3 Sportback 35 1.5 TFSI 150CV S-Line S-Tronic,https://www.autoscout24.it/annunci/audi-a3-sportback-35-1-5-tfsi-150cv-s-line-s-tronic-elettrica-benzina-nero-cat_ma9mo1624-1b8e46d2-81c6-438d-a84f-ea2d37d884f8,29900,2,2024,37000,automatico,Ibrido,150,S line,Sport,,Rivenditore,283,beinasco,10092,Piemonte,Nord-ovest
Audi A3 allstreet TFSI 110 kW S tronic Business Advanced,https://www.autoscout24.it/annunci/audi-a3-allstreet-tfsi-110-kw-s-tronic-business-advanced-benzina-grigio-cat_ma9mo1624-62b10742-bf94-47d1-b4d3-2a70b7f4af8a,29900,1,2025,12238,automatico,Benzina,150,Business Advanced,Middle,,Rivenditore,25,bologna,40138,Emilia-Romagna,Nord-est
Audi A3 A3 IV 2023 Sportback Sportback 35 2.0 tdi S line E,https://www.autoscout24.it/annunci/audi-a3-a3-iv-2023-sportback-sportback-35-2-0-tdi-s-line-e-diesel-bianco-cat_ma9mo1624-51d6c343-34a7-48f8-8126-4177c95366a3,30000,3,2023,43000,automatico,Diesel,150,S line,Sport,,Privato,270,settimo torinese,10036,Piemonte,Nord-ovest
Audi A3 sedan 2.0 tdi business advanced 150cv s-tronic,https://www.autoscout24.it/annunci/audi-a3-sedan-2-0-tdi-business-advanced-150cv-s-tronic-diesel-nero-cat_ma9mo1624-ff93c245-e0bd-4233-a00e-ec5118dc6cec,29900,1,2025,27697,automatico,Diesel,150,Business Advanced,Middle,,Rivenditore,65,parma,43126,Emilia-Romagna,Nord-est
Audi A3 Audi A3 SPB 1.5 ( 150 CV ) TFSI Doppio S Line,https://www.autoscout24.it/annunci/audi-a3-audi-a3-spb-1-5-150-cv-tfsi-doppio-s-line-benzina-cat_ma9mo1624-5153ba29-78ea-4468-9ece-4f3c651a129f,30000,6,2020,90000,automatico,Benzina,150,S line,Sport,,Privato,63,castelbelforte,46032,Lombardia,Nord-ovest
Audi A3 Audi A3 Sportback 35 TDI S tronic S line,https://www.autoscout24.it/annunci/audi-a3-audi-a3-sportback-35-tdi-s-tronic-s-line-diesel-cat_ma9mo1624-0a200eae-c8cd-4d2f-b24d-a43764e32489,29990,5,2021,150000,automatico,Diesel,150,S line,Sport,35 TDI,Privato,643,polignano a mare,70044,Puglia,Sud
Audi A3 A3 Sportback 45 1.4 tfsi e S line edition s-tronic,https://www.autoscout24.it/annunci/audi-a3-a3-sportback-45-1-4-tfsi-e-s-line-edition-s-tronic-elettrica-benzina-bianco-cat_ma9mo1624-0de0d52c-3b34-4c31-b281-1d7a33c78b76,29667,4,2022,40100,automatico,Ibrido,150,S line,Sport,,Rivenditore,152,jesolo,30016,Veneto,Nord-est
Audi A3 30 g-tron S tronic Navi ACC Led sedili sport,https://www.autoscout24.it/annunci/audi-a3-30-g-tron-s-tronic-navi-acc-led-sedili-sport-metano-nero-cat_ma9mo1624-e762a966-728c-4410-a2f1-733a6e3ed71d,29470,4,2022,42500,automatico,Metano,150,Sport,Middle,,Rivenditore,77,baone,35030,Veneto,Nord-est
Audi A3 A3 IV 2020 Sportback Sportback 35 1.5 tfsi mhev Business Advanced s-tronic,https://www.autoscout24.it/annunci/audi-a3-a3-iv-2020-sportback-sportback-35-1-5-tfsi-mhev-business-advanced-s-tronic-elettrica-benzina-bianco-cat_ma9mo1624-a26700ce-ac55-4b74-b843-9d87603e58c0,30000,3,2023,8101,automatico,Ibrido,150,Business Advanced,Middle,,Privato,121,brescia,25124,Lombardia,Nord-ovest
Audi A3 A3 IV 2020 Sportback Sportback 30 2.0 tdi Business Advanced s-tronic,https://www.autoscout24.it/annunci/audi-a3-a3-iv-2020-sportback-sportback-30-2-0-tdi-business-advanced-s-tronic-diesel-nero-cat_ma9mo1624-620af1a9-a785-4622-8aa3-c8675467bac3,29800,3,2023,60000,automatico,Diesel,150,Business Advanced,Middle,,Privato,750,lecce,73100,Puglia,Sud
Audi A3 A3 Sportback 40 2.0 Tdi 2X S line quattro 200cv,https://www.autoscout24.it/annunci/audi-a3-a3-sportback-40-2-0-tdi-2x-s-line-quattro-200cv-diesel-bianco-cat_ma9mo1624-11832182-e808-4153-8b24-04804c9c097d,29999,4,2022,83700,automatico,Diesel,150,S line,Sport,,Rivenditore,608,modugno,70026,Puglia,Sud
Audi A3 A3 Sportback 1.5 tfsi Business Advanced s-tronic VARI COLORI E ALLESTIMENTI,https://www.autoscout24.it/annunci/audi-a3-a3-sportback-1-5-tfsi-business-advanced-s-tronic-vari-colori-e-allestimenti-benzina-bianco-cat_ma9mo1624-9f9df72c-bfec-4caa-8c32-cdfb1d98de86,29900,1,2025,12900,automatico,Benzina,150,Business Advanced,Middle,,Rivenditore,77,arcole,37040,Veneto,Nord-est
Audi A3 4ª serie SPB 30 TDI S tronic Business Advanced,https://www.autoscout24.it/annunci/audi-a3-4-serie-spb-30-tdi-s-tronic-business-advanced-diesel-argento-cat_ma9mo1624-2bd918e3-3748-4089-9f1c-cd608dca03ec,29500,3,2023,5089,automatico,Diesel,150,Business Advanced,Middle,30 TDI,Rivenditore,177,genova,16161,Liguria,Nord-ovest
Audi A3 Sportback 45 1.4 tfsi e S line edition s-tronic,https://www.autoscout24.it/annunci/audi-a3-sportback-45-1-4-tfsi-e-s-line-edition-s-tronic-elettrica-benzina-cat_ma9mo1624-b9ca981d-15ae-41a3-a3cf-636206cef5f2,30000,5,2021,69050,automatico,Ibrido,150,S line,Sport,,Privato,189,giussano,20833,Lombardia,Nord-ovest
Audi A3 sportback 35 2.0 tdi business advanced s-tronic,https://www.autoscout24.it/annunci/audi-a3-sportback-35-2-0-tdi-business-advanced-s-tronic-diesel-nero-cat_ma9mo1624-2d784450-d334-4e8b-a6d9-d3fbd7eeeb93,29400,3,2023,39000,automatico,Diesel,150,Business Advanced,Middle,,Rivenditore,156,trento,38121,Trentino-Alto Adige/Südtirol,Nord-est
Audi A3 SPORTBACK 35 TDI S-TRONIC S LINE EDITION,https://www.autoscout24.it/annunci/audi-a3-sportback-35-tdi-s-tronic-s-line-edition-diesel-bianco-cat_ma9mo1624-091147d9-8058-40f9-b046-cb1607bf7197,29800,3,2023,67550,automatico,Diesel,150,S line,Sport,35 TDI,Rivenditore,163,conegliano,31015,Veneto,Nord-est
Audi A3 Sportback 2.0 TDI Advanced 116cv,https://www.autoscout24.it/annunci/audi-a3-sportback-2-0-tdi-advanced-116cv-diesel-grigio-cat_ma9mo1624-e83525d5-584c-4c10-a24e-8532d151afc1,29900,1,2025,14368,manuale,Diesel,150,Advanced,Middle,,Rivenditore,239,macerata,62100,Marche,Centro
Audi A3 sportback 35 2.0 tdi s line edition s-tronic,https://www.autoscout24.it/annunci/audi-a3-sportback-35-2-0-tdi-s-line-edition-s-tronic-diesel-bianco-cat_ma9mo1624-c942c945-b87d-493a-a227-09ee2e597f03,29900,3,2023,61405,automatico,Diesel,150,S line,Sport,,Rivenditore,101,padova,35129,Veneto,Nord-est
Audi A3 Sportback 2.0 TDI  S-Line Edition S -tronic,https://www.autoscout24.it/annunci/audi-a3-sportback-2-0-tdi-s-line-edition-s-tronic-diesel-blu-azzurro-cat_ma9mo1624-45c2cdc0-768d-4e40-805d-e995e0dee112,29900,4,2022,32000,automatico,Diesel,150,S line,Sport,,Rivenditore,113,acquanegra cremonese,26020,Lombardia,Nord-ovest
Audi A3 45 TFSI e S tronic S line Edition,https://www.autoscout24.it/annunci/audi-a3-45-tfsi-e-s-tronic-s-line-edition-elettrica-benzina-cat_ma9mo1624-9bb5423b-7dbc-445a-8ab2-7b368362e3bc,29300,3,2023,75440,automatico,Ibrido,150,S line,Sport,45 TFSI e,Rivenditore,104,lucca,55100,Toscana,Centro
Audi A3 sportback 35 2.0 tdi business s-tronic,https://www.autoscout24.it/annunci/audi-a3-sportback-35-2-0-tdi-business-s-tronic-diesel-blu-azzurro-cat_ma9mo1624-3dee8988-818b-4949-904b-9e1ff0f2fe2a,29750,3,2023,17303,automatico,Diesel,150,Business,Base,,Rivenditore,285,cirie,10073,Piemonte,Nord-ovest
"Audi A3 Sportback 40 1.4 tfsi e Identity Black S-line S-tronic 18"" camera",https://www.autoscout24.it/annunci/audi-a3-sportback-40-1-4-tfsi-e-identity-black-s-line-s-tronic-18-camera-elettrica-benzina-bianco-cat_ma9mo1624-7a751201-85b8-4b1b-aeb2-2e469ead1286,29900,3,2023,44951,automatico,Ibrido,150,Identity,Middle,,Rivenditore,342,monte compatri,77,Lazio,Centro
Audi A3 35 TFSI S line Edition S Tronic,https://www.autoscout24.it/annunci/audi-a3-35-tfsi-s-line-edition-s-tronic-benzina-bianco-cat_ma9mo1624-a369cedb-502c-46a1-a059-b54912b90722,29500,3,2023,48500,automatico,Benzina,150,S line,Sport,35 TFSI,Rivenditore,222,varese,21100,Lombardia,Nord-ovest
Audi A3 SPB 35 TFSI S-tronic Identity Black,https://www.autoscout24.it/annunci/audi-a3-spb-35-tfsi-s-tronic-identity-black-elettrica-benzina-bianco-cat_ma9mo1624-7c46fff9-2d29-4e08-9599-7b7203e9a4e8,29900,3,2023,47810,automatico,Ibrido,150,Identity,Middle,35 TFSI,Rivenditore,31,castenaso,40055,Emilia-Romagna,Nord-est
Audi A3 A3 IV 2020 Sportback Sportback 40 1.4 tfsi e S line edition s-tronic,https://www.autoscout24.it/annunci/audi-a3-a3-iv-2020-sportback-sportback-40-1-4-tfsi-e-s-line-edition-s-tronic-elettrica-benzina-grigio-cat_ma9mo1624-ef37d6b1-83b8-4dc9-95ee-eeb244a73ef5,30000,2,2024,45000,automatico,Ibrido,150,S line,Sport,,Privato,101,cremona,26100,Lombardia,Nord-ovest
Audi A3 1.5 tfsi mhev Bus. Advanced 116cv s-tronic,https://www.autoscout24.it/annunci/audi-a3-1-5-tfsi-mhev-bus-advanced-116cv-s-tronic-elettrica-benzina-nero-cat_ma9mo1624-1dbd0509-c2ca-4734-818c-3f6aaea4addb,29300,1,2025,10956,automatico,Ibrido,150,Advanced,Middle,,Rivenditore,174,concorezzo,20863,Lombardia,Nord-ovest
Audi A3 A3 Sportback 35 1.5 tfsi Business 150cv s-tronic my20,https://www.autoscout24.it/annunci/audi-a3-a3-sportback-35-1-5-tfsi-business-150cv-s-tronic-my20-benzina-nero-cat_ma9mo1624-803e7900-c8de-4956-a077-31015af313a5,29800,1,2025,24600,automatico,Benzina,150,Business,Base,,Rivenditore,683,taranto,74121,Puglia,Sud
Audi A3 SPB 35 TDI S tronic S line Edition,https://www.autoscout24.it/annunci/audi-a3-spb-35-tdi-s-tronic-s-line-edition-diesel-nero-cat_ma9mo1624-ddd97f40-48f1-4022-8102-2106734c9fa1,29800,3,2023,53900,automatico,Diesel,150,S line,Sport,35 TDI,Rivenditore,94,castiglione delle stiviere,46043,Lombardia,Nord-ovest
Audi A3 A3 IV 2020 Sportback Sportback 35 1.5 tfsi mhev S line edition s-tronic,https://www.autoscout24.it/annunci/audi-a3-a3-iv-2020-sportback-sportback-35-1-5-tfsi-mhev-s-line-edition-s-tronic-elettrica-benzina-grigio-cat_ma9mo1624-ada949f3-4d45-4f83-aa7c-1753f282ec26,29900,5,2021,80000,automatico,Ibrido,150,S line,Sport,,Rivenditore,480,aversa,81031,Campania,Sud
Audi A3 A3 Sportback 2.0 tdi Business Advanced 116cv LEGA 18,https://www.autoscout24.it/annunci/audi-a3-a3-sportback-2-0-tdi-business-advanced-116cv-lega-18-diesel-grigio-cat_ma9mo1624-54cc6f2c-96a6-400a-af28-e048a4496255,29800,1,2025,21000,manuale,Diesel,150,Business Advanced,Middle,,Rivenditore,147,adrara san martino,24060,Lombardia,Nord-ovest
Audi A3 1.5 tfsi mhev S line edition s-tronic - PREZZO PROMO,https://www.autoscout24.it/annunci/audi-a3-1-5-tfsi-mhev-s-line-edition-s-tronic-prezzo-promo-elettrica-benzina-nero-cat_ma9mo1624-eaba7630-9bc0-451d-a31d-fad780696955,30000,4,2022,46000,automatico,Ibrido,150,S line,Sport,,Rivenditore,187,settimo milanese,20019,Lombardia,Nord-ovest
Audi A3 Sedan 35 TFSI S tronic Business Advanced,https://www.autoscout24.it/annunci/audi-a3-sedan-35-tfsi-s-tronic-business-advanced-elettrica-benzina-blu-azzurro-cat_ma9mo1624-4510acb7-a119-4b83-966d-a33a6931828a,29950,3,2023,57999,automatico,Ibrido,150,Business Advanced,Middle,35 TFSI,Rivenditore,14,pieve cento,40066,Emilia-Romagna,Nord-est
Audi A3 40 TFSI E DSG 3 s line 204 CV MATRIX+LED+FRECCIE DIN,https://www.autoscout24.it/annunci/audi-a3-40-tfsi-e-dsg-3-s-line-204-cv-matrix+led+freccie-din-elettrica-benzina-bianco-cat_ma9mo1624-e0cddb13-eca0-4a2d-99d2-3ed0a21803d1,29290,5,2021,34000,automatico,Ibrido,150,S line,Sport,40 TFSI e,Rivenditore,116,borgoricco,35010,Veneto,Nord-est
Audi A3 A3 IV 2024 Sportback Sportback 2.0 tdi Business 116cv,https://www.autoscout24.it/annunci/audi-a3-a3-iv-2024-sportback-sportback-2-0-tdi-business-116cv-diesel-nero-cat_ma9mo1624-619e4881-85df-43ac-bb7d-bfcff69dc994,29900,1,2025,15500,manuale,Diesel,150,Business,Base,,Privato,222,pasian prato,33037,Friuli-Venezia Giulia,Nord-est
Audi A3 allstreet TDI 110 kW S tronic Business Advanced,https://www.autoscout24.it/annunci/audi-a3-allstreet-tdi-110-kw-s-tronic-business-advanced-diesel-nero-cat_ma9mo1624-cf5714a3-7509-48cf-9c66-9bb72930609a,29900,1,2025,16721,automatico,Diesel,150,Business Advanced,Middle,,Rivenditore,25,bologna,40138,Emilia-Romagna,Nord-est
Audi A3 sportback 2.0 tdi business 150cv s-tronic,https://www.autoscout24.it/annunci/audi-a3-sportback-2-0-tdi-business-150cv-s-tronic-diesel-nero-cat_ma9mo1624-b97cc5df-ddd1-4df6-8581-a35aecf715d8,29700,1,2025,14100,automatico,Diesel,150,Business,Base,,Rivenditore,92,sesto fiorentino,50019,Toscana,Centro
Audi A3 A3 IV 2020 Sedan Sedan 35 2.0 tdi S line edition s-tronic,https://www.autoscout24.it/annunci/audi-a3-a3-iv-2020-sedan-sedan-35-2-0-tdi-s-line-edition-s-tronic-diesel-blu-azzurro-cat_ma9mo1624-4c46e7e3-65fd-48fd-80a8-3cd3a8c7e515,30000,2,2024,54000,automatico,Diesel,150,S line,Sport,,Privato,750,palermo,90121,Sicilia,Isole
Audi A3 Sportback 35 1.5 tfsi mhev Business Advanced s-tronic,https://www.autoscout24.it/annunci/audi-a3-sportback-35-1-5-tfsi-mhev-business-advanced-s-tronic-elettrica-benzina-blu-azzurro-cat_ma9mo1624-cbd35341-54c0-4061-87ea-ec2fe74282a9,29300,3,2023,29561,automatico,Ibrido,150,Business Advanced,Middle,,Rivenditore,326,roma,158,Lazio,Centro
Audi A3 sportback 35 2.0 tdi s line edition s tronic,https://www.autoscout24.it/annunci/audi-a3-sportback-35-2-0-tdi-s-line-edition-s-tronic-diesel-grigio-cat_ma9mo1624-c39598ec-3b96-4277-b9e3-3efa49c1e5eb,29500,3,2023,67236,automatico,Diesel,150,S line,Sport,,Rivenditore,284,grugliasco,10095,Piemonte,Nord-ovest
Audi A3 Sportback 35 2.0 tdi Business Advanced s-tronic SOLO 17900 KM !!,https://www.autoscout24.it/annunci/audi-a3-sportback-35-2-0-tdi-business-advanced-s-tronic-solo-17900-km-diesel-blu-azzurro-cat_ma9mo1624-a278353f-3a18-44f6-aab4-3e77e5641b1b,29290,4,2022,17990,automatico,Diesel,150,Business Advanced,Middle,,Rivenditore,174,concorezzo,20863,Lombardia,Nord-ovest
Audi A3 A3 2024 Sportback 1.5 tfsi mhev Business s-tronic,https://www.autoscout24.it/annunci/audi-a3-a3-2024-sportback-1-5-tfsi-mhev-business-s-tronic-elettrica-benzina-blu-azzurro-cat_ma9mo1624-f095d21e-1e82-46a5-a1db-8803ed2b9320,29500,2,2024,23000,automatico,Ibrido,150,Business,Base,,Privato,16,modena,41124,Emilia-Romagna,Nord-est
Audi A3 SPB TDI 85 kW Business Advanced,https://www.autoscout24.it/annunci/audi-a3-spb-tdi-85-kw-business-advanced-diesel-nero-cat_ma9mo1624-c46edd9c-8240-4de8-be74-ffa5828bedf4,29800,2,2024,24900,automatico,Diesel,150,Business Advanced,Middle,,Rivenditore,607,padula,84034,Campania,Sud
Audi A3 A3  allstreet allstreet 2.0 tdi Identity Contrast 150cv s-tronic,https://www.autoscout24.it/annunci/audi-a3-a3-allstreet-allstreet-2-0-tdi-identity-contrast-150cv-s-tronic-diesel-blu-azzurro-cat_ma9mo1624-3524fb4f-c8cf-4f7e-9810-a66212267559,29900,1,2025,50000,automatico,Diesel,150,Identity,Middle,,Rivenditore,310,ladispoli,55,Lazio,Centro
Audi A3 Sportback 35 2.0 tdi S line Edition s-tronic,https://www.autoscout24.it/annunci/audi-a3-sportback-35-2-0-tdi-s-line-edition-s-tronic-diesel-cat_ma9mo1624-1507b94a-a1fc-405f-9174-4422e52942ef,30000,5,2021,47000,automatico,Diesel,150,S line,Sport,,Privato,286,cuneo,12100,Piemonte,Nord-ovest
Audi A3 Sedan 35 2.0 tdi S line edition s-tronic,https://www.autoscout24.it/annunci/audi-a3-sedan-35-2-0-tdi-s-line-edition-s-tronic-diesel-cat_ma9mo1624-81064f03-b83e-4e83-b0db-86b5d5c9a10f,30000,4,2022,118000,automatico,Diesel,150,S line,Sport,,Privato,97,licciana nardi,54016,Toscana,Centro
Audi A3 40 2.0 tdi Business Advanced quattro s-tronic,https://www.autoscout24.it/annunci/audi-a3-40-2-0-tdi-business-advanced-quattro-s-tronic-diesel-argento-cat_ma9mo1624-aa8e098e-618c-4802-be04-77c5917076ba,29900,4,2022,95103,automatico,Diesel,150,Business Advanced,Middle,,Rivenditore,194,sondrio,23100,Lombardia,Nord-ovest
Audi A3 Sportback 35 1.5 tfsi mhev Business Advanced s-tronic,https://www.autoscout24.it/annunci/audi-a3-sportback-35-1-5-tfsi-mhev-business-advanced-s-tronic-elettrica-benzina-blu-azzurro-cat_ma9mo1624-0707f855-8761-4715-b904-ed060de0fc6e,29300,3,2023,29561,automatico,Ibrido,150,Business Advanced,Middle,,Rivenditore,389,paglieta,66020,Abruzzo,Sud
Audi A3 IV 2020 Sportback - A3 Sportback 40 1.4 tfsi e Bus,https://www.autoscout24.it/annunci/audi-a3-iv-2020-sportback-a3-sportback-40-1-4-tfsi-e-bus-elettrica-benzina-bianco-cat_ma9mo1624-3cecd6fd-edae-47b2-8733-b4ab646f3664,29900,3,2023,39934,automatico,Ibrido,150,Sport,Middle,,Rivenditore,223,borgo vercelli,13012,Piemonte,Nord-ovest
Audi A3 40 1.4 tfsi e S line INTERNO/ESTERNO s-tronic,https://www.autoscout24.it/annunci/audi-a3-40-1-4-tfsi-e-s-line-interno-esterno-s-tronic-elettrica-benzina-bianco-cat_ma9mo1624-8bafd8e7-7ff8-4e7f-8cc5-3d2d1c737b9d,29850,3,2023,24327,automatico,Ibrido,150,S line,Sport,,Rivenditore,205,como,22100,Lombardia,Nord-ovest
Audi A3 SPB  30 TDI Business,https://www.autoscout24.it/annunci/audi-a3-spb-30-tdi-business-diesel-blu-azzurro-cat_ma9mo1624-9bffbbb0-bef3-4644-be8d-b2959e540256,29500,1,2025,15448,manuale,Diesel,150,Business,Base,30 TDI,Rivenditore,42,ferrara,44122,Emilia-Romagna,Nord-est
Audi A3 Sportback 40 1.4 tfsi e Business s-tronic,https://www.autoscout24.it/annunci/audi-a3-sportback-40-1-4-tfsi-e-business-s-tronic-elettrica-benzina-nero-cat_ma9mo1624-4c94023e-3ceb-49fa-bc2e-370cae3c983f,29800,2,2024,50676,automatico,Ibrido,150,Business,Base,,Rivenditore,177,milano,20126,Lombardia,Nord-ovest
Audi A3 SPB 30 TDI Business Advanced,https://www.autoscout24.it/annunci/audi-a3-spb-30-tdi-business-advanced-diesel-grigio-cat_ma9mo1624-99f4a405-4d09-4cfd-8046-91c5d2b3724d,29990,2,2024,46000,manuale,Diesel,150,Business Advanced,Middle,30 TDI,Rivenditore,757,alcamo,91011,Sicilia,Isole
Audi A3 SPB  30 TDI Business,https://www.autoscout24.it/annunci/audi-a3-spb-30-tdi-business-diesel-blu-azzurro-cat_ma9mo1624-863edd45-d10a-4abe-860a-0fb698eeb4d1,29500,1,2025,15448,manuale,Diesel,150,Business,Base,30 TDI,Rivenditore,31,castenaso,40055,Emilia-Romagna,Nord-est
Audi A3 A3 IV 2024 allstreet allstreet 1.5 tfsi mhev Business Advanced 150cv s-tronic,https://www.autoscout24.it/annunci/audi-a3-a3-iv-2024-allstreet-allstreet-1-5-tfsi-mhev-business-advanced-150cv-s-tronic-elettrica-benzina-bianco-cat_ma9mo1624-880267d0-176f-4bc8-aa04-b7e4fb3c840f,29490,2,2024,28711,automatico,Ibrido,150,Business Advanced,Middle,,Privato,177,sesto san giovanni,20099,Lombardia,Nord-ovest
Audi A3 SPB 40 TFSI e S tronic,https://www.automobile.it/roma-audi-a3-spb-40-tfsi-s-tronic/177340471,19890,5,2021,65000,automatico,Ibrido,204,S,Performance,40 TFSI e,Rivenditore,326,roma,118,Lazio,Centro
Audi A3 SPB 30 TDI 2.0,https://www.automobile.it/altamura-audi-a3-spb-30-tdi-2-0/177218048,16000,6,2020,185170,automatico,Diesel,116,S,Performance,30 TDI,Rivenditore,614,altamura,70022,Puglia,Sud
Audi A3 SPB 40 TFSI e S tronic Business Advanced,https://www.automobile.it/latina-audi-a3-spb-40-tfsi-s-tronic-business-advanced/181086209,23599,5,2021,46000,automatico,Ibrido,204,Business Advanced,Middle,40 TFSI e,Rivenditore,383,latina,4100,Lazio,Centro
Audi A3 Sportback 1.4 40 TFSI e PHEV,https://www.automobile.it/busto-arsizio-audi-a3-sportback-1-4-40-tfsi-phev/178480676,27400,5,2021,41000,automatico,Ibrido,204,Sport,Middle,40 TFSI e,Rivenditore,208,busto arsizio,21052,Lombardia,Nord-ovest
Audi A3 SPB 30 TDI S line edition,https://www.automobile.it/lauria-audi-a3-spb-30-tdi-s-line-edition/178296378,20700,6,2020,60000,manuale,Diesel,116,S line,Sport,30 TDI,Rivenditore,642,lauria,85044,Basilicata,Sud
Audi A3 SPB 35 TFSI Business Advanced,https://www.automobile.it/padova-audi-a3-spb-35-tfsi-business-advanced/180431057,25900,4,2022,49795,automatico,Benzina,150,Business Advanced,Middle,35 TFSI,Rivenditore,101,padova,35121,Veneto,Nord-est
Audi A3 Sedan 35 TDI S tronic Business Advanced,https://www.automobile.it/castellammare-stabia-audi-a3-sedan-35-tdi-s-tronic-business-advanced/179431624,23900,4,2022,135000,automatico,Diesel,150,Business Advanced,Middle,35 TDI,Rivenditore,519,castellammare stabia,80053,Campania,Sud
Audi A3 SPB 35 TDI S tronic Business,https://www.automobile.it/collesano-audi-a3-spb-35-tdi-s-tronic-business/180129651,19999,6,2020,120000,automatico,Diesel,150,Business,Base,35 TDI,Rivenditore,784,collesano,90016,Sicilia,Isole
Audi A3 SPB 35 TFSI S line edition,https://www.automobile.it/cirie-audi-a3-spb-35-tfsi-s-line-edition/179932057,26900,4,2022,14980,manuale,Benzina,150,S line,Sport,35 TFSI,Rivenditore,285,cirie,10073,Piemonte,Nord-ovest
Audi A3 Sedan 35 TDI Business Advanced,https://www.automobile.it/caltanissetta-audi-a3-sedan-35-tdi-business-advanced/177149747,19500,5,2021,194000,automatico,Diesel,150,Business Advanced,Middle,35 TDI,Rivenditore,833,caltanissetta,93100,Sicilia,Isole
Audi A3 SPB 30 TFSI Business Advanced,https://www.automobile.it/verolengo-audi-a3-spb-30-tfsi-business-advanced/178681260,24900,4,2022,29167,manuale,Benzina,110,Business Advanced,Middle,30 TFSI,Rivenditore,256,verolengo,10038,Piemonte,Nord-ovest
AUDI A3 SPB 30 TDI S tronic Advaced s-tronic #aziendali,https://www.automobile.it/spinea-audi-a3-spb-30-tdi-s-tronic-advaced-s-tronic-aziendali/174671934,28990,4,2022,28000,automatico,Diesel,116,S,Performance,30 TDI,Rivenditore,122,spinea,30038,Veneto,Nord-est
Audi A3 SPB 35 TDI S tronic Business Advanced,https://www.automobile.it/collesano-audi-a3-spb-35-tdi-s-tronic-business-advanced/178673790,21000,6,2020,120000,automatico,Diesel,150,Business Advanced,Middle,35 TDI,Rivenditore,784,collesano,90016,Sicilia,Isole
AUDI A3 SPB 30 TDI S tronic S line #VARI COLORI,https://www.automobile.it/fosso-audi-a3-spb-30-tdi-s-tronic-s-line-vari-colori/180932572,26900,3,2023,66800,automatico,Diesel,116,S line,Sport,30 TDI,Rivenditore,107,fosso,30030,Veneto,Nord-est
AUDI A3 SPB 35 TDI Stronic S line edition TETTO APRIBILE,https://www.automobile.it/feltre-audi-a3-spb-35-tdi-stronic-s-line-edition-tetto-apribile/180193243,28900,5,2021,63200,automatico,Diesel,150,S line,Sport,35 TDI,Rivenditore,162,feltre,32032,Veneto,Nord-est
AUDI A3 SPB 30 TDI Business,https://www.automobile.it/pieve-soligo-audi-a3-spb-30-tdi-business/179909145,24800,4,2022,54000,manuale,Diesel,116,Business,Base,30 TDI,Rivenditore,159,pieve soligo,31053,Veneto,Nord-est
AUDI A3 30 TDI Business,https://www.automobile.it/feltre-audi-a3-30-tdi-business/180615048,23800,5,2021,79300,manuale,Diesel,116,Business,Base,30 TDI,Rivenditore,162,feltre,32032,Veneto,Nord-est
AUDI A3 SPB 30 TDI Advaced #varicolori,https://www.automobile.it/spinea-audi-a3-spb-30-tdi-advaced-varicolori/175231482,27490,4,2022,28500,manuale,Diesel,116,S,Performance,30 TDI,Rivenditore,122,spinea,30038,Veneto,Nord-est
AUDI A3 SPB 35 TFSI,https://www.automobile.it/pieve-soligo-audi-a3-spb-35-tfsi/179908783,26900,4,2022,47500,manuale,Benzina,150,S,Performance,35 TFSI,Rivenditore,159,pieve soligo,31053,Veneto,Nord-est
Audi A3 SPB 30 TDI S line edition,https://www.automobile.it/siderno-audi-a3-spb-30-tdi-s-line-edition/179504578,25900,6,2020,59000,manuale,Diesel,116,S line,Sport,30 TDI,Rivenditore,830,siderno,89048,Calabria,Sud
Audi A3 SPB 30 TDI,https://www.automobile.it/sant-agata-militello-audi-a3-spb-30-tdi/178882236,23500,5,2021,118497,manuale,Diesel,116,S,Performance,30 TDI,Rivenditore,788,sant agata militello,98076,Sicilia,Isole
AUDI A3 SPB 30 TDI S tronic S line edition,https://www.automobile.it/barletta-audi-a3-spb-30-tdi-s-tronic-s-line-edition/179147655,28990,3,2023,76233,automatico,Diesel,116,S line,Sport,30 TDI,Rivenditore,560,barletta,76121,Puglia,Sud
Audi A3 SPB 35 TDI S tronic Business Advanced 150Hp,https://www.automobile.it/sassari-audi-a3-spb-35-tdi-s-tronic-business-advanced-150hp/179263024,24990,6,2020,99000,automatico,Diesel,150,Business Advanced,Middle,35 TDI,Rivenditore,485,sassari,7100,Sardegna,Isole
Audi A3 SPB 35 TDI S tronic Business Advanced,https://www.automobile.it/lamezia-terme-audi-a3-spb-35-tdi-s-tronic-business-advanced/179407065,27900,5,2021,89303,automatico,Diesel,150,Business Advanced,Middle,35 TDI,Rivenditore,764,lamezia terme,88046,Calabria,Sud
Audi A3 SPB 30 TFSI Business Advanced S tronic,https://www.automobile.it/massa-audi-a3-spb-30-tfsi-business-advanced-s-tronic/180447180,23000,5,2021,84600,automatico,Benzina,110,Business Advanced,Middle,30 TFSI,Rivenditore,105,massa,54100,Toscana,Centro
Audi A3 SPB 30 TFSI Business S-Tronic,https://www.automobile.it/massa-audi-a3-spb-30-tfsi-business-s-tronic/180446998,24500,5,2021,46000,automatico,Benzina,110,Business,Base,30 TFSI,Rivenditore,105,massa,54100,Toscana,Centro
AUDI A3 SPB 30 TFSI Business del 2022,https://www.automobile.it/pesaro-audi-a3-spb-30-tfsi-business-2022/177008209,26500,4,2022,26000,manuale,Benzina,110,Business,Base,30 TFSI,Rivenditore,164,pesaro,61121,Marche,Centro
Audi A3 SPB 35 TFSI Business Advanced,https://www.automobile.it/massa-audi-a3-spb-35-tfsi-business-advanced/180447255,28000,6,2020,55000,manuale,Benzina,150,Business Advanced,Middle,35 TFSI,Rivenditore,105,massa,54100,Toscana,Centro
Audi A3 NUOVA SPORTBACK SPORTBACK 30 TFSI,https://www.automobile.it/roma-audi-a3-nuova-sportback-sportback-30-tfsi/176217415,28900,4,2022,23000,manuale,Benzina,110,Sport,Middle,30 TFSI,Rivenditore,326,roma,118,Lazio,Centro
Audi A3 SPB 35 TFSI S-Tronic Business Advanced,https://www.automobile.it/massa-audi-a3-spb-35-tfsi-s-tronic-business-advanced/180447122,29300,4,2022,47300,automatico,Benzina,150,Business Advanced,Middle,35 TFSI,Rivenditore,105,massa,54100,Toscana,Centro
AUDI A3 SPB 35 TDI S tronic del 2021,https://www.automobile.it/pesaro-audi-a3-spb-35-tdi-s-tronic-2021/173591324,29500,5,2021,69427,automatico,Diesel,150,S,Performance,35 TDI,Rivenditore,164,pesaro,61121,Marche,Centro
AUDI A3 SPB 35 TDI S tronic Business Advanced del 2021,https://www.automobile.it/pesaro-audi-a3-spb-35-tdi-s-tronic-business-advanced-2021/174522022,30000,5,2021,72734,automatico,Diesel,150,Business Advanced,Middle,35 TDI,Rivenditore,164,pesaro,61121,Marche,Centro
Audi A3 Sedan 30 TDI Business Advanced,https://www.automobile.it/fasano-audi-a3-sedan-30-tdi-business-advanced/178854320,20600,6,2020,170000,manuale,Diesel,116,Business Advanced,Middle,30 TDI,Rivenditore,663,fasano,72015,Puglia,Sud
Audi A3 SPB 35 TFSI S line edition,https://www.automobile.it/corato-audi-a3-spb-35-tfsi-s-line-edition/178508819,22500,5,2021,150000,manuale,Benzina,150,S line,Sport,35 TFSI,Rivenditore,581,corato,70033,Puglia,Sud
Audi A3 Sedan 35 TFSI S tronic S line edition,https://www.automobile.it/quarto-audi-a3-sedan-35-tfsi-s-tronic-s-line-edition/177176153,27500,6,2020,92000,automatico,Ibrido,150,S line,Sport,35 TFSI,Rivenditore,487,quarto,80010,Campania,Sud
AUDI A3 BERLINA 30 TFSI S TRONIC BUSINESS S.BACK - GJ157BB,https://www.automobile.it/basiliano-audi-a3-berlina-30-tfsi-s-tronic-business-s-back-gj157bb/184413837,13900,4,2022,200000,automatico,Ibrido,110,Business,Base,30 TFSI,Rivenditore,215,basiliano,33031,Friuli-Venezia Giulia,Nord-est
A3 SPB 35 TDI S tronic Sport,https://www.automobile.it/atina-a3-spb-35-tdi-s-tronic-sport/184628195,14499,6,2020,163000,automatico,Diesel,150,Sport,Middle,35 TDI,Rivenditore,401,atina,3042,Lazio,Centro
Audi A3 SPB 35 TDI Business Advanced,https://www.automobile.it/rende-audi-a3-spb-35-tdi-business-advanced/184497915,14900,5,2021,183000,manuale,Diesel,150,Business Advanced,Middle,35 TDI,Rivenditore,724,rende,87036,Calabria,Sud
Audi A3 SPB 40 TFSI e S tronic Business Advanced,https://www.automobile.it/occhiobello-audi-a3-spb-40-tfsi-s-tronic-business-advanced/184600626,14900,5,2021,238259,automatico,Ibrido,204,Business Advanced,Middle,40 TFSI e,Rivenditore,45,occhiobello,45030,Veneto,Nord-est
Audi A3 SPB 35 TDI S tronic Sport,https://www.automobile.it/rosarno-audi-a3-spb-35-tdi-s-tronic-sport/183595320,14990,6,2020,195000,automatico,Diesel,150,Sport,Middle,35 TDI,Rivenditore,796,rosarno,89025,Calabria,Sud
AUDI A3 SPB 30 TDI Sport,https://www.automobile.it/torino-audi-a3-spb-30-tdi-sport/184107110,14990,6,2020,113000,manuale,Diesel,116,Sport,Middle,30 TDI,Rivenditore,276,torino,10121,Piemonte,Nord-ovest
Audi A3 SPB 35 TFSI g-tron S tronic Business Advanced,https://www.automobile.it/ferrara-audi-a3-spb-35-tfsi-g-tron-s-tronic-business-advanced/183786966,14995,5,2021,265542,automatico,Metano,150,Business Advanced,Middle,35 TFSI,Rivenditore,42,ferrara,44121,Emilia-Romagna,Nord-est
Audi A3 SPB 35 TFSI S tronic G-TRON Business Advanced,https://www.automobile.it/vigarano-mainarda-audi-a3-spb-35-tfsi-s-tronic-g-tron-business-advanced/183766905,14999,5,2021,265000,automatico,Metano,150,Business Advanced,Middle,35 TFSI,Rivenditore,35,vigarano mainarda,44049,Emilia-Romagna,Nord-est
Audi A3 SPB 35 TDI S tronic Admired,https://www.automobile.it/poviglio-audi-a3-spb-35-tdi-s-tronic-admired/182545697,15000,6,2020,162000,automatico,Diesel,150,S,Performance,35 TDI,Rivenditore,50,poviglio,42028,Emilia-Romagna,Nord-est
Audi A3 Sportback SPB 35 TDI S tronic 2.0d 150cv,https://www.automobile.it/atripalda-audi-a3-sportback-spb-35-tdi-s-tronic-2-0d-150cv/184493132,15490,6,2020,149000,automatico,Diesel,150,Sport,Middle,35 TDI,Rivenditore,514,atripalda,83042,Campania,Sud
AUDI A3 Sedan 35 TDI S tronic,https://www.automobile.it/venezia-audi-a3-sedan-35-tdi-s-tronic/183536990,15500,6,2020,130000,automatico,Diesel,150,S,Performance,35 TDI,Rivenditore,127,venezia,30121,Veneto,Nord-est
AUDI - A3 - SPB 35 TFSI COD S tronic Admired - FINANZIABILE - PERMUTE,https://www.automobile.it/latina-audi-a3-spb-35-tfsi-cod-s-tronic-admired-finanziabile-permute/184570960,15500,6,2020,183000,automatico,Benzina,150,S,Performance,35 TFSI,Rivenditore,383,latina,4100,Lazio,Centro
AUDI A3 3ª serie A3 SPB 30 TDI Business,https://www.automobile.it/ferrara-audi-a3-3-serie-a3-spb-30-tdi-business/184406635,15750,6,2020,170000,manuale,Diesel,116,Business,Base,30 TDI,Rivenditore,42,ferrara,44121,Emilia-Romagna,Nord-est
Audi A3 SPB 35 TFSI Business Advanced,https://www.automobile.it/torino-audi-a3-spb-35-tfsi-business-advanced/183534771,15900,4,2022,137500,manuale,Benzina,150,Business Advanced,Middle,35 TFSI,Rivenditore,276,torino,10121,Piemonte,Nord-ovest
AUDI A3 SPB 35 TDI S tronic Business,https://www.automobile.it/bologna-audi-a3-spb-35-tdi-s-tronic-business/184253286,15900,6,2020,125000,automatico,Diesel,150,Business,Base,35 TDI,Rivenditore,25,bologna,40121,Emilia-Romagna,Nord-est
Audi A3 SPB 35 TDI S tronic line edition,https://www.automobile.it/san-zeno-naviglio-audi-a3-spb-35-tdi-s-tronic-line-edition/184600585,15900,6,2020,149832,automatico,Diesel,150,S,Performance,35 TDI,Rivenditore,116,san zeno naviglio,25010,Lombardia,Nord-ovest
Audi A3 SPB 35 TDI S tronic line edition C/A,https://www.automobile.it/melpignano-audi-a3-spb-35-tdi-s-tronic-line-edition/184634725,15900,6,2020,170000,automatico,Diesel,150,S,Performance,35 TDI,Rivenditore,772,melpignano,73020,Puglia,Sud
AUDI A3 SPB 30 TDI Sport,https://www.automobile.it/volla-audi-a3-spb-30-tdi-sport/184613532,15900,6,2020,146000,manuale,Diesel,116,Sport,Middle,30 TDI,Rivenditore,495,volla,80040,Campania,Sud
Audi A3 2.0 SPB 35 TDI S tronic 2020,https://www.automobile.it/ancona-audi-a3-2-0-spb-35-tdi-s-tronic-2020/184468852,15900,6,2020,237000,automatico,Diesel,150,S,Performance,35 TDI,Rivenditore,223,ancona,60121,Marche,Centro
Audi A3 SPB 35 TDI S tronic Business,https://www.automobile.it/cattolica-eraclea-audi-a3-spb-35-tdi-s-tronic-business/183969821,15990,6,2020,147717,automatico,Diesel,150,Business,Base,35 TDI,Rivenditore,824,cattolica eraclea,92011,Sicilia,Isole
AUDI A3 SPB 35 TDI,https://www.automobile.it/cosenza-audi-a3-spb-35-tdi/184546655,16499,6,2020,131614,automatico,Diesel,150,S,Performance,35 TDI,Rivenditore,731,cosenza,87100,Calabria,Sud
AUDI A3 SPB 35 TDI,https://www.automobile.it/palermo-audi-a3-spb-35-tdi/184551439,16499,6,2020,131614,automatico,Diesel,150,S,Performance,35 TDI,Rivenditore,750,palermo,90121,Sicilia,Isole
AUDI A3 SPB 35 TDI,https://www.automobile.it/roma-audi-a3-spb-35-tdi/184550825,16499,6,2020,131614,automatico,Diesel,150,S,Performance,35 TDI,Rivenditore,326,roma,118,Lazio,Centro
AUDI A3 SPB 35 TDI,https://www.automobile.it/catania-audi-a3-spb-35-tdi/184549092,16499,6,2020,131614,automatico,Diesel,150,S,Performance,35 TDI,Rivenditore,861,catania,95121,Sicilia,Isole
AUDI A3 SPB 35 TDI,https://www.automobile.it/casoria-audi-a3-spb-35-tdi/184549519,16499,6,2020,131614,automatico,Diesel,150,S,Performance,35 TDI,Rivenditore,490,casoria,80026,Campania,Sud
AUDI A3 SPB 35 TDI,https://www.automobile.it/milano-audi-a3-spb-35-tdi/184550923,16499,6,2020,131614,automatico,Diesel,150,S,Performance,35 TDI,Rivenditore,177,milano,20121,Lombardia,Nord-ovest
AUDI A3 SPB 35 TDI,https://www.automobile.it/bari-audi-a3-spb-35-tdi/184551079,16499,6,2020,131614,automatico,Diesel,150,S,Performance,35 TDI,Rivenditore,611,bari,70121,Puglia,Sud
AUDI A3 SPB 35 TDI,https://www.automobile.it/firenze-audi-a3-spb-35-tdi/184550722,16499,6,2020,131614,automatico,Diesel,150,S,Performance,35 TDI,Rivenditore,99,firenze,50121,Toscana,Centro
AUDI A3 SPB 35 TDI,https://www.automobile.it/sassari-audi-a3-spb-35-tdi/184550332,16499,6,2020,131614,automatico,Diesel,150,S,Performance,35 TDI,Rivenditore,485,sassari,7100,Sardegna,Isole
Audi A3 SPB 40 TDI 184 cv quattro S tronic Sport,https://www.automobile.it/san-marzano-san-giuseppe-audi-a3-spb-40-tdi-184-cv-quattro-s-tronic-sport/184591860,16500,6,2020,179000,automatico,Diesel,190,Sport,Middle,40 TDI,Rivenditore,701,san marzano san giuseppe,74020,Puglia,Sud
Audi A3 SPB 30 TDI,https://www.automobile.it/sora-audi-a3-spb-30-tdi/184635307,16500,6,2020,131292,manuale,Diesel,116,S,Performance,30 TDI,Rivenditore,384,sora,3039,Lazio,Centro
A3 SPB 35 TDI S tronic Business Advanced,https://www.automobile.it/forlimpopoli-a3-spb-35-tdi-s-tronic-business-advanced/184525628,16800,4,2022,190000,automatico,Diesel,150,Business Advanced,Middle,35 TDI,Rivenditore,95,forlimpopoli,47034,Emilia-Romagna,Nord-est
Audi A3 SPB 30 TFSI Business,https://www.automobile.it/torino-audi-a3-spb-30-tfsi-business/183905725,16900,4,2022,83100,manuale,Benzina,110,Business,Base,30 TFSI,Rivenditore,276,torino,10121,Piemonte,Nord-ovest
Audi A3 SPB 30 TDI S line edition,https://www.automobile.it/roncadelle-audi-a3-spb-30-tdi-s-line-edition/184562435,16900,4,2022,140500,manuale,Diesel,116,S line,Sport,30 TDI,Rivenditore,123,roncadelle,25030,Lombardia,Nord-ovest
Audi A3 SPORTBACK 35 TFSI 150CV S-tronic,https://www.automobile.it/sciacca-audi-a3-sportback-35-tfsi-150cv-s-tronic/184308076,16950,5,2021,178000,automatico,Benzina,150,Sport,Middle,35 TFSI,Rivenditore,811,sciacca,92019,Sicilia,Isole
Audi A3 SPB 35 TDI S tronic Business,https://www.automobile.it/rizziconi-audi-a3-spb-35-tdi-s-tronic-business/184624086,16990,6,2020,138000,automatico,Diesel,150,Business,Base,35 TDI,Rivenditore,802,rizziconi,89016,Calabria,Sud
AUDI A3 SPORTBACK 30 TFSI MHEV S TRONIC BUSINESS ADVANCED S.BACK 5 PORTE BERLINA,https://www.automobile.it/firenze-audi-a3-sportback-30-tfsi-mhev-s-tronic-business-advanced-s-back-5-porte-berlina/184628648,17100,4,2022,145778,automatico,Ibrido,110,Business Advanced,Middle,30 TFSI,Rivenditore,99,firenze,50121,Toscana,Centro
AUDI A3 SPORTBACK 30 TFSI MHEV S TRONIC BUSINESS ADVANCED S.BACK 5 PORTE BERLINA,https://www.automobile.it/bentivoglio-audi-a3-sportback-30-tfsi-mhev-s-tronic-business-advanced-s-back-5-porte-berlina/184628480,17100,4,2022,145778,automatico,Ibrido,110,Business Advanced,Middle,30 TFSI,Rivenditore,22,bentivoglio,40010,Emilia-Romagna,Nord-est
AUDI A3 SPORTBACK 30 TFSI MHEV S TRONIC BUSINESS ADVANCED S.BACK 5 PORTE BERLINA,https://www.automobile.it/verona-audi-a3-sportback-30-tfsi-mhev-s-tronic-business-advanced-s-back-5-porte-berlina/184628350,17100,4,2022,145778,automatico,Ibrido,110,Business Advanced,Middle,30 TFSI,Rivenditore,86,verona,37121,Veneto,Nord-est
AUDI A3 SPORTBACK 30 TFSI MHEV S TRONIC BUSINESS ADVANCED S.BACK 5 PORTE BERLINA,https://www.automobile.it/roma-audi-a3-sportback-30-tfsi-mhev-s-tronic-business-advanced-s-back-5-porte-berlina/184628365,17100,4,2022,145778,automatico,Ibrido,110,Business Advanced,Middle,30 TFSI,Rivenditore,326,roma,118,Lazio,Centro
AUDI A3 SPORTBACK 30 TFSI MHEV S TRONIC BUSINESS ADVANCED S.BACK 5 PORTE BERLINA,https://www.automobile.it/pozzuoli-audi-a3-sportback-30-tfsi-mhev-s-tronic-business-advanced-s-back-5-porte-berlina/184628756,17100,4,2022,145778,automatico,Ibrido,110,Business Advanced,Middle,30 TFSI,Rivenditore,488,pozzuoli,80078,Campania,Sud
AUDI A3 Sedan 30 TDI,https://www.automobile.it/torino-audi-a3-sedan-30-tdi/184611368,17294,5,2021,112300,manuale,Diesel,116,S,Performance,30 TDI,Rivenditore,276,torino,10121,Piemonte,Nord-ovest
Audi A3 SPB 35 TDI S tronic Business - PREZZO CON FINANZIAMENTO,https://www.automobile.it/zero-branco-audi-a3-spb-35-tdi-s-tronic-business-prezzo-finanziamento/182260328,17490,6,2020,155000,automatico,Diesel,150,Business,Base,35 TDI,Rivenditore,131,zero branco,31059,Veneto,Nord-est
Audi A3 SPB 40 TDI 184CV QUATTRO S-TRONIC S-LINE,https://www.automobile.it/giarre-audi-a3-spb-40-tdi-184cv-quattro-s-tronic-s-line/183191706,17499,6,2020,171000,automatico,Diesel,190,S line,Sport,40 TDI,Rivenditore,841,giarre,95014,Sicilia,Isole
AUDI A3 SPB 35 TDI S tronic Business,https://www.automobile.it/san-michele-salentino-audi-a3-spb-35-tdi-s-tronic-business/180792603,17500,6,2020,94500,automatico,Diesel,150,Business,Base,35 TDI,Rivenditore,695,san michele salentino,72018,Puglia,Sud
Audi A3 SPB 35 TFSI S line edition,https://www.automobile.it/isola-vicentina-audi-a3-spb-35-tfsi-s-line-edition/184292575,17500,6,2020,125000,automatico,Benzina,150,S line,Sport,35 TFSI,Rivenditore,109,isola vicentina,36033,Veneto,Nord-est
Audi A3 SPB 35 TDI S tronic - 36 MESI GAR. Km Illimit. + ASS. STRAD. ITA/EUR,https://www.automobile.it/macerata-audi-a3-spb-35-tdi-s-tronic-36-mesi-gar-km-illimit-ass-strad-ita-eur/184137744,17500,5,2021,145000,automatico,Diesel,150,S,Performance,35 TDI,Rivenditore,239,macerata,62100,Marche,Centro
AUDI S3 ACCONTO €17.500 NOLEGGIO RISCATTO NO SCORING,https://www.automobile.it/cassino-audi-s3-acconto-17-500-noleggio-riscatto-scoring/184584864,17500,1,2025,19000,automatico,Benzina,310,S,Performance,S3,Rivenditore,415,cassino,3043,Lazio,Centro
Audi S3 ACCONTO €17.500 NOLEGGIO RISCATTO NO SCORING,https://www.automobile.it/cassino-audi-s3-acconto-17-500-noleggio-riscatto-scoring/184584886,17500,1,2025,16000,automatico,Benzina,310,S,Performance,S3,Rivenditore,415,cassino,3043,Lazio,Centro
AUDI A3 SPB 30 TDI Business Advanced,https://www.automobile.it/grottaglie-audi-a3-spb-30-tdi-business-advanced/184588501,17790,5,2021,143000,manuale,Diesel,116,Business Advanced,Middle,30 TDI,Rivenditore,690,grottaglie,74023,Puglia,Sud
Audi A3 SPB 35 TDI S tronic Sport,https://www.automobile.it/conversano-audi-a3-spb-35-tdi-s-tronic-sport/184519019,17800,6,2020,120000,automatico,Diesel,150,Sport,Middle,35 TDI,Rivenditore,638,conversano,70014,Puglia,Sud
Audi A3 SPB 30 TDI S line edition,https://www.automobile.it/agropoli-audi-a3-spb-30-tdi-s-line-edition/184601849,17800,6,2020,212000,manuale,Diesel,116,S line,Sport,30 TDI,Rivenditore,574,agropoli,84043,Campania,Sud
Audi A3 SPB 35 TDI S tronic,https://www.automobile.it/siracusa-audi-a3-spb-35-tdi-s-tronic/182235576,17900,6,2020,100000,automatico,Diesel,150,S,Performance,35 TDI,Rivenditore,914,siracusa,96100,Sicilia,Isole
Audi A3 SPB 35 TDI S tronic line edition,https://www.automobile.it/campobello-licata-audi-a3-spb-35-tdi-s-tronic-line-edition/184479159,17990,6,2020,160000,automatico,Diesel,150,S,Performance,35 TDI,Rivenditore,854,campobello licata,92023,Sicilia,Isole
Audi A3 SPB 30 TDI S line edition,https://www.automobile.it/napoli-audi-a3-spb-30-tdi-s-line-edition/184583815,17990,4,2022,191000,automatico,Diesel,116,S line,Sport,30 TDI,Rivenditore,495,napoli,80121,Campania,Sud
Audi A3 SPB 35 TDI S tronic line edition,https://www.automobile.it/como-audi-a3-spb-35-tdi-s-tronic-line-edition/184624098,17990,4,2022,149000,automatico,Diesel,150,S,Performance,35 TDI,Rivenditore,205,como,22100,Lombardia,Nord-ovest
AUDI A3 SPB 30 TDI Admired+MANUALE+EURO 6D + BELLISSIMA!!,https://www.automobile.it/caravaggio-audi-a3-spb-30-tdi-admired-manuale-euro-6d-bellissima/184603399,17990,6,2020,90000,manuale,Diesel,116,S,Performance,30 TDI,Rivenditore,149,caravaggio,24043,Lombardia,Nord-ovest
Audi A3 SPB 30 TFSI,https://www.automobile.it/acerra-audi-a3-spb-30-tfsi/184613372,17999,4,2022,140000,automatico,Benzina,110,S,Performance,30 TFSI,Rivenditore,490,acerra,80011,Campania,Sud
Audi A3 SPB 30 TDI 116CV BUSINNES 2020 GARANZIA,https://www.automobile.it/roma-audi-a3-spb-30-tdi-116cv-businnes-2020-garanzia/184299700,18000,6,2020,145000,manuale,Diesel,116,S,Performance,30 TDI,Rivenditore,326,roma,118,Lazio,Centro
Audi A3 SPB 35 TDI Business Advanced,https://www.automobile.it/san-paolo-d-argon-audi-a3-spb-35-tdi-business-advanced/184264701,18000,5,2021,180000,automatico,Diesel,150,Business Advanced,Middle,35 TDI,Rivenditore,154,san paolo d argon,24060,Lombardia,Nord-ovest
Audi A3 SPB 30 TDI S line edition,https://www.automobile.it/vigarano-mainarda-audi-a3-spb-30-tdi-s-line-edition/184060743,18499,4,2022,185000,automatico,Diesel,116,S line,Sport,30 TDI,Rivenditore,35,vigarano mainarda,44049,Emilia-Romagna,Nord-est
Audi A3 SPB 30 TDI Business Advanced UFFICIALE AUDI PERFETTA,https://www.automobile.it/foligno-audi-a3-spb-30-tdi-business-advanced-ufficiale-audi-perfetta/183673920,18500,4,2022,175600,manuale,Diesel,116,Business Advanced,Middle,30 TDI,Rivenditore,228,foligno,6034,Umbria,Centro
Audi A3 SPB 30 TFSI S tronic,https://www.automobile.it/atripalda-audi-a3-spb-30-tfsi-s-tronic/184142642,18500,6,2020,174000,automatico,Ibrido,110,S,Performance,30 TFSI,Rivenditore,514,atripalda,83042,Campania,Sud
Audi A3 SPB 30 TDI S line edition iva deducibile garanzia,https://www.automobile.it/sant-arpino-audi-a3-spb-30-tdi-s-line-edition-iva-deducibile-garanzia/184349654,18500,4,2022,111000,manuale,Diesel,116,S line,Sport,30 TDI,Rivenditore,484,sant arpino,81030,Campania,Sud
AUDI A3 SPB 35 TDI S tronic Business Advanced,https://www.automobile.it/san-michele-salentino-audi-a3-spb-35-tdi-s-tronic-business-advanced/184421036,18500,4,2022,167263,automatico,Diesel,150,Business Advanced,Middle,35 TDI,Rivenditore,695,san michele salentino,72018,Puglia,Sud
AUDI A3 4ª serie A3 SPB 30 TDI S line edition,https://www.automobile.it/lucca-audi-a3-4-serie-a3-spb-30-tdi-s-line-edition/184556352,18500,5,2021,135000,manuale,Diesel,116,S line,Sport,30 TDI,Rivenditore,104,lucca,55100,Toscana,Centro
Audi A3 SPB 30 TDI MATRIX,https://www.automobile.it/reggio-calabria-audi-a3-spb-30-tdi-matrix/184582581,18500,5,2021,179000,manuale,Diesel,116,S,Performance,30 TDI,Rivenditore,819,reggio calabria,89121,Calabria,Sud
Audi A3 SPB 30 TDI Business S tronic,https://www.automobile.it/conversano-audi-a3-spb-30-tdi-business-s-tronic/183903258,18500,5,2021,190000,automatico,Diesel,116,Business,Base,30 TDI,Rivenditore,638,conversano,70014,Puglia,Sud
Audi A3 30 TFSI S tronic Sport,https://www.automobile.it/caprarica-lecce-audi-a3-30-tfsi-s-tronic-sport/184401352,18600,4,2022,200000,automatico,Benzina,110,Sport,Middle,30 TFSI,Rivenditore,761,caprarica lecce,73010,Puglia,Sud
Audi A3 SPB 30 TDI Business Advanced,https://www.automobile.it/fragagnano-audi-a3-spb-30-tdi-business-advanced/184376352,18700,5,2021,119067,manuale,Diesel,116,Business Advanced,Middle,30 TDI,Rivenditore,701,fragagnano,74022,Puglia,Sud
Audi A3 SPB 30 TDI Business,https://www.automobile.it/ruvo-puglia-audi-a3-spb-30-tdi-business/184535683,18700,4,2022,115000,manuale,Diesel,116,Business,Base,30 TDI,Rivenditore,588,ruvo puglia,70037,Puglia,Sud
Audi A3 SPB 35 TDI S tronic Business,https://www.automobile.it/maglie-audi-a3-spb-35-tdi-s-tronic-business/184084013,18900,6,2020,64861,automatico,Diesel,150,Business,Base,35 TDI,Rivenditore,775,maglie,73024,Puglia,Sud
AUDI A3 SPB 30 TFSI Business Advanced,https://www.automobile.it/bologna-audi-a3-spb-30-tfsi-business-advanced/183864164,18900,5,2021,99000,manuale,Benzina,110,Business Advanced,Middle,30 TFSI,Rivenditore,25,bologna,40121,Emilia-Romagna,Nord-est
Audi A3 SPB 30 TDI Business Advanced,https://www.automobile.it/gesualdo-audi-a3-spb-30-tdi-business-advanced/184329489,18900,6,2020,159000,manuale,Diesel,116,Business Advanced,Middle,30 TDI,Rivenditore,518,gesualdo,83040,Campania,Sud
Audi A3 SPB 30 TDI S tronic line edition,https://www.automobile.it/alatri-audi-a3-spb-30-tdi-s-tronic-line-edition/184302604,18900,4,2022,193000,automatico,Diesel,116,S,Performance,30 TDI,Rivenditore,372,alatri,3011,Lazio,Centro
Audi A3 Business Advanced 1.5 35 TFSI MHEV #12158,https://www.automobile.it/mazzano-audi-a3-business-advanced-1-5-35-tfsi-mhev-12158/184355713,18900,6,2020,126000,automatico,Benzina,150,Business Advanced,Middle,35 TFSI MHEV,Rivenditore,111,mazzano,25080,Lombardia,Nord-ovest
Audi A3 SPB 30 TDI,https://www.automobile.it/alvignano-audi-a3-spb-30-tdi/184569230,18900,4,2022,156979,manuale,Diesel,116,S,Performance,30 TDI,Rivenditore,461,alvignano,81012,Campania,Sud
Audi A3 SPB 30 TDI S tronic Business Advanced,https://www.automobile.it/genova-audi-a3-spb-30-tdi-s-tronic-business-advanced/183746534,18900,5,2021,105000,automatico,Diesel,116,Business Advanced,Middle,30 TDI,Rivenditore,177,genova,16121,Liguria,Nord-ovest
Audi A3 Sportback 30 TDI Business 2.0 116 CV – 10/2020,https://www.automobile.it/nocera-inferiore-audi-a3-sportback-30-tdi-business-2-0-116-cv-10-2020/184599903,18900,6,2020,124000,manuale,Diesel,116,Business,Base,30 TDI,Rivenditore,521,nocera inferiore,84014,Campania,Sud
AUDI A3 SPB 30 TDI,https://www.automobile.it/partinico-audi-a3-spb-30-tdi/184334574,18900,4,2022,113000,manuale,Diesel,116,S,Performance,30 TDI,Rivenditore,753,partinico,90047,Sicilia,Isole
Audi A3 SPB 35 TFSI COD Admired,https://www.automobile.it/invorio-audi-a3-spb-35-tfsi-cod-admired/184630295,18900,6,2020,54000,manuale,Benzina,150,S,Performance,35 TFSI,Rivenditore,240,invorio,28045,Piemonte,Nord-ovest
Audi A3 SPB 35 TDI S tronic Business,https://www.automobile.it/eboli-audi-a3-spb-35-tdi-s-tronic-business/184031763,18990,5,2021,106970,automatico,Diesel,150,Business,Base,35 TDI,Rivenditore,552,eboli,84025,Campania,Sud
Audi A3 SPB 35 TDI S tronic Business,https://www.automobile.it/zero-branco-audi-a3-spb-35-tdi-s-tronic-business/182108185,18990,6,2020,155000,automatico,Diesel,150,Business,Base,35 TDI,Rivenditore,131,zero branco,31059,Veneto,Nord-est
Audi A3 SPB 35 TDI S tronic Business,https://www.automobile.it/giugliano-campania-audi-a3-spb-35-tdi-s-tronic-business/182187665,18990,5,2021,205000,automatico,Diesel,150,Business,Base,35 TDI,Rivenditore,484,giugliano campania,80014,Campania,Sud
AUDI A3 SPB 35 TDI Business Advanced,https://www.automobile.it/alcamo-audi-a3-spb-35-tdi-business-advanced/184479800,18990,4,2022,141000,automatico,Diesel,150,Business Advanced,Middle,35 TDI,Rivenditore,757,alcamo,91011,Sicilia,Isole
AUDI A3 SPB 30 TFSI S tronic,https://www.automobile.it/torino-audi-a3-spb-30-tfsi-s-tronic/184603686,18990,5,2021,98291,automatico,Ibrido,110,S,Performance,30 TFSI,Rivenditore,276,torino,10121,Piemonte,Nord-ovest
Audi A3 SPB 35 TDI S tronic Design,https://www.automobile.it/forli-audi-a3-spb-35-tdi-s-tronic-design/184584346,19000,6,2020,102000,automatico,Diesel,150,Design,Middle,35 TDI,Rivenditore,87,forli,47121,Emilia-Romagna,Nord-est
AUDI A3 SPB 30 TDI Business Advanced,https://www.automobile.it/cosenza-audi-a3-spb-30-tdi-business-advanced/184630536,19099,4,2022,139805,manuale,Diesel,116,Business Advanced,Middle,30 TDI,Rivenditore,731,cosenza,87100,Calabria,Sud
AUDI A3 SPB 30 TDI Business Advanced,https://www.automobile.it/beinasco-audi-a3-spb-30-tdi-business-advanced/184633227,19099,4,2022,139805,manuale,Diesel,116,Business Advanced,Middle,30 TDI,Rivenditore,283,beinasco,10092,Piemonte,Nord-ovest
AUDI A3 SPB 30 TDI Business Advanced,https://www.automobile.it/firenze-audi-a3-spb-30-tdi-business-advanced/184633294,19099,4,2022,139805,manuale,Diesel,116,Business Advanced,Middle,30 TDI,Rivenditore,99,firenze,50121,Toscana,Centro
AUDI A3 SPB 30 TDI Business Advanced,https://www.automobile.it/bari-audi-a3-spb-30-tdi-business-advanced/184633864,19099,4,2022,139805,manuale,Diesel,116,Business Advanced,Middle,30 TDI,Rivenditore,611,bari,70121,Puglia,Sud
AUDI A3 SPB 30 TDI Business Advanced,https://www.automobile.it/venezia-audi-a3-spb-30-tdi-business-advanced/184634013,19099,4,2022,139805,manuale,Diesel,116,Business Advanced,Middle,30 TDI,Rivenditore,127,venezia,30121,Veneto,Nord-est
AUDI A3 SPB 30 TDI Business Advanced,https://www.automobile.it/palermo-audi-a3-spb-30-tdi-business-advanced/184633642,19099,4,2022,139805,manuale,Diesel,116,Business Advanced,Middle,30 TDI,Rivenditore,750,palermo,90121,Sicilia,Isole
AUDI A3 SPB 30 TDI Business Advanced,https://www.automobile.it/verona-audi-a3-spb-30-tdi-business-advanced/184632890,19099,4,2022,139805,manuale,Diesel,116,Business Advanced,Middle,30 TDI,Rivenditore,86,verona,37121,Veneto,Nord-est
AUDI A3 SPB 30 TDI Business Advanced,https://www.automobile.it/catania-audi-a3-spb-30-tdi-business-advanced/184632818,19099,4,2022,139805,manuale,Diesel,116,Business Advanced,Middle,30 TDI,Rivenditore,861,catania,95121,Sicilia,Isole
AUDI A3 SPB 30 TDI Business Advanced,https://www.automobile.it/sassari-audi-a3-spb-30-tdi-business-advanced/184633548,19099,4,2022,139805,manuale,Diesel,116,Business Advanced,Middle,30 TDI,Rivenditore,485,sassari,7100,Sardegna,Isole
AUDI A3 SPB 30 TDI Business Advanced,https://www.automobile.it/roma-audi-a3-spb-30-tdi-business-advanced/184633741,19099,4,2022,139805,manuale,Diesel,116,Business Advanced,Middle,30 TDI,Rivenditore,326,roma,118,Lazio,Centro
AUDI A3 SPB 30 TDI Business Advanced,https://www.automobile.it/collesalvetti-audi-a3-spb-30-tdi-business-advanced/184639660,19099,4,2022,139805,manuale,Diesel,116,Business Advanced,Middle,30 TDI,Rivenditore,130,collesalvetti,57014,Toscana,Centro
AUDI A3 SPB 30 TDI Business Advanced,https://www.automobile.it/milano-audi-a3-spb-30-tdi-business-advanced/184641168,19099,4,2022,139805,manuale,Diesel,116,Business Advanced,Middle,30 TDI,Rivenditore,177,milano,20121,Lombardia,Nord-ovest
Audi A3 SPB 35 TFSI Business IVA DETRAIBILE,https://www.automobile.it/oleggio-audi-a3-spb-35-tfsi-business-iva-detraibile/184459553,19100,3,2023,114700,manuale,Benzina,150,Business,Base,35 TFSI,Rivenditore,222,oleggio,28047,Piemonte,Nord-ovest
AUDI A3 4ª serie - A3 SPB 30 TDI Business,https://www.automobile.it/capannori-audi-a3-4-serie-a3-spb-30-tdi-business/184300098,19250,5,2021,110820,manuale,Diesel,116,Business,Base,30 TDI,Rivenditore,101,capannori,55012,Toscana,Centro
AUDI A3 4ª serie - A3 SPB 30 TDI Business,https://www.automobile.it/vinci-audi-a3-4-serie-a3-spb-30-tdi-business/184296994,19250,5,2021,110820,manuale,Diesel,116,Business,Base,30 TDI,Rivenditore,98,vinci,50059,Toscana,Centro
Audi A3 AZIENDALE SPB 30 TDI Bus. Adv. COME NUOVA,https://www.automobile.it/quartu-sant-elena-audi-a3-aziendale-spb-30-tdi-bus-adv-nuova/183816416,19300,4,2022,129000,automatico,Diesel,116,S,Performance,30 TDI,Rivenditore,623,quartu sant elena,9045,Sardegna,Isole
Audi A3 AZIENDALE SPB 30 TDI 116CV Adv. COME NUOVA,https://www.automobile.it/quartu-sant-elena-audi-a3-aziendale-spb-30-tdi-116cv-adv-nuova/184404024,19350,4,2022,129000,automatico,Diesel,116,S,Performance,30 TDI,Rivenditore,623,quartu sant elena,9045,Sardegna,Isole
AUDI A3 SPB 30 TFSI S tronic Business,https://www.automobile.it/sesto-san-giovanni-audi-a3-spb-30-tfsi-s-tronic-business/184581000,19400,4,2022,82000,automatico,Ibrido,110,Business,Base,30 TFSI,Rivenditore,177,sesto san giovanni,20099,Lombardia,Nord-ovest
Audi A3 SPB 30 TDI Business,https://www.automobile.it/marostica-audi-a3-spb-30-tdi-business/184569056,19490,5,2021,73900,manuale,Diesel,116,Business,Base,30 TDI,Rivenditore,127,marostica,36063,Veneto,Nord-est
Audi A3 SPB 30 TDI S tronic line edition,https://www.automobile.it/ferrara-audi-a3-spb-30-tdi-s-tronic-line-edition/184288298,19495,4,2022,183626,automatico,Diesel,116,S,Performance,30 TDI,Rivenditore,42,ferrara,44121,Emilia-Romagna,Nord-est
Audi A3 SPB 30 TDI S tronic Business Advanced,https://www.automobile.it/somma-vesuviana-audi-a3-spb-30-tdi-s-tronic-business-advanced/184600044,19499,5,2021,138000,automatico,Diesel,116,Business Advanced,Middle,30 TDI,Rivenditore,500,somma vesuviana,80049,Campania,Sud
AUDI A3 Sedan 30 TDI Business Advanced,https://www.automobile.it/san-michele-salentino-audi-a3-sedan-30-tdi-business-advanced/184429247,19800,4,2022,110098,manuale,Diesel,116,Business Advanced,Middle,30 TDI,Rivenditore,695,san michele salentino,72018,Puglia,Sud
Audi A3 SPB 30 TDI Business,https://www.automobile.it/valbrevenna-audi-a3-spb-30-tdi-business/183499892,19800,5,2021,77000,manuale,Diesel,116,Business,Base,30 TDI,Rivenditore,164,valbrevenna,16010,Liguria,Nord-ovest
Audi A3 SPB 35 TDI S tronic Business,https://www.automobile.it/maglie-audi-a3-spb-35-tdi-s-tronic-business/184591529,19800,5,2021,120000,automatico,Diesel,150,Business,Base,35 TDI,Rivenditore,775,maglie,73024,Puglia,Sud
AUDI A3 SPB 35 TDI S tronic Admired,https://www.automobile.it/milano-audi-a3-spb-35-tdi-s-tronic-admired/184583004,19899,6,2020,97446,automatico,Diesel,150,S,Performance,35 TDI,Rivenditore,177,milano,20121,Lombardia,Nord-ovest
AUDI A3 SPB 35 TDI S tronic Admired,https://www.automobile.it/collesalvetti-audi-a3-spb-35-tdi-s-tronic-admired/184580703,19899,6,2020,97446,automatico,Diesel,150,S,Performance,35 TDI,Rivenditore,130,collesalvetti,57014,Toscana,Centro
AUDI A3 SPB 35 TDI S tronic Admired,https://www.automobile.it/beinasco-audi-a3-spb-35-tdi-s-tronic-admired/184593698,19899,6,2020,97446,automatico,Diesel,150,S,Performance,35 TDI,Rivenditore,283,beinasco,10092,Piemonte,Nord-ovest
AUDI A3 SPB 35 TDI S tronic Admired,https://www.automobile.it/sassari-audi-a3-spb-35-tdi-s-tronic-admired/184594731,19899,6,2020,97446,automatico,Diesel,150,S,Performance,35 TDI,Rivenditore,485,sassari,7100,Sardegna,Isole
AUDI A3 SPB 35 TDI S tronic Admired,https://www.automobile.it/catania-audi-a3-spb-35-tdi-s-tronic-admired/184592746,19899,6,2020,97446,automatico,Diesel,150,S,Performance,35 TDI,Rivenditore,861,catania,95121,Sicilia,Isole
AUDI A3 SPB 35 TDI S tronic Admired,https://www.automobile.it/casoria-audi-a3-spb-35-tdi-s-tronic-admired/184592996,19899,6,2020,97446,automatico,Diesel,150,S,Performance,35 TDI,Rivenditore,490,casoria,80026,Campania,Sud
AUDI A3 SPB 35 TDI S tronic Admired,https://www.automobile.it/verona-audi-a3-spb-35-tdi-s-tronic-admired/184593508,19899,6,2020,97446,automatico,Diesel,150,S,Performance,35 TDI,Rivenditore,86,verona,37121,Veneto,Nord-est
AUDI A3 SPB 35 TDI S tronic Admired,https://www.automobile.it/firenze-audi-a3-spb-35-tdi-s-tronic-admired/184596379,19899,6,2020,97446,automatico,Diesel,150,S,Performance,35 TDI,Rivenditore,99,firenze,50121,Toscana,Centro
AUDI A3 SPB 35 TDI S tronic Admired,https://www.automobile.it/palermo-audi-a3-spb-35-tdi-s-tronic-admired/184597987,19899,6,2020,97446,automatico,Diesel,150,S,Performance,35 TDI,Rivenditore,750,palermo,90121,Sicilia,Isole
AUDI A3 SPB 35 TDI S tronic Admired,https://www.automobile.it/venezia-audi-a3-spb-35-tdi-s-tronic-admired/184598080,19899,6,2020,97446,automatico,Diesel,150,S,Performance,35 TDI,Rivenditore,127,venezia,30121,Veneto,Nord-est
AUDI A3 SPB 35 TDI S tronic Admired,https://www.automobile.it/cagliari-audi-a3-spb-35-tdi-s-tronic-admired/184594198,19899,6,2020,97446,automatico,Diesel,150,S,Performance,35 TDI,Rivenditore,628,cagliari,9121,Sardegna,Isole
AUDI A3 SPB 35 TDI S tronic Admired,https://www.automobile.it/cosenza-audi-a3-spb-35-tdi-s-tronic-admired/184588673,19899,6,2020,97446,automatico,Diesel,150,S,Performance,35 TDI,Rivenditore,731,cosenza,87100,Calabria,Sud
AUDI A3 SPB 35 TDI S tronic Admired,https://www.automobile.it/roma-audi-a3-spb-35-tdi-s-tronic-admired/184595580,19899,6,2020,97446,automatico,Diesel,150,S,Performance,35 TDI,Rivenditore,326,roma,118,Lazio,Centro
Audi A3 SPB 35 TFSI COD S tronic 150cv,https://www.automobile.it/robassomero-audi-a3-spb-35-tfsi-cod-s-tronic-150cv/183617457,19900,6,2020,63000,automatico,Benzina,150,S,Performance,35 TFSI,Rivenditore,287,robassomero,10070,Piemonte,Nord-ovest
Audi A3 30 TDI Business,https://www.automobile.it/bologna-audi-a3-30-tdi-business/183806155,19900,5,2021,121080,manuale,Diesel,116,Business,Base,30 TDI,Rivenditore,25,bologna,40121,Emilia-Romagna,Nord-est
Audi A3 30 TDI Business,https://www.automobile.it/bologna-audi-a3-30-tdi-business/180337145,19900,5,2021,121080,manuale,Diesel,116,Business,Base,30 TDI,Rivenditore,25,bologna,40121,Emilia-Romagna,Nord-est
AUDI A3 35 TDI 2.0 150 CV S-TRONIC,https://www.automobile.it/fasano-audi-a3-35-tdi-2-0-150-cv-s-tronic/184384113,19900,4,2022,133000,automatico,Diesel,150,S,Performance,35 TDI,Rivenditore,663,fasano,72015,Puglia,Sud
Audi A3 SPB 30 TDI S line edition,https://www.automobile.it/spezzano-sila-audi-a3-spb-30-tdi-s-line-edition/184557718,19900,4,2022,149000,manuale,Diesel,116,S line,Sport,30 TDI,Rivenditore,735,spezzano sila,87058,Calabria,Sud
Audi A3 SPB 30 TDI Business Advanced,https://www.automobile.it/aradeo-audi-a3-spb-30-tdi-business-advanced/184559305,19900,5,2021,160000,automatico,Diesel,116,Business Advanced,Middle,30 TDI,Rivenditore,765,aradeo,73040,Puglia,Sud
Audi A3 2021 SPB 35 TDI S tronic Advanced,https://www.automobile.it/misilmeri-audi-a3-2021-spb-35-tdi-s-tronic-advanced/184541835,19900,5,2021,186000,automatico,Diesel,150,Advanced,Middle,35 TDI,Rivenditore,761,misilmeri,90036,Sicilia,Isole
AUDI A3 SPB 30 TDI Business,https://www.automobile.it/matera-audi-a3-spb-30-tdi-business/183475897,19900,6,2020,99542,manuale,Diesel,116,Business,Base,30 TDI,Rivenditore,630,matera,75100,Basilicata,Sud
Audi A3 SPB 35 TDI S tronic Business,https://www.automobile.it/taranto-audi-a3-spb-35-tdi-s-tronic-business/184536545,19900,4,2022,143000,automatico,Diesel,150,Business,Base,35 TDI,Rivenditore,683,taranto,74121,Puglia,Sud
Audi A3 Sedan 30 TDI S line edition,https://www.automobile.it/poggiomarino-audi-a3-sedan-30-tdi-s-line-edition/184517107,19900,6,2020,88747,manuale,Diesel,116,S line,Sport,30 TDI,Rivenditore,512,poggiomarino,80040,Campania,Sud
Audi A3 SPB 35 TDI 150CV S-TRONIC S-LINE MY 22 -FULL LED,https://www.automobile.it/solofra-audi-a3-spb-35-tdi-150cv-s-tronic-s-line-my-22-full-led/184600391,19900,5,2021,139000,automatico,Diesel,150,S line,Sport,35 TDI,Rivenditore,523,solofra,83029,Campania,Sud
Audi A3 SPB 35 TDI 150 CV - SPORT - S-TRONIC MY 22,https://www.automobile.it/solofra-audi-a3-spb-35-tdi-150-cv-sport-s-tronic-my-22/184600389,19900,5,2021,149000,automatico,Diesel,150,Sport,Middle,35 TDI,Rivenditore,523,solofra,83029,Campania,Sud
Audi A3 SPB 30 TDI Business,https://www.automobile.it/misilmeri-audi-a3-spb-30-tdi-business/184614660,19900,4,2022,146000,manuale,Diesel,116,Business,Base,30 TDI,Rivenditore,761,misilmeri,90036,Sicilia,Isole
Audi A3 SPB 35 TDI S tronic Business Advanced,https://www.automobile.it/cagliari-audi-a3-spb-35-tdi-s-tronic-business-advanced/184457895,19900,5,2021,149000,automatico,Diesel,150,Business Advanced,Middle,35 TDI,Rivenditore,628,cagliari,9121,Sardegna,Isole
Audi A3 SPB 30 TDI Business,https://www.automobile.it/cattolica-eraclea-audi-a3-spb-30-tdi-business/184262422,19960,4,2022,114897,manuale,Diesel,116,Business,Base,30 TDI,Rivenditore,824,cattolica eraclea,92011,Sicilia,Isole
AUDI A3 SPB 30 TDI S line edition,https://www.automobile.it/san-dona-piave-audi-a3-spb-30-tdi-s-line-edition/184522564,19990,4,2022,149990,automatico,Diesel,116,S line,Sport,30 TDI,Rivenditore,155,san dona piave,30027,Veneto,Nord-est
Audi A3 SPB 30 TDI S tronic Business Advanced,https://www.automobile.it/somma-vesuviana-audi-a3-spb-30-tdi-s-tronic-business-advanced/184600042,19990,4,2022,135000,automatico,Diesel,116,Business Advanced,Middle,30 TDI,Rivenditore,500,somma vesuviana,80049,Campania,Sud
AUDI A3 4ª serie A3 SPB 30 TDI Business Advanced,https://www.automobile.it/nuoro-audi-a3-4-serie-a3-spb-30-tdi-business-advanced/184630765,19990,5,2021,160000,manuale,Diesel,116,Business Advanced,Middle,30 TDI,Rivenditore,504,nuoro,8100,Sardegna,Isole
Audi A3 SPB 35 TDI S tronic bussines,https://www.automobile.it/roma-audi-a3-spb-35-tdi-s-tronic-bussines/184478107,19999,6,2020,98000,automatico,Diesel,150,S,Performance,35 TDI,Rivenditore,326,roma,118,Lazio,Centro
Audi A3 SPB S- Line 35 TDI S Tronic,https://www.automobile.it/volla-audi-a3-spb-s-line-35-tdi-s-tronic/184591856,19999,6,2020,184000,automatico,Diesel,150,S,Performance,35 TDI,Rivenditore,495,volla,80040,Campania,Sud
AUDI A3 SPB 35 TDI S tronic Business Advanced,https://www.automobile.it/roma-audi-a3-spb-35-tdi-s-tronic-business-advanced/184500138,19999,4,2022,136459,automatico,Diesel,150,Business Advanced,Middle,35 TDI,Rivenditore,326,roma,118,Lazio,Centro
AUDI A3 SPB 35 TDI S tronic Business Advanced,https://www.automobile.it/bologna-audi-a3-spb-35-tdi-s-tronic-business-advanced/184499503,19999,4,2022,136459,automatico,Diesel,150,Business Advanced,Middle,35 TDI,Rivenditore,25,bologna,40121,Emilia-Romagna,Nord-est
AUDI A3 SPB 35 TDI S tronic Business Advanced,https://www.automobile.it/sassari-audi-a3-spb-35-tdi-s-tronic-business-advanced/184500078,19999,4,2022,136459,automatico,Diesel,150,Business Advanced,Middle,35 TDI,Rivenditore,485,sassari,7100,Sardegna,Isole
AUDI A3 SPB 35 TDI S tronic Business Advanced,https://www.automobile.it/palermo-audi-a3-spb-35-tdi-s-tronic-business-advanced/184499825,19999,4,2022,136459,automatico,Diesel,150,Business Advanced,Middle,35 TDI,Rivenditore,750,palermo,90121,Sicilia,Isole
AUDI A3 SPB 35 TDI S tronic Business Advanced,https://www.automobile.it/cagliari-audi-a3-spb-35-tdi-s-tronic-business-advanced/184500011,19999,4,2022,136459,automatico,Diesel,150,Business Advanced,Middle,35 TDI,Rivenditore,628,cagliari,9121,Sardegna,Isole
AUDI A3 SPB 35 TDI S tronic Business Advanced,https://www.automobile.it/firenze-audi-a3-spb-35-tdi-s-tronic-business-advanced/184507933,19999,4,2022,136459,automatico,Diesel,150,Business Advanced,Middle,35 TDI,Rivenditore,99,firenze,50121,Toscana,Centro
AUDI A3 SPB 35 TDI S tronic Business Advanced,https://www.automobile.it/venezia-audi-a3-spb-35-tdi-s-tronic-business-advanced/184500815,19999,4,2022,136459,automatico,Diesel,150,Business Advanced,Middle,35 TDI,Rivenditore,127,venezia,30121,Veneto,Nord-est
AUDI A3 SPB 35 TDI S tronic Business Advanced,https://www.automobile.it/bari-audi-a3-spb-35-tdi-s-tronic-business-advanced/184500618,19999,4,2022,136459,automatico,Diesel,150,Business Advanced,Middle,35 TDI,Rivenditore,611,bari,70121,Puglia,Sud
AUDI A3 SPB 35 TDI S tronic Business Advanced,https://www.automobile.it/cosenza-audi-a3-spb-35-tdi-s-tronic-business-advanced/184505470,19999,4,2022,136459,automatico,Diesel,150,Business Advanced,Middle,35 TDI,Rivenditore,731,cosenza,87100,Calabria,Sud
AUDI A3 SPB 35 TDI S tronic Business Advanced,https://www.automobile.it/catania-audi-a3-spb-35-tdi-s-tronic-business-advanced/184498508,19999,4,2022,136459,automatico,Diesel,150,Business Advanced,Middle,35 TDI,Rivenditore,861,catania,95121,Sicilia,Isole
AUDI A3 SPB 35 TDI S tronic Business Advanced,https://www.automobile.it/verona-audi-a3-spb-35-tdi-s-tronic-business-advanced/184499231,19999,4,2022,136459,automatico,Diesel,150,Business Advanced,Middle,35 TDI,Rivenditore,86,verona,37121,Veneto,Nord-est
AUDI A3 SPB 35 TDI S tronic Business Advanced,https://www.automobile.it/beinasco-audi-a3-spb-35-tdi-s-tronic-business-advanced/184498984,19999,4,2022,136459,automatico,Diesel,150,Business Advanced,Middle,35 TDI,Rivenditore,283,beinasco,10092,Piemonte,Nord-ovest
Audi A3 SPB 40 TFSI e S tronic Business,https://www.automobile.it/marigliano-audi-a3-spb-40-tfsi-s-tronic-business/183873981,20000,4,2022,120000,automatico,Ibrido,204,Business,Base,40 TFSI e,Rivenditore,496,marigliano,80034,Campania,Sud
AUDI A3 SPB 30 TFSI S tronic Business,https://www.automobile.it/mazzano-audi-a3-spb-30-tfsi-s-tronic-business/184382678,20300,4,2022,76443,automatico,Ibrido,110,Business,Base,30 TFSI,Rivenditore,111,mazzano,25080,Lombardia,Nord-ovest
Audi A3 SPB 30 TDI Admired 116 CV S-Line KM 26000,https://www.automobile.it/castelplanio-audi-a3-spb-30-tdi-admired-116-cv-s-line-km-26000/184548510,20490,6,2020,26000,manuale,Diesel,116,S line,Sport,30 TDI,Rivenditore,203,castelplanio,60031,Marche,Centro
Audi A3 SPB 30 TDI LED-VIRTUAL COCKPIT-NAVI 2022,https://www.automobile.it/licata-audi-a3-spb-30-tdi-led-virtual-cockpit-navi-2022/184573266,20490,4,2022,139000,manuale,Diesel,116,S,Performance,30 TDI,Rivenditore,872,licata,92027,Sicilia,Isole
Audi A3 SPB 40 TFSI e S tronic Business,https://www.automobile.it/roma-audi-a3-spb-40-tfsi-s-tronic-business/184584302,20490,4,2022,100000,automatico,Ibrido,204,Business,Base,40 TFSI e,Rivenditore,326,roma,118,Lazio,Centro
AUDI A3 SPB 30 TDI S tronic Business,https://www.automobile.it/perugia-audi-a3-spb-30-tdi-s-tronic-business/183599858,20500,4,2022,115000,automatico,Diesel,116,Business,Base,30 TDI,Rivenditore,200,perugia,6121,Umbria,Centro
AUDI A3 SPB 30 TFSI S tronic Business HYBRID,https://www.automobile.it/sarzana-audi-a3-spb-30-tfsi-s-tronic-business-hybrid/184277570,20500,5,2021,49672,automatico,Ibrido,110,Business,Base,30 TFSI,Rivenditore,111,sarzana,19038,Liguria,Nord-ovest
Audi A3 SPB 30 TDI Business Advanced,https://www.automobile.it/spoltore-audi-a3-spb-30-tdi-business-advanced/184517115,20500,4,2022,94598,automatico,Diesel,116,Business Advanced,Middle,30 TDI,Rivenditore,345,spoltore,65010,Abruzzo,Sud
Audi A3 business 1.0 30 TFSI #11906,https://www.automobile.it/mazzano-audi-a3-business-1-0-30-tfsi-11906/184205247,20500,5,2021,56900,automatico,Ibrido,110,Business,Base,30 TFSI,Rivenditore,111,mazzano,25080,Lombardia,Nord-ovest
AUDI A3 4ª serie A3 SPB 35 TDI S tronic S line...,https://www.automobile.it/lucca-audi-a3-4-serie-a3-spb-35-tdi-s-tronic-s-line/184565321,20500,6,2020,105000,automatico,Diesel,150,S line,Sport,35 TDI,Rivenditore,104,lucca,55100,Toscana,Centro
Audi A3 SPB 30 TFSI S tronic line edition,https://www.automobile.it/dalmine-audi-a3-spb-30-tfsi-s-tronic-line-edition/184628091,20500,5,2021,106000,automatico,Ibrido,110,S,Performance,30 TFSI,Rivenditore,162,dalmine,24044,Lombardia,Nord-ovest
AUDI A3 SPB 35 TFSI S tronic Business Advanced,https://www.automobile.it/milano-audi-a3-spb-35-tfsi-s-tronic-business-advanced/184604486,20599,5,2021,85325,automatico,Ibrido,150,Business Advanced,Middle,35 TFSI,Rivenditore,177,milano,20121,Lombardia,Nord-ovest
AUDI A3 SPB 35 TFSI S tronic Business Advanced,https://www.automobile.it/catania-audi-a3-spb-35-tfsi-s-tronic-business-advanced/184615009,20599,5,2021,85325,automatico,Ibrido,150,Business Advanced,Middle,35 TFSI,Rivenditore,861,catania,95121,Sicilia,Isole
AUDI A3 SPB 35 TFSI S tronic Business Advanced,https://www.automobile.it/verona-audi-a3-spb-35-tfsi-s-tronic-business-advanced/184615390,20599,5,2021,85325,automatico,Ibrido,150,Business Advanced,Middle,35 TFSI,Rivenditore,86,verona,37121,Veneto,Nord-est
AUDI A3 SPB 35 TFSI S tronic Business Advanced,https://www.automobile.it/beinasco-audi-a3-spb-35-tfsi-s-tronic-business-advanced/184615608,20599,5,2021,85325,automatico,Ibrido,150,Business Advanced,Middle,35 TFSI,Rivenditore,283,beinasco,10092,Piemonte,Nord-ovest
AUDI A3 SPB 35 TFSI S tronic Business Advanced,https://www.automobile.it/cosenza-audi-a3-spb-35-tfsi-s-tronic-business-advanced/184611542,20599,5,2021,85325,automatico,Ibrido,150,Business Advanced,Middle,35 TFSI,Rivenditore,731,cosenza,87100,Calabria,Sud
AUDI A3 SPB 35 TFSI S tronic Business Advanced,https://www.automobile.it/collesalvetti-audi-a3-spb-35-tfsi-s-tronic-business-advanced/184611304,20599,5,2021,85325,automatico,Ibrido,150,Business Advanced,Middle,35 TFSI,Rivenditore,130,collesalvetti,57014,Toscana,Centro
AUDI A3 SPB 35 TFSI S tronic Business Advanced,https://www.automobile.it/palermo-audi-a3-spb-35-tfsi-s-tronic-business-advanced/184616341,20599,5,2021,85325,automatico,Ibrido,150,Business Advanced,Middle,35 TFSI,Rivenditore,750,palermo,90121,Sicilia,Isole
AUDI A3 SPB 35 TFSI S tronic Business Advanced,https://www.automobile.it/bologna-audi-a3-spb-35-tfsi-s-tronic-business-advanced/184616405,20599,5,2021,85325,automatico,Ibrido,150,Business Advanced,Middle,35 TFSI,Rivenditore,25,bologna,40121,Emilia-Romagna,Nord-est
AUDI A3 SPB 35 TFSI S tronic Business Advanced,https://www.automobile.it/cagliari-audi-a3-spb-35-tfsi-s-tronic-business-advanced/184616472,20599,5,2021,85325,automatico,Ibrido,150,Business Advanced,Middle,35 TFSI,Rivenditore,628,cagliari,9121,Sardegna,Isole
AUDI A3 SPB 35 TFSI S tronic Business Advanced,https://www.automobile.it/sassari-audi-a3-spb-35-tfsi-s-tronic-business-advanced/184616763,20599,5,2021,85325,automatico,Ibrido,150,Business Advanced,Middle,35 TFSI,Rivenditore,485,sassari,7100,Sardegna,Isole
AUDI A3 SPB 35 TFSI S tronic Business Advanced,https://www.automobile.it/casoria-audi-a3-spb-35-tfsi-s-tronic-business-advanced/184615664,20599,5,2021,85325,automatico,Ibrido,150,Business Advanced,Middle,35 TFSI,Rivenditore,490,casoria,80026,Campania,Sud
AUDI A3 SPB 35 TFSI S tronic Business Advanced,https://www.automobile.it/roma-audi-a3-spb-35-tfsi-s-tronic-business-advanced/184616943,20599,5,2021,85325,automatico,Ibrido,150,Business Advanced,Middle,35 TFSI,Rivenditore,326,roma,118,Lazio,Centro
AUDI A3 SPB 35 TFSI S tronic Business Advanced,https://www.automobile.it/bari-audi-a3-spb-35-tfsi-s-tronic-business-advanced/184617483,20599,5,2021,85325,automatico,Ibrido,150,Business Advanced,Middle,35 TFSI,Rivenditore,611,bari,70121,Puglia,Sud
AUDI A3 SPB 35 TFSI S tronic Business Advanced,https://www.automobile.it/venezia-audi-a3-spb-35-tfsi-s-tronic-business-advanced/184617589,20599,5,2021,85325,automatico,Ibrido,150,Business Advanced,Middle,35 TFSI,Rivenditore,127,venezia,30121,Veneto,Nord-est
AUDI A3 SPB 30 TFSI ANCHE NEOPATENTATI,https://www.automobile.it/russi-audi-a3-spb-30-tfsi-neopatentati/184445814,20650,3,2023,67373,manuale,Benzina,110,S,Performance,30 TFSI,Rivenditore,78,russi,48026,Emilia-Romagna,Nord-est
"AUDI A3 SPB 35 TFSI S tronic Business Advanced +18""",https://www.automobile.it/castello-godego-audi-a3-spb-35-tfsi-s-tronic-business-advanced-18/184640261,20700,6,2020,84000,automatico,Ibrido,150,Business Advanced,Middle,35 TFSI,Rivenditore,128,castello godego,31030,Veneto,Nord-est
AUDI A3 SPB 30 TDI S tronic S Line Edition,https://www.automobile.it/mesagne-audi-a3-spb-30-tdi-s-tronic-s-line-edition/184620318,20800,4,2022,147315,automatico,Diesel,116,S line,Sport,30 TDI,Rivenditore,712,mesagne,72023,Puglia,Sud
AUDI A3 35 TDI 2.0 150 CV S line,https://www.automobile.it/casarano-audi-a3-35-tdi-2-0-150-cv-s-line/184516589,20800,6,2020,118000,manuale,Diesel,150,S line,Sport,35 TDI,Rivenditore,775,casarano,73042,Puglia,Sud
Audi A3 A3 SPB 35 TDI S tronic Business Advanced,https://www.automobile.it/parma-audi-a3-a3-spb-35-tdi-s-tronic-business-advanced/180990794,20900,5,2021,98000,automatico,Diesel,150,Business Advanced,Middle,35 TDI,Rivenditore,65,parma,43121,Emilia-Romagna,Nord-est
Audi A3 SPB 40 TFSI e S tronic Business Advanced,https://www.automobile.it/mussolente-audi-a3-spb-40-tfsi-s-tronic-business-advanced/183196613,20900,5,2021,91000,automatico,Ibrido,204,Business Advanced,Middle,40 TFSI e,Rivenditore,134,mussolente,36065,Veneto,Nord-est
Audi A3 SPB 35 TDI S tronic Admired Identity Black,https://www.automobile.it/olgiate-comasco-audi-a3-spb-35-tdi-s-tronic-admired-identity-black/184418873,20900,6,2020,74000,automatico,Diesel,150,Identity,Middle,35 TDI,Rivenditore,210,olgiate comasco,22077,Lombardia,Nord-ovest
AUDI A3 SPB 30 TFSI S line edition UNIPRO*ITA*2021,https://www.automobile.it/fonte-nuova-audi-a3-spb-30-tfsi-s-line-edition-unipro-ita-2021/184512762,20900,5,2021,95000,manuale,Benzina,110,S line,Sport,30 TFSI,Rivenditore,319,fonte nuova,13,Lazio,Centro
Audi A3 SPB 30 TDI S tronic - 2021,https://www.automobile.it/montano-lucino-audi-a3-spb-30-tdi-s-tronic-2021/184518998,20900,5,2021,99000,automatico,Diesel,116,S,Performance,30 TDI,Rivenditore,206,montano lucino,22070,Lombardia,Nord-ovest
AUDI A3 SPB 30 TDI S line edition,https://www.automobile.it/porto-san-giorgio-audi-a3-spb-30-tdi-s-line-edition/183500571,20900,6,2020,169000,manuale,Diesel,116,S line,Sport,30 TDI,Rivenditore,269,porto san giorgio,63822,Marche,Centro
AUDI A3 SPORTBACK 30 TFSI S tr. Bus. Adv. GRIMALDI SP.DAY,https://www.automobile.it/vigevano-audi-a3-sportback-30-tfsi-s-tr-bus-adv-grimaldi-sp-day/184530224,20900,3,2023,75188,automatico,Ibrido,110,Sport,Middle,30 TFSI,Rivenditore,193,vigevano,27029,Lombardia,Nord-ovest
AUDI A3 4ª serie A3 SPB 30 TDI,https://www.automobile.it/milano-audi-a3-4-serie-a3-spb-30-tdi/184597108,20900,6,2020,92724,manuale,Diesel,116,S,Performance,30 TDI,Rivenditore,177,milano,20121,Lombardia,Nord-ovest
AUDI A3 4ª serie A3 SPB 30 TDI,https://www.automobile.it/roma-audi-a3-4-serie-a3-spb-30-tdi/184597756,20900,6,2020,92724,manuale,Diesel,116,S,Performance,30 TDI,Rivenditore,326,roma,118,Lazio,Centro
Audi A3 SPB 30 TDI S line edition,https://www.automobile.it/santa-teresa-riva-audi-a3-spb-30-tdi-s-line-edition/184591363,20900,6,2020,106400,manuale,Diesel,116,S line,Sport,30 TDI,Rivenditore,825,santa teresa riva,98028,Sicilia,Isole
Audi A3 SPB 30 TDI,https://www.automobile.it/chiaravalle-audi-a3-spb-30-tdi/184403003,20900,6,2020,103000,manuale,Diesel,116,S,Performance,30 TDI,Rivenditore,211,chiaravalle,60033,Marche,Centro
AUDI A3 4ª serie A3 SPB 30 TDI,https://www.automobile.it/verona-audi-a3-4-serie-a3-spb-30-tdi/184598618,20900,6,2020,92724,manuale,Diesel,116,S,Performance,30 TDI,Rivenditore,86,verona,37121,Veneto,Nord-est
Audi A3 SPB 30 TDI 116 CV - S-LINE - S-TRONIC MY 22 TOTAL BLAK,https://www.automobile.it/solofra-audi-a3-spb-30-tdi-116-cv-s-line-s-tronic-my-22-total-blak/184600388,20900,5,2021,139000,automatico,Diesel,116,S line,Sport,30 TDI,Rivenditore,523,solofra,83029,Campania,Sud
Audi A3 SPB 30 TDI S line edition Tagliandi,https://www.automobile.it/campodipietra-audi-a3-spb-30-tdi-s-line-edition-tagliandi/184586498,20950,6,2020,110000,manuale,Diesel,116,S line,Sport,30 TDI,Rivenditore,453,campodipietra,86010,Molise,Sud
AUDI A3 30 TDI S TRONIC BUSINESS ADVANCED NAV/MATRIX/RETRO,https://www.automobile.it/guagnano-audi-a3-30-tdi-s-tronic-business-advanced-nav-matrix-retro/184547256,20990,5,2021,123000,automatico,Diesel,116,Business Advanced,Middle,30 TDI,Rivenditore,732,guagnano,73010,Puglia,Sud
Audi A3 SPB 30 TDI S tronic line edition,https://www.automobile.it/erchie-audi-a3-spb-30-tdi-s-tronic-line-edition/184554655,20990,4,2022,150000,automatico,Diesel,116,S,Performance,30 TDI,Rivenditore,716,erchie,72020,Puglia,Sud
AUDI A3 SPB 35 TDI S tronic Business Advanced,https://www.automobile.it/noale-audi-a3-spb-35-tdi-s-tronic-business-advanced/184588044,20990,5,2021,136000,automatico,Diesel,150,Business Advanced,Middle,35 TDI,Rivenditore,123,noale,30033,Veneto,Nord-est
Audi A3 SPB 35 TDI S tronic 150cv uniproprietario,https://www.automobile.it/san-casciano-val-pesa-audi-a3-spb-35-tdi-s-tronic-150cv-uniproprietario/184632963,20999,4,2022,76000,automatico,Diesel,150,S,Performance,35 TDI,Rivenditore,112,san casciano val pesa,50026,Toscana,Centro
A3 SPB 30TDI S tronic advanced ok neopatenti,https://www.automobile.it/forlimpopoli-a3-spb-30tdi-s-tronic-advanced-ok-neopatenti/184503924,21000,3,2023,95000,automatico,Diesel,116,Advanced,Middle,30 TDI,Rivenditore,95,forlimpopoli,47034,Emilia-Romagna,Nord-est
Audi A3 30 TFSI,https://www.automobile.it/villorba-audi-a3-30-tfsi/184564253,21400,4,2022,59300,manuale,Benzina,110,S,Performance,30 TFSI,Rivenditore,146,villorba,31020,Veneto,Nord-est
AUDI A3 SPB 35 TDI S tronic Business Advanced,https://www.automobile.it/sava-audi-a3-spb-35-tdi-s-tronic-business-advanced/184194312,21490,6,2020,110000,automatico,Diesel,150,Business Advanced,Middle,35 TDI,Rivenditore,708,sava,74028,Puglia,Sud
Audi A3 Sportback 30 TDI S line edition 116cv | PREZZO REALE,https://www.automobile.it/san-vito-leguzzano-audi-a3-sportback-30-tdi-s-line-edition-116cv-prezzo-reale/184007607,21490,5,2021,83000,manuale,Diesel,116,S line,Sport,30 TDI,Rivenditore,114,san vito leguzzano,36030,Veneto,Nord-est
Audi A3 SPB 30 TDI S tronic,https://www.automobile.it/ardore-audi-a3-spb-30-tdi-s-tronic/184553985,21499,5,2021,138000,automatico,Diesel,116,S,Performance,30 TDI,Rivenditore,832,ardore,89031,Calabria,Sud
AUDI A3 SPB 35 TDI Admired i.e,https://www.automobile.it/augusta-audi-a3-spb-35-tdi-admired/178537458,21500,6,2020,69000,automatico,Diesel,150,S,Performance,35 TDI,Rivenditore,894,augusta,96011,Sicilia,Isole
Audi A3 SPB 35 TDI S tronic - 2022,https://www.automobile.it/pietramelara-audi-a3-spb-35-tdi-s-tronic-2022/184008331,21500,4,2022,127000,automatico,Diesel,150,S,Performance,35 TDI,Rivenditore,452,pietramelara,81051,Campania,Sud
Audi A3 SPB 35 TDI S tronic,https://www.automobile.it/maniace-audi-a3-spb-35-tdi-s-tronic/184116118,21500,4,2022,140000,automatico,Diesel,150,S,Performance,35 TDI,Rivenditore,815,maniace,95030,Sicilia,Isole
Audi A3 SPB 30 TDI S tronic line edition,https://www.automobile.it/muggio-audi-a3-spb-30-tdi-s-tronic-line-edition/184561476,21500,4,2022,103000,automatico,Diesel,116,S,Performance,30 TDI,Rivenditore,181,muggio,20835,Lombardia,Nord-ovest
AUDI A3 SPB 35 TDI S tronic Business,https://www.automobile.it/matera-audi-a3-spb-35-tdi-s-tronic-business/183160879,21500,6,2020,86179,automatico,Diesel,150,Business,Base,35 TDI,Rivenditore,630,matera,75100,Basilicata,Sud
AUDI A3 4ª serie - A3 SPB 30 TFSI,https://www.automobile.it/vinci-audi-a3-4-serie-a3-spb-30-tfsi/183569673,21500,3,2023,52290,manuale,Benzina,110,S,Performance,30 TFSI,Rivenditore,98,vinci,50059,Toscana,Centro
AUDI A3 4ª serie - A3 SPB 30 TFSI,https://www.automobile.it/capannori-audi-a3-4-serie-a3-spb-30-tfsi/183578064,21500,3,2023,52290,manuale,Benzina,110,S,Performance,30 TFSI,Rivenditore,101,capannori,55012,Toscana,Centro
Audi A3 SPB 35 TDI S tronic Advanced cv 150 KM 59000,https://www.automobile.it/gravina-puglia-audi-a3-spb-35-tdi-s-tronic-advanced-cv-150-km-59000/184592581,21500,5,2021,60000,automatico,Diesel,150,Advanced,Middle,35 TDI,Rivenditore,607,gravina puglia,70024,Puglia,Sud
AUDI A3 SPB 30 TDI S tronic Business,https://www.automobile.it/san-michele-salentino-audi-a3-spb-30-tdi-s-tronic-business/184602361,21500,3,2023,136213,automatico,Diesel,116,Business,Base,30 TDI,Rivenditore,695,san michele salentino,72018,Puglia,Sud
AUDI A3 SPB 30 TDI,https://www.automobile.it/partinico-audi-a3-spb-30-tdi/184520299,21500,3,2023,88600,manuale,Diesel,116,S,Performance,30 TDI,Rivenditore,753,partinico,90047,Sicilia,Isole
AUDI A3 SPORTBACK 40 TFSI E S TRONIC BUSINESS ADVANCED S.BACK 5 PORTE BERLINA,https://www.automobile.it/firenze-audi-a3-sportback-40-tfsi-s-tronic-business-advanced-s-back-5-porte-berlina/184628675,21600,4,2022,64450,automatico,Ibrido,204,Business Advanced,Middle,40 TFSI e,Rivenditore,99,firenze,50121,Toscana,Centro
AUDI A3 SPORTBACK 40 TFSI E S TRONIC BUSINESS ADVANCED S.BACK 5 PORTE BERLINA,https://www.automobile.it/bentivoglio-audi-a3-sportback-40-tfsi-s-tronic-business-advanced-s-back-5-porte-berlina/184628509,21600,4,2022,64450,automatico,Ibrido,204,Business Advanced,Middle,40 TFSI e,Rivenditore,22,bentivoglio,40010,Emilia-Romagna,Nord-est
AUDI A3 SPORTBACK 40 TFSI E S TRONIC BUSINESS ADVANCED S.BACK 5 PORTE BERLINA,https://www.automobile.it/verona-audi-a3-sportback-40-tfsi-s-tronic-business-advanced-s-back-5-porte-berlina/184628433,21600,4,2022,64450,automatico,Ibrido,204,Business Advanced,Middle,40 TFSI e,Rivenditore,86,verona,37121,Veneto,Nord-est
Audi A3 SPB 40 TFSI e S tronic-PROMO,https://www.automobile.it/arzachena-audi-a3-spb-40-tfsi-s-tronic-promo/184567491,21700,5,2021,65000,automatico,Ibrido,204,S,Performance,40 TFSI e,Rivenditore,423,arzachena,7021,Sardegna,Isole
AUDI A3 4ª serie - A3 SPB 35 TFSI,https://www.automobile.it/legnano-audi-a3-4-serie-a3-spb-35-tfsi/184599493,21700,4,2022,33669,manuale,Benzina,150,S,Performance,35 TFSI,Rivenditore,202,legnano,20025,Lombardia,Nord-ovest
Audi a3 iv 35 TFSI,https://www.automobile.it/robecco-naviglio-audi-a3-iv-35-tfsi/184103326,21790,3,2023,96000,manuale,Benzina,150,S,Performance,35 TFSI,Rivenditore,196,robecco sul naviglio,20087,Lombardia,Nord-ovest
AUDI A3 SPB 30 TDI S-line sportback IVA ESPOSTA LEGGE 104,https://www.automobile.it/sant-angelo-vado-audi-a3-spb-30-tdi-s-line-sportback-iva-esposta-legge-104/184292762,21800,5,2021,100000,manuale,Diesel,116,S line,Sport,30 TDI,Rivenditore,151,sant angelo vado,61048,Marche,Centro
AUDI A3 SPB 30TDI sportback DAYTONA MATRIX OK NEOPATENTATO,https://www.automobile.it/sant-angelo-vado-audi-a3-spb-30tdi-sportback-daytona-matrix-ok-neopatentato/184292764,21800,4,2022,80000,manuale,Diesel,116,Sport,Middle,30 TDI,Rivenditore,151,sant angelo vado,61048,Marche,Centro
Audi A3 SPB 30 TDI Business,https://www.automobile.it/castelplanio-audi-a3-spb-30-tdi-business/184269650,21800,5,2021,157000,manuale,Diesel,116,Business,Base,30 TDI,Rivenditore,203,castelplanio,60031,Marche,Centro
AUDI A3 SPB 30 TDI ANCHE NEOPATENTATI,https://www.automobile.it/russi-audi-a3-spb-30-tdi-neopatentati/184406666,21850,3,2023,51046,manuale,Diesel,116,S,Performance,30 TDI,Rivenditore,78,russi,48026,Emilia-Romagna,Nord-est
Audi A3 SPB 35 TFSI Business Advanced Full Optional,https://www.automobile.it/caresanablot-audi-a3-spb-35-tfsi-business-advanced-full-optional/182313102,21900,4,2022,110000,manuale,Benzina,150,Business Advanced,Middle,35 TFSI,Rivenditore,229,caresanablot,13030,Piemonte,Nord-ovest
Audi A3 SPB 35 TFSI S line edition,https://www.automobile.it/capannori-audi-a3-spb-35-tfsi-s-line-edition/182340978,21900,4,2022,116900,manuale,Benzina,150,S line,Sport,35 TFSI,Rivenditore,101,capannori,55012,Toscana,Centro
46.000 km - Audi A3 SPB 40 TFSI e S tronic Business Advanced,https://www.automobile.it/cagliari-46-000-km-audi-a3-spb-40-tfsi-s-tronic-business-advanced/183948512,21900,4,2022,46000,automatico,Ibrido,204,Business Advanced,Middle,40 TFSI e,Rivenditore,628,cagliari,9121,Sardegna,Isole
Audi A3 SPB 35 TDI S tronic Business,https://www.automobile.it/caposele-audi-a3-spb-35-tdi-s-tronic-business/181848557,21900,4,2022,160000,automatico,Diesel,150,Business,Base,35 TDI,Rivenditore,543,caposele,83040,Campania,Sud
Audi A3 SPB 35 TDI S tronic Business,https://www.automobile.it/verona-audi-a3-spb-35-tdi-s-tronic-business/184309731,21900,3,2023,79600,automatico,Diesel,150,Business,Base,35 TDI,Rivenditore,86,verona,37121,Veneto,Nord-est
AUDI A3 SPB 35 TDI S tronic Business,https://www.automobile.it/taranto-audi-a3-spb-35-tdi-s-tronic-business/184375259,21900,4,2022,79666,automatico,Diesel,150,Business,Base,35 TDI,Rivenditore,683,taranto,74121,Puglia,Sud
AUDI A3 4ª serie A3 SPB 30 TDI S tronic Business,https://www.automobile.it/perugia-audi-a3-4-serie-a3-spb-30-tdi-s-tronic-business/184179214,21900,4,2022,99500,automatico,Diesel,116,Business,Base,30 TDI,Rivenditore,200,perugia,6121,Umbria,Centro
Audi A3 SPB 35 TDI S tronic Business Advanced,https://www.automobile.it/ormelle-audi-a3-spb-35-tdi-s-tronic-business-advanced/184473666,21900,4,2022,112000,automatico,Diesel,150,Business Advanced,Middle,35 TDI,Rivenditore,159,ormelle,31024,Veneto,Nord-est
AUDI A3 4ª serie - A3 SPB 35 TDI S tronic Business,https://www.automobile.it/legnano-audi-a3-4-serie-a3-spb-35-tdi-s-tronic-business/184535442,21900,5,2021,90101,automatico,Diesel,150,Business,Base,35 TDI,Rivenditore,202,legnano,20025,Lombardia,Nord-ovest
Audi A3 SPB 30 TDI S tronic Business Advanced,https://www.automobile.it/taranto-audi-a3-spb-30-tdi-s-tronic-business-advanced/184539391,21900,4,2022,120000,automatico,Diesel,116,Business Advanced,Middle,30 TDI,Rivenditore,683,taranto,74121,Puglia,Sud
Audi A3 Sedan 35 TDI S tronic line edition garanzia prima scelta Plus,https://www.automobile.it/ilbono-audi-a3-sedan-35-tdi-s-tronic-line-edition-garanzia-prima-scelta-plus/184592131,21900,6,2020,110000,automatico,Diesel,150,S,Performance,35 TDI,Rivenditore,545,ilbono,8040,Sardegna,Isole
AUDI A3 4ª serie A3 SPB 30 TDI,https://www.automobile.it/milano-audi-a3-4-serie-a3-spb-30-tdi/184596335,21900,5,2021,53506,manuale,Diesel,116,S,Performance,30 TDI,Rivenditore,177,milano,20121,Lombardia,Nord-ovest
AUDI A3 4ª serie A3 SPB 30 TDI,https://www.automobile.it/roma-audi-a3-4-serie-a3-spb-30-tdi/184595716,21900,5,2021,53506,manuale,Diesel,116,S,Performance,30 TDI,Rivenditore,326,roma,118,Lazio,Centro
Audi A3 35 TDI S tronic Business,https://www.automobile.it/pistoia-audi-a3-35-tdi-s-tronic-business/184493243,21900,5,2021,78969,automatico,Diesel,150,Business,Base,35 TDI,Rivenditore,83,pistoia,51100,Toscana,Centro
AUDI A3 4ª serie A3 SPB 30 TDI,https://www.automobile.it/verona-audi-a3-4-serie-a3-spb-30-tdi/184598734,21900,5,2021,53506,manuale,Diesel,116,S,Performance,30 TDI,Rivenditore,86,verona,37121,Veneto,Nord-est
Audi A3 SPB 35 TDI S tronic Business Advanced,https://www.automobile.it/genova-audi-a3-spb-35-tdi-s-tronic-business-advanced/184631834,21900,4,2022,131000,automatico,Diesel,150,Business Advanced,Middle,35 TDI,Rivenditore,177,genova,16121,Liguria,Nord-ovest
Audi A3 SPB 35 TDI S tronic Business,https://www.automobile.it/bono-audi-a3-spb-35-tdi-s-tronic-business/184621905,21900,5,2021,99000,automatico,Diesel,150,Business,Base,35 TDI,Rivenditore,502,bono,7011,Sardegna,Isole
Audi A3 SPB 35 TDI S line edition IDENTITY BLACK,https://www.automobile.it/gravina-puglia-audi-a3-spb-35-tdi-s-line-edition-identity-black/184627434,21900,4,2022,139000,manuale,Diesel,150,Identity,Middle,35 TDI,Rivenditore,607,gravina puglia,70024,Puglia,Sud
Audi A3 SPB 35 TDI S tronic Business Advanced,https://www.automobile.it/boretto-audi-a3-spb-35-tdi-s-tronic-business-advanced/184638573,21900,3,2023,99000,automatico,Diesel,150,Business Advanced,Middle,35 TDI,Rivenditore,53,boretto,42022,Emilia-Romagna,Nord-est
Audi A3 SPB 35 TDI S tronic line edition - LUCI AMBIENTE CRUISE ADATTIVO,https://www.automobile.it/lecco-audi-a3-spb-35-tdi-s-tronic-line-edition-luci-ambiente-cruise-adattivo/184444386,21990,6,2020,124000,automatico,Diesel,150,S,Performance,35 TDI,Rivenditore,190,lecco,23900,Lombardia,Nord-ovest
AUDI A3 SPTB 35TDI S-TRONIC 2.0TDI ADVANCED,https://www.automobile.it/isernia-audi-a3-sptb-35tdi-s-tronic-2-0tdi-advanced/184613117,21990,4,2022,180000,automatico,Diesel,150,Advanced,Middle,35 TDI,Rivenditore,424,isernia,86170,Molise,Sud
Audi A3 SPB 40 TFSI e S tronic Business Advanced,https://www.automobile.it/laterza-audi-a3-spb-40-tfsi-s-tronic-business-advanced/184591642,21990,4,2022,127000,automatico,Ibrido,204,Business Advanced,Middle,40 TFSI e,Rivenditore,645,laterza,74014,Puglia,Sud
Audi A3 SPB 30 TDI,https://www.automobile.it/parma-audi-a3-spb-30-tdi/184617679,21990,4,2022,99000,manuale,Diesel,116,S,Performance,30 TDI,Rivenditore,65,parma,43121,Emilia-Romagna,Nord-est
Audi A3 SPB 30 TDI S line edition,https://www.automobile.it/licata-audi-a3-spb-30-tdi-s-line-edition/184541689,21990,6,2020,123000,manuale,Diesel,116,S line,Sport,30 TDI,Rivenditore,872,licata,92027,Sicilia,Isole
Audi A3 SPB 30 TDI S line edition,https://www.automobile.it/agrigento-audi-a3-spb-30-tdi-s-line-edition/184637893,21990,6,2020,123000,manuale,Diesel,116,S line,Sport,30 TDI,Rivenditore,842,agrigento,92100,Sicilia,Isole
Audi A3 sportback 35 TDI S tronic line edition,https://www.automobile.it/acerra-audi-a3-sportback-35-tdi-s-tronic-line-edition/184472388,21999,3,2023,110000,automatico,Diesel,150,Sport,Middle,35 TDI,Rivenditore,490,acerra,80011,Campania,Sud
Audi A3 SPB 35 TDI S TRONIC SPORT BLACK EDITION NAVI FULL OPTIONAL,https://www.automobile.it/macerata-campania-audi-a3-spb-35-tdi-s-tronic-sport-black-edition-navi-full-optional/184553682,21999,4,2022,102914,automatico,Diesel,150,Sport,Middle,35 TDI,Rivenditore,475,macerata campania,81047,Campania,Sud
Audi A3 SPB 35 TDI S tronic Business Advanced,https://www.automobile.it/gattatico-audi-a3-spb-35-tdi-s-tronic-business-advanced/184629229,21999,5,2021,103000,automatico,Diesel,150,Business Advanced,Middle,35 TDI,Rivenditore,54,gattatico,42043,Emilia-Romagna,Nord-est
Audi A3 SPB 35 TDI S tronic,https://www.automobile.it/pagani-audi-a3-spb-35-tdi-s-tronic/184497715,22000,4,2022,126000,automatico,Diesel,150,S,Performance,35 TDI,Rivenditore,520,pagani,84016,Campania,Sud
Audi A3 SPB 30 TDI Sport,https://www.automobile.it/melicucco-audi-a3-spb-30-tdi-sport/182258579,22000,4,2022,128000,manuale,Diesel,116,Sport,Middle,30 TDI,Rivenditore,804,melicucco,89020,Calabria,Sud
Audi A3 SPB 30 TDI S tronic Business 2024,https://www.automobile.it/ruvo-puglia-audi-a3-spb-30-tdi-s-tronic-business-2024/183561681,22300,2,2024,70000,automatico,Diesel,116,Business,Base,30 TDI,Rivenditore,588,ruvo puglia,70037,Puglia,Sud
Audi A3 SPB 30 TDI 116cv S tronic Business 2022,https://www.automobile.it/cerignola-audi-a3-spb-30-tdi-116cv-s-tronic-business-2022/183928516,22400,4,2022,100000,automatico,Diesel,116,Business,Base,30 TDI,Rivenditore,542,cerignola,71042,Puglia,Sud
Audi A3 30TDI SPORTBACK 116CV AUTOMATICA,https://www.automobile.it/san-giuseppe-vesuviano-audi-a3-30tdi-sportback-116cv-automatica/184476474,22400,5,2021,105000,automatico,Diesel,116,Sport,Middle,30 TDI,Rivenditore,507,san giuseppe vesuviano,80047,Campania,Sud
Audi A3 SPB 35 TFSI S tronic,https://www.automobile.it/guidonia-montecelio-audi-a3-spb-35-tfsi-s-tronic/183282291,22490,6,2020,107900,automatico,Ibrido,150,S,Performance,35 TFSI,Rivenditore,322,guidonia montecelio,12,Lazio,Centro
Audi A3 SPB 30 TDI Business Advanced,https://www.automobile.it/quartu-sant-elena-audi-a3-spb-30-tdi-business-advanced/183490365,22490,4,2022,185000,manuale,Diesel,116,Business Advanced,Middle,30 TDI,Rivenditore,623,quartu sant elena,9045,Sardegna,Isole
AUDI A3 SPB 30 TDI Business NAVIG!!!!,https://www.automobile.it/savignano-rubicone-audi-a3-spb-30-tdi-business-navig/182120185,22500,6,2020,112570,manuale,Diesel,116,Business,Base,30 TDI,Rivenditore,119,savignano sul rubicone,47039,Emilia-Romagna,Nord-est
AUDI A3 SPB 30 TFSI S tronic Business Uniprò Fatturab.Navi,https://www.automobile.it/tivoli-audi-a3-spb-30-tfsi-s-tronic-business-unipro-fatturab-navi/184153625,22500,3,2023,62000,automatico,Ibrido,110,Business,Base,30 TFSI,Rivenditore,329,tivoli,19,Lazio,Centro
Audi A3 35 TDI Business Advanced,https://www.automobile.it/favara-audi-a3-35-tdi-business-advanced/184191281,22500,5,2021,139200,manuale,Diesel,150,Business Advanced,Middle,35 TDI,Rivenditore,843,favara,92026,Sicilia,Isole
Audi A3 SPB 35 TDI S tronic Business,https://www.automobile.it/marsala-audi-a3-spb-35-tdi-s-tronic-business/184308249,22500,5,2021,82000,automatico,Diesel,150,Business,Base,35 TDI,Rivenditore,770,marsala,91025,Sicilia,Isole
Audi A3 SPB 30 TDI S tronic | 2022,https://www.automobile.it/conversano-audi-a3-spb-30-tdi-s-tronic-2022/184469157,22500,4,2022,145000,automatico,Diesel,116,S,Performance,30 TDI,Rivenditore,638,conversano,70014,Puglia,Sud
AUDI A3 SPORTBACK 30 TFSI S tronic Business Advanced,https://www.automobile.it/vigevano-audi-a3-sportback-30-tfsi-s-tronic-business-advanced/184530221,22500,3,2023,75188,automatico,Ibrido,110,Business Advanced,Middle,30 TFSI,Rivenditore,193,vigevano,27029,Lombardia,Nord-ovest
Audi A3 SPORTBACK E-Tron 40TFSI,https://www.automobile.it/cornaredo-audi-a3-sportback-tron-40tfsi/184364925,22500,5,2021,134093,automatico,Benzina,190,Sport,Middle,40 TFSI,Rivenditore,190,cornaredo,20007,Lombardia,Nord-ovest
AUDI A3 SPB 30 TDI S tronic Business Advanced KM TAGL AUDI,https://www.automobile.it/portogruaro-audi-a3-spb-30-tdi-s-tronic-business-advanced-km-tagl-audi/184617993,22500,5,2021,83000,automatico,Diesel,116,Business Advanced,Middle,30 TDI,Rivenditore,182,portogruaro,30026,Veneto,Nord-est
Audi A3 Sedan 30 TFSI S tronic,https://www.automobile.it/palermo-audi-a3-sedan-30-tfsi-s-tronic/184625240,22500,2,2024,91459,automatico,Ibrido,110,S,Performance,30 TFSI,Rivenditore,750,palermo,90121,Sicilia,Isole
AUDI A3 SPORTBACK 35 TDI S TRONIC BUSINESS S.BACK 5 PORTE BERLINA,https://www.automobile.it/pozzuoli-audi-a3-sportback-35-tdi-s-tronic-business-s-back-5-porte-berlina/184628753,22500,4,2022,62470,automatico,Diesel,150,Business,Base,35 TDI,Rivenditore,488,pozzuoli,80078,Campania,Sud
AUDI A3 SPORTBACK 35 TDI S TRONIC BUSINESS S.BACK 5 PORTE BERLINA,https://www.automobile.it/firenze-audi-a3-sportback-35-tdi-s-tronic-business-s-back-5-porte-berlina/184628645,22500,4,2022,62470,automatico,Diesel,150,Business,Base,35 TDI,Rivenditore,99,firenze,50121,Toscana,Centro
AUDI A3 SPORTBACK 35 TDI S TRONIC BUSINESS S.BACK 5 PORTE BERLINA,https://www.automobile.it/roma-audi-a3-sportback-35-tdi-s-tronic-business-s-back-5-porte-berlina/184628325,22500,4,2022,62470,automatico,Diesel,150,Business,Base,35 TDI,Rivenditore,326,roma,118,Lazio,Centro
AUDI A3 SPORTBACK 35 TDI S TRONIC BUSINESS S.BACK 5 PORTE BERLINA,https://www.automobile.it/verona-audi-a3-sportback-35-tdi-s-tronic-business-s-back-5-porte-berlina/184628340,22500,4,2022,62470,automatico,Diesel,150,Business,Base,35 TDI,Rivenditore,86,verona,37121,Veneto,Nord-est
AUDI A3 SPORTBACK 35 TDI S TRONIC BUSINESS S.BACK 5 PORTE BERLINA,https://www.automobile.it/bentivoglio-audi-a3-sportback-35-tdi-s-tronic-business-s-back-5-porte-berlina/184628570,22500,4,2022,62470,automatico,Diesel,150,Business,Base,35 TDI,Rivenditore,22,bentivoglio,40010,Emilia-Romagna,Nord-est
Audi A3 SPB 30 TDI S line edition S Tronic,https://www.automobile.it/roma-audi-a3-spb-30-tdi-s-line-edition-s-tronic/184455036,22500,4,2022,57000,automatico,Diesel,116,S line,Sport,30 TDI,Rivenditore,326,roma,118,Lazio,Centro
AUDI - A3 - SPB 30 TDI S tronic Business,https://www.automobile.it/isola-liri-audi-a3-spb-30-tdi-s-tronic-business/184276832,22600,4,2022,79950,automatico,Diesel,116,Business,Base,30 TDI,Rivenditore,386,isola liri,3036,Lazio,Centro
AUDI A3 SPORTBACK 40 TFSI E S TRONIC BUSINESS S.BACK 5 PORTE BERLINA,https://www.automobile.it/pozzuoli-audi-a3-sportback-40-tfsi-s-tronic-business-s-back-5-porte-berlina/184628781,22600,3,2023,64832,automatico,Ibrido,204,Business,Base,40 TFSI e,Rivenditore,488,pozzuoli,80078,Campania,Sud
AUDI A3 SPORTBACK 40 TFSI E S TRONIC BUSINESS S.BACK 5 PORTE BERLINA,https://www.automobile.it/firenze-audi-a3-sportback-40-tfsi-s-tronic-business-s-back-5-porte-berlina/184628634,22600,3,2023,64832,automatico,Ibrido,204,Business,Base,40 TFSI e,Rivenditore,99,firenze,50121,Toscana,Centro
AUDI A3 SPORTBACK 40 TFSI E S TRONIC BUSINESS S.BACK 5 PORTE BERLINA,https://www.automobile.it/roma-audi-a3-sportback-40-tfsi-s-tronic-business-s-back-5-porte-berlina/184628283,22600,3,2023,64832,automatico,Ibrido,204,Business,Base,40 TFSI e,Rivenditore,326,roma,118,Lazio,Centro
AUDI A3 4ª serie - A3 SPB 30 TDI S tronic Business,https://www.automobile.it/legnano-audi-a3-4-serie-a3-spb-30-tdi-s-tronic-business/184610664,22700,4,2022,18091,automatico,Diesel,116,Business,Base,30 TDI,Rivenditore,202,legnano,20025,Lombardia,Nord-ovest
Audi A3 SPB 35 TDI S tronic Business Advanced,https://www.automobile.it/monte-urano-audi-a3-spb-35-tdi-s-tronic-business-advanced/184033761,22800,4,2022,60000,automatico,Diesel,150,Business Advanced,Middle,35 TDI,Rivenditore,260,monte urano,63813,Marche,Centro
AUDI A3 SPB 30 TDI S tronic ANCHE NEOPATENTATI,https://www.automobile.it/russi-audi-a3-spb-30-tdi-s-tronic-neopatentati/183067251,22850,4,2022,76022,automatico,Diesel,116,S,Performance,30 TDI,Rivenditore,78,russi,48026,Emilia-Romagna,Nord-est
Audi a3 iv 30 TDI S-tronic Business Advanced,https://www.automobile.it/robecco-naviglio-audi-a3-iv-30-tdi-s-tronic-business-advanced/184633007,22870,4,2022,44763,automatico,Diesel,116,Business Advanced,Middle,30 TDI,Rivenditore,196,robecco sul naviglio,20087,Lombardia,Nord-ovest
Audi a3 iv 30 TFSI,https://www.automobile.it/robecco-naviglio-audi-a3-iv-30-tfsi/184633036,22890,3,2023,25865,manuale,Benzina,110,S,Performance,30 TFSI,Rivenditore,196,robecco sul naviglio,20087,Lombardia,Nord-ovest
Audi a3 iv 30 TFSI MHEV S-tronic Business Advanced,https://www.automobile.it/robecco-naviglio-audi-a3-iv-30-tfsi-mhev-s-tronic-business-advanced/184633075,22890,4,2022,50485,automatico,Ibrido,110,Business Advanced,Middle,30 TFSI,Rivenditore,196,robecco sul naviglio,20087,Lombardia,Nord-ovest
Audi A3 SPB 35 TDI S tronic,https://www.automobile.it/giugliano-campania-audi-a3-spb-35-tdi-s-tronic/184431661,22899,3,2023,95000,automatico,Diesel,150,S,Performance,35 TDI,Rivenditore,484,giugliano campania,80014,Campania,Sud
Audi A3 SPB 35 TFSI S tronic Business,https://www.automobile.it/marigliano-audi-a3-spb-35-tfsi-s-tronic-business/183708521,22900,3,2023,45000,automatico,Ibrido,150,Business,Base,35 TFSI,Rivenditore,496,marigliano,80034,Campania,Sud
Audi A3 SPB 35 TFSI S-Tronic Business Advanced,https://www.automobile.it/san-vito-tagliamento-audi-a3-spb-35-tfsi-s-tronic-business-advanced/183866451,22900,2,2024,72000,automatico,Benzina,150,Business Advanced,Middle,35 TFSI,Rivenditore,193,san vito tagliamento,33078,Friuli-Venezia Giulia,Nord-est
Audi A3 SPB 35 TFSI Business,https://www.automobile.it/altopiano-vigolana-audi-a3-spb-35-tfsi-business/184122504,22900,3,2023,82000,manuale,Benzina,150,Business,Base,35 TFSI,Rivenditore,149,altopiano vigolana,38049,Trentino-Alto Adige/Südtirol,Nord-est
AUDI A3 SPB 30 TDI S tronic Business NEO PATENTATO,https://www.automobile.it/scandicci-audi-a3-spb-30-tdi-s-tronic-business-neo-patentato/184227538,22900,5,2021,90849,automatico,Diesel,116,Business,Base,30 TDI,Rivenditore,100,scandicci,50018,Toscana,Centro
Audi A3 SPB 35 TDI Advanced,https://www.automobile.it/san-sossio-baronia-audi-a3-spb-35-tdi-advanced/182665941,22900,4,2022,119000,automatico,Diesel,150,Advanced,Middle,35 TDI,Rivenditore,519,san sossio baronia,83050,Campania,Sud
Audi A3 SPB 35 TFSI Business Advanced,https://www.automobile.it/leini-audi-a3-spb-35-tfsi-business-advanced/184258660,22900,4,2022,15000,manuale,Benzina,150,Business Advanced,Middle,35 TFSI,Rivenditore,275,leini,10040,Piemonte,Nord-ovest
AUDI A3 SPORTBACK 30 E TFSI S tr. Bus. Advan. GRIM.SP.DAY,https://www.automobile.it/vigevano-audi-a3-sportback-30-tfsi-s-tr-bus-advan-grim-sp-day/184152693,22900,3,2023,55112,automatico,Ibrido,110,Sport,Middle,30 TFSI,Rivenditore,193,vigevano,27029,Lombardia,Nord-ovest
Audi A3 SPB 35 TDI S tronic line edition,https://www.automobile.it/oristano-audi-a3-spb-35-tdi-s-tronic-line-edition/184147176,22900,5,2021,110000,automatico,Diesel,150,S,Performance,35 TDI,Rivenditore,568,oristano,9170,Sardegna,Isole
AUDI A3 4ª serie A3 SPB 30 TDI S tronic,https://www.automobile.it/verona-audi-a3-4-serie-a3-spb-30-tdi-s-tronic/184598613,22900,4,2022,67801,automatico,Diesel,116,S,Performance,30 TDI,Rivenditore,86,verona,37121,Veneto,Nord-est
AUDI A3 4ª serie A3 SPB 30 TFSI Business,https://www.automobile.it/verona-audi-a3-4-serie-a3-spb-30-tfsi-business/184598727,22900,5,2021,31941,manuale,Benzina,110,Business,Base,30 TFSI,Rivenditore,86,verona,37121,Veneto,Nord-est
AUDI A3 4ª serie A3 SPB 30 TFSI Business,https://www.automobile.it/roma-audi-a3-4-serie-a3-spb-30-tfsi-business/184595336,22900,5,2021,31941,manuale,Benzina,110,Business,Base,30 TFSI,Rivenditore,326,roma,118,Lazio,Centro
AUDI A3 4ª serie A3 SPB 30 TFSI Business,https://www.automobile.it/milano-audi-a3-4-serie-a3-spb-30-tfsi-business/184596660,22900,5,2021,31941,manuale,Benzina,110,Business,Base,30 TFSI,Rivenditore,177,milano,20121,Lombardia,Nord-ovest
AUDI A3 4ª serie A3 SPB 30 TDI S tronic,https://www.automobile.it/milano-audi-a3-4-serie-a3-spb-30-tdi-s-tronic/184596641,22900,4,2022,67801,automatico,Diesel,116,S,Performance,30 TDI,Rivenditore,177,milano,20121,Lombardia,Nord-ovest
AUDI A3 4ª serie A3 SPB 30 TDI S tronic,https://www.automobile.it/roma-audi-a3-4-serie-a3-spb-30-tdi-s-tronic/184596758,22900,4,2022,67801,automatico,Diesel,116,S,Performance,30 TDI,Rivenditore,326,roma,118,Lazio,Centro
AUDI A3 SPB 35 TDI S tronic Business,https://www.automobile.it/milano-audi-a3-spb-35-tdi-s-tronic-business/184109198,22900,3,2023,77000,automatico,Diesel,150,Business,Base,35 TDI,Rivenditore,177,milano,20121,Lombardia,Nord-ovest
Audi A3 SPB 35 TFSI S line edition,https://www.automobile.it/ferrara-audi-a3-spb-35-tfsi-s-line-edition/184634804,22900,5,2021,92000,manuale,Benzina,150,S line,Sport,35 TFSI,Rivenditore,42,ferrara,44121,Emilia-Romagna,Nord-est
AUDI A3 SPB 40 TFSI e S tronic Business Advanced IN ARRICO,https://www.automobile.it/bareggio-audi-a3-spb-40-tfsi-s-tronic-business-advanced-arrico/184639778,22900,4,2022,91000,automatico,Ibrido,204,Business Advanced,Middle,40 TFSI e,Rivenditore,191,bareggio,20008,Lombardia,Nord-ovest
Audi A3 SPB 35 TDI S tronic Business VETTURA IN OTTIMO STATO!!!,https://www.automobile.it/fossano-audi-a3-spb-35-tdi-s-tronic-business-vettura-ottimo-stato/184115300,22950,4,2022,98000,automatico,Diesel,150,Business,Base,35 TDI,Rivenditore,270,fossano,12045,Piemonte,Nord-ovest
Audi A3 SPB 35 TFSI 150CV Sport Advanced PARI AL NUOVO,https://www.automobile.it/bernezzo-audi-a3-spb-35-tfsi-150cv-sport-advanced-pari-nuovo/184592482,22950,3,2023,32423,manuale,Benzina,150,Advanced,Middle,35 TFSI,Rivenditore,295,bernezzo,12010,Piemonte,Nord-ovest
AUDI A3 SPB 30 TDI S tronic Business,https://www.automobile.it/bergamo-audi-a3-spb-30-tdi-s-tronic-business/184526370,22980,3,2023,28900,automatico,Diesel,116,Business,Base,30 TDI,Rivenditore,162,bergamo,24121,Lombardia,Nord-ovest
Audi A3 SPB 30 TDI S line edition,https://www.automobile.it/palermo-audi-a3-spb-30-tdi-s-line-edition/183957493,22990,5,2021,131000,manuale,Diesel,116,S line,Sport,30 TDI,Rivenditore,750,palermo,90121,Sicilia,Isole
Audi A3 SPB 35 TDI S tronic Business Advanced,https://www.automobile.it/aprilia-audi-a3-spb-35-tdi-s-tronic-business-advanced/184468376,22990,4,2022,79000,automatico,Diesel,150,Business Advanced,Middle,35 TDI,Rivenditore,362,aprilia,4011,Lazio,Centro
Audi a3 iv 30 TDI Business Advanced,https://www.automobile.it/robecco-naviglio-audi-a3-iv-30-tdi-business-advanced/184633039,22990,4,2022,53271,manuale,Diesel,116,Business Advanced,Middle,30 TDI,Rivenditore,196,robecco sul naviglio,20087,Lombardia,Nord-ovest
Audi A3 SPB 40 TFSI e S tronic Business,https://www.automobile.it/reggio-emilia-audi-a3-spb-40-tfsi-s-tronic-business/184519694,22999,3,2023,57000,automatico,Ibrido,204,Business,Base,40 TFSI e,Rivenditore,40,reggio emilia,42121,Emilia-Romagna,Nord-est
Audi A3 Sportback 30Tdi S-Line,https://www.automobile.it/palermo-audi-a3-sportback-30tdi-s-line/183568454,23000,4,2022,145000,automatico,Diesel,116,S line,Sport,30 TDI,Rivenditore,750,palermo,90121,Sicilia,Isole
Audi A3 SPB 35 TFSI Business Advanced,https://www.automobile.it/teramo-audi-a3-spb-35-tfsi-business-advanced/183653587,23000,6,2020,106000,manuale,Benzina,150,Business Advanced,Middle,35 TFSI,Rivenditore,304,teramo,64100,Abruzzo,Sud
Audi A3 SPB 35 TDI S tronic Business Advanced,https://www.automobile.it/montecchio-maggiore-audi-a3-spb-35-tdi-s-tronic-business-advanced/184492649,23000,5,2021,120000,automatico,Diesel,150,Business Advanced,Middle,35 TDI,Rivenditore,95,montecchio maggiore,36075,Veneto,Nord-est
Audi A3 SPB 30 TDI Business,https://www.automobile.it/sellia-marina-audi-a3-spb-30-tdi-business/184536060,23000,4,2022,127000,automatico,Diesel,116,Business,Base,30 TDI,Rivenditore,791,sellia marina,88050,Calabria,Sud
Audi A3 SPB 30 TDI Business Advanced,https://www.automobile.it/ferrara-audi-a3-spb-30-tdi-business-advanced/184014643,23000,4,2022,160000,automatico,Diesel,116,Business Advanced,Middle,30 TDI,Rivenditore,42,ferrara,44121,Emilia-Romagna,Nord-est
Audi A3 SPB 35 TDI S line edition,https://www.automobile.it/castelnuovo-parano-audi-a3-spb-35-tdi-s-line-edition/184553081,23000,4,2022,123000,automatico,Diesel,150,S line,Sport,35 TDI,Rivenditore,423,castelnuovo parano,3040,Lazio,Centro
Audi A3 S Line Edition 1.4 40 TFSI e PHEV #9717,https://www.automobile.it/perugia-audi-a3-s-line-edition-1-4-40-tfsi-phev-9717/183414319,23000,5,2021,75000,automatico,Ibrido,204,S line,Sport,40 TFSI e,Rivenditore,200,perugia,6121,Umbria,Centro
AUDI A3 SPORTBACK 35 TDI S TRONIC S LINE EDITION S.BACK 5 PORTE BERLINA,https://www.automobile.it/verona-audi-a3-sportback-35-tdi-s-tronic-s-line-edition-s-back-5-porte-berlina/184637579,23100,5,2021,63717,automatico,Diesel,150,S line,Sport,35 TDI,Rivenditore,86,verona,37121,Veneto,Nord-est
AUDI A3 SPORTBACK 35 TDI S TRONIC S LINE EDITION S.BACK 5 PORTE BERLINA,https://www.automobile.it/pozzuoli-audi-a3-sportback-35-tdi-s-tronic-s-line-edition-s-back-5-porte-berlina/184637618,23100,5,2021,63717,automatico,Diesel,150,S line,Sport,35 TDI,Rivenditore,488,pozzuoli,80078,Campania,Sud
AUDI A3 SPORTBACK 35 TDI S TRONIC S LINE EDITION S.BACK 5 PORTE BERLINA,https://www.automobile.it/roma-audi-a3-sportback-35-tdi-s-tronic-s-line-edition-s-back-5-porte-berlina/184637166,23100,5,2021,63717,automatico,Diesel,150,S line,Sport,35 TDI,Rivenditore,326,roma,118,Lazio,Centro
AUDI A3 SPORTBACK 35 TDI S TRONIC S LINE EDITION S.BACK 5 PORTE BERLINA,https://www.automobile.it/firenze-audi-a3-sportback-35-tdi-s-tronic-s-line-edition-s-back-5-porte-berlina/184637329,23100,5,2021,63717,automatico,Diesel,150,S line,Sport,35 TDI,Rivenditore,99,firenze,50121,Toscana,Centro
AUDI A3 SPORTBACK 35 TDI S TRONIC S LINE EDITION S.BACK 5 PORTE BERLINA,https://www.automobile.it/bentivoglio-audi-a3-sportback-35-tdi-s-tronic-s-line-edition-s-back-5-porte-berlina/184637312,23100,5,2021,63717,automatico,Diesel,150,S line,Sport,35 TDI,Rivenditore,22,bentivoglio,40010,Emilia-Romagna,Nord-est
AUDI A3 SPB 30 TFSI S tronic Business Advanced,https://www.automobile.it/cagliari-audi-a3-spb-30-tfsi-s-tronic-business-advanced/184593999,23199,2,2024,64819,automatico,Ibrido,110,Business Advanced,Middle,30 TFSI,Rivenditore,628,cagliari,9121,Sardegna,Isole
AUDI A3 SPB 30 TFSI S tronic Business Advanced,https://www.automobile.it/verona-audi-a3-spb-30-tfsi-s-tronic-business-advanced/184593772,23199,2,2024,64819,automatico,Ibrido,110,Business Advanced,Middle,30 TFSI,Rivenditore,86,verona,37121,Veneto,Nord-est
AUDI A3 SPB 30 TFSI S tronic Business Advanced,https://www.automobile.it/firenze-audi-a3-spb-30-tfsi-s-tronic-business-advanced/184596324,23199,2,2024,64819,automatico,Ibrido,110,Business Advanced,Middle,30 TFSI,Rivenditore,99,firenze,50121,Toscana,Centro
AUDI A3 SPB 30 TFSI S tronic Business Advanced,https://www.automobile.it/roma-audi-a3-spb-30-tfsi-s-tronic-business-advanced/184595748,23199,2,2024,64819,automatico,Ibrido,110,Business Advanced,Middle,30 TFSI,Rivenditore,326,roma,118,Lazio,Centro
AUDI A3 SPB 30 TFSI S tronic Business Advanced,https://www.automobile.it/catania-audi-a3-spb-30-tfsi-s-tronic-business-advanced/184593133,23199,2,2024,64819,automatico,Ibrido,110,Business Advanced,Middle,30 TFSI,Rivenditore,861,catania,95121,Sicilia,Isole
AUDI A3 SPB 30 TFSI S tronic Business Advanced,https://www.automobile.it/sassari-audi-a3-spb-30-tfsi-s-tronic-business-advanced/184594812,23199,2,2024,64819,automatico,Ibrido,110,Business Advanced,Middle,30 TFSI,Rivenditore,485,sassari,7100,Sardegna,Isole
AUDI A3 SPB 30 TFSI S tronic Business Advanced,https://www.automobile.it/collesalvetti-audi-a3-spb-30-tfsi-s-tronic-business-advanced/184588362,23199,2,2024,64819,automatico,Ibrido,110,Business Advanced,Middle,30 TFSI,Rivenditore,130,collesalvetti,57014,Toscana,Centro
AUDI A3 SPB 30 TFSI S tronic Business Advanced,https://www.automobile.it/casoria-audi-a3-spb-30-tfsi-s-tronic-business-advanced/184592997,23199,2,2024,64819,automatico,Ibrido,110,Business Advanced,Middle,30 TFSI,Rivenditore,490,casoria,80026,Campania,Sud
AUDI A3 SPB 30 TFSI S tronic Business Advanced,https://www.automobile.it/beinasco-audi-a3-spb-30-tfsi-s-tronic-business-advanced/184593684,23199,2,2024,64819,automatico,Ibrido,110,Business Advanced,Middle,30 TFSI,Rivenditore,283,beinasco,10092,Piemonte,Nord-ovest
AUDI A3 SPB 30 TFSI S tronic Business Advanced,https://www.automobile.it/palermo-audi-a3-spb-30-tfsi-s-tronic-business-advanced/184597729,23199,2,2024,64819,automatico,Ibrido,110,Business Advanced,Middle,30 TFSI,Rivenditore,750,palermo,90121,Sicilia,Isole
AUDI A3 SPB 30 TFSI S tronic Business Advanced,https://www.automobile.it/bari-audi-a3-spb-30-tfsi-s-tronic-business-advanced/184597438,23199,2,2024,64819,automatico,Ibrido,110,Business Advanced,Middle,30 TFSI,Rivenditore,611,bari,70121,Puglia,Sud
AUDI A3 SPB 30 TFSI S tronic Business Advanced,https://www.automobile.it/bologna-audi-a3-spb-30-tfsi-s-tronic-business-advanced/184594051,23199,2,2024,64819,automatico,Ibrido,110,Business Advanced,Middle,30 TFSI,Rivenditore,25,bologna,40121,Emilia-Romagna,Nord-est
AUDI A3 SPB 30 TFSI S tronic Business Advanced,https://www.automobile.it/venezia-audi-a3-spb-30-tfsi-s-tronic-business-advanced/184598240,23199,2,2024,64819,automatico,Ibrido,110,Business Advanced,Middle,30 TFSI,Rivenditore,127,venezia,30121,Veneto,Nord-est
AUDI A3 SPB 30 TFSI S tronic Business Advanced,https://www.automobile.it/cosenza-audi-a3-spb-30-tfsi-s-tronic-business-advanced/184588543,23199,2,2024,64819,automatico,Ibrido,110,Business Advanced,Middle,30 TFSI,Rivenditore,731,cosenza,87100,Calabria,Sud
AUDI A3 SPB 30 TFSI S tronic Business Advanced,https://www.automobile.it/milano-audi-a3-spb-30-tfsi-s-tronic-business-advanced/184604430,23199,2,2024,64819,automatico,Ibrido,110,Business Advanced,Middle,30 TFSI,Rivenditore,177,milano,20121,Lombardia,Nord-ovest
AUDI A3 SPB 40 TFSI e S tronic S line edition,https://www.automobile.it/parma-audi-a3-spb-40-tfsi-s-tronic-s-line-edition/184205538,23200,4,2022,92000,automatico,Ibrido,204,S line,Sport,40 TFSI e,Rivenditore,65,parma,43121,Emilia-Romagna,Nord-est
Audi A3 SPB 35 TFSI MHEV S tronic Sport Advanced 36 MILA KM!!,https://www.automobile.it/bernezzo-audi-a3-spb-35-tfsi-mhev-s-tronic-sport-advanced-36-mila-km/184414888,23400,4,2022,36915,automatico,Ibrido,150,Advanced,Middle,35 TFSI MHEV,Rivenditore,295,bernezzo,12010,Piemonte,Nord-ovest
AUDI A3 4ª serie A3 SPB 30 TDI S tronic Business,https://www.automobile.it/milano-audi-a3-4-serie-a3-spb-30-tdi-s-tronic-business/184596217,23400,4,2022,48166,automatico,Diesel,116,Business,Base,30 TDI,Rivenditore,177,milano,20121,Lombardia,Nord-ovest
AUDI A3 4ª serie A3 SPB 30 TFSI,https://www.automobile.it/milano-audi-a3-4-serie-a3-spb-30-tfsi/184595911,23400,2,2024,54400,manuale,Benzina,110,S,Performance,30 TFSI,Rivenditore,177,milano,20121,Lombardia,Nord-ovest
AUDI A3 4ª serie A3 SPB 30 TFSI,https://www.automobile.it/roma-audi-a3-4-serie-a3-spb-30-tfsi/184596848,23400,2,2024,54400,manuale,Benzina,110,S,Performance,30 TFSI,Rivenditore,326,roma,118,Lazio,Centro
AUDI A3 4ª serie A3 SPB 30 TDI S tronic Business,https://www.automobile.it/roma-audi-a3-4-serie-a3-spb-30-tdi-s-tronic-business/184597324,23400,4,2022,42941,automatico,Diesel,116,Business,Base,30 TDI,Rivenditore,326,roma,118,Lazio,Centro
AUDI A3 4ª serie A3 SPB 30 TDI S tronic Business,https://www.automobile.it/milano-audi-a3-4-serie-a3-spb-30-tdi-s-tronic-business/184596867,23400,4,2022,42941,automatico,Diesel,116,Business,Base,30 TDI,Rivenditore,177,milano,20121,Lombardia,Nord-ovest
AUDI A3 4ª serie A3 SPB 30 TDI S tronic Business,https://www.automobile.it/roma-audi-a3-4-serie-a3-spb-30-tdi-s-tronic-business/184597535,23400,4,2022,48166,automatico,Diesel,116,Business,Base,30 TDI,Rivenditore,326,roma,118,Lazio,Centro
Audi A3 SPB 35 TFSI 150CV Sport Advanced 17 MILA KM!!,https://www.automobile.it/bernezzo-audi-a3-spb-35-tfsi-150cv-sport-advanced-17-mila-km/184592481,23450,3,2023,17389,manuale,Benzina,150,Advanced,Middle,35 TFSI,Rivenditore,295,bernezzo,12010,Piemonte,Nord-ovest
AUDI A3 SPB 30 TDI S tronic ANCHE NEOPATENTATI,https://www.automobile.it/russi-audi-a3-spb-30-tdi-s-tronic-neopatentati/184580918,23450,4,2022,84229,automatico,Diesel,116,S,Performance,30 TDI,Rivenditore,78,russi,48026,Emilia-Romagna,Nord-est
Audi A3 SPB 30 TDI Business Advanced,https://www.automobile.it/orta-atella-audi-a3-spb-30-tdi-business-advanced/182264943,23490,4,2022,127000,automatico,Diesel,116,Business Advanced,Middle,30 TDI,Rivenditore,484,orta atella,81030,Campania,Sud
Audi A3 SPB 30 TDI S line edition,https://www.automobile.it/reggio-calabria-audi-a3-spb-30-tdi-s-line-edition/184427559,23490,5,2021,109021,manuale,Diesel,116,S line,Sport,30 TDI,Rivenditore,819,reggio calabria,89121,Calabria,Sud
AUDI A3 SPB 30 TDI Business Advanced,https://www.automobile.it/alcamo-audi-a3-spb-30-tdi-business-advanced/184512009,23490,3,2023,90000,manuale,Diesel,116,Business Advanced,Middle,30 TDI,Rivenditore,757,alcamo,91011,Sicilia,Isole
Audi A3 SPB 30 TFSI S tronic line edition,https://www.automobile.it/olgiate-comasco-audi-a3-spb-30-tfsi-s-tronic-line-edition/184559532,23490,3,2023,74000,automatico,Ibrido,110,S,Performance,30 TFSI,Rivenditore,210,olgiate comasco,22077,Lombardia,Nord-ovest
Audi A3 SPB 30 TFSI S tronic Business Advanced,https://www.automobile.it/olgiate-comasco-audi-a3-spb-30-tfsi-s-tronic-business-advanced/184559507,23490,3,2023,70000,automatico,Ibrido,110,Business Advanced,Middle,30 TFSI,Rivenditore,210,olgiate comasco,22077,Lombardia,Nord-ovest
Audi A3 Sedan 35 TDI S tronic Business Advanced,https://www.automobile.it/gioia-tauro-audi-a3-sedan-35-tdi-s-tronic-business-advanced/184416079,23499,4,2022,69000,automatico,Diesel,150,Business Advanced,Middle,35 TDI,Rivenditore,798,gioia tauro,89013,Calabria,Sud
AUDI A3 SPB 30 TDI Business Advanced,https://www.automobile.it/milano-audi-a3-spb-30-tdi-business-advanced/183010877,23499,5,2021,108000,automatico,Diesel,116,Business Advanced,Middle,30 TDI,Rivenditore,177,milano,20121,Lombardia,Nord-ovest
Audi A3 SPB 35 TDI S tronic line edition-2021,https://www.automobile.it/cerignola-audi-a3-spb-35-tdi-s-tronic-line-edition-2021/183283983,23499,5,2021,124000,automatico,Diesel,150,S,Performance,35 TDI,Rivenditore,542,cerignola,71042,Puglia,Sud
AUDI A3 SPB 30 TDI S tronic Business,https://www.automobile.it/francavilla-fontana-audi-a3-spb-30-tdi-s-tronic-business/183354013,23500,5,2021,110000,automatico,Diesel,116,Business,Base,30 TDI,Rivenditore,700,francavilla fontana,72021,Puglia,Sud
AUDI A3 SPB 35 TDI Business Advanced,https://www.automobile.it/san-gregorio-magno-audi-a3-spb-35-tdi-business-advanced/184287312,23500,5,2021,116000,manuale,Diesel,150,Business Advanced,Middle,35 TDI,Rivenditore,566,san gregorio magno,84020,Campania,Sud
AUDI A3 SPORTBACK 30TDI S-LINE S-TRONIC IN ARRIVO,https://www.automobile.it/roverbella-audi-a3-sportback-30tdi-s-line-s-tronic-arrivo/184345687,23500,4,2022,134000,automatico,Diesel,116,S line,Sport,30 TDI,Rivenditore,72,roverbella,46048,Lombardia,Nord-ovest
Audi A3 SPB 35 TDI S tronic Business Advanced,https://www.automobile.it/bono-audi-a3-spb-35-tdi-s-tronic-business-advanced/184410986,23500,4,2022,119000,automatico,Diesel,150,Business Advanced,Middle,35 TDI,Rivenditore,502,bono,7011,Sardegna,Isole
Audi A3 SPB 30 TDI,https://www.automobile.it/niscemi-audi-a3-spb-30-tdi/183577144,23500,3,2023,50906,manuale,Diesel,116,S,Performance,30 TDI,Rivenditore,878,niscemi,93015,Sicilia,Isole
AUDI A3 4ª serie - A3 SPB 30 TDI Business Advanced,https://www.automobile.it/livorno-audi-a3-4-serie-a3-spb-30-tdi-business-advanced/183826715,23500,3,2023,24894,manuale,Diesel,116,Business Advanced,Middle,30 TDI,Rivenditore,140,livorno,57121,Toscana,Centro
Audi A3 Sportback 30 TFSI G-Tron S-Tronic S-Line Edition,https://www.automobile.it/alserio-audi-a3-sportback-30-tfsi-g-tron-s-tronic-s-line-edition/184589746,23500,5,2021,61400,automatico,Metano,110,S line,Sport,30 TFSI,Rivenditore,196,alserio,22040,Lombardia,Nord-ovest
AUDI A3 SPB 35 TDI S tronic Admired,https://www.automobile.it/cagliari-audi-a3-spb-35-tdi-s-tronic-admired/184319355,23500,6,2020,59120,automatico,Diesel,150,S,Performance,35 TDI,Rivenditore,628,cagliari,9121,Sardegna,Isole
Audi A3 SPB 30 TDI S line edition,https://www.automobile.it/rosarno-audi-a3-spb-30-tdi-s-line-edition/184632345,23500,5,2021,149000,manuale,Diesel,116,S line,Sport,30 TDI,Rivenditore,796,rosarno,89025,Calabria,Sud
Audi A3 SPB 2.0 30 TDI 115cv Sportback Aut. Business Advanced Iva Detraibile,https://www.automobile.it/cercola-audi-a3-spb-2-0-30-tdi-115cv-sportback-aut-business-advanced-iva-detraibile/184031599,23600,4,2022,50000,automatico,Diesel,116,Business Advanced,Middle,30 TDI,Rivenditore,498,cercola,80040,Campania,Sud
Audi A3 SPB 35 TDI S tronic Business Advanced,https://www.automobile.it/san-sebastiano-vesuvio-audi-a3-spb-35-tdi-s-tronic-business-advanced/184601679,23600,4,2022,86000,automatico,Diesel,150,Business Advanced,Middle,35 TDI,Rivenditore,500,san sebastiano vesuvio,80040,Campania,Sud
Audi A3 35 TDI S tronic Business Advanced,https://www.automobile.it/pistoia-audi-a3-35-tdi-s-tronic-business-advanced/184348232,23600,4,2022,73572,automatico,Diesel,150,Business Advanced,Middle,35 TDI,Rivenditore,83,pistoia,51100,Toscana,Centro
AUDI A3 SPB 40 TFSI e S tronic Business PLUG IN,https://www.automobile.it/parma-audi-a3-spb-40-tfsi-s-tronic-business-plug/182208747,23700,4,2022,46000,automatico,Benzina,204,Business,Base,40 TFSI e,Rivenditore,65,parma,43121,Emilia-Romagna,Nord-est
AUDI A3 SPB 40 TFSI e S tronic Business PLUG IN,https://www.automobile.it/parma-audi-a3-spb-40-tfsi-s-tronic-business-plug/182208745,23700,4,2022,46000,automatico,Ibrido,204,Business,Base,40 TFSI e,Rivenditore,65,parma,43121,Emilia-Romagna,Nord-est
AUDI A3 Sportback 35TDI S-tronic S-line Keyless Virtual,https://www.automobile.it/rovato-audi-a3-sportback-35tdi-s-tronic-s-line-keyless-virtual/184133309,23700,6,2020,109000,automatico,Diesel,150,S line,Sport,35 TDI,Rivenditore,134,rovato,25038,Lombardia,Nord-ovest
Audi a3 iv 35 TFSI,https://www.automobile.it/robecco-naviglio-audi-a3-iv-35-tfsi/184633068,23790,4,2022,54584,manuale,Benzina,150,S,Performance,35 TFSI,Rivenditore,196,robecco sul naviglio,20087,Lombardia,Nord-ovest
Audi a3 iv 30 TDI S-tronic S Line Edition,https://www.automobile.it/robecco-naviglio-audi-a3-iv-30-tdi-s-tronic-s-line-edition/184633015,23790,3,2023,67730,automatico,Diesel,116,S line,Sport,30 TDI,Rivenditore,196,robecco sul naviglio,20087,Lombardia,Nord-ovest
Audi A3 SPB 40 TFSI e 204 cv Hybrid - Plug-in S tronic,https://www.automobile.it/massafra-audi-a3-spb-40-tfsi-204-cv-hybrid-plug-s-tronic/184200229,23800,4,2022,129000,automatico,Ibrido,204,S,Performance,40 TFSI e,Rivenditore,667,massafra,74016,Puglia,Sud
Audi A3 SPB 30 TDI,https://www.automobile.it/taranto-audi-a3-spb-30-tdi/184169155,23800,2,2024,110000,automatico,Diesel,116,S,Performance,30 TDI,Rivenditore,683,taranto,74121,Puglia,Sud
AUDI A3 SPB 30 TDI S tronic S line edition,https://www.automobile.it/grottaglie-audi-a3-spb-30-tdi-s-tronic-s-line-edition/184560348,23800,4,2022,100000,automatico,Diesel,116,S line,Sport,30 TDI,Rivenditore,690,grottaglie,74023,Puglia,Sud
Audi A3 SPB 40 TFSI e S tronic Business,https://www.automobile.it/palermo-audi-a3-spb-40-tfsi-s-tronic-business/184625252,23800,3,2023,63058,automatico,Ibrido,204,Business,Base,40 TFSI e,Rivenditore,750,palermo,90121,Sicilia,Isole
Audi A3 SPB 35 TDI S tronic Business,https://www.automobile.it/maddaloni-audi-a3-spb-35-tdi-s-tronic-business/184518890,23850,4,2022,62920,automatico,Diesel,150,Business,Base,35 TDI,Rivenditore,482,maddaloni,81024,Campania,Sud
AUDI A3 SPB 40 TFSI e S tronic Business Advanced,https://www.automobile.it/palermo-audi-a3-spb-40-tfsi-s-tronic-business-advanced/184313101,23899,5,2021,48333,automatico,Ibrido,204,Business Advanced,Middle,40 TFSI e,Rivenditore,750,palermo,90121,Sicilia,Isole
AUDI A3 SPB 40 TFSI e S tronic Business Advanced,https://www.automobile.it/collesalvetti-audi-a3-spb-40-tfsi-s-tronic-business-advanced/184310773,23899,5,2021,48333,automatico,Ibrido,204,Business Advanced,Middle,40 TFSI e,Rivenditore,130,collesalvetti,57014,Toscana,Centro
AUDI A3 SPB 40 TFSI e S tronic Business Advanced,https://www.automobile.it/beinasco-audi-a3-spb-40-tfsi-s-tronic-business-advanced/184312167,23899,5,2021,48333,automatico,Ibrido,204,Business Advanced,Middle,40 TFSI e,Rivenditore,283,beinasco,10092,Piemonte,Nord-ovest
AUDI A3 SPB 40 TFSI e S tronic Business Advanced,https://www.automobile.it/sassari-audi-a3-spb-40-tfsi-s-tronic-business-advanced/184312898,23899,5,2021,48333,automatico,Ibrido,204,Business Advanced,Middle,40 TFSI e,Rivenditore,485,sassari,7100,Sardegna,Isole
AUDI A3 SPB 40 TFSI e S tronic Business Advanced,https://www.automobile.it/bari-audi-a3-spb-40-tfsi-s-tronic-business-advanced/184312489,23899,5,2021,48333,automatico,Ibrido,204,Business Advanced,Middle,40 TFSI e,Rivenditore,611,bari,70121,Puglia,Sud
AUDI A3 SPB 40 TFSI e S tronic Business Advanced,https://www.automobile.it/milano-audi-a3-spb-40-tfsi-s-tronic-business-advanced/184312480,23899,5,2021,48333,automatico,Ibrido,204,Business Advanced,Middle,40 TFSI e,Rivenditore,177,milano,20121,Lombardia,Nord-ovest
AUDI A3 SPB 40 TFSI e S tronic Business Advanced,https://www.automobile.it/cagliari-audi-a3-spb-40-tfsi-s-tronic-business-advanced/184312969,23899,5,2021,48333,automatico,Ibrido,204,Business Advanced,Middle,40 TFSI e,Rivenditore,628,cagliari,9121,Sardegna,Isole
AUDI A3 SPB 40 TFSI e S tronic Business Advanced,https://www.automobile.it/firenze-audi-a3-spb-40-tfsi-s-tronic-business-advanced/184317570,23899,5,2021,48333,automatico,Ibrido,204,Business Advanced,Middle,40 TFSI e,Rivenditore,99,firenze,50121,Toscana,Centro
AUDI A3 SPB 40 TFSI e S tronic Business Advanced,https://www.automobile.it/catania-audi-a3-spb-40-tfsi-s-tronic-business-advanced/184317040,23899,5,2021,48333,automatico,Ibrido,204,Business Advanced,Middle,40 TFSI e,Rivenditore,861,catania,95121,Sicilia,Isole
AUDI A3 SPB 40 TFSI e S tronic Business Advanced,https://www.automobile.it/casoria-audi-a3-spb-40-tfsi-s-tronic-business-advanced/184317140,23899,5,2021,48333,automatico,Ibrido,204,Business Advanced,Middle,40 TFSI e,Rivenditore,490,casoria,80026,Campania,Sud
AUDI A3 SPB 40 TFSI e S tronic Business Advanced,https://www.automobile.it/venezia-audi-a3-spb-40-tfsi-s-tronic-business-advanced/184318085,23899,5,2021,48333,automatico,Ibrido,204,Business Advanced,Middle,40 TFSI e,Rivenditore,127,venezia,30121,Veneto,Nord-est
AUDI A3 SPB 40 TFSI e S tronic Business Advanced,https://www.automobile.it/roma-audi-a3-spb-40-tfsi-s-tronic-business-advanced/184317725,23899,5,2021,48333,automatico,Ibrido,204,Business Advanced,Middle,40 TFSI e,Rivenditore,326,roma,118,Lazio,Centro
AUDI A3 SPB 40 TFSI e S tronic Business Advanced,https://www.automobile.it/verona-audi-a3-spb-40-tfsi-s-tronic-business-advanced/184317353,23899,5,2021,48333,automatico,Ibrido,204,Business Advanced,Middle,40 TFSI e,Rivenditore,86,verona,37121,Veneto,Nord-est
Audi A3 SPB Sport 30 TDI 116cv permute finziamento garanzia,https://www.automobile.it/roma-audi-a3-spb-sport-30-tdi-116cv-permute-finziamento-garanzia/179277744,23900,5,2021,57000,manuale,Diesel,116,Sport,Middle,30 TDI,Rivenditore,326,roma,118,Lazio,Centro
AUDI A3 SPB 30 TFSI MHEV S tronic S line edition,https://www.automobile.it/san-maurizio-canavese-audi-a3-spb-30-tfsi-mhev-s-tronic-s-line-edition/182162937,23900,3,2023,70000,automatico,Ibrido,110,S line,Sport,30 TFSI,Rivenditore,283,san maurizio canavese,10077,Piemonte,Nord-ovest
Audi A3 SPB 35 TDI S line edition,https://www.automobile.it/casapulla-audi-a3-spb-35-tdi-s-line-edition/183380544,23900,4,2022,139000,manuale,Diesel,150,S line,Sport,35 TDI,Rivenditore,474,casapulla,81020,Campania,Sud
Audi A3 SPB 35 TFSI S tronic Business Advanced,https://www.automobile.it/caorso-audi-a3-spb-35-tfsi-s-tronic-business-advanced/183596441,23900,6,2020,72551,automatico,Ibrido,150,Business Advanced,Middle,35 TFSI,Rivenditore,108,caorso,29012,Emilia-Romagna,Nord-est
Audi A3 SPB 35 TDI S tronic Business Advanced,https://www.automobile.it/roma-audi-a3-spb-35-tdi-s-tronic-business-advanced/181757341,23900,4,2022,117515,automatico,Diesel,150,Business Advanced,Middle,35 TDI,Rivenditore,326,roma,118,Lazio,Centro
AUDI A3 30 TDI S tronic - VIRTUAL COCKPIT - APPLE - x NEO-PATENTATI - GAR.24 MESI,https://www.automobile.it/rezzato-audi-a3-30-tdi-s-tronic-virtual-cockpit-apple-x-neo-patentati-gar-24-mesi/184165883,23900,5,2021,93000,automatico,Diesel,116,S,Performance,30 TDI,Rivenditore,114,rezzato,25086,Lombardia,Nord-ovest
AUDI A3 SPB 30 TDI Business Advanced,https://www.automobile.it/gaglianico-audi-a3-spb-30-tdi-business-advanced/184289809,23900,2,2024,103400,automatico,Diesel,116,Business Advanced,Middle,30 TDI,Rivenditore,259,gaglianico,13894,Piemonte,Nord-ovest
Audi A3 SPB 35 TDI S tronic Business Advanced,https://www.automobile.it/luzzi-audi-a3-spb-35-tdi-s-tronic-business-advanced/181555116,23900,4,2022,128000,automatico,Diesel,150,Business Advanced,Middle,35 TDI,Rivenditore,719,luzzi,87040,Calabria,Sud
Audi A3 Sportback 35 TDI S tronic Business Advanced,https://www.automobile.it/gragnano-audi-a3-sportback-35-tdi-s-tronic-business-advanced/184285490,23900,5,2021,50000,automatico,Diesel,150,Business Advanced,Middle,35 TDI,Rivenditore,521,gragnano,80054,Campania,Sud
Audi A3 Sportback 35 TFSI Advanced LED 1.5 150CV,https://www.automobile.it/trento-audi-a3-sportback-35-tfsi-advanced-led-1-5-150cv/182278961,23900,6,2020,53627,manuale,Benzina,150,Advanced,Middle,35 TFSI,Rivenditore,156,trento,38121,Trentino-Alto Adige/Südtirol,Nord-est
Sportback 30 Tdi Business - Cambio Manuale,https://www.automobile.it/venezia-sportback-30-tdi-business-cambio-manuale/184479544,23900,4,2022,87465,manuale,Diesel,116,Business,Base,30 TDI,Rivenditore,127,venezia,30121,Veneto,Nord-est
AUDI A3 SPORTBACK 30 TDI S tr. Business C/GRIMALDI SP.DAY,https://www.automobile.it/vigevano-audi-a3-sportback-30-tdi-s-tr-business-grimaldi-sp-day/184472130,23900,3,2023,34059,automatico,Diesel,116,Business,Base,30 TDI,Rivenditore,193,vigevano,27029,Lombardia,Nord-ovest
"AUDI A3 SPORTBACK 30 E TFSI S tr. Bus. Advan. 18"" MILD HYB",https://www.automobile.it/vigevano-audi-a3-sportback-30-tfsi-s-tr-bus-advan-18-mild-hyb/184152690,23900,3,2023,55112,automatico,Ibrido,110,Sport,Middle,30 TFSI,Rivenditore,193,vigevano,27029,Lombardia,Nord-ovest
AUDI A3 4ª serie - A3 SPB 40 TFSI e S tronic Business,https://www.automobile.it/legnano-audi-a3-4-serie-a3-spb-40-tfsi-s-tronic-business/184555578,23900,4,2022,48442,automatico,Ibrido,204,Business,Base,40 TFSI e,Rivenditore,202,legnano,20025,Lombardia,Nord-ovest
AUDI A3 4ª serie - A3 SPB 40 TFSI e S tronic Business,https://www.automobile.it/legnano-audi-a3-4-serie-a3-spb-40-tfsi-s-tronic-business/184568298,23900,4,2022,43033,automatico,Ibrido,204,Business,Base,40 TFSI e,Rivenditore,202,legnano,20025,Lombardia,Nord-ovest
AUDI A3 4ª serie A3 SPB 30 TFSI Business,https://www.automobile.it/milano-audi-a3-4-serie-a3-spb-30-tfsi-business/184595652,23900,3,2023,57000,manuale,Benzina,110,Business,Base,30 TFSI,Rivenditore,177,milano,20121,Lombardia,Nord-ovest
AUDI A3 4ª serie A3 SPB 30 TFSI Business,https://www.automobile.it/roma-audi-a3-4-serie-a3-spb-30-tfsi-business/184594647,23900,3,2023,57000,manuale,Benzina,110,Business,Base,30 TFSI,Rivenditore,326,roma,118,Lazio,Centro
AUDI A3 SPB 30 TDI Business TUA DA 283€ CON ANTICIPO 0,https://www.automobile.it/torregrotta-audi-a3-spb-30-tdi-business-283-anticipo-0/184465221,23900,2,2024,75000,manuale,Diesel,116,Business,Base,30 TDI,Rivenditore,800,torregrotta,98040,Sicilia,Isole
AUDI A3 4ª serie A3 SPB 30 TFSI Business,https://www.automobile.it/verona-audi-a3-4-serie-a3-spb-30-tfsi-business/184598908,23900,3,2023,57000,manuale,Benzina,110,Business,Base,30 TFSI,Rivenditore,86,verona,37121,Veneto,Nord-est
Audi A3 Sedan 30 TDI S line edition,https://www.automobile.it/taurianova-audi-a3-sedan-30-tdi-s-line-edition/184606082,23900,3,2023,110000,automatico,Diesel,116,S line,Sport,30 TDI,Rivenditore,810,taurianova,89029,Calabria,Sud
Audi A3 SPB 30 TDI quattro S tronic S-line edition,https://www.automobile.it/brandizzo-audi-a3-spb-30-tdi-quattro-s-tronic-s-line-edition/184614795,23900,3,2023,92400,manuale,Diesel,116,S line,Sport,30 TDI,Rivenditore,266,brandizzo,10032,Piemonte,Nord-ovest
Audi A3 SPB 40 TDI quattro S tronic Admired,https://www.automobile.it/olbia-audi-a3-spb-40-tdi-quattro-s-tronic-admired/184621591,23900,6,2020,134000,automatico,Diesel,190,S,Performance,40 TDI,Rivenditore,436,olbia,7026,Sardegna,Isole
AUDI A3 SPB 40 TFSI e S-Tronic Business Advanced Plug-In,https://www.automobile.it/firenze-audi-a3-spb-40-tfsi-s-tronic-business-advanced-plug/184362655,23900,4,2022,49000,automatico,Ibrido,204,Business Advanced,Middle,40 TFSI e,Rivenditore,99,firenze,50121,Toscana,Centro
AUDI A3 SPB 30 TDI S tronic Business Advanced,https://www.automobile.it/melicucco-audi-a3-spb-30-tdi-s-tronic-business-advanced/184626675,23900,4,2022,116500,automatico,Diesel,116,Business Advanced,Middle,30 TDI,Rivenditore,804,melicucco,89020,Calabria,Sud
Audi A3 SPB 30 TFSI S line edition S tronic Navi Pelle,https://www.automobile.it/roma-audi-a3-spb-30-tfsi-s-line-edition-s-tronic-navi-pelle/184476891,23900,3,2023,71292,automatico,Benzina,110,S line,Sport,30 TFSI,Rivenditore,326,roma,118,Lazio,Centro
Audi A3 SPB 35 TDI S Tronic S line edition S-LINE PROMOZIONE,https://www.automobile.it/bernezzo-audi-a3-spb-35-tdi-s-tronic-s-line-edition-s-line-promozione/183355686,23900,3,2023,85032,automatico,Diesel,150,S line,Sport,35 TDI,Rivenditore,295,bernezzo,12010,Piemonte,Nord-ovest
Audi A3 SPB 30 TDI S tronic line edition IVA ESPOSTA,https://www.automobile.it/vercelli-audi-a3-spb-30-tdi-s-tronic-line-edition-iva-esposta/184632919,23900,3,2023,100606,automatico,Diesel,116,S,Performance,30 TDI,Rivenditore,225,vercelli,13100,Piemonte,Nord-ovest
Audi A3 SPB 35 TDI S tronic SPORT,https://www.automobile.it/siderno-audi-a3-spb-35-tdi-s-tronic-sport/184502024,23900,4,2022,115000,manuale,Diesel,150,Sport,Middle,35 TDI,Rivenditore,830,siderno,89048,Calabria,Sud
Audi A3 1.5 35 TFSI Business #10780,https://www.automobile.it/torino-audi-a3-1-5-35-tfsi-business-10780/183784547,23990,4,2022,12400,manuale,Benzina,150,Business,Base,35 TFSI,Rivenditore,276,torino,10121,Piemonte,Nord-ovest
AUDI A3 SPB 35 TDI S-TRONIC BUSINESS ADVANCED 2023,https://www.automobile.it/manduria-audi-a3-spb-35-tdi-s-tronic-business-advanced-2023/184280136,23990,3,2023,99000,automatico,Diesel,150,Business Advanced,Middle,35 TDI,Rivenditore,713,manduria,74024,Puglia,Sud
Audi A3 Sedan 35 TDI S tronic line edition,https://www.automobile.it/milazzo-audi-a3-sedan-35-tdi-s-tronic-line-edition/182882912,23999,4,2022,59638,automatico,Diesel,150,S,Performance,35 TDI,Rivenditore,793,milazzo,98057,Sicilia,Isole
Audi A3 SPB 30TDI S line edition 2022 Full,https://www.automobile.it/teverola-audi-a3-spb-30tdi-s-line-edition-2022-full/183515892,23999,4,2022,115000,manuale,Diesel,116,S line,Sport,30 TDI,Rivenditore,479,teverola,81030,Campania,Sud
AUDI A3 SPB 30 TFSI SPORTBACK S tronic black edition NAVI,https://www.automobile.it/casagiove-audi-a3-spb-30-tfsi-sportback-s-tronic-black-edition-navi/184410463,23999,2,2024,85000,automatico,Benzina,110,Sport,Middle,30 TFSI,Rivenditore,475,casagiove,81022,Campania,Sud
AUDI A3 SPB 30 TFSI SPORTBACK S tronic black edition NAVI,https://www.automobile.it/casagiove-audi-a3-spb-30-tfsi-sportback-s-tronic-black-edition-navi/184410464,23999,2,2024,85000,automatico,Ibrido,110,Sport,Middle,30 TFSI,Rivenditore,475,casagiove,81022,Campania,Sud
Audi A3 SPB 30 TDI S tronic Business Advanced,https://www.automobile.it/casamassima-audi-a3-spb-30-tdi-s-tronic-business-advanced/184192806,24000,3,2023,76125,automatico,Diesel,116,Business Advanced,Middle,30 TDI,Rivenditore,627,casamassima,70010,Puglia,Sud
Audi A3 SPB 30 TDI S tronic line edition,https://www.automobile.it/francolise-audi-a3-spb-30-tdi-s-tronic-line-edition/184554223,24000,3,2023,87000,automatico,Diesel,116,S,Performance,30 TDI,Rivenditore,454,francolise,81050,Campania,Sud
AUDI A3 4ª serie - A3 SPB 40 TFSI e S tronic Business,https://www.automobile.it/legnano-audi-a3-4-serie-a3-spb-40-tfsi-s-tronic-business/184579615,24000,4,2022,36215,automatico,Ibrido,204,Business,Base,40 TFSI e,Rivenditore,202,legnano,20025,Lombardia,Nord-ovest
AUDI A3 SPB 40 TFSI e S tronic Business Advanced,https://www.automobile.it/vedelago-audi-a3-spb-40-tfsi-s-tronic-business-advanced/184562184,24200,4,2022,80600,automatico,Ibrido,204,Business Advanced,Middle,40 TFSI e,Rivenditore,133,vedelago,31050,Veneto,Nord-est
AUDI A3 SPB 35 TDI S tronic Business,https://www.automobile.it/tolentino-audi-a3-spb-35-tdi-s-tronic-business/184516240,24300,5,2021,65527,automatico,Diesel,150,Business,Base,35 TDI,Rivenditore,236,tolentino,62029,Marche,Centro
AUDI A3 4ª serie A3 SPB 30 TDI S tronic,https://www.automobile.it/roma-audi-a3-4-serie-a3-spb-30-tdi-s-tronic/184597280,24400,3,2023,75941,automatico,Diesel,116,S,Performance,30 TDI,Rivenditore,326,roma,118,Lazio,Centro
AUDI A3 4ª serie A3 SPB 30 TDI S tronic,https://www.automobile.it/milano-audi-a3-4-serie-a3-spb-30-tdi-s-tronic/184596318,24400,3,2023,75941,automatico,Diesel,116,S,Performance,30 TDI,Rivenditore,177,milano,20121,Lombardia,Nord-ovest
AUDI A3 4ª serie A3 SPB 30 TDI S tronic,https://www.automobile.it/verona-audi-a3-4-serie-a3-spb-30-tdi-s-tronic/184598626,24400,3,2023,75941,automatico,Diesel,116,S,Performance,30 TDI,Rivenditore,86,verona,37121,Veneto,Nord-est
AUDI A3 A3 SPB 30 TFSI S line edition,https://www.automobile.it/milano-audi-a3-a3-spb-30-tfsi-s-line-edition/182955781,24490,4,2022,87978,manuale,Benzina,110,S line,Sport,30 TFSI,Rivenditore,177,milano,20121,Lombardia,Nord-ovest
Audi A3 SPB 30 TDI S tronic line edition,https://www.automobile.it/sassari-audi-a3-spb-30-tdi-s-tronic-line-edition/184626579,24490,5,2021,102000,automatico,Diesel,116,S,Performance,30 TDI,Rivenditore,485,sassari,7100,Sardegna,Isole
Audi A3 SPB 30 TDI S-Tronic Business NAVI LED Virtual Cockpit 2022,https://www.automobile.it/trinitapoli-audi-a3-spb-30-tdi-s-tronic-business-navi-led-virtual-cockpit-2022/184486599,24499,4,2022,35017,automatico,Diesel,116,Business,Base,30 TDI,Rivenditore,545,trinitapoli,76015,Puglia,Sud
Audi A3 Sportback 35 TDI S-tronic S line MATRIX,https://www.automobile.it/sant-anastasia-audi-a3-sportback-35-tdi-s-tronic-s-line-matrix/184584597,24499,4,2022,115000,automatico,Diesel,150,S line,Sport,35 TDI,Rivenditore,499,sant anastasia,80048,Campania,Sud
AUDI A3 SPB 30 TDI S tronic Business Advanced i,https://www.automobile.it/augusta-audi-a3-spb-30-tdi-s-tronic-business-advanced/178537402,24500,5,2021,66000,automatico,Diesel,116,Business Advanced,Middle,30 TDI,Rivenditore,894,augusta,96011,Sicilia,Isole
Audi A3 SPB 35 TDI S tronic Business Advanced,https://www.automobile.it/castiglione-lago-audi-a3-spb-35-tdi-s-tronic-business-advanced/182042274,24500,5,2021,91500,automatico,Diesel,150,Business Advanced,Middle,35 TDI,Rivenditore,186,castiglione lago,6061,Umbria,Centro
AUDI A3 SPB 35 TDI S tronic S line edition,https://www.automobile.it/maniace-audi-a3-spb-35-tdi-s-tronic-s-line-edition/184113177,24500,5,2021,137000,automatico,Diesel,150,S line,Sport,35 TDI,Rivenditore,815,maniace,95030,Sicilia,Isole
Audi A3 SPB 30 TDI Business Advanced,https://www.automobile.it/caltanissetta-audi-a3-spb-30-tdi-business-advanced/184432096,24500,5,2021,93930,manuale,Diesel,116,Business Advanced,Middle,30 TDI,Rivenditore,833,caltanissetta,93100,Sicilia,Isole
Audi A3 SPB 30 TDI S line edition RS-KIT,https://www.automobile.it/andria-audi-a3-spb-30-tdi-s-line-edition-rs-kit/183647806,24500,5,2021,115000,manuale,Diesel,116,S line,Sport,30 TDI,Rivenditore,568,andria,76123,Puglia,Sud
Audi A3 SPB 30 TFSI Business Advanced,https://www.automobile.it/milano-audi-a3-spb-30-tfsi-business-advanced/184483838,24500,3,2023,38000,manuale,Benzina,110,Business Advanced,Middle,30 TFSI,Rivenditore,177,milano,20121,Lombardia,Nord-ovest
Audi A3 SPB 35 TDI S tronic Business Advanced,https://www.automobile.it/botrugno-audi-a3-spb-35-tdi-s-tronic-business-advanced/183197486,24500,4,2022,102000,automatico,Diesel,150,Business Advanced,Middle,35 TDI,Rivenditore,781,botrugno,73020,Puglia,Sud
AUDI A3 4ª serie A3 SPB 30 TFSI Business,https://www.automobile.it/seregno-audi-a3-4-serie-a3-spb-30-tfsi-business/184489065,24500,2,2024,29000,manuale,Benzina,110,Business,Base,30 TFSI,Rivenditore,187,seregno,20831,Lombardia,Nord-ovest
Audi A3 SPB 30 TDI S tronic Business Advanced,https://www.automobile.it/valsamoggia-audi-a3-spb-30-tdi-s-tronic-business-advanced/184258556,24500,4,2022,53200,automatico,Diesel,116,Business Advanced,Middle,30 TDI,Rivenditore,18,valsamoggia,40053,Emilia-Romagna,Nord-est
AUDI A3 SPB 45 TFSI e S tronic S line edition,https://www.automobile.it/verona-audi-a3-spb-45-tfsi-s-tronic-s-line-edition/184178987,24550,5,2021,94000,automatico,Ibrido,245,S line,Sport,45 TFSI e,Rivenditore,86,verona,37121,Veneto,Nord-est
AUDI A3 SPB 35 TDI S tronic 150CV 120000km,https://www.automobile.it/nuoro-audi-a3-spb-35-tdi-s-tronic-150cv-120000km/182256746,24599,5,2021,120000,automatico,Diesel,150,S,Performance,35 TDI,Rivenditore,504,nuoro,8100,Sardegna,Isole
AUDI A3 SPB 35 TFSI Business,https://www.automobile.it/treviso-audi-a3-spb-35-tfsi-business/182039199,24700,5,2021,59000,manuale,Benzina,150,Business,Base,35 TFSI,Rivenditore,141,treviso,31100,Veneto,Nord-est
AUDI A3 SPB 35 TFSI S tronic Business Advanced,https://www.automobile.it/treviso-audi-a3-spb-35-tfsi-s-tronic-business-advanced/182039162,24800,4,2022,86000,automatico,Benzina,150,Business Advanced,Middle,35 TFSI,Rivenditore,141,treviso,31100,Veneto,Nord-est
Audi A3 A3 SPB 35 TFSI S tronic UNICO PROPRIETARIO,https://www.automobile.it/castellanza-audi-a3-a3-spb-35-tfsi-s-tronic-unico-proprietario/182012581,24800,6,2020,66791,automatico,Ibrido,150,S,Performance,35 TFSI,Rivenditore,204,castellanza,21053,Lombardia,Nord-ovest
Audi A3 30 TDI Business Advanced,https://www.automobile.it/massa-audi-a3-30-tdi-business-advanced/183443933,24800,3,2023,53700,manuale,Diesel,116,Business Advanced,Middle,30 TDI,Rivenditore,105,massa,54100,Toscana,Centro
Audi A3 SPB 35 TDI S tronic Admired SLINE,https://www.automobile.it/guidonia-montecelio-audi-a3-spb-35-tdi-s-tronic-admired-sline/184640986,24800,6,2020,53732,automatico,Diesel,150,S line,Sport,35 TDI,Rivenditore,322,guidonia montecelio,12,Lazio,Centro
AUDI A3 Sedan 35 TDI S tronic S line edition,https://www.automobile.it/collesalvetti-audi-a3-sedan-35-tdi-s-tronic-s-line-edition/184529452,24899,4,2022,68722,automatico,Diesel,150,S line,Sport,35 TDI,Rivenditore,130,collesalvetti,57014,Toscana,Centro
AUDI A3 Sedan 35 TDI S tronic S line edition,https://www.automobile.it/milano-audi-a3-sedan-35-tdi-s-tronic-s-line-edition/184533464,24899,4,2022,68722,automatico,Diesel,150,S line,Sport,35 TDI,Rivenditore,177,milano,20121,Lombardia,Nord-ovest
AUDI A3 SPB 30 TDI Business,https://www.automobile.it/treviso-audi-a3-spb-30-tdi-business/182039242,24900,4,2022,60000,manuale,Diesel,116,Business,Base,30 TDI,Rivenditore,141,treviso,31100,Veneto,Nord-est
AUDI A3 SPB 35 TDI 150CV S tronic Business Advanced PACK SLINE - LED - LUCI D'AMBIENTE,https://www.automobile.it/manduria-audi-a3-spb-35-tdi-150cv-s-tronic-business-advanced-pack-sline-led-luci-d-ambiente/182161132,24900,5,2021,117421,automatico,Diesel,150,Business Advanced,Middle,35 TDI,Rivenditore,713,manduria,74024,Puglia,Sud
Audi A3 SPB 35 TDI S tronic S line edition,https://www.automobile.it/adrano-audi-a3-spb-35-tdi-s-tronic-s-line-edition/183713281,24900,3,2023,172729,automatico,Diesel,150,S line,Sport,35 TDI,Rivenditore,837,adrano,95031,Sicilia,Isole
Audi A3 SPB 30 TDI S tronic Business,https://www.automobile.it/vibo-valentia-audi-a3-spb-30-tdi-s-tronic-business/184016933,24900,4,2022,77000,automatico,Diesel,116,Business,Base,30 TDI,Rivenditore,782,vibo valentia,89900,Calabria,Sud
AUDI A3 30 TDI Business Advanced,https://www.automobile.it/roma-audi-a3-30-tdi-business-advanced/183793243,24900,2,2024,44776,manuale,Diesel,116,Business Advanced,Middle,30 TDI,Rivenditore,326,roma,118,Lazio,Centro
AUDI A3 4ª serie - A3 SPB 30 TFSI S tronic,https://www.automobile.it/livorno-audi-a3-4-serie-a3-spb-30-tfsi-s-tronic/184329395,24900,4,2022,49372,automatico,Elettrico,110,S,Performance,30 TFSI,Rivenditore,140,livorno,57121,Toscana,Centro
Audi A3 1.0 30 TFSI MHEV Advanced #11961,https://www.automobile.it/samarate-audi-a3-1-0-30-tfsi-mhev-advanced-11961/184215791,24900,4,2022,35000,automatico,Ibrido,110,Advanced,Middle,30 TFSI,Rivenditore,213,samarate,21017,Lombardia,Nord-ovest
Audi A3 NUOVA SERIE SEDAN 2.0 TDIe S35 *S-LINE* FULL,https://www.automobile.it/eboli-audi-a3-nuova-serie-sedan-2-0-tdie-s35-s-line-full/183491448,24900,4,2022,70128,manuale,Diesel,310,S line,Sport,S3,Rivenditore,552,eboli,84025,Campania,Sud
Audi A3 Sedan 35 TDI S tronic Business Advanced CELL VENDITE 3491558563 - 3478673115,https://www.automobile.it/san-daniele-friuli-audi-a3-sedan-35-tdi-s-tronic-business-advanced-cell-vendite-3491558563-3478673115/184147193,24900,2,2024,118000,automatico,Diesel,150,Business Advanced,Middle,35 TDI,Rivenditore,221,san daniele friuli,33038,Friuli-Venezia Giulia,Nord-est
AUDI A3 4ª serie A3 SPB 35 TDI S tronic Busine...,https://www.automobile.it/brittoli-audi-a3-4-serie-a3-spb-35-tdi-s-tronic-busine/184437365,24900,4,2022,104980,automatico,Diesel,150,S,Performance,35 TDI,Rivenditore,341,brittoli,65010,Abruzzo,Sud
Audi A3 SPB 35 TDI S tronic Business Advanced,https://www.automobile.it/civitanova-marche-audi-a3-spb-35-tdi-s-tronic-business-advanced/184383695,24900,3,2023,89000,automatico,Diesel,150,Business Advanced,Middle,35 TDI,Rivenditore,257,civitanova marche,62012,Marche,Centro
AUDI A3 SPORTBACK 30 TDI S tronic Business,https://www.automobile.it/vigevano-audi-a3-sportback-30-tdi-s-tronic-business/184152736,24900,3,2023,34059,automatico,Diesel,116,Business,Base,30 TDI,Rivenditore,193,vigevano,27029,Lombardia,Nord-ovest
Audi A3 SPB 40 TDI quattro S tronic line edition,https://www.automobile.it/monreale-audi-a3-spb-40-tdi-quattro-s-tronic-line-edition/184373228,24900,4,2022,143000,automatico,Diesel,190,S,Performance,40 TDI,Rivenditore,752,monreale,90046,Sicilia,Isole
Audi A3 SPB 35 TDI S tronic line edition,https://www.automobile.it/costa-masnaga-audi-a3-spb-35-tdi-s-tronic-line-edition/184412348,24900,5,2021,95000,automatico,Diesel,150,S,Performance,35 TDI,Rivenditore,190,costa masnaga,23845,Lombardia,Nord-ovest
Audi A3 SPB 30 TDI S tronic line edition,https://www.automobile.it/lanciano-audi-a3-spb-30-tdi-s-tronic-line-edition/184088555,24900,2,2024,80400,automatico,Diesel,116,S,Performance,30 TDI,Rivenditore,377,lanciano,66034,Abruzzo,Sud
AUDI A3 4ª serie A3 SPB 35 TDI S tronic Business,https://www.automobile.it/milano-audi-a3-4-serie-a3-spb-35-tdi-s-tronic-business/184597797,24900,4,2022,56046,automatico,Diesel,150,Business,Base,35 TDI,Rivenditore,177,milano,20121,Lombardia,Nord-ovest
AUDI A3 4ª serie A3 SPB 35 TDI S tronic Business,https://www.automobile.it/roma-audi-a3-4-serie-a3-spb-35-tdi-s-tronic-business/184594832,24900,4,2022,56046,automatico,Diesel,150,Business,Base,35 TDI,Rivenditore,326,roma,118,Lazio,Centro
AUDI A3 SPB 35 TDI S tronic S line edition,https://www.automobile.it/san-dona-piave-audi-a3-spb-35-tdi-s-tronic-s-line-edition/184572503,24900,4,2022,82500,automatico,Diesel,150,S line,Sport,35 TDI,Rivenditore,155,san dona piave,30027,Veneto,Nord-est
AUDI A3 4ª serie A3 SPB 35 TDI S tronic Business,https://www.automobile.it/verona-audi-a3-4-serie-a3-spb-35-tdi-s-tronic-business/184598459,24900,4,2022,56046,automatico,Diesel,150,Business,Base,35 TDI,Rivenditore,86,verona,37121,Veneto,Nord-est
Audi A3 SPB 30 TDI S tronic,https://www.automobile.it/palermo-audi-a3-spb-30-tdi-s-tronic/184243787,24900,4,2022,92000,automatico,Diesel,116,S,Performance,30 TDI,Rivenditore,750,palermo,90121,Sicilia,Isole
AUDI A3 SPB 35 TFSI Business Advanced,https://www.automobile.it/oderzo-audi-a3-spb-35-tfsi-business-advanced/183354534,24950,4,2022,44139,manuale,Benzina,150,Business Advanced,Middle,35 TFSI,Rivenditore,163,oderzo,31046,Veneto,Nord-est
Audi A3 SPB 30 TDI S line edition,https://www.automobile.it/padula-audi-a3-spb-30-tdi-s-line-edition/184177209,24990,3,2023,163000,manuale,Diesel,116,S line,Sport,30 TDI,Rivenditore,607,padula,84034,Campania,Sud
"Audi A3 SPB 40 TDI QUATTRO 200cv S TRONIC S LINE ""TETTO NAVY PELLE B&O",https://www.automobile.it/andria-audi-a3-spb-40-tdi-quattro-200cv-s-tronic-s-line-tetto-navy-pelle-b/183912895,24990,5,2021,220000,automatico,Diesel,190,S line,Sport,40 TDI,Rivenditore,568,andria,76123,Puglia,Sud
AUDI A3 SPB 30 TDI S tronic S line edition,https://www.automobile.it/dolo-audi-a3-spb-30-tdi-s-tronic-s-line-edition/184496943,24990,3,2023,77000,automatico,Diesel,116,S line,Sport,30 TDI,Rivenditore,112,dolo,30031,Veneto,Nord-est
Audi A3 SPB 30 TDI S line edition,https://www.automobile.it/masera-padova-audi-a3-spb-30-tdi-s-line-edition/184385890,24990,4,2022,61200,automatico,Diesel,116,S line,Sport,30 TDI,Rivenditore,92,masera padova,35020,Veneto,Nord-est
Audi A3 SPB Sportback 30 TDI S-tronic Business Advanced,https://www.automobile.it/rosarno-audi-a3-spb-sportback-30-tdi-s-tronic-business-advanced/184510870,24990,4,2022,44000,automatico,Diesel,116,Business Advanced,Middle,30 TDI,Rivenditore,796,rosarno,89025,Calabria,Sud
Audi A3 SPB 30 TDI S tronic Advanced FINANZIABILE,https://www.automobile.it/ilbono-audi-a3-spb-30-tdi-s-tronic-advanced-finanziabile/184587738,24990,4,2022,89000,automatico,Diesel,116,Advanced,Middle,30 TDI,Rivenditore,545,ilbono,8040,Sardegna,Isole
Audi A3 Sedan 35 TDI S tronic Business Advanced,https://www.automobile.it/cinisello-balsamo-audi-a3-sedan-35-tdi-s-tronic-business-advanced/184636276,24990,4,2022,72000,automatico,Diesel,150,Business Advanced,Middle,35 TDI,Rivenditore,180,cinisello balsamo,20092,Lombardia,Nord-ovest
Audi A3 SPB 30 TDI/LED/COCKPIT/KEYLESS,https://www.automobile.it/napoli-audi-a3-spb-30-tdi-led-cockpit-keyless/182925465,24999,3,2023,32000,manuale,Diesel,116,S,Performance,30 TDI,Rivenditore,495,napoli,80121,Campania,Sud
AUDI A3 SPB 30 TFSI S tronic S line edition,https://www.automobile.it/milazzo-audi-a3-spb-30-tfsi-s-tronic-s-line-edition/184462024,24999,5,2021,63000,automatico,Ibrido,110,S line,Sport,30 TFSI,Rivenditore,793,milazzo,98057,Sicilia,Isole
AUDI A3 SPB 30 TDI S tronic,https://www.automobile.it/milazzo-audi-a3-spb-30-tdi-s-tronic/184437518,24999,4,2022,82000,automatico,Diesel,116,S,Performance,30 TDI,Rivenditore,793,milazzo,98057,Sicilia,Isole
Audi A3 SPB 35 TDI Business Advanced,https://www.automobile.it/guastalla-audi-a3-spb-35-tdi-business-advanced/184534217,24999,3,2023,96000,automatico,Diesel,150,Business Advanced,Middle,35 TDI,Rivenditore,47,guastalla,42016,Emilia-Romagna,Nord-est
AUDI A3 S.BACK 35 TDI 2.0 150 CV S-TRON S-LINE EDITION,https://www.automobile.it/avellino-audi-a3-s-back-35-tdi-2-0-150-cv-s-tron-s-line-edition/184592351,24999,5,2021,110000,automatico,Diesel,150,S line,Sport,35 TDI,Rivenditore,513,avellino,83100,Campania,Sud
"AUDI A3 2.0 SPB ADVANCED 35 TDI S-TRONIC 150CV - FULL LED, VIRTUAL COCKPIT, CARPLAY",https://www.automobile.it/brescello-audi-a3-2-0-spb-advanced-35-tdi-s-tronic-150cv-full-led-virtual-cockpit-carplay/184592445,24999,4,2022,78000,automatico,Diesel,150,Advanced,Middle,35 TDI,Rivenditore,55,brescello,42041,Emilia-Romagna,Nord-est
AUDI A3 Sportback 35 TDI S Tronic S Line,https://www.automobile.it/senna-comasco-audi-a3-sportback-35-tdi-s-tronic-s-line/183899638,25000,6,2020,107000,automatico,Diesel,150,S line,Sport,35 TDI,Rivenditore,200,senna comasco,22070,Lombardia,Nord-ovest
Audi A3 SPB 40 TDI quattro S tronic line edition,https://www.automobile.it/boretto-audi-a3-spb-40-tdi-quattro-s-tronic-line-edition/184061643,25000,5,2021,124999,automatico,Diesel,190,S,Performance,40 TDI,Rivenditore,53,boretto,42022,Emilia-Romagna,Nord-est
AUDI A3 SPB 30 TDI S tronic Business Advanced,https://www.automobile.it/porto-sant-elpidio-audi-a3-spb-30-tdi-s-tronic-business-advanced/184389130,25000,3,2023,51000,automatico,Diesel,116,Business Advanced,Middle,30 TDI,Rivenditore,262,porto sant elpidio,63821,Marche,Centro
Audi A3 SPB 35 TDI S tronic line edition,https://www.automobile.it/cellole-audi-a3-spb-35-tdi-s-tronic-line-edition/184379520,25299,6,2020,141000,automatico,Diesel,150,S,Performance,35 TDI,Rivenditore,443,cellole,81030,Campania,Sud
AUDI A3 Sedan 35 TDI S tronic S line edition,https://www.automobile.it/verona-audi-a3-sedan-35-tdi-s-tronic-s-line-edition/184531908,25399,4,2022,68722,automatico,Diesel,150,S line,Sport,35 TDI,Rivenditore,86,verona,37121,Veneto,Nord-est
AUDI A3 Sedan 35 TDI S tronic S line edition,https://www.automobile.it/bologna-audi-a3-sedan-35-tdi-s-tronic-s-line-edition/184532516,25399,4,2022,68722,automatico,Diesel,150,S line,Sport,35 TDI,Rivenditore,25,bologna,40121,Emilia-Romagna,Nord-est
AUDI A3 Sedan 35 TDI S tronic S line edition,https://www.automobile.it/cagliari-audi-a3-sedan-35-tdi-s-tronic-s-line-edition/184532749,25399,4,2022,68722,automatico,Diesel,150,S line,Sport,35 TDI,Rivenditore,628,cagliari,9121,Sardegna,Isole
AUDI A3 Sedan 35 TDI S tronic S line edition,https://www.automobile.it/palermo-audi-a3-sedan-35-tdi-s-tronic-s-line-edition/184533760,25399,4,2022,68722,automatico,Diesel,150,S line,Sport,35 TDI,Rivenditore,750,palermo,90121,Sicilia,Isole
AUDI A3 Sedan 35 TDI S tronic S line edition,https://www.automobile.it/venezia-audi-a3-sedan-35-tdi-s-tronic-s-line-edition/184533778,25399,4,2022,68722,automatico,Diesel,150,S line,Sport,35 TDI,Rivenditore,127,venezia,30121,Veneto,Nord-est
AUDI A3 Sedan 35 TDI S tronic S line edition,https://www.automobile.it/bari-audi-a3-sedan-35-tdi-s-tronic-s-line-edition/184533231,25399,4,2022,68722,automatico,Diesel,150,S line,Sport,35 TDI,Rivenditore,611,bari,70121,Puglia,Sud
AUDI A3 Sedan 35 TDI S tronic S line edition,https://www.automobile.it/roma-audi-a3-sedan-35-tdi-s-tronic-s-line-edition/184532933,25399,4,2022,68722,automatico,Diesel,150,S line,Sport,35 TDI,Rivenditore,326,roma,118,Lazio,Centro
AUDI A3 Sedan 35 TDI S tronic S line edition,https://www.automobile.it/firenze-audi-a3-sedan-35-tdi-s-tronic-s-line-edition/184533127,25399,4,2022,68722,automatico,Diesel,150,S line,Sport,35 TDI,Rivenditore,99,firenze,50121,Toscana,Centro
AUDI A3 Sedan 35 TDI S tronic S line edition,https://www.automobile.it/catania-audi-a3-sedan-35-tdi-s-tronic-s-line-edition/184531722,25399,4,2022,68722,automatico,Diesel,150,S line,Sport,35 TDI,Rivenditore,861,catania,95121,Sicilia,Isole
AUDI A3 Sedan 35 TDI S tronic S line edition,https://www.automobile.it/beinasco-audi-a3-sedan-35-tdi-s-tronic-s-line-edition/184532181,25399,4,2022,68722,automatico,Diesel,150,S line,Sport,35 TDI,Rivenditore,283,beinasco,10092,Piemonte,Nord-ovest
AUDI A3 Sedan 35 TDI S tronic S line edition,https://www.automobile.it/cosenza-audi-a3-sedan-35-tdi-s-tronic-s-line-edition/184529835,25399,4,2022,68722,automatico,Diesel,150,S line,Sport,35 TDI,Rivenditore,731,cosenza,87100,Calabria,Sud
AUDI A3 4ª serie A3 SPB 30 TDI S tronic Business Advanced,https://www.automobile.it/verona-audi-a3-4-serie-a3-spb-30-tdi-s-tronic-business-advanced/184598325,25400,4,2022,56182,automatico,Diesel,116,Business Advanced,Middle,30 TDI,Rivenditore,86,verona,37121,Veneto,Nord-est
AUDI A3 4ª serie A3 SPB 30 TDI S tronic Business Advanced,https://www.automobile.it/milano-audi-a3-4-serie-a3-spb-30-tdi-s-tronic-business-advanced/184596759,25400,4,2022,56182,automatico,Diesel,116,Business Advanced,Middle,30 TDI,Rivenditore,177,milano,20121,Lombardia,Nord-ovest
AUDI A3 4ª serie A3 SPB 30 TDI S tronic Business Advanced,https://www.automobile.it/roma-audi-a3-4-serie-a3-spb-30-tdi-s-tronic-business-advanced/184597404,25400,4,2022,56182,automatico,Diesel,116,Business Advanced,Middle,30 TDI,Rivenditore,326,roma,118,Lazio,Centro
AUDI A3 SPB 30 TDI Business,https://www.automobile.it/barrafranca-audi-a3-spb-30-tdi-business/183939012,25490,3,2023,45636,manuale,Diesel,116,Business,Base,30 TDI,Rivenditore,849,barrafranca,94012,Sicilia,Isole
Audi A3 SPB S TRONIC 30 TDI S line edition 31/01/2023 KM 60493 CERT 1PROP,https://www.automobile.it/canicatti-audi-a3-spb-s-tronic-30-tdi-s-line-edition-31-01-2023-km-60493-cert-1prop/182100231,25499,3,2023,60436,automatico,Diesel,116,S line,Sport,30 TDI,Rivenditore,842,canicatti,92024,Sicilia,Isole
Audi A3 SPB 30 TDI S line edition 116cv 2022,https://www.automobile.it/ispica-audi-a3-spb-30-tdi-s-line-edition-116cv-2022/182700296,25499,4,2022,112973,automatico,Diesel,116,S line,Sport,30 TDI,Rivenditore,930,ispica,97014,Sicilia,Isole
AUDI A3 SPB 30 TDI S tronic Advanced SPORT FULL-LED NAVI,https://www.automobile.it/casagiove-audi-a3-spb-30-tdi-s-tronic-advanced-sport-full-led-navi/184552440,25499,2,2024,69900,automatico,Diesel,116,Advanced,Middle,30 TDI,Rivenditore,475,casagiove,81022,Campania,Sud
AUDI A3 SPB 30 TDI S tronic S line edition,https://www.automobile.it/roma-audi-a3-spb-30-tdi-s-tronic-s-line-edition/184458285,25499,3,2023,84330,automatico,Diesel,116,S line,Sport,30 TDI,Rivenditore,326,roma,118,Lazio,Centro
AUDI A3 SPB 30 TDI S tronic S line edition,https://www.automobile.it/verona-audi-a3-spb-30-tdi-s-tronic-s-line-edition/184457997,25499,3,2023,84330,automatico,Diesel,116,S line,Sport,30 TDI,Rivenditore,86,verona,37121,Veneto,Nord-est
AUDI A3 SPB 30 TDI S tronic S line edition,https://www.automobile.it/catania-audi-a3-spb-30-tdi-s-tronic-s-line-edition/184457790,25499,3,2023,84330,automatico,Diesel,116,S line,Sport,30 TDI,Rivenditore,861,catania,95121,Sicilia,Isole
AUDI A3 SPB 30 TDI S tronic S line edition,https://www.automobile.it/casoria-audi-a3-spb-30-tdi-s-tronic-s-line-edition/184457821,25499,3,2023,84330,automatico,Diesel,116,S line,Sport,30 TDI,Rivenditore,490,casoria,80026,Campania,Sud
AUDI A3 SPB 30 TDI S tronic S line edition,https://www.automobile.it/bologna-audi-a3-spb-30-tdi-s-tronic-s-line-edition/184458108,25499,3,2023,84330,automatico,Diesel,116,S line,Sport,30 TDI,Rivenditore,25,bologna,40121,Emilia-Romagna,Nord-est
AUDI A3 SPB 30 TDI S tronic S line edition,https://www.automobile.it/firenze-audi-a3-spb-30-tdi-s-tronic-s-line-edition/184458530,25499,3,2023,84330,automatico,Diesel,116,S line,Sport,30 TDI,Rivenditore,99,firenze,50121,Toscana,Centro
AUDI A3 SPB 30 TDI S tronic S line edition,https://www.automobile.it/cagliari-audi-a3-spb-30-tdi-s-tronic-s-line-edition/184463071,25499,3,2023,84330,automatico,Diesel,116,S line,Sport,30 TDI,Rivenditore,628,cagliari,9121,Sardegna,Isole
AUDI A3 SPB 30 TDI S tronic S line edition,https://www.automobile.it/bari-audi-a3-spb-30-tdi-s-tronic-s-line-edition/184458348,25499,3,2023,84330,automatico,Diesel,116,S line,Sport,30 TDI,Rivenditore,611,bari,70121,Puglia,Sud
AUDI A3 SPB 30 TDI S tronic S line edition,https://www.automobile.it/milano-audi-a3-spb-30-tdi-s-tronic-s-line-edition/184462860,25499,3,2023,84330,automatico,Diesel,116,S line,Sport,30 TDI,Rivenditore,177,milano,20121,Lombardia,Nord-ovest
AUDI A3 SPB 30 TDI S tronic S line edition,https://www.automobile.it/venezia-audi-a3-spb-30-tdi-s-tronic-s-line-edition/184458565,25499,3,2023,84330,automatico,Diesel,116,S line,Sport,30 TDI,Rivenditore,127,venezia,30121,Veneto,Nord-est
AUDI A3 SPB 30 TDI S tronic S line edition,https://www.automobile.it/cosenza-audi-a3-spb-30-tdi-s-tronic-s-line-edition/184455944,25499,3,2023,84330,automatico,Diesel,116,S line,Sport,30 TDI,Rivenditore,731,cosenza,87100,Calabria,Sud
AUDI A3 SPB 30 TDI S tronic S line edition,https://www.automobile.it/palermo-audi-a3-spb-30-tdi-s-tronic-s-line-edition/184463178,25499,3,2023,84330,automatico,Diesel,116,S line,Sport,30 TDI,Rivenditore,750,palermo,90121,Sicilia,Isole
Audi A3 SPB 35 TFSI S line edition Fari full led,https://www.automobile.it/san-casciano-val-pesa-audi-a3-spb-35-tfsi-s-line-edition-fari-full-led/184612511,25499,5,2021,39000,automatico,Ibrido,150,S line,Sport,35 TFSI,Rivenditore,112,san casciano val pesa,50026,Toscana,Centro
AUDI A3 SPB 30 TDI S tronic Business Advanced,https://www.automobile.it/treviso-audi-a3-spb-30-tdi-s-tronic-business-advanced/182039273,25500,3,2023,70000,automatico,Diesel,116,Business Advanced,Middle,30 TDI,Rivenditore,141,treviso,31100,Veneto,Nord-est
Audi A3 SPB 30 TFSI S line edition,https://www.automobile.it/abano-terme-audi-a3-spb-30-tfsi-s-line-edition/184368383,25500,3,2023,46500,manuale,Benzina,110,S line,Sport,30 TFSI,Rivenditore,92,abano terme,35031,Veneto,Nord-est
Audi A3 Sedan 40 TDI quattro S tronic Business Advanced,https://www.automobile.it/caposele-audi-a3-sedan-40-tdi-quattro-s-tronic-business-advanced/184361831,25500,4,2022,72000,automatico,Diesel,190,Business Advanced,Middle,40 TDI,Rivenditore,543,caposele,83040,Campania,Sud
Audi A3 Sedan 35 TDI S tronic Business Advanced,https://www.automobile.it/buccinasco-audi-a3-sedan-35-tdi-s-tronic-business-advanced/182297448,25500,5,2021,50000,automatico,Diesel,150,Business Advanced,Middle,35 TDI,Rivenditore,180,buccinasco,20090,Lombardia,Nord-ovest
AUDI A3 30TDI S-tronic S-LINE *SENZA VINCOLO FINANZ,https://www.automobile.it/rovato-audi-a3-30tdi-s-tronic-s-line-vincolo-finanz/184446047,25800,4,2022,30580,automatico,Diesel,116,S line,Sport,30 TDI,Rivenditore,134,rovato,25038,Lombardia,Nord-ovest
Audi A3 SPB 30 TFSI Business Advanced S Tronic,https://www.automobile.it/roma-audi-a3-spb-30-tfsi-business-advanced-s-tronic/184402473,25800,1,2025,42897,automatico,Ibrido,110,Business Advanced,Middle,30 TFSI,Rivenditore,326,roma,118,Lazio,Centro
Audi A3 SPB 30 TDI S line edition,https://www.automobile.it/montevarchi-audi-a3-spb-30-tdi-s-line-edition/184263583,25800,6,2020,92000,manuale,Diesel,116,S line,Sport,30 TDI,Rivenditore,131,montevarchi,52025,Toscana,Centro
Audi A3 SPB 35 TDI S tronic line edition,https://www.automobile.it/roma-audi-a3-spb-35-tdi-s-tronic-line-edition/184477079,25800,2,2024,67211,automatico,Diesel,150,S,Performance,35 TDI,Rivenditore,326,roma,118,Lazio,Centro
AUDI A3 Sedan 35 TDI S tronic S line edition,https://www.automobile.it/san-benedetto-tronto-audi-a3-sedan-35-tdi-s-tronic-s-line-edition/184488295,25800,3,2023,53000,automatico,Diesel,150,S line,Sport,35 TDI,Rivenditore,292,san benedetto tronto,63074,Marche,Centro
Audi A3 SPB 30 TDI Business Advanced,https://www.automobile.it/santo-stefano-camastra-audi-a3-spb-30-tdi-business-advanced/183990601,25890,4,2022,26000,automatico,Diesel,116,Business Advanced,Middle,30 TDI,Rivenditore,785,santo stefano camastra,98077,Sicilia,Isole
Audi A3 SPB 35 TDI S tronic Business Advanced,https://www.automobile.it/mariano-comense-audi-a3-spb-35-tdi-s-tronic-business-advanced/182932512,25900,3,2023,104756,automatico,Diesel,150,Business Advanced,Middle,35 TDI,Rivenditore,191,mariano comense,22066,Lombardia,Nord-ovest
Audi A3 Sedan 35 TDI S line edition,https://www.automobile.it/rocca-neto-audi-a3-sedan-35-tdi-s-line-edition/183037244,25900,5,2021,86000,automatico,Diesel,150,S line,Sport,35 TDI,Rivenditore,778,rocca neto,88821,Calabria,Sud
Audi A3 40 TDI quattro S tronic line edition,https://www.automobile.it/treviso-audi-a3-40-tdi-quattro-s-tronic-line-edition/184128182,25900,5,2021,104000,automatico,Diesel,190,S,Performance,40 TDI,Rivenditore,141,treviso,31100,Veneto,Nord-est
AUDI A3 4ª serie A3 SPB 30 TFSI S tronic Busin...,https://www.automobile.it/modena-audi-a3-4-serie-a3-spb-30-tfsi-s-tronic-busin/184072499,25900,5,2021,42540,automatico,Ibrido,110,S,Performance,30 TFSI,Rivenditore,16,modena,41121,Emilia-Romagna,Nord-est
AUDI A3 SPORTBACK 35 TFSI S-Tronic 1.5 150Cv SPB MHEV,https://www.automobile.it/concesio-audi-a3-sportback-35-tfsi-s-tronic-1-5-150cv-spb-mhev/184337867,25900,3,2023,76000,automatico,Benzina,150,Sport,Middle,35 TFSI,Rivenditore,126,concesio,25062,Lombardia,Nord-ovest
"AUDI A3 SPORTBACK 35 E TFSI S tr. S line ed. PELLE 18""MHEV",https://www.automobile.it/vigevano-audi-a3-sportback-35-tfsi-s-tr-s-line-pelle-18-mhev/184399231,25900,5,2021,44636,automatico,Ibrido,150,S line,Sport,35 TFSI,Rivenditore,193,vigevano,27029,Lombardia,Nord-ovest
Audi A3 1.4 45 TFSI e PHEV S Line Edition #50304,https://www.automobile.it/moncalieri-audi-a3-1-4-45-tfsi-phev-s-line-edition-50304/184503438,25900,5,2021,97500,automatico,Ibrido,245,S line,Sport,45 TFSI e,Rivenditore,275,moncalieri,10024,Piemonte,Nord-ovest
Audi A3 SPB 40 TFSI e S tronic,https://www.automobile.it/leini-audi-a3-spb-40-tfsi-s-tronic/183689060,25900,3,2023,22800,automatico,Ibrido,204,S,Performance,40 TFSI e,Rivenditore,275,leini,10040,Piemonte,Nord-ovest
AUDI A3 SPORTBACK 35 TFSI S tronic Business Advanced PROMO,https://www.automobile.it/arsie-audi-a3-sportback-35-tfsi-s-tronic-business-advanced-promo/184496530,25900,3,2023,16975,automatico,Ibrido,150,Business Advanced,Middle,35 TFSI,Rivenditore,154,arsie,32030,Veneto,Nord-est
AUDI A3 SPB 30 TDI Stronic Sport,https://www.automobile.it/melissano-audi-a3-spb-30-tdi-stronic-sport/184521539,25900,4,2022,60900,automatico,Diesel,116,Sport,Middle,30 TDI,Rivenditore,776,melissano,73040,Puglia,Sud
Audi A3 SPB 30 TDI S line edition S-tronic,https://www.automobile.it/carmagnola-audi-a3-spb-30-tdi-s-line-edition-s-tronic/183652221,25900,2,2024,90000,manuale,Diesel,116,S line,Sport,30 TDI,Rivenditore,271,carmagnola,10022,Piemonte,Nord-ovest
Audi A3 SPB 35 TDI S tronic Business Advanced,https://www.automobile.it/san-giorgio-cremano-audi-a3-spb-35-tdi-s-tronic-business-advanced/184570041,25900,4,2022,38000,automatico,Diesel,150,Business Advanced,Middle,35 TDI,Rivenditore,500,san giorgio a cremano,80046,Campania,Sud
Audi A3 sportback 35 TDI S tronic / PELLE / CAMERA / NAVI,https://www.automobile.it/rimini-audi-a3-sportback-35-tdi-s-tronic-pelle-camera-navi/184592195,25900,3,2023,64000,automatico,Diesel,150,Sport,Middle,35 TDI,Rivenditore,132,rimini,47921,Emilia-Romagna,Nord-est
AUDI A3 4ª serie A3 SPB 30 TDI S tronic Business,https://www.automobile.it/paola-audi-a3-4-serie-a3-spb-30-tdi-s-tronic-business/184611998,25900,4,2022,84000,automatico,Diesel,116,Business,Base,30 TDI,Rivenditore,715,paola,87027,Calabria,Sud
Audi A3 SPB 30 TDI S tronic S line edition,https://www.automobile.it/capua-audi-a3-spb-30-tdi-s-tronic-s-line-edition/184635567,25900,4,2022,58835,automatico,Diesel,116,S line,Sport,30 TDI,Rivenditore,468,capua,81043,Campania,Sud
Audi A3 Cabrio 35 TFSI S line edition,https://www.automobile.it/gaglianico-audi-a3-cabrio-35-tfsi-s-line-edition/184636344,25900,5,2021,115000,automatico,Benzina,150,S line,Sport,35 TFSI,Rivenditore,259,gaglianico,13894,Piemonte,Nord-ovest
AUDI A3 Sportback 35 TFSI S line MATRIX VIRTUAL B&O ACC,https://www.automobile.it/potenza-audi-a3-sportback-35-tfsi-s-line-matrix-virtual-b-acc/183731348,25990,6,2020,130000,manuale,Benzina,150,S line,Sport,35 TFSI,Rivenditore,588,potenza,85100,Basilicata,Sud
Audi A3 SPB 35 TFSI S line edition,https://www.automobile.it/roma-audi-a3-spb-35-tfsi-s-line-edition/184576901,25990,3,2023,80450,automatico,Benzina,150,S line,Sport,35 TFSI,Rivenditore,326,roma,118,Lazio,Centro
Audi A3 SPB 35 TDI S tronic Business Advanced,https://www.automobile.it/broni-audi-a3-spb-35-tdi-s-tronic-business-advanced/184554317,25990,3,2023,85398,automatico,Diesel,150,Business Advanced,Middle,35 TDI,Rivenditore,154,broni,27043,Lombardia,Nord-ovest
AUDI A3 45 TFSI-E 150cv S LINE AUTOM*PERMUTE*RATE*,https://www.automobile.it/roma-audi-a3-45-tfsi-150cv-s-line-autom-permute-rate/184626369,25990,5,2021,97400,automatico,Ibrido,245,S line,Sport,45 TFSI e,Rivenditore,326,roma,118,Lazio,Centro
Audi A3 35 TDI S tronic line edition,https://www.automobile.it/bari-audi-a3-35-tdi-s-tronic-line-edition/183676509,25999,6,2020,173259,automatico,Diesel,150,S,Performance,35 TDI,Rivenditore,611,bari,70121,Puglia,Sud
AUDI A3 SPB 35 TDI S tronic S line edition,https://www.automobile.it/bologna-audi-a3-spb-35-tdi-s-tronic-s-line-edition/184363585,25999,4,2022,59560,automatico,Diesel,150,S line,Sport,35 TDI,Rivenditore,25,bologna,40121,Emilia-Romagna,Nord-est
AUDI A3 SPB 35 TDI S tronic S line edition,https://www.automobile.it/cagliari-audi-a3-spb-35-tdi-s-tronic-s-line-edition/184363678,25999,4,2022,59560,automatico,Diesel,150,S line,Sport,35 TDI,Rivenditore,628,cagliari,9121,Sardegna,Isole
AUDI A3 SPB 35 TDI S tronic S line edition,https://www.automobile.it/casoria-audi-a3-spb-35-tdi-s-tronic-s-line-edition/184363278,25999,4,2022,59560,automatico,Diesel,150,S line,Sport,35 TDI,Rivenditore,490,casoria,80026,Campania,Sud
AUDI A3 SPB 35 TDI S tronic S line edition,https://www.automobile.it/venezia-audi-a3-spb-35-tdi-s-tronic-s-line-edition/184364068,25999,4,2022,59560,automatico,Diesel,150,S line,Sport,35 TDI,Rivenditore,127,venezia,30121,Veneto,Nord-est
AUDI A3 SPB 35 TDI S tronic S line edition,https://www.automobile.it/roma-audi-a3-spb-35-tdi-s-tronic-s-line-edition/184359188,25999,4,2022,59560,automatico,Diesel,150,S line,Sport,35 TDI,Rivenditore,326,roma,118,Lazio,Centro
AUDI A3 SPB 35 TDI S tronic S line edition,https://www.automobile.it/bari-audi-a3-spb-35-tdi-s-tronic-s-line-edition/184363987,25999,4,2022,59560,automatico,Diesel,150,S line,Sport,35 TDI,Rivenditore,611,bari,70121,Puglia,Sud
AUDI A3 SPB 35 TDI S tronic S line edition,https://www.automobile.it/cosenza-audi-a3-spb-35-tdi-s-tronic-s-line-edition/184357513,25999,4,2022,59560,automatico,Diesel,150,S line,Sport,35 TDI,Rivenditore,731,cosenza,87100,Calabria,Sud
AUDI A3 SPB 35 TDI S tronic S line edition,https://www.automobile.it/firenze-audi-a3-spb-35-tdi-s-tronic-s-line-edition/184363890,25999,4,2022,59560,automatico,Diesel,150,S line,Sport,35 TDI,Rivenditore,99,firenze,50121,Toscana,Centro
AUDI A3 SPB 35 TDI S tronic S line edition,https://www.automobile.it/sassari-audi-a3-spb-35-tdi-s-tronic-s-line-edition/184363680,25999,4,2022,59560,automatico,Diesel,150,S line,Sport,35 TDI,Rivenditore,485,sassari,7100,Sardegna,Isole
AUDI A3 SPB 35 TDI S tronic S line edition,https://www.automobile.it/catania-audi-a3-spb-35-tdi-s-tronic-s-line-edition/184363446,25999,4,2022,59560,automatico,Diesel,150,S line,Sport,35 TDI,Rivenditore,861,catania,95121,Sicilia,Isole
AUDI A3 SPB 35 TDI S tronic S line edition,https://www.automobile.it/collesalvetti-audi-a3-spb-35-tdi-s-tronic-s-line-edition/184357381,25999,4,2022,59560,automatico,Diesel,150,S line,Sport,35 TDI,Rivenditore,130,collesalvetti,57014,Toscana,Centro
AUDI A3 SPB 35 TDI S tronic Identity Black,https://www.automobile.it/venezia-audi-a3-spb-35-tdi-s-tronic-identity-black/184291377,26299,3,2023,72000,automatico,Diesel,150,Identity,Middle,35 TDI,Rivenditore,127,venezia,30121,Veneto,Nord-est
AUDI A3 SPB 35 TDI S tronic Identity Black,https://www.automobile.it/palermo-audi-a3-spb-35-tdi-s-tronic-identity-black/184292910,26299,3,2023,72000,automatico,Diesel,150,Identity,Middle,35 TDI,Rivenditore,750,palermo,90121,Sicilia,Isole
AUDI A3 SPB 35 TDI S tronic Identity Black,https://www.automobile.it/milano-audi-a3-spb-35-tdi-s-tronic-identity-black/184292688,26299,3,2023,72000,automatico,Diesel,150,Identity,Middle,35 TDI,Rivenditore,177,milano,20121,Lombardia,Nord-ovest
AUDI A3 SPB 35 TDI S tronic Identity Black,https://www.automobile.it/cosenza-audi-a3-spb-35-tdi-s-tronic-identity-black/184289747,26299,3,2023,72000,automatico,Diesel,150,Identity,Middle,35 TDI,Rivenditore,731,cosenza,87100,Calabria,Sud
AUDI A3 SPB 35 TDI S tronic Identity Black,https://www.automobile.it/bari-audi-a3-spb-35-tdi-s-tronic-identity-black/184291172,26299,3,2023,72000,automatico,Diesel,150,Identity,Middle,35 TDI,Rivenditore,611,bari,70121,Puglia,Sud
AUDI A3 SPB 35 TDI S tronic Identity Black,https://www.automobile.it/cagliari-audi-a3-spb-35-tdi-s-tronic-identity-black/184292850,26299,3,2023,72000,automatico,Diesel,150,Identity,Middle,35 TDI,Rivenditore,628,cagliari,9121,Sardegna,Isole
AUDI A3 SPB 35 TDI S tronic Identity Black,https://www.automobile.it/casoria-audi-a3-spb-35-tdi-s-tronic-identity-black/184290604,26299,3,2023,72000,automatico,Diesel,150,Identity,Middle,35 TDI,Rivenditore,490,casoria,80026,Campania,Sud
AUDI A3 SPB 35 TDI S tronic Identity Black,https://www.automobile.it/collesalvetti-audi-a3-spb-35-tdi-s-tronic-identity-black/184292138,26299,3,2023,72000,automatico,Diesel,150,Identity,Middle,35 TDI,Rivenditore,130,collesalvetti,57014,Toscana,Centro
Audi A3 SPB 35 TFSI S line edition Perfetta,https://www.automobile.it/lecco-audi-a3-spb-35-tfsi-s-line-edition-perfetta/184632667,26300,3,2023,30000,automatico,Benzina,150,S line,Sport,35 TFSI,Rivenditore,190,lecco,23900,Lombardia,Nord-ovest
Audi A3 35 TDI S tronic Business Advanced,https://www.automobile.it/massafra-audi-a3-35-tdi-s-tronic-business-advanced/183195655,26400,5,2021,92600,automatico,Diesel,150,Business Advanced,Middle,35 TDI,Rivenditore,667,massafra,74016,Puglia,Sud
AUDI A3 4ª serie A3 SPB 35 TDI S tronic Business,https://www.automobile.it/roma-audi-a3-4-serie-a3-spb-35-tdi-s-tronic-business/184596489,26400,3,2023,61645,automatico,Diesel,150,Business,Base,35 TDI,Rivenditore,326,roma,118,Lazio,Centro
AUDI A3 4ª serie A3 SPB 30 TDI S tronic Business,https://www.automobile.it/milano-audi-a3-4-serie-a3-spb-30-tdi-s-tronic-business/184596646,26400,2,2024,39300,automatico,Diesel,116,Business,Base,30 TDI,Rivenditore,177,milano,20121,Lombardia,Nord-ovest
AUDI A3 4ª serie A3 SPB 30 TDI S tronic Business,https://www.automobile.it/milano-audi-a3-4-serie-a3-spb-30-tdi-s-tronic-business/184597323,26400,2,2024,39224,automatico,Diesel,116,Business,Base,30 TDI,Rivenditore,177,milano,20121,Lombardia,Nord-ovest
AUDI A3 4ª serie A3 SPB 30 TDI S tronic Business,https://www.automobile.it/roma-audi-a3-4-serie-a3-spb-30-tdi-s-tronic-business/184595478,26400,2,2024,39224,automatico,Diesel,116,Business,Base,30 TDI,Rivenditore,326,roma,118,Lazio,Centro
AUDI A3 4ª serie A3 SPB 35 TDI S tronic Business,https://www.automobile.it/verona-audi-a3-4-serie-a3-spb-35-tdi-s-tronic-business/184598813,26400,3,2023,61645,automatico,Diesel,150,Business,Base,35 TDI,Rivenditore,86,verona,37121,Veneto,Nord-est
AUDI A3 4ª serie A3 SPB 30 TDI S tronic Business,https://www.automobile.it/verona-audi-a3-4-serie-a3-spb-30-tdi-s-tronic-business/184598374,26400,2,2024,39300,automatico,Diesel,116,Business,Base,30 TDI,Rivenditore,86,verona,37121,Veneto,Nord-est
A3 SPB 40 TDI quattro S tronic Business Advanced 200cv,https://www.automobile.it/civitanova-sannio-a3-spb-40-tdi-quattro-s-tronic-business-advanced-200cv/184347134,26400,4,2022,128000,automatico,Diesel,190,Business Advanced,Middle,40 TDI,Rivenditore,426,civitanova sannio,86094,Molise,Sud
AUDI A3 4ª serie A3 SPB 30 TFSI S tronic,https://www.automobile.it/milano-audi-a3-4-serie-a3-spb-30-tfsi-s-tronic/184594851,26400,2,2024,41228,automatico,Ibrido,110,S,Performance,30 TFSI,Rivenditore,177,milano,20121,Lombardia,Nord-ovest
AUDI A3 4ª serie A3 SPB 30 TDI S tronic Business,https://www.automobile.it/roma-audi-a3-4-serie-a3-spb-30-tdi-s-tronic-business/184595049,26400,2,2024,39300,automatico,Diesel,116,Business,Base,30 TDI,Rivenditore,326,roma,118,Lazio,Centro
AUDI A3 4ª serie A3 SPB 30 TFSI S tronic,https://www.automobile.it/roma-audi-a3-4-serie-a3-spb-30-tfsi-s-tronic/184594458,26400,2,2024,41228,automatico,Ibrido,110,S,Performance,30 TFSI,Rivenditore,326,roma,118,Lazio,Centro
AUDI A3 4ª serie A3 SPB 35 TDI S tronic Business,https://www.automobile.it/milano-audi-a3-4-serie-a3-spb-35-tdi-s-tronic-business/184595175,26400,3,2023,61645,automatico,Diesel,150,Business,Base,35 TDI,Rivenditore,177,milano,20121,Lombardia,Nord-ovest
AUDI A3 4ª serie A3 SPB 30 TFSI S tronic,https://www.automobile.it/verona-audi-a3-4-serie-a3-spb-30-tfsi-s-tronic/184598344,26400,2,2024,41228,automatico,Ibrido,110,S,Performance,30 TFSI,Rivenditore,86,verona,37121,Veneto,Nord-est
AUDI A3 4ª serie A3 SPB 30 TDI S tronic Business,https://www.automobile.it/verona-audi-a3-4-serie-a3-spb-30-tdi-s-tronic-business/184598341,26400,2,2024,39224,automatico,Diesel,116,Business,Base,30 TDI,Rivenditore,86,verona,37121,Veneto,Nord-est
AUDI A3 SPB 30 TDI S tronic S line edition,https://www.automobile.it/torino-audi-a3-spb-30-tdi-s-tronic-s-line-edition/184207356,26490,2,2024,70886,automatico,Diesel,116,S line,Sport,30 TDI,Rivenditore,276,torino,10121,Piemonte,Nord-ovest
AUDI A3 4ª serie A3 Sedan 30 TFSI S tronic Business Advanced,https://www.automobile.it/milano-audi-a3-4-serie-a3-sedan-30-tfsi-s-tronic-business-advanced/184596456,26490,3,2023,47627,automatico,Ibrido,110,Business Advanced,Middle,30 TFSI,Rivenditore,177,milano,20121,Lombardia,Nord-ovest
AUDI A3 4ª serie A3 Sedan 30 TFSI S tronic Business Advanced,https://www.automobile.it/roma-audi-a3-4-serie-a3-sedan-30-tfsi-s-tronic-business-advanced/184595817,26490,3,2023,47627,automatico,Ibrido,110,Business Advanced,Middle,30 TFSI,Rivenditore,326,roma,118,Lazio,Centro
AUDI A3 4ª serie A3 Sedan 30 TFSI S tronic Business Advanced,https://www.automobile.it/verona-audi-a3-4-serie-a3-sedan-30-tfsi-s-tronic-business-advanced/184598670,26490,3,2023,47627,automatico,Ibrido,110,Business Advanced,Middle,30 TFSI,Rivenditore,86,verona,37121,Veneto,Nord-est
AUDI A3 4ª serie A3 SPB 30 TDI S tronic Business Advanced,https://www.automobile.it/roma-audi-a3-4-serie-a3-spb-30-tdi-s-tronic-business-advanced/184594690,26490,3,2023,52605,automatico,Diesel,116,Business Advanced,Middle,30 TDI,Rivenditore,326,roma,118,Lazio,Centro
AUDI A3 4ª serie A3 SPB 30 TDI S tronic Business Advanced,https://www.automobile.it/milano-audi-a3-4-serie-a3-spb-30-tdi-s-tronic-business-advanced/184594781,26490,3,2023,52605,automatico,Diesel,116,Business Advanced,Middle,30 TDI,Rivenditore,177,milano,20121,Lombardia,Nord-ovest
AUDI A3 4ª serie A3 SPB 30 TDI S tronic Business Advanced,https://www.automobile.it/verona-audi-a3-4-serie-a3-spb-30-tdi-s-tronic-business-advanced/184598940,26490,3,2023,52605,automatico,Diesel,116,Business Advanced,Middle,30 TDI,Rivenditore,86,verona,37121,Veneto,Nord-est
Audi A3 SPB 35 TDI S tronic line edition,https://www.automobile.it/sant-anastasia-audi-a3-spb-35-tdi-s-tronic-line-edition/183675800,26499,6,2020,75000,automatico,Diesel,150,S,Performance,35 TDI,Rivenditore,499,sant anastasia,80048,Campania,Sud
Audi A3 SPB 35 TDI S tronic Business,https://www.automobile.it/sassari-audi-a3-spb-35-tdi-s-tronic-business/182202870,26500,6,2020,94000,automatico,Diesel,150,Business,Base,35 TDI,Rivenditore,485,sassari,7100,Sardegna,Isole
Audi A3 SPB 35 TDI S tronic Business Advanced,https://www.automobile.it/alba-audi-a3-spb-35-tdi-s-tronic-business-advanced/183780785,26500,2,2024,54000,automatico,Diesel,150,Business Advanced,Middle,35 TDI,Rivenditore,245,alba,12051,Piemonte,Nord-ovest
AUDI A3 SPB 30 TDI S tronic S line edition,https://www.automobile.it/padova-audi-a3-spb-30-tdi-s-tronic-s-line-edition/184280894,26500,4,2022,45000,automatico,Diesel,116,S line,Sport,30 TDI,Rivenditore,101,padova,35121,Veneto,Nord-est
AUDI A3 SPB 35 TDI S tronic S line edition PACK EVOLUTION,https://www.automobile.it/padova-audi-a3-spb-35-tdi-s-tronic-s-line-edition-pack-evolution/182757408,26500,4,2022,79000,automatico,Diesel,150,S line,Sport,35 TDI,Rivenditore,101,padova,35121,Veneto,Nord-est
Sportback 30 Tdi Business Cambio Manuale,https://www.automobile.it/venezia-sportback-30-tdi-business-cambio-manuale/184479557,26500,2,2024,27668,manuale,Diesel,116,Business,Base,30 TDI,Rivenditore,127,venezia,30121,Veneto,Nord-est
Audi A3 SPB 40 TDI quattro S tronic Business Advanced,https://www.automobile.it/valdidentro-audi-a3-spb-40-tdi-quattro-s-tronic-business-advanced/183727410,26500,4,2022,99000,automatico,Diesel,190,Business Advanced,Middle,40 TDI,Rivenditore,213,valdidentro,23038,Lombardia,Nord-ovest
AUDI A3 Sportback 30 TDI 116CV S tronic S line,https://www.automobile.it/arsie-audi-a3-sportback-30-tdi-116cv-s-tronic-s-line/184588743,26500,3,2023,77537,automatico,Diesel,116,S line,Sport,30 TDI,Rivenditore,154,arsie,32030,Veneto,Nord-est
Audi A3 SPB 35 TDI S tronic line edition,https://www.automobile.it/montalto-uffugo-audi-a3-spb-35-tdi-s-tronic-line-edition/184612901,26500,5,2021,147657,automatico,Diesel,150,S,Performance,35 TDI,Rivenditore,716,montalto uffugo,87046,Calabria,Sud
AUDI A3 SPB 35 TFSI Business Advanced,https://www.automobile.it/castello-godego-audi-a3-spb-35-tfsi-business-advanced/184620593,26500,2,2024,53000,automatico,Benzina,150,Business Advanced,Middle,35 TFSI,Rivenditore,128,castello godego,31030,Veneto,Nord-est
Audi A3 SPB 40 TFSI e S tronic line edition,https://www.automobile.it/roma-audi-a3-spb-40-tfsi-s-tronic-line-edition/184547189,26500,4,2022,75000,automatico,Ibrido,204,S,Performance,40 TFSI e,Rivenditore,326,roma,118,Lazio,Centro
Audi A3 SPB 30 TDI S tronic line,https://www.automobile.it/polistena-audi-a3-spb-30-tdi-s-tronic-line/183931805,26800,5,2021,82000,automatico,Diesel,116,S,Performance,30 TDI,Rivenditore,807,polistena,89024,Calabria,Sud
Audi A3 Sedan 35TDI AUT. S-tronic Advanced FULL OPT.,https://www.automobile.it/montalto-castro-audi-a3-sedan-35tdi-aut-s-tronic-advanced-full-opt/184363363,26800,6,2020,80000,automatico,Diesel,150,Advanced,Middle,35 TDI,Rivenditore,259,montalto castro,1014,Lazio,Centro
Audi A3 A3 SPB 30 TFSI MHEV S tronic S line edition 110 CV,https://www.automobile.it/milano-audi-a3-a3-spb-30-tfsi-mhev-s-tronic-s-line-edition-110-cv/182313493,26900,3,2023,33199,automatico,Ibrido,110,S line,Sport,30 TFSI,Rivenditore,177,milano,20121,Lombardia,Nord-ovest
Audi A3 SPB 30 TDI Business Advanced 116 cv - 2021,https://www.automobile.it/falerna-audi-a3-spb-30-tdi-business-advanced-116-cv-2021/181725254,26900,5,2021,95000,manuale,Diesel,116,Business Advanced,Middle,30 TDI,Rivenditore,754,falerna,88042,Calabria,Sud
Audi A3 SPB 35 TDI S tronic Business Advanced,https://www.automobile.it/aquila-audi-a3-spb-35-tdi-s-tronic-business-advanced/183941385,26900,4,2022,64000,automatico,Diesel,150,Business Advanced,Middle,35 TDI,Rivenditore,315,l aquila,67100,Abruzzo,Sud
AUDI A3 SPB 30 TDI S line edition,https://www.automobile.it/pignataro-maggiore-audi-a3-spb-30-tdi-s-line-edition/184033226,26900,4,2022,51753,automatico,Diesel,116,S line,Sport,30 TDI,Rivenditore,458,pignataro maggiore,81052,Campania,Sud
Audi A3 A3 SPB 35 TDI S tronic S line edition,https://www.automobile.it/striano-audi-a3-a3-spb-35-tdi-s-tronic-s-line-edition/182285122,26900,4,2022,30367,automatico,Diesel,150,S line,Sport,35 TDI,Rivenditore,512,striano,80040,Campania,Sud
"AUDI A3 SPORTBACK 35 E TFSI S tr. S line ed. PELLE 18""MHEV",https://www.automobile.it/vigevano-audi-a3-sportback-35-tfsi-s-tr-s-line-pelle-18-mhev/184399221,26900,5,2021,44636,automatico,Ibrido,150,S line,Sport,35 TFSI,Rivenditore,193,vigevano,27029,Lombardia,Nord-ovest
Audi A3 NUOVA SERIE SPB 2.0 TDIe S tronic S35 *S-LINE EDITION* FULL,https://www.automobile.it/eboli-audi-a3-nuova-serie-spb-2-0-tdie-s-tronic-s35-s-line-edition-full/181813096,26900,3,2023,66200,automatico,Diesel,310,S line,Sport,S3,Rivenditore,552,eboli,84025,Campania,Sud
Audi A3 SPB 35 TDI S tronic Business,https://www.automobile.it/giarre-audi-a3-spb-35-tdi-s-tronic-business/184207145,26900,4,2022,72000,automatico,Diesel,150,Business,Base,35 TDI,Rivenditore,841,giarre,95014,Sicilia,Isole
AUDI A3 SPB 35 TFSI S tronic Business Advanced,https://www.automobile.it/desio-audi-a3-spb-35-tfsi-s-tronic-business-advanced/184444879,26900,3,2023,42890,automatico,Ibrido,150,Business Advanced,Middle,35 TFSI,Rivenditore,184,desio,20832,Lombardia,Nord-ovest
Audi A3 SPB 35 TDI S tronic Identity Black,https://www.automobile.it/palma-montechiaro-audi-a3-spb-35-tdi-s-tronic-identity-black/184456724,26900,3,2023,107000,automatico,Diesel,150,Identity,Middle,35 TDI,Rivenditore,858,palma montechiaro,92020,Sicilia,Isole
Audi A3 SPB 35 TDI S tronic Business Advanced,https://www.automobile.it/furci-siculo-audi-a3-spb-35-tdi-s-tronic-business-advanced/180580987,26900,3,2023,97000,automatico,Diesel,150,Business Advanced,Middle,35 TDI,Rivenditore,824,furci siculo,98023,Sicilia,Isole
"AUDI A3 SPB 35TFSI 150cv Hybrid Stronic S line ""18 Sline",https://www.automobile.it/savigliano-audi-a3-spb-35tfsi-150cv-hybrid-stronic-s-line-18-sline/184507030,26900,2,2024,53000,automatico,Ibrido,150,S line,Sport,35 TFSI,Rivenditore,275,savigliano,12038,Piemonte,Nord-ovest
AUDI A3 SPB 35 TDI S tronic Business Advanced,https://www.automobile.it/curinga-audi-a3-spb-35-tdi-s-tronic-business-advanced/184530492,26900,2,2024,119551,automatico,Diesel,150,Business Advanced,Middle,35 TDI,Rivenditore,778,curinga,88022,Calabria,Sud
Audi A3 SPB 40 TFSI e S tronic,https://www.automobile.it/leini-audi-a3-spb-40-tfsi-s-tronic/183900316,26900,3,2023,18400,automatico,Ibrido,204,S,Performance,40 TFSI e,Rivenditore,275,leini,10040,Piemonte,Nord-ovest
Audi A3 A3 SPB 35 TFSI S tronic,https://www.automobile.it/leini-audi-a3-a3-spb-35-tfsi-s-tronic/182204375,26900,2,2024,22600,automatico,Ibrido,150,S,Performance,35 TFSI,Rivenditore,275,leini,10040,Piemonte,Nord-ovest
Audi A3 SPB 35 TFSI S tronic Business Advanced,https://www.automobile.it/leini-audi-a3-spb-35-tfsi-s-tronic-business-advanced/183900318,26900,2,2024,18900,automatico,Ibrido,150,Business Advanced,Middle,35 TFSI,Rivenditore,275,leini,10040,Piemonte,Nord-ovest
Audi A3 SPB 30 TDI Business,https://www.automobile.it/amaroni-audi-a3-spb-30-tdi-business/184547932,26900,3,2023,65578,manuale,Diesel,116,Business,Base,30 TDI,Rivenditore,787,amaroni,88050,Calabria,Sud
Audi A3 SPB 30 TDI S tronic Business Advanced,https://www.automobile.it/gualdo-audi-a3-spb-30-tdi-s-tronic-business-advanced/184536721,26900,4,2022,53200,automatico,Diesel,116,Business Advanced,Middle,30 TDI,Rivenditore,250,gualdo,62020,Marche,Centro
Audi A3 Sedan 35 TFSI Business Advanced,https://www.automobile.it/ormelle-audi-a3-sedan-35-tfsi-business-advanced/184537506,26900,3,2023,69400,automatico,Ibrido,150,Business Advanced,Middle,35 TFSI,Rivenditore,159,ormelle,31024,Veneto,Nord-est
Audi A3 SPB 35 TFSI S line edition,https://www.automobile.it/treviglio-audi-a3-spb-35-tfsi-s-line-edition/184535869,26900,5,2021,64000,automatico,Benzina,150,S line,Sport,35 TFSI,Rivenditore,154,treviglio,24047,Lombardia,Nord-ovest
AUDI A3 4ª serie A3 SPB 35 TDI S tronic S line edition,https://www.automobile.it/roma-audi-a3-4-serie-a3-spb-35-tdi-s-tronic-s-line-edition/184594975,26900,4,2022,96300,automatico,Diesel,150,S line,Sport,35 TDI,Rivenditore,326,roma,118,Lazio,Centro
AUDI A3 4ª serie A3 SPB 35 TDI S tronic S line...,https://www.automobile.it/castiglione-stiviere-audi-a3-4-serie-a3-spb-35-tdi-s-tronic-s-line/184445637,26900,3,2023,57850,automatico,Diesel,150,S line,Sport,35 TDI,Rivenditore,94,castiglione delle stiviere,46043,Lombardia,Nord-ovest
AUDI A3 4ª serie A3 SPB 35 TDI S tronic S line edition,https://www.automobile.it/milano-audi-a3-4-serie-a3-spb-35-tdi-s-tronic-s-line-edition/184597687,26900,4,2022,96300,automatico,Diesel,150,S line,Sport,35 TDI,Rivenditore,177,milano,20121,Lombardia,Nord-ovest
AUDI A3 4ª serie A3 SPB 35 TDI S tronic S line edition,https://www.automobile.it/verona-audi-a3-4-serie-a3-spb-35-tdi-s-tronic-s-line-edition/184598382,26900,4,2022,96300,automatico,Diesel,150,S line,Sport,35 TDI,Rivenditore,86,verona,37121,Veneto,Nord-est
AUDI A3 SPORTBACK 30 TDI S LINE - 2023,https://www.automobile.it/fornelli-audi-a3-sportback-30-tdi-s-line-2023/184601657,26900,3,2023,82000,manuale,Benzina,116,S line,Sport,30 TDI,Rivenditore,418,fornelli,86070,Molise,Sud
Audi A3 SPB 30 TDI S tronic S line edition 12/2022,https://www.automobile.it/teverola-audi-a3-spb-30-tdi-s-tronic-s-line-edition-12-2022/183977051,26990,3,2023,39000,automatico,Diesel,116,S line,Sport,30 TDI,Rivenditore,479,teverola,81030,Campania,Sud
AUDI A3 Sedan 35 TDI S tronic S line edition,https://www.automobile.it/san-giorgio-ionico-audi-a3-sedan-35-tdi-s-tronic-s-line-edition/184412898,26990,3,2023,103000,automatico,Diesel,150,S line,Sport,35 TDI,Rivenditore,693,san giorgio ionico,74027,Puglia,Sud
AUDI A3 SPB 30 TDI S tronic S line edition,https://www.automobile.it/torino-audi-a3-spb-30-tdi-s-tronic-s-line-edition/184421527,26990,2,2024,95002,automatico,Diesel,116,S line,Sport,30 TDI,Rivenditore,276,torino,10121,Piemonte,Nord-ovest
"AUDI A3 SPB 35TFSI 150cv Hybrid Stronic S line ""18 Sline",https://www.automobile.it/savigliano-audi-a3-spb-35tfsi-150cv-hybrid-stronic-s-line-18-sline/184507038,26990,2,2024,52900,automatico,Benzina,150,S line,Sport,35 TFSI,Rivenditore,275,savigliano,12038,Piemonte,Nord-ovest
Audi A3 SPB 35 TDI S-LINE EDITION TETTO S-TRONIC,https://www.automobile.it/cellole-audi-a3-spb-35-tdi-s-line-edition-tetto-s-tronic/184509395,26990,5,2021,148000,automatico,Diesel,150,S line,Sport,35 TDI,Rivenditore,443,cellole,81030,Campania,Sud
AUDI A3 SPB 35 TDI S tronic S LINE Edition,https://www.automobile.it/mesagne-audi-a3-spb-35-tdi-s-tronic-s-line-edition/184350749,26990,5,2021,115315,automatico,Diesel,150,S line,Sport,35 TDI,Rivenditore,712,mesagne,72023,Puglia,Sud
AUDI A3 SPB 30 TDI S tronic,https://www.automobile.it/alcamo-audi-a3-spb-30-tdi-s-tronic/184277032,26990,2,2024,16000,manuale,Diesel,116,S,Performance,30 TDI,Rivenditore,757,alcamo,91011,Sicilia,Isole
AUDI A3 SPB 35 TDI S tronic S line edition,https://www.automobile.it/mazzano-audi-a3-spb-35-tdi-s-tronic-s-line-edition/184142337,26990,5,2021,96612,automatico,Diesel,150,S line,Sport,35 TDI,Rivenditore,111,mazzano,25080,Lombardia,Nord-ovest
Audi A3 SPB 35 TFSI S tronic line edition tetto panoramico,https://www.automobile.it/san-casciano-val-pesa-audi-a3-spb-35-tfsi-s-tronic-line-edition-tetto-panoramico/182276815,26999,6,2020,29000,automatico,Ibrido,150,S,Performance,35 TFSI,Rivenditore,112,san casciano val pesa,50026,Toscana,Centro
AUDI A3 SPB 30 TFSI S tronic S line edition,https://www.automobile.it/firenze-audi-a3-spb-30-tfsi-s-tronic-s-line-edition/184596617,26999,2,2024,45621,automatico,Ibrido,110,S line,Sport,30 TFSI,Rivenditore,99,firenze,50121,Toscana,Centro
AUDI A3 SPB 30 TFSI S tronic S line edition,https://www.automobile.it/bari-audi-a3-spb-30-tfsi-s-tronic-s-line-edition/184597501,26999,2,2024,45621,automatico,Ibrido,110,S line,Sport,30 TFSI,Rivenditore,611,bari,70121,Puglia,Sud
AUDI A3 SPB 30 TFSI S tronic S line edition,https://www.automobile.it/milano-audi-a3-spb-30-tfsi-s-tronic-s-line-edition/184582923,26999,2,2024,45621,automatico,Ibrido,110,S line,Sport,30 TFSI,Rivenditore,177,milano,20121,Lombardia,Nord-ovest
AUDI A3 SPB 30 TFSI S tronic S line edition,https://www.automobile.it/cosenza-audi-a3-spb-30-tfsi-s-tronic-s-line-edition/184588567,26999,2,2024,45621,automatico,Ibrido,110,S line,Sport,30 TFSI,Rivenditore,731,cosenza,87100,Calabria,Sud
Audi A3 SPB 35 TDI S tronic SPORT,https://www.automobile.it/rivolta-d-adda-audi-a3-spb-35-tdi-s-tronic-sport/184605267,26999,4,2022,76000,automatico,Diesel,150,Sport,Middle,35 TDI,Rivenditore,155,rivolta d adda,26027,Lombardia,Nord-ovest
AUDI A3 SPB 30 TDI S line edition,https://www.automobile.it/cingoli-audi-a3-spb-30-tdi-s-line-edition/184264612,27000,4,2022,105000,manuale,Diesel,116,S line,Sport,30 TDI,Rivenditore,220,cingoli,62011,Marche,Centro
AUDI A3 Sportback 30 TDI 116CV S tronic S line,https://www.automobile.it/arsie-audi-a3-sportback-30-tdi-116cv-s-tronic-s-line/184539155,27000,2,2024,76904,automatico,Diesel,116,S line,Sport,30 TDI,Rivenditore,154,arsie,32030,Veneto,Nord-est
Audi A3 SPB 35 TDI S tronic Business Advanced,https://www.automobile.it/bisignano-audi-a3-spb-35-tdi-s-tronic-business-advanced/183636302,27000,3,2023,90000,manuale,Diesel,150,Business Advanced,Middle,35 TDI,Rivenditore,713,bisignano,87043,Calabria,Sud
Audi A3 SPB 30 TDI S tronic S-Line edition * Navi * Pelle * Garantita 12 Mesi,https://www.automobile.it/castellaneta-audi-a3-spb-30-tdi-s-tronic-s-line-edition-navi-pelle-garantita-12-mesi/184586641,27000,4,2022,86000,automatico,Diesel,116,S line,Sport,30 TDI,Rivenditore,653,castellaneta,74011,Puglia,Sud
Audi A3 SPB 35 TDI S line edition,https://www.automobile.it/polistena-audi-a3-spb-35-tdi-s-line-edition/184533954,27200,5,2021,50703,manuale,Diesel,150,S line,Sport,35 TDI,Rivenditore,807,polistena,89024,Calabria,Sud
Audi A3 SPB 40 TDI quattro S tronic line edition,https://www.automobile.it/civitanova-marche-audi-a3-spb-40-tdi-quattro-s-tronic-line-edition/183939496,27300,4,2022,110000,automatico,Diesel,190,S,Performance,40 TDI,Rivenditore,257,civitanova marche,62012,Marche,Centro
Audi A3 Sportback 35 TFSI S tronic Business Advance,https://www.automobile.it/bastia-umbra-audi-a3-sportback-35-tfsi-s-tronic-business-advance/184593105,27300,4,2022,48900,automatico,Ibrido,150,Business,Base,35 TFSI,Rivenditore,210,bastia umbra,6083,Umbria,Centro
AUDI A3 Sedan 35 TFSI S tronic S line edition,https://www.automobile.it/verona-audi-a3-sedan-35-tfsi-s-tronic-s-line-edition/184632906,27399,3,2023,53054,automatico,Ibrido,150,S line,Sport,35 TFSI,Rivenditore,86,verona,37121,Veneto,Nord-est
AUDI A3 Sedan 35 TFSI S tronic S line edition,https://www.automobile.it/cosenza-audi-a3-sedan-35-tfsi-s-tronic-s-line-edition/184630538,27399,3,2023,53054,automatico,Ibrido,150,S line,Sport,35 TFSI,Rivenditore,731,cosenza,87100,Calabria,Sud
AUDI A3 Sedan 35 TFSI S tronic S line edition,https://www.automobile.it/firenze-audi-a3-sedan-35-tfsi-s-tronic-s-line-edition/184633217,27399,3,2023,53054,automatico,Ibrido,150,S line,Sport,35 TFSI,Rivenditore,99,firenze,50121,Toscana,Centro
AUDI A3 Sedan 35 TFSI S tronic S line edition,https://www.automobile.it/sassari-audi-a3-sedan-35-tfsi-s-tronic-s-line-edition/184633531,27399,3,2023,53054,automatico,Ibrido,150,S line,Sport,35 TFSI,Rivenditore,485,sassari,7100,Sardegna,Isole
AUDI A3 Sedan 35 TFSI S tronic S line edition,https://www.automobile.it/palermo-audi-a3-sedan-35-tfsi-s-tronic-s-line-edition/184633700,27399,3,2023,53054,automatico,Ibrido,150,S line,Sport,35 TFSI,Rivenditore,750,palermo,90121,Sicilia,Isole
AUDI A3 Sedan 35 TFSI S tronic S line edition,https://www.automobile.it/bologna-audi-a3-sedan-35-tfsi-s-tronic-s-line-edition/184633501,27399,3,2023,53054,automatico,Ibrido,150,S line,Sport,35 TFSI,Rivenditore,25,bologna,40121,Emilia-Romagna,Nord-est
AUDI A3 Sedan 35 TFSI S tronic S line edition,https://www.automobile.it/cagliari-audi-a3-sedan-35-tfsi-s-tronic-s-line-edition/184633414,27399,3,2023,53054,automatico,Ibrido,150,S line,Sport,35 TFSI,Rivenditore,628,cagliari,9121,Sardegna,Isole
AUDI A3 Sedan 35 TFSI S tronic S line edition,https://www.automobile.it/bari-audi-a3-sedan-35-tfsi-s-tronic-s-line-edition/184633899,27399,3,2023,53054,automatico,Ibrido,150,S line,Sport,35 TFSI,Rivenditore,611,bari,70121,Puglia,Sud
AUDI A3 Sedan 35 TFSI S tronic S line edition,https://www.automobile.it/roma-audi-a3-sedan-35-tfsi-s-tronic-s-line-edition/184633808,27399,3,2023,53054,automatico,Ibrido,150,S line,Sport,35 TFSI,Rivenditore,326,roma,118,Lazio,Centro
AUDI A3 Sedan 35 TFSI S tronic S line edition,https://www.automobile.it/venezia-audi-a3-sedan-35-tfsi-s-tronic-s-line-edition/184634051,27399,3,2023,53054,automatico,Ibrido,150,S line,Sport,35 TFSI,Rivenditore,127,venezia,30121,Veneto,Nord-est
AUDI A3 Sedan 35 TFSI S tronic S line edition,https://www.automobile.it/casoria-audi-a3-sedan-35-tfsi-s-tronic-s-line-edition/184632820,27399,3,2023,53054,automatico,Ibrido,150,S line,Sport,35 TFSI,Rivenditore,490,casoria,80026,Campania,Sud
AUDI A3 Sedan 35 TFSI S tronic S line edition,https://www.automobile.it/beinasco-audi-a3-sedan-35-tfsi-s-tronic-s-line-edition/184633139,27399,3,2023,53054,automatico,Ibrido,150,S line,Sport,35 TFSI,Rivenditore,283,beinasco,10092,Piemonte,Nord-ovest
AUDI A3 Sedan 35 TFSI S tronic S line edition,https://www.automobile.it/catania-audi-a3-sedan-35-tfsi-s-tronic-s-line-edition/184632684,27399,3,2023,53054,automatico,Ibrido,150,S line,Sport,35 TFSI,Rivenditore,861,catania,95121,Sicilia,Isole
AUDI A3 Sedan 35 TFSI S tronic S line edition,https://www.automobile.it/collesalvetti-audi-a3-sedan-35-tfsi-s-tronic-s-line-edition/184639687,27399,3,2023,53054,automatico,Ibrido,150,S line,Sport,35 TFSI,Rivenditore,130,collesalvetti,57014,Toscana,Centro
AUDI A3 Sedan 35 TFSI S tronic S line edition,https://www.automobile.it/milano-audi-a3-sedan-35-tfsi-s-tronic-s-line-edition/184641196,27399,3,2023,53054,automatico,Ibrido,150,S line,Sport,35 TFSI,Rivenditore,177,milano,20121,Lombardia,Nord-ovest
AUDI A3 SPB 35 TDI Business,https://www.automobile.it/borgo-san-dalmazzo-audi-a3-spb-35-tdi-business/183902419,27500,3,2023,101636,manuale,Diesel,150,Business,Base,35 TDI,Rivenditore,292,borgo san dalmazzo,12011,Piemonte,Nord-ovest
"AUDI A3 SPB 35TFSI 150cv Hybrid Stronic ""18 Sline S line",https://www.automobile.it/savigliano-audi-a3-spb-35tfsi-150cv-hybrid-stronic-18-sline-s-line/184507031,27500,2,2024,47200,automatico,Benzina,150,S line,Sport,35 TFSI,Rivenditore,275,savigliano,12038,Piemonte,Nord-ovest
"AUDI A3 SPB 35TFSI 150cv Hybrid Stronic ""18 Sline S line",https://www.automobile.it/savigliano-audi-a3-spb-35tfsi-150cv-hybrid-stronic-18-sline-s-line/184573094,27500,2,2024,47400,automatico,Ibrido,150,S line,Sport,35 TFSI,Rivenditore,275,savigliano,12038,Piemonte,Nord-ovest
Audi A3 Business Advanced 1.4 40 TFSI e PHE #11185,https://www.automobile.it/torino-audi-a3-business-advanced-1-4-40-tfsi-phe-11185/183801301,27690,5,2021,49600,automatico,Ibrido,204,Business Advanced,Middle,40 TFSI e,Rivenditore,276,torino,10121,Piemonte,Nord-ovest
Audi A3 Sportback 30 TFSI Business Advanced,https://www.automobile.it/omegna-audi-a3-sportback-30-tfsi-business-advanced/183384288,27800,4,2022,40000,automatico,Benzina,110,Business Advanced,Middle,30 TFSI,Rivenditore,252,omegna,28887,Piemonte,Nord-ovest
"AUDI A3 SPB 35TFSI 150cv Hybrid Stronic S line ""18 Sline",https://www.automobile.it/savigliano-audi-a3-spb-35tfsi-150cv-hybrid-stronic-s-line-18-sline/184619058,27800,2,2024,53000,automatico,Ibrido,150,S line,Sport,35 TFSI,Rivenditore,275,savigliano,12038,Piemonte,Nord-ovest
AUDI A3 SPB 35 TDI S tronic S line edition,https://www.automobile.it/lamon-audi-a3-spb-35-tdi-s-tronic-s-line-edition/181839306,27900,6,2020,48000,automatico,Diesel,150,S line,Sport,35 TDI,Rivenditore,161,lamon,32033,Veneto,Nord-est
AUDI A3 SPB 35 TDI S tronic S line edition,https://www.automobile.it/oderzo-audi-a3-spb-35-tdi-s-tronic-s-line-edition/181430354,27900,5,2021,62065,automatico,Diesel,150,S line,Sport,35 TDI,Rivenditore,163,oderzo,31046,Veneto,Nord-est
Audi A3 SPB 35 TDI S tronic line edition,https://www.automobile.it/viadana-audi-a3-spb-35-tdi-s-tronic-line-edition/184392414,27900,3,2023,41000,automatico,Diesel,150,S,Performance,35 TDI,Rivenditore,56,viadana,46019,Lombardia,Nord-ovest
Audi A3 SPB SPORTBACK 35 TDI S line S tronic,https://www.automobile.it/qualiano-audi-a3-spb-sportback-35-tdi-s-line-s-tronic/184464139,27900,3,2023,89195,automatico,Diesel,150,S line,Sport,35 TDI,Rivenditore,483,qualiano,80019,Campania,Sud
"AUDI A3 SPB 35TFSI 150cv Hybrid Stronic ""18 Sline S line",https://www.automobile.it/savigliano-audi-a3-spb-35tfsi-150cv-hybrid-stronic-18-sline-s-line/184557100,27900,2,2024,43800,automatico,Benzina,150,S line,Sport,35 TFSI,Rivenditore,275,savigliano,12038,Piemonte,Nord-ovest
Audi A3 SPB 35 TDI S line edition,https://www.automobile.it/rotondi-audi-a3-spb-35-tdi-s-line-edition/184559454,27900,4,2022,49000,manuale,Diesel,150,S line,Sport,35 TDI,Rivenditore,492,rotondi,83017,Campania,Sud
AUDI A3 4ª serie - A3 Sedan 35 TDI S tronic S line edition,https://www.automobile.it/vinci-audi-a3-4-serie-a3-sedan-35-tdi-s-tronic-s-line-edition/183462193,27900,3,2023,39810,automatico,Diesel,150,S line,Sport,35 TDI,Rivenditore,98,vinci,50059,Toscana,Centro
AUDI A3 4ª serie - A3 Sedan 35 TDI S tronic S line edition,https://www.automobile.it/capannori-audi-a3-4-serie-a3-sedan-35-tdi-s-tronic-s-line-edition/183465188,27900,3,2023,39810,automatico,Diesel,150,S line,Sport,35 TDI,Rivenditore,101,capannori,55012,Toscana,Centro
Audi A3 35 TFSI S tronic Business,https://www.automobile.it/leini-audi-a3-35-tfsi-s-tronic-business/184195368,27900,1,2025,25400,automatico,Ibrido,150,Business,Base,35 TFSI,Rivenditore,275,leini,10040,Piemonte,Nord-ovest
Audi A3 Business Advanced 1.5 35 TFSI MHEV #50291,https://www.automobile.it/mazzano-audi-a3-business-advanced-1-5-35-tfsi-mhev-50291/184494322,27900,2,2024,39000,automatico,Benzina,150,Business Advanced,Middle,35 TFSI MHEV,Rivenditore,111,mazzano,25080,Lombardia,Nord-ovest
AUDI A3 SPB 35 TDI S tronic S line edition,https://www.automobile.it/melissano-audi-a3-spb-35-tdi-s-tronic-s-line-edition/184602783,27900,6,2020,81500,automatico,Diesel,150,S line,Sport,35 TDI,Rivenditore,776,melissano,73040,Puglia,Sud
Audi A3 SPB 30 TFSI S line edition,https://www.automobile.it/santa-teresa-gallura-audi-a3-spb-30-tfsi-s-line-edition/184544014,27990,5,2021,76000,automatico,Benzina,110,S line,Sport,30 TFSI,Rivenditore,412,santa teresa gallura,7028,Sardegna,Isole
"AUDI A3 SPB 35TFSI 150cv Hybrid Stronic ""18 Sline S line",https://www.automobile.it/savigliano-audi-a3-spb-35tfsi-150cv-hybrid-stronic-18-sline-s-line/184557101,27990,2,2024,43500,automatico,Ibrido,150,S line,Sport,35 TFSI,Rivenditore,275,savigliano,12038,Piemonte,Nord-ovest
AUDI A3 SPB 35 TDI S line edition,https://www.automobile.it/napoli-audi-a3-spb-35-tdi-s-line-edition/184640063,27999,3,2023,33000,automatico,Diesel,150,S line,Sport,35 TDI,Rivenditore,495,napoli,80121,Campania,Sud
Audi a3 spb 30 tdi S-tronic ”S-LINE x 2”-‘24,https://www.automobile.it/trinitapoli-audi-a3-spb-30-tdi-s-tronic-s-line-x-2-24/184149329,28000,2,2024,74000,automatico,Diesel,116,S line,Sport,30 TDI,Rivenditore,545,trinitapoli,76015,Puglia,Sud
"AUDI A3 SPB 30 TFSI S tronic S line edition + 18""",https://www.automobile.it/castello-godego-audi-a3-spb-30-tfsi-s-tronic-s-line-edition-18/184562202,28000,3,2023,46000,automatico,Ibrido,110,S line,Sport,30 TFSI,Rivenditore,128,castello godego,31030,Veneto,Nord-est
Audi A3 SPB 40 TDI quattro S tronic Business Advanced,https://www.automobile.it/villa-san-giovanni-audi-a3-spb-40-tdi-quattro-s-tronic-business-advanced/184629177,28000,4,2022,185000,automatico,Diesel,190,Business Advanced,Middle,40 TDI,Rivenditore,808,villa san giovanni,89018,Calabria,Sud
AUDI A3 SEDAN 35 TDI S-TRONIC S-LINE EDITION,https://www.automobile.it/conegliano-audi-a3-sedan-35-tdi-s-tronic-s-line-edition/184526211,28250,3,2023,56900,automatico,Diesel,150,S line,Sport,35 TDI,Rivenditore,163,conegliano,31015,Veneto,Nord-est
AUDI A3 SPB 35 TDI S tronic S line edition,https://www.automobile.it/cosenza-audi-a3-spb-35-tdi-s-tronic-s-line-edition/184455928,28399,3,2023,48123,automatico,Diesel,150,S line,Sport,35 TDI,Rivenditore,731,cosenza,87100,Calabria,Sud
AUDI A3 SPB 35 TDI S tronic S line edition,https://www.automobile.it/sassari-audi-a3-spb-35-tdi-s-tronic-s-line-edition/184463181,28399,3,2023,48123,automatico,Diesel,150,S line,Sport,35 TDI,Rivenditore,485,sassari,7100,Sardegna,Isole
AUDI A3 SPB 35 TDI S tronic S line edition,https://www.automobile.it/cagliari-audi-a3-spb-35-tdi-s-tronic-s-line-edition/184463106,28399,3,2023,48123,automatico,Diesel,150,S line,Sport,35 TDI,Rivenditore,628,cagliari,9121,Sardegna,Isole
AUDI A3 SPB 35 TDI S tronic S line edition,https://www.automobile.it/palermo-audi-a3-spb-35-tdi-s-tronic-s-line-edition/184463007,28399,3,2023,48123,automatico,Diesel,150,S line,Sport,35 TDI,Rivenditore,750,palermo,90121,Sicilia,Isole
AUDI A3 SPB 35 TDI S tronic S line edition,https://www.automobile.it/beinasco-audi-a3-spb-35-tdi-s-tronic-s-line-edition/184458082,28399,3,2023,48123,automatico,Diesel,150,S line,Sport,35 TDI,Rivenditore,283,beinasco,10092,Piemonte,Nord-ovest
AUDI A3 SPB 35 TDI S tronic S line edition,https://www.automobile.it/casoria-audi-a3-spb-35-tdi-s-tronic-s-line-edition/184457823,28399,3,2023,48123,automatico,Diesel,150,S line,Sport,35 TDI,Rivenditore,490,casoria,80026,Campania,Sud
AUDI A3 SPB 35 TDI S tronic S line edition,https://www.automobile.it/roma-audi-a3-spb-35-tdi-s-tronic-s-line-edition/184458266,28399,3,2023,48123,automatico,Diesel,150,S line,Sport,35 TDI,Rivenditore,326,roma,118,Lazio,Centro
AUDI A3 SPB 35 TDI S tronic S line edition,https://www.automobile.it/bologna-audi-a3-spb-35-tdi-s-tronic-s-line-edition/184458141,28399,3,2023,48123,automatico,Diesel,150,S line,Sport,35 TDI,Rivenditore,25,bologna,40121,Emilia-Romagna,Nord-est
AUDI A3 SPB 35 TDI S tronic S line edition,https://www.automobile.it/firenze-audi-a3-spb-35-tdi-s-tronic-s-line-edition/184458627,28399,3,2023,48123,automatico,Diesel,150,S line,Sport,35 TDI,Rivenditore,99,firenze,50121,Toscana,Centro
AUDI A3 SPB 35 TDI S tronic S line edition,https://www.automobile.it/catania-audi-a3-spb-35-tdi-s-tronic-s-line-edition/184457858,28399,3,2023,48123,automatico,Diesel,150,S line,Sport,35 TDI,Rivenditore,861,catania,95121,Sicilia,Isole
AUDI A3 SPB 35 TDI S tronic S line edition,https://www.automobile.it/verona-audi-a3-spb-35-tdi-s-tronic-s-line-edition/184457911,28399,3,2023,48123,automatico,Diesel,150,S line,Sport,35 TDI,Rivenditore,86,verona,37121,Veneto,Nord-est
AUDI A3 SPB 35 TDI S tronic S line edition,https://www.automobile.it/milano-audi-a3-spb-35-tdi-s-tronic-s-line-edition/184462862,28399,3,2023,48123,automatico,Diesel,150,S line,Sport,35 TDI,Rivenditore,177,milano,20121,Lombardia,Nord-ovest
A3 SPB 35 TFSI S Tronic,https://www.automobile.it/galbiate-a3-spb-35-tfsi-s-tronic/184088400,28400,3,2023,40760,automatico,Benzina,150,S,Performance,35 TFSI,Rivenditore,188,galbiate,23851,Lombardia,Nord-ovest
AUDI A3 4ª serie A3 SPB 35 TDI S tronic S line edition,https://www.automobile.it/verona-audi-a3-4-serie-a3-spb-35-tdi-s-tronic-s-line-edition/184598567,28400,3,2023,58000,automatico,Diesel,150,S line,Sport,35 TDI,Rivenditore,86,verona,37121,Veneto,Nord-est
AUDI A3 4ª serie A3 SPB 35 TDI S tronic S line edition,https://www.automobile.it/roma-audi-a3-4-serie-a3-spb-35-tdi-s-tronic-s-line-edition/184595218,28400,3,2023,58000,automatico,Diesel,150,S line,Sport,35 TDI,Rivenditore,326,roma,118,Lazio,Centro
AUDI A3 4ª serie A3 SPB 35 TDI S tronic S line edition,https://www.automobile.it/milano-audi-a3-4-serie-a3-spb-35-tdi-s-tronic-s-line-edition/184595213,28400,3,2023,58000,automatico,Diesel,150,S line,Sport,35 TDI,Rivenditore,177,milano,20121,Lombardia,Nord-ovest
Audi A3 SPB 35 TFSI S tronic line edition,https://www.automobile.it/piove-sacco-audi-a3-spb-35-tfsi-s-tronic-line-edition/184612781,28490,2,2024,59000,automatico,Ibrido,150,S,Performance,35 TFSI,Rivenditore,99,piove sacco,35028,Veneto,Nord-est
Audi A3 SPB 35 TFSI Business Advanced S-Tronic,https://www.automobile.it/roma-audi-a3-spb-35-tfsi-business-advanced-s-tronic/181697213,28500,3,2023,28800,automatico,Benzina,150,Business Advanced,Middle,35 TFSI,Rivenditore,326,roma,118,Lazio,Centro
Audi A3 SPB 35 TDI Business Advanced,https://www.automobile.it/volturino-audi-a3-spb-35-tdi-business-advanced/184613895,28500,3,2023,37500,manuale,Diesel,150,Business Advanced,Middle,35 TDI,Rivenditore,480,volturino,71030,Puglia,Sud
Audi A3 AUDI SPORTBACK 35 TDI S TRONIC,https://www.automobile.it/lecce-audi-a3-audi-sportback-35-tdi-s-tronic/184333341,28500,3,2023,57879,automatico,Diesel,150,Sport,Middle,35 TDI,Rivenditore,750,lecce,73100,Puglia,Sud
AUDI A3 SPB 35 TDI S-Tronic Business Advanced,https://www.automobile.it/castellaneta-audi-a3-spb-35-tdi-s-tronic-business-advanced/184299675,28700,3,2023,66800,automatico,Diesel,150,Business Advanced,Middle,35 TDI,Rivenditore,653,castellaneta,74011,Puglia,Sud
Audi A3 SPB 35 TFSI S tronic S line edition,https://www.automobile.it/leini-audi-a3-spb-35-tfsi-s-tronic-s-line-edition/183900315,28800,2,2024,23000,automatico,Ibrido,150,S line,Sport,35 TFSI,Rivenditore,275,leini,10040,Piemonte,Nord-ovest
AUDI A3 SPB 40 TDI 200 CV QUATTRO S-LINE FULL IVA,https://www.automobile.it/pietraperzia-audi-a3-spb-40-tdi-200-cv-quattro-s-line-full-iva/184073655,28900,4,2022,99000,automatico,Diesel,190,S line,Sport,40 TDI,Rivenditore,842,pietraperzia,94016,Sicilia,Isole
Audi A3 SPB 35 TFSI S tronic line edition,https://www.automobile.it/genova-audi-a3-spb-35-tfsi-s-tronic-line-edition/184585737,28900,2,2024,22900,automatico,Ibrido,150,S,Performance,35 TFSI,Rivenditore,177,genova,16121,Liguria,Nord-ovest
Audi A3 30 TDI S line Edition,https://www.automobile.it/massa-audi-a3-30-tdi-s-line-edition/182918922,28900,2,2024,38700,manuale,Diesel,116,S line,Sport,30 TDI,Rivenditore,105,massa,54100,Toscana,Centro
Audi A3 Sportback 1.5 30TFSI 116cv Business Advanced,https://www.automobile.it/appignano-audi-a3-sportback-1-5-30tfsi-116cv-business-advanced/184611126,28900,1,2025,5804,manuale,Benzina,110,Business Advanced,Middle,30 TFSI,Rivenditore,228,appignano,62010,Marche,Centro
Audi A3 S Line Edition 40 TFSI #11630,https://www.automobile.it/torino-audi-a3-s-line-edition-40-tfsi-11630/184035593,28900,3,2023,82000,automatico,Ibrido,190,S line,Sport,40 TFSI,Rivenditore,276,torino,10121,Piemonte,Nord-ovest
AUDI A3 SPB 35 TDI S tronic S line edition FARI MATRIX,https://www.automobile.it/partinico-audi-a3-spb-35-tdi-s-tronic-s-line-edition-fari-matrix/183984104,28900,2,2024,114000,automatico,Diesel,150,S line,Sport,35 TDI,Rivenditore,753,partinico,90047,Sicilia,Isole
Audi A3 SPB 30 TDI S tronic,https://www.automobile.it/palermo-audi-a3-spb-30-tdi-s-tronic/184341774,28900,3,2023,25300,automatico,Diesel,116,S,Performance,30 TDI,Rivenditore,750,palermo,90121,Sicilia,Isole
Audi A3 SPB 35 TDI S tronic S line edition#AUTO#LED#PELLE#TETTO#CARPLAY,https://www.automobile.it/altamura-audi-a3-spb-35-tdi-s-tronic-s-line-edition-auto-led-pelle-tetto-carplay/180763926,28990,5,2021,149000,automatico,Diesel,150,S line,Sport,35 TDI,Rivenditore,614,altamura,70022,Puglia,Sud
Audi A3 SPB 35 TDI S line edition,https://www.automobile.it/brusciano-audi-a3-spb-35-tdi-s-line-edition/182313677,28999,5,2021,42000,automatico,Diesel,150,S line,Sport,35 TDI,Rivenditore,495,brusciano,80031,Campania,Sud
Audi A3 Sedan 35 TDI S tronic line edition,https://www.automobile.it/solofra-audi-a3-sedan-35-tdi-s-tronic-line-edition/183645304,28999,3,2023,66000,automatico,Diesel,150,S,Performance,35 TDI,Rivenditore,523,solofra,83029,Campania,Sud
Audi A3 SPB 35 TDI S tronic line edition,https://www.automobile.it/raffadali-audi-a3-spb-35-tdi-s-tronic-line-edition/184443326,29000,4,2022,110000,automatico,Diesel,150,S,Performance,35 TDI,Rivenditore,830,raffadali,92015,Sicilia,Isole
AUDI A3 SPB 35tdi S TRONIC S LINE 150cv.,https://www.automobile.it/isernia-audi-a3-spb-35tdi-s-tronic-s-line-150cv/182259907,29490,3,2023,88000,automatico,Diesel,150,S line,Sport,35 TDI,Rivenditore,424,isernia,86170,Molise,Sud
Audi A3 SPB 40 TDI quattro S tronic line edition 2023,https://www.automobile.it/aversa-audi-a3-spb-40-tdi-quattro-s-tronic-line-edition-2023/184582291,29490,3,2023,85000,automatico,Diesel,190,S,Performance,40 TDI,Rivenditore,480,aversa,81031,Campania,Sud
"AUDI A3 SPB 35 TFSI S tronic Advanced PELLE/MATRIX/18""",https://www.automobile.it/arsie-audi-a3-spb-35-tfsi-s-tronic-advanced-pelle-matrix-18/181375372,29500,3,2023,16975,automatico,Ibrido,150,Advanced,Middle,35 TFSI,Rivenditore,154,arsie,32030,Veneto,Nord-est
Audi A3 40 TDI quattro Sline 48 mesi Prima Scelta Plus,https://www.automobile.it/ronzone-audi-a3-40-tdi-quattro-sline-48-mesi-prima-scelta-plus/184571263,29500,5,2021,95000,automatico,Diesel,190,S line,Sport,40 TDI,Rivenditore,195,ronzone,38010,Trentino-Alto Adige/Südtirol,Nord-est
Audi A3 SPB 30 TDI S line edition,https://www.automobile.it/ardea-audi-a3-spb-30-tdi-s-line-edition/184604969,29500,3,2023,20000,automatico,Diesel,116,S line,Sport,30 TDI,Rivenditore,358,ardea,40,Lazio,Centro
Audi S3 SPB TFSI 310 CV quattro S tronic,https://www.automobile.it/castelfranco-veneto-audi-s3-spb-tfsi-310-cv-quattro-s-tronic/183764364,29800,4,2022,119000,automatico,Benzina,310,S,Performance,S3,Rivenditore,128,castelfranco veneto,31033,Veneto,Nord-est
AUDI A3 SPB 35 TFSI S tronic Business Advanced,https://www.automobile.it/taranto-audi-a3-spb-35-tfsi-s-tronic-business-advanced/183476065,29800,1,2025,24600,automatico,Ibrido,150,Business Advanced,Middle,35 TFSI,Rivenditore,683,taranto,74121,Puglia,Sud
AUDI A3 SPORTBACK 35 TDI S-TRONIC S LINE EDITION,https://www.automobile.it/conegliano-audi-a3-sportback-35-tdi-s-tronic-s-line-edition/183560222,29800,3,2023,67550,automatico,Diesel,150,S line,Sport,35 TDI,Rivenditore,163,conegliano,31015,Veneto,Nord-est
Audi A3 SPB 35 TFSI S tronic S line edition,https://www.automobile.it/leini-audi-a3-spb-35-tfsi-s-tronic-s-line-edition/183900327,29800,2,2024,22000,automatico,Ibrido,150,S line,Sport,35 TFSI,Rivenditore,275,leini,10040,Piemonte,Nord-ovest
Audi Audi A3 Sportback Business Advanced 35 TFSI 110(150) kW(CV) S tronic,https://www.automobile.it/palermo-audi-audi-a3-sportback-business-advanced-35-tfsi-110-150-kw-cv-s-tronic/184090772,29800,1,2025,35363,automatico,Ibrido,150,Business Advanced,Middle,35 TFSI,Rivenditore,750,palermo,90121,Sicilia,Isole
AUDI A3 SPB 35 TDI S tronic S line edition,https://www.automobile.it/crema-audi-a3-spb-35-tdi-s-tronic-s-line-edition/184489639,29880,2,2024,44500,automatico,Diesel,150,S line,Sport,35 TDI,Rivenditore,137,crema,26013,Lombardia,Nord-ovest
Audi A3 SPB 30 TDI S tronic S line edition,https://www.automobile.it/martina-franca-audi-a3-spb-30-tdi-s-tronic-s-line-edition/181305476,29900,2,2024,40463,automatico,Diesel,116,S line,Sport,30 TDI,Rivenditore,672,martina franca,74015,Puglia,Sud
Audi A3 SPB 30 TDI S tronic 116CV Business Ad 2023,https://www.automobile.it/falerna-audi-a3-spb-30-tdi-s-tronic-116cv-business-2023/184381810,29900,3,2023,87000,automatico,Diesel,116,Business,Base,30 TDI,Rivenditore,754,falerna,88042,Calabria,Sud
"Audi A3 SPB 40 TDI 200 CV 4X4, S LINE, TETTO, INTERNI RS3",https://www.automobile.it/santeramo-colle-audi-a3-spb-40-tdi-200-cv-4x4-s-line-tetto-interni-rs3/184452650,29900,5,2021,131000,automatico,Diesel,190,S line,Sport,40 TDI,Rivenditore,629,santeramo colle,70029,Puglia,Sud
"AUDI A3 SPORTBACK 40 TDI quattro S tr. S line edition 19""",https://www.automobile.it/vigevano-audi-a3-sportback-40-tdi-quattro-s-tr-s-line-edition-19/184472132,29900,4,2022,61370,automatico,Diesel,190,S line,Sport,40 TDI,Rivenditore,193,vigevano,27029,Lombardia,Nord-ovest
AUDI A3 SPB 40 TDI quattro S tronic S line edition,https://www.automobile.it/noale-audi-a3-spb-40-tdi-quattro-s-tronic-s-line-edition/184471520,29900,4,2022,69000,automatico,Diesel,190,S line,Sport,40 TDI,Rivenditore,123,noale,30033,Veneto,Nord-est
Audi A3 Sportback 35 TDI 150cv S-line 30.000km,https://www.automobile.it/petralia-soprana-audi-a3-sportback-35-tdi-150cv-s-line-30-000km/184268986,29900,4,2022,30000,automatico,Diesel,150,S line,Sport,35 TDI,Rivenditore,802,petralia soprana,90026,Sicilia,Isole
AUDI A3 4ª serie A3 SPB 35 TDI S tronic S line...,https://www.automobile.it/torino-audi-a3-4-serie-a3-spb-35-tdi-s-tronic-s-line/184489020,29900,2,2024,30000,automatico,Diesel,150,S line,Sport,35 TDI,Rivenditore,276,torino,10121,Piemonte,Nord-ovest
Audi A3 SPB 35 TFSI S tronic line edition,https://www.automobile.it/gaglianico-audi-a3-spb-35-tfsi-s-tronic-line-edition/184609266,29900,1,2025,80000,automatico,Ibrido,150,S,Performance,35 TFSI,Rivenditore,259,gaglianico,13894,Piemonte,Nord-ovest
Audi A3 SPB 35 TFSI S tronic S line edition,https://www.automobile.it/beverino-audi-a3-spb-35-tfsi-s-tronic-s-line-edition/184248410,29900,2,2024,49000,automatico,Ibrido,150,S line,Sport,35 TFSI,Rivenditore,120,beverino,19020,Liguria,Nord-ovest
AUDI A3 SB 40 TFSI E S-TRONIC S-LINE DITION,https://www.automobile.it/conegliano-audi-a3-sb-40-tfsi-s-tronic-s-line-dition/184629968,29900,2,2024,68630,automatico,Ibrido,204,S line,Sport,40 TFSI e,Rivenditore,163,conegliano,31015,Veneto,Nord-est
AUDI A3 4ª serie A3 SPB 35 TFSI S tronic S lin...,https://www.automobile.it/pompei-audi-a3-4-serie-a3-spb-35-tfsi-s-tronic-s-lin/182128054,29990,4,2022,21204,automatico,Ibrido,150,S,Performance,35 TFSI,Rivenditore,514,pompei,80045,Campania,Sud
Audi A3 SPB 30 TFSI S tronic S line edition 1.0 116 cv,https://www.automobile.it/cesa-audi-a3-spb-30-tfsi-s-tronic-s-line-edition-1-0-116-cv/182290302,29990,2,2024,2300,automatico,Benzina,110,S line,Sport,30 TFSI,Rivenditore,482,cesa,81030,Campania,Sud
AUDI A3 SPB 30 TDI Business Advanced,https://www.automobile.it/alcamo-audi-a3-spb-30-tdi-business-advanced/184157373,29990,2,2024,46000,manuale,Diesel,116,Business Advanced,Middle,30 TDI,Rivenditore,757,alcamo,91011,Sicilia,Isole
AUDI A3 Sportback 45 TFSI e S tronic S line ACC B&O HUD,https://www.automobile.it/potenza-audi-a3-sportback-45-tfsi-s-tronic-s-line-acc-b-hud/183549418,29990,4,2022,60000,automatico,Ibrido,245,S line,Sport,45 TFSI e,Rivenditore,588,potenza,85100,Basilicata,Sud
Audi A3 40 TFSI 1.5 204cv Sline Stronic Identity Black,https://www.automobile.it/vibo-valentia-audi-a3-40-tfsi-1-5-204cv-sline-stronic-identity-black/183972212,29990,3,2023,32000,automatico,Benzina,190,Identity,Middle,40 TFSI,Rivenditore,782,vibo valentia,89900,Calabria,Sud
AUDI A3 SPB 35 TFSI S tronic UNIPRO PERFETTA,https://www.automobile.it/brescia-audi-a3-spb-35-tfsi-s-tronic-unipro-perfetta/184345368,29990,3,2023,8500,automatico,Ibrido,150,S,Performance,35 TFSI,Rivenditore,121,brescia,25121,Lombardia,Nord-ovest
Audi A3 SPB 35 TDI S tronic Admired SLINE,https://www.subito.it/auto/audi-a3-spb-35-tdi-s-tronic-admired-sline-roma-663590976.htm,24800,6,2020,53732,automatico,Diesel,150,S line,Sport,35 TDI,Rivenditore,322,guidonia montecelio,12,Lazio,Centro
Audi A3 Sportback 35 TFSI S tronic 150cv,https://www.subito.it/auto/audi-a3-sportback-35-tfsi-s-tronic-150cv-milano-649779908.htm,23900,3,2023,55628,automatico,Benzina,150,Sport,Middle,35 TFSI,Rivenditore,177,milano,20121,Lombardia,Nord-ovest
Audi a3 35tdi sportback s-tronic s-line,https://www.subito.it/auto/audi-a3-35tdi-sportback-s-tronic-s-line-torino-663588595.htm,25500,6,2020,84000,automatico,Diesel,150,S line,Sport,35 TDI,Privato,286,rivara,10080,Piemonte,Nord-ovest
Audi A3 Sportback 35 TDI 150 CV S tronic S line,https://www.subito.it/auto/audi-a3-sportback-35-tdi-150-cv-s-tronic-s-line-roma-659368108.htm,18500,5,2021,116000,automatico,Diesel,150,S line,Sport,35 TDI,Privato,339,gallicano nel lazio,10,Lazio,Centro
AUDI A3 Sportback 35 TFSI MHEV Busines Advanced S-,https://www.subito.it/auto/audi-a3-sportback-35-tfsi-mhev-busines-advanced-s-verona-663584986.htm,28900,2,2024,32348,automatico,Ibrido,150,Advanced,Middle,35 TFSI MHEV,Rivenditore,86,verona,37121,Veneto,Nord-est
Audi A3 Sportback 35 TDI S tronic S line Edition,https://www.subito.it/auto/audi-a3-sportback-35-tdi-s-tronic-s-line-edition-torino-663572772.htm,25950,4,2022,55600,automatico,Diesel,150,S line,Sport,35 TDI,Rivenditore,286,orbassano,10043,Piemonte,Nord-ovest
AUDI A3 SPB 35 TDI S line edition,https://www.subito.it/auto/audi-a3-spb-35-tdi-s-line-edition-napoli-663576553.htm,27999,3,2023,33000,automatico,Diesel,150,S line,Sport,35 TDI,Rivenditore,495,napoli,80121,Campania,Sud
AUDI A3 SPB 40 TFSI e S tronic Business Advanced,https://www.subito.it/auto/audi-a3-spb-40-tfsi-e-s-tronic-business-advanced-milano-663575702.htm,22900,4,2022,91000,automatico,Elettrico,204,Business Advanced,Middle,40 TFSI e,Rivenditore,191,bareggio,20008,Lombardia,Nord-ovest
AUDI A3 SPB 35 TFSI S tronic Business Advanced +,https://www.subito.it/auto/audi-a3-spb-35-tfsi-s-tronic-business-advanced-treviso-663574254.htm,20700,6,2020,84000,automatico,Benzina,150,Business Advanced,Middle,35 TFSI,Rivenditore,128,castello godego,31030,Veneto,Nord-est
AUDI A3 30 TDI S-LINE S-TRONIC ,https://www.subito.it/auto/audi-a3-30-tdi-s-line-s-tronic-bologna-663565975.htm,26000,4,2022,58400,automatico,Diesel,116,S line,Sport,30 TDI,Privato,5,san giovanni persiceto,40017,Emilia-Romagna,Nord-est
Audi A3 SPB 35 TDI S tronic Business Advanced,https://www.subito.it/auto/audi-a3-spb-35-tdi-s-tronic-business-advanced-reggio-emilia-663558091.htm,21900,3,2023,99000,automatico,Diesel,150,Business Advanced,Middle,35 TDI,Rivenditore,53,boretto,42022,Emilia-Romagna,Nord-est
Audi A3 SPB 35 TFSI S line edition MANUALE IVA ESP,https://www.subito.it/auto/audi-a3-spb-35-tfsi-s-line-edition-manuale-iva-esp-cosenza-663557470.htm,18499,4,2022,119000,manuale,Benzina,150,S line,Sport,35 TFSI,Privato,724,rende,87036,Calabria,Sud
Audi A3 Sportback 30 TDI ,https://www.subito.it/auto/audi-a3-sportback-30-tdi-messina-655236039.htm,22000,6,2020,144000,manuale,Diesel,116,Sport,Middle,30 TDI,Privato,787,torrenova,98070,Sicilia,Isole
Audi A3 SPB 30 TDI S line edition,https://www.subito.it/auto/audi-a3-spb-30-tdi-s-line-edition-agrigento-663544224.htm,21990,6,2020,123000,manuale,Diesel,116,S line,Sport,30 TDI,Rivenditore,842,agrigento,92100,Sicilia,Isole
Audi A3 Sportback 35 TDI S tronic,https://www.subito.it/auto/audi-a3-sportback-35-tdi-s-tronic-bolzano-662476870.htm,26900,5,2021,98600,automatico,Diesel,150,Sport,Middle,35 TDI,Privato,247,racines,39040,Trentino-Alto Adige/Südtirol,Nord-est
Audi A3 SPB 30 TDI S tronic Business Advanced PREZ,https://www.subito.it/auto/audi-a3-spb-30-tdi-s-tronic-business-advanced-prez-alessandria-663538942.htm,21999,3,2023,81000,automatico,Diesel,116,Business Advanced,Middle,30 TDI,Rivenditore,201,alessandria,15121,Piemonte,Nord-ovest
Audi a3 40 tfsi sport quattro s-tronic,https://www.subito.it/auto/audi-a3-40-tfsi-sport-quattro-s-tronic-forli-cesena-644503767.htm,24000,6,2020,90000,automatico,Benzina,190,Sport,Middle,40 TFSI,Privato,100,santa sofia,47018,Emilia-Romagna,Nord-est
Audi A3 SPB 30 TDI,https://www.subito.it/auto/audi-a3-spb-30-tdi-parma-663125573.htm,21990,4,2022,99000,manuale,Diesel,116,S,Performance,30 TDI,Rivenditore,65,parma,43121,Emilia-Romagna,Nord-est
AUDI A3 SPORTBACK 35 TDI S TRONIC S LINE EDITION S,https://www.subito.it/auto/audi-a3-sportback-35-tdi-s-tronic-s-line-edition-s-firenze-663537441.htm,23100,5,2021,63717,automatico,Diesel,150,S line,Sport,35 TDI,Rivenditore,99,firenze,50121,Toscana,Centro
AUDI A3 SPORTBACK 35 TDI S TRONIC S LINE EDITION S,https://www.subito.it/auto/audi-a3-sportback-35-tdi-s-tronic-s-line-edition-s-bologna-663537058.htm,23100,5,2021,63717,automatico,Diesel,150,S line,Sport,35 TDI,Rivenditore,22,bentivoglio,40010,Emilia-Romagna,Nord-est
AUDI A3 SPORTBACK 35 TDI S TRONIC S LINE EDITION S,https://www.subito.it/auto/audi-a3-sportback-35-tdi-s-tronic-s-line-edition-s-napoli-663536684.htm,23100,5,2021,63717,automatico,Diesel,150,S line,Sport,35 TDI,Rivenditore,488,pozzuoli,80078,Campania,Sud
AUDI A3 SPORTBACK 35 TDI S TRONIC S LINE EDITION S,https://www.subito.it/auto/audi-a3-sportback-35-tdi-s-tronic-s-line-edition-s-roma-663536692.htm,23100,5,2021,63717,automatico,Diesel,150,S line,Sport,35 TDI,Rivenditore,326,roma,118,Lazio,Centro
AUDI A3 SPORTBACK 35 TDI S TRONIC S LINE EDITION S,https://www.subito.it/auto/audi-a3-sportback-35-tdi-s-tronic-s-line-edition-s-verona-663536320.htm,23100,5,2021,63717,automatico,Diesel,150,S line,Sport,35 TDI,Rivenditore,86,verona,37121,Veneto,Nord-est
Audi S3 2022 in perfette condizioni,https://www.subito.it/auto/audi-s3-2022-in-perfette-condizioni-torino-659798420.htm,29900,4,2022,96000,automatico,Benzina,310,S,Performance,S3,Privato,276,torino,10121,Piemonte,Nord-ovest
Audi A3 45Tfsi e S line,https://www.subito.it/auto/audi-a3-45tfsi-e-s-line-torino-662027003.htm,26000,3,2023,85000,automatico,Ibrido,245,S line,Sport,45 TFSI e,Privato,276,torino,10121,Piemonte,Nord-ovest
Audi A3 2021 SPB 35 TDI S tronic Business,https://www.subito.it/auto/audi-a3-2021-spb-35-tdi-s-tronic-business-palermo-663523957.htm,19900,5,2021,186000,automatico,Diesel,150,Business,Base,35 TDI,Rivenditore,761,misilmeri,90036,Sicilia,Isole
Audi A3 Sedan 35 TDI S tronic Business Advanced,https://www.subito.it/auto/audi-a3-sedan-35-tdi-s-tronic-business-advanced-milano-663520528.htm,24990,4,2022,72000,automatico,Diesel,150,Business Advanced,Middle,35 TDI,Rivenditore,180,cinisello balsamo,20092,Lombardia,Nord-ovest
AUDI S3 FULL,https://www.subito.it/auto/audi-s3-full-brindisi-657937145.htm,17900,5,2021,238000,automatico,Benzina,310,S,Performance,S3,Privato,715,brindisi,72100,Puglia,Sud
Audi A3 NUOVA SERIE SPB 2.0 TDIe S tronic S35 *S-L,https://www.subito.it/auto/audi-a3-nuova-serie-spb-2-0-tdie-s-tronic-s35-s-l-salerno-645850877.htm,26900,3,2023,66200,automatico,Diesel,310,S,Performance,S3,Rivenditore,552,eboli,84025,Campania,Sud
AUDI A3 4ª serie - A3 SPB 30 TDI S tronic U103176,https://www.subito.it/auto/audi-a3-4-serie-a3-spb-30-tdi-s-tronic-u103176-siracusa-663518515.htm,23900,4,2022,83300,automatico,Diesel,116,S,Performance,30 TDI,Rivenditore,914,siracusa,96100,Sicilia,Isole
Audi A3 SPB 30 TDI S tronic Advanced FINANZIABILE,https://www.subito.it/auto/audi-a3-spb-30-tdi-s-tronic-advanced-finanziabile-ogliastra-663516704.htm,24990,4,2022,89000,automatico,Diesel,116,Advanced,Middle,30 TDI,Rivenditore,545,ilbono,8040,Sardegna,Isole
Audi A3 SPB 35 TDI S tronic line edition-2021,https://www.subito.it/auto/audi-a3-spb-35-tdi-s-tronic-line-edition-2021-foggia-641632871.htm,23499,5,2021,124000,automatico,Diesel,150,S,Performance,35 TDI,Rivenditore,542,cerignola,71042,Puglia,Sud
AUDI A3 SPB 30 TDI Business Advanced,https://www.subito.it/auto/audi-a3-spb-30-tdi-business-advanced-taranto-663515452.htm,17790,5,2021,143000,manuale,Diesel,116,Business Advanced,Middle,30 TDI,Rivenditore,690,grottaglie,74023,Puglia,Sud
Audi A3 SPB 35 TDI S tronic Business Advanced,https://www.subito.it/auto/audi-a3-spb-35-tdi-s-tronic-business-advanced-ragusa-642368736.htm,23650,5,2021,84622,automatico,Diesel,150,Business Advanced,Middle,35 TDI,Rivenditore,905,comiso,97013,Sicilia,Isole
Audi A3 SPB 30 TDI 116cv S tronic Business 2022,https://www.subito.it/auto/audi-a3-spb-30-tdi-116cv-s-tronic-business-2022-foggia-651794626.htm,22400,4,2022,100000,automatico,Diesel,116,Business,Base,30 TDI,Rivenditore,542,cerignola,71042,Puglia,Sud
Audi A3 SPB 40 TFSI e S tronic Business,https://www.subito.it/auto/audi-a3-spb-40-tfsi-e-s-tronic-business-roma-662584534.htm,20490,4,2022,100000,automatico,Ibrido,204,Business,Base,40 TFSI e,Rivenditore,326,roma,118,Lazio,Centro
Audi A3 Sedan 35 TDI S tronic Business Advanced,https://www.subito.it/auto/audi-a3-sedan-35-tdi-s-tronic-business-advanced-reggio-calabria-659777367.htm,23499,4,2022,69000,automatico,Diesel,150,Business Advanced,Middle,35 TDI,Rivenditore,798,gioia tauro,89013,Calabria,Sud
AUDI S3 ACCONTO €17.500 NOLEGGIO RISCATTO NO SCORI,https://www.subito.it/auto/audi-s3-acconto-17-500-noleggio-riscatto-no-scori-frosinone-662757750.htm,17500,1,2025,19000,automatico,Benzina,310,S,Performance,S3,Rivenditore,415,cassino,3043,Lazio,Centro
Audi A3 SPB 35 TFSI S tronic Business Advanced,https://www.subito.it/auto/audi-a3-spb-35-tfsi-s-tronic-business-advanced-torino-651195386.htm,26900,2,2024,18900,automatico,Benzina,150,Business Advanced,Middle,35 TFSI,Rivenditore,275,leini,10040,Piemonte,Nord-ovest
AUDI A3 SPB 30 TFSI Business Advanced,https://www.subito.it/auto/audi-a3-spb-30-tfsi-business-advanced-bologna-656358307.htm,18900,5,2021,99000,manuale,Benzina,110,Business Advanced,Middle,30 TFSI,Rivenditore,25,bologna,40121,Emilia-Romagna,Nord-est
Audi A3 SPORTBACK 35 TFSI 150CV S-tronic,https://www.subito.it/auto/audi-a3-sportback-35-tfsi-150cv-s-tronic-agrigento-657729099.htm,16950,5,2021,178000,automatico,Benzina,150,Sport,Middle,35 TFSI,Rivenditore,811,sciacca,92019,Sicilia,Isole
Audi A3 30 TDI S tronic Business 2022,https://www.subito.it/auto/audi-a3-30-tdi-s-tronic-business-2022-cuneo-663500392.htm,12500,4,2022,127212,automatico,Diesel,116,Business,Base,30 TDI,Privato,286,cuneo,12100,Piemonte,Nord-ovest
Audi A3 SPB 30 TDI,https://www.subito.it/auto/audi-a3-spb-30-tdi-frosinone-663499147.htm,16500,6,2020,131292,manuale,Diesel,116,S,Performance,30 TDI,Rivenditore,384,sora,3039,Lazio,Centro
Audi A3 SPB 30 TDI S line edition S Tronic,https://www.subito.it/auto/audi-a3-spb-30-tdi-s-line-edition-s-tronic-roma-660650320.htm,22500,4,2022,57000,automatico,Diesel,116,S line,Sport,30 TDI,Rivenditore,326,roma,118,Lazio,Centro
Audi a3 iv 35 TFSI,https://www.subito.it/auto/audi-a3-iv-35-tfsi-milano-654308782.htm,21790,3,2023,96000,manuale,Benzina,150,S,Performance,35 TFSI,Rivenditore,196,robecco sul naviglio,20087,Lombardia,Nord-ovest
Audi A3 SPB 30 TDI S tronic S line edition,https://www.subito.it/auto/audi-a3-spb-30-tdi-s-tronic-s-line-edition-caserta-663494489.htm,25900,4,2022,58835,automatico,Diesel,116,S line,Sport,30 TDI,Rivenditore,476,caserta,81100,Campania,Sud
Audi A3 SPB 35 TDI S tronic line edition,https://www.subito.it/auto/audi-a3-spb-35-tdi-s-tronic-line-edition-roma-660838643.htm,25800,2,2024,67211,automatico,Diesel,150,S,Performance,35 TDI,Rivenditore,326,roma,118,Lazio,Centro
Audi A3 SPB 35 TDI S tronic line edition C/A,https://www.subito.it/auto/audi-a3-spb-35-tdi-s-tronic-line-edition-c-a-lecce-663491837.htm,15900,6,2020,170000,automatico,Diesel,150,S,Performance,35 TDI,Rivenditore,772,melpignano,73020,Puglia,Sud
Audi A3 SPB 40 TDI quattro S tronic line edition,https://www.subito.it/auto/audi-a3-spb-40-tdi-quattro-s-tronic-line-edition-palermo-657251255.htm,24900,4,2022,143000,automatico,Diesel,190,S,Performance,40 TDI,Rivenditore,752,monreale,90046,Sicilia,Isole
Audi A3 SPB 40 TFSI e S tronic line edition,https://www.subito.it/auto/audi-a3-spb-40-tfsi-e-s-tronic-line-edition-roma-662062523.htm,26500,4,2022,75000,automatico,Ibrido,204,S,Performance,40 TFSI e,Rivenditore,326,roma,118,Lazio,Centro
Audi A3 35 TFSI S tronic Business,https://www.subito.it/auto/audi-a3-35-tfsi-s-tronic-business-torino-655668325.htm,27900,1,2025,25400,automatico,Benzina,150,Business,Base,35 TFSI,Rivenditore,275,leini,10040,Piemonte,Nord-ovest
Audi A3 SPB 35 TDI S tronic bussines,https://www.subito.it/auto/audi-a3-spb-35-tdi-s-tronic-bussines-roma-660852213.htm,19999,6,2020,98000,automatico,Diesel,150,S,Performance,35 TDI,Rivenditore,326,roma,118,Lazio,Centro
Audi A3 SPB 35 TFSI S line edition,https://www.subito.it/auto/audi-a3-spb-35-tfsi-s-line-edition-ferrara-663486399.htm,22900,5,2021,92000,manuale,Benzina,150,S line,Sport,35 TFSI,Rivenditore,42,ferrara,44121,Emilia-Romagna,Nord-est
Audi A3 SPB 35 TFSI Hybrid 2024|35000km| Garanzia,https://www.subito.it/auto/audi-a3-spb-35-tfsi-hybrid-2024-35000km-garanzia-roma-629341143.htm,26800,1,2025,54000,automatico,Ibrido,150,S,Performance,35 TFSI,Privato,326,roma,118,Lazio,Centro
AUDI A3 4ª serie - A3 SPB 40 TFSI e S tronic Busin,https://www.subito.it/auto/audi-a3-4-serie-a3-spb-40-tfsi-e-s-tronic-busin-milano-662066129.htm,23900,4,2022,48442,automatico,Elettrico,204,S,Performance,40 TFSI e,Rivenditore,202,legnano,20025,Lombardia,Nord-ovest
Audi a3 iv 30 TFSI,https://www.subito.it/auto/audi-a3-iv-30-tfsi-milano-663478031.htm,22890,3,2023,25865,manuale,Benzina,110,S,Performance,30 TFSI,Rivenditore,196,robecco sul naviglio,20087,Lombardia,Nord-ovest
Audi a3 iv 30 TDI S-tronic S Line Edition,https://www.subito.it/auto/audi-a3-iv-30-tdi-s-tronic-s-line-edition-milano-663478004.htm,23790,3,2023,67730,automatico,Diesel,116,S line,Sport,30 TDI,Rivenditore,196,robecco sul naviglio,20087,Lombardia,Nord-ovest
Audi a3 iv 35 TFSI,https://www.subito.it/auto/audi-a3-iv-35-tfsi-milano-663477857.htm,23790,4,2022,54584,manuale,Benzina,150,S,Performance,35 TFSI,Rivenditore,196,robecco sul naviglio,20087,Lombardia,Nord-ovest
Audi a3 iv 30 TDI Business Advanced,https://www.subito.it/auto/audi-a3-iv-30-tdi-business-advanced-milano-663477595.htm,22990,4,2022,53271,manuale,Diesel,116,Business Advanced,Middle,30 TDI,Rivenditore,196,robecco sul naviglio,20087,Lombardia,Nord-ovest
Audi a3 iv 30 TFSI MHEV S-tronic Business Advanced,https://www.subito.it/auto/audi-a3-iv-30-tfsi-mhev-s-tronic-business-advanced-milano-663477527.htm,22890,4,2022,50485,automatico,Ibrido,110,Business Advanced,Middle,30 TFSI,Rivenditore,196,robecco sul naviglio,20087,Lombardia,Nord-ovest
Audi a3 iv 30 TDI S-tronic Business Advanced,https://www.subito.it/auto/audi-a3-iv-30-tdi-s-tronic-business-advanced-milano-663477269.htm,22870,4,2022,44763,automatico,Diesel,116,Business Advanced,Middle,30 TDI,Rivenditore,196,robecco sul naviglio,20087,Lombardia,Nord-ovest
Audi A3 SPB 40 TFSI e S tronic,https://www.subito.it/auto/audi-a3-spb-40-tfsi-e-s-tronic-torino-647867496.htm,25900,3,2023,22800,automatico,Elettrico,204,S,Performance,40 TFSI e,Rivenditore,275,leini,10040,Piemonte,Nord-ovest
Audi A3 SPB 30 TDI S tronic line edition IVA ESPOS,https://www.subito.it/auto/audi-a3-spb-30-tdi-s-tronic-line-edition-iva-espos-vercelli-663474135.htm,23900,3,2023,100606,automatico,Diesel,116,S,Performance,30 TDI,Rivenditore,225,vercelli,13100,Piemonte,Nord-ovest
Audi A3 SPB 35 TDI S tronic 150cv uniproprietario,https://www.subito.it/auto/audi-a3-spb-35-tdi-s-tronic-150cv-uniproprietario-firenze-663474086.htm,20999,4,2022,76000,automatico,Diesel,150,S,Performance,35 TDI,Rivenditore,112,san casciano val pesa,50026,Toscana,Centro
Audi A3 SPB 35 TFSI S line edition Perfetta,https://www.subito.it/auto/audi-a3-spb-35-tfsi-s-line-edition-perfetta-lecco-663473514.htm,26300,3,2023,30000,automatico,Benzina,150,S line,Sport,35 TFSI,Rivenditore,190,lecco,23900,Lombardia,Nord-ovest
Audi A3 SPB 35 TDI S line edition,https://www.subito.it/auto/audi-a3-spb-35-tdi-s-line-edition-avellino-662224291.htm,27900,4,2022,49000,manuale,Diesel,150,S line,Sport,35 TDI,Rivenditore,492,rotondi,83017,Campania,Sud
Audi A3 SPB 30 TDI S line edition,https://www.subito.it/auto/audi-a3-spb-30-tdi-s-line-edition-reggio-calabria-663468300.htm,23500,5,2021,149000,manuale,Diesel,116,S line,Sport,30 TDI,Rivenditore,796,rosarno,89025,Calabria,Sud
Audi A3 SPB 35 TFSI S line edition,https://www.subito.it/auto/audi-a3-spb-35-tfsi-s-line-edition-roma-662736911.htm,25990,3,2023,80450,automatico,Benzina,150,S line,Sport,35 TFSI,Rivenditore,326,roma,118,Lazio,Centro
Audi A3 SPB 30 TDI S tronic,https://www.subito.it/auto/audi-a3-spb-30-tdi-s-tronic-palermo-656472188.htm,24900,4,2022,92000,automatico,Diesel,116,S,Performance,30 TDI,Rivenditore,750,palermo,90121,Sicilia,Isole
AUDI A3 4ª serie A3 SPB 35 TDI S tronic Business,https://www.subito.it/auto/audi-a3-4-serie-a3-spb-35-tdi-s-tronic-business-roma-662870917.htm,26400,3,2023,61645,automatico,Diesel,150,Business,Base,35 TDI,Rivenditore,326,roma,118,Lazio,Centro
Audi A3 SPB 35 TDI S tronic Sport,https://www.subito.it/auto/audi-a3-spb-35-tdi-s-tronic-sport-reggio-calabria-646313256.htm,14990,6,2020,195000,automatico,Diesel,150,Sport,Middle,35 TDI,Rivenditore,796,rosarno,89025,Calabria,Sud
Audi A3 Sportback 35 TDI 150 CV S line,https://www.subito.it/auto/audi-a3-sportback-35-tdi-150-cv-s-line-pesaro-urbino-663331750.htm,25000,4,2022,99000,automatico,Diesel,150,S line,Sport,35 TDI,Privato,164,pesaro,61121,Marche,Centro
Audi A3 Sportback 30 TDI S-tronic Business,https://www.subito.it/auto/audi-a3-sportback-30-tdi-s-tronic-business-chieti-633396231.htm,27950,2,2024,48004,automatico,Diesel,116,Business,Base,30 TDI,Rivenditore,377,lanciano,66034,Abruzzo,Sud
Audi A3 8Y 30 TDI S Tronic SLine,https://www.subito.it/auto/audi-a3-8y-30-tdi-s-tronic-sline-bari-663461828.htm,28500,3,2023,54000,automatico,Diesel,116,S line,Sport,30 TDI,Privato,581,corato,70033,Puglia,Sud
AUDI A3 SPB 40TFSIe S-TRONIC ADVANCED 150cv,https://www.subito.it/auto/audi-a3-spb-40tfsie-s-tronic-advanced-150cv-siracusa-663461460.htm,23500,4,2022,115000,automatico,Ibrido,204,Advanced,Middle,40 TFSI e,Rivenditore,914,siracusa,96100,Sicilia,Isole
Audi A3 SPB 35 TFSI S tronic S line edition,https://www.subito.it/auto/audi-a3-spb-35-tfsi-s-tronic-s-line-edition-torino-651244992.htm,28800,2,2024,23000,automatico,Benzina,150,S line,Sport,35 TFSI,Rivenditore,275,leini,10040,Piemonte,Nord-ovest
AUDI A3 SPB 30 TDI S tronic,https://www.subito.it/auto/audi-a3-spb-30-tdi-s-tronic-reggio-calabria-652674414.htm,23900,4,2022,76446,automatico,Diesel,116,S,Performance,30 TDI,Rivenditore,819,reggio calabria,89121,Calabria,Sud
Audi A3 SPB 35 TDI S tronic Business Advanced,https://www.subito.it/auto/audi-a3-spb-35-tdi-s-tronic-business-advanced-genova-663459359.htm,21900,4,2022,131000,automatico,Diesel,150,Business Advanced,Middle,35 TDI,Rivenditore,177,genova,16121,Liguria,Nord-ovest
AUDI A3 4ª serie - A3 SPB 40 TFSI e S tronic Busin,https://www.subito.it/auto/audi-a3-4-serie-a3-spb-40-tfsi-e-s-tronic-busin-milano-662491867.htm,23900,4,2022,43033,automatico,Elettrico,204,S,Performance,40 TFSI e,Rivenditore,202,legnano,20025,Lombardia,Nord-ovest
AUDI A3 4ª serie - A3 Sedan 35 TDI S tronic S line,https://www.subito.it/auto/audi-a3-4-serie-a3-sedan-35-tdi-s-tronic-s-line-firenze-663450019.htm,16299,6,2020,154000,automatico,Diesel,150,S line,Sport,35 TDI,Rivenditore,106,empoli,50053,Toscana,Centro
AUDI A3 4� serie A3 SPB 30 TDI Business Advanced,https://www.subito.it/auto/audi-a3-4-serie-a3-spb-30-tdi-business-advanced-nuoro-663447400.htm,19990,5,2021,160000,manuale,Diesel,116,Business Advanced,Middle,30 TDI,Rivenditore,504,nuoro,8100,Sardegna,Isole
Audi A3 SPB 35 TFSI COD Admired,https://www.subito.it/auto/audi-a3-spb-35-tfsi-cod-admired-novara-663444566.htm,18900,6,2020,54000,manuale,Benzina,150,S,Performance,35 TFSI,Rivenditore,240,invorio,28045,Piemonte,Nord-ovest
AUDI A3 SPB 30 TFSI S tronic Business Advanced,https://www.subito.it/auto/audi-a3-spb-30-tfsi-s-tronic-business-advanced-caserta-663441280.htm,23199,2,2024,64819,automatico,Benzina,110,Business Advanced,Middle,30 TFSI,Rivenditore,475,casagiove,81022,Campania,Sud
Audi A3 SPB 40 TFSI e 204 CV Business Advanced,https://www.subito.it/auto/audi-a3-spb-40-tfsi-e-204-cv-business-advanced-modena-663414795.htm,25500,4,2022,59200,automatico,Ibrido,204,Business Advanced,Middle,40 TFSI e,Privato,18,soliera,41019,Emilia-Romagna,Nord-est
Audi A3 SPB 35 TDI S tronic Business Advanced,https://www.subito.it/auto/audi-a3-spb-35-tdi-s-tronic-business-advanced-reggio-emilia-663413259.htm,21999,5,2021,103000,automatico,Diesel,150,Business Advanced,Middle,35 TDI,Rivenditore,54,gattatico,42043,Emilia-Romagna,Nord-est
Audi A3 SPB 40 TDI quattro S tronic Business Advan,https://www.subito.it/auto/audi-a3-spb-40-tdi-quattro-s-tronic-business-advan-reggio-calabria-663412435.htm,28000,4,2022,185000,automatico,Diesel,190,Business,Base,40 TDI,Rivenditore,808,villa san giovanni,89018,Calabria,Sud
AUDI A3 SPORTBACK 30 TFSI MHEV S TRONIC BUSINESS A,https://www.subito.it/auto/audi-a3-sportback-30-tfsi-mhev-s-tronic-business-a-napoli-663405271.htm,17100,4,2022,145778,automatico,Ibrido,110,Business,Base,30 TFSI,Rivenditore,488,pozzuoli,80078,Campania,Sud
AUDI A3 SPORTBACK 40 TFSI E S TRONIC BUSINESS ADVA,https://www.subito.it/auto/audi-a3-sportback-40-tfsi-e-s-tronic-business-adva-firenze-663405258.htm,21600,4,2022,64450,automatico,Ibrido,204,Business,Base,40 TFSI e,Rivenditore,99,firenze,50121,Toscana,Centro
AUDI A3 SPORTBACK 35 TDI S TRONIC BUSINESS S.BACK ,https://www.subito.it/auto/audi-a3-sportback-35-tdi-s-tronic-business-s-back-napoli-663405261.htm,22500,4,2022,62470,automatico,Diesel,150,Business,Base,35 TDI,Rivenditore,488,pozzuoli,80078,Campania,Sud
AUDI A3 SPORTBACK 40 TFSI E S TRONIC BUSINESS S.BA,https://www.subito.it/auto/audi-a3-sportback-40-tfsi-e-s-tronic-business-s-ba-napoli-663405257.htm,22600,3,2023,64832,automatico,Ibrido,204,Business,Base,40 TFSI e,Rivenditore,488,pozzuoli,80078,Campania,Sud
AUDI A3 SPORTBACK 40 TFSI E S TRONIC BUSINESS S.BA,https://www.subito.it/auto/audi-a3-sportback-40-tfsi-e-s-tronic-business-s-ba-firenze-663405227.htm,22600,3,2023,64832,automatico,Ibrido,204,Business,Base,40 TFSI e,Rivenditore,99,firenze,50121,Toscana,Centro
AUDI A3 SPORTBACK 30 TFSI MHEV S TRONIC BUSINESS A,https://www.subito.it/auto/audi-a3-sportback-30-tfsi-mhev-s-tronic-business-a-firenze-663405142.htm,17100,4,2022,145778,automatico,Ibrido,110,Business,Base,30 TFSI,Rivenditore,99,firenze,50121,Toscana,Centro
AUDI A3 SPORTBACK 35 TDI S TRONIC BUSINESS S.BACK ,https://www.subito.it/auto/audi-a3-sportback-35-tdi-s-tronic-business-s-back-firenze-663405112.htm,22500,4,2022,62470,automatico,Diesel,150,Business,Base,35 TDI,Rivenditore,99,firenze,50121,Toscana,Centro
AUDI A3 SPORTBACK 40 TFSI E S TRONIC BUSINESS ADVA,https://www.subito.it/auto/audi-a3-sportback-40-tfsi-e-s-tronic-business-adva-napoli-663405102.htm,21600,4,2022,64450,automatico,Ibrido,204,Business,Base,40 TFSI e,Rivenditore,488,pozzuoli,80078,Campania,Sud
AUDI A3 SPORTBACK 40 TFSI E S TRONIC BUSINESS S.BA,https://www.subito.it/auto/audi-a3-sportback-40-tfsi-e-s-tronic-business-s-ba-verona-663404077.htm,22600,3,2023,64832,automatico,Ibrido,204,Business,Base,40 TFSI e,Rivenditore,86,verona,37121,Veneto,Nord-est
AUDI A3 SPORTBACK 35 TDI S TRONIC BUSINESS S.BACK ,https://www.subito.it/auto/audi-a3-sportback-35-tdi-s-tronic-business-s-back-verona-663404045.htm,22500,4,2022,62470,automatico,Diesel,150,Business,Base,35 TDI,Rivenditore,86,verona,37121,Veneto,Nord-est
AUDI A3 SPORTBACK 40 TFSI E S TRONIC BUSINESS S.BA,https://www.subito.it/auto/audi-a3-sportback-40-tfsi-e-s-tronic-business-s-ba-bologna-663404054.htm,22600,3,2023,64832,automatico,Ibrido,204,Business,Base,40 TFSI e,Rivenditore,22,bentivoglio,40010,Emilia-Romagna,Nord-est
AUDI A3 SPORTBACK 40 TFSI E S TRONIC BUSINESS ADVA,https://www.subito.it/auto/audi-a3-sportback-40-tfsi-e-s-tronic-business-adva-bologna-663403971.htm,21600,4,2022,64450,automatico,Ibrido,204,Business,Base,40 TFSI e,Rivenditore,22,bentivoglio,40010,Emilia-Romagna,Nord-est
AUDI A3 SPORTBACK 30 TFSI MHEV S TRONIC BUSINESS A,https://www.subito.it/auto/audi-a3-sportback-30-tfsi-mhev-s-tronic-business-a-roma-663403992.htm,17100,4,2022,145778,automatico,Ibrido,110,Business,Base,30 TFSI,Rivenditore,326,roma,118,Lazio,Centro
AUDI A3 SPORTBACK 30 TFSI MHEV S TRONIC BUSINESS A,https://www.subito.it/auto/audi-a3-sportback-30-tfsi-mhev-s-tronic-business-a-verona-663403892.htm,17100,4,2022,145778,automatico,Ibrido,110,Business,Base,30 TFSI,Rivenditore,86,verona,37121,Veneto,Nord-est
AUDI A3 SPORTBACK 40 TFSI E S TRONIC BUSINESS ADVA,https://www.subito.it/auto/audi-a3-sportback-40-tfsi-e-s-tronic-business-adva-verona-663403799.htm,21600,4,2022,64450,automatico,Ibrido,204,Business,Base,40 TFSI e,Rivenditore,86,verona,37121,Veneto,Nord-est
AUDI A3 SPORTBACK 35 TDI S TRONIC BUSINESS S.BACK ,https://www.subito.it/auto/audi-a3-sportback-35-tdi-s-tronic-business-s-back-roma-663403814.htm,22500,4,2022,62470,automatico,Diesel,150,Business,Base,35 TDI,Rivenditore,326,roma,118,Lazio,Centro
AUDI A3 SPORTBACK 40 TFSI E S TRONIC BUSINESS ADVA,https://www.subito.it/auto/audi-a3-sportback-40-tfsi-e-s-tronic-business-adva-roma-663403630.htm,21600,4,2022,64450,automatico,Ibrido,204,Business,Base,40 TFSI e,Rivenditore,326,roma,118,Lazio,Centro
AUDI A3 SPORTBACK 35 TDI S TRONIC BUSINESS S.BACK ,https://www.subito.it/auto/audi-a3-sportback-35-tdi-s-tronic-business-s-back-bologna-663403694.htm,22500,4,2022,62470,automatico,Diesel,150,Business,Base,35 TDI,Rivenditore,22,bentivoglio,40010,Emilia-Romagna,Nord-est
AUDI A3 SPORTBACK 40 TFSI E S TRONIC BUSINESS S.BA,https://www.subito.it/auto/audi-a3-sportback-40-tfsi-e-s-tronic-business-s-ba-roma-663403649.htm,22600,3,2023,64832,automatico,Ibrido,204,Business,Base,40 TFSI e,Rivenditore,326,roma,118,Lazio,Centro
AUDI A3 SPORTBACK 30 TFSI MHEV S TRONIC BUSINESS A,https://www.subito.it/auto/audi-a3-sportback-30-tfsi-mhev-s-tronic-business-a-bologna-663403650.htm,17100,4,2022,145778,automatico,Ibrido,110,Business,Base,30 TFSI,Rivenditore,22,bentivoglio,40010,Emilia-Romagna,Nord-est
A3 SPB 35 TDI S tronic Sport,https://www.subito.it/auto/a3-spb-35-tdi-s-tronic-sport-frosinone-663402139.htm,14499,6,2020,163000,automatico,Diesel,150,Sport,Middle,35 TDI,Rivenditore,401,atina,3042,Lazio,Centro
Audi A3 SPB 30 TFSI S tronic line edition,https://www.subito.it/auto/audi-a3-spb-30-tfsi-s-tronic-line-edition-bergamo-663400226.htm,20500,5,2021,106000,automatico,Ibrido,110,S,Performance,30 TFSI,Rivenditore,162,dalmine,24044,Lombardia,Nord-ovest
AUDI A3 4ª serie A3 SPB 35 TDI S tronic Business,https://www.subito.it/auto/audi-a3-4-serie-a3-spb-35-tdi-s-tronic-business-roma-662869735.htm,24900,4,2022,56046,automatico,Diesel,150,Business,Base,35 TDI,Rivenditore,326,roma,118,Lazio,Centro
Audi A3 SPB 35 TDI S line edition IDENTITY BLACK,https://www.subito.it/auto/audi-a3-spb-35-tdi-s-line-edition-identity-black-bari-663390465.htm,21900,4,2022,139000,manuale,Diesel,150,Identity,Middle,35 TDI,Rivenditore,607,gravina puglia,70024,Puglia,Sud
Audi A3 SPB 30 TDI S tronic line edition,https://www.subito.it/auto/audi-a3-spb-30-tdi-s-tronic-line-edition-chieti-654112028.htm,24900,2,2024,80400,automatico,Diesel,116,S,Performance,30 TDI,Rivenditore,377,lanciano,66034,Abruzzo,Sud
AUDI A3 4ª serie - A3 Sedan 35 TDI S tronic S line,https://www.subito.it/auto/audi-a3-4-serie-a3-sedan-35-tdi-s-tronic-s-line-firenze-644109387.htm,27900,3,2023,39810,automatico,Diesel,150,S line,Sport,35 TDI,Rivenditore,98,vinci,50059,Toscana,Centro
AUDI A3 Sportback 30 TDI 116CV S tronic S line,https://www.subito.it/auto/audi-a3-sportback-30-tdi-116cv-s-tronic-s-line-belluno-662683815.htm,26500,3,2023,77537,automatico,Diesel,116,S line,Sport,30 TDI,Rivenditore,154,arsie,32030,Veneto,Nord-est
Audi A3 Sportback 35 TDI S tronic Business,https://www.subito.it/auto/audi-a3-sportback-35-tdi-s-tronic-business-chieti-662105736.htm,28950,2,2024,57002,automatico,Diesel,150,Business,Base,35 TDI,Rivenditore,377,lanciano,66034,Abruzzo,Sud
Audi A3 Sportback 35 TFSI S tronic Business A...,https://www.subito.it/auto/audi-a3-sportback-35-tfsi-s-tronic-business-a-milano-658620778.htm,29900,1,2025,37256,automatico,Benzina,150,Business,Base,35 TFSI,Rivenditore,177,milano,20121,Lombardia,Nord-ovest
Audi A3 SPB 30 TDI,https://www.subito.it/auto/audi-a3-spb-30-tdi-taranto-660062850.htm,23800,2,2024,110000,automatico,Diesel,116,S,Performance,30 TDI,Rivenditore,683,taranto,74121,Puglia,Sud
AUDI A3 SPB 30 TDI Sport,https://www.subito.it/auto/audi-a3-spb-30-tdi-sport-frosinone-662685657.htm,16900,6,2020,146000,manuale,Diesel,116,Sport,Middle,30 TDI,Rivenditore,415,cassino,3043,Lazio,Centro
AUDI A3 SPORTBACK 30 TFSI S tronic Business Adva,https://www.subito.it/auto/audi-a3-sportback-30-tfsi-s-tronic-business-adva-pavia-662948357.htm,22500,3,2023,75188,automatico,Benzina,110,Business,Base,30 TFSI,Rivenditore,193,vigevano,27029,Lombardia,Nord-ovest
Audi A3 SPB 40 TDI quattro S tronic line edition 2,https://www.subito.it/auto/audi-a3-spb-40-tdi-quattro-s-tronic-line-edition-2-caserta-662708284.htm,29490,3,2023,85000,automatico,Diesel,190,S,Performance,40 TDI,Rivenditore,480,aversa,81031,Campania,Sud
Audi A3 SPB 30 TDI S tronic line edition,https://www.subito.it/auto/audi-a3-spb-30-tdi-s-tronic-line-edition-sassari-663373763.htm,24490,5,2021,102000,automatico,Diesel,116,S,Performance,30 TDI,Rivenditore,485,sassari,7100,Sardegna,Isole
AUDI A3 SPB 35 TFSI 150CV *UNICO PROP.*ITALIANA*,https://www.subito.it/auto/audi-a3-spb-35-tfsi-150cv-unico-prop-italiana-milano-663371359.htm,18490,4,2022,82682,manuale,Benzina,150,S,Performance,35 TFSI,Rivenditore,175,cologno monzese,20093,Lombardia,Nord-ovest
AUDI A3 4ª serie - A3 SPB 30 TDI S tronic Business,https://www.subito.it/auto/audi-a3-4-serie-a3-spb-30-tdi-s-tronic-business-milano-663082891.htm,22700,4,2022,18091,automatico,Diesel,116,Business,Base,30 TDI,Rivenditore,202,legnano,20025,Lombardia,Nord-ovest
Audi A3 SPB 30 TDI S tronic line edition,https://www.subito.it/auto/audi-a3-spb-30-tdi-s-tronic-line-edition-frosinone-657619861.htm,18900,4,2022,193000,automatico,Diesel,116,S,Performance,30 TDI,Rivenditore,372,alatri,3011,Lazio,Centro
AUDI A3 45 TFSI-E 150cv S LINE AUTOM*PERMUTE*RATE*,https://www.subito.it/auto/audi-a3-45-tfsi-e-150cv-s-line-autom-permute-rate-roma-663365546.htm,25990,5,2021,97400,automatico,Ibrido,245,S line,Sport,45 TFSI e,Rivenditore,326,roma,118,Lazio,Centro
Audi A3 Sportback 30 TDI S tronic Business,https://www.subito.it/auto/audi-a3-sportback-30-tdi-s-tronic-business-roma-663134288.htm,21900,4,2022,46876,automatico,Diesel,116,Business,Base,30 TDI,Rivenditore,326,roma,118,Lazio,Centro
Audi A3 SPB 40 TFSI e S tronic,https://www.subito.it/auto/audi-a3-spb-40-tfsi-e-s-tronic-torino-651195646.htm,26900,3,2023,18400,automatico,Elettrico,204,S,Performance,40 TFSI e,Rivenditore,275,leini,10040,Piemonte,Nord-ovest
Audi S3 ACCONTO €17.500 NOLEGGIO RISCATTO NO SCORI,https://www.subito.it/auto/audi-s3-acconto-17-500-noleggio-riscatto-no-scori-frosinone-662758556.htm,17500,1,2025,16000,automatico,Benzina,310,S,Performance,S3,Rivenditore,415,cassino,3043,Lazio,Centro
AUDI A3 SPORTBACK 30 TDI S tr. Business C/GRIMAL,https://www.subito.it/auto/audi-a3-sportback-30-tdi-s-tr-business-c-grimal-pavia-661147939.htm,23900,3,2023,34059,automatico,Diesel,116,Business,Base,30 TDI,Rivenditore,193,vigevano,27029,Lombardia,Nord-ovest
"AUDI AUDI S3 - 310CV, TETTO, B&O, 90.000 KM U996",https://www.subito.it/auto/audi-audi-s3-310cv-tetto-b-o-90-000-km-u996-roma-662763220.htm,29980,5,2021,95200,automatico,Benzina,310,S,Performance,S3,Rivenditore,326,roma,118,Lazio,Centro
AUDI A3 SPORTBACK 40 TDI quattro S tr. S line ed,https://www.subito.it/auto/audi-a3-sportback-40-tdi-quattro-s-tr-s-line-ed-pavia-661148428.htm,29900,4,2022,61370,automatico,Diesel,190,S line,Sport,40 TDI,Rivenditore,193,vigevano,27029,Lombardia,Nord-ovest
AUDI A3 4ª serie - A3 SPB 35 TFSI,https://www.subito.it/auto/audi-a3-4-serie-a3-spb-35-tfsi-milano-662896278.htm,21700,4,2022,33669,manuale,Benzina,150,S,Performance,35 TFSI,Rivenditore,202,legnano,20025,Lombardia,Nord-ovest
Audi A3 SPB 30 TDI Business Advanced 116 cv - 2021,https://www.subito.it/auto/audi-a3-spb-30-tdi-business-advanced-116-cv-2021-catanzaro-649713985.htm,26900,5,2021,95000,manuale,Diesel,116,Business Advanced,Middle,30 TDI,Rivenditore,754,falerna,88042,Calabria,Sud
Audi A3 SPB 40 TFSI e S tronic Business Advanced,https://www.subito.it/auto/audi-a3-spb-40-tfsi-e-s-tronic-business-advanced-rovigo-662906541.htm,14900,5,2021,238259,automatico,Ibrido,204,Business Advanced,Middle,40 TFSI e,Rivenditore,45,occhiobello,45030,Veneto,Nord-est
AUDI A3 SPB 35 TDI Business Advanced,https://www.subito.it/auto/audi-a3-spb-35-tdi-business-advanced-salerno-657133533.htm,23500,5,2021,116000,manuale,Diesel,150,Business Advanced,Middle,35 TDI,Rivenditore,566,san gregorio magno,84020,Campania,Sud
AUDI A3 4ª serie A3 SPB 35 TDI S tronic S line edi,https://www.subito.it/auto/audi-a3-4-serie-a3-spb-35-tdi-s-tronic-s-line-edi-roma-662869734.htm,26900,4,2022,96300,automatico,Diesel,150,S line,Sport,35 TDI,Rivenditore,326,roma,118,Lazio,Centro
Audi A3 SPB 30 TDI Business S tronic,https://www.subito.it/auto/audi-a3-spb-30-tdi-business-s-tronic-bari-651345655.htm,18500,5,2021,190000,automatico,Diesel,116,Business,Base,30 TDI,Rivenditore,638,conversano,70014,Puglia,Sud
Audi A3 SPB 30 TDI S tronic 116CV Business Ad 2023,https://www.subito.it/auto/audi-a3-spb-30-tdi-s-tronic-116cv-business-ad-2023-catanzaro-659189900.htm,29900,3,2023,87000,automatico,Diesel,116,Business,Base,30 TDI,Rivenditore,754,falerna,88042,Calabria,Sud
Audi A3 35 TDI Sportback,https://www.subito.it/auto/audi-a3-35-tdi-sportback-napoli-640282161.htm,17999,3,2023,1490000,automatico,Diesel,150,Sport,Middle,35 TDI,Privato,485,villaricca,80010,Campania,Sud
AUDI A3 4ª serie A3 SPB 30 TDI S tronic,https://www.subito.it/auto/audi-a3-4-serie-a3-spb-30-tdi-s-tronic-roma-662870062.htm,22900,4,2022,67801,automatico,Diesel,116,S,Performance,30 TDI,Rivenditore,326,roma,118,Lazio,Centro
AUDI A3 SPORTBACK 30 TDI S tronic Business,https://www.subito.it/auto/audi-a3-sportback-30-tdi-s-tronic-business-pavia-650453488.htm,24900,3,2023,34059,automatico,Diesel,116,Business,Base,30 TDI,Rivenditore,193,vigevano,27029,Lombardia,Nord-ovest
AUDI A3 SPB 35 TDI S tronic Business,https://www.subito.it/auto/audi-a3-spb-35-tdi-s-tronic-business-bologna-656552299.htm,15900,6,2020,125000,automatico,Diesel,150,Business,Base,35 TDI,Rivenditore,25,bologna,40121,Emilia-Romagna,Nord-est
Audi A3 SPB 30 TDI S line edition 2021/ KM 74.000 ,https://www.subito.it/auto/audi-a3-spb-30-tdi-s-line-edition-2021-km-74-000-catania-662632954.htm,21990,5,2021,74000,manuale,Diesel,116,S line,Sport,30 TDI,Rivenditore,869,palagonia,95046,Sicilia,Isole
AUDI A3 4ª serie - A3 SPB 35 TDI S tronic Business,https://www.subito.it/auto/audi-a3-4-serie-a3-spb-35-tdi-s-tronic-business-milano-661795799.htm,21900,5,2021,90101,automatico,Diesel,150,Business,Base,35 TDI,Rivenditore,202,legnano,20025,Lombardia,Nord-ovest
Audi A3 Sedan 30 TFSI S tronic,https://www.subito.it/auto/audi-a3-sedan-30-tfsi-s-tronic-palermo-663348209.htm,22500,2,2024,91459,automatico,Ibrido,110,S,Performance,30 TFSI,Rivenditore,750,palermo,90121,Sicilia,Isole
Audi A3 SPB 40 TFSI e S tronic Business,https://www.subito.it/auto/audi-a3-spb-40-tfsi-e-s-tronic-business-palermo-663348177.htm,23800,3,2023,63058,automatico,Ibrido,204,Business,Base,40 TFSI e,Rivenditore,750,palermo,90121,Sicilia,Isole
Audi A3 SPB 30 TDI S tronic,https://www.subito.it/auto/audi-a3-spb-30-tdi-s-tronic-palermo-658408400.htm,28900,3,2023,25300,automatico,Diesel,116,S,Performance,30 TDI,Rivenditore,750,palermo,90121,Sicilia,Isole
Audi A3 Sportback 30 TFSI S tronic Business,https://www.subito.it/auto/audi-a3-sportback-30-tfsi-s-tronic-business-chieti-659431485.htm,22650,5,2021,38948,automatico,Benzina,110,Business,Base,30 TFSI,Rivenditore,377,lanciano,66034,Abruzzo,Sud
AUDI A3 SPORTBACK 35 TFSI S tronic Business Adva,https://www.subito.it/auto/audi-a3-sportback-35-tfsi-s-tronic-business-adva-belluno-661148443.htm,27500,3,2023,16975,automatico,Benzina,150,Business,Base,35 TFSI,Rivenditore,154,arsie,32030,Veneto,Nord-est
AUDI A3 SPB 35 TDI S tronic Business,https://www.subito.it/auto/audi-a3-spb-35-tdi-s-tronic-business-varese-663340570.htm,24000,6,2020,80000,automatico,Diesel,150,Business,Base,35 TDI,Privato,222,varese,21100,Lombardia,Nord-ovest
Audi A3 Sportback Sline 40TFSI e 204 CV Stronic 21,https://www.subito.it/auto/audi-a3-sportback-sline-40tfsi-e-204-cv-stronic-21-roma-654409343.htm,27750,6,2020,74103,automatico,Ibrido,204,S line,Sport,40 TFSI e,Privato,326,roma,118,Lazio,Centro
Audi A3 SPB 30 TDI S line edition,https://www.subito.it/auto/audi-a3-spb-30-tdi-s-line-edition-palermo-663335795.htm,15900,5,2021,160000,manuale,Diesel,116,S line,Sport,30 TDI,Rivenditore,753,partinico,90047,Sicilia,Isole
Audi A3 SPB 35 TDI S tronic line edition,https://www.subito.it/auto/audi-a3-spb-35-tdi-s-tronic-line-edition-como-663334974.htm,17990,4,2022,149000,automatico,Diesel,150,S,Performance,35 TDI,Rivenditore,205,como,22100,Lombardia,Nord-ovest
Audi A3 SPB 35 TDI S tronic Business,https://www.subito.it/auto/audi-a3-spb-35-tdi-s-tronic-business-reggio-calabria-663334698.htm,16990,6,2020,138000,automatico,Diesel,150,Business,Base,35 TDI,Rivenditore,802,rizziconi,89016,Calabria,Sud
Audi A3 SPB 30 TDI S tronic Advanced,https://www.subito.it/auto/audi-a3-spb-30-tdi-s-tronic-advanced-avellino-663326063.htm,21900,4,2022,109000,automatico,Diesel,116,Advanced,Middle,30 TDI,Rivenditore,523,solofra,83029,Campania,Sud
Audi a3 1.6 Diesel Restyling Rs3 Abt Nuova,https://www.subito.it/auto/audi-a3-1-6-diesel-restyling-rs3-abt-nuova-bari-663324857.htm,15999,6,2020,199000,automatico,Diesel,400,RS,Performance,RS3,Privato,639,gioia colle,70023,Puglia,Sud
AUDi A3 40 TFSI Sline sportback e-tron,https://www.subito.it/auto/audi-a3-40-tfsi-sline-sportback-e-tron-roma-663316202.htm,30000,2,2024,44000,automatico,Ibrido,190,S line,Sport,40 TFSI,Privato,306,cerveteri,52,Lazio,Centro
Audi A3 45 TFSI e S line,https://www.subito.it/auto/audi-a3-45-tfsi-e-s-line-torino-663313988.htm,27900,4,2022,52000,automatico,Ibrido,245,S line,Sport,45 TFSI e,Privato,285,san carlo canavese,10070,Piemonte,Nord-ovest
Audi A3 2.0 SPB 35 TDI S tronic 2020,https://www.subito.it/auto/audi-a3-2-0-spb-35-tdi-s-tronic-2020-ancona-660707988.htm,15900,6,2020,237000,automatico,Diesel,150,S,Performance,35 TDI,Rivenditore,223,ancona,60121,Marche,Centro
Audi a3 sportback 30tfsi,https://www.subito.it/auto/audi-a3-sportback-30tfsi-palermo-663282035.htm,21299,4,2022,49500,manuale,Benzina,110,Sport,Middle,30 TFSI,Privato,750,palermo,90121,Sicilia,Isole
Audi A3 SPB 30TDI S line edition 2022 Full,https://www.subito.it/auto/audi-a3-spb-30tdi-s-line-edition-2022-full-caserta-645071821.htm,23999,4,2022,115000,manuale,Diesel,116,S line,Sport,30 TDI,Rivenditore,479,teverola,81030,Campania,Sud
AUDI A3 35 TDI  S.LINE,https://www.subito.it/auto/audi-a3-35-tdi-s-line-treviso-663280103.htm,22499,3,2023,143000,automatico,Diesel,150,S,Performance,35 TDI,Rivenditore,145,roncade,31056,Veneto,Nord-est
AUDI A3 4ª serie A3 SPB 30 TFSI Business,https://www.subito.it/auto/audi-a3-4-serie-a3-spb-30-tfsi-business-monza-660879364.htm,24500,2,2024,29000,manuale,Benzina,110,Business,Base,30 TFSI,Rivenditore,187,seregno,20831,Lombardia,Nord-ovest
Audi A3 Sedan 40 TDI quattro S tronic Business Adv,https://www.subito.it/auto/audi-a3-sedan-40-tdi-quattro-s-tronic-business-adv-avellino-658799673.htm,25500,4,2022,72000,automatico,Diesel,190,Business,Base,40 TDI,Rivenditore,543,caposele,83040,Campania,Sud
AUDI A3 SPB 35 TDI S tronic Business Advanced,https://www.subito.it/auto/audi-a3-spb-35-tdi-s-tronic-business-advanced-bologna-652694728.htm,20900,6,2020,98000,automatico,Diesel,150,Business Advanced,Middle,35 TDI,Rivenditore,25,galliera,40015,Emilia-Romagna,Nord-est
Audi A3 SPB 30 TDI/LED/COCKPIT/KEYLESS,https://www.subito.it/auto/audi-a3-spb-30-tdi-led-cockpit-keyless-napoli-636171619.htm,24999,3,2023,32000,manuale,Diesel,116,S,Performance,30 TDI,Rivenditore,495,napoli,80121,Campania,Sud
Audi A3 30 TFSI S tronic Sport,https://www.subito.it/auto/audi-a3-30-tfsi-s-tronic-sport-lecce-659464280.htm,18600,4,2022,200000,automatico,Benzina,110,Sport,Middle,30 TFSI,Rivenditore,750,lecce,73100,Puglia,Sud
Audi A3 SPB SPORTBACK 35 TDI S line S tronic,https://www.subito.it/auto/audi-a3-spb-sportback-35-tdi-s-line-s-tronic-napoli-660165087.htm,27900,3,2023,89195,automatico,Diesel,150,S line,Sport,35 TDI,Rivenditore,483,qualiano,80019,Campania,Sud
Audi A3 SPB 35 TDI S tronic line edition,https://www.subito.it/auto/audi-a3-spb-35-tdi-s-tronic-line-edition-caserta-659151612.htm,25299,6,2020,141000,automatico,Diesel,150,S,Performance,35 TDI,Rivenditore,443,cellole,81030,Campania,Sud
Audi A3 Sportback 45 TFSI e S tronic S line E...,https://www.subito.it/auto/audi-a3-sportback-45-tfsi-e-s-tronic-s-line-e-torino-656500713.htm,29850,4,2022,30916,automatico,Elettrico,245,S line,Sport,45 TFSI e,Rivenditore,276,torino,10121,Piemonte,Nord-ovest
AUDI A3 SPB 30 TFSI SPORTBACK S tronic black edi,https://www.subito.it/auto/audi-a3-spb-30-tfsi-sportback-s-tronic-black-edi-caserta-659567334.htm,23999,2,2024,85000,automatico,Benzina,110,Sport,Middle,30 TFSI,Rivenditore,475,casagiove,81022,Campania,Sud
Audi A3 SPB 35 TDI S tronic Business,https://www.subito.it/auto/audi-a3-spb-35-tdi-s-tronic-business-sassari-663256942.htm,21900,5,2021,99000,automatico,Diesel,150,Business,Base,35 TDI,Rivenditore,502,bono,7011,Sardegna,Isole
Audi A3 SPB 30 TDI S line edition,https://www.subito.it/auto/audi-a3-spb-30-tdi-s-line-edition-agrigento-661969187.htm,21990,6,2020,123000,manuale,Diesel,116,S line,Sport,30 TDI,Rivenditore,872,licata,92027,Sicilia,Isole
AUDI A3 SPB 30 TDI Business Advanced,https://www.subito.it/auto/audi-a3-spb-30-tdi-business-advanced-trapani-660225865.htm,23490,3,2023,90000,manuale,Diesel,116,Business Advanced,Middle,30 TDI,Rivenditore,757,alcamo,91011,Sicilia,Isole
AUDI A3 Sedan 30 TDI S tronic Business,https://www.subito.it/auto/audi-a3-sedan-30-tdi-s-tronic-business-brindisi-655221010.htm,20500,3,2023,136380,automatico,Diesel,116,Business,Base,30 TDI,Rivenditore,695,san michele salentino,72018,Puglia,Sud
Audi A3 SPB 35 TFSI S tronic S line edition,https://www.subito.it/auto/audi-a3-spb-35-tfsi-s-tronic-s-line-edition-la-spezia-656443598.htm,29900,2,2024,49000,automatico,Benzina,150,S line,Sport,35 TFSI,Rivenditore,123,sesta godano,19020,Liguria,Nord-ovest
Audi A3 SPB 35 TDI S tronic Business Advanced,https://www.subito.it/auto/audi-a3-spb-35-tdi-s-tronic-business-advanced-macerata-659216495.htm,24900,3,2023,89000,automatico,Diesel,150,Business Advanced,Middle,35 TDI,Rivenditore,257,civitanova marche,62012,Marche,Centro
Audi A3 SPB 35 TDI S-tronic Business 150 CV,https://www.subito.it/auto/audi-a3-spb-35-tdi-s-tronic-business-150-cv-padova-640822349.htm,21800,6,2020,105000,automatico,Diesel,150,Business,Base,35 TDI,Rivenditore,106,vigodarzere,35010,Veneto,Nord-est
Audi A3 SPB 40 TFSI e S tronic Business,https://www.subito.it/auto/audi-a3-spb-40-tfsi-e-s-tronic-business-napoli-650971881.htm,20000,4,2022,120000,automatico,Ibrido,204,Business,Base,40 TFSI e,Rivenditore,496,marigliano,80034,Campania,Sud
Audi A3 SPB 30 TDI S tronic line edition,https://www.subito.it/auto/audi-a3-spb-30-tdi-s-tronic-line-edition-ferrara-657241309.htm,19495,4,2022,183626,automatico,Diesel,116,S,Performance,30 TDI,Rivenditore,42,ferrara,44121,Emilia-Romagna,Nord-est
Audi  A3  sportback 35 Tdi,https://www.subito.it/auto/audi-a3-sportback-35-tdi-foggia-663238631.htm,22900,6,2020,120500,automatico,Diesel,150,Sport,Middle,35 TDI,Privato,542,cerignola,71042,Puglia,Sud
Audi A3 Sportback 30 TDI S tronic,https://www.subito.it/auto/audi-a3-sportback-30-tdi-s-tronic-palermo-654015875.htm,27200,3,2023,21987,automatico,Diesel,116,Sport,Middle,30 TDI,Rivenditore,750,palermo,90121,Sicilia,Isole
AUDI A3 Sedan 35 TDI S tronic,https://www.subito.it/auto/audi-a3-sedan-35-tdi-s-tronic-venezia-645235551.htm,15500,6,2020,130000,automatico,Diesel,150,S,Performance,35 TDI,Rivenditore,127,venezia,30121,Veneto,Nord-est
Audi A3 SPB 40 TDI quattro S tronic Admired,https://www.subito.it/auto/audi-a3-spb-40-tdi-quattro-s-tronic-admired-gallura-663235101.htm,23900,6,2020,134000,automatico,Diesel,190,S,Performance,40 TDI,Rivenditore,436,olbia,7026,Sardegna,Isole
AUDI A3 SPB 35 TDI S-TRONIC BUSINESS ADVANCED 2023,https://www.subito.it/auto/audi-a3-spb-35-tdi-s-tronic-business-advanced-2023-taranto-657115671.htm,23990,3,2023,99000,automatico,Diesel,150,Business Advanced,Middle,35 TDI,Rivenditore,713,manduria,74024,Puglia,Sud
Audi A3 SPB 30 TDI S tronic Business Advanced,https://www.subito.it/auto/audi-a3-spb-30-tdi-s-tronic-business-advanced-catania-663232978.htm,22490,4,2022,103435,automatico,Diesel,116,Business Advanced,Middle,30 TDI,Rivenditore,878,grammichele,95042,Sicilia,Isole
Audi A3 SPB 30 TFSI Business Advanced S Tronic,https://www.subito.it/auto/audi-a3-spb-30-tfsi-business-advanced-s-tronic-roma-659417745.htm,25800,1,2025,42897,automatico,Ibrido,110,Business Advanced,Middle,30 TFSI,Rivenditore,326,roma,118,Lazio,Centro
AUDI A3 SPB 35 TDI S tronic S line edition,https://www.subito.it/auto/audi-a3-spb-35-tdi-s-tronic-s-line-edition-cremona-662006926.htm,29880,2,2024,44500,automatico,Diesel,150,S line,Sport,35 TDI,Rivenditore,137,crema,26013,Lombardia,Nord-ovest
Audi A3 1.0 30 TFSI MHEV Advanced #11961,https://www.subito.it/auto/audi-a3-1-0-30-tfsi-mhev-advanced-11961-varese-656061704.htm,24900,4,2022,35000,automatico,Ibrido,110,Advanced,Middle,30 TFSI,Rivenditore,213,samarate,21017,Lombardia,Nord-ovest
"AUDI AUDI A3 - PB 30TDI S-LINE S-TRONIC, NAVI U902",https://www.subito.it/auto/audi-audi-a3-pb-30tdi-s-line-s-tronic-navi-u902-roma-662762592.htm,18980,4,2022,122800,automatico,Diesel,116,S line,Sport,30 TDI,Rivenditore,326,roma,118,Lazio,Centro
AUDI A3 4a serie SPB 30 TFSI 1.0 110 cv,https://www.subito.it/auto/audi-a3-4a-serie-spb-30-tfsi-1-0-110-cv-pescara-662419856.htm,23800,4,2022,53000,automatico,Ibrido,110,S,Performance,30 TFSI,Privato,351,torre de passeri,65029,Abruzzo,Sud
Audi A3 SPB 30 TDI Business,https://www.subito.it/auto/audi-a3-spb-30-tdi-business-ancona-656880965.htm,21800,5,2021,157000,manuale,Diesel,116,Business,Base,30 TDI,Rivenditore,203,castelplanio,60031,Marche,Centro
AUDI A3 SPB 30 TFSI 65.000KM,https://www.subito.it/auto/audi-a3-spb-30-tfsi-65-000km-varese-663204945.htm,19500,4,2022,65000,manuale,Benzina,110,S,Performance,30 TFSI,Rivenditore,199,gerenzano,21040,Lombardia,Nord-ovest
"AUDI A3 SPB 35TFSI 150cv Hybrid Stronic S line """,https://www.subito.it/auto/audi-a3-spb-35tfsi-150cv-hybrid-stronic-s-line-cuneo-663204615.htm,27800,2,2024,53000,automatico,Ibrido,150,S line,Sport,35 TFSI,Rivenditore,275,savigliano,12038,Piemonte,Nord-ovest
AUDI A3 SPB 30 TDI S tronic S Line Edition,https://www.subito.it/auto/audi-a3-spb-30-tdi-s-tronic-s-line-edition-brindisi-663203904.htm,20800,4,2022,147315,automatico,Diesel,116,S line,Sport,30 TDI,Rivenditore,712,mesagne,72023,Puglia,Sud
AUDI A3 SPB 35 TFSI Business Advanced,https://www.subito.it/auto/audi-a3-spb-35-tfsi-business-advanced-treviso-663203792.htm,26500,2,2024,53000,automatico,Benzina,150,Business Advanced,Middle,35 TFSI,Rivenditore,128,castello godego,31030,Veneto,Nord-est
Audi A3 Sportback 30 TDI SPORTBACK 8YA BUSINE...,https://www.subito.it/auto/audi-a3-sportback-30-tdi-sportback-8ya-busine-salerno-663203130.htm,20900,4,2022,79579,manuale,Diesel,116,Sport,Middle,30 TDI,Rivenditore,598,sala consilina,84036,Campania,Sud
Audi a3 sportback 35 tdi sline identity black,https://www.subito.it/auto/audi-a3-sportback-35-tdi-sline-identity-black-milano-663197313.htm,28300,2,2024,82000,automatico,Diesel,150,Identity,Middle,35 TDI,Privato,177,milano,20121,Lombardia,Nord-ovest
Audi A3 SPB 35 TFSI COD S tronic 150cv,https://www.subito.it/auto/audi-a3-spb-35-tfsi-cod-s-tronic-150cv-torino-646740711.htm,19900,6,2020,63000,automatico,Benzina,150,S,Performance,35 TFSI,Rivenditore,287,robassomero,10070,Piemonte,Nord-ovest
Audi A3 Sportback 35 TDI S tronic Business,https://www.subito.it/auto/audi-a3-sportback-35-tdi-s-tronic-business-lecce-656697942.htm,25800,4,2022,68300,automatico,Diesel,150,Business,Base,35 TDI,Rivenditore,763,galatina,73013,Puglia,Sud
Audi A3 SPB 30 TDI Business Advanced,https://www.subito.it/auto/audi-a3-spb-30-tdi-business-advanced-ferrara-652972191.htm,23000,4,2022,160000,automatico,Diesel,116,Business Advanced,Middle,30 TDI,Rivenditore,42,ferrara,44121,Emilia-Romagna,Nord-est
Audi A3 35 TFSI S tronic Business Adv. S.Back,https://www.subito.it/auto/audi-a3-35-tfsi-s-tronic-business-adv-s-back-milano-654711051.htm,22900,5,2021,83979,automatico,Benzina,150,Business,Base,35 TFSI,Rivenditore,177,sesto san giovanni,20099,Lombardia,Nord-ovest
Audi A3 Sportback 40 TFSI e S tronic Business...,https://www.subito.it/auto/audi-a3-sportback-40-tfsi-e-s-tronic-business-torino-651421975.htm,25900,3,2023,20500,automatico,Elettrico,204,Business,Base,40 TFSI e,Rivenditore,275,leini,10040,Piemonte,Nord-ovest
Audi A3 Sportback 35 TDI Business,https://www.subito.it/auto/audi-a3-sportback-35-tdi-business-arezzo-659194421.htm,26500,3,2023,69900,manuale,Diesel,150,Business,Base,35 TDI,Rivenditore,120,bibbiena,52011,Toscana,Centro
Audi A3 Sportback 30 TFSI Advanced MHEV S-tro...,https://www.subito.it/auto/audi-a3-sportback-30-tfsi-advanced-mhev-s-tro-taranto-661268507.htm,22980,3,2023,50700,automatico,Ibrido,110,Advanced,Middle,30 TFSI,Rivenditore,708,sava,74028,Puglia,Sud
AUDI A3 SPB 30 TDI S tronic Business,https://www.subito.it/auto/audi-a3-spb-30-tdi-s-tronic-business-brindisi-661251998.htm,21500,3,2023,136213,automatico,Diesel,116,Business,Base,30 TDI,Rivenditore,695,san michele salentino,72018,Puglia,Sud
Audi A3 Sedan 35 TFSI S tronic Business Advanced,https://www.subito.it/auto/audi-a3-sedan-35-tfsi-s-tronic-business-advanced-roma-662724884.htm,24900,3,2023,18000,automatico,Ibrido,150,Business Advanced,Middle,35 TFSI,Rivenditore,326,roma,118,Lazio,Centro
Audi A3 SPB 30 TDI S tronic Business Advanced,https://www.subito.it/auto/audi-a3-spb-30-tdi-s-tronic-business-advanced-taranto-661937043.htm,21900,4,2022,120000,automatico,Diesel,116,Business Advanced,Middle,30 TDI,Rivenditore,683,taranto,74121,Puglia,Sud
AUDI A3 SPB 30 TFSI S tronic Business Uniprò Fat,https://www.subito.it/auto/audi-a3-spb-30-tfsi-s-tronic-business-unipro-fat-roma-655086749.htm,22500,3,2023,62000,automatico,Benzina,110,Business,Base,30 TFSI,Rivenditore,329,tivoli,19,Lazio,Centro
Audi A3 SPB 40 TFSI e S tronic S line edition,https://www.subito.it/auto/audi-a3-spb-40-tfsi-e-s-tronic-s-line-edition-novara-648761917.htm,29440,2,2024,43000,automatico,Ibrido,204,S line,Sport,40 TFSI e,Rivenditore,243,gozzano,28024,Piemonte,Nord-ovest
AUDI A3 SPB 30 TDI Business,https://www.subito.it/auto/audi-a3-spb-30-tdi-business-enna-659511994.htm,25490,3,2023,45636,manuale,Diesel,116,Business,Base,30 TDI,Rivenditore,849,barrafranca,94012,Sicilia,Isole
AUDI A3 SPB 35 TDI S tronic Business,https://www.subito.it/auto/audi-a3-spb-35-tdi-s-tronic-business-brindisi-660266427.htm,17500,4,2022,167000,automatico,Diesel,150,Business,Base,35 TDI,Rivenditore,695,san michele salentino,72018,Puglia,Sud
Audi A3 40 TDI quattro S tronic line edition,https://www.subito.it/auto/audi-a3-40-tdi-quattro-s-tronic-line-edition-treviso-654696075.htm,25900,5,2021,104000,automatico,Diesel,190,S,Performance,40 TDI,Rivenditore,141,treviso,31100,Veneto,Nord-est
AUDI A3 SPB 35 TDI S tronic,https://www.subito.it/auto/audi-a3-spb-35-tdi-s-tronic-brescia-653666234.htm,14900,6,2020,144230,automatico,Diesel,150,S,Performance,35 TDI,Rivenditore,116,san zeno naviglio,25010,Lombardia,Nord-ovest
AUDI A3 SPB 35 TFSI S tronic Business Advanced,https://www.subito.it/auto/audi-a3-spb-35-tfsi-s-tronic-business-advanced-taranto-648357481.htm,29800,1,2025,24600,automatico,Benzina,150,Business Advanced,Middle,35 TFSI,Rivenditore,683,taranto,74121,Puglia,Sud
Audi A3 SPB 30 TDI S line edition,https://www.subito.it/auto/audi-a3-spb-30-tdi-s-line-edition-cosenza-663132164.htm,23800,5,2021,115000,automatico,Diesel,116,S line,Sport,30 TDI,Rivenditore,719,luzzi,87040,Calabria,Sud
AUDI A3 SPB 30 TFSI S tronic S line edition,https://www.subito.it/auto/audi-a3-spb-30-tfsi-s-tronic-s-line-edition-messina-660514558.htm,24999,5,2021,63000,automatico,Benzina,110,S line,Sport,30 TFSI,Rivenditore,793,milazzo,98057,Sicilia,Isole
Audi A3 Sportback 30Tdi S-Line,https://www.subito.it/auto/audi-a3-sportback-30tdi-s-line-palermo-645925412.htm,23000,4,2022,145000,automatico,Diesel,116,S line,Sport,30 TDI,Rivenditore,750,palermo,90121,Sicilia,Isole
Audi A3 SPB 2.0 30 TDI 115cv Sportback Aut. Busine,https://www.subito.it/auto/audi-a3-spb-2-0-30-tdi-115cv-sportback-aut-busine-napoli-653272560.htm,23600,4,2022,50000,automatico,Diesel,116,Sport,Middle,30 TDI,Rivenditore,498,cercola,80040,Campania,Sud
A3 35 TDI stronic ‘24 sline,https://www.subito.it/auto/a3-35-tdi-stronic-24-sline-roma-663126855.htm,29000,2,2024,52000,automatico,Diesel,150,S line,Sport,35 TDI,Privato,326,roma,118,Lazio,Centro
"AUDI S3 SPB TFSI 310 CV - PACK S, TETTO, PEL U1063",https://www.subito.it/auto/audi-s3-spb-tfsi-310-cv-pack-s-tetto-pel-u1063-roma-663025075.htm,29980,4,2022,78448,automatico,Benzina,310,S,Performance,S3,Rivenditore,326,roma,118,Lazio,Centro
Audi A3 SPB 35 TDI S tronic Business,https://www.subito.it/auto/audi-a3-spb-35-tdi-s-tronic-business-catania-655959422.htm,26900,4,2022,72000,automatico,Diesel,150,Business,Base,35 TDI,Rivenditore,841,giarre,95014,Sicilia,Isole
Audi A3 SPB 30 TDI quattro S tronic S-line edition,https://www.subito.it/auto/audi-a3-spb-30-tdi-quattro-s-tronic-s-line-edition-torino-663116397.htm,23900,3,2023,92400,manuale,Diesel,116,S line,Sport,30 TDI,Rivenditore,266,brandizzo,10032,Piemonte,Nord-ovest
Audi A3 SPB 30 TDI Business,https://www.subito.it/auto/audi-a3-spb-30-tdi-business-palermo-663114104.htm,19900,4,2022,146000,manuale,Diesel,116,Business,Base,30 TDI,Rivenditore,761,misilmeri,90036,Sicilia,Isole
Audi A3 SPB 30 TDI S tronic Business Advanced,https://www.subito.it/auto/audi-a3-spb-30-tdi-s-tronic-business-advanced-alessandria-641451247.htm,19800,4,2022,129000,automatico,Diesel,116,Business Advanced,Middle,30 TDI,Rivenditore,201,alessandria,15121,Piemonte,Nord-ovest
Audi A3 Sportback 30 TFSI Business Advanced,https://www.subito.it/auto/audi-a3-sportback-30-tfsi-business-advanced-verbano-cusio-ossola-643206558.htm,27800,4,2022,40000,automatico,Benzina,110,Business Advanced,Middle,30 TFSI,Rivenditore,252,omegna,28887,Piemonte,Nord-ovest
AUDI A3 SPB 35 TDI S tronic Business Advanced,https://www.subito.it/auto/audi-a3-spb-35-tdi-s-tronic-business-advanced-messina-656664811.htm,27500,4,2022,80339,automatico,Diesel,150,Business Advanced,Middle,35 TDI,Rivenditore,787,torrenova,98070,Sicilia,Isole
Audi A3 SPB 35 TDI S tronic Design,https://www.subito.it/auto/audi-a3-spb-35-tdi-s-tronic-design-agrigento-661363419.htm,14990,6,2020,189990,automatico,Diesel,150,Design,Middle,35 TDI,Rivenditore,858,palma montechiaro,92020,Sicilia,Isole
Audi A3 SPB 35 TDI S-LINE EDITION TETTO S-TRONIC,https://www.subito.it/auto/audi-a3-spb-35-tdi-s-line-edition-tetto-s-tronic-caserta-661314424.htm,26990,5,2021,148000,automatico,Diesel,150,S line,Sport,35 TDI,Rivenditore,443,cellole,81030,Campania,Sud
Audi A3 SPB 35 TDI Business Advanced,https://www.subito.it/auto/audi-a3-spb-35-tdi-business-advanced-foggia-663101662.htm,28500,3,2023,37500,manuale,Diesel,150,Business Advanced,Middle,35 TDI,Rivenditore,480,volturino,71030,Puglia,Sud
Audi A3 SPB 35 TDI Business Advanced,https://www.subito.it/auto/audi-a3-spb-35-tdi-business-advanced-reggio-emilia-661827063.htm,24999,3,2023,96000,automatico,Diesel,150,Business Advanced,Middle,35 TDI,Rivenditore,47,guastalla,42016,Emilia-Romagna,Nord-est
Audi A3 SPB 30 TFSI,https://www.subito.it/auto/audi-a3-spb-30-tfsi-napoli-663096218.htm,17999,4,2022,140000,automatico,Benzina,110,S,Performance,30 TFSI,Rivenditore,490,acerra,80011,Campania,Sud
AUDI A3 SPTB 35TDI S-TRONIC 2.0TDI ADVANCED,https://www.subito.it/auto/audi-a3-sptb-35tdi-s-tronic-2-0tdi-advanced-isernia-663093450.htm,21990,4,2022,180000,automatico,Diesel,150,Advanced,Middle,35 TDI,Rivenditore,424,isernia,86170,Molise,Sud
Audi A3 SPB 30 TDI S-Tronic Business NAVI LED Virt,https://www.subito.it/auto/audi-a3-spb-30-tdi-s-tronic-business-navi-led-virt-barletta-andria-trani-660984411.htm,24499,4,2022,35017,automatico,Diesel,116,Business,Base,30 TDI,Rivenditore,545,trinitapoli,76015,Puglia,Sud
Audi A3 SPB 35 TDI S tronic Business Advanced,https://www.subito.it/auto/audi-a3-spb-35-tdi-s-tronic-business-advanced-messina-639052440.htm,26900,3,2023,97000,automatico,Diesel,150,Business Advanced,Middle,35 TDI,Rivenditore,824,furci siculo,98023,Sicilia,Isole
Audi A3 SPB 35 TDI S tronic line edition,https://www.subito.it/auto/audi-a3-spb-35-tdi-s-tronic-line-edition-cosenza-663090097.htm,26500,5,2021,147657,automatico,Diesel,150,S,Performance,35 TDI,Rivenditore,716,montalto uffugo,87046,Calabria,Sud
Audi A3 SPB 35 TFSI S tronic line edition,https://www.subito.it/auto/audi-a3-spb-35-tfsi-s-tronic-line-edition-padova-663088734.htm,28490,2,2024,59000,automatico,Ibrido,150,S,Performance,35 TFSI,Rivenditore,99,piove sacco,35028,Veneto,Nord-est
Audi A3 SPB 35 TFSI S line edition Fari full led,https://www.subito.it/auto/audi-a3-spb-35-tfsi-s-line-edition-fari-full-led-firenze-663083635.htm,25499,5,2021,39000,automatico,Ibrido,150,S line,Sport,35 TFSI,Rivenditore,112,san casciano val pesa,50026,Toscana,Centro
AUDI A3 4� serie A3 SPB 30 TDI S tronic Business,https://www.subito.it/auto/audi-a3-4-serie-a3-spb-30-tdi-s-tronic-business-cosenza-663080367.htm,25900,4,2022,84000,automatico,Diesel,116,Business,Base,30 TDI,Rivenditore,715,paola,87027,Calabria,Sud
AUDI A3 SPB 30 TDI Sport,https://www.subito.it/auto/audi-a3-spb-30-tdi-sport-avellino-663076705.htm,15900,6,2020,146000,manuale,Diesel,116,Sport,Middle,30 TDI,Rivenditore,501,baiano,83022,Campania,Sud
AUDI A3 Sedan 30 TDI,https://www.subito.it/auto/audi-a3-sedan-30-tdi-torino-663075977.htm,17294,5,2021,112300,manuale,Diesel,116,S,Performance,30 TDI,Rivenditore,285,collegno,10093,Piemonte,Nord-ovest
Audi A3 Sportback 40 TFSI-e,https://www.subito.it/auto/audi-a3-sportback-40-tfsi-e-torino-663054274.htm,30000,6,2020,105000,automatico,Ibrido,204,Sport,Middle,40 TFSI e,Privato,276,torino,10121,Piemonte,Nord-ovest
Audi A3 SPB 35 TDI S tronic Business Advanced,https://www.subito.it/auto/audi-a3-spb-35-tdi-s-tronic-business-advanced-bergamo-663051597.htm,20900,4,2022,116000,automatico,Diesel,150,Business Advanced,Middle,35 TDI,Rivenditore,162,dalmine,24044,Lombardia,Nord-ovest
Audi A3 SPB 35 TDI S tronic Business,https://www.subito.it/auto/audi-a3-spb-35-tdi-s-tronic-business-lecce-654056545.htm,18900,6,2020,64861,automatico,Diesel,150,Business,Base,35 TDI,Rivenditore,775,maglie,73024,Puglia,Sud
Audi A3 SPB 35 TDI S tronic line Led Telec. Sedili,https://www.subito.it/auto/audi-a3-spb-35-tdi-s-tronic-line-led-telec-sedili-novara-655082870.htm,27500,3,2023,59000,automatico,Diesel,150,S,Performance,35 TDI,Rivenditore,243,gozzano,28024,Piemonte,Nord-ovest
Audi A3 SPB 30 TDI Business Advanced,https://www.subito.it/auto/audi-a3-spb-30-tdi-business-advanced-pescara-661530452.htm,20500,4,2022,94598,automatico,Diesel,116,Business Advanced,Middle,30 TDI,Rivenditore,345,spoltore,65010,Abruzzo,Sud
Audi A3 SPB 35 TDI S tronic line edition,https://www.subito.it/auto/audi-a3-spb-35-tdi-s-tronic-line-edition-oristano-654973878.htm,22900,5,2021,110000,automatico,Diesel,150,S,Performance,35 TDI,Rivenditore,568,oristano,9170,Sardegna,Isole
AUDI A3 SPB 30 TFSI S line edition,https://www.subito.it/auto/audi-a3-spb-30-tfsi-s-line-edition-venezia-653239319.htm,25900,3,2023,67800,manuale,Benzina,110,S line,Sport,30 TFSI,Rivenditore,115,mira,30034,Veneto,Nord-est
Audi a 3 sporback s line 45 tfsi e,https://www.subito.it/auto/audi-a-3-sporback-s-line-45-tfsi-e-lucca-663034910.htm,27500,3,2023,67000,automatico,Ibrido,245,S line,Sport,45 TFSI e,Privato,106,pietrasanta,55045,Toscana,Centro
AUDI A3 SPB 35 TDI S tronic S LINE Edition,https://www.subito.it/auto/audi-a3-spb-35-tdi-s-tronic-s-line-edition-brindisi-658574844.htm,26990,5,2021,115315,automatico,Diesel,150,S line,Sport,35 TDI,Rivenditore,712,mesagne,72023,Puglia,Sud
Audi A3 SPB 40 TFSI e 204 cv Hybrid - Plug-in S tr,https://www.subito.it/auto/audi-a3-spb-40-tfsi-e-204-cv-hybrid-plug-in-s-tr-taranto-655868118.htm,23800,4,2022,129000,automatico,Ibrido,204,S,Performance,40 TFSI e,Rivenditore,667,massafra,74016,Puglia,Sud
A3 SPB 40 TDI quattro S tronic Business Advanced 2,https://www.subito.it/auto/a3-spb-40-tdi-quattro-s-tronic-business-advanced-2-isernia-658494085.htm,26400,4,2022,128000,automatico,Diesel,190,Business Advanced,Middle,40 TDI,Rivenditore,426,civitanova sannio,86094,Molise,Sud
Audi A3 SPB 35 TDI S tronic Business Advanced,https://www.subito.it/auto/audi-a3-spb-35-tdi-s-tronic-business-advanced-latina-660700666.htm,22990,4,2022,79000,automatico,Diesel,150,Business Advanced,Middle,35 TDI,Rivenditore,362,aprilia,4011,Lazio,Centro
Audi A3 Sportback 40 TFSI e S tronic Business...,https://www.subito.it/auto/audi-a3-sportback-40-tfsi-e-s-tronic-business-verona-658454953.htm,19900,6,2020,95000,automatico,Elettrico,204,Business,Base,40 TFSI e,Rivenditore,86,verona,37121,Veneto,Nord-est
AUDI A3 SPB 30 TDI S tronic S line edition,https://www.subito.it/auto/audi-a3-spb-30-tdi-s-tronic-s-line-edition-taranto-663023225.htm,23800,4,2022,100000,automatico,Diesel,116,S line,Sport,30 TDI,Rivenditore,690,grottaglie,74023,Puglia,Sud
Audi A3 SPB 35 TDI S tronic Business Advanced,https://www.subito.it/auto/audi-a3-spb-35-tdi-s-tronic-business-advanced-napoli-662510544.htm,25900,4,2022,38000,automatico,Diesel,150,Business Advanced,Middle,35 TDI,Rivenditore,500,san giorgio a cremano,80046,Campania,Sud
AUDI A3 SPORTBACK 30 TDI 2.0 116CV S-TRONIC NAVI C,https://www.subito.it/auto/audi-a3-sportback-30-tdi-2-0-116cv-s-tronic-navi-c-taranto-663019528.htm,23990,3,2023,99000,automatico,Diesel,116,Sport,Middle,30 TDI,Rivenditore,713,manduria,74024,Puglia,Sud
Audi A3 Sportback 30 TDI 116cv 04/2023 Full Opt,https://www.subito.it/auto/audi-a3-sportback-30-tdi-116cv-04-2023-full-opt-lecce-658167690.htm,19900,3,2023,93000,manuale,Diesel,116,Sport,Middle,30 TDI,Privato,797,corsano,73033,Puglia,Sud
Audi A3 SPB 40 TFSI e S tronic S line edition,https://www.subito.it/auto/audi-a3-spb-40-tfsi-e-s-tronic-s-line-edition-novara-648762124.htm,29440,2,2024,43000,automatico,Ibrido,204,S line,Sport,40 TFSI e,Rivenditore,243,gozzano,28024,Piemonte,Nord-ovest
Audi A3 SPB 35 TDI S tronic S line edition,https://www.subito.it/auto/audi-a3-spb-35-tdi-s-tronic-s-line-edition-catania-655841956.htm,24900,3,2023,172729,automatico,Diesel,150,S line,Sport,35 TDI,Rivenditore,837,adrano,95031,Sicilia,Isole
Audi A3 SPB 30 TDI S line edition S-tronic,https://www.subito.it/auto/audi-a3-spb-30-tdi-s-line-edition-s-tronic-torino-647192959.htm,25900,2,2024,90000,manuale,Diesel,116,S line,Sport,30 TDI,Rivenditore,271,carmagnola,10022,Piemonte,Nord-ovest
Audi A3 SPB 35 TDI S line edition,https://www.subito.it/auto/audi-a3-spb-35-tdi-s-line-edition-caserta-643135756.htm,23900,4,2022,139000,manuale,Diesel,150,S line,Sport,35 TDI,Rivenditore,474,casapulla,81020,Campania,Sud
Audi a3 spb 30 tdi S-tronic ”S-LINE x 2”-‘24,https://www.subito.it/auto/audi-a3-spb-30-tdi-s-tronic-s-line-x-2-24-barletta-andria-trani-655015814.htm,28000,2,2024,74000,automatico,Diesel,116,S line,Sport,30 TDI,Rivenditore,545,trinitapoli,76015,Puglia,Sud
Audi A3 1.4 45 TFSI e PHEV S Line Edition #50304,https://www.subito.it/auto/audi-a3-1-4-45-tfsi-e-phev-s-line-edition-50304-torino-661237327.htm,25900,5,2021,97500,automatico,Ibrido,245,S line,Sport,45 TFSI e,Rivenditore,275,moncalieri,10024,Piemonte,Nord-ovest
AUDI A3 SPB 35 TDI S tronic S line edition,https://www.subito.it/auto/audi-a3-spb-35-tdi-s-tronic-s-line-edition-catania-654405115.htm,24500,5,2021,137000,automatico,Diesel,150,S line,Sport,35 TDI,Rivenditore,815,maniace,95030,Sicilia,Isole
Audi A3 Sedan 30 TDI S line edition,https://www.subito.it/auto/audi-a3-sedan-30-tdi-s-line-edition-reggio-calabria-662990683.htm,23900,3,2023,110000,automatico,Diesel,116,S line,Sport,30 TDI,Rivenditore,810,taurianova,89029,Calabria,Sud
Audi A3 Sportback 40 TDI quattro S tronic Bus...,https://www.subito.it/auto/audi-a3-sportback-40-tdi-quattro-s-tronic-bus-salerno-661932943.htm,28500,3,2023,92729,automatico,Diesel,190,Sport,Middle,40 TDI,Rivenditore,598,sala consilina,84036,Campania,Sud
Audi A3 SPB 40 TDI quattro S tronic line edition,https://www.subito.it/auto/audi-a3-spb-40-tdi-quattro-s-tronic-line-edition-reggio-emilia-653706312.htm,25000,5,2021,124999,automatico,Diesel,190,S,Performance,40 TDI,Rivenditore,53,boretto,42022,Emilia-Romagna,Nord-est
Audi A3 SPB 30 TDI S tronic Business Advanced,https://www.subito.it/auto/audi-a3-spb-30-tdi-s-tronic-business-advanced-bologna-656673590.htm,24500,4,2022,53200,automatico,Diesel,116,Business Advanced,Middle,30 TDI,Rivenditore,13,anzola emilia,40011,Emilia-Romagna,Nord-est
Audi A3 S Line Edition 1.4 40 TFSI e PHEV #9717,https://www.subito.it/auto/audi-a3-s-line-edition-1-4-40-tfsi-e-phev-9717-perugia-651424743.htm,23000,5,2021,75000,automatico,Ibrido,204,S line,Sport,40 TFSI e,Rivenditore,200,perugia,6121,Umbria,Centro
AUDI A3 SPB 35 TDI S tronic Business,https://www.subito.it/auto/audi-a3-spb-35-tdi-s-tronic-business-taranto-659061229.htm,21900,4,2022,79666,automatico,Diesel,150,Business,Base,35 TDI,Rivenditore,683,taranto,74121,Puglia,Sud
Audi A3 SPB 35 TDI S tronic - 2022,https://www.subito.it/auto/audi-a3-spb-35-tdi-s-tronic-2022-caserta-652891072.htm,21500,4,2022,127000,automatico,Diesel,150,S,Performance,35 TDI,Rivenditore,452,pietramelara,81051,Campania,Sud
Audi A3 SPB 35 TDI S tronic SPORT,https://www.subito.it/auto/audi-a3-spb-35-tdi-s-tronic-sport-cremona-662972901.htm,26999,4,2022,76000,automatico,Diesel,150,Sport,Middle,35 TDI,Rivenditore,155,rivolta d adda,26027,Lombardia,Nord-ovest
Audi A3 SPB 30 TDI S line edition,https://www.subito.it/auto/audi-a3-spb-30-tdi-s-line-edition-roma-662969597.htm,29500,3,2023,20000,automatico,Diesel,116,S line,Sport,30 TDI,Rivenditore,358,ardea,40,Lazio,Centro
AUDI A3 SPB 30 TDI S tronic,https://www.subito.it/auto/audi-a3-spb-30-tdi-s-tronic-trapani-657046782.htm,26990,2,2024,16000,manuale,Diesel,116,S,Performance,30 TDI,Rivenditore,757,alcamo,91011,Sicilia,Isole
Audi A3 SPB 35 TDI S tronic Identity Black,https://www.subito.it/auto/audi-a3-spb-35-tdi-s-tronic-identity-black-agrigento-660414283.htm,26900,3,2023,107000,automatico,Diesel,150,Identity,Middle,35 TDI,Rivenditore,858,palma montechiaro,92020,Sicilia,Isole
Audi A3 Sportback 35 TDI S tronic S line Edition,https://www.subito.it/auto/audi-a3-sportback-35-tdi-s-tronic-s-line-edition-arezzo-659195161.htm,26800,5,2021,87831,automatico,Diesel,150,S line,Sport,35 TDI,Rivenditore,120,bibbiena,52011,Toscana,Centro
AUDI A3 SPB 35 TDI S tronic,https://www.subito.it/auto/audi-a3-spb-35-tdi-s-tronic-brindisi-662957047.htm,17800,6,2020,123000,automatico,Diesel,150,S,Performance,35 TDI,Rivenditore,695,san michele salentino,72018,Puglia,Sud
AUDI A3 SPB 30 TDI S tronic Business Advanced,https://www.subito.it/auto/audi-a3-spb-30-tdi-s-tronic-business-advanced-reggio-calabria-662957089.htm,23900,4,2022,116500,automatico,Diesel,116,Business Advanced,Middle,30 TDI,Rivenditore,804,melicucco,89020,Calabria,Sud
AUDI A3 SPB 35 TDI S tronic S line edition,https://www.subito.it/auto/audi-a3-spb-35-tdi-s-tronic-s-line-edition-venezia-662950035.htm,24900,4,2022,82500,automatico,Diesel,150,S line,Sport,35 TDI,Rivenditore,155,san dona piave,30027,Veneto,Nord-est
AUDI A3 SPB 35 TDI S tronic S line edition,https://www.subito.it/auto/audi-a3-spb-35-tdi-s-tronic-s-line-edition-brescia-662949993.htm,26990,5,2021,96612,automatico,Diesel,150,S line,Sport,35 TDI,Rivenditore,111,mazzano,25080,Lombardia,Nord-ovest
AUDI A3 SPB 30 TDI S line edition,https://www.subito.it/auto/audi-a3-spb-30-tdi-s-line-edition-venezia-662948126.htm,19990,4,2022,149990,automatico,Diesel,116,S line,Sport,30 TDI,Rivenditore,155,san dona piave,30027,Veneto,Nord-est
Audi A3 Sportback 35 TFSI S tronic Business A...,https://www.subito.it/auto/audi-a3-sportback-35-tfsi-s-tronic-business-a-perugia-662946009.htm,27300,4,2022,48900,automatico,Benzina,150,Business,Base,35 TFSI,Rivenditore,200,perugia,6121,Umbria,Centro
Audi A3 SPB 35 TDI S tronic Business Advanced,https://www.subito.it/auto/audi-a3-spb-35-tdi-s-tronic-business-advanced-ancona-662928493.htm,24900,4,2022,62000,automatico,Diesel,150,Business Advanced,Middle,35 TDI,Rivenditore,211,jesi,60035,Marche,Centro
AUDI A3 SPB 30 TFSI S line edition UNIPRO*ITA*2021,https://www.subito.it/auto/audi-a3-spb-30-tfsi-s-line-edition-unipro-ita-2021-roma-662927107.htm,20900,5,2021,95000,manuale,Benzina,110,S line,Sport,30 TFSI,Rivenditore,319,fonte nuova,13,Lazio,Centro
Audi A3 Sportback 35 TFSI S line S tronic 2024,https://www.subito.it/auto/audi-a3-sportback-35-tfsi-s-line-s-tronic-2024-milano-662152972.htm,30000,1,2025,42240,automatico,Ibrido,150,S line,Sport,35 TFSI,Privato,202,legnano,20025,Lombardia,Nord-ovest
AUDI A3 SPB 30 TFSI Business,https://www.subito.it/auto/audi-a3-spb-30-tfsi-business-torino-659321204.htm,21900,4,2022,28500,manuale,Benzina,110,Business,Base,30 TFSI,Rivenditore,276,torino,10121,Piemonte,Nord-ovest
AUDI A3 SPB 40 TDI 200 CV QUATTRO S-LINE FULL IVA,https://www.subito.it/auto/audi-a3-spb-40-tdi-200-cv-quattro-s-line-full-iva-enna-653842031.htm,28900,4,2022,99000,automatico,Diesel,190,S line,Sport,40 TDI,Rivenditore,842,pietraperzia,94016,Sicilia,Isole
Audi A3 8Y Sline Stronic 35tdi 2.0 150cv,https://www.subito.it/auto/audi-a3-8y-sline-stronic-35tdi-2-0-150cv-reggio-calabria-662921393.htm,26900,6,2020,88000,automatico,Diesel,150,S line,Sport,35 TDI,Privato,803,palmi,89015,Calabria,Sud
Audi A3 SPB 35 TDI S tronic Admired Identity Black,https://www.subito.it/auto/audi-a3-spb-35-tdi-s-tronic-admired-identity-black-como-659827388.htm,20900,6,2020,74000,automatico,Diesel,150,Identity,Middle,35 TDI,Rivenditore,210,olgiate comasco,22077,Lombardia,Nord-ovest
Audi A3 SPB 30 TDI S line edition,https://www.subito.it/auto/audi-a3-spb-30-tdi-s-line-edition-salerno-662920232.htm,17800,6,2020,212000,manuale,Diesel,116,S line,Sport,30 TDI,Rivenditore,574,agropoli,84043,Campania,Sud
Audi A3 SPB 30 TFSI S line edition S tronic Navi P,https://www.subito.it/auto/audi-a3-spb-30-tfsi-s-line-edition-s-tronic-navi-p-roma-660833770.htm,23900,3,2023,71292,automatico,Benzina,110,S line,Sport,30 TFSI,Rivenditore,326,roma,118,Lazio,Centro
Audi A3 SPB 30 TDI S tronic S line edition 12/2022,https://www.subito.it/auto/audi-a3-spb-30-tdi-s-tronic-s-line-edition-12-2022-caserta-652465354.htm,26990,3,2023,39000,automatico,Diesel,116,S line,Sport,30 TDI,Rivenditore,479,teverola,81030,Campania,Sud
Audi A3 SPB S TRONIC 30 TDI S line edition 31/01/2,https://www.subito.it/auto/audi-a3-spb-s-tronic-30-tdi-s-line-edition-31-01-2-agrigento-655149595.htm,25499,3,2023,60436,automatico,Diesel,116,S line,Sport,30 TDI,Rivenditore,842,canicatti,92024,Sicilia,Isole
Audi A3 SPB 35 TDI S tronic Business Advanced,https://www.subito.it/auto/audi-a3-spb-35-tdi-s-tronic-business-advanced-napoli-662917299.htm,23600,4,2022,86000,automatico,Diesel,150,Business Advanced,Middle,35 TDI,Rivenditore,500,san sebastiano vesuvio,80040,Campania,Sud
AUDI A3 SPORTBACK 30 TDI S LINE - 2023,https://www.subito.it/auto/audi-a3-sportback-30-tdi-s-line-2023-isernia-662916716.htm,26900,3,2023,82000,manuale,Benzina,116,S line,Sport,30 TDI,Rivenditore,418,fornelli,86070,Molise,Sud
Audi A3 SPB 30 TDI S tronic line edition,https://www.subito.it/auto/audi-a3-spb-30-tdi-s-tronic-line-edition-monza-662289684.htm,21500,4,2022,103000,automatico,Diesel,116,S,Performance,30 TDI,Rivenditore,181,muggio,20835,Lombardia,Nord-ovest
AUDI A3 SPB 30 TDI S tronic,https://www.subito.it/auto/audi-a3-spb-30-tdi-s-tronic-messina-660155732.htm,24999,4,2022,82000,automatico,Diesel,116,S,Performance,30 TDI,Rivenditore,793,milazzo,98057,Sicilia,Isole
AUDI A3 SPB 30 TDI S tronic Advanced SPORT FULL-,https://www.subito.it/auto/audi-a3-spb-30-tdi-s-tronic-advanced-sport-full-caserta-661934476.htm,25499,2,2024,69900,automatico,Diesel,116,Advanced,Middle,30 TDI,Rivenditore,475,casagiove,81022,Campania,Sud
Audi A3 SPB 35 TDI S tronic line edition,https://www.subito.it/auto/audi-a3-spb-35-tdi-s-tronic-line-edition-brescia-662905685.htm,15900,6,2020,149832,automatico,Diesel,150,S,Performance,35 TDI,Rivenditore,116,san zeno naviglio,25010,Lombardia,Nord-ovest
Audi A3 SPB 40 TFSI e S tronic PHEV Business ...,https://www.subito.it/auto/audi-a3-spb-40-tfsi-e-s-tronic-phev-business-salerno-635781011.htm,23900,5,2021,63000,automatico,Ibrido,204,Business,Base,40 TFSI e,Rivenditore,571,capaccio paestum,84047,Campania,Sud
Audi A3 SPB 30 TDI 116 CV - S-LINE - S-TRONIC MY 2,https://www.subito.it/auto/audi-a3-spb-30-tdi-116-cv-s-line-s-tronic-my-2-avellino-662901807.htm,20900,5,2021,139000,automatico,Diesel,116,S line,Sport,30 TDI,Rivenditore,523,solofra,83029,Campania,Sud
Audi A3 SPB 35 TDI 150CV S-TRONIC S-LINE MY 22 -FU,https://www.subito.it/auto/audi-a3-spb-35-tdi-150cv-s-tronic-s-line-my-22-fu-avellino-662901732.htm,19900,5,2021,139000,automatico,Diesel,150,S line,Sport,35 TDI,Rivenditore,523,solofra,83029,Campania,Sud
Audi A3 SPB 35 TDI 150 CV - SPORT - S-TRONIC MY 22,https://www.subito.it/auto/audi-a3-spb-35-tdi-150-cv-sport-s-tronic-my-22-avellino-662901705.htm,19900,5,2021,149000,automatico,Diesel,150,Sport,Middle,35 TDI,Rivenditore,523,solofra,83029,Campania,Sud
AUDI A3 SPB 35 TDI S tronic S line edition,https://www.subito.it/auto/audi-a3-spb-35-tdi-s-tronic-s-line-edition-lecce-662901320.htm,27900,6,2020,81500,automatico,Diesel,150,S line,Sport,35 TDI,Rivenditore,776,melissano,73040,Puglia,Sud
AUDI A3 4ª serie - A3 SPB 30 TFSI S tronic Busines,https://www.subito.it/auto/audi-a3-4-serie-a3-spb-30-tfsi-s-tronic-busines-firenze-660161301.htm,19900,4,2022,89110,automatico,Benzina,110,S,Performance,30 TFSI,Rivenditore,99,firenze,50121,Toscana,Centro
AUDI A3 SPB 35 TDI Business,https://www.subito.it/auto/audi-a3-spb-35-tdi-business-cuneo-649784922.htm,27500,3,2023,101636,manuale,Diesel,150,Business,Base,35 TDI,Rivenditore,292,borgo san dalmazzo,12011,Piemonte,Nord-ovest
Audi A3 SPB 35 TDI S tronic line edition,https://www.subito.it/auto/audi-a3-spb-35-tdi-s-tronic-line-edition-agrigento-660871170.htm,17990,6,2020,160000,automatico,Diesel,150,S,Performance,35 TDI,Rivenditore,854,campobello licata,92023,Sicilia,Isole
Audi A3 SPB 35 TDI S tronic Business VETTURA IN ST,https://www.subito.it/auto/audi-a3-spb-35-tdi-s-tronic-business-vettura-in-st-cuneo-654474471.htm,22950,4,2022,98000,automatico,Diesel,150,Business,Base,35 TDI,Rivenditore,270,fossano,12045,Piemonte,Nord-ovest
Audi A3 SPB 30 TDI S tronic Business Advanced,https://www.subito.it/auto/audi-a3-spb-30-tdi-s-tronic-business-advanced-napoli-662895290.htm,19990,4,2022,135000,automatico,Diesel,116,Business Advanced,Middle,30 TDI,Rivenditore,500,somma vesuviana,80049,Campania,Sud
Audi A3 SPB 30 TDI S tronic Business Advanced,https://www.subito.it/auto/audi-a3-spb-30-tdi-s-tronic-business-advanced-napoli-662895207.htm,19499,5,2021,138000,automatico,Diesel,116,Business Advanced,Middle,30 TDI,Rivenditore,500,somma vesuviana,80049,Campania,Sud
Audi A3 Sportback 30 TFSI Advanced MHEV S-tr...,https://www.subito.it/auto/audi-a3-sportback-30-tfsi-advanced-mhev-s-tr-taranto-660400454.htm,22980,3,2023,50837,automatico,Ibrido,110,Advanced,Middle,30 TFSI,Rivenditore,708,sava,74028,Puglia,Sud
Audi A3 SPB 40 TDI quattro S tronic line edition,https://www.subito.it/auto/audi-a3-spb-40-tdi-quattro-s-tronic-line-edition-macerata-651958767.htm,27300,4,2022,110000,automatico,Diesel,190,S,Performance,40 TDI,Rivenditore,257,civitanova marche,62012,Marche,Centro
Audi A3 Sportback 30 TDI Business 2.0 116 CV – 10/,https://www.subito.it/auto/audi-a3-sportback-30-tdi-business-2-0-116-cv-10-salerno-662892913.htm,18900,6,2020,124000,manuale,Diesel,116,Business,Base,30 TDI,Rivenditore,521,nocera inferiore,84014,Campania,Sud
Audi A3 SPB 40 TDI 184CV QUATTRO S-TRONIC S-LINE,https://www.subito.it/auto/audi-a3-spb-40-tdi-184cv-quattro-s-tronic-s-line-catania-640216275.htm,17499,6,2020,171000,automatico,Diesel,190,S line,Sport,40 TDI,Rivenditore,841,giarre,95014,Sicilia,Isole
AUDI A3 SPB 35 TDI Business Advanced,https://www.subito.it/auto/audi-a3-spb-35-tdi-business-advanced-trapani-660884529.htm,18990,4,2022,141000,automatico,Diesel,150,Business Advanced,Middle,35 TDI,Rivenditore,757,alcamo,91011,Sicilia,Isole
Audi A3 SPB 30 TDI Business,https://www.subito.it/auto/audi-a3-spb-30-tdi-business-genova-644728963.htm,19800,5,2021,77000,manuale,Diesel,116,Business,Base,30 TDI,Rivenditore,164,valbrevenna,16010,Liguria,Nord-ovest
Audi A3 SPB 35 TDI S tronic line edition,https://www.subito.it/auto/audi-a3-spb-35-tdi-s-tronic-line-edition-lecco-659657922.htm,24900,5,2021,95000,automatico,Diesel,150,S,Performance,35 TDI,Rivenditore,190,costa masnaga,23845,Lombardia,Nord-ovest
Audi A3 SPB 35 TDI S tronic,https://www.subito.it/auto/audi-a3-spb-35-tdi-s-tronic-catania-654487253.htm,21500,4,2022,140000,automatico,Diesel,150,S,Performance,35 TDI,Rivenditore,815,maniace,95030,Sicilia,Isole
AUDI A3 SPB 30 TDI Business Advanced,https://www.subito.it/auto/audi-a3-spb-30-tdi-business-advanced-trapani-655548662.htm,29990,2,2024,46000,manuale,Diesel,116,Business Advanced,Middle,30 TDI,Rivenditore,757,alcamo,91011,Sicilia,Isole
Audi A3 Sportback 35 TFSI S tronic 150 CV,https://www.subito.it/auto/audi-a3-sportback-35-tfsi-s-tronic-150-cv-latina-662872049.htm,26000,4,2022,107000,automatico,Ibrido,150,Sport,Middle,35 TFSI,Privato,404,sabaudia,4016,Lazio,Centro
AUDI A3 4ª serie A3 SPB 35 TDI S tronic S line edi,https://www.subito.it/auto/audi-a3-4-serie-a3-spb-35-tdi-s-tronic-s-line-edi-verona-662871969.htm,28400,3,2023,58000,automatico,Diesel,150,S line,Sport,35 TDI,Rivenditore,86,verona,37121,Veneto,Nord-est
Audi A3 Sportback 30 TFSI S-Line Edition 110 CV,https://www.subito.it/auto/audi-a3-sportback-30-tfsi-s-line-edition-110-cv-padova-647734168.htm,21900,5,2021,91000,manuale,Benzina,110,S line,Sport,30 TFSI,Rivenditore,106,vigodarzere,35010,Veneto,Nord-est
AUDI A3 4ª serie A3 SPB 30 TDI S tronic Business,https://www.subito.it/auto/audi-a3-4-serie-a3-spb-30-tdi-s-tronic-business-roma-662870432.htm,23400,4,2022,42941,automatico,Diesel,116,Business,Base,30 TDI,Rivenditore,326,roma,118,Lazio,Centro
AUDI A3 4ª serie A3 SPB 30 TDI S tronic Business,https://www.subito.it/auto/audi-a3-4-serie-a3-spb-30-tdi-s-tronic-business-verona-662869615.htm,23400,4,2022,42941,automatico,Diesel,116,Business,Base,30 TDI,Rivenditore,86,verona,37121,Veneto,Nord-est
AUDI A3 4ª serie A3 SPB 35 TDI S tronic S line edi,https://www.subito.it/auto/audi-a3-4-serie-a3-spb-35-tdi-s-tronic-s-line-edi-verona-662869269.htm,26900,4,2022,96300,automatico,Diesel,150,S line,Sport,35 TDI,Rivenditore,86,verona,37121,Veneto,Nord-est
Audi A3 SPB 35 TFSI 150CV Sport Advanced 17 M...,https://www.subito.it/auto/audi-a3-spb-35-tfsi-150cv-sport-advanced-17-m-cuneo-662869251.htm,23450,3,2023,17389,manuale,Benzina,150,Advanced,Middle,35 TFSI,Rivenditore,286,cuneo,12100,Piemonte,Nord-ovest
Audi A3 SPB 35 TFSI MHEV S tronic Sport Advan...,https://www.subito.it/auto/audi-a3-spb-35-tfsi-mhev-s-tronic-sport-advan-cuneo-662868378.htm,23400,4,2022,36915,automatico,Ibrido,150,Sport,Middle,35 TFSI MHEV,Rivenditore,286,cuneo,12100,Piemonte,Nord-ovest
Audi A3 SPB 35 TFSI 150CV Sport Advanced PARI...,https://www.subito.it/auto/audi-a3-spb-35-tfsi-150cv-sport-advanced-pari-cuneo-662868217.htm,22950,3,2023,32423,manuale,Benzina,150,Advanced,Middle,35 TFSI,Rivenditore,286,cuneo,12100,Piemonte,Nord-ovest
Audi A3 SPB 35 TDI S tronic Business Advanced,https://www.subito.it/auto/audi-a3-spb-35-tdi-s-tronic-business-advanced-pavia-662146324.htm,25990,3,2023,85398,automatico,Diesel,150,Business Advanced,Middle,35 TDI,Rivenditore,154,broni,27043,Lombardia,Nord-ovest
AUDI A3 SPORTBACK 30 TDI S TRONIC BUSINESS ADVANCE,https://www.subito.it/auto/audi-a3-sportback-30-tdi-s-tronic-business-advance-verona-662865329.htm,21000,3,2023,123000,automatico,Diesel,116,Business,Base,30 TDI,Privato,86,verona,37121,Veneto,Nord-est
AUDI A3 SPB 30 TFSI SPORTBACK S tronic black edi,https://www.subito.it/auto/audi-a3-spb-30-tfsi-sportback-s-tronic-black-edi-caserta-659568094.htm,23999,2,2024,85000,automatico,Benzina,110,Sport,Middle,30 TFSI,Rivenditore,475,casagiove,81022,Campania,Sud
Audi A3 SPB 35 TDI S tronic Advanced cv 150 KM 590,https://www.subito.it/auto/audi-a3-spb-35-tdi-s-tronic-advanced-cv-150-km-590-bari-662862472.htm,21500,5,2021,60000,automatico,Diesel,150,Advanced,Middle,35 TDI,Rivenditore,607,gravina puglia,70024,Puglia,Sud
Audi A3 SPB 35 TDI S tronic,https://www.subito.it/auto/audi-a3-spb-35-tdi-s-tronic-napoli-662849981.htm,17999,3,2023,139000,automatico,Diesel,150,S,Performance,35 TDI,Rivenditore,484,giugliano campania,80014,Campania,Sud
AUDI A3 2.0 SPB ADVANCED 35 TDI S-TRONIC 150CV - F,https://www.subito.it/auto/audi-a3-2-0-spb-advanced-35-tdi-s-tronic-150cv-f-reggio-emilia-662859902.htm,24999,4,2022,78000,automatico,Diesel,150,Advanced,Middle,35 TDI,Rivenditore,55,brescello,42041,Emilia-Romagna,Nord-est
AUDI A3 S.BACK 35 TDI 2.0 150 CV S-TRON S-LINE EDI,https://www.subito.it/auto/audi-a3-s-back-35-tdi-2-0-150-cv-s-tron-s-line-edi-avellino-662859880.htm,24999,5,2021,110000,automatico,Diesel,150,S line,Sport,35 TDI,Rivenditore,513,avellino,83100,Campania,Sud
Audi A3 sportback 35 TDI S tronic / PELLE / CAMERA,https://www.subito.it/auto/audi-a3-sportback-35-tdi-s-tronic-pelle-camera-rimini-662859259.htm,25900,3,2023,64000,automatico,Diesel,150,Sport,Middle,35 TDI,Rivenditore,132,rimini,47921,Emilia-Romagna,Nord-est
AUDI A3 SPB 30 TDI S tronic S line edition,https://www.subito.it/auto/audi-a3-spb-30-tdi-s-tronic-s-line-edition-venezia-661770264.htm,24990,3,2023,77000,automatico,Diesel,116,S line,Sport,30 TDI,Rivenditore,112,dolo,30031,Veneto,Nord-est
Audi A3 Sedan 35 TDI S tronic line edition garanzi,https://www.subito.it/auto/audi-a3-sedan-35-tdi-s-tronic-line-edition-garanzi-ogliastra-662858045.htm,21900,6,2020,110000,automatico,Diesel,150,S,Performance,35 TDI,Rivenditore,545,ilbono,8040,Sardegna,Isole
Audi A3 Sportback 30 TDI Business Advanced,https://www.subito.it/auto/audi-a3-sportback-30-tdi-business-advanced-lecce-654381889.htm,21900,5,2021,93900,manuale,Diesel,116,Business Advanced,Middle,30 TDI,Rivenditore,763,galatina,73013,Puglia,Sud
Audi A3 SPB 40 TDI 184 cv quattro S tronic Sport,https://www.subito.it/auto/audi-a3-spb-40-tdi-184-cv-quattro-s-tronic-sport-taranto-662854774.htm,16500,6,2020,179000,automatico,Diesel,190,Sport,Middle,40 TDI,Rivenditore,701,san marzano san giuseppe,74020,Puglia,Sud
Audi A3 SPB S- Line 35 TDI S Tronic,https://www.subito.it/auto/audi-a3-spb-s-line-35-tdi-s-tronic-napoli-662854464.htm,19999,6,2020,184000,automatico,Diesel,150,S,Performance,35 TDI,Rivenditore,495,volla,80040,Campania,Sud
Audi A3 SPB 40 TFSI e S tronic Business Advanced,https://www.subito.it/auto/audi-a3-spb-40-tfsi-e-s-tronic-business-advanced-taranto-662854382.htm,21990,4,2022,127000,automatico,Ibrido,204,Business Advanced,Middle,40 TFSI e,Rivenditore,645,laterza,74014,Puglia,Sud
Audi A3 SPB 35 TFSI g-tron S tronic Business Advan,https://www.subito.it/auto/audi-a3-spb-35-tfsi-g-tron-s-tronic-business-advan-ferrara-649475146.htm,14995,5,2021,265542,automatico,Benzina,150,Business,Base,35 TFSI,Rivenditore,42,ferrara,44121,Emilia-Romagna,Nord-est
Audi A3 SPB 30 TDI S line edition,https://www.subito.it/auto/audi-a3-spb-30-tdi-s-line-edition-messina-662853803.htm,20900,6,2020,106400,manuale,Diesel,116,S line,Sport,30 TDI,Rivenditore,825,santa teresa riva,98028,Sicilia,Isole
Audi A3 SPB 35 TDI S tronic Business,https://www.subito.it/auto/audi-a3-spb-35-tdi-s-tronic-business-lecce-662851523.htm,19800,5,2021,120000,automatico,Diesel,150,Business,Base,35 TDI,Rivenditore,775,maglie,73024,Puglia,Sud
Audi A3 Sportback 30 TFSI G-Tron S-Tronic S-Line E,https://www.subito.it/auto/audi-a3-sportback-30-tfsi-g-tron-s-tronic-s-line-e-como-662830150.htm,23500,5,2021,61400,automatico,Benzina,110,S line,Sport,30 TFSI,Rivenditore,196,alserio,22040,Lombardia,Nord-ovest
AUDI A3 4� serie A3 SPB 30 TDI Business Advanced,https://www.subito.it/auto/audi-a3-4-serie-a3-spb-30-tdi-business-advanced-sassari-662824470.htm,19990,5,2021,160000,manuale,Diesel,116,Business Advanced,Middle,30 TDI,Rivenditore,485,ozieri,7014,Sardegna,Isole
AUDI A3 30 TFSI 1.5 MHEV S tronic Business Advan,https://www.subito.it/auto/audi-a3-30-tfsi-1-5-mhev-s-tronic-business-advan-venezia-662820662.htm,28990,1,2025,30000,automatico,Ibrido,110,Business,Base,30 TFSI,Rivenditore,115,mira,30034,Veneto,Nord-est
AUDI A3 SPB 30 TFSI S tronic,https://www.subito.it/auto/audi-a3-spb-30-tfsi-s-tronic-torino-662820048.htm,18990,5,2021,98291,automatico,Benzina,110,S,Performance,30 TFSI,Rivenditore,276,torino,10121,Piemonte,Nord-ovest
AUDI A3 SPB 30 TDI S line edition,https://www.subito.it/auto/audi-a3-spb-30-tdi-s-line-edition-caserta-662819442.htm,26900,4,2022,51753,automatico,Diesel,116,S line,Sport,30 TDI,Rivenditore,458,pignataro maggiore,81052,Campania,Sud
Audi A3 Sportback 35 TFSI S tronic Business A...,https://www.subito.it/auto/audi-a3-sportback-35-tfsi-s-tronic-business-a-perugia-662815619.htm,27300,4,2022,48900,automatico,Benzina,150,Business,Base,35 TFSI,Rivenditore,200,perugia,6121,Umbria,Centro
AUDI A3 SPB 30 TDI S TRONIC AUT. SINISTRATA 23,https://www.subito.it/auto/audi-a3-spb-30-tdi-s-tronic-aut-sinistrata-23-roma-662813847.htm,8900,3,2023,65000,automatico,Diesel,116,S,Performance,30 TDI,Rivenditore,326,roma,118,Lazio,Centro
AUDI A3 - 40 TFSIe,https://www.subito.it/auto/audi-a3-40-tfsie-roma-661009027.htm,26000,5,2021,103000,automatico,Ibrido,204,S,Performance,40 TFSI e,Privato,350,ariccia,72,Lazio,Centro
Audi A3 SPB 45 TFSI e S tronic S line edition,https://www.subito.it/auto/audi-a3-spb-45-tfsi-e-s-tronic-s-line-edition-frosinone-662795810.htm,26000,4,2022,88000,automatico,Ibrido,245,S line,Sport,45 TFSI e,Privato,381,frosinone,3100,Lazio,Centro
Audi A3 SPB 30 TDI Business Advanced,https://www.subito.it/auto/audi-a3-spb-30-tdi-business-advanced-messina-652653189.htm,25890,4,2022,26000,automatico,Diesel,116,Business Advanced,Middle,30 TDI,Rivenditore,785,santo stefano camastra,98077,Sicilia,Isole
Audi A3 SPB 30 TDI S tronic S-Line edition * Navi ,https://www.subito.it/auto/audi-a3-spb-30-tdi-s-tronic-s-line-edition-navi-taranto-662785339.htm,27000,4,2022,86000,automatico,Diesel,116,S line,Sport,30 TDI,Rivenditore,653,castellaneta,74011,Puglia,Sud
Audi A3 SPB 30 TDI S line edition Tagliandi,https://www.subito.it/auto/audi-a3-spb-30-tdi-s-line-edition-tagliandi-campobasso-662783128.htm,20950,6,2020,110000,manuale,Diesel,116,S line,Sport,30 TDI,Rivenditore,453,campodipietra,86010,Molise,Sud
Audi A3 SPB 35 TFSI S tronic line edition,https://www.subito.it/auto/audi-a3-spb-35-tfsi-s-tronic-line-edition-genova-662775845.htm,28900,2,2024,22900,automatico,Ibrido,150,S,Performance,35 TFSI,Rivenditore,177,genova,16121,Liguria,Nord-ovest
Audi A3 30 TDI Business Advanced Sportback,https://www.subito.it/auto/audi-a3-30-tdi-business-advanced-sportback-reggio-calabria-662761448.htm,21500,5,2021,58200,manuale,Diesel,116,Business Advanced,Middle,30 TDI,Privato,810,taurianova,89029,Calabria,Sud
Audi A3 Sportback 35 TDI S-tronic S line MATRIX,https://www.subito.it/auto/audi-a3-sportback-35-tdi-s-tronic-s-line-matrix-napoli-662751782.htm,24499,4,2022,115000,automatico,Diesel,150,S line,Sport,35 TDI,Rivenditore,499,sant anastasia,80048,Campania,Sud
Audi A3 40 tfsi-e,https://www.subito.it/auto/audi-a3-40-tfsi-e-siracusa-629956066.htm,28900,3,2023,41000,automatico,Ibrido,204,S,Performance,40 TFSI e,Privato,894,augusta,96011,Sicilia,Isole
Audi A3 SPB 35 TDI S tronic Design,https://www.subito.it/auto/audi-a3-spb-35-tdi-s-tronic-design-forli-cesena-662743634.htm,19000,6,2020,102000,automatico,Diesel,150,Design,Middle,35 TDI,Rivenditore,87,forli,47121,Emilia-Romagna,Nord-est
Audi A3 SPB 30 TDI S line edition,https://www.subito.it/auto/audi-a3-spb-30-tdi-s-line-edition-napoli-662731873.htm,17990,4,2022,191000,automatico,Diesel,116,S line,Sport,30 TDI,Rivenditore,495,napoli,80121,Campania,Sud
Audi A3 Sedan 30 TDI S tronic Business Advanced,https://www.subito.it/auto/audi-a3-sedan-30-tdi-s-tronic-business-advanced-avellino-662730760.htm,18499,5,2021,115000,automatico,Diesel,116,Business Advanced,Middle,30 TDI,Rivenditore,519,montoro,83025,Campania,Sud
Audi A3 SPB 35 TFSI S tronic line edition,https://www.subito.it/auto/audi-a3-spb-35-tfsi-s-tronic-line-edition-bari-662726123.htm,29900,5,2021,125000,automatico,Ibrido,150,S,Performance,35 TFSI,Rivenditore,608,modugno,70026,Puglia,Sud
Audi A3 SPB 35 TFSI S Line edition,https://www.subito.it/auto/audi-a3-spb-35-tfsi-s-line-edition-siracusa-662720429.htm,26500,6,2020,46500,manuale,Benzina,150,S line,Sport,35 TFSI,Privato,881,lentini,96016,Sicilia,Isole
Audi A3 Sportback 35 TDI S tronic Admired 12/2020,https://www.subito.it/auto/audi-a3-sportback-35-tdi-s-tronic-admired-12-2020-cagliari-662713968.htm,22500,6,2020,59110,automatico,Diesel,150,Sport,Middle,35 TDI,Privato,622,selargius,9047,Sardegna,Isole
Audi A3 SPB 30 TDI MATRIX,https://www.subito.it/auto/audi-a3-spb-30-tdi-matrix-reggio-calabria-662713273.htm,18500,5,2021,179000,manuale,Diesel,116,S,Performance,30 TDI,Rivenditore,819,reggio calabria,89121,Calabria,Sud
Audi A3 SPB 35 TDI S tronic Business Advanced,https://www.subito.it/auto/audi-a3-spb-35-tdi-s-tronic-business-advanced-roma-634139857.htm,23900,4,2022,117515,automatico,Diesel,150,Business Advanced,Middle,35 TDI,Rivenditore,326,roma,118,Lazio,Centro
AUDI A3 4ª serie - A3 SPB 30 TFSI,https://www.subito.it/auto/audi-a3-4-serie-a3-spb-30-tfsi-livorno-645981986.htm,21500,3,2023,52290,manuale,Benzina,110,S,Performance,30 TFSI,Rivenditore,140,livorno,57121,Toscana,Centro
AUDI A3 Sportback 35 TFSI S-Line Sport Soft Tuning,https://www.subito.it/auto/audi-a3-sportback-35-tfsi-s-line-sport-soft-tuning-verona-659539285.htm,21000,4,2022,117000,manuale,Benzina,150,S line,Sport,35 TFSI,Privato,86,verona,37121,Veneto,Nord-est
AUDI A3  SPB 35 TDI S LINE,https://www.subito.it/auto/audi-a3-spb-35-tdi-s-line-terni-662696689.htm,29900,3,2023,72000,automatico,Diesel,150,S line,Sport,35 TDI,Privato,263,narni,5035,Umbria,Centro
Audi a3 8Y 35 tdi stronic  in garanzia audi,https://www.subito.it/auto/audi-a3-8y-35-tdi-stronic-in-garanzia-audi-reggio-calabria-662673844.htm,28500,5,2021,69000,automatico,Diesel,150,S,Performance,35 TDI,Privato,819,reggio calabria,89121,Calabria,Sud
AUDI A3 S-Tronic 35 TDI Business Advance,https://www.subito.it/auto/audi-a3-s-tronic-35-tdi-business-advance-trento-662665149.htm,25000,3,2023,96000,automatico,Diesel,150,Business,Base,35 TDI,Privato,156,trento,38121,Trentino-Alto Adige/Südtirol,Nord-est
AUDI A3 4ª serie - A3 SPB 40 TFSI e S tronic Busin,https://www.subito.it/auto/audi-a3-4-serie-a3-spb-40-tfsi-e-s-tronic-busin-milano-662631134.htm,24000,4,2022,36215,automatico,Elettrico,204,S,Performance,40 TFSI e,Rivenditore,202,legnano,20025,Lombardia,Nord-ovest
Audi a3 35 tfsi mhev s tronic s line full optional,https://www.subito.it/auto/audi-a3-35-tfsi-mhev-s-tronic-s-line-full-optional-taranto-660987790.htm,23999,3,2023,99900,automatico,Ibrido,150,S line,Sport,35 TFSI MHEV,Privato,683,taranto,74121,Puglia,Sud
Audi A3 35TFSI - S Tronic,https://www.subito.it/auto/audi-a3-35tfsi-s-tronic-massa-carrara-662627995.htm,24500,5,2021,67000,automatico,Ibrido,150,S,Performance,35 TFSI,Privato,105,massa,54100,Toscana,Centro
Audi A3 SPB 30 TDI S line edition,https://www.subito.it/auto/audi-a3-spb-30-tdi-s-line-edition-napoli-662621920.htm,24999,3,2023,83000,automatico,Diesel,116,S line,Sport,30 TDI,Rivenditore,519,castellammare stabia,80053,Campania,Sud
AUDI A3 4ª serie - A3 SPB 30 TDI Business,https://www.subito.it/auto/audi-a3-4-serie-a3-spb-30-tdi-business-firenze-657506485.htm,19250,5,2021,110820,manuale,Diesel,116,Business,Base,30 TDI,Rivenditore,98,vinci,50059,Toscana,Centro
AUDI A3 SPB 45 TFSI e S tronic S line edition,https://www.subito.it/auto/audi-a3-spb-45-tfsi-e-s-tronic-s-line-edition-verona-662610391.htm,24550,5,2021,94000,automatico,Elettrico,245,S line,Sport,45 TFSI e,Rivenditore,86,verona,37121,Veneto,Nord-est
AUDI A3 SPB 35 TDI S tronic Business Advanced,https://www.subito.it/auto/audi-a3-spb-35-tdi-s-tronic-business-advanced-venezia-662610291.htm,20990,5,2021,136000,automatico,Diesel,150,Business Advanced,Middle,35 TDI,Rivenditore,123,noale,30033,Veneto,Nord-est
AUDI A3 SPORTBACK 30 TFSI S tr. Bus. Adv. GRIMAL,https://www.subito.it/auto/audi-a3-sportback-30-tfsi-s-tr-bus-adv-grimal-pavia-662056992.htm,20900,3,2023,75188,automatico,Benzina,110,Sport,Middle,30 TFSI,Rivenditore,193,vigevano,27029,Lombardia,Nord-ovest
Audi A3 SPB 30 TDI LED-VIRTUAL COCKPIT-NAVI 2022,https://www.subito.it/auto/audi-a3-spb-30-tdi-led-virtual-cockpit-navi-2022-agrigento-662569359.htm,20490,4,2022,139000,manuale,Diesel,116,S,Performance,30 TDI,Rivenditore,872,licata,92027,Sicilia,Isole
AUDI A3 SPB 35 TDI S tronic Business Advanced,https://www.subito.it/auto/audi-a3-spb-35-tdi-s-tronic-business-advanced-ferrara-662567591.htm,20500,5,2021,130000,automatico,Diesel,150,Business Advanced,Middle,35 TDI,Privato,42,ferrara,44121,Emilia-Romagna,Nord-est
Audi A3 Sportback 35TDI S-Tronic (2021),https://www.subito.it/auto/audi-a3-sportback-35tdi-s-tronic-2021-napoli-662558468.htm,21000,4,2022,91900,automatico,Diesel,150,Sport,Middle,35 TDI,Privato,484,giugliano campania,80014,Campania,Sud
AUDI A3 SPB 30 TFSI S tronic Business,https://www.subito.it/auto/audi-a3-spb-30-tfsi-s-tronic-business-milano-662548668.htm,19400,4,2022,82000,automatico,Benzina,110,Business,Base,30 TFSI,Rivenditore,177,sesto san giovanni,20099,Lombardia,Nord-ovest
"AUDI A3 SPB 35TFSI 150cv Hybrid Stronic ""18 Slin",https://www.subito.it/auto/audi-a3-spb-35tfsi-150cv-hybrid-stronic-18-slin-cuneo-662547364.htm,27500,2,2024,47400,automatico,Ibrido,150,S,Performance,35 TFSI,Rivenditore,275,savigliano,12038,Piemonte,Nord-ovest
Audi A3 40 TFSI 1.5 204cv Sline Stronic Identity B,https://www.subito.it/auto/audi-a3-40-tfsi-1-5-204cv-sline-stronic-identity-b-vibo-valentia-652386722.htm,29990,3,2023,32000,automatico,Ibrido,190,Identity,Middle,40 TFSI,Rivenditore,782,vibo valentia,89900,Calabria,Sud
Audi A3 40 TDI quattro Sline 48 mesi Prima Scelta ,https://www.subito.it/auto/audi-a3-40-tdi-quattro-sline-48-mesi-prima-scelta-trento-662530495.htm,29500,5,2021,95000,automatico,Diesel,190,S line,Sport,40 TDI,Rivenditore,195,ronzone,38010,Trentino-Alto Adige/Südtirol,Nord-est
Audi A3 2.0 35 TDI 150cv S Tronic S line edition,https://www.subito.it/auto/audi-a3-2-0-35-tdi-150cv-s-tronic-s-line-edition-venezia-662517575.htm,24500,4,2022,78500,automatico,Diesel,150,S line,Sport,35 TDI,Privato,127,venezia,30121,Veneto,Nord-est
Audi A3 SPB 35 TFSI S tronic,https://www.subito.it/auto/audi-a3-spb-35-tfsi-s-tronic-roma-641600772.htm,22490,6,2020,107900,automatico,Ibrido,150,S,Performance,35 TFSI,Rivenditore,322,guidonia montecelio,12,Lazio,Centro
Audi A3 Sportback 35 TDI Business Advanced,https://www.subito.it/auto/audi-a3-sportback-35-tdi-business-advanced-perugia-662512223.htm,24900,6,2020,72000,automatico,Diesel,150,Business Advanced,Middle,35 TDI,Privato,217,marsciano,6055,Umbria,Centro
Audi A3 Sportback 45 TFSI e | 245 CV Plug-In,https://www.subito.it/auto/audi-a3-sportback-45-tfsi-e-245-cv-plug-in-perugia-662489593.htm,22500,4,2022,106640,automatico,Ibrido,245,Sport,Middle,45 TFSI e,Privato,178,umbertide,6019,Umbria,Centro
Audi A3 SPB 30 TDI Business,https://www.subito.it/auto/audi-a3-spb-30-tdi-business-vicenza-662484179.htm,19490,5,2021,73900,manuale,Diesel,116,Business,Base,30 TDI,Rivenditore,127,marostica,36063,Veneto,Nord-est
Audi A3 SPB 30 TDI,https://www.subito.it/auto/audi-a3-spb-30-tdi-caserta-662487078.htm,18900,4,2022,156979,manuale,Diesel,116,S,Performance,30 TDI,Rivenditore,461,alvignano,81012,Campania,Sud
Audi A3 SPB 40 TFSI e S tronic-PROMO,https://www.subito.it/auto/audi-a3-spb-40-tfsi-e-s-tronic-promo-gallura-662444904.htm,21700,5,2021,65000,automatico,Ibrido,204,S,Performance,40 TFSI e,Rivenditore,423,arzachena,7021,Sardegna,Isole
AUDI A3 SPB 30 TDI Sport,https://www.subito.it/auto/audi-a3-spb-30-tdi-sport-torino-654387446.htm,14990,6,2020,113000,manuale,Diesel,116,Sport,Middle,30 TDI,Rivenditore,276,torino,10121,Piemonte,Nord-ovest
Audi A3 sportback 35 TDI 2.0 150 cv S-line 8Y,https://www.subito.it/auto/audi-a3-sportback-35-tdi-2-0-150-cv-s-line-8y-pisa-662432966.htm,28500,6,2020,81500,automatico,Diesel,150,S line,Sport,35 TDI,Privato,114,san giuliano terme,56017,Toscana,Centro
Audi A3 Sportback 40 TFSI e S tronic,https://www.subito.it/auto/audi-a3-sportback-40-tfsi-e-s-tronic-genova-662432333.htm,24300,5,2021,59800,automatico,Ibrido,204,Sport,Middle,40 TFSI e,Privato,177,genova,16121,Liguria,Nord-ovest
Audi A3 (8y) sportback business advanced 3.0 tdi,https://www.subito.it/auto/audi-a3-8y-sportback-business-advanced-3-0-tdi-torino-662408717.htm,19500,5,2021,150000,manuale,Diesel,116,Business Advanced,Middle,30 TDI,Privato,262,chivasso,10034,Piemonte,Nord-ovest
AUDI A3 4� serie A3 SPB 30 TDI S tronic Busines...,https://www.subito.it/auto/audi-a3-4-serie-a3-spb-30-tdi-s-tronic-busines-gallura-662406192.htm,25990,3,2023,71000,automatico,Diesel,116,S,Performance,30 TDI,Rivenditore,436,olbia,7026,Sardegna,Isole
AUDI A3 4� serie A3 SPB 35 TDI S tronic S line ...,https://www.subito.it/auto/audi-a3-4-serie-a3-spb-35-tdi-s-tronic-s-line-lucca-662406180.htm,20500,6,2020,105000,automatico,Diesel,150,S line,Sport,35 TDI,Rivenditore,101,capannori,55012,Toscana,Centro
Audi A3 Sportback 35 TDi Business Advanced 57.000K,https://www.subito.it/auto/audi-a3-sportback-35-tdi-business-advanced-57-000k-campobasso-662380370.htm,26990,4,2022,57100,automatico,Diesel,150,Business Advanced,Middle,35 TDI,Rivenditore,430,termoli,86039,Molise,Sud
AUDI A3 Sportback S line edition 35 TFSI S tronic,https://www.subito.it/auto/audi-a3-sportback-s-line-edition-35-tfsi-s-tronic-milano-662359339.htm,23900,6,2020,68300,automatico,Benzina,150,S line,Sport,35 TFSI,Privato,190,rho,20017,Lombardia,Nord-ovest
AUDI A3 SPB 40 TFSI e S tronic,https://www.subito.it/auto/audi-a3-spb-40-tfsi-e-s-tronic-salerno-662344223.htm,26500,5,2021,74000,automatico,Ibrido,204,S,Performance,40 TFSI e,Privato,533,salerno,84121,Campania,Sud
Audi A3 35 TDI Sline,https://www.subito.it/auto/audi-a3-35-tdi-sline-bergamo-635980909.htm,24500,3,2023,80000,automatico,Diesel,150,S line,Sport,35 TDI,Privato,153,trescore balneario,24069,Lombardia,Nord-ovest
AUDI A3 30 TDI S tronic - VIRTUAL COCKPIT - APPLE,https://www.subito.it/auto/audi-a3-30-tdi-s-tronic-virtual-cockpit-apple-brescia-652589953.htm,23900,5,2021,93000,automatico,Diesel,116,S,Performance,30 TDI,Rivenditore,114,rezzato,25086,Lombardia,Nord-ovest
AUDI A3 SPB 30 TFSI S tronic S line edition + 18,https://www.subito.it/auto/audi-a3-spb-30-tfsi-s-tronic-s-line-edition-18-treviso-662293044.htm,28000,3,2023,46000,automatico,Benzina,110,S line,Sport,30 TFSI,Rivenditore,128,castello godego,31030,Veneto,Nord-est
AUDI A3 SPB 40 TFSI e S tronic Business Advanced,https://www.subito.it/auto/audi-a3-spb-40-tfsi-e-s-tronic-business-advanced-treviso-662291712.htm,24200,4,2022,80600,automatico,Elettrico,204,Business Advanced,Middle,40 TFSI e,Rivenditore,133,vedelago,31050,Veneto,Nord-est
Audi a3 SPB 35TDI,https://www.subito.it/auto/audi-a3-spb-35tdi-salerno-662274755.htm,13000,6,2020,212000,manuale,Diesel,150,S,Performance,35 TDI,Privato,598,sala consilina,84036,Campania,Sud
Audi a3 sline 35 tdi in garanzia ufficiale audi,https://www.subito.it/auto/audi-a3-sline-35-tdi-in-garanzia-ufficiale-audi-palermo-662262136.htm,24900,6,2020,50600,automatico,Diesel,150,S line,Sport,35 TDI,Privato,774,cefalu,90015,Sicilia,Isole
AUDI A3 SPORTBACK 35 TFSI S TRONIC 150 CV,https://www.subito.it/auto/audi-a3-sportback-35-tfsi-s-tronic-150-cv-padova-662254579.htm,28000,3,2023,73380,automatico,Ibrido,150,Sport,Middle,35 TFSI,Privato,79,anguillara veneta,35022,Veneto,Nord-est
Audi  A3. 35 tfsi,https://www.subito.it/auto/audi-a3-35-tfsi-catania-662240450.htm,25000,5,2021,42000,automatico,Ibrido,150,S,Performance,35 TFSI,Privato,841,giarre,95014,Sicilia,Isole
Audi A3 Sportback 30 TDI S tronic 116 CV – 2022,https://www.subito.it/auto/audi-a3-sportback-30-tdi-s-tronic-116-cv-2022-bergamo-652325709.htm,23900,4,2022,67000,automatico,Diesel,116,Sport,Middle,30 TDI,Privato,162,bergamo,24121,Lombardia,Nord-ovest
Audi A3 30 TDI Business,https://www.subito.it/auto/audi-a3-30-tdi-business-bologna-650553966.htm,19900,5,2021,121080,manuale,Diesel,116,Business,Base,30 TDI,Rivenditore,57,imola,40026,Emilia-Romagna,Nord-est
Audi A3 SPB 30 TFSI S tronic line edition,https://www.subito.it/auto/audi-a3-spb-30-tfsi-s-tronic-line-edition-como-662225150.htm,23490,3,2023,74000,automatico,Ibrido,110,S,Performance,30 TFSI,Rivenditore,210,olgiate comasco,22077,Lombardia,Nord-ovest
Audi A3 SPB 30 TFSI S tronic Business Advanced,https://www.subito.it/auto/audi-a3-spb-30-tfsi-s-tronic-business-advanced-como-662225084.htm,23490,3,2023,70000,automatico,Ibrido,110,Business Advanced,Middle,30 TFSI,Rivenditore,210,olgiate comasco,22077,Lombardia,Nord-ovest
Audi A3 SPB 30 TDI Business Advanced,https://www.subito.it/auto/audi-a3-spb-30-tdi-business-advanced-lecce-662221994.htm,19900,5,2021,160000,automatico,Diesel,116,Business Advanced,Middle,30 TDI,Rivenditore,765,aradeo,73040,Puglia,Sud
Audi A3 SPB 30 TFSI S tronic line edition,https://www.subito.it/auto/audi-a3-spb-30-tfsi-s-tronic-line-edition-treviso-662198040.htm,25499,5,2021,55000,automatico,Ibrido,110,S,Performance,30 TFSI,Rivenditore,143,silea,31057,Veneto,Nord-est
AUDI A3 SPB 30 TDI,https://www.subito.it/auto/audi-a3-spb-30-tdi-palermo-662196513.htm,18900,4,2022,113000,manuale,Diesel,116,S,Performance,30 TDI,Rivenditore,753,partinico,90047,Sicilia,Isole
AUDI A3 SPB 30 TDI,https://www.subito.it/auto/audi-a3-spb-30-tdi-palermo-662196404.htm,21500,3,2023,88600,manuale,Diesel,116,S,Performance,30 TDI,Rivenditore,753,partinico,90047,Sicilia,Isole
AUDI A3 SPB 35 TDI S tronic S line edition FARI MA,https://www.subito.it/auto/audi-a3-spb-35-tdi-s-tronic-s-line-edition-fari-ma-palermo-662196159.htm,28900,2,2024,114000,automatico,Diesel,150,S line,Sport,35 TDI,Rivenditore,753,partinico,90047,Sicilia,Isole
Audi A3 SPB 30 TDI S line edition,https://www.subito.it/auto/audi-a3-spb-30-tdi-s-line-edition-cosenza-662191808.htm,19900,4,2022,149000,manuale,Diesel,116,S line,Sport,30 TDI,Rivenditore,735,spezzano sila,87058,Calabria,Sud
Audi a3 40 tfsie advanced business + 2 tagliandi,https://www.subito.it/auto/audi-a3-40-tfsie-advanced-business-2-tagliandi-verona-662181481.htm,21500,5,2021,85000,automatico,Ibrido,204,Business,Base,40 TFSI e,Privato,86,verona,37121,Veneto,Nord-est
AUDI A3 4� serie A3 SPB 30 TDI S line edition,https://www.subito.it/auto/audi-a3-4-serie-a3-spb-30-tdi-s-line-edition-lucca-662179844.htm,18500,5,2021,135000,manuale,Diesel,116,S line,Sport,30 TDI,Rivenditore,101,capannori,55012,Toscana,Centro
"AUDI A3 SPB 35TFSI 150cv Hybrid Stronic ""18 Slin",https://www.subito.it/auto/audi-a3-spb-35tfsi-150cv-hybrid-stronic-18-slin-cuneo-662177480.htm,27900,2,2024,43800,automatico,Benzina,150,S,Performance,35 TFSI,Rivenditore,275,savigliano,12038,Piemonte,Nord-ovest
"AUDI A3 SPB 35TFSI 150cv Hybrid Stronic ""18 Slin",https://www.subito.it/auto/audi-a3-spb-35tfsi-150cv-hybrid-stronic-18-slin-cuneo-662175944.htm,27990,2,2024,43500,automatico,Ibrido,150,S,Performance,35 TFSI,Rivenditore,275,savigliano,12038,Piemonte,Nord-ovest
Audi A3 AZIENDALE SPB 30 TDI Bus. Adv. COME NUOVA,https://www.subito.it/auto/audi-a3-aziendale-spb-30-tdi-bus-adv-come-nuova-cagliari-650041307.htm,19300,4,2022,129000,automatico,Diesel,116,S,Performance,30 TDI,Rivenditore,623,quartu sant elena,9045,Sardegna,Isole
Audi A3 SPB 30 TDI S tronic line edition,https://www.subito.it/auto/audi-a3-spb-30-tdi-s-tronic-line-edition-brindisi-662153229.htm,20990,4,2022,150000,automatico,Diesel,116,S,Performance,30 TDI,Rivenditore,716,erchie,72020,Puglia,Sud
Audi A3 SPB 30 TDI S tronic line edition,https://www.subito.it/auto/audi-a3-spb-30-tdi-s-tronic-line-edition-caserta-662145118.htm,24000,3,2023,87000,automatico,Diesel,116,S,Performance,30 TDI,Rivenditore,454,francolise,81050,Campania,Sud
Audi A3 SPB 30 TDI S tronic,https://www.subito.it/auto/audi-a3-spb-30-tdi-s-tronic-reggio-calabria-662141740.htm,21499,5,2021,138000,automatico,Diesel,116,S,Performance,30 TDI,Rivenditore,832,ardore,89031,Calabria,Sud
Audi A3 SPB 35 TDI S TRONIC SPORT BLACK EDITION NA,https://www.subito.it/auto/audi-a3-spb-35-tdi-s-tronic-sport-black-edition-na-caserta-662135810.htm,21999,4,2022,102914,automatico,Diesel,150,Sport,Middle,35 TDI,Rivenditore,475,macerata campania,81047,Campania,Sud
Audi A3 SPB 35 TDI S line edition,https://www.subito.it/auto/audi-a3-spb-35-tdi-s-line-edition-frosinone-662126064.htm,23000,4,2022,123000,automatico,Diesel,150,S line,Sport,35 TDI,Rivenditore,423,castelnuovo parano,3040,Lazio,Centro
audi s3,https://www.subito.it/auto/audi-s3-monza-662125402.htm,26850,5,2021,160000,automatico,Benzina,310,S,Performance,S3,Privato,174,vimercate,20871,Lombardia,Nord-ovest
Audi A3 Sportback 35 TDI S tronic Business Advance,https://www.subito.it/auto/audi-a3-sportback-35-tdi-s-tronic-business-advance-terni-662114476.htm,21900,5,2021,150000,automatico,Diesel,150,Business,Base,35 TDI,Privato,223,castel viscardo,5014,Umbria,Centro
AUDI - A3 - SPB 35 TFSI COD S tronic Admired - FIN,https://www.subito.it/auto/audi-a3-spb-35-tfsi-cod-s-tronic-admired-fin-latina-662110392.htm,15500,6,2020,183000,automatico,Benzina,150,S,Performance,35 TFSI,Rivenditore,383,latina,4100,Lazio,Centro
Audi A3 Sportback 30 TDI S tronic Business Ad...,https://www.subito.it/auto/audi-a3-sportback-30-tdi-s-tronic-business-ad-pavia-662107053.htm,22200,3,2023,133000,automatico,Diesel,116,Business,Base,30 TDI,Rivenditore,152,stradella,27049,Lombardia,Nord-ovest
Audi A3 Sportback 35 TFSI 1.5 150cv,https://www.subito.it/auto/audi-a3-sportback-35-tfsi-1-5-150cv-lecco-662106027.htm,24500,3,2023,49493,manuale,Benzina,150,Sport,Middle,35 TFSI,Rivenditore,185,castello brianza,23884,Lombardia,Nord-ovest
Audi A3 SPB 35 TFSI S tronic 204cv Plug-in,https://www.subito.it/auto/audi-a3-spb-35-tfsi-s-tronic-204cv-plug-in-treviso-662098762.htm,20990,4,2022,64000,automatico,Ibrido,150,S,Performance,35 TFSI,Rivenditore,131,morgano,31050,Veneto,Nord-est
Audi A3 3.0 TDI versione sportback con cockpit 116,https://www.subito.it/auto/audi-a3-3-0-tdi-versione-sportback-con-cockpit-116-ancona-662098104.htm,20500,2,2024,114772,manuale,Diesel,116,Sport,Middle,30 TDI,Privato,223,ancona,60121,Marche,Centro
Audi A3 SPB 30 TDI Admired 116 CV S-Line KM 26000,https://www.subito.it/auto/audi-a3-spb-30-tdi-admired-116-cv-s-line-km-26000-ancona-662085687.htm,20490,6,2020,26000,manuale,Diesel,116,S line,Sport,30 TDI,Rivenditore,203,castelplanio,60031,Marche,Centro
Audi A3 SPB 30 TDI Business,https://www.subito.it/auto/audi-a3-spb-30-tdi-business-catanzaro-662075297.htm,26900,3,2023,65578,manuale,Diesel,116,Business,Base,30 TDI,Rivenditore,787,amaroni,88050,Calabria,Sud
AUDI A3 30 TDI S TRONIC BUSINESS ADVANCED NAV/MATR,https://www.subito.it/auto/audi-a3-30-tdi-s-tronic-business-advanced-nav-matr-lecce-662065953.htm,20990,5,2021,123000,automatico,Diesel,116,Business Advanced,Middle,30 TDI,Rivenditore,732,guagnano,73010,Puglia,Sud
Audi A3 Sportback 35 TDI S tronic Business Ad...,https://www.subito.it/auto/audi-a3-sportback-35-tdi-s-tronic-business-ad-ferrara-662056313.htm,24590,3,2023,82946,automatico,Diesel,150,Business,Base,35 TDI,Rivenditore,42,ferrara,44121,Emilia-Romagna,Nord-est
Audi A3 SPB 30 TFSI S line edition,https://www.subito.it/auto/audi-a3-spb-30-tfsi-s-line-edition-gallura-662014861.htm,27990,5,2021,76000,automatico,Benzina,110,S line,Sport,30 TFSI,Rivenditore,412,santa teresa gallura,7028,Sardegna,Isole
AUDI A3 SPB 40 TFSI e S-Tronic Business Advanced,https://www.subito.it/auto/audi-a3-spb-40-tfsi-e-s-tronic-business-advanced-firenze-658728461.htm,23900,4,2022,49000,automatico,Elettrico,204,Business Advanced,Middle,40 TFSI e,Rivenditore,99,firenze,50121,Toscana,Centro
Audi A3 2021 SPB 35 TDI S tronic Advanced,https://www.subito.it/auto/audi-a3-2021-spb-35-tdi-s-tronic-advanced-palermo-661972041.htm,19900,5,2021,186000,automatico,Diesel,150,Advanced,Middle,35 TDI,Rivenditore,761,misilmeri,90036,Sicilia,Isole
Audi A3 Sportback 35 TFSI Mild Hybrid,https://www.subito.it/auto/audi-a3-sportback-35-tfsi-mild-hybrid-venezia-661913391.htm,28500,2,2024,47000,automatico,Ibrido,150,Sport,Middle,35 TFSI,Privato,127,venezia,30121,Veneto,Nord-est
Audi A3 Sedan 35 TFSI Business Advanced,https://www.subito.it/auto/audi-a3-sedan-35-tfsi-business-advanced-treviso-661909083.htm,26900,3,2023,69400,automatico,Ibrido,150,Business Advanced,Middle,35 TFSI,Rivenditore,159,ormelle,31024,Veneto,Nord-est
Audi A3 SPB 35 TDI S tronic Business,https://www.subito.it/auto/audi-a3-spb-35-tdi-s-tronic-business-taranto-661878092.htm,19900,4,2022,143000,automatico,Diesel,150,Business,Base,35 TDI,Rivenditore,683,taranto,74121,Puglia,Sud
Audi A3 sportback 30 TDI 2022,https://www.subito.it/auto/audi-a3-sportback-30-tdi-2022-cuneo-661876173.htm,26000,4,2022,91000,manuale,Diesel,116,Sport,Middle,30 TDI,Privato,286,cuneo,12100,Piemonte,Nord-ovest
Audi A3 SPB 30 TDI Business,https://www.subito.it/auto/audi-a3-spb-30-tdi-business-catanzaro-661865774.htm,23000,4,2022,127000,automatico,Diesel,116,Business,Base,30 TDI,Rivenditore,791,sellia marina,88050,Calabria,Sud
Audi A3 SPB 35 TFSI S line edition,https://www.subito.it/auto/audi-a3-spb-35-tfsi-s-line-edition-bergamo-661860616.htm,26900,5,2021,64000,automatico,Benzina,150,S line,Sport,35 TFSI,Rivenditore,154,treviglio,24047,Lombardia,Nord-ovest
Audi A3 SPB 30 TDI Business,https://www.subito.it/auto/audi-a3-spb-30-tdi-business-bari-661856428.htm,18700,4,2022,115000,manuale,Diesel,116,Business,Base,30 TDI,Rivenditore,588,ruvo puglia,70037,Puglia,Sud
AUDI A3 SPB 30 TDI,https://www.subito.it/auto/audi-a3-spb-30-tdi-benevento-661844042.htm,20000,5,2021,160000,manuale,Diesel,116,S,Performance,30 TDI,Privato,492,benevento,82100,Campania,Sud
Audi A3 30 TDI BONUS ROTTAMAZ. s.line,https://www.subito.it/auto/audi-a3-30-tdi-bonus-rottamaz-s-line-bari-661830885.htm,22900,4,2022,163524,automatico,Diesel,116,S,Performance,30 TDI,Rivenditore,601,bitonto,70032,Puglia,Sud
Audi A3 SPB 35 TDI S line edition,https://www.subito.it/auto/audi-a3-spb-35-tdi-s-line-edition-reggio-calabria-661822450.htm,27200,5,2021,50703,manuale,Diesel,150,S line,Sport,35 TDI,Rivenditore,807,polistena,89024,Calabria,Sud
Audi A3 Sportback 30 TDI S tronic Business,https://www.subito.it/auto/audi-a3-sportback-30-tdi-s-tronic-business-ferrara-661768699.htm,28590,2,2024,20659,automatico,Diesel,116,Business,Base,30 TDI,Rivenditore,42,ferrara,44121,Emilia-Romagna,Nord-est
Audi A3 Sportback S line 30 TFSI S tronic,https://www.subito.it/auto/audi-a3-sportback-s-line-30-tfsi-s-tronic-roma-661727331.htm,29000,1,2025,12000,automatico,Ibrido,110,S line,Sport,30 TFSI,Privato,326,roma,118,Lazio,Centro
Audi A3 SPB 30 TDI Business S-Tronic FINANZIABILE,https://www.subito.it/auto/audi-a3-spb-30-tdi-business-s-tronic-finanziabile-nuoro-661718122.htm,19550,4,2022,143000,manuale,Diesel,116,Business,Base,30 TDI,Rivenditore,502,dorgali,8022,Sardegna,Isole
AUDI A3 SPB 35 TDI S tronic Business Advanced,https://www.subito.it/auto/audi-a3-spb-35-tdi-s-tronic-business-advanced-catanzaro-661712631.htm,26900,2,2024,119551,automatico,Diesel,150,Business Advanced,Middle,35 TDI,Rivenditore,778,curinga,88022,Calabria,Sud
AUDI A3 SPB 30 TDI S tronic Business,https://www.subito.it/auto/audi-a3-spb-30-tdi-s-tronic-business-bergamo-661712564.htm,22980,3,2023,28900,automatico,Diesel,116,Business,Base,30 TDI,Rivenditore,162,bergamo,24121,Lombardia,Nord-ovest
AUDI A3 4ª serie A3 SPB 35 TDI S tronic Busine...,https://www.subito.it/auto/audi-a3-4-serie-a3-spb-35-tdi-s-tronic-busine-pescara-648103166.htm,24900,4,2022,104980,automatico,Diesel,150,S,Performance,35 TDI,Rivenditore,345,spoltore,65010,Abruzzo,Sud
A3 SPB 35 TDI S tronic Business Advanced,https://www.subito.it/auto/a3-spb-35-tdi-s-tronic-business-advanced-forli-cesena-661686909.htm,16800,4,2022,190000,automatico,Diesel,150,Business Advanced,Middle,35 TDI,Rivenditore,95,forlimpopoli,47034,Emilia-Romagna,Nord-est
Audi A3 Cabrio 35 TFSI S line edition,https://www.subito.it/auto/audi-a3-cabrio-35-tfsi-s-line-edition-biella-661643157.htm,25900,5,2021,115000,automatico,Benzina,150,S line,Sport,35 TFSI,Rivenditore,259,gaglianico,13894,Piemonte,Nord-ovest
Audi A3 SPB 35 TDI S tronic Business Advanced,https://www.subito.it/auto/audi-a3-spb-35-tdi-s-tronic-business-advanced-sassari-659616051.htm,23500,4,2022,119000,automatico,Diesel,150,Business Advanced,Middle,35 TDI,Rivenditore,502,bono,7011,Sardegna,Isole
audi a3 s line sportback 35tdi,https://www.subito.it/auto/audi-a3-s-line-sportback-35tdi-cuneo-661614794.htm,26500,3,2023,65000,automatico,Diesel,150,S line,Sport,35 TDI,Privato,288,saluzzo,12037,Piemonte,Nord-ovest
AUDI A3 sportback 35 TDI,https://www.subito.it/auto/audi-a3-sportback-35-tdi-rimini-661603857.htm,26500,6,2020,70400,automatico,Diesel,150,Sport,Middle,35 TDI,Privato,132,rimini,47921,Emilia-Romagna,Nord-est
Audi a3 30 tdi sline stronic,https://www.subito.it/auto/audi-a3-30-tdi-sline-stronic-perugia-661590171.htm,27000,3,2023,56000,automatico,Diesel,116,S line,Sport,30 TDI,Privato,213,assisi,6081,Umbria,Centro
Audi A3 SPB 40 TFSI e S tronic Business,https://www.subito.it/auto/audi-a3-spb-40-tfsi-e-s-tronic-business-reggio-emilia-661583425.htm,22999,3,2023,57000,automatico,Ibrido,204,Business,Base,40 TFSI e,Rivenditore,40,reggio emilia,42121,Emilia-Romagna,Nord-est
AUDI A3 SPB 30 TDI Stronic Sport,https://www.subito.it/auto/audi-a3-spb-30-tdi-stronic-sport-lecce-661575366.htm,25900,4,2022,60900,automatico,Diesel,116,Sport,Middle,30 TDI,Rivenditore,776,melissano,73040,Puglia,Sud
A3 Sedan 30 TDI -S-line-unipro-rate-tetto-,https://www.subito.it/auto/a3-sedan-30-tdi-s-line-unipro-rate-tetto-roma-661570333.htm,17990,6,2020,98000,manuale,Diesel,116,S line,Sport,30 TDI,Rivenditore,326,roma,118,Lazio,Centro
Audi A3 SPB 30 TDI S tronic - 2021,https://www.subito.it/auto/audi-a3-spb-30-tdi-s-tronic-2021-como-661569900.htm,20900,5,2021,99000,automatico,Diesel,116,S,Performance,30 TDI,Rivenditore,206,montano lucino,22070,Lombardia,Nord-ovest
Audi A3 SPB 35 TDI S tronic Business,https://www.subito.it/auto/audi-a3-spb-35-tdi-s-tronic-business-caserta-661567048.htm,23850,4,2022,62920,automatico,Diesel,150,Business,Base,35 TDI,Rivenditore,482,maddaloni,81024,Campania,Sud
Audi A3 Sedan 30 TDI S line edition,https://www.subito.it/auto/audi-a3-sedan-30-tdi-s-line-edition-napoli-661529986.htm,19900,6,2020,88747,manuale,Diesel,116,S line,Sport,30 TDI,Rivenditore,512,poggiomarino,80040,Campania,Sud
Audi A3 35 Tfsi con TAGLIANDO INCLUSO-SERVICE AUDI,https://www.subito.it/auto/audi-a3-35-tfsi-con-tagliando-incluso-service-audi-roma-654101715.htm,21750,6,2020,89000,automatico,Benzina,150,S,Performance,35 TFSI,Privato,326,roma,118,Lazio,Centro
AUDI A3 35TDI S Line S Tronic,https://www.subito.it/auto/audi-a3-35tdi-s-line-s-tronic-trapani-635257439.htm,21990,4,2022,70000,automatico,Diesel,150,S line,Sport,35 TDI,Privato,784,partanna,91028,Sicilia,Isole
AUDI A3 SPB 35 TDI S tronic Business,https://www.subito.it/auto/audi-a3-spb-35-tdi-s-tronic-business-macerata-661389373.htm,24300,5,2021,65527,automatico,Diesel,150,Business,Base,35 TDI,Rivenditore,236,tolentino,62029,Marche,Centro
Audi A3 Sportback 30 TDI S-tronic Business Advance,https://www.subito.it/auto/audi-a3-sportback-30-tdi-s-tronic-business-advance-roma-658324404.htm,24500,4,2022,58000,automatico,Diesel,116,Business,Base,30 TDI,Privato,326,roma,118,Lazio,Centro
Audi a3 40 tfsie,https://www.subito.it/auto/audi-a3-40-tfsie-roma-661358690.htm,23500,5,2021,84000,automatico,Ibrido,204,S,Performance,40 TFSI e,Privato,326,roma,118,Lazio,Centro
Audi A3 SPB Sportback 30 TDI S-tronic Business Adv,https://www.subito.it/auto/audi-a3-spb-sportback-30-tdi-s-tronic-business-adv-reggio-calabria-661353455.htm,24990,4,2022,44000,automatico,Diesel,116,Business,Base,30 TDI,Rivenditore,796,rosarno,89025,Calabria,Sud
Audi A3 Sportback 35 TFSI 150 CV Business,https://www.subito.it/auto/audi-a3-sportback-35-tfsi-150-cv-business-treviso-661320493.htm,25800,3,2023,35700,manuale,Benzina,150,Business,Base,35 TFSI,Rivenditore,159,pieve soligo,31053,Veneto,Nord-est
Audi A3 Sportback 30 TDI S tronic S line Edit...,https://www.subito.it/auto/audi-a3-sportback-30-tdi-s-tronic-s-line-edit-brindisi-661268230.htm,22500,4,2022,97723,automatico,Diesel,116,S line,Sport,30 TDI,Rivenditore,698,san vito normanni,72019,Puglia,Sud
AUDI A3 SPB 30 TFSI S tronic Business,https://www.subito.it/auto/audi-a3-spb-30-tfsi-s-tronic-business-brescia-659199109.htm,20300,4,2022,76443,automatico,Benzina,110,Business,Base,30 TFSI,Rivenditore,111,mazzano,25080,Lombardia,Nord-ovest
A3 SPB 30TDI S tronic advanced ok neopatenti,https://www.subito.it/auto/a3-spb-30tdi-s-tronic-advanced-ok-neopatenti-forli-cesena-661240956.htm,21000,3,2023,95000,automatico,Diesel,116,Advanced,Middle,30 TDI,Rivenditore,95,forlimpopoli,47034,Emilia-Romagna,Nord-est
A3 SPB 35 TDI S tronic,https://www.subito.it/auto/a3-spb-35-tdi-s-tronic-forli-cesena-661236182.htm,21000,2,2024,100000,automatico,Diesel,150,S,Performance,35 TDI,Rivenditore,95,forlimpopoli,47034,Emilia-Romagna,Nord-est
Audi A3 SPB 35 TDI S tronic,https://www.subito.it/auto/audi-a3-spb-35-tdi-s-tronic-napoli-661217508.htm,22899,3,2023,95000,automatico,Diesel,150,S,Performance,35 TDI,Rivenditore,484,giugliano campania,80014,Campania,Sud
Audi A3 SPB 35 TDI S tronic SPORT,https://www.subito.it/auto/audi-a3-spb-35-tdi-s-tronic-sport-reggio-calabria-661211609.htm,23900,4,2022,115000,manuale,Diesel,150,Sport,Middle,35 TDI,Rivenditore,830,siderno,89048,Calabria,Sud
Audi A3 Sportback Business 35 TDI 150 CV S Tronic,https://www.subito.it/auto/audi-a3-sportback-business-35-tdi-150-cv-s-tronic-messina-661207444.htm,25900,5,2021,130000,automatico,Diesel,150,Business,Base,35 TDI,Privato,807,messina,98121,Sicilia,Isole
Audi A3 NUOVA SERIE SEDAN 2.0 TDIe S35 *S-LINE* FU,https://www.subito.it/auto/audi-a3-nuova-serie-sedan-2-0-tdie-s35-s-line-fu-salerno-644593288.htm,24900,4,2022,70128,manuale,Diesel,310,S line,Sport,S3,Rivenditore,552,eboli,84025,Campania,Sud
Audi A3 SPB 35 TFSI S-Tronic Business Advanced,https://www.subito.it/auto/audi-a3-spb-35-tfsi-s-tronic-business-advanced-pordenone-650830052.htm,22900,2,2024,72000,automatico,Benzina,150,Business Advanced,Middle,35 TFSI,Rivenditore,193,san vito tagliamento,33078,Friuli-Venezia Giulia,Nord-est
AUDI A3 SPORTBACK 30 TDI S TRONIC BUSINESS – 2023,https://www.subito.it/auto/audi-a3-sportback-30-tdi-s-tronic-business-2023-bergamo-661184638.htm,18000,3,2023,184000,automatico,Diesel,116,Business,Base,30 TDI,Privato,152,gorlago,24060,Lombardia,Nord-ovest
Audi A3 SPB 35 TDI Business Advanced,https://www.subito.it/auto/audi-a3-spb-35-tdi-business-advanced-cosenza-661173133.htm,14900,5,2021,183000,manuale,Diesel,150,Business Advanced,Middle,35 TDI,Rivenditore,724,rende,87036,Calabria,Sud
Audi A3 SPB 35 TDI S tronic,https://www.subito.it/auto/audi-a3-spb-35-tdi-s-tronic-salerno-661168822.htm,22000,4,2022,126000,automatico,Diesel,150,S,Performance,35 TDI,Rivenditore,520,pagani,84016,Campania,Sud
AUDI A3 SPB 30 TDI S tronic Business Advanced,https://www.subito.it/auto/audi-a3-spb-30-tdi-s-tronic-business-advanced-treviso-661150417.htm,23900,3,2023,70000,automatico,Diesel,116,Business Advanced,Middle,30 TDI,Rivenditore,141,treviso,31100,Veneto,Nord-est
"AUDI A3 SPB 35TFSI 150cv Hybrid Stronic S line """,https://www.subito.it/auto/audi-a3-spb-35tfsi-150cv-hybrid-stronic-s-line-cuneo-661150228.htm,26900,2,2024,53000,automatico,Ibrido,150,S line,Sport,35 TFSI,Rivenditore,275,savigliano,12038,Piemonte,Nord-ovest
"AUDI A3 SPB 35TFSI 150cv Hybrid Stronic ""18 Slin",https://www.subito.it/auto/audi-a3-spb-35tfsi-150cv-hybrid-stronic-18-slin-cuneo-661149052.htm,27500,2,2024,47200,automatico,Benzina,150,S,Performance,35 TFSI,Rivenditore,275,savigliano,12038,Piemonte,Nord-ovest
"AUDI A3 SPB 35TFSI 150cv Hybrid Stronic S line """,https://www.subito.it/auto/audi-a3-spb-35tfsi-150cv-hybrid-stronic-s-line-cuneo-661148055.htm,26990,2,2024,52900,automatico,Benzina,150,S line,Sport,35 TFSI,Rivenditore,275,savigliano,12038,Piemonte,Nord-ovest
Audi A3 Business Advanced 1.5 35 TFSI MHEV #50291,https://www.subito.it/auto/audi-a3-business-advanced-1-5-35-tfsi-mhev-50291-brescia-661113934.htm,27900,2,2024,39000,automatico,Benzina,150,Business Advanced,Middle,35 TFSI MHEV,Rivenditore,111,mazzano,25080,Lombardia,Nord-ovest
Audi A3 Sportback SPB 35 TDI S tronic 2.0d 150cv,https://www.subito.it/auto/audi-a3-sportback-spb-35-tdi-s-tronic-2-0d-150cv-avellino-661090349.htm,15490,6,2020,149000,automatico,Diesel,150,Sport,Middle,35 TDI,Rivenditore,514,atripalda,83042,Campania,Sud
Audi A3 Sportback 30 TDI S tronic S line Edition,https://www.subito.it/auto/audi-a3-sportback-30-tdi-s-tronic-s-line-edition-modena-661087228.htm,22950,5,2021,72747,automatico,Diesel,116,S line,Sport,30 TDI,Rivenditore,16,modena,41121,Emilia-Romagna,Nord-est
Audi Q3 Sportback Sportback 35 tdi Business s-tro,https://www.subito.it/auto/audi-q3-sportback-sportback-35-tdi-business-s-tro-cuneo-661084237.htm,29800,5,2021,108400,automatico,Diesel,150,Business,Base,35 TDI,Rivenditore,245,alba,12051,Piemonte,Nord-ovest
Audi A3 Sportback 30 TDI S tronic S line Edition,https://www.subito.it/auto/audi-a3-sportback-30-tdi-s-tronic-s-line-edition-modena-661081922.htm,22950,5,2021,72747,automatico,Diesel,116,S line,Sport,30 TDI,Rivenditore,16,modena,41121,Emilia-Romagna,Nord-est
Audi A3 35 TDI 150cv S-Tronic S-Line,https://www.subito.it/auto/audi-a3-35-tdi-150cv-s-tronic-s-line-como-661071432.htm,18000,6,2020,108000,automatico,Diesel,150,S line,Sport,35 TDI,Privato,214,albiolo,22070,Lombardia,Nord-ovest
Audi A3 Sportback 35 TFSI S-Tronic v. Bus. Adv.,https://www.subito.it/auto/audi-a3-sportback-35-tfsi-s-tronic-v-bus-adv-bologna-650277372.htm,22000,5,2021,75000,automatico,Ibrido,150,Sport,Middle,35 TFSI,Privato,13,anzola emilia,40011,Emilia-Romagna,Nord-est
Audi A3 SPB 30 TDI S line edition,https://www.subito.it/auto/audi-a3-spb-30-tdi-s-line-edition-torino-661037605.htm,20900,4,2022,68766,manuale,Diesel,116,S line,Sport,30 TDI,Rivenditore,286,orbassano,10043,Piemonte,Nord-ovest
Audi A3 SPB 35 TDI S tronic Business Advanced,https://www.subito.it/auto/audi-a3-spb-35-tdi-s-tronic-business-advanced-lecce-640286010.htm,24500,4,2022,102000,automatico,Diesel,150,Business Advanced,Middle,35 TDI,Rivenditore,781,botrugno,73020,Puglia,Sud
Audi A3 SPB 30 TFSI Business Advanced,https://www.subito.it/auto/audi-a3-spb-30-tfsi-business-advanced-milano-660932039.htm,24500,3,2023,38000,manuale,Benzina,110,Business Advanced,Middle,30 TFSI,Rivenditore,177,milano,20121,Lombardia,Nord-ovest
AUDI A3 Sedan 35 TDI S tronic S line edition,https://www.subito.it/auto/audi-a3-sedan-35-tdi-s-tronic-s-line-edition-ascoli-piceno-660872931.htm,25800,3,2023,53000,automatico,Diesel,150,S line,Sport,35 TDI,Rivenditore,292,san benedetto tronto,63074,Marche,Centro
AUDI A3 4ª serie A3 SPB 35 TDI S tronic S line...,https://www.subito.it/auto/audi-a3-4-serie-a3-spb-35-tdi-s-tronic-s-line-torino-660879175.htm,29900,2,2024,30000,automatico,Diesel,150,S line,Sport,35 TDI,Rivenditore,276,torino,10121,Piemonte,Nord-ovest
Audi A3 35 TDI SB S line,https://www.subito.it/auto/audi-a3-35-tdi-sb-s-line-pordenone-660137953.htm,27500,4,2022,89000,manuale,Diesel,150,S line,Sport,35 TDI,Privato,207,maniago,33085,Friuli-Venezia Giulia,Nord-est
AUDI A3 35 TDI 2.0 150 CV S line,https://www.subito.it/auto/audi-a3-35-tdi-2-0-150-cv-s-line-lecce-660833794.htm,20800,6,2020,118000,manuale,Diesel,150,S line,Sport,35 TDI,Rivenditore,775,casarano,73042,Puglia,Sud
Audi A3 30TDI SPORTBACK 116CV AUTOMATICA,https://www.subito.it/auto/audi-a3-30tdi-sportback-116cv-automatica-napoli-660825998.htm,22400,5,2021,105000,automatico,Diesel,116,Sport,Middle,30 TDI,Rivenditore,507,san giuseppe vesuviano,80047,Campania,Sud
AUDI A3 SPB 40 TDI quattro S tronic S line edition,https://www.subito.it/auto/audi-a3-spb-40-tdi-quattro-s-tronic-s-line-edition-venezia-660811757.htm,29900,4,2022,69000,automatico,Diesel,190,S line,Sport,40 TDI,Rivenditore,123,noale,30033,Veneto,Nord-est
Audi A3 SPB 35 TDI S tronic Business Advanced,https://www.subito.it/auto/audi-a3-spb-35-tdi-s-tronic-business-advanced-vicenza-660791278.htm,23000,5,2021,120000,automatico,Diesel,150,Business Advanced,Middle,35 TDI,Rivenditore,95,montecchio maggiore,36075,Veneto,Nord-est
Audi A3 sportback 35 TDI S tronic line edition,https://www.subito.it/auto/audi-a3-sportback-35-tdi-s-tronic-line-edition-napoli-660769423.htm,21999,3,2023,110000,automatico,Diesel,150,Sport,Middle,35 TDI,Rivenditore,490,acerra,80011,Campania,Sud
Audi a3 s line 40 Tfsi-e 204cv,https://www.subito.it/auto/audi-a3-s-line-40-tfsi-e-204cv-napoli-658195369.htm,26500,6,2020,57000,automatico,Ibrido,204,S line,Sport,40 TFSI e,Privato,521,gragnano,80054,Campania,Sud
A3 SPB 35 TDI S tronic business,https://www.subito.it/auto/a3-spb-35-tdi-s-tronic-business-vicenza-660730556.htm,21000,6,2020,119000,automatico,Diesel,150,Business,Base,35 TDI,Privato,95,montecchio maggiore,36075,Veneto,Nord-est
Audi A3 SPB 30 TDI S tronic - 2022,https://www.subito.it/auto/audi-a3-spb-30-tdi-s-tronic-2022-bari-660712477.htm,22500,4,2022,145000,automatico,Diesel,116,S,Performance,30 TDI,Rivenditore,638,conversano,70014,Puglia,Sud
AUDI A3 SPB 30 TDI S tronic Advanced NEOPATENTAT,https://www.subito.it/auto/audi-a3-spb-30-tdi-s-tronic-advanced-neopatentat-brescia-660697327.htm,18900,4,2022,198000,automatico,Diesel,116,Advanced,Middle,30 TDI,Rivenditore,125,orzinuovi,25034,Lombardia,Nord-ovest
Audi A3 SPB 30 TDI S tronic Business Advanced,https://www.subito.it/auto/audi-a3-spb-30-tdi-s-tronic-business-advanced-treviso-660678020.htm,27500,3,2023,58800,automatico,Diesel,116,Business Advanced,Middle,30 TDI,Rivenditore,159,pieve soligo,31053,Veneto,Nord-est
Audi A3 SPB 35 TFSI Business Advanced,https://www.subito.it/auto/audi-a3-spb-35-tfsi-business-advanced-treviso-660677520.htm,25800,3,2023,34000,manuale,Benzina,150,Business Advanced,Middle,35 TFSI,Rivenditore,159,pieve soligo,31053,Veneto,Nord-est
Audi A3 Sportback SPB 35 TFSI S tronic Busine...,https://www.subito.it/auto/audi-a3-sportback-spb-35-tfsi-s-tronic-busine-treviso-660676633.htm,27500,2,2024,55000,automatico,Benzina,150,Sport,Middle,35 TFSI,Rivenditore,159,pieve soligo,31053,Veneto,Nord-est
AUDI A3 SPB 30 TDI Business TUA DA 283€ CON ANTICI,https://www.subito.it/auto/audi-a3-spb-30-tdi-business-tua-da-283-con-antici-messina-660635092.htm,23900,2,2024,75000,manuale,Diesel,116,Business,Base,30 TDI,Rivenditore,800,torregrotta,98040,Sicilia,Isole
Audi A3 30 TDI Business Advanced,https://www.subito.it/auto/audi-a3-30-tdi-business-advanced-cosenza-660614858.htm,22999,4,2022,68000,manuale,Diesel,116,Business Advanced,Middle,30 TDI,Privato,732,crosia,87060,Calabria,Sud
Audi A3 SPB 35 TDI S tronic Business Advanced,https://www.subito.it/auto/audi-a3-spb-35-tdi-s-tronic-business-advanced-napoli-660461409.htm,16498,6,2020,201000,automatico,Diesel,150,Business Advanced,Middle,35 TDI,Rivenditore,500,somma vesuviana,80049,Campania,Sud
Audi A3 Business Advanced 1.5 35 TFSI MHEV #12158,https://www.subito.it/auto/audi-a3-business-advanced-1-5-35-tfsi-mhev-12158-brescia-658665709.htm,18900,6,2020,126000,automatico,Benzina,150,Business Advanced,Middle,35 TFSI MHEV,Rivenditore,111,mazzano,25080,Lombardia,Nord-ovest
Audi A3 SPB 35 TFSI Business IVA DETRAIBILE,https://www.subito.it/auto/audi-a3-spb-35-tfsi-business-iva-detraibile-novara-660440235.htm,19100,3,2023,114700,manuale,Benzina,150,Business,Base,35 TFSI,Rivenditore,222,oleggio,28047,Piemonte,Nord-ovest
Audi A3 SPB 35 TDI S tronic Business Advanced,https://www.subito.it/auto/audi-a3-spb-35-tdi-s-tronic-business-advanced-cagliari-660424228.htm,19900,5,2021,149000,automatico,Diesel,150,Business Advanced,Middle,35 TDI,Rivenditore,628,cagliari,9121,Sardegna,Isole
Audi A3 business 1.0 30 TFSI #11906,https://www.subito.it/auto/audi-a3-business-1-0-30-tfsi-11906-brescia-655921798.htm,20500,5,2021,56900,automatico,Ibrido,110,Business,Base,30 TFSI,Rivenditore,111,mazzano,25080,Lombardia,Nord-ovest
"Audi A3 SPB 40 TDI 200 CV 4X4, S LINE, TETTO, INTE",https://www.subito.it/auto/audi-a3-spb-40-tdi-200-cv-4x4-s-line-tetto-inte-bari-660359734.htm,29900,5,2021,131000,automatico,Diesel,190,S line,Sport,40 TDI,Rivenditore,629,santeramo colle,70029,Puglia,Sud
AUDI A3 SPB 30 TFSI ANCHE NEOPATENTATI,https://www.subito.it/auto/audi-a3-spb-30-tfsi-anche-neopatentati-ravenna-660287295.htm,20650,3,2023,67373,manuale,Benzina,110,S,Performance,30 TFSI,Rivenditore,78,russi,48026,Emilia-Romagna,Nord-est
AUDI A3 4ª serie A3 SPB 35 TDI S tronic S line...,https://www.subito.it/auto/audi-a3-4-serie-a3-spb-35-tdi-s-tronic-s-line-mantova-660280394.htm,26900,3,2023,57850,automatico,Diesel,150,S line,Sport,35 TDI,Rivenditore,94,castiglione delle stiviere,46043,Lombardia,Nord-ovest
Audi A3 SPB 35 TDI S tronic line edition - LUCI AM,https://www.subito.it/auto/audi-a3-spb-35-tdi-s-tronic-line-edition-luci-am-lecco-660269319.htm,21990,6,2020,124000,automatico,Diesel,150,S,Performance,35 TDI,Rivenditore,190,lecco,23900,Lombardia,Nord-ovest
Audi A3 S Line Edition 40 TFSI #11630,https://www.subito.it/auto/audi-a3-s-line-edition-40-tfsi-11630-torino-653355278.htm,28900,3,2023,82000,automatico,Ibrido,190,S line,Sport,40 TFSI,Rivenditore,276,torino,10121,Piemonte,Nord-ovest
Audi A3 SPB 30 TDI 4a serie.,https://www.subito.it/auto/audi-a3-spb-30-tdi-4a-serie-varese-660209374.htm,19500,5,2021,110000,automatico,Diesel,116,S,Performance,30 TDI,Privato,206,gorla minore,21055,Lombardia,Nord-ovest
Audi A3 SPB 30 TDI Business Advanced,https://www.subito.it/auto/audi-a3-spb-30-tdi-business-advanced-caltanissetta-660057904.htm,24500,5,2021,93930,manuale,Diesel,116,Business Advanced,Middle,30 TDI,Rivenditore,833,caltanissetta,93100,Sicilia,Isole
Audi A3 35tfsi sportback,https://www.subito.it/auto/audi-a3-35tfsi-sportback-siracusa-660036231.htm,24500,5,2021,45000,manuale,Benzina,150,Sport,Middle,35 TFSI,Privato,914,siracusa,96100,Sicilia,Isole
Audi A3 Sedan 35TDI S tronic 150cv Full led,https://www.subito.it/auto/audi-a3-sedan-35tdi-s-tronic-150cv-full-led-treviso-660024224.htm,23900,6,2020,138000,automatico,Diesel,150,S,Performance,35 TDI,Privato,166,fontanelle,31043,Veneto,Nord-est
AUDI A3 SPB 30 TDI Business,https://www.subito.it/auto/audi-a3-spb-30-tdi-business-treviso-660022303.htm,23900,4,2022,60000,manuale,Diesel,116,Business,Base,30 TDI,Rivenditore,141,treviso,31100,Veneto,Nord-est
AUDI A3 SPB 35 TDI S tronic Business Advanced,https://www.subito.it/auto/audi-a3-spb-35-tdi-s-tronic-business-advanced-treviso-660022164.htm,28900,3,2023,41000,automatico,Diesel,150,Business Advanced,Middle,35 TDI,Rivenditore,141,treviso,31100,Veneto,Nord-est
Audi A3 SPB 35 TDI S-tronic Business Advanced,https://www.subito.it/auto/audi-a3-spb-35-tdi-s-tronic-business-advanced-lecce-659890843.htm,29000,4,2022,43900,automatico,Diesel,150,Business Advanced,Middle,35 TDI,Privato,744,surbo,73010,Puglia,Sud
AUDI A3 SPB 30 TDI S tronic S line edition,https://www.subito.it/auto/audi-a3-spb-30-tdi-s-tronic-s-line-edition-torino-659830408.htm,26990,2,2024,95002,automatico,Diesel,116,S line,Sport,30 TDI,Rivenditore,276,torino,10121,Piemonte,Nord-ovest
A3 Sportback 30 TDI 115 CV  S TRONIC BUSINESS ,https://www.subito.it/auto/a3-sportback-30-tdi-115-cv-s-tronic-business-verona-659815963.htm,18000,2,2024,90500,automatico,Diesel,116,Business,Base,30 TDI,Privato,86,verona,37121,Veneto,Nord-est
AUDI A3 35TFSI SEDAN,https://www.subito.it/auto/audi-a3-35tfsi-sedan-latina-659662911.htm,28500,5,2021,115000,automatico,Ibrido,150,S,Performance,35 TFSI,Privato,383,latina,4100,Lazio,Centro
Audi A3 2000 35 TDI  sline dsg,https://www.subito.it/auto/audi-a3-2000-35-tdi-sline-dsg-torino-659654905.htm,27000,3,2023,53350,automatico,Diesel,150,S line,Sport,35 TDI,Privato,276,torino,10121,Piemonte,Nord-ovest
Audi A3 SPB 35 TDI S tronic line edition,https://www.subito.it/auto/audi-a3-spb-35-tdi-s-tronic-line-edition-napoli-647641613.htm,26499,6,2020,75000,automatico,Diesel,150,S,Performance,35 TDI,Rivenditore,499,sant anastasia,80048,Campania,Sud
AUDI A3 35 TDI BUSINESS ADVANCED,https://www.subito.it/auto/audi-a3-35-tdi-business-advanced-reggio-calabria-650526131.htm,22500,4,2022,93000,manuale,Diesel,150,Business Advanced,Middle,35 TDI,Rivenditore,819,reggio calabria,89121,Calabria,Sud
AUDI A3 SPB 30 TDI ANCHE NEOPATENTATI,https://www.subito.it/auto/audi-a3-spb-30-tdi-anche-neopatentati-ravenna-659568236.htm,21850,3,2023,51046,manuale,Diesel,116,S,Performance,30 TDI,Rivenditore,78,russi,48026,Emilia-Romagna,Nord-est
AUDI A3 Sedan 35 TDI S tronic S line edition,https://www.subito.it/auto/audi-a3-sedan-35-tdi-s-tronic-s-line-edition-taranto-659567758.htm,26990,3,2023,103000,automatico,Diesel,150,S line,Sport,35 TDI,Rivenditore,693,san giorgio ionico,74027,Puglia,Sud
AUDI A3 SPB 30 TDI S line edition,https://www.subito.it/auto/audi-a3-spb-30-tdi-s-line-edition-ancona-659539584.htm,27000,4,2022,105000,manuale,Diesel,116,S line,Sport,30 TDI,Rivenditore,211,jesi,60035,Marche,Centro
Audi A3 AZIENDALE SPB 30 TDI 116CV Adv. COME NUOVA,https://www.subito.it/auto/audi-a3-aziendale-spb-30-tdi-116cv-adv-come-nuova-cagliari-659525998.htm,19350,4,2022,129000,automatico,Diesel,116,S,Performance,30 TDI,Rivenditore,623,quartu sant elena,9045,Sardegna,Isole
Audi A3 SPB 30 TDI,https://www.subito.it/auto/audi-a3-spb-30-tdi-ancona-659508127.htm,20900,6,2020,103000,manuale,Diesel,116,S,Performance,30 TDI,Rivenditore,211,chiaravalle,60033,Marche,Centro
AUDI A3 SPB 30 TDI,https://www.subito.it/auto/audi-a3-spb-30-tdi-pisa-659437423.htm,19700,5,2021,82000,automatico,Diesel,116,S,Performance,30 TDI,Privato,114,san giuliano terme,56017,Toscana,Centro
Audi A3 SPB 30TDi Business Advance,https://www.subito.it/auto/audi-a3-spb-30tdi-business-advance-roma-659394355.htm,23000,5,2021,54000,manuale,Diesel,116,Business,Base,30 TDI,Privato,319,sant angelo romano,10,Lazio,Centro
AUDI A3 SPB 30TDI ADVANCED S-TRONIC IN ARRIVO,https://www.subito.it/auto/audi-a3-spb-30tdi-advanced-s-tronic-in-arrivo-mantova-659374900.htm,22900,3,2023,96000,automatico,Diesel,116,Advanced,Middle,30 TDI,Rivenditore,72,roverbella,46048,Lombardia,Nord-ovest
Audi A3 SPB 35 TDI S tronic line edition,https://www.subito.it/auto/audi-a3-spb-35-tdi-s-tronic-line-edition-mantova-659359916.htm,27900,3,2023,41000,automatico,Diesel,150,S,Performance,35 TDI,Rivenditore,56,viadana,46019,Lombardia,Nord-ovest
Audi Sportback 35 TFSI S Tronic S Line Edition,https://www.subito.it/auto/audi-sportback-35-tfsi-s-tronic-s-line-edition-monza-658594189.htm,28200,2,2024,37500,automatico,Ibrido,150,S line,Sport,35 TFSI,Privato,178,monza,20900,Lombardia,Nord-ovest
Audi A3 Sportback 30 TFSI S tronic Mild Hyb. Nera,https://www.subito.it/auto/audi-a3-sportback-30-tfsi-s-tronic-mild-hyb-nera-milano-656372290.htm,27700,3,2023,19678,automatico,Benzina,110,Sport,Middle,30 TFSI,Privato,177,milano,20121,Lombardia,Nord-ovest
Audi A3 SPB 30 TDI S line edition,https://www.subito.it/auto/audi-a3-spb-30-tdi-s-line-edition-padova-659256159.htm,24990,4,2022,61200,automatico,Diesel,116,S line,Sport,30 TDI,Rivenditore,92,masera padova,35020,Veneto,Nord-est
AUDI A3 35 TDI 2.0 150 CV S-TRONIC,https://www.subito.it/auto/audi-a3-35-tdi-2-0-150-cv-s-tronic-brindisi-659222959.htm,19900,4,2022,133000,automatico,Diesel,150,S,Performance,35 TDI,Rivenditore,663,fasano,72015,Puglia,Sud
AUDI A3 SPB 35 TFSI S tronic Business Advanced,https://www.subito.it/auto/audi-a3-spb-35-tfsi-s-tronic-business-advanced-lecco-659126496.htm,24000,4,2022,111300,automatico,Ibrido,150,Business Advanced,Middle,35 TFSI,Privato,183,calolziocorte,23801,Lombardia,Nord-ovest
AUDI A3 SPB 35 TDI S tronic S line edition,https://www.subito.it/auto/audi-a3-spb-35-tdi-s-tronic-s-line-edition-grosseto-652388353.htm,29000,6,2020,64000,automatico,Diesel,150,S line,Sport,35 TDI,Privato,211,grosseto,58100,Toscana,Centro
Audi A3 SPB 30 TDI Business Advanced,https://www.subito.it/auto/audi-a3-spb-30-tdi-business-advanced-taranto-659102885.htm,18700,5,2021,119067,manuale,Diesel,116,Business Advanced,Middle,30 TDI,Rivenditore,701,fragagnano,74022,Puglia,Sud
AUDI A3 SPB 35 TDI S tronic S line edition,https://www.subito.it/auto/audi-a3-spb-35-tdi-s-tronic-s-line-edition-caserta-659060377.htm,25999,4,2022,59560,automatico,Diesel,150,S line,Sport,35 TDI,Rivenditore,475,casagiove,81022,Campania,Sud
AUDI A3 SPB 35 TDI S tronic Business Advanced,https://www.subito.it/auto/audi-a3-spb-35-tdi-s-tronic-business-advanced-taranto-655738643.htm,21490,6,2020,110000,automatico,Diesel,150,Business Advanced,Middle,35 TDI,Rivenditore,708,sava,74028,Puglia,Sud
Audi A3 SPB 30 TDI S line edition,https://www.subito.it/auto/audi-a3-spb-30-tdi-s-line-edition-caserta-658983715.htm,17990,3,2023,155000,automatico,Diesel,116,S line,Sport,30 TDI,Rivenditore,454,mondragone,81034,Campania,Sud
PREZZO @FF@RE! AUDI A3 35TDI 150CV S-TRONIC S-LINE,https://www.subito.it/auto/prezzo-ff-re-audi-a3-35tdi-150cv-s-tronic-s-line-reggio-calabria-658973433.htm,18900,6,2020,178000,automatico,Diesel,150,S line,Sport,35 TDI,Privato,819,reggio calabria,89121,Calabria,Sud
Audi A3 SPB 30 TFSI S line edition,https://www.subito.it/auto/audi-a3-spb-30-tfsi-s-line-edition-padova-658963608.htm,25500,3,2023,46500,manuale,Benzina,110,S line,Sport,30 TFSI,Rivenditore,92,abano terme,35031,Veneto,Nord-est
Audi A3 SPORTBACK E-Tron 40TFSI,https://www.subito.it/auto/audi-a3-sportback-e-tron-40tfsi-milano-658901866.htm,22500,5,2021,134093,automatico,Ibrido,190,Sport,Middle,40 TFSI,Rivenditore,190,cornaredo,20007,Lombardia,Nord-ovest
Audi A3 40 TFSI Quattro S-Tronic,https://www.subito.it/auto/audi-a3-40-tfsi-quattro-s-tronic-padova-658876372.htm,27400,6,2020,81050,automatico,Benzina,190,S,Performance,40 TFSI,Privato,101,padova,35121,Veneto,Nord-est
Audi A3 Sedan 35TDI AUT. S-tronic Advanced FULL OP,https://www.subito.it/auto/audi-a3-sedan-35tdi-aut-s-tronic-advanced-full-op-viterbo-658847385.htm,26800,6,2020,80000,automatico,Diesel,150,Advanced,Middle,35 TDI,Rivenditore,259,montalto castro,1014,Lazio,Centro
AUDI A3 SPB 35 TDI S tronic Business Advanced,https://www.subito.it/auto/audi-a3-spb-35-tdi-s-tronic-business-advanced-parma-658828076.htm,22800,3,2023,78500,automatico,Diesel,150,Business Advanced,Middle,35 TDI,Rivenditore,65,parma,43121,Emilia-Romagna,Nord-est
A3 Sportback 3.0 TFSI ibrida,https://www.subito.it/auto/a3-sportback-3-0-tfsi-ibrida-pordenone-658777811.htm,21900,4,2022,70000,automatico,Ibrido,110,Sport,Middle,30 TFSI,Privato,177,pravisdomini,33076,Friuli-Venezia Giulia,Nord-est
AUDI A3 35 TDI S tronic S line SPB TAGL. AUDI,https://www.subito.it/auto/audi-a3-35-tdi-s-tronic-s-line-spb-tagl-audi-milano-652158527.htm,26800,4,2022,113000,automatico,Diesel,150,S line,Sport,35 TDI,Rivenditore,180,cinisello balsamo,20092,Lombardia,Nord-ovest
Audi A3 SPB 30 TDI S line edition iva deducibile g,https://www.subito.it/auto/audi-a3-spb-30-tdi-s-line-edition-iva-deducibile-g-caserta-658550973.htm,18500,4,2022,111000,manuale,Diesel,116,S line,Sport,30 TDI,Rivenditore,484,sant arpino,81030,Campania,Sud
AUDI A3 SPORTBACK 30TDI S-LINE S-TRONIC IN ARRIVO,https://www.subito.it/auto/audi-a3-sportback-30tdi-s-line-s-tronic-in-arrivo-mantova-658483524.htm,23500,4,2022,134000,automatico,Diesel,116,S line,Sport,30 TDI,Rivenditore,72,roverbella,46048,Lombardia,Nord-ovest
Audi A3 Sportback 30 TFSI S tronic Business S...,https://www.subito.it/auto/audi-a3-sportback-30-tfsi-s-tronic-business-s-parma-658454803.htm,29900,1,2025,1000,automatico,Benzina,110,Business,Base,30 TFSI,Rivenditore,87,fidenza,43036,Emilia-Romagna,Nord-est
Audi A3 Sportback 35 TDI S tronic (150 CV) –,https://www.subito.it/auto/audi-a3-sportback-35-tdi-s-tronic-150-cv-genova-658442801.htm,22900,4,2022,106000,automatico,Diesel,150,Sport,Middle,35 TDI,Privato,177,genova,16121,Liguria,Nord-ovest
AUDI A3 SPORTBACK 35 TDI 150cv,https://www.subito.it/auto/audi-a3-sportback-35-tdi-150cv-palermo-658373562.htm,21000,5,2021,98000,automatico,Diesel,150,Sport,Middle,35 TDI,Privato,770,trabia,90019,Sicilia,Isole
"Audi A3 30 tfsi, manuale",https://www.subito.it/auto/audi-a3-30-tfsi-manuale-viterbo-658362609.htm,22900,3,2023,73000,manuale,Benzina,110,S,Performance,30 TFSI,Privato,290,oriolo romano,1010,Lazio,Centro
AUDI A3 SPORTBACK 35 TFSI S-Tronic 1.5 150Cv SPB,https://www.subito.it/auto/audi-a3-sportback-35-tfsi-s-tronic-1-5-150cv-spb-brescia-658342724.htm,25900,3,2023,76000,automatico,Benzina,150,Sport,Middle,35 TFSI,Rivenditore,126,concesio,25062,Lombardia,Nord-ovest
AUDI A3 SPB 35 TFSI S tronic UNIPRO PERFETTA,https://www.subito.it/auto/audi-a3-spb-35-tfsi-s-tronic-unipro-perfetta-brescia-658341370.htm,29990,3,2023,8500,automatico,Benzina,150,S,Performance,35 TFSI,Rivenditore,116,san zeno naviglio,25010,Lombardia,Nord-ovest
Audi A3 35 TDI S tronic line edition,https://www.subito.it/auto/audi-a3-35-tdi-s-tronic-line-edition-bari-647657976.htm,25999,6,2020,173259,automatico,Diesel,150,S,Performance,35 TDI,Rivenditore,611,bari,70121,Puglia,Sud
AUDI A3 SPORTBACK 30 TFSI 110cv S TRONIC 2021,https://www.subito.it/auto/audi-a3-sportback-30-tfsi-110cv-s-tronic-2021-reggio-emilia-658266384.htm,18900,5,2021,119000,automatico,Ibrido,110,Sport,Middle,30 TFSI,Privato,40,reggio emilia,42121,Emilia-Romagna,Nord-est
Audi A3 AUDI SPORTBACK 35 TDI S TRONIC,https://www.subito.it/auto/audi-a3-audi-sportback-35-tdi-s-tronic-lecce-658265254.htm,28500,3,2023,57879,automatico,Diesel,150,Sport,Middle,35 TDI,Rivenditore,775,casarano,73042,Puglia,Sud
AUDI A3 SPORTBACK 30 TFSI MHEV BUSINESS ADVANCED S,https://www.subito.it/auto/audi-a3-sportback-30-tfsi-mhev-business-advanced-s-treviso-658259108.htm,25490,5,2021,54149,automatico,Benzina,110,Business Advanced,Middle,30 TFSI,Privato,141,treviso,31100,Veneto,Nord-est
audi a3 35tdi sportbak 2020 2.0tdi 150cv s-tronik,https://www.subito.it/auto/audi-a3-35tdi-sportbak-2020-2-0tdi-150cv-s-tronik-napoli-658206336.htm,19200,4,2022,80000,automatico,Diesel,150,Sport,Middle,35 TDI,Privato,512,striano,80040,Campania,Sud
Audi A3 SPB 30 TDI Business Advanced,https://www.subito.it/auto/audi-a3-spb-30-tdi-business-advanced-avellino-658204089.htm,18900,6,2020,159000,manuale,Diesel,116,Business Advanced,Middle,30 TDI,Rivenditore,518,gesualdo,83040,Campania,Sud
Audi A3 SB 30tdi,https://www.subito.it/auto/audi-a3-sb-30tdi-avellino-658168821.htm,22500,5,2021,96000,automatico,Diesel,116,S,Performance,30 TDI,Privato,494,cervinara,83012,Campania,Sud
Audi a3 30tdi s-line s-tronic 2021,https://www.subito.it/auto/audi-a3-30tdi-s-line-s-tronic-2021-bolzano-658160367.htm,26000,5,2021,11000,automatico,Diesel,116,S line,Sport,30 TDI,Privato,204,bolzano,39100,Trentino-Alto Adige/Südtirol,Nord-est
AUDI A3 Sportback 35tdi,https://www.subito.it/auto/audi-a3-sportback-35tdi-roma-658123987.htm,22000,6,2020,75500,automatico,Diesel,150,Sport,Middle,35 TDI,Privato,326,roma,118,Lazio,Centro
AUDI A3 SPB 35 TDI S tronic Admired,https://www.subito.it/auto/audi-a3-spb-35-tdi-s-tronic-admired-cagliari-657918364.htm,23500,6,2020,59120,automatico,Diesel,150,S,Performance,35 TDI,Rivenditore,628,cagliari,9121,Sardegna,Isole
AUDI A3 SPB 30 TDI S tronic Business Advanced,https://www.subito.it/auto/audi-a3-spb-30-tdi-s-tronic-business-advanced-venezia-657866410.htm,22000,4,2022,67200,automatico,Diesel,116,Business Advanced,Middle,30 TDI,Privato,155,san dona piave,30027,Veneto,Nord-est
AUDI A3 SPB 35 TFSI COD S tronic,https://www.subito.it/auto/audi-a3-spb-35-tfsi-cod-s-tronic-milano-657799812.htm,16000,6,2020,174000,automatico,Benzina,150,S,Performance,35 TFSI,Privato,177,milano,20121,Lombardia,Nord-ovest
Audi A3 SPB 35 TDI S tronic Business,https://www.subito.it/auto/audi-a3-spb-35-tdi-s-tronic-business-verona-657775434.htm,21900,3,2023,79600,automatico,Diesel,150,Business,Base,35 TDI,Rivenditore,86,verona,37121,Veneto,Nord-est
Audi A3 SPB 35 TDI S tronic Business,https://www.subito.it/auto/audi-a3-spb-35-tdi-s-tronic-business-trapani-657735104.htm,22500,5,2021,82000,automatico,Diesel,150,Business,Base,35 TDI,Rivenditore,770,marsala,91025,Sicilia,Isole
Audi A3 SPB 30 TDI 116CV BUSINNES 2020 GARANZIA,https://www.subito.it/auto/audi-a3-spb-30-tdi-116cv-businnes-2020-garanzia-roma-657571042.htm,18000,6,2020,145000,manuale,Diesel,116,S,Performance,30 TDI,Rivenditore,326,roma,118,Lazio,Centro
AUDI A3 4ª serie - A3 SPB 30 TDI Business,https://www.subito.it/auto/audi-a3-4-serie-a3-spb-30-tdi-business-firenze-657506341.htm,19250,5,2021,110820,manuale,Diesel,116,Business,Base,30 TDI,Rivenditore,98,vinci,50059,Toscana,Centro
Audi A3 SPB 35 TFSI S line edition,https://www.subito.it/auto/audi-a3-spb-35-tfsi-s-line-edition-vicenza-657347590.htm,17500,6,2020,125000,automatico,Benzina,150,S line,Sport,35 TFSI,Rivenditore,109,isola vicentina,36033,Veneto,Nord-est
AUDI A3 SPB 30 TDI Business Advanced,https://www.subito.it/auto/audi-a3-spb-30-tdi-business-advanced-biella-657285491.htm,23900,2,2024,103400,automatico,Diesel,116,Business Advanced,Middle,30 TDI,Rivenditore,259,gaglianico,13894,Piemonte,Nord-ovest
AUDI A3 SPB 30TDI sportback DAYTONA MATRIX OK NE,https://www.subito.it/auto/audi-a3-spb-30tdi-sportback-daytona-matrix-ok-ne-pesaro-urbino-657252190.htm,21800,4,2022,80000,manuale,Diesel,116,Sport,Middle,30 TDI,Rivenditore,151,sant angelo vado,61048,Marche,Centro
Audi A3 sportback 30 tfsi,https://www.subito.it/auto/audi-a3-sportback-30-tfsi-cosenza-657201573.htm,22000,3,2023,39500,manuale,Benzina,110,Sport,Middle,30 TFSI,Privato,716,montalto uffugo,87046,Calabria,Sud
Audi A3 Sportback 35 TDI S tronic Business Advance,https://www.subito.it/auto/audi-a3-sportback-35-tdi-s-tronic-business-advance-napoli-657175955.htm,23900,5,2021,50000,automatico,Diesel,150,Business,Base,35 TDI,Rivenditore,521,gragnano,80054,Campania,Sud
Audi a3 sportback 2021 35 tdi,https://www.subito.it/auto/audi-a3-sportback-2021-35-tdi-agrigento-657155611.htm,26000,5,2021,110000,automatico,Diesel,150,Sport,Middle,35 TDI,Privato,843,favara,92026,Sicilia,Isole
Audi A3 sportback 30 TFSI S-Line ,https://www.subito.it/auto/audi-a3-sportback-30-tfsi-s-line-l-aquila-652772210.htm,23500,6,2020,56000,manuale,Benzina,110,S line,Sport,30 TFSI,Rivenditore,346,avezzano,67051,Abruzzo,Sud
AUDI A3 SPB 30 TDI S tronic S line edition,https://www.subito.it/auto/audi-a3-spb-30-tdi-s-tronic-s-line-edition-padova-657133446.htm,27900,4,2022,45000,automatico,Diesel,116,S line,Sport,30 TDI,Rivenditore,80,monselice,35043,Veneto,Nord-est
Audi A3 Sportback 35 TDI 150cv,https://www.subito.it/auto/audi-a3-sportback-35-tdi-150cv-catania-657021297.htm,19500,4,2022,168000,automatico,Diesel,150,Sport,Middle,35 TDI,Privato,824,bronte,95034,Sicilia,Isole
AUDI A3 SPB 30 TFSI S tronic Business HYBRID,https://www.subito.it/auto/audi-a3-spb-30-tfsi-s-tronic-business-hybrid-la-spezia-656946846.htm,20500,5,2021,49672,automatico,Ibrido,110,Business,Base,30 TFSI,Rivenditore,111,sarzana,19038,Liguria,Nord-ovest
A3 40tfsie sline,https://www.subito.it/auto/a3-40tfsie-sline-torino-656896486.htm,26500,5,2021,67000,automatico,Ibrido,204,S line,Sport,40 TFSI e,Privato,276,torino,10121,Piemonte,Nord-ovest
AUDI A 3 SPB 35 TDI S LINE – S TRONIC,https://www.subito.it/auto/audi-a-3-spb-35-tdi-s-line-s-tronic-reggio-emilia-656893265.htm,22600,5,2021,88000,automatico,Diesel,150,S line,Sport,35 TDI,Privato,36,castellarano,42014,Emilia-Romagna,Nord-est
audi A3 spd 30 tdi s-tronic s- line gancio traino,https://www.subito.it/auto/audi-a3-spd-30-tdi-s-tronic-s-line-gancio-traino-alessandria-656887976.htm,16000,2,2024,164000,automatico,Diesel,116,S,Performance,30 TDI,Privato,186,novi ligure,15067,Piemonte,Nord-ovest
Audi A3 Sportback 35 TDI 150cv S-line 30.000km,https://www.subito.it/auto/audi-a3-sportback-35-tdi-150cv-s-line-30-000km-palermo-656870622.htm,29900,4,2022,30000,automatico,Diesel,150,S line,Sport,35 TDI,Rivenditore,802,petralia soprana,90026,Sicilia,Isole
Audi A3 Sportback 30 tfsi s tronic - anno 2022,https://www.subito.it/auto/audi-a3-sportback-30-tfsi-s-tronic-anno-2022-modena-655358273.htm,21200,4,2022,69970,automatico,Ibrido,110,Sport,Middle,30 TFSI,Privato,16,modena,41121,Emilia-Romagna,Nord-est
Audi A3 SPB 35 TDI Business Advanced,https://www.subito.it/auto/audi-a3-spb-35-tdi-business-advanced-bergamo-656781256.htm,18000,5,2021,180000,automatico,Diesel,150,Business Advanced,Middle,35 TDI,Rivenditore,154,san paolo d argon,24060,Lombardia,Nord-ovest
Audi A3 SPB 30 TDI S line edition,https://www.subito.it/auto/audi-a3-spb-30-tdi-s-line-edition-arezzo-656741269.htm,25800,6,2020,92000,manuale,Diesel,116,S line,Sport,30 TDI,Rivenditore,131,montevarchi,52025,Toscana,Centro
Audi A3 SPB 30 TDI Business,https://www.subito.it/auto/audi-a3-spb-30-tdi-business-agrigento-656717005.htm,19960,4,2022,114897,manuale,Diesel,116,Business,Base,30 TDI,Rivenditore,824,cattolica eraclea,92011,Sicilia,Isole
Audi A3 SPB 35 TFSI Business Advanced,https://www.subito.it/auto/audi-a3-spb-35-tfsi-business-advanced-torino-656675612.htm,22900,4,2022,15000,manuale,Benzina,150,Business Advanced,Middle,35 TFSI,Rivenditore,275,leini,10040,Piemonte,Nord-ovest
AUDI S3 8L - 2002,https://www.subito.it/auto/audi-s3-8l-2002-alessandria-656673679.htm,12800,5,2021,145000,manuale,Benzina,310,S,Performance,S3,Privato,201,alessandria,15121,Piemonte,Nord-ovest
Audi A3 40 TFSI E-tron  2020,https://www.subito.it/auto/audi-a3-40-tfsi-e-tron-2020-modena-656652178.htm,21000,6,2020,73000,automatico,Ibrido,204,S,Performance,40 TFSI e,Privato,9,castelfranco emilia,41013,Emilia-Romagna,Nord-est
Audi A3 spb 30 tdi s tronic s line edition,https://www.subito.it/auto/audi-a3-spb-30-tdi-s-tronic-s-line-edition-taranto-656519394.htm,28900,2,2024,42000,automatico,Diesel,116,S line,Sport,30 TDI,Rivenditore,672,martina franca,74015,Puglia,Sud
Audi A3 Sportback S Line 35 TDI,https://www.subito.it/auto/audi-a3-sportback-s-line-35-tdi-nuoro-642681973.htm,28500,3,2023,120000,automatico,Diesel,150,S line,Sport,35 TDI,Privato,504,nuoro,8100,Sardegna,Isole
Audi A3 35 TDI Business Advanced S tronic,https://www.subito.it/auto/audi-a3-35-tdi-business-advanced-s-tronic-lecce-656262127.htm,19000,5,2021,164000,automatico,Diesel,150,Business Advanced,Middle,35 TDI,Privato,755,nardo,73048,Puglia,Sud
Audi A3 Sportback 40 TFSI - e S tronic,https://www.subito.it/auto/audi-a3-sportback-40-tfsi-e-s-tronic-roma-656238677.htm,25000,5,2021,51000,automatico,Ibrido,204,Sport,Middle,40 TFSI e,Privato,326,roma,118,Lazio,Centro
AUDI A3 SPB 30 TDI S tronic S line edition,https://www.subito.it/auto/audi-a3-spb-30-tdi-s-tronic-s-line-edition-caserta-656152917.htm,25000,4,2022,137902,automatico,Diesel,116,S line,Sport,30 TDI,Privato,476,caserta,81100,Campania,Sud
"Audi A3 SEDAN, 1.6 , 116cv , 30TDI, S line.",https://www.subito.it/auto/audi-a3-sedan-1-6-116cv-30tdi-s-line-cagliari-656068617.htm,18000,6,2020,85000,manuale,Diesel,116,S line,Sport,30 TDI,Privato,628,cagliari,9121,Sardegna,Isole
Audi A3 SPB 40TFSI-e  Plug-In Hybrind-Buss Adv,https://www.subito.it/auto/audi-a3-spb-40tfsi-e-plug-in-hybrind-buss-adv-alessandria-648385275.htm,24500,3,2023,58000,automatico,Ibrido,204,S,Performance,40 TFSI e,Privato,184,gavi,15066,Piemonte,Nord-ovest
AUDI A3 SPB 30 TDI Business Advanced IDEALE PER NE,https://www.subito.it/auto/audi-a3-spb-30-tdi-business-advanced-ideale-per-ne-palermo-656049438.htm,23950,6,2020,85600,manuale,Diesel,116,Business Advanced,Middle,30 TDI,Rivenditore,741,terrasini,90049,Sicilia,Isole
Audi A3 35 TDI Business Advanced,https://www.subito.it/auto/audi-a3-35-tdi-business-advanced-agrigento-655983865.htm,22500,5,2021,139200,manuale,Diesel,150,Business Advanced,Middle,35 TDI,Rivenditore,843,favara,92026,Sicilia,Isole
Audi A3 Sedan 35 TFSI S tronic S line edition,https://www.subito.it/auto/audi-a3-sedan-35-tfsi-s-tronic-s-line-edition-trapani-655977616.htm,17200,3,2023,187500,automatico,Ibrido,150,S line,Sport,35 TFSI,Privato,792,campobello mazara,91021,Sicilia,Isole
AUDI A3 SPB 30 TDI S tronic S line edition,https://www.subito.it/auto/audi-a3-spb-30-tdi-s-tronic-s-line-edition-torino-655971254.htm,26490,2,2024,70886,automatico,Diesel,116,S line,Sport,30 TDI,Rivenditore,276,torino,10121,Piemonte,Nord-ovest
Audi A3 SPB 35 TDI Advanced,https://www.subito.it/auto/audi-a3-spb-35-tdi-advanced-avellino-633135857.htm,22900,4,2022,119000,automatico,Diesel,150,Advanced,Middle,35 TDI,Rivenditore,519,san sossio baronia,83050,Campania,Sud
Audi A3 SPB 40 TFSI quattro S tronic Business,https://www.subito.it/auto/audi-a3-spb-40-tfsi-quattro-s-tronic-business-avellino-655877024.htm,13999,6,2020,108000,automatico,Benzina,190,Business,Base,40 TFSI,Rivenditore,494,cervinara,83012,Campania,Sud
AUDI A3 SPB 35 TFSI Business Advanced,https://www.subito.it/auto/audi-a3-spb-35-tfsi-business-advanced-chieti-655871920.htm,27490,3,2023,27100,manuale,Benzina,150,Business Advanced,Middle,35 TFSI,Rivenditore,377,lanciano,66034,Abruzzo,Sud
Audi A3 SPB 30 TDI S tronic Business Advanced,https://www.subito.it/auto/audi-a3-spb-30-tdi-s-tronic-business-advanced-bari-655753067.htm,24000,3,2023,76125,automatico,Diesel,116,Business Advanced,Middle,30 TDI,Rivenditore,627,casamassima,70010,Puglia,Sud
AUDI A3 SPB 40 TFSI e S tronic S line edition,https://www.subito.it/auto/audi-a3-spb-40-tfsi-e-s-tronic-s-line-edition-salerno-655595430.htm,26499,6,2020,57000,automatico,Elettrico,204,S line,Sport,40 TFSI e,Rivenditore,518,angri,84012,Campania,Sud
Audi A3 35 TFSI PROLINE,https://www.subito.it/auto/audi-a3-35-tfsi-proline-bolzano-655547359.htm,25900,3,2023,51000,manuale,Benzina,150,S,Performance,35 TFSI,Rivenditore,204,bolzano,39100,Trentino-Alto Adige/Südtirol,Nord-est
AUDI A3 4ª serie A3 SPB 30 TDI S tronic Business,https://www.subito.it/auto/audi-a3-4-serie-a3-spb-30-tdi-s-tronic-business-perugia-655543110.htm,21900,4,2022,99500,automatico,Diesel,116,Business,Base,30 TDI,Rivenditore,200,perugia,6121,Umbria,Centro
Audi A3 Sportback 40 tfsi e S tronic,https://www.subito.it/auto/audi-a3-sportback-40-tfsi-e-s-tronic-roma-655511928.htm,25800,5,2021,51000,automatico,Ibrido,204,Sport,Middle,40 TFSI e,Privato,326,roma,118,Lazio,Centro
Audi A3 SPB 30 TDI S line edition,https://www.subito.it/auto/audi-a3-spb-30-tdi-s-line-edition-salerno-655505999.htm,24990,3,2023,163000,manuale,Diesel,116,S line,Sport,30 TDI,Rivenditore,607,padula,84034,Campania,Sud
Audi A3 2021 SPB 35 TDI S tronic Advanced 24 mesi ,https://www.subito.it/auto/audi-a3-2021-spb-35-tdi-s-tronic-advanced-24-mesi-palermo-655449323.htm,19900,5,2021,186000,automatico,Diesel,150,Advanced,Middle,35 TDI,Rivenditore,761,misilmeri,90036,Sicilia,Isole
Audi A3 SPB 35 TFSI S tronic Business,https://www.subito.it/auto/audi-a3-spb-35-tfsi-s-tronic-business-napoli-648124890.htm,22900,3,2023,45000,automatico,Ibrido,150,Business,Base,35 TFSI,Rivenditore,496,marigliano,80034,Campania,Sud
AUDI A3 SPB 30 TDI S tronic ANCHE NEOPATENTATI,https://www.subito.it/auto/audi-a3-spb-30-tdi-s-tronic-anche-neopatentati-ravenna-655237117.htm,22850,4,2022,76022,automatico,Diesel,116,S,Performance,30 TDI,Rivenditore,78,russi,48026,Emilia-Romagna,Nord-est
Audi A3 SPB 35 TDI S tronic Business,https://www.subito.it/auto/audi-a3-spb-35-tdi-s-tronic-business-avellino-655107454.htm,21900,4,2022,160000,automatico,Diesel,150,Business,Base,35 TDI,Rivenditore,543,caposele,83040,Campania,Sud
AUDI A3 SPB 30 TDI S LINE EDITION NERA,https://www.subito.it/auto/audi-a3-spb-30-tdi-s-line-edition-nera-torino-655023729.htm,25900,6,2020,50000,manuale,Diesel,116,S line,Sport,30 TDI,Privato,276,torino,10121,Piemonte,Nord-ovest
Audi A3 Sedan 35 TDI S tronic Business Advanced CE,https://www.subito.it/auto/audi-a3-sedan-35-tdi-s-tronic-business-advanced-ce-udine-654974166.htm,24900,2,2024,118000,automatico,Diesel,150,Business Advanced,Middle,35 TDI,Rivenditore,221,san daniele friuli,33038,Friuli-Venezia Giulia,Nord-est
AUDI A3 SPB 35 TFSI,https://www.subito.it/auto/audi-a3-spb-35-tfsi-ravenna-654931036.htm,20500,3,2023,85000,manuale,Benzina,150,S,Performance,35 TFSI,Privato,106,cervia,48015,Emilia-Romagna,Nord-est
Audi A3 SPB 35 TDI S tronic - 36 MESI GAR. Km Illi,https://www.subito.it/auto/audi-a3-spb-35-tdi-s-tronic-36-mesi-gar-km-illi-macerata-654832500.htm,17500,5,2021,145000,automatico,Diesel,150,S,Performance,35 TDI,Rivenditore,239,macerata,62100,Marche,Centro
AUDI A3 Sportback 35TDI S-tronic S-line Keyless,https://www.subito.it/auto/audi-a3-sportback-35tdi-s-tronic-s-line-keyless-brescia-654780093.htm,23700,6,2020,109000,automatico,Diesel,150,S line,Sport,35 TDI,Rivenditore,134,rovato,25038,Lombardia,Nord-ovest
Audi A3 35 tdi tenuta benissimo,https://www.subito.it/auto/audi-a3-35-tdi-tenuta-benissimo-cagliari-654715149.htm,23800,4,2022,85000,automatico,Diesel,150,S,Performance,35 TDI,Privato,628,cagliari,9121,Sardegna,Isole
Audi A3 SPB 35 TFSI Business,https://www.subito.it/auto/audi-a3-spb-35-tfsi-business-trento-654601217.htm,22900,3,2023,82000,manuale,Benzina,150,Business,Base,35 TFSI,Rivenditore,149,altopiano vigolana,38049,Trentino-Alto Adige/Südtirol,Nord-est
AUDI A3 SPB 35 TDI S tronic Business,https://www.subito.it/auto/audi-a3-spb-35-tdi-s-tronic-business-milano-654323329.htm,22900,3,2023,77000,automatico,Diesel,150,Business,Base,35 TDI,Rivenditore,177,milano,20121,Lombardia,Nord-ovest
AUDI A3 SPB 35 TFSI S-Tronic Black-Edition S-line,https://www.subito.it/auto/audi-a3-spb-35-tfsi-s-tronic-black-edition-s-line-roma-654259022.htm,30000,3,2023,78000,automatico,Ibrido,150,S line,Sport,35 TFSI,Privato,326,roma,118,Lazio,Centro
Audi S3 Sportback S3 2.0 tfsi quattro s-tronic,https://www.subito.it/auto/audi-s3-sportback-s3-2-0-tfsi-quattro-s-tronic-treviso-654215990.htm,27999,5,2021,119300,automatico,Benzina,310,Sport,Middle,S3,Rivenditore,133,vedelago,31050,Veneto,Nord-est
A3 SPB 35 TFSI S Tronic,https://www.subito.it/auto/a3-spb-35-tfsi-s-tronic-lecco-654109795.htm,28400,3,2023,40760,automatico,Benzina,150,S,Performance,35 TFSI,Rivenditore,188,galbiate,23851,Lombardia,Nord-ovest
AUDI - A3 Sportback S3 Sportback 2.0 tfsi quattro,https://www.subito.it/auto/audi-a3-sportback-s3-sportback-2-0-tfsi-quattro-latina-654031534.htm,25900,6,2020,125000,automatico,Benzina,310,Sport,Middle,S3,Rivenditore,429,spigno saturnia,4020,Lazio,Centro
Audi A3 Sportback 30 TFSI Business Advanced S...,https://www.subito.it/auto/audi-a3-sportback-30-tfsi-business-advanced-s-varese-654015923.htm,24500,3,2023,48300,automatico,Benzina,110,Business Advanced,Middle,30 TFSI,Rivenditore,222,varese,21100,Lombardia,Nord-ovest
Audi A3 Sportback 30 TFSI Business Advanced S...,https://www.subito.it/auto/audi-a3-sportback-30-tfsi-business-advanced-s-varese-654015776.htm,23900,3,2023,55200,automatico,Benzina,110,Business Advanced,Middle,30 TFSI,Rivenditore,222,varese,21100,Lombardia,Nord-ovest
Audi A3 35tdi  sportback  2000 150 cv stronic slin,https://www.subito.it/auto/audi-a3-35tdi-sportback-2000-150-cv-stronic-slin-padova-654000645.htm,18200,6,2020,103000,automatico,Diesel,150,Sport,Middle,35 TDI,Privato,99,piove sacco,35028,Veneto,Nord-est
AUDI A3 4ª serie A3 SPB 30 TFSI S tronic Busin...,https://www.subito.it/auto/audi-a3-4-serie-a3-spb-30-tfsi-s-tronic-busin-modena-653713196.htm,25900,5,2021,42540,automatico,Benzina,110,S,Performance,30 TFSI,Rivenditore,16,modena,41121,Emilia-Romagna,Nord-est
Audi A3 SPB 30 TDI S line edition,https://www.subito.it/auto/audi-a3-spb-30-tdi-s-line-edition-ferrara-653694434.htm,18499,4,2022,185000,automatico,Diesel,116,S line,Sport,30 TDI,Rivenditore,35,vigarano mainarda,44049,Emilia-Romagna,Nord-est
Audi A3 Sportback 35 TFSI Myld Hybrid Benzina,https://www.subito.it/auto/audi-a3-sportback-35-tfsi-myld-hybrid-benzina-bologna-653691191.htm,20000,6,2020,82000,automatico,Ibrido,150,Sport,Middle,35 TFSI,Privato,25,bologna,40121,Emilia-Romagna,Nord-est
Audi A3 SPB 30 TDI Business Advanced,https://www.subito.it/auto/audi-a3-spb-30-tdi-business-advanced-ferrara-653681893.htm,7999,6,2020,119000,manuale,Diesel,116,Business Advanced,Middle,30 TDI,Rivenditore,35,vigarano mainarda,44049,Emilia-Romagna,Nord-est
Audi A3 Sportback 30 TFSI S line Edition S Tronic,https://www.subito.it/auto/audi-a3-sportback-30-tfsi-s-line-edition-s-tronic-varese-653602736.htm,27500,3,2023,52710,automatico,Benzina,110,S line,Sport,30 TFSI,Rivenditore,222,varese,21100,Lombardia,Nord-ovest
AUDI A3 SPB 30 TDI S tronic Business,https://www.subito.it/auto/audi-a3-spb-30-tdi-s-tronic-business-brindisi-642558993.htm,23500,5,2021,110000,automatico,Diesel,116,Business,Base,30 TDI,Rivenditore,700,francavilla fontana,72021,Puglia,Sud
Audi A3 SPB 35 TDI S tronic Business Advanced,https://www.subito.it/auto/audi-a3-spb-35-tdi-s-tronic-business-advanced-fermo-653323218.htm,22800,4,2022,60000,automatico,Diesel,150,Business Advanced,Middle,35 TDI,Rivenditore,260,monte urano,63813,Marche,Centro
Audi A3 Sportback 35 TDI S tronic S line Edition,https://www.subito.it/auto/audi-a3-sportback-35-tdi-s-tronic-s-line-edition-agrigento-653285939.htm,23900,4,2022,133323,automatico,Diesel,150,S line,Sport,35 TDI,Rivenditore,843,favara,92026,Sicilia,Isole
Audi A3 SPB 35 TDI S tronic Business,https://www.subito.it/auto/audi-a3-spb-35-tdi-s-tronic-business-salerno-653275472.htm,18990,5,2021,106970,automatico,Diesel,150,Business,Base,35 TDI,Rivenditore,552,eboli,84025,Campania,Sud
Audi A3 SPB 35 TFSI S tronic 2020 sinistrata,https://www.subito.it/auto/audi-a3-spb-35-tfsi-s-tronic-2020-sinistrata-varese-653244562.htm,8900,6,2020,70000,automatico,Ibrido,150,S,Performance,35 TFSI,Rivenditore,213,cassano magnago,21012,Lombardia,Nord-ovest
Audi A3 SPB 35 TDI S tronic S line edition,https://www.subito.it/auto/audi-a3-spb-35-tdi-s-tronic-s-line-edition-napoli-653234894.htm,26900,4,2022,30367,automatico,Diesel,150,S line,Sport,35 TDI,Rivenditore,512,striano,80040,Campania,Sud
AUDI A3 SPORTBACK 30 TDI GRIGIO SCURO,https://www.subito.it/auto/audi-a3-sportback-30-tdi-grigio-scuro-reggio-emilia-653082635.htm,28500,4,2022,55615,automatico,Diesel,116,Sport,Middle,30 TDI,Privato,53,boretto,42022,Emilia-Romagna,Nord-est
Audi A3 SPB 35 TDI S tronic business adavced,https://www.subito.it/auto/audi-a3-spb-35-tdi-s-tronic-business-adavced-milano-652977616.htm,27000,3,2023,50000,automatico,Diesel,150,Business,Base,35 TDI,Privato,177,milano,20121,Lombardia,Nord-ovest
Audi A3 Sportback 30 TDI S line edition 116cv - PR,https://www.subito.it/auto/audi-a3-sportback-30-tdi-s-line-edition-116cv-pr-vicenza-652876122.htm,21490,5,2021,83000,manuale,Diesel,116,S line,Sport,30 TDI,Rivenditore,114,san vito leguzzano,36030,Veneto,Nord-est
Audi A3 Sportback 35 TDI S tronic S line Edition,https://www.subito.it/auto/audi-a3-sportback-35-tdi-s-tronic-s-line-edition-bologna-652749515.htm,25500,5,2021,76870,automatico,Diesel,150,S line,Sport,35 TDI,Rivenditore,25,bologna,40121,Emilia-Romagna,Nord-est
Audi A3 Sportback 35 TDI S tronic Business Advance,https://www.subito.it/auto/audi-a3-sportback-35-tdi-s-tronic-business-advance-lecce-652734436.htm,25000,4,2022,26000,automatico,Diesel,150,Business,Base,35 TDI,Privato,763,galatina,73013,Puglia,Sud
Audi A3 35TFSI,https://www.subito.it/auto/audi-a3-35tfsi-palermo-651761134.htm,24500,6,2020,92000,automatico,Ibrido,150,S,Performance,35 TFSI,Privato,750,palermo,90121,Sicilia,Isole
Audi A3 SPB 35 TDI S tronic Business,https://www.subito.it/auto/audi-a3-spb-35-tdi-s-tronic-business-agrigento-652353693.htm,15990,6,2020,147717,automatico,Diesel,150,Business,Base,35 TDI,Rivenditore,824,cattolica eraclea,92011,Sicilia,Isole
Audi A3 SPB 30 TDI S line edition,https://www.subito.it/auto/audi-a3-spb-30-tdi-s-line-edition-palermo-652156935.htm,22990,5,2021,131000,manuale,Diesel,116,S line,Sport,30 TDI,Rivenditore,750,palermo,90121,Sicilia,Isole
46.000 km - Audi A3 SPB 40 TFSI e S tronic Busines,https://www.subito.it/auto/46-000-km-audi-a3-spb-40-tfsi-e-s-tronic-busines-cagliari-652023744.htm,21900,4,2022,46000,automatico,Ibrido,204,S,Performance,40 TFSI e,Rivenditore,628,cagliari,9121,Sardegna,Isole
Audi A3 SPB 30 TDI S tronic line,https://www.subito.it/auto/audi-a3-spb-30-tdi-s-tronic-line-reggio-calabria-651854389.htm,26800,5,2021,82000,automatico,Diesel,116,S,Performance,30 TDI,Rivenditore,807,polistena,89024,Calabria,Sud
A3 Sportback 35 TDI,https://www.subito.it/auto/a3-sportback-35-tdi-lecce-651792744.htm,25000,6,2020,70000,automatico,Diesel,150,Sport,Middle,35 TDI,Privato,750,lecce,73100,Puglia,Sud
Audi A3 SPB 40 TDI QUATTRO 200cv S TRONIC S LINE ,https://www.subito.it/auto/audi-a3-spb-40-tdi-quattro-200cv-s-tronic-s-line-barletta-andria-trani-651501436.htm,24990,5,2021,220000,automatico,Diesel,190,S line,Sport,40 TDI,Rivenditore,568,andria,76123,Puglia,Sud
AUDI A3 BERLINA 35 TFSI 1500 IBRIDA,https://www.subito.it/auto/audi-a3-berlina-35-tfsi-1500-ibrida-messina-648832264.htm,29900,3,2023,30000,automatico,Ibrido,150,S,Performance,35 TFSI,Privato,807,messina,98121,Sicilia,Isole
AUDI A3 BERLINA 35 TFSI 150cv S TRONIC BUSINESS,https://www.subito.it/auto/audi-a3-berlina-35-tfsi-150cv-s-tronic-business-udine-651076768.htm,15000,4,2022,199000,automatico,Benzina,150,Business,Base,35 TFSI,Rivenditore,215,basiliano,33031,Friuli-Venezia Giulia,Nord-est
Audi A3 8Y 30TDI BUS ADV S-TRONIC,https://www.subito.it/auto/audi-a3-8y-30tdi-bus-adv-s-tronic-catania-650859970.htm,24600,3,2023,95000,automatico,Diesel,116,S,Performance,30 TDI,Privato,607,paterno,85050,Basilicata,Sud
Audi A3 8Y 30TDI BUS ADV S-TRONIC,https://www.subito.it/auto/audi-a3-8y-30tdi-bus-adv-s-tronic-catania-650859970.htm,24600,3,2023,95000,automatico,Diesel,116,S,Performance,30 TDI,Privato,848,paterno,85050,Basilicata,Sud
Audi A3 40 TFSIe  Plug-in 2021,https://www.subito.it/auto/audi-a3-40-tfsie-plug-in-2021-varese-650844931.htm,26900,5,2021,122459,automatico,Ibrido,204,S,Performance,40 TFSI e,Privato,212,venegono superiore,21040,Lombardia,Nord-ovest
AUDI A3 SPB 35 TDI S tronic Business Advanced,https://www.subito.it/auto/audi-a3-spb-35-tdi-s-tronic-business-advanced-ragusa-650714009.htm,20900,5,2021,94500,automatico,Diesel,150,Business Advanced,Middle,35 TDI,Privato,911,ragusa,97100,Sicilia,Isole
Audi S3 sportback TFSI Quattro S Tronic,https://www.subito.it/auto/audi-s3-sportback-tfsi-quattro-s-tronic-napoli-626996862.htm,29999,6,2020,146000,automatico,Benzina,310,Sport,Middle,S3,Privato,487,quarto,80010,Campania,Sud
Audi A3 Plugin Hybrid 40 Tfsi-e,https://www.subito.it/auto/audi-a3-plugin-hybrid-40-tfsi-e-ravenna-650503988.htm,24500,4,2022,60000,automatico,Ibrido,204,S,Performance,40 TFSI e,Privato,89,ravenna,48121,Emilia-Romagna,Nord-est
Audi A3 35 TDI S tronic Business Advanced,https://www.subito.it/auto/audi-a3-35-tdi-s-tronic-business-advanced-milano-650499343.htm,24900,4,2022,60770,automatico,Diesel,150,Business Advanced,Middle,35 TDI,Rivenditore,190,rho,20017,Lombardia,Nord-ovest
Audi S3 Sportback 2.0 tfsi quattro s-tronic,https://www.subito.it/auto/audi-s3-sportback-2-0-tfsi-quattro-s-tronic-venezia-643661567.htm,30000,5,2021,118000,automatico,Benzina,310,Sport,Middle,S3,Privato,127,venezia,30121,Veneto,Nord-est
AUDI A3 SPB 30 TDI S tronic Business,https://www.subito.it/auto/audi-a3-spb-30-tdi-s-tronic-business-perugia-650221325.htm,20500,4,2022,115000,automatico,Diesel,116,Business,Base,30 TDI,Rivenditore,200,perugia,6121,Umbria,Centro
Audi A3 40tfsi,https://www.subito.it/auto/audi-a3-40tfsi-frosinone-650151781.htm,24000,5,2021,122000,automatico,Ibrido,190,S,Performance,40 TFSI,Privato,385,boville ernica,3022,Lazio,Centro
Audi A3 SportBack 35 TFSI S tronic SLine,https://www.subito.it/auto/audi-a3-sportback-35-tfsi-s-tronic-sline-como-650107460.htm,26000,5,2021,65000,automatico,Ibrido,150,S line,Sport,35 TFSI,Privato,200,tavernerio,22038,Lombardia,Nord-ovest
Audi A3 35 TDI s line edition,https://www.subito.it/auto/audi-a3-35-tdi-s-line-edition-napoli-649976186.htm,27000,4,2022,62000,automatico,Diesel,150,S line,Sport,35 TDI,Privato,500,san giorgio a cremano,80046,Campania,Sud
AUDI A3 SPB 30 TDI S tronic Business,https://www.subito.it/auto/audi-a3-spb-30-tdi-s-tronic-business-reggio-emilia-649961469.htm,23000,4,2022,48150,automatico,Diesel,116,Business,Base,30 TDI,Rivenditore,40,reggio emilia,42121,Emilia-Romagna,Nord-est
A3 Sportback 40 TFSIe S-Tronic,https://www.subito.it/auto/a3-sportback-40-tfsie-s-tronic-firenze-649800571.htm,29900,3,2023,58000,automatico,Ibrido,204,Sport,Middle,40 TFSI e,Privato,99,firenze,50121,Toscana,Centro
Audi S3 SPB TFSI 310 CV quattro S tronic,https://www.subito.it/auto/audi-s3-spb-tfsi-310-cv-quattro-s-tronic-treviso-649734713.htm,29800,4,2022,119000,automatico,Benzina,310,S,Performance,S3,Rivenditore,128,castelfranco veneto,31033,Veneto,Nord-est
Audi A3 SPB 35 TDI S tronic Admired,https://www.subito.it/auto/audi-a3-spb-35-tdi-s-tronic-admired-reggio-emilia-649724339.htm,15000,6,2020,162000,automatico,Diesel,150,S,Performance,35 TDI,Rivenditore,50,poviglio,42028,Emilia-Romagna,Nord-est
Audi A3 SPB 35 TFSI S tronic G-TRON Business Advan,https://www.subito.it/auto/audi-a3-spb-35-tfsi-s-tronic-g-tron-business-advan-ferrara-649723576.htm,14999,5,2021,265000,automatico,Benzina,150,Business,Base,35 TFSI,Rivenditore,35,vigarano mainarda,44049,Emilia-Romagna,Nord-est
Audi A3 SPB 30 TDI S tronic Business Advanced,https://www.subito.it/auto/audi-a3-spb-30-tdi-s-tronic-business-advanced-genova-649700048.htm,18900,5,2021,105000,automatico,Diesel,116,Business Advanced,Middle,30 TDI,Rivenditore,177,genova,16121,Liguria,Nord-ovest
AUDI A3 SPB 30 TDI S line edition NO PERMUTA,https://www.subito.it/auto/audi-a3-spb-30-tdi-s-line-edition-no-permuta-salerno-649573738.htm,22499,5,2021,131797,manuale,Diesel,116,S line,Sport,30 TDI,Rivenditore,571,capaccio paestum,84047,Campania,Sud
Audi A3 SPB 35 TFSI Business,https://www.subito.it/auto/audi-a3-spb-35-tfsi-business-trento-648786518.htm,22900,3,2023,82000,manuale,Benzina,150,Business,Base,35 TFSI,Rivenditore,149,altopiano vigolana,38049,Trentino-Alto Adige/Südtirol,Nord-est
Audi A3 Sportback 30TDI S-tronic business advanced,https://www.subito.it/auto/audi-a3-sportback-30tdi-s-tronic-business-advanced-catania-648709149.htm,23500,5,2021,125000,automatico,Diesel,116,Business Advanced,Middle,30 TDI,Privato,861,catania,95121,Sicilia,Isole
Audi A3 Sportback 30TDI S-Tronic,https://www.subito.it/auto/audi-a3-sportback-30tdi-s-tronic-messina-648645898.htm,24999,4,2022,75,automatico,Diesel,116,Sport,Middle,30 TDI,Privato,793,milazzo,98057,Sicilia,Isole
audi a3 allestimento S3,https://www.subito.it/auto/audi-a3-allestimento-s3-milano-648560458.htm,29999,5,2021,59000,automatico,Benzina,310,S,Performance,S3,Privato,177,milano,20121,Lombardia,Nord-ovest
AUDI A3 Sportback 35 TFSI S line MATRIX VIRTUAL,https://www.subito.it/auto/audi-a3-sportback-35-tfsi-s-line-matrix-virtual-potenza-648574312.htm,25990,6,2020,130000,manuale,Benzina,150,S line,Sport,35 TFSI,Rivenditore,588,potenza,85100,Basilicata,Sud
Audi A3 SPB 40 TDI quattro S tronic Business Advan,https://www.subito.it/auto/audi-a3-spb-40-tdi-quattro-s-tronic-business-advan-sondrio-648517230.htm,26500,4,2022,99000,automatico,Diesel,190,Business,Base,40 TDI,Rivenditore,213,valdidentro,23038,Lombardia,Nord-ovest
audi a3 35 tdi garanzia audi plus,https://www.subito.it/auto/audi-a3-35-tdi-garanzia-audi-plus-napoli-648497898.htm,17900,5,2021,194800,automatico,Diesel,150,S,Performance,35 TDI,Privato,484,giugliano campania,80014,Campania,Sud
Audi a3 sportback 30 TDI 116 CV,https://www.subito.it/auto/audi-a3-sportback-30-tdi-116-cv-chieti-648457489.htm,26500,5,2021,61500,manuale,Diesel,116,Sport,Middle,30 TDI,Privato,355,chieti,66100,Abruzzo,Sud
audi a3 1.5  35 tfsi  ibrida,https://www.subito.it/auto/audi-a3-1-5-35-tfsi-ibrida-reggio-calabria-647704748.htm,23500,3,2023,87000,automatico,Ibrido,150,S,Performance,35 TFSI,Privato,796,rosarno,89025,Calabria,Sud
Audi A3 30 TDI 116 CV business advantage 2023,https://www.subito.it/auto/audi-a3-30-tdi-116-cv-business-advantage-2023-caserta-647954045.htm,24900,3,2023,62500,manuale,Diesel,116,Business,Base,30 TDI,Privato,476,caserta,81100,Campania,Sud
Audi A3 Sportback 35 TDI S tronic,https://www.subito.it/auto/audi-a3-sportback-35-tdi-s-tronic-torino-647794540.htm,21500,5,2021,82000,automatico,Diesel,150,Sport,Middle,35 TDI,Privato,286,rivara,10080,Piemonte,Nord-ovest
Audi a3 Sportback 40TFSI e,https://www.subito.it/auto/audi-a3-sportback-40tfsi-e-gorizia-625208891.htm,25000,4,2022,56000,automatico,Ibrido,204,Sport,Middle,40 TFSI e,Privato,227,monfalcone,34074,Friuli-Venezia Giulia,Nord-est
Audi A3 SPB 30 TDI Business Advanced UFFICIALE AUD,https://www.subito.it/auto/audi-a3-spb-30-tdi-business-advanced-ufficiale-aud-perugia-647610977.htm,18500,4,2022,175600,manuale,Diesel,116,Business Advanced,Middle,30 TDI,Rivenditore,228,foligno,6034,Umbria,Centro
Audi A3 SPB 40 TFSI e S tronic Business Advanced,https://www.subito.it/auto/audi-a3-spb-40-tfsi-e-s-tronic-business-advanced-latina-647496713.htm,23599,5,2021,46000,automatico,Ibrido,204,Business Advanced,Middle,40 TFSI e,Rivenditore,383,latina,4100,Lazio,Centro
Audi A3 SPB 35 TFSI Business Advanced,https://www.subito.it/auto/audi-a3-spb-35-tfsi-business-advanced-teramo-647219604.htm,23000,6,2020,106000,manuale,Benzina,150,Business Advanced,Middle,35 TFSI,Rivenditore,304,teramo,64100,Abruzzo,Sud
Audi a3 45 tfsi-e 245cv,https://www.subito.it/auto/audi-a3-45-tfsi-e-245cv-macerata-647159485.htm,29000,5,2021,110000,automatico,Ibrido,245,S,Performance,45 TFSI e,Privato,230,camerino,62032,Marche,Centro
Audi A3 SPB 30 TDI S line edition RS-KIT,https://www.subito.it/auto/audi-a3-spb-30-tdi-s-line-edition-rs-kit-barletta-andria-trani-647152803.htm,24500,5,2021,115000,manuale,Diesel,116,S line,Sport,30 TDI,Rivenditore,568,andria,76123,Puglia,Sud
Audi A3 Sedan 35 TDI S tronic line edition,https://www.subito.it/auto/audi-a3-sedan-35-tdi-s-tronic-line-edition-avellino-647122762.htm,28999,3,2023,66000,automatico,Diesel,150,S,Performance,35 TDI,Rivenditore,523,solofra,83029,Campania,Sud
Audi A3 SPB 35 TDI S tronic Business Advanced,https://www.subito.it/auto/audi-a3-spb-35-tdi-s-tronic-business-advanced-cosenza-646986473.htm,27000,3,2023,90000,manuale,Diesel,150,Business Advanced,Middle,35 TDI,Rivenditore,713,bisignano,87043,Calabria,Sud
Audi A3 Sportback 35 TDI S tronic S line edition,https://www.subito.it/auto/audi-a3-sportback-35-tdi-s-tronic-s-line-edition-brescia-646926348.htm,19500,5,2021,125000,automatico,Diesel,150,S line,Sport,35 TDI,Privato,134,rovato,25038,Lombardia,Nord-ovest
Audi A3 Sportback S line edition 35 TDI S Line,https://www.subito.it/auto/audi-a3-sportback-s-line-edition-35-tdi-s-line-torino-646846354.htm,28000,5,2021,105000,automatico,Diesel,150,S line,Sport,35 TDI,Privato,267,santena,10026,Piemonte,Nord-ovest
Audi A3 S-Line SPB 30 tdi 116cv,https://www.subito.it/auto/audi-a3-s-line-spb-30-tdi-116cv-avellino-646740435.htm,27999,3,2023,72000,automatico,Diesel,116,S line,Sport,30 TDI,Privato,513,avellino,83100,Campania,Sud
AUDI A3 SPB 30 TDI Business Advanced,https://www.subito.it/auto/audi-a3-spb-30-tdi-business-advanced-alessandria-646708920.htm,23200,6,2020,90500,manuale,Diesel,116,Business Advanced,Middle,30 TDI,Privato,200,valenza,15048,Piemonte,Nord-ovest
A3 40 TFSiE,https://www.subito.it/auto/a3-40-tfsie-bergamo-646564129.htm,25000,5,2021,77000,automatico,Ibrido,204,S,Performance,40 TFSI e,Privato,177,cisano bergamasco,24034,Lombardia,Nord-ovest
Audi A3 8Y Business advanced 30tdi ,https://www.subito.it/auto/audi-a3-8y-business-advanced-30tdi-messina-646442979.htm,24000,4,2022,48000,manuale,Diesel,116,Business Advanced,Middle,30 TDI,Privato,807,messina,98121,Sicilia,Isole
Audi A3 SPB 35 TFSI S tronic Business Advanced,https://www.subito.it/auto/audi-a3-spb-35-tfsi-s-tronic-business-advanced-piacenza-646329411.htm,23900,6,2020,72551,automatico,Ibrido,150,Business Advanced,Middle,35 TFSI,Rivenditore,108,caorso,29012,Emilia-Romagna,Nord-est
AUDI A3 SPB 35 TDI S Line,https://www.subito.it/auto/audi-a3-spb-35-tdi-s-line-caserta-646236987.htm,24099,6,2020,87537,automatico,Diesel,150,S line,Sport,35 TDI,Rivenditore,475,casagiove,81022,Campania,Sud
Audi A3 SPB 30 TDI,https://www.subito.it/auto/audi-a3-spb-30-tdi-caltanissetta-646081089.htm,23500,3,2023,50906,manuale,Diesel,116,S,Performance,30 TDI,Rivenditore,878,niscemi,93015,Sicilia,Isole
AUDI A3 4ª serie - A3 SPB 30 TFSI,https://www.subito.it/auto/audi-a3-4-serie-a3-spb-30-tfsi-livorno-645981320.htm,21500,3,2023,52290,manuale,Benzina,110,S,Performance,30 TFSI,Rivenditore,140,livorno,57121,Toscana,Centro
Audi A3 SPB 30 TDI S tronic Business 2024,https://www.subito.it/auto/audi-a3-spb-30-tdi-s-tronic-business-2024-bari-645833857.htm,22300,2,2024,70000,automatico,Diesel,116,Business,Base,30 TDI,Rivenditore,588,ruvo puglia,70037,Puglia,Sud
AUDI A3 Sportback 45 TFSI e S tronic S line ACC,https://www.subito.it/auto/audi-a3-sportback-45-tfsi-e-s-tronic-s-line-acc-potenza-645760661.htm,29990,4,2022,60000,automatico,Elettrico,245,S line,Sport,45 TFSI e,Rivenditore,588,potenza,85100,Basilicata,Sud
Audi A3 SPORTBACK 35 TDI S tronic Business,https://www.subito.it/auto/audi-a3-sportback-35-tdi-s-tronic-business-potenza-645562333.htm,16500,6,2020,140000,automatico,Diesel,150,Business,Base,35 TDI,Privato,657,senise,85038,Basilicata,Sud
Audi A3 35 TFSI S Tronic S Line,https://www.subito.it/auto/audi-a3-35-tfsi-s-tronic-s-line-bologna-645017109.htm,28500,6,2020,83000,automatico,Ibrido,150,S line,Sport,35 TFSI,Privato,25,bologna,40121,Emilia-Romagna,Nord-est
Audi A3 Sportback 30 TDI -116cv Business,https://www.subito.it/auto/audi-a3-sportback-30-tdi-116cv-business-palermo-636301239.htm,22000,6,2020,92000,manuale,Diesel,116,Business,Base,30 TDI,Privato,750,palermo,90121,Sicilia,Isole
Audi a3 Sportback 30 TDI S-Line Edition S-Tronic,https://www.subito.it/auto/audi-a3-sportback-30-tdi-s-line-edition-s-tronic-frosinone-644798358.htm,25900,3,2023,44000,automatico,Diesel,116,S line,Sport,30 TDI,Privato,381,frosinone,3100,Lazio,Centro
Audi A3 30 TDI BUSSNESS,https://www.subito.it/auto/audi-a3-30-tdi-bussness-arezzo-644621418.htm,24500,5,2021,70000,manuale,Diesel,116,S,Performance,30 TDI,Privato,146,arezzo,52100,Toscana,Centro
Audi A3 Sedan 35 TDI S tronic Business Advanced,https://www.subito.it/auto/audi-a3-sedan-35-tdi-s-tronic-business-advanced-milano-634339555.htm,25500,5,2021,50000,automatico,Diesel,150,Business Advanced,Middle,35 TDI,Rivenditore,180,buccinasco,20090,Lombardia,Nord-ovest
Audi A3 35 TFSI sline,https://www.subito.it/auto/audi-a3-35-tfsi-sline-bergamo-644295237.htm,26000,6,2020,64000,automatico,Ibrido,150,S line,Sport,35 TFSI,Privato,149,caravaggio,24043,Lombardia,Nord-ovest
AUDI A3 4ª serie - A3 Sedan 35 TDI S tronic S line,https://www.subito.it/auto/audi-a3-4-serie-a3-sedan-35-tdi-s-tronic-s-line-firenze-644109699.htm,27900,3,2023,39810,automatico,Diesel,150,S line,Sport,35 TDI,Rivenditore,98,vinci,50059,Toscana,Centro
Audi A3 S Line Edition 35 TDI 2.0 150 cv,https://www.subito.it/auto/audi-a3-s-line-edition-35-tdi-2-0-150-cv-vibo-valentia-643903684.htm,24000,5,2021,150000,automatico,Diesel,150,S line,Sport,35 TDI,Privato,782,vibo valentia,89900,Calabria,Sud
Audi A3 S3 Sportback 2.0 tfsi quattro s-tronic,https://www.subito.it/auto/audi-a3-s3-sportback-2-0-tfsi-quattro-s-tronic-modena-643726468.htm,28950,4,2022,124772,automatico,Benzina,310,Sport,Middle,S3,Rivenditore,16,modena,41121,Emilia-Romagna,Nord-est
Audi A3 SPB 30 TDI,https://www.subito.it/auto/audi-a3-spb-30-tdi-torino-643433971.htm,23999,4,2022,24000,manuale,Diesel,116,S,Performance,30 TDI,Privato,276,torino,10121,Piemonte,Nord-ovest
Audi A3 35 TDI 150 S-tronic,https://www.subito.it/auto/audi-a3-35-tdi-150-s-tronic-perugia-615319538.htm,17100,6,2020,144000,automatico,Diesel,150,S,Performance,35 TDI,Privato,250,spoleto,6049,Umbria,Centro
AUDI A3 SPB 35 TFSI Business Advanced,https://www.subito.it/auto/audi-a3-spb-35-tfsi-business-advanced-treviso-642753552.htm,24950,4,2022,44139,manuale,Benzina,150,Business Advanced,Middle,35 TFSI,Rivenditore,163,oderzo,31046,Veneto,Nord-est
AUDI A3 SPB 35 TFSI Business Advanced,https://www.subito.it/auto/audi-a3-spb-35-tfsi-business-advanced-udine-642752858.htm,24950,4,2022,44139,manuale,Benzina,150,Business Advanced,Middle,35 TFSI,Rivenditore,201,rivignano teor,33061,Friuli-Venezia Giulia,Nord-est
"AUDI A3, 35 TFSI",https://www.subito.it/auto/audi-a3-35-tfsi-palermo-641992524.htm,25500,5,2021,85000,automatico,Benzina,150,S,Performance,35 TFSI,Privato,750,palermo,90121,Sicilia,Isole
Audi A3 Sportback 35 TFSI Advanced S-Tronic,https://www.subito.it/auto/audi-a3-sportback-35-tfsi-advanced-s-tronic-caserta-641591085.htm,28990,1,2025,28304,automatico,Benzina,150,Advanced,Middle,35 TFSI,Rivenditore,474,curti,81040,Campania,Sud
Audi A3 8Y 30 TDI Business Advanced,https://www.subito.it/auto/audi-a3-8y-30-tdi-business-advanced-roma-641973565.htm,23000,6,2020,83000,manuale,Diesel,116,Business Advanced,Middle,30 TDI,Privato,326,roma,118,Lazio,Centro
Audi A3 Sportback 35 Tfsi S-tronic Advanced 1.5 ,https://www.subito.it/auto/audi-a3-sportback-35-tfsi-s-tronic-advanced-1-5-alessandria-640907480.htm,24000,4,2022,54000,automatico,Ibrido,150,Advanced,Middle,35 TFSI,Privato,195,silvano d orba,15060,Piemonte,Nord-ovest
Audi a3 sline 35 tfsi,https://www.subito.it/auto/audi-a3-sline-35-tfsi-trento-640736237.htm,28000,6,2020,58000,manuale,Benzina,150,S line,Sport,35 TFSI,Privato,156,trento,38121,Trentino-Alto Adige/Südtirol,Nord-est
AUDI A3 SPB 30 TDI S tronic Business Advanced,https://www.subito.it/auto/audi-a3-spb-30-tdi-s-tronic-business-advanced-verona-640585898.htm,24000,5,2021,108000,automatico,Diesel,116,Business Advanced,Middle,30 TDI,Privato,86,verona,37121,Veneto,Nord-est
Audi A3 SPB 40 TFSI e S tronic Business Advanced,https://www.subito.it/auto/audi-a3-spb-40-tfsi-e-s-tronic-business-advanced-vicenza-640275729.htm,20900,5,2021,91000,automatico,Ibrido,204,Business Advanced,Middle,40 TFSI e,Rivenditore,134,mussolente,36065,Veneto,Nord-est
Audi A3 35 TDI S tronic Business Advanced,https://www.subito.it/auto/audi-a3-35-tdi-s-tronic-business-advanced-taranto-640264170.htm,26400,5,2021,92600,automatico,Diesel,150,Business Advanced,Middle,35 TDI,Rivenditore,667,massafra,74016,Puglia,Sud
 Audi A3 35 TFSI Sportback ,https://www.subito.it/auto/audi-a3-35-tfsi-sportback-napoli-639983917.htm,28000,5,2021,50000,automatico,Ibrido,150,Sport,Middle,35 TFSI,Privato,521,meta,80062,Campania,Sud
Audi A3 Sportback 30 TDI S line edition,https://www.subito.it/auto/audi-a3-sportback-30-tdi-s-line-edition-campobasso-638902241.htm,22000,5,2021,130000,manuale,Diesel,116,S line,Sport,30 TDI,Privato,448,campobasso,86100,Molise,Sud
AUDI A3 40 TFSI E S TRONIC,https://www.subito.it/auto/audi-a3-40-tfsi-e-s-tronic-milano-637976691.htm,24000,4,2022,60000,automatico,Ibrido,204,S,Performance,40 TFSI e,Privato,177,milano,20121,Lombardia,Nord-ovest
Audi A3 30 TFSI,https://www.subito.it/auto/audi-a3-30-tfsi-trieste-637269133.htm,22750,4,2022,52947,automatico,Benzina,110,S,Performance,30 TFSI,Privato,234,trieste,34121,Friuli-Venezia Giulia,Nord-est
Audi A3 sportback 35 TDI ( 2.0-150cv),https://www.subito.it/auto/audi-a3-sportback-35-tdi-2-0-150cv-salerno-637265123.htm,23000,5,2021,160000,automatico,Diesel,150,Sport,Middle,35 TDI,Privato,533,salerno,84121,Campania,Sud
AUDI A3 SPB 30 TDI Business Advanced,https://www.subito.it/auto/audi-a3-spb-30-tdi-business-advanced-milano-637181069.htm,23499,5,2021,108000,automatico,Diesel,116,Business Advanced,Middle,30 TDI,Rivenditore,177,milano,20121,Lombardia,Nord-ovest
Audi A3 Sportback Business Advance 35 TFSI 150 cv,https://www.subito.it/auto/audi-a3-sportback-business-advance-35-tfsi-150-cv-reggio-calabria-636863365.htm,23000,5,2021,97000,manuale,Benzina,150,Business,Base,35 TFSI,Privato,819,reggio calabria,89121,Calabria,Sud
Audi A3 4.0 tfsi e s line s tronic,https://www.subito.it/auto/audi-a3-4-0-tfsi-e-s-line-s-tronic-catanzaro-636536779.htm,22490,5,2021,139000,automatico,Ibrido,204,S line,Sport,40 TFSI e,Privato,783,catanzaro,88100,Calabria,Sud
Audi A3 SPB 35 TDI S tronic Business Advanced,https://www.subito.it/auto/audi-a3-spb-35-tdi-s-tronic-business-advanced-como-636280310.htm,25900,3,2023,104756,automatico,Diesel,150,Business Advanced,Middle,35 TDI,Rivenditore,191,mariano comense,22066,Lombardia,Nord-ovest
AUDI A3 SPB 35 TDI S tronic S line edition,https://www.subito.it/auto/audi-a3-spb-35-tdi-s-tronic-s-line-edition-treviso-636257802.htm,27900,5,2021,62065,automatico,Diesel,150,S line,Sport,35 TDI,Rivenditore,163,oderzo,31046,Veneto,Nord-est
AUDI A3 SPB 35 TDI S tronic S line edition,https://www.subito.it/auto/audi-a3-spb-35-tdi-s-tronic-s-line-edition-udine-636251405.htm,27900,5,2021,62065,automatico,Diesel,150,S line,Sport,35 TDI,Rivenditore,201,rivignano teor,33061,Friuli-Venezia Giulia,Nord-est
Audi A3 SPB 35 TDI,https://www.subito.it/auto/audi-a3-spb-35-tdi-caserta-635644451.htm,26000,4,2022,67000,automatico,Diesel,150,S,Performance,35 TDI,Privato,471,villa literno,81039,Campania,Sud
Audi A3 SPB 35 TFSI S tronic,https://www.subito.it/auto/audi-a3-spb-35-tfsi-s-tronic-brescia-635288090.htm,20000,5,2021,126000,automatico,Ibrido,150,S,Performance,35 TFSI,Privato,121,brescia,25121,Lombardia,Nord-ovest
Audi A3 Sportback 35 tfsi 150cv,https://www.subito.it/auto/audi-a3-sportback-35-tfsi-150cv-milano-635177700.htm,21000,6,2020,110000,automatico,Ibrido,150,Sport,Middle,35 TFSI,Privato,177,milano,20121,Lombardia,Nord-ovest
Audi A3 SB 3.5 TFSI S-line edition,https://www.subito.it/auto/audi-a3-sb-3-5-tfsi-s-line-edition-torino-635129039.htm,29900,4,2022,49000,automatico,Benzina,150,S line,Sport,35 TFSI,Privato,289,alpignano,10091,Piemonte,Nord-ovest
AUDI A3 SPB 30 TDI Business NAVIG!!!!,https://www.subito.it/auto/audi-a3-spb-30-tdi-business-navig-forli-cesena-634491946.htm,22500,6,2020,112570,manuale,Diesel,116,Business,Base,30 TDI,Rivenditore,119,savignano sul rubicone,47039,Emilia-Romagna,Nord-est
Audi A3 SPB 35 TDI S tronic S line edition#AUTO#LE,https://www.subito.it/auto/audi-a3-spb-35-tdi-s-tronic-s-line-edition-auto-le-bari-634005049.htm,28990,5,2021,149000,automatico,Diesel,150,S line,Sport,35 TDI,Rivenditore,614,altamura,70022,Puglia,Sud
Audi A3 SPB 30 TDI S line edition 116cv 2022,https://www.subito.it/auto/audi-a3-spb-30-tdi-s-line-edition-116cv-2022-ragusa-633542651.htm,25499,4,2022,112973,automatico,Diesel,116,S line,Sport,30 TDI,Rivenditore,930,ispica,97014,Sicilia,Isole
Audi A3 SPB 35 TDI S tronic Business Advanced,https://www.subito.it/auto/audi-a3-spb-35-tdi-s-tronic-business-advanced-cosenza-633245708.htm,23900,4,2022,128000,automatico,Diesel,150,Business Advanced,Middle,35 TDI,Rivenditore,719,luzzi,87040,Calabria,Sud
A3 Sportback 35 TFSI,https://www.subito.it/auto/a3-sportback-35-tfsi-frosinone-632964283.htm,25900,6,2020,78000,manuale,Benzina,150,Sport,Middle,35 TFSI,Privato,363,anagni,3012,Lazio,Centro
AUDI A3 SPB 35 TDI S tronic S line edition PACK,https://www.subito.it/auto/audi-a3-spb-35-tdi-s-tronic-s-line-edition-pack-padova-632711615.htm,29900,4,2022,79000,automatico,Diesel,150,S line,Sport,35 TDI,Rivenditore,80,monselice,35043,Veneto,Nord-est
Audi A3 SPORTBACK 35 TDI S tronic chilometri ...,https://www.subito.it/auto/audi-a3-sportback-35-tdi-s-tronic-chilometri-bologna-632307403.htm,20750,6,2020,87324,automatico,Diesel,150,Sport,Middle,35 TDI,Rivenditore,20,castel maggiore,40013,Emilia-Romagna,Nord-est
Audi A3 Sportback 30 TFSI Business Advanced,https://www.subito.it/auto/audi-a3-sportback-30-tfsi-business-advanced-caserta-616589268.htm,23800,5,2021,60000,manuale,Benzina,110,Business Advanced,Middle,30 TFSI,Rivenditore,483,succivo,81030,Campania,Sud
Audi A3 sportback 35 TDI S Tronic S Line Edition,https://www.subito.it/auto/audi-a3-sportback-35-tdi-s-tronic-s-line-edition-bari-629741569.htm,26500,6,2020,80000,automatico,Diesel,150,S line,Sport,35 TDI,Privato,659,alberobello,70011,Puglia,Sud
AUDI A 3 SPORTBACK S TRONIC S-LINE 30 TDI,https://www.subito.it/auto/audi-a-3-sportback-s-tronic-s-line-30-tdi-savona-631162723.htm,25000,5,2021,66000,automatico,Diesel,116,S line,Sport,30 TDI,Privato,234,pietra ligure,17027,Liguria,Nord-ovest
audi S3 8L del 2002,https://www.subito.it/auto/audi-s3-8l-del-2002-verona-630847698.htm,15000,4,2022,283000,manuale,Benzina,310,S,Performance,S3,Privato,84,san martino buon albergo,37036,Veneto,Nord-est
Audi A 3 30 TDI S tronic S line edition,https://www.subito.it/auto/audi-a-3-30-tdi-s-tronic-s-line-edition-livorno-628887647.htm,25500,4,2022,61000,automatico,Diesel,116,S line,Sport,30 TDI,Privato,140,livorno,57121,Toscana,Centro
AUDI A3 2020 30 TDI STRONIC SPB,https://www.subito.it/auto/audi-a3-2020-30-tdi-stronic-spb-brescia-628437611.htm,25000,6,2020,50000,automatico,Diesel,116,S,Performance,30 TDI,Privato,121,brescia,25121,Lombardia,Nord-ovest
A3 30 tfsi Sline 2022,https://www.subito.it/auto/a3-30-tfsi-sline-2022-roma-628257012.htm,21500,4,2022,115000,manuale,Benzina,110,S line,Sport,30 TFSI,Privato,333,fiumicino,54,Lazio,Centro
Audi A3 30 TDI S-line,https://www.subito.it/auto/audi-a3-30-tdi-s-line-firenze-625551796.htm,26500,2,2024,50000,manuale,Diesel,116,S line,Sport,30 TDI,Privato,117,figline e incisa valdarno,50063,Toscana,Centro
Audi a3 35 tdi 150 cv 2021 s-line,https://www.subito.it/auto/audi-a3-35-tdi-150-cv-2021-s-line-como-624852998.htm,28000,5,2021,100000,automatico,Diesel,150,S line,Sport,35 TDI,Privato,195,figino serenza,22060,Lombardia,Nord-ovest
Audi A3 S3,https://www.subito.it/auto/audi-a3-s3-potenza-624816298.htm,28000,5,2021,81000,automatico,Diesel,310,S,Performance,S3,Privato,556,rionero vulture,85028,Basilicata,Sud
AUDI A3 SPB 35TDI 2021 MATRIX,https://www.subito.it/auto/audi-a3-spb-35tdi-2021-matrix-bari-623543446.htm,29990,5,2021,140000,automatico,Diesel,150,S,Performance,35 TDI,Privato,643,polignano a mare,70044,Puglia,Sud
Audi A3 35 TDI 2.0 150cv S-tronic S-line,https://www.subito.it/auto/audi-a3-35-tdi-2-0-150cv-s-tronic-s-line-vibo-valentia-610460866.htm,20000,6,2020,120000,automatico,Diesel,150,S line,Sport,35 TDI,Privato,788,nicotera,89844,Calabria,Sud
AUDI A3 Sportback 35 TDI Business S tronic 2021,https://www.subito.it/auto/audi-a3-sportback-35-tdi-business-s-tronic-2021-frosinone-622974592.htm,19500,5,2021,168000,automatico,Diesel,150,Business,Base,35 TDI,Privato,415,cassino,3043,Lazio,Centro
AUDI A3 35 tdi s-tronic pacchetto S Line admired,https://www.subito.it/auto/audi-a3-35-tdi-s-tronic-pacchetto-s-line-admired-alessandria-622946760.htm,25000,6,2020,107000,automatico,Diesel,150,S line,Sport,35 TDI,Privato,192,lerma,15070,Piemonte,Nord-ovest
Audi A3 spb 30tdi s tronic s line 2021,https://www.subito.it/auto/audi-a3-spb-30tdi-s-tronic-s-line-2021-salerno-622492699.htm,26000,5,2021,80000,automatico,Diesel,116,S line,Sport,30 TDI,Privato,550,battipaglia,84091,Campania,Sud
Audi A3 SPB 30 Tdi 2021,https://www.subito.it/auto/audi-a3-spb-30-tdi-2021-roma-622142188.htm,25500,5,2021,114000,automatico,Diesel,116,S,Performance,30 TDI,Privato,326,roma,118,Lazio,Centro
Audi a3 s line 40tdi quattro,https://www.subito.it/auto/audi-a3-s-line-40tdi-quattro-l-aquila-621515540.htm,27500,6,2020,95000,automatico,Diesel,190,S line,Sport,40 TDI,Privato,315,l aquila,67100,Abruzzo,Sud
AUDI A3 40 TFSIE S LINE Sportback e-tron,https://www.subito.it/auto/audi-a3-40-tfsie-s-line-sportback-e-tron-cuneo-588788824.htm,26500,5,2021,71000,automatico,Elettrico,204,S line,Sport,40 TFSI e,Privato,286,cuneo,12100,Piemonte,Nord-ovest
