Prezzo,Anni,Chilometraggio,Cambio,CV,Venditore,Distanza,is_Diesel vs Benzina,is_Ibrido vs Benzina,is_GPL vs Benzina,is_Elettrico vs Benzina,is_sport vs base,is_performance vs base,is_middle vs base,is NO vs NE,is Centro vs NE,is Sud_Isole vs NE
4700,8,194000,0,69,1,333,0,0,0,0,0,0,0,0,1,0
4950,8,85000,0,69,0,498,0,0,0,0,0,0,1,0,0,1
4650,8,146000,0,69,0,177,1,0,0,0,0,0,0,1,0,0
4500,5,190000,0,69,1,525,0,1,0,0,0,0,0,0,0,1
5000,7,193000,0,69,1,36,1,0,0,0,0,0,0,0,0,0
5990,8,73000,0,69,1,176,0,0,0,0,1,0,0,1,0,0
5990,6,46000,0,69,1,176,0,0,0,0,0,0,1,1,0,0
5700,7,130000,0,69,0,234,1,0,0,0,1,0,0,0,0,0
5890,8,184149,0,69,1,158,1,0,0,0,0,0,0,1,0,0
5500,8,160000,0,69,0,57,1,0,0,0,0,0,0,0,0,0
5600,7,179530,0,69,1,141,1,0,0,0,0,0,0,1,0,0
6000,6,215000,0,69,1,358,1,0,0,0,0,0,0,0,1,0
6000,8,156000,0,69,0,101,0,0,0,0,1,0,0,0,0,0
5999,8,100000,0,69,1,484,0,0,0,0,0,0,1,0,0,1
5800,6,83000,0,69,1,256,1,0,0,0,0,0,0,1,0,0
6000,5,115000,0,69,1,42,1,0,0,0,0,0,0,0,0,0
6990,7,159000,0,69,1,210,0,0,0,0,1,0,0,0,1,0
6600,8,139000,0,69,0,57,1,0,0,0,0,0,0,0,0,0
6990,8,145000,0,69,1,124,1,0,0,0,0,0,0,1,0,0
6990,7,100870,0,69,1,232,0,0,0,0,0,0,1,1,0,0
6500,6,98061,0,69,0,502,1,0,0,0,0,0,0,0,0,1
7000,8,125000,0,69,1,333,0,0,0,0,0,0,1,0,1,0
6800,8,209000,0,69,1,339,1,0,0,0,1,0,0,0,1,0
6500,8,137000,0,69,0,522,0,0,0,0,0,0,1,0,0,1
6500,8,157870,0,69,1,120,0,0,0,0,0,0,1,0,1,0
6690,8,150844,0,69,1,92,1,0,0,0,0,0,1,0,1,0
7000,8,143000,0,69,0,329,1,0,0,0,0,0,0,0,1,0
6200,8,164000,0,69,0,412,0,0,0,0,0,0,0,0,1,0
6500,4,162644,0,69,1,276,0,1,0,0,0,0,0,1,0,0
6500,8,158217,0,69,1,326,0,0,0,0,0,0,0,0,1,0
7000,8,142584,0,69,1,228,1,0,0,0,0,0,0,0,1,0
6700,5,210000,0,69,1,121,0,1,0,0,0,0,1,1,0,0
6200,8,200000,0,69,0,183,1,0,0,0,0,0,1,0,0,0
6900,6,218000,0,69,0,87,1,0,0,0,0,0,1,0,1,0
6500,4,162658,0,69,1,234,0,1,0,0,0,0,0,1,0,0
6500,8,190000,0,69,0,119,0,0,0,0,0,0,1,1,0,0
6500,8,199000,0,69,0,65,1,0,0,0,0,0,1,0,0,0
6300,8,200000,0,69,0,183,1,0,0,0,0,0,1,0,0,0
6500,8,236000,0,69,0,683,1,0,0,0,0,0,1,0,0,1
6900,7,155000,0,69,1,119,1,0,0,0,0,0,0,1,0,0
6490,7,30966,0,69,1,488,0,0,0,0,0,0,0,0,0,1
6959,7,85518,0,69,1,111,1,0,0,0,0,0,0,1,0,0
6900,7,157700,0,69,1,184,1,0,0,0,0,0,0,0,0,0
7995,8,96200,0,69,1,322,0,0,0,0,0,0,1,0,1,0
7900,7,137000,0,69,1,177,0,0,0,0,0,0,0,1,0,0
7950,6,131276,0,69,1,109,0,0,0,0,0,0,0,1,0,0
7900,8,129779,0,69,1,270,1,0,0,0,0,0,1,1,0,0
7600,7,104000,0,69,0,44,0,0,0,0,1,0,0,0,0,0
7900,8,80000,0,69,0,196,0,0,0,0,0,0,0,0,0,0
7500,7,133000,0,69,0,227,0,0,0,0,0,0,0,0,0,0
7499,8,119000,0,69,0,25,1,0,0,0,0,0,0,0,0,0
7390,7,96000,0,69,0,698,0,0,0,0,0,0,0,0,0,1
7300,8,185000,0,69,0,288,0,0,0,0,1,0,0,1,0,0
7500,8,80000,0,69,0,490,1,0,0,0,0,0,1,0,0,1
7100,8,140000,0,69,0,495,1,0,0,0,1,0,0,0,0,1
7600,8,107000,0,69,0,181,0,0,0,0,0,0,1,1,0,0
7700,8,94000,0,69,0,326,0,0,0,0,0,0,0,0,1,0
7950,8,99000,0,69,1,259,0,0,0,0,0,0,1,1,0,0
8000,8,181000,0,69,0,160,0,0,0,0,1,0,0,1,0,0
8000,8,189000,0,69,1,196,0,0,0,0,1,0,0,1,0,0
7900,8,142000,0,69,1,341,1,0,0,0,0,0,1,0,1,0
8000,7,150000,0,69,0,180,0,0,0,0,1,0,0,1,0,0
7700,8,132000,0,69,0,174,1,0,0,0,0,0,0,1,0,0
7500,8,179000,0,69,1,95,1,0,0,0,0,0,1,0,0,0
7800,8,130000,0,69,0,482,0,0,0,0,1,0,0,0,0,1
7990,8,78204,0,69,1,256,0,0,0,0,0,0,0,1,0,0
7900,6,144000,0,69,1,484,1,0,0,0,0,0,0,0,0,1
8000,8,101000,0,69,0,84,0,0,0,0,1,0,0,0,0,0
8000,8,92000,0,69,0,120,0,0,0,0,0,0,1,0,1,0
8000,8,135000,0,69,0,120,0,0,0,0,0,0,1,0,0,0
7500,8,134400,0,69,0,611,1,0,0,0,0,0,1,0,0,1
7800,7,139000,0,69,0,419,0,0,0,0,0,0,1,0,1,0
7300,6,112500,0,69,1,184,1,0,0,0,0,0,0,1,0,0
7500,8,160000,0,69,0,149,0,0,0,0,0,0,1,0,1,0
8000,8,124000,0,69,0,228,1,0,0,0,0,0,0,1,0,0
7990,4,160000,0,69,1,164,0,0,0,0,0,0,1,0,0,0
7900,8,140000,0,69,0,16,1,0,0,0,0,0,0,0,0,0
7200,7,258000,0,69,0,145,0,0,0,0,1,0,0,0,0,0
7500,8,180000,0,69,0,801,1,0,0,0,0,0,0,0,0,1
7500,8,148340,0,69,1,326,0,0,0,0,0,0,1,0,1,0
7999,8,175000,0,69,1,193,0,0,1,0,1,0,0,1,0,0
7990,8,155000,0,69,1,164,1,0,0,0,1,0,0,0,0,0
7500,8,192000,0,69,0,498,1,0,0,0,1,0,0,0,0,1
8000,7,136022,0,69,1,538,0,0,1,0,0,0,0,0,0,1
7900,6,85000,0,69,0,326,0,0,1,0,0,0,0,0,1,0
7300,4,148000,0,69,0,533,0,0,1,0,0,0,1,0,0,1
7200,5,99000,0,69,1,99,1,0,0,0,0,0,0,0,1,0
8990,5,61200,0,69,1,162,0,1,0,0,0,0,1,1,0,0
8950,8,106500,0,69,1,177,1,0,0,0,0,0,1,1,0,0
8500,8,115000,0,69,1,203,0,0,0,0,0,0,1,1,0,0
8900,8,99000,0,69,1,187,1,0,0,0,0,0,0,1,0,0
8900,8,80400,0,69,0,182,0,0,0,0,0,0,1,1,0,0
8900,8,23000,0,69,0,177,1,0,0,0,0,0,1,1,0,0
8490,7,92000,0,69,1,177,0,0,0,0,0,0,1,1,0,0
8500,8,115700,1,69,0,326,0,0,0,0,0,0,1,0,1,0
8999,7,92000,0,69,0,326,0,0,0,0,1,0,0,0,1,0
8500,7,60000,0,69,0,87,0,0,0,0,0,0,1,0,0,0
8800,5,96000,0,69,1,119,0,0,0,0,0,0,1,1,0,0
8800,7,120000,0,69,0,326,0,0,0,0,1,0,0,0,1,0
9000,5,64000,0,69,0,326,0,0,0,0,0,0,1,0,1,0
8650,3,92000,0,69,1,542,0,1,0,0,0,0,1,0,0,1
8590,7,143000,0,69,1,124,0,0,0,0,1,0,0,1,0,0
8500,7,122000,0,69,0,180,0,0,0,0,0,0,1,1,0,0
8800,8,93000,0,69,1,177,0,0,0,0,1,0,0,1,0,0
8499,8,92125,0,69,1,475,0,0,1,0,0,0,1,0,0,1
8500,8,99000,0,69,0,175,0,0,0,0,0,0,1,1,0,0
8999,8,46743,0,69,1,205,0,0,0,0,1,0,0,1,0,0
9000,8,94000,1,69,1,185,0,0,0,0,0,0,1,1,0,0
8700,8,130000,0,69,0,177,0,0,0,0,1,0,0,1,0,0
8500,8,173000,0,69,1,156,1,0,0,0,1,0,0,1,0,0
9000,8,80000,0,69,1,215,0,0,0,0,0,0,1,1,0,0
8500,7,152000,0,69,0,250,1,0,0,0,1,0,0,0,1,0
8500,7,115000,0,69,0,495,0,0,0,0,1,0,0,0,0,1
8900,6,113413,0,69,1,180,0,0,0,0,1,0,0,1,0,0
9000,7,72000,0,69,0,618,0,0,0,0,0,0,0,0,0,1
8500,7,60000,0,69,0,87,0,0,0,0,0,0,1,0,0,0
8400,8,120000,0,69,0,163,1,0,0,0,0,0,1,0,0,0
8500,8,130000,0,69,0,93,1,0,0,0,0,0,1,0,1,0
8990,4,73000,0,69,1,542,0,0,0,0,0,0,1,0,0,1
8500,8,75000,0,69,0,105,0,0,0,0,0,0,0,0,1,0
9000,8,155000,0,69,0,287,1,0,0,0,1,0,0,0,1,0
8900,7,110000,0,69,0,146,1,0,0,0,0,0,1,0,1,0
8400,8,138972,0,69,1,498,1,0,0,0,0,0,1,0,0,1
8500,6,119083,0,69,1,326,0,0,0,0,0,0,1,0,1,0
8950,8,106000,0,69,1,500,1,0,0,0,0,0,1,0,0,1
8900,8,94300,0,69,1,163,0,0,0,0,0,0,1,0,0,0
8750,7,110000,0,69,0,326,0,0,0,0,0,0,1,0,1,0
9000,8,71000,0,69,0,436,0,0,0,0,0,0,1,0,0,1
8800,8,168000,0,69,0,101,1,0,0,0,1,0,0,0,0,0
8500,8,130000,0,69,0,239,1,0,0,0,0,0,1,0,1,0
8500,8,81800,0,69,0,115,0,0,0,0,0,0,0,0,1,0
8790,5,136900,0,69,1,162,0,0,1,0,0,0,0,1,0,0
9000,8,133000,0,69,0,377,1,0,0,0,0,0,1,0,1,0
8990,7,98800,0,69,1,141,0,0,0,0,0,0,0,0,0,0
8500,6,140000,0,69,1,51,0,0,1,0,0,0,1,1,0,0
8900,7,114000,0,69,1,695,1,0,0,0,0,0,0,0,0,1
9000,7,63500,0,69,0,521,0,0,0,0,1,0,0,0,0,1
8800,7,115000,0,69,1,174,0,0,0,0,0,0,1,0,0,0
9000,5,114000,0,69,1,177,0,1,0,0,0,0,0,1,0,0
8900,6,125200,0,69,1,178,1,0,0,0,0,0,0,1,0,0
8700,8,180000,0,69,0,147,0,0,0,0,1,0,0,1,0,0
8450,7,107000,0,69,1,229,1,0,0,0,0,0,0,1,0,0
9000,8,115000,0,69,0,106,0,0,0,0,0,0,1,0,0,0
8500,8,158000,0,69,1,329,1,0,0,0,0,0,1,0,1,0
9000,8,130000,0,69,0,246,0,0,0,0,1,0,0,1,0,0
8990,4,100000,0,69,1,854,0,0,1,0,0,0,1,0,0,1
8400,8,119000,0,69,1,83,1,0,0,0,0,0,1,0,1,0
8700,8,89000,0,69,0,91,0,0,0,0,0,0,1,1,0,0
8500,8,110000,0,69,1,162,1,0,0,0,0,0,1,1,0,0
8750,8,79000,0,69,1,147,0,0,0,0,0,0,0,1,0,0
8999,7,112000,0,69,1,579,0,0,0,0,0,0,1,0,0,1
8800,8,97500,0,69,0,204,1,0,0,0,0,0,0,1,0,0
8200,7,115000,0,69,0,89,0,0,0,0,0,0,0,0,0,0
8900,8,95000,0,69,1,31,0,0,0,0,0,0,0,0,0,0
8900,6,121000,0,69,1,147,0,0,0,0,0,0,0,1,0,0
9000,8,90000,0,69,0,196,0,0,0,0,0,0,0,1,0,0
8750,8,157300,0,69,0,131,1,0,0,0,0,0,0,0,1,0
9000,5,115000,0,69,0,500,0,0,1,0,0,0,1,0,0,1
8200,8,179000,0,69,0,177,0,0,0,0,0,0,1,1,0,0
8500,7,140000,0,69,1,86,1,0,0,0,0,0,0,0,0,0
8900,7,123500,0,69,0,329,0,0,0,0,0,0,0,0,1,0
8800,7,160000,0,69,0,542,1,0,0,0,0,0,1,0,0,1
8900,6,180000,0,69,0,611,1,0,0,0,0,0,1,0,0,1
8100,8,113000,0,69,0,404,1,0,0,0,0,0,0,0,0,1
8400,5,137000,0,69,0,200,0,0,0,0,0,0,0,1,0,0
8500,8,169000,0,69,1,109,1,0,0,0,0,0,1,1,0,0
8900,7,90000,0,69,1,495,0,0,0,0,0,0,0,0,0,1
9000,7,109000,0,69,0,274,0,0,0,0,0,0,0,1,0,0
8200,8,135600,0,69,1,228,0,0,0,0,0,0,0,0,1,0
8900,5,164000,0,69,1,228,1,0,0,0,0,0,0,0,1,0
8450,6,170000,0,69,0,259,0,0,0,0,0,0,0,1,0,0
8900,8,133000,0,69,1,84,1,0,0,0,0,0,1,0,0,0
8899,7,144281,0,69,1,177,1,0,0,0,0,0,1,1,0,0
8990,8,108000,0,69,1,435,0,0,0,0,0,0,0,0,0,1
8250,6,158000,0,69,0,500,0,0,1,0,0,0,1,0,0,1
8950,4,215000,0,69,1,783,0,1,0,0,0,0,1,0,0,1
8510,8,110000,0,69,1,16,0,0,0,0,0,0,0,0,0,0
9000,8,121000,0,69,0,811,1,0,0,0,0,0,1,0,0,1
8900,8,80000,0,69,1,276,0,0,0,0,0,0,0,1,0,0
8990,8,176000,0,69,1,435,1,0,0,0,0,0,1,0,0,1
8490,8,150000,0,69,1,201,0,0,0,0,0,0,1,1,0,0
8900,8,137000,0,69,0,497,1,0,0,0,0,0,1,0,0,1
9000,8,115000,0,69,0,167,0,0,0,0,0,0,0,1,0,0
8200,7,163725,0,69,1,712,0,0,1,0,0,0,1,0,0,1
8200,8,181000,0,69,1,695,0,0,0,0,0,0,1,0,0,1
9000,8,129065,0,69,0,314,0,0,1,0,0,0,0,0,1,0
8900,6,144000,0,69,1,586,1,0,0,0,0,0,1,0,0,1
8999,5,100000,0,69,1,180,0,0,0,0,1,0,0,1,0,0
8900,5,95200,0,69,1,106,0,0,0,0,0,0,0,1,0,0
8900,5,95200,0,69,1,106,0,0,0,0,0,0,0,1,0,0
9200,6,88000,0,69,1,214,0,0,0,0,0,0,0,1,0,0
9950,4,50825,0,69,1,326,0,1,0,0,0,0,0,0,1,0
9900,3,66800,0,69,1,201,0,0,0,0,0,0,1,1,0,0
9990,5,108367,0,69,1,276,0,0,1,0,0,0,1,1,0,0
9950,7,91927,0,69,1,746,0,0,1,0,0,0,0,0,0,1
9700,8,103454,0,69,1,764,1,0,0,0,0,0,1,0,0,1
9390,3,121742,0,69,1,40,0,1,0,0,0,0,1,0,0,0
9900,6,112000,0,69,1,700,0,0,0,0,0,0,1,0,0,1
9390,3,121742,0,69,1,180,0,1,0,0,0,0,1,1,0,0
9900,7,95420,0,69,1,87,0,0,0,0,1,0,0,0,1,0
10000,8,81289,0,69,0,129,1,0,0,0,1,0,0,1,0,0
10000,5,83500,0,69,0,99,0,0,0,0,1,0,0,0,1,0
10000,6,103000,0,69,0,345,1,0,0,0,1,0,0,0,1,0
9900,8,64000,0,69,0,276,0,0,0,0,0,0,1,1,0,0
9500,8,92000,0,69,0,276,0,0,0,0,1,0,0,1,0,0
10000,7,28000,0,69,0,111,0,0,0,0,0,0,1,0,1,0
9800,8,110000,0,69,0,18,1,0,0,0,1,0,0,0,0,0
9500,8,115000,0,69,0,16,0,0,0,0,1,0,0,0,0,0
10000,6,120000,0,69,0,326,1,0,0,0,1,0,0,0,1,0
9200,7,100000,0,69,0,301,0,0,0,0,1,0,0,1,0,0
9800,4,39000,0,69,0,498,0,0,1,0,0,0,1,0,0,1
9500,8,106700,0,69,0,40,1,0,0,0,1,0,0,0,0,0
9400,8,95000,0,69,0,90,1,0,0,0,0,0,1,0,0,0
9500,8,158000,0,69,1,126,1,0,0,0,1,0,0,0,0,0
9490,4,79800,0,69,1,341,0,0,0,0,0,0,1,0,1,0
9500,7,77000,0,69,0,158,0,0,0,0,1,0,0,1,0,0
9550,8,78350,0,69,0,134,0,0,0,0,0,0,1,1,0,0
9250,8,60796,0,69,1,205,0,0,0,0,0,0,1,1,0,0
9600,7,93000,0,69,0,299,0,0,0,0,1,0,0,1,0,0
9500,5,72000,0,69,1,42,0,0,0,0,0,0,1,0,0,0
9800,7,100000,0,69,0,89,1,0,0,0,0,0,1,0,0,0
9500,8,125000,0,69,0,147,1,0,0,0,1,0,0,1,0,0
9700,7,93500,0,69,1,177,1,0,0,0,0,0,1,1,0,0
10000,7,55000,0,69,0,77,0,0,0,0,0,0,1,0,0,0
9700,4,90000,0,69,0,197,0,1,0,0,0,0,1,1,0,0
9900,8,25851,0,69,1,204,1,0,0,0,0,0,1,0,1,0
9400,8,130000,0,69,0,177,1,0,0,0,1,0,0,1,0,0
9800,8,88000,0,69,0,731,1,0,0,0,0,1,0,0,0,1
9999,5,99000,0,69,1,81,0,1,0,0,0,0,0,0,0,0
9300,8,126000,0,69,0,495,1,0,0,0,1,0,0,0,0,1
9500,5,74837,0,69,1,178,0,0,0,0,0,0,0,1,0,0
9500,7,135000,0,69,0,301,1,0,0,0,1,0,0,0,1,0
9700,7,97000,0,69,0,284,0,0,0,0,0,0,1,1,0,0
9500,8,98000,0,69,1,181,0,0,0,0,1,0,0,1,0,0
10000,8,117000,0,69,0,319,1,0,0,0,1,0,0,0,1,0
9700,6,76000,0,69,0,117,0,0,0,0,0,0,1,0,0,0
9800,7,125500,0,69,0,79,1,0,0,0,1,0,0,0,0,0
9500,8,129000,0,69,0,186,1,0,0,0,0,0,1,1,0,0
10000,7,100000,0,69,0,246,0,0,0,0,1,0,0,0,1,0
9500,7,46600,0,69,0,495,0,0,1,0,0,0,0,0,0,1
9900,3,70000,0,69,1,201,0,0,0,0,0,0,1,1,0,0
9999,6,80000,0,69,0,486,0,0,0,0,1,0,0,0,0,1
9900,6,136000,0,69,1,291,1,0,0,0,1,0,0,0,1,0
9900,8,68000,0,69,1,106,0,0,0,0,0,0,1,0,1,0
9500,8,90334,0,69,1,769,0,0,0,0,1,0,0,0,0,1
9300,7,100000,0,69,0,495,1,0,0,0,0,0,1,0,0,1
10000,8,120000,0,69,0,87,0,0,0,0,1,0,0,0,0,0
9500,5,82000,0,69,0,484,0,0,0,0,0,0,1,0,0,1
9500,6,181000,0,69,0,326,1,0,0,0,0,0,1,0,1,0
9700,8,120000,0,69,1,303,1,0,0,0,0,0,0,0,0,1
9500,7,55000,0,69,1,214,0,0,0,0,0,0,0,1,0,0
9500,4,105000,0,69,1,461,0,1,0,0,1,0,0,0,0,1
9400,5,105000,0,69,0,505,0,1,0,0,0,0,1,0,0,1
9400,8,176000,0,69,0,310,1,0,0,0,1,0,0,1,0,0
9500,6,110000,0,69,0,857,1,0,0,0,0,0,1,0,0,1
9200,8,50000,0,69,1,51,0,0,0,0,0,0,0,0,0,0
10000,8,80000,0,69,0,214,0,0,0,0,1,0,0,1,0,0
10000,8,117000,0,69,0,194,0,0,0,0,1,0,0,0,1,0
9500,7,116000,0,69,0,713,1,0,0,0,0,0,1,0,0,1
9700,8,82500,0,69,0,199,1,0,0,0,0,0,0,0,1,0
9400,5,80000,0,69,1,177,0,1,0,0,0,0,0,1,0,0
9600,8,91500,0,69,0,620,1,0,0,0,0,0,1,0,0,1
10000,8,107000,0,69,0,267,0,0,0,0,1,0,0,1,0,0
9500,7,114000,0,69,1,339,0,0,0,0,1,0,0,0,1,0
9900,8,110000,0,69,1,171,1,0,0,0,0,0,1,1,0,0
9800,6,94600,0,69,0,152,0,0,0,0,0,0,1,0,0,0
9300,7,116000,0,69,0,713,1,0,0,0,0,0,1,0,0,1
9850,7,114226,1,69,1,222,0,0,0,0,0,0,1,1,0,0
9500,7,86000,0,69,0,185,0,0,0,0,0,0,0,1,0,0
9500,7,90000,0,69,0,486,0,0,0,0,1,0,0,0,0,1
9900,7,90000,0,69,1,276,0,0,1,0,0,0,1,1,0,0
9490,8,89900,0,69,1,184,0,0,0,0,1,0,0,0,0,0
10000,7,89000,0,69,0,103,0,0,1,0,0,0,1,0,0,0
9500,8,75300,0,69,0,178,0,0,0,0,0,0,1,1,0,0
9900,7,105000,0,69,1,197,0,0,0,0,1,0,0,1,0,0
10000,7,120000,0,69,0,114,1,0,0,0,1,0,0,0,1,0
9990,5,84000,0,69,1,276,0,0,0,0,0,0,1,1,0,0
9500,8,89000,0,69,1,326,0,0,0,0,0,0,1,0,1,0
9500,8,100000,0,69,1,695,0,0,0,0,0,0,1,0,0,1
9990,7,142000,0,69,0,485,1,0,0,0,0,0,1,0,0,1
9500,7,61865,0,69,1,137,0,0,0,0,0,0,0,1,0,0
9500,8,160000,0,69,0,505,1,0,0,0,1,0,0,0,0,1
10000,7,97000,0,69,0,498,1,0,0,0,0,0,1,0,0,1
9700,7,106000,0,69,1,695,1,0,0,0,0,0,1,0,0,1
10000,7,125000,0,69,0,64,0,0,0,0,1,0,0,0,0,0
9300,7,80000,0,69,1,191,1,0,0,0,0,0,0,0,0,0
9500,7,139000,0,69,0,483,1,0,0,0,1,0,0,0,0,1
10000,8,46000,0,69,0,169,0,0,0,0,0,0,0,1,0,0
9999,7,140000,0,69,0,119,1,0,0,0,1,0,0,0,0,0
10000,8,80000,0,69,0,807,0,0,0,0,0,0,1,0,0,1
10000,6,82000,0,69,1,495,0,0,0,0,1,0,0,0,0,1
10000,7,110000,0,69,0,162,0,0,0,0,1,0,0,1,0,0
9799,7,84500,0,69,1,162,0,0,0,0,0,0,0,1,0,0
10000,5,105391,0,69,0,700,0,0,0,0,0,0,1,0,0,1
9700,8,133000,0,69,0,286,1,0,0,0,0,0,1,1,0,0
9990,7,92000,0,69,1,572,1,0,0,0,0,0,0,0,0,1
9300,7,151000,0,69,1,695,0,0,0,0,1,0,0,0,0,1
9090,6,120000,0,69,1,201,1,0,0,0,0,0,0,1,0,0
9900,8,125617,0,69,1,276,0,0,0,0,0,0,1,1,0,0
9599,7,102393,0,69,1,86,1,0,0,0,0,0,0,0,0,0
10000,8,131470,0,69,0,270,0,0,0,0,1,0,0,1,0,0
9900,8,157000,0,69,1,83,1,0,0,0,0,0,1,0,0,0
9990,8,106600,0,69,0,184,0,0,0,0,0,0,0,1,0,0
9990,6,93754,0,69,1,276,0,0,1,0,0,0,0,1,0,0
9490,8,79900,0,69,1,435,0,0,0,0,0,0,0,0,0,1
9990,8,149000,0,69,1,691,1,0,0,0,0,0,1,0,0,1
9300,8,134860,0,69,1,695,1,0,0,0,0,0,1,0,0,1
9990,8,105853,0,69,1,560,0,0,0,0,0,0,1,0,0,1
9990,7,89000,0,69,1,352,0,0,0,0,0,0,1,0,1,0
9299,8,77777,0,69,1,283,0,0,0,0,0,0,0,1,0,0
9800,7,101000,0,69,1,498,0,0,1,0,0,0,1,0,0,1
9500,6,100800,0,69,1,102,0,0,0,0,0,0,1,0,0,0
9900,5,132000,0,69,0,86,0,0,1,0,0,0,0,0,0,0
9300,8,89700,0,69,1,89,0,0,0,0,0,0,0,0,0,0
9500,8,114073,0,69,1,201,0,0,0,0,0,0,1,1,0,0
10000,6,124500,0,69,0,276,1,0,0,0,0,0,1,1,0,0
9800,6,110000,0,69,0,182,0,0,0,0,0,0,0,1,0,0
9800,8,120080,0,69,1,84,1,0,0,0,1,0,0,0,1,0
9999,7,117000,0,69,1,190,0,0,0,0,1,0,0,1,0,0
9800,7,96000,0,69,1,76,0,0,0,0,0,0,0,0,0,0
9900,8,70362,0,69,0,283,0,0,0,0,0,0,0,1,0,0
9499,7,144281,0,69,1,25,1,0,0,0,0,0,1,0,0,0
9250,8,146000,0,69,0,568,1,0,0,0,0,0,1,0,0,1
9500,7,139000,0,69,0,483,1,0,0,0,1,0,0,0,0,1
9390,3,121742,0,69,1,27,0,1,0,0,0,0,1,0,0,0
9900,8,101887,0,69,1,100,0,0,0,0,0,0,1,0,1,0
10000,7,142000,0,69,0,697,1,0,0,0,0,0,1,0,0,1
9990,3,140000,0,69,1,201,0,1,0,0,0,0,1,1,0,0
9500,8,120000,0,69,0,205,1,0,0,0,0,0,0,1,0,0
9900,5,92700,0,69,1,276,0,0,0,0,0,0,1,1,0,0
9990,8,134000,0,69,1,463,1,0,0,0,0,0,1,0,0,1
9500,8,92797,0,69,1,253,0,0,0,0,0,0,0,1,0,0
9999,8,112058,0,69,1,487,0,0,0,0,0,0,1,0,0,1
10000,7,102000,0,69,0,326,0,0,0,0,1,0,0,0,1,0
10000,8,98000,0,69,0,468,1,0,0,0,1,0,0,0,0,1
10000,8,87000,0,69,1,61,0,0,0,0,0,0,0,1,0,0
9800,5,142190,0,69,1,695,1,0,0,0,0,0,0,0,0,1
9900,8,107000,0,69,1,326,0,0,1,0,0,0,0,0,1,0
9500,7,132000,0,69,0,37,0,0,1,0,0,0,1,0,0,0
9800,7,145000,0,69,1,31,0,0,1,0,0,0,0,0,0,0
9400,7,122244,0,69,1,233,1,0,0,0,0,0,0,1,0,0
10000,6,135000,0,69,1,878,1,0,0,0,0,0,0,0,0,1
9500,8,165337,0,69,1,659,1,0,0,0,0,0,0,0,0,1
9999,7,170000,0,69,1,798,0,0,0,0,0,0,1,0,0,1
9800,6,121000,0,69,1,70,1,0,0,0,0,0,0,1,0,0
9900,8,99000,0,69,1,495,0,0,0,0,0,0,1,0,0,1
10000,8,122000,0,69,0,222,0,0,0,0,1,0,0,1,0,0
9500,6,180000,0,69,0,326,0,0,1,0,0,0,1,0,1,0
9900,8,130000,0,69,1,415,1,0,0,0,0,0,0,0,1,0
9190,7,140000,0,69,1,483,0,0,1,0,0,0,0,0,0,1
9900,8,119007,0,69,1,276,0,0,0,0,0,0,1,1,0,0
9800,7,164000,0,69,1,695,1,0,0,0,0,0,1,0,0,1
9900,8,149000,0,69,1,607,1,0,0,0,0,0,1,0,0,1
9800,6,114900,0,69,1,746,0,0,0,0,0,0,0,0,0,1
9490,6,130000,0,69,1,614,0,0,1,0,0,0,0,0,0,1
9650,6,139305,0,69,1,824,1,0,0,0,0,0,1,0,0,1
10900,4,85000,0,69,1,276,0,1,0,0,0,0,1,1,0,0
10900,3,31900,0,69,1,270,0,0,0,0,0,0,1,1,0,0
10900,4,51741,0,69,1,222,0,0,0,0,0,0,1,1,0,0
10800,3,85430,0,69,1,31,0,1,0,0,0,0,1,0,0,0
10320,4,56141,0,69,1,326,0,1,0,0,0,0,1,0,1,0
11000,6,97500,0,69,1,106,1,0,0,0,0,0,1,0,0,0
10900,4,21497,0,69,1,383,0,0,0,0,0,0,1,0,1,0
10900,3,82318,0,69,1,31,0,1,0,0,0,0,1,0,0,0
10500,6,91783,0,69,1,326,0,0,0,0,1,0,0,0,1,0
10900,4,42500,0,69,1,314,0,0,0,0,0,0,1,0,1,0
10400,7,89698,0,69,1,525,1,0,0,0,0,0,1,0,0,1
10500,7,80000,0,69,1,131,0,0,0,0,0,0,1,0,0,0
10900,7,91260,0,69,1,25,0,0,1,0,0,0,1,0,0,0
10900,7,147041,0,69,1,348,0,0,1,0,0,0,1,0,0,1
10500,6,89600,0,69,1,301,0,0,1,0,0,0,0,1,0,0
10290,6,94681,0,69,1,180,0,1,0,0,0,0,0,1,0,0
11000,7,60700,1,69,0,297,0,0,0,0,0,0,1,1,0,0
10800,3,41200,0,69,0,102,0,1,0,0,0,0,1,1,0,0
10500,5,85000,0,69,0,292,0,0,0,0,1,0,0,1,0,0
11000,8,33000,0,69,1,79,0,0,0,0,1,0,0,0,0,0
10500,5,99000,0,69,0,188,0,1,0,0,1,0,0,1,0,0
10500,7,86300,0,69,0,276,1,0,0,0,1,0,0,1,0,0
10990,4,58161,0,69,1,256,0,0,0,0,0,0,0,1,0,0
10500,6,40000,0,69,0,542,0,0,0,0,1,0,0,0,0,1
10990,4,48000,0,69,1,259,0,1,0,0,0,0,1,1,0,0
11000,7,62000,0,69,0,326,0,0,0,0,1,0,0,0,1,0
10999,5,47000,0,69,0,199,0,1,0,0,0,0,1,0,0,0
10500,8,58000,0,69,0,241,0,0,0,0,1,0,0,0,0,0
10990,4,97000,0,69,1,163,0,1,0,0,1,0,0,1,0,0
10500,7,119000,0,69,1,131,1,0,0,0,1,0,0,0,0,0
11000,7,80000,0,69,0,433,1,0,0,0,0,0,1,0,0,1
11000,8,77000,0,69,0,254,0,0,0,0,1,0,0,1,0,0
10200,8,90000,0,69,0,25,0,0,0,0,1,0,0,0,0,0
10599,7,63000,0,69,0,326,0,0,0,0,1,0,0,0,1,0
11000,5,53000,0,69,0,914,0,1,0,0,1,0,0,0,0,1
10400,3,112000,0,69,1,333,0,1,0,0,1,0,0,0,1,0
11000,7,84000,0,69,0,289,0,0,0,0,1,0,0,0,1,0
11000,8,142000,0,69,0,540,1,0,0,0,1,0,0,0,0,1
10500,6,102500,0,69,0,153,0,0,0,0,1,0,0,0,0,0
10950,5,45000,0,69,1,259,0,0,0,0,0,0,1,1,0,0
10899,3,104000,0,69,1,126,0,1,0,0,0,0,1,1,0,0
11000,7,89000,0,69,0,276,1,0,0,0,1,0,0,1,0,0
10900,6,60840,0,69,1,259,1,0,0,0,0,0,1,1,0,0
10500,7,63000,0,69,0,761,1,0,0,0,0,0,1,0,0,1
10500,8,49291,1,69,1,65,0,0,0,0,0,0,0,0,0,0
10900,8,22700,0,69,0,91,1,0,0,0,0,0,1,0,1,0
10900,7,74000,0,69,0,224,0,0,0,0,1,0,0,1,0,0
10350,8,92300,0,69,0,222,0,0,0,0,1,0,0,1,0,0
10300,3,93068,0,69,1,31,0,1,0,0,0,0,1,0,0,0
10600,8,175,0,69,0,170,1,0,0,0,1,0,0,1,0,0
10990,5,14800,0,69,1,214,0,0,0,0,0,0,0,1,0,0
10500,8,116298,0,69,1,315,1,0,0,0,1,0,0,0,0,1
10500,8,66000,0,69,0,298,0,0,0,0,0,0,1,1,0,0
10450,6,94500,0,69,0,20,1,0,0,0,0,0,1,0,0,0
11000,8,94500,0,69,0,65,1,0,0,0,1,0,0,0,0,0
11000,7,90000,1,69,0,223,0,0,0,0,0,0,1,0,0,0
10500,7,100000,0,69,0,326,0,0,0,0,1,0,0,0,1,0
10900,4,93196,0,69,1,326,0,1,0,0,1,0,0,0,1,0
11000,3,80000,0,69,0,131,0,0,0,0,0,0,1,0,0,0
10495,4,70000,0,69,1,322,0,1,0,0,0,0,1,0,1,0
11000,8,140837,0,69,0,819,0,0,0,0,1,0,0,0,0,1
11000,5,75000,0,69,0,186,0,0,1,0,0,0,0,1,0,0
10600,3,82779,0,69,1,31,0,1,0,0,0,0,1,0,0,0
10500,6,107000,0,69,0,342,1,0,0,0,0,0,1,0,1,0
10800,7,51700,0,69,0,104,0,0,1,0,0,0,1,0,1,0
10900,3,90000,0,69,1,217,0,0,1,0,0,0,1,0,0,0
10900,6,99200,0,69,0,639,1,0,0,0,0,0,1,0,0,1
10700,5,24197,0,69,1,106,0,0,0,0,0,0,0,0,1,0
11000,8,109000,0,69,0,170,0,0,0,0,1,0,0,1,0,0
10700,6,86000,0,69,0,142,0,0,0,0,1,0,0,1,0,0
10350,4,79860,0,69,1,326,0,0,1,0,0,0,1,0,1,0
10900,7,75700,0,69,0,171,0,0,0,0,1,0,0,1,0,0
11000,7,89000,0,69,0,25,0,0,0,0,1,0,0,0,0,0
10500,5,57100,0,69,0,326,0,0,0,0,0,0,0,0,1,0
10999,6,93000,0,69,1,720,1,0,0,0,0,0,0,0,0,1
11000,8,96774,0,69,1,239,1,0,0,0,0,0,1,0,0,0
10900,7,53543,0,69,1,186,0,0,0,0,1,0,0,0,0,0
10900,3,81306,0,69,1,31,0,1,0,0,0,0,1,0,0,0
10800,7,87000,0,69,1,238,0,0,0,0,1,0,0,0,0,0
10500,5,84000,0,69,1,177,0,1,0,0,0,0,1,1,0,0
10950,3,68000,0,69,1,121,0,0,0,0,0,0,1,1,0,0
10800,3,50300,0,69,1,326,0,0,0,0,0,0,1,0,1,0
10500,7,53880,0,69,1,141,0,0,0,0,0,0,1,0,0,0
10900,4,42500,0,69,1,263,0,0,0,0,0,0,1,0,1,0
10990,3,73262,0,69,1,322,0,0,0,0,0,0,1,0,1,0
10500,8,106500,0,69,0,86,1,0,0,0,0,0,1,0,0,0
10500,8,96000,0,69,0,137,1,0,0,0,0,0,1,1,0,0
10285,7,97152,0,69,1,99,0,0,1,0,0,0,1,0,1,0
10400,3,56653,0,69,1,478,0,1,0,0,0,0,1,0,0,1
10900,8,141000,0,69,0,42,1,0,0,0,1,0,0,0,0,0
10999,7,85000,0,69,0,326,0,0,0,0,1,0,0,0,1,0
10600,8,116000,0,69,0,245,0,0,0,0,0,0,1,1,0,0
10999,7,110000,0,69,1,854,1,0,0,0,1,0,0,0,0,1
10999,8,29000,0,69,1,229,0,0,0,0,0,0,0,1,0,0
10500,3,84574,0,69,1,196,0,0,0,0,0,0,0,1,0,0
10900,8,88000,0,69,1,76,0,0,0,0,1,0,0,0,0,0
10700,7,96127,0,69,1,177,1,0,0,0,0,0,1,1,0,0
10700,8,65200,0,69,1,158,0,0,0,0,0,0,1,1,0,0
10490,6,85000,0,69,1,362,1,0,0,0,0,0,0,0,1,0
11000,8,137000,0,69,0,182,1,0,0,0,1,0,0,0,0,0
10450,4,84200,0,69,1,95,0,0,0,0,0,0,1,0,0,0
10900,7,74000,0,69,1,270,0,0,1,0,0,0,1,1,0,0
10800,8,101000,0,69,1,695,1,0,0,0,0,0,1,0,0,1
10900,7,140000,0,69,0,124,0,0,0,0,1,0,0,0,0,0
10500,5,97000,0,69,1,194,0,1,0,0,0,0,1,1,0,0
10700,3,110000,0,69,1,160,0,0,0,0,0,0,1,1,0,0
10900,8,100000,0,69,0,783,1,0,0,0,1,0,0,0,0,1
10900,3,87300,0,69,1,326,0,0,1,0,0,0,1,0,1,0
11000,6,99000,0,69,0,255,0,0,1,0,0,0,1,1,0,0
10400,8,124000,0,69,0,180,0,0,0,0,0,0,1,1,0,0
10990,3,99000,0,69,1,180,0,0,0,0,0,0,1,1,0,0
10500,4,146370,0,69,1,89,1,0,0,0,0,0,1,0,0,0
10900,7,94500,1,69,0,326,0,0,0,0,0,0,1,0,1,0
10300,7,86067,0,69,1,527,1,0,0,0,0,0,0,0,0,1
10900,7,76919,0,69,1,218,0,0,0,0,0,0,1,1,0,0
11000,5,90000,0,69,1,215,0,1,0,0,0,0,1,0,0,0
10900,7,109735,0,69,1,97,0,0,0,0,0,0,1,0,0,0
10800,6,107424,0,69,1,698,1,0,0,0,0,0,1,0,0,1
10799,7,98952,0,69,1,326,0,0,0,0,1,0,0,0,1,0
10900,3,75200,0,69,1,326,0,0,0,0,0,0,1,0,1,0
10600,8,127000,0,69,1,31,1,0,0,0,0,0,1,0,0,0
10900,8,51843,0,69,1,119,0,0,0,0,0,0,0,0,0,0
10990,5,68468,0,69,1,276,0,0,0,0,0,0,1,1,0,0
10700,8,93000,0,69,0,722,1,0,0,0,1,0,0,0,0,1
10500,6,115000,0,69,1,170,0,0,0,0,0,0,1,1,0,0
10599,8,150000,0,69,0,141,1,0,0,0,1,0,0,0,0,0
10900,4,88000,0,69,1,344,0,0,0,0,0,0,1,0,1,0
10400,8,102000,0,69,0,264,0,0,0,0,1,0,0,1,0,0
10900,8,110808,0,69,1,276,1,0,0,0,1,0,0,1,0,0
10500,8,140000,0,69,0,27,1,0,0,0,1,0,0,0,0,0
10500,8,128000,0,69,0,120,1,0,0,0,1,0,0,0,0,0
10500,8,106490,0,69,1,315,0,0,0,0,0,0,1,0,0,1
10900,6,123000,0,69,0,326,0,0,1,0,0,0,1,0,1,0
10450,4,80000,0,69,1,578,0,0,0,0,0,0,1,0,0,1
10990,8,89600,0,69,1,478,1,0,0,0,0,0,1,0,0,1
10290,7,111958,0,69,1,484,1,0,0,0,0,0,0,0,0,1
10900,6,95000,0,69,1,170,0,1,0,0,0,0,0,1,0,0
10900,6,90000,0,69,0,301,0,0,1,0,0,0,1,0,1,0
10999,5,76000,0,69,1,283,0,0,0,0,0,0,0,1,0,0
10900,5,80672,0,69,1,120,0,0,0,0,0,0,0,0,1,0
10500,8,86000,0,69,0,87,0,0,0,0,0,0,0,0,0,0
10290,6,94681,0,69,1,40,0,1,0,0,0,0,0,0,0,0
10900,6,89000,0,69,1,495,0,0,1,0,0,0,1,0,0,1
11000,8,150000,0,69,0,837,1,0,0,0,1,0,0,0,0,1
10500,7,100000,0,69,1,132,0,0,0,0,0,0,0,0,0,0
10650,5,121000,0,69,1,25,0,0,1,0,0,0,1,0,0,0
10999,4,86600,0,69,1,683,0,0,0,0,0,0,1,0,0,1
10490,6,104342,0,69,0,171,0,0,0,0,0,0,0,1,0,0
10900,8,67964,0,69,1,292,0,0,0,0,0,0,0,0,1,0
10900,7,151000,0,69,1,684,1,0,0,0,1,0,0,0,0,1
10690,3,99073,0,69,1,180,0,0,0,0,0,0,1,1,0,0
10690,3,99073,0,69,1,27,0,0,0,0,0,0,1,0,0,0
10400,6,89500,0,69,1,191,0,0,0,0,0,0,0,1,0,0
10900,7,110000,0,69,1,200,0,0,1,0,0,0,1,0,1,0
10500,7,127771,0,69,0,578,1,0,0,0,0,0,1,0,0,1
10900,5,109600,0,69,1,98,0,0,1,0,0,0,1,0,0,0
10900,8,120000,0,69,1,127,0,0,1,0,0,0,0,0,0,0
10500,7,40000,0,69,1,169,0,0,0,0,0,0,0,1,0,0
10690,3,99073,0,69,1,40,0,0,0,0,0,0,1,0,0,0
10500,6,140056,0,69,1,276,1,0,0,0,1,0,0,1,0,0
10500,7,97500,0,69,1,195,0,0,1,0,0,0,0,1,0,0
10990,8,86721,0,69,1,193,1,0,0,0,0,0,1,1,0,0
10200,8,138000,0,69,0,479,0,0,0,0,0,0,1,0,0,1
10500,7,109000,0,69,0,126,0,0,1,0,0,0,1,0,0,0
10900,5,89000,0,69,1,47,0,0,0,0,0,0,1,0,0,0
10980,3,12675,0,69,1,326,0,0,0,0,0,0,1,0,1,0
11500,3,59000,0,69,1,276,0,0,1,0,0,0,1,1,0,0
11900,5,96027,0,69,1,65,0,1,0,0,1,0,0,0,0,0
11820,4,46807,0,69,1,326,0,1,0,0,0,0,1,0,1,0
11900,3,62013,0,69,1,651,0,0,0,0,0,0,0,0,0,1
11950,3,55000,0,69,1,82,0,0,1,0,0,0,1,0,1,0
11820,3,59512,0,69,1,326,0,1,0,0,0,0,1,0,1,0
11490,5,42000,0,69,1,127,0,0,0,0,0,0,0,0,0,0
11700,4,48376,0,69,1,326,0,1,0,0,0,0,1,0,1,0
11490,4,55238,0,69,1,40,0,1,0,0,0,0,1,0,0,0
11199,8,23583,0,69,1,283,1,0,0,0,0,0,0,1,0,0
11500,3,65854,0,69,1,263,0,0,0,0,0,0,1,0,1,0
11600,7,96266,0,69,1,326,0,0,0,0,1,0,0,0,1,0
11520,4,74772,0,69,1,326,0,1,0,0,0,0,1,0,1,0
11820,4,55837,0,69,1,326,0,1,0,0,0,0,1,0,1,0
12000,4,59250,0,69,0,188,0,0,0,0,1,0,0,1,0,0
12000,4,55000,0,69,0,125,0,0,0,0,1,0,0,0,0,0
11500,5,67000,0,69,0,165,0,1,0,0,1,0,0,1,0,0
11900,5,66500,0,69,0,288,0,1,0,0,0,0,1,1,0,0
11490,6,86000,0,69,0,175,0,0,0,0,1,0,0,1,0,0
11500,7,78000,0,69,0,160,1,0,0,0,0,0,1,0,1,0
11450,7,80200,1,69,0,177,0,0,0,0,1,0,0,1,0,0
11900,8,119389,0,69,0,102,1,0,0,0,0,0,1,1,0,0
11690,5,19000,0,69,1,339,0,0,0,0,0,0,0,0,1,0
12000,6,158000,0,69,0,19,0,0,0,0,0,1,0,0,0,0
12000,4,75000,0,69,0,42,0,1,0,0,1,0,0,0,0,0
11700,6,46100,0,69,0,276,0,0,0,0,1,0,0,1,0,0
11750,7,77000,0,69,0,268,1,0,0,0,1,0,0,1,0,0
11650,3,53000,0,69,0,30,0,0,0,0,0,0,1,0,0,0
12000,6,37000,0,69,0,100,1,0,0,0,0,0,1,0,1,0
11200,6,66000,0,69,0,177,0,1,0,0,0,0,1,1,0,0
11500,8,120000,0,69,0,542,1,0,0,0,1,0,0,0,0,1
11300,6,45000,0,69,1,177,0,0,1,0,0,0,1,1,0,0
11950,3,55000,0,69,1,25,0,0,1,0,0,0,1,0,0,0
11500,7,192000,0,69,0,92,0,0,0,0,0,1,0,0,0,0
11900,3,42856,0,69,1,276,0,0,0,0,0,0,1,1,0,0
11790,6,69800,0,69,1,196,1,0,0,0,1,0,0,1,0,0
11500,4,56120,0,69,1,276,0,0,0,0,0,0,1,1,0,0
11500,6,93000,0,69,1,581,1,0,0,0,0,0,1,0,0,1
11950,3,55000,0,69,1,109,0,0,1,0,0,0,1,0,0,0
11900,5,43000,0,69,1,358,0,1,0,0,0,0,1,0,1,0
11500,6,55000,0,69,0,326,0,0,0,0,0,0,1,0,1,0
12000,7,104015,0,69,0,343,1,0,0,0,1,0,0,0,1,0
11900,8,55773,0,69,0,291,1,0,0,0,0,0,1,0,1,0
11850,8,67000,1,69,1,99,0,0,0,0,0,0,1,0,1,0
11800,8,98000,0,69,0,110,1,0,0,0,1,0,0,0,0,0
11900,8,110000,0,69,0,177,1,0,0,0,1,0,0,1,0,0
11900,3,37385,0,69,1,286,0,0,0,0,0,0,1,1,0,0
11700,3,81000,0,69,1,177,0,0,1,0,0,0,1,1,0,0
11500,8,75000,0,69,0,299,0,0,0,0,1,0,0,1,0,0
12000,7,18700,0,69,0,174,0,0,0,0,0,0,1,0,0,0
11400,7,65680,0,69,1,189,0,0,0,0,1,0,0,1,0,0
11900,6,80000,0,69,1,232,0,0,0,0,1,0,0,1,0,0
11900,8,80000,0,69,1,192,0,0,0,0,1,0,0,1,0,0
11500,5,76400,0,69,1,40,0,1,0,0,0,0,1,0,0,0
11500,4,81000,0,69,0,233,0,1,0,0,0,0,1,1,0,0
11500,3,89900,0,69,1,107,0,1,0,0,0,0,1,0,0,0
12000,3,60000,0,69,0,147,0,0,0,0,0,0,1,1,0,0
11500,8,157000,0,69,0,430,1,0,0,0,1,0,0,0,0,1
11500,6,90000,0,69,0,611,1,0,0,0,1,0,0,0,0,1
11700,5,104000,0,69,0,257,0,1,0,0,1,0,0,1,0,0
11990,4,48450,1,69,1,495,0,1,0,0,0,0,1,0,0,1
11900,8,127000,0,69,0,326,1,0,0,0,1,0,0,0,1,0
11800,6,52500,0,69,1,177,0,1,0,0,0,0,1,1,0,0
11400,3,51429,0,69,1,20,0,0,0,0,0,0,1,0,0,0
12000,3,66001,0,69,1,106,0,1,0,0,0,0,1,0,1,0
11500,6,105000,0,69,0,40,0,0,0,0,1,0,0,0,0,0
11500,8,94000,0,69,0,201,1,0,0,0,1,0,0,1,0,0
12000,7,96000,0,69,0,276,1,0,0,0,0,0,1,1,0,0
11699,7,44838,0,69,1,25,0,0,0,0,0,0,1,0,0,0
11300,5,69000,0,69,1,214,0,0,0,0,0,0,1,1,0,0
11900,6,59000,0,69,0,478,1,0,0,0,0,0,1,0,0,1
11790,4,83654,0,69,1,193,0,1,0,0,1,0,0,1,0,0
12000,7,119000,0,69,0,68,1,0,0,0,1,0,0,0,0,0
11200,7,65000,0,69,1,129,0,0,1,0,0,0,1,0,0,0
11500,5,111116,0,69,1,276,0,0,0,0,0,0,1,1,0,0
11450,4,51291,0,69,1,75,0,0,0,0,0,0,1,1,0,0
11199,8,23583,0,69,1,99,1,0,0,0,0,0,0,0,1,0
11999,3,79000,0,69,1,55,0,0,0,0,0,0,1,0,0,0
11900,4,56510,0,69,1,326,0,0,1,0,0,0,1,0,1,0
11500,5,77337,0,69,1,698,0,1,0,0,0,0,1,0,0,1
12000,3,74273,0,69,1,154,0,0,0,0,0,0,1,0,0,0
11500,6,62000,0,69,0,135,0,0,0,0,0,0,1,0,0,0
11900,6,51500,0,69,0,204,0,1,0,0,0,0,1,0,0,0
11500,7,85600,0,69,1,183,0,0,1,0,0,0,1,0,1,0
11299,5,86148,0,69,1,326,0,1,0,0,0,0,1,0,1,0
11299,5,86148,0,69,1,283,0,1,0,0,0,0,1,1,0,0
11500,7,83000,0,69,1,233,0,0,0,0,0,0,1,1,0,0
11699,7,44838,0,69,1,283,0,0,0,0,0,0,1,1,0,0
12000,8,95624,0,69,0,42,0,0,0,0,0,0,0,0,0,0
11900,4,39724,0,69,1,326,0,1,0,0,0,0,1,0,1,0
11699,7,44838,0,69,1,485,0,0,0,0,0,0,1,0,0,1
11900,6,61200,0,69,1,270,0,0,1,0,0,0,1,1,0,0
11900,5,64294,0,69,1,276,0,1,0,0,0,0,1,1,0,0
11500,8,78000,0,69,0,554,0,0,0,0,1,0,0,0,0,1
11199,8,23583,0,69,1,177,1,0,0,0,0,0,0,1,0,0
11499,8,98000,0,69,1,519,1,0,0,0,0,0,1,0,0,1
11995,8,57733,0,69,1,322,1,0,0,0,0,0,1,0,1,0
11500,6,120000,0,69,0,620,1,0,0,0,1,0,0,0,0,1
11900,6,66000,0,69,0,177,0,1,0,0,0,0,1,1,0,0
11690,6,62700,0,69,1,102,1,0,0,0,0,0,0,1,0,0
11400,6,73419,0,69,1,698,1,0,0,0,0,0,0,0,0,1
12000,3,46052,0,69,1,263,0,0,0,0,0,0,1,0,1,0
11200,6,35627,0,69,1,276,0,0,0,0,0,0,0,1,0,0
11890,5,71343,0,69,1,276,0,1,0,0,0,0,1,1,0,0
11700,3,69218,0,69,1,25,0,0,0,0,0,0,1,0,0,0
11899,6,102676,0,69,1,283,0,1,0,0,1,0,0,1,0,0
11990,7,76000,0,69,1,215,0,0,0,0,0,0,1,1,0,0
11500,8,71400,1,69,0,76,0,0,0,0,0,0,1,0,0,0
11400,4,62765,0,69,1,326,0,1,0,0,0,0,1,0,1,0
11200,7,110500,0,69,0,348,1,0,0,0,0,0,1,0,1,0
11900,7,39000,0,69,1,276,0,0,0,0,0,0,0,1,0,0
11400,3,76478,0,69,1,213,0,1,0,0,0,0,1,1,0,0
11900,5,64294,0,69,1,275,0,1,0,0,0,0,1,1,0,0
11500,4,98000,0,69,1,127,0,1,0,0,0,0,1,0,0,0
11500,4,67985,0,69,1,326,0,0,1,0,0,0,1,0,1,0
11299,5,86148,0,69,1,86,0,1,0,0,0,0,1,0,0,0
11299,5,86148,0,69,1,99,0,1,0,0,0,0,1,0,1,0
11490,4,55238,0,69,1,27,0,1,0,0,0,0,1,0,0,0
11500,4,77000,0,69,1,16,0,0,0,0,0,0,1,0,0,0
11300,4,87700,0,69,1,177,0,0,0,0,0,0,1,1,0,0
11900,3,40090,0,69,1,326,0,0,0,0,0,0,1,0,1,0
11299,5,86148,0,69,1,25,0,1,0,0,0,0,1,0,0,0
11900,7,55000,0,69,0,262,0,0,0,0,0,0,1,1,0,0
12000,3,102337,0,69,0,377,0,0,1,0,0,0,1,0,1,0
11699,7,44838,0,69,1,177,0,0,0,0,0,0,1,1,0,0
12000,5,70000,0,69,0,276,0,0,1,0,0,0,1,1,0,0
11199,8,23583,0,69,1,326,1,0,0,0,0,0,0,0,1,0
11900,4,130000,0,69,1,695,0,1,0,0,1,0,0,0,0,1
11500,8,174000,0,69,0,231,1,0,0,0,0,0,1,0,1,0
11900,3,90000,0,69,1,31,0,0,0,0,0,0,1,0,0,0
12000,7,50000,0,69,0,141,0,0,0,0,0,0,1,1,0,0
11800,6,70127,0,69,1,31,1,0,0,0,0,0,0,0,0,0
11299,5,86148,0,69,1,177,0,1,0,0,0,0,1,1,0,0
11199,8,23583,0,69,1,485,1,0,0,0,0,0,0,0,0,1
11500,8,132900,0,69,0,700,1,0,0,0,1,0,0,0,0,1
11500,6,74000,0,69,1,326,0,0,1,0,0,0,1,0,1,0
11699,7,44838,0,69,1,326,0,0,0,0,0,0,1,0,1,0
11899,6,102676,0,69,1,86,0,1,0,0,1,0,0,0,0,0
11299,5,86148,0,69,1,485,0,1,0,0,0,0,1,0,0,1
11500,4,86800,0,69,1,200,0,0,0,0,0,0,1,0,1,0
11950,6,96233,0,69,1,377,1,0,0,0,0,0,0,0,0,1
11199,8,23583,0,69,1,25,1,0,0,0,0,0,0,0,0,0
11500,8,114000,0,69,1,444,1,0,0,0,0,0,1,0,0,1
11900,8,119000,0,69,0,237,0,0,0,0,0,0,1,0,1,0
11990,4,90000,0,69,1,56,0,0,0,0,0,0,1,1,0,0
11490,4,55238,0,69,1,180,0,1,0,0,0,0,1,1,0,0
11199,8,23583,0,69,1,628,1,0,0,0,0,0,0,0,0,1
11950,4,73250,0,69,1,184,0,0,0,0,0,0,1,1,0,0
11699,7,44838,0,69,1,99,0,0,0,0,0,0,1,0,1,0
11500,5,90000,0,69,1,206,0,1,0,0,0,0,1,0,0,0
11500,8,85000,0,69,1,248,1,0,0,0,0,0,1,1,0,0
11900,5,74002,0,69,1,208,0,1,0,0,0,0,1,1,0,0
11500,6,84200,0,69,0,121,0,0,0,0,0,0,1,1,0,0
11899,6,102676,0,69,1,99,0,1,0,0,1,0,0,0,1,0
11990,6,74999,0,69,1,178,1,0,0,0,0,0,0,1,0,0
11500,4,90000,0,69,1,215,0,1,0,0,0,0,1,0,0,0
11100,4,99000,0,69,0,356,0,0,1,0,0,0,1,0,1,0
11200,7,103200,0,69,1,16,0,0,0,0,0,0,1,0,0,0
11500,8,150000,0,69,0,266,1,0,0,0,1,0,0,1,0,0
12000,6,155000,0,69,0,254,1,0,0,0,1,0,0,1,0,0
11899,6,102676,0,69,1,25,0,1,0,0,1,0,0,0,0,0
11900,8,80000,0,69,1,326,1,0,0,0,0,0,1,0,1,0
11499,4,74300,0,69,1,489,0,0,0,0,0,0,1,0,0,1
11299,5,86148,0,69,1,628,0,1,0,0,0,0,1,0,0,1
11899,6,102676,0,69,1,326,0,1,0,0,1,0,0,0,1,0
11900,6,165000,0,69,1,684,1,0,0,0,1,0,0,0,0,1
11590,6,65518,0,69,1,174,0,0,0,0,0,0,0,0,0,0
11900,4,110000,0,69,1,628,0,1,0,0,0,0,1,0,0,1
11699,7,44838,0,69,1,628,0,0,0,0,0,0,1,0,0,1
11900,5,75717,0,69,1,328,0,1,0,0,0,0,1,0,0,1
11450,4,86000,0,69,1,99,0,0,0,0,0,0,1,0,0,0
11900,8,59254,0,69,1,284,0,0,0,0,0,0,1,1,0,0
11500,8,99000,0,69,1,495,0,0,1,0,0,0,1,0,0,1
11899,6,102676,0,69,1,485,0,1,0,0,1,0,0,0,0,1
11900,5,77383,0,69,1,861,0,0,0,0,0,0,1,0,0,1
12000,7,124252,0,69,0,257,1,0,0,0,1,0,0,1,0,0
11899,6,102676,0,69,1,628,0,1,0,0,1,0,0,0,0,1
11800,6,84485,0,69,1,239,0,0,1,0,0,0,0,1,0,0
11500,8,122000,0,69,1,352,0,0,0,0,0,0,1,0,1,0
11990,3,93000,0,69,1,276,0,0,0,0,0,0,1,1,0,0
11900,3,82040,0,69,1,156,0,0,0,0,0,0,1,0,0,0
11900,7,66027,0,69,1,40,1,0,0,0,0,0,0,0,0,0
11250,8,98000,0,69,1,783,0,0,0,0,0,0,1,0,0,1
11500,6,140000,0,69,1,684,1,0,0,0,1,0,0,0,0,1
11900,6,85279,0,69,1,65,1,0,0,0,0,0,0,0,0,0
11200,8,97000,0,69,1,231,0,0,0,0,0,0,1,0,0,0
11950,3,55000,0,69,1,76,0,0,1,0,0,0,1,0,0,0
12620,3,26761,0,69,1,326,0,1,0,0,1,0,0,0,1,0
12490,4,20729,0,69,1,196,0,0,0,0,0,0,1,1,0,0
12900,5,61458,0,69,1,222,0,1,0,0,1,0,0,1,0,0
12400,3,93000,0,69,1,109,0,1,0,0,1,0,0,1,0,0
12320,4,58692,1,69,1,326,0,1,0,0,0,0,1,0,1,0
12920,3,15799,0,69,1,326,0,1,0,0,0,0,1,0,1,0
12920,3,19222,0,69,1,326,0,1,0,0,0,0,1,0,1,0
12500,3,25034,0,69,1,263,0,0,0,0,0,0,1,0,1,0
12500,4,58104,0,69,1,263,0,1,0,0,0,0,1,0,1,0
12900,3,31549,0,69,1,326,0,1,0,0,0,0,1,0,1,0
12700,4,52165,0,69,1,326,0,1,0,0,1,0,0,0,1,0
12900,7,74891,0,69,1,275,0,0,1,0,0,0,0,1,0,0
12500,7,62500,0,69,1,204,0,0,0,0,1,0,0,0,1,0
12490,6,45700,0,69,1,182,0,0,0,0,0,0,1,1,0,0
12900,4,71769,0,69,1,326,0,1,0,0,1,0,0,0,1,0
12620,3,39265,0,69,1,326,0,1,0,0,0,0,1,0,1,0
12900,5,84300,0,69,1,186,0,1,0,0,0,0,1,1,0,0
12500,5,71506,0,69,1,487,0,0,0,0,1,0,0,0,0,1
12320,3,53266,0,69,1,326,0,1,0,0,0,0,1,0,1,0
13000,6,70000,0,69,0,222,0,1,0,0,1,0,0,1,0,0
13000,6,55000,0,69,0,211,1,0,0,0,1,0,0,0,1,0
12990,3,63657,0,69,1,232,0,1,0,0,1,0,0,1,0,0
12750,4,48203,1,69,1,121,0,1,0,0,0,0,1,0,0,0
12950,3,54000,0,69,1,81,0,1,0,0,1,0,0,0,0,0
13000,4,42000,0,69,0,177,0,1,0,0,1,0,0,1,0,0
12490,5,60000,0,69,0,358,0,1,0,0,1,0,0,0,1,0
13000,3,58000,0,69,0,276,0,0,1,0,0,0,1,1,0,0
13000,6,54000,0,69,0,333,0,0,0,0,1,0,0,0,1,0
12200,7,37600,0,69,0,51,0,0,0,0,1,0,0,0,0,0
12499,3,59900,0,69,1,87,0,1,0,0,0,0,1,0,1,0
12800,6,90000,0,69,0,281,0,0,0,0,1,0,0,1,0,0
13000,4,52145,0,69,1,105,0,1,0,0,1,0,0,0,1,0
12900,3,27400,0,69,1,478,0,1,0,0,0,0,1,0,0,1
12900,4,59000,0,69,1,326,0,1,0,0,1,0,0,0,1,0
12600,3,54500,0,69,0,177,0,0,0,0,0,0,1,1,0,0
12500,6,95000,0,69,0,271,0,0,0,0,1,0,0,1,0,0
13000,3,33300,0,69,1,183,0,1,0,0,0,0,1,1,0,0
13000,7,39400,1,69,0,484,0,0,0,0,1,0,0,0,0,1
12200,7,89000,0,69,0,87,1,0,0,0,1,0,0,0,0,0
12700,6,93000,0,69,0,310,1,0,0,0,1,0,0,0,1,0
12800,5,64855,0,69,1,275,0,1,0,0,1,0,0,1,0,0
13000,4,70000,0,69,0,614,0,1,0,0,1,0,0,0,0,1
13000,6,51000,0,69,0,783,0,1,0,0,1,0,0,0,0,1
12500,4,73322,0,69,1,326,0,1,0,0,1,0,0,0,1,0
12500,5,90000,1,69,0,238,0,1,0,0,1,0,0,1,0,0
13000,5,80000,0,69,0,42,0,1,0,0,1,0,0,0,0,0
12500,3,72758,0,69,1,358,0,0,1,0,0,0,1,0,1,0
12800,4,34000,0,69,0,177,0,1,0,0,0,0,1,1,0,0
12900,3,37700,0,69,1,488,0,0,1,0,0,0,1,0,0,1
12400,6,62622,0,69,1,276,0,1,0,0,1,0,0,1,0,0
12500,4,67310,0,69,1,698,0,1,0,0,0,0,1,0,0,1
13000,6,118000,0,69,0,239,0,0,0,0,1,0,0,1,0,0
13000,7,167000,0,69,0,628,1,0,0,0,1,0,0,0,0,1
13000,7,67900,0,69,1,99,0,0,1,0,0,0,0,0,1,0
12700,7,61000,1,69,1,177,0,0,0,0,0,0,1,1,0,0
12600,3,55000,0,69,0,177,0,0,0,0,0,0,1,1,0,0
12900,4,19859,0,69,0,911,0,0,0,0,0,0,1,0,0,1
12900,6,45000,0,69,1,137,1,0,0,0,1,0,0,1,0,0
12790,4,24960,0,69,1,181,0,1,0,0,0,0,1,1,0,0
13000,7,95000,0,69,0,198,0,0,0,0,1,0,0,1,0,0
12500,3,91000,0,69,0,638,0,0,1,0,0,0,1,0,0,1
13000,6,42000,0,69,0,173,0,0,0,0,1,0,0,0,0,0
12400,4,54485,0,69,1,478,0,1,0,0,1,0,0,0,0,1
12900,4,68847,0,69,1,156,0,1,0,0,1,0,0,0,0,0
12990,6,49900,0,69,1,76,1,0,0,0,1,0,0,0,0,0
12399,5,87647,0,69,1,326,0,1,0,0,1,0,0,0,1,0
12980,3,78380,0,69,1,156,0,0,0,0,0,0,1,0,0,0
12500,6,78000,0,69,0,713,1,0,0,0,0,0,1,0,0,1
12900,8,94300,0,69,0,326,0,0,0,0,1,0,0,0,1,0
12590,3,92530,0,69,1,214,0,1,0,0,1,0,0,1,0,0
13000,7,146600,0,69,0,57,1,0,0,0,0,0,1,0,0,0
12800,6,59978,0,69,1,160,0,0,0,0,1,0,0,0,0,0
12900,3,35000,0,69,0,204,0,0,0,0,0,0,1,0,0,0
12890,3,40700,0,69,1,83,0,0,0,0,0,0,1,0,0,0
12900,4,40953,0,69,1,275,0,0,0,0,0,0,0,1,0,0
12600,3,31670,0,69,1,326,0,0,0,0,0,0,1,0,1,0
12400,3,32768,0,69,1,326,0,0,0,0,0,0,1,0,1,0
12500,8,61000,0,69,1,143,0,0,0,0,0,0,1,0,0,0
13000,3,46600,0,69,1,177,0,0,0,0,0,0,1,1,0,0
12900,5,81567,0,69,1,239,0,0,0,0,1,0,0,1,0,0
12500,6,105550,0,69,1,180,0,0,0,0,1,0,0,1,0,0
12500,8,118000,0,69,1,231,0,0,0,0,1,0,0,1,0,0
13000,4,23000,0,69,0,750,0,0,0,0,0,0,1,0,0,1
12800,8,129000,0,69,1,483,1,0,0,0,0,0,1,0,0,1
12200,8,58351,0,69,1,121,0,0,0,0,0,0,1,0,0,0
13000,3,84000,0,69,1,36,0,1,0,0,1,0,0,0,0,0
12500,4,36500,0,69,1,40,0,0,0,0,0,0,1,0,0,0
12250,6,115000,0,69,0,276,0,0,0,0,1,0,0,1,0,0
12500,4,64800,0,69,1,160,0,1,0,0,0,0,1,0,0,0
12900,8,59000,1,69,1,492,0,0,0,0,0,0,1,0,0,1
12900,6,80000,0,69,1,359,0,1,0,0,0,0,1,0,1,0
13000,3,56000,0,69,0,326,0,0,0,0,0,0,1,0,1,0
12900,3,42000,0,69,1,168,0,0,0,0,0,0,1,0,1,0
12890,3,90000,0,69,1,180,0,1,0,0,1,0,0,1,0,0
12900,4,67571,0,69,1,276,0,1,0,0,0,0,1,1,0,0
12950,6,33700,0,69,1,588,0,0,0,0,1,0,0,0,0,1
12903,4,39777,0,69,1,190,0,1,0,0,0,0,1,1,0,0
12903,4,39777,0,69,1,190,0,1,0,0,0,0,1,1,0,0
12800,3,43600,0,69,1,326,0,0,0,0,0,0,1,0,1,0
12490,6,100000,0,69,1,162,0,0,0,0,1,0,0,1,0,0
12500,7,130000,0,69,0,91,1,0,0,0,1,0,0,0,1,0
12499,4,74300,0,69,1,489,0,0,1,0,0,0,1,0,0,1
12600,6,43134,0,69,1,22,1,0,0,0,0,0,0,0,0,0
12500,8,29876,0,69,1,120,0,0,0,0,0,0,1,0,1,0
12900,4,47708,0,69,1,326,0,1,0,0,0,0,1,0,1,0
12500,8,86000,0,69,0,99,1,0,0,0,0,0,1,0,0,0
12800,7,56000,0,69,1,133,0,0,0,0,1,0,0,1,0,0
12900,6,42360,0,69,1,177,0,1,0,0,0,0,0,1,0,0
12500,3,87200,0,69,1,168,0,0,1,0,0,0,1,1,0,0
12800,6,73000,0,69,1,500,0,0,1,0,0,0,1,0,0,1
12200,8,132625,0,69,1,263,1,0,0,0,1,0,0,0,1,0
12500,6,67000,0,69,1,319,1,0,0,0,0,0,0,0,1,0
12500,3,70000,0,69,1,333,0,0,0,0,0,0,1,0,1,0
12500,7,52000,0,69,0,495,0,0,0,0,1,0,0,0,0,1
12900,7,99000,0,69,1,483,1,0,0,0,0,0,1,0,0,1
13000,3,90000,0,69,0,317,0,1,0,0,0,0,1,0,1,0
12700,3,47759,0,69,1,698,0,0,0,0,0,0,1,0,0,1
12400,6,98500,0,69,1,302,1,0,0,0,1,0,0,1,0,0
12500,8,59000,0,69,1,147,0,0,0,0,0,0,1,1,0,0
13000,8,90300,1,69,0,15,0,0,0,0,0,0,1,0,0,0
12900,6,69045,0,69,1,42,0,0,0,0,0,0,1,0,0,0
12990,5,54000,0,69,1,358,0,0,1,0,0,0,0,0,1,0
12400,3,63000,0,69,1,180,0,1,0,0,0,0,1,1,0,0
12300,5,108613,0,69,1,217,0,1,0,0,1,0,0,0,0,0
12500,4,61780,0,69,1,99,0,0,0,0,0,0,1,0,0,0
12500,4,24000,0,69,1,326,0,0,0,0,0,0,1,0,1,0
13000,7,81000,0,69,0,246,0,0,0,0,1,0,0,0,1,0
13000,4,82253,0,69,1,245,0,0,1,0,0,0,1,1,0,0
12900,4,77443,0,69,1,424,0,0,0,0,0,0,1,0,0,1
12300,3,74800,0,69,1,386,0,0,0,0,0,0,1,0,1,0
12900,6,22000,0,69,1,271,0,0,0,0,0,0,0,1,0,0
13000,3,65895,0,69,1,140,0,0,0,0,0,0,1,0,1,0
13000,3,53900,0,69,0,255,0,0,0,0,0,0,1,1,0,0
12900,3,52158,0,69,1,65,0,0,0,0,0,0,1,0,0,0
13000,7,103000,0,69,0,170,0,0,0,0,1,0,0,1,0,0
12900,3,40000,0,69,1,65,0,0,0,0,0,0,1,0,0,0
12900,6,51000,0,69,1,57,0,0,0,0,0,0,1,0,0,0
12950,3,89525,0,69,1,63,0,1,0,0,0,0,1,0,0,0
12900,3,52158,0,69,1,326,0,0,0,0,0,0,1,0,1,0
12900,6,89666,0,69,1,275,0,0,1,0,0,0,1,1,0,0
12500,4,73523,0,69,1,106,0,0,0,0,0,0,1,1,0,0
13000,6,75000,0,69,1,223,0,0,0,0,0,0,0,0,0,0
12590,3,88899,0,69,1,177,0,1,0,0,0,0,1,1,0,0
12800,4,41500,0,69,1,358,0,1,0,0,0,0,1,0,1,0
12200,6,91000,0,69,1,123,0,0,1,0,0,0,1,0,0,0
12500,6,80500,0,69,0,103,1,0,0,0,0,0,1,0,0,0
12500,5,55410,0,69,1,154,0,1,0,0,0,0,1,1,0,0
12400,3,80562,0,69,1,326,0,0,1,0,0,0,1,0,1,0
12300,3,88300,0,69,1,386,0,0,0,0,0,0,1,0,1,0
12500,7,120000,0,69,1,852,0,0,0,0,1,0,0,0,0,1
12299,5,71596,0,69,1,326,0,0,0,0,0,0,0,0,1,0
12500,5,63300,0,69,1,107,0,0,1,0,0,0,1,0,1,0
12300,7,79000,0,69,0,132,0,0,0,0,0,0,0,0,0,0
12200,5,51000,0,69,1,162,0,0,0,0,0,0,1,1,0,0
12890,6,68000,0,69,1,507,1,0,0,0,0,0,1,0,0,1
12970,6,37111,0,69,1,350,0,0,0,0,0,0,0,0,1,0
12190,6,38547,0,69,1,99,0,0,0,0,0,0,0,0,1,0
12500,5,125000,0,69,1,763,0,0,0,0,0,0,1,0,0,1
12500,7,76000,0,69,1,265,0,0,0,0,0,0,1,1,0,0
12900,6,47009,0,69,1,750,0,1,0,0,0,0,1,0,0,1
12500,7,107250,0,69,1,286,0,0,0,0,0,0,1,1,0,0
12749,5,59964,0,69,1,99,0,0,0,0,0,0,1,0,1,0
12900,6,87000,0,69,1,25,1,0,0,0,1,0,0,0,0,0
12300,4,69591,0,69,1,698,0,0,0,0,0,0,1,0,0,1
12900,3,78478,0,69,1,15,0,0,0,0,0,0,1,0,0,0
12490,4,101700,0,69,1,190,0,0,1,0,0,0,1,0,0,0
13400,4,50087,0,69,1,92,0,1,0,0,1,0,0,0,1,0
13320,4,44146,1,69,1,326,0,1,0,0,0,0,1,0,1,0
13920,3,8444,0,69,1,326,0,1,0,0,0,0,1,0,1,0
13990,3,71032,0,69,1,178,0,0,1,0,0,0,1,1,0,0
13320,3,42505,0,69,1,326,0,1,0,0,0,0,1,0,1,0
13820,3,41914,0,69,1,326,0,1,0,0,0,0,1,0,1,0
13900,3,34140,0,69,1,326,0,1,0,0,1,0,0,0,1,0
13400,4,68179,0,69,1,326,0,1,0,0,1,0,0,0,1,0
13900,3,33684,0,69,1,326,0,0,1,0,0,0,1,0,1,0
13900,4,10074,0,69,1,171,0,0,0,0,0,0,1,1,0,0
13540,3,109000,0,69,1,106,0,0,1,0,0,0,1,0,0,0
13700,4,38616,0,69,1,326,0,1,0,0,1,0,0,0,1,0
13020,2,73370,0,69,1,326,0,1,0,0,0,0,1,0,1,0
13020,3,61357,0,69,1,326,0,1,0,0,0,0,1,0,1,0
13200,3,37628,0,69,1,177,0,0,0,0,0,0,1,1,0,0
13900,3,49800,0,69,1,168,0,0,1,0,0,0,1,1,0,0
13620,3,32145,0,69,1,326,0,1,0,0,0,0,1,0,1,0
13500,4,42090,0,69,1,87,0,1,0,0,0,0,1,0,1,0
13990,3,70000,0,69,1,170,0,1,0,0,0,0,1,1,0,0
13020,3,63938,0,69,1,326,0,1,0,0,0,0,1,0,1,0
13900,3,46990,0,69,1,102,0,0,0,0,0,0,1,1,0,0
13900,3,45753,0,69,1,102,0,0,0,0,0,0,1,1,0,0
14000,4,22000,0,69,0,223,0,1,0,0,1,0,0,0,1,0
13990,3,37000,0,69,1,196,0,1,0,0,0,0,1,1,0,0
14000,4,75000,0,69,0,181,0,1,0,0,1,0,0,1,0,0
13800,4,51000,0,69,0,276,0,1,0,0,1,0,0,1,0,0
13800,3,20500,0,69,1,198,0,1,0,0,0,0,1,1,0,0
13900,3,31111,1,69,1,120,0,1,0,0,0,0,1,0,1,0
14000,8,54700,0,69,0,202,0,1,0,0,1,0,0,1,0,0
13900,5,35000,0,69,0,25,0,0,0,0,1,0,0,0,0,0
13900,2,18011,0,69,1,156,0,0,1,0,0,0,1,0,0,0
13900,3,64000,0,69,0,79,0,0,0,0,1,0,0,0,0,0
13900,7,115000,0,69,1,192,0,0,0,0,0,1,0,1,0,0
13500,8,29000,1,69,0,193,0,0,0,0,1,0,0,1,0,0
14000,4,19000,0,69,0,206,0,1,0,0,0,0,1,1,0,0
13900,6,88000,0,69,0,274,1,0,0,0,1,0,0,1,0,0
14000,7,59000,0,69,0,62,0,0,0,0,1,0,0,1,0,0
13500,4,55000,0,69,0,214,0,0,0,0,1,0,0,1,0,0
13600,6,64000,0,69,0,247,0,0,0,0,1,0,0,1,0,0
14000,4,48000,0,69,0,156,0,1,0,0,1,0,0,1,0,0
14000,4,43734,0,69,1,187,0,1,0,0,1,0,0,1,0,0
13950,4,25100,0,69,1,109,0,0,1,0,0,0,1,1,0,0
13900,3,47622,0,69,1,326,0,1,0,0,1,0,0,0,1,0
13950,4,23900,0,69,1,189,0,1,0,0,0,0,1,1,0,0
13900,3,43760,0,69,1,121,0,1,0,0,0,0,1,0,0,0
14000,3,39184,0,69,0,326,0,0,1,0,0,0,1,0,1,0
13950,3,75000,0,69,0,620,0,1,0,0,1,0,0,0,0,1
13900,3,29500,0,69,0,116,0,1,0,0,0,0,1,0,0,0
13900,5,60000,0,69,0,173,0,1,0,0,0,0,1,1,0,0
13600,4,64000,1,69,1,177,0,1,0,0,0,0,1,1,0,0
13690,4,43000,0,69,1,171,0,1,0,0,0,0,1,1,0,0
13500,6,40000,0,69,0,262,0,0,0,0,1,0,0,1,0,0
13490,4,80000,0,69,1,170,0,1,0,0,1,0,0,1,0,0
13900,3,45974,0,69,1,156,0,1,0,0,0,0,1,0,0,0
14000,4,88000,0,69,0,65,0,1,0,0,1,0,0,0,0,0
13600,3,85000,0,69,1,79,0,1,0,0,1,0,0,0,0,0
14000,4,29070,0,69,1,454,0,1,0,0,0,0,1,0,0,1
13500,3,80000,0,69,1,151,0,0,0,0,1,0,0,0,1,0
13900,3,62000,0,69,1,192,0,0,1,0,0,0,1,1,0,0
13900,3,35225,0,69,1,358,0,0,0,0,0,0,1,0,1,0
14000,5,32668,0,69,1,377,0,1,0,0,0,0,1,0,0,1
13700,2,45500,0,69,1,177,0,0,1,0,0,0,1,1,0,0
13990,3,59990,0,69,1,175,0,1,0,0,0,0,1,1,0,0
13600,4,96000,0,69,0,154,0,1,0,0,1,0,0,0,0,0
13950,3,18384,0,69,1,611,0,1,0,0,0,0,1,0,0,1
13990,4,82400,1,69,1,350,0,1,0,0,1,0,0,0,1,0
13900,3,37000,0,69,1,412,0,0,0,0,0,0,1,0,1,0
13925,4,39777,0,69,1,187,0,1,0,0,0,0,1,1,0,0
14000,3,10222,0,69,1,533,0,0,0,0,0,0,1,0,0,1
13500,3,59158,0,69,1,180,0,0,1,0,0,0,1,1,0,0
13300,3,42000,0,69,1,750,0,1,0,0,1,0,0,0,0,1
13425,4,56278,0,69,1,40,0,1,0,0,0,0,1,0,0,0
13990,4,25256,0,69,1,83,0,0,0,0,0,0,1,0,1,0
13400,4,65000,1,69,1,88,0,1,0,0,0,0,1,0,1,0
13600,3,42300,0,69,1,101,0,0,0,0,0,0,1,1,0,0
13900,3,20990,0,69,1,149,0,0,0,0,0,0,1,0,0,0
13900,3,50000,0,69,1,143,0,1,0,0,0,0,1,0,0,0
13930,3,30000,0,69,1,319,0,1,0,0,0,0,1,0,1,0
13500,3,36000,0,69,1,663,0,0,0,0,0,0,1,0,0,1
13800,3,23280,0,69,1,478,0,1,0,0,0,0,1,0,0,1
14000,5,44000,0,69,0,119,0,0,0,0,0,0,1,0,1,0
13200,4,42000,0,69,1,87,0,1,0,0,0,0,1,0,1,0
13900,4,35346,0,69,1,152,0,1,0,0,0,0,1,1,0,0
14000,4,58000,0,69,1,132,0,1,0,0,1,0,0,0,0,0
13900,4,36850,0,69,1,101,0,1,0,0,0,0,1,0,0,0
13990,3,107763,0,69,1,521,0,1,0,0,1,0,0,0,0,1
13600,3,42000,0,69,1,233,0,1,0,0,0,0,1,1,0,0
13400,3,18674,0,69,1,20,0,0,0,0,0,0,1,0,0,0
13900,3,76000,0,69,1,274,0,1,0,0,0,0,1,1,0,0
13900,2,43248,0,69,1,65,0,0,0,0,0,0,1,0,0,0
13900,7,43000,0,69,0,201,0,0,0,0,1,0,0,1,0,0
13900,3,24741,0,69,1,358,0,0,0,0,0,0,1,0,1,0
13400,4,73437,1,69,0,181,0,1,0,0,0,0,1,1,0,0
13500,6,72000,0,69,0,490,1,0,0,0,1,0,0,0,0,1
13990,3,60169,0,69,1,358,0,1,0,0,0,0,1,0,1,0
13400,3,59606,0,69,1,263,0,1,0,0,0,0,1,0,1,0
13490,6,79000,0,69,1,32,1,0,0,0,1,0,0,0,0,0
14000,3,84000,0,69,0,223,0,0,1,0,0,0,1,0,1,0
13900,6,39245,0,69,1,177,0,1,0,0,0,0,1,1,0,0
13400,3,22300,0,69,1,177,0,0,0,0,0,0,1,1,0,0
13600,6,64000,0,69,0,247,0,1,0,0,1,0,0,1,0,0
13925,4,39777,0,69,1,116,0,1,0,0,0,0,1,0,0,0
13950,3,47234,0,69,1,611,0,1,0,0,1,0,0,0,0,1
13900,6,57000,0,69,1,143,0,1,0,0,0,0,1,0,0,0
13425,4,59000,0,69,1,40,0,1,0,0,0,0,1,0,0,0
13500,4,30210,0,69,1,478,0,1,0,0,0,0,1,0,0,1
13500,3,46000,0,69,0,111,0,0,0,0,0,0,1,1,0,0
13500,3,72000,0,69,1,181,0,1,0,0,0,0,1,1,0,0
13900,4,110755,1,69,1,290,0,1,0,0,0,0,1,1,0,0
13500,3,47000,0,69,1,232,0,0,0,0,0,0,1,1,0,0
13890,3,35786,0,69,1,99,0,0,0,0,0,0,1,0,0,0
13200,3,44100,0,69,1,196,0,0,0,0,0,0,1,1,0,0
13450,3,45767,0,69,1,783,0,0,0,0,0,0,1,0,0,1
13700,5,73352,0,69,1,65,0,0,0,0,1,0,0,0,0,0
13400,3,69673,0,69,1,140,0,1,0,0,0,0,1,0,1,0
13300,4,74000,0,69,1,177,0,1,0,0,0,0,1,1,0,0
13925,4,16400,0,69,1,40,0,0,0,0,0,0,1,0,0,0
13900,3,54000,0,69,1,192,0,1,0,0,0,0,1,1,0,0
13990,3,26000,0,69,1,108,0,0,0,0,0,0,1,0,1,0
13500,3,44550,0,69,1,47,0,0,0,0,0,0,1,0,0,0
13900,3,48129,0,69,1,42,0,0,0,0,0,0,1,0,0,0
13800,7,95000,0,69,0,228,0,0,0,0,1,0,0,0,1,0
13900,3,40964,0,69,1,177,0,0,0,0,0,0,1,1,0,0
13700,3,52000,0,69,1,109,0,0,0,0,0,0,1,0,0,0
13900,3,66678,0,69,1,483,0,0,0,0,0,0,1,0,0,1
13900,4,42000,0,69,1,57,0,0,0,0,0,0,1,0,0,0
13500,3,61000,0,69,0,487,0,0,1,0,0,0,1,0,0,1
13900,4,52985,0,69,1,464,0,0,1,0,0,0,1,0,0,1
13750,3,49900,0,69,1,109,0,0,0,0,0,0,1,1,0,0
13900,6,136759,0,69,1,106,0,0,1,0,0,0,1,0,0,0
13500,8,90435,0,69,1,184,1,0,0,0,0,0,0,0,0,0
13900,4,82000,0,69,1,57,0,1,0,0,0,0,1,0,0,0
13900,4,41560,0,69,1,263,0,0,0,0,0,0,0,0,1,0
13180,4,82522,0,69,1,99,0,1,0,0,0,0,1,0,1,0
14000,3,84600,0,69,1,533,0,1,0,0,0,0,1,0,0,1
13500,4,79000,0,69,1,217,0,1,0,0,0,0,1,0,0,0
14000,7,115000,0,69,0,219,1,0,0,0,0,0,1,0,1,0
13500,5,46000,0,69,1,177,0,1,0,0,0,0,1,1,0,0
13500,3,63577,0,69,1,326,0,0,1,0,0,0,1,0,1,0
13900,7,31350,0,69,0,750,0,0,0,0,0,0,1,0,0,1
13900,3,75899,0,69,1,42,0,0,1,0,0,0,1,0,0,0
13900,4,72295,0,69,1,265,0,1,0,0,0,0,1,1,0,0
13900,3,89300,0,69,1,91,0,1,0,0,0,0,1,1,0,0
13400,4,34900,0,69,1,242,0,0,0,0,0,0,0,1,0,0
13900,4,87699,0,69,1,65,0,1,0,0,0,0,1,0,0,0
13500,5,77400,0,69,1,245,0,0,0,0,0,0,1,1,0,0
13489,4,77846,0,69,1,285,0,1,0,0,0,0,1,1,0,0
13900,3,68600,0,69,1,177,0,0,1,0,0,0,1,1,0,0
13900,4,40000,0,69,1,79,0,0,0,0,0,0,0,0,0,0
13900,5,110216,0,69,1,40,0,0,1,0,0,0,1,0,0,0
14000,3,69850,0,69,1,77,0,0,0,0,0,0,1,0,0,0
13500,5,107000,0,69,0,22,0,0,1,0,0,0,1,0,0,0
13900,5,50355,0,69,1,177,0,1,0,0,0,0,1,1,0,0
13900,4,107619,0,69,1,65,0,0,1,0,0,0,1,0,0,0
13900,3,59105,0,69,1,86,0,0,0,0,0,0,1,0,0,0
13499,4,32458,0,69,1,35,0,0,0,0,0,0,1,0,0,0
13900,3,57949,0,69,1,276,0,0,1,0,0,0,1,1,0,0
14620,2,36610,0,69,1,326,0,1,0,0,1,0,0,0,1,0
14850,7,133830,0,69,1,40,0,0,0,0,0,1,0,0,0,0
14900,3,35732,0,69,1,275,0,0,1,0,0,0,1,1,0,0
14500,3,72625,0,69,1,171,0,1,0,0,1,0,0,1,0,0
14900,4,3000,0,69,1,127,0,1,0,0,0,0,1,0,0,0
14990,4,38294,0,69,1,178,0,0,1,0,0,0,1,1,0,0
14500,3,43397,0,69,1,171,0,0,0,0,0,0,1,1,0,0
14700,3,27489,0,69,1,119,0,1,0,0,0,0,1,0,0,0
14400,3,40025,0,69,1,177,0,1,0,0,0,0,1,1,0,0
15000,8,118000,0,69,0,170,0,0,0,0,0,1,0,1,0,0
14900,6,57000,0,69,0,20,0,1,0,0,1,0,0,0,0,0
14900,7,110000,0,69,1,121,0,0,0,0,0,1,0,0,0,0
14950,3,17800,0,69,0,25,0,1,0,0,1,0,0,0,0,0
14700,4,33350,0,69,0,40,0,0,0,0,0,0,1,0,0,0
14900,2,53000,1,69,1,319,0,1,0,0,1,0,0,0,1,0
14500,3,79000,0,69,0,377,0,0,0,0,1,0,0,0,0,1
14900,2,37600,0,69,0,255,0,1,0,0,1,0,0,0,1,0
14500,3,46000,0,69,0,259,0,1,0,0,1,0,0,1,0,0
15000,8,100000,0,69,0,299,1,0,0,0,1,0,0,1,0,0
14490,4,36000,0,69,0,119,0,1,0,0,1,0,0,0,0,0
14900,3,29425,0,69,1,121,0,1,0,0,1,0,0,0,0,0
14900,2,68000,0,69,0,147,0,0,0,0,1,0,0,1,0,0
14900,6,57500,0,69,0,25,0,1,0,0,1,0,0,0,0,0
15000,2,50000,0,69,0,83,0,1,0,0,1,0,0,0,1,0
14300,6,47739,0,69,1,314,0,1,0,0,0,0,1,0,1,0
14490,5,42768,0,69,0,236,0,1,0,0,1,0,0,1,0,0
14800,3,24950,0,69,1,117,0,1,0,0,1,0,0,1,0,0
14500,7,87697,0,69,1,86,1,0,0,0,1,0,0,0,0,0
15000,3,68000,0,69,0,191,0,1,0,0,1,0,0,1,0,0
14300,3,77000,0,69,1,25,0,1,0,0,1,0,0,0,0,0
14800,3,34000,0,69,0,326,0,1,0,0,0,0,1,0,1,0
15000,8,52000,0,69,0,276,1,0,0,0,1,0,0,1,0,0
14400,4,43550,0,69,0,275,0,1,0,0,0,0,1,1,0,0
14900,6,45000,0,69,1,173,0,0,0,0,1,0,0,1,0,0
14300,5,63000,0,69,0,253,0,0,0,0,1,0,0,1,0,0
14500,8,90000,0,69,1,106,0,0,0,0,1,0,0,1,0,0
14950,3,80831,1,69,1,147,0,1,0,0,1,0,0,1,0,0
14500,3,62000,0,69,0,150,0,1,0,0,1,0,0,0,1,0
14500,4,27000,0,69,0,522,0,1,0,0,1,0,0,0,0,1
14900,4,24750,0,69,1,164,0,0,0,0,1,0,0,0,1,0
14990,2,42632,0,69,1,478,0,1,0,0,0,0,1,0,0,1
14400,3,44500,0,69,0,121,0,1,0,0,1,0,0,0,0,0
14300,4,44000,0,69,0,326,0,1,0,0,0,0,1,0,1,0
15000,3,10500,0,69,0,22,0,1,0,0,0,0,1,0,0,0
14990,4,78000,1,69,0,91,0,1,0,0,1,0,0,0,0,0
14900,5,60000,0,69,0,211,0,1,0,0,1,0,0,0,1,0
14600,2,48000,0,69,0,288,0,0,0,0,0,0,1,1,0,0
14458,3,45229,0,69,1,99,0,1,0,0,0,0,1,0,1,0
14700,3,54000,0,69,1,177,0,1,0,0,0,0,1,1,0,0
14500,4,54000,0,69,0,326,0,0,0,0,0,0,1,0,1,0
14900,3,79000,1,69,1,193,0,1,0,0,0,0,1,1,0,0
14500,3,38500,0,69,1,177,0,1,0,0,0,0,1,1,0,0
14290,3,28100,0,69,1,478,0,1,0,0,0,0,1,0,0,1
14799,3,60400,0,69,1,196,0,1,0,0,1,0,0,1,0,0
14500,5,76500,0,69,0,355,0,0,0,0,1,0,0,0,1,0
14900,3,13401,0,69,1,25,0,0,0,0,0,0,1,0,0,0
14500,3,72200,0,69,1,168,0,1,0,0,1,0,0,1,0,0
14900,6,101000,0,69,0,304,0,0,0,0,1,0,0,0,0,1
14900,4,40000,0,69,1,57,0,0,1,0,0,0,1,0,0,0
14500,6,86000,0,69,0,214,0,0,0,0,1,0,0,1,0,0
14900,4,14000,0,69,1,533,0,1,0,0,1,0,0,0,0,1
14900,3,29695,0,69,1,106,0,0,1,0,0,0,1,0,1,0
15000,7,67000,0,69,0,177,0,0,0,0,1,0,0,1,0,0
14980,3,39000,0,69,1,106,0,1,0,0,0,0,1,0,0,0
14950,7,58950,0,69,1,177,0,0,0,0,1,0,0,1,0,0
15000,4,21345,0,69,1,137,0,0,0,0,0,0,1,1,0,0
14950,4,47670,0,69,1,286,0,1,0,0,0,0,1,1,0,0
14900,5,32000,0,69,1,57,0,0,0,0,0,0,1,0,0,0
14900,3,37900,0,69,1,177,0,1,0,0,0,0,1,1,0,0
14900,3,29286,0,69,1,25,0,0,0,0,0,0,1,0,0,0
14500,2,48000,0,69,0,288,0,0,0,0,0,0,1,1,0,0
14700,2,79238,0,69,1,140,0,1,0,0,1,0,0,0,1,0
15000,7,106000,0,69,0,337,1,0,0,0,0,0,1,0,1,0
14499,3,20523,0,69,1,475,0,0,0,0,0,0,1,0,0,1
14950,2,29541,0,69,1,521,0,1,0,0,1,0,0,0,0,1
14300,4,24700,0,69,1,102,0,1,0,0,0,0,1,0,0,0
15000,4,40000,0,69,0,290,0,0,0,0,0,0,1,1,0,0
14900,4,33889,0,69,1,89,0,1,0,0,0,0,0,0,0,0
14500,2,41000,0,69,0,135,0,0,1,0,0,0,1,0,0,0
14900,3,17895,0,69,1,121,0,0,0,0,0,0,1,1,0,0
14890,3,59700,0,69,1,162,0,1,0,0,1,0,0,1,0,0
14200,3,73000,0,69,1,194,0,1,0,0,1,0,0,1,0,0
14900,3,29500,0,69,1,169,0,0,0,0,0,0,0,1,0,0
15000,7,83000,0,69,0,195,0,0,0,0,1,0,0,1,0,0
14500,4,33663,0,69,1,140,0,1,0,0,0,0,1,0,1,0
14950,3,44593,0,69,1,509,0,1,0,0,0,0,1,0,0,1
14990,3,37083,0,69,1,196,0,0,0,0,0,0,1,1,0,0
14490,4,39990,1,69,1,175,0,1,0,0,0,0,1,1,0,0
14900,3,52262,0,69,1,92,0,1,0,0,0,0,1,0,0,0
14900,3,63178,0,69,1,25,0,1,0,0,1,0,0,0,0,0
14800,4,35546,0,69,1,177,0,1,0,0,0,0,1,1,0,0
14500,3,35500,0,69,1,141,0,0,0,0,0,0,1,0,0,0
14500,6,86000,0,69,0,214,0,0,0,0,1,0,0,1,0,0
15000,3,120000,0,69,0,298,0,1,0,0,1,0,0,0,1,0
14900,4,59900,0,69,1,191,0,1,0,0,0,0,1,1,0,0
15000,3,28700,0,69,1,168,0,1,0,0,0,0,1,1,0,0
14700,3,48500,0,69,1,168,0,1,0,0,0,0,1,1,0,0
14500,3,63350,0,69,1,116,0,0,1,0,0,0,1,0,0,0
14700,7,13250,0,69,1,223,0,0,0,0,0,0,0,0,0,0
14450,3,27928,0,69,1,611,0,1,0,0,0,0,1,0,0,1
14800,3,34200,0,69,1,92,0,0,0,0,0,0,1,0,0,0
14300,3,73405,0,69,1,411,0,0,1,0,0,0,1,0,1,0
15000,5,70000,0,69,0,22,0,1,0,0,0,0,0,0,0,0
14900,3,24215,0,69,1,42,0,0,0,0,0,0,1,0,0,0
14800,3,74800,0,69,1,196,0,1,0,0,0,0,1,1,0,0
14900,3,60525,0,69,1,350,0,0,1,0,0,0,1,0,1,0
14990,3,18200,0,69,1,81,0,0,0,0,0,0,1,0,0,0
14999,8,59500,0,69,0,16,1,0,0,0,1,0,0,0,0,0
14500,4,74400,0,69,1,319,0,0,0,0,0,0,0,0,1,0
14490,4,25400,0,69,1,128,0,0,0,0,0,0,1,0,0,0
14400,4,59500,0,69,1,25,0,0,1,0,0,0,1,0,0,0
15990,3,38567,0,69,1,196,0,1,0,0,1,0,0,1,0,0
15300,3,14490,0,69,1,177,0,1,0,0,0,0,1,1,0,0
15500,3,65600,1,69,1,168,0,1,0,0,1,0,0,1,0,0
15900,2,27000,0,69,1,101,0,1,0,0,1,0,0,0,0,0
15900,3,34990,0,69,1,42,0,0,1,0,0,0,1,0,0,0
15490,3,41088,0,69,1,358,0,0,1,0,0,0,1,0,1,0
15400,3,58988,0,69,1,104,0,1,0,0,0,0,1,0,1,0
15500,3,40032,0,69,1,358,0,0,1,0,0,0,1,0,1,0
15800,8,84555,0,69,1,154,0,0,0,0,0,1,0,0,0,0
16000,7,83000,0,69,0,131,0,0,0,0,0,1,0,0,0,0
15500,8,59394,0,69,1,276,0,0,0,0,0,1,0,1,0,0
15900,5,57700,0,69,1,542,0,0,0,0,0,1,0,0,0,1
15500,2,12065,0,69,0,326,0,1,0,0,0,0,1,0,1,0
15300,7,85000,0,69,0,60,0,0,0,0,0,1,0,0,0,0
15500,7,98000,0,69,0,113,0,0,0,0,0,1,0,0,1,0
15750,3,38000,0,69,0,326,0,0,0,0,1,0,0,0,1,0
15199,3,37500,0,69,0,326,0,1,0,0,1,0,0,0,1,0
15500,3,29000,0,69,0,27,0,1,0,0,1,0,0,0,0,0
15450,3,29500,0,69,0,217,0,1,0,0,0,0,1,1,0,0
15900,4,64518,0,69,1,290,0,1,0,0,1,0,0,1,0,0
15700,4,62720,1,69,1,86,0,1,0,0,1,0,0,0,0,0
15533,3,47814,0,69,1,99,0,0,1,0,0,0,1,0,1,0
16000,3,59000,0,69,0,346,0,1,0,0,1,0,0,0,1,0
16000,3,57000,0,69,0,154,0,0,0,0,1,0,0,0,0,0
15900,7,95000,0,69,1,25,0,0,0,0,0,1,0,0,0,0
15500,3,38000,0,69,0,177,0,1,0,0,0,0,1,1,0,0
16000,3,34000,0,69,0,322,0,0,0,0,1,0,0,0,1,0
15300,7,100000,0,69,1,191,0,0,0,0,0,1,0,0,0,0
15900,3,51000,0,69,1,189,0,1,0,0,1,0,0,1,0,0
15400,3,54000,0,69,1,192,0,1,0,0,1,0,0,1,0,0
15800,8,98500,0,69,0,227,0,0,0,0,0,1,0,1,0,0
16000,5,55000,1,69,0,313,0,1,0,0,1,0,0,1,0,0
15900,3,33500,0,69,0,89,0,1,0,0,1,0,0,0,0,0
15500,3,27000,0,69,0,326,0,1,0,0,0,0,1,0,1,0
15950,2,52005,0,69,1,341,0,1,0,0,1,0,0,0,0,1
15250,4,26500,0,69,0,81,0,0,0,0,0,0,0,0,0,0
15900,3,57095,0,69,1,348,0,1,0,0,0,0,1,0,0,1
15900,3,51000,0,69,1,134,0,1,0,0,1,0,0,1,0,0
16000,7,110000,0,69,0,157,0,0,0,0,0,1,0,1,0,0
15551,4,60000,1,69,1,319,0,1,0,0,0,0,1,0,1,0
15399,3,41300,0,69,1,196,0,1,0,0,1,0,0,1,0,0
15500,2,12065,0,69,0,326,0,1,0,0,0,0,1,0,1,0
15500,2,59000,0,69,1,168,0,1,0,0,1,0,0,1,0,0
15500,3,10500,0,69,0,724,0,1,0,0,0,0,1,0,0,1
15900,3,56000,0,69,1,217,0,1,0,0,1,0,0,0,0,0
15890,2,41603,0,69,1,177,0,1,0,0,1,0,0,1,0,0
15900,2,38252,0,69,1,25,0,1,0,0,0,0,1,0,0,0
15400,3,90241,0,69,1,263,0,1,0,0,1,0,0,0,1,0
15900,3,38900,0,69,1,196,0,1,0,0,0,0,1,1,0,0
15900,3,33800,0,69,1,192,0,1,0,0,0,0,1,1,0,0
15999,2,48000,0,69,1,214,0,1,0,0,1,0,0,1,0,0
15700,3,42230,0,69,1,111,0,0,0,0,0,0,1,1,0,0
16000,7,117000,0,69,1,292,0,0,0,0,0,1,0,1,0,0
15990,2,62000,0,69,1,156,0,1,0,0,1,0,0,1,0,0
15950,4,40775,0,69,1,147,0,1,0,0,0,0,1,1,0,0
15700,3,29748,0,69,1,140,0,0,0,0,0,0,1,0,1,0
15900,2,27391,0,69,1,177,0,1,0,0,0,0,1,1,0,0
15700,3,24098,0,69,1,92,0,0,1,0,0,0,1,0,0,0
15500,4,38000,0,69,0,25,0,1,0,0,1,0,0,0,0,0
15900,3,30250,0,69,1,25,0,1,0,0,0,0,1,0,0,0
16000,4,48000,1,69,0,326,0,1,0,0,0,0,1,0,1,0
16000,3,33085,0,69,1,119,0,1,0,0,0,0,1,0,0,0
15500,2,33500,0,69,1,99,0,1,0,0,0,0,1,0,1,0
15400,3,52120,0,69,1,168,0,0,1,0,0,0,1,0,1,0
16000,3,31338,0,69,1,140,0,1,0,0,1,0,0,0,1,0
15130,4,25230,0,69,1,99,0,1,0,0,0,0,1,0,1,0
15400,3,50065,0,69,1,92,0,1,0,0,0,0,1,0,0,0
15900,3,41859,0,69,1,25,0,0,1,0,0,0,1,0,0,0
15900,3,21444,0,69,1,25,0,1,0,0,0,0,1,0,0,0
16000,5,75000,0,69,0,113,0,1,0,0,1,0,0,1,0,0
15990,3,34000,0,69,0,128,0,1,0,0,0,0,1,0,0,0
15300,3,68927,0,69,1,92,0,1,0,0,0,0,1,0,0,0
15900,3,30000,0,69,1,143,0,0,0,0,0,0,1,0,0,0
15650,4,41000,1,69,1,628,0,1,0,0,0,0,1,0,0,1
15800,5,39627,0,69,1,101,0,1,0,0,0,0,1,0,0,0
15500,3,24334,0,69,1,239,0,0,0,0,0,0,1,0,0,0
15200,3,55187,0,69,1,196,0,1,0,0,0,0,1,1,0,0
15230,3,38650,0,69,1,99,0,0,0,0,0,0,1,0,1,0
15900,3,20359,0,69,1,79,0,1,0,0,0,0,1,0,0,0
15450,3,48000,0,69,1,162,0,0,0,0,0,0,1,1,0,0
16000,4,58000,0,69,0,436,0,1,0,0,0,0,1,0,0,1
15450,3,48983,0,69,1,147,0,0,0,0,0,0,1,1,0,0
15900,3,48000,0,69,1,99,0,1,0,0,0,0,1,0,1,0
15900,3,46000,0,69,1,857,0,1,0,0,0,0,1,0,0,1
16000,3,40000,0,69,1,143,0,1,0,0,0,0,1,0,0,0
15900,4,65562,0,69,1,275,0,1,0,0,0,0,1,1,0,0
15900,3,29000,0,69,1,143,0,0,0,0,0,0,1,0,0,0
15900,3,56000,0,69,1,127,0,0,1,0,0,0,1,0,0,0
16990,3,14710,0,69,1,193,0,1,0,0,1,0,0,1,0,0
16450,3,29267,0,69,1,147,0,1,0,0,1,0,0,1,0,0
16900,3,28000,1,69,1,196,0,1,0,0,0,0,1,1,0,0
16500,2,39000,0,69,1,127,0,0,1,0,0,0,1,0,0,0
16900,2,40000,0,69,1,127,0,0,1,0,0,0,1,0,0,0
17000,7,75000,0,69,0,326,0,0,0,0,0,1,0,0,1,0
16950,7,74883,0,69,1,180,0,0,0,0,0,1,0,1,0,0
16300,6,96000,0,69,0,150,0,0,0,0,0,1,0,0,1,0
16800,7,65000,0,69,1,229,0,0,0,0,0,1,0,1,0,0
16900,7,66550,0,69,1,140,0,0,0,0,0,1,0,0,1,0
16099,3,18297,0,69,1,177,0,1,0,0,1,0,0,1,0,0
16900,3,23200,0,69,1,168,0,1,0,0,1,0,0,1,0,0
17000,2,40000,0,69,0,103,0,1,0,0,1,0,0,0,0,0
16299,2,41000,0,69,0,141,0,1,0,0,1,0,0,0,0,0
17000,6,90000,0,69,0,120,0,0,0,0,0,1,0,0,0,0
16900,3,23000,0,69,0,326,0,1,0,0,0,0,1,0,1,0
16400,4,75586,1,69,1,79,0,1,0,0,1,0,0,0,0,0
17000,3,35000,0,69,0,226,0,1,0,0,1,0,0,0,0,0
16099,3,18297,0,69,1,99,0,1,0,0,1,0,0,0,1,0
16400,3,22000,0,69,1,192,0,1,0,0,0,0,1,1,0,0
16099,3,18297,0,69,1,86,0,1,0,0,1,0,0,0,0,0
16099,3,18297,0,69,1,283,0,1,0,0,1,0,0,1,0,0
17000,7,142000,0,69,0,9,0,0,0,0,0,1,0,0,0,0
17000,6,131000,0,69,0,170,0,0,0,0,0,1,0,1,0,0
16400,2,47200,0,69,1,168,0,1,0,0,1,0,0,1,0,0
16900,3,7500,0,69,1,196,0,1,0,0,0,0,1,1,0,0
16200,3,7419,0,69,1,119,0,1,0,0,1,0,0,0,0,0
16500,5,58000,0,69,0,264,0,1,0,0,1,0,0,1,0,0
16490,4,29601,1,69,1,72,0,1,0,0,0,0,1,0,0,0
16950,2,28628,0,69,1,147,0,1,0,0,0,0,1,1,0,0
17000,3,48300,0,69,0,172,0,1,0,0,1,0,0,1,0,0
16900,3,13700,0,69,1,196,0,1,0,0,1,0,0,1,0,0
17000,2,30695,0,69,1,263,0,1,0,0,1,0,0,0,1,0
17000,7,105000,0,69,0,167,0,0,0,0,0,1,0,0,0,0
16800,3,18869,0,69,1,242,0,1,0,0,0,0,1,1,0,0
16500,3,29000,0,69,0,86,0,0,1,0,0,0,1,0,0,0
16500,2,25565,0,69,1,619,0,1,0,0,1,0,0,0,0,1
16300,3,25900,0,69,1,102,0,1,0,0,0,0,1,0,0,0
16099,3,18297,0,69,1,326,0,1,0,0,1,0,0,0,1,0
17000,2,35000,0,69,0,93,0,1,0,0,0,0,1,0,0,0
16800,3,35000,0,69,1,105,0,1,0,0,1,0,0,0,1,0
16990,4,44900,0,69,1,488,0,1,0,0,0,0,1,0,0,1
16099,3,18297,0,69,1,25,0,1,0,0,1,0,0,0,0,0
16900,4,18000,0,69,1,127,0,1,0,0,0,0,1,0,0,0
16099,3,18297,0,69,1,485,0,1,0,0,1,0,0,0,0,1
16099,3,18297,0,69,1,628,0,1,0,0,1,0,0,0,0,1
16900,3,55500,0,69,1,102,0,1,0,0,0,0,1,0,0,0
16500,3,42354,0,69,1,239,0,1,0,0,1,0,0,1,0,0
16700,2,24000,0,69,1,133,0,0,0,0,0,0,0,0,1,0
16900,2,55080,0,69,1,724,1,0,0,0,0,0,1,0,0,1
16500,3,26000,0,69,1,127,0,1,0,0,0,0,1,0,0,0
16900,3,10000,0,69,1,143,0,0,0,0,0,0,1,0,0,0
16500,3,31000,0,69,0,623,0,1,0,0,0,0,1,0,0,1
16500,3,24000,0,69,1,127,0,0,0,0,0,0,1,0,0,0
16500,3,40000,0,69,1,105,0,1,0,0,1,0,0,0,1,0
17500,2,10,0,69,1,109,0,1,0,0,0,0,1,1,0,0
17900,3,60000,1,69,1,16,0,1,0,0,1,0,0,0,0,0
17900,6,80097,0,69,1,177,0,0,0,0,0,1,0,1,0,0
18000,6,92000,0,69,0,171,0,0,0,0,0,1,0,1,0,0
18000,6,84000,0,69,0,99,0,0,0,0,0,1,0,0,1,0
17900,7,55000,0,69,0,116,0,0,0,0,0,1,0,0,1,0
17400,7,69000,0,69,0,274,0,0,0,0,0,1,0,1,0,0
17500,3,34000,0,69,0,37,0,1,0,0,1,0,0,0,0,0
18000,7,72000,0,69,0,500,0,0,0,0,0,1,0,0,0,1
17900,7,67900,0,69,1,256,0,0,0,0,0,1,0,1,0,0
18000,6,88000,0,69,1,123,0,0,0,0,0,1,0,0,0,0
18000,7,108000,0,69,0,166,0,0,0,0,0,1,0,1,0,0
18000,5,93000,0,69,1,164,0,0,0,0,0,1,0,0,0,0
17500,7,94041,0,69,1,86,0,0,0,0,0,1,0,0,0,0
17990,2,10,0,69,1,128,0,0,1,0,0,0,1,0,0,0
18000,2,7833,0,69,1,263,0,1,0,0,1,0,0,0,1,0
17900,3,64500,0,69,0,803,0,1,0,0,1,0,0,0,0,1
18000,3,31000,0,69,1,127,0,1,0,0,1,0,0,0,0,0
18000,2,40000,1,69,0,619,0,1,0,0,1,0,0,0,0,1
18000,3,18000,0,69,1,143,0,1,0,0,0,0,1,0,0,0
17900,3,15000,0,69,1,127,0,1,0,0,0,0,1,0,0,0
17500,3,60228,0,69,1,348,0,1,0,0,0,0,1,0,0,1
17400,3,13000,0,69,1,140,0,0,0,0,0,0,1,0,0,0
17950,3,26500,0,69,0,81,0,0,0,0,0,0,1,0,0,0
18000,3,33000,0,69,1,127,0,1,0,0,0,0,1,0,0,0
18990,7,48000,0,69,1,239,0,0,0,0,0,1,0,1,0,0
19000,6,38900,0,69,1,256,0,0,0,0,0,1,0,1,0,0
19000,6,65000,0,69,0,71,0,0,0,0,0,1,0,0,0,0
18900,7,30579,0,69,1,276,0,0,0,0,0,1,0,1,0,0
18900,6,60000,0,69,0,67,0,0,0,0,0,1,0,0,0,0
18500,8,57000,0,69,0,84,0,0,0,0,0,1,0,0,1,0
18900,7,62500,0,69,1,229,0,0,0,0,0,1,0,1,0,0
18900,7,48900,0,69,1,163,0,0,0,0,0,1,0,0,0,0
18490,7,69000,0,69,1,162,0,0,0,0,0,1,0,1,0,0
18900,3,23000,0,69,1,127,0,1,0,0,1,0,0,0,0,0
18500,7,82000,0,69,0,228,0,0,0,0,0,1,0,1,0,0
18500,2,25696,0,69,1,500,0,1,0,0,1,0,0,0,0,1
18500,3,33000,0,69,1,143,0,1,0,0,1,0,0,0,0,0
18390,2,37082,0,69,1,184,0,1,0,0,1,0,0,0,0,0
18990,5,99999,0,69,1,156,0,0,0,0,0,1,0,0,0,0
18400,2,13889,0,69,1,724,0,1,0,0,0,0,1,0,0,1
19990,5,57800,0,69,1,177,0,0,0,0,0,1,0,1,0,0
19900,7,77892,0,69,0,262,0,0,0,0,0,1,0,1,0,0
19700,6,55150,0,69,0,239,0,0,0,0,0,1,0,1,0,0
19600,7,86300,0,69,0,87,0,0,0,0,0,1,0,0,0,0
19500,6,75000,0,69,0,156,0,0,0,0,0,1,0,1,0,0
19500,5,68500,0,69,0,270,0,0,0,0,0,1,0,1,0,0
20000,6,59000,0,69,1,256,0,0,0,0,0,1,0,1,0,0
20000,5,78000,0,69,0,259,0,0,0,0,0,1,0,1,0,0
20000,4,83000,0,69,0,186,0,0,0,0,0,1,0,0,0,0
19900,7,66000,0,69,1,87,0,0,0,0,0,1,0,0,0,0
19500,5,55400,0,69,1,256,0,0,0,0,0,1,0,1,0,0
20000,6,99000,0,69,0,171,0,0,0,0,0,1,0,1,0,0
19500,7,68000,0,69,0,192,0,0,0,0,0,1,0,0,0,0
19250,2,1,0,69,1,358,0,1,0,0,1,0,0,0,1,0
19950,6,25800,0,69,1,14,0,0,0,0,1,0,0,0,0,0
20400,5,36300,0,69,1,77,0,0,0,0,0,1,0,0,0,0
20900,4,20000,0,69,1,168,0,0,0,0,0,1,0,1,0,0
20499,4,39660,0,69,1,25,0,0,0,0,0,1,0,0,0,0
21000,7,65000,0,69,0,83,0,0,0,0,0,1,0,0,1,0
20500,7,64000,0,69,0,160,0,0,0,0,0,1,0,1,0,0
21000,8,79000,0,69,0,116,0,0,0,0,0,1,0,0,0,0
20900,5,35800,0,69,1,77,0,0,0,0,0,1,0,0,0,0
20900,7,55357,0,69,0,211,0,0,0,0,0,1,0,0,1,0
21000,6,77500,0,69,0,98,0,0,0,0,0,1,0,0,0,0
20900,6,80100,0,69,0,63,0,0,0,0,0,1,0,1,0,0
21000,8,82000,0,69,0,165,0,0,0,0,0,1,0,1,0,0
21900,7,71000,0,69,1,76,0,0,0,0,0,1,0,0,0,0
21500,6,57000,0,69,0,167,0,0,0,0,0,1,0,1,0,0
21600,7,48950,0,69,0,291,0,0,0,0,0,1,0,0,1,0
22000,3,65000,0,69,0,154,0,0,0,0,0,1,0,1,0,0
21500,7,60000,0,69,0,177,0,0,0,0,0,1,0,1,0,0
21500,5,60700,0,69,0,204,0,0,0,0,0,1,0,0,1,0
22000,5,72000,0,69,0,173,0,0,0,0,0,1,0,0,0,0
22900,4,25889,0,69,1,326,0,0,0,0,0,1,0,0,1,0
22500,4,49000,0,69,0,183,0,0,0,0,0,1,0,1,0,0
22900,6,92500,0,69,0,276,0,0,0,0,0,1,0,1,0,0
22900,6,43804,0,69,1,156,0,0,0,0,0,1,0,0,0,0
23000,6,90800,0,69,0,266,0,0,0,0,0,1,0,1,0,0
22500,7,42000,0,69,1,76,0,0,0,0,0,1,0,0,0,0
22500,3,60000,0,69,1,188,0,0,0,0,0,1,0,1,0,0
23000,4,58000,0,69,0,478,0,0,0,0,0,1,0,0,0,1
22500,4,50000,0,69,1,256,0,0,0,0,0,1,0,1,0,0
23000,7,37000,0,69,0,25,0,0,0,0,0,1,0,0,0,0
23000,6,51000,0,69,1,276,0,0,0,0,0,1,0,1,0,0
23900,4,68000,0,69,0,106,0,0,0,0,0,1,0,0,1,0
23900,2,18300,0,69,1,149,0,0,0,0,0,1,0,1,0,0
24000,5,49000,0,69,1,76,0,0,0,0,0,1,0,0,0,0
24000,3,39900,0,69,1,76,0,0,0,0,0,1,0,0,0,0
24000,7,60000,0,69,0,322,0,0,0,0,0,1,0,1,0,0
24850,3,36500,0,69,0,214,0,0,0,0,0,1,0,1,0,0
24300,3,15400,0,69,1,77,0,0,0,0,0,1,0,0,0,0
24397,3,48866,0,69,1,358,0,0,0,0,0,1,0,0,1,0
24950,3,13640,0,69,1,180,0,0,0,0,0,1,0,1,0,0
25000,4,18000,0,69,0,381,0,0,0,0,0,1,0,0,1,0
24900,3,16900,0,69,1,77,0,0,0,0,0,1,0,0,0,0
24700,3,37000,0,69,1,256,0,0,0,0,0,1,0,1,0,0
25500,3,32000,0,69,0,239,0,0,0,0,0,1,0,1,0,0
25500,3,42630,0,69,1,239,0,0,0,0,0,1,0,0,0,0
26500,4,59000,0,69,0,274,0,0,0,0,0,1,0,1,0,0
27500,3,23400,0,69,0,177,0,0,0,0,0,1,0,1,0,0
28000,3,30300,0,69,0,243,0,0,0,0,0,1,0,1,0,0
27900,3,45000,0,69,0,477,0,0,0,0,0,1,0,0,0,1
30000,3,7950,0,69,0,22,0,0,0,0,0,1,0,0,0,0
7900,7,92802,0,85,1,285,1,0,0,0,0,0,0,1,0,0
7500,8,165000,0,100,1,326,0,0,0,0,0,0,1,0,1,0
7500,8,139000,0,85,1,484,0,0,0,0,1,0,0,0,0,1
10990,7,71000,0,85,1,486,0,0,0,0,1,0,0,0,0,1
12900,5,27000,0,125,1,560,0,1,0,0,0,0,1,0,0,1
10999,7,71500,0,85,1,387,1,0,0,0,0,0,0,0,1,0
13800,3,38000,0,75,1,90,0,0,0,0,0,0,1,0,0,0
12500,5,44000,0,125,1,498,0,1,0,0,0,0,1,0,0,1
12500,5,44000,0,125,1,498,0,1,0,0,0,0,1,0,0,1
12950,4,57000,0,75,1,526,0,0,1,0,0,0,1,0,0,1
8800,8,137000,0,85,1,576,1,0,0,0,0,0,0,0,0,1
8800,8,163000,0,85,1,200,1,0,0,0,0,0,1,0,1,0
11900,6,73000,0,125,1,628,0,0,0,0,0,0,1,0,0,1
9500,8,119000,0,85,1,326,1,0,0,0,0,0,1,0,1,0
10900,5,106000,0,75,1,667,0,0,0,0,0,0,0,0,0,1
11500,6,88000,0,75,1,628,0,0,0,0,0,0,0,0,0,1
12500,6,100292,0,85,1,430,1,0,0,0,0,0,0,0,0,1
14900,4,51417,1,100,1,326,0,0,0,0,1,0,0,0,1,0
18200,3,5500,1,125,1,498,0,1,0,0,1,0,0,0,0,1
18200,3,5500,1,125,1,498,0,1,0,0,1,0,0,0,0,1
15400,3,29000,0,75,1,42,0,0,0,0,0,0,1,1,0,0
24500,5,22000,0,200,1,91,0,0,0,0,0,1,0,0,1,0
13500,6,39700,0,75,1,387,0,0,1,0,0,0,0,0,1,0
17790,7,63000,0,200,1,186,0,0,0,0,0,1,0,1,0,0
13990,6,48000,0,85,1,326,1,0,0,0,0,0,1,0,1,0
12999,6,78210,0,85,1,837,1,0,0,0,0,0,0,0,0,1
12900,7,46000,0,85,1,186,1,0,0,0,0,0,0,1,0,0
17000,3,22000,0,125,1,387,0,1,0,0,1,0,0,0,1,0
17200,4,22737,0,125,1,213,0,1,0,0,0,0,1,1,0,0
12490,8,50000,0,85,1,109,1,0,0,0,0,0,0,1,0,0
11990,7,137000,0,85,1,690,1,0,0,0,0,0,0,0,0,1
12990,8,54000,0,85,1,763,1,0,0,0,0,0,1,0,0,1
17900,3,11700,0,125,1,628,0,0,0,0,0,0,1,0,0,1
15600,3,22500,0,75,1,159,0,0,0,0,0,0,1,0,0,0
15900,3,51000,0,75,1,911,0,0,1,0,0,0,1,0,0,1
19900,2,4000,0,125,1,383,0,1,0,0,1,0,0,0,1,0
10500,8,148000,0,85,1,770,1,0,0,0,0,0,0,0,0,1
15800,3,14700,0,75,1,159,0,0,0,0,0,0,1,0,0,0
13990,5,56000,0,75,1,122,0,0,0,0,0,0,0,0,0,0
15500,5,53000,0,125,1,628,0,0,0,0,0,0,1,0,0,1
15990,3,12000,0,75,1,186,0,0,0,0,0,0,1,1,0,0
14490,5,51800,0,75,1,122,0,0,0,0,0,0,0,0,0,0
15900,5,49000,0,125,1,628,0,0,0,0,0,0,1,0,0,1
15990,3,13000,0,75,1,186,0,0,0,0,0,0,1,1,0,0
15900,5,43000,0,125,1,628,0,0,0,0,0,0,1,0,0,1
7950,8,150000,0,85,1,830,0,0,0,0,0,0,0,0,0,1
13800,8,106481,0,85,1,485,1,0,0,0,1,0,0,0,0,1
13900,7,82,0,85,1,229,0,0,0,0,0,0,1,0,1,0
15000,6,35000,0,95,1,164,0,0,0,0,0,0,1,0,1,0
16500,6,31000,0,75,1,132,0,0,0,0,0,0,1,0,0,0
22900,2,127,0,125,1,911,0,1,0,0,0,0,1,0,0,1
22900,5,57860,0,200,1,222,0,0,0,0,0,1,0,1,0,0
18490,4,35300,0,125,1,122,0,1,0,0,1,0,0,0,0,0
15990,7,30500,0,100,1,122,0,0,0,0,1,0,0,0,0,0
3200,3,70000,0,75,1,514,0,0,0,0,0,0,1,0,0,1
3999,7,280000,0,85,1,485,1,0,0,0,0,0,0,0,0,1
4500,7,180000,0,85,1,101,1,0,0,0,0,0,0,0,1,0
4500,6,230000,0,85,1,141,1,0,0,0,1,0,0,1,0,0
4600,5,138600,0,100,1,326,0,0,0,0,0,0,1,0,1,0
4950,6,212789,0,85,1,514,1,0,0,0,0,0,0,0,0,1
4990,6,183557,0,85,1,426,1,0,0,0,0,0,0,0,0,1
4999,6,99000,0,75,1,472,0,0,0,0,0,0,0,0,0,1
5000,7,193000,0,85,1,36,1,0,0,0,0,0,0,0,0,0
5600,7,179530,0,85,1,123,1,0,0,0,0,0,0,1,0,0
5800,6,140000,0,85,1,430,1,0,0,0,0,0,0,0,0,1
5900,6,130000,0,85,1,763,1,0,0,0,0,0,0,0,0,1
5900,6,189432,0,85,1,784,1,0,0,0,0,0,0,0,0,1
5900,7,140000,0,85,1,89,1,0,0,0,0,0,1,0,0,0
5990,6,223000,0,85,1,792,1,0,0,0,0,0,0,0,0,1
5990,4,139889,0,75,1,74,0,0,0,0,0,0,0,0,0,0
5990,6,223000,0,85,1,792,1,0,0,0,0,0,0,0,0,1
5999,5,199000,0,125,1,326,0,1,0,0,0,0,1,0,1,0
5999,8,100000,0,85,1,484,0,0,0,0,0,0,1,0,0,1
6500,4,162658,0,125,1,276,0,1,0,0,0,0,0,1,0,0
6500,4,162658,0,125,1,234,0,1,0,0,0,0,0,1,0,0
6500,7,180000,0,85,1,359,1,0,0,0,0,0,0,0,1,0
6500,6,123500,0,85,1,304,1,0,0,0,0,0,0,0,0,1
6800,8,130000,0,85,1,819,1,0,0,0,0,0,0,0,0,1
6899,6,229000,0,85,1,490,1,0,0,0,0,0,0,0,0,1
6900,7,157700,0,85,1,184,1,0,0,0,0,0,0,0,0,0
6990,4,169000,0,125,1,701,0,1,0,0,0,0,1,0,0,1
6990,6,243000,0,85,1,135,1,0,0,0,0,0,1,1,0,0
6990,8,174000,0,85,1,377,1,0,0,0,0,0,1,0,1,0
6999,8,138000,0,75,1,842,1,0,0,0,1,0,0,0,0,1
7000,6,136000,0,85,1,97,1,0,0,0,0,0,0,0,0,0
7000,5,148000,0,85,1,97,1,0,0,0,0,0,0,0,0,0
7200,6,136000,0,85,1,97,1,0,0,0,0,0,0,0,0,0
7300,7,200000,0,85,1,67,1,0,0,0,0,0,1,0,0,0
7300,8,140000,0,85,1,843,0,0,0,0,0,0,0,0,0,1
7300,8,179000,0,85,1,514,1,0,0,0,0,0,0,0,0,1
7300,7,96929,0,85,1,177,0,0,0,0,0,0,0,1,0,0
7400,7,78000,0,85,1,485,0,0,0,0,1,0,0,0,0,1
7490,7,119000,0,85,1,484,0,0,0,0,0,0,0,0,0,1
7499,6,150000,0,95,1,518,0,0,0,0,0,0,0,0,0,1
7500,8,179000,0,85,1,419,1,0,0,0,0,0,1,0,1,0
7500,8,184500,0,85,1,807,1,0,0,0,0,0,0,0,0,1
7500,8,129000,0,140,1,287,0,0,0,0,1,0,0,1,0,0
7500,8,179000,0,85,1,95,1,0,0,0,0,0,1,0,0,0
7500,4,124000,0,125,1,727,0,1,0,0,0,0,0,0,0,1
7700,7,135000,0,85,1,487,0,0,0,0,0,0,0,0,0,1
7750,8,124000,0,85,1,89,0,0,0,0,1,0,0,0,0,0
7800,8,154825,0,85,1,27,1,0,0,0,0,0,1,0,0,0
7800,8,166000,0,85,1,491,1,0,0,0,0,0,0,0,0,1
7800,8,150000,0,85,1,485,1,0,0,0,0,0,1,0,0,1
7800,7,118000,0,85,1,415,1,0,0,0,0,0,1,0,1,0
7900,8,116000,0,85,1,333,1,0,0,0,0,0,1,0,1,0
7900,8,225000,0,85,1,638,1,0,0,0,0,0,1,0,0,1
7900,8,0,0,85,1,270,1,0,0,0,0,0,1,1,0,0
7900,8,125000,0,86,1,412,1,0,0,0,0,0,0,0,0,1
7900,6,144000,0,85,1,484,1,0,0,0,0,0,0,0,0,1
7900,8,64000,0,100,1,512,0,0,0,0,0,0,1,0,0,1
7900,8,92000,0,100,1,196,0,0,0,0,0,0,1,1,0,0
7950,3,100000,0,125,1,298,0,1,0,0,0,0,1,0,1,0
7990,8,155000,0,85,1,154,1,0,0,0,1,0,0,0,0,0
7999,6,150000,0,85,1,490,1,0,0,0,0,0,0,0,0,1
7999,7,146000,0,85,1,326,1,0,0,0,0,0,1,0,1,0
7999,8,174000,0,85,1,532,1,0,0,0,0,0,1,0,0,1
8200,8,181000,0,85,1,695,0,0,0,0,0,0,1,0,0,1
8200,8,210000,0,85,1,507,1,0,0,0,0,0,1,0,0,1
8300,8,130000,0,75,1,485,0,0,0,0,0,0,1,0,0,1
8300,6,200000,0,85,1,614,1,0,0,0,0,0,0,0,0,1
8400,8,138972,0,120,1,512,1,0,0,0,0,0,1,0,0,1
8400,8,153000,0,85,1,635,1,0,0,0,0,0,0,0,0,1
8400,8,119000,0,85,1,83,1,0,0,0,0,0,1,0,1,0
8400,7,199990,0,85,1,518,1,0,0,0,0,0,1,0,0,1
8490,8,92500,0,85,1,854,0,0,0,0,1,0,0,0,0,1
8490,8,129000,0,85,1,484,0,0,0,0,0,0,1,0,0,1
8499,8,110000,0,85,1,382,1,0,0,0,0,0,1,0,1,0
8499,8,92125,0,85,1,475,0,0,0,0,0,0,1,0,0,1
8500,8,130000,0,100,1,132,0,0,0,0,0,0,0,0,0,0
8500,8,149000,0,85,1,484,1,0,0,0,0,0,1,0,0,1
8500,7,125000,0,85,1,88,0,0,0,0,0,0,0,0,0,0
8500,7,140000,0,85,1,523,1,0,0,0,1,0,0,0,0,1
8500,8,115000,0,85,1,195,0,0,0,0,0,0,1,1,0,0
8500,6,119083,0,95,1,326,0,0,0,0,0,0,1,0,1,0
8500,7,110000,0,100,1,497,0,0,0,0,0,0,1,0,0,1
8500,8,110000,0,85,1,162,1,0,0,0,0,0,1,1,0,0
8600,7,125000,0,100,1,101,0,0,0,0,0,0,1,0,0,0
8650,8,100000,0,85,1,214,0,0,0,0,0,0,0,1,0,0
8650,3,92000,0,125,1,542,0,1,0,0,0,0,1,0,0,1
8699,8,124900,0,85,1,505,0,0,0,0,0,0,1,0,0,1
8700,8,105000,0,85,1,65,1,0,0,0,0,0,0,0,0,0
8790,6,14000,0,75,1,177,0,0,0,0,0,0,0,1,0,0
8790,5,136900,0,75,1,114,0,0,1,0,0,0,0,1,0,0
8800,8,190000,0,85,1,619,1,0,0,0,1,0,0,0,0,1
8800,8,132117,0,85,1,213,0,0,0,0,1,0,0,0,1,0
8800,8,190000,0,120,1,619,1,0,0,0,1,0,0,0,0,1
8899,6,135000,0,75,1,229,0,0,1,0,0,0,1,1,0,0
8900,5,139000,0,86,1,783,1,0,0,0,0,0,0,0,0,1
8900,8,151440,0,85,1,853,1,0,0,0,0,0,1,0,0,1
8900,7,132000,0,85,1,763,1,0,0,0,0,0,0,0,0,1
8900,7,135000,0,85,1,519,1,0,0,0,0,0,1,0,0,1
8900,8,99000,0,85,1,187,1,0,0,0,0,0,0,1,0,0
8900,7,90000,0,85,1,276,0,0,0,0,0,0,0,1,0,0
8900,5,130000,0,85,1,490,1,0,0,0,0,0,0,0,0,1
8900,8,151000,0,85,1,667,1,0,0,0,0,0,0,0,0,1
8900,5,106000,0,75,1,667,0,0,0,0,0,0,0,0,0,1
8900,8,65800,0,71,1,383,0,0,0,0,0,0,0,0,1,0
8900,8,133000,0,120,1,84,1,0,0,0,0,0,1,0,0,0
8900,8,108000,0,100,1,275,0,0,0,0,0,0,1,1,0,0
8900,8,127000,0,85,1,116,1,0,0,0,1,0,0,0,0,0
8900,8,94300,0,85,1,163,0,0,0,0,0,0,1,0,0,0
8950,6,75000,0,75,1,190,0,0,0,0,0,0,0,1,0,0
8950,4,215000,0,125,1,830,0,1,0,0,0,0,1,0,0,1
8950,8,106000,0,85,1,500,1,0,0,0,0,0,1,0,0,1
8950,5,140000,0,85,1,99,1,0,0,0,0,0,1,0,0,0
8990,7,99000,0,85,1,495,0,0,0,0,0,0,1,0,0,1
8990,8,146000,0,85,1,724,1,0,0,0,0,0,1,0,0,1
8990,8,176000,0,85,1,441,1,0,0,0,0,0,0,0,0,1
8990,5,61200,0,125,1,162,0,1,0,0,0,0,1,1,0,0
8990,4,73000,0,75,1,542,0,0,0,0,0,1,0,0,0,1
8999,8,158000,0,120,1,487,1,0,0,0,0,0,1,0,0,1
8999,7,156504,0,85,1,68,1,0,0,0,0,0,1,0,0,0
9000,8,90000,0,120,1,156,1,0,0,0,1,0,0,0,0,0
9190,8,50000,0,85,1,51,0,0,0,0,0,0,0,0,0,0
9200,7,130000,0,85,1,533,1,0,0,0,0,0,0,0,0,1
9200,8,80000,0,85,1,484,1,0,0,0,0,0,1,0,0,1
9250,8,60796,0,75,1,205,0,0,0,0,0,0,1,1,0,0
9300,7,80000,0,85,1,195,1,0,0,0,0,0,0,0,0,0
9300,8,134860,0,85,1,695,1,0,0,0,0,0,1,0,0,1
9350,6,99999,0,95,1,513,0,0,0,0,0,0,0,0,0,1
9390,3,121742,0,125,1,40,0,1,0,0,0,0,1,0,0,0
9390,3,121742,0,125,1,180,0,1,0,0,0,0,1,1,0,0
9400,7,143000,0,85,1,257,1,0,0,0,0,0,1,0,1,0
9400,5,80000,0,125,1,177,0,0,0,0,0,0,0,1,0,0
9400,6,136000,0,85,1,667,1,0,0,0,0,0,0,0,0,1
9400,6,175000,0,85,1,542,1,0,0,0,0,0,1,0,0,1
9480,8,99105,0,100,1,147,0,0,0,0,0,0,1,0,0,0
9490,8,80000,0,100,1,514,0,0,0,0,0,0,1,0,0,1
9490,8,95000,1,100,1,188,0,0,0,0,0,0,1,1,0,0
9490,8,89900,0,85,1,184,0,0,0,0,1,0,0,0,0,0
9490,8,156000,0,85,1,803,1,0,0,0,0,0,1,0,0,1
9490,8,168000,0,85,1,495,1,0,0,0,0,0,1,0,0,1
9490,7,140000,0,75,1,483,0,0,1,0,0,0,0,0,0,1
9500,7,85500,0,85,1,283,0,0,0,0,1,0,0,1,0,0
9500,6,78968,0,75,1,177,0,0,0,0,0,0,1,1,0,0
9500,8,100000,0,85,1,695,0,0,0,0,0,0,1,0,0,1
9500,6,130000,0,75,1,276,0,0,1,0,0,0,1,1,0,0
9500,8,70000,0,85,1,505,0,0,0,0,0,0,0,0,0,1
9500,8,165337,0,85,1,659,1,0,0,0,0,0,0,0,0,1
9500,8,98000,0,125,1,181,0,0,0,0,1,0,0,1,0,0
9500,7,120000,0,75,1,483,0,0,1,0,0,0,1,0,0,1
9500,7,55000,0,85,1,214,0,0,0,0,0,0,0,1,0,0
9500,7,130000,0,75,1,533,0,0,1,0,0,0,0,0,0,1
9500,7,80477,0,85,1,108,0,0,0,0,1,0,0,0,1,0
9500,6,100800,0,75,1,102,0,0,0,0,0,0,1,0,0,0
9500,8,150000,0,85,1,756,1,0,0,0,0,0,1,0,0,1
9500,7,139000,0,75,1,609,0,0,1,0,0,0,1,0,0,1
9500,4,105000,0,125,1,454,0,1,0,0,1,0,0,0,0,1
9500,8,158000,0,120,1,126,1,0,0,0,1,0,0,0,0,0
9599,8,167000,0,85,1,782,1,0,0,0,0,0,1,0,0,1
9599,7,102393,0,85,1,86,1,0,0,0,0,0,0,0,0,0
9599,7,102393,0,85,1,283,1,0,0,0,0,0,0,1,0,0
9599,7,102393,0,85,1,490,1,0,0,0,0,0,0,0,0,1
9599,7,102393,0,85,1,861,1,0,0,0,0,0,0,0,0,1
9599,7,102393,0,85,1,99,1,0,0,0,0,0,0,0,1,0
9599,7,102393,0,85,1,25,1,0,0,0,0,0,0,0,0,0
9599,7,102393,0,85,1,485,1,0,0,0,0,0,0,0,0,1
9599,7,102393,0,85,1,750,1,0,0,0,0,0,0,0,0,1
9599,7,102393,0,85,1,326,1,0,0,0,0,0,0,0,1,0
9600,7,120000,0,85,1,119,1,0,0,0,0,0,1,0,1,0
9650,6,139305,0,85,1,824,1,0,0,0,0,0,1,0,0,1
9700,4,120000,0,75,1,326,0,0,0,0,0,0,1,0,1,0
9700,7,108044,0,85,1,326,0,0,0,0,1,0,0,0,1,0
9700,8,119000,0,85,1,309,1,0,0,0,0,0,0,0,0,1
9790,7,132990,0,85,1,706,1,0,0,0,0,0,1,0,0,1
9800,7,101000,0,75,1,498,0,0,1,0,0,0,1,0,0,1
9800,7,164000,0,85,1,695,1,0,0,0,0,0,1,0,0,1
9800,6,121000,0,85,1,70,1,0,0,0,0,0,0,1,0,0
9800,8,120080,0,85,1,84,1,0,0,0,1,0,0,0,1,0
9800,4,39000,0,75,1,512,0,0,0,0,0,0,1,0,0,1
9800,6,163000,0,85,1,785,1,0,0,0,0,0,1,0,0,1
9800,7,76974,0,85,1,112,0,0,0,0,0,0,1,0,0,0
9800,5,130000,0,85,1,824,1,0,0,0,0,0,0,0,0,1
9800,5,142190,0,95,1,695,1,0,0,0,0,0,0,0,0,1
9800,4,90193,0,75,1,683,0,0,0,0,0,0,1,0,0,1
9850,6,154000,0,85,1,518,1,0,0,0,0,0,1,0,0,1
9850,8,139000,0,85,1,86,0,0,0,0,0,0,1,0,0,0
9899,6,95000,0,125,1,326,0,1,0,0,1,0,0,0,1,0
9900,5,144000,0,125,1,516,0,1,0,0,1,0,0,0,0,1
9900,8,135000,0,85,1,132,0,0,0,0,0,0,1,0,0,0
9900,5,92700,0,75,1,276,0,0,0,0,0,0,1,1,0,0
9900,5,136000,0,75,1,494,0,0,1,0,0,0,0,0,0,1
9900,8,118000,0,85,1,900,1,0,0,0,0,0,1,0,0,1
9900,8,149000,0,85,1,607,1,0,0,0,0,0,1,0,0,1
9900,8,111048,0,100,1,882,0,0,0,0,0,0,0,0,0,1
9900,8,99000,0,86,1,495,0,0,0,0,0,0,1,0,0,1
9900,8,101887,0,85,1,100,0,0,0,0,0,0,1,0,1,0
9900,8,87043,0,120,1,326,1,0,0,0,1,0,0,0,1,0
9900,4,98190,0,75,1,448,0,0,0,0,0,0,1,0,0,1
9900,8,125000,0,85,1,95,1,0,0,0,0,0,0,0,0,0
9900,8,125000,0,120,1,485,1,0,0,0,0,0,1,0,0,1
9900,7,103000,0,100,1,194,0,0,0,0,1,0,0,1,0,0
9900,7,105000,0,85,1,197,0,0,0,0,1,0,0,1,0,0
9900,6,127000,0,85,1,326,1,0,0,0,1,0,0,0,1,0
9900,8,157000,0,85,1,83,1,0,0,0,0,0,1,0,0,0
9900,8,125617,0,100,1,276,0,0,0,0,0,0,1,1,0,0
9900,8,150000,0,85,1,667,1,0,0,0,0,0,1,0,0,1
9900,5,91000,0,75,1,315,0,0,1,0,0,0,1,0,0,1
9900,8,105000,0,85,1,500,1,0,0,0,0,0,0,0,0,1
9900,7,86806,0,85,1,85,0,0,0,0,0,0,1,0,0,0
9900,6,112800,0,95,1,700,0,0,0,0,0,0,1,0,0,1
9900,7,118000,0,85,1,735,1,0,0,0,0,0,1,0,0,1
9900,8,134000,0,85,1,621,1,0,0,0,1,0,0,0,0,1
9900,8,98000,0,85,1,761,1,0,0,0,0,0,0,0,0,1
9950,7,114000,0,85,1,554,1,0,0,0,0,0,0,0,0,1
9950,8,63000,0,85,1,611,1,0,0,0,1,0,0,0,0,1
9950,7,134000,0,100,1,484,0,0,0,0,0,0,1,0,0,1
9990,8,146000,0,85,1,266,1,0,0,0,0,0,0,0,1,0
9990,5,84000,0,75,1,276,0,0,0,0,0,0,0,1,0,0
9990,8,105853,0,85,1,560,0,0,0,0,0,0,1,0,0,1
9990,8,117000,0,85,1,247,1,0,0,0,0,0,1,0,1,0
9990,8,134000,0,85,1,477,1,0,0,0,0,0,1,0,0,1
9990,6,159000,0,85,1,872,1,0,0,0,1,0,0,0,0,1
9990,7,179000,0,86,1,415,1,0,0,0,1,0,0,0,1,0
9990,8,125000,0,85,1,171,1,0,0,0,1,0,0,1,0,0
9990,6,115000,0,85,1,750,1,0,0,0,0,0,0,0,0,1
9999,8,125000,0,85,1,120,1,0,0,0,0,0,0,0,0,0
9999,8,148000,0,85,1,527,1,0,0,0,0,0,1,0,0,1
9999,5,55000,0,125,1,485,0,1,0,0,0,0,0,0,0,1
9999,8,130000,0,85,1,566,1,0,0,0,0,0,1,0,0,1
9999,5,93405,0,125,1,157,0,1,0,0,0,0,1,1,0,0
9999,6,128000,0,75,1,485,0,0,1,0,0,0,1,0,0,1
9999,8,148000,0,85,1,474,1,0,0,0,1,0,0,0,0,1
9999,7,135000,0,85,1,519,1,0,0,0,0,0,1,0,0,1
9999,7,149000,0,85,1,550,1,0,0,0,0,0,0,0,0,1
9999,7,50000,0,85,1,276,0,0,0,0,0,0,0,1,0,0
9999,7,117000,0,100,1,190,0,0,0,0,1,0,0,1,0,0
10000,6,135000,0,85,1,878,1,0,0,0,0,0,0,0,0,1
10200,4,83455,0,75,1,194,0,0,0,0,0,0,1,1,0,0
10290,7,111958,0,85,1,484,1,0,0,0,0,0,0,0,0,1
10290,6,94681,0,125,1,180,0,1,0,0,0,0,0,1,0,0
10290,6,94681,0,125,1,40,0,1,0,0,0,0,0,0,0,0
10300,8,106000,0,100,1,768,0,0,0,0,0,0,1,0,0,1
10300,7,86067,0,85,1,527,1,0,0,0,0,0,0,0,0,1
10350,4,79350,0,75,1,326,0,0,1,0,0,0,1,0,1,0
10400,8,77347,0,85,1,276,0,0,0,0,0,0,1,1,0,0
10400,7,89698,0,85,1,525,1,0,0,0,0,0,1,0,0,1
10450,8,85000,0,85,1,759,0,0,0,0,0,0,0,0,0,1
10450,7,49300,0,85,1,490,0,0,0,0,0,0,0,0,0,1
10490,6,90000,0,95,1,507,0,0,0,0,0,0,1,0,0,1
10490,6,156000,0,85,1,723,1,0,0,0,0,0,1,0,0,1
10495,4,70000,0,125,1,322,0,1,0,0,0,0,1,0,1,0
10499,4,120000,0,75,1,326,0,0,0,0,0,0,1,0,1,0
10499,8,99000,0,75,1,492,0,0,1,0,0,0,0,0,0,1
10500,8,84000,0,86,1,854,1,0,0,0,0,0,1,0,0,1
10500,6,112285,0,75,1,22,0,0,1,0,0,0,1,0,0,0
10500,6,87171,0,125,1,246,0,1,0,0,0,0,0,1,0,0
10500,7,121400,0,85,1,326,0,0,0,0,1,0,0,0,1,0
10500,8,99978,0,100,1,484,0,0,0,0,1,0,0,0,0,1
10500,8,140000,0,85,1,755,1,0,0,0,0,0,1,0,0,1
10500,7,130000,0,85,1,177,1,0,0,0,1,0,0,1,0,0
10500,6,140056,0,85,1,276,1,0,0,0,1,0,0,1,0,0
10500,6,141000,0,85,1,200,1,0,0,0,0,0,0,0,0,0
10500,7,80000,0,100,1,131,0,0,0,0,0,0,1,0,0,0
10500,8,160000,0,85,1,672,1,0,0,0,1,0,0,0,0,1
10500,8,190000,0,85,1,581,1,0,0,0,0,0,1,0,0,1
10500,7,107000,0,85,1,775,1,0,0,0,0,0,1,0,0,1
10500,5,97000,0,125,1,194,0,1,0,0,0,0,1,1,0,0
10500,7,100000,0,85,1,485,1,0,0,0,0,0,0,0,0,1
10500,7,74000,0,85,1,171,1,0,0,0,0,0,1,1,0,0
10500,8,141000,0,85,1,841,1,0,0,0,0,0,1,0,0,1
10500,8,127000,0,100,1,605,0,0,0,0,1,0,0,0,0,1
10500,8,76000,0,100,1,95,0,0,0,0,0,0,1,0,0,0
10500,8,106490,0,100,1,315,0,0,0,0,0,0,1,0,0,1
10500,7,100000,0,85,1,542,1,0,0,0,0,0,1,0,0,1
10500,6,91783,0,95,1,326,0,0,0,0,1,0,0,0,1,0
10600,7,75580,0,85,1,92,1,0,0,0,0,0,0,0,1,0
10600,5,104000,0,125,1,169,0,1,0,0,0,0,1,1,0,0
10650,5,121000,0,75,1,25,0,0,1,0,0,0,1,0,0,0
10690,3,99073,0,75,1,180,0,0,0,0,0,0,1,1,0,0
10690,3,99073,0,75,1,40,0,0,0,0,0,0,1,0,0,0
10700,8,112000,0,85,1,48,1,0,0,0,1,0,0,0,0,0
10700,8,146000,0,85,1,333,0,0,1,0,0,0,0,0,1,0
10700,8,140000,0,85,1,568,1,0,0,0,0,0,1,0,0,1
10700,5,24197,0,75,1,140,0,0,0,0,0,0,0,0,1,0
10700,8,105000,0,85,1,287,1,0,0,0,1,0,0,1,0,0
10750,7,81000,0,100,1,189,0,0,0,0,1,0,0,1,0,0
10750,7,60000,0,85,1,620,0,0,0,0,0,0,1,0,0,1
10800,8,101000,0,85,1,695,1,0,0,0,0,0,1,0,0,1
10800,7,87000,0,100,1,238,0,0,0,0,1,0,0,0,0,0
10850,8,121322,0,85,1,618,1,0,0,0,0,0,1,0,0,1
10890,8,99000,0,85,1,808,1,0,0,0,0,0,0,0,0,1
10900,8,127000,0,85,1,623,1,0,0,0,0,0,0,0,0,1
10900,4,92134,0,75,1,832,0,0,0,0,0,0,0,0,0,1
10900,7,158000,0,85,1,329,1,0,0,0,0,0,1,0,1,0
10900,6,136000,0,85,1,667,1,0,0,0,0,0,0,0,0,1
10900,8,79999,0,85,1,759,0,0,0,0,0,0,0,0,0,1
10900,8,129999,0,85,1,759,1,0,0,0,0,0,1,0,0,1
10900,6,100417,0,75,1,861,0,0,1,0,0,0,1,0,0,1
10900,5,80700,0,75,1,140,0,0,1,0,0,0,0,0,1,0
10900,8,116300,0,85,1,315,1,0,0,0,1,0,0,0,0,1
10900,7,121000,0,85,1,95,0,0,0,0,1,0,0,0,0,0
10900,8,51843,0,100,1,119,0,0,0,0,0,0,0,0,0,0
10900,8,68670,0,85,1,735,1,0,0,0,0,0,0,0,0,1
10900,4,71590,0,75,1,326,0,0,0,0,0,0,1,0,1,0
10900,7,53543,0,85,1,186,0,0,0,0,1,0,0,0,0,0
10900,8,120000,0,85,1,132,0,0,1,0,0,0,0,0,0,0
10900,4,43500,0,125,1,490,0,1,0,0,0,0,1,0,0,1
10900,7,70000,0,85,1,276,0,0,0,0,1,0,0,1,0,0
10900,7,110000,0,75,1,200,0,0,1,0,0,0,1,0,1,0
10900,3,79000,0,125,1,178,0,1,0,0,0,0,1,1,0,0
10900,7,92000,0,85,1,485,0,0,0,0,0,0,1,0,0,1
10900,6,90000,0,85,1,484,1,0,0,0,0,0,1,0,0,1
10900,7,70000,0,85,1,95,1,0,0,0,1,0,0,0,0,0
10900,6,89000,0,75,1,495,0,0,1,0,0,0,1,0,0,1
10900,6,117000,0,85,1,768,1,0,0,0,0,0,1,0,0,1
10900,3,79000,0,125,1,180,0,1,0,0,1,0,0,1,0,0
10900,5,92000,0,75,1,47,0,0,0,0,0,0,1,0,0,0
10900,6,60840,0,85,1,286,1,0,0,0,0,0,1,1,0,0
10900,4,93196,0,125,1,326,0,1,0,0,1,0,0,0,1,0
10950,7,61000,0,75,1,117,0,0,1,0,0,0,1,0,0,0
10990,8,120000,0,85,1,326,1,0,0,0,0,0,1,0,1,0
10990,7,119999,0,75,1,759,0,0,1,0,0,0,1,0,0,1
10990,7,109000,0,75,1,245,0,0,1,0,0,0,1,1,0,0
10990,8,123753,0,85,1,286,1,0,0,0,0,0,0,1,0,0
10990,3,73262,0,75,1,322,0,0,0,0,0,0,1,0,1,0
10990,5,68468,0,75,1,259,0,0,0,0,0,0,1,1,0,0
10990,4,48000,0,125,1,259,0,1,0,0,0,0,1,1,0,0
10990,5,102000,0,75,1,477,0,0,1,0,0,0,1,0,0,1
10990,7,82000,0,75,1,326,0,0,1,0,0,0,1,0,1,0
10990,7,98000,0,85,1,693,1,0,0,0,0,0,0,0,0,1
10990,6,116000,0,95,1,485,0,0,0,0,0,0,0,0,0,1
10990,8,112000,0,85,1,545,0,0,0,0,0,0,1,0,0,1
10990,6,54000,0,75,1,706,0,0,0,0,0,0,1,0,0,1
10990,6,94000,0,85,1,521,1,0,0,0,1,0,0,0,0,1
10990,5,14800,0,75,1,214,0,0,0,0,0,0,0,1,0,0
10990,4,80000,0,75,1,495,0,0,1,0,0,0,1,0,0,1
10999,7,107488,0,85,1,568,1,0,0,0,1,0,0,0,0,1
10999,8,29000,0,85,1,229,0,0,0,0,0,0,0,1,0,0
10999,4,86600,0,75,1,683,0,0,0,0,0,0,1,0,0,1
10999,8,121000,0,85,1,16,1,0,0,0,0,0,1,0,0,0
10999,5,76000,0,75,1,276,0,0,0,0,0,0,0,1,0,0
10999,6,93000,0,85,1,720,1,0,0,0,0,0,1,0,0,1
10999,7,110000,0,85,1,815,1,0,0,0,1,0,0,0,0,1
11000,8,147600,0,85,1,581,1,0,0,0,0,0,1,0,0,1
11000,5,80672,0,75,1,120,0,0,0,0,0,0,0,0,1,0
11000,5,90000,0,125,1,215,0,1,0,0,0,0,1,0,0,0
11000,6,140000,0,85,1,684,1,0,0,0,0,0,1,0,0,1
11000,4,75000,0,125,1,326,0,1,0,0,0,0,1,0,1,0
11000,4,91000,0,125,1,209,0,1,0,0,0,0,1,0,0,0
11199,8,23583,0,85,1,750,1,0,0,0,0,0,0,0,0,1
11199,8,23583,0,85,1,86,1,0,0,0,0,0,0,0,0,0
11199,8,23583,0,85,1,127,1,0,0,0,0,0,0,0,0,0
11199,8,23583,0,85,1,490,1,0,0,0,0,0,0,0,0,1
11199,8,23583,0,85,1,628,1,0,0,0,0,0,0,0,0,1
11199,8,23583,0,85,1,25,1,0,0,0,0,0,0,0,0,0
11199,8,23583,0,85,1,485,1,0,0,0,0,0,0,0,0,1
11199,8,23583,0,85,1,130,1,0,0,0,0,0,0,0,1,0
11199,8,23583,0,85,1,99,1,0,0,0,0,0,0,0,1,0
11200,7,158000,0,85,1,330,1,0,0,0,0,0,1,0,1,0
11200,6,125145,0,85,1,487,1,0,0,0,0,0,1,0,0,1
11200,8,95000,0,85,1,231,0,0,0,0,0,0,1,0,0,0
11250,8,98000,0,100,1,830,0,0,0,0,0,0,1,0,0,1
11299,5,86148,0,125,1,611,0,1,0,0,0,0,1,0,0,1
11299,5,86148,0,125,1,127,0,1,0,0,0,0,1,0,0,0
11299,5,86148,0,125,1,25,0,1,0,0,0,0,1,0,0,0
11299,5,86148,0,125,1,283,0,1,0,0,0,0,1,1,0,0
11299,5,86148,0,125,1,99,0,1,0,0,0,0,1,0,1,0
11299,5,86148,0,125,1,628,0,1,0,0,0,0,1,0,0,1
11299,5,86148,0,125,1,177,0,1,0,0,0,0,1,1,0,0
11299,5,86148,0,125,1,485,0,1,0,0,0,0,1,0,0,1
11299,5,86148,0,125,1,326,0,1,0,0,0,0,1,0,1,0
11299,5,86148,0,125,1,861,0,1,0,0,0,0,1,0,0,1
11299,5,86148,0,125,1,490,0,1,0,0,0,0,1,0,0,1
11299,5,86148,0,125,1,86,0,1,0,0,0,0,1,0,0,0
11299,5,86148,0,125,1,731,0,1,0,0,0,0,1,0,0,1
11299,5,86148,0,125,1,130,0,1,0,0,0,0,1,0,1,0
11300,8,118000,0,85,1,241,0,0,0,0,1,0,0,0,0,0
11400,4,119000,0,125,1,494,0,1,0,0,1,0,0,0,0,1
11400,6,80901,0,85,1,276,1,0,0,0,1,0,0,1,0,0
11400,8,63000,0,85,1,242,1,0,0,0,0,0,0,0,0,0
11400,6,73419,0,85,1,698,1,0,0,0,0,0,0,0,0,1
11400,4,62765,0,125,1,326,0,1,0,0,0,0,1,0,1,0
11400,3,56653,0,125,1,478,0,1,0,0,0,0,1,0,0,1
11490,6,28665,0,75,1,99,0,0,0,0,0,0,0,0,1,0
11490,6,90000,0,85,1,424,1,0,0,0,0,0,0,0,0,1
11490,5,140000,0,100,1,513,0,0,0,0,0,0,1,0,0,1
11490,5,42000,0,75,1,132,0,0,0,0,0,0,0,0,0,0
11490,4,55238,0,125,1,180,0,1,0,0,0,0,1,1,0,0
11490,4,55238,0,125,1,40,0,1,0,0,0,0,1,0,0,0
11499,8,94000,0,100,1,628,0,0,0,0,0,0,1,0,0,1
11499,8,98000,0,85,1,519,1,0,0,0,0,0,1,0,0,1
11500,5,86000,0,125,1,326,0,1,0,0,1,0,0,0,1,0
11500,5,90000,0,125,1,189,0,1,0,0,0,0,1,0,0,0
11500,7,99800,0,85,1,815,1,0,0,0,0,0,1,0,0,1
11500,8,118563,0,85,1,935,1,0,0,0,0,0,1,0,0,1
11500,4,77000,0,75,1,16,0,0,0,0,0,0,1,0,0,0
11500,8,100000,0,100,1,259,0,0,0,0,1,0,0,0,1,0
11500,7,83000,0,100,1,233,0,0,0,0,0,0,1,1,0,0
11500,7,67012,0,100,1,326,0,0,0,0,0,0,1,0,1,0
11500,4,90000,0,125,1,215,0,1,0,0,0,0,1,0,0,0
11500,8,109000,0,85,1,68,1,0,0,0,0,0,1,1,0,0
11500,8,114000,0,85,1,453,1,0,0,0,0,0,1,0,0,1
11500,8,99000,0,86,1,495,0,0,1,0,0,0,1,0,0,1
11500,6,74000,0,75,1,326,0,0,1,0,0,0,1,0,1,0
11500,5,77337,0,125,1,698,0,1,0,0,0,0,1,0,0,1
11500,7,20800,0,85,1,241,0,0,0,0,0,0,0,0,0,0
11500,3,89900,0,125,1,121,0,1,0,0,0,0,1,0,0,0
11500,4,67985,0,75,1,326,0,0,1,0,0,0,1,0,1,0
11600,4,79000,0,75,1,181,0,0,0,0,0,0,1,1,0,0
11600,7,96266,0,100,1,326,0,0,0,0,1,0,0,0,1,0
11690,5,19000,0,95,1,339,0,0,0,0,0,0,0,0,1,0
11690,6,62700,0,85,1,108,1,0,0,0,0,0,0,1,0,0
11699,7,44838,0,100,1,861,0,0,0,0,0,0,1,0,0,1
11699,7,44838,0,100,1,731,0,0,0,0,0,0,1,0,0,1
11699,7,44838,0,100,1,127,0,0,0,0,0,0,1,0,0,0
11699,7,44838,0,100,1,177,0,0,0,0,0,0,1,1,0,0
11699,7,44838,0,100,1,326,0,0,0,0,0,0,1,0,1,0
11699,7,44838,0,100,1,99,0,0,0,0,0,0,1,0,1,0
11699,7,44838,0,100,1,86,0,0,0,0,0,0,1,0,0,0
11699,7,44838,0,100,1,611,0,0,0,0,0,0,1,0,0,1
11700,5,68450,0,125,1,326,0,1,0,0,0,0,1,0,1,0
11700,6,102938,0,85,1,698,1,0,0,0,0,0,0,0,0,1
11700,6,108614,0,85,1,698,1,0,0,0,0,0,0,0,0,1
11700,6,50500,0,85,1,495,1,0,0,0,0,0,1,0,0,1
11700,3,81000,0,75,1,177,0,0,1,0,0,0,1,1,0,0
11700,5,45000,0,100,1,415,0,0,0,0,0,0,1,0,1,0
11700,4,48376,0,125,1,326,0,1,0,0,0,0,1,0,1,0
11790,4,83654,0,125,1,193,0,1,0,0,1,0,0,1,0,0
11800,6,114000,0,85,1,905,1,0,0,0,0,0,0,0,0,1
11800,8,118000,0,85,1,485,1,0,0,0,0,0,1,0,0,1
11800,5,54000,0,125,1,872,0,1,0,0,1,0,0,0,0,1
11800,6,69819,0,85,1,335,1,0,0,0,0,0,1,0,0,1
11800,7,89419,0,125,1,169,0,0,0,0,1,0,0,1,0,0
11800,7,89000,0,85,1,152,0,0,0,0,1,0,0,0,0,0
11850,8,67000,1,100,1,99,0,0,0,0,0,0,1,0,1,0
11899,6,102676,0,125,1,130,0,1,0,0,1,0,0,0,1,0
11899,6,102676,0,125,1,731,0,1,0,0,1,0,0,0,0,1
11899,6,102676,0,125,1,86,0,1,0,0,1,0,0,0,0,0
11899,6,102676,0,125,1,861,0,1,0,0,1,0,0,0,0,1
11899,6,102676,0,125,1,490,0,1,0,0,1,0,0,0,0,1
11899,6,102676,0,125,1,25,0,1,0,0,1,0,0,0,0,0
11899,6,102676,0,125,1,628,0,1,0,0,1,0,0,0,0,1
11899,6,102676,0,125,1,127,0,1,0,0,1,0,0,0,0,0
11899,6,102676,0,125,1,485,0,1,0,0,1,0,0,0,0,1
11899,6,102676,0,125,1,177,0,1,0,0,1,0,0,1,0,0
11900,7,70000,1,100,1,798,0,0,0,0,0,0,1,0,0,1
11900,5,92000,0,125,1,872,0,1,0,0,0,0,1,0,0,1
11900,7,86000,0,85,1,905,1,0,0,0,0,0,1,0,0,1
11900,4,104000,0,125,1,614,0,1,0,0,0,0,1,0,0,1
11900,4,53134,0,75,1,611,0,0,0,0,0,0,1,0,0,1
11900,6,60000,0,85,1,448,1,0,0,0,0,0,0,0,0,1
11900,8,89950,0,125,1,222,0,0,0,0,0,0,1,1,0,0
11900,7,116102,0,85,1,384,1,0,0,0,0,0,1,0,1,0
11900,7,60000,0,75,1,507,0,0,1,0,0,0,1,0,0,1
11900,5,38000,0,75,1,833,0,0,0,0,0,0,1,0,0,1
11900,6,68000,0,85,1,832,1,0,0,0,0,0,1,0,0,1
11900,8,120000,0,85,1,808,1,0,0,0,0,0,1,0,0,1
11900,4,39724,0,125,1,326,0,1,0,0,0,0,1,0,1,0
11900,4,56510,0,75,1,326,0,0,1,0,0,0,1,0,1,0
11900,3,40090,0,75,1,326,0,0,0,0,0,0,1,0,1,0
11950,7,128290,0,85,1,815,1,0,0,0,0,0,1,0,0,1
11990,3,51000,0,75,1,326,0,0,0,0,0,0,1,0,1,0
11990,8,112000,0,85,1,545,0,0,0,0,0,0,1,0,0,1
11990,3,93000,0,75,1,276,0,0,0,0,0,0,1,1,0,0
11990,7,73161,0,75,1,286,0,0,1,0,0,0,0,1,0,0
11990,8,106899,0,85,1,286,1,0,0,0,0,0,1,1,0,0
11990,7,76000,0,100,1,205,0,0,0,0,0,0,1,1,0,0
11990,3,48540,1,125,1,495,0,1,0,0,0,0,1,0,0,1
11990,4,90000,0,75,1,56,0,0,0,0,0,0,1,1,0,0
11990,6,134000,0,86,1,792,1,0,0,0,0,0,0,0,0,1
11995,8,57733,0,85,1,322,1,0,0,0,0,0,1,0,1,0
11999,4,98000,0,125,1,97,0,1,0,0,1,0,0,0,0,0
11999,3,79000,0,75,1,55,0,0,0,0,0,0,1,0,0,0
12000,6,110000,0,85,1,485,1,0,0,0,0,0,0,0,0,1
12000,6,55331,0,85,1,381,1,0,0,0,0,0,0,0,1,0
12000,3,66001,0,125,1,140,0,1,0,0,0,0,1,0,1,0
12000,3,74273,0,75,1,154,0,0,0,0,0,0,1,0,0,0
12000,4,74820,0,75,1,511,0,0,0,0,0,0,1,0,0,1
12100,4,57288,0,75,1,511,0,0,0,0,0,0,1,0,0,1
12190,6,38547,0,75,1,99,0,0,0,0,0,0,0,0,1,0
12200,6,91000,0,75,1,123,0,0,1,0,0,0,1,0,0,0
12200,8,41045,0,100,1,120,0,0,0,0,1,0,0,0,1,0
12290,7,51791,0,85,1,286,1,0,0,0,0,0,0,1,0,0
12300,5,108613,0,125,1,214,0,1,0,0,1,0,0,0,0,0
12300,3,88300,0,75,1,386,0,0,0,0,0,0,1,0,1,0
12300,3,74800,0,75,1,386,0,0,0,0,0,0,1,0,1,0
12399,5,87647,0,125,1,731,0,1,0,0,1,0,0,0,0,1
12399,5,87647,0,125,1,25,0,1,0,0,1,0,0,0,0,0
12399,5,87647,0,125,1,490,0,1,0,0,1,0,0,0,0,1
12399,5,87647,0,125,1,86,0,1,0,0,1,0,0,0,0,0
12399,5,87647,0,125,1,861,0,1,0,0,1,0,0,0,0,1
12399,5,87647,0,125,1,283,0,1,0,0,1,0,0,1,0,0
12399,5,87647,0,125,1,99,0,1,0,0,1,0,0,0,1,0
12399,5,87647,0,125,1,628,0,1,0,0,1,0,0,0,0,1
12399,5,87647,0,125,1,485,0,1,0,0,1,0,0,0,0,1
12399,5,87647,0,125,1,750,0,1,0,0,1,0,0,0,0,1
12399,5,87647,0,125,1,127,0,1,0,0,1,0,0,0,0,0
12399,5,87647,0,125,1,326,0,1,0,0,1,0,0,0,1,0
12400,6,77471,0,85,1,698,1,0,0,0,0,0,0,0,0,1
12400,4,77945,0,75,1,698,0,0,0,0,0,0,1,0,0,1
12400,6,98500,0,85,1,302,1,0,0,0,1,0,0,1,0,0
12400,4,54485,0,125,1,478,0,1,0,0,1,0,0,0,0,1
12400,3,80562,0,75,1,326,0,0,1,0,0,0,1,0,1,0
12400,3,32768,0,75,1,326,0,0,0,0,0,0,1,0,1,0
12490,6,54698,0,75,1,286,0,0,0,0,0,0,0,1,0,0
12490,4,56211,0,75,1,484,0,0,0,0,0,0,1,0,0,1
12490,4,101700,0,75,1,128,0,0,1,0,0,0,1,0,0,0
12490,6,99000,0,85,1,581,1,0,0,0,0,0,1,0,0,1
12490,7,159000,0,85,1,808,0,0,0,0,1,0,0,0,0,1
12499,6,68342,0,85,1,486,1,0,0,0,0,0,1,0,0,1
12499,8,34852,0,85,1,839,0,0,0,0,0,0,1,0,0,1
12499,8,40985,0,85,1,487,1,0,0,0,1,0,0,0,0,1
12499,3,59900,0,125,1,87,0,1,0,0,0,0,1,0,1,0
12500,7,76000,0,140,1,265,0,0,0,0,0,0,1,1,0,0
12500,3,68900,0,75,1,246,0,0,0,0,0,0,1,1,0,0
12500,4,73523,0,75,1,106,0,0,0,0,0,0,1,1,0,0
12500,5,55000,0,125,1,177,0,1,0,0,1,0,0,1,0,0
12500,3,70000,0,75,1,242,0,0,0,0,0,0,1,0,0,0
12500,3,47700,0,75,1,611,0,0,0,0,0,0,1,0,0,1
12500,4,62000,0,75,1,99,0,0,0,0,0,0,1,0,0,0
12500,3,70000,0,75,1,333,0,0,0,0,0,0,1,0,1,0
12500,8,61000,0,85,1,132,0,0,0,0,0,0,1,0,0,0
12500,5,71506,0,95,1,487,0,0,0,0,1,0,0,0,0,1
12500,4,64800,0,125,1,133,0,1,0,0,0,0,1,0,0,0
12500,7,120000,0,85,1,852,0,0,0,0,1,0,0,0,0,1
12500,5,98000,0,75,1,376,0,0,0,0,0,0,0,0,0,1
12500,4,67310,0,125,1,698,0,1,0,0,0,0,1,0,0,1
12500,4,62000,0,125,1,606,0,1,0,0,0,0,1,0,0,1
12500,6,42100,0,125,1,276,0,1,0,0,0,0,1,1,0,0
12500,5,111500,0,85,1,453,1,0,0,0,0,0,0,0,0,1
12500,4,73322,0,125,1,326,0,1,0,0,1,0,0,0,1,0
12590,3,92500,0,125,1,214,0,1,0,0,1,0,0,1,0,0
12600,6,95000,0,85,1,169,1,0,0,0,1,0,0,1,0,0
12700,3,47759,0,75,1,698,0,0,0,0,0,0,1,0,0,1
12700,7,61000,1,100,1,177,0,0,0,0,0,0,1,1,0,0
12700,4,52165,0,125,1,326,0,1,0,0,1,0,0,0,1,0
12749,5,59964,0,75,1,99,0,0,0,0,0,0,1,0,1,0
12750,4,48203,1,125,1,121,0,1,0,0,0,0,1,0,0,0
12800,7,97000,0,85,1,778,0,0,0,0,1,0,0,0,0,1
12800,6,106000,0,85,1,735,1,0,0,0,0,0,1,0,0,1
12800,8,129000,0,85,1,483,1,0,0,0,0,0,1,0,0,1
12800,5,64855,0,125,1,275,0,1,0,0,1,0,0,1,0,0
12800,5,125000,0,100,1,763,0,1,0,0,0,0,1,0,0,1
12800,6,73400,0,75,1,500,0,0,1,0,0,0,1,0,0,1
12800,3,71557,0,75,1,775,0,0,0,0,0,0,1,0,0,1
12800,5,130000,0,85,1,775,1,0,0,0,0,0,1,0,0,1
12800,6,122000,0,75,1,775,0,0,1,0,0,0,0,0,0,1
12800,3,43600,0,75,1,326,0,0,0,0,0,0,1,0,1,0
12890,3,40700,0,75,1,83,0,0,0,0,0,0,1,0,0,0
12899,4,32458,0,75,1,42,0,0,0,0,0,0,1,0,0,0
12900,7,75000,0,75,1,57,0,0,0,0,0,0,1,0,0,0
12900,5,39747,0,75,1,538,0,0,0,0,0,0,1,0,0,1
12900,6,43134,0,85,1,22,1,0,0,0,0,0,0,0,0,0
12900,5,41169,0,125,1,177,0,1,0,0,0,0,0,1,0,0
12900,8,59000,1,100,1,473,0,0,0,0,0,0,1,0,0,1
12900,4,100000,0,125,1,763,0,1,0,0,0,0,1,0,0,1
12900,6,42360,0,125,1,177,0,1,0,0,0,0,0,1,0,0
12900,8,94000,0,85,1,719,1,0,0,0,1,0,0,0,0,1
12900,3,78478,0,75,1,15,0,0,0,0,0,0,1,0,0,0
12900,3,42000,0,75,1,168,0,0,0,0,0,0,1,0,1,0
12900,6,51000,0,85,1,236,1,0,0,0,0,0,0,0,1,0
12900,6,51000,0,95,1,57,0,0,0,0,0,0,1,0,0,0
12900,6,22000,0,95,1,271,0,0,0,0,0,0,0,1,0,0
12900,7,99000,0,85,1,483,1,0,0,0,0,0,1,0,0,1
12900,6,92000,0,85,1,824,1,0,0,0,0,0,0,0,0,1
12900,7,105000,0,85,1,628,1,0,0,0,0,0,1,0,0,1
12900,4,85393,0,125,1,853,0,0,0,0,0,0,1,0,0,1
12900,4,89000,0,125,1,35,0,1,0,0,0,0,1,0,0,0
12900,3,88000,0,125,1,872,0,1,0,0,0,0,1,0,0,1
12900,3,52158,0,75,1,177,0,0,0,0,0,0,1,1,0,0
12900,3,52158,0,75,1,326,0,0,0,0,0,0,1,0,1,0
12900,3,52158,0,75,1,86,0,0,0,0,0,0,1,0,0,0
12900,4,71769,0,125,1,326,0,1,0,0,1,0,0,0,1,0
12900,3,31549,0,125,1,326,0,1,0,0,0,0,1,0,1,0
12900,6,45000,0,85,1,137,1,0,0,0,1,0,0,1,0,0
12900,4,47708,0,125,1,326,0,1,0,0,0,0,1,0,1,0
12900,4,62000,0,125,1,326,0,1,0,0,1,0,0,0,1,0
12950,6,33700,0,95,1,588,0,0,0,0,1,0,0,0,0,1
12980,3,78380,0,75,1,156,0,0,0,0,0,0,1,0,0,0
12990,7,89175,0,85,1,286,1,0,0,0,0,0,0,1,0,0
12990,6,93208,0,85,1,286,1,0,0,0,0,0,0,1,0,0
12990,6,56067,0,75,1,286,0,0,1,0,0,0,0,1,0,0
12990,3,40000,0,75,1,65,0,0,0,0,0,0,1,0,0,0
12990,5,54000,0,75,1,346,0,0,1,0,0,0,0,0,1,0
12999,2,16500,0,75,1,326,0,0,0,0,0,0,1,0,1,0
13000,3,84000,0,125,1,36,0,1,0,0,1,0,0,0,0,0
13000,4,52145,0,125,1,105,0,1,0,0,1,0,0,0,1,0
13100,3,90047,0,75,1,611,0,0,0,0,0,0,1,0,0,1
13180,4,82522,0,125,1,99,0,1,0,0,0,0,1,0,1,0
13200,3,70534,0,125,1,16,0,1,0,0,0,0,1,0,0,0
13299,6,93608,0,85,1,326,1,0,0,0,1,0,0,0,1,0
13300,5,47950,0,75,1,99,0,0,1,0,0,0,1,0,0,0
13300,4,74000,0,125,1,177,0,1,0,0,0,0,1,1,0,0
13400,4,22400,0,75,1,326,0,0,1,0,0,0,1,0,1,0
13400,3,88440,1,125,1,788,0,1,0,0,1,0,0,0,0,1
13400,3,37628,0,75,1,177,0,0,0,0,0,0,1,1,0,0
13400,4,68179,0,125,1,326,0,1,0,0,1,0,0,0,1,0
13450,3,45767,0,75,1,830,0,0,0,0,0,0,1,0,0,1
13490,6,99000,0,85,1,581,1,0,0,0,0,0,1,0,0,1
13490,5,69642,0,125,1,315,0,1,0,0,1,0,0,0,0,1
13490,5,69157,0,75,1,286,0,0,1,0,0,0,0,1,0,0
13490,6,80236,0,85,1,286,1,0,0,0,0,0,0,1,0,0
13490,5,96840,0,85,1,286,1,0,0,0,0,0,0,1,0,0
13490,6,81755,0,85,1,286,1,0,0,0,0,0,0,1,0,0
13490,5,63377,0,75,1,286,0,0,1,0,0,0,0,1,0,0
13490,4,90000,0,125,1,170,0,1,0,0,1,0,0,1,0,0
13490,6,79000,0,85,1,32,1,0,0,0,1,0,0,0,0,0
13499,4,52800,0,100,1,695,0,0,0,0,0,0,1,0,0,1
13500,3,76313,0,75,1,172,0,0,1,0,0,0,1,0,1,0
13500,6,109700,0,85,1,831,1,0,0,0,0,0,0,0,0,1
13500,7,81900,0,100,1,300,0,0,0,0,0,0,1,1,0,0
13500,4,90395,0,125,1,300,0,1,0,0,0,0,1,1,0,0
13500,5,64361,0,125,1,99,0,1,0,0,1,0,0,0,1,0
13500,3,88000,0,125,1,667,0,1,0,0,1,0,0,0,0,1
13500,8,23000,0,86,1,368,1,0,0,0,0,0,1,0,0,1
13500,8,23000,0,86,1,368,1,0,0,0,0,0,1,0,0,1
13500,3,86000,0,125,1,750,0,1,0,0,0,0,1,0,0,1
13500,3,63577,0,75,1,326,0,0,1,0,0,0,1,0,1,0
13599,5,49722,0,125,1,731,0,1,0,0,1,0,0,0,0,1
13599,5,49722,0,125,1,99,0,1,0,0,1,0,0,0,1,0
13599,5,49722,0,125,1,628,0,1,0,0,1,0,0,0,0,1
13599,5,49722,0,125,1,25,0,1,0,0,1,0,0,0,0,0
13599,5,49722,0,125,1,127,0,1,0,0,1,0,0,0,0,0
13599,5,49722,0,125,1,485,0,1,0,0,1,0,0,0,0,1
13599,5,49722,0,125,1,750,0,1,0,0,1,0,0,0,0,1
13599,5,49722,0,125,1,326,0,1,0,0,1,0,0,0,1,0
13599,5,49722,0,125,1,861,0,1,0,0,1,0,0,0,0,1
13599,5,49722,0,125,1,86,0,1,0,0,1,0,0,0,0,0
13599,5,49722,0,125,1,490,0,1,0,0,1,0,0,0,0,1
13599,5,49722,0,125,1,283,0,1,0,0,1,0,0,1,0,0
13600,4,64000,1,125,1,177,0,1,0,0,0,0,1,1,0,0
13600,3,42300,0,75,1,101,0,0,0,0,0,0,1,1,0,0
13690,4,43000,0,125,1,171,0,1,0,0,0,0,1,1,0,0
13700,5,73352,0,95,1,326,0,0,0,0,1,0,0,0,1,0
13700,5,73352,0,95,1,177,0,0,0,0,1,0,0,1,0,0
13700,5,73352,0,95,1,86,0,0,0,0,1,0,0,0,0,0
13700,3,65000,0,125,1,533,0,1,0,0,0,0,1,0,0,1
13700,4,38616,0,125,1,326,0,1,0,0,1,0,0,0,1,0
13800,3,76000,0,125,1,750,0,1,0,0,1,0,0,0,0,1
13800,4,90000,0,125,1,527,0,1,0,0,1,0,0,0,0,1
13890,3,35786,0,75,1,99,0,0,0,0,0,0,1,0,0,0
13900,6,38500,1,100,1,87,0,0,0,0,0,0,1,1,0,0
13900,3,45600,0,75,1,785,0,0,0,0,0,0,1,0,0,1
13900,6,39245,0,125,1,177,0,1,0,0,0,0,1,1,0,0
13900,3,50000,0,125,1,132,0,1,0,0,0,0,1,0,0,0
13900,4,35346,0,125,1,152,0,1,0,0,0,0,1,1,0,0
13900,3,40964,0,75,1,177,0,0,0,0,0,0,1,1,0,0
13900,4,40000,0,75,1,79,0,0,0,0,0,0,0,0,0,0
13900,6,57000,0,125,1,132,0,1,0,0,0,0,1,0,0,0
13900,3,20990,0,75,1,149,0,0,0,0,0,0,1,0,0,0
13900,4,42000,0,75,1,57,0,0,0,0,0,0,1,0,0,0
13900,4,82000,0,125,1,57,0,1,0,0,0,0,1,0,0,0
13900,3,89300,0,125,1,112,0,1,0,0,0,0,1,1,0,0
13900,3,63100,0,125,1,25,0,1,0,0,1,0,0,0,0,0
13900,4,38000,0,75,1,855,0,0,0,0,0,0,1,0,0,1
13900,3,53200,0,75,1,42,0,0,1,0,0,0,1,0,0,0
13900,6,65000,0,75,1,423,0,0,0,0,0,0,1,0,0,1
13900,6,63949,0,85,1,250,1,0,0,0,0,0,0,0,1,0
13900,7,106000,0,85,1,825,1,0,0,0,1,0,0,0,0,1
13900,4,52985,0,75,1,463,0,0,1,0,0,0,1,0,0,1
13900,3,33684,0,75,1,326,0,0,1,0,0,0,1,0,1,0
13900,3,47622,0,125,1,326,0,1,0,0,1,0,0,0,1,0
13900,3,34140,0,125,1,326,0,1,0,0,1,0,0,0,1,0
13925,4,39777,0,125,1,326,0,1,0,0,0,0,1,0,1,0
13925,4,39777,0,125,1,177,0,1,0,0,0,0,1,1,0,0
13925,4,39777,0,125,1,165,0,1,0,0,0,0,1,1,0,0
13925,4,39777,0,125,1,11,0,1,0,0,0,0,1,0,0,0
13925,4,39777,0,125,1,190,0,1,0,0,0,0,1,1,0,0
13925,4,39777,0,125,1,115,0,1,0,0,0,0,1,0,0,0
13925,4,39777,0,125,1,187,0,1,0,0,0,0,1,1,0,0
13950,5,78000,0,75,1,270,0,0,1,0,0,0,1,1,0,0
13950,3,46513,0,125,1,62,0,1,0,0,0,0,1,0,0,0
13950,4,23900,0,125,1,189,0,1,0,0,0,0,1,1,0,0
13990,7,67589,0,85,1,286,1,0,0,0,0,0,1,1,0,0
13990,6,13677,0,75,1,286,0,0,0,0,0,0,0,1,0,0
13990,3,71032,0,75,1,162,0,0,1,0,0,0,1,1,0,0
13990,3,70000,0,125,1,170,0,1,0,0,0,0,1,1,0,0
13990,4,25256,0,75,1,83,0,0,0,0,0,0,1,0,1,0
13990,3,26000,0,75,1,113,0,0,0,0,0,0,1,0,1,0
14000,3,69850,0,75,1,116,0,0,1,0,0,0,1,0,0,0
14000,7,69000,0,85,1,487,1,0,0,0,0,0,0,0,0,1
14200,4,42000,0,125,1,109,0,1,0,0,0,0,1,0,0,0
14200,3,23105,0,125,1,326,0,1,0,0,1,0,0,0,1,0
14290,5,68000,0,125,1,622,0,1,0,0,0,0,1,0,0,1
14300,4,24700,0,125,1,102,0,1,0,0,0,0,1,0,0,0
14400,3,33234,0,125,1,436,0,1,0,0,0,0,1,0,0,1
14400,3,43415,0,125,1,177,0,1,0,0,0,0,1,1,0,0
14490,6,56301,0,85,1,286,1,0,0,0,0,0,0,1,0,0
14490,4,25400,0,75,1,128,0,0,0,0,0,0,1,0,0,0
14500,8,90000,0,140,1,106,0,0,0,0,1,0,0,1,0,0
14500,4,64794,0,125,1,611,0,1,0,0,0,0,1,0,0,1
14500,6,85000,0,85,1,504,1,0,0,0,0,0,1,0,0,1
14500,3,40025,0,125,1,177,0,1,0,0,0,0,1,1,0,0
14500,3,59444,0,75,1,120,0,0,1,0,0,0,1,0,1,0
14500,6,60000,0,86,1,485,1,0,0,0,0,0,1,0,0,1
14500,3,35500,0,75,1,141,0,0,0,0,0,0,1,0,0,0
14800,3,80000,0,100,1,151,0,0,0,0,1,0,0,0,1,0
14800,8,73000,0,85,1,775,1,0,0,0,0,0,1,0,0,1
14850,3,95055,0,75,1,319,0,0,1,0,0,0,1,0,1,0
14900,3,38040,0,125,1,436,0,1,0,0,0,0,1,0,0,1
14900,2,4000,0,125,1,68,0,1,0,0,0,0,1,1,0,0
14900,4,35546,0,125,1,177,0,1,0,0,0,0,1,1,0,0
14900,4,3000,0,125,1,132,0,1,0,0,0,0,1,0,0,0
14900,7,157242,0,200,1,271,0,0,0,0,0,1,0,1,0,0
14900,4,58589,0,125,1,175,0,1,0,0,0,0,1,1,0,0
14900,3,17895,0,75,1,121,0,0,0,0,0,0,1,1,0,0
14900,3,41116,0,125,1,848,0,1,0,0,0,0,1,0,0,1
14900,3,37000,0,125,1,487,0,1,0,0,0,0,1,0,0,1
14900,4,40000,1,125,1,180,0,1,0,0,0,0,1,1,0,0
14900,2,53000,1,125,1,319,0,1,0,0,1,0,0,0,1,0
14900,6,65000,0,125,1,423,0,0,0,0,0,0,1,0,0,1
14900,5,32000,0,75,1,57,0,0,0,0,0,0,1,0,0,0
14900,4,14000,0,125,1,533,0,1,0,0,1,0,0,0,0,1
14900,4,40000,0,75,1,57,0,0,1,0,0,0,1,0,0,0
14950,3,80831,1,125,1,147,0,1,0,0,1,0,0,1,0,0
14990,4,38294,0,75,1,162,0,0,1,0,0,0,1,1,0,0
14990,5,83261,0,125,1,286,0,1,0,0,0,0,1,1,0,0
14990,6,30430,0,85,1,286,1,0,0,0,0,0,0,1,0,0
14990,3,18200,0,75,1,177,0,0,0,0,0,0,1,1,0,0
15130,4,25230,0,125,1,99,0,1,0,0,0,0,1,0,1,0
15190,7,23423,0,85,1,750,0,0,0,0,0,0,0,0,0,1
15230,3,38650,0,75,1,99,0,0,0,0,0,0,1,0,1,0
15300,3,14490,0,125,1,177,0,1,0,0,0,0,1,1,0,0
15300,7,100000,0,200,1,195,0,0,0,0,0,1,0,0,0,0
15400,8,126000,0,200,1,128,0,0,0,0,0,1,0,0,0,0
15450,3,48983,0,75,1,147,0,0,0,0,0,0,1,1,0,0
15450,3,48000,0,75,1,162,0,0,0,0,0,0,1,1,0,0
15490,6,28380,0,85,1,286,1,0,0,0,0,0,0,1,0,0
15490,6,51860,0,125,1,286,0,1,0,0,0,0,1,1,0,0
15490,5,62799,0,125,1,286,0,1,0,0,0,0,0,1,0,0
15500,4,44000,0,125,1,103,0,1,0,0,0,0,1,0,0,0
15500,4,74432,0,75,1,319,0,0,0,0,0,0,0,0,1,0
15500,3,89850,0,125,1,133,0,1,0,0,0,0,1,0,1,0
15500,2,33500,0,125,1,108,0,1,0,0,0,0,1,0,1,0
15790,4,47142,0,75,1,286,0,0,1,0,0,0,1,1,0,0
15900,6,23000,0,95,1,783,0,0,0,0,1,0,0,0,0,1
15900,4,18000,1,125,1,667,0,1,0,0,0,0,1,0,0,1
15900,3,29000,0,75,1,132,0,0,0,0,0,0,1,0,0,0
15900,3,48000,0,125,1,99,0,1,0,0,0,0,1,0,1,0
15900,3,56312,0,125,1,133,0,1,0,0,1,0,0,0,1,0
15900,3,56000,0,75,1,132,0,0,1,0,0,0,1,0,0,0
15900,7,112500,0,200,1,192,0,0,0,0,0,1,0,1,0,0
15900,2,25000,0,125,1,127,0,1,0,0,1,0,0,0,0,0
15900,3,30000,0,75,1,132,0,0,0,0,0,0,1,0,0,0
15900,3,12500,0,75,1,911,0,0,0,0,0,0,1,0,0,1
15900,3,46000,0,125,1,857,0,1,0,0,0,0,1,0,0,1
15990,5,46878,0,125,1,286,0,1,0,0,0,0,1,1,0,0
15990,4,38915,0,75,1,286,0,0,1,0,0,0,1,1,0,0
15990,2,18000,0,125,1,499,0,1,0,0,0,0,1,0,0,1
15990,2,62000,0,125,1,180,0,1,0,0,1,0,0,1,0,0
16000,3,40000,0,125,1,132,0,1,0,0,0,0,1,0,0,0
16000,7,97800,0,200,1,170,0,0,0,0,0,1,0,1,0,0
16099,3,18297,0,125,1,177,0,1,0,0,1,0,0,1,0,0
16099,3,18297,0,125,1,283,0,1,0,0,1,0,0,1,0,0
16099,3,18297,0,125,1,99,0,1,0,0,1,0,0,0,1,0
16099,3,18297,0,125,1,326,0,1,0,0,1,0,0,0,1,0
16099,3,18297,0,125,1,127,0,1,0,0,1,0,0,0,0,0
16290,4,54708,0,125,1,286,0,1,0,0,0,0,1,1,0,0
16300,2,27391,0,125,1,177,0,1,0,0,0,0,1,1,0,0
16300,3,25900,0,125,1,102,0,1,0,0,0,0,1,0,0,0
16400,4,75586,1,125,1,79,0,1,0,0,1,0,0,0,0,0
16400,4,62515,0,125,1,286,0,1,0,0,0,0,1,1,0,0
16450,3,29267,0,125,1,147,0,1,0,0,1,0,0,1,0,0
16490,5,42670,0,125,1,286,0,1,0,0,0,0,1,1,0,0
16490,4,40321,0,125,1,286,0,1,0,0,0,0,1,1,0,0
16490,4,77571,0,125,1,286,0,1,0,0,0,0,1,1,0,0
16490,5,33734,0,125,1,286,0,1,0,0,0,0,1,1,0,0
16490,5,35034,0,125,1,286,0,1,0,0,0,0,1,1,0,0
16490,4,40286,0,125,1,286,0,1,0,0,0,0,1,1,0,0
16490,5,57249,0,125,1,286,0,1,0,0,1,0,0,1,0,0
16490,3,70817,0,125,1,286,0,1,0,0,0,0,1,1,0,0
16499,3,36000,0,125,1,387,0,1,0,0,1,0,0,0,1,0
16500,4,42556,0,125,1,103,0,1,0,0,1,0,0,0,0,0
16500,3,26000,0,125,1,132,0,1,0,0,0,0,1,0,0,0
16500,3,24000,0,75,1,132,0,0,0,0,0,0,1,0,0,0
16500,2,39000,0,75,1,132,0,0,1,0,0,0,1,0,0,0
16690,4,30731,0,125,1,286,0,1,0,0,0,0,1,1,0,0
16690,4,31056,0,125,1,286,0,1,0,0,0,0,1,1,0,0
16700,2,24000,0,75,1,133,0,0,0,0,0,0,0,0,1,0
16750,6,86250,0,200,1,166,0,0,0,0,0,1,0,1,0,0
16790,4,51000,0,125,1,286,0,1,0,0,0,0,1,1,0,0
16800,3,43600,0,75,1,133,0,0,1,0,0,0,1,0,1,0
16900,4,49156,1,125,1,25,0,1,0,0,1,0,0,0,0,0
16900,2,55080,0,125,1,724,1,0,0,0,0,0,1,0,0,1
16900,3,10000,0,75,1,132,0,0,0,0,0,0,1,0,0,0
16900,2,40000,0,75,1,132,0,0,1,0,0,0,1,0,0,0
16900,4,18000,0,125,1,132,0,1,0,0,0,0,1,0,0,0
16900,4,54400,0,125,1,272,0,1,0,0,1,0,0,1,0,0
16950,2,28628,0,125,1,147,0,1,0,0,0,0,1,1,0,0
16990,3,14231,0,125,1,188,0,1,0,0,1,0,0,1,0,0
16990,3,64695,0,125,1,286,0,1,0,0,0,0,1,1,0,0
16990,3,26832,0,75,1,286,0,0,1,0,0,0,1,1,0,0
17290,3,44914,0,125,1,286,0,1,0,0,0,0,1,1,0,0
17490,3,30446,0,125,1,286,0,1,0,0,0,0,1,1,0,0
17490,4,45024,0,125,1,286,0,1,0,0,1,0,0,1,0,0
17500,4,32135,0,125,1,120,0,1,0,0,0,0,1,0,1,0
17900,3,15000,0,125,1,132,0,1,0,0,0,0,1,0,0,0
17990,3,13719,0,125,1,286,0,1,0,0,0,0,1,1,0,0
17990,2,6,0,75,1,128,0,0,0,0,0,0,1,0,0,0
18000,3,18000,0,125,1,132,0,1,0,0,0,0,1,0,0,0
18000,3,33000,0,125,1,132,0,1,0,0,0,0,1,0,0,0
18000,3,31000,0,125,1,132,0,1,0,0,1,0,0,0,0,0
18390,2,37082,0,125,1,184,1,0,0,0,1,0,0,0,0,0
18400,2,13889,0,125,1,724,1,0,0,0,0,0,1,0,0,1
18490,4,17468,1,125,1,286,0,1,0,0,0,0,1,1,0,0
18490,7,69000,0,200,1,177,0,0,0,0,0,1,0,1,0,0
18500,3,33000,0,125,1,132,0,1,0,0,1,0,0,0,0,0
18500,2,25696,0,125,1,500,0,1,0,0,1,0,0,0,0,1
18900,3,23000,0,125,1,132,0,1,0,0,1,0,0,0,0,0
18900,7,48900,0,200,1,163,0,0,0,0,0,1,0,0,0,0
19900,3,6,0,125,1,628,0,1,0,0,0,0,1,0,0,1
19900,3,6,0,125,1,628,0,1,0,0,0,0,1,0,0,1
19900,3,75023,0,125,1,259,0,1,0,0,1,0,0,1,0,0
19990,3,6,0,75,1,122,0,0,0,0,0,0,1,0,0,0
20900,4,20000,0,200,1,168,0,0,0,0,0,1,0,1,0,0
21200,3,6,0,125,1,628,0,1,0,0,0,0,1,0,0,1
21900,7,50959,0,200,1,156,0,0,0,0,0,1,0,0,0,0
22990,4,71359,0,200,1,286,0,0,0,0,0,1,0,1,0,0
23000,6,51000,0,200,1,276,0,0,0,0,0,1,0,1,0,0
25300,3,38000,0,200,1,150,0,0,0,0,0,1,0,0,0,0
25500,3,42630,0,200,1,232,0,0,0,0,0,1,0,0,0,0
25900,2,26555,0,200,1,611,0,0,0,0,0,1,0,0,0,1
25900,3,47000,0,200,1,319,0,0,0,0,0,1,0,0,1,0
13900,3,34140,0,125,1,326,1,0,0,0,1,0,0,0,1,0
14400,3,43415,0,125,1,137,0,1,0,0,0,0,1,1,0,0
7990,8,155000,0,85,1,154,1,0,0,0,1,0,0,0,0,0
13500,8,23000,0,86,1,368,1,0,0,0,0,0,1,0,0,1
8700,8,130000,0,100,0,177,0,0,0,0,1,0,0,1,0,0
11900,7,116102,0,85,1,384,1,0,0,0,0,0,1,0,1,0
10990,4,80000,0,75,1,495,0,0,0,0,0,0,1,0,0,1
6000,8,159000,0,85,0,120,0,0,0,0,1,0,0,0,0,0
16900,3,7500,0,125,1,196,0,1,0,0,0,0,1,1,0,0
4999,6,99000,0,75,1,472,0,0,0,0,0,0,0,0,0,1
6899,6,229000,0,85,1,490,1,0,0,0,0,0,0,0,0,1
9700,8,103454,0,85,1,783,1,0,0,0,0,0,1,0,0,1
14990,3,18200,0,75,1,81,0,0,0,0,0,0,1,0,0,0
14590,3,60000,0,125,1,750,0,1,0,0,0,0,1,0,0,1
11990,5,43000,0,125,1,342,1,0,0,0,0,0,1,0,1,0
12490,4,20729,0,75,1,196,0,0,0,0,0,0,1,1,0,0
9990,8,105853,0,85,1,581,0,0,0,0,0,0,1,0,0,1
11500,4,56120,0,125,1,276,0,0,0,0,0,0,1,1,0,0
13700,4,38616,0,125,1,326,1,0,0,0,1,0,0,0,1,0
4200,8,83000,0,85,1,512,1,0,0,0,1,0,0,0,0,1
9300,7,151000,0,100,1,695,0,0,0,0,1,0,0,0,0,1
9700,7,106000,0,85,1,695,1,0,0,0,0,0,1,0,0,1
8500,7,125000,0,85,1,88,0,0,0,0,0,0,0,0,0,0
13500,8,23000,0,86,1,368,1,0,0,0,0,0,1,0,0,1
10950,5,45000,0,75,1,259,0,0,0,0,0,0,1,1,0,0
9900,8,149000,0,85,1,607,1,0,0,0,0,0,1,0,0,1
10650,5,121000,0,75,1,25,0,0,0,0,0,0,1,0,0,0
9990,8,134000,0,85,1,477,1,0,0,0,0,0,1,0,0,1
8900,8,80400,0,85,0,182,0,0,0,0,0,0,1,1,0,0
8800,8,190000,0,120,1,619,1,0,0,0,1,0,0,0,0,1
11900,7,113074,0,85,1,905,1,0,0,0,0,0,1,0,0,1
9500,8,158000,0,120,1,126,1,0,0,0,1,0,0,0,0,0
11500,3,89900,0,125,1,121,0,1,0,0,0,0,1,0,0,0
8800,8,171000,0,85,1,693,1,0,0,0,0,0,1,0,0,1
7900,8,92000,0,100,1,196,0,0,0,0,0,0,1,1,0,0
9400,8,176000,0,120,0,281,1,0,0,0,1,0,0,1,0,0
11000,8,77500,0,100,0,254,0,0,0,0,1,0,0,1,0,0
15000,8,118000,0,200,0,165,0,0,0,0,0,1,0,1,0,0
13950,5,78000,0,75,1,270,0,0,0,0,0,0,1,1,0,0
9400,6,175000,0,85,1,542,1,0,0,0,0,0,1,0,0,1
8500,8,110000,0,85,1,162,1,0,0,0,0,0,1,1,0,0
11900,4,56510,0,75,1,326,0,0,0,0,0,0,1,0,1,0
12800,6,90000,0,100,0,276,0,0,0,0,1,0,0,1,0,0
10950,7,61000,0,75,1,117,0,0,0,0,0,0,1,0,0,0
9990,8,117000,0,85,1,247,1,0,0,0,0,0,1,0,1,0
12500,4,73322,0,125,1,326,1,0,0,0,1,0,0,0,1,0
11990,6,134000,0,86,1,792,1,0,0,0,0,0,0,0,0,1
9999,7,50000,0,85,1,276,0,0,0,0,0,0,0,1,0,0
9900,8,98000,0,85,1,761,1,0,0,0,0,0,0,0,0,1
11200,7,65000,0,75,1,129,0,0,0,0,0,0,1,0,0,0
10800,8,132212,0,85,1,495,1,0,0,0,0,0,1,0,0,1
15400,3,29000,0,125,0,27,0,1,0,0,1,0,0,0,0,0
12499,8,34852,0,85,1,839,0,0,0,0,0,0,1,0,0,1
10500,7,86450,0,85,0,303,1,0,0,0,0,0,0,1,0,0
10900,4,71590,0,75,1,326,0,0,0,0,0,0,1,0,1,0
7300,7,200000,0,85,1,67,1,0,0,0,0,0,1,0,0,0
12400,3,80562,0,75,1,326,0,0,0,0,0,0,1,0,1,0
15900,2,25000,0,125,1,127,0,0,0,0,1,0,0,0,0,0
9500,8,165337,0,85,1,659,1,0,0,0,0,0,0,0,0,1
16900,3,85600,0,125,1,628,1,0,0,0,0,0,1,0,0,1
12900,4,47708,0,125,1,326,1,0,0,0,0,0,1,0,1,0
11900,3,62013,0,75,1,651,0,0,0,0,0,0,0,0,0,1
5990,6,223000,0,85,1,792,1,0,0,0,0,0,0,0,0,1
13450,3,45767,0,75,1,783,0,0,0,0,0,0,1,0,0,1
8990,4,73000,0,75,1,542,0,0,0,0,0,1,0,0,0,1
8900,8,151000,0,85,1,667,1,0,0,0,0,0,0,0,0,1
9990,8,105853,0,85,1,560,0,0,0,0,0,0,1,0,0,1
9800,4,90193,0,75,1,683,0,0,0,0,0,0,1,0,0,1
11800,7,89000,0,85,1,145,0,0,0,0,1,0,0,0,0,0
11500,4,67985,0,75,1,326,0,0,0,0,0,0,1,0,1,0
11500,8,109000,0,85,1,68,1,0,0,0,0,0,1,1,0,0
12500,5,111500,0,85,1,453,1,0,0,0,0,0,0,0,0,1
11700,4,48376,0,125,1,326,1,0,0,0,0,0,1,0,1,0
9000,8,90000,0,120,1,156,1,0,0,0,1,0,0,0,0,0
13900,7,106000,0,85,1,825,1,0,0,0,1,0,0,0,0,1
13500,4,42090,0,125,1,87,0,1,0,0,0,0,1,0,1,0
8900,5,106000,0,75,1,667,0,0,0,0,0,0,0,0,0,1
14900,3,71800,0,75,1,628,0,0,0,0,0,0,1,0,0,1
15700,3,24098,0,75,1,103,0,0,0,0,0,0,1,0,0,0
14900,4,14000,0,125,1,533,0,1,0,0,1,0,0,0,0,1
8490,8,92500,0,85,1,854,0,0,0,0,1,0,0,0,0,1
13700,5,73352,0,95,1,177,0,0,0,0,0,1,0,1,0,0
15990,3,38567,0,125,1,196,1,0,0,0,1,0,0,1,0,0
8899,6,135000,0,75,1,229,0,0,0,0,0,0,1,1,0,0
13100,3,90047,0,75,1,611,0,0,0,0,0,0,1,0,0,1
13500,6,109700,0,85,1,831,1,0,0,0,0,0,0,0,0,1
11690,5,19000,0,95,1,339,0,0,0,0,0,0,0,0,1,0
12800,3,43600,0,75,1,326,0,0,0,0,0,0,1,0,1,0
13900,3,20990,0,75,1,149,0,0,0,0,0,0,1,0,0,0
9900,8,87043,0,120,1,326,1,0,0,0,1,0,0,0,1,0
16700,3,48478,0,125,1,68,1,0,0,0,0,0,1,0,0,0
12500,3,68900,0,75,1,246,0,0,0,0,0,0,1,1,0,0
11400,4,62765,0,125,1,326,1,0,0,0,0,0,1,0,1,0
10500,6,91783,0,95,1,326,0,0,0,0,1,0,0,0,1,0
9999,7,149000,0,85,1,550,1,0,0,0,0,0,0,0,0,1
13000,3,55300,0,75,1,108,0,0,0,0,0,0,1,0,1,0
10500,8,106490,0,100,1,315,0,0,0,0,0,0,1,0,0,1
12490,7,159000,0,85,1,808,0,0,0,0,1,0,0,0,0,1
8400,7,199990,0,85,1,518,1,0,0,0,0,0,1,0,0,1
9900,4,98190,0,75,1,448,0,0,0,0,0,0,1,0,0,1
12750,4,48203,1,125,1,121,1,0,0,0,0,0,1,0,0,0
8950,5,140000,0,85,1,99,1,0,0,0,0,0,1,0,0,0
12900,6,51000,0,95,1,57,0,0,0,0,0,0,1,0,0,0
12900,6,22000,0,95,1,271,0,0,0,0,0,0,0,1,0,0
9800,8,120080,0,85,1,84,1,0,0,0,1,0,0,0,1,0
11700,5,45000,0,100,1,415,0,0,0,0,0,0,1,0,1,0
15900,4,64518,0,125,1,300,1,0,0,0,1,0,0,1,0,0
12900,4,67571,0,125,1,276,0,0,0,1,0,0,1,1,0,0
12500,5,71506,0,95,1,495,0,0,0,0,1,0,0,0,0,1
12900,7,99000,0,85,1,483,1,0,0,0,0,0,1,0,0,1
10500,8,66000,0,86,0,298,0,0,0,0,0,0,1,1,0,0
10990,5,102000,0,75,1,477,0,0,0,0,0,0,1,0,0,1
9490,4,79800,0,75,1,341,0,0,0,0,0,0,1,0,1,0
3200,3,70000,0,75,1,514,0,0,0,0,0,0,1,0,0,1
8500,8,115000,0,85,1,191,0,0,0,0,0,0,1,1,0,0
7000,7,195000,0,86,0,146,1,0,0,0,0,0,1,1,0,0
8800,8,132117,0,85,1,213,0,0,0,0,1,0,0,0,1,0
12100,4,57288,0,75,1,511,0,0,0,0,0,0,1,0,0,1
8999,7,156504,0,85,1,68,1,0,0,0,0,0,1,0,0,0
10500,7,100000,0,85,1,542,1,0,0,0,0,0,1,0,0,1
14799,3,60400,0,125,1,196,0,1,0,0,1,0,0,1,0,0
10999,7,110000,0,85,1,815,1,0,0,0,1,0,0,0,0,1
11900,8,128000,0,85,1,568,1,0,0,0,0,0,1,0,0,1
12000,4,74820,0,75,1,511,0,0,0,0,0,0,1,0,0,1
12490,4,56211,0,75,1,484,0,0,0,0,0,0,1,0,0,1
9999,7,117000,0,100,1,190,0,0,0,0,0,0,0,1,0,0
7900,8,64000,0,100,1,512,0,0,0,0,0,0,1,0,0,1
11500,8,140000,0,85,1,761,1,0,0,0,1,0,0,0,0,1
13990,3,37000,0,125,1,196,1,0,0,0,0,0,1,1,0,0
14900,3,66700,0,125,1,628,1,0,0,0,0,0,1,0,0,1
8450,8,160000,0,85,1,560,1,0,0,0,0,0,0,0,0,1
14900,4,40000,0,75,1,57,0,0,0,0,0,0,1,0,0,0
9500,8,70000,0,85,1,505,0,0,0,0,0,0,0,0,0,1
7800,7,118000,0,85,1,415,1,0,0,0,0,0,1,0,1,0
9300,8,134860,0,85,1,695,1,0,0,0,0,0,1,0,0,1
12900,6,92000,0,85,1,824,1,0,0,0,0,0,0,0,0,1
10900,7,99000,0,85,1,568,1,0,0,0,0,0,0,0,0,1
14800,3,24950,0,125,1,117,1,0,0,0,1,0,0,1,0,0
12800,5,64855,0,125,1,275,0,1,0,0,1,0,0,1,0,0
10900,8,135000,0,85,1,638,1,0,0,0,0,0,0,0,0,1
9800,7,164000,0,85,1,695,1,0,0,0,0,0,1,0,0,1
17900,3,21500,0,125,1,628,1,0,0,0,0,0,1,0,0,1
14990,3,37083,0,75,1,196,0,0,0,0,0,0,1,1,0,0
12700,4,52165,0,125,1,326,1,0,0,0,1,0,0,0,1,0
11500,8,118563,0,85,1,935,1,0,0,0,0,0,1,0,0,1
7000,6,136000,0,85,1,97,1,0,0,0,0,0,0,0,0,0
11800,6,114000,0,85,1,905,1,0,0,0,0,0,0,0,0,1
16900,3,31500,0,125,1,628,1,0,0,0,0,0,1,0,0,1
11500,8,99000,0,86,1,495,0,0,0,0,0,0,1,0,0,1
11900,4,39724,0,125,1,326,1,0,0,0,0,0,1,0,1,0
7490,7,119000,0,85,1,484,0,0,0,0,0,0,0,0,0,1
9200,7,130000,0,85,1,533,1,0,0,0,0,0,0,0,0,1
15900,4,18000,1,125,1,667,0,1,0,0,0,0,1,0,0,1
15900,3,34200,0,125,1,300,1,0,0,0,1,0,0,1,0,0
7000,5,148000,0,85,1,97,1,0,0,0,0,0,0,0,0,0
13900,6,65000,0,75,1,423,0,0,0,0,0,0,1,0,0,1
13400,4,68179,0,125,1,326,1,0,0,0,1,0,0,0,1,0
9900,8,150000,0,85,1,667,1,0,0,0,0,0,1,0,0,1
15900,3,38000,0,125,1,683,1,0,0,0,0,0,1,0,0,1
8490,8,129000,0,85,1,484,0,0,0,0,0,0,1,0,0,1
9490,8,168000,0,85,1,501,1,0,0,0,0,0,1,0,0,1
12200,6,91000,0,75,1,123,0,0,0,0,0,0,1,0,0,0
11500,7,67012,0,100,1,326,0,0,0,0,0,0,1,0,1,0
13700,5,73352,0,95,1,326,0,0,0,0,0,1,0,0,1,0
8800,7,115000,0,85,1,127,0,0,0,0,0,0,1,0,0,0
21999,3,29000,0,200,1,518,0,0,0,0,0,1,0,0,0,1
10500,8,84000,0,86,1,854,1,0,0,0,0,0,1,0,0,1
8990,8,176000,0,85,1,441,1,0,0,0,0,0,0,0,0,1
10590,4,84500,0,75,1,95,0,0,0,0,0,0,1,0,0,0
16900,3,28000,1,125,1,196,0,1,0,0,0,0,1,1,0,0
10900,7,91260,0,75,1,25,0,0,0,0,0,0,1,0,0,0
11500,7,99800,0,85,1,815,1,0,0,0,0,0,1,0,0,1
9900,8,99000,0,86,1,495,0,0,0,0,0,0,1,0,0,1
10900,5,92000,0,75,1,47,0,0,0,0,0,0,1,0,0,0
12700,7,61000,1,100,1,177,0,0,0,0,0,0,1,1,0,0
9500,6,130000,0,75,1,276,0,0,0,0,0,0,1,1,0,0
3999,7,280000,0,85,1,485,1,0,0,0,0,0,0,0,0,1
15900,3,38900,0,125,1,196,0,1,0,0,0,0,1,1,0,0
10999,8,121000,0,85,1,16,1,0,0,0,0,0,1,0,0,0
12900,6,45000,0,85,1,137,1,0,0,0,1,0,0,1,0,0
12500,7,76000,0,140,1,265,0,0,0,0,0,0,1,1,0,0
12900,3,31549,0,125,1,326,1,0,0,0,0,0,1,0,1,0
8400,8,119000,0,85,1,83,1,0,0,0,0,0,1,0,1,0
11990,7,76000,0,100,1,205,0,0,0,0,0,0,1,1,0,0
13500,3,37380,0,75,1,108,0,0,0,0,0,0,1,0,1,0
13400,3,52158,0,75,1,177,0,0,0,0,0,0,1,1,0,0
10400,7,99500,0,95,1,560,1,0,0,0,0,0,1,0,0,1
14800,3,74800,0,125,1,196,0,1,0,0,0,0,1,1,0,0
12400,6,98500,0,85,1,302,1,0,0,0,1,0,0,1,0,0
8900,8,94300,0,85,1,135,0,0,0,0,0,0,1,0,0,0
11200,8,95000,0,85,1,231,0,0,0,0,0,0,1,0,0,0
9500,8,100000,0,85,1,695,0,0,0,0,0,0,1,0,0,1
12400,3,32768,0,75,1,326,0,0,0,0,0,0,1,0,1,0
10990,7,82000,0,75,1,326,0,0,0,0,0,0,1,0,1,0
7999,7,146000,0,85,1,326,1,0,0,0,0,0,1,0,1,0
10000,6,135000,0,85,1,878,1,0,0,0,0,0,0,0,0,1
10300,7,86067,0,85,1,527,1,0,0,0,0,0,0,0,0,1
9490,7,140000,0,75,1,483,0,0,0,0,0,0,0,0,0,1
10700,8,105000,0,85,1,287,1,0,0,0,1,0,0,1,0,0
12499,6,68342,0,85,1,486,1,0,0,0,0,0,1,0,0,1
13400,3,37628,0,75,1,177,0,0,0,0,0,0,1,1,0,0
9850,8,139000,0,85,1,86,0,0,0,0,0,0,1,0,0,0
9450,6,119000,0,85,0,615,1,0,0,0,0,0,1,0,0,1
13900,6,63949,0,85,1,246,1,0,0,0,0,0,0,0,1,0
10950,3,38000,0,75,0,478,0,0,0,0,0,0,1,0,0,1
9800,5,130000,0,85,1,824,1,0,0,0,0,0,0,0,0,1
13900,3,75899,0,75,1,42,0,0,0,0,0,0,1,0,0,0
8500,7,140000,0,85,1,86,1,0,0,0,0,0,0,0,0,0
9500,7,130000,0,75,1,533,0,0,0,0,0,0,0,0,0,1
13900,3,47622,0,125,1,326,1,0,0,0,1,0,0,0,1,0
19950,6,25800,0,95,1,14,0,0,0,0,1,0,0,0,0,0
12890,3,40700,0,75,1,42,0,0,0,0,0,0,1,0,0,0
10500,8,116300,0,85,1,315,1,0,0,0,1,0,0,0,0,1
10700,5,24197,0,75,1,140,0,0,0,0,0,0,0,0,1,0
11950,6,96233,0,85,1,377,1,0,0,0,0,0,0,0,0,1
9900,7,105000,0,85,1,197,0,0,0,0,1,0,0,1,0,0
8990,7,99000,0,85,1,495,0,0,0,0,0,0,1,0,0,1
10900,7,151000,0,85,1,684,1,0,0,0,1,0,0,0,0,1
9900,7,139000,0,85,1,196,0,0,0,0,1,0,0,1,0,0
10980,3,12675,0,75,1,326,0,0,0,0,0,0,1,0,1,0
9900,7,118000,0,85,1,735,1,0,0,0,0,0,1,0,0,1
15900,3,41859,0,75,1,25,0,0,0,0,0,0,1,0,0,0
9900,5,91000,0,75,1,315,0,0,0,0,0,0,1,0,0,1
15900,3,21444,0,125,1,25,1,0,0,0,0,0,1,0,0,0
5999,5,199000,0,125,1,326,0,1,0,0,0,0,1,0,1,0
9500,8,64000,0,85,0,638,1,0,0,0,1,0,0,0,0,1
12900,6,69045,0,95,1,42,0,0,0,0,0,0,1,0,0,0
9500,7,139000,0,75,1,609,0,0,0,0,0,0,1,0,0,1
11900,3,40090,0,75,1,326,0,0,0,0,0,0,1,0,1,0
9900,8,105000,0,85,1,500,1,0,0,0,0,0,0,0,0,1
10350,4,79350,0,75,1,326,0,0,0,0,0,0,1,0,1,0
5900,7,140000,0,85,1,89,1,0,0,0,0,0,1,0,0,0
9990,6,93754,0,75,1,276,0,0,0,0,0,0,0,1,0,0
9800,5,142190,0,95,1,695,1,0,0,0,0,0,0,0,0,1
7500,7,168000,0,75,1,533,0,0,0,0,0,0,1,0,0,1
10495,4,70000,0,125,1,322,0,1,0,0,0,0,1,0,1,0
7999,8,174000,0,85,1,532,1,0,0,0,0,0,1,0,0,1
15500,3,42000,0,125,1,853,0,1,0,0,0,0,1,0,0,1
10450,7,49300,0,85,1,490,0,0,0,0,0,0,0,0,0,1
10900,6,90000,0,85,1,484,1,0,0,0,0,0,1,0,0,1
13500,3,33752,0,75,1,519,0,0,0,0,0,0,1,0,0,1
12800,6,73400,0,75,1,500,0,0,0,0,0,0,1,0,0,1
10800,8,175,0,85,0,170,1,0,0,0,1,0,0,1,0,0
8800,8,190000,0,85,1,619,1,0,0,0,1,0,0,0,0,1
10900,8,140000,0,85,1,155,1,0,0,0,0,0,1,1,0,0
15900,3,30250,0,125,1,25,1,0,0,0,0,0,1,0,0,0
10500,6,140056,0,85,1,276,1,0,0,0,1,0,0,1,0,0
14980,3,39000,0,125,1,106,1,0,0,0,0,0,1,0,0,0
12980,3,78380,0,75,1,156,0,0,0,0,0,0,1,0,0,0
13400,3,52158,0,75,1,326,0,0,0,0,0,0,1,0,1,0
9900,6,127000,0,85,1,326,1,0,0,0,1,0,0,0,1,0
10850,8,121322,0,85,1,618,1,0,0,0,0,0,1,0,0,1
13000,3,22500,0,125,0,326,0,1,0,0,0,0,1,0,1,0
16090,3,24473,0,125,1,106,1,0,0,0,1,0,0,0,0,0
22900,6,43804,0,200,1,156,0,0,0,0,0,1,0,0,0,0
11500,8,111507,0,85,1,502,1,0,0,0,0,0,1,0,0,1
10490,6,90000,0,95,1,507,0,0,0,0,0,0,1,0,0,1
15900,2,38252,0,125,1,25,1,0,0,0,0,0,1,0,0,0
9500,8,150000,0,85,1,756,1,0,0,0,0,0,1,0,0,1
9999,8,130000,0,85,1,566,1,0,0,0,0,0,1,0,0,1
14500,6,85000,0,85,1,504,1,0,0,0,0,0,1,0,0,1
12800,7,56000,0,85,1,126,0,0,0,0,1,0,0,1,0,0
14900,3,29286,0,75,1,25,0,0,0,0,0,0,1,0,0,0
10990,6,94000,0,85,1,521,1,0,0,0,1,0,0,0,0,1
14900,3,24215,0,75,1,42,0,0,0,0,0,0,1,0,0,0
10900,7,92000,0,85,1,485,0,0,0,0,0,0,1,0,0,1
14900,7,157242,0,200,1,271,0,0,0,0,0,1,0,1,0,0
10900,7,92000,0,85,1,485,0,0,0,0,0,0,1,0,0,1
9999,8,148000,0,85,1,527,1,0,0,0,0,0,1,0,0,1
4600,5,138600,0,100,1,326,0,0,0,0,0,0,1,0,1,0
7990,8,151000,0,85,1,480,1,0,0,0,1,0,0,0,0,1
9400,6,136000,0,85,1,667,1,0,0,0,0,0,0,0,0,1
10900,6,117000,0,85,1,768,1,0,0,0,0,0,1,0,0,1
6500,7,180000,0,85,1,359,1,0,0,0,0,0,0,0,1,0
10990,6,54000,0,75,1,706,0,0,0,0,0,0,1,0,0,1
9800,8,155000,0,85,1,596,1,0,0,0,0,0,1,0,0,1
10500,7,121400,0,85,1,326,0,0,0,0,1,0,0,0,1,0
13900,3,48129,0,75,1,42,0,0,0,0,0,0,1,0,0,0
9700,7,108044,0,85,1,326,0,0,0,0,1,0,0,0,1,0
13500,3,63577,0,75,1,326,0,0,0,0,0,0,1,0,1,0
9000,8,89900,0,100,0,513,0,0,0,0,0,0,1,0,0,1
9950,7,134000,0,100,1,484,0,0,0,0,0,0,1,0,0,1
12900,4,62000,0,125,1,326,0,1,0,0,1,0,0,0,1,0
19600,7,86300,0,200,0,103,0,0,0,0,0,1,0,0,0,0
10000,7,49500,0,75,0,216,0,0,0,0,0,0,0,1,0,0
14400,4,59500,0,75,1,25,0,0,0,0,0,0,1,0,0,0
8900,6,121000,0,75,1,154,0,0,0,0,0,0,0,1,0,0
10900,4,93196,0,125,1,326,1,0,0,0,1,0,0,0,1,0
11950,7,128290,0,85,1,815,1,0,0,0,0,0,1,0,0,1
13700,4,97000,0,125,0,159,0,1,0,0,1,0,0,0,0,0
10900,6,89000,0,75,1,495,0,0,0,0,0,0,1,0,0,1
11900,7,66027,0,85,1,65,1,0,0,0,0,0,0,0,0,0
15900,3,34990,0,75,1,42,0,0,0,0,0,0,1,0,0,0
14900,3,13401,0,75,1,25,0,0,0,0,0,0,1,0,0,0
11500,8,122000,0,100,1,352,0,0,0,0,0,0,1,0,1,0
9990,7,179000,0,86,1,415,1,0,0,0,1,0,0,0,1,0
7950,8,99000,0,85,1,259,0,0,0,0,0,0,1,1,0,0
7800,8,150000,0,85,1,485,1,0,0,0,0,0,1,0,0,1
10490,6,156000,0,85,1,723,1,0,0,0,0,0,1,0,0,1
11600,7,96266,0,100,1,326,0,0,0,0,1,0,0,0,1,0
13900,4,52985,0,75,1,463,0,0,0,0,0,0,1,0,0,1
9900,6,112800,0,95,1,700,0,0,0,0,0,0,1,0,0,1
10900,5,138000,0,95,0,162,0,0,0,0,1,0,0,1,0,0
7500,8,129000,0,140,1,287,0,0,0,0,1,0,0,1,0,0
10999,8,29000,0,85,1,229,0,0,0,0,0,0,0,1,0,0
8999,8,158000,0,120,1,487,1,0,0,0,0,0,1,0,0,1
12999,2,16500,0,75,1,326,0,0,0,0,0,0,1,0,1,0
9800,7,101000,0,75,1,498,0,0,0,0,0,0,1,0,0,1
10500,8,127000,0,100,1,605,0,0,0,0,1,0,0,0,0,1
8900,8,99000,0,85,1,187,1,0,0,0,0,0,0,1,0,0
9900,8,157000,0,85,1,83,1,0,0,0,0,0,1,0,0,0
14750,3,29750,0,125,0,217,0,1,0,0,0,0,1,1,0,0
11500,6,74000,0,75,1,326,0,0,0,0,0,0,1,0,1,0
12900,4,64787,0,95,1,572,0,0,0,0,0,0,1,0,0,1
15200,3,55187,0,125,1,196,1,0,0,0,0,0,1,1,0,0
9990,5,84000,0,75,1,276,0,0,0,0,0,0,0,1,0,0
6990,6,243000,0,85,1,135,1,0,0,0,0,0,1,1,0,0
12500,2,16000,0,75,1,247,0,0,0,0,0,0,1,0,1,0
8990,5,61200,0,125,1,162,0,1,0,0,0,0,1,1,0,0
7500,8,184500,0,85,1,807,1,0,0,0,0,0,0,0,0,1
7200,6,136000,0,85,1,97,1,0,0,0,0,0,0,0,0,0
10900,7,70000,0,85,1,95,1,0,0,0,1,0,0,0,0,0
13900,3,57949,0,75,1,276,0,0,0,0,0,0,1,1,0,0
9200,8,80000,0,85,1,484,1,0,0,0,0,0,1,0,0,1
9700,8,119000,0,85,1,309,1,0,0,0,0,0,0,0,0,1
4990,6,183557,0,85,1,426,1,0,0,0,0,0,0,0,0,1
10999,4,86600,0,75,1,683,0,0,0,0,0,0,1,0,0,1
6999,8,138000,0,75,1,842,1,0,0,0,1,0,0,0,0,1
9300,7,80000,0,85,1,195,1,0,0,0,0,0,0,0,0,0
8300,8,140000,0,85,1,750,1,0,0,0,0,0,1,0,0,1
9400,5,80000,0,125,1,177,0,0,0,0,0,0,0,1,0,0
11990,4,90000,0,75,1,56,0,0,0,0,0,0,1,1,0,0
11500,7,20800,0,85,1,241,0,0,0,0,0,0,0,0,0,0
9500,6,100800,0,75,1,102,0,0,0,0,0,0,1,0,0,0
18900,7,30579,0,200,1,276,0,0,0,0,0,1,0,1,0,0
9800,6,163000,0,85,1,785,1,0,0,0,0,0,1,0,0,1
8200,8,181000,0,85,1,695,0,0,0,0,0,0,1,0,0,1
9900,7,86806,0,85,1,85,0,0,0,0,0,0,1,0,0,0
12500,5,98000,0,75,1,376,0,0,0,0,0,0,0,0,0,1
8500,7,140000,0,85,1,523,1,0,0,0,1,0,0,0,0,1
10500,8,190000,0,85,1,581,1,0,0,0,0,0,1,0,0,1
16900,3,13700,0,125,1,196,0,1,0,0,1,0,0,1,0,0
7900,6,144000,0,85,1,484,1,0,0,0,0,0,0,0,0,1
11500,3,83400,0,125,1,751,0,0,0,0,0,0,1,0,0,1
8900,8,127000,0,85,1,116,1,0,0,0,1,0,0,0,0,0
13990,3,26000,0,75,1,113,0,0,0,0,0,0,1,0,1,0
10500,7,130000,0,85,1,177,1,0,0,0,1,0,0,1,0,0
14800,8,73000,0,85,1,775,1,0,0,0,0,0,1,0,0,1
14500,3,37000,0,125,0,853,0,1,0,0,0,0,1,0,0,1
9800,6,114900,0,75,1,763,0,0,0,0,0,0,0,0,0,1
10690,3,99073,0,75,1,40,0,0,0,0,0,0,1,0,0,0
10690,3,99073,0,75,1,180,0,0,0,0,0,0,1,1,0,0
10500,8,140000,0,85,1,755,1,0,0,0,0,0,1,0,0,1
8900,8,170000,0,85,1,588,1,0,0,0,0,0,0,0,0,1
7700,7,135000,0,85,1,487,0,0,0,0,0,0,0,0,0,1
7999,7,182000,0,85,1,842,1,0,0,0,0,0,1,0,0,1
8900,8,133000,0,120,1,84,1,0,0,0,0,0,1,0,0,0
15300,7,100000,0,200,1,195,0,0,0,0,0,1,0,0,0,0
8900,8,108000,0,100,1,275,0,0,0,0,0,0,1,1,0,0
10800,8,101000,0,85,1,695,1,0,0,0,0,0,1,0,0,1
9800,7,76974,0,85,1,112,0,0,0,0,0,0,1,0,0,0
11200,7,103200,0,100,1,16,0,0,0,0,0,0,1,0,0,0
13900,3,53200,0,75,1,42,0,0,0,0,0,0,1,0,0,0
13500,5,77400,0,125,1,245,0,1,0,0,0,0,1,1,0,0
14900,6,65000,0,125,1,423,0,0,0,0,0,0,1,0,0,1
12499,3,59900,0,125,1,87,0,1,0,0,0,0,1,0,1,0
9490,8,156000,0,85,1,803,1,0,0,0,0,0,1,0,0,1
13000,4,82253,0,75,1,245,0,0,0,0,0,0,1,1,0,0
9990,8,125000,0,85,1,171,1,0,0,0,1,0,0,1,0,0
8950,4,215000,0,125,1,783,1,0,0,0,0,0,1,0,0,1
10999,5,76000,0,75,1,285,0,0,0,0,0,0,0,1,0,0
5999,8,100000,0,85,1,484,0,0,0,0,0,0,1,0,0,1
10990,8,120000,0,85,1,326,1,0,0,0,0,0,1,0,1,0
11000,6,140000,0,85,1,684,1,0,0,0,0,0,1,0,0,1
8499,7,170000,0,75,1,798,0,0,0,0,0,0,1,0,0,1
8900,7,114000,0,85,1,695,1,0,0,0,0,0,0,0,0,1
25500,3,42630,0,200,1,232,0,0,0,0,0,1,0,0,0,0
15551,4,60000,1,125,1,319,1,0,0,0,0,0,1,0,1,0
10500,6,89600,0,75,1,298,0,0,0,0,0,0,0,1,0,0
9999,7,135000,0,85,1,519,1,0,0,0,0,0,1,0,0,1
6500,6,123500,0,85,1,304,1,0,0,0,0,0,0,0,0,1
8200,7,163725,0,75,1,712,0,0,0,0,0,0,1,0,0,1
13600,3,42300,0,75,1,121,0,0,0,0,0,0,1,1,0,0
13800,3,76000,0,125,1,750,0,1,0,0,1,0,0,0,0,1
10500,8,141000,0,85,1,841,1,0,0,0,0,0,1,0,0,1
8870,8,99105,0,100,1,147,0,0,0,0,0,0,1,0,0,0
16500,4,43000,0,125,1,245,0,1,0,0,1,0,0,1,0,0
11250,8,98000,0,100,1,783,0,0,0,0,0,0,1,0,0,1
9500,7,80477,0,85,1,108,0,0,0,0,1,0,0,0,1,0
12500,7,120000,0,85,1,852,0,0,0,0,1,0,0,0,0,1
8900,7,132000,0,85,1,763,1,0,0,0,0,0,0,0,0,1
8699,8,124900,0,85,1,505,0,0,0,0,0,0,1,0,0,1
17700,7,66500,0,200,0,177,0,0,0,0,0,1,0,1,0,0
23000,6,51000,0,200,1,276,0,0,0,0,0,1,0,1,0,0
11999,3,79000,0,75,1,55,0,0,0,0,0,0,1,0,0,0
14900,5,32000,0,75,1,57,0,0,0,0,0,0,1,0,0,0
15399,3,41300,0,125,1,196,0,1,0,0,1,0,0,1,0,0
13900,4,42000,0,75,1,57,0,0,0,0,0,0,1,0,0,0
12800,8,129000,0,85,1,483,1,0,0,0,0,0,1,0,0,1
9500,7,170000,0,85,0,485,1,0,0,0,0,0,0,0,0,1
7300,7,96929,0,85,1,177,0,0,0,0,0,0,0,1,0,0
7750,8,124000,0,85,1,89,0,0,0,0,1,0,0,0,0,0
4400,6,109000,0,75,1,512,0,0,0,0,0,0,0,0,0,1
9900,6,148000,0,85,1,713,1,0,0,0,0,0,1,0,0,1
10800,7,87000,0,100,1,238,0,0,0,0,1,0,0,0,0,0
10990,8,112000,0,85,1,545,0,0,0,0,0,0,1,0,0,1
9500,7,120000,0,75,1,483,0,0,0,0,0,0,1,0,0,1
10000,8,85000,0,85,0,431,1,0,0,0,1,0,0,0,0,1
10500,6,102500,0,100,0,153,0,0,0,0,1,0,0,0,0,0
10990,4,58161,0,100,1,256,0,0,0,0,0,0,0,1,0,0
11499,8,98000,0,85,1,519,1,0,0,0,0,0,1,0,0,1
10900,7,110000,0,75,1,200,0,0,0,0,0,0,1,0,1,0
8990,4,150000,0,75,1,853,0,0,0,0,0,0,1,0,0,1
14500,3,35500,0,75,1,141,0,0,0,0,0,0,1,0,0,0
11500,8,114000,0,85,1,453,1,0,0,0,0,0,1,0,0,1
10400,7,89698,0,85,1,525,1,0,0,0,0,0,1,0,0,1
10750,7,81000,0,100,1,189,0,0,0,0,1,0,0,1,0,0
11499,8,94000,0,100,1,628,0,0,0,0,0,0,1,0,0,1
8990,8,146000,0,85,1,724,1,0,0,0,0,0,1,0,0,1
8900,5,130000,0,85,1,490,1,0,0,0,0,0,0,0,0,1
10000,7,28000,0,85,0,111,0,0,0,0,0,0,1,0,1,0
11800,6,69819,0,85,1,335,1,0,0,0,0,0,1,0,0,1
12800,5,130000,0,85,1,775,1,0,0,0,0,0,1,0,0,1
12800,3,71557,0,75,1,775,0,0,0,0,0,0,1,0,0,1
13000,3,62000,0,125,0,218,0,1,0,0,0,0,1,1,0,0
10900,7,70000,0,85,1,276,0,0,0,0,1,0,0,1,0,0
23500,7,54000,0,200,0,230,0,0,0,0,0,1,0,0,1,0
15900,7,112500,0,200,1,192,0,0,0,0,0,1,0,1,0,0
9900,8,125000,0,85,1,95,1,0,0,0,0,0,0,0,0,0
16000,3,55000,0,125,0,177,0,1,0,0,1,0,0,1,0,0
14999,6,57000,0,125,0,20,0,1,0,0,1,0,0,0,0,0
11400,6,73419,0,85,1,698,1,0,0,0,0,0,0,0,0,1
10500,6,107000,0,85,0,342,1,0,0,0,0,0,1,0,1,0
8900,8,90000,0,120,0,166,1,0,0,0,1,0,0,1,0,0
8900,7,85000,0,75,1,177,0,0,0,0,0,0,1,1,0,0
11450,4,86000,0,75,1,99,0,0,0,0,0,0,1,0,0,0
14500,6,60000,0,86,1,485,1,0,0,0,0,0,1,0,0,1
7900,8,159000,0,85,1,759,1,0,0,0,0,0,1,0,0,1
11990,3,93000,0,75,1,276,0,0,0,0,0,0,1,1,0,0
7800,8,166000,0,85,1,491,1,0,0,0,0,0,0,0,0,1
13500,5,64361,0,125,1,99,0,1,0,0,1,0,0,0,1,0
9999,5,142000,0,75,1,411,0,0,0,0,0,0,1,0,1,0
19900,2,55700,0,200,0,142,0,0,0,0,0,1,0,0,0,0
9999,8,148000,0,85,1,474,1,0,0,0,1,0,0,0,0,1
11400,8,157000,0,85,1,914,1,0,0,0,0,0,1,0,0,1
10999,6,93000,0,85,1,720,1,0,0,0,0,0,1,0,0,1
6000,8,156000,0,86,0,106,0,0,0,0,1,0,0,0,0,0
12800,5,125000,0,100,1,763,0,1,0,0,0,0,1,0,0,1
9999,8,137000,0,125,0,326,0,0,0,0,1,0,0,0,1,0
9900,8,124000,0,100,0,180,0,0,0,0,0,0,1,1,0,0
9000,7,109000,0,75,0,274,0,0,0,0,1,0,0,1,0,0
13490,6,79000,0,85,1,32,1,0,0,0,1,0,0,0,0,0
12490,6,99000,0,85,1,581,1,0,0,0,0,0,1,0,0,1
11300,8,118000,0,85,1,241,0,0,0,0,1,0,0,0,0,0
9599,8,167000,0,85,1,782,1,0,0,0,0,0,1,0,0,1
9800,4,39000,0,75,1,512,0,0,0,0,0,0,1,0,0,1
14900,3,29695,0,75,1,106,0,0,0,0,0,0,1,0,1,0
16450,3,29267,0,125,1,147,1,0,0,0,1,0,0,1,0,0
10490,6,127000,0,85,1,509,1,0,0,0,1,0,0,0,0,1
7800,8,144000,0,85,0,115,1,0,0,0,0,0,1,0,0,0
8300,8,130000,0,85,0,482,0,0,0,0,1,0,0,0,0,1
10890,8,99000,0,85,1,808,1,0,0,0,0,0,0,0,0,1
11500,8,150000,0,120,0,266,1,0,0,0,1,0,0,1,0,0
8499,8,92125,0,85,1,475,0,0,0,0,0,0,1,0,0,1
12900,7,105000,0,85,1,628,1,0,0,0,0,0,1,0,0,1
11000,6,68000,0,100,0,276,0,0,0,0,1,0,0,1,0,0
10577,8,108180,0,85,1,99,1,0,0,0,1,0,0,0,1,0
12990,5,54000,0,75,1,346,0,0,0,0,0,0,0,0,1,0
13400,4,73437,1,100,0,181,0,1,0,0,0,0,1,1,0,0
10300,8,106000,0,100,1,768,0,0,0,0,0,0,1,0,0,1
7900,8,125000,0,86,1,412,1,0,0,0,0,0,0,0,0,1
9500,8,90334,0,100,1,769,0,0,0,0,1,0,0,0,0,1
13890,3,35786,0,75,1,99,0,0,0,0,0,0,1,0,0,0
11900,8,120000,0,85,1,808,1,0,0,0,0,0,1,0,0,1
8900,7,90000,0,85,1,276,0,0,0,0,0,0,0,1,0,0
20900,4,20000,0,200,1,168,0,0,0,0,0,1,0,1,0,0
12500,4,62000,0,75,1,99,0,0,0,0,0,0,1,0,0,0
7995,8,96200,0,85,1,322,0,0,0,0,0,0,1,0,1,0
12900,4,17300,0,125,1,109,0,1,0,0,1,0,0,0,0,0
10900,7,53543,0,85,1,182,0,0,0,0,1,0,0,0,0,0
16900,7,113000,0,200,1,83,0,0,0,0,0,1,0,0,1,0
12800,6,122000,0,75,1,775,0,0,0,0,0,0,0,0,0,1
7499,6,150000,0,95,1,518,0,0,0,0,0,0,0,0,0,1
16299,2,41000,0,125,0,141,0,1,0,0,1,0,0,0,0,0
9900,8,119007,0,85,1,276,0,0,0,0,0,0,1,1,0,0
11900,5,14450,0,95,1,326,0,0,0,0,0,0,1,0,1,0
14458,3,45229,0,125,1,99,0,1,0,0,0,0,1,0,1,0
12362,7,42425,0,85,1,99,1,0,0,0,0,0,1,0,1,0
15900,3,13173,0,125,1,178,0,1,0,0,0,0,1,1,0,0
11900,7,69591,1,100,1,608,0,0,0,0,0,0,1,0,0,1
14900,4,35456,0,125,1,750,0,1,0,0,1,0,0,0,0,1
11900,6,85279,0,85,1,65,1,0,0,0,0,0,0,0,0,0
14076,4,31269,0,75,1,99,0,0,0,0,0,0,1,0,1,0
9700,8,82500,0,85,0,199,1,0,0,0,0,0,0,0,1,0
6500,8,135000,0,85,0,611,1,0,0,0,0,0,1,0,0,1
9950,8,63000,0,85,1,611,1,0,0,0,1,0,0,0,0,1
17000,2,32265,0,100,1,288,0,1,0,0,0,0,1,1,0,0
14900,2,53000,1,125,1,319,0,1,0,0,1,0,0,0,1,0
8950,8,106000,0,85,1,500,1,0,0,0,0,0,1,0,0,1
9500,8,92000,0,125,0,276,0,0,0,0,1,0,0,1,0,0
8300,6,200000,0,85,1,614,1,0,0,0,0,0,0,0,0,1
13900,5,35000,0,125,0,25,0,1,0,0,1,0,0,0,0,0
14900,4,35546,0,125,1,177,1,0,0,0,0,0,1,1,0,0
15300,3,14490,0,125,1,177,1,0,0,0,0,0,1,1,0,0
16300,2,27391,0,125,1,177,1,0,0,0,0,0,1,1,0,0
13900,3,40964,0,75,1,177,0,0,0,0,0,0,1,1,0,0
14500,3,40025,0,125,1,177,1,0,0,0,0,0,1,1,0,0
11500,8,75000,0,125,0,288,0,0,0,0,1,0,0,1,0,0
10990,6,116000,0,95,1,485,0,0,0,0,0,0,0,0,0,1
10500,7,60000,0,85,0,761,1,0,0,0,0,0,1,0,0,1
16000,7,97800,0,200,1,170,0,0,0,0,0,1,0,1,0,0
11500,8,157000,0,120,0,430,1,0,0,0,1,0,0,0,0,1
13000,5,64855,0,125,0,273,0,1,0,0,1,0,0,1,0,0
10900,8,51843,0,100,1,119,0,0,0,0,0,0,0,0,0,0
11000,6,97500,0,85,1,106,1,0,0,0,0,0,1,0,0,0
17000,4,105000,0,200,0,156,0,0,0,0,0,1,0,0,0,0
15300,3,68927,0,125,1,103,1,0,0,0,0,0,1,0,0,0
10990,7,39000,0,85,1,154,0,0,0,0,0,0,1,1,0,0
15400,3,50065,0,125,1,103,1,0,0,0,0,0,1,0,0,0
12800,6,106000,0,85,1,735,1,0,0,0,0,0,1,0,0,1
10750,6,112000,0,125,0,194,0,1,0,0,1,0,0,1,0,0
14400,3,43415,0,125,1,177,1,0,0,0,0,0,1,1,0,0
11500,6,80000,0,95,0,429,0,0,0,0,1,0,0,0,1,0
12500,3,42856,0,75,0,276,0,0,0,0,0,0,1,1,0,0
10990,7,98000,0,85,1,693,1,0,0,0,0,0,0,0,0,1
7300,8,140000,0,85,1,843,0,0,0,0,0,0,0,0,0,1
6990,8,174000,0,85,1,377,1,0,0,0,0,0,1,0,1,0
21000,8,82000,0,200,0,165,0,0,0,0,0,1,0,1,0,0
10900,8,68670,0,85,1,735,1,0,0,0,0,0,0,0,0,1
9900,8,134000,0,85,1,621,1,0,0,0,1,0,0,0,0,1
14900,3,52262,0,125,1,103,1,0,0,0,0,0,1,0,0,0
7000,8,80000,0,85,0,490,1,0,0,0,0,0,1,0,0,1
18400,2,13889,0,125,1,724,1,0,0,0,0,0,1,0,0,1
14800,3,80000,0,100,1,151,0,0,0,0,1,0,0,0,1,0
14000,6,77000,0,95,0,628,0,0,0,0,1,0,0,0,0,1
10500,8,76000,0,100,1,95,0,0,0,0,0,0,1,0,0,0
16800,3,43600,0,75,1,133,0,0,0,0,0,0,1,0,1,0
7800,8,155000,0,85,0,176,1,0,0,0,1,0,0,1,0,0
12000,6,64000,0,95,0,341,0,0,0,0,0,0,1,0,0,1
9190,8,50000,0,85,1,51,0,0,0,0,0,0,0,0,0,0
9500,8,169000,0,85,1,213,1,0,0,0,0,0,1,0,1,0
12990,3,40000,0,75,1,65,0,0,0,0,0,0,1,0,0,0
14800,3,34000,0,125,0,326,0,1,0,0,0,0,1,0,1,0
12850,3,91270,0,75,1,611,0,0,0,0,0,0,1,0,0,1
9400,8,204000,0,85,1,691,1,0,0,0,0,0,1,0,0,1
10990,7,108000,0,120,1,691,1,0,0,0,0,0,1,0,0,1
11500,8,136000,0,85,1,778,1,0,0,0,0,0,1,0,0,1
9000,8,101000,0,85,0,84,0,0,0,0,1,0,0,0,0,0
12500,3,71000,0,125,0,95,0,1,0,0,0,0,1,0,0,0
8900,7,135000,0,85,1,519,1,0,0,0,0,0,1,0,0,1
6800,8,130000,0,85,1,819,1,0,0,0,0,0,0,0,0,1
16900,2,55080,0,125,1,724,1,0,0,0,0,0,1,0,0,1
11000,7,61000,0,100,0,222,0,0,0,0,1,0,0,1,0,0
8000,7,165000,0,85,0,780,1,0,0,0,0,0,1,0,0,1
10500,8,96000,0,86,0,137,1,0,0,0,0,0,1,1,0,0
9000,8,71000,0,85,0,436,0,0,0,0,0,0,1,0,0,1
15500,3,29000,0,125,0,40,0,1,0,0,1,0,0,0,0,0
11400,8,63000,0,85,1,226,1,0,0,0,0,0,0,0,0,0
8600,7,125000,0,100,1,101,0,0,0,0,0,0,1,0,0,0
10500,7,100000,0,85,1,485,1,0,0,0,0,0,0,0,0,1
11900,8,119000,0,100,0,257,0,0,0,0,0,0,1,0,1,0
18490,7,69000,0,200,1,177,0,0,0,0,0,1,0,1,0,0
6900,7,197000,0,85,0,233,1,0,0,0,1,0,0,1,0,0
12900,4,85393,0,125,1,853,0,0,0,0,0,0,1,0,0,1
13000,3,84000,0,125,1,36,0,1,0,0,1,0,0,0,0,0
12900,6,63500,0,85,1,155,1,0,0,0,0,0,1,0,0,0
15900,3,35500,0,125,0,326,0,1,0,0,0,0,1,0,1,0
8790,5,136900,0,75,1,121,0,0,0,0,0,0,0,1,0,0
9800,6,121000,0,85,1,70,1,0,0,0,0,0,0,1,0,0
9500,8,110000,0,85,0,297,1,0,0,0,0,0,1,1,0,0
11500,6,55000,0,95,0,326,0,0,0,0,0,0,1,0,1,0
13900,4,38000,0,75,1,855,0,0,0,0,0,0,1,0,0,1
15400,8,126000,0,200,1,128,0,0,0,0,0,1,0,0,0,0
7300,8,179000,0,85,1,514,1,0,0,0,0,0,0,0,0,1
14800,3,34200,0,75,1,103,0,0,0,0,0,0,1,0,0,0
9999,6,128000,0,75,1,485,0,0,0,0,0,0,1,0,0,1
9990,6,115000,0,85,1,750,1,0,0,0,0,0,0,0,0,1
10000,7,125000,0,86,0,578,1,0,0,0,0,0,1,0,0,1
9400,6,170000,0,85,1,785,1,0,0,0,0,0,0,0,0,1
6500,8,187000,0,100,0,121,0,0,0,0,0,0,1,1,0,0
18500,7,85000,1,200,0,180,0,0,0,0,0,1,0,0,1,0
10500,7,107000,0,85,1,775,1,0,0,0,0,0,1,0,0,1
13900,6,66700,0,75,1,485,0,0,0,0,0,0,1,0,0,1
11500,8,99000,1,100,0,146,0,0,0,0,0,0,1,0,1,0
14500,4,74400,0,75,1,319,0,0,0,0,0,0,0,0,1,0
8500,8,149000,0,85,1,484,1,0,0,0,0,0,1,0,0,1
13850,6,71000,0,85,1,741,1,0,0,0,1,0,0,0,0,1
10990,5,14800,0,75,1,214,0,0,0,0,0,0,0,1,0,0
9500,7,55000,0,85,1,214,0,0,0,0,0,0,0,1,0,0
14900,3,41116,0,125,1,841,0,1,0,0,0,0,1,0,0,1
9900,8,125000,0,120,1,485,1,0,0,0,0,0,1,0,0,1
13400,3,52158,0,75,1,86,0,0,0,0,0,0,1,0,0,0
11900,8,110000,0,85,0,177,1,0,0,0,1,0,0,1,0,0
13500,6,40000,0,95,0,262,0,0,0,0,1,0,0,1,0,0
8700,8,105000,0,85,1,65,1,0,0,0,0,0,0,0,0,0
15500,3,89850,0,125,1,133,1,0,0,0,0,0,1,0,1,0
12000,4,58000,0,100,0,188,0,0,0,0,1,0,0,1,0,0
10900,6,100417,0,75,1,861,0,0,0,0,0,0,1,0,0,1
10800,6,142000,0,85,0,478,1,0,0,0,1,0,0,0,0,1
9998,8,144000,0,85,0,480,1,0,0,0,1,0,0,0,0,1
13300,5,47950,0,75,1,99,0,0,0,0,0,0,1,0,0,0
12900,6,51000,0,85,1,236,1,0,0,0,0,0,0,0,1,0
10750,7,60000,0,85,1,620,0,0,0,0,0,0,1,0,0,1
12000,8,115000,0,125,0,294,0,0,0,0,1,0,0,1,0,0
8650,8,100000,0,85,1,214,0,0,0,0,0,0,0,1,0,0
10900,8,111000,0,100,0,170,0,0,0,0,1,0,0,1,0,0
11500,8,100000,0,100,1,259,0,0,0,0,1,0,0,0,1,0
9500,8,98000,0,125,1,181,0,0,0,0,1,0,0,1,0,0
6490,8,101255,0,85,1,909,1,0,0,0,0,0,1,0,0,1
12599,6,50686,0,95,1,475,0,0,0,0,1,0,0,0,0,1
18900,7,48900,0,200,1,156,0,0,0,0,0,1,0,0,0,0
14000,3,31600,0,125,0,247,0,1,0,0,0,0,1,1,0,0
13950,4,62375,0,75,1,761,0,0,0,0,0,0,1,0,0,1
11800,7,89419,0,125,1,169,0,0,0,0,1,0,0,1,0,0
9500,6,110000,0,86,0,857,1,0,0,0,0,0,1,0,0,1
9400,5,105000,0,125,0,505,0,1,0,0,0,0,1,0,0,1
15900,3,56312,0,125,1,133,1,0,0,0,1,0,0,0,1,0
11400,7,90130,1,100,1,168,0,0,0,0,0,0,1,1,0,0
13700,3,40093,0,125,0,183,0,1,0,0,0,0,1,0,1,0
11850,8,67000,1,100,1,99,0,0,0,0,0,0,1,0,1,0
9500,8,89000,0,75,1,52,1,0,0,0,1,0,0,0,0,0
10900,7,140000,0,100,0,132,0,0,0,0,1,0,0,0,0,0
8950,8,113000,0,85,0,473,1,0,0,0,0,0,1,0,0,1
8500,6,119083,0,95,1,326,0,0,0,0,0,0,1,0,1,0
12490,4,101700,0,75,1,190,0,0,0,0,0,0,1,0,0,0
8500,8,150000,0,100,0,326,0,0,0,0,0,1,0,0,1,0
11000,5,116993,0,85,0,715,1,0,0,0,0,0,1,0,0,1
5800,6,140000,0,85,1,430,1,0,0,0,0,0,0,0,0,1
11900,6,51500,0,125,1,204,0,1,0,0,0,0,1,0,0,0
10900,5,80700,0,75,1,140,0,0,0,0,0,0,0,0,1,0
18000,7,90000,0,200,0,785,0,0,0,0,0,1,0,0,0,1
11990,3,48540,1,125,1,495,0,1,0,0,0,0,1,0,0,1
10500,8,160000,0,85,1,672,1,0,0,0,1,0,0,0,0,1
11000,5,76100,0,125,0,222,0,1,0,0,1,0,0,1,0,0
10000,5,116993,0,85,0,715,1,0,0,0,0,0,1,0,0,1
10500,7,118000,0,85,1,735,1,0,0,0,0,0,1,0,0,1
9850,6,154000,0,85,1,518,1,0,0,0,0,0,1,0,0,1
6500,5,210000,0,125,1,121,0,1,0,0,0,0,0,1,0,0
15000,2,35000,0,125,0,86,0,1,0,0,0,0,1,0,0,0
8000,8,140000,0,85,0,495,1,0,0,0,1,0,0,0,0,1
8000,8,140000,0,85,0,495,1,0,0,0,1,0,0,0,0,1
14799,7,99269,0,200,1,475,0,0,0,0,0,1,0,0,0,1
14000,8,117490,0,140,0,248,0,0,0,0,1,0,0,1,0,0
7100,7,96000,0,75,0,703,0,0,0,0,0,0,0,0,0,1
9990,6,159000,0,85,1,872,1,0,0,0,1,0,0,0,0,1
8500,8,83000,0,100,0,121,0,0,0,0,1,0,0,1,0,0
20900,4,55357,0,200,0,211,0,0,0,0,0,1,0,0,1,0
10000,6,131000,0,85,0,195,1,0,0,0,1,0,0,1,0,0
15190,7,23423,0,85,1,750,0,0,0,0,0,0,0,0,0,1
10490,6,104342,0,75,0,171,0,0,0,0,0,0,0,1,0,0
15900,3,48000,0,125,1,99,0,1,0,0,0,0,1,0,1,0
10990,3,73262,0,75,1,322,0,0,0,0,0,0,1,0,1,0
15990,2,62000,0,125,1,180,1,0,0,0,1,0,0,1,0,0
13600,5,63000,0,125,0,253,0,0,0,0,1,0,0,1,0,0
11000,8,147600,0,85,1,581,1,0,0,0,0,0,1,0,0,1
11900,8,180000,0,85,0,22,1,0,0,0,0,0,1,0,0,0
8499,8,110000,0,85,1,382,1,0,0,0,0,0,1,0,1,0
14900,3,17895,0,75,1,121,0,0,0,0,0,0,1,1,0,0
12500,3,70000,0,75,1,226,0,0,0,0,0,0,1,0,0,0
10900,7,95000,0,100,0,326,0,0,0,0,1,0,0,0,1,0
10500,7,80000,0,100,1,131,0,0,0,0,0,0,1,0,0,0
5500,1,220000,0,95,0,86,1,0,0,0,1,0,0,0,0,0
15950,4,40775,0,125,1,147,1,0,0,0,0,0,1,1,0,0
10800,7,110500,0,85,0,348,1,0,0,0,0,0,1,0,1,0
10999,7,107488,0,85,1,568,1,0,0,0,1,0,0,0,0,1
10900,6,60840,0,85,1,286,1,0,0,0,0,0,1,1,0,0
11000,7,89000,0,85,0,276,1,0,0,0,1,0,0,1,0,0
10000,8,110000,0,85,0,278,1,0,0,0,1,0,0,1,0,0
11300,7,93550,0,100,0,166,0,0,0,0,1,0,0,1,0,0
11500,7,80000,0,100,0,652,0,0,0,0,0,0,1,0,0,1
9500,6,82000,0,85,0,161,0,0,0,0,0,0,1,1,0,0
11000,6,63650,0,95,0,287,0,0,0,0,0,0,1,1,0,0
11500,7,83000,0,100,1,233,0,0,0,0,0,0,1,1,0,0
14500,6,60000,0,86,1,485,1,0,0,0,0,0,1,0,0,1
9500,7,137000,0,85,0,301,1,0,0,0,1,0,0,0,1,0
4950,6,212789,0,85,1,514,1,0,0,0,0,0,0,0,0,1
10900,7,121000,0,85,1,95,0,0,0,0,1,0,0,0,0,0
10900,8,129999,0,85,1,759,1,0,0,0,0,0,1,0,0,1
8900,7,122746,0,85,1,466,1,0,0,0,0,0,0,0,0,1
10500,8,99978,0,100,1,484,0,0,0,0,1,0,0,0,0,1
7400,7,258000,0,75,0,146,0,0,0,0,1,0,0,0,0,0
12500,7,44000,0,95,1,233,0,0,0,0,1,0,0,1,0,0
12900,3,42000,0,75,1,168,0,0,0,0,0,0,1,0,1,0
17500,3,11481,0,100,1,750,0,0,0,1,0,0,1,0,0,1
9900,8,111048,0,100,1,882,0,0,0,0,0,0,0,0,0,1
13700,5,73352,0,95,1,86,0,0,0,0,0,1,0,0,0,0
9900,8,70362,0,85,0,283,0,0,0,0,0,0,0,1,0,0
10900,7,74000,0,75,1,270,0,0,0,0,0,0,1,1,0,0
12800,3,71557,0,75,1,775,0,0,0,0,0,0,1,0,0,1
9300,8,126000,0,85,0,495,1,0,0,0,1,0,0,0,0,1
16500,3,51642,0,75,1,750,0,0,0,0,0,0,1,0,0,1
11400,6,116000,0,85,1,532,1,0,0,0,1,0,0,0,0,1
14600,3,60000,0,125,0,87,0,1,0,0,0,0,1,0,1,0
12950,4,57000,0,75,1,526,0,0,0,0,0,0,1,0,0,1
10500,7,74000,0,85,1,171,1,0,0,0,0,0,1,1,0,0
14900,6,22700,0,75,0,513,0,0,0,0,0,0,1,0,0,1
8300,8,130000,0,75,1,485,0,0,0,0,0,0,1,0,0,1
14900,6,45000,0,125,1,173,0,1,0,0,1,0,0,1,0,0
12000,7,71900,0,85,0,275,0,0,0,0,0,0,1,1,0,0
8500,8,130000,0,100,1,132,0,0,0,0,0,0,0,0,0,0
15450,3,48983,0,75,1,147,0,0,0,0,0,0,1,1,0,0
15500,3,38600,0,125,0,177,0,1,0,0,0,0,1,1,0,0
13000,6,70000,0,86,0,490,1,0,0,0,1,0,0,0,0,1
15900,3,20500,0,125,0,131,0,1,0,0,1,0,0,0,0,0
8900,8,151440,0,85,1,853,1,0,0,0,0,0,1,0,0,1
12500,6,35300,0,95,0,262,0,0,0,0,1,0,0,1,0,0
9990,6,137000,0,85,0,719,1,0,0,0,0,0,1,0,0,1
8600,8,80000,0,85,0,146,0,0,0,0,0,0,1,0,0,0
12590,3,92530,0,125,1,214,0,1,0,0,1,0,0,1,0,0
9999,7,71214,0,85,1,475,0,0,0,0,0,0,1,0,0,1
15990,2,18000,0,125,1,499,0,1,0,0,0,0,1,0,0,1
7900,8,225000,0,85,1,638,1,0,0,0,0,0,1,0,0,1
21500,5,60700,0,200,0,204,0,0,0,0,0,1,0,0,1,0
10000,8,140000,0,120,0,68,1,0,0,0,1,0,0,0,0,0
8900,7,93000,0,75,0,495,0,0,0,0,0,0,1,0,0,1
8200,8,210000,0,85,1,507,1,0,0,0,0,0,1,0,0,1
16950,2,28628,0,125,1,147,1,0,0,0,0,0,1,1,0,0
11900,3,89000,0,75,0,485,0,0,0,0,0,0,1,0,0,1
9500,7,117800,0,100,1,498,0,0,0,0,0,0,1,0,0,1
16700,2,24000,0,75,1,133,0,0,0,0,0,0,0,0,1,0
9000,8,137000,0,85,0,497,1,0,0,0,0,0,1,0,0,1
6990,4,169000,0,125,1,701,0,1,0,0,0,0,1,0,0,1
9490,6,133000,0,75,1,614,0,0,0,0,0,0,0,0,0,1
10500,7,132900,0,85,1,485,1,0,0,0,0,0,0,0,0,1
14000,3,69850,0,75,1,106,0,0,0,0,0,0,1,0,0,0
19500,7,70000,0,205,0,500,0,0,0,0,0,1,0,0,0,1
14800,4,27500,0,125,0,522,0,1,0,0,1,0,0,0,0,1
13600,5,56500,0,125,0,270,0,1,0,0,1,0,0,1,0,0
11500,8,120000,0,120,0,542,1,0,0,0,1,0,0,0,0,1
10000,8,141000,0,120,0,42,1,0,0,0,1,0,0,0,0,0
11500,5,94000,0,100,1,215,0,0,0,0,1,0,0,0,0,0
12000,8,85000,0,86,0,90,1,0,0,0,0,0,0,0,0,0
15990,3,34000,0,125,0,128,0,1,0,0,0,0,1,0,0,0
21000,6,77500,0,200,0,98,0,0,0,0,0,1,0,0,0,0
10400,8,102000,0,100,0,264,0,0,0,0,1,0,0,1,0,0
11400,5,90000,0,125,1,215,0,1,0,0,0,0,1,0,0,0
11500,4,73000,0,125,1,425,0,0,0,0,0,0,1,0,0,1
10450,8,85000,0,85,1,759,0,0,0,0,0,0,0,0,0,1
17500,3,15000,0,125,0,242,0,1,0,0,0,0,1,1,0,0
17000,5,80000,0,125,0,207,0,1,0,0,1,0,0,0,1,0
6900,7,155000,0,85,1,119,1,0,0,0,0,0,0,1,0,0
12000,8,170000,0,85,0,276,1,0,0,0,1,0,0,1,0,0
12600,6,66000,0,125,0,177,0,1,0,0,0,0,1,1,0,0
10500,8,88400,0,85,1,466,1,0,0,0,0,0,1,0,0,1
11500,4,77000,0,75,1,16,0,0,0,0,0,0,1,0,0,0
13990,3,70000,0,125,1,170,0,1,0,0,0,0,1,1,0,0
15950,3,10000,0,125,0,22,0,1,0,0,0,0,1,0,0,0
10500,8,109,0,100,0,611,0,0,0,0,1,0,0,0,0,1
10900,3,68000,0,75,0,230,0,0,0,0,0,0,1,0,1,0
11000,7,26000,0,85,0,522,1,0,0,0,1,0,0,0,0,1
9300,8,120000,0,85,0,505,1,0,0,0,0,0,1,0,0,1
14800,4,46500,0,125,0,221,0,1,0,0,1,0,0,0,0,0
13999,7,63000,0,85,0,120,1,0,0,0,0,0,0,0,1,0
8900,8,140000,1,85,0,30,1,0,0,0,0,0,1,0,0,0
13900,7,31350,0,85,0,750,0,0,0,0,0,0,1,0,0,1
16500,3,29000,0,125,0,628,0,1,0,0,0,0,1,0,0,1
11900,7,86000,0,85,1,905,1,0,0,0,0,0,1,0,0,1
14500,3,59444,0,75,1,120,0,0,0,0,0,0,1,0,1,0
7900,8,140000,0,85,0,16,1,0,0,0,0,0,0,0,0,0
10600,7,75580,0,85,1,92,1,0,0,0,0,0,0,0,1,0
17500,2,32200,0,125,0,326,0,1,0,0,1,0,0,0,1,0
12390,4,75000,0,125,0,42,0,1,0,0,1,0,0,0,0,0
8400,8,138972,0,120,1,512,1,0,0,0,0,0,1,0,0,1
14500,8,90000,0,140,1,106,0,0,0,0,1,0,0,1,0,0
12500,4,73523,0,75,1,106,0,0,0,0,0,0,1,1,0,0
9500,6,78968,0,75,1,177,0,0,0,0,0,0,1,1,0,0
12200,8,41045,0,100,1,120,0,0,0,0,1,0,0,0,1,0
11600,4,79000,0,75,1,181,0,0,0,0,0,0,1,1,0,0
15450,3,48000,0,75,1,162,0,0,0,0,0,0,1,1,0,0
9500,8,75300,0,85,0,178,0,0,0,0,0,0,1,1,0,0
8800,8,134000,0,85,0,731,1,0,0,0,0,0,1,0,0,1
14700,3,75000,0,125,0,179,0,1,0,0,1,0,0,0,0,0
14000,6,51000,0,100,0,326,0,0,0,0,1,0,0,0,1,0
23900,4,68000,0,200,0,106,0,0,0,0,0,1,0,0,1,0
11500,6,120000,0,85,0,634,1,0,0,0,1,0,0,0,0,1
9790,7,132990,0,85,1,706,1,0,0,0,0,0,1,0,0,1
14900,3,37000,0,125,1,487,0,1,0,0,0,0,1,0,0,1
13900,3,45600,0,75,1,785,0,0,0,0,0,0,1,0,0,1
12900,5,14450,0,95,1,326,0,0,0,0,0,0,1,0,1,0
14490,4,25400,0,75,1,128,0,0,0,0,0,0,1,0,0,0
9950,6,98500,0,85,1,20,1,0,0,0,0,0,1,0,0,0
9900,5,136000,0,75,1,494,0,0,0,0,0,0,0,0,0,1
17900,3,65000,0,125,0,803,0,1,0,0,1,0,0,0,0,1
13499,4,52800,0,100,1,695,0,0,0,0,0,0,1,0,0,1
8500,7,150000,0,85,0,245,1,0,0,0,1,0,0,0,1,0
9900,8,130000,0,85,0,724,1,0,0,0,0,0,1,0,0,1
9650,6,139305,0,85,1,824,1,0,0,0,0,0,1,0,0,1
10900,8,43000,0,100,0,144,0,0,0,0,0,0,1,0,0,0
10990,7,109000,0,75,1,245,0,0,0,0,0,0,1,1,0,0
9000,8,132000,0,75,0,166,0,0,0,0,0,0,1,1,0,0
15900,4,56000,1,125,0,326,0,1,0,0,0,0,1,0,1,0
10500,7,100000,0,86,0,326,0,0,0,0,1,0,0,0,1,0
13999,4,48500,0,125,0,485,0,0,0,0,1,0,0,0,0,1
12000,6,55331,0,85,1,381,1,0,0,0,0,0,0,0,1,0
16500,3,22000,0,75,0,172,0,0,0,0,0,0,1,0,0,0
13000,6,51000,0,125,0,783,0,1,0,0,0,1,0,0,0,1
11600,6,89190,0,85,0,230,1,0,0,0,0,0,0,0,0,0
9000,7,99150,0,85,0,533,1,0,0,0,0,0,0,0,0,1
10300,6,94000,0,95,0,121,0,0,0,0,1,0,0,1,0,0
9000,8,71000,0,75,0,194,0,0,0,0,0,0,1,1,0,0
12000,7,118000,0,85,0,68,1,0,0,0,1,0,0,0,0,0
11999,7,37500,0,85,0,51,0,0,0,0,1,0,0,0,0,0
9500,8,158252,0,75,0,505,1,0,0,0,1,0,0,0,0,1
10390,8,133000,0,85,0,125,1,0,0,0,0,0,1,1,0,0
14500,6,52300,0,75,0,196,0,0,0,0,0,0,1,1,0,0
9000,8,100000,0,85,0,495,1,0,0,0,0,0,1,0,0,1
9999,6,77000,0,75,0,161,0,0,0,0,0,0,1,1,0,0
8000,6,87000,0,75,0,377,0,0,0,0,0,0,0,0,1,0
9500,7,163000,0,85,0,430,0,0,0,0,1,0,0,0,0,1
9500,7,110000,0,85,0,57,1,0,0,0,0,0,1,0,0,0
10000,8,110000,0,86,0,158,1,0,0,0,0,0,1,1,0,0
14000,6,36600,0,95,0,278,0,0,0,0,1,0,0,1,0,0
11400,6,92000,0,85,0,429,1,0,0,0,0,0,0,0,1,0
12800,4,70000,0,75,1,775,0,0,0,0,0,0,1,0,0,1
21500,7,56000,0,200,0,174,0,0,0,0,0,1,0,1,0,0
10000,7,110000,0,85,0,93,0,0,0,0,0,0,1,0,0,0
9999,7,57550,0,100,0,276,0,0,0,0,1,0,0,1,0,0
11500,6,11600,0,75,0,89,0,0,0,0,0,0,0,0,0,0
10400,8,86200,0,85,0,326,0,0,0,0,0,0,1,0,1,0
9600,7,120000,0,85,1,119,1,0,0,0,0,0,1,0,1,0
11000,5,80672,0,75,1,120,0,0,0,0,0,0,0,0,1,0
12500,6,112000,0,85,1,505,1,0,0,0,0,0,1,0,0,1
11000,8,78000,0,86,0,186,1,0,0,0,1,0,0,1,0,0
9350,6,99999,0,95,1,513,0,0,0,0,0,0,0,0,0,1
11900,3,37000,0,75,0,204,0,0,0,0,0,0,1,0,0,0
10300,6,97000,0,75,0,436,0,0,0,0,0,0,1,0,0,1
13800,7,85000,0,100,0,214,0,0,0,0,1,0,0,1,0,0
11300,6,62000,0,75,0,177,0,0,0,0,0,0,0,1,0,0
7500,7,117000,0,85,0,161,0,0,0,0,1,0,0,1,0,0
20500,6,92100,0,200,0,223,0,0,0,0,0,1,0,0,1,0
11900,7,57150,0,85,0,276,0,0,0,0,1,0,0,1,0,0
12900,3,78478,0,75,1,15,0,0,0,0,0,0,1,0,0,0
8400,8,153000,0,85,1,635,1,0,0,0,0,0,0,0,0,1
8000,8,94000,0,85,0,120,0,0,0,0,0,0,1,0,1,0
11300,4,166000,0,125,0,614,0,1,0,0,0,0,1,0,0,1
17900,7,73000,0,200,0,150,0,0,0,0,0,1,0,0,1,0
12000,8,150000,0,120,0,411,1,0,0,0,1,0,0,0,0,1
13000,7,73000,0,85,0,102,0,0,0,0,1,0,0,0,0,0
7800,7,150000,0,100,0,149,0,0,0,0,0,0,1,0,1,0
15000,6,19800,0,100,0,261,0,0,0,0,1,0,0,0,1,0
9500,7,129000,0,75,0,361,0,0,0,0,0,0,0,0,0,1
10500,6,141000,0,85,1,200,1,0,0,0,0,0,0,0,0,0
10700,8,140000,0,85,1,568,1,0,0,0,0,0,1,0,0,1
11000,8,117000,0,100,0,87,0,0,0,0,1,0,0,0,0,0
11000,8,114000,0,100,0,163,0,0,0,0,0,0,1,0,0,0
23500,3,27000,0,200,0,611,0,0,0,0,0,1,0,0,0,1
12000,6,45000,0,75,0,628,0,0,0,0,0,0,1,0,0,1
12500,8,100000,0,125,0,163,0,0,0,0,1,0,0,0,0,0
11500,6,94000,0,86,0,545,1,0,0,0,1,0,0,0,0,1
12000,6,14000,0,100,0,322,0,0,0,0,0,0,1,0,1,0
12500,7,99000,0,100,0,86,0,0,0,0,1,0,0,0,0,0
11500,6,42300,0,125,0,276,0,1,0,0,0,0,1,1,0,0
9800,8,74000,0,85,0,807,1,0,0,0,1,0,0,0,0,1
13500,6,85000,0,75,0,517,0,0,0,0,0,0,1,0,0,1
13500,8,135000,0,85,0,716,1,0,0,0,0,0,1,0,0,1
11500,6,60000,0,95,0,326,0,0,0,0,0,0,1,0,1,0
22000,7,73000,0,200,0,919,0,0,0,0,0,1,0,0,0,1
13000,4,31000,0,125,0,87,0,1,0,0,1,0,0,0,0,0
13500,7,105000,0,86,0,605,1,0,0,0,0,0,1,0,0,1
13000,6,105000,0,85,0,495,1,0,0,0,1,0,0,0,0,1
11999,7,65000,0,85,0,171,0,0,0,0,0,0,0,1,0,0
13500,6,47738,0,95,0,82,0,0,0,0,1,0,0,0,0,0
