Prezzo,Anni,Chilometraggio,Cambio,CV,Venditore,Distanza,is_Diesel vs Benzina,is_GPL vs Benzina,is_Elettrico vs Benzina,is_Ibrido vs Benzina,is_sport vs base,is_performance vs base,is_middle vs base,is NO vs NE,is Centro vs NE,is Sud_Isole vs NE
4200,6,1130000,0,75,1,215,1,0,0,0,0,0,0,0,0,0
6990,5,720000,0,75,1,176,0,0,0,0,0,0,1,1,0,0
6990,3,570000,0,75,1,176,0,0,0,0,0,0,1,1,0,0
6990,3,680000,0,75,1,176,0,0,0,0,0,0,1,1,0,0
7990,5,240000,0,75,1,176,0,0,0,0,0,0,1,1,0,0
7300,3,1420000,0,75,0,121,0,0,0,0,0,0,0,1,0,0
7500,6,1580000,0,75,0,164,0,0,0,0,0,0,0,0,0,0
8000,6,1617930,0,75,0,177,0,0,0,0,0,0,0,1,0,0
7900,4,1830000,0,75,1,214,0,0,0,0,1,0,0,1,0,0
8000,6,1007310,0,75,0,463,1,0,0,0,0,0,0,0,0,1
8000,6,1200000,0,75,0,23,0,0,0,0,0,0,0,0,0,0
7900,6,950000,0,75,1,299,0,0,0,0,0,0,0,1,0,0
7295,6,1384120,0,75,1,194,1,0,0,0,0,0,0,1,0,0
8490,4,570000,0,75,1,176,0,0,0,0,0,0,1,1,0,0
8999,2,540000,0,75,1,326,0,0,0,0,0,0,0,0,1,0
8950,6,230000,0,75,1,326,0,0,0,0,0,0,0,0,1,0
8200,6,730000,0,75,0,552,0,0,0,0,0,0,0,0,0,1
8950,5,1250000,0,75,0,101,1,0,0,0,0,0,1,0,0,0
8999,6,720000,0,75,0,178,0,0,0,0,0,0,0,1,0,0
9000,6,800000,0,75,0,76,0,0,0,0,0,0,0,0,0,0
9000,4,764400,0,75,0,474,0,0,0,0,0,0,0,0,0,1
8490,6,687910,0,75,1,232,0,0,0,0,0,0,0,1,0,0
9000,4,1000000,0,75,0,162,0,0,0,0,0,0,1,1,0,0
8990,4,462610,0,75,1,276,0,0,0,0,0,0,0,1,0,0
8800,5,1050000,0,75,0,201,0,0,0,0,0,0,0,1,0,0
8800,4,1113360,0,75,1,31,0,0,0,0,0,0,1,0,0,0
8500,4,1600000,0,75,0,362,1,0,0,0,0,0,0,0,1,0
8990,5,702010,0,75,1,232,0,0,0,0,0,0,0,1,0,0
8999,5,1000000,0,75,0,178,0,0,0,0,0,0,0,1,0,0
8600,5,1050000,0,75,1,177,0,0,0,0,0,0,0,1,0,0
8990,5,743390,0,75,1,232,0,0,0,0,0,0,1,1,0,0
9000,6,940000,0,75,0,61,0,0,0,0,0,0,0,1,0,0
8500,6,980000,0,75,0,667,0,0,0,0,0,0,0,0,0,1
8999,6,800000,0,75,1,237,0,0,0,0,0,0,0,1,0,0
8990,5,657160,0,75,1,232,0,0,0,0,0,0,0,1,0,0
9000,6,770000,0,75,0,513,0,0,0,0,0,0,0,0,0,1
8300,4,1150000,0,75,1,119,0,0,0,0,0,0,1,0,0,0
8900,4,1714240,0,75,1,724,1,0,0,0,0,0,1,0,0,1
8700,6,620000,0,75,0,530,0,0,0,0,0,0,1,0,0,1
8600,4,1640000,0,75,1,511,1,0,0,0,0,0,0,0,0,1
8900,3,900000,0,75,1,495,0,0,0,0,0,0,0,0,0,1
8499,6,1162880,0,75,1,86,1,0,0,0,0,0,0,0,0,0
8300,6,1160000,0,75,0,496,1,0,0,0,0,0,0,0,0,1
9000,5,1620000,0,75,0,193,0,0,0,0,0,0,1,1,0,0
8980,3,298760,0,75,1,326,1,0,0,0,0,0,1,0,1,0
9000,4,210000,0,75,1,225,0,0,0,0,0,0,0,1,0,0
8990,4,805000,0,75,0,495,0,0,0,0,0,0,0,0,0,1
8990,6,460000,0,75,1,176,0,0,0,0,0,0,1,1,0,0
8200,6,1020000,0,75,0,121,0,1,0,0,0,0,0,0,0,0
9990,2,370000,0,75,1,176,0,0,0,0,0,0,1,1,0,0
9990,6,759690,0,75,1,276,1,0,0,0,0,0,1,1,0,0
9870,4,893170,0,75,1,147,0,0,0,0,0,0,0,0,0,0
9990,2,400000,0,75,1,176,0,0,0,0,0,0,0,1,0,0
9800,5,700000,0,75,1,276,0,0,0,0,0,0,0,1,0,0
9990,4,597690,0,75,1,276,0,0,0,0,0,0,0,1,0,0
9500,6,1190000,0,75,1,301,0,0,0,0,0,0,1,1,0,0
9800,3,980000,0,75,1,299,0,0,0,0,0,0,1,1,0,0
9949,6,659250,0,75,1,276,0,0,0,0,0,0,0,1,0,0
9999,3,800000,0,75,1,111,0,0,0,0,0,0,0,1,0,0
9990,3,280000,1,75,1,176,0,0,0,0,0,0,1,1,0,0
9500,5,380000,0,75,0,16,0,0,0,0,0,0,0,0,0,0
9500,6,500000,0,75,1,146,0,0,0,0,0,0,0,1,0,0
9700,6,800000,0,75,0,127,0,0,0,0,0,0,0,0,0,0
9980,6,251000,0,75,1,162,0,0,0,0,0,0,0,1,0,0
10000,5,580000,0,75,0,498,0,0,0,0,0,0,1,0,0,1
10000,4,604100,0,75,0,187,0,0,0,0,0,0,0,1,0,0
9950,5,365000,0,75,0,279,0,0,0,0,0,0,0,1,0,0
10000,5,800000,0,75,0,132,0,0,0,0,1,0,0,1,0,0
9900,3,780000,0,75,0,77,0,0,0,0,0,0,0,0,0,0
9990,6,627860,0,75,1,326,0,0,0,0,0,0,0,0,1,0
9999,6,640000,0,75,1,243,0,0,0,0,0,0,0,1,0,0
9900,6,431340,0,75,1,99,0,0,0,0,0,0,0,0,1,0
9500,6,508000,0,75,0,268,0,0,0,0,0,0,0,1,0,0
9100,4,396720,0,75,1,276,0,0,0,0,0,0,0,1,0,0
9490,6,1010000,0,75,1,275,1,0,0,0,0,0,1,1,0,0
10000,6,480000,0,75,0,236,0,0,0,0,0,0,0,1,0,0
9900,5,847500,0,75,1,117,0,0,0,0,0,0,0,1,0,0
10000,5,650000,0,75,0,86,0,0,0,0,0,0,0,0,0,0
9990,4,453970,0,75,1,276,0,0,0,0,0,0,1,1,0,0
10000,3,413180,0,75,0,333,0,0,0,0,0,0,0,0,1,0
9900,4,364500,0,75,1,454,0,0,0,0,0,0,0,0,0,1
9500,4,975000,0,75,0,177,0,0,0,0,0,0,0,1,0,0
9300,6,950000,0,75,0,326,0,0,0,0,0,0,0,0,1,0
10000,5,580000,0,75,0,98,0,0,0,0,0,0,0,0,0,0
9990,3,455100,0,75,1,276,0,0,0,0,0,0,0,1,0,0
9500,6,820000,0,75,1,87,0,0,0,0,0,0,0,0,1,0
9500,3,1000000,0,75,0,20,0,0,0,0,0,0,1,0,0,0
10000,6,560000,0,75,0,346,0,0,0,0,0,0,0,0,1,0
9499,6,450000,0,75,1,486,0,0,0,0,0,0,0,0,0,1
9900,5,999000,0,75,1,159,1,0,0,0,0,0,0,0,0,0
9800,4,820000,0,75,0,487,1,0,0,0,0,0,1,0,0,1
10000,5,577770,0,75,0,326,0,0,0,0,0,0,0,0,1,0
10000,4,710000,0,75,0,326,0,0,0,0,0,0,1,0,1,0
9900,5,369000,0,75,1,276,0,0,0,0,0,0,0,1,0,0
9500,5,871400,0,75,0,533,0,0,0,0,0,0,1,0,0,1
10000,5,890000,0,75,0,807,1,0,0,0,0,0,0,0,0,1
9500,6,1160000,0,75,0,145,1,0,0,0,0,0,1,1,0,0
9900,6,830000,0,75,0,16,0,0,0,0,0,0,0,0,0,0
10000,3,830000,0,75,0,326,0,0,0,0,0,0,0,0,1,0
9990,4,468360,0,75,1,232,0,0,0,0,0,0,0,1,0,0
10000,6,1010000,1,75,0,487,0,0,0,0,0,0,1,0,0,1
9500,6,973000,0,75,0,326,0,0,0,0,0,0,0,0,1,0
9500,5,1200000,0,75,0,495,1,0,0,0,0,0,0,0,0,1
9300,5,900000,0,75,1,326,0,0,0,0,0,0,0,0,1,0
10000,3,860000,0,75,0,495,0,0,0,0,0,0,1,0,0,1
9300,5,1350000,0,75,1,205,0,0,0,0,0,0,1,1,0,0
9900,5,980000,0,75,1,326,0,0,0,0,0,0,1,0,1,0
9900,3,680000,0,75,1,215,0,0,0,0,0,0,0,0,0,0
9800,6,840000,0,75,0,288,0,0,0,0,0,0,0,1,0,0
9900,4,1279100,0,75,1,304,1,0,0,0,0,0,0,0,0,1
9900,4,1068540,0,75,1,20,1,0,0,0,0,0,0,0,0,0
9300,6,800000,0,75,0,478,0,0,0,0,0,0,0,0,0,1
9900,5,1875000,0,75,1,170,1,0,0,0,1,0,0,1,0,0
9490,6,1066700,0,75,1,232,1,0,0,0,0,0,1,1,0,0
9900,4,808000,0,75,1,215,0,0,0,0,0,0,0,1,0,0
9950,5,888280,0,75,1,163,0,0,0,0,0,0,0,0,0,0
9750,4,850000,0,75,0,523,0,0,0,0,0,0,0,0,0,1
9950,6,893450,0,75,1,270,0,0,0,0,0,0,0,1,0,0
9800,5,1250000,0,75,0,261,0,0,0,0,0,0,0,0,1,0
9990,6,845000,0,75,0,803,1,0,0,0,0,0,1,0,0,1
9500,5,1500000,0,75,0,138,0,0,0,0,0,0,1,0,1,0
9800,4,1040000,0,75,0,262,0,0,0,0,0,0,0,1,0,0
9900,6,839000,0,75,1,165,0,0,0,0,0,0,0,1,0,0
9700,4,911000,0,75,1,16,0,0,0,0,0,0,0,0,0,0
9900,3,670000,0,75,1,215,0,0,0,0,0,0,0,0,0,0
9990,6,730000,0,75,1,883,0,0,0,0,0,0,0,0,0,1
9990,6,1225330,0,75,1,560,0,0,0,0,0,0,0,0,0,1
10000,5,1750000,0,75,0,482,1,0,0,0,1,0,0,0,0,1
9700,6,1150000,0,75,1,171,0,0,0,0,0,0,1,1,0,0
9900,5,860000,0,75,1,495,0,0,0,0,0,0,0,0,0,1
9400,4,1039340,0,75,1,31,0,0,0,0,0,0,1,0,0,0
9500,6,1220000,0,75,0,750,0,0,0,0,0,0,1,0,0,1
9990,4,1570000,0,75,1,165,1,0,0,0,0,0,0,1,0,0
9490,3,949240,0,75,1,276,0,0,0,0,0,0,0,1,0,0
9900,3,750000,0,75,1,215,0,0,0,0,0,0,0,0,0,0
9900,6,1180000,0,75,0,858,0,0,0,0,0,0,1,0,0,1
9900,3,730000,0,75,1,215,0,0,0,0,0,0,0,0,0,0
9950,6,678370,0,75,1,201,0,0,0,0,0,0,0,0,0,0
9450,5,1429000,0,75,1,271,0,0,0,0,0,0,0,1,0,0
9900,4,710000,0,75,1,484,0,0,0,0,0,0,0,0,0,1
9900,6,756100,0,75,1,119,1,0,0,0,0,0,0,0,0,0
9700,6,960000,0,75,1,180,0,0,0,0,0,0,0,1,0,0
9900,6,1026700,0,75,1,279,1,0,0,0,0,0,1,1,0,0
10000,6,1005350,0,75,0,177,0,0,0,0,0,0,0,1,0,0
9300,5,1100000,0,75,1,210,0,0,0,0,0,0,0,1,0,0
9950,5,882980,0,75,1,201,0,0,0,0,0,0,0,0,0,0
9990,3,833010,0,75,1,276,0,0,0,0,0,0,0,1,0,0
10000,5,990000,0,75,1,191,0,0,0,0,0,0,0,1,0,0
9900,5,1170000,0,75,1,290,0,0,0,0,0,0,1,1,0,0
9900,5,915280,0,75,1,106,0,0,0,0,0,0,0,0,1,0
9950,6,678370,0,75,1,163,0,0,0,0,0,0,0,0,0,0
9900,6,1400000,0,75,1,186,0,0,0,0,0,0,0,0,0,0
9990,5,838920,0,75,1,193,0,0,0,0,0,0,0,1,0,0
9900,4,550000,0,75,1,276,0,0,0,0,0,0,1,1,0,0
9400,6,1070000,1,75,1,270,0,0,0,0,0,0,1,1,0,0
9990,1,60000,0,75,1,176,0,0,0,0,0,0,1,1,0,0
10990,3,450190,0,75,1,276,0,0,0,0,0,0,0,1,0,0
10990,3,583020,0,75,1,276,0,0,0,0,0,0,1,1,0,0
11000,4,500000,0,75,1,215,0,0,0,0,0,0,0,1,0,0
10890,1,183010,0,75,1,326,0,0,0,0,0,0,1,0,1,0
10490,5,780000,0,75,1,87,1,0,0,0,0,0,1,0,1,0
10990,5,514590,0,75,1,106,0,0,0,0,0,0,0,1,0,0
10900,5,1390000,0,75,1,301,1,0,0,0,1,0,0,1,0,0
10850,5,829660,0,75,1,83,1,0,0,0,0,0,1,0,1,0
10900,4,1050000,0,75,1,42,0,0,0,0,0,0,0,0,0,0
10990,3,723000,0,75,1,214,0,0,0,0,0,0,1,1,0,0
10980,6,650000,0,75,1,178,0,0,0,0,0,0,0,1,0,0
10900,6,759500,0,75,1,111,0,0,0,0,0,0,0,1,0,0
10990,6,1390000,0,75,1,463,1,0,0,0,0,0,1,0,0,1
10900,6,385000,0,75,0,731,0,0,0,0,0,0,0,0,0,1
10800,5,456000,0,75,0,480,0,0,0,0,0,0,1,0,0,1
10490,1,185300,0,75,1,326,0,0,0,0,0,0,1,0,1,0
11000,4,440000,0,75,0,288,0,0,0,0,0,0,1,1,0,0
11000,5,470000,0,75,0,177,0,0,0,0,0,0,1,1,0,0
10500,3,330000,0,75,0,160,0,0,0,0,0,0,0,1,0,0
11000,6,700000,0,75,0,83,1,0,0,0,0,0,0,0,0,0
10700,4,220000,0,75,1,588,0,0,0,0,0,0,1,0,0,1
11000,5,200220,0,75,0,170,0,0,0,0,0,0,0,1,0,0
11000,4,420000,0,75,0,154,0,0,0,0,0,0,0,1,0,0
11000,3,500000,0,75,0,276,0,0,0,0,0,0,0,1,0,0
10990,4,610000,0,75,0,169,0,0,0,0,0,0,1,1,0,0
10890,1,198820,0,75,1,326,0,0,0,0,0,0,1,0,1,0
11000,6,960000,0,75,0,176,1,0,0,0,0,0,1,0,0,0
10900,5,460860,0,75,1,201,0,0,0,0,0,0,1,0,0,0
10999,3,530000,0,75,0,177,0,0,0,0,0,0,0,1,0,0
11000,5,650000,0,75,0,101,0,0,0,0,0,0,0,0,0,0
10850,6,500000,0,75,0,532,0,0,0,0,1,0,0,0,0,1
10900,6,1380000,1,75,0,495,0,0,0,0,1,0,0,0,0,1
10890,1,236660,0,75,1,326,0,0,0,0,0,0,1,0,1,0
10999,6,710000,0,75,0,720,1,0,0,0,0,0,0,0,0,1
10500,4,630000,0,75,0,326,0,0,0,0,0,0,0,0,1,0
10890,1,155710,0,75,1,326,0,0,0,0,0,0,1,0,1,0
10490,4,480000,0,75,1,176,0,0,0,0,1,0,0,1,0,0
11000,3,430000,0,75,0,194,0,0,0,0,0,0,0,1,0,0
11000,6,600000,0,75,0,120,0,0,0,0,0,0,0,0,0,0
10450,6,350000,0,75,1,326,0,0,0,0,0,0,1,0,1,0
10500,6,665000,0,75,0,125,0,0,0,0,0,0,1,1,0,0
10500,5,430000,0,75,0,176,0,0,0,0,0,0,0,0,1,0
10890,1,242270,0,75,1,326,0,0,0,0,0,0,1,0,1,0
11000,5,1020000,1,75,0,482,0,0,0,0,0,0,0,0,0,1
11000,5,1140000,0,75,0,107,0,0,0,0,0,0,1,0,0,0
10400,3,643570,0,75,1,184,0,0,0,0,0,0,0,1,0,0
10500,5,700000,0,75,0,120,0,0,0,0,0,0,0,1,0,0
10490,3,160340,0,75,1,276,0,0,0,0,0,0,0,1,0,0
10500,6,335000,0,75,0,126,0,0,0,0,0,0,0,1,0,0
10890,3,270000,0,75,1,319,0,0,0,0,0,0,0,0,1,0
10990,5,30400,0,75,1,276,0,0,0,0,0,0,0,1,0,0
10890,1,158650,0,75,1,326,0,0,0,0,0,0,1,0,1,0
11000,6,630000,0,75,0,199,1,0,0,0,0,0,0,0,1,0
10900,4,922180,1,75,1,478,1,0,0,0,0,0,0,0,0,1
11000,4,530000,0,75,0,170,0,0,0,0,0,0,1,1,0,0
10900,6,1180000,0,75,0,174,0,0,0,0,1,0,0,1,0,0
10400,3,643570,0,75,1,511,0,0,0,0,0,0,0,0,0,1
10500,4,678000,0,75,0,180,0,0,0,0,0,0,0,1,0,0
10900,6,460000,0,75,1,51,0,0,0,0,0,0,0,0,0,0
10490,3,237000,0,75,1,232,0,0,0,0,0,0,0,1,0,0
10500,6,720000,0,75,1,339,0,0,0,0,0,0,1,0,1,0
10500,5,750000,0,75,0,16,0,0,0,0,0,0,0,0,0,0
10500,4,610500,0,75,1,383,0,0,0,0,0,0,0,0,1,0
10400,6,413930,0,75,1,159,0,0,0,0,0,0,0,0,0,0
10999,5,400000,0,75,1,484,0,0,0,0,0,0,1,0,0,1
10900,5,550000,0,75,0,326,0,0,0,0,0,0,0,0,1,0
10350,4,600000,0,75,0,206,0,0,0,0,0,0,0,1,0,0
10200,4,834740,0,75,1,25,0,0,0,0,0,0,0,0,0,0
10900,2,700000,0,75,1,216,0,0,0,0,0,0,0,1,0,0
10990,3,199650,0,75,1,276,0,0,0,0,0,0,0,1,0,0
10900,4,669820,0,75,1,310,0,0,0,0,0,0,1,0,1,0
10900,3,564680,0,75,1,228,0,0,0,0,0,0,0,0,1,0
10800,6,575000,0,75,0,326,0,0,0,0,0,0,0,0,1,0
10800,4,426000,0,75,1,132,0,0,0,0,0,0,0,0,0,0
10990,5,979000,1,75,1,275,0,0,0,0,0,0,0,1,0,0
10600,3,480000,0,75,1,215,0,0,0,0,0,0,0,0,0,0
10500,6,745260,0,75,1,194,0,0,0,0,0,0,0,0,1,0
10990,3,90100,0,75,1,276,0,0,0,0,0,0,0,1,0,0
10900,6,880000,0,75,1,100,1,0,0,0,0,0,0,0,0,0
10900,3,950660,0,75,1,326,0,0,0,0,0,0,0,0,1,0
10490,3,300000,0,75,1,521,0,0,0,0,0,0,1,0,0,1
10900,6,1400000,0,75,0,207,1,0,0,0,0,0,1,1,0,0
10900,6,240000,0,75,1,326,0,0,0,0,0,0,0,0,1,0
10990,4,388650,0,75,1,232,0,0,0,0,0,0,1,1,0,0
10400,6,879590,0,75,1,174,0,0,0,0,0,0,1,1,0,0
10900,4,650000,0,75,1,95,0,0,0,0,0,0,0,1,0,0
10900,4,550000,0,75,1,192,0,0,0,0,0,0,1,1,0,0
10990,3,264180,0,75,1,276,0,0,0,0,0,0,0,1,0,0
10750,3,560000,0,75,0,496,0,0,0,0,0,0,0,0,0,1
10900,4,620000,0,75,1,290,0,0,0,0,0,0,0,0,1,0
10800,5,781000,0,75,0,101,0,0,0,0,0,0,0,0,0,0
10950,4,690000,0,75,0,326,0,0,0,0,0,0,1,0,1,0
10700,3,622760,0,75,1,209,0,0,0,0,0,0,0,1,0,0
10900,6,1569000,0,75,1,200,1,0,0,0,1,0,0,0,1,0
10400,4,795000,0,75,1,126,0,0,0,0,0,0,1,0,0,0
10900,4,1083050,0,75,1,76,0,0,0,0,0,0,0,0,0,0
10500,6,700000,0,75,0,245,0,0,0,0,0,0,0,1,0,0
10990,4,535590,0,75,1,326,0,0,0,0,0,0,0,0,1,0
11000,6,967000,0,75,0,322,0,0,0,0,0,0,0,1,0,0
10200,3,740000,0,75,1,215,0,0,0,0,0,0,0,0,0,0
10990,6,950000,0,75,1,275,1,0,0,0,0,0,1,1,0,0
10500,6,980000,0,75,1,228,0,0,0,0,0,0,1,0,1,0
11000,6,1030000,0,75,0,490,1,0,0,0,0,0,1,0,0,1
10500,6,760000,0,75,0,491,0,0,0,0,0,0,0,0,0,1
10900,5,960000,0,75,0,87,0,0,0,0,0,0,0,1,0,0
10400,4,580000,0,75,1,495,0,0,0,0,0,0,1,0,0,1
10700,4,800000,0,75,1,183,0,0,0,0,0,0,1,1,0,0
10300,3,729590,0,75,1,127,0,0,0,0,0,0,0,0,0,0
10700,4,770000,0,75,0,209,0,0,0,0,0,0,0,1,0,0
10990,5,1300000,0,75,1,757,1,0,0,0,0,0,1,0,0,1
10299,6,879060,0,75,1,25,0,0,0,0,0,0,0,0,0,0
10800,6,554000,0,75,1,387,0,0,0,0,0,0,0,0,1,0
10890,5,1043050,0,75,1,210,1,0,0,0,0,0,1,1,0,0
10600,4,1140000,0,75,1,203,1,0,0,0,0,0,0,1,0,0
10900,4,537080,0,75,1,178,0,0,0,0,0,0,1,1,0,0
10450,4,784000,0,75,1,198,0,0,0,0,0,0,0,1,0,0
10500,4,1065000,0,75,1,181,0,0,0,0,0,0,0,0,0,0
10900,5,756470,0,75,1,276,0,0,0,0,0,0,1,1,0,0
10400,4,850000,0,75,1,147,0,0,0,0,0,0,1,1,0,0
10999,3,690000,0,75,1,483,0,0,0,0,0,0,0,0,0,1
11000,6,950000,0,75,0,317,0,0,0,0,0,0,0,0,1,0
10999,5,1390000,0,75,1,487,1,0,0,0,0,0,1,0,0,1
10900,5,817500,0,75,1,211,0,0,0,0,0,0,0,0,1,0
10390,6,742200,0,75,1,92,1,0,0,0,0,0,1,0,1,0
10500,5,1100000,0,75,0,342,0,0,0,0,0,0,0,1,0,0
10200,3,740000,0,75,1,215,0,0,0,0,0,0,0,0,0,0
10500,5,1160000,0,75,0,45,0,0,0,0,0,0,0,0,0,0
10299,6,879060,0,75,1,99,0,0,0,0,0,0,0,0,1,0
11000,3,790000,0,75,1,178,0,0,0,0,0,0,0,1,0,0
10500,5,621640,0,75,1,326,0,0,0,0,0,0,0,0,1,0
10299,6,879060,0,75,1,326,0,0,0,0,0,0,0,0,1,0
10500,5,800000,0,75,0,114,0,0,0,0,0,0,0,1,0,0
10500,4,1150000,0,75,1,256,0,0,0,0,0,0,0,1,0,0
10900,3,938100,0,75,1,326,0,0,0,0,0,0,0,0,1,0
10490,6,480000,0,75,1,344,0,0,0,0,0,0,0,0,1,0
10800,5,761150,0,75,1,92,0,0,0,0,0,0,0,0,1,0
10200,3,770000,0,75,1,215,0,0,0,0,0,0,0,0,0,0
10500,6,730000,0,75,1,495,0,0,0,0,0,0,0,0,0,1
10400,6,790000,0,75,0,83,0,0,0,0,0,0,0,1,0,0
10900,6,964050,0,75,1,746,0,0,0,0,0,0,0,0,0,1
10990,4,376200,0,75,1,276,0,0,0,0,0,0,1,1,0,0
10500,5,810000,0,75,1,326,0,0,0,0,0,0,0,0,1,0
11000,6,1400000,0,75,1,550,0,0,0,0,1,0,0,0,0,1
10900,4,600000,0,75,1,495,0,0,0,0,0,0,1,0,0,1
10900,5,930620,0,75,1,194,0,0,0,0,0,0,0,0,1,0
11000,4,800000,0,75,0,619,0,0,0,0,0,0,0,0,0,1
10400,6,1005150,0,75,1,55,0,0,0,0,0,0,0,0,0,0
10990,6,758910,0,75,1,560,0,0,0,0,0,0,0,0,0,1
11000,6,700000,0,75,0,326,0,0,0,0,0,0,0,0,1,0
10990,5,1265770,0,75,1,276,1,0,0,0,0,0,1,1,0,0
10500,4,1570000,0,75,0,147,1,0,0,0,0,0,0,1,0,0
10700,3,778300,0,75,1,209,0,0,0,0,0,0,0,1,0,0
10900,3,957920,0,75,1,326,0,0,0,0,0,0,0,0,1,0
10499,5,1008900,0,75,0,102,0,0,0,0,0,0,0,1,0,0
10900,4,934900,0,75,1,16,0,0,0,0,0,0,0,0,0,0
10490,6,900000,0,75,1,276,0,0,0,0,0,0,1,1,0,0
10500,3,860000,0,75,1,92,0,0,0,0,0,0,0,0,0,0
10999,5,880000,0,75,1,484,0,0,0,0,0,0,0,0,0,1
11000,6,730000,0,75,0,793,0,0,0,0,0,0,1,0,0,1
10900,4,692250,0,75,1,146,0,0,0,0,0,0,0,0,1,0
10299,6,879060,0,75,1,86,0,0,0,0,0,0,0,0,0,0
10990,5,687330,0,75,1,488,0,0,0,0,0,0,0,0,0,1
10700,6,463960,0,75,1,276,0,0,0,0,0,0,0,1,0,0
10299,6,879060,0,75,1,283,0,0,0,0,0,0,0,1,0,0
10900,6,1186130,0,75,1,852,0,0,0,0,0,0,0,0,0,1
10990,6,869500,0,75,1,326,0,0,0,0,0,0,0,0,1,0
10890,4,1035000,0,75,0,276,0,0,0,0,0,0,1,1,0,0
10299,6,879060,0,75,1,485,0,0,0,0,0,0,0,0,0,1
10099,5,1268550,0,75,1,86,0,0,0,0,0,0,0,0,0,0
10099,5,1268550,0,75,1,99,0,0,0,0,0,0,0,0,1,0
10099,5,1268550,0,75,1,283,0,0,0,0,0,0,0,1,0,0
10900,5,730000,0,75,1,495,0,0,0,0,0,0,1,0,0,1
10300,6,1140000,0,75,1,519,0,0,0,0,0,0,0,0,0,1
10099,5,1268550,0,75,1,326,0,0,0,0,0,0,0,0,1,0
10900,3,542710,0,75,1,550,0,0,0,0,0,0,0,0,0,1
10099,5,1268550,0,75,1,485,0,0,0,0,0,0,0,0,0,1
10299,6,879060,0,75,1,628,0,0,0,0,0,0,0,0,0,1
10099,5,1268550,0,75,1,628,0,0,0,0,0,0,0,0,0,1
10800,6,883940,0,75,1,271,0,0,0,0,0,0,0,1,0,0
10099,5,1268550,0,75,1,25,0,0,0,0,0,0,0,0,0,0
10500,2,330000,0,75,0,169,0,0,0,0,0,0,0,1,0,0
11950,2,422650,0,75,1,276,0,0,0,0,0,0,1,1,0,0
11900,2,290000,0,75,1,270,0,0,0,0,0,0,1,1,0,0
11900,2,320000,0,75,1,270,0,0,0,0,0,0,1,1,0,0
11500,3,410000,0,75,1,231,1,0,0,0,0,0,0,0,0,0
11500,3,468810,0,75,1,208,0,0,0,0,0,0,0,1,0,0
11800,5,866200,1,75,1,146,0,0,0,0,1,0,0,1,0,0
11950,2,422650,0,75,1,275,0,0,0,0,0,0,1,1,0,0
11500,6,311020,0,75,1,105,0,0,0,0,0,0,0,0,1,0
11800,5,877310,0,75,1,170,0,0,0,0,1,0,0,1,0,0
11990,6,1069000,1,75,1,281,0,0,0,0,0,0,1,1,0,0
11900,4,185500,0,75,1,750,0,0,0,0,0,0,0,0,0,1
11990,4,395420,0,75,1,193,0,0,0,0,0,0,1,1,0,0
11990,3,609120,0,75,1,488,0,0,0,0,0,0,1,0,0,1
11490,3,376070,0,75,1,488,0,0,0,0,0,0,1,0,0,1
11900,4,190000,0,75,1,189,0,0,0,0,0,0,0,1,0,0
11990,4,563400,0,75,1,488,0,0,0,0,0,0,0,0,0,1
11500,5,974550,0,75,1,87,0,0,0,0,0,0,0,0,1,0
11570,4,997770,0,75,1,389,1,0,0,0,0,0,0,0,0,1
11999,3,270000,0,75,0,463,0,0,0,0,0,0,0,0,0,1
11500,3,650000,1,75,0,487,0,0,0,0,0,0,1,0,0,1
11200,3,350000,0,75,0,326,0,0,0,0,0,0,0,0,1,0
11250,3,510000,0,75,0,200,0,0,0,0,0,0,1,1,0,0
11490,1,39940,0,75,1,276,0,0,0,0,0,0,1,1,0,0
11500,3,51500,0,75,1,106,0,0,0,0,0,0,1,0,1,0
11500,6,600000,0,75,0,326,0,0,0,0,1,0,0,0,1,0
11800,2,310000,0,75,1,151,0,0,0,0,0,0,0,0,1,0
12000,3,290000,1,75,0,760,0,0,0,0,0,0,1,0,0,1
11490,1,150000,0,75,1,326,0,0,0,0,0,0,1,0,1,0
11200,4,740000,0,75,0,263,1,0,0,0,0,0,1,0,1,0
12000,6,290000,0,75,0,92,0,0,0,0,0,0,0,0,0,0
11900,2,220000,0,75,1,270,0,0,0,0,0,0,1,1,0,0
11200,2,760000,0,75,0,111,0,0,0,0,0,0,0,1,0,0
11990,3,524180,0,75,1,40,0,0,0,0,1,0,0,0,0,0
11500,4,3000,0,75,0,484,1,0,0,0,0,0,0,0,0,1
12000,5,720000,1,75,0,177,0,0,0,0,1,0,0,1,0,0
11200,4,293000,0,75,0,174,0,0,0,0,0,0,1,0,0,0
11990,4,611720,0,75,1,412,1,0,0,0,0,0,0,0,0,1
11990,4,611720,0,75,1,272,1,0,0,0,0,0,0,0,1,0
11900,3,556000,0,75,0,487,0,0,0,0,1,0,0,0,0,1
11900,3,700000,0,75,1,222,1,0,0,0,0,0,1,1,0,0
11400,4,850000,0,75,1,177,0,0,0,0,1,0,0,1,0,0
11200,6,780990,1,75,0,190,0,0,0,0,0,0,0,1,0,0
11900,5,570000,0,75,0,176,0,0,0,0,0,0,1,0,1,0
11900,4,490000,0,75,1,177,0,0,0,0,0,0,1,1,0,0
11300,2,770000,0,75,0,91,0,0,0,0,0,0,0,0,1,0
11900,2,240000,0,75,1,326,0,0,0,0,0,0,1,0,1,0
11890,3,670000,0,75,1,341,1,0,0,0,0,0,1,0,1,0
11900,2,50000,0,75,1,299,0,0,0,0,0,0,0,1,0,0
11890,2,227000,0,75,1,178,0,0,0,0,0,0,0,1,0,0
11800,1,320000,0,75,1,326,0,0,0,0,0,0,1,0,1,0
11500,6,552000,0,75,0,352,0,0,0,0,0,0,1,0,1,0
11900,3,432940,0,75,1,178,0,0,0,0,0,0,1,1,0,0
11900,4,460000,0,75,1,92,0,0,0,0,0,0,0,0,0,0
11900,6,628000,0,75,0,278,0,0,0,0,1,0,0,1,0,0
11500,4,950000,0,75,0,502,1,0,0,0,1,0,0,0,0,1
11300,3,191970,0,75,1,178,0,0,0,0,0,0,0,1,0,0
11800,3,370000,0,75,0,87,0,0,0,0,0,0,0,0,1,0
11990,4,990000,0,75,0,542,1,0,0,0,1,0,0,0,0,1
11250,5,1024240,0,75,0,129,1,0,0,0,0,0,1,0,1,0
12000,3,420000,0,75,0,156,0,0,0,0,0,0,0,1,0,0
11990,3,195360,0,75,1,276,0,0,0,0,0,0,1,1,0,0
12000,5,950000,0,75,0,322,1,0,0,0,1,0,0,1,0,0
11900,3,200000,0,75,1,339,0,0,0,0,0,0,0,0,1,0
11490,5,460000,0,75,1,162,0,0,0,0,0,0,1,1,0,0
11900,4,460000,0,75,1,193,0,0,0,0,1,0,0,1,0,0
11990,6,700000,0,75,0,513,0,0,0,0,1,0,0,0,0,1
12000,3,510000,0,75,0,87,0,0,0,0,0,0,0,0,1,0
11950,2,422650,0,75,1,218,0,0,0,0,0,0,1,1,0,0
11990,4,611720,0,75,1,377,1,0,0,0,0,0,0,0,0,1
11700,3,460000,0,75,1,214,0,0,0,0,0,0,0,1,0,0
12000,6,920000,0,75,0,492,1,0,0,0,1,0,0,0,0,1
11900,5,764000,0,75,1,301,1,0,0,0,0,0,0,1,0,0
11500,4,480000,0,75,0,326,0,0,0,0,0,0,0,0,1,0
11300,4,334800,0,75,0,121,0,0,0,0,0,0,0,0,0,0
11500,5,63000,0,75,1,302,0,0,0,0,0,0,0,1,0,0
11900,6,260000,0,75,1,51,0,0,0,0,0,0,1,0,0,0
11990,3,190000,0,75,1,276,0,0,0,0,0,0,0,1,0,0
12000,5,1020000,0,75,0,203,1,0,0,0,1,0,0,1,0,0
11990,2,350720,0,75,1,488,0,0,0,0,0,0,1,0,0,1
11900,6,800000,0,75,1,178,1,0,0,0,0,0,1,1,0,0
11900,4,697860,0,75,1,106,1,0,0,0,0,0,0,0,1,0
11500,6,1300000,1,75,0,177,0,0,0,0,0,0,1,1,0,0
11990,3,128710,0,75,1,276,0,0,0,0,0,0,0,1,0,0
11900,5,1360000,1,75,0,121,0,0,0,0,0,0,1,1,0,0
12000,4,500000,0,75,0,189,0,0,0,0,0,0,1,1,0,0
11500,5,660720,0,75,0,753,0,0,0,0,0,0,1,0,0,1
11500,3,360000,0,75,1,177,0,0,0,0,0,0,0,1,0,0
11600,4,280000,0,75,1,292,0,0,0,0,0,0,0,1,0,0
11900,3,148350,0,75,1,174,0,0,0,0,0,0,0,1,0,0
11950,3,110000,0,75,1,499,0,0,0,0,0,0,0,0,0,1
11400,6,485000,0,75,1,132,0,0,0,0,0,0,0,0,0,0
11800,6,720000,1,75,0,764,0,0,0,0,0,0,1,0,0,1
11900,3,425300,0,75,1,121,0,0,0,0,0,0,0,1,0,0
12000,5,1490000,0,75,0,491,1,0,0,0,0,0,1,0,0,1
12000,4,455000,0,75,0,191,0,0,0,0,0,0,0,1,0,0
12000,3,250000,0,75,0,145,0,0,0,0,0,0,0,1,0,0
12000,6,920000,0,75,0,486,1,0,0,0,1,0,0,0,0,1
11500,5,450000,0,75,0,381,0,0,0,0,0,0,0,0,1,0
12000,4,541460,0,75,0,750,0,0,0,0,0,0,0,0,0,1
11500,3,566960,0,75,1,106,0,0,0,0,0,0,0,0,1,0
11500,6,1290000,1,75,0,16,0,0,0,0,1,0,0,0,0,0
11300,4,581000,0,75,0,177,0,0,0,0,0,0,1,1,0,0
11990,2,280000,0,75,1,326,0,0,0,0,0,0,1,0,1,0
11950,6,695000,0,75,1,177,1,0,0,0,0,0,1,1,0,0
12000,3,550000,0,75,0,182,0,0,0,0,0,0,0,1,0,0
11900,4,600000,0,75,0,226,0,0,0,0,0,0,1,0,0,0
11099,6,820600,0,75,1,283,0,0,0,0,0,0,1,1,0,0
11800,5,877310,0,75,1,180,0,0,0,0,1,0,0,1,0,0
11200,5,1464980,1,75,0,156,0,0,0,0,0,0,1,1,0,0
12000,6,1250000,0,75,0,348,0,0,0,0,1,0,0,0,1,0
11548,6,1138610,0,75,1,99,1,0,0,0,0,0,1,0,1,0
11490,4,825810,1,75,1,276,0,0,0,0,1,0,0,1,0,0
12000,6,480000,0,75,0,236,0,0,0,0,0,0,0,1,0,0
11900,5,190000,0,75,1,121,1,0,0,0,0,0,1,1,0,0
11950,3,187000,0,75,1,499,0,0,0,0,0,0,0,0,0,1
11900,3,815000,0,75,1,91,0,0,0,0,0,0,0,0,1,0
11800,6,750000,0,75,1,270,0,0,0,0,1,0,0,1,0,0
12000,4,440000,0,75,1,286,0,0,0,0,0,0,0,1,0,0
11900,3,299020,0,75,1,326,0,0,0,0,0,0,0,0,1,0
11900,3,850000,0,75,1,683,1,0,0,0,0,0,0,0,0,1
12000,4,630000,0,75,0,319,0,0,0,0,0,0,1,0,1,0
11500,3,710000,0,75,0,78,0,0,0,0,0,0,0,0,0,0
11990,5,507500,0,75,1,708,0,0,0,0,0,0,1,0,0,1
12000,4,520000,0,75,0,40,0,0,0,0,0,0,0,0,0,0
11300,5,804410,0,75,1,40,1,0,0,0,0,0,0,0,0,0
11700,6,1080000,0,75,1,195,0,0,0,0,1,0,0,0,1,0
11990,2,403950,0,75,1,276,0,0,0,0,0,0,0,1,0,0
12000,5,1135000,1,75,1,512,1,0,0,0,0,0,0,0,0,1
11150,5,590000,0,75,1,83,0,0,0,0,0,0,1,0,1,0
11900,3,271700,0,75,1,478,0,0,0,0,0,0,0,0,0,1
11990,3,377590,0,75,1,383,0,0,0,0,0,0,1,0,1,0
11200,5,1010000,0,75,1,217,0,0,0,0,0,0,1,0,0,0
11890,5,599840,0,75,1,149,0,0,0,0,0,0,1,0,1,0
11900,3,542540,0,75,1,106,0,0,0,0,0,0,0,0,1,0
12000,3,420000,0,75,0,611,0,0,0,0,0,0,0,0,0,1
11100,5,865000,0,75,0,205,0,0,0,0,0,0,1,1,0,0
11500,6,1000000,0,75,0,177,0,0,0,0,1,0,0,1,0,0
12000,6,390000,0,75,0,347,0,0,0,0,0,0,0,0,1,0
11099,4,656310,0,75,1,99,0,0,0,0,0,0,1,0,1,0
11500,5,1100000,0,75,0,132,0,0,0,0,0,0,1,0,0,0
11300,5,1650000,0,75,1,359,1,0,0,0,0,0,1,0,1,0
11700,4,1070000,0,75,0,519,1,0,0,0,0,0,1,0,0,1
12000,5,460000,0,75,0,326,0,0,0,0,0,0,0,0,1,0
11800,5,1000000,0,75,0,505,1,0,0,0,0,0,0,0,0,1
11900,5,597420,0,75,1,72,0,0,0,0,0,0,0,0,0,0
11099,4,656310,0,75,1,177,0,0,0,0,0,0,1,1,0,0
11099,4,656310,0,75,1,485,0,0,0,0,0,0,1,0,0,1
12000,4,643140,0,75,1,194,0,0,0,0,0,0,1,0,1,0
12000,4,440000,0,75,0,495,0,0,0,0,0,0,1,0,0,1
11300,3,420000,0,75,1,64,0,0,0,0,0,0,0,1,0,0
11990,3,380000,0,75,1,149,0,0,0,0,0,0,0,1,0,0
12000,5,310000,0,75,0,61,0,0,0,0,0,0,0,1,0,0
12000,6,650000,0,75,0,750,0,0,0,0,0,0,1,0,0,1
11700,5,1040000,0,75,0,155,0,0,0,0,0,0,1,0,0,0
11900,3,179050,0,75,1,180,0,0,0,0,0,0,0,1,0,0
12000,4,198500,0,75,0,745,0,0,0,0,0,0,0,0,0,1
11500,6,1160000,0,75,0,264,1,0,0,0,0,0,1,1,0,0
11800,4,1150000,0,75,1,487,1,0,0,0,0,0,1,0,0,1
11800,6,510050,0,75,1,105,0,0,0,0,0,0,0,0,1,0
11990,3,370000,0,75,1,425,0,0,0,0,0,0,0,0,0,1
11900,6,550000,0,75,0,160,0,0,0,0,0,0,0,1,0,0
11446,3,648360,0,75,1,245,0,0,0,0,0,0,0,1,0,0
12000,4,598750,0,75,1,171,0,0,0,0,0,0,1,1,0,0
11850,3,320000,0,75,1,533,0,0,0,0,0,0,0,0,0,1
11800,4,350000,0,75,0,201,0,0,0,0,0,0,0,1,0,0
11900,4,566450,0,75,1,194,0,0,0,0,0,0,0,0,1,0
11990,4,554480,0,75,1,276,0,0,0,0,0,0,1,1,0,0
11500,4,340000,0,75,1,533,0,0,0,0,0,0,0,0,0,1
11700,4,710000,0,75,1,177,0,0,0,0,0,0,1,1,0,0
11300,3,737000,0,75,1,226,0,0,0,0,0,0,0,1,0,0
12000,5,1110000,0,75,1,490,1,0,0,0,0,0,1,0,0,1
11999,3,1300000,0,75,1,525,1,0,0,0,0,0,0,0,0,1
11500,3,233450,0,75,1,495,0,0,0,0,0,0,0,0,0,1
11500,5,810000,0,75,0,95,0,0,0,0,0,0,0,0,0,0
11390,6,510000,0,75,1,156,0,0,0,0,0,0,0,1,0,0
12000,5,1500000,0,75,0,495,1,0,0,0,0,0,1,0,0,1
11500,4,530000,0,75,0,383,0,0,0,0,0,0,0,0,1,0
11490,3,600000,0,75,1,116,0,0,0,0,0,0,0,0,0,0
11900,3,174900,0,75,1,178,0,0,0,0,0,0,0,1,0,0
11900,3,196950,0,75,1,180,0,0,0,0,0,0,0,1,0,0
11099,4,656310,0,75,1,326,0,0,0,0,0,0,1,0,1,0
11900,5,635710,0,75,1,81,0,0,0,0,0,0,0,0,1,0
11500,5,880000,0,75,0,109,0,0,0,0,0,0,0,0,1,0
11499,3,520000,0,75,1,490,0,0,0,0,0,0,1,0,0,1
11900,3,181330,0,75,1,174,0,0,0,0,0,0,0,1,0,0
12000,4,450000,0,75,0,807,0,0,0,0,0,0,0,0,0,1
11200,6,734000,0,75,1,141,0,0,0,0,0,0,0,1,0,0
11500,5,1150000,0,75,0,731,1,0,0,0,0,0,0,0,0,1
11700,3,630000,0,75,1,183,0,0,0,0,0,0,1,1,0,0
11900,4,530000,0,75,1,387,0,0,0,0,0,0,0,0,1,0
11099,4,656310,0,75,1,283,0,0,0,0,0,0,1,1,0,0
11900,3,192640,0,75,1,178,0,0,0,0,0,0,0,1,0,0
11999,3,266000,0,75,1,490,0,0,0,0,0,0,0,0,0,1
11700,2,607970,0,75,1,468,0,0,0,0,0,0,0,0,0,1
11900,3,251640,0,75,1,180,0,0,0,0,0,0,0,1,0,0
11400,3,796410,0,75,1,750,0,0,0,0,0,0,0,0,0,1
12000,6,673800,0,75,0,81,0,0,0,0,0,0,0,0,0,0
11900,4,10,0,75,1,514,0,0,0,0,0,0,0,0,0,1
11900,4,640590,0,75,1,326,0,0,0,0,0,0,0,0,1,0
11300,3,696000,0,75,1,226,0,0,0,0,0,0,0,0,0,0
11400,5,666000,0,75,1,164,0,0,0,0,0,0,0,0,1,0
11500,5,590000,0,75,0,285,0,0,0,0,0,0,0,1,0,0
11099,4,656310,0,75,1,628,0,0,0,0,0,0,1,0,0,1
11990,4,595000,0,75,1,495,0,0,0,0,0,0,1,0,0,1
11099,4,656310,0,75,1,86,0,0,0,0,0,0,1,0,0,0
11900,6,1166290,0,75,1,326,1,0,0,0,0,0,1,0,1,0
11900,5,580000,0,75,1,495,0,0,0,0,0,0,1,0,0,1
11990,5,692960,0,75,1,232,0,0,0,0,1,0,0,1,0,0
11590,4,606680,0,75,1,146,0,0,0,0,0,0,0,0,1,0
12000,5,775000,0,75,0,368,0,0,0,0,0,0,1,0,0,1
11899,5,1240000,0,75,1,498,1,0,0,0,0,0,1,0,0,1
11990,3,304550,0,75,1,276,0,0,0,0,0,0,1,1,0,0
11500,5,1030000,0,75,0,487,0,0,0,0,0,0,1,0,0,1
11800,4,650000,0,75,1,276,0,0,0,0,0,0,1,1,0,0
11750,4,784480,0,75,1,176,0,0,0,0,0,0,1,1,0,0
11300,4,535690,0,75,1,178,0,0,0,0,0,0,1,1,0,0
11400,4,670000,0,75,1,93,0,0,0,0,0,0,0,0,1,0
11800,4,1460000,0,75,1,695,1,0,0,0,0,0,0,0,0,1
11900,5,600000,0,75,1,222,0,0,0,0,0,0,0,1,0,0
11900,6,590000,0,75,1,662,0,0,0,0,0,0,0,0,0,1
11500,5,649000,0,75,1,248,0,0,0,0,0,0,1,1,0,0
11950,4,480000,0,75,1,178,0,0,0,0,0,0,1,1,0,0
11700,3,511860,0,75,1,160,0,0,0,0,0,0,0,1,0,0
11490,5,1031230,0,75,1,276,1,0,0,0,0,0,1,1,0,0
12000,6,1396330,0,75,1,330,1,0,0,0,0,0,1,0,1,0
11790,3,657470,0,75,1,146,0,0,0,0,0,0,0,0,1,0
12000,5,1063000,0,75,0,471,1,0,0,0,0,0,0,0,0,1
11800,5,756660,0,75,1,177,1,0,0,0,0,0,1,1,0,0
11500,5,1200000,0,75,1,547,0,0,0,0,0,0,1,0,0,1
11100,3,650000,0,75,1,231,0,0,0,0,0,0,0,0,0,0
11490,4,900000,0,75,1,424,0,0,0,0,0,0,0,0,0,1
11500,5,1100000,0,75,1,848,1,0,0,0,0,0,0,0,0,1
11900,4,710000,0,75,0,104,0,0,0,0,0,0,0,0,1,0
11200,4,1671000,0,75,1,695,1,0,0,0,0,0,1,0,0,1
12000,5,630000,0,75,0,101,0,0,0,0,0,0,0,0,0,0
11099,4,656310,0,75,1,25,0,0,0,0,0,0,1,0,0,0
12000,6,1000000,0,75,0,552,0,0,0,0,1,0,0,0,0,1
11500,6,680000,0,75,1,298,0,0,0,0,0,0,0,1,0,0
11999,5,721610,0,75,1,99,0,0,0,0,0,0,1,0,1,0
11500,6,1381970,0,75,1,233,1,0,0,0,0,0,0,1,0,0
11900,6,749260,0,75,1,201,0,0,0,0,0,0,1,1,0,0
11699,3,1021340,0,75,1,25,0,0,0,0,0,0,0,0,0,0
11990,4,555570,0,75,1,177,0,0,0,0,0,0,0,1,0,0
11500,5,996000,0,75,1,362,0,0,0,0,0,0,1,0,1,0
11499,4,806000,0,75,1,499,0,0,0,0,0,0,0,0,0,1
11900,3,430000,0,75,1,514,0,0,0,0,0,0,0,0,0,1
11900,6,430000,0,75,0,81,0,0,0,0,0,0,0,0,1,0
11990,3,668260,0,75,1,560,0,0,0,0,0,0,0,0,0,1
11999,4,440000,0,75,1,326,0,0,0,0,0,0,1,0,1,0
11999,4,680810,0,75,1,283,0,0,0,0,0,0,1,1,0,0
11500,5,750000,0,75,1,763,0,0,0,0,0,0,0,0,0,1
11799,5,919500,0,75,1,492,1,0,0,0,0,0,0,0,0,1
11400,4,1224250,0,75,1,478,1,0,0,0,0,0,1,0,0,1
11990,5,800000,0,75,1,907,0,0,0,0,0,0,0,0,0,1
11500,4,1502070,0,75,1,843,1,0,0,0,0,0,0,0,0,1
11900,4,820900,0,75,1,121,0,0,0,0,0,0,0,0,0,0
11790,5,539990,0,75,1,488,0,0,0,0,0,0,0,0,0,1
11500,5,621160,0,75,1,326,0,0,0,0,0,0,1,0,1,0
11999,4,1450000,0,75,1,484,1,0,0,0,0,0,0,0,0,1
11900,3,581800,0,75,1,209,0,0,0,0,0,0,0,1,0,0
11400,5,1020000,0,75,1,290,0,0,0,0,0,0,1,0,1,0
11800,6,1490000,0,75,1,495,1,0,0,0,0,0,1,0,0,1
11999,6,1030000,0,75,1,40,0,0,0,0,1,0,0,0,0,0
11300,4,805000,0,75,1,495,0,0,0,0,0,0,0,0,0,1
11490,4,1578900,0,75,1,793,1,0,0,0,0,0,1,0,0,1
11240,1,10,0,75,1,276,0,0,0,0,0,0,1,1,0,0
11700,1,190000,0,75,1,165,0,0,0,0,0,0,1,1,0,0
11950,6,840000,1,75,1,326,0,0,1,0,1,0,0,0,1,0
12990,2,250000,0,75,1,326,0,0,0,0,0,0,1,0,1,0
12900,1,206500,0,75,1,286,0,0,0,0,0,0,1,1,0,0
12490,1,303500,0,75,1,290,0,0,0,0,0,0,1,1,0,0
12900,1,206500,0,75,1,290,0,0,0,0,0,0,1,1,0,0
12900,1,280000,0,75,1,270,0,0,0,0,0,0,1,1,0,0
12490,1,303500,0,75,1,286,0,0,0,0,0,0,1,1,0,0
12900,1,206500,0,75,1,290,0,0,0,0,0,0,1,1,0,0
12900,4,350000,0,75,1,164,0,0,0,0,0,0,1,0,1,0
12901,1,87000,0,75,1,348,0,0,0,0,0,0,1,0,1,0
12491,2,430000,0,75,1,123,0,0,0,0,0,0,0,0,0,0
12500,3,580230,0,75,1,322,0,0,0,0,0,0,1,1,0,0
12900,1,320000,0,75,1,326,0,0,0,0,0,0,1,0,1,0
12300,5,399000,0,75,1,77,0,0,0,0,0,0,1,0,0,0
12900,2,203410,0,75,1,326,0,0,0,0,0,0,1,0,1,0
12900,4,510000,0,75,1,750,0,0,0,0,0,0,0,0,0,1
13000,5,848000,0,75,1,106,1,0,0,0,1,0,0,0,0,0
12700,3,390000,0,75,1,101,0,0,0,0,0,0,0,0,0,0
12900,6,317500,0,75,1,192,0,0,0,0,0,0,1,1,0,0
12500,4,350000,0,75,1,42,0,0,0,0,0,0,0,0,0,0
12500,5,750000,0,75,1,152,1,0,0,0,0,0,0,1,0,0
12999,3,527280,0,75,1,99,0,0,0,0,0,0,0,0,1,0
12300,4,591000,0,75,1,196,0,0,0,0,0,0,0,1,0,0
12700,1,169000,0,75,1,299,0,0,0,0,0,0,1,1,0,0
13000,3,580000,0,75,0,112,1,0,0,0,0,0,0,0,0,0
12500,4,470000,0,75,0,168,0,0,0,0,0,0,1,1,0,0
13000,3,270000,0,75,0,478,0,0,0,0,1,0,0,0,0,1
13000,5,670000,1,75,0,173,0,0,0,0,1,0,0,1,0,0
12500,2,400000,0,75,0,348,0,0,0,0,0,0,1,0,0,1
12999,3,340000,1,75,0,798,0,0,0,0,1,0,0,0,0,1
12980,0,10,0,75,1,82,0,0,0,0,0,0,1,0,1,0
12890,1,128000,0,75,1,341,0,0,0,0,0,0,1,0,1,0
13000,5,582230,0,75,0,263,1,0,0,0,0,0,1,0,1,0
12700,2,290000,0,75,0,154,0,0,0,0,0,0,0,1,0,0
12800,2,310000,0,75,0,359,0,0,0,0,0,0,0,0,1,0
12699,1,370000,0,75,0,350,0,0,0,0,0,0,0,0,1,0
12900,1,250000,0,75,1,276,0,0,0,0,0,0,1,1,0,0
12375,1,279930,0,75,1,194,0,0,0,0,0,0,1,0,1,0
12990,1,50000,0,75,1,326,0,0,0,0,0,0,1,0,1,0
12899,1,80000,0,75,1,326,0,0,0,0,0,0,1,0,1,0
12980,0,10,0,75,1,120,0,0,0,0,0,0,1,0,1,0
12990,1,100000,0,75,1,326,0,0,0,0,0,0,1,0,1,0
12800,3,326040,1,75,1,326,0,0,0,0,0,0,1,0,1,0
12500,1,200000,0,75,1,165,0,0,0,0,0,0,1,1,0,0
12500,4,863000,0,75,0,211,0,0,0,0,1,0,0,0,1,0
12950,3,263500,0,75,1,256,0,0,0,0,1,0,0,1,0,0
12990,5,416170,0,75,1,276,1,0,0,0,0,0,1,1,0,0
13000,3,543410,0,75,0,157,0,0,0,0,1,0,0,1,0,0
13000,2,210000,0,75,0,579,0,0,0,0,0,0,0,0,0,1
13000,3,337780,0,75,0,290,0,0,0,0,0,0,1,0,1,0
12900,3,250000,0,75,1,177,0,0,0,0,1,0,0,1,0,0
12200,5,825000,0,75,0,290,1,0,0,0,1,0,0,0,1,0
12800,3,340000,1,75,1,91,0,0,0,0,0,0,0,1,0,0
12990,1,100000,0,75,1,326,0,0,0,0,0,0,1,0,1,0
12990,1,274000,0,75,1,203,0,0,0,0,0,0,1,1,0,0
13000,3,495720,0,75,1,97,1,0,0,0,0,0,0,0,1,0
13000,2,174000,0,75,0,183,0,0,0,0,0,0,0,0,0,0
13000,2,300000,0,75,0,64,0,0,0,0,0,0,0,0,0,0
12650,2,108500,0,75,0,150,0,0,0,0,0,0,1,0,1,0
12500,4,590000,0,75,0,106,0,1,0,0,0,0,1,0,0,0
12990,1,193000,0,75,1,276,0,0,0,0,0,0,1,1,0,0
13000,3,262450,0,75,0,89,0,0,0,0,0,0,0,0,0,0
12490,2,150000,0,75,1,177,0,0,0,0,0,0,0,1,0,0
12900,3,499000,0,75,1,127,0,0,0,0,1,0,0,0,0,0
12450,1,107170,0,75,1,326,0,0,0,0,0,0,1,0,1,0
13000,2,110000,0,75,1,322,0,0,0,0,0,0,0,1,0,0
12550,2,680000,0,75,1,301,0,0,0,0,0,0,0,1,0,0
12900,4,750000,1,75,1,222,0,0,0,0,1,0,0,1,0,0
13000,4,677800,1,75,0,492,0,0,0,0,0,0,1,0,0,1
12690,6,680000,0,75,0,550,1,0,0,0,1,0,0,0,0,1
13000,5,610000,1,75,0,326,0,0,0,0,1,0,0,0,1,0
12890,6,550000,1,75,1,290,0,0,0,0,0,0,1,0,1,0
12450,1,107170,0,75,1,202,0,0,0,0,0,0,1,1,0,0
12300,4,265000,0,75,0,163,0,0,0,0,0,0,0,0,0,0
12499,3,636000,1,75,0,377,0,0,0,0,0,0,1,0,1,0
12950,3,478800,1,75,1,245,0,0,0,0,0,0,1,1,0,0
12900,3,490600,0,75,1,178,0,0,0,0,1,0,0,1,0,0
12900,1,380000,0,75,1,377,0,0,0,0,0,0,1,0,1,0
13000,3,420000,0,75,0,326,0,0,0,0,0,0,1,0,1,0
12500,2,281960,0,75,1,276,0,0,0,0,0,0,0,1,0,0
13000,4,490000,0,75,0,296,0,0,0,0,0,0,1,1,0,0
12990,3,725270,1,75,1,232,0,0,0,0,1,0,0,1,0,0
12900,1,200680,0,75,1,194,0,0,0,0,0,0,1,0,1,0
12500,3,170000,0,75,0,326,0,0,0,0,0,0,0,0,1,0
12990,3,157580,0,75,1,560,0,0,0,0,0,0,0,0,0,1
12990,5,579920,1,75,1,276,0,0,0,0,1,0,0,1,0,0
12990,3,293000,0,75,1,383,0,0,0,0,0,0,0,0,1,0
12900,5,580540,1,75,1,201,0,0,0,0,1,0,0,1,0,0
12900,5,680000,1,75,0,177,0,0,0,0,1,0,0,1,0,0
12990,3,181000,0,75,1,560,0,0,0,0,0,0,0,0,0,1
12600,3,355230,0,75,1,177,0,0,0,0,0,0,0,1,0,0
12780,1,150650,0,75,1,511,0,0,0,0,0,0,1,0,0,1
12500,3,880000,0,75,1,218,1,0,0,0,0,0,1,1,0,0
12999,3,527280,0,75,1,25,0,0,0,0,0,0,0,0,0,0
12750,2,420000,0,75,0,490,0,0,0,0,0,0,1,0,0,1
12700,3,648450,0,75,1,87,0,0,0,0,0,0,0,1,0,0
12780,1,150650,0,75,1,184,0,0,0,0,0,0,1,1,0,0
12500,6,460000,0,75,1,208,1,0,0,0,0,0,1,1,0,0
12990,4,517000,0,75,1,232,1,0,0,0,0,0,1,1,0,0
12500,3,515000,0,75,1,490,1,0,0,0,0,0,0,0,0,1
12900,2,269500,0,75,1,276,0,0,0,0,0,0,1,1,0,0
12900,5,705710,1,75,1,478,0,0,0,0,1,0,0,0,0,1
12300,4,90000,0,75,0,177,0,0,0,0,0,0,0,1,0,0
12900,1,255400,0,75,1,194,0,0,0,0,0,0,1,0,1,0
12950,3,468660,0,75,1,92,0,0,0,0,0,0,1,0,1,0
12900,1,150000,0,75,1,326,0,0,0,0,0,0,1,0,1,0
13000,4,900000,1,75,0,326,0,0,0,0,1,0,0,0,1,0
12900,4,940000,1,75,0,182,0,0,0,0,1,0,0,1,0,0
12490,3,557000,0,75,0,192,0,0,0,0,0,0,1,1,0,0
12900,1,640000,0,75,0,306,0,0,0,0,0,0,1,1,0,0
12990,5,786650,1,75,1,276,0,0,0,0,0,0,1,1,0,0
12300,6,819140,0,75,1,152,0,0,0,0,0,0,1,0,0,0
12100,5,1196430,1,75,1,276,0,0,0,0,1,0,0,1,0,0
12900,2,175600,0,75,1,383,0,0,0,0,0,0,1,0,1,0
12900,4,220000,0,75,1,161,0,0,0,0,0,0,0,0,0,0
12990,3,432370,0,75,1,276,0,0,0,0,1,0,0,1,0,0
12900,2,950000,0,75,0,226,0,0,0,0,0,0,1,0,0,0
12490,4,554690,0,75,1,146,0,0,0,0,0,0,1,0,1,0
12490,2,240000,0,75,1,326,0,0,0,0,0,0,1,0,1,0
12900,5,320000,0,75,0,159,0,0,0,0,0,0,1,0,1,0
13000,3,412000,0,75,0,326,0,0,0,0,0,0,0,0,1,0
12450,1,107170,0,75,1,383,0,0,0,0,0,0,1,0,1,0
13000,3,280000,0,75,0,132,0,0,0,0,0,0,0,0,0,0
12080,3,403860,0,75,1,99,0,0,0,0,0,0,0,0,1,0
12300,4,229070,0,75,1,239,0,0,0,0,0,0,0,1,0,0
12890,2,109000,0,75,1,319,0,0,0,0,0,0,0,0,1,0
12590,3,308600,0,75,1,174,0,0,0,0,0,0,0,1,0,0
12500,6,540000,0,75,0,326,0,0,0,0,0,0,1,0,1,0
13000,6,1115520,1,75,0,158,0,0,0,0,0,0,1,1,0,0
12500,5,710000,1,75,0,326,0,0,0,0,0,0,0,0,1,0
12900,2,350000,0,75,1,642,0,0,0,0,0,0,1,0,0,1
12900,3,630000,0,75,1,333,0,0,0,0,0,0,0,0,1,0
12990,2,245870,0,75,1,276,0,0,0,0,0,0,0,1,0,0
12100,6,745700,1,75,1,190,0,0,0,0,0,0,1,1,0,0
12299,4,363640,0,75,1,25,0,0,0,0,0,0,0,0,0,0
12299,4,363640,0,75,1,130,0,0,0,0,0,0,0,0,1,0
12900,3,389500,0,75,1,83,0,0,0,0,0,0,1,0,1,0
13000,3,340000,0,75,0,750,0,0,0,0,0,0,0,0,0,1
12995,6,980000,0,75,1,322,1,0,0,0,1,0,0,0,1,0
12990,6,640000,1,75,1,124,0,0,0,0,0,0,1,1,0,0
13000,6,260000,0,75,0,22,0,0,0,0,0,0,0,0,0,0
13000,3,265000,0,75,0,301,0,0,0,0,0,0,0,0,1,0
12900,1,280000,0,75,1,270,0,0,0,0,0,0,1,1,0,0
12990,3,194520,0,75,1,175,0,0,0,0,0,0,1,1,0,0
12500,6,730000,0,75,1,275,1,0,0,0,0,0,1,1,0,0
12500,4,439460,0,75,1,389,0,0,0,0,0,0,0,0,0,1
12500,4,630000,0,75,0,362,0,0,0,0,0,0,1,0,1,0
12500,4,840000,0,75,0,484,1,0,0,0,0,0,1,0,0,1
12300,3,411580,0,75,1,97,0,0,0,0,0,0,1,0,1,0
12990,2,268080,0,75,1,276,0,0,0,0,0,0,0,1,0,0
13000,5,800000,0,75,0,117,0,0,0,0,1,0,0,1,0,0
12600,3,252000,0,75,1,47,0,0,0,0,0,0,0,1,0,0
12900,4,900000,0,75,1,495,1,0,0,0,1,0,0,0,0,1
12990,2,201070,0,75,1,488,0,0,0,0,0,0,0,0,0,1
12450,1,107170,0,75,1,326,0,0,0,0,0,0,1,0,1,0
12500,6,797000,1,75,0,496,0,0,0,0,1,0,0,0,0,1
13000,5,1300000,0,75,0,241,1,0,0,0,0,0,0,0,0,0
12200,2,421360,0,75,1,194,0,0,0,0,0,0,0,0,1,0
12900,2,250000,0,75,1,16,0,0,0,0,0,0,1,0,0,0
13000,3,170000,0,75,1,98,0,0,0,0,0,0,0,0,1,0
12500,4,500000,0,75,0,119,0,0,0,0,0,0,1,0,0,0
13000,4,660000,0,75,0,326,0,0,0,0,0,0,1,0,1,0
12900,5,521410,1,75,1,233,0,0,0,0,0,0,1,1,0,0
12990,5,954820,0,75,1,121,1,0,0,0,0,0,1,1,0,0
12490,3,240320,0,75,1,276,0,0,0,0,0,0,1,1,0,0
13000,6,182360,0,75,0,326,0,0,0,0,0,0,0,0,1,0
12900,3,173040,0,75,0,486,0,0,0,0,0,0,1,0,0,1
12500,5,800000,0,75,0,231,0,0,0,0,0,0,1,1,0,0
13000,2,610000,0,75,1,782,0,0,0,0,0,0,0,0,0,1
12900,4,120000,0,75,1,51,0,0,0,0,0,0,0,0,0,0
13000,5,750000,0,75,0,568,0,0,0,0,0,0,0,0,0,1
12990,2,57870,0,75,1,276,0,0,0,0,0,0,0,1,0,0
12500,4,372500,0,75,0,625,0,0,0,0,0,0,1,0,0,1
12800,4,480000,0,75,1,743,0,0,0,0,0,0,1,0,0,1
12099,5,551960,0,75,1,86,0,0,0,0,0,0,0,0,0,0
13000,6,555000,0,75,0,190,0,0,0,0,0,0,1,1,0,0
12490,3,380000,0,75,1,149,0,0,0,0,0,0,0,1,0,0
12490,3,334690,0,75,1,276,0,0,0,0,0,0,1,1,0,0
12990,4,437710,0,75,1,276,0,0,0,0,1,0,0,1,0,0
12590,3,308600,0,75,1,177,0,0,0,0,0,0,0,1,0,0
12490,4,294000,0,75,1,147,0,0,0,0,0,0,1,0,0,0
12899,3,590000,1,75,1,514,0,0,0,0,0,0,1,0,0,1
12450,3,230000,0,75,1,533,0,0,0,0,0,0,0,0,0,1
12700,5,670000,0,75,1,146,0,0,0,0,0,0,1,1,0,0
12900,6,822710,0,75,1,16,0,0,0,0,1,0,0,0,0,0
12500,4,1150000,0,75,0,505,1,0,0,0,0,0,1,0,0,1
12300,5,650000,0,75,1,163,1,0,0,0,0,0,0,0,0,0
12990,3,460000,0,75,0,188,0,0,0,0,0,0,0,1,0,0
12900,3,510000,0,75,1,205,0,0,0,0,0,0,0,1,0,0
12450,3,327390,0,75,1,326,0,0,0,0,0,0,0,0,1,0
12900,3,294460,0,75,1,198,0,0,0,0,0,0,0,1,0,0
12900,6,700000,0,75,0,326,1,0,0,0,0,0,1,0,1,0
12900,5,560000,1,75,0,914,0,0,1,0,0,0,1,0,0,1
12900,4,698010,0,75,1,178,1,0,0,0,0,0,1,1,0,0
12990,3,230260,0,75,1,193,0,0,0,0,0,0,0,1,0,0
12400,3,283000,0,75,1,141,0,0,0,0,0,0,0,1,0,0
12450,4,813070,0,75,1,326,1,0,0,0,0,0,0,0,1,0
12450,3,391830,0,75,1,326,0,0,0,0,0,0,0,0,1,0
12990,2,126120,0,75,1,276,0,0,0,0,0,0,0,1,0,0
12990,3,620490,0,75,1,276,0,0,0,0,1,0,0,1,0,0
12900,3,160000,0,75,1,51,0,0,0,0,0,0,0,0,0,0
12900,4,160350,0,75,1,108,0,0,0,0,0,0,1,0,1,0
12099,5,551960,0,75,1,485,0,0,0,0,0,0,0,0,0,1
12390,3,355270,0,75,1,25,0,0,0,0,0,0,0,0,0,0
12350,3,438000,0,75,1,358,0,0,0,0,0,0,0,0,1,0
12990,6,796980,0,75,0,492,1,0,0,0,0,0,1,0,0,1
12500,3,565210,0,75,1,102,0,0,0,0,0,0,0,1,0,0
12900,4,480000,0,75,1,99,0,0,0,0,0,0,0,0,1,0
12500,6,430000,0,75,0,742,0,0,0,0,0,0,0,0,0,1
12900,2,863290,0,75,1,263,0,0,0,0,0,0,0,1,0,0
12099,5,551960,0,75,1,130,0,0,0,0,0,0,0,0,1,0
12300,4,830000,1,75,0,492,0,0,0,0,0,0,1,0,0,1
12999,3,527280,0,75,1,86,0,0,0,0,0,0,0,0,0,0
12950,3,539400,0,75,1,261,0,0,0,0,0,0,0,0,1,0
12999,3,527280,0,75,1,177,0,0,0,0,0,0,0,1,0,0
12850,5,467400,0,75,1,486,1,0,0,0,0,0,0,0,0,1
12980,3,599880,0,75,1,341,0,0,0,0,0,0,0,0,0,1
12900,1,206370,0,75,1,194,0,0,0,0,0,0,1,0,1,0
12900,6,580000,0,75,1,412,0,0,0,0,0,0,1,0,1,0
12300,5,810000,0,75,0,14,0,0,0,0,0,0,0,0,0,0
12900,3,198020,0,75,1,276,0,0,0,0,0,0,0,1,0,0
12800,5,736010,1,75,1,170,0,0,0,0,0,0,1,1,0,0
12300,3,576210,0,75,1,177,0,0,0,0,0,0,0,1,0,0
12500,4,640670,0,75,1,326,0,0,0,0,0,0,0,0,1,0
13000,5,175000,0,75,0,164,0,0,0,0,0,0,0,0,1,0
12900,5,473000,0,75,1,326,0,0,0,0,0,0,1,0,1,0
12800,5,736010,1,75,1,180,0,0,0,0,0,0,1,1,0,0
12900,3,479510,1,75,1,178,0,0,0,0,0,0,0,1,0,0
12950,2,320000,0,75,1,124,0,0,0,0,0,0,0,0,0,0
12900,3,232250,0,75,1,276,0,0,0,0,0,0,0,1,0,0
12999,3,527280,0,75,1,283,0,0,0,0,0,0,0,1,0,0
13000,6,1400000,0,75,0,487,1,0,0,0,0,0,1,0,0,1
12400,4,848400,0,75,1,93,1,0,0,0,0,0,0,0,1,0
12500,3,420000,0,75,0,81,0,0,0,0,0,0,0,0,0,0
12990,3,532160,1,75,1,276,0,0,0,0,0,0,1,1,0,0
12920,3,496670,0,75,1,257,0,0,0,0,0,0,1,0,1,0
12500,5,700000,0,75,1,226,0,0,0,0,0,0,0,0,0,0
12900,4,303750,0,75,1,276,0,0,0,0,0,0,0,1,0,0
12990,3,494030,0,75,1,193,0,0,0,0,0,0,1,1,0,0
12750,3,339790,0,75,1,750,0,0,0,0,0,0,0,0,0,1
12900,4,439000,0,75,1,210,0,0,0,0,0,0,1,1,0,0
12999,3,527280,0,75,1,326,0,0,0,0,0,0,0,0,1,0
12200,3,470000,0,75,1,750,0,0,0,0,0,0,1,0,0,1
12990,2,350000,0,75,1,527,0,0,0,0,0,0,1,0,0,1
12700,4,754820,1,75,1,106,0,0,0,0,0,0,0,0,1,0
12990,2,388900,0,75,1,232,0,0,0,0,0,0,0,1,0,0
12900,3,290000,0,75,1,276,0,0,0,0,0,0,0,1,0,0
13000,5,750000,0,75,0,93,0,0,0,0,0,0,0,0,0,0
12899,4,730000,1,75,1,514,0,0,0,0,0,0,1,0,0,1
12490,3,882690,0,75,1,276,1,0,0,0,0,0,0,1,0,0
13000,5,735000,0,75,0,276,0,0,0,0,0,0,1,1,0,0
12500,4,824130,0,75,0,257,0,0,0,0,0,0,1,0,1,0
12500,5,606740,0,75,1,25,0,0,0,0,0,0,1,0,0,0
12300,4,556130,0,75,1,326,0,0,0,0,0,0,0,0,1,0
13000,5,900000,0,75,0,643,0,0,0,0,0,0,1,0,0,1
12990,3,315340,0,75,1,276,0,0,0,0,0,0,1,1,0,0
12200,3,293370,0,75,1,326,0,0,0,0,0,0,0,0,1,0
12650,3,308000,0,75,1,358,0,0,0,0,0,0,0,0,1,0
12500,5,880000,0,75,0,326,0,0,0,0,0,0,0,0,1,0
12500,4,580000,0,75,1,127,0,0,0,0,0,0,1,0,0,0
12890,3,199900,0,75,1,208,0,0,0,0,0,0,0,1,0,0
12900,3,693420,0,75,1,592,0,0,0,0,0,0,0,0,0,1
12099,5,551960,0,75,1,628,0,0,0,0,0,0,0,0,0,1
13000,6,441250,0,75,0,98,0,0,0,0,0,0,1,0,0,0
12200,4,435040,0,75,1,105,0,0,0,0,0,0,0,0,1,0
12200,6,639500,0,75,1,861,0,0,0,0,0,0,1,0,0,1
12500,5,997750,0,75,1,276,0,0,0,0,1,0,0,1,0,0
12500,3,530440,0,75,1,265,0,0,0,0,0,0,0,1,0,0
12499,3,380140,0,75,1,326,0,0,0,0,0,0,0,0,1,0
12900,5,469270,0,75,1,40,0,0,0,0,0,0,1,0,0,0
12500,3,393350,0,75,1,263,0,0,0,0,0,0,0,0,1,0
12999,3,527280,0,75,1,485,0,0,0,0,0,0,0,0,0,1
12900,4,626540,0,75,1,498,0,0,0,0,0,0,0,0,0,1
13000,4,970000,0,75,0,225,1,0,0,0,0,0,1,1,0,0
12299,3,528440,0,75,1,485,0,0,0,0,0,0,0,0,0,1
12300,3,395000,0,75,1,404,0,0,0,0,0,0,0,0,1,0
12299,4,363640,0,75,1,99,0,0,0,0,0,0,0,0,1,0
12800,3,1021000,1,75,1,166,0,0,0,0,0,0,1,1,0,0
12500,6,204960,0,75,1,83,0,0,0,0,0,0,0,0,0,0
12490,3,366840,0,75,1,488,0,0,0,0,0,0,0,0,0,1
13000,4,390000,0,75,1,359,0,0,0,0,0,0,0,0,1,0
12600,4,890000,0,75,1,161,1,0,0,0,0,0,0,0,0,0
12490,6,849000,0,75,1,162,1,0,0,0,0,0,1,1,0,0
12900,5,600000,0,75,1,495,1,0,0,0,0,0,0,0,0,1
12950,3,280000,0,75,1,319,0,0,0,0,0,0,0,0,1,0
13000,3,800000,0,75,1,146,0,0,0,0,0,0,0,1,0,0
12300,3,575220,0,75,1,550,0,0,0,0,0,0,0,0,0,1
12500,5,1168280,0,75,1,500,1,0,0,0,1,0,0,0,0,1
12500,3,480000,0,75,1,253,0,0,0,0,0,0,0,1,0,0
12299,4,363640,0,75,1,86,0,0,0,0,0,0,0,0,0,0
12900,3,469000,0,75,1,223,0,0,0,0,0,0,0,0,1,0
13000,4,263560,0,75,1,83,0,0,0,0,0,0,1,0,1,0
12900,3,419500,0,75,1,154,0,0,0,0,0,0,0,1,0,0
12500,4,439460,0,75,1,326,0,0,0,0,0,0,0,0,1,0
12500,5,1038100,0,75,1,127,1,0,0,0,0,0,1,0,0,0
12500,4,670000,0,75,1,630,0,0,0,0,0,0,0,0,0,1
12900,3,388460,0,75,1,121,0,0,0,0,0,0,0,1,0,0
12900,4,310750,0,75,1,97,0,0,0,0,0,0,1,0,1,0
12400,4,670000,0,75,1,194,0,0,0,0,0,0,0,0,1,0
12299,4,363640,0,75,1,177,0,0,0,0,0,0,0,1,0,0
12200,3,1150000,0,75,1,463,1,0,0,0,0,0,1,0,0,1
12900,3,421800,0,75,1,121,0,0,0,0,0,0,1,1,0,0
12490,3,497810,0,75,1,276,0,0,0,0,0,0,1,1,0,0
12499,3,880600,0,75,1,177,0,0,0,0,0,0,1,1,0,0
12299,4,363640,0,75,1,485,0,0,0,0,0,0,0,0,0,1
12500,4,1030000,0,75,1,484,1,0,0,0,0,0,0,0,0,1
12299,4,363640,0,75,1,326,0,0,0,0,0,0,0,0,1,0
12500,3,347780,0,75,1,120,0,0,0,0,0,0,0,0,1,0
12800,4,665000,0,75,1,159,0,0,0,0,0,0,0,0,0,0
13000,5,1300000,0,75,0,480,1,0,0,0,0,0,0,0,0,1
12499,6,825880,0,75,0,500,0,0,0,0,0,0,1,0,0,1
12400,5,395430,0,75,1,229,0,0,0,0,0,0,0,1,0,0
12490,3,411470,0,75,1,276,0,0,0,0,0,0,1,1,0,0
12700,3,390000,0,75,1,123,0,0,0,0,0,0,0,0,0,0
12950,3,1013000,0,75,1,537,1,0,0,0,0,0,1,0,0,1
12300,4,556130,0,75,1,326,0,0,0,0,0,0,0,0,1,0
12900,6,300000,0,75,1,352,0,0,0,0,0,0,0,0,1,0
12099,5,551960,0,75,1,283,0,0,0,0,0,0,0,1,0,0
12946,4,990030,0,75,1,245,1,0,0,0,0,0,1,1,0,0
12300,4,544900,0,75,1,265,0,0,0,0,0,0,1,1,0,0
12299,3,528440,0,75,1,86,0,0,0,0,0,0,0,0,0,0
12500,4,640670,0,75,1,389,0,0,0,0,0,0,0,0,0,1
12900,5,543990,0,75,1,121,0,0,0,0,0,0,1,0,0,0
12946,6,882850,0,75,1,245,1,0,0,0,0,0,1,1,0,0
12099,5,551960,0,75,1,177,0,0,0,0,0,0,0,1,0,0
13000,6,430000,0,75,0,801,0,0,0,0,0,0,0,0,0,1
12900,5,650000,0,75,0,854,0,0,0,0,0,0,1,0,0,1
12900,4,300000,0,75,1,162,0,0,0,0,0,0,0,1,0,0
12500,3,448850,0,75,1,326,0,0,0,0,0,0,0,0,1,0
12800,3,337630,0,75,1,142,0,0,0,0,0,0,0,0,0,0
12990,3,600900,0,75,1,137,0,0,0,0,0,0,0,1,0,0
12990,3,470000,0,75,1,344,0,0,0,0,0,0,0,0,1,0
12299,4,363640,0,75,1,628,0,0,0,0,0,0,0,0,0,1
12500,4,560000,0,75,1,229,0,0,0,0,0,0,0,0,0,0
12490,4,435000,0,75,1,177,0,0,0,0,0,0,0,1,0,0
12099,5,551960,0,75,1,25,0,0,0,0,0,0,0,0,0,0
12950,3,650000,0,75,0,854,0,0,0,0,0,0,0,0,0,1
12490,3,353000,0,75,1,498,0,0,0,0,0,0,1,0,0,1
12499,5,640140,0,75,1,628,0,0,0,0,1,0,0,0,0,1
12299,3,528440,0,75,1,283,0,0,0,0,0,0,0,1,0,0
12099,5,551960,0,75,1,326,0,0,0,0,0,0,0,0,1,0
12500,5,458970,0,75,1,89,0,0,0,0,0,0,0,0,0,0
12500,4,740000,0,75,1,181,0,0,0,0,0,0,1,1,0,0
13999,1,206890,0,75,1,519,0,0,0,0,0,0,1,0,0,1
13900,1,173000,0,75,1,276,0,0,0,0,0,0,1,1,0,0
13950,1,354660,1,75,1,326,0,0,0,1,0,0,1,0,1,0
13890,4,645500,1,75,1,341,0,0,0,0,1,0,0,0,1,0
13890,4,645500,1,75,1,341,0,0,0,0,1,0,0,0,1,0
13950,1,310750,1,75,1,326,0,0,0,1,0,0,1,0,1,0
13990,2,168830,0,75,1,193,0,0,0,0,0,0,0,1,0,0
13900,2,191350,0,75,1,287,0,0,0,0,0,0,1,1,0,0
13900,4,449280,1,75,1,121,0,0,0,0,1,0,0,1,0,0
13470,1,120000,0,75,1,326,0,0,0,0,0,0,1,0,1,0
13900,3,237870,0,75,1,87,0,0,0,0,1,0,0,0,1,0
13990,1,69500,0,75,1,276,0,0,0,0,0,0,1,1,0,0
13690,1,288370,0,75,1,488,0,0,0,0,0,0,1,0,0,1
13490,4,540000,0,75,1,103,1,0,0,0,0,0,1,0,0,0
13990,1,390390,0,75,1,488,0,0,0,0,0,0,1,0,0,1
13900,0,100,0,75,1,20,0,0,0,0,0,0,0,0,0,0
13990,3,539960,1,75,1,488,0,0,0,0,0,0,0,0,0,1
13400,4,670000,0,75,1,93,1,0,0,0,0,0,1,0,1,0
13500,3,670000,0,75,1,87,0,0,0,0,0,0,0,0,1,0
13890,1,134910,0,75,1,310,0,0,0,0,0,0,1,0,1,0
13900,3,378990,0,75,1,55,0,0,0,0,0,0,1,0,0,0
13500,5,664070,0,75,1,217,0,0,0,0,0,0,0,0,0,0
13500,3,326000,0,75,1,163,0,0,0,0,0,0,0,0,0,0
13750,3,383400,0,75,1,326,0,0,0,0,0,0,1,0,1,0
13990,2,305950,0,75,1,333,0,0,0,0,0,0,1,0,1,0
13299,4,883640,0,75,1,86,1,0,0,0,0,0,1,0,0,0
13600,3,177220,0,75,1,326,0,0,0,0,0,0,0,0,1,0
13990,4,393000,0,75,1,128,0,0,0,0,0,0,1,0,0,0
13299,4,883640,0,75,1,326,1,0,0,0,0,0,1,0,1,0
13500,3,479500,0,75,1,163,0,0,0,0,0,0,0,0,0,0
13200,3,164100,0,75,1,200,0,0,0,0,0,0,0,0,1,0
14000,2,230000,0,75,0,190,0,0,0,0,0,0,0,1,0,0
13400,0,10,0,75,1,275,0,0,0,0,0,0,0,1,0,0
13300,2,210000,0,75,0,87,0,0,0,0,0,0,0,0,1,0
13990,2,240000,0,75,1,177,0,0,0,0,0,0,1,1,0,0
13800,0,10,0,75,1,20,0,0,0,0,0,0,1,0,0,0
13600,4,320000,1,75,0,239,0,0,0,0,1,0,0,0,0,0
13500,2,214000,0,75,0,202,0,0,0,0,0,0,0,1,0,0
14000,3,416720,0,75,1,115,1,0,0,0,0,0,1,1,0,0
14000,1,164170,0,75,1,153,0,0,0,0,0,0,1,0,0,0
13900,5,120000,1,75,1,276,0,0,1,0,0,0,0,1,0,0
13490,0,70,0,75,1,276,0,0,0,0,0,0,1,1,0,0
13490,0,90,0,75,1,232,0,0,0,0,0,0,1,1,0,0
13690,2,240000,0,75,1,326,0,1,0,0,0,0,1,0,1,0
13100,2,580000,0,75,0,214,0,0,0,0,0,0,0,1,0,0
13450,0,10,0,75,1,519,0,0,0,0,0,0,1,0,0,1
13100,2,205000,0,75,0,177,0,0,0,0,0,0,1,1,0,0
13300,1,260000,0,75,1,276,0,0,0,0,0,0,1,1,0,0
14000,3,545000,0,75,0,104,1,0,0,0,0,0,1,0,1,0
14000,2,190000,0,75,0,276,0,0,0,0,0,0,0,1,0,0
14000,3,700000,1,75,0,798,0,0,0,0,1,0,0,0,0,1
13950,1,310750,1,75,1,202,0,0,0,1,0,0,1,1,0,0
13500,2,220000,0,75,0,448,0,0,0,0,0,0,0,0,0,1
13500,3,437470,0,75,0,480,1,0,0,0,1,0,0,0,0,1
13880,0,10,0,75,1,519,0,0,0,0,0,0,1,0,0,1
13490,0,10,0,75,1,519,0,0,0,0,0,0,1,0,0,1
13500,1,180000,0,75,1,326,0,0,0,0,0,0,1,0,1,0
13290,1,149240,0,75,1,275,0,0,0,0,0,0,1,1,0,0
13900,1,306800,1,75,1,326,0,0,0,1,0,0,1,0,1,0
13900,1,361200,1,75,1,326,0,0,0,1,0,0,1,0,1,0
13500,2,190000,0,75,0,326,0,0,0,0,0,0,0,0,1,0
13500,6,580000,1,75,0,549,0,0,0,0,1,0,0,0,0,1
13490,1,190000,0,75,1,326,0,0,0,0,0,0,1,0,1,0
13190,2,100000,0,75,1,183,0,0,0,0,0,0,1,1,0,0
13900,1,179820,0,75,0,495,0,0,0,0,0,0,1,0,0,1
13890,0,10,0,75,1,519,0,0,0,0,0,0,0,0,0,1
14000,4,640000,0,75,0,175,0,0,0,0,1,0,0,1,0,0
13500,4,270000,1,75,0,463,0,0,0,0,1,0,0,0,0,1
14000,3,370000,0,75,0,23,0,0,0,0,0,0,1,0,0,0
13500,2,234690,0,75,0,25,0,0,0,0,0,0,0,0,0,0
13500,3,94000,0,75,1,51,0,0,0,0,0,0,1,0,0,0
13300,1,169000,0,75,1,275,0,0,0,0,0,0,1,1,0,0
13300,5,915000,1,75,0,314,0,0,0,0,1,0,0,0,1,0
13950,1,232000,0,75,1,127,0,0,0,0,0,0,1,0,0,0
13500,3,320000,0,75,0,161,0,0,0,0,0,0,1,0,1,0
13900,3,310950,0,75,1,178,1,0,0,0,0,0,1,1,0,0
13950,1,310750,1,75,1,326,0,0,0,1,0,0,1,0,1,0
14000,1,56570,0,75,0,842,0,0,0,0,0,0,1,0,0,1
13500,3,400000,1,75,0,499,0,0,0,0,0,0,1,0,0,1
13500,2,210000,0,75,0,87,0,0,0,0,0,0,0,0,1,0
13800,1,237000,0,75,1,275,0,0,0,0,0,0,1,1,0,0
13600,2,290000,0,75,0,65,0,0,0,0,0,0,0,0,0,0
13990,1,282550,0,75,1,383,0,0,0,0,0,0,1,0,1,0
14000,5,560000,0,75,0,211,0,0,0,0,1,0,0,0,1,0
13900,1,179820,0,75,0,533,0,0,0,0,0,0,0,0,0,1
13900,2,375000,0,75,1,200,0,0,0,0,1,0,0,0,1,0
13800,3,270000,0,75,0,101,0,0,0,0,1,0,0,0,0,0
13999,1,220170,0,75,1,180,0,0,0,0,0,0,1,1,0,0
13500,2,120000,0,75,0,914,0,0,0,0,0,0,0,0,0,1
13500,2,317000,1,75,0,95,0,0,0,0,0,0,1,0,0,0
13200,3,186000,0,75,0,146,0,0,0,0,0,0,0,0,1,0
13990,4,394890,0,75,1,42,1,0,0,0,0,0,1,0,0,0
14000,5,700000,1,75,0,146,1,0,0,0,1,0,0,0,1,0
13400,0,10,0,75,1,20,0,0,0,0,0,0,0,0,0,0
13250,2,450000,0,75,0,326,0,1,0,0,0,0,0,0,1,0
13900,6,375430,1,75,1,106,0,0,0,0,1,0,0,0,1,0
13790,2,230000,0,75,1,326,0,1,0,0,0,0,1,0,1,0
13900,2,350000,0,75,1,339,0,0,0,0,0,0,1,0,1,0
13500,3,400000,0,75,0,81,0,0,0,0,0,0,1,0,1,0
13290,2,197550,0,75,1,25,0,0,0,0,0,0,0,0,0,0
13500,3,203500,0,75,0,326,0,0,0,0,0,0,1,0,1,0
13100,5,704000,0,75,0,262,0,0,0,0,1,0,0,1,0,0
13950,1,354660,1,75,1,202,0,0,0,1,0,0,1,1,0,0
13500,3,560000,1,75,0,184,0,0,0,0,0,0,1,1,0,0
13500,2,200000,0,75,1,204,0,0,0,0,0,0,0,0,0,0
13500,2,380000,0,75,0,100,0,0,0,0,0,0,0,0,1,0
13500,2,520000,0,75,0,759,0,0,0,0,0,0,1,0,0,1
13990,5,202700,1,75,1,488,0,0,1,0,0,0,0,0,0,1
13990,2,220410,0,75,1,25,0,0,0,0,0,0,1,0,0,0
13500,2,170000,0,75,1,274,0,0,0,0,0,0,0,0,1,0
13300,3,392000,0,75,0,271,0,0,0,0,0,0,0,1,0,0
14000,2,190000,0,75,0,74,0,0,0,0,0,0,0,0,0,0
13790,2,190000,0,75,1,357,0,0,0,0,0,0,1,0,0,1
13700,4,890000,0,75,0,177,0,0,0,0,1,0,0,1,0,0
13700,1,199000,0,75,1,200,0,0,0,0,0,0,1,1,0,0
13400,1,175790,0,75,1,116,0,0,0,0,0,0,1,0,0,0
13400,3,132000,0,75,0,57,0,0,0,0,0,0,0,0,0,0
13900,1,110000,0,75,1,178,0,0,0,0,0,0,1,1,0,0
13999,3,512750,0,75,1,283,0,0,0,0,0,0,1,1,0,0
13900,1,320000,0,75,1,132,0,0,0,0,0,0,1,0,0,0
13950,1,95000,0,75,1,499,0,0,0,0,0,0,1,0,0,1
13300,4,220000,0,75,0,223,0,0,0,0,0,0,1,0,0,0
13490,2,342000,0,75,1,276,0,0,0,0,0,0,1,1,0,0
13600,0,122850,0,75,1,519,0,0,0,0,0,0,1,0,0,1
13890,2,400,0,75,1,326,0,0,0,0,0,0,1,0,1,0
13990,3,911240,0,75,1,276,1,0,0,0,1,0,0,1,0,0
13990,2,460000,0,75,1,276,0,0,0,0,0,0,1,1,0,0
13500,2,330000,0,75,0,23,0,0,0,0,0,0,0,0,0,0
13990,3,372140,0,75,1,276,1,0,0,0,0,0,1,1,0,0
13500,3,613170,0,75,1,106,0,0,0,0,0,0,0,0,1,0
13800,3,299820,0,75,1,326,0,0,0,0,0,0,1,0,1,0
13600,4,490000,1,75,0,344,0,0,0,0,0,0,1,0,1,0
13499,5,980000,0,75,0,216,1,0,0,0,0,0,0,1,0,0
13500,6,729290,1,75,1,496,0,0,1,0,1,0,0,0,0,1
13300,2,292980,0,75,1,292,0,0,0,0,0,0,1,1,0,0
13950,4,425940,0,75,1,87,1,0,0,0,0,0,1,0,1,0
13999,3,512750,0,75,1,86,0,0,0,0,0,0,1,0,0,0
14000,4,840000,0,75,0,193,0,0,0,0,1,0,0,1,0,0
13990,4,473250,0,75,1,712,1,0,0,0,0,0,1,0,0,1
13500,4,585000,0,75,0,492,1,0,0,0,0,0,1,0,0,1
13999,6,350060,1,75,1,475,0,0,0,0,0,0,0,0,0,1
13900,1,210000,0,75,1,107,0,0,0,0,0,0,1,0,0,0
13700,1,172000,0,75,1,200,0,0,0,0,0,0,1,1,0,0
14000,6,460840,1,75,0,98,0,0,0,0,0,0,0,0,0,0
13690,1,274850,0,75,1,196,0,0,0,0,0,0,1,1,0,0
13900,1,110000,0,75,1,178,0,0,0,0,0,0,1,1,0,0
13950,1,233250,0,75,1,119,0,0,0,0,0,0,1,0,0,0
13900,3,367000,0,75,1,178,0,0,0,0,0,0,1,1,0,0
13900,3,200000,0,75,1,178,1,0,0,0,0,0,1,1,0,0
14000,2,244800,0,75,0,785,0,0,0,0,0,0,1,0,0,1
13400,2,83940,0,75,1,478,0,0,0,0,0,0,0,0,0,1
13900,1,100000,0,75,1,178,0,0,0,0,0,0,1,1,0,0
13500,2,280000,0,75,0,177,0,0,0,0,0,0,0,1,0,0
13990,3,249100,0,75,1,276,0,0,0,0,1,0,0,1,0,0
13499,4,284430,0,75,1,99,0,0,0,0,0,0,1,0,1,0
13933,2,139400,0,75,1,319,0,0,0,0,0,0,1,0,1,0
13590,1,210000,0,75,1,326,0,0,0,0,0,0,1,0,1,0
13490,3,268490,1,75,1,232,0,0,0,0,0,0,1,1,0,0
13500,4,520000,0,75,0,807,1,0,0,0,0,0,1,0,0,1
13500,5,692000,0,75,0,365,1,0,0,0,0,0,1,0,0,1
13200,4,940000,0,75,1,276,1,0,0,0,1,0,0,1,0,0
13946,2,203040,0,75,1,245,0,0,0,0,0,0,1,1,0,0
13490,4,388000,1,75,0,177,0,0,0,0,0,0,1,1,0,0
14000,5,564000,0,75,0,264,1,0,0,0,0,0,1,0,1,0
14000,5,940000,0,75,0,5,0,1,0,0,0,0,0,0,0,0
13950,1,136000,0,75,1,499,0,0,0,0,0,0,1,0,0,1
13700,5,567840,0,75,1,16,1,0,0,0,1,0,0,0,0,0
13200,4,556180,0,75,0,141,1,0,0,0,0,0,0,0,0,0
13690,1,331840,0,75,1,196,0,0,0,0,0,0,1,1,0,0
13490,5,550000,1,75,0,498,0,0,1,0,0,0,0,0,0,1
13400,3,390000,1,75,1,498,0,0,0,0,0,0,1,0,0,1
13900,4,300000,0,75,1,698,1,0,0,0,0,0,1,0,0,1
13950,4,564150,0,75,1,87,1,0,0,0,0,0,1,0,1,0
14000,4,980000,0,75,0,146,1,0,0,0,0,0,1,0,1,0
13490,4,588000,0,75,1,377,1,0,0,0,0,0,0,0,0,1
13200,2,450000,0,75,0,184,0,0,0,0,0,0,0,1,0,0
14000,6,770000,0,75,0,326,0,0,0,0,0,0,0,0,1,0
13599,2,580250,0,75,1,86,0,0,0,0,0,0,1,0,0,0
14000,6,650000,1,75,0,81,0,0,0,0,0,0,1,0,0,0
13400,3,574810,0,75,1,326,1,0,0,0,0,0,0,0,1,0
14000,5,466000,0,75,0,159,0,0,0,0,0,0,1,1,0,0
13999,3,512750,0,75,1,326,0,0,0,0,0,0,1,0,1,0
13100,4,285200,0,75,1,146,0,0,0,0,0,0,1,1,0,0
14000,2,410000,0,75,1,684,1,0,0,0,0,0,0,0,0,1
13900,6,750000,0,75,0,102,0,0,0,0,1,0,0,1,0,0
13500,3,520000,0,75,0,105,0,0,0,0,0,0,0,0,1,0
13950,1,354660,1,75,1,326,0,0,0,1,0,0,1,0,1,0
13700,3,280000,0,75,1,276,0,0,0,0,0,0,1,1,0,0
13990,3,500000,1,75,1,178,0,0,0,0,0,0,0,1,0,0
13490,4,588000,0,75,1,272,1,0,0,0,0,0,0,0,1,0
13500,3,630000,1,75,0,499,0,0,0,0,0,0,1,0,0,1
13990,4,750000,0,75,1,383,1,0,0,0,0,0,0,0,1,0
13700,2,230000,0,75,1,165,0,0,0,0,0,0,0,1,0,0
13600,3,600000,0,75,1,176,0,0,0,0,0,0,0,0,1,0
13900,3,490410,0,75,1,326,0,0,0,0,1,0,0,0,1,0
13900,3,214540,0,75,1,782,0,0,0,0,0,0,0,0,0,1
13990,4,650830,1,75,1,276,0,0,0,0,1,0,0,1,0,0
13950,2,317010,0,75,1,146,0,0,0,0,0,0,0,0,1,0
13690,1,178870,0,75,1,196,0,0,0,0,0,0,1,1,0,0
13500,2,317190,0,75,1,480,0,0,0,0,0,0,1,0,0,1
13750,3,401010,0,75,1,326,0,0,0,0,0,0,1,0,1,0
13600,1,122850,0,75,1,519,0,0,0,0,0,0,1,0,0,1
13950,1,181000,0,75,1,119,0,0,0,0,0,0,1,0,0,0
13599,2,580250,0,75,1,177,0,0,0,0,0,0,1,1,0,0
13500,5,830000,0,75,0,283,1,0,0,0,1,0,0,1,0,0
13250,2,760000,0,75,1,198,0,0,0,0,0,0,1,1,0,0
13200,5,994000,0,75,1,91,1,0,0,0,1,0,0,1,0,0
13500,4,532000,0,75,1,597,1,0,0,0,0,0,1,0,0,1
13500,4,1305630,0,75,1,40,1,0,0,0,1,0,0,0,0,0
13400,2,330000,0,75,1,326,0,0,0,0,0,0,0,0,1,0
13900,2,325680,0,75,1,86,0,0,0,0,0,0,0,0,0,0
13499,4,284430,0,75,1,326,0,0,0,0,0,0,1,0,1,0
13990,2,535480,0,75,1,488,0,0,0,0,0,0,1,0,0,1
13490,4,541990,0,75,1,214,0,0,0,0,0,0,1,1,0,0
13690,1,258710,0,75,1,196,0,0,0,0,0,0,1,1,0,0
13999,6,1130000,0,75,0,736,1,0,0,0,1,0,0,0,0,1
13500,4,578000,0,75,1,140,1,0,0,0,0,0,0,0,1,0
14000,5,600000,0,75,0,828,0,0,0,0,0,0,1,0,0,1
13500,2,403650,0,75,1,326,0,0,0,0,0,0,1,0,1,0
13500,3,898220,1,75,1,142,0,0,0,0,0,0,1,0,0,0
13900,1,201000,0,75,1,119,0,0,0,0,0,0,1,0,0,0
13790,3,470000,0,75,0,302,0,0,0,0,0,0,1,0,0,1
13200,6,661620,0,75,1,177,1,0,0,0,0,0,0,1,0,0
13999,3,512750,0,75,1,177,0,0,0,0,0,0,1,1,0,0
13999,3,512750,0,75,1,25,0,0,0,0,0,0,1,0,0,0
13900,4,507000,0,75,1,14,0,0,0,0,0,0,0,0,0,0
13650,1,267980,0,75,1,16,0,0,0,0,0,0,1,0,0,0
13900,2,149000,0,75,1,205,0,0,0,0,0,0,0,1,0,0
13600,2,596430,0,75,1,101,0,0,0,0,0,0,0,0,0,0
13900,2,491710,0,75,1,121,0,0,0,0,0,0,0,1,0,0
13950,5,404140,0,75,1,76,0,0,0,0,0,0,0,0,0,0
13600,3,730000,0,75,1,95,1,0,0,0,0,0,0,0,0,0
13490,4,789170,0,75,1,141,0,0,0,0,1,0,0,0,0,0
13500,3,109690,0,75,1,495,0,0,0,0,0,0,0,0,0,1
13500,3,331630,0,75,0,326,0,0,0,0,0,0,0,0,1,0
14000,2,254790,0,75,0,226,0,0,0,0,0,0,0,0,0,0
13500,6,729290,1,75,1,495,0,0,1,0,1,0,0,0,0,1
13900,2,509010,0,75,1,121,0,0,0,0,0,0,0,1,0,0
13490,4,588000,0,75,1,412,1,0,0,0,0,0,0,0,0,1
13499,4,284430,0,75,1,86,0,0,0,0,0,0,1,0,0,0
13990,4,662000,0,75,1,190,0,0,0,0,0,0,0,0,0,0
13500,2,600000,0,75,0,300,0,0,0,0,0,0,1,0,1,0
13900,3,438210,0,75,1,276,0,0,0,0,0,0,1,1,0,0
13500,4,952990,0,75,1,201,1,0,0,0,1,0,0,1,0,0
13500,3,352750,0,75,1,142,0,0,0,0,0,0,0,0,0,0
13200,3,500000,0,75,0,276,0,0,0,0,0,0,1,1,0,0
13900,6,703220,0,75,1,299,0,0,0,0,0,0,1,1,0,0
13500,2,668000,0,75,1,495,0,0,0,0,0,0,1,0,0,1
13990,5,749370,0,75,1,488,1,0,0,0,0,0,0,0,0,1
13299,4,883640,0,75,1,99,1,0,0,0,0,0,1,0,1,0
13299,4,883640,0,75,1,25,1,0,0,0,0,0,1,0,0,0
13500,2,250000,0,75,1,275,0,0,0,0,0,0,0,1,0,0
13299,4,883640,0,75,1,177,1,0,0,0,0,0,1,1,0,0
13500,4,460000,0,75,0,221,0,0,0,0,0,0,0,0,0,0
13950,1,310750,1,75,1,383,0,0,0,1,0,0,1,0,1,0
13500,3,410000,0,75,0,330,0,0,0,0,0,0,0,0,0,1
13900,3,520000,1,75,0,326,0,0,0,0,0,0,1,0,1,0
13500,4,1083000,0,75,1,611,1,0,0,0,0,0,0,0,0,1
13299,4,883640,0,75,1,283,1,0,0,0,0,0,1,1,0,0
13950,4,637580,0,75,1,326,1,0,0,0,0,0,1,0,1,0
13490,4,259990,0,75,1,276,0,0,0,0,1,0,0,1,0,0
13900,5,512000,0,75,1,229,1,0,0,0,0,0,1,1,0,0
13500,4,650000,1,75,0,495,0,0,0,0,0,0,1,0,0,1
14000,4,1001000,0,75,0,393,1,0,0,0,0,0,0,0,1,0
13890,4,290000,0,75,1,683,0,0,0,0,0,0,0,0,0,1
13800,5,1450000,0,75,1,755,1,0,0,0,0,0,0,0,0,1
13599,2,580250,0,75,1,99,0,0,0,0,0,0,1,0,1,0
13999,3,512750,0,75,1,485,0,0,0,0,0,0,1,0,0,1
13599,2,580250,0,75,1,326,0,0,0,0,0,0,1,0,1,0
13900,4,660000,0,75,1,342,1,0,0,0,0,0,1,0,1,0
13900,5,763170,0,75,1,206,0,0,0,0,0,0,1,1,0,0
13800,4,1168900,0,75,1,142,1,0,0,0,0,0,1,0,0,0
13599,2,580250,0,75,1,25,0,0,0,0,0,0,1,0,0,0
13599,2,580250,0,75,1,628,0,0,0,0,0,0,1,0,0,1
13500,3,480000,0,75,1,162,0,0,0,0,0,0,0,0,0,0
13999,3,512750,0,75,1,99,0,0,0,0,0,0,1,0,1,0
13150,3,261120,0,75,1,326,0,0,0,0,0,0,0,0,1,0
13599,2,580250,0,75,1,283,0,0,0,0,0,0,1,1,0,0
13999,3,169730,0,75,1,475,0,0,0,0,0,0,1,0,0,1
13499,4,284430,0,75,1,485,0,0,0,0,0,0,1,0,0,1
13790,4,790970,0,75,1,177,0,0,0,0,1,0,0,1,0,0
13500,3,110270,0,75,1,495,0,0,0,0,0,0,0,0,0,1
13590,4,791000,0,75,1,125,0,0,0,0,1,0,0,1,0,0
13700,3,269730,0,75,1,326,0,0,0,0,0,0,1,0,1,0
13490,3,359310,0,75,1,170,0,0,0,0,0,0,1,1,0,0
13940,2,290060,0,75,1,824,0,0,0,0,0,0,1,0,0,1
13500,3,251120,0,75,1,40,0,0,0,0,0,0,0,0,0,0
13900,4,289000,0,75,1,156,0,0,0,0,0,0,1,1,0,0
13500,4,590860,1,75,1,151,0,0,0,0,0,0,0,1,0,0
13900,2,435390,0,75,1,322,0,0,0,0,0,0,0,0,1,0
13900,6,415000,0,75,0,276,0,0,0,0,0,0,1,1,0,0
13499,4,284430,0,75,1,25,0,0,0,0,0,0,1,0,0,0
13800,4,245000,0,75,1,286,0,0,0,0,0,0,1,1,0,0
13900,4,442830,0,75,1,276,0,0,0,0,0,0,1,1,0,0
13400,3,810420,0,75,1,116,1,0,0,0,0,0,1,0,0,0
13599,2,580250,0,75,1,130,0,0,0,0,0,0,1,0,1,0
13500,5,675000,0,75,0,249,0,0,0,0,0,0,1,1,0,0
13499,6,844750,1,75,1,177,0,0,0,0,1,0,0,1,0,0
13499,4,284430,0,75,1,283,0,0,0,0,0,0,1,1,0,0
13499,4,284430,0,75,1,628,0,0,0,0,0,0,1,0,0,1
13390,3,179560,0,75,1,184,0,0,0,0,0,0,0,0,0,0
13500,5,1230000,0,75,1,638,1,0,0,0,1,0,0,0,0,1
13900,6,190000,0,75,1,852,0,0,0,0,0,0,0,0,0,1
13950,1,354660,1,75,1,383,0,0,0,1,0,0,1,0,1,0
13450,2,428980,0,75,1,87,0,0,0,0,0,0,0,0,1,0
13989,4,680190,0,75,1,285,0,0,0,0,0,0,1,1,0,0
13950,2,221000,0,75,1,480,0,0,0,0,0,0,0,0,0,1
13950,4,637580,0,75,1,326,1,0,0,0,0,0,1,0,1,0
13490,6,1000000,0,75,0,6,0,0,0,0,1,0,0,0,0,0
13990,4,198810,0,75,1,232,0,0,0,0,1,0,0,1,0,0
13950,2,133470,0,75,1,495,0,0,0,0,0,0,1,0,0,1
13800,2,450000,0,75,0,42,0,0,0,0,0,0,0,0,0,0
13500,2,390000,0,75,1,523,0,0,0,0,0,0,1,0,0,1
13500,5,940000,0,75,0,262,1,0,0,0,0,0,1,1,0,0
13950,5,530000,1,75,1,296,0,0,0,0,0,0,0,0,1,0
14000,6,1110440,0,75,0,42,0,0,0,0,1,0,0,0,0,0
13900,4,740000,0,75,1,67,1,0,0,0,0,0,0,0,0,0
13450,3,206670,0,75,1,87,0,0,0,0,0,0,0,0,1,0
13500,4,780000,0,75,1,560,1,0,0,0,0,0,0,0,0,1
13450,3,574810,0,75,1,326,1,0,0,0,0,0,0,0,1,0
13990,4,880000,0,75,1,757,1,0,0,0,0,0,0,0,0,1
13900,1,327000,0,75,1,192,0,0,0,0,0,0,1,1,0,0
13500,4,420000,0,75,0,198,0,0,0,0,0,0,0,1,0,0
13390,5,505000,0,75,1,383,0,0,0,0,0,0,1,0,1,0
13390,5,505000,0,75,1,383,0,0,0,0,0,0,1,0,1,0
13900,4,576830,0,75,0,9,0,0,0,0,0,0,1,0,0,0
13400,4,999000,0,75,1,611,1,0,0,0,0,0,1,0,0,1
13990,3,306960,0,75,1,193,0,0,0,0,0,0,1,1,0,0
14000,2,260000,0,75,0,341,0,0,0,0,0,0,0,0,0,1
13500,5,745980,0,75,1,750,1,0,0,0,0,0,0,0,0,1
13199,2,405660,0,75,1,99,0,0,0,0,0,0,0,0,1,0
13950,5,610000,1,75,1,296,0,0,0,0,0,0,1,0,1,0
13200,3,720000,0,75,1,170,0,0,0,0,0,0,0,1,0,0
13900,4,343000,0,75,1,223,0,0,0,0,0,0,0,0,1,0
13500,4,422550,0,75,0,121,0,0,0,0,0,0,1,1,0,0
13490,3,228740,0,75,1,193,0,0,0,0,0,0,0,1,0,0
13500,3,713350,0,75,1,750,1,0,0,0,0,0,1,0,0,1
13990,5,540000,0,75,1,455,0,0,0,0,0,0,1,0,0,1
13850,3,450000,1,75,1,533,0,0,0,0,0,0,0,0,0,1
14900,0,10,0,75,1,276,0,0,0,0,0,0,1,1,0,0
14490,1,100000,0,75,1,326,0,1,0,0,0,0,1,0,1,0
14500,1,73800,0,75,1,119,0,0,0,0,0,0,1,0,0,0
14990,1,50,0,75,1,99,0,0,0,0,0,0,1,0,0,0
14950,0,50,0,75,1,198,0,0,0,0,0,0,1,1,0,0
14900,5,768000,1,75,1,127,0,0,1,0,0,0,1,0,0,0
14490,4,134450,1,75,1,40,0,0,1,0,0,0,0,0,0,0
14990,3,347260,1,75,1,193,0,0,0,0,0,0,1,1,0,0
14500,3,240200,0,75,1,490,1,0,0,0,0,0,0,0,0,1
14900,1,150000,0,75,1,124,0,0,0,0,0,0,1,0,0,0
14900,1,274700,0,75,1,202,0,0,0,0,0,0,1,1,0,0
14490,4,134450,1,75,1,180,0,0,1,0,0,0,0,1,0,0
14299,2,160800,0,75,1,203,0,0,0,0,1,0,0,1,0,0
14999,1,234000,0,75,1,194,0,0,0,0,0,0,1,1,0,0
14899,1,191360,0,75,1,514,0,0,0,0,0,0,1,0,0,1
15000,5,640000,0,75,1,276,1,0,0,0,1,0,0,1,0,0
14850,1,164000,0,75,1,326,0,0,0,0,0,0,1,0,1,0
14890,2,125230,0,75,1,276,0,0,0,0,1,0,0,1,0,0
14700,3,740000,1,75,1,560,0,0,0,0,1,0,0,0,0,1
14599,3,120000,0,75,1,359,0,0,0,0,1,0,0,0,1,0
14990,5,309230,1,75,1,326,0,0,0,0,1,0,0,0,1,0
15000,3,682000,1,75,1,105,0,0,0,0,1,0,0,0,1,0
14490,1,196000,0,75,1,499,0,0,0,0,0,0,1,0,0,1
14790,1,154100,0,75,1,180,0,0,0,0,0,0,1,1,0,0
14680,1,320000,0,75,1,326,0,1,0,0,0,0,1,0,1,0
14900,3,402480,1,75,1,276,0,0,0,0,0,0,1,1,0,0
14250,3,520740,1,75,1,326,0,0,0,0,0,0,0,0,1,0
15000,5,620110,0,75,1,764,1,0,0,0,1,0,0,0,0,1
14900,4,739550,0,75,1,83,1,0,0,0,0,0,1,0,1,0
14900,2,353000,0,75,1,883,0,0,0,0,0,0,1,0,0,1
15000,3,412000,1,75,0,755,0,0,0,0,1,0,0,0,0,1
14950,1,139130,1,75,1,239,0,0,0,1,0,0,1,1,0,0
14470,0,100,0,75,1,87,0,0,0,0,0,0,1,0,1,0
14600,1,195540,1,75,1,202,0,0,0,1,0,0,1,1,0,0
14900,1,218000,1,75,1,286,0,0,0,1,0,0,1,1,0,0
15000,2,176000,0,75,0,177,0,0,0,0,0,0,1,1,0,0
14500,2,200000,0,75,0,121,0,0,0,0,0,0,1,1,0,0
14980,0,10,0,75,1,82,0,0,0,0,0,0,1,0,1,0
14900,0,1000,0,75,1,149,0,0,0,0,0,0,1,0,1,0
14500,2,185000,0,75,0,216,0,0,0,0,0,0,1,1,0,0
14400,0,10,0,75,1,20,0,0,0,0,0,0,1,0,0,0
14500,1,120000,0,75,0,135,0,0,0,0,0,0,0,0,1,0
15000,2,178000,0,75,0,326,0,0,0,0,1,0,0,0,1,0
14900,1,218000,1,75,1,290,0,0,0,1,0,0,1,1,0,0
15000,1,100000,0,75,0,167,0,0,0,0,0,0,1,1,0,0
14600,1,195540,1,75,1,326,0,0,0,1,0,0,1,0,1,0
14899,0,10,0,75,1,519,0,0,0,0,0,0,1,0,0,1
14490,1,55000,0,75,1,326,0,1,0,0,0,0,1,0,1,0
14800,3,244000,1,75,0,263,0,0,0,0,0,0,1,0,1,0
14400,3,208000,1,75,0,164,0,0,0,0,0,0,0,0,0,0
14500,2,3000,0,75,0,326,0,0,0,0,0,0,1,0,1,0
14890,1,535800,1,75,1,184,0,0,0,1,0,0,1,1,0,0
14950,0,100,0,75,1,198,0,0,0,0,0,0,1,1,0,0
14490,1,89000,0,75,1,111,0,0,0,0,0,0,1,1,0,0
15000,6,320000,1,75,0,305,0,0,1,0,1,0,0,1,0,0
14400,1,9000,0,75,1,270,0,0,0,0,0,0,1,1,0,0
14700,1,150000,0,75,1,326,0,1,0,0,0,0,1,0,1,0
14900,1,275000,1,75,1,341,0,0,0,1,0,0,1,0,1,0
14600,5,190000,1,75,1,215,0,0,1,0,0,0,0,0,0,0
14490,0,60,0,75,1,276,0,0,0,0,0,0,0,1,0,0
14290,3,510000,0,75,0,166,0,0,0,0,0,0,1,1,0,0
14700,1,125000,0,75,1,290,0,0,0,0,0,0,1,0,1,0
14900,0,1000,0,75,1,59,0,0,0,0,0,0,1,0,0,0
14890,1,535800,1,75,1,511,0,0,0,1,0,0,1,0,0,1
14900,2,100,0,75,1,276,0,0,0,0,0,0,1,1,0,0
14390,3,560900,1,75,1,129,0,0,0,0,0,0,1,0,0,0
14900,0,1000,0,75,1,59,0,0,0,0,0,0,1,0,0,0
14500,2,239020,0,75,1,178,0,0,0,0,1,0,0,1,0,0
14990,1,250,0,75,1,276,0,0,0,0,0,0,1,1,0,0
14990,2,279000,0,75,0,276,0,0,0,0,0,0,1,1,0,0
14350,3,230000,0,75,0,383,0,0,0,0,0,0,0,0,1,0
15000,3,230000,0,75,0,175,0,0,0,0,1,0,0,1,0,0
14400,0,10,0,75,1,20,0,0,0,0,0,0,1,0,0,0
14300,3,557770,0,75,1,314,1,0,0,0,0,0,1,0,1,0
14900,4,83670,1,75,1,798,0,0,1,0,0,0,0,0,0,1
14500,1,172000,0,75,1,464,0,0,0,0,0,0,1,0,0,1
14900,1,88000,0,75,1,245,0,0,0,0,0,0,1,1,0,0
14990,1,130000,0,75,1,383,0,0,0,0,0,0,1,0,1,0
14600,1,195540,1,75,1,326,0,0,0,1,0,0,1,0,1,0
14900,3,423000,0,75,1,72,1,0,0,0,0,0,1,0,0,0
15000,6,330000,0,75,0,511,0,0,0,0,0,0,1,0,0,1
14500,2,246000,0,75,1,263,0,0,0,0,0,0,1,0,1,0
14900,5,420000,1,75,0,326,0,0,0,0,1,0,0,0,1,0
14790,1,380180,0,75,1,478,0,0,0,0,0,0,1,0,0,1
14990,1,212740,0,75,1,560,0,0,0,0,0,0,1,0,0,1
14900,1,150000,0,75,1,338,0,0,0,0,0,0,1,0,0,1
14500,1,320000,0,75,0,750,0,0,0,0,0,0,1,0,0,1
14770,1,398320,0,75,1,201,0,0,0,0,0,0,1,1,0,0
14400,5,450000,1,75,1,172,0,0,1,0,1,0,0,1,0,0
14900,5,400000,1,75,0,215,0,0,1,0,0,0,1,1,0,0
14600,3,147000,0,75,0,326,0,0,0,0,0,0,0,0,1,0
14500,1,144190,0,75,1,276,0,0,0,0,0,0,1,1,0,0
14800,1,210000,0,75,0,500,0,0,0,0,0,0,1,0,0,1
14800,1,90000,0,75,1,650,0,0,0,0,0,0,1,0,0,1
14500,1,250000,0,75,0,750,0,0,0,0,0,0,1,0,0,1
14490,0,100,0,75,1,232,0,0,0,0,0,0,0,1,0,0
14900,0,1000,0,75,1,149,0,0,0,0,0,0,1,0,1,0
14990,1,105020,0,75,1,326,0,0,0,0,0,0,1,0,1,0
15000,2,270000,0,75,0,127,0,0,0,0,1,0,0,0,0,0
14900,1,119500,0,75,1,263,0,0,0,0,0,0,1,0,1,0
14600,2,312000,0,75,0,359,0,0,0,0,0,0,0,0,1,0
14500,6,660000,0,75,0,156,1,0,0,0,1,0,0,1,0,0
14800,2,300000,0,75,0,157,0,0,0,0,0,0,0,0,0,0
14500,1,105000,0,75,0,180,0,0,0,0,0,0,1,1,0,0
14900,2,350000,0,75,0,803,0,0,0,0,0,0,1,0,0,1
15000,2,197000,0,75,1,114,0,0,0,0,0,0,1,0,1,0
14900,4,363960,0,75,1,81,1,0,0,0,0,0,0,0,1,0
15000,4,730000,0,75,0,495,1,0,0,0,1,0,0,0,0,1
14500,2,183000,0,75,0,783,0,0,0,0,0,0,0,0,0,1
14900,6,259500,0,75,0,495,0,0,0,0,0,0,1,0,0,1
14900,3,372410,0,75,1,86,1,0,0,0,0,0,1,0,0,0
14490,2,112270,0,75,1,350,0,0,0,0,0,0,1,0,1,0
14490,1,330000,0,75,1,188,0,0,0,0,0,0,1,1,0,0
14400,6,824430,0,75,1,72,1,0,0,0,1,0,0,0,0,0
14900,1,71830,0,75,1,276,0,0,0,0,0,0,1,1,0,0
14490,0,230,0,75,1,276,0,0,0,0,0,0,0,1,0,0
14990,1,120810,0,75,1,357,0,0,0,0,0,0,1,0,0,1
14900,1,120000,0,75,1,495,0,0,0,0,0,0,1,0,0,1
14990,0,10,0,75,1,115,0,0,0,0,0,0,1,0,0,0
14500,3,463000,0,75,1,276,0,0,0,0,1,0,0,1,0,0
14900,1,112480,0,75,1,197,0,0,0,0,0,0,1,0,1,0
14200,3,562760,0,75,1,60,1,0,0,0,0,0,1,0,0,0
14490,2,252000,0,75,1,166,0,0,0,0,0,0,1,1,0,0
14900,1,219000,0,75,1,127,0,0,0,0,0,0,1,0,0,0
14900,1,228000,0,75,1,177,0,0,0,0,0,0,1,1,0,0
15000,2,300000,0,75,1,356,0,0,0,0,0,0,1,0,1,0
14900,4,643000,1,75,1,276,0,0,0,0,1,0,0,1,0,0
14500,1,105800,0,75,1,119,0,0,0,0,0,0,1,0,0,0
14750,1,221200,1,75,1,202,0,0,0,1,0,0,1,1,0,0
14900,1,210000,0,75,1,147,0,0,0,0,0,0,1,1,0,0
14490,1,96410,0,75,1,111,0,0,0,0,0,0,1,1,0,0
14990,4,266780,1,75,1,276,0,0,0,0,1,0,0,1,0,0
14900,4,399000,1,75,0,723,0,0,0,0,0,0,1,0,0,1
14900,1,173650,0,75,1,533,0,0,0,0,0,0,1,0,0,1
14990,4,260000,1,75,1,344,0,0,0,0,1,0,0,0,1,0
14900,1,237900,0,75,1,149,0,0,0,0,0,0,1,0,1,0
14500,3,200000,0,75,0,142,0,0,0,0,0,0,1,1,0,0
15000,2,350000,0,75,0,193,0,0,0,0,0,0,1,1,0,0
14500,3,150000,0,75,1,319,0,0,0,0,0,0,0,0,1,0
14950,4,157000,0,75,1,287,0,0,0,0,0,0,1,1,0,0
14990,3,437570,1,75,1,232,0,0,0,0,1,0,0,1,0,0
14999,3,107040,1,75,0,326,0,0,0,0,0,0,0,0,1,0
14950,1,138020,0,75,1,287,0,0,0,0,0,0,1,1,0,0
14400,2,253630,0,75,1,170,0,0,0,0,0,0,1,1,0,0
14990,1,10,0,75,1,287,0,0,0,0,0,0,1,1,0,0
14200,6,740000,0,75,0,554,1,0,0,0,0,0,1,0,0,1
14900,1,50,0,75,1,178,0,0,0,0,0,0,1,1,0,0
14499,2,256830,0,75,1,109,0,0,0,0,1,0,0,0,1,0
14900,1,187300,0,75,1,468,0,0,0,0,0,0,1,0,0,1
14800,3,140000,1,75,1,64,0,0,0,0,0,0,1,1,0,0
14850,0,100,0,75,1,521,0,0,0,0,0,0,1,0,0,1
14400,1,300000,0,75,1,495,0,0,0,0,0,0,1,0,0,1
14900,1,87840,0,75,1,276,0,0,0,0,0,0,1,1,0,0
14990,1,163000,0,75,1,488,0,0,0,0,0,0,1,0,0,1
14900,1,270000,1,75,1,341,0,0,0,1,0,0,1,0,1,0
14900,1,178000,0,75,1,184,0,0,0,0,0,0,1,1,0,0
14800,6,580000,1,75,0,495,0,0,0,0,0,0,1,0,0,1
14300,3,491910,0,75,1,326,1,0,0,0,0,0,1,0,1,0
14750,1,221200,1,75,1,326,0,0,0,1,0,0,1,0,1,0
14900,5,345000,0,75,0,140,0,0,0,0,0,0,0,0,0,0
14750,4,720000,0,75,0,495,1,0,0,0,0,0,1,0,0,1
14899,1,158550,0,75,1,514,0,0,0,0,0,0,1,0,0,1
15000,4,570000,0,75,0,495,1,0,0,0,0,0,1,0,0,1
14800,4,380380,0,75,0,123,0,0,0,0,0,0,1,0,0,0
14870,1,120000,0,75,1,326,0,0,0,0,0,0,1,0,1,0
14300,3,1120000,0,75,0,326,1,0,0,0,1,0,0,0,1,0
14800,1,315100,0,75,1,782,0,0,0,0,0,0,1,0,0,1
14950,0,50,0,75,1,216,0,0,0,0,0,0,1,1,0,0
14990,3,320000,0,75,1,490,0,0,0,0,1,0,0,0,0,1
14500,1,230000,0,75,1,542,0,0,0,0,0,0,1,0,0,1
14300,1,210000,0,75,1,101,0,0,0,0,0,0,1,1,0,0
14900,1,130520,0,75,1,326,0,0,0,0,0,0,0,0,1,0
14951,1,325110,0,75,1,190,0,0,0,0,0,0,1,1,0,0
14800,1,111290,0,75,1,520,0,0,0,0,0,0,1,0,0,1
14951,1,325110,0,75,1,177,0,0,0,0,0,0,1,1,0,0
14550,1,109560,0,75,1,184,0,0,0,0,0,0,1,1,0,0
14250,3,520740,1,75,1,326,0,0,0,0,0,0,0,0,1,0
15000,5,359000,0,75,0,171,0,0,0,0,1,0,0,1,0,0
14600,4,332630,0,75,1,142,0,0,0,0,1,0,0,0,0,0
14500,5,450000,0,75,1,77,0,1,0,0,0,0,0,0,0,0
14900,2,250000,0,75,0,27,0,0,0,0,0,0,0,0,0,0
14250,2,259030,0,75,1,109,0,0,0,0,0,0,0,1,0,0
14490,2,150000,0,75,1,424,0,0,0,0,0,0,0,0,0,1
14900,4,410000,1,75,1,196,0,0,0,0,1,0,0,1,0,0
14600,2,100000,0,75,1,169,0,0,0,0,0,0,0,0,0,0
14390,3,722440,1,75,1,129,0,0,0,0,0,0,1,0,0,0
14900,1,139180,0,75,1,202,0,0,0,0,0,0,1,1,0,0
14900,1,120000,0,75,0,134,0,0,0,0,0,0,0,1,0,0
14900,1,139180,0,75,1,202,0,0,0,0,0,0,1,1,0,0
15000,4,840000,0,75,0,461,1,0,0,0,1,0,0,0,0,1
14490,4,452660,0,75,1,276,1,0,0,0,1,0,0,1,0,0
14490,1,82890,0,75,1,111,0,0,0,0,0,0,1,1,0,0
15000,4,530000,0,75,0,120,0,0,0,0,0,0,1,0,0,0
14400,2,300650,0,75,1,177,0,0,0,0,0,0,1,1,0,0
14400,1,280000,0,75,1,495,0,0,0,0,0,0,1,0,0,1
14900,1,115000,0,75,1,177,0,0,0,0,0,0,0,1,0,0
14500,3,320000,0,75,1,159,0,0,0,0,0,0,1,0,0,0
14290,4,810000,1,75,0,326,0,0,0,0,1,0,0,0,1,0
14900,1,135150,0,75,1,287,0,0,0,0,0,0,1,1,0,0
14990,2,400000,0,75,1,480,0,0,0,0,0,0,1,0,0,1
14750,4,313100,0,75,1,326,0,0,0,0,1,0,0,0,1,0
14900,1,154530,0,75,1,832,0,0,0,0,0,0,1,0,0,1
14999,2,125000,0,75,1,628,0,0,0,0,0,0,0,0,0,1
14900,2,321000,0,75,1,883,0,0,0,0,0,0,1,0,0,1
14900,1,180000,0,75,1,326,0,0,0,0,0,0,1,0,1,0
14500,2,120000,0,75,0,326,0,0,0,0,0,0,1,0,1,0
14490,0,60,0,75,1,276,0,0,0,0,0,0,0,1,0,0
15000,1,130000,0,75,1,160,0,0,0,0,0,0,1,0,0,0
14390,3,515850,1,75,1,129,0,0,0,0,0,0,1,0,0,0
15000,5,550000,0,75,0,177,0,0,0,0,0,0,1,1,0,0
14990,3,501840,0,75,1,276,1,0,0,0,1,0,0,1,0,0
14946,5,574250,0,75,1,245,1,0,0,0,0,0,1,1,0,0
15000,3,149610,0,75,0,750,0,0,0,0,0,0,0,0,0,1
14900,1,150000,0,75,1,310,0,0,0,0,0,0,1,0,1,0
14450,3,567290,0,75,1,326,1,0,0,0,0,0,1,0,1,0
14500,1,261040,0,75,1,276,0,0,0,0,0,0,1,1,0,0
14900,1,110000,0,75,1,86,0,0,0,0,0,0,1,0,0,0
14900,1,213770,0,75,1,872,0,0,0,0,0,0,1,0,0,1
14500,3,415450,0,75,1,276,0,0,0,0,0,0,1,1,0,0
14450,1,198980,0,75,1,142,0,0,0,0,0,0,1,1,0,0
14450,3,567290,0,75,1,326,1,0,0,0,0,0,1,0,1,0
14900,2,566200,0,75,1,263,0,0,0,0,0,0,1,1,0,0
14899,1,142960,0,75,1,514,0,0,0,0,0,0,1,0,0,1
14990,1,184000,0,75,1,488,0,0,0,0,0,0,1,0,0,1
14300,3,491910,0,75,1,326,1,0,0,0,0,0,1,0,1,0
14900,1,152950,0,75,1,381,0,0,0,0,0,0,1,0,1,0
14900,4,158180,0,75,1,276,0,0,0,0,0,0,1,1,0,0
14780,2,217190,0,75,1,824,0,0,0,0,0,0,1,0,0,1
14200,3,188030,0,75,1,177,0,0,0,0,0,0,1,1,0,0
14990,1,241730,0,75,1,488,0,0,0,0,0,0,1,0,0,1
14700,2,310000,0,75,1,228,0,0,0,0,0,0,1,0,1,0
14400,2,273900,0,75,1,193,0,0,0,0,0,0,1,1,0,0
14900,1,237900,0,75,1,59,0,0,0,0,0,0,1,0,0,0
14800,4,600000,0,75,1,177,1,0,0,0,0,0,1,1,0,0
14600,2,370000,0,75,1,176,0,0,0,0,0,0,0,0,1,0
14900,3,257420,0,75,0,91,0,0,0,0,0,0,0,0,1,0
14650,3,925000,0,75,1,194,1,0,0,0,0,0,1,0,1,0
14346,2,171070,0,75,1,245,0,0,0,0,0,0,1,1,0,0
14900,2,390000,0,75,1,792,0,0,0,0,0,0,1,0,0,1
14995,2,84000,0,75,1,276,0,0,0,0,0,0,0,1,0,0
14490,1,82480,0,75,1,111,0,0,0,0,0,0,1,1,0,0
14900,2,100000,0,75,1,119,0,0,0,0,0,0,0,1,0,0
15000,4,570000,1,75,0,513,0,0,0,0,0,0,0,0,0,1
15000,1,195000,0,75,1,190,0,0,0,0,0,0,0,1,0,0
14900,1,202890,0,75,1,29,0,0,0,0,0,0,1,0,0,0
14900,3,706020,1,75,1,742,0,0,0,0,1,0,0,0,0,1
14900,3,615000,0,75,1,181,0,0,0,0,1,0,0,0,0,0
14900,1,200000,0,75,1,197,0,0,0,0,0,0,1,0,1,0
14850,3,510590,0,75,1,326,1,0,0,0,0,0,1,0,1,0
14990,2,361620,0,75,1,232,0,0,0,0,1,0,0,1,0,0
14800,2,323890,0,75,0,319,0,0,0,0,0,0,0,0,1,0
14500,6,900000,0,75,0,184,1,0,0,0,0,0,1,0,0,0
14690,3,421190,0,75,1,322,0,1,0,0,0,0,1,0,1,0
15000,2,330000,0,75,0,480,0,0,0,0,0,0,1,0,0,1
14850,0,100,0,75,1,521,0,0,0,0,0,0,1,0,0,1
14900,5,814500,0,75,1,201,0,0,0,0,0,0,1,1,0,0
14900,5,820000,0,75,0,782,0,0,0,0,0,0,1,0,0,1
14999,1,190000,0,75,1,91,0,0,0,0,0,0,1,0,1,0
14899,1,118000,0,75,1,514,0,0,0,0,0,0,1,0,0,1
14899,1,200000,0,75,1,514,0,0,0,0,0,0,1,0,0,1
14300,4,365580,0,75,1,225,0,0,0,0,0,0,1,1,0,0
14500,1,137000,0,75,1,119,0,0,0,0,0,0,1,0,0,0
14700,5,540000,0,75,1,92,1,0,0,0,0,0,1,0,0,0
14199,3,401010,0,75,1,210,0,0,0,0,1,0,0,1,0,0
14900,3,534760,0,75,1,276,0,0,0,0,0,0,1,1,0,0
14900,2,350000,0,75,1,883,0,0,0,0,0,0,1,0,0,1
14990,1,172410,0,75,1,177,0,0,0,0,0,0,1,1,0,0
14900,3,402000,1,75,0,276,0,0,0,0,0,0,1,1,0,0
14200,5,460000,1,75,0,480,0,0,0,0,0,0,0,0,0,1
14990,1,169000,0,75,1,488,0,0,0,0,0,0,1,0,0,1
14900,1,151990,0,75,1,263,0,0,0,0,0,0,1,0,1,0
14490,1,186020,0,75,1,177,0,0,0,0,0,0,1,1,0,0
14500,3,272510,0,75,1,750,0,0,0,0,0,0,1,0,0,1
14490,2,388760,0,75,1,468,0,0,0,0,0,0,0,0,0,1
14200,4,315000,0,75,0,281,0,0,0,0,0,0,1,1,0,0
14990,1,223460,0,75,1,357,0,0,0,0,0,0,1,0,0,1
14900,1,159660,0,75,1,263,0,0,0,0,0,0,1,0,1,0
14900,3,118170,0,75,1,25,0,0,0,0,0,0,1,0,0,0
15000,6,740000,1,75,0,37,0,0,1,0,1,0,0,0,0,0
15000,4,420000,0,75,0,168,0,0,0,0,0,0,1,1,0,0
15000,3,100000,0,75,0,533,0,0,0,0,0,0,1,0,0,1
14500,2,246000,0,75,1,314,0,0,0,0,0,0,1,0,1,0
14490,3,531290,1,75,1,518,0,0,0,0,0,0,1,0,0,1
14300,5,908920,0,75,1,214,1,0,0,0,0,0,1,1,0,0
14800,2,185000,0,75,1,160,0,0,0,0,0,0,0,0,0,0
15000,3,683900,1,75,0,326,0,0,0,0,0,0,1,0,1,0
14900,1,167330,0,75,1,263,0,0,0,0,0,0,1,0,1,0
14950,3,556960,0,75,1,146,1,0,0,0,0,0,0,0,1,0
14899,1,127360,0,75,1,514,0,0,0,0,0,0,1,0,0,1
14800,5,256970,0,75,1,166,0,0,0,0,0,0,1,1,0,0
14300,4,507000,0,75,1,276,0,0,0,0,0,0,1,1,0,0
14900,1,174340,0,75,1,487,0,0,0,0,0,0,1,0,0,1
14900,4,594760,0,75,1,40,0,0,0,0,0,0,1,0,0,0
14899,1,126570,0,75,1,514,0,0,0,0,0,0,1,0,0,1
14899,6,505060,1,75,1,25,0,0,0,0,1,0,0,0,0,0
14951,1,325110,0,75,1,116,0,0,0,0,0,0,1,0,0,0
14490,3,470000,0,75,1,233,1,0,0,0,0,0,0,1,0,0
14500,4,650000,1,75,1,523,0,0,0,0,0,0,1,0,0,1
14800,5,852830,0,75,1,141,1,0,0,0,1,0,0,1,0,0
14951,1,325110,0,75,1,187,0,0,0,0,0,0,1,1,0,0
14500,2,320000,0,75,1,326,0,0,0,0,0,0,1,0,1,0
14500,4,635000,0,75,1,14,0,1,0,0,0,0,0,0,0,0
14900,1,154960,0,75,1,263,0,0,0,0,0,0,1,0,1,0
14446,3,121050,0,75,1,245,0,0,0,0,0,0,0,1,0,0
14850,3,510590,0,75,1,326,1,0,0,0,0,0,1,0,1,0
14990,2,475900,0,75,1,163,0,0,0,0,0,0,0,0,0,0
14899,1,164170,0,75,1,514,0,0,0,0,0,0,1,0,0,1
14470,2,320000,0,75,1,326,0,0,0,0,0,0,0,0,1,0
14299,5,826210,0,75,1,283,1,0,0,0,1,0,0,1,0,0
14200,2,95000,0,75,1,127,0,0,0,0,0,0,0,0,0,0
14700,3,330000,0,75,0,495,0,0,0,0,0,0,0,0,0,1
14750,1,221200,1,75,1,326,0,0,0,1,0,0,1,0,1,0
14490,2,406030,0,75,1,276,0,0,0,0,0,0,0,1,0,0
14900,4,594760,0,75,1,106,0,0,0,0,0,0,1,0,0,0
14500,1,140880,0,75,1,478,0,0,0,0,0,0,1,0,0,1
14650,2,227780,0,75,1,824,0,0,0,0,0,0,0,0,0,1
14890,1,135180,0,75,1,116,0,0,0,0,0,0,1,0,0,0
14446,5,1028130,0,75,1,245,1,0,0,0,1,0,0,1,0,0
14500,4,534000,0,75,1,201,0,0,0,0,0,0,0,1,0,0
14500,3,550000,0,75,1,239,0,0,0,0,0,0,0,0,1,0
14900,4,485450,0,75,1,177,0,0,0,0,1,0,0,1,0,0
14900,3,533610,0,75,1,216,0,0,0,0,0,0,0,1,0,0
14990,2,530000,0,75,1,757,0,0,0,0,0,0,0,0,0,1
14200,3,220000,0,75,0,861,0,0,0,0,0,0,0,0,0,1
14899,1,155590,0,75,1,514,0,0,0,0,0,0,1,0,0,1
14999,1,310000,0,75,1,91,0,0,0,0,0,0,1,0,1,0
14200,5,233200,0,75,1,81,0,0,0,0,0,0,0,0,1,0
14700,3,173570,0,75,1,228,0,0,0,0,0,0,0,0,1,0
14500,3,876280,0,75,1,276,1,0,0,0,0,0,1,1,0,0
15000,4,650750,0,75,1,750,1,0,0,0,0,0,1,0,0,1
14500,4,534000,0,75,1,201,0,0,0,0,0,0,0,1,0,0
14400,5,1413350,0,75,1,186,1,0,0,0,0,0,1,0,0,0
14900,5,216650,0,75,1,146,0,0,0,0,0,0,1,0,1,0
14790,1,141720,0,75,1,116,0,0,0,0,0,0,1,0,0,0
14000,3,550370,0,75,1,228,0,0,0,0,0,0,0,0,1,0
14990,5,359600,0,75,1,186,0,0,0,0,0,0,0,0,0,0
14900,5,697980,0,75,1,798,1,0,0,0,0,0,0,0,0,1
14500,2,331340,0,75,1,121,0,0,0,0,0,0,0,0,0,0
15000,6,730000,1,75,0,37,0,0,1,0,1,0,0,0,0,0
14900,5,998110,1,75,1,852,0,0,0,0,0,0,1,0,0,1
14500,4,995000,0,75,1,746,1,0,0,0,0,0,0,0,0,1
14950,1,283590,1,75,1,276,0,0,0,1,0,0,1,1,0,0
15900,0,50,0,75,1,40,0,0,0,0,0,0,0,0,0,0
15600,1,300380,1,75,1,326,0,0,0,1,1,0,0,0,1,0
15900,1,287840,1,75,1,290,0,0,0,1,1,0,0,1,0,0
15490,1,236460,1,75,1,232,0,0,0,1,0,0,1,1,0,0
15890,1,247920,1,75,1,174,0,0,0,1,0,0,1,1,0,0
15760,0,10,0,75,1,196,0,0,0,0,0,0,0,1,0,0
15900,2,191350,0,75,1,287,0,1,0,0,0,0,1,1,0,0
16000,4,407430,1,75,1,322,0,0,1,0,0,0,1,1,0,0
15500,1,258130,0,75,1,261,0,0,0,0,0,0,1,0,1,0
15400,1,10,0,75,1,87,0,0,0,0,0,0,0,0,0,0
15890,1,201040,1,75,1,180,0,0,0,1,0,0,1,1,0,0
15600,1,116500,0,75,1,632,0,0,0,0,0,0,1,0,0,1
15900,2,292000,0,75,1,286,0,0,0,0,1,0,0,1,0,0
15950,0,50,0,75,1,134,0,0,0,0,0,0,1,1,0,0
15900,1,254090,0,75,1,750,0,0,0,0,0,0,1,0,0,1
15390,0,100,0,75,1,116,0,0,0,0,0,0,1,0,0,0
15300,1,88520,1,75,1,16,0,0,0,1,0,0,1,0,0,0
15490,0,100,0,75,1,116,0,0,0,0,0,0,1,0,0,0
15350,0,50,0,75,1,216,0,0,0,0,0,0,1,1,0,0
15900,2,112500,0,75,1,326,0,0,0,0,0,0,0,0,1,0
15454,1,292540,0,75,1,177,0,0,0,0,0,0,1,1,0,0
15890,1,210100,1,75,1,180,0,0,0,1,0,0,1,1,0,0
15700,3,837350,0,75,1,121,1,0,0,0,1,0,0,0,0,0
15890,1,235670,1,75,1,180,0,0,0,1,0,0,1,1,0,0
15500,3,225220,1,75,1,40,0,0,0,0,0,0,1,0,0,0
15900,1,236400,0,75,1,87,0,0,0,0,0,0,1,0,1,0
15890,1,264820,1,75,1,174,0,0,0,1,0,0,1,1,0,0
15500,2,89510,0,75,1,298,0,0,0,0,0,0,0,0,0,1
15900,4,671310,0,75,1,326,0,0,0,0,0,0,1,0,1,0
15900,1,177800,0,75,1,87,0,0,0,0,0,0,1,0,1,0
15500,1,260020,0,75,1,261,0,0,0,0,0,0,1,0,1,0
15900,1,105230,0,75,1,490,0,0,0,0,0,0,1,0,0,1
15900,1,214140,1,75,1,362,0,0,0,1,1,0,0,0,1,0
15980,1,299800,1,75,1,326,0,0,0,1,1,0,0,0,1,0
15500,1,165650,1,75,1,239,0,0,0,1,0,0,1,1,0,0
15550,0,50,0,75,1,198,0,0,0,0,0,0,0,1,0,0
15600,1,300380,1,75,1,326,0,0,0,1,1,0,0,0,1,0
15900,1,287840,1,75,1,286,0,0,0,1,1,0,0,1,0,0
15400,1,180000,1,75,1,202,0,0,0,1,0,0,1,1,0,0
15100,1,80,0,75,1,275,0,0,0,0,0,0,1,1,0,0
15491,0,0,0,75,1,123,0,0,0,0,0,0,1,0,0,0
15500,1,249800,1,75,1,184,0,0,0,1,0,0,1,1,0,0
15200,0,180,0,75,1,125,0,0,0,0,0,0,1,1,0,0
16000,2,190000,1,75,0,177,0,0,0,1,0,0,1,1,0,0
15200,1,178000,0,75,1,216,0,0,0,0,0,0,1,1,0,0
15900,0,50,0,75,1,25,0,0,0,0,0,0,0,0,0,0
15600,1,361150,1,75,1,326,0,0,0,1,1,0,0,0,1,0
15900,3,288080,1,75,0,276,0,0,0,0,1,0,0,1,0,0
15600,1,300380,1,75,1,202,0,0,0,1,1,0,0,1,0,0
15800,0,100,0,75,1,20,0,0,0,0,0,0,1,0,0,0
15300,0,10,1,75,1,20,0,0,0,1,0,0,1,0,0,0
15990,0,0,0,75,1,214,0,0,0,0,0,0,0,1,0,0
15890,1,173940,1,75,1,178,0,0,0,1,0,0,1,1,0,0
15100,0,10,0,75,1,505,0,0,0,0,0,0,0,0,0,1
15600,1,361150,1,75,1,202,0,0,0,1,1,0,0,1,0,0
15400,0,10,0,75,1,292,0,0,0,0,0,0,1,1,0,0
15900,3,200000,1,75,1,51,0,0,0,0,1,0,0,0,0,0
15500,4,325000,0,75,0,319,1,0,0,0,0,0,1,0,1,0
15600,1,361150,1,75,1,326,0,0,0,1,1,0,0,0,1,0
15760,0,10,0,75,1,196,0,0,0,0,0,0,0,1,0,0
15760,0,10,0,75,1,196,0,0,0,0,0,0,0,1,0,0
15990,0,50,0,75,1,99,0,0,0,0,0,0,1,0,0,0
15600,3,460000,1,75,0,197,0,0,0,0,1,0,0,0,1,0
15990,0,1000,0,75,1,261,0,0,0,0,0,0,1,1,0,0
15490,1,152850,1,75,1,171,0,0,0,1,0,0,1,1,0,0
15400,3,275360,1,75,1,127,0,0,0,0,1,0,0,0,0,0
15990,1,242650,1,75,1,708,0,0,0,1,0,0,1,0,0,1
15290,0,100,0,75,1,259,0,0,0,0,0,0,1,1,0,0
15500,0,10,0,75,1,611,0,0,0,0,0,0,1,0,0,1
15500,2,320940,0,75,0,103,0,0,0,0,1,0,0,0,1,0
15900,2,244000,0,75,0,326,0,0,0,0,0,0,1,0,1,0
15400,0,10,0,75,1,20,0,0,0,0,0,0,1,0,0,0
15500,2,208000,0,75,0,83,0,0,0,0,0,0,1,0,1,0
15500,1,232300,0,75,0,106,0,0,0,0,0,0,1,0,0,0
15890,1,0,0,75,1,72,0,0,0,0,0,0,1,0,0,0
15900,0,100,0,75,1,276,0,0,0,0,0,0,1,1,0,0
15900,0,10,0,75,1,283,0,0,0,0,0,0,0,1,0,0
15950,2,122070,0,75,1,276,0,0,0,0,1,0,0,1,0,0
15990,0,50,0,75,1,198,0,0,0,0,0,0,1,1,0,0
15250,0,10,0,75,1,223,0,0,0,0,0,0,0,0,1,0
15900,2,149500,0,75,1,137,0,0,0,0,1,0,0,1,0,0
15890,0,10,0,75,1,519,0,0,0,0,0,0,1,0,0,1
15500,3,430000,1,75,0,300,0,0,0,0,1,0,0,1,0,0
15400,0,10,0,75,1,154,0,0,0,0,0,0,1,0,0,0
15890,1,100,0,75,1,72,0,0,0,0,0,0,1,0,0,0
15500,1,324160,1,75,1,708,0,0,0,1,0,0,1,0,0,1
15890,1,100,0,75,1,25,0,0,0,0,0,0,1,0,0,0
15890,1,0,0,75,1,72,0,0,0,0,0,0,1,0,0,0
15600,0,100,0,75,1,65,0,0,0,0,0,0,1,0,0,0
15900,3,418750,1,75,1,121,0,0,0,0,1,0,0,1,0,0
15500,1,249800,1,75,1,511,0,0,0,1,0,0,1,0,0,1
15490,0,100,0,75,1,116,0,0,0,0,0,0,1,0,0,0
15600,4,240000,1,75,0,184,0,0,0,0,1,0,0,0,0,0
15900,0,10,0,75,1,198,0,0,0,0,0,0,1,1,0,0
15900,1,81000,0,75,0,350,0,0,0,0,0,0,1,0,1,0
15490,0,70,0,75,1,276,0,0,0,0,0,0,1,1,0,0
15490,0,90,0,75,1,276,0,0,0,0,0,0,1,1,0,0
15900,0,10,0,75,1,198,0,0,0,0,0,0,1,1,0,0
15990,3,313840,1,75,1,322,0,0,1,0,0,0,1,0,1,0
15990,0,100,0,75,1,283,0,0,0,0,0,0,1,1,0,0
15500,2,350000,0,75,0,326,0,0,0,0,0,0,1,0,1,0
15450,2,367430,0,75,1,142,0,0,0,0,1,0,0,1,0,0
15500,5,790000,0,75,0,341,1,0,0,0,1,0,0,0,0,1
15900,3,222350,1,75,1,178,0,0,0,0,1,0,0,1,0,0
15950,0,50,0,75,1,216,0,0,0,0,0,0,0,1,0,0
15950,0,10,0,75,1,134,0,0,0,0,0,0,1,1,0,0
15490,0,70,0,75,1,276,0,0,0,0,0,0,1,1,0,0
15200,3,246000,0,75,1,68,0,0,0,0,1,0,0,0,0,0
15900,2,232070,0,75,0,756,0,0,0,0,0,0,1,0,0,1
15300,2,150000,0,75,0,112,0,0,0,0,0,0,1,0,1,0
16000,1,600000,0,75,0,326,0,0,0,0,0,0,1,0,1,0
15900,2,296000,0,75,1,192,0,0,0,0,0,0,1,1,0,0
15400,0,100,0,75,1,20,0,0,0,0,0,0,1,0,0,0
15890,1,0,0,75,1,25,0,0,0,0,0,0,1,0,0,0
15490,0,70,0,75,1,276,0,0,0,0,0,0,1,1,0,0
15400,1,10,0,75,1,87,0,0,0,0,0,0,1,0,0,0
15200,1,340000,0,75,1,333,0,0,0,0,0,0,1,0,1,0
15900,0,10,0,75,1,198,0,0,0,0,0,0,1,1,0,0
15990,1,232530,1,75,1,708,0,0,0,1,0,0,1,0,0,1
15950,0,50,0,75,1,198,0,0,0,0,0,0,0,1,0,0
15490,0,60,0,75,1,276,0,0,0,0,0,0,1,1,0,0
16000,5,400000,0,75,0,322,1,0,0,0,1,0,0,0,1,0
15900,0,10,0,75,1,198,0,0,0,0,0,0,1,1,0,0
15251,1,342260,0,75,1,116,0,0,0,0,0,0,1,0,0,0
15490,2,291940,0,75,0,299,0,0,0,0,0,0,1,1,0,0
15990,0,100,0,75,1,259,0,0,0,0,0,0,0,1,0,0
15900,0,100,0,75,1,20,0,0,0,0,0,0,1,0,0,0
15900,0,100,0,75,1,20,0,0,0,0,0,0,1,0,0,0
15990,1,177950,0,75,1,186,0,0,0,0,0,0,1,1,0,0
15350,4,636830,1,75,1,326,0,0,1,0,1,0,0,0,1,0
16000,3,470000,0,75,0,383,1,0,0,0,0,0,1,0,1,0
15900,0,100,0,75,1,226,0,0,0,0,0,0,1,0,0,0
16000,2,195000,0,75,0,113,0,0,0,0,0,0,1,0,1,0
15454,1,292540,0,75,1,190,0,0,0,0,0,0,1,1,0,0
16000,1,80000,0,75,0,378,0,0,0,0,0,0,1,0,1,0
15500,2,263630,0,75,1,348,0,0,0,0,1,0,0,0,0,1
15500,4,450000,0,75,0,348,0,0,0,0,1,0,0,0,0,1
15890,1,219670,1,75,1,178,0,0,0,1,0,0,1,1,0,0
15990,1,147550,1,75,1,232,0,0,0,1,0,0,1,1,0,0
15999,0,10,0,75,1,276,0,0,0,0,0,0,1,1,0,0
15950,0,50,0,75,1,216,0,0,0,0,0,0,0,1,0,0
15500,2,120000,0,75,1,83,0,0,0,0,1,0,0,0,1,0
15900,1,240000,0,75,1,358,0,0,0,0,0,0,1,0,1,0
15800,2,237620,0,75,1,215,0,0,0,0,0,0,1,1,0,0
15300,5,707000,1,75,1,200,0,0,0,0,1,0,0,0,1,0
15900,0,100,0,75,1,276,0,0,0,0,0,0,1,1,0,0
15900,2,200000,0,75,1,201,0,0,0,0,0,0,0,1,0,0
15490,0,20,0,75,1,232,0,0,0,0,0,0,1,1,0,0
16000,3,430000,0,75,0,283,0,0,0,0,1,0,0,1,0,0
15900,1,200000,0,75,1,550,0,0,0,0,0,0,1,0,0,1
15990,1,230000,0,75,1,243,0,0,0,0,0,0,1,1,0,0
15200,4,422200,0,75,1,105,1,0,0,0,1,0,0,0,1,0
15999,2,169000,0,75,1,283,0,0,0,0,1,0,0,1,0,0
15900,0,100,0,75,1,265,0,0,0,0,0,0,1,1,0,0
15759,1,110780,0,75,1,116,0,0,0,0,0,0,1,0,0,0
15800,1,161560,0,75,1,87,0,0,0,0,0,0,1,0,1,0
15500,4,458000,0,75,1,177,1,0,0,0,0,0,1,1,0,0
15650,1,10,0,75,1,287,0,0,0,0,0,0,1,1,0,0
15800,1,249100,0,75,0,97,0,0,0,0,0,0,0,0,0,0
16000,6,680000,1,75,0,192,0,0,0,0,1,0,0,1,0,0
15800,0,100,0,75,1,20,0,0,0,0,0,0,1,0,0,0
15990,1,100,0,75,1,488,0,0,0,0,0,0,1,0,0,1
15200,3,497010,1,75,1,326,0,0,0,0,1,0,0,0,1,0
15200,1,193500,0,75,1,533,0,0,0,0,0,0,1,0,0,1
15500,2,271800,0,75,0,108,0,0,0,0,0,0,0,1,0,0
15750,2,75000,0,75,0,245,0,0,0,0,0,0,0,1,0,0
15500,4,175000,0,75,0,393,0,0,0,0,0,0,0,0,1,0
15500,2,430000,0,75,0,87,0,0,0,0,0,0,0,0,1,0
15251,1,342260,0,75,1,187,0,0,0,0,0,0,1,1,0,0
15900,0,100,0,75,1,265,0,0,0,0,0,0,1,1,0,0
15500,4,114250,0,75,1,478,1,0,0,0,1,0,0,0,0,1
15900,3,371760,1,75,1,194,0,0,0,0,1,0,0,0,1,0
15800,3,350000,0,75,0,34,0,0,0,0,0,0,1,1,0,0
15900,1,147430,0,75,1,163,0,0,0,0,0,0,1,1,0,0
15500,4,600000,0,75,0,271,1,0,0,0,0,0,1,1,0,0
15490,2,376260,0,75,1,276,0,0,0,0,0,0,1,1,0,0
15490,0,60,0,75,1,276,0,0,0,0,0,0,1,1,0,0
15299,1,217390,0,75,1,210,0,0,0,0,0,0,1,1,0,0
15990,1,182000,0,75,1,245,0,0,0,0,0,0,1,1,0,0
15990,2,190000,0,75,1,757,0,0,0,1,0,0,1,0,0,1
15890,2,212110,0,75,1,196,0,0,0,0,1,0,0,1,0,0
15990,3,299090,1,75,1,232,0,0,0,0,1,0,0,1,0,0
15251,1,342260,0,75,1,190,0,0,0,0,0,0,1,1,0,0
15800,4,676690,1,75,1,698,0,0,0,0,1,0,0,0,0,1
15500,1,240000,0,75,1,764,0,0,0,0,0,0,1,0,0,1
15800,2,270840,0,75,1,478,0,0,0,0,1,0,0,0,0,1
15700,2,220000,0,75,1,326,0,0,0,0,0,0,1,0,1,0
16000,4,170000,0,75,0,265,0,0,0,0,0,0,0,1,0,0
15500,2,364550,0,75,0,272,0,0,0,0,0,0,1,1,0,0
15500,5,896750,1,75,1,249,0,0,0,0,1,0,0,1,0,0
15900,3,162570,0,75,1,502,0,0,0,0,1,0,0,0,0,1
15250,5,347350,1,75,1,750,0,0,0,0,1,0,0,0,0,1
15200,2,500000,0,75,0,23,0,0,0,0,0,0,0,0,0,0
16000,3,1110000,0,75,0,731,1,0,0,0,1,0,0,0,0,1
15950,1,138010,0,75,1,186,0,0,0,0,0,0,1,0,0,0
15950,1,334880,0,75,1,286,0,0,0,0,0,0,1,1,0,0
15500,2,242000,0,75,1,230,0,0,0,0,0,0,1,1,0,0
16000,3,577690,0,75,0,89,0,0,0,0,0,0,1,0,0,0
15900,1,270000,0,75,1,480,0,0,0,0,0,0,1,0,0,1
16000,6,550000,1,75,0,196,0,0,0,0,1,0,0,1,0,0
16000,5,175300,1,75,1,57,0,0,1,0,0,0,1,0,0,0
15500,5,358600,0,75,1,184,0,0,0,0,0,0,0,0,0,0
16000,2,160000,0,75,0,202,0,0,0,0,0,0,1,1,0,0
15490,3,400000,0,75,1,490,1,0,0,0,1,0,0,0,0,1
15990,2,165000,0,75,1,377,0,0,0,0,0,0,1,0,0,1
15500,4,587120,0,75,1,495,1,0,0,0,1,0,0,0,0,1
16000,3,680000,0,75,0,291,0,0,0,0,0,0,1,0,1,0
15900,3,380000,1,75,1,67,0,0,0,0,0,0,1,0,0,0
15990,2,137450,0,75,1,193,0,0,0,0,0,0,1,1,0,0
15299,1,200000,0,75,1,210,0,0,0,0,0,0,1,1,0,0
16000,2,175000,0,75,1,206,0,0,0,0,0,0,1,1,0,0
15900,3,424330,1,75,1,498,0,0,0,0,1,0,0,0,0,1
16000,1,170000,0,75,0,620,0,0,0,0,0,0,0,0,0,1
15900,1,197000,0,75,1,223,0,0,0,0,0,0,1,0,1,0
15400,4,745000,1,75,1,611,0,0,0,0,1,0,0,0,0,1
15900,0,100,0,75,1,265,0,0,0,0,0,0,1,1,0,0
15450,0,100,0,75,1,521,0,0,0,0,0,0,0,0,0,1
15490,0,70,0,75,1,276,0,0,0,0,0,0,1,1,0,0
15500,2,164740,0,75,0,127,0,0,0,0,0,0,0,0,0,0
16000,5,647000,0,75,1,592,1,0,0,0,0,0,1,0,0,1
15490,0,100,0,75,1,116,0,0,0,0,0,0,1,0,0,0
15990,3,299900,0,75,1,357,1,0,0,0,0,0,0,0,0,1
15759,1,110780,0,75,1,187,0,0,0,0,0,0,1,1,0,0
16000,5,500000,1,75,0,290,0,0,0,0,1,0,0,1,0,0
15900,2,246000,0,75,1,107,0,0,0,0,0,0,0,0,1,0
15870,1,120000,0,75,1,326,0,0,0,0,0,0,1,0,1,0
15750,3,510000,0,75,0,208,0,0,0,0,1,0,0,1,0,0
15990,2,165000,0,75,1,412,0,0,0,0,0,0,1,0,0,1
16000,3,520000,0,75,0,299,0,0,0,0,0,0,0,1,0,0
15690,5,260000,0,75,1,777,1,0,0,0,0,0,1,0,0,1
15500,3,874000,1,75,0,326,0,0,0,0,0,0,1,0,1,0
16000,2,390000,0,75,0,171,0,0,0,0,0,0,1,1,0,0
15900,1,120000,0,75,1,174,0,0,0,0,0,0,1,0,0,0
15399,1,150000,0,75,1,204,0,0,0,0,0,0,1,1,0,0
15900,1,187530,0,75,1,222,0,0,0,0,0,0,1,1,0,0
15600,1,178000,0,75,1,160,0,0,0,0,0,0,1,0,0,0
15900,1,120000,0,75,1,214,0,0,0,0,0,0,1,1,0,0
15100,3,514410,0,75,1,160,0,0,0,0,1,0,0,1,0,0
15900,4,205570,0,75,1,186,1,0,0,0,0,0,1,0,0,0
15870,1,120000,0,75,1,326,0,0,0,0,0,0,1,0,1,0
15250,0,10,0,75,1,223,0,0,0,0,0,0,1,0,1,0
15999,2,60000,0,75,1,116,0,0,0,0,0,0,1,0,0,0
15400,2,423330,0,75,1,478,0,0,0,0,1,0,0,0,0,1
15490,1,190000,0,75,1,156,0,0,0,0,0,0,1,1,0,0
15800,1,236370,0,75,1,204,0,0,0,0,0,0,1,1,0,0
15990,1,173180,0,75,1,214,0,0,0,0,0,0,1,1,0,0
15500,2,38000,0,75,1,91,0,0,0,0,0,0,1,0,1,0
15200,4,1530000,0,75,0,155,0,0,0,0,1,0,0,0,1,0
15950,0,50,0,75,1,198,0,0,0,0,0,0,0,1,0,0
15500,5,720000,0,75,1,352,1,0,0,0,0,0,1,0,1,0
15470,2,180000,0,75,1,326,0,0,0,0,0,0,1,0,1,0
15990,2,165000,0,75,1,272,0,0,0,0,0,0,1,0,1,0
15490,0,70,0,75,1,276,0,0,0,0,0,0,1,1,0,0
15850,4,381520,1,75,1,824,0,0,0,0,1,0,0,0,0,1
15400,1,217210,0,75,1,495,0,0,0,0,0,0,1,0,0,1
15900,1,120500,0,75,1,533,0,0,0,0,0,0,1,0,0,1
15800,3,193000,0,75,1,287,0,0,0,0,0,0,1,1,0,0
15346,3,705670,0,75,1,245,0,0,0,0,1,0,0,1,0,0
15490,0,70,0,75,1,276,0,0,0,0,0,0,1,1,0,0
15400,1,240000,0,75,1,165,0,0,0,0,0,0,1,1,0,0
16000,5,480000,1,75,1,187,0,0,0,0,1,0,0,1,0,0
15800,1,329010,0,75,1,496,0,0,0,0,0,0,1,0,0,1
16000,2,600080,0,75,0,841,0,0,0,0,0,0,0,0,0,1
15990,1,95320,0,75,1,326,0,0,0,0,0,0,1,0,1,0
15800,1,120730,0,75,1,187,0,0,0,0,0,0,1,1,0,0
15813,2,98400,0,75,1,170,0,0,0,0,0,0,1,1,0,0
15900,1,193000,0,75,1,120,0,0,0,0,0,0,1,0,0,0
15870,1,140000,0,75,1,326,0,0,0,0,0,0,1,0,1,0
15750,5,630000,1,75,0,87,0,0,1,0,0,0,1,1,0,0
15990,1,149380,0,75,1,326,0,0,0,0,0,0,1,0,1,0
15900,3,1310,0,75,1,178,0,0,0,0,0,0,1,1,0,0
15490,2,285230,0,75,1,502,0,0,0,0,0,0,1,0,0,1
15900,1,190000,0,75,1,358,0,0,0,0,0,0,1,0,1,0
16000,4,430000,0,75,0,214,0,0,0,0,1,0,0,1,0,0
15900,3,469350,0,75,1,158,0,0,0,0,0,0,1,1,0,0
15890,1,97000,0,75,1,152,0,0,0,0,0,0,1,0,0,0
15759,1,110780,0,75,1,190,0,0,0,0,0,0,1,1,0,0
15500,5,885520,0,75,1,785,0,0,0,0,0,0,1,0,0,1
15800,1,339000,0,75,1,187,0,0,0,0,0,0,1,1,0,0
15500,2,280000,0,75,1,341,0,0,0,0,0,0,0,0,0,1
15499,4,140000,0,75,1,499,0,0,0,0,0,0,1,0,0,1
15450,0,100,0,75,1,521,0,0,0,0,0,0,0,0,0,1
15400,2,404020,0,75,1,478,0,0,0,0,1,0,0,0,0,1
15500,6,1363400,0,75,0,775,1,0,0,0,1,0,0,0,0,1
16000,2,150,0,75,1,132,0,0,0,0,0,0,1,0,0,0
15890,1,180000,0,75,1,300,0,0,0,0,0,0,1,0,1,0
15900,1,146670,0,75,1,326,0,0,0,0,0,0,1,0,1,0
15400,3,721480,0,75,1,200,1,0,0,0,0,0,1,0,1,0
16000,5,500000,0,75,0,623,0,0,0,0,0,0,1,0,0,1
15450,3,586920,0,75,1,76,0,0,0,0,0,0,0,0,0,0
15990,2,362540,0,75,1,468,0,0,0,0,0,0,1,0,0,1
15500,3,182680,0,75,1,322,0,0,0,0,0,0,0,1,0,0
15300,3,621160,0,75,1,210,1,0,0,0,0,0,1,0,1,0
15900,1,220440,0,75,1,326,0,0,0,0,0,0,1,0,1,0
15500,3,900000,0,75,1,228,1,0,0,0,0,0,1,0,1,0
15990,6,549380,1,75,1,193,0,0,0,0,1,0,0,1,0,0
15900,5,720940,1,75,1,276,0,0,0,0,1,0,0,1,0,0
16000,3,1062640,1,75,0,794,0,0,0,0,0,0,0,0,0,1
15490,0,70,0,75,1,276,0,0,0,0,0,0,1,1,0,0
15990,1,177950,0,75,1,186,0,0,0,0,0,0,1,1,0,0
15900,4,493900,0,75,1,798,1,0,0,0,0,0,0,0,0,1
15499,4,270000,0,75,1,499,0,0,0,0,0,0,1,0,0,1
15900,4,459500,1,75,1,852,0,0,0,0,0,0,1,0,0,1
15990,1,180000,1,75,1,326,0,0,0,1,1,0,0,0,1,0
15490,0,100000,0,75,1,495,0,0,0,0,0,0,1,0,0,1
16100,1,281550,1,75,1,326,0,0,0,1,1,0,0,0,1,0
16900,1,20,1,75,1,326,0,0,0,1,0,0,1,0,1,0
16990,0,0,1,75,1,193,0,0,0,1,0,0,1,1,0,0
16100,1,281550,1,75,1,202,0,0,0,1,1,0,0,1,0,0
16990,1,176510,1,75,1,276,0,0,0,1,1,0,0,1,0,0
16300,0,10,1,75,1,20,0,0,0,1,0,0,1,0,0,0
16800,1,119350,0,75,1,287,0,1,0,0,0,0,1,1,0,0
16590,1,233000,1,75,1,180,0,0,0,1,0,0,1,1,0,0
16400,1,195000,1,75,1,202,0,0,0,1,1,0,0,1,0,0
17000,0,100,0,75,1,179,0,0,0,0,0,0,1,1,0,0
16600,0,100,0,75,1,162,0,0,0,0,0,0,1,1,0,0
16900,1,135150,0,75,1,287,0,1,0,0,0,0,1,1,0,0
16950,1,196970,1,75,1,142,0,0,0,1,0,0,1,1,0,0
16990,1,10,0,75,1,287,0,1,0,0,0,0,1,1,0,0
16900,0,10,0,75,1,134,0,0,0,0,0,0,1,1,0,0
16600,0,100,0,75,1,222,0,0,0,0,0,0,1,1,0,0
16400,1,99720,1,75,1,20,0,0,0,1,1,0,0,0,0,0
17000,0,100,0,75,1,179,0,0,0,0,0,0,1,1,0,0
16400,0,10,0,75,1,83,0,0,0,0,0,0,0,0,1,0
16950,0,50,0,75,1,134,0,0,0,0,0,0,0,1,0,0
16900,1,308830,1,75,1,468,0,0,0,1,0,0,1,0,0,1
16490,1,288670,1,75,1,488,0,0,0,0,0,0,1,0,0,1
16950,0,10,0,75,1,226,0,0,0,0,0,0,1,0,0,0
16990,1,163000,0,75,1,488,0,1,0,0,0,0,1,0,0,1
16490,1,190000,1,75,1,499,0,0,0,1,0,0,1,0,0,1
16900,0,100,0,75,1,185,0,0,0,0,0,0,1,1,0,0
16400,1,860,0,75,1,550,0,0,0,0,0,0,1,0,0,1
16200,1,122500,0,75,1,87,0,0,0,0,0,0,1,0,1,0
16490,1,279180,1,75,1,488,0,0,0,0,0,0,1,0,0,1
16490,0,100,0,75,1,116,0,0,0,0,0,0,0,0,0,0
16900,2,412440,0,75,1,490,0,0,0,0,1,0,0,0,0,1
16900,0,120,0,75,1,550,0,0,0,0,0,0,1,0,0,1
16900,0,100,0,75,1,185,0,0,0,0,0,0,1,1,0,0
17000,4,326180,1,75,0,326,0,0,0,0,1,0,0,0,1,0
16899,2,562310,1,75,0,326,0,0,0,1,1,0,0,0,1,0
16900,2,486000,1,75,0,237,0,0,0,1,1,0,0,0,0,0
16500,2,125000,0,75,0,177,0,0,0,0,1,0,0,1,0,0
17000,2,146450,1,75,1,60,0,0,0,1,1,0,0,0,0,0
16300,0,10,0,75,1,134,0,0,0,0,0,0,1,1,0,0
16900,1,175000,1,75,0,326,0,0,0,1,0,0,1,0,1,0
16500,2,160000,1,75,0,233,0,0,0,1,0,0,1,1,0,0
16490,1,110000,1,75,1,326,0,0,0,1,0,0,1,0,1,0
16900,0,100,1,75,1,20,0,0,0,1,0,0,0,0,0,0
16100,1,281550,1,75,1,326,0,0,0,1,1,0,0,0,1,0
16900,1,333440,1,75,1,163,0,0,0,1,0,0,1,1,0,0
16900,1,250000,1,75,1,495,0,0,0,1,1,0,0,0,0,1
17000,1,320000,1,75,0,177,0,0,0,1,0,0,1,1,0,0
16900,0,10,1,75,1,178,0,0,0,1,0,0,1,1,0,0
16500,3,590000,1,75,0,200,0,0,0,0,1,0,0,0,1,0
16500,3,218000,1,75,0,487,0,0,0,0,1,0,0,0,0,1
16400,0,0,0,75,1,436,0,0,0,0,0,0,1,0,0,1
16290,1,73000,1,75,1,196,0,0,0,1,0,0,1,1,0,0
16999,0,100,0,75,1,81,0,0,0,0,0,0,1,0,0,0
16800,1,145000,0,75,0,213,0,0,0,0,0,0,1,0,1,0
16790,1,181420,1,75,1,276,0,0,0,1,1,0,0,1,0,0
16950,0,50,1,75,1,198,0,0,0,1,0,0,1,1,0,0
16800,0,100,0,75,1,271,0,0,0,0,0,0,1,1,0,0
16900,0,100,0,75,1,36,0,0,0,0,0,0,0,0,0,0
17000,6,370000,1,75,0,239,0,0,0,0,1,0,0,1,0,0
16900,0,300,0,75,1,84,0,0,0,0,0,0,0,0,1,0
16900,3,139950,1,75,1,93,0,0,0,0,1,0,0,0,1,0
16600,1,228760,1,75,1,326,0,0,0,1,1,0,0,0,1,0
16290,0,0,0,75,1,436,0,0,0,0,0,0,1,0,0,1
16900,0,10,0,75,1,198,0,0,0,0,0,0,0,1,0,0
16900,0,100,0,75,1,132,0,0,0,0,0,0,0,0,0,0
16900,0,10,0,75,1,198,0,0,0,0,0,0,0,1,0,0
16880,2,620000,1,75,0,167,0,0,0,1,0,0,0,1,0,0
16400,1,10,0,75,1,87,0,0,0,0,0,0,1,0,0,0
16900,0,100,0,75,1,132,0,0,0,0,0,0,0,0,0,0
16900,0,10,0,75,1,162,0,0,0,0,0,0,1,1,0,0
16200,5,552250,1,75,0,117,0,0,1,0,1,0,0,0,0,0
16990,0,80,1,75,1,232,0,0,0,1,0,0,0,1,0,0
16700,0,500,0,75,1,132,0,0,0,0,0,0,1,0,0,0
16100,1,264090,1,75,1,202,0,0,0,1,1,0,0,1,0,0
16900,0,10,0,75,1,162,0,0,0,0,0,0,1,1,0,0
16190,3,700000,1,75,0,326,0,0,0,0,1,0,0,1,0,0
16900,0,10,0,75,1,134,0,0,0,0,0,0,0,1,0,0
16800,0,1000,0,75,1,271,0,0,0,0,0,0,1,1,0,0
17000,5,485000,1,75,0,276,0,0,0,0,1,0,0,1,0,0
16900,0,20,0,75,1,292,0,0,0,0,0,0,0,1,0,0
16900,1,70000,0,75,0,501,0,0,0,0,0,0,1,0,0,1
16900,0,100,0,75,1,271,0,0,0,0,0,0,0,1,0,0
16800,1,232820,0,75,1,245,0,0,0,0,0,0,1,1,0,0
16900,1,10,0,75,1,127,0,0,0,0,0,0,1,0,0,0
16600,1,228760,1,75,1,202,0,0,0,1,1,0,0,1,0,0
16099,1,223740,0,75,1,283,0,0,0,0,0,0,1,1,0,0
17000,2,200000,0,75,0,276,0,0,0,0,1,0,0,1,0,0
16500,2,280000,0,75,0,132,0,0,0,0,1,0,0,0,0,0
16900,0,10,0,75,1,185,0,0,0,0,0,0,1,1,0,0
16500,1,300000,1,75,1,358,0,0,0,1,0,0,1,0,1,0
16450,0,50,0,75,1,216,0,0,0,0,0,0,0,1,0,0
16800,0,100,0,75,1,170,0,0,0,0,0,0,1,1,0,0
16900,0,50,0,75,1,86,0,0,0,0,0,0,0,0,0,0
17000,2,600000,1,75,0,326,0,0,0,1,1,0,0,0,1,0
16900,0,10,0,75,1,326,0,0,0,0,0,0,1,0,1,0
16500,1,170000,0,75,1,241,0,0,0,0,0,0,1,1,0,0
16900,0,10,0,75,1,126,0,0,0,0,0,0,1,1,0,0
16650,2,103810,0,75,1,326,0,0,0,0,1,0,0,0,1,0
16400,3,322500,0,75,0,383,0,0,0,0,0,0,1,0,1,0
17000,2,136500,0,75,0,198,0,0,0,0,1,0,0,1,0,0
16900,0,10,0,75,1,192,0,0,0,0,0,0,0,1,0,0
16500,1,210000,1,75,1,193,0,0,0,1,0,0,1,1,0,0
16500,2,290000,0,75,0,473,0,0,0,0,1,0,0,0,0,1
16900,0,2000,0,75,1,387,0,0,0,0,0,0,1,0,1,0
16500,0,10,0,75,1,134,0,0,0,0,0,0,1,1,0,0
16800,0,1000,0,75,1,271,0,0,0,0,0,0,0,1,0,0
16900,0,10,0,75,1,100,0,0,0,0,0,0,1,1,0,0
16300,2,380000,0,75,0,182,0,0,0,0,1,0,0,0,0,0
16800,3,624460,0,75,1,315,1,0,0,0,1,0,0,0,0,1
16990,2,541460,1,75,1,276,0,0,0,1,1,0,0,1,0,0
16400,1,139180,0,75,1,202,0,0,0,0,0,0,1,1,0,0
16900,0,10,0,75,1,134,0,0,0,0,0,0,0,1,0,0
16600,3,93400,0,75,0,262,0,0,0,0,0,0,1,1,0,0
16900,0,10,0,75,1,165,0,0,0,0,0,0,1,1,0,0
16499,0,50000,0,75,1,572,0,0,0,0,0,0,1,0,0,1
16900,0,100,0,75,1,226,0,0,0,0,0,0,1,0,0,0
16880,0,100,0,75,1,180,0,0,0,0,0,0,1,1,0,0
16200,0,100,0,75,1,25,0,0,0,0,0,0,1,0,0,0
16890,3,20000,0,75,1,147,0,0,0,0,1,0,0,0,0,0
16500,2,196000,0,75,0,190,0,0,0,0,0,0,1,0,0,0
17000,2,242000,0,75,0,495,0,0,0,0,1,0,0,0,0,1
16700,2,145000,0,75,1,122,0,0,0,0,1,0,0,0,1,0
16200,1,10,0,75,1,197,0,0,0,0,0,0,1,0,1,0
16800,1,10,0,75,1,283,0,0,0,0,0,0,1,1,0,0
16750,1,288260,1,75,1,202,0,0,0,1,1,0,0,1,0,0
16900,0,10,0,75,1,134,0,0,0,0,0,0,1,1,0,0
16990,0,10,0,75,1,124,0,0,0,0,0,0,1,0,0,0
17000,0,10,0,75,1,160,0,0,0,0,0,0,1,1,0,0
16900,2,410000,1,75,1,186,0,0,0,1,0,0,1,0,1,0
16100,1,264090,1,75,1,326,0,0,0,1,1,0,0,0,1,0
16100,1,264090,1,75,1,326,0,0,0,1,1,0,0,0,1,0
16300,0,10,1,75,1,20,0,0,0,1,0,0,1,0,0,0
16690,0,10,0,75,1,127,0,0,0,0,0,0,1,0,0,0
17000,1,120000,0,75,0,166,0,0,0,0,0,0,1,1,0,0
17000,5,100000,1,75,0,333,0,0,1,0,1,0,0,0,1,0
16400,1,144510,0,75,1,177,0,0,0,0,0,0,1,1,0,0
16999,0,100,0,75,1,214,0,0,0,0,0,0,1,1,0,0
16700,1,100670,0,75,0,184,0,0,0,0,0,0,1,1,0,0
16990,0,0,0,75,1,193,0,0,0,0,0,0,1,1,0,0
17000,3,551140,1,75,0,73,0,0,0,0,1,0,0,0,0,0
16300,1,180000,0,75,1,177,0,0,0,0,0,0,1,1,0,0
16900,1,181640,0,75,1,86,0,0,0,0,0,0,1,0,0,0
16999,1,96960,0,75,1,207,0,0,0,0,0,0,1,0,1,0
16800,0,500,0,75,1,163,0,0,0,0,0,0,1,1,0,0
16500,1,188270,0,75,1,72,0,0,0,0,0,0,1,0,0,0
16900,1,204230,1,75,1,276,0,0,0,0,0,0,1,1,0,0
16890,0,10,0,75,1,127,0,0,0,0,0,0,1,0,0,0
16900,0,80,0,75,1,411,0,0,0,0,0,0,1,0,1,0
16200,1,274000,0,75,1,217,0,0,0,0,0,0,1,0,0,0
16900,1,155000,0,75,1,62,0,0,0,0,0,0,1,1,0,0
16499,0,10,0,75,1,489,0,0,0,0,0,0,1,0,0,1
16950,0,50,0,75,1,83,0,0,0,0,0,0,1,0,0,0
16800,1,300,0,75,1,47,0,0,0,0,0,0,1,0,0,0
16900,0,10,0,75,1,326,0,0,0,0,0,0,1,0,1,0
16700,1,100,0,75,1,265,0,0,0,0,0,0,1,1,0,0
17000,2,440000,0,75,0,91,0,0,0,0,1,0,0,0,1,0
17000,2,230000,1,75,0,147,0,0,0,1,0,0,0,1,0,0
16990,1,100,0,75,1,186,0,0,0,0,0,0,1,1,0,0
16500,4,210000,0,75,1,352,1,0,0,0,0,0,1,0,1,0
16900,1,275000,1,75,1,341,0,0,0,1,0,0,1,0,1,0
16400,1,274700,0,75,1,202,0,0,0,0,0,0,1,1,0,0
16400,1,155000,0,75,1,217,0,0,0,0,0,0,1,0,0,0
16800,1,182000,0,75,1,177,0,0,0,0,0,0,1,1,0,0
16400,1,175800,0,75,1,84,0,0,0,0,0,0,1,0,1,0
17000,1,700,0,75,1,47,0,0,0,0,0,0,1,0,0,0
16500,1,142000,0,75,1,326,0,0,0,0,0,0,1,0,1,0
16900,0,10,0,75,1,276,0,0,0,0,0,0,1,1,0,0
16499,0,10,0,75,1,181,0,0,0,0,0,0,1,1,0,0
16400,1,144000,0,75,1,217,0,0,0,0,0,0,1,0,0,0
16900,0,100,0,75,1,147,0,0,0,0,0,0,1,1,0,0
16800,3,380000,1,75,1,149,0,0,0,0,1,0,0,0,1,0
16490,3,500000,0,75,1,65,1,0,0,0,1,0,0,0,0,0
16950,1,149360,0,75,1,196,0,0,0,0,0,0,1,1,0,0
16200,1,245000,0,75,1,217,0,0,0,0,0,0,1,0,0,0
16900,1,101000,0,75,1,746,0,0,0,0,0,0,1,0,0,1
16900,1,250000,0,75,1,359,0,0,0,0,0,0,1,0,1,0
16300,1,180000,0,75,1,148,0,0,0,0,0,0,1,1,0,0
16990,0,10,0,75,1,115,0,0,0,0,0,0,1,0,0,0
16200,5,770000,0,75,0,216,0,0,0,0,1,0,0,1,0,0
16450,1,170070,0,75,1,92,0,0,0,0,0,0,1,0,1,0
16900,0,100,0,75,1,119,0,0,0,0,0,0,1,0,0,0
16990,3,172870,1,75,1,276,0,0,0,0,1,0,0,1,0,0
16900,1,10,0,75,1,611,0,0,0,0,0,0,1,0,0,1
16900,1,100,0,75,1,203,0,0,0,0,0,0,1,1,0,0
16400,1,167900,0,75,1,226,0,0,0,0,0,0,1,0,0,0
16700,3,101000,0,75,0,276,0,0,0,0,0,0,1,1,0,0
16500,2,390000,1,75,1,91,0,0,0,1,0,0,0,0,1,0
16900,0,10,0,75,1,198,0,0,0,0,0,0,0,1,0,0
16550,0,30,0,75,1,651,0,0,0,0,0,0,1,0,0,1
16500,2,314320,0,75,1,276,0,0,0,0,0,0,1,1,0,0
16500,0,20,0,75,1,651,0,0,0,0,0,0,1,0,0,1
16900,1,322510,0,75,1,132,0,0,0,0,0,0,1,0,0,0
16700,3,187020,0,75,1,163,1,0,0,0,0,0,1,0,0,0
16300,0,10,0,75,1,192,0,0,0,0,0,0,1,1,0,0
16700,2,103810,0,75,1,326,0,0,0,0,1,0,0,0,1,0
16500,1,102090,0,75,1,276,0,0,0,0,0,0,1,1,0,0
16986,2,21190,0,75,1,196,0,0,0,0,1,0,0,1,0,0
16990,2,185920,0,75,1,146,0,0,0,0,0,0,1,1,0,0
16350,0,50,0,75,1,216,0,0,0,0,0,0,0,1,0,0
16900,1,183380,0,75,1,146,0,0,0,0,0,0,1,0,1,0
16400,1,150000,0,75,1,764,0,0,0,0,0,0,1,0,0,1
16900,3,490220,1,75,1,206,0,0,0,0,1,0,0,1,0,0
16099,1,223740,0,75,1,99,0,0,0,0,0,0,1,0,1,0
16099,1,223740,0,75,1,25,0,0,0,0,0,0,1,0,0,0
16099,1,223740,0,75,1,86,0,0,0,0,0,0,1,0,0,0
16099,1,223740,0,75,1,177,0,0,0,0,0,0,1,1,0,0
17000,5,650000,1,75,0,276,0,0,0,0,1,0,0,1,0,0
16490,0,150,0,75,1,178,0,0,0,0,0,0,1,1,0,0
16900,4,214000,0,75,1,502,1,0,0,0,0,0,1,0,0,1
16099,1,223740,0,75,1,326,0,0,0,0,0,0,1,0,1,0
16800,5,140920,0,75,1,241,1,0,0,0,0,0,0,0,0,0
16900,1,10,0,75,1,262,0,0,0,0,0,0,1,1,0,0
16300,2,1630,0,75,1,746,0,0,0,0,0,0,1,0,0,1
16700,1,180000,0,75,1,86,0,0,0,0,0,0,1,0,0,0
16900,2,278000,0,75,1,163,0,0,0,0,1,0,0,0,0,0
16899,1,170000,0,75,1,683,0,0,0,0,0,0,1,0,0,1
16999,2,167000,0,75,0,202,0,0,0,0,0,0,1,1,0,0
16300,3,189700,0,75,1,276,0,0,0,0,0,0,1,1,0,0
16099,1,223740,0,75,1,485,0,0,0,0,0,0,1,0,0,1
16243,2,383480,0,75,1,201,0,0,0,0,1,0,0,1,0,0
16200,1,264000,0,75,1,177,0,0,0,0,0,0,1,1,0,0
16990,2,100,0,75,1,186,0,0,0,0,0,0,0,1,0,0
16699,4,493300,1,75,1,485,0,0,0,0,1,0,0,0,0,1
16999,0,100,0,75,1,214,0,0,0,0,0,0,1,1,0,0
16550,0,30,0,75,1,651,0,0,0,0,0,0,1,0,0,1
16400,0,120,0,75,1,550,0,0,0,0,0,0,1,0,0,1
16200,3,557340,0,75,0,645,1,0,0,0,0,0,1,0,0,1
16500,4,752540,0,75,0,728,1,0,0,0,0,0,1,0,0,1
17000,3,450000,0,75,0,180,0,0,0,0,1,0,0,1,0,0
17000,3,420000,0,75,0,506,0,0,0,0,1,0,0,0,0,1
16099,1,223740,0,75,1,628,0,0,0,0,0,0,1,0,0,1
16400,1,137570,0,75,1,286,0,0,0,0,0,0,1,1,0,0
16750,1,50,0,75,1,216,0,0,0,0,0,0,1,1,0,0
16900,2,158970,0,75,1,16,0,0,0,0,0,0,1,0,0,0
16500,0,0,0,75,1,275,0,0,0,0,0,0,1,1,0,0
17000,5,560000,0,75,0,132,0,0,0,0,0,0,1,0,0,0
16999,0,70,0,75,1,214,0,0,0,0,0,0,1,1,0,0
16900,2,50,0,75,1,782,0,0,0,0,0,0,1,0,0,1
17000,2,140000,0,75,0,276,0,0,0,0,0,0,0,1,0,0
16490,1,117500,0,75,1,174,0,0,0,0,0,0,1,0,0,0
16490,3,628050,1,75,1,276,0,0,0,0,1,0,0,1,0,0
16990,1,200,0,75,1,186,0,0,0,0,0,0,1,0,0,0
16900,1,270000,1,75,1,341,0,0,0,1,0,0,1,0,1,0
16950,1,125000,0,75,1,202,0,0,0,0,0,0,1,0,1,0
16350,0,10,0,75,1,203,0,0,0,0,0,0,1,1,0,0
16800,0,20,0,75,1,651,0,0,0,0,0,0,0,0,0,1
16100,1,138000,0,75,1,191,0,0,0,0,0,0,1,1,0,0
16900,2,302000,0,75,1,201,0,0,0,0,0,0,0,1,0,0
16890,2,151740,0,75,1,196,0,0,0,0,1,0,0,1,0,0
16900,1,221470,0,75,1,230,0,0,0,0,0,0,1,0,1,0
16990,1,100,0,75,1,189,0,0,0,0,0,0,1,1,0,0
16990,1,40,0,75,1,163,0,0,0,0,0,0,1,0,0,0
16990,1,100,0,75,1,186,0,0,0,0,0,0,1,1,0,0
16490,1,113000,0,75,1,162,0,0,0,0,0,0,1,1,0,0
17000,5,480000,1,75,0,611,0,0,0,0,1,0,0,0,0,1
16500,1,256760,0,75,1,387,0,0,0,0,0,0,1,0,1,0
16900,0,100,0,75,1,190,0,0,0,0,0,0,1,1,0,0
16990,1,100,0,75,1,186,0,0,0,0,0,0,1,1,0,0
16500,1,250000,0,75,1,170,0,0,0,0,0,0,1,1,0,0
16500,2,150,0,75,1,132,0,0,0,0,0,0,1,0,0,0
16900,2,230000,0,75,0,882,0,0,0,0,0,0,1,0,0,1
16900,1,200000,0,75,1,146,0,0,0,0,0,0,1,1,0,0
16490,1,110930,0,75,1,162,0,0,0,0,0,0,1,1,0,0
16500,2,120000,0,75,1,264,0,0,0,0,0,0,1,0,1,0
16300,1,125850,0,75,1,180,0,0,0,0,0,0,1,1,0,0
16990,1,100,0,75,1,186,0,0,0,0,0,0,1,1,0,0
16550,0,30,0,75,1,651,0,0,0,0,0,0,1,0,0,1
16990,1,100,0,75,1,488,0,0,0,0,0,0,1,0,0,1
16900,4,557770,0,75,1,852,1,0,0,0,1,0,0,0,0,1
16590,2,250,0,75,1,163,0,0,0,0,0,0,1,0,0,0
17990,1,198290,1,75,1,275,0,0,0,1,1,0,0,1,0,0
17500,1,191000,1,75,1,163,0,0,0,1,1,0,0,0,0,0
17750,1,161310,1,75,1,142,0,0,0,1,1,0,0,1,0,0
17490,0,60,0,75,1,276,0,0,0,0,0,0,1,1,0,0
17400,1,50,1,75,1,25,0,0,0,1,0,0,1,0,0,0
17800,2,690,1,75,1,177,0,0,0,0,0,0,0,1,0,0
17990,1,100,0,75,1,488,0,1,0,0,0,0,1,0,0,1
17499,2,258970,1,75,1,214,0,0,0,1,1,0,0,1,0,0
17400,0,10,1,75,1,292,0,0,0,1,0,0,1,1,0,0
17500,1,20,0,75,1,278,0,0,0,0,0,0,1,1,0,0
17954,1,100,1,75,1,201,0,0,0,1,0,0,1,1,0,0
17800,1,257450,1,75,1,25,0,0,0,1,1,0,0,0,0,0
17650,1,10,0,75,1,287,0,1,0,0,0,0,1,1,0,0
17900,0,100,1,75,1,202,0,0,0,1,0,0,1,1,0,0
17350,0,100,0,75,1,155,0,0,0,0,0,0,1,0,0,0
17900,1,272580,1,75,1,358,0,0,0,1,0,0,1,0,1,0
17500,1,50,1,75,1,216,0,0,0,1,0,0,0,1,0,0
17500,1,250,1,75,1,198,0,0,0,1,0,0,0,1,0,0
17800,1,170000,1,75,1,683,0,0,0,1,1,0,0,0,0,1
17500,0,10,0,75,1,326,0,0,0,0,0,0,0,0,1,0
17800,2,152310,1,75,1,326,0,0,0,1,1,0,0,0,1,0
17800,1,140000,1,75,1,683,0,0,0,1,1,0,0,0,0,1
17990,1,100,1,75,1,180,0,0,0,1,0,0,1,1,0,0
17490,1,199570,1,75,1,180,0,0,0,1,1,0,0,1,0,0
17490,1,199570,1,75,1,40,0,0,0,1,1,0,0,0,0,0
17900,1,279590,1,75,1,67,0,0,0,1,0,0,1,0,0,0
17670,2,100,0,75,1,201,0,0,0,0,0,0,0,1,0,0
17900,0,10,1,75,1,198,0,0,0,1,0,0,1,1,0,0
17850,2,330000,1,75,0,140,0,0,0,1,1,0,0,0,1,0
17490,1,186760,1,75,1,276,0,0,0,1,1,0,0,1,0,0
17500,0,10,1,75,1,611,0,0,0,1,0,0,1,0,0,1
17900,2,91150,1,75,1,276,0,0,0,0,1,0,0,1,0,0
17300,2,491340,0,75,0,197,0,0,0,0,1,0,0,1,0,0
17400,1,187680,1,75,1,193,0,0,0,1,1,0,0,1,0,0
17628,1,248760,1,75,1,99,0,0,0,1,1,0,0,0,1,0
17500,0,30,1,75,1,299,0,0,0,1,0,0,1,1,0,0
17800,2,392250,0,75,0,146,0,0,0,0,1,0,0,0,1,0
17500,0,10,0,75,1,122,0,0,0,0,0,0,0,0,0,0
17990,1,159900,1,75,1,112,0,0,0,1,1,0,0,0,0,0
17200,2,221400,1,75,1,225,0,0,1,0,0,0,0,1,0,0
18000,2,410000,1,75,0,127,0,0,0,1,1,0,0,0,0,0
17690,1,126170,1,75,1,171,0,0,0,1,1,0,0,1,0,0
17300,2,614680,1,75,0,326,0,0,0,1,1,0,0,0,1,0
17500,0,100,0,75,1,175,0,0,0,0,0,0,0,1,0,0
17400,1,195000,1,75,1,202,0,0,0,1,1,0,0,1,0,0
17400,0,10,1,75,1,135,0,0,0,1,0,0,1,0,0,0
17499,2,240000,1,75,0,486,0,0,0,1,0,0,1,0,0,1
17290,0,100,0,75,1,190,0,0,0,0,0,0,1,0,0,0
17900,3,223000,0,75,1,153,1,0,0,0,1,0,0,1,0,0
17670,0,10,1,75,1,196,0,0,0,1,0,0,0,1,0,0
17400,2,369180,1,75,1,287,0,0,0,1,1,0,0,1,0,0
17500,1,10,1,75,1,464,0,0,0,1,0,0,1,0,0,1
17500,4,140000,1,75,1,178,0,0,0,0,1,0,0,1,0,0
17400,1,210000,1,75,1,107,0,0,0,1,1,0,0,0,0,0
17500,2,250000,0,75,0,175,0,0,0,0,1,0,0,1,0,0
17490,1,100,1,75,1,141,0,0,0,1,0,0,1,0,0,0
17990,1,153000,1,75,1,708,0,0,0,1,1,0,0,0,0,1
17500,0,10,0,75,1,326,0,0,0,0,0,0,0,0,1,0
17250,3,309510,1,75,1,326,0,0,0,0,1,0,0,0,1,0
17200,0,10,0,75,1,228,0,0,0,0,0,0,1,0,1,0
17200,1,10,0,75,1,177,0,0,0,0,0,0,1,1,0,0
17499,2,199770,1,75,1,214,0,0,0,1,1,0,0,1,0,0
17300,4,390000,1,75,0,486,0,0,0,0,1,0,0,0,0,1
17250,1,50,1,75,1,216,0,0,0,1,0,0,1,1,0,0
17420,1,264800,1,75,1,106,0,0,0,1,0,0,1,0,0,0
17450,2,267520,0,75,1,76,0,0,0,0,1,0,0,0,0,0
17900,2,186900,1,75,1,326,0,0,0,1,1,0,0,0,1,0
17800,1,160000,1,75,1,683,0,0,0,1,1,0,0,0,0,1
18000,3,80000,0,75,0,501,1,0,0,0,1,0,0,0,0,1
17300,0,100,0,75,1,185,0,0,0,0,0,0,0,1,0,0
17900,2,320000,1,75,0,377,0,0,0,1,0,0,1,0,0,1
17200,0,100,0,75,1,326,0,0,0,0,0,0,1,0,1,0
17800,0,100,0,75,1,222,0,0,0,0,0,0,0,1,0,0
17800,0,10,0,75,1,230,0,0,0,0,0,0,1,1,0,0
17400,4,432590,0,75,1,276,1,0,0,0,1,0,0,1,0,0
17500,3,600000,1,75,0,377,0,0,0,0,1,0,0,0,1,0
17500,5,530000,1,75,0,121,0,0,0,0,1,0,0,1,0,0
17900,0,2000,0,75,1,387,0,0,0,0,0,0,1,0,1,0
17990,0,10,0,75,1,757,0,0,0,0,0,0,0,0,0,1
17346,2,271010,0,75,1,245,0,0,0,0,1,0,0,1,0,0
17500,0,100,0,75,1,179,0,0,0,0,0,0,0,1,0,0
17900,0,100,0,75,1,286,0,0,0,0,0,0,1,1,0,0
18000,2,650000,1,75,0,215,0,0,0,1,0,0,1,1,0,0
17290,0,100,0,75,1,116,0,0,0,0,0,0,1,0,0,0
17500,2,411500,0,75,0,352,0,0,0,0,1,0,0,0,1,0
17900,0,100,0,75,1,103,0,0,0,0,0,0,0,0,0,0
17950,1,500,0,75,1,278,0,0,0,0,0,0,1,1,0,0
17500,0,10,0,75,1,126,0,0,0,0,0,0,1,1,0,0
17790,1,73000,1,75,1,189,0,0,0,1,0,0,1,1,0,0
17890,0,2000,0,75,1,387,0,0,0,0,0,0,0,0,1,0
17900,0,100,0,75,1,194,0,0,0,0,0,0,1,0,1,0
17900,0,10,0,75,1,292,0,0,0,0,0,0,1,1,0,0
17990,1,100,1,75,1,488,0,0,0,1,0,0,1,0,0,1
17900,1,10,1,75,1,852,0,0,0,1,0,0,1,0,0,1
17900,0,10,0,75,1,796,0,0,0,0,0,0,0,0,0,1
17200,0,10,0,75,1,228,0,0,0,0,0,0,1,0,1,0
17990,0,23480,0,75,1,193,0,0,0,0,0,0,1,1,0,0
17950,0,50,0,75,1,83,0,0,0,0,0,0,1,0,0,0
17500,5,490000,1,75,0,326,0,0,0,0,1,0,0,0,1,0
17700,0,10,0,75,1,287,0,0,0,0,0,0,1,1,0,0
17990,0,100,0,75,1,186,0,0,0,0,0,0,1,1,0,0
17990,0,100,0,75,1,186,0,0,0,0,0,0,1,1,0,0
17500,0,100,0,75,1,208,0,0,0,0,0,0,1,1,0,0
17300,0,100,1,75,1,135,0,0,0,0,0,0,1,0,0,0
17900,1,50,0,75,1,86,0,0,0,0,0,0,1,0,0,0
17200,0,10,0,75,1,228,0,0,0,0,0,0,1,0,1,0
17500,1,10920,0,75,1,265,0,0,0,0,0,0,1,1,0,0
17900,3,400000,1,75,0,193,0,0,1,0,0,0,1,1,0,0
17990,0,0,1,75,1,193,0,0,0,1,0,0,1,1,0,0
17500,0,10,0,75,1,326,0,0,0,0,0,0,0,0,1,0
17990,0,0,1,75,1,193,0,0,0,1,0,0,1,1,0,0
17900,1,295370,1,75,1,358,0,0,0,1,0,0,1,0,1,0
17990,1,172220,1,75,1,186,0,0,0,1,0,0,1,1,0,0
17500,1,150000,0,75,0,185,0,0,0,0,0,0,1,0,0,0
17600,0,100,0,75,1,120,0,0,0,0,0,0,1,0,1,0
17290,0,100,0,75,1,116,0,0,0,0,0,0,1,0,0,0
18000,4,450000,1,75,0,182,0,0,0,0,1,0,0,1,0,0
17200,3,483000,1,75,1,226,0,0,0,0,1,0,0,0,0,0
17600,1,106230,0,75,0,170,0,0,0,0,0,0,1,1,0,0
17900,0,100,0,75,1,182,0,0,0,0,0,0,0,0,0,0
17990,0,100,0,75,1,186,0,0,0,0,0,0,1,1,0,0
17500,4,128500,0,75,0,68,0,0,0,0,1,0,0,0,0,0
17750,0,100,1,75,1,521,0,0,0,1,0,0,0,0,0,1
18000,1,266800,1,75,1,89,0,0,0,1,0,0,1,0,0,0
17200,0,500,0,75,1,206,0,0,0,0,0,0,0,1,0,0
17900,0,10,0,75,1,83,0,0,0,0,0,0,1,0,1,0
17900,1,88790,0,75,1,276,0,0,0,0,0,0,1,1,0,0
17950,1,432800,1,75,1,444,0,0,0,1,0,0,1,0,0,1
18000,0,10,0,75,1,516,0,0,0,0,0,0,0,0,0,1
17500,1,90000,0,75,0,548,0,0,0,0,0,0,1,0,0,1
17800,1,226000,1,75,1,77,0,0,0,1,0,0,1,0,0,0
17400,0,20,0,75,1,651,0,0,0,0,0,0,1,0,0,1
18000,3,225000,1,75,0,95,0,0,1,0,0,0,1,0,0,0
18000,2,290000,1,75,0,683,0,0,0,1,0,0,1,0,0,1
17990,1,246250,1,75,1,383,0,0,0,1,0,0,1,0,1,0
17700,1,10,0,75,1,188,0,0,0,0,0,0,1,1,0,0
17900,2,235000,0,75,1,500,0,0,0,0,1,0,0,0,0,1
17990,0,100,0,75,1,186,0,0,0,0,0,0,1,1,0,0
17250,0,30,0,75,1,651,0,0,0,0,0,0,1,0,0,1
17900,1,44800,1,75,1,121,0,0,0,1,0,0,1,1,0,0
17690,1,133050,1,75,1,171,0,0,0,1,1,0,0,1,0,0
17500,1,319260,0,75,1,500,0,0,0,0,0,0,1,0,0,1
17470,0,100,0,75,1,319,0,0,0,0,0,0,1,0,1,0
17950,1,50,0,75,1,198,0,0,0,0,0,0,1,1,0,0
17990,0,100,0,75,1,186,0,0,0,0,0,0,1,1,0,0
17350,0,100,0,75,1,182,0,0,0,0,0,0,1,0,0,0
17400,1,140000,0,75,1,62,0,0,0,0,0,0,1,0,0,0
17990,1,199280,1,75,1,186,0,0,0,1,0,0,1,1,0,0
18000,3,316000,1,75,0,96,0,0,0,0,1,0,0,0,0,0
17400,1,174620,1,75,1,121,0,0,0,1,0,0,1,0,0,0
17200,0,59000,0,75,1,177,0,0,0,0,0,0,1,1,0,0
17890,3,680000,0,75,1,619,1,0,0,0,1,0,0,0,0,1
18000,3,100000,0,75,0,513,0,0,0,0,0,0,0,0,0,1
17250,0,10,1,75,1,223,0,0,0,0,0,0,1,0,1,0
17350,0,100,0,75,1,182,0,0,0,0,0,0,1,0,0,0
17600,0,100,0,75,1,182,0,0,0,0,0,0,0,0,0,0
17900,1,85210,0,75,1,276,0,0,0,0,0,0,1,1,0,0
17990,1,200,0,75,1,198,0,0,0,0,0,0,1,1,0,0
17990,0,100,0,75,1,186,0,0,0,0,0,0,1,1,0,0
17900,5,530000,1,75,1,206,0,0,1,0,0,0,0,1,0,0
17900,1,100,0,75,1,337,0,0,0,0,0,0,1,0,1,0
17990,2,100,0,75,1,160,0,0,0,0,0,0,1,0,1,0
17500,5,600000,1,75,0,214,0,0,0,0,1,0,0,1,0,0
17900,1,43300,1,75,1,178,0,0,0,1,0,0,1,1,0,0
17900,1,93460,0,75,1,276,0,0,0,0,0,0,1,1,0,0
17200,1,440000,0,75,1,561,0,0,0,0,0,0,1,0,0,1
17500,0,10,0,75,1,326,0,0,0,0,0,0,0,0,1,0
17900,1,20000,0,75,1,276,0,0,0,0,0,0,1,1,0,0
17500,1,273900,0,75,1,746,0,0,0,0,0,0,1,0,0,1
17500,1,233350,0,75,1,500,0,0,0,0,0,0,1,0,0,1
17900,1,81000,0,75,1,226,0,0,0,0,0,0,1,0,0,0
17600,0,100,0,75,1,170,0,0,0,0,0,0,1,1,0,0
17450,0,100,0,75,1,186,0,0,0,0,0,0,1,0,0,0
17900,3,53000,0,75,1,628,1,0,0,0,0,0,1,0,0,1
18000,3,50000,0,75,0,816,0,0,0,0,0,0,1,0,0,1
17900,1,275740,1,75,1,67,0,0,0,1,0,0,1,0,0,0
17900,3,816000,1,75,1,852,0,0,0,0,1,0,0,0,0,1
17990,1,210440,1,75,1,186,0,0,0,1,0,0,1,1,0,0
17999,1,10,0,75,1,155,0,0,0,0,0,0,1,1,0,0
17890,1,10,0,75,1,276,0,0,0,0,0,0,1,1,0,0
17990,0,100,0,75,1,186,0,0,0,0,0,0,1,1,0,0
17950,2,225000,0,75,1,14,0,0,0,0,0,0,0,0,0,0
17900,1,10,0,75,1,192,0,0,0,0,0,0,1,1,0,0
17350,0,100,0,75,1,182,0,0,0,0,0,0,1,0,0,0
17450,0,100,0,75,1,182,0,0,0,0,0,0,1,0,0,0
17500,1,254700,0,75,1,746,0,0,0,0,0,0,1,0,0,1
17500,4,600000,1,75,0,155,0,0,0,0,1,0,0,0,0,0
17990,1,189730,1,75,1,186,0,0,0,1,0,0,1,1,0,0
17490,2,320,0,75,1,163,0,0,0,0,0,0,0,0,0,0
17600,1,81000,0,75,1,275,0,0,0,0,0,0,1,1,0,0
17950,1,310,0,75,1,227,0,0,0,0,0,0,1,1,0,0
17800,1,158560,1,75,1,495,0,0,0,0,0,0,1,0,0,1
17900,1,1000,0,75,1,181,0,0,0,0,0,0,1,0,0,0
18000,1,20,0,75,1,86,0,0,0,0,0,0,1,0,0,0
17900,1,100,0,75,1,34,0,0,0,0,0,0,1,0,0,0
17290,2,360,0,75,1,163,0,0,0,0,0,0,0,0,0,0
17500,1,307050,0,75,1,500,0,0,0,0,0,0,1,0,0,1
17900,3,350000,1,75,1,177,0,0,0,0,0,0,1,1,0,0
17990,0,100,0,75,1,186,0,0,0,0,0,0,1,1,0,0
17990,1,189730,1,75,1,186,0,0,0,1,0,0,1,1,0,0
17186,1,165060,1,75,1,196,0,0,0,1,1,0,0,1,0,0
18100,0,10,1,75,1,287,0,0,0,1,0,0,0,1,0,0
18400,1,157470,1,75,1,202,0,0,0,1,1,0,0,1,0,0
18490,0,200,1,75,1,141,0,0,0,1,0,0,1,0,0,0
18990,1,142880,1,75,1,326,0,0,0,1,1,0,0,0,1,0
18900,1,150000,1,75,1,174,0,0,0,1,0,0,1,0,0,0
18500,1,84370,1,75,1,181,0,0,0,1,0,0,1,1,0,0
18900,1,117260,1,75,1,89,0,0,0,1,0,0,1,0,0,0
18990,1,192050,1,75,1,203,0,0,0,1,1,0,0,1,0,0
18900,3,1000,1,75,1,101,0,0,1,0,0,0,0,1,0,0
18500,1,50,1,75,1,216,0,0,0,1,0,0,1,1,0,0
18990,1,208000,1,75,1,196,0,0,0,1,0,0,1,1,0,0
18990,1,193410,1,75,1,326,0,0,0,1,1,0,0,0,1,0
18990,1,200000,1,75,1,124,0,0,0,1,1,0,0,0,0,0
18990,2,281880,1,75,1,193,0,0,0,1,1,0,0,1,0,0
18470,1,190000,1,75,1,326,0,0,0,1,0,0,1,0,1,0
18990,1,144240,1,75,1,203,0,0,0,1,1,0,0,1,0,0
18950,3,320290,1,75,1,159,0,0,1,0,1,0,0,1,0,0
18600,1,122090,1,75,1,180,0,0,0,1,0,0,1,1,0,0
18900,0,10,1,75,1,65,0,0,0,1,0,0,1,0,0,0
18900,0,10,1,75,1,177,0,0,0,1,0,0,1,1,0,0
18900,0,10,1,75,1,326,0,0,0,1,0,0,1,0,1,0
18500,1,20,0,75,1,326,0,0,0,0,0,0,1,0,1,0
18490,1,177920,1,75,1,276,0,0,0,1,0,0,1,1,0,0
18300,0,0,1,75,1,301,0,0,0,1,0,0,1,1,0,0
18470,1,200000,1,75,1,326,0,0,0,1,0,0,1,0,1,0
18500,1,190000,1,75,0,200,0,0,0,1,0,0,1,0,1,0
18490,0,40,1,75,1,276,0,0,0,1,0,0,1,1,0,0
19000,1,380000,1,75,0,200,0,0,1,0,0,0,1,0,1,0
18393,1,129880,1,75,1,99,0,0,0,1,0,0,1,0,1,0
18950,1,102000,1,75,1,198,0,0,0,1,1,0,0,1,0,0
18700,1,214140,1,75,1,362,0,0,0,1,1,0,0,0,1,0
18900,1,171590,1,75,1,171,0,0,0,1,1,0,0,1,0,0
18490,1,120000,1,75,1,474,0,0,0,1,1,0,0,0,0,1
18950,2,31500,1,75,1,25,0,0,0,1,1,0,0,0,0,0
18500,2,150260,1,75,0,191,0,0,0,1,0,0,1,1,0,0
18990,1,225200,1,75,1,377,0,0,0,1,0,0,1,0,0,1
18893,0,2420,0,75,1,99,0,0,0,0,0,0,1,0,1,0
18900,0,10,1,75,1,86,0,0,0,1,0,0,1,0,0,0
18400,1,210000,0,75,0,131,0,0,0,0,1,0,0,0,1,0
18900,1,140000,1,75,1,495,0,0,0,1,1,0,0,0,0,1
18990,1,225200,1,75,1,412,0,0,0,1,0,0,1,0,0,1
19000,0,10,1,75,1,79,0,0,0,1,0,0,1,0,0,0
18900,1,220000,1,75,1,283,0,0,0,1,1,0,0,1,0,0
18100,0,100,0,75,1,182,0,0,0,0,0,0,1,0,0,0
18990,1,200000,1,75,1,474,0,0,0,1,1,0,0,0,0,1
18900,0,100,1,75,1,20,0,0,0,1,0,0,1,0,0,0
18200,1,110000,1,75,0,177,0,0,0,1,0,0,1,1,0,0
18990,1,139090,1,75,1,203,0,0,0,1,1,0,0,1,0,0
18500,0,100,1,75,1,271,0,0,0,1,0,0,1,1,0,0
18200,0,10,0,75,1,132,0,0,0,0,0,0,0,0,0,0
18870,1,150000,1,75,1,326,0,0,0,1,0,0,1,0,1,0
18980,0,10,1,75,1,611,0,0,0,1,0,0,1,0,0,1
18400,0,10,0,75,1,100,0,1,0,0,0,0,1,1,0,0
18900,1,300000,1,75,1,156,0,0,0,1,1,0,0,1,0,0
18900,1,218000,1,75,1,122,0,0,0,1,1,0,0,0,0,0
18350,1,1500,1,75,1,216,0,0,0,1,0,0,1,1,0,0
18450,1,166160,1,75,1,142,0,0,0,1,1,0,0,1,0,0
18800,0,10,0,75,1,201,0,0,0,0,0,0,1,1,0,0
18950,1,202500,1,75,1,198,0,0,0,1,1,0,0,1,0,0
18800,0,100,1,75,1,36,0,0,0,1,0,0,1,0,0,0
18100,0,10,1,75,1,287,0,0,0,1,0,0,0,1,0,0
18100,1,65000,0,75,0,807,0,0,0,0,0,0,1,0,0,1
18990,0,100,1,75,1,174,0,0,0,1,0,0,1,0,0,0
18990,0,50,1,75,1,216,0,0,0,1,0,0,0,1,0,0
18890,0,10,1,75,1,239,0,0,0,1,0,0,1,1,0,0
18450,1,220080,1,75,1,142,0,0,0,1,1,0,0,1,0,0
18500,0,100,0,75,1,147,0,0,0,0,0,0,0,1,0,0
18900,0,100,1,75,1,326,0,0,0,1,0,0,1,0,1,0
18990,1,188840,1,75,1,463,0,0,0,1,1,0,0,0,0,1
18900,0,10,1,75,1,134,0,0,0,1,0,0,0,1,0,0
18900,0,10,1,75,1,192,0,0,0,1,0,0,1,1,0,0
18950,1,203580,1,75,1,125,0,0,0,1,1,0,0,0,0,0
18990,0,50,1,75,1,216,0,0,0,1,0,0,0,1,0,0
18450,0,100,1,75,1,198,0,0,0,1,0,0,0,1,0,0
18490,0,100,1,75,1,276,0,0,0,1,0,0,1,1,0,0
18900,0,100,0,75,1,67,0,0,0,0,0,0,1,1,0,0
18500,0,10,1,75,1,198,0,0,0,1,0,0,1,1,0,0
18900,1,226000,1,75,1,119,0,0,0,1,1,0,0,0,0,0
18400,0,100,0,75,1,165,0,0,0,0,0,0,1,1,0,0
18900,0,10,1,75,1,87,0,0,0,1,0,0,1,1,0,0
18990,1,50,1,75,1,216,0,0,0,1,0,0,1,1,0,0
18900,0,10,1,75,1,169,0,0,0,1,0,0,1,1,0,0
18490,1,198000,1,75,1,495,0,0,0,1,0,0,1,0,0,1
18900,1,236000,1,75,1,122,0,0,0,1,1,0,0,0,0,0
18800,0,0,1,75,1,160,0,0,0,1,0,0,1,0,0,0
18500,1,120000,1,75,0,25,0,0,0,1,0,0,0,0,0,0
18990,0,10,1,75,1,326,0,0,0,1,0,0,0,0,1,0
18399,1,101870,1,75,1,99,0,0,0,1,0,0,1,0,1,0
18400,0,10,1,75,1,683,0,0,0,1,0,0,1,0,0,1
19000,1,102000,0,75,0,490,0,0,0,0,0,0,1,0,0,1
18890,0,10,0,75,1,500,0,0,0,0,0,0,1,0,0,1
18590,1,228870,1,75,1,356,0,0,0,1,0,0,1,0,1,0
18700,0,10,1,75,1,134,0,0,0,1,0,0,0,1,0,0
18600,0,100,1,75,1,159,0,0,0,1,0,0,1,0,0,0
18750,0,30,0,75,1,651,0,0,0,0,0,0,1,0,0,1
18800,1,340000,1,75,0,854,0,0,0,1,0,0,1,0,0,1
18990,0,10,1,75,1,115,0,0,0,1,0,0,1,0,0,0
18399,1,101870,1,75,1,485,0,0,0,1,0,0,1,0,0,1
18990,1,225200,1,75,1,272,0,0,0,1,0,0,1,0,1,0
18500,3,700000,1,75,0,190,0,0,0,0,1,0,0,1,0,0
18950,1,185530,1,75,1,105,0,0,0,1,0,0,1,0,1,0
18900,0,100,1,75,1,271,0,0,0,1,0,0,1,1,0,0
18700,1,197000,1,75,1,217,0,0,0,1,0,0,1,0,0,0
19000,2,150000,0,75,0,158,0,0,0,0,0,0,1,0,0,0
18800,0,10,0,75,1,159,0,0,0,0,0,0,1,0,0,0
18500,2,254500,1,75,1,206,0,0,0,1,1,0,0,1,0,0
18990,0,100,0,75,1,186,0,0,0,0,0,0,0,1,0,0
18500,2,232150,0,75,1,262,0,0,0,0,1,0,0,1,0,0
18500,2,395000,1,75,1,495,0,0,0,1,1,0,0,0,0,1
18990,1,270780,1,75,1,377,0,0,0,1,0,0,1,0,0,1
18400,0,2000,0,75,1,387,0,0,0,0,0,0,0,0,1,0
18800,2,140000,1,75,0,276,0,0,0,1,0,0,1,1,0,0
18990,1,50,1,75,1,782,0,0,0,0,0,0,1,0,0,1
18400,1,122280,0,75,1,241,0,0,0,0,0,0,1,0,0,0
18950,1,0,0,75,1,278,0,0,0,0,0,0,1,1,0,0
19000,1,180000,0,75,0,274,0,0,0,0,0,0,1,1,0,0
18490,1,1440,0,75,1,314,0,0,0,0,0,0,1,0,1,0
18900,0,10,1,75,1,178,0,0,0,1,0,0,1,1,0,0
18399,1,101870,1,75,1,326,0,0,0,1,0,0,1,0,1,0
18990,2,227570,1,75,1,193,0,0,0,1,1,0,0,1,0,0
18490,2,100800,0,75,1,272,0,0,0,0,1,0,0,0,1,0
18800,0,10000,0,75,1,186,0,0,0,0,0,0,1,0,0,0
18900,0,43000,1,75,1,217,0,0,0,1,0,0,0,0,0,0
18490,2,100800,0,75,1,412,0,0,0,0,1,0,0,0,0,1
18900,0,100,1,75,1,99,0,0,0,1,0,0,1,0,1,0
18870,1,230930,1,75,1,326,0,0,0,1,0,0,1,0,1,0
18900,1,83000,0,75,1,276,0,0,0,0,0,0,1,1,0,0
18470,1,200000,1,75,1,326,0,0,0,1,0,0,1,0,1,0
19000,1,150000,0,75,1,359,0,0,0,0,0,0,1,0,1,0
18900,0,100,1,75,1,326,0,0,0,1,0,0,1,0,1,0
18399,1,101870,1,75,1,25,0,0,0,1,0,0,1,0,0,0
18250,0,10,0,75,1,223,0,0,0,0,0,0,1,0,1,0
18900,0,100,1,75,1,99,0,0,0,1,0,0,1,0,1,0
18980,1,10,1,75,1,683,0,0,0,1,0,0,1,0,0,1
18400,3,250000,0,75,0,181,0,0,0,0,1,0,0,1,0,0
18950,1,191000,1,75,1,499,0,0,0,1,1,0,0,0,0,1
18100,0,100,0,75,1,182,0,0,0,0,0,0,1,0,0,0
18500,1,59360,0,75,1,201,0,0,0,0,0,0,1,1,0,0
18900,2,38140,0,75,1,530,0,0,0,0,1,0,0,0,0,1
18990,1,200,0,75,1,141,0,0,0,0,0,0,1,0,0,0
18399,1,101870,1,75,1,86,0,0,0,1,0,0,1,0,0,0
18890,1,400,0,75,1,262,0,0,0,0,0,0,1,1,0,0
18990,0,10,0,75,1,127,0,0,0,0,0,0,1,0,0,0
18500,1,10,1,75,1,757,0,0,0,1,0,0,1,0,0,1
18200,0,650,0,75,1,196,0,0,0,0,0,0,1,1,0,0
18400,2,129650,1,75,1,276,0,0,0,1,0,0,1,1,0,0
19000,2,210000,0,75,0,484,0,0,0,0,1,0,0,0,0,1
18490,1,300000,1,75,1,869,0,0,0,1,0,0,1,0,0,1
18900,1,10,0,75,1,326,0,0,0,0,0,0,1,0,1,0
18990,1,270780,1,75,1,272,0,0,0,1,0,0,1,0,1,0
18900,3,265000,0,75,1,210,1,0,0,0,0,0,0,0,1,0
18500,1,100,0,75,1,276,0,0,0,0,0,0,1,1,0,0
18490,2,100800,0,75,1,377,0,0,0,0,1,0,0,0,0,1
18400,0,100,0,75,1,204,0,0,0,0,0,0,0,1,0,0
18700,1,100,0,75,1,337,0,0,0,0,0,0,1,0,1,0
18399,1,101870,1,75,1,177,0,0,0,1,0,0,1,1,0,0
18390,0,10,0,75,1,310,0,0,0,0,0,0,1,0,1,0
18860,1,100,0,75,1,387,0,0,0,0,0,0,1,0,1,0
18400,2,129650,1,75,1,265,0,0,0,1,0,0,1,1,0,0
19000,1,160170,1,75,0,333,0,0,0,0,0,0,1,0,1,0
18400,0,100,0,75,1,204,0,0,0,0,0,0,0,1,0,0
18900,0,100,1,75,1,99,0,0,0,1,0,0,1,0,1,0
18149,2,140000,0,75,1,204,0,0,0,0,1,0,0,1,0,0
18300,0,100,0,75,1,182,0,0,0,0,0,0,1,0,0,0
18900,1,50,0,75,1,165,0,0,0,0,0,0,1,1,0,0
18300,0,30,0,75,1,651,0,0,0,0,0,0,1,0,0,1
18300,1,100,0,75,1,196,0,0,0,0,0,0,1,1,0,0
18500,1,101000,0,75,1,230,0,0,0,0,0,0,1,0,1,0
18399,1,101870,1,75,1,283,0,0,0,1,0,0,1,1,0,0
18900,2,201120,0,75,1,745,0,0,0,0,1,0,0,0,0,1
18900,0,10,0,75,1,198,0,0,0,0,0,0,1,1,0,0
18900,1,200,0,75,1,191,0,0,0,0,0,0,1,1,0,0
18400,0,10,0,75,1,646,0,0,0,0,0,0,0,0,0,1
18990,1,270780,1,75,1,412,0,0,0,1,0,0,1,0,0,1
18800,1,10,0,75,1,14,0,0,0,0,0,0,1,0,0,0
18990,1,130240,1,75,1,478,0,0,0,1,0,0,1,0,0,1
18990,1,100,0,75,1,186,0,0,0,0,0,0,0,1,0,0
18900,2,201120,0,75,1,745,0,0,0,0,1,0,0,0,0,1
18490,1,100,1,75,1,488,0,0,0,1,0,0,1,0,0,1
18900,2,201120,0,75,1,745,0,0,0,0,1,0,0,0,0,1
19000,1,25000,0,75,0,793,0,0,0,0,0,0,1,0,0,1
19700,0,10,0,75,1,287,0,1,0,0,0,0,1,1,0,0
19900,0,100,1,75,1,179,0,0,0,1,0,0,1,1,0,0
19500,1,164570,1,75,1,495,0,0,0,0,1,0,0,0,0,1
19850,1,176040,1,75,1,496,0,0,0,0,1,0,0,0,0,1
19490,1,168760,1,75,1,507,0,0,0,1,1,0,0,0,0,1
19900,0,20,1,75,1,275,0,0,0,1,0,0,1,1,0,0
19700,1,225600,1,75,1,101,0,0,0,1,0,0,1,0,0,0
19500,1,149500,1,75,1,337,0,0,0,1,1,0,0,0,1,0
19990,1,194790,1,75,1,489,0,0,0,1,1,0,0,0,0,1
19800,0,100,0,75,1,222,0,0,0,0,0,0,1,1,0,0
19990,1,247430,1,75,1,489,0,0,0,1,1,0,0,0,0,1
19900,0,10,1,75,1,326,0,0,0,1,0,0,1,0,1,0
19400,0,10,1,75,1,160,0,0,0,1,0,0,0,1,0,0
19490,1,243760,1,75,1,279,0,0,0,1,1,0,0,1,0,0
19990,1,254550,1,75,1,489,0,0,0,1,1,0,0,0,0,1
19700,1,311050,1,75,1,764,0,0,0,1,1,0,0,0,0,1
19990,1,238750,1,75,1,489,0,0,0,1,1,0,0,0,0,1
19500,1,110000,1,75,0,133,0,0,0,1,1,0,0,0,1,0
19900,0,135000,1,75,1,326,0,0,0,1,1,0,0,0,1,0
19900,1,158790,1,75,1,262,0,0,0,1,1,0,0,1,0,0
19250,0,10,1,75,1,203,0,0,0,1,0,0,1,1,0,0
19900,1,182500,1,75,1,302,0,0,0,1,1,0,0,1,0,0
19400,2,215000,1,75,0,190,0,0,0,1,1,0,0,1,0,0
19990,2,251000,1,75,0,490,0,0,0,1,1,0,0,0,0,1
19450,0,50,1,75,1,198,0,0,0,1,0,0,1,1,0,0
19900,1,350000,1,75,1,359,0,0,0,1,1,0,0,0,1,0
19800,1,145620,1,75,1,174,0,0,0,0,1,0,0,1,0,0
19900,1,152850,1,75,1,177,0,0,0,0,1,0,0,1,0,0
19987,1,150110,1,75,1,99,0,0,0,1,1,0,0,0,1,0
19800,0,10,1,75,1,283,0,0,0,1,0,0,1,1,0,0
19800,1,107230,1,75,1,87,0,0,0,1,1,0,0,0,1,0
19300,1,257450,1,75,1,25,0,0,0,1,1,0,0,0,0,0
19083,1,209510,1,75,1,99,0,0,0,1,1,0,0,0,1,0
19400,1,187680,1,75,1,193,0,0,0,1,1,0,0,1,0,0
19900,2,58000,1,75,1,601,0,0,1,0,0,0,1,0,0,1
19900,0,85000,1,75,0,322,0,0,0,1,0,0,0,1,0,0
19900,1,132550,1,75,1,276,0,0,0,0,1,0,0,1,0,0
19400,1,166940,1,75,1,87,0,0,0,1,1,0,0,0,1,0
19900,0,10,1,75,1,326,0,0,0,1,0,0,1,0,1,0
19990,0,170,1,75,1,217,0,0,0,1,0,0,1,1,0,0
20000,1,45030,1,75,0,519,0,0,0,1,1,0,0,0,0,1
19900,2,100,1,75,1,178,0,0,1,0,0,0,0,1,0,0
19900,1,199860,1,75,1,628,0,0,0,1,1,0,0,0,0,1
19600,2,340000,1,75,1,276,0,0,0,1,1,0,0,1,0,0
19900,4,10,1,75,1,683,0,0,1,0,0,0,1,0,0,1
19400,1,130000,1,75,1,492,0,0,0,1,1,0,0,0,0,1
19500,1,186360,1,75,1,276,0,0,0,0,1,0,0,1,0,0
19900,1,152850,1,75,1,174,0,0,0,0,1,0,0,1,0,0
19900,0,10,0,75,1,301,0,0,0,0,0,0,1,1,0,0
19500,0,100,1,75,1,193,0,0,0,1,0,0,0,1,0,0
19950,2,31500,1,75,1,25,0,0,0,1,1,0,0,0,0,0
19900,3,364550,0,75,1,65,1,0,0,0,1,0,0,0,0,0
19200,0,10,0,75,1,132,0,0,0,0,0,0,1,0,0,0
19990,1,148000,1,75,1,499,0,0,0,1,1,0,0,0,0,1
19800,1,179330,1,75,1,174,0,0,0,0,1,0,0,1,0,0
19500,0,10,1,75,1,190,0,0,0,1,0,0,1,1,0,0
19800,0,10,1,75,1,283,0,0,0,1,0,0,1,1,0,0
19800,1,179330,1,75,1,177,0,0,0,0,1,0,0,1,0,0
19700,0,10,1,75,1,287,0,0,0,1,0,0,1,1,0,0
19800,1,145620,1,75,1,177,0,0,0,0,1,0,0,1,0,0
19900,1,140000,1,75,1,322,0,0,0,1,1,0,0,0,1,0
19900,1,139960,1,75,1,750,0,0,0,0,1,0,0,0,0,1
19500,0,500,0,75,1,177,0,0,0,0,0,0,1,1,0,0
19800,0,1000,1,75,1,271,0,0,0,1,0,0,0,1,0,0
19600,0,30,0,75,1,285,0,0,0,0,0,0,1,1,0,0
19950,1,150000,1,75,0,276,0,0,0,1,1,0,0,1,0,0
19500,1,105000,1,75,0,832,0,0,0,1,0,0,1,0,0,1
19500,0,100,0,75,1,179,0,0,0,0,0,0,1,1,0,0
19900,0,50,1,75,1,83,0,0,0,1,0,0,1,0,0,0
19900,0,150,1,75,1,112,0,0,0,1,0,0,1,0,0,0
19490,1,179000,1,75,1,326,0,0,0,1,1,0,0,0,1,0
19500,1,185620,1,75,1,276,0,0,0,0,0,0,1,1,0,0
19900,0,100,1,75,1,179,0,0,0,1,0,0,1,1,0,0
19990,1,158530,1,75,1,377,0,0,0,1,0,0,1,0,0,1
19990,1,158530,1,75,1,272,0,0,0,1,0,0,1,0,1,0
19990,1,158530,1,75,1,412,0,0,0,1,0,0,1,0,0,1
19900,1,247900,1,75,1,194,0,0,0,1,1,0,0,1,0,0
19900,1,200000,1,75,1,326,0,0,0,1,1,0,0,0,1,0
19800,0,10,1,75,1,283,0,0,0,1,0,0,0,1,0,0
19950,0,950,0,75,1,261,0,0,0,0,0,0,1,0,1,0
19900,3,270000,1,75,0,326,0,0,0,0,0,0,1,0,1,0
20000,1,10,1,75,1,464,0,0,0,1,0,0,1,0,0,1
19290,0,10,1,75,1,115,0,0,0,1,0,0,1,0,0,0
19014,0,100,1,75,1,190,0,0,0,1,0,0,1,1,0,0
19990,1,207000,1,75,1,499,0,0,0,1,1,0,0,0,0,1
20000,3,167740,1,75,0,326,0,0,0,0,1,0,0,0,1,0
19900,2,263500,0,75,1,852,0,0,0,0,1,0,0,0,0,1
19900,1,323620,1,75,1,201,0,0,0,1,0,0,0,1,0,0
19500,0,100,0,75,1,105,0,0,0,0,0,0,1,0,1,0
19600,0,20,1,75,1,651,0,0,0,1,0,0,0,0,0,1
19459,0,2000,0,75,1,387,0,0,0,0,0,0,0,0,1,0
19900,1,10,1,75,1,178,0,0,0,1,0,0,1,1,0,0
19800,0,10,0,75,1,228,0,0,0,0,0,0,1,0,1,0
19990,1,110420,1,75,1,412,0,0,0,1,0,0,1,0,0,1
19950,0,10,0,75,1,919,0,0,0,0,0,0,1,0,0,1
19990,1,260990,1,75,1,489,0,0,0,1,1,0,0,0,0,1
19400,1,100,1,75,1,611,0,0,0,1,0,0,1,0,0,1
19990,1,110420,1,75,1,377,0,0,0,1,0,0,1,0,0,1
19550,0,50,0,75,1,216,0,0,0,0,0,0,1,1,0,0
19990,0,100,0,75,1,186,0,0,0,0,0,0,1,1,0,0
20000,2,230000,0,75,0,223,0,0,0,0,1,0,0,0,1,0
19900,1,10,1,75,1,178,0,0,0,1,0,0,1,1,0,0
19400,1,163940,1,75,1,87,0,0,0,1,1,0,0,0,1,0
19900,0,10,1,75,1,326,0,0,0,1,0,0,1,0,1,0
19900,1,34400,1,75,1,607,0,0,1,0,0,0,1,0,0,1
19900,1,34400,1,75,1,848,0,0,1,0,0,0,1,0,0,1
19500,2,125000,0,75,0,27,0,0,0,0,0,0,1,0,0,0
19500,0,100,0,75,1,105,0,0,0,0,0,0,1,0,1,0
19500,0,100,1,75,1,196,0,0,0,1,0,0,1,1,0,0
19990,1,114840,1,75,1,272,0,0,0,1,0,0,1,0,1,0
19500,0,100,0,75,1,179,0,0,0,0,0,0,1,1,0,0
19450,0,20,1,75,1,651,0,0,0,1,0,0,1,0,0,1
19900,4,550000,0,75,0,170,0,0,0,0,1,0,0,1,0,0
19400,1,138740,1,75,1,101,0,0,0,1,0,0,1,0,0,0
20000,5,550000,1,75,0,387,0,0,0,0,1,0,0,0,1,0
19700,0,100,0,75,1,177,0,0,0,0,0,0,1,1,0,0
19500,1,99000,0,75,1,919,0,0,0,0,0,0,1,0,0,1
19900,0,10,1,75,1,326,0,0,0,1,0,0,1,0,1,0
19990,1,114840,1,75,1,377,0,0,0,1,0,0,1,0,0,1
19500,1,100000,1,75,1,487,0,0,0,1,0,0,1,0,0,1
19900,0,20,0,75,1,67,0,0,0,0,0,0,1,0,0,0
19500,0,100,0,75,1,179,0,0,0,0,0,0,1,1,0,0
20000,3,250000,0,75,0,253,0,0,0,0,0,0,1,1,0,0
19900,1,100,0,75,1,132,0,0,0,0,0,0,1,0,0,0
19800,0,10,0,75,1,228,0,0,0,0,0,0,1,0,1,0
19500,0,100,0,75,1,179,0,0,0,0,0,0,1,1,0,0
19800,1,194150,1,75,1,750,0,0,0,0,1,0,0,0,0,1
19990,1,110420,1,75,1,272,0,0,0,1,0,0,1,0,1,0
19990,1,95000,1,75,1,162,0,0,0,1,0,0,1,1,0,0
19500,1,115200,1,75,1,341,0,0,0,1,0,0,1,0,0,1
19800,1,162130,1,75,1,750,0,0,0,0,1,0,0,0,0,1
19990,0,0,1,75,1,259,0,0,0,1,0,0,1,1,0,0
19500,0,100,0,75,1,86,0,0,0,0,0,0,1,0,0,0
19900,0,10,0,75,1,764,0,0,0,0,0,0,1,0,0,1
19700,1,100,0,75,1,132,0,0,0,0,0,0,1,0,0,0
19500,0,80,0,75,1,174,0,0,0,0,0,0,1,0,0,0
19990,1,100,1,75,1,488,0,0,0,1,0,0,1,0,0,1
19900,1,50,1,75,1,782,0,0,0,0,0,0,1,0,0,1
19400,1,180,1,75,1,326,0,0,0,1,0,0,1,0,1,0
20000,0,100,1,75,1,132,0,0,0,1,0,0,0,0,0,0
19900,0,50,0,75,1,782,0,0,0,0,0,0,1,0,0,1
19900,1,159940,1,75,1,750,0,0,0,0,1,0,0,0,0,1
19900,0,100,1,75,1,147,0,0,0,1,0,0,1,1,0,0
19800,0,10,1,75,1,134,0,0,0,1,0,0,1,1,0,0
19500,0,10,0,75,1,201,0,0,0,0,0,0,1,1,0,0
19700,1,50,1,75,1,782,0,0,0,0,0,0,1,0,0,1
19900,1,10,0,75,1,764,0,0,0,0,0,0,1,0,0,1
19900,3,565000,0,75,1,568,1,0,0,0,1,0,0,0,0,1
19500,0,50,1,75,1,184,0,0,0,1,0,0,1,1,0,0
19599,0,90,1,75,1,214,0,0,0,1,0,0,1,1,0,0
19990,1,140400,1,75,1,377,0,0,0,1,0,0,1,0,0,1
19900,1,10,0,75,1,213,0,0,0,0,0,0,1,1,0,0
19990,1,100,1,75,1,186,0,0,0,1,0,0,1,1,0,0
19900,1,168940,1,75,1,201,0,0,0,1,0,0,1,1,0,0
19990,1,114840,1,75,1,412,0,0,0,1,0,0,1,0,0,1
19900,1,10,1,75,1,178,0,0,0,1,0,0,1,1,0,0
19990,1,140400,1,75,1,412,0,0,0,1,0,0,1,0,0,1
19900,1,100,1,75,1,178,0,0,0,1,0,0,1,1,0,0
19500,2,150,0,75,1,132,0,0,0,0,0,0,1,0,0,0
19900,1,120000,0,75,1,16,0,0,0,0,0,0,1,0,0,0
19990,1,140400,1,75,1,272,0,0,0,1,0,0,1,0,1,0
19990,1,100,1,75,1,488,0,0,0,1,0,0,1,0,0,1
19990,1,100,1,75,1,488,0,0,0,1,0,0,1,0,0,1
19490,1,10,0,75,1,163,0,0,0,0,0,0,1,0,0,0
19900,1,100,1,75,1,178,0,0,0,1,0,0,1,1,0,0
19990,1,10,1,75,1,478,0,0,0,1,0,0,1,0,0,1
19900,1,10,0,75,1,214,0,0,0,0,0,0,1,1,0,0
19900,1,50,1,75,1,782,0,0,0,0,0,0,1,0,0,1
20300,1,126600,1,75,1,218,0,0,0,1,1,0,0,1,0,0
20900,0,100,1,75,1,179,0,0,0,1,0,0,1,1,0,0
20300,1,139490,1,75,1,191,0,0,0,1,1,0,0,1,0,0
20750,1,128500,1,75,1,134,0,0,0,1,1,0,0,1,0,0
20900,0,50,1,75,1,31,0,0,0,1,0,0,0,0,0,0
20900,1,140000,1,75,1,174,0,0,0,1,1,0,0,0,0,0
20970,1,190000,1,75,1,326,0,0,0,1,1,0,0,0,1,0
20300,1,189300,1,75,1,186,0,0,0,1,1,0,0,0,0,0
20900,1,160000,1,75,1,174,0,0,0,1,1,0,0,0,0,0
20900,1,140000,1,75,1,174,0,0,0,1,1,0,0,0,0,0
20099,2,165930,1,75,1,326,0,0,0,1,1,0,0,0,1,0
20490,1,164200,1,75,1,162,0,0,0,1,1,0,0,1,0,0
20700,1,160000,1,75,0,276,0,0,0,1,1,0,0,1,0,0
20900,0,10,0,75,1,162,0,0,0,1,0,0,1,1,0,0
20600,0,100,1,75,1,196,0,0,0,1,0,0,1,1,0,0
20400,0,10,1,75,1,79,0,0,0,1,0,0,1,0,0,0
20900,1,85000,1,75,1,278,0,0,0,1,1,0,0,1,0,0
20800,0,100,1,75,1,276,0,0,0,0,0,0,0,1,0,0
20900,1,139630,1,75,1,270,0,0,0,1,1,0,0,1,0,0
20900,0,100,0,75,1,147,0,0,0,0,0,0,1,1,0,0
20500,0,100,1,75,1,226,0,0,0,1,0,0,1,0,0,0
20990,1,80000,1,75,1,495,0,0,0,1,1,0,0,0,0,1
20900,0,100000,1,75,1,853,0,0,0,1,1,0,0,0,0,1
20500,0,50,1,75,1,198,0,0,0,1,0,0,1,1,0,0
20500,1,210000,1,75,0,393,0,0,0,0,1,0,0,0,1,0
20490,1,108000,1,75,1,500,0,0,0,1,1,0,0,0,0,1
20900,0,100,1,75,1,179,0,0,0,1,0,0,1,1,0,0
20900,0,255690,1,75,1,216,0,0,0,1,1,0,0,1,0,0
20099,2,165930,1,75,1,177,0,0,0,1,1,0,0,1,0,0
20900,0,100,0,75,1,40,0,0,0,0,0,0,1,0,0,0
20371,0,100,1,75,1,190,0,0,0,1,0,0,1,1,0,0
20400,0,10,1,75,1,87,0,0,0,1,0,0,1,1,0,0
20500,1,100,1,75,1,462,0,0,0,1,0,0,1,0,0,1
20500,1,220000,1,75,1,513,0,0,0,1,1,0,0,0,0,1
20900,0,10,1,75,1,198,0,0,0,1,0,0,1,1,0,0
20900,1,157450,1,75,1,165,0,0,0,1,1,0,0,1,0,0
20900,0,100,1,75,1,179,0,0,0,1,0,0,1,1,0,0
20606,1,243400,1,75,1,190,0,0,0,1,1,0,0,1,0,0
20240,1,105680,1,75,0,31,0,0,0,1,0,0,1,0,0,0
20490,1,251740,1,75,1,65,0,0,0,1,1,0,0,0,0,0
20900,1,163080,1,75,1,500,0,0,0,1,1,0,0,0,0,1
20500,1,151000,1,75,1,25,0,0,0,1,1,0,0,0,0,0
20500,2,370000,1,75,0,177,0,0,0,1,1,0,0,1,0,0
20750,1,167500,1,75,1,134,0,0,0,1,1,0,0,1,0,0
20900,2,145000,1,75,1,132,0,0,0,1,1,0,0,0,0,0
20606,1,243400,1,75,1,116,0,0,0,1,1,0,0,0,0,0
20900,1,149840,1,75,1,270,0,0,0,1,1,0,0,1,0,0
21000,2,420000,1,75,0,147,0,0,0,1,1,0,0,0,0,0
20400,0,10,1,75,1,326,0,0,0,1,0,0,1,0,1,0
20400,0,10,1,75,1,86,0,0,0,1,0,0,1,0,0,0
20100,6,302000,1,75,1,358,0,0,0,0,1,0,0,0,1,0
20950,2,131000,1,75,0,193,0,0,0,1,1,0,0,1,0,0
20990,1,100,1,75,1,488,0,0,0,1,0,0,1,0,0,1
20900,0,100,1,75,1,177,0,0,0,1,0,0,1,1,0,0
20500,0,100,1,75,1,40,0,0,0,0,0,0,1,0,0,0
20400,0,10,1,75,1,177,0,0,0,1,0,0,1,1,0,0
20400,1,121530,1,75,1,173,0,0,0,1,1,0,0,1,0,0
20953,1,169230,1,75,1,116,0,0,0,1,1,0,0,0,0,0
20932,1,100,1,75,1,177,0,0,0,1,0,0,1,1,0,0
20099,2,165930,1,75,1,283,0,0,0,1,1,0,0,1,0,0
20099,2,165930,1,75,1,99,0,0,0,1,1,0,0,0,1,0
20650,1,141150,1,75,1,750,0,0,0,0,1,0,0,0,0,1
20606,1,216220,1,75,1,116,0,0,0,1,1,0,0,0,0,0
20606,1,215300,1,75,1,116,0,0,0,1,1,0,0,0,0,0
20990,2,304820,1,75,1,193,0,0,0,1,1,0,0,1,0,0
20099,2,165930,1,75,1,25,0,0,0,1,1,0,0,0,0,0
20500,0,10,0,75,1,177,0,0,0,0,0,0,1,1,0,0
20371,0,100,1,75,1,116,0,0,0,1,0,0,1,0,0,0
20900,1,150000,1,75,1,174,0,0,0,1,1,0,0,0,0,0
20250,0,10,1,75,1,223,0,0,0,1,0,0,1,0,1,0
20953,1,169230,1,75,1,190,0,0,0,1,1,0,0,1,0,0
20500,0,38140,1,75,1,16,0,0,0,1,0,0,1,0,0,0
20606,1,216220,1,75,1,190,0,0,0,1,1,0,0,1,0,0
20240,1,94000,1,75,0,31,0,0,0,1,0,0,1,0,0,0
20099,2,165930,1,75,1,485,0,0,0,1,1,0,0,0,0,1
20953,1,169230,1,75,1,187,0,0,0,1,1,0,0,1,0,0
20400,0,100,1,75,1,177,0,0,0,1,0,0,1,1,0,0
20400,0,10,1,75,1,65,0,0,0,1,0,0,1,0,0,0
20099,2,165930,1,75,1,628,0,0,0,1,1,0,0,0,0,1
20606,1,243400,1,75,1,187,0,0,0,1,1,0,0,1,0,0
20750,0,10,1,75,1,159,0,0,0,1,0,0,1,1,0,0
20250,0,10,1,75,1,223,0,0,0,1,0,0,1,0,1,0
20500,2,43370,0,75,1,285,0,0,0,0,1,0,0,1,0,0
20371,0,100,1,75,1,177,0,0,0,1,0,0,1,1,0,0
20850,0,100,1,75,1,172,0,0,0,1,0,0,1,1,0,0
20400,0,3700,1,75,1,205,0,0,0,1,0,0,1,1,0,0
20900,0,100,0,75,1,86,0,0,0,0,0,0,1,0,0,0
20490,1,100,1,75,1,186,0,0,0,1,0,0,0,1,0,0
20606,1,216220,1,75,1,187,0,0,0,1,1,0,0,1,0,0
20490,1,100,1,75,1,488,0,0,0,1,0,0,1,0,0,1
20606,1,215300,1,75,1,187,0,0,0,1,1,0,0,1,0,0
20200,0,10,1,75,1,134,0,0,0,1,0,0,1,1,0,0
20371,0,100,1,75,1,187,0,0,0,1,0,0,1,1,0,0
20900,0,10,0,75,1,127,0,0,0,0,0,0,1,0,0,0
21000,1,90000,1,75,0,31,0,0,0,1,0,0,1,0,0,0
20500,0,40,0,75,1,782,0,0,0,0,0,0,1,0,0,1
20990,1,100,1,75,1,186,0,0,0,1,0,0,1,1,0,0
21000,1,256500,1,75,0,160,0,0,0,1,0,0,1,1,0,0
20990,1,100,1,75,1,186,0,0,0,1,0,0,1,1,0,0
20450,1,550,0,75,1,174,0,0,0,0,0,0,1,0,0,0
20800,2,150,1,75,1,77,0,0,0,1,0,0,1,0,0,0
21900,0,100,1,75,1,222,0,0,0,1,1,0,0,1,0,0
21700,0,10,1,75,1,141,0,0,0,1,0,0,1,1,0,0
21490,0,100,1,75,1,42,0,0,0,1,0,0,1,0,0,0
22000,1,79000,1,75,1,163,0,0,0,1,1,0,0,0,0,0
21200,1,180000,1,75,0,315,0,0,0,1,1,0,0,0,0,1
21290,0,50,1,75,1,216,0,0,0,1,0,0,1,1,0,0
21900,0,90000,1,75,1,326,0,0,0,1,1,0,0,0,1,0
21490,2,340000,1,75,0,326,0,0,0,1,1,0,0,0,1,0
21500,0,60,1,75,1,206,0,0,0,1,0,0,1,1,0,0
21200,1,211290,1,75,1,286,0,0,0,1,1,0,0,1,0,0
21500,0,90,1,75,1,206,0,0,0,1,0,0,1,1,0,0
21291,1,130960,1,75,1,116,0,0,0,1,1,0,0,0,0,0
21900,1,62540,1,75,1,180,0,0,0,1,1,0,0,1,0,0
21900,1,150000,1,75,1,283,0,0,0,1,1,0,0,1,0,0
21600,0,124710,1,75,1,188,0,0,0,1,1,0,0,1,0,0
21900,2,130,1,75,1,87,0,0,1,0,0,0,1,0,1,0
21500,0,100,1,75,1,89,0,0,0,1,0,0,1,0,0,0
21900,0,110000,1,75,1,911,0,0,0,1,1,0,0,0,0,1
21291,1,159490,1,75,1,190,0,0,0,1,1,0,0,1,0,0
21500,1,222500,1,75,1,111,0,0,0,1,1,0,0,1,0,0
21999,1,149000,1,75,1,345,0,0,0,1,1,0,0,0,1,0
21900,0,100,1,75,1,40,0,0,0,1,0,0,1,0,0,0
21900,0,100,1,75,1,34,0,0,0,1,0,0,1,0,0,0
21486,1,157580,1,75,1,196,0,0,0,1,1,0,0,1,0,0
21900,0,110000,1,75,1,911,0,0,0,1,1,0,0,0,0,1
21500,0,540,0,75,1,206,0,0,0,0,0,0,1,0,0,0
21600,1,155970,1,75,1,329,0,0,0,1,1,0,0,0,1,0
21990,0,100,1,75,1,186,0,0,0,1,0,0,1,1,0,0
22000,2,110000,1,75,1,648,0,0,0,1,0,0,1,0,0,1
21900,1,115000,1,75,1,239,0,0,0,1,1,0,0,0,0,0
21600,1,121000,1,75,1,217,0,0,0,1,1,0,0,0,0,0
21500,0,100,1,75,1,179,0,0,0,1,0,0,1,1,0,0
21500,0,1000,1,75,1,181,0,0,0,1,0,0,1,0,0,0
21300,0,80,0,75,1,174,0,0,0,0,0,0,0,0,0,0
21990,0,100,1,75,1,186,0,0,0,1,0,0,1,1,0,0
21600,0,50,1,75,1,285,0,0,0,1,0,0,1,1,0,0
22000,2,490000,1,75,0,121,0,0,0,1,1,0,0,1,0,0
21500,0,100,0,75,1,40,0,0,0,0,0,0,1,0,0,0
21450,1,2640,1,75,1,261,0,0,0,0,0,0,1,0,1,0
21291,1,130960,1,75,1,187,0,0,0,1,1,0,0,1,0,0
21500,1,100,1,75,1,55,0,0,0,1,0,0,1,0,0,0
21900,0,100,1,75,1,40,0,0,0,1,0,0,1,0,0,0
21500,0,100,1,75,1,226,0,0,0,1,0,0,1,0,0,0
21291,1,130960,1,75,1,190,0,0,0,1,1,0,0,1,0,0
21990,2,100,1,75,1,162,0,0,1,0,0,0,0,1,0,0
21900,1,50000,1,75,1,178,0,0,0,1,0,0,1,1,0,0
21800,0,5000,1,75,1,194,0,0,0,1,0,0,1,1,0,0
22000,1,100,1,75,1,462,0,0,0,1,0,0,1,0,0,1
21990,0,100,1,75,1,186,0,0,0,1,0,0,0,1,0,0
21900,0,100,1,75,1,16,0,0,0,1,0,0,1,0,0,0
21999,1,125000,1,75,1,345,0,0,0,1,1,0,0,0,1,0
21900,1,70960,1,75,1,180,0,0,0,1,1,0,0,1,0,0
21900,1,162990,1,75,1,180,0,0,0,1,1,0,0,1,0,0
21650,0,120,1,75,1,588,0,0,0,1,0,0,1,0,0,1
21990,1,114000,1,75,1,137,0,0,0,1,1,0,0,1,0,0
21500,1,183000,1,75,1,513,0,0,0,1,1,0,0,0,0,1
21600,1,148000,1,75,1,217,0,0,0,1,1,0,0,0,0,0
22000,2,400000,1,75,0,322,0,0,0,1,1,0,0,0,1,0
21900,0,100,1,75,1,16,0,0,0,1,0,0,1,0,0,0
21900,1,50000,1,75,1,178,0,0,0,1,0,0,1,1,0,0
21990,0,100,1,75,1,186,0,0,0,1,0,0,1,1,0,0
21500,0,150,1,75,1,206,0,0,0,1,0,0,1,1,0,0
21900,0,10,1,75,1,163,0,0,0,1,0,0,1,0,0,0
22000,1,90000,1,75,0,31,0,0,0,1,0,0,1,0,0,0
21900,1,217000,1,75,1,201,0,0,0,1,0,0,1,1,0,0
21799,0,100,1,75,1,114,0,0,0,1,0,0,1,1,0,0
21450,1,150,1,75,1,198,0,0,0,1,0,0,1,1,0,0
21500,3,220000,1,75,1,228,0,0,1,0,0,0,1,0,1,0
22800,0,100,1,75,1,142,0,0,0,1,1,0,0,1,0,0
23000,0,100,1,75,1,179,0,0,0,1,1,0,0,1,0,0
22800,0,100,1,75,1,142,0,0,0,1,1,0,0,1,0,0
22950,0,100,1,75,1,286,0,0,0,1,1,0,0,1,0,0
23000,0,100,1,75,1,179,0,0,0,1,1,0,0,1,0,0
22900,2,198290,1,75,1,101,0,0,1,0,1,0,0,0,0,0
22600,1,184000,1,75,1,196,0,0,0,1,1,0,0,1,0,0
22800,0,100,1,75,1,142,0,0,0,1,1,0,0,1,0,0
22800,0,100,1,75,1,154,0,0,0,1,1,0,0,1,0,0
22500,1,215180,1,75,0,25,0,0,0,1,1,0,0,0,0,0
22500,0,800,1,75,1,153,0,0,0,1,0,0,1,1,0,0
22700,0,10,1,75,1,198,0,0,0,1,1,0,0,1,0,0
22900,0,100,1,75,1,135,0,0,0,1,1,0,0,0,0,0
22900,2,242000,1,75,0,236,0,0,0,1,1,0,0,1,0,0
22500,1,50,1,75,1,216,0,0,0,1,1,0,0,1,0,0
22500,2,106890,1,75,0,818,0,0,0,1,1,0,0,0,0,1
22200,0,430,1,75,1,326,0,0,0,1,0,0,1,0,1,0
22200,0,100,1,75,1,177,0,0,0,1,0,0,1,1,0,0
22500,0,109430,1,75,1,695,0,0,0,1,1,0,0,0,0,1
22200,1,40000,1,75,0,257,0,0,0,1,1,0,0,0,1,0
22500,0,100,1,75,1,132,0,0,0,1,0,0,1,0,0,0
22800,0,70000,1,75,1,333,0,0,0,1,1,0,0,0,1,0
22990,1,50,1,75,1,216,0,0,1,0,0,0,0,1,0,0
22800,0,300,1,75,1,190,0,0,0,1,0,0,1,1,0,0
22590,0,0,1,75,1,259,0,0,0,1,0,0,0,1,0,0
22400,0,1000,1,75,1,163,0,0,0,1,0,0,1,1,0,0
22590,1,100,1,75,1,186,0,0,0,1,0,0,1,1,0,0
22990,0,100,1,75,1,186,0,0,0,1,0,0,1,1,0,0
22400,0,1000,1,75,1,163,0,0,0,1,0,0,1,1,0,0
22900,1,10,1,75,1,500,0,0,0,1,0,0,1,0,0,1
22900,1,10,1,75,1,500,0,0,0,1,0,0,1,0,0,1
22900,1,10,1,75,1,500,0,0,0,1,0,0,1,0,0,1
22900,1,10,1,75,1,500,0,0,0,1,0,0,1,0,0,1
22900,1,10,1,75,1,500,0,0,0,1,0,0,1,0,0,1
22900,1,10,1,75,1,500,0,0,0,1,0,0,1,0,0,1
23800,0,100,1,75,1,142,0,0,0,1,1,0,0,1,0,0
23900,0,100,1,75,1,222,0,0,0,1,1,0,0,1,0,0
23900,0,100,1,75,1,185,0,0,0,1,1,0,0,1,0,0
23900,1,70,1,75,1,270,0,0,0,1,1,0,0,1,0,0
23900,1,170000,1,75,0,326,0,0,0,1,1,0,0,0,1,0
23800,0,100,1,75,1,154,0,0,0,1,1,0,0,1,0,0
23700,0,10,1,75,1,495,0,0,0,1,1,0,0,0,0,1
23500,1,157610,1,75,1,284,0,0,0,1,1,0,0,1,0,0
23490,0,10,1,75,1,495,0,0,0,1,1,0,0,0,0,1
23400,0,10,1,75,1,495,0,0,0,1,1,0,0,0,0,1
23490,0,60,1,75,1,276,0,0,0,1,1,0,0,1,0,0
23500,0,10,1,75,1,500,0,0,0,1,0,0,1,0,0,1
23800,0,30000,1,75,0,381,0,0,0,1,1,0,0,0,1,0
23700,1,150000,1,75,0,495,0,0,0,1,1,0,0,0,0,1
23450,0,100,1,75,1,87,0,0,1,0,0,0,1,0,1,0
23900,0,100,1,75,1,40,0,0,0,1,0,0,1,0,0,0
23390,0,300,1,75,1,163,0,0,0,1,1,0,0,0,0,0
23500,0,10,1,75,1,500,0,0,0,1,0,0,1,0,0,1
23700,1,150000,1,75,0,495,0,0,0,1,1,0,0,0,0,1
23800,0,10,1,75,1,162,0,0,0,1,0,0,1,1,0,0
23800,1,1000,1,75,1,178,0,0,0,1,1,0,0,1,0,0
23900,0,100,1,75,1,16,0,0,0,1,0,0,1,0,0,0
23500,0,10,1,75,1,500,0,0,0,1,0,0,1,0,0,1
24000,1,100,1,75,1,101,0,0,0,1,0,0,1,0,0,0
24000,1,50000,1,75,1,156,0,0,0,1,1,0,0,1,0,0
25000,0,100,1,75,1,155,0,0,1,0,0,0,1,0,0,0
24900,1,43000,1,75,1,117,0,0,1,0,1,0,0,0,0,0
24900,0,105590,1,75,1,182,0,0,0,1,1,0,0,0,0,0
24900,1,68000,1,75,1,217,0,0,1,0,1,0,0,0,0,0
25000,0,1030,1,75,0,302,0,0,0,1,0,0,1,0,0,1
24900,0,100,1,75,1,101,0,0,0,1,1,0,0,0,0,0
24790,1,220,1,75,1,163,0,0,0,1,1,0,0,0,0,0
24900,0,10,1,75,1,198,0,0,0,1,1,0,0,1,0,0
24500,0,100,1,75,1,182,0,0,1,0,0,0,1,0,0,0
24500,1,144000,1,75,1,217,0,0,1,0,1,0,0,0,0,0
25500,1,87000,1,75,0,883,0,0,0,1,1,0,0,0,0,1
26900,1,100,1,75,1,103,0,0,1,0,0,0,1,0,0,0
27900,3,100,1,75,1,55,0,0,1,0,0,0,1,0,0,0
27500,2,100,1,75,1,55,0,0,1,0,0,0,1,0,0,0
28900,1,100,1,75,1,103,0,0,1,0,1,0,0,0,0,0
12990,5,54000,0,100,1,455,0,0,0,0,0,0,1,0,0,1
13800,3,19600,0,75,1,663,0,0,0,0,0,0,0,0,0,1
14450,3,21945,0,100,1,261,0,0,0,0,0,0,1,0,1,0
13450,4,47932,0,100,1,261,1,0,0,0,0,0,1,0,1,0
13450,4,49303,0,100,1,261,1,0,0,0,0,0,1,0,1,0
15200,5,25700,1,100,1,505,0,0,0,0,0,0,1,0,0,1
16000,3,10650,0,100,1,663,0,0,0,0,0,0,1,0,0,1
15890,3,12441,0,100,1,42,0,0,0,0,0,0,1,0,0,0
14490,5,18446,0,100,1,560,0,0,0,0,0,0,1,0,0,1
15890,3,13500,0,100,1,42,0,0,0,0,0,0,1,0,0,0
15890,3,13500,0,100,1,42,0,0,0,0,0,0,1,0,0,0
14500,3,17110,0,75,1,663,0,0,0,0,0,0,1,0,0,1
15890,3,13500,0,100,1,42,0,0,0,0,0,0,1,0,0,0
15890,3,14500,0,100,1,42,0,0,0,0,0,0,1,0,0,0
17500,3,20800,1,100,1,663,0,0,0,0,1,0,0,0,0,1
16890,3,22200,1,100,1,42,0,0,0,0,0,0,1,0,0,0
16500,3,8300,0,100,1,795,1,0,0,0,0,0,1,0,0,1
16000,5,15600,0,100,1,197,0,0,0,0,0,0,1,0,1,0
14500,3,31690,0,75,1,663,0,0,0,0,0,0,1,0,0,1
11450,6,92000,0,75,1,514,0,0,0,0,0,0,0,0,0,1
14890,4,56231,0,102,1,486,1,0,0,0,0,0,1,0,0,1
11300,6,122000,0,100,1,460,0,0,0,0,0,0,0,0,0,1
12000,6,72000,0,100,1,861,0,0,0,0,0,0,0,0,0,1
12900,4,59000,0,75,1,429,0,0,0,0,0,0,0,0,1,0
13490,5,100000,0,100,1,750,1,0,0,0,0,0,0,0,0,1
12900,6,58000,0,75,1,638,0,0,0,0,0,0,0,0,0,1
12200,6,43700,0,75,1,140,0,0,0,0,0,0,0,0,0,0
14900,3,80000,0,100,1,784,0,0,0,0,0,0,0,0,0,1
14500,5,44000,0,100,1,782,0,0,0,0,1,0,0,0,0,1
13700,6,70700,0,100,1,911,0,0,0,0,0,0,0,0,0,1
14990,2,6559,0,75,1,560,0,0,0,0,0,0,0,0,0,1
12500,6,48000,0,75,1,514,0,0,0,0,0,0,0,0,0,1
13990,5,88416,0,100,1,560,1,0,0,0,0,0,0,0,0,1
14800,5,59600,0,100,1,150,0,0,0,0,0,0,1,0,1,0
16800,5,14092,0,100,1,241,1,0,0,0,0,0,0,0,0,0
15300,5,70400,0,100,1,150,1,0,0,0,0,0,0,0,1,0
13900,4,72296,0,75,1,788,0,0,0,0,0,0,0,0,0,1
16500,4,19000,0,75,1,101,0,0,0,0,0,0,0,0,0,0
21500,3,22000,1,136,1,228,0,0,1,0,0,0,1,0,1,0
19990,5,18700,1,136,1,186,0,0,1,0,0,0,1,1,0,0
17990,2,27000,0,100,1,107,0,0,0,0,1,0,0,0,0,0
15300,5,93800,0,100,1,150,1,0,0,0,0,0,1,0,1,0
18900,3,10946,0,100,1,256,0,0,0,0,0,0,1,1,0,0
15500,5,39200,0,75,1,276,0,0,0,0,0,0,1,1,0,0
16000,5,59800,0,100,1,505,1,0,0,0,1,0,0,0,0,1
16990,5,17900,0,75,1,122,0,0,0,0,0,0,0,0,0,0
14950,6,31224,0,75,1,488,0,0,0,0,0,0,0,0,0,1
15000,6,32000,0,75,1,488,0,0,0,0,0,0,0,0,0,1
18990,4,16600,0,100,1,122,1,0,0,0,0,0,1,0,0,0
16900,5,57000,0,100,1,914,1,0,0,0,0,0,0,0,0,1
15700,6,54000,0,75,1,101,0,0,0,0,0,0,0,0,0,0
14900,5,77545,0,100,1,222,0,0,0,0,1,0,0,1,0,0
18500,3,52106,0,100,1,433,1,0,0,0,0,0,1,0,0,1
29900,4,5,1,136,1,326,0,0,1,0,1,0,0,0,1,0
17900,4,16549,0,75,1,488,0,0,0,0,0,0,1,0,0,1
14500,6,39300,0,75,1,150,0,0,0,0,0,0,0,0,1,0
21990,6,22600,1,100,1,122,0,0,0,0,1,0,0,0,0,0
4200,6,113000,0,100,1,215,1,0,0,0,0,0,0,0,0,0
4500,3,25000,0,75,1,512,0,0,0,0,0,0,0,0,0,1
5300,4,20000,1,100,1,478,0,0,0,0,0,0,1,0,0,1
6500,1,9670,0,100,1,87,0,0,0,0,0,0,1,0,0,0
7500,1,25000,0,100,1,483,0,0,0,0,0,0,1,0,0,1
7900,6,95000,0,75,1,276,0,0,0,0,0,0,0,1,0,0
7900,4,240000,0,100,1,495,1,0,0,0,0,0,1,0,0,1
8200,5,95000,0,75,1,326,0,0,0,0,0,0,0,0,1,0
8500,5,119000,0,75,1,222,0,0,0,0,0,0,0,1,0,0
8799,5,134000,0,75,1,495,0,0,0,0,0,0,0,0,0,1
8900,6,138412,0,100,1,193,1,0,0,0,0,0,0,1,0,0
8900,5,98405,0,75,1,150,0,0,0,0,0,0,0,0,0,0
8990,5,63000,0,75,1,326,0,0,0,0,0,0,0,0,1,0
8990,0,2200,1,110,1,872,0,0,0,1,0,0,1,0,0,1
8990,3,88073,0,100,1,770,1,0,0,0,0,0,1,0,0,1
8990,3,65408,0,100,1,770,1,0,0,0,0,0,1,0,0,1
9200,6,120000,0,100,1,647,1,0,0,0,0,0,0,0,0,1
9300,5,90000,0,75,1,326,0,0,0,0,0,0,0,0,1,0
9394,6,162055,0,100,1,683,1,0,0,0,0,0,0,0,0,1
9490,6,101000,0,100,1,275,1,0,0,0,0,0,1,1,0,0
9490,5,115000,0,75,1,210,0,0,0,0,0,0,0,1,0,0
9499,4,100000,0,75,1,519,0,0,0,0,0,0,0,0,0,1
9500,6,100000,0,100,1,568,1,0,0,0,0,0,1,0,0,1
9500,6,128000,0,75,1,481,0,0,0,0,0,0,0,0,0,1
9600,4,43500,0,75,1,476,0,0,0,0,0,0,1,0,0,1
9600,4,43444,0,75,1,490,0,0,0,0,0,0,1,0,0,1
9600,6,115000,0,75,1,129,0,0,0,0,0,0,0,1,0,0
9800,3,98000,0,100,1,276,0,0,0,0,0,0,1,1,0,0
9800,6,98200,0,100,1,590,1,0,0,0,0,0,1,0,0,1
9800,4,90100,0,75,1,16,0,0,0,0,0,0,0,0,0,0
9900,6,82000,0,75,1,50,0,0,0,0,0,0,0,0,0,0
9900,4,70000,0,100,1,117,0,0,0,0,0,0,1,0,0,0
9900,6,140000,0,75,1,186,0,0,0,0,0,0,0,0,0,0
9900,5,117000,0,75,1,303,0,0,0,0,0,0,1,1,0,0
9900,6,75610,0,100,1,119,1,0,0,0,0,0,0,0,0,0
9900,6,43134,0,75,1,99,0,0,0,0,0,0,0,0,1,0
9900,5,150000,0,100,1,490,1,0,0,0,0,0,1,0,0,1
9900,6,88000,0,75,1,177,0,0,0,0,0,0,0,1,0,0
9900,5,91528,0,75,1,140,0,0,0,0,0,0,0,0,1,0
9900,6,91000,0,100,1,842,1,0,0,0,0,0,0,0,0,1
9900,5,89570,0,75,1,463,0,0,0,0,0,0,0,0,0,1
9900,4,71000,0,75,1,484,0,0,0,0,0,0,0,0,0,1
9900,6,102670,0,100,1,279,1,0,0,0,0,0,1,1,0,0
9949,6,65925,0,100,1,259,0,0,0,0,0,0,0,1,0,0
9950,6,67837,0,75,1,163,0,0,0,0,0,0,0,0,0,0
9950,5,88828,0,75,1,163,0,0,0,0,0,0,0,0,0,0
9980,5,74000,0,75,1,326,0,0,0,0,0,0,1,0,1,0
9980,6,25100,0,75,1,162,0,0,0,0,0,0,0,1,0,0
9990,3,69000,0,75,1,495,0,0,0,0,0,0,0,0,0,1
9990,6,122533,0,75,1,560,0,0,0,0,0,0,0,0,0,1
9990,6,109000,0,102,1,499,1,0,0,0,0,0,0,0,0,1
9990,4,157000,0,100,1,147,1,0,0,0,0,0,0,1,0,0
9999,5,56000,0,75,1,150,0,0,0,0,0,0,0,0,0,0
9999,5,86000,0,75,1,415,0,0,0,0,0,0,1,0,1,0
9999,5,102641,0,75,1,514,0,0,0,0,0,0,0,0,0,1
10000,3,19000,0,75,1,550,0,0,0,0,0,0,0,0,0,1
10000,5,99000,0,100,1,193,0,0,0,0,0,0,0,1,0,0
10000,6,82000,0,75,1,129,0,0,0,0,0,0,0,1,0,0
10099,5,126855,0,75,1,731,0,0,0,0,0,0,0,0,0,1
10099,5,126855,0,75,1,326,0,0,0,0,0,0,0,0,1,0
10099,5,126855,0,75,1,127,0,0,0,0,0,0,0,0,0,0
10099,5,126855,0,75,1,750,0,0,0,0,0,0,0,0,0,1
10099,5,126855,0,75,1,628,0,0,0,0,0,0,0,0,0,1
10099,5,126855,0,75,1,25,0,0,0,0,0,0,0,0,0,0
10099,5,126855,0,75,1,485,0,0,0,0,0,0,0,0,0,1
10099,5,126855,0,75,1,283,0,0,0,0,0,0,0,1,0,0
10099,5,126855,0,75,1,611,0,0,0,0,0,0,0,0,0,1
10099,5,126855,0,75,1,861,0,0,0,0,0,0,0,0,0,1
10099,5,126855,0,75,1,177,0,0,0,0,0,0,0,1,0,0
10200,3,74000,0,100,1,215,0,0,0,0,0,0,0,0,0,0
10299,6,87906,0,75,1,130,0,0,0,0,0,0,0,0,1,0
10299,6,87906,0,75,1,177,0,0,0,0,0,0,0,1,0,0
10299,6,87906,0,75,1,283,0,0,0,0,0,0,0,1,0,0
10299,6,87906,0,75,1,326,0,0,0,0,0,0,0,0,1,0
10300,5,71730,0,75,1,464,0,0,0,0,0,0,0,0,0,1
10300,6,66000,0,75,1,763,0,0,0,0,0,0,0,0,0,1
10300,6,114000,0,75,1,588,0,0,0,0,0,0,0,0,0,1
10350,6,217000,0,100,1,769,1,0,0,0,0,0,1,0,0,1
10400,6,76000,0,75,1,782,0,0,0,0,0,0,0,0,0,1
10400,4,79500,0,75,1,131,0,0,0,0,0,0,1,0,0,0
10450,6,134000,0,100,1,326,1,0,0,0,0,0,1,0,1,0
10490,6,90000,0,100,1,276,0,0,0,0,0,0,1,1,0,0
10490,5,78000,0,100,1,87,1,0,0,0,0,0,1,0,1,0
10490,6,62000,0,100,1,485,0,0,0,0,0,0,0,0,0,1
10490,4,48000,0,75,1,344,0,0,0,0,0,0,0,0,1,0
10490,3,30000,0,75,1,519,0,0,0,0,0,0,1,0,0,1
10499,6,93000,0,75,1,87,0,0,0,0,0,0,0,0,1,0
10499,3,50000,0,75,1,796,0,0,0,0,0,0,0,0,0,1
10499,6,184667,0,100,1,930,1,0,0,0,0,0,1,0,0,1
10499,6,98000,0,75,1,482,0,0,0,0,0,0,0,0,0,1
10500,4,83695,0,75,1,16,0,0,0,0,0,0,0,0,0,0
10500,4,164700,0,100,1,150,1,0,0,0,0,0,1,0,1,0
10500,3,86000,0,75,1,85,0,0,0,0,0,0,0,0,0,0
10500,6,74526,0,100,1,326,0,0,0,0,0,0,0,0,1,0
10500,3,67000,0,75,1,209,0,0,0,0,0,0,0,0,0,0
10500,5,87000,0,100,1,731,0,0,0,0,0,0,1,0,0,1
10500,6,73000,0,75,1,495,0,0,0,0,0,0,0,0,0,1
10500,4,61050,0,75,1,383,0,0,0,0,0,0,0,0,1,0
10700,5,89000,0,75,1,62,0,0,0,0,0,0,0,0,0,0
10700,6,46396,0,75,1,276,0,0,0,0,0,0,0,1,0,0
10700,4,22000,0,100,1,588,0,0,0,0,0,0,1,0,0,1
10750,5,103602,0,100,1,289,0,0,0,0,0,0,1,1,0,0
10790,5,120000,0,100,1,607,1,0,0,0,0,0,0,0,0,1
10790,5,120000,0,100,1,848,1,0,0,0,0,0,0,0,0,1
10800,6,145500,0,75,1,186,0,0,0,0,0,0,0,0,0,0
10800,6,145500,0,75,1,173,0,0,0,0,0,0,0,0,0,0
10800,6,145500,0,75,1,186,0,0,0,0,0,0,0,0,0,0
10800,6,88394,0,75,1,253,0,0,0,0,0,0,0,1,0,0
10800,6,149000,0,100,1,533,1,0,0,0,0,0,0,0,0,1
10900,6,100000,0,100,1,326,0,0,0,0,0,0,1,0,1,0
10900,6,70150,0,75,1,556,0,0,0,0,0,0,0,0,0,1
10900,5,120000,0,100,1,607,1,0,0,0,0,0,0,0,0,1
10900,5,120000,0,100,1,848,1,0,0,0,0,0,0,0,0,1
10900,5,93062,0,75,1,326,0,0,0,0,0,0,0,0,1,0
10900,4,105000,0,75,1,42,0,0,0,0,0,0,0,0,0,0
10900,6,156900,0,100,1,200,1,0,0,0,1,0,0,0,1,0
10900,5,35700,0,75,1,128,0,0,0,0,0,0,0,0,0,0
10900,5,46086,0,100,1,163,0,0,0,0,0,0,1,0,0,0
10900,4,69225,0,75,1,146,0,0,0,0,0,0,0,0,1,0
10900,6,96405,0,75,1,744,0,0,0,0,0,0,0,0,0,1
10900,4,92218,1,100,1,478,1,0,0,0,0,0,0,0,0,1
10900,6,24000,0,75,1,326,0,0,0,0,0,0,0,0,1,0
10950,5,118000,0,100,1,623,0,0,0,0,1,0,0,0,0,1
10950,6,118000,0,100,1,250,1,0,0,0,0,0,1,0,1,0
10950,6,55400,0,75,1,387,0,0,0,0,0,0,0,0,1,0
10950,3,26714,0,100,1,202,0,0,0,0,0,0,1,1,0,0
10950,3,26714,0,100,1,202,0,0,0,0,0,0,1,1,0,0
10990,5,97900,1,100,1,275,0,0,0,0,0,0,0,1,0,0
10990,5,130000,0,100,1,757,1,0,0,0,0,0,1,0,0,1
10990,6,75891,0,75,1,560,0,0,0,0,0,0,0,0,0,1
10990,5,82000,0,100,1,218,0,0,0,0,0,0,1,0,0,0
10990,6,139000,0,100,1,484,1,0,0,0,0,0,1,0,0,1
10990,5,87000,1,100,1,443,0,0,0,0,0,0,1,0,0,1
10990,6,95000,0,100,1,275,1,0,0,0,0,0,1,1,0,0
10990,4,76500,0,75,1,193,0,0,0,0,0,0,0,1,0,0
10990,4,78000,0,75,1,193,0,0,0,0,0,0,0,1,0,0
10999,5,88000,0,75,1,484,0,0,0,0,0,0,0,0,0,1
10999,4,166000,0,100,1,724,1,0,0,0,0,0,1,0,0,1
10999,5,139000,0,100,1,485,1,0,0,0,0,0,1,0,0,1
10999,5,44000,0,75,1,484,0,0,0,0,0,0,1,0,0,1
11000,5,47420,0,75,1,464,0,0,0,0,0,0,0,0,0,1
11000,4,109974,0,100,1,495,1,0,0,0,1,0,0,0,0,1
11000,5,151000,0,100,1,484,1,0,0,0,0,0,1,0,0,1
11000,5,63771,0,75,1,285,0,0,0,0,0,0,0,1,0,0
11099,6,65631,0,100,1,731,0,0,0,0,0,0,1,0,0,1
11099,6,65631,0,100,1,86,0,0,0,0,0,0,1,0,0,0
11099,6,65631,0,100,1,99,0,0,0,0,0,0,1,0,1,0
11099,6,65631,0,100,1,490,0,0,0,0,0,0,1,0,0,1
11099,6,65631,0,100,1,861,0,0,0,0,0,0,1,0,0,1
11200,6,126000,0,100,1,519,1,0,0,0,0,0,0,0,0,1
11200,3,19000,0,75,1,495,0,0,0,0,0,0,0,0,0,1
11200,4,72673,0,100,1,140,1,0,0,0,0,0,0,0,1,0
11200,5,101000,0,100,1,217,0,0,0,0,0,0,1,0,0,0
11300,3,68150,0,75,1,326,0,0,0,0,0,0,0,0,1,0
11300,4,80600,0,75,1,495,0,0,0,0,0,0,0,0,0,1
11300,6,74000,0,100,1,750,0,0,0,0,0,0,1,0,0,1
11300,5,136000,1,100,1,121,0,0,0,0,1,0,0,1,0,0
11300,3,73700,0,75,1,222,0,0,0,0,0,0,0,1,0,0
11350,4,91355,0,100,1,764,0,0,0,0,0,0,1,0,0,1
11390,6,120000,1,136,1,296,0,0,1,0,0,0,1,0,1,0
11400,3,84900,0,100,1,622,0,0,0,0,0,0,1,0,0,1
11400,4,122425,0,100,1,478,1,0,0,0,0,0,1,0,0,1
11400,6,58000,0,100,1,514,0,0,0,0,0,0,1,0,0,1
11450,3,48500,0,75,1,326,0,0,0,0,0,0,0,0,1,0
11450,3,33000,0,75,1,499,0,0,0,0,0,0,1,0,0,1
11450,2,22728,0,100,1,202,0,0,0,0,0,0,1,1,0,0
11490,6,73690,0,100,1,99,1,0,0,0,0,0,0,0,0,0
11490,4,35600,0,75,1,478,0,0,0,0,0,0,1,0,0,1
11490,5,85000,1,100,1,512,0,0,0,0,0,0,1,0,0,1
11490,6,112754,0,100,1,286,1,0,0,0,0,0,1,1,0,0
11490,4,157890,0,100,1,793,1,0,0,0,0,0,1,0,0,1
11490,3,70000,0,75,1,484,0,0,0,0,0,0,0,0,0,1
11490,3,60000,0,75,1,116,0,0,0,0,0,0,1,0,0,0
11499,5,60000,0,75,1,500,0,0,0,0,0,0,0,0,0,1
11499,6,75000,0,75,1,479,0,0,0,0,0,0,1,0,0,1
11499,6,65631,0,100,1,177,0,0,0,0,0,0,1,1,0,0
11499,6,65631,0,100,1,130,0,0,0,0,0,0,1,0,1,0
11499,6,92000,0,75,1,861,0,0,0,0,0,0,0,0,0,1
11499,4,90000,0,100,1,424,0,0,0,0,0,0,0,0,0,1
11499,6,20450,0,100,1,479,0,0,0,0,0,0,1,0,0,1
11500,5,68939,0,75,1,246,0,0,0,0,0,0,1,1,0,0
11500,6,73000,0,100,1,119,0,0,0,0,0,0,1,0,1,0
11500,5,51000,1,75,1,872,0,0,0,0,0,0,0,0,0,1
11500,5,6300,0,75,1,302,0,0,0,0,0,0,0,1,0,0
11500,4,58000,0,75,1,495,0,0,0,0,0,0,1,0,0,1
11500,4,34000,0,75,1,533,0,0,0,0,0,0,0,0,0,1
11500,3,42349,0,75,1,792,0,0,0,0,0,0,0,0,0,1
11500,5,75000,0,75,1,763,0,0,0,0,0,0,0,0,0,1
11500,6,68000,0,75,1,298,0,0,0,0,0,0,0,1,0,0
11500,4,125000,0,100,1,875,1,0,0,0,0,0,0,0,0,1
11500,6,31102,0,75,1,105,0,0,0,0,0,0,0,0,1,0
11500,3,72000,0,75,1,229,0,0,0,0,0,0,0,1,0,0
11500,3,68000,0,75,1,203,0,0,0,0,0,0,0,1,0,0
11500,6,138000,1,101,1,471,0,0,0,0,0,0,1,0,0,1
11500,5,99600,0,100,1,362,0,0,0,0,0,0,1,0,1,0
11500,3,56696,0,75,1,106,0,0,0,0,0,0,0,0,1,0
11500,4,37071,0,100,1,140,0,0,0,0,0,0,1,0,1,0
11500,4,150207,0,100,1,843,1,0,0,0,0,0,0,0,0,1
11500,4,169000,0,100,1,724,1,0,0,0,0,0,1,0,0,1
11590,4,60668,0,75,1,146,0,0,0,0,0,0,0,0,1,0
11690,5,67000,0,75,1,101,0,0,0,0,0,0,1,0,0,0
11699,4,73696,0,100,1,130,0,0,0,0,0,0,1,0,1,0
11700,6,108000,0,100,1,195,0,0,0,0,0,0,1,0,1,0
11700,2,47900,0,100,1,344,0,0,0,0,0,0,1,0,1,0
11700,3,81000,0,75,1,237,0,0,0,0,0,0,0,0,1,0
11700,2,60797,0,75,1,468,0,0,0,0,0,0,0,0,0,1
11700,1,19000,0,100,1,163,0,0,0,0,0,0,1,1,0,0
11700,6,68000,0,100,1,723,1,0,0,0,0,0,1,0,0,1
11700,3,46000,0,75,1,214,0,0,0,0,0,0,0,1,0,0
11700,3,51186,0,75,1,99,0,0,0,0,0,0,0,0,1,0
11700,3,51186,0,75,1,86,0,0,0,0,0,0,0,0,0,0
11700,3,51186,0,75,1,488,0,0,0,0,0,0,0,0,0,1
11700,3,51186,0,75,1,22,0,0,0,0,0,0,0,0,0,0
11700,3,51186,0,75,1,326,0,0,0,0,0,0,0,0,1,0
11790,3,65747,0,75,1,146,0,0,0,0,0,0,0,0,1,0
11800,5,75666,0,100,1,177,1,0,0,0,0,0,1,1,0,0
11800,3,63000,0,75,1,329,0,0,0,0,0,0,0,0,1,0
11800,4,115000,0,100,1,485,1,0,0,0,0,0,1,0,0,1
11800,4,91950,0,100,1,492,1,0,0,0,0,0,0,0,0,1
11800,4,121590,0,100,1,588,1,0,0,0,0,0,0,0,0,1
11800,6,51005,0,100,1,105,0,0,0,0,0,0,0,0,1,0
11850,3,32000,0,75,1,533,0,0,0,0,0,0,0,0,0,1
11890,6,120000,0,100,1,831,1,0,0,0,0,0,1,0,0,1
11899,5,124000,0,100,1,495,1,0,0,0,0,0,1,0,0,1
11900,6,27000,0,100,1,505,0,0,0,0,0,0,1,0,0,1
11900,4,64810,0,100,1,464,0,0,0,0,0,0,1,0,0,1
11900,5,62500,0,75,1,119,0,0,0,0,0,0,1,0,0,0
11900,6,127000,0,100,1,635,1,0,0,0,0,0,0,0,0,1
11900,6,93629,0,100,1,223,1,0,0,0,0,0,0,0,1,0
11900,5,99000,0,100,1,542,1,0,0,0,0,0,1,0,0,1
11900,5,85000,0,100,1,486,0,0,0,0,0,0,1,0,0,1
11900,6,48000,0,75,1,223,0,0,0,0,0,0,0,0,1,0
11900,6,87746,0,75,1,505,0,0,0,0,0,0,0,0,0,1
11900,6,107216,1,136,1,848,0,0,1,0,0,0,0,0,0,1
11900,5,50000,0,100,1,807,1,0,0,0,0,0,0,0,0,1
11900,2,24000,0,100,1,326,0,0,0,0,0,0,1,0,1,0
11900,5,96000,0,75,1,83,0,0,0,0,0,0,0,1,0,0
11900,3,54254,0,75,1,140,0,0,0,0,0,0,0,0,1,0
11900,4,56645,0,75,1,326,0,0,0,0,0,0,0,0,1,0
11900,2,5000,0,75,1,276,0,0,0,0,0,0,0,1,0,0
11900,6,74652,0,75,1,848,0,0,0,0,0,0,0,0,0,1
11900,5,125964,0,100,1,326,1,0,0,0,1,0,0,0,1,0
11900,3,75367,0,75,1,348,0,0,0,0,0,0,0,0,0,1
11900,3,137079,0,100,1,518,1,0,0,0,0,0,0,0,0,1
11900,5,109386,0,100,1,60,1,0,0,0,0,0,1,0,0,0
11900,4,49000,0,100,1,177,0,0,0,0,0,0,1,1,0,0
11900,4,45000,0,100,1,177,0,0,0,0,1,0,0,1,0,0
11900,6,26000,0,100,1,51,0,0,0,0,0,0,1,0,0,0
11900,5,19000,0,100,1,121,1,0,0,0,0,0,1,1,0,0
11900,4,64059,0,100,1,326,0,0,0,0,0,0,0,0,1,0
11900,4,64059,0,100,1,22,0,0,0,0,0,0,0,0,0,0
11900,4,64059,0,100,1,488,0,0,0,0,0,0,0,0,0,1
11900,4,64059,0,100,1,99,0,0,0,0,0,0,0,0,1,0
11900,4,64059,0,100,1,86,0,0,0,0,0,0,0,0,0,0
11900,3,27170,0,75,1,478,0,0,0,0,0,0,0,0,0,1
11900,5,93719,0,100,1,200,1,0,0,0,0,0,0,0,1,0
11900,4,1,0,75,1,514,0,0,0,0,0,0,0,0,0,1
11900,6,80000,0,100,1,178,1,0,0,0,0,0,1,1,0,0
11900,3,29902,0,100,1,326,0,0,0,0,0,0,0,0,1,0
11950,3,18700,0,75,1,499,0,0,0,0,0,0,0,0,0,1
11950,3,11000,0,75,1,499,0,0,0,0,0,0,0,0,0,1
11950,6,107,1,100,1,519,0,0,0,0,1,0,0,0,0,1
11990,4,104000,0,100,1,484,1,0,0,0,0,0,0,0,0,1
11990,3,37759,0,75,1,383,0,0,0,0,0,0,1,0,1,0
11990,6,85000,0,100,1,480,1,0,0,0,0,0,1,0,0,1
11990,3,68906,1,100,1,770,0,0,0,0,1,0,0,0,0,1
11990,4,55448,0,100,1,276,0,0,0,0,0,0,1,1,0,0
11990,2,28000,0,100,1,326,0,0,0,0,0,0,1,0,1,0
11990,3,66826,0,75,1,560,0,0,0,0,0,0,0,0,0,1
11990,3,129254,1,100,1,486,0,0,0,0,0,0,0,0,0,1
11990,3,52418,0,100,1,40,0,0,0,0,1,0,0,0,0,0
11990,6,116000,0,100,1,861,0,0,0,0,0,0,1,0,0,1
11990,5,69000,0,100,1,485,1,0,0,0,0,0,1,0,0,1
11990,3,49725,0,100,1,487,0,0,0,0,0,0,1,0,0,1
11990,6,120000,0,100,1,542,1,0,0,0,1,0,0,0,0,1
11999,6,103000,0,100,1,40,0,0,0,0,1,0,0,0,0,0
11999,5,53600,0,75,1,494,0,0,0,0,0,0,0,0,0,1
11999,1,36000,0,100,1,326,0,0,0,0,0,0,1,0,1,0
11999,1,25000,0,100,1,326,0,0,0,0,0,0,1,0,1,0
11999,4,145000,0,100,1,484,1,0,0,0,0,0,0,0,0,1
11999,3,130000,0,100,1,525,1,0,0,0,0,0,0,0,0,1
11999,4,44000,0,75,1,326,0,0,0,0,0,0,1,0,1,0
11999,5,23000,0,75,1,518,0,0,0,0,0,0,0,0,0,1
11999,4,117000,0,100,1,735,1,0,0,0,0,0,0,0,0,1
11999,3,26600,0,100,1,490,0,0,0,0,0,0,0,0,0,1
12000,6,60000,0,75,1,385,0,0,0,0,0,0,0,0,1,0
12000,4,61030,0,100,1,464,0,0,0,0,0,0,1,0,0,1
12000,4,44000,0,75,1,286,0,0,0,0,0,0,0,1,0,0
12000,6,130000,0,100,1,793,1,0,0,0,0,0,1,0,0,1
12000,4,60000,0,75,1,623,0,0,0,0,0,0,0,0,0,1
12000,4,64314,0,100,1,326,0,0,0,0,0,0,1,0,1,0
12099,5,55196,0,100,1,490,0,0,0,0,0,0,0,0,0,1
12099,5,55196,0,100,1,731,0,0,0,0,0,0,0,0,0,1
12099,5,55196,0,100,1,25,0,0,0,0,0,0,0,0,0,0
12099,5,55196,0,100,1,99,0,0,0,0,0,0,0,0,1,0
12099,5,55196,0,100,1,127,0,0,0,0,0,0,0,0,0,0
12099,5,55196,0,100,1,326,0,0,0,0,0,0,0,0,1,0
12099,5,55196,0,100,1,86,0,0,0,0,0,0,0,0,0,0
12099,5,55196,0,100,1,611,0,0,0,0,0,0,0,0,0,1
12099,5,55196,0,100,1,628,0,0,0,0,0,0,0,0,0,1
12099,5,55196,0,100,1,485,0,0,0,0,0,0,0,0,0,1
12099,5,55196,0,100,1,130,0,0,0,0,0,0,0,0,1,0
12099,5,55196,0,100,1,177,0,0,0,0,0,0,0,1,0,0
12099,5,38092,0,75,1,130,0,0,0,0,0,0,0,0,1,0
12099,5,38092,0,75,1,177,0,0,0,0,0,0,0,1,0,0
12100,5,80441,0,100,1,40,1,0,0,0,0,0,0,0,0,0
12100,6,74570,1,100,1,190,0,0,0,0,0,0,1,1,0,0
12100,5,119643,1,130,1,276,0,0,0,0,1,0,0,1,0,0
12200,3,115000,0,100,1,480,1,0,0,0,0,0,1,0,0,1
12200,2,42136,0,75,1,326,0,0,0,0,0,0,0,0,1,0
12200,4,74000,0,100,1,177,0,0,0,0,0,0,1,1,0,0
12200,3,29337,0,100,1,326,0,0,0,0,0,0,0,0,1,0
12295,3,69000,0,100,1,872,1,0,0,0,0,0,0,0,0,1
12299,4,36364,0,75,1,130,0,0,0,0,0,0,0,0,1,0
12299,4,36364,0,75,1,283,0,0,0,0,0,0,0,1,0,0
12299,4,36364,0,75,1,490,0,0,0,0,0,0,0,0,0,1
12299,4,36364,0,75,1,25,0,0,0,0,0,0,0,0,0,0
12299,4,36364,0,75,1,485,0,0,0,0,0,0,0,0,0,1
12299,4,36364,0,75,1,326,0,0,0,0,0,0,0,0,1,0
12299,4,36364,0,75,1,611,0,0,0,0,0,0,0,0,0,1
12300,3,74800,0,100,1,326,0,0,0,0,0,0,0,0,1,0
12300,3,41158,0,100,1,104,0,0,0,0,0,0,1,0,1,0
12300,6,78772,0,100,1,757,0,0,0,0,0,0,0,0,0,1
12300,6,89000,0,100,1,667,0,0,0,0,1,0,0,0,0,1
12350,5,134000,0,100,1,484,1,0,0,0,0,0,1,0,0,1
12375,1,27993,0,100,1,326,0,0,0,0,0,0,1,0,1,0
12400,6,41057,0,75,1,611,0,0,0,0,0,0,0,0,0,1
12400,4,67000,0,75,1,194,0,0,0,0,0,0,0,0,1,0
12400,5,106100,0,100,1,611,1,0,0,0,0,0,0,0,0,1
12400,5,130000,0,100,1,511,1,0,0,0,0,0,1,0,0,1
12400,3,71889,0,100,1,87,0,0,0,0,0,0,1,1,0,0
12400,3,71889,0,100,1,86,0,0,0,0,0,0,1,0,0,0
12400,3,71889,0,100,1,326,0,0,0,0,0,0,1,0,1,0
12400,3,71889,0,100,1,177,0,0,0,0,0,0,1,1,0,0
12450,1,10717,0,100,1,202,0,0,0,0,0,0,1,1,0,0
12450,1,10717,0,100,1,202,0,0,0,0,0,0,1,1,0,0
12450,3,23000,0,75,1,533,0,0,0,0,0,0,0,0,0,1
12490,3,35300,0,75,1,512,0,0,0,0,0,0,1,0,0,1
12490,3,26977,0,75,1,512,0,0,0,0,0,0,0,0,0,1
12490,5,130000,1,100,1,476,0,0,0,0,0,0,1,0,0,1
12490,4,80000,0,100,1,507,1,0,0,0,0,0,1,0,0,1
12490,3,150000,0,100,1,861,1,0,0,0,0,0,1,0,0,1
12490,4,55469,0,100,1,146,0,0,0,0,0,0,1,0,1,0
12490,4,80000,0,100,1,861,1,0,0,0,0,0,0,0,0,1
12490,6,84900,0,100,1,162,1,0,0,0,0,0,1,1,0,0
12491,2,43000,0,75,1,123,0,0,0,0,0,0,0,0,0,0
12499,4,127000,0,100,1,672,1,0,0,0,0,0,0,0,0,1
12499,4,82490,0,100,1,839,0,0,0,0,0,0,1,0,0,1
12499,5,100000,0,100,1,773,0,0,0,0,0,0,1,0,0,1
12500,5,46415,0,75,1,224,0,0,0,0,0,0,0,1,0,0
12500,4,49000,0,75,1,801,0,0,0,0,0,0,0,0,0,1
12500,4,59600,0,75,1,127,0,0,0,0,0,0,0,0,0,0
12500,6,62600,0,75,1,377,0,0,0,0,0,0,0,0,0,1
12500,4,103000,0,100,1,484,1,0,0,0,0,0,0,0,0,1
12500,2,28196,0,100,1,276,0,0,0,0,0,0,0,1,0,0
12500,4,35000,0,75,1,42,0,0,0,0,0,0,0,0,0,0
12500,3,65974,0,75,1,854,0,0,0,0,0,0,0,0,0,1
12500,5,69000,0,75,1,861,0,0,0,0,0,0,0,0,0,1
12500,4,61000,1,100,1,372,0,0,0,0,0,0,0,0,1,0
12500,4,40000,0,100,1,475,0,0,0,0,1,0,0,0,0,1
12500,6,62000,0,75,1,178,0,0,0,0,0,0,0,1,0,0
12500,1,20000,0,100,1,163,0,0,0,0,0,0,1,1,0,0
12500,4,58000,0,75,1,132,0,0,0,0,0,0,1,0,0,0
12500,4,45100,0,75,1,484,0,0,0,0,0,0,1,0,0,1
12500,4,43946,0,100,1,350,0,0,0,0,0,0,0,0,0,1
12500,6,76000,0,100,1,302,1,0,0,0,1,0,0,0,0,1
12500,5,70000,0,75,1,215,0,0,0,0,0,0,0,0,0,0
12500,3,58023,0,100,1,305,0,0,0,0,0,0,1,1,0,0
12500,4,55000,0,75,1,872,0,0,0,0,0,0,0,0,0,1
12500,6,73000,0,100,1,276,1,0,0,0,0,0,1,1,0,0
12550,3,44000,0,75,1,326,0,0,0,0,0,0,0,0,1,0
12550,2,68000,0,100,1,301,0,0,0,0,0,0,0,1,0,0
12590,3,55917,0,100,1,484,0,0,0,0,0,0,0,0,0,1
12599,4,105000,0,75,1,171,0,0,0,0,0,0,1,1,0,0
12600,4,39690,0,100,1,464,0,0,0,0,0,0,1,0,0,1
12600,3,35523,0,75,1,177,0,0,0,0,0,0,0,1,0,0
12699,4,33765,0,100,1,130,0,0,0,0,0,0,1,0,1,0
12700,4,75482,0,75,1,140,0,0,0,0,0,0,0,0,1,0
12700,2,32172,0,100,1,542,0,0,0,0,0,0,1,0,0,1
12700,3,64845,0,100,1,86,0,0,0,0,0,0,0,0,0,0
12700,3,64845,0,100,1,177,0,0,0,0,0,0,0,1,0,0
12700,3,64845,0,100,1,326,0,0,0,0,0,0,0,0,1,0
12700,6,127000,0,100,1,816,1,0,0,0,0,0,1,0,0,1
12700,3,64845,0,100,1,87,0,0,0,0,0,0,0,1,0,0
12700,5,67000,0,100,1,144,0,0,0,0,0,0,1,1,0,0
12800,5,136000,0,100,1,723,1,0,0,0,0,0,0,0,0,1
12800,6,43000,0,100,1,333,1,0,0,0,0,0,0,0,1,0
12800,4,60000,0,100,1,474,0,0,0,0,0,0,0,0,0,1
12800,5,115000,0,100,1,247,1,0,0,0,1,0,0,0,1,0
12800,3,46000,0,100,1,914,0,0,0,0,0,0,0,0,0,1
12890,6,55000,1,100,1,290,0,0,0,0,0,0,1,0,1,0
12899,1,8000,0,100,1,326,0,0,0,0,0,0,1,0,1,0
12900,4,112319,0,100,1,651,1,0,0,0,0,0,0,0,0,1
12900,4,31075,0,75,1,97,0,0,0,0,0,0,0,0,1,0
12900,4,101172,0,100,1,784,1,0,0,0,0,0,0,0,0,1
12900,4,111000,0,100,1,223,1,0,0,0,0,0,0,0,1,0
12900,4,64100,0,75,1,377,0,0,0,0,0,0,0,0,0,1
12900,4,65000,0,75,1,486,0,0,0,0,0,0,0,0,0,1
12900,3,24023,0,75,1,270,0,0,0,0,0,0,0,1,0,0
12900,4,48000,0,100,1,99,0,0,0,0,0,0,0,0,1,0
12900,1,32000,0,100,1,326,0,0,0,0,0,0,1,0,1,0
12900,1,15000,0,100,1,326,0,0,0,0,0,0,1,0,1,0
12900,4,47000,0,75,1,168,0,0,0,0,0,0,1,0,1,0
12900,5,85000,0,100,1,500,1,0,0,0,1,0,0,0,0,1
12900,4,67000,0,75,1,630,0,0,0,0,0,0,0,0,0,1
12900,3,42180,0,75,1,121,0,0,0,0,0,0,1,1,0,0
12900,3,59696,0,100,1,495,0,0,0,0,0,0,1,0,0,1
12900,3,69342,0,75,1,592,0,0,0,0,0,0,0,0,0,1
12900,4,62192,0,75,1,620,0,0,0,0,0,0,0,0,0,1
12900,4,47600,0,75,1,137,0,0,0,0,0,0,0,1,0,0
12900,6,75842,0,75,1,837,0,0,0,0,0,0,0,0,0,1
12900,1,21076,0,100,1,326,0,0,0,0,0,0,1,0,1,0
12900,1,21469,0,100,1,326,0,0,0,0,0,0,1,0,1,0
12900,1,18471,0,100,1,326,0,0,0,0,0,0,1,0,1,0
12900,1,19732,0,100,1,326,0,0,0,0,0,0,1,0,1,0
12900,1,25752,0,100,1,326,0,0,0,0,0,0,1,0,1,0
12900,1,20860,0,100,1,326,0,0,0,0,0,0,1,0,1,0
12900,1,19692,0,100,1,326,0,0,0,0,0,0,1,0,1,0
12900,1,25540,0,100,1,326,0,0,0,0,0,0,1,0,1,0
12900,1,22074,0,100,1,326,0,0,0,0,0,0,1,0,1,0
12900,1,18374,0,100,1,326,0,0,0,0,0,0,1,0,1,0
12900,1,21323,0,100,1,326,0,0,0,0,0,0,1,0,1,0
12900,1,18194,0,100,1,326,0,0,0,0,0,0,1,0,1,0
12900,1,18116,0,100,1,326,0,0,0,0,0,0,1,0,1,0
12900,1,20637,0,100,1,326,0,0,0,0,0,0,1,0,1,0
12900,1,22778,0,100,1,326,0,0,0,0,0,0,1,0,1,0
12900,3,63000,0,100,1,333,0,0,0,0,0,0,0,0,1,0
12900,5,60000,0,100,1,495,1,0,0,0,0,0,0,0,0,1
12900,5,47000,0,100,1,326,0,0,0,0,0,0,1,0,1,0
12900,5,58054,1,130,1,201,0,0,0,0,1,0,0,1,0,0
12900,1,6,0,100,1,490,0,0,0,0,0,0,1,0,0,1
12900,3,16000,0,75,1,51,0,0,0,0,0,0,0,0,0,0
12900,4,12000,0,75,1,51,0,0,0,0,0,0,0,0,0,0
12900,1,20068,0,100,1,326,0,0,0,0,0,0,1,0,1,0
12900,3,25000,0,100,1,177,0,0,0,0,1,0,0,1,0,0
12900,3,83527,0,100,1,104,1,0,0,0,0,0,1,0,1,0
12900,1,9000,0,100,1,326,0,0,0,0,0,0,1,0,1,0
12900,5,55,0,100,1,765,0,0,0,0,1,0,0,0,0,1
12900,6,71973,0,100,1,861,0,0,0,0,0,0,1,0,0,1
12900,6,71973,0,100,1,750,0,0,0,0,0,0,1,0,0,1
12900,4,90000,0,100,1,495,1,0,0,0,1,0,0,0,0,1
12900,6,20300,0,75,1,121,0,0,0,0,0,0,0,1,0,0
12900,3,50643,0,100,1,177,0,0,0,0,0,0,1,1,0,0
12900,3,50643,0,100,1,87,0,0,0,0,0,0,1,1,0,0
12900,3,50643,0,100,1,86,0,0,0,0,0,0,1,0,0,0
12900,3,50643,0,100,1,326,0,0,0,0,0,0,1,0,1,0
12900,3,59000,1,100,1,514,0,0,0,0,0,0,1,0,0,1
12900,3,45971,1,100,1,478,0,0,0,0,0,0,1,0,0,1
12950,4,88000,1,100,1,494,0,0,0,0,1,0,0,0,0,1
12950,4,54173,0,100,1,177,1,0,0,0,0,0,1,1,0,0
12950,2,32000,0,75,1,124,0,0,0,0,0,0,0,0,0,0
12950,3,101300,0,100,1,518,1,0,0,0,0,0,1,0,0,1
12950,1,18906,0,100,1,202,0,0,0,0,0,0,1,1,0,0
12950,1,18906,0,100,1,202,0,0,0,0,0,0,1,1,0,0
12950,3,28000,0,75,1,319,0,0,0,0,0,0,0,0,1,0
12980,4,170000,0,100,1,483,1,0,0,0,0,0,0,0,0,1
12990,6,129000,0,100,1,484,1,0,0,0,0,0,1,0,0,1
12990,3,40000,0,100,1,490,0,0,0,0,0,0,1,0,0,1
12990,4,150000,0,75,1,761,0,0,0,0,0,0,0,0,0,1
12990,5,96700,0,100,1,872,1,0,0,0,0,0,1,0,0,1
12990,3,110000,0,100,1,530,1,0,0,0,0,0,1,0,0,1
12990,4,119990,0,100,1,849,1,0,0,0,0,0,1,0,0,1
12990,3,18100,0,75,1,560,0,0,0,0,0,0,0,0,0,1
12990,3,15758,0,75,1,560,0,0,0,0,0,0,0,0,0,1
12990,3,39900,0,75,1,477,0,0,0,0,0,0,0,0,0,1
12990,5,95525,0,100,1,121,1,0,0,0,0,0,1,1,0,0
12990,4,81667,0,100,1,872,0,0,0,0,0,0,1,0,0,1
12990,3,108292,1,100,1,286,0,0,0,0,0,0,1,1,0,0
12990,2,35000,0,75,1,527,0,0,0,0,0,0,1,0,0,1
12990,3,29300,0,75,1,420,0,0,0,0,0,0,0,0,1,0
12990,3,75000,0,100,1,326,0,0,0,0,1,0,0,0,1,0
12990,3,47000,0,75,1,344,0,0,0,0,0,0,0,0,1,0
12999,4,69999,0,100,1,875,0,0,0,0,0,0,0,0,0,1
12999,5,41000,0,100,1,842,0,0,0,0,1,0,0,0,0,1
12999,5,45375,0,75,1,628,0,0,0,0,0,0,1,0,0,1
12999,3,79000,0,100,1,484,1,0,0,0,1,0,0,0,0,1
12999,2,12996,0,100,1,518,0,0,0,0,1,0,0,0,0,1
12999,3,88060,0,100,1,177,0,0,0,0,0,0,1,1,0,0
12999,5,85000,0,100,1,750,1,0,0,0,0,0,1,0,0,1
12999,3,52728,0,75,1,130,0,0,0,0,0,0,0,0,1,0
12999,3,52728,0,75,1,490,0,0,0,0,0,0,0,0,0,1
12999,3,52728,0,75,1,127,0,0,0,0,0,0,0,0,0,0
12999,3,52728,0,75,1,25,0,0,0,0,0,0,0,0,0,0
12999,3,52728,0,75,1,628,0,0,0,0,0,0,0,0,0,1
12999,3,52728,0,75,1,283,0,0,0,0,0,0,0,1,0,0
12999,3,52728,0,75,1,99,0,0,0,0,0,0,0,0,1,0
12999,3,52728,0,75,1,177,0,0,0,0,0,0,0,1,0,0
12999,3,52728,0,75,1,611,0,0,0,0,0,0,0,0,0,1
12999,3,52728,0,75,1,861,0,0,0,0,0,0,0,0,0,1
12999,3,52728,0,75,1,485,0,0,0,0,0,0,0,0,0,1
12999,3,52728,0,75,1,750,0,0,0,0,0,0,0,0,0,1
12999,3,52728,0,75,1,326,0,0,0,0,0,0,0,0,1,0
13000,6,75000,0,100,1,853,0,0,0,0,0,0,0,0,0,1
13000,5,135000,1,100,1,454,0,0,0,0,0,0,1,0,0,1
13000,5,38657,0,75,1,132,0,0,0,0,0,0,1,0,0,0
13000,5,38657,0,75,1,164,0,0,0,0,0,0,1,0,1,0
13000,2,11000,0,75,1,322,0,0,0,0,0,0,0,1,0,0
13000,2,62000,0,75,1,782,0,0,0,0,0,0,0,0,0,1
13000,3,17000,0,75,1,101,0,0,0,0,0,0,0,0,1,0
13000,3,17000,0,75,1,98,0,0,0,0,0,0,0,0,1,0
13000,4,39000,0,75,1,351,0,0,0,0,0,0,0,0,1,0
13000,2,29000,0,75,1,99,0,0,0,0,0,0,0,0,1,0
13200,5,99400,0,100,1,112,1,0,0,0,1,0,0,1,0,0
13200,4,54201,0,100,1,222,0,0,0,0,0,0,1,1,0,0
13200,4,94000,0,100,1,276,1,0,0,0,1,0,0,1,0,0
13200,3,16410,0,100,1,200,0,0,0,0,0,0,0,0,1,0
13299,4,44965,0,75,1,86,0,0,0,0,0,0,0,0,0,0
13299,4,88364,0,100,1,130,1,0,0,0,0,0,1,0,1,0
13299,4,88364,0,100,1,177,1,0,0,0,0,0,1,1,0,0
13299,4,88364,0,100,1,611,1,0,0,0,0,0,1,0,0,1
13299,5,77000,0,100,1,542,1,0,0,0,1,0,0,0,0,1
13299,4,88364,0,100,1,861,1,0,0,0,0,0,1,0,0,1
13299,4,88364,0,100,1,283,1,0,0,0,0,0,1,1,0,0
13299,4,88364,0,100,1,86,1,0,0,0,0,0,1,0,0,0
13299,4,88364,0,100,1,25,1,0,0,0,0,0,1,0,0,0
13299,4,88364,0,100,1,628,1,0,0,0,0,0,1,0,0,1
13299,4,88364,0,100,1,750,1,0,0,0,0,0,1,0,0,1
13299,4,88364,0,100,1,485,1,0,0,0,0,0,1,0,0,1
13300,2,6,0,75,1,326,0,0,1,0,0,0,1,0,1,0
13300,2,6,0,75,1,326,0,0,1,0,0,0,1,0,1,0
13300,4,60000,0,75,1,623,0,0,0,0,0,0,0,0,0,1
13300,4,48400,0,100,1,150,0,0,0,0,0,0,0,0,1,0
13300,1,16900,0,100,1,275,0,0,0,0,0,0,1,1,0,0
13300,4,63221,0,100,1,505,1,0,0,0,0,0,1,0,0,1
13390,3,26000,0,100,1,243,0,0,0,0,0,0,1,1,0,0
13390,5,50500,0,100,1,420,0,0,0,0,0,0,1,0,1,0
13390,3,17956,0,75,1,184,0,0,1,0,0,0,0,0,0,0
13400,3,62000,0,100,1,326,1,0,0,0,0,0,0,0,1,0
13400,6,62989,0,100,1,22,1,0,0,0,0,0,1,0,0,0
13400,5,28000,0,75,1,186,0,0,0,0,0,0,1,0,1,0
13400,3,39000,1,100,1,498,0,0,0,0,0,0,1,0,0,1
13400,4,99900,0,100,1,611,1,0,0,0,0,0,1,0,0,1
13400,5,42970,0,100,1,183,0,0,0,0,1,0,0,1,0,0
13400,3,81042,0,100,1,106,1,0,0,0,0,0,1,0,0,0
13400,2,8394,0,100,1,478,0,0,0,0,0,0,0,0,0,1
13450,3,20667,0,75,1,87,0,0,0,0,0,0,0,0,1,0
13478,1,22328,0,100,1,115,0,0,0,0,0,0,1,0,0,0
13490,2,21700,0,100,1,107,0,0,0,0,0,0,0,0,0,0
13490,4,119713,0,100,1,384,1,0,0,0,0,0,1,0,1,0
13490,4,46500,0,75,1,128,0,0,0,0,0,0,0,0,0,0
13490,4,28900,0,75,1,128,0,0,0,0,0,0,0,0,0,0
13490,5,89000,0,100,1,418,0,0,0,0,1,0,0,0,0,1
13490,3,27000,0,75,1,477,0,0,0,0,0,0,0,0,0,1
13490,4,54000,0,100,1,103,1,0,0,0,0,0,1,0,0,0
13499,5,69000,0,100,1,87,1,0,0,0,0,0,1,0,1,0
13499,4,28443,0,100,1,861,0,0,0,0,0,0,1,0,0,1
13499,4,28443,0,100,1,490,0,0,0,0,0,0,1,0,0,1
13499,4,28443,0,100,1,628,0,0,0,0,0,0,1,0,0,1
13499,4,28443,0,100,1,750,0,0,0,0,0,0,1,0,0,1
13499,4,28443,0,100,1,25,0,0,0,0,0,0,1,0,0,0
13499,4,28443,0,100,1,99,0,0,0,0,0,0,1,0,1,0
13499,4,28443,0,100,1,731,0,0,0,0,0,0,1,0,0,1
13499,4,28443,0,100,1,127,0,0,0,0,0,0,1,0,0,0
13499,4,28443,0,100,1,326,0,0,0,0,0,0,1,0,1,0
13499,4,28443,0,100,1,485,0,0,0,0,0,0,1,0,0,1
13500,4,54075,0,100,1,350,0,0,0,0,0,0,0,0,0,1
13500,5,59000,0,100,1,484,1,0,0,0,1,0,0,0,0,1
13500,4,42000,0,75,1,99,0,0,0,0,0,0,0,0,1,0
13500,2,40000,0,100,1,490,0,0,0,0,0,0,1,0,0,1
13500,2,31719,0,75,1,480,0,0,0,0,0,0,1,0,0,1
13500,5,110324,0,100,1,825,1,0,0,0,0,0,0,0,0,1
13500,6,88670,0,100,1,831,1,0,0,0,0,0,0,0,0,1
13500,6,114000,0,100,1,473,1,0,0,0,0,0,1,0,0,1
13500,5,69000,0,100,1,484,1,0,0,0,0,0,1,0,0,1
13500,4,108300,0,100,1,611,1,0,0,0,0,0,0,0,0,1
13500,4,57886,0,100,1,120,1,0,0,0,0,0,1,0,1,0
13500,2,66000,0,100,1,495,0,0,0,0,0,0,1,0,0,1
13500,3,61317,0,100,1,106,0,0,0,0,0,0,0,0,1,0
13500,2,16959,0,75,1,223,0,0,0,0,0,0,0,0,1,0
13500,5,123000,0,100,1,638,1,0,0,0,1,0,0,0,0,1
13500,2,25000,0,75,1,276,0,0,0,0,0,0,0,1,0,0
13500,1,18000,0,100,1,326,0,0,0,0,0,0,1,0,1,0
13500,3,9400,0,100,1,51,0,0,0,0,0,0,1,0,0,0
13500,3,52533,1,100,1,698,0,0,0,0,0,0,1,0,0,1
13500,4,68000,0,100,1,139,0,0,0,0,0,0,1,1,0,0
13500,6,61313,0,75,1,852,0,0,0,0,0,0,0,0,0,1
13500,2,19900,0,100,1,304,0,0,0,0,0,0,1,0,1,0
13580,4,38132,0,100,1,147,0,0,0,0,0,0,0,0,0,0
13599,2,58025,0,110,1,490,0,0,0,1,0,0,1,0,0,1
13599,2,58025,0,110,1,861,0,0,0,1,0,0,1,0,0,1
13599,2,58025,0,110,1,283,0,0,0,1,0,0,1,1,0,0
13599,2,58025,0,110,1,25,0,0,0,1,0,0,1,0,0,0
13599,2,58025,0,110,1,99,0,0,0,1,0,0,1,0,1,0
13599,2,58025,0,110,1,86,0,0,0,1,0,0,1,0,0,0
13600,3,73000,0,100,1,95,1,0,0,0,0,0,0,0,0,0
13600,3,17722,0,75,1,326,0,0,0,0,0,0,0,0,1,0
13600,1,12285,0,100,1,519,0,0,0,0,0,0,1,0,0,1
13690,2,24000,0,100,1,326,0,1,0,0,0,0,1,0,1,0
13700,3,55000,0,100,1,495,0,0,0,0,0,0,1,0,0,1
13700,5,103700,0,100,1,911,1,0,0,0,0,0,0,0,0,1
13700,3,55000,0,75,1,630,0,0,0,0,0,0,0,0,0,1
13790,2,23000,0,100,1,326,0,1,0,0,0,0,1,0,1,0
13790,1,6843,0,100,1,224,0,0,0,0,0,0,1,1,0,0
13790,1,6843,0,100,1,224,0,0,0,0,0,0,1,1,0,0
13800,5,82000,0,100,1,484,1,0,0,0,0,0,1,0,0,1
13800,5,75000,1,130,1,25,0,0,0,0,1,0,0,0,0,0
13800,4,145000,0,100,1,755,1,0,0,0,0,0,0,0,0,1
13800,1,23700,0,100,1,275,0,0,0,0,0,0,1,1,0,0
13800,2,71147,0,75,1,86,0,0,0,0,0,0,0,0,0,0
13800,4,60000,1,136,1,514,0,0,1,0,1,0,0,0,0,1
13850,3,45000,1,100,1,533,0,0,0,0,0,0,0,0,0,1
13879,3,37522,0,100,1,115,0,0,0,0,0,0,1,0,0,0
13880,0,1,0,100,1,519,0,0,0,0,0,0,1,0,0,1
13890,5,42001,0,75,1,276,0,0,0,0,0,0,0,1,0,0
13890,4,42938,0,100,1,279,0,0,0,0,0,0,1,1,0,0
13890,4,19000,0,75,1,807,0,0,0,0,0,0,0,0,0,1
13890,4,29500,0,75,1,683,0,0,0,0,0,0,0,0,0,1
13899,4,28443,0,100,1,130,0,0,0,0,0,0,1,0,1,0
13899,4,28443,0,100,1,177,0,0,0,0,0,0,1,1,0,0
13899,4,28443,0,100,1,611,0,0,0,0,0,0,1,0,0,1
13900,4,48000,0,100,1,759,0,0,0,0,0,0,1,0,0,1
13900,4,62125,0,75,1,139,0,0,0,0,0,0,1,1,0,0
13900,3,35000,0,100,1,507,1,0,0,0,0,0,0,0,0,1
13900,1,14000,0,100,1,490,0,0,0,0,0,0,1,0,0,1
13900,4,106500,0,100,1,855,1,0,0,0,0,0,0,0,0,1
13900,2,14500,0,75,1,285,0,0,0,0,0,0,0,1,0,0
13900,4,16200,0,100,1,658,1,0,0,0,0,0,0,0,0,1
13900,2,69600,0,75,1,381,0,0,0,0,0,0,0,0,1,0
13900,2,21000,0,100,1,350,0,0,0,0,0,0,1,0,0,1
13900,6,64709,0,100,1,552,1,0,0,0,0,0,1,0,0,1
13900,3,5700,0,75,1,808,0,0,0,0,0,0,0,0,0,1
13900,3,16000,0,100,1,177,0,0,0,0,0,0,1,1,0,0
13900,2,85000,0,75,1,841,0,0,0,0,0,0,0,0,0,1
13900,4,19494,0,100,1,848,0,0,0,0,0,0,0,0,0,1
13900,3,4000,0,100,1,101,0,0,0,0,0,0,1,1,0,0
13900,6,95000,0,100,1,381,0,0,0,0,1,0,0,0,1,0
13900,4,54000,0,100,1,842,1,0,0,0,0,0,0,0,0,1
13900,4,54000,0,100,1,842,1,0,0,0,0,0,0,0,0,1
13900,4,28900,0,100,1,156,0,0,0,0,0,0,1,1,0,0
13900,3,26370,0,100,1,484,0,0,0,0,0,0,1,0,0,1
13900,4,53000,0,100,1,326,1,0,0,0,0,0,1,0,1,0
13900,6,37543,1,100,1,106,0,0,0,0,1,0,0,0,1,0
13900,3,27924,0,75,1,103,0,0,1,0,0,0,0,0,0,0
13900,5,122605,0,100,1,486,1,0,0,0,0,0,1,0,0,1
13900,4,65000,1,100,1,523,0,0,0,0,0,0,1,0,0,1
13900,4,78000,0,100,1,383,1,0,0,0,0,0,1,0,1,0
13900,3,29497,0,100,1,479,0,0,0,0,0,0,1,0,0,1
13900,3,21454,0,75,1,819,0,0,0,0,0,0,0,0,0,1
13900,4,44928,1,100,1,286,0,0,0,0,1,0,0,1,0,0
13940,2,29006,0,100,1,824,0,0,0,0,0,0,1,0,0,1
13950,4,64000,0,100,1,698,0,0,0,0,0,0,1,0,0,1
13950,5,50000,1,100,1,296,0,0,0,0,0,0,1,0,1,0
13950,5,60000,1,100,1,296,0,0,0,0,0,0,1,0,1,0
13950,4,42594,0,100,1,87,1,0,0,0,0,0,1,0,1,0
13950,4,56415,0,100,1,87,1,0,0,0,0,0,1,0,1,0
13950,4,75000,0,100,1,474,1,0,0,0,0,0,1,0,0,1
13950,1,31075,1,110,1,202,0,0,0,1,0,0,1,1,0,0
13950,1,35466,1,110,1,202,0,0,0,1,0,0,1,1,0,0
13950,1,20000,0,101,1,495,0,0,0,0,0,0,1,0,0,1
13950,1,35466,1,110,1,202,0,0,0,1,0,0,1,1,0,0
13950,1,31075,1,110,1,202,0,0,0,1,0,0,1,1,0,0
13950,1,9500,0,100,1,499,0,0,0,0,0,0,1,0,0,1
13950,1,13600,0,100,1,499,0,0,0,0,0,0,1,0,0,1
13950,2,27400,0,75,1,490,0,0,0,0,0,0,0,0,0,1
13950,2,29984,0,75,1,146,0,0,0,0,0,0,0,0,1,0
13950,2,13347,0,75,1,495,0,0,0,0,0,0,1,0,0,1
13990,6,82000,0,100,1,495,1,0,0,0,0,0,1,0,0,1
13990,1,20000,0,100,1,490,0,0,0,0,0,0,1,0,0,1
13990,4,66200,0,100,1,128,0,0,0,0,0,0,0,0,0,0
13990,4,39300,0,100,1,128,0,0,0,0,0,0,1,0,0,0
13990,1,28255,0,100,1,383,0,0,0,0,0,0,1,0,1,0
13990,4,89946,0,100,1,837,1,0,0,0,0,0,0,0,0,1
13990,4,39489,0,100,1,42,1,0,0,0,0,0,1,0,0,0
13990,4,47325,0,100,1,712,1,0,0,0,0,0,1,0,0,1
13990,3,12705,0,100,1,301,0,0,0,0,0,0,1,1,0,0
13990,3,20142,0,100,1,301,0,0,0,0,0,0,1,1,0,0
13990,4,80046,0,100,1,422,1,0,0,0,1,0,0,0,1,0
13990,4,91000,0,100,1,841,1,0,0,0,0,0,1,0,0,1
13990,2,42102,0,100,1,495,0,0,0,0,0,0,1,0,0,1
13990,4,88000,0,100,1,757,1,0,0,0,0,0,0,0,0,1
13990,3,50000,1,100,1,178,0,0,0,0,0,0,0,1,0,0
13990,2,41000,0,75,1,757,0,0,0,0,0,0,0,0,0,1
13990,2,38007,0,100,1,495,0,0,0,0,0,0,1,0,0,1
13999,6,35006,1,100,1,478,0,0,0,0,0,0,0,0,0,1
13999,3,16973,0,75,1,478,0,0,0,0,0,0,1,0,0,1
13999,5,71000,0,100,1,516,1,0,0,0,1,0,0,0,0,1
13999,4,51000,0,100,1,807,0,0,0,0,0,0,1,0,0,1
13999,2,58025,0,110,1,130,0,0,0,1,0,0,1,0,1,0
13999,2,58025,0,110,1,611,0,0,0,1,0,0,1,0,0,1
13999,2,58025,0,110,1,177,0,0,0,1,0,0,1,1,0,0
13999,3,51275,0,100,1,326,0,0,0,0,0,0,0,0,1,0
13999,3,51275,0,100,1,731,0,0,0,0,0,0,0,0,0,1
13999,3,51275,0,100,1,750,0,0,0,0,0,0,0,0,0,1
13999,3,51275,0,100,1,127,0,0,0,0,0,0,0,0,0,0
13999,3,51275,0,100,1,861,0,0,0,0,0,0,0,0,0,1
13999,3,51275,0,100,1,628,0,0,0,0,0,0,0,0,0,1
13999,3,51275,0,100,1,490,0,0,0,0,0,0,0,0,0,1
13999,3,51275,0,100,1,485,0,0,0,0,0,0,0,0,0,1
13999,3,51275,0,100,1,25,0,0,0,0,0,0,0,0,0,0
13999,3,51275,0,100,1,86,0,0,0,0,0,0,0,0,0,0
13999,3,51275,0,100,1,611,0,0,0,0,0,0,0,0,0,1
13999,3,51275,0,100,1,283,0,0,0,0,0,0,0,1,0,0
13999,3,51275,0,100,1,177,0,0,0,0,0,0,0,1,0,0
14000,3,55037,0,75,1,228,0,0,0,0,0,0,0,0,1,0
14000,3,60000,0,100,1,881,0,0,0,0,0,0,0,0,0,1
14000,3,41672,0,100,1,111,1,0,0,0,0,0,1,1,0,0
14000,3,35000,0,75,1,658,0,0,0,0,0,0,0,0,0,1
14000,1,25000,0,100,1,490,0,0,0,0,0,0,1,0,0,1
14000,3,37449,0,75,1,177,0,0,0,0,0,0,0,1,0,0
14200,4,101000,0,100,1,773,1,0,0,0,0,0,1,0,0,1
14200,2,9500,0,100,1,127,0,0,0,0,0,0,0,0,0,0
14290,3,37500,0,100,1,99,0,0,0,0,1,0,0,1,0,0
14300,4,36558,0,100,1,225,0,0,0,0,0,0,1,1,0,0
14350,1,19000,0,100,1,16,0,0,0,0,0,0,1,0,0,0
14400,3,500,0,75,1,326,0,0,0,0,0,0,0,0,1,0
14400,1,14825,0,75,1,747,0,0,0,0,0,0,1,0,0,1
14400,4,60901,0,100,1,290,1,0,0,0,0,0,0,0,1,0
14400,4,60901,0,100,1,211,1,0,0,0,0,0,0,0,1,0
14400,2,68955,0,100,1,177,0,0,0,0,0,0,1,1,0,0
14400,2,68955,0,100,1,326,0,0,0,0,0,0,1,0,1,0
14400,2,60400,0,100,1,177,0,0,0,0,0,0,1,1,0,0
14400,2,68955,0,100,1,86,0,0,0,0,0,0,1,0,0,0
14400,2,60400,0,100,1,86,0,0,0,0,0,0,1,0,0,0
14400,2,60400,0,100,1,326,0,0,0,0,0,0,1,0,1,0
14400,1,31607,1,100,1,478,0,0,0,0,0,0,1,0,0,1
14400,2,60400,0,100,1,87,0,0,0,0,0,0,1,1,0,0
14450,0,6,0,100,1,651,0,0,1,0,0,0,1,0,0,1
14453,3,32321,0,100,1,115,0,0,0,0,0,0,1,0,0,0
14470,0,10,0,100,1,87,0,0,0,0,0,0,1,0,1,0
14490,3,30962,0,100,1,468,0,0,0,0,0,0,1,0,0,1
14490,6,50000,0,100,1,480,1,0,0,0,0,0,0,0,0,1
14490,1,16331,0,100,1,355,0,0,0,0,0,0,1,0,0,1
14490,1,16209,0,100,1,355,0,0,0,0,0,0,1,0,0,1
14490,2,29000,0,100,1,872,0,0,0,0,0,0,1,0,0,1
14490,4,13445,1,136,1,180,0,0,1,0,0,0,0,1,0,0
14490,4,13445,1,136,1,40,0,0,1,0,0,0,0,0,0,0
14490,2,29000,0,100,1,842,0,0,0,0,0,0,1,0,0,1
14490,3,36000,0,100,1,213,0,0,0,0,0,0,1,0,1,0
14499,3,33126,0,75,1,514,0,0,0,0,0,0,0,0,0,1
14499,1,15000,0,101,1,495,0,0,0,0,0,0,1,0,0,1
14499,1,28000,0,100,1,495,0,0,0,0,0,0,1,0,0,1
14499,1,15000,0,100,1,495,0,0,0,0,0,0,1,0,0,1
14499,1,10000,0,100,1,495,0,0,0,0,0,0,1,0,0,1
14500,5,21000,1,100,1,486,0,0,0,0,1,0,0,0,0,1
14500,4,35519,1,100,1,819,0,0,0,0,0,0,1,0,0,1
14500,5,56645,0,100,1,882,0,0,0,0,0,0,1,0,0,1
14500,2,32000,0,100,1,326,0,0,0,0,0,0,1,0,1,0
14500,2,32400,0,100,1,128,0,0,0,0,0,0,0,0,1,0
14500,0,4500,0,101,1,65,0,0,0,0,0,0,1,0,0,0
14500,6,99000,0,100,1,484,1,0,0,0,1,0,0,0,0,1
14500,1,18230,0,100,1,495,0,0,0,0,0,0,1,0,0,1
14500,4,37200,0,100,1,842,1,0,0,0,0,0,0,0,0,1
14500,4,53400,0,75,1,201,0,0,0,0,0,0,0,1,0,0
14500,4,19000,1,100,1,168,0,0,0,0,0,0,1,0,1,0
14500,3,15000,0,75,1,319,0,0,0,0,0,0,0,0,1,0
14500,4,54500,0,75,1,615,0,0,0,0,0,0,1,0,0,1
14500,1,17200,0,100,1,463,0,0,0,0,0,0,1,0,0,1
14500,4,99500,0,100,1,763,1,0,0,0,0,0,0,0,0,1
14500,1,18832,0,100,1,861,0,0,0,0,0,0,1,0,0,1
14500,5,5200,0,100,1,177,0,0,0,0,0,0,0,1,0,0
14500,4,14196,0,100,1,853,0,0,0,0,0,0,1,0,0,1
14599,4,88994,1,136,1,731,0,0,1,0,1,0,0,0,0,1
14599,4,88994,1,136,1,25,0,0,1,0,1,0,0,0,0,0
14599,4,88994,1,136,1,628,0,0,1,0,1,0,0,0,0,1
14599,4,88994,1,136,1,485,0,0,1,0,1,0,0,0,0,1
14599,4,88994,1,136,1,99,0,0,1,0,1,0,0,0,1,0
14599,4,88994,1,136,1,127,0,0,1,0,1,0,0,0,0,0
14599,4,88994,1,136,1,750,0,0,1,0,1,0,0,0,0,1
14599,4,88994,1,136,1,861,0,0,1,0,1,0,0,0,0,1
14599,4,88994,1,136,1,490,0,0,1,0,1,0,0,0,0,1
14599,4,88994,1,136,1,86,0,0,1,0,1,0,0,0,0,0
14599,4,88994,1,136,1,326,0,0,1,0,1,0,0,0,1,0
14600,5,19000,1,136,1,215,0,0,1,0,0,0,0,0,0,0
14600,1,19554,1,136,1,202,0,0,0,1,0,0,1,1,0,0
14600,1,19554,1,136,1,202,0,0,0,1,0,0,1,1,0,0
14650,2,22778,0,100,1,824,0,0,0,0,0,0,0,0,0,1
14650,3,25000,0,100,1,611,1,0,0,0,1,0,0,0,0,1
14680,1,32000,0,100,1,326,0,1,0,0,0,0,1,0,1,0
14690,0,0,0,100,1,499,0,0,0,0,0,0,1,0,0,1
14690,0,0,0,100,1,499,0,0,0,0,0,0,1,0,0,1
14700,3,17357,0,100,1,228,0,0,0,0,0,0,0,0,1,0
14700,1,16465,0,100,1,326,0,0,0,0,0,0,1,0,1,0
14700,2,31000,0,100,1,228,0,0,0,0,0,0,1,0,1,0
14700,1,15000,0,100,1,326,0,1,0,0,0,0,1,0,1,0
14700,0,6,0,100,1,292,0,0,1,0,0,0,1,1,0,0
14750,1,22120,1,110,1,202,0,0,0,1,0,0,1,1,0,0
14750,1,22120,1,110,1,202,0,0,0,1,0,0,1,1,0,0
14780,2,21719,0,100,1,824,0,0,0,0,0,0,1,0,0,1
14790,1,38018,0,100,1,478,0,0,0,0,0,0,1,0,0,1
14800,2,31510,0,75,1,819,0,0,0,0,0,0,1,0,0,1
14800,3,38310,0,100,1,638,1,0,0,0,0,0,0,0,0,1
14800,2,6,0,75,1,638,0,0,1,0,0,0,0,0,0,1
14800,2,6,0,75,1,638,0,0,0,0,0,0,0,0,0,1
14800,5,85283,0,100,1,141,1,0,0,0,1,0,0,1,0,0
14800,2,35000,0,100,1,750,0,0,0,0,0,0,1,0,0,1
14800,1,39850,0,100,1,843,0,0,0,0,0,0,1,0,0,1
14800,2,41000,0,100,1,132,0,0,0,0,1,0,0,0,0,0
14800,2,41000,0,100,1,164,0,0,0,0,1,0,0,0,1,0
14890,4,48562,0,102,1,486,1,0,0,0,0,0,1,0,0,1
14890,2,12523,0,100,1,259,0,0,0,0,1,0,0,1,0,0
14899,1,22900,0,100,1,187,0,0,0,0,0,0,1,1,0,0
14899,1,12736,0,100,1,514,0,0,0,0,0,0,1,0,0,1
14899,1,11800,0,100,1,514,0,0,0,0,0,0,1,0,0,1
14899,1,20000,0,100,1,514,0,0,0,0,0,0,1,0,0,1
14900,2,15000,0,100,1,490,0,0,0,0,0,0,1,0,0,1
14900,2,12000,0,100,1,490,0,0,0,0,0,0,1,0,0,1
14900,3,64800,0,100,1,842,1,0,0,0,0,0,0,0,0,1
14900,4,50539,0,100,1,611,1,0,0,0,0,0,0,0,0,1
14900,1,22017,0,100,1,180,0,0,0,0,0,0,1,1,0,0
14900,4,64700,0,100,1,410,1,0,0,0,0,0,1,0,1,0
14900,4,64000,0,100,1,872,1,0,0,0,0,0,1,0,0,1
14900,5,69798,0,100,1,798,1,0,0,0,0,0,0,0,0,1
14900,2,35000,0,100,1,883,0,0,0,0,0,0,1,0,0,1
14900,1,9357,0,100,1,463,0,0,0,0,0,0,1,0,0,1
14900,1,6,0,100,1,65,0,0,1,0,0,0,1,0,0,0
14900,1,31000,0,100,1,326,0,0,0,0,0,0,1,0,1,0
14900,6,104971,0,100,1,750,1,0,0,0,1,0,0,0,0,1
14900,1,17434,0,100,1,495,0,0,0,0,0,0,1,0,0,1
14900,1,15000,0,100,1,124,0,0,0,0,0,0,1,0,0,0
14900,1,18000,0,100,1,326,0,0,0,0,0,0,1,0,1,0
14900,2,49171,0,75,1,121,0,0,0,0,0,0,0,1,0,0
14900,2,50901,0,75,1,121,0,0,0,0,0,0,0,1,0,0
14900,1,21900,0,100,1,127,0,0,0,0,0,0,1,0,0,0
14900,5,65649,1,100,1,178,0,0,0,0,1,0,0,1,0,0
14900,3,52026,0,100,1,326,0,0,0,0,0,0,0,0,1,0
14900,1,14106,0,100,1,222,0,0,0,0,0,0,1,1,0,0
14900,5,59479,1,136,1,848,0,0,1,0,0,0,1,0,0,1
14900,1,21377,0,100,1,872,0,0,0,0,0,0,1,0,0,1
14900,3,13459,0,100,1,292,0,0,0,0,0,0,1,1,0,0
14900,4,30800,0,75,1,292,0,0,0,0,0,0,0,1,0,0
14900,1,8800,0,100,1,245,0,0,0,0,0,0,1,1,0,0
14900,5,76800,1,136,1,127,0,0,1,0,0,0,1,0,0,0
14900,5,75000,0,100,1,883,1,0,0,0,1,0,0,0,0,1
14900,3,39700,0,100,1,619,0,0,0,0,0,0,0,0,0,1
14900,4,41000,1,130,1,196,0,0,0,0,1,0,0,1,0,0
14900,1,7183,0,100,1,259,0,0,0,0,0,0,1,1,0,0
14900,2,32000,0,100,1,855,0,0,0,0,1,0,0,0,0,1
14900,1,11000,0,100,1,86,0,0,0,0,0,0,1,0,0,0
14900,3,42000,0,75,1,894,0,0,0,0,0,0,0,0,0,1
14900,1,8784,0,100,1,259,0,0,0,0,0,0,1,1,0,0
14900,1,15000,0,100,1,338,0,0,0,0,0,0,1,0,0,1
14900,2,28659,0,75,1,628,0,0,0,0,0,0,0,0,0,1
14900,1,18730,0,100,1,468,0,0,0,0,0,0,1,0,0,1
14900,2,32100,0,100,1,883,0,0,0,0,0,0,1,0,0,1
14900,2,26000,0,100,1,490,0,0,0,0,0,0,0,0,0,1
14900,3,23167,0,100,1,853,1,0,0,0,0,0,0,0,0,1
14900,3,41500,0,100,1,356,1,0,0,0,0,0,0,0,0,1
14900,2,35300,0,100,1,883,0,0,0,0,0,0,1,0,0,1
14950,5,53000,1,100,1,296,0,0,0,0,0,0,1,0,1,0
14950,3,55696,0,100,1,146,1,0,0,0,0,0,0,0,1,0
14950,4,15700,0,100,1,287,0,0,0,0,0,0,1,1,0,0
14950,1,11000,0,100,1,512,0,0,0,0,0,0,1,0,0,1
14950,1,28359,1,110,1,276,0,0,0,1,0,0,1,1,0,0
14951,1,32511,0,100,1,187,0,0,0,0,0,0,1,1,0,0
14951,1,32511,0,100,1,177,0,0,0,0,0,0,1,1,0,0
14951,1,32511,0,100,1,165,0,0,0,0,0,0,1,1,0,0
14951,1,32511,0,100,1,115,0,0,0,0,0,0,1,0,0,0
14951,1,32511,0,100,1,11,0,0,0,0,0,0,1,0,0,0
14951,1,32511,0,100,1,326,0,0,0,0,0,0,1,0,1,0
14990,3,53100,1,100,1,518,0,0,0,0,0,0,1,0,0,1
14990,3,69000,0,100,1,842,1,0,0,0,0,0,0,0,0,1
14990,1,18022,0,100,1,275,0,0,0,0,0,0,1,1,0,0
14990,2,53000,0,75,1,757,0,0,0,0,0,0,0,0,0,1
14990,3,67097,1,100,1,286,0,0,0,0,0,0,1,1,0,0
14990,5,86000,0,100,1,872,1,0,0,0,0,0,1,0,0,1
14990,3,17571,0,100,1,383,0,0,0,0,0,0,0,0,1,0
14990,1,14818,0,100,1,355,0,0,0,0,0,0,1,0,0,1
14990,1,12081,0,100,1,355,0,0,0,0,0,0,1,0,0,1
14990,1,21274,0,100,1,560,0,0,0,0,0,0,1,0,0,1
14990,2,47590,0,75,1,141,0,0,1,0,0,0,0,0,0,0
14990,4,77417,0,100,1,25,1,0,0,0,1,0,0,0,0,0
14990,3,35000,0,100,1,477,1,0,0,0,0,0,1,0,0,1
14990,2,40000,0,100,1,480,0,0,0,0,0,0,1,0,0,1
14990,1,10333,0,100,1,495,0,0,0,0,0,0,1,0,0,1
14990,1,18000,0,100,1,750,0,0,0,0,0,0,1,0,0,1
14990,1,13000,0,100,1,383,0,0,0,0,0,0,1,0,1,0
14990,1,25094,0,100,1,775,0,0,0,0,0,0,1,0,0,1
14990,4,26000,1,100,1,344,0,0,0,0,1,0,0,0,1,0
14990,3,70000,0,100,1,495,1,0,0,0,0,0,1,0,0,1
14990,4,58000,1,100,1,65,0,0,0,0,1,0,0,0,0,0
14995,2,8400,0,75,1,276,0,0,0,0,0,0,0,1,0,0
14999,3,27000,0,100,1,411,1,0,0,0,1,0,0,0,0,1
14999,1,23400,0,100,1,189,0,0,0,0,0,0,1,1,0,0
14999,3,29000,0,100,1,554,0,0,0,0,0,0,1,0,0,1
14999,4,66000,0,100,1,499,1,0,0,0,0,0,1,0,0,1
14999,5,55000,1,100,1,499,0,0,0,0,1,0,0,0,0,1
14999,5,58388,0,100,1,839,0,0,0,0,0,0,1,0,0,1
14999,3,18000,1,100,1,628,0,0,0,0,0,0,1,0,0,1
14999,3,25900,1,100,1,861,0,0,0,0,1,0,0,0,0,1
15000,5,23000,1,100,1,833,0,0,0,0,0,0,1,0,0,1
15000,1,10138,0,100,1,200,0,0,0,0,0,0,1,1,0,0
15000,5,54000,1,100,1,819,0,0,0,0,0,0,0,0,0,1
15000,5,64000,0,100,1,276,1,0,0,0,1,0,0,1,0,0
15000,3,68200,1,100,1,105,0,0,0,0,1,0,0,0,1,0
15000,4,25000,1,136,1,292,0,0,1,0,0,0,1,1,0,0
15000,3,92000,1,100,1,768,0,0,0,0,1,0,0,0,0,1
15100,3,51441,0,100,1,326,0,0,0,0,1,0,0,0,1,0
15100,3,51441,0,100,1,22,0,0,0,0,1,0,0,0,0,0
15100,3,51441,0,100,1,86,0,0,0,0,1,0,0,0,0,0
15100,3,51441,0,100,1,488,0,0,0,0,1,0,0,0,0,1
15100,3,51441,0,100,1,99,0,0,0,0,1,0,0,0,1,0
15100,0,6,0,100,1,505,0,0,1,0,0,0,0,0,0,1
15200,1,19350,0,100,1,533,0,0,0,0,0,0,1,0,0,1
15200,4,42220,0,100,1,105,1,0,0,0,1,0,0,0,1,0
15200,3,93000,0,100,1,568,1,0,0,0,0,0,1,0,0,1
15200,2,14000,0,100,1,629,0,0,0,0,0,0,1,0,0,1
15200,3,24600,0,100,1,68,0,0,0,0,1,0,0,0,0,0
15251,1,34226,0,100,1,326,0,0,0,0,0,0,1,0,1,0
15251,1,34226,0,100,1,11,0,0,0,0,0,0,1,0,0,0
15251,1,34226,0,100,1,177,0,0,0,0,0,0,1,1,0,0
15251,1,34226,0,100,1,165,0,0,0,0,0,0,1,1,0,0
15251,1,34226,0,100,1,187,0,0,0,0,0,0,1,1,0,0
15251,1,34226,0,100,1,115,0,0,0,0,0,0,1,0,0,0
15300,5,70700,1,100,1,200,0,0,0,0,1,0,0,0,1,0
15300,5,56784,0,100,1,40,1,0,0,0,1,0,0,0,0,0
15300,3,62116,0,100,1,210,1,0,0,0,0,0,1,0,1,0
15300,1,19400,0,100,1,104,0,0,0,0,0,0,1,0,1,0
15300,2,27000,0,100,1,127,0,0,0,0,0,0,1,0,0,0
15400,2,17500,0,100,1,119,0,0,0,0,0,0,1,0,0,0
15400,2,21060,0,75,1,265,0,0,0,0,0,0,0,1,0,0
15400,0,6,0,100,1,154,0,0,1,0,0,0,1,0,0,0
15400,0,6,0,100,1,292,0,0,1,0,0,0,1,1,0,0
15400,4,74500,1,130,1,611,0,0,0,0,1,0,0,0,0,1
15400,1,6,0,100,1,65,0,0,1,0,0,0,0,0,0,0
15400,0,6,0,100,1,292,0,0,1,0,0,0,1,1,0,0
15400,1,47702,0,100,1,86,0,0,0,0,0,0,1,0,0,0
15400,1,47702,0,100,1,177,0,0,0,0,0,0,1,1,0,0
15400,1,47702,0,100,1,326,0,0,0,0,0,0,1,0,1,0
15400,4,74500,1,130,1,750,0,0,0,0,1,0,0,0,0,1
15400,1,47702,0,100,1,87,0,0,0,0,0,0,1,1,0,0
15400,3,72148,0,100,1,200,1,0,0,0,0,0,1,0,1,0
15400,2,42333,0,100,1,478,0,0,0,0,1,0,0,0,0,1
15400,2,40402,0,100,1,478,0,0,0,0,1,0,0,0,0,1
15454,1,29254,0,100,1,326,0,0,0,0,0,0,1,0,1,0
15454,1,29254,0,100,1,11,0,0,0,0,0,0,1,0,0,0
15454,1,29254,0,100,1,177,0,0,0,0,0,0,1,1,0,0
15454,1,29254,0,100,1,165,0,0,0,0,0,0,1,1,0,0
15454,1,29254,0,100,1,187,0,0,0,0,0,0,1,1,0,0
15454,1,29254,0,100,1,115,0,0,0,0,0,0,1,0,0,0
15490,1,23299,0,101,1,326,0,0,0,0,0,0,1,0,1,0
15490,3,23031,1,100,1,301,0,0,0,0,1,0,0,1,0,0
15490,4,28000,0,100,1,872,0,0,0,0,1,0,0,0,0,1
15490,4,23000,0,100,1,842,0,0,0,0,1,0,0,0,0,1
15490,4,23000,0,100,1,872,0,0,0,0,1,0,0,0,0,1
15490,1,10000,0,100,1,495,0,0,0,0,0,0,1,0,0,1
15490,4,64000,0,100,1,618,1,0,0,0,0,0,1,0,0,1
15491,0,0,0,100,1,123,0,0,0,0,0,0,1,0,0,0
15499,4,61000,1,100,1,507,0,0,0,0,1,0,0,0,0,1
15499,4,27000,0,75,1,499,0,0,0,0,0,0,1,0,0,1
15499,4,14000,0,100,1,499,0,0,0,0,0,0,1,0,0,1
15499,2,30000,0,100,1,733,0,0,0,0,1,0,0,0,0,1
15500,1,30000,0,100,1,500,0,0,0,0,0,0,1,0,0,1
15500,3,18268,0,75,1,305,0,0,0,0,0,0,0,1,0,0
15500,4,53062,0,102,1,882,1,0,0,0,0,0,0,0,0,1
15500,2,19441,0,100,1,333,0,0,0,0,0,0,1,0,1,0
15500,2,28000,0,100,1,345,0,0,0,0,0,0,0,0,0,1
15500,3,90000,0,100,1,228,1,0,0,0,0,0,1,0,1,0
15500,1,21150,0,100,1,775,0,0,0,0,0,0,1,0,0,1
15500,2,24200,0,100,1,236,0,0,0,0,0,0,1,1,0,0
15500,5,89675,1,100,1,249,0,0,0,0,1,0,0,1,0,0
15500,5,88552,0,100,1,785,0,0,0,0,0,0,1,0,0,1
15500,1,26002,0,100,1,290,0,0,0,0,0,0,1,0,1,0
15500,2,19500,0,100,1,326,0,0,0,0,0,0,1,0,1,0
15500,1,26002,0,100,1,211,0,0,0,0,0,0,1,0,1,0
15500,1,32416,1,110,1,708,0,0,0,1,0,0,1,0,0,1
15500,3,41500,0,100,1,276,0,0,0,0,1,0,0,1,0,0
15500,3,42150,0,75,1,101,0,0,0,0,0,0,0,0,1,0
15500,3,42150,0,75,1,98,0,0,0,0,0,0,0,0,1,0
15600,1,30038,0,136,1,202,0,0,0,1,1,0,0,1,0,0
15600,1,36115,1,136,1,202,0,0,0,1,1,0,0,1,0,0
15600,1,36115,1,136,1,202,0,0,0,1,1,0,0,1,0,0
15600,1,30038,0,136,1,202,0,0,0,1,1,0,0,1,0,0
15600,1,17800,0,100,1,133,0,0,0,0,0,0,1,0,0,0
15690,1,27485,0,100,1,196,0,0,0,0,0,0,1,1,0,0
15690,1,17887,0,100,1,196,0,0,0,0,0,0,1,1,0,0
15690,1,27833,0,100,1,196,0,0,0,0,0,0,1,1,0,0
15700,1,18000,0,100,1,315,0,0,0,0,0,0,1,0,0,1
15759,1,11078,0,100,1,187,0,0,0,0,0,0,1,1,0,0
15759,1,11078,0,100,1,115,0,0,0,0,0,0,1,0,0,0
15759,1,11078,0,100,1,11,0,0,0,0,0,0,1,0,0,0
15759,1,11078,0,100,1,326,0,0,0,0,0,0,1,0,1,0
15759,1,11078,0,100,1,177,0,0,0,0,0,0,1,1,0,0
15759,1,11078,0,100,1,165,0,0,0,0,0,0,1,1,0,0
15760,0,6,0,100,1,196,0,0,1,0,0,0,0,1,0,0
15760,0,6,0,100,1,196,0,0,1,0,0,0,0,1,0,0
15760,0,6,0,100,1,196,0,0,1,0,0,0,0,1,0,0
15790,3,40238,1,100,1,420,0,0,0,0,1,0,0,0,1,0
15790,1,6843,0,100,1,224,0,0,0,0,0,0,1,1,0,0
15800,2,9958,0,100,1,490,0,0,0,0,1,0,0,0,0,1
15800,1,33900,0,100,1,187,0,0,0,0,0,0,1,1,0,0
15800,2,9958,0,100,1,476,0,0,0,0,1,0,0,0,0,1
15800,3,19300,0,100,1,287,0,0,0,0,0,0,1,1,0,0
15800,1,24000,0,100,1,31,0,0,0,0,0,0,1,0,0,0
15800,1,16156,0,100,1,87,0,0,0,0,0,0,1,0,1,0
15800,1,12073,0,100,1,187,0,0,0,0,0,0,1,1,0,0
15800,1,23637,0,100,1,204,0,0,0,0,0,0,1,1,0,0
15800,1,17117,0,100,1,335,0,0,0,0,0,0,1,0,0,1
15800,2,27084,0,100,1,478,0,0,0,0,1,0,0,0,0,1
15850,4,38152,1,100,1,824,0,0,0,0,1,0,0,0,0,1
15890,1,17606,0,100,1,276,0,0,0,0,0,0,1,1,0,0
15900,4,49389,0,100,1,798,1,0,0,0,0,0,0,0,0,1
15900,5,52000,1,100,1,750,0,0,0,0,0,0,1,0,0,1
15900,1,6950,0,75,1,276,0,0,0,0,0,0,1,1,0,0
15900,2,22500,0,75,1,276,0,0,0,0,0,0,0,1,0,0
15900,1,6,0,75,1,928,0,0,1,0,0,0,1,0,0,1
15900,1,18000,0,100,1,507,0,0,0,0,0,0,1,0,0,1
15900,2,21274,0,100,1,128,0,0,0,0,0,0,1,0,1,0
15900,5,71000,1,136,1,171,0,0,1,0,0,0,1,1,0,0
15900,3,70261,0,100,1,479,1,0,0,0,1,0,0,0,0,1
15900,5,20101,0,75,1,42,0,0,0,0,0,0,0,0,0,0
15900,1,22549,0,100,1,611,0,0,0,0,0,0,1,0,0,1
15900,1,0,0,100,1,65,0,0,0,0,0,0,1,0,0,0
15900,3,58000,0,100,1,857,1,0,0,0,0,0,1,0,0,1
15900,1,20000,0,100,1,484,0,0,0,0,0,0,1,0,0,1
15900,1,17638,0,100,1,747,0,0,0,0,0,0,1,0,0,1
15900,4,49200,0,100,1,552,1,0,0,0,0,0,1,0,0,1
15900,2,14900,0,75,1,333,0,0,0,0,0,0,1,0,1,0
15900,3,37176,1,100,1,326,0,0,0,0,1,0,0,0,1,0
15900,1,25012,0,100,1,747,0,0,0,0,0,0,1,0,0,1
15900,4,24500,1,100,1,605,0,0,0,0,1,0,0,0,0,1
15900,1,12050,0,100,1,533,0,0,0,0,0,0,1,0,0,1
15900,1,13000,0,100,1,140,0,0,0,0,0,0,1,0,0,0
15900,4,69000,0,100,1,819,1,0,0,0,0,0,1,0,0,1
15900,0,6,1,100,1,234,0,0,1,0,0,0,1,0,1,0
15900,4,68000,0,100,1,392,0,0,0,0,1,0,0,0,1,0
15900,1,12908,0,100,1,628,0,0,0,0,0,0,1,0,0,1
15900,0,10,0,100,1,271,0,0,0,0,0,0,1,1,0,0
15900,0,10,0,100,1,271,0,0,0,0,0,0,1,1,0,0
15900,1,24000,0,100,1,350,0,0,0,0,0,0,1,0,1,0
15900,1,19000,0,100,1,350,0,0,0,0,0,0,1,0,1,0
15900,0,10,0,100,1,271,0,0,0,0,0,0,1,1,0,0
15900,1,21414,1,145,1,350,0,0,0,1,1,0,0,0,1,0
15924,5,27868,0,136,1,11,0,0,1,0,0,0,1,0,0,0
15924,5,27868,0,136,1,177,0,0,1,0,0,0,1,1,0,0
15924,5,27868,0,136,1,165,0,0,1,0,0,0,1,1,0,0
15924,5,27868,0,136,1,326,0,0,1,0,0,0,1,0,1,0
15924,5,27868,0,136,1,187,0,0,1,0,0,0,1,1,0,0
15924,5,27868,0,136,1,115,0,0,1,0,0,0,1,0,0,0
15950,3,67000,0,100,1,611,1,0,0,0,1,0,0,0,0,1
15950,1,14500,0,100,1,130,0,0,0,0,0,0,1,1,0,0
15950,2,12207,0,100,1,276,0,0,0,0,1,0,0,1,0,0
15980,1,29980,1,145,1,326,0,0,0,1,1,0,0,0,1,0
15990,2,29330,0,75,1,177,0,0,0,0,0,0,0,1,0,0
15990,1,11000,0,100,1,750,0,0,0,0,0,0,1,0,0,1
15990,1,13688,0,100,1,420,0,0,0,0,0,0,1,0,1,0
15990,1,7676,0,100,1,420,0,0,0,0,0,0,1,0,1,0
15990,1,11700,0,100,1,463,0,0,0,0,0,0,1,0,0,1
15990,3,26898,0,100,1,177,0,0,0,0,0,0,1,1,0,0
15990,3,51000,0,75,1,757,0,0,0,0,0,0,0,0,0,1
15990,3,31384,1,136,1,322,0,0,1,0,0,0,1,0,1,0
15990,2,18082,0,100,1,356,0,0,0,0,0,0,1,0,1,0
15990,1,23000,0,100,1,872,0,0,0,0,0,0,1,0,0,1
15990,1,25000,0,100,1,716,0,0,0,0,0,0,1,0,0,1
15990,1,27351,1,110,1,708,0,0,0,1,0,0,1,0,0,1
15990,1,23253,1,110,1,708,0,0,0,1,0,0,1,0,0,1
15990,1,24265,1,110,1,708,0,0,0,1,0,0,1,0,0,1
15990,1,17795,0,100,1,186,0,0,0,0,0,0,1,1,0,0
15999,2,16900,0,100,1,276,0,0,0,0,1,0,0,1,0,0
15999,5,94000,0,100,1,808,1,0,0,0,1,0,0,0,0,1
16000,4,40743,1,136,1,305,0,0,1,0,0,0,1,1,0,0
16099,2,9652,0,100,1,86,0,0,0,0,1,0,0,0,0,0
16099,2,9652,0,100,1,283,0,0,0,0,1,0,0,1,0,0
16099,2,9652,0,100,1,628,0,0,0,0,1,0,0,0,0,1
16099,2,9652,0,100,1,326,0,0,0,0,1,0,0,0,1,0
16099,2,9652,0,100,1,861,0,0,0,0,1,0,0,0,0,1
16099,2,9652,0,100,1,127,0,0,0,0,1,0,0,0,0,0
16099,2,9652,0,100,1,731,0,0,0,0,1,0,0,0,0,1
16099,2,9652,0,100,1,99,0,0,0,0,1,0,0,0,1,0
16099,2,9652,0,100,1,750,0,0,0,0,1,0,0,0,0,1
16099,1,22374,0,100,1,731,0,0,0,0,0,0,1,0,0,1
16099,1,22374,0,100,1,283,0,0,0,0,0,0,1,1,0,0
16099,1,22374,0,100,1,611,0,0,0,0,0,0,1,0,0,1
16099,1,22374,0,100,1,326,0,0,0,0,0,0,1,0,1,0
16099,1,22374,0,100,1,628,0,0,0,0,0,0,1,0,0,1
16099,1,22374,0,100,1,127,0,0,0,0,0,0,1,0,0,0
16099,1,22374,0,100,1,861,0,0,0,0,0,0,1,0,0,1
16099,1,22374,0,100,1,485,0,0,0,0,0,0,1,0,0,1
16099,1,22374,0,100,1,750,0,0,0,0,0,0,1,0,0,1
16099,1,22374,0,100,1,25,0,0,0,0,0,0,1,0,0,0
16099,1,22374,0,100,1,490,0,0,0,0,0,0,1,0,0,1
16099,1,22374,0,100,1,177,0,0,0,0,0,0,1,1,0,0
16100,1,28155,1,136,1,202,0,0,0,1,1,0,0,1,0,0
16100,1,28155,1,136,1,202,0,0,0,1,1,0,0,1,0,0
16100,1,26409,0,136,1,202,0,0,0,1,1,0,0,1,0,0
16100,1,26409,0,136,1,202,0,0,0,1,1,0,0,1,0,0
16200,1,27400,0,100,1,217,0,0,0,0,0,0,1,0,0,0
16200,1,24500,0,100,1,217,0,0,0,0,0,0,1,0,0,0
16250,2,18850,0,100,1,843,0,0,0,0,0,0,1,0,0,1
16250,2,18850,0,100,1,843,0,0,0,0,0,0,1,0,0,1
16300,1,20269,0,100,1,764,0,0,0,0,0,0,1,0,0,1
16300,2,163,0,100,1,763,0,0,0,0,0,0,1,0,0,1
16390,1,16620,1,110,1,708,0,0,0,1,0,0,1,0,0,1
16399,2,28499,0,100,1,731,0,0,0,0,1,0,0,0,0,1
16399,2,28499,0,100,1,628,0,0,0,0,1,0,0,0,0,1
16399,2,28499,0,100,1,86,0,0,0,0,1,0,0,0,0,0
16399,2,28499,0,100,1,490,0,0,0,0,1,0,0,0,0,1
16399,2,28499,0,100,1,861,0,0,0,0,1,0,0,0,0,1
16399,2,28499,0,100,1,99,0,0,0,0,1,0,0,0,1,0
16399,2,28499,0,100,1,283,0,0,0,0,1,0,0,1,0,0
16399,2,28499,0,100,1,750,0,0,0,0,1,0,0,0,0,1
16399,2,28499,0,100,1,127,0,0,0,0,1,0,0,0,0,0
16399,2,28499,0,100,1,485,0,0,0,0,1,0,0,0,0,1
16399,2,28499,0,100,1,326,0,0,0,0,1,0,0,0,1,0
16400,2,18168,0,100,1,611,0,0,0,0,0,0,1,0,0,1
16400,1,6,0,100,1,119,0,0,1,0,0,0,1,0,0,0
16400,1,17580,0,100,1,84,0,0,0,0,0,0,1,0,1,0
16400,1,6,0,100,1,119,0,0,1,0,0,0,1,0,0,0
16400,1,6,0,100,1,119,0,0,1,0,0,0,0,0,0,0
16400,1,6,0,100,1,119,0,0,1,0,0,0,1,0,0,0
16400,1,15500,0,100,1,217,0,0,0,0,0,0,1,0,0,0
16400,1,14451,0,100,1,177,0,0,0,0,0,0,1,1,0,0
16400,1,14451,0,100,1,326,0,0,0,0,0,0,1,0,1,0
16400,1,14451,0,100,1,86,0,0,0,0,0,0,1,0,0,0
16400,1,14400,0,100,1,217,0,0,0,0,0,0,1,0,0,0
16400,1,14451,0,100,1,87,0,0,0,0,0,0,1,1,0,0
16450,1,17007,0,100,1,146,0,0,0,0,0,0,1,0,1,0
16450,1,17007,0,100,1,92,0,0,0,0,0,0,1,0,1,0
16490,1,14800,0,100,1,495,0,0,0,0,0,0,1,0,0,1
16490,1,11093,0,100,1,162,0,0,0,0,0,0,1,1,0,0
16490,3,56000,0,100,1,65,1,0,0,0,1,0,0,0,0,0
16490,1,19000,1,100,1,499,0,0,0,1,0,0,1,0,0,1
16499,0,5000,0,100,1,612,0,0,0,0,0,0,1,0,0,1
16500,1,6,1,100,1,495,0,0,0,1,0,0,1,0,0,1
16500,3,13982,0,100,1,83,0,0,0,0,1,0,0,0,1,0
16500,1,30000,1,110,1,342,0,0,0,1,0,0,1,0,1,0
16500,2,16869,0,100,1,611,0,0,0,0,0,0,1,0,0,1
16500,1,15000,0,100,1,239,0,0,0,0,0,0,1,0,1,0
16500,1,6764,0,100,1,498,0,0,0,0,0,0,0,0,0,1
16500,1,19158,0,100,1,798,0,0,0,0,0,0,1,0,0,1
16500,1,25676,0,100,1,387,0,0,0,0,0,0,1,0,1,0
16500,0,6,0,100,1,651,0,0,1,0,0,0,1,0,0,1
16500,1,27630,1,110,1,708,0,0,0,1,0,0,1,0,0,1
16500,4,51000,0,100,1,775,1,0,0,0,1,0,0,0,0,1
16500,1,25314,1,110,1,708,0,0,0,1,0,0,1,0,0,1
16500,2,35200,0,100,1,757,0,0,0,0,0,0,1,0,0,1
16500,1,21000,1,110,1,193,0,0,0,1,0,0,1,1,0,0
16550,2,15469,0,100,1,611,0,0,0,0,0,0,1,0,0,1
16550,0,6,0,100,1,651,0,0,1,0,0,0,1,0,0,1
16600,2,12957,0,100,1,611,0,0,0,0,0,0,1,0,0,1
16600,1,22876,1,136,1,202,0,0,0,1,1,0,0,1,0,0
16600,0,6,0,100,1,222,0,0,1,0,0,0,1,1,0,0
16700,2,23000,0,100,1,490,0,0,0,0,1,0,0,0,0,1
16700,1,18000,0,100,1,86,0,0,0,0,0,0,1,0,0,0
16700,1,16779,1,136,1,478,0,0,0,1,1,0,0,0,0,1
16750,1,28826,1,145,1,202,0,0,0,1,1,0,0,1,0,0
16750,1,28826,1,145,1,202,0,0,0,1,1,0,0,1,0,0
16790,2,36000,0,100,1,683,0,0,0,0,0,0,1,0,0,1
16790,0,1,1,110,1,519,0,0,0,1,0,0,0,0,0,1
16790,0,0,1,110,1,519,0,0,0,1,0,0,0,0,0,1
16790,6,55000,0,100,1,519,1,0,0,0,1,0,0,0,0,1
16800,3,6,0,75,1,488,0,0,1,0,0,0,0,0,0,1
16800,1,6,0,100,1,283,0,0,1,0,0,0,1,1,0,0
16800,3,38000,1,100,1,149,0,0,0,0,1,0,0,0,1,0
16800,1,16610,0,100,1,286,0,0,0,0,0,0,1,1,0,0
16800,2,14500,0,100,1,122,0,0,0,0,1,0,0,0,1,0
16890,5,46334,1,136,1,286,0,0,1,0,0,0,1,1,0,0
16897,3,1150,0,100,1,147,0,0,0,0,1,0,0,0,0,0
16900,1,1,0,100,1,611,0,0,0,0,0,0,1,0,0,1
16900,0,6,0,100,1,750,0,0,1,0,0,0,1,0,0,1
16900,1,18338,0,100,1,146,0,0,0,0,0,0,1,0,1,0
16900,1,0,0,100,1,223,0,0,0,0,0,0,1,0,1,0
16900,4,55777,0,100,1,852,1,0,0,0,1,0,0,0,0,1
16900,1,7506,0,100,1,315,0,0,0,0,0,0,1,0,0,1
16900,0,6,0,100,1,479,0,0,1,0,0,0,1,0,0,1
16900,3,29652,0,100,1,659,1,0,0,0,0,0,1,0,0,1
16900,1,0,0,100,1,65,0,0,0,0,0,0,1,0,0,0
16900,1,10100,0,100,1,744,0,0,0,0,0,0,1,0,0,1
16900,3,84000,0,100,1,683,1,0,0,0,0,0,0,0,0,1
16900,2,30100,0,100,1,210,0,0,0,0,0,0,1,1,0,0
16900,3,41875,1,100,1,121,0,0,0,0,1,0,0,1,0,0
16900,1,6,0,100,1,127,0,0,1,0,0,0,1,0,0,0
16900,1,14435,0,100,1,619,0,0,0,0,0,0,1,0,0,1
16900,0,6,0,75,1,100,0,0,1,0,0,0,1,1,0,0
16900,0,30,0,100,1,84,0,0,0,0,0,0,0,0,1,0
16900,0,6,0,100,1,187,0,0,1,0,0,0,1,1,0,0
16900,0,6,0,100,1,187,0,0,1,0,0,0,1,1,0,0
16900,0,0,0,100,1,223,0,0,0,0,0,0,1,0,1,0
16900,2,41000,1,110,1,186,0,0,0,1,0,0,1,0,1,0
16900,2,6,0,100,1,819,0,0,1,0,0,0,1,0,0,1
16900,0,6,1,100,1,651,0,0,0,1,0,0,1,0,0,1
16900,1,20000,0,100,1,623,0,0,0,0,0,0,1,0,0,1
16900,1,30883,1,110,1,468,0,0,0,1,0,0,1,0,0,1
16950,2,23400,0,100,1,104,0,0,0,0,0,0,1,0,1,0
16950,1,14936,0,100,1,192,0,0,0,0,0,0,1,1,0,0
16950,0,6,0,100,1,667,0,0,1,0,0,0,1,0,0,1
16950,0,6,0,100,1,667,0,0,1,0,0,0,1,0,0,1
16980,2,12000,0,100,1,83,0,0,0,0,1,0,0,0,1,0
16986,2,2119,0,100,1,198,0,0,0,0,1,0,0,1,0,0
16990,2,28000,0,100,1,490,0,0,0,0,1,0,0,0,0,1
16990,1,6,0,100,1,745,0,0,1,0,0,0,1,0,0,1
16990,0,0,1,110,1,499,0,0,0,1,0,0,1,0,0,1
16990,0,0,1,110,1,499,0,0,0,1,0,0,1,0,0,1
16990,2,23052,0,100,1,286,0,0,0,0,0,0,1,1,0,0
16990,2,15540,0,100,1,286,0,0,0,0,0,0,1,1,0,0
16990,2,14864,0,100,1,286,0,0,0,0,0,0,1,1,0,0
16990,2,18592,0,100,1,286,0,0,0,0,0,0,1,1,0,0
16990,2,19513,0,100,1,286,0,0,0,0,0,0,1,1,0,0
16990,2,18157,0,100,1,286,0,0,0,0,0,0,1,1,0,0
16990,2,23860,0,100,1,286,0,0,0,0,0,0,1,1,0,0
16990,2,21354,0,100,1,286,0,0,0,0,0,0,1,1,0,0
16990,3,29990,0,100,1,355,1,0,0,0,0,0,0,0,0,1
16990,2,17700,0,100,1,490,0,0,0,0,1,0,0,0,0,1
16990,1,17747,0,100,1,515,0,0,0,0,0,0,1,0,0,1
16990,1,10725,0,100,1,418,0,0,0,0,0,0,1,0,0,1
16999,3,4000,1,100,1,614,0,0,0,0,0,0,1,0,0,1
17000,1,2615,0,100,1,514,0,0,0,0,0,0,1,0,0,1
17000,1,6,0,100,1,47,0,0,0,0,0,0,1,0,0,0
17186,1,16506,1,145,1,198,0,0,0,1,1,0,0,1,0,0
17200,0,6,0,100,1,228,0,0,0,0,0,0,1,0,1,0
17200,0,1,0,100,1,228,0,0,0,0,0,0,1,0,1,0
17200,0,6,0,100,1,228,0,0,0,0,0,0,1,0,1,0
17200,2,22140,1,136,1,225,0,0,1,0,0,0,0,1,0,0
17250,0,6,0,100,1,651,0,0,1,0,0,0,1,0,0,1
17300,0,6,0,100,1,319,0,0,1,0,0,0,1,0,1,0
17300,0,6,1,110,1,275,0,0,0,1,0,0,1,1,0,0
17300,0,6,0,100,1,187,0,0,1,0,0,0,0,1,0,0
17350,0,10,0,100,1,182,0,0,0,0,0,0,1,0,0,0
17350,0,10,0,100,1,182,0,0,0,0,0,0,1,0,0,0
17350,0,10,0,100,1,182,0,0,0,0,0,0,1,0,0,0
17350,0,10,0,100,1,182,0,0,0,0,0,0,1,0,0,0
17390,1,13000,1,110,1,750,0,0,0,1,0,0,1,0,0,1
17400,1,6,0,100,1,745,0,0,1,0,0,0,1,0,0,1
17400,0,6,0,100,1,651,0,0,1,0,0,0,1,0,0,1
17400,0,0,0,100,1,223,0,0,0,0,0,0,1,0,1,0
17400,0,0,0,100,1,223,0,0,0,0,0,0,0,0,1,0
17400,0,6,1,110,1,292,0,0,0,1,0,0,1,1,0,0
17400,0,6,0,100,1,200,0,0,1,0,0,0,1,0,1,0
17400,1,18820,1,110,1,747,0,0,0,0,0,0,1,0,0,1
17400,1,18768,1,145,1,193,0,0,0,1,1,0,0,1,0,0
17449,3,30000,1,100,1,326,0,0,0,0,1,0,0,0,1,0
17450,0,10,0,100,1,182,0,0,0,0,0,0,1,0,0,0
17450,0,10,0,100,1,182,0,0,0,0,0,0,1,0,0,0
17450,0,10,0,100,1,182,0,0,0,0,0,0,1,0,0,0
17450,0,10,0,100,1,182,0,0,0,0,0,0,1,0,0,0
17460,2,21000,0,100,1,91,0,0,0,0,0,0,1,0,1,0
17490,1,19957,1,136,1,180,0,0,0,1,1,0,0,1,0,0
17490,1,19957,1,136,1,40,0,0,0,1,1,0,0,0,0,0
17490,1,30000,1,110,1,875,0,0,0,1,0,0,1,0,0,1
17500,2,6,0,75,1,314,0,0,1,0,0,0,0,0,1,0
17500,3,15000,0,100,1,533,1,0,0,0,0,0,1,0,0,1
17500,1,8550,0,100,1,819,0,0,0,0,0,0,1,0,0,1
17500,0,6,0,100,1,747,0,0,1,0,0,0,0,0,0,1
17500,0,520,0,110,1,919,0,0,0,0,0,0,1,0,0,1
17500,2,26000,1,110,1,119,0,0,0,1,0,0,1,0,1,0
17500,1,12700,0,100,1,368,0,0,0,0,0,0,1,0,0,1
17500,0,6,1,110,1,611,0,0,0,1,0,0,1,0,0,1
17500,1,31926,0,100,1,500,0,0,0,0,0,0,1,0,0,1
17500,1,23335,0,100,1,500,0,0,0,0,0,0,1,0,0,1
17500,0,10,0,100,1,182,0,0,0,0,0,0,1,0,0,0
17500,0,10,0,100,1,182,0,0,0,0,0,0,1,0,0,0
17500,2,24750,0,100,1,495,0,0,0,0,1,0,0,0,0,1
17500,1,6,0,100,1,278,0,0,0,0,0,0,1,1,0,0
17500,1,25470,0,100,1,744,0,0,0,0,0,0,1,0,0,1
17500,1,1,1,110,1,463,0,0,0,1,0,0,1,0,0,1
17500,1,27390,0,100,1,744,0,0,0,0,0,0,1,0,0,1
17500,1,30705,0,100,1,500,0,0,0,0,0,0,1,0,0,1
17550,3,24680,1,136,1,56,0,0,1,0,0,0,0,1,0,0
17599,3,26288,1,100,1,628,0,0,0,0,1,0,0,0,0,1
17600,1,14000,1,110,1,492,0,0,0,1,0,0,1,0,0,1
17600,0,10,0,100,1,182,0,0,0,0,0,0,0,0,0,0
17670,0,6,1,110,1,196,0,0,0,1,0,0,0,1,0,0
17700,1,6,0,100,1,188,0,0,1,0,0,0,1,1,0,0
17700,1,6,0,100,1,119,0,0,1,0,0,0,1,0,0,0
17700,1,6,0,100,1,119,0,0,1,0,0,0,1,0,0,0
17700,2,13400,1,110,1,276,0,0,0,1,0,0,1,1,0,0
17750,0,6,1,110,1,521,0,0,0,1,0,0,0,0,0,1
17800,1,25745,1,136,1,25,0,0,0,1,1,0,0,0,0,0
17800,0,6,0,100,1,857,0,0,1,0,0,0,0,0,0,1
17800,0,6,0,100,1,222,0,0,1,0,0,0,0,1,0,0
17800,2,15231,1,136,1,326,0,0,0,1,1,0,0,0,1,0
17890,2,33000,0,100,1,683,0,0,0,0,1,0,0,0,0,1
17890,2,15174,0,100,1,196,0,0,0,0,1,0,0,1,0,0
17890,0,0,1,110,1,519,0,0,0,1,0,0,1,0,0,1
17890,0,1,1,110,1,519,0,0,0,1,0,0,1,0,0,1
17890,2,21211,0,100,1,196,0,0,0,0,1,0,0,1,0,0
17890,3,68000,0,100,1,618,1,0,0,0,1,0,0,0,0,1
17900,2,26100,0,100,1,128,0,0,0,0,1,0,0,0,1,0
17900,4,75000,1,100,1,118,0,0,0,0,1,0,0,1,0,0
17900,1,10200,0,100,1,276,0,0,0,0,0,0,1,1,0,0
17900,1,6,0,100,1,232,0,0,1,0,0,0,1,0,1,0
17900,2,25000,0,100,1,495,0,0,0,0,1,0,0,0,0,1
17900,2,36000,0,100,1,495,0,0,0,0,0,0,1,0,0,1
17900,1,4000,0,100,1,782,0,0,0,0,0,0,1,0,0,1
17900,3,35000,0,100,1,177,0,0,0,0,0,0,1,1,0,0
17900,0,6,0,100,1,505,0,0,1,0,0,0,1,0,0,1
17900,3,5300,0,100,1,628,1,0,0,0,0,0,1,0,0,1
17900,2,23500,0,100,1,500,0,0,0,0,1,0,0,0,0,1
17900,0,10,0,100,1,182,0,0,0,0,0,0,0,0,0,0
17900,1,4480,1,110,1,121,0,0,0,1,0,0,1,1,0,0
17900,0,6,0,100,1,16,0,0,1,0,0,0,1,0,0,0
17900,0,6,0,100,1,292,0,0,1,0,0,0,1,1,0,0
17900,0,6,0,100,1,292,0,0,1,0,0,0,1,1,0,0
17900,0,6,0,100,1,222,0,0,1,0,0,0,1,1,0,0
17900,1,14067,1,110,1,326,0,0,0,1,0,0,1,0,1,0
17900,1,14067,1,110,1,177,0,0,0,1,0,0,1,1,0,0
17900,1,14067,1,110,1,86,0,0,0,1,0,0,1,0,0,0
17900,1,14067,1,110,1,87,0,0,0,1,0,0,1,1,0,0
17900,2,32180,0,100,1,356,0,0,0,0,1,0,0,0,0,1
17950,1,4494,0,100,1,550,0,0,0,0,0,0,1,0,0,1
17950,0,6,0,100,1,608,0,0,1,0,0,0,1,0,0,1
17950,1,6,0,100,1,227,0,0,1,0,0,0,1,1,0,0
17950,1,6,0,100,1,479,0,0,1,0,0,0,1,0,0,1
17950,1,6,0,100,1,479,0,0,1,0,0,0,1,0,0,1
17950,1,43280,1,110,1,444,0,0,0,1,0,0,1,0,0,1
17950,1,6,0,100,1,278,0,0,0,0,0,0,1,1,0,0
17990,2,22396,0,100,1,286,0,0,0,0,0,0,1,1,0,0
17990,2,13846,0,100,1,286,0,0,0,0,0,0,1,1,0,0
17990,1,6,0,100,1,197,0,0,1,0,0,0,1,0,1,0
17990,1,20865,0,100,1,286,0,0,0,0,0,0,1,1,0,0
17990,1,24625,1,110,1,383,0,0,0,1,0,0,1,0,1,0
17990,2,6,0,75,1,162,0,0,0,0,0,0,0,1,0,0
17990,1,19928,1,110,1,186,0,0,0,1,0,0,1,1,0,0
17990,1,17222,1,110,1,186,0,0,0,1,0,0,1,1,0,0
17990,1,21044,1,110,1,186,0,0,0,1,0,0,1,1,0,0
17990,1,18973,1,110,1,186,0,0,0,1,0,0,1,1,0,0
17990,0,6,0,100,1,186,0,0,1,0,0,0,1,1,0,0
17990,0,6,0,100,1,186,0,0,1,0,0,0,1,1,0,0
17990,1,14000,1,145,1,490,0,0,0,1,1,0,0,0,0,1
17990,1,18881,1,145,1,708,0,0,0,1,1,0,0,0,0,1
17990,1,15990,1,136,1,112,0,0,0,1,1,0,0,0,0,0
17990,1,15300,1,145,1,708,0,0,0,1,1,0,0,0,0,1
17990,0,6,0,100,1,757,0,0,1,0,0,0,0,0,0,1
17990,1,17409,1,136,1,708,0,0,0,1,1,0,0,0,0,1
17990,1,15795,1,145,1,708,0,0,0,1,1,0,0,0,0,1
17990,0,6,0,100,1,186,0,0,1,0,0,0,1,1,0,0
17990,0,6,0,100,1,757,0,0,1,0,0,0,0,0,0,1
17990,1,20936,1,136,1,495,0,0,0,1,1,0,0,0,0,1
17990,0,6,0,100,1,796,0,0,1,0,0,0,0,0,0,1
17990,0,6,0,100,1,757,0,0,1,0,0,0,0,0,0,1
17990,1,18000,1,136,1,750,0,0,0,1,1,0,0,0,0,1
17999,1,12025,1,100,1,611,0,0,0,1,0,0,1,0,0,1
17999,1,18200,1,110,1,809,0,0,0,1,0,0,1,0,0,1
17999,1,12025,1,100,1,731,0,0,0,1,0,0,1,0,0,1
17999,1,12025,1,100,1,25,0,0,0,1,0,0,1,0,0,0
17999,1,12025,1,100,1,628,0,0,0,1,0,0,1,0,0,1
17999,1,12025,1,100,1,86,0,0,0,1,0,0,1,0,0,0
17999,1,12025,1,100,1,127,0,0,0,1,0,0,1,0,0,0
17999,1,12025,1,100,1,750,0,0,0,1,0,0,1,0,0,1
17999,1,12025,1,100,1,130,0,0,0,1,0,0,1,0,1,0
17999,1,12025,1,100,1,177,0,0,0,1,0,0,1,1,0,0
17999,1,10000,0,100,1,498,0,0,0,0,0,0,1,0,0,1
18080,2,20423,0,100,1,177,0,0,0,0,0,0,1,1,0,0
18100,0,10,0,100,1,182,0,0,0,0,0,0,1,0,0,0
18100,0,10,0,100,1,182,0,0,0,0,0,0,1,0,0,0
18100,0,10,0,100,1,182,0,0,0,0,0,0,0,0,0,0
18100,0,10,0,100,1,182,0,0,0,0,0,0,0,0,0,0
18100,0,6,0,100,1,222,0,0,1,0,0,0,1,1,0,0
18200,0,6,0,100,1,117,0,0,1,0,0,0,1,1,0,0
18200,0,10,0,100,1,182,0,0,0,0,0,0,0,0,0,0
18200,0,1,0,100,1,132,0,0,0,0,0,0,0,0,0,0
18200,0,6,0,100,1,117,0,0,1,0,0,0,1,1,0,0
18250,2,6,0,100,1,261,0,0,1,0,0,0,1,0,1,0
18250,1,6,0,100,1,210,0,0,1,0,0,0,1,1,0,0
18300,1,6,0,100,1,198,0,0,1,0,0,0,1,1,0,0
18300,0,6,0,100,1,651,0,0,1,0,0,0,1,0,0,1
18300,0,10,0,100,1,182,0,0,0,0,0,0,1,0,0,0
18399,1,10187,1,110,1,283,0,0,0,1,0,0,1,1,0,0
18399,1,10187,1,110,1,485,0,0,0,1,0,0,1,0,0,1
18399,1,10187,1,110,1,127,0,0,0,1,0,0,1,0,0,0
18399,1,10187,1,110,1,731,0,0,0,1,0,0,1,0,0,1
18399,1,10187,1,110,1,130,0,0,0,1,0,0,1,0,1,0
18399,1,10187,1,110,1,861,0,0,0,1,0,0,1,0,0,1
18399,1,10187,1,110,1,177,0,0,0,1,0,0,1,1,0,0
18400,1,0,1,100,1,182,0,0,0,0,0,0,1,0,0,0
18400,1,15747,1,145,1,202,0,0,0,1,1,0,0,1,0,0
18400,0,6,1,110,1,683,0,0,0,1,0,0,1,0,0,1
18450,3,82260,0,100,1,618,1,0,0,0,1,0,0,0,0,1
18490,1,6,0,100,1,750,0,0,1,0,0,0,1,0,0,1
18490,0,264,1,145,1,495,0,0,0,1,0,0,1,0,0,1
18490,0,6,0,100,1,495,0,0,1,0,0,0,1,0,0,1
18490,1,5408,1,110,1,99,0,0,0,1,0,0,1,0,1,0
18500,2,12000,0,145,1,507,0,0,0,0,1,0,0,0,0,1
18590,1,22887,1,110,1,356,0,0,0,1,0,0,1,0,1,0
18690,2,15480,0,100,1,178,0,0,0,0,1,0,0,1,0,0
18700,1,6,0,100,1,200,0,0,1,0,0,0,1,0,1,0
18700,1,19700,1,110,1,217,0,0,0,1,0,0,1,0,0,0
18700,1,21414,1,145,1,350,0,0,0,1,1,0,0,0,1,0
18800,0,6,0,100,1,55,0,0,1,0,0,0,1,0,0,0
18800,0,6,0,100,1,201,0,0,1,0,0,0,1,1,0,0
18800,0,1000,0,100,1,182,0,0,0,0,0,0,1,0,0,0
18800,2,23000,0,100,1,474,0,0,0,0,1,0,0,0,0,1
18870,1,23093,1,110,1,326,0,0,0,1,0,0,1,0,1,0
18900,2,677,0,75,1,618,0,0,0,0,0,0,0,0,0,1
18900,2,3814,0,100,1,530,0,0,0,0,1,0,0,0,0,1
18900,0,6,1,110,1,169,0,0,0,1,0,0,1,1,0,0
18900,2,20112,0,100,1,745,0,0,0,0,1,0,0,0,0,1
18900,2,20112,0,100,1,745,0,0,0,0,1,0,0,0,0,1
18900,1,6,0,100,1,505,0,0,0,0,0,0,1,0,0,1
18900,0,6,0,100,1,505,0,0,1,0,0,0,0,0,0,1
18900,2,20112,0,100,1,745,0,0,0,0,1,0,0,0,0,1
18900,0,6,0,100,1,171,0,0,1,0,0,0,1,1,0,0
18900,3,26500,0,100,1,210,1,0,0,0,0,0,0,0,1,0
18900,1,22000,1,145,1,283,0,0,0,1,1,0,0,1,0,0
18900,1,15000,1,145,1,140,0,0,0,1,0,0,1,0,0,0
18900,1,6,0,100,1,747,0,0,0,0,0,0,1,0,0,1
18900,0,1613,0,100,1,436,0,0,0,0,0,0,0,0,0,1
18900,0,1635,0,100,1,436,0,0,0,0,0,0,0,0,0,1
18900,0,1613,0,100,1,628,0,0,0,0,0,0,0,0,0,1
18900,0,1635,0,100,1,628,0,0,0,0,0,0,0,0,0,1
18900,1,16121,1,110,1,500,0,0,0,1,0,0,1,0,0,1
18900,1,16121,1,110,1,500,0,0,0,1,0,0,1,0,0,1
18900,1,30000,1,110,1,162,0,0,0,1,1,0,0,1,0,0
18900,0,4300,1,110,1,217,0,0,0,1,0,0,0,0,0,0
18950,1,18553,1,110,1,105,0,0,0,1,0,0,1,0,1,0
18950,1,0,0,100,1,278,0,0,0,0,0,0,1,1,0,0
18950,1,19100,1,145,1,499,0,0,0,1,1,0,0,0,0,1
18980,0,6,1,110,1,611,0,0,0,1,0,0,1,0,0,1
18990,1,13024,1,110,1,478,0,0,0,1,0,0,1,0,0,1
18990,1,13024,1,110,1,495,0,0,0,1,0,0,1,0,0,1
18990,1,5,1,110,1,819,0,0,0,0,0,0,1,0,0,1
18999,1,14000,1,145,1,495,0,0,0,1,1,0,0,0,0,1
19000,1,11000,1,110,1,99,0,0,0,1,0,0,1,0,1,0
19200,1,0,0,100,1,65,0,0,0,0,0,0,1,0,0,0
19200,0,1,0,100,1,132,0,0,0,0,0,0,1,0,0,0
19300,1,18000,1,145,1,492,0,0,0,1,1,0,0,0,0,1
19300,1,25745,1,136,1,25,0,0,0,1,1,0,0,0,0,0
19400,1,0,0,100,1,223,0,0,0,0,0,0,1,0,1,0
19400,1,13000,1,145,1,492,0,0,0,1,1,0,0,0,0,1
19400,0,6,0,100,1,177,0,0,1,0,0,0,1,1,0,0
19400,0,6,0,100,1,505,0,0,1,0,0,0,1,0,0,1
19400,1,16394,1,136,1,87,0,0,0,1,1,0,0,0,1,0
19400,1,16694,1,136,1,87,0,0,0,1,1,0,0,0,1,0
19400,1,18768,1,145,1,193,0,0,0,1,1,0,0,1,0,0
19450,0,6,1,110,1,651,0,0,0,1,0,0,1,0,0,1
19459,0,6,0,100,1,387,0,0,1,0,0,0,0,0,1,0
19486,5,42426,1,136,1,198,0,0,1,0,0,0,1,1,0,0
19490,1,16876,1,110,1,507,0,0,0,1,1,0,0,0,0,1
19500,2,20112,0,100,1,745,0,0,0,0,1,0,0,0,0,1
19500,2,20112,0,100,1,745,0,0,0,0,1,0,0,0,0,1
19500,1,12000,1,110,1,819,0,0,0,1,0,0,1,0,0,1
19500,1,6,1,110,1,119,0,0,0,1,0,0,1,0,0,0
19500,1,9900,0,100,1,919,0,0,0,0,0,0,1,0,0,1
19500,1,11520,1,110,1,345,0,0,0,1,0,0,1,0,0,1
19500,1,5,1,110,1,350,0,0,0,1,0,0,1,0,0,1
19500,0,6,0,100,1,105,0,0,1,0,0,0,1,0,1,0
19500,0,6,0,100,1,105,0,0,1,0,0,0,1,0,1,0
19500,0,0,1,110,1,301,0,0,0,0,0,0,1,1,0,0
19500,0,6,0,100,1,201,0,0,1,0,0,0,1,1,0,0
19500,1,10000,1,110,1,490,0,0,0,1,0,0,1,0,0,1
19500,1,19430,1,145,1,788,0,0,0,1,1,0,0,0,0,1
19500,2,9900,1,136,1,509,0,0,0,1,1,0,0,0,0,1
19600,0,6,1,110,1,651,0,0,0,1,0,0,0,0,0,1
19700,1,6,1,110,1,819,0,0,0,1,0,0,1,0,0,1
19750,1,6,0,100,1,210,0,0,1,0,0,0,1,1,0,0
19800,0,6,1,110,1,283,0,0,0,1,0,0,0,1,0,0
19800,0,6,0,100,1,228,0,0,0,0,0,0,1,0,1,0
19800,0,1,0,100,1,228,0,0,0,0,0,0,1,0,1,0
19800,0,6,1,110,1,283,0,0,0,1,0,0,1,1,0,0
19800,1,10723,1,145,1,87,0,0,0,1,1,0,0,0,1,0
19800,0,6,1,110,1,283,0,0,0,1,0,0,1,1,0,0
19800,0,6,0,100,1,222,0,0,1,0,0,0,1,1,0,0
19800,1,1,0,100,1,724,0,0,0,0,0,0,1,0,0,1
19900,1,6,0,100,1,231,0,0,1,0,0,0,1,1,0,0
19900,2,19000,0,100,1,754,0,0,0,0,1,0,0,0,0,1
19900,1,6,1,110,1,319,0,0,0,1,0,0,1,0,1,0
19900,1,6,1,110,1,819,0,0,0,1,0,0,1,0,0,1
19900,1,6,1,110,1,819,0,0,0,1,0,0,1,0,0,1
19900,1,6,0,100,1,819,0,0,1,0,0,0,1,0,0,1
19900,2,35000,0,100,1,568,0,0,0,0,1,0,0,0,0,1
19900,1,13000,1,110,1,171,0,0,0,1,0,0,1,1,0,0
19900,0,6,0,100,1,505,0,0,0,0,0,0,1,0,0,1
19900,1,24790,1,145,1,189,0,0,0,1,1,0,0,1,0,0
19900,1,18250,1,136,1,302,0,0,0,1,1,0,0,1,0,0
19900,1,6,1,110,1,201,0,0,0,1,0,0,0,1,0,0
19900,1,6,0,100,1,479,0,0,1,0,1,0,0,0,0,1
19900,1,19986,1,145,1,628,0,0,0,1,1,0,0,0,0,1
19900,2,5800,1,136,1,601,0,0,1,0,0,0,1,0,0,1
19900,1,5700,1,145,1,262,0,0,0,1,1,0,0,1,0,0
19900,1,6,1,110,1,201,0,0,0,1,0,0,1,1,0,0
19900,0,6,1,110,1,292,0,0,0,1,0,0,1,1,0,0
19900,2,28500,0,100,1,262,0,0,0,0,1,0,0,1,0,0
19900,0,6,0,100,1,301,0,0,1,0,0,0,1,1,0,0
19900,1,20000,1,145,1,326,0,0,0,1,1,0,0,0,1,0
19990,1,6,1,110,1,478,0,0,0,1,0,0,1,0,0,1
19990,1,6,1,110,1,495,0,0,0,1,0,0,1,0,0,1
19999,2,4800,1,110,1,177,0,0,0,1,0,0,1,1,0,0
20000,1,6700,1,145,1,514,0,0,0,1,1,0,0,0,0,1
20000,1,1,1,110,1,463,0,0,0,1,0,0,1,0,0,1
20000,1,6600,1,145,1,476,0,0,0,1,1,0,0,0,0,1
20099,2,16593,1,110,1,130,0,0,0,1,1,0,0,0,1,0
20099,2,16593,1,110,1,611,0,0,0,1,1,0,0,0,0,1
20099,2,16593,1,110,1,177,0,0,0,1,1,0,0,1,0,0
20099,2,16593,1,110,1,731,0,0,0,1,1,0,0,0,0,1
20099,2,16593,1,110,1,861,0,0,0,1,1,0,0,0,0,1
20099,2,16593,1,110,1,283,0,0,0,1,1,0,0,1,0,0
20099,2,16593,1,110,1,86,0,0,0,1,1,0,0,0,0,0
20099,2,16593,1,110,1,490,0,0,0,1,1,0,0,0,0,1
20099,2,16593,1,110,1,99,0,0,0,1,1,0,0,0,1,0
20099,2,16593,1,110,1,25,0,0,0,1,1,0,0,0,0,0
20099,2,16593,1,110,1,485,0,0,0,1,1,0,0,0,0,1
20099,2,16593,1,110,1,750,0,0,0,1,1,0,0,0,0,1
20099,2,16593,1,110,1,326,0,0,0,1,1,0,0,0,1,0
20099,2,16593,1,110,1,127,0,0,0,1,1,0,0,0,0,0
20099,2,16593,1,110,1,628,0,0,0,1,1,0,0,0,0,1
20300,1,12660,1,145,1,218,0,0,0,1,1,0,0,1,0,0
20300,1,13000,1,110,1,490,0,0,0,1,0,0,1,0,0,1
20300,1,18930,1,145,1,173,0,0,0,1,1,0,0,0,0,0
20300,1,18930,1,145,1,186,0,0,0,1,1,0,0,0,0,0
20300,1,18930,1,145,1,186,0,0,0,1,1,0,0,0,0,0
20300,0,6,0,100,1,222,0,0,1,0,0,0,1,1,0,0
20390,1,15920,1,145,1,412,0,0,0,1,1,0,0,0,1,0
20400,0,6,1,110,1,505,0,0,0,1,0,0,1,0,0,1
20400,0,6,1,110,1,86,0,0,0,1,0,0,1,0,0,0
20400,0,6,1,110,1,87,0,0,0,1,0,0,1,1,0,0
20400,0,6,1,110,1,177,0,0,0,1,0,0,1,1,0,0
20400,0,6,1,110,1,86,0,0,0,1,0,0,1,0,0,0
20400,0,6,1,110,1,326,0,0,0,1,0,0,1,0,1,0
20400,0,6,1,110,1,177,0,0,0,1,0,0,1,1,0,0
20400,0,6,1,110,1,326,0,0,0,1,0,0,1,0,1,0
20490,0,0,1,110,1,519,0,0,0,1,1,0,0,0,0,1
20490,0,1,1,110,1,519,0,0,0,1,1,0,0,0,0,1
20490,1,10800,1,145,1,500,0,0,0,1,1,0,0,0,0,1
20500,1,15100,1,145,1,25,0,0,0,1,1,0,0,0,0,0
20500,1,6,1,110,1,480,0,0,0,1,0,0,1,0,0,1
20606,1,24340,1,145,1,177,0,0,0,1,1,0,0,1,0,0
20606,1,21622,1,145,1,165,0,0,0,1,1,0,0,1,0,0
20606,1,21530,1,145,1,165,0,0,0,1,1,0,0,1,0,0
20606,1,24340,1,145,1,165,0,0,0,1,1,0,0,1,0,0
20606,1,21622,1,145,1,326,0,0,0,1,1,0,0,0,1,0
20606,1,21530,1,145,1,326,0,0,0,1,1,0,0,0,1,0
20606,1,24340,1,145,1,326,0,0,0,1,1,0,0,0,1,0
20606,1,21622,1,145,1,177,0,0,0,1,1,0,0,1,0,0
20606,1,21622,1,145,1,11,0,0,0,1,1,0,0,0,0,0
20606,1,21530,1,145,1,177,0,0,0,1,1,0,0,1,0,0
20606,1,21530,1,145,1,11,0,0,0,1,1,0,0,0,0,0
20606,1,24340,1,145,1,11,0,0,0,1,1,0,0,0,0,0
20606,1,21622,1,145,1,115,0,0,0,1,1,0,0,0,0,0
20606,1,21530,1,145,1,115,0,0,0,1,1,0,0,0,0,0
20606,1,24340,1,145,1,115,0,0,0,1,1,0,0,0,0,0
20700,1,0,1,110,1,301,0,0,0,0,0,0,0,1,0,0
20800,4,60800,0,100,1,389,1,0,0,0,1,0,0,0,0,1
20900,1,0,0,100,1,65,0,0,0,0,0,0,1,0,0,0
20900,1,6,1,110,1,747,0,0,0,1,0,0,1,0,0,1
20900,2,19000,0,100,1,872,0,0,0,0,1,0,0,0,0,1
20900,0,6,0,100,1,127,0,0,1,0,0,0,1,0,0,0
20900,1,15000,1,136,1,140,0,0,0,1,1,0,0,0,0,0
20900,1,8500,1,145,1,278,0,0,0,1,1,0,0,1,0,0
20900,0,10000,1,145,1,853,0,0,0,1,1,0,0,0,0,1
20900,1,16308,1,145,1,500,0,0,0,1,1,0,0,0,0,1
20953,1,16923,1,145,1,177,0,0,0,1,1,0,0,1,0,0
20953,1,16923,1,145,1,165,0,0,0,1,1,0,0,1,0,0
20953,1,16923,1,145,1,11,0,0,0,1,1,0,0,0,0,0
20953,1,16923,1,145,1,326,0,0,0,1,1,0,0,0,1,0
20953,1,16923,1,145,1,187,0,0,0,1,1,0,0,1,0,0
20953,1,16923,1,145,1,115,0,0,0,1,1,0,0,0,0,0
21000,0,5346,1,110,1,222,0,0,0,0,0,0,1,1,0,0
21291,1,13096,1,145,1,11,0,0,0,1,1,0,0,0,0,0
21291,1,15949,1,145,1,326,0,0,0,1,1,0,0,0,1,0
21291,1,13096,1,145,1,326,0,0,0,1,1,0,0,0,1,0
21291,1,13096,1,145,1,177,0,0,0,1,1,0,0,1,0,0
21291,1,13096,1,145,1,165,0,0,0,1,1,0,0,1,0,0
21291,1,15949,1,145,1,11,0,0,0,1,1,0,0,0,0,0
21291,1,15949,1,145,1,177,0,0,0,1,1,0,0,1,0,0
21291,1,15949,1,145,1,165,0,0,0,1,1,0,0,1,0,0
21291,1,15949,1,145,1,187,0,0,0,1,1,0,0,1,0,0
21291,1,13096,1,145,1,187,0,0,0,1,1,0,0,1,0,0
21291,1,13096,1,145,1,115,0,0,0,1,1,0,0,0,0,0
21291,1,15949,1,145,1,115,0,0,0,1,1,0,0,0,0,0
21400,1,14688,1,136,1,222,0,0,0,0,1,0,0,1,0,0
21486,1,15758,1,145,1,198,0,0,0,1,1,0,0,1,0,0
21490,0,2000,1,110,1,618,0,0,0,1,0,0,1,0,0,1
21500,1,15440,1,145,1,683,0,0,0,1,1,0,0,0,0,1
21500,1,1,1,100,1,724,0,0,0,1,0,0,1,0,0,1
21500,0,6,1,110,1,222,0,0,0,1,0,0,1,1,0,0
21600,1,14800,1,145,1,217,0,0,0,1,1,0,0,0,0,0
21600,1,12100,1,145,1,217,0,0,0,1,1,0,0,0,0,0
21650,0,6,1,110,1,588,0,0,0,1,0,0,1,0,0,1
21790,1,10,1,145,1,178,0,0,0,1,0,0,1,1,0,0
21800,1,6,1,110,1,140,0,0,0,1,0,0,1,0,0,0
21900,3,85000,1,100,1,793,0,0,0,0,1,0,0,0,0,1
21900,1,14500,1,136,1,140,0,0,0,1,1,0,0,0,0,0
21900,1,11500,1,110,1,235,0,0,0,1,1,0,0,0,0,0
21900,1,15000,1,145,1,283,0,0,0,1,1,0,0,1,0,0
21900,0,11000,1,145,1,919,0,0,0,1,1,0,0,0,0,1
21900,0,214,1,110,1,683,0,0,0,1,0,0,1,0,0,1
21900,1,20000,1,145,1,140,0,0,0,1,1,0,0,0,0,0
21900,0,1620,1,100,1,628,0,0,0,1,0,0,1,0,0,1
21900,0,1620,1,100,1,436,0,0,0,1,0,0,1,0,0,1
21900,0,11000,1,145,1,919,0,0,0,1,1,0,0,0,0,1
21999,1,14900,1,145,1,350,0,0,0,1,1,0,0,0,1,0
21999,1,12500,1,145,1,350,0,0,0,1,1,0,0,0,1,0
22000,1,6,1,110,1,480,0,0,0,1,0,0,1,0,0,1
22150,3,6,1,100,1,724,0,0,1,0,0,0,1,0,0,1
22486,3,36654,1,136,1,198,0,0,1,0,1,0,0,1,0,0
22600,0,6,1,145,1,188,0,0,0,1,0,0,1,1,0,0
22800,0,6,1,145,1,144,0,0,0,1,1,0,0,1,0,0
22800,0,6,1,145,1,144,0,0,0,1,1,0,0,1,0,0
22800,0,6,1,145,1,144,0,0,0,1,1,0,0,1,0,0
22890,1,1,0,100,1,346,0,0,0,0,1,0,0,0,0,1
22900,1,0,1,145,1,189,0,0,0,1,0,0,1,1,0,0
22900,0,6,1,110,1,135,0,0,0,1,1,0,0,0,0,0
22900,1,6,1,110,1,500,0,0,0,1,0,0,1,0,0,1
22900,1,6,1,110,1,500,0,0,0,1,0,0,1,0,0,1
22900,1,6,1,110,1,500,0,0,0,1,0,0,1,0,0,1
22900,1,6,1,110,1,500,0,0,0,1,0,0,1,0,0,1
22900,1,6,1,110,1,500,0,0,0,1,0,0,1,0,0,1
22900,1,6,1,110,1,500,0,0,0,1,0,0,1,0,0,1
23000,1,5000,1,145,1,91,0,0,0,1,1,0,0,0,1,0
23499,0,6,1,145,1,667,0,0,0,1,1,0,0,0,0,1
23499,0,6,1,145,1,667,0,0,0,1,1,0,0,0,0,1
23500,0,6,1,110,1,500,0,0,0,1,0,0,1,0,0,1
23500,0,6,1,110,1,500,0,0,0,1,0,0,1,0,0,1
23500,0,6,1,110,1,500,0,0,0,1,0,0,1,0,0,1
23800,1,6,1,145,1,178,0,0,0,1,1,0,0,1,0,0
23800,0,6,1,145,1,144,0,0,0,1,1,0,0,1,0,0
23900,1,6,1,145,1,140,0,0,0,1,1,0,0,0,0,0
23900,1,7,1,110,1,276,0,0,0,1,1,0,0,1,0,0
23900,0,6,1,145,1,187,0,0,0,1,1,0,0,1,0,0
23900,0,6,1,145,1,222,0,0,0,1,1,0,0,1,0,0
24500,0,10,1,136,1,182,0,0,1,0,0,0,1,0,0,0
24500,1,14400,1,156,1,217,0,0,1,0,1,0,0,0,0,0
24900,1,6,1,136,1,127,0,0,0,1,1,0,0,0,0,0
24900,1,6800,1,156,1,217,0,0,1,0,1,0,0,0,0,0
24900,1,6,1,136,1,127,0,0,0,1,1,0,0,0,0,0
24900,0,10559,1,145,1,182,0,0,0,1,1,0,0,0,0,0
25000,0,10,1,136,1,182,0,0,1,0,0,0,1,0,0,0
29400,1,0,1,136,1,101,0,0,1,0,0,0,1,0,0,0
29400,1,0,1,136,1,101,0,0,1,0,0,0,1,0,0,0
29690,0,0,1,136,1,499,0,0,1,0,0,0,1,0,0,1
29690,0,0,1,136,1,499,0,0,1,0,0,0,1,0,0,1
15900,0,0,0,100,1,198,0,0,0,0,0,0,1,1,0,0
13900,3,49041,0,100,1,326,0,0,0,0,1,0,0,0,1,0
14900,3,24801,0,75,1,326,0,0,0,0,0,0,0,0,1,0
20400,1,14239,1,110,1,171,0,0,0,1,1,0,0,1,0,0
14500,1,18832,0,100,1,861,0,0,0,0,0,0,1,0,0,1
12800,3,34000,1,100,1,116,0,0,0,0,0,0,0,1,0,0
19490,1,17900,1,145,1,326,0,0,0,1,1,0,0,0,1,0
17400,1,18820,1,110,1,747,0,0,0,0,0,0,1,0,0,1
16550,0,0,0,100,1,651,0,0,0,0,0,0,1,0,0,1
14400,1,14825,0,75,1,747,0,0,0,0,0,0,1,0,0,1
13850,3,45000,1,100,1,533,0,0,0,0,0,0,0,0,0,1
10499,6,184667,0,100,1,930,1,0,0,0,0,0,1,0,0,1
11850,4,65740,0,100,1,87,0,0,0,0,0,0,0,0,1,0
12490,3,35300,0,75,1,512,0,0,0,0,0,0,1,0,0,1
11900,4,64810,0,100,1,476,0,0,0,0,0,0,1,0,0,1
11590,4,60668,0,75,1,146,0,0,0,0,0,0,0,0,1,0
15900,3,58000,0,100,1,861,1,0,0,0,0,0,1,0,0,1
10990,5,82000,0,100,1,218,0,0,0,0,0,0,1,0,0,0
15999,2,16900,0,100,1,285,0,0,0,0,1,0,0,1,0,0
16900,0,0,0,100,1,198,0,0,0,0,0,0,0,1,0,0
14900,1,21377,0,100,1,872,0,0,0,0,0,0,1,0,0,1
12900,2,20341,0,75,1,326,0,0,0,0,0,0,1,0,1,0
22900,1,0,1,110,1,500,0,0,0,1,0,0,1,0,0,1
13500,2,25000,0,75,1,276,0,0,0,0,0,0,0,1,0,0
19500,1,18636,1,136,1,276,0,0,0,0,1,0,0,1,0,0
13350,4,34915,0,75,1,494,0,0,0,0,0,0,1,0,0,1
10900,6,156900,0,100,1,200,1,0,0,0,1,0,0,0,1,0
12900,4,31075,0,75,1,97,0,0,0,0,0,0,0,0,1,0
8990,0,2200,1,110,1,872,0,0,0,1,0,0,1,0,0,1
17890,3,68000,0,100,1,618,1,0,0,0,1,0,0,0,0,1
12900,3,25000,0,100,1,177,0,0,0,0,1,0,0,1,0,0
15490,4,64000,0,100,1,618,1,0,0,0,0,0,1,0,0,1
10300,6,114000,0,75,1,519,0,0,0,0,0,0,0,0,0,1
18900,0,1613,0,100,1,485,0,0,0,0,0,0,0,0,0,1
15990,1,23253,1,110,1,708,0,0,0,1,0,0,1,0,0,1
20800,0,10,1,110,1,276,0,0,0,0,0,0,0,1,0,0
19500,0,0,0,100,1,105,0,0,0,0,0,0,1,0,1,0
12800,5,115000,0,100,1,247,1,0,0,0,1,0,0,0,1,0
21990,0,0,0,100,1,276,0,0,0,0,0,0,0,1,0,0
21900,0,1600,1,100,1,485,0,0,0,1,0,0,1,0,0,1
19800,1,1,0,100,1,724,0,0,0,0,0,0,1,0,0,1
24590,0,0,1,110,1,276,0,0,0,1,0,0,0,1,0,0
16990,2,28000,0,100,1,490,0,0,0,0,1,0,0,0,0,1
15700,1,18000,0,100,1,315,0,0,0,0,0,0,1,0,0,1
13990,2,38007,0,100,1,495,0,0,0,0,0,0,1,0,0,1
13500,4,58500,0,100,0,492,1,0,0,0,0,0,1,0,0,1
24900,0,0,1,145,1,198,0,0,0,1,1,0,0,1,0,0
14900,5,75000,0,100,1,883,1,0,0,0,1,0,0,0,0,1
13990,2,41000,0,75,1,757,0,0,0,0,0,0,0,0,0,1
22700,0,0,1,145,1,198,0,0,0,1,1,0,0,1,0,0
13700,3,55000,0,75,1,630,0,0,0,0,0,0,0,0,0,1
19200,0,1,0,100,1,132,0,0,0,0,0,0,1,0,0,0
18450,1,22008,1,136,1,144,0,0,0,1,1,0,0,1,0,0
11500,5,99600,0,100,1,362,0,0,0,0,0,0,1,0,1,0
13790,4,79097,0,100,1,177,0,0,0,0,1,0,0,1,0,0
15000,2,28000,0,100,0,127,0,0,0,0,1,0,0,0,0,0
17300,2,55034,0,100,1,276,0,0,0,0,0,0,1,1,0,0
11900,4,49000,0,100,1,177,0,0,0,0,0,0,1,1,0,0
15500,5,53000,0,100,0,111,0,0,0,0,1,0,0,1,0,0
17900,1,5,0,100,1,97,0,0,0,0,0,0,1,0,0,0
20900,0,0,1,110,1,198,0,0,0,1,0,0,1,1,0,0
17300,2,45589,0,100,1,276,0,0,0,0,0,0,1,1,0,0
18500,1,10100,0,100,1,263,0,0,0,0,0,0,1,0,1,0
12500,5,69000,0,75,1,861,0,0,0,0,0,0,0,0,0,1
14800,1,39850,0,100,1,843,0,0,0,0,0,0,1,0,0,1
13950,2,22220,1,110,1,276,0,0,0,1,0,0,1,1,0,0
13299,5,77000,0,100,1,542,1,0,0,0,1,0,0,0,0,1
10499,6,98000,0,75,1,482,0,0,0,0,0,0,0,0,0,1
15300,2,27000,0,100,1,127,0,0,0,0,0,0,1,0,0,0
13890,4,64550,1,130,1,341,0,0,0,0,1,0,0,0,1,0
13890,4,64550,1,130,1,341,0,0,0,0,1,0,0,0,1,0
13500,3,67000,0,100,1,87,0,0,0,0,0,0,0,0,1,0
15800,4,67669,1,100,1,698,0,0,0,0,1,0,0,0,0,1
12550,2,68000,0,100,1,301,0,0,0,0,0,0,0,1,0,0
17290,0,0,0,100,1,190,0,0,0,0,0,0,1,0,0,0
8300,6,73000,0,75,0,552,0,0,0,0,0,0,1,0,0,1
9900,4,94000,0,100,0,326,0,0,0,0,0,0,1,0,1,0
11400,3,84900,0,100,1,622,0,0,0,0,0,0,1,0,0,1
17990,0,0,0,100,1,276,0,0,0,0,0,0,0,1,0,0
16500,1,25676,0,100,1,387,0,0,0,0,0,0,1,0,1,0
16900,1,1,0,100,1,611,0,0,0,0,0,0,1,0,0,1
15490,4,23000,0,100,1,872,0,0,0,0,1,0,0,0,0,1
9800,3,98000,0,100,1,276,0,0,0,0,0,0,1,1,0,0
16890,3,2000,0,100,1,147,0,0,0,0,1,0,0,0,0,0
17900,1,10200,0,100,1,276,0,0,0,0,0,0,1,1,0,0
9999,5,86000,0,75,1,415,0,0,0,0,0,0,1,0,1,0
19900,1,1,0,100,1,764,0,0,0,0,0,0,1,0,0,1
14900,2,35300,0,100,1,883,0,0,0,0,0,0,1,0,0,1
16990,1,10725,0,100,1,418,0,0,0,0,0,0,1,0,0,1
15900,1,24700,0,100,1,356,0,0,0,0,0,0,1,0,0,1
14900,3,41500,0,100,1,356,1,0,0,0,0,0,0,0,0,1
17900,2,32180,0,100,1,356,0,0,0,0,1,0,0,0,0,1
13950,2,13347,0,75,1,495,0,0,0,0,0,0,1,0,0,1
18900,2,20112,0,100,1,747,0,0,0,0,1,0,0,0,0,1
19800,1,14562,1,145,1,177,0,0,0,0,1,0,0,1,0,0
17990,1,15300,1,145,1,708,0,0,0,1,1,0,0,0,0,1
15900,1,25012,0,100,1,747,0,0,0,0,0,0,1,0,0,1
11700,6,68000,0,100,1,723,1,0,0,0,0,0,1,0,0,1
14900,1,8784,0,100,1,284,0,0,0,0,0,0,1,1,0,0
17300,2,48303,0,100,1,276,0,0,0,0,0,0,1,1,0,0
19500,1,16457,1,145,1,495,0,0,0,0,1,0,0,0,0,1
16500,1,6000,0,100,1,377,0,0,0,0,0,0,1,0,1,0
7500,1,25000,0,100,1,483,0,0,0,0,0,0,1,0,0,1
16900,0,0,0,100,1,198,0,0,0,0,0,0,0,1,0,0
17900,2,9115,1,136,1,276,0,0,0,0,1,0,0,1,0,0
13900,2,21000,0,100,1,350,0,0,0,0,0,0,1,0,0,1
13500,2,19900,0,100,1,304,0,0,0,0,0,0,1,0,1,0
17900,0,0,1,110,1,206,0,0,0,1,0,0,1,1,0,0
10000,5,99000,0,100,1,193,0,0,0,0,0,0,0,1,0,0
14500,6,99000,0,100,1,495,1,0,0,0,1,0,0,0,0,1
16990,2,17700,0,100,1,490,0,0,0,0,1,0,0,0,0,1
11500,3,68000,0,75,1,203,0,0,0,0,0,0,0,1,0,0
16800,1,14500,0,100,0,213,0,0,0,0,0,0,1,0,1,0
12200,4,74000,0,100,1,177,0,0,0,0,0,0,1,1,0,0
19500,1,11000,1,145,0,99,0,0,0,1,1,0,0,0,1,0
16900,2,48600,1,100,0,237,0,0,0,1,1,0,0,0,0,0
17500,1,0,0,100,1,278,0,0,0,0,0,0,1,1,0,0
17300,2,41000,0,100,1,276,0,0,0,0,0,0,1,1,0,0
15900,2,21274,0,100,1,128,0,0,0,0,0,0,1,0,1,0
14200,3,18803,0,100,1,177,0,0,0,0,0,0,1,1,0,0
15900,0,0,0,100,1,198,0,0,0,0,0,0,1,1,0,0
11900,5,93719,0,100,1,200,1,0,0,0,0,0,0,0,1,0
14900,1,15334,0,100,1,611,0,0,0,0,0,0,1,0,0,1
16450,1,17007,0,100,1,146,0,0,0,0,0,0,1,0,1,0
16450,1,17007,0,100,1,146,0,0,0,0,0,0,1,0,1,0
8990,4,132000,0,75,1,484,0,0,0,0,0,0,0,0,0,1
14900,1,18314,0,100,1,611,0,0,0,0,0,0,1,0,0,1
9999,6,199000,0,100,1,484,1,0,0,0,1,0,0,0,0,1
11450,2,22728,0,100,1,326,0,0,0,0,0,0,1,0,1,0
14500,3,15000,0,75,1,319,0,0,0,0,0,0,0,0,1,0
12800,5,49000,1,100,1,495,0,0,0,0,1,0,0,0,0,1
14900,2,32000,0,100,1,855,0,0,0,0,1,0,0,0,0,1
10800,6,88394,0,75,1,253,0,0,0,0,0,0,0,1,0,0
17250,3,30951,1,100,1,326,0,0,0,0,1,0,0,0,1,0
17800,1,10000,1,145,1,683,0,0,0,1,1,0,0,0,0,1
13300,3,67885,0,100,1,495,0,0,0,0,0,0,1,0,0,1
20400,0,0,1,110,1,87,0,0,0,1,0,0,1,1,0,0
20400,0,0,1,110,1,87,0,0,0,1,0,0,1,1,0,0
12900,5,85000,0,100,1,500,1,0,0,0,1,0,0,0,0,1
16900,4,55777,0,100,1,852,1,0,0,0,1,0,0,0,0,1
14900,3,16244,0,75,1,326,0,0,0,0,0,0,0,0,1,0
12900,1,32000,0,100,1,326,0,0,0,0,0,0,1,0,1,0
11900,2,5000,0,75,1,276,0,0,0,0,0,0,0,1,0,0
19900,2,5800,1,136,1,601,0,0,1,0,0,0,1,0,0,1
14680,1,32000,0,100,1,326,0,0,0,0,0,0,1,0,1,0
21400,1,14688,1,145,1,222,0,0,0,1,1,0,0,1,0,0
20250,0,0,1,110,1,223,0,0,0,1,0,0,1,0,1,0
17490,1,30000,1,110,1,875,0,0,0,1,0,0,1,0,0,1
21900,0,1620,1,100,1,485,0,0,0,1,0,0,1,0,0,1
19800,1,16213,1,136,1,750,0,0,0,0,1,0,0,0,0,1
12600,4,39690,0,100,1,476,0,0,0,0,0,0,1,0,0,1
16950,1,19697,1,100,1,144,0,0,0,1,0,0,1,1,0,0
13000,2,29000,0,75,1,99,0,0,0,0,0,0,0,0,1,0
14650,3,25000,0,100,1,611,1,0,0,0,1,0,0,0,0,1
12600,3,35523,0,75,1,177,0,0,0,0,0,0,0,1,0,0
13900,2,69600,0,75,1,381,0,0,0,0,0,0,0,0,1,0
19900,0,0,1,110,1,177,0,0,0,1,0,0,1,1,0,0
21590,2,25650,1,110,1,293,0,0,0,0,0,0,0,1,0,0
15999,2,6000,0,75,1,106,0,0,0,0,0,0,1,0,0,0
12500,6,73000,0,100,1,276,1,0,0,0,0,0,1,1,0,0
13950,2,27396,1,110,1,276,0,0,0,1,0,0,1,1,0,0
16500,4,7950,0,100,1,541,0,0,0,0,0,0,0,0,0,1
16300,2,163,0,100,1,763,0,0,0,0,0,0,1,0,0,1
12500,3,44885,0,75,1,326,0,0,0,0,0,0,0,0,1,0
12590,3,30860,0,75,1,162,0,0,0,0,0,0,0,1,0,0
15490,2,28523,0,100,1,502,0,0,0,0,0,0,1,0,0,1
17800,1,15856,1,110,1,495,0,0,0,0,0,0,1,0,0,1
15990,3,48000,0,100,1,852,1,0,0,0,0,0,0,0,0,1
16900,0,0,0,100,1,750,0,0,0,0,0,0,1,0,0,1
14750,4,31310,0,100,1,326,0,0,0,0,1,0,0,0,1,0
17990,1,20936,1,136,1,495,0,0,0,1,1,0,0,0,0,1
20000,1,6600,1,145,1,476,0,0,0,1,1,0,0,0,0,1
14899,1,11800,0,100,1,514,0,0,0,0,0,0,1,0,0,1
13250,5,54155,0,100,1,326,1,0,0,0,0,0,0,0,1,0
21600,0,0,1,110,1,285,0,0,0,1,0,0,1,1,0,0
18500,0,0,1,110,1,206,0,0,0,1,0,0,1,1,0,0
16500,1,30000,1,110,1,342,0,0,0,1,0,0,1,0,1,0
15900,1,23640,0,100,1,87,0,0,0,0,0,0,1,0,1,0
14990,2,20000,0,100,1,292,0,0,0,0,0,0,1,1,0,0
16500,1,27630,1,110,1,708,0,0,0,1,0,0,1,0,0,1
13750,3,38340,0,100,1,326,0,0,0,0,0,0,1,0,1,0
13790,2,23000,0,100,1,326,0,0,0,0,0,0,1,0,1,0
13500,2,40000,0,100,1,490,0,0,0,0,0,0,1,0,0,1
14990,3,35000,0,100,1,477,1,0,0,0,0,0,1,0,0,1
15990,1,24265,1,110,1,750,0,0,0,1,0,0,1,0,0,1
19459,0,0,0,100,1,387,0,0,0,0,0,0,0,0,1,0
15990,2,19000,0,110,1,757,0,0,0,1,0,0,1,0,0,1
16900,0,0,0,100,1,198,0,0,0,0,0,0,0,1,0,0
12990,3,40000,0,100,1,490,0,0,0,0,0,0,1,0,0,1
17670,0,0,1,110,1,196,0,0,0,1,0,0,0,1,0,0
17800,0,0,0,100,1,861,0,0,0,0,0,0,0,0,0,1
13990,3,50000,1,100,1,178,0,0,0,0,0,0,0,1,0,0
15900,1,17780,0,100,1,87,0,0,0,0,0,0,1,0,1,0
20900,0,0,0,100,1,86,0,0,0,0,0,0,1,0,0,0
12200,3,47000,0,100,1,750,0,0,0,0,0,0,1,0,0,1
14900,2,35000,0,100,1,883,0,0,0,0,0,0,1,0,0,1
17990,1,0,0,100,1,276,0,0,0,0,0,0,1,1,0,0
12590,3,55917,0,100,1,484,0,0,0,0,0,0,0,0,0,1
14500,4,99500,0,100,1,763,1,0,0,0,0,0,0,0,0,1
19800,1,13996,1,136,1,750,0,0,0,0,1,0,0,0,0,1
14999,5,55000,1,100,1,499,0,0,0,0,1,0,0,0,0,1
11490,1,15000,0,100,1,326,0,0,0,0,0,0,1,0,1,0
15000,5,62011,0,100,1,819,1,0,0,0,1,0,0,0,0,1
15000,5,62011,0,100,1,731,1,0,0,0,1,0,0,0,0,1
15000,5,62011,0,100,1,819,1,0,0,0,1,0,0,0,0,1
10490,3,30000,0,75,1,519,0,0,0,0,0,0,1,0,0,1
17300,2,44520,0,100,1,276,0,0,0,0,0,0,1,1,0,0
17950,1,0,0,100,1,278,0,0,0,0,0,0,1,1,0,0
10950,6,55400,0,100,1,387,0,0,0,0,0,0,0,0,1,0
15500,0,0,0,100,1,611,0,0,0,0,0,0,1,0,0,1
13990,4,89946,0,100,1,837,1,0,0,0,0,0,0,0,0,1
13500,6,72929,1,136,1,494,0,0,0,0,1,0,0,0,0,1
14490,2,29000,0,100,1,872,0,0,0,0,0,0,1,0,0,1
21600,1,12100,1,145,1,217,0,0,0,1,1,0,0,0,0,0
21900,0,1655,1,100,1,485,0,0,0,1,0,0,1,0,0,1
15500,2,19441,0,100,1,333,0,0,0,0,0,0,1,0,1,0
13500,6,88670,0,100,1,831,1,0,0,0,0,0,0,0,0,1
12300,4,55613,0,100,1,326,0,0,0,0,0,0,0,0,1,0
14500,6,110000,0,100,0,265,1,0,0,0,1,0,0,1,0,0
13600,1,12285,0,100,1,519,0,0,0,0,0,0,1,0,0,1
22900,1,0,1,110,1,500,0,0,0,1,0,0,1,0,0,1
17300,2,34200,0,100,1,276,0,0,0,0,0,0,1,1,0,0
12300,6,78772,0,100,1,757,0,0,0,0,0,0,0,0,0,1
11500,6,117000,0,100,1,266,1,0,0,0,0,0,1,1,0,0
15490,4,23000,0,100,1,842,0,0,0,0,1,0,0,0,0,1
19900,2,28500,0,100,1,262,0,0,0,0,1,0,0,1,0,0
23500,0,0,1,110,1,500,0,0,0,1,0,0,1,0,0,1
16499,0,5000,0,100,1,612,0,0,0,0,0,0,1,0,0,1
17999,1,10000,0,100,1,498,0,0,0,0,0,0,1,0,0,1
22800,0,0,1,145,1,144,0,0,0,1,1,0,0,1,0,0
18990,1,26099,1,145,1,489,0,0,0,1,1,0,0,0,0,1
14900,3,39700,0,100,1,619,0,0,0,0,0,0,0,0,0,1
13990,1,20000,0,100,1,490,0,0,0,0,0,0,1,0,0,1
10999,5,44000,0,75,1,484,0,0,0,0,0,0,1,0,0,1
14990,3,70000,0,100,1,495,1,0,0,0,0,0,1,0,0,1
18980,0,0,1,110,1,611,0,0,0,1,0,0,1,0,0,1
11400,3,79641,0,75,1,750,0,0,0,0,0,0,0,0,0,1
15924,5,27868,0,136,1,177,0,0,1,0,0,0,1,1,0,0
17500,3,15000,0,100,1,533,1,0,0,0,0,0,1,0,0,1
19900,2,19000,0,100,1,754,0,0,0,0,1,0,0,0,0,1
16900,0,0,0,100,1,198,0,0,0,0,0,0,0,1,0,0
13950,4,63758,0,100,1,326,1,0,0,0,0,0,1,0,1,0
12450,1,10717,0,100,1,326,0,0,0,0,0,0,1,0,1,0
12300,5,39900,0,100,1,99,0,0,0,0,0,0,1,0,0,0
16400,1,17580,0,100,1,84,0,0,0,0,0,0,1,0,1,0
7900,6,95000,0,75,1,276,0,0,0,0,0,0,0,1,0,0
17300,2,44482,0,100,1,276,0,0,0,0,0,0,1,1,0,0
15251,1,34226,0,100,1,115,0,0,0,0,0,0,1,0,0,0
16390,1,16620,1,110,1,708,0,0,0,1,0,0,1,0,0,1
9980,5,74000,0,75,1,326,0,0,0,0,0,0,1,0,1,0
19500,1,18562,1,136,1,276,0,0,0,0,0,0,1,1,0,0
9900,4,149000,0,100,1,495,1,0,0,0,1,0,0,0,0,1
9300,5,90000,0,75,1,326,0,0,0,0,0,0,0,0,1,0
17800,1,17000,1,145,1,683,0,0,0,1,1,0,0,0,0,1
17800,1,20000,1,145,1,683,0,0,0,1,1,0,0,0,0,1
17800,1,16000,1,145,1,683,0,0,0,1,1,0,0,0,0,1
10990,5,97900,1,100,1,275,0,0,0,0,0,0,0,1,0,0
14750,1,22120,1,110,1,326,0,0,0,1,0,0,1,0,1,0
14900,1,18610,0,100,1,611,0,0,0,0,0,0,1,0,0,1
14900,1,22556,0,100,1,611,0,0,0,0,0,0,1,0,0,1
14900,1,19362,0,100,1,611,0,0,0,0,0,0,1,0,0,1
14900,1,16418,0,100,1,611,0,0,0,0,0,0,1,0,0,1
16500,1,21000,1,110,1,188,0,0,0,1,0,0,1,1,0,0
19400,1,18768,1,145,1,193,0,0,0,1,1,0,0,1,0,0
20250,0,0,1,110,1,223,0,0,0,1,0,0,1,0,1,0
17400,1,18768,1,145,1,193,0,0,0,1,1,0,0,1,0,0
13500,3,10969,0,75,1,495,0,0,0,0,0,0,0,0,0,1
12500,2,69240,0,100,1,798,0,0,0,0,0,0,0,0,0,1
13900,3,29497,0,100,1,479,0,0,0,0,0,0,1,0,0,1
13500,3,11027,0,75,1,495,0,0,0,0,0,0,0,0,0,1
15500,3,41500,0,100,1,276,0,0,0,0,1,0,0,1,0,0
9600,6,115000,0,75,1,129,0,0,0,0,0,0,0,1,0,0
10000,6,82000,0,75,1,129,0,0,0,0,0,0,0,1,0,0
19500,2,9900,1,136,1,509,0,0,0,1,1,0,0,0,0,1
11500,4,150207,0,100,1,843,1,0,0,0,0,0,0,0,0,1
14900,2,26014,0,100,0,87,0,0,0,0,0,0,0,0,1,0
10350,6,217000,0,100,1,769,1,0,0,0,0,0,1,0,0,1
12490,4,80000,0,100,1,861,1,0,0,0,0,0,0,0,0,1
12990,4,81667,0,100,1,872,0,0,0,0,0,0,1,0,0,1
17990,1,24625,1,110,1,383,0,0,0,1,0,0,1,0,1,0
13490,3,27000,0,75,1,477,0,0,0,0,0,0,0,0,0,1
10800,6,145500,0,75,1,173,0,0,0,0,0,0,0,0,0,0
13400,3,39000,1,100,1,498,0,0,0,0,0,0,1,0,0,1
19800,1,17933,1,145,1,177,0,0,0,0,1,0,0,1,0,0
17800,1,13000,1,145,1,683,0,0,0,1,1,0,0,0,0,1
16900,0,0,0,100,1,198,0,0,0,0,0,0,0,1,0,0
11800,5,75666,0,100,1,177,1,0,0,0,0,0,1,1,0,0
10000,4,73000,0,75,0,418,0,0,0,0,0,0,0,0,0,1
16500,4,51000,0,100,1,775,1,0,0,0,1,0,0,0,0,1
15200,2,14000,0,100,1,629,0,0,0,0,0,0,1,0,0,1
13400,3,57481,0,100,1,326,1,0,0,0,0,0,0,0,1,0
9900,6,91000,0,100,1,842,1,0,0,0,0,0,0,0,0,1
14499,3,33126,0,100,1,514,0,0,0,0,0,0,0,0,0,1
11990,2,28000,0,100,1,326,0,0,0,0,0,0,1,0,1,0
12490,3,26977,0,100,1,512,0,0,0,0,0,0,0,0,0,1
11500,5,51000,1,75,1,872,0,0,0,0,0,0,0,0,0,1
17400,0,0,0,100,1,651,0,0,0,0,0,0,1,0,0,1
16500,3,24922,0,100,1,326,0,0,0,0,0,0,1,0,1,0
18490,1,5408,1,110,1,87,0,0,0,1,0,0,1,0,1,0
19900,1,1,0,100,1,819,0,0,0,0,0,0,1,0,0,1
11500,5,71000,1,100,0,187,0,0,0,0,1,0,0,0,1,0
17300,2,35000,0,100,1,276,0,0,0,0,0,0,1,1,0,0
14500,2,32000,0,100,1,326,0,0,0,0,0,0,1,0,1,0
17000,0,0,0,100,1,149,0,0,0,0,0,0,1,1,0,0
17900,3,35000,0,100,1,177,0,0,0,0,0,0,1,1,0,0
14900,2,26000,0,100,1,490,0,0,0,0,0,0,0,0,0,1
19990,1,24404,1,145,1,489,0,0,0,1,1,0,0,0,0,1
10490,5,78000,0,100,1,87,1,0,0,0,0,0,1,0,1,0
10490,6,90000,0,100,1,276,0,0,0,0,0,0,1,1,0,0
14790,1,38018,0,100,1,478,0,0,0,0,0,0,1,0,0,1
15900,3,58000,0,100,1,911,1,0,0,0,0,0,1,0,0,1
13900,1,13052,0,100,1,326,0,0,0,0,0,0,0,0,1,0
18700,1,0,0,100,1,200,0,0,0,0,0,0,1,0,1,0
19590,1,0,0,100,1,276,0,0,0,0,0,0,1,1,0,0
21900,0,1100,1,100,1,485,0,0,0,1,0,0,1,0,0,1
11300,3,42000,0,75,1,64,0,0,0,0,0,0,0,1,0,0
16900,0,0,0,100,1,198,0,0,0,0,0,0,0,1,0,0
19900,1,1,0,100,1,819,0,0,0,0,0,0,1,0,0,1
11900,5,85000,0,100,1,486,0,0,0,0,0,0,1,0,0,1
12500,6,62600,0,75,1,377,0,0,0,0,0,0,0,0,0,1
15250,5,34735,1,100,1,750,0,0,0,0,1,0,0,0,0,1
14490,2,29000,0,100,1,842,0,0,0,0,0,0,1,0,0,1
13950,1,20000,0,101,1,495,0,0,0,0,0,0,1,0,0,1
11999,6,103000,0,100,1,40,0,0,0,0,1,0,0,0,0,0
11500,5,97455,0,100,1,87,0,0,0,0,0,0,0,0,1,0
13200,5,99400,0,100,1,112,1,0,0,0,1,0,0,1,0,0
11900,3,29902,0,100,1,326,0,0,0,0,0,0,0,0,1,0
18900,0,0,0,100,1,171,0,0,0,0,0,0,1,1,0,0
13900,6,37543,1,100,1,106,0,0,0,0,1,0,0,0,1,0
12450,3,13876,0,100,1,121,0,0,0,0,0,0,1,0,0,0
11890,3,68000,0,100,1,341,1,0,0,0,0,0,1,0,1,0
13600,3,71335,0,100,1,750,1,0,0,0,0,0,1,0,0,1
14700,1,15000,0,100,1,326,0,0,0,0,0,0,1,0,1,0
15500,1,32416,1,110,1,708,0,0,0,1,0,0,1,0,0,1
19600,0,0,0,100,1,285,0,0,0,0,0,0,1,1,0,0
14999,4,66000,0,100,1,499,1,0,0,0,0,0,1,0,0,1
19590,1,0,0,100,1,276,0,0,0,0,0,0,1,1,0,0
14900,1,17434,0,100,1,495,0,0,0,0,0,0,1,0,0,1
20900,0,10000,1,145,1,853,0,0,0,1,1,0,0,0,0,1
11499,6,92000,0,75,1,861,0,0,0,0,0,0,0,0,0,1
13500,6,61313,0,75,1,852,0,0,0,0,0,0,0,0,0,1
20400,0,0,1,110,1,326,0,0,0,1,0,0,1,0,1,0
12550,3,44000,0,75,1,326,0,0,0,0,0,0,0,0,1,0
10700,4,22000,0,100,1,588,0,0,0,0,0,0,1,0,0,1
14990,1,25094,0,100,1,775,0,0,0,0,0,0,1,0,0,1
17900,1,14067,1,110,1,87,0,0,0,1,0,0,1,1,0,0
12700,5,67000,0,100,1,144,0,0,0,0,0,0,1,1,0,0
13890,4,29500,0,75,1,683,0,0,0,0,0,0,0,0,0,1
10999,2,15000,0,100,1,861,0,0,0,0,0,0,1,0,0,1
9490,5,115000,0,75,1,210,0,0,0,0,0,0,0,1,0,0
12950,3,28000,0,75,1,319,0,0,0,0,0,0,0,0,1,0
13900,4,78000,0,100,1,383,1,0,0,0,0,0,1,0,1,0
14000,1,25000,0,100,1,490,0,0,0,0,0,0,1,0,0,1
10499,3,50000,0,75,1,796,0,0,0,0,0,0,0,0,0,1
20490,1,1,1,110,1,478,0,0,0,1,0,0,1,0,0,1
18990,1,13024,1,110,1,478,0,0,0,1,0,0,1,0,0,1
18990,1,13024,1,110,1,478,0,0,0,1,0,0,1,0,0,1
21500,1,1,1,100,1,724,0,0,0,1,0,0,1,0,0,1
14990,3,69000,0,100,1,842,1,0,0,0,0,0,0,0,0,1
16900,4,21400,0,100,1,502,1,0,0,0,0,0,1,0,0,1
16700,2,23000,0,100,1,490,0,0,0,0,1,0,0,0,0,1
10400,4,79500,0,75,1,131,0,0,0,0,0,0,1,0,0,0
19900,0,13500,1,145,1,326,0,0,0,1,1,0,0,0,1,0
15900,2,22500,0,75,1,276,0,0,0,0,0,0,0,1,0,0
13500,5,69000,0,100,1,495,1,0,0,0,0,0,1,0,0,1
17990,1,15795,1,145,1,708,0,0,0,1,1,0,0,0,0,1
12990,5,96700,0,100,1,872,1,0,0,0,0,0,1,0,0,1
15490,4,28000,0,100,1,872,0,0,0,0,1,0,0,0,0,1
12450,3,23000,0,75,1,533,0,0,0,0,0,0,0,0,0,1
11900,6,80000,0,100,1,178,1,0,0,0,0,0,1,1,0,0
16800,0,0,0,100,1,253,0,0,0,0,0,0,1,1,0,0
8980,3,29876,0,100,1,326,1,0,0,0,0,0,1,0,1,0
15500,4,58712,0,100,1,495,1,0,0,0,1,0,0,0,0,1
12500,3,23345,0,75,1,495,0,0,0,0,0,0,0,0,0,1
15350,4,63683,1,136,1,326,0,0,0,0,1,0,0,0,1,0
19490,1,16876,1,110,1,507,0,0,0,1,1,0,0,0,0,1
20900,1,16308,1,145,1,500,0,0,0,1,1,0,0,0,0,1
12900,4,64100,0,75,1,377,0,0,0,0,0,0,0,0,0,1
17300,2,41370,0,100,1,276,0,0,0,0,0,0,1,1,0,0
14900,2,32100,0,100,1,883,0,0,0,0,0,0,1,0,0,1
16900,0,0,0,100,1,198,0,0,0,0,0,0,0,1,0,0
13000,2,62000,0,75,1,782,0,0,0,0,0,0,0,0,0,1
18900,2,20112,0,100,1,745,0,0,0,0,1,0,0,0,0,1
17800,0,0,0,100,1,911,0,0,0,0,0,0,0,0,0,1
13950,1,35466,1,110,1,326,0,0,0,1,0,0,1,0,1,0
14990,1,10333,0,100,1,495,0,0,0,0,0,0,1,0,0,1
12295,3,69000,0,100,1,872,1,0,0,0,0,0,0,0,0,1
14999,1,20000,0,100,1,757,0,0,0,0,0,0,1,0,0,1
4600,2,21000,0,100,1,252,0,0,0,0,0,0,1,1,0,0
14300,1,21000,0,100,1,101,0,0,0,0,0,0,1,1,0,0
11000,5,87000,0,75,1,232,0,0,0,0,0,0,0,0,0,0
14200,2,9500,0,100,1,127,0,0,0,0,0,0,0,0,0,0
19900,1,0,1,110,1,415,0,0,0,1,0,0,1,0,1,0
18300,0,0,0,100,1,651,0,0,0,0,0,0,1,0,0,1
15990,2,34000,0,100,1,852,0,0,0,0,0,0,1,0,0,1
16200,4,39537,0,100,1,120,1,0,0,0,0,0,0,0,1,0
22700,0,0,1,145,1,198,0,0,0,1,1,0,0,1,0,0
14500,2,32400,0,100,1,128,0,0,0,0,0,0,0,0,1,0
13600,3,17722,0,75,1,326,0,0,0,0,0,0,0,0,1,0
12900,4,67000,0,75,1,630,0,0,0,0,0,0,0,0,0,1
17500,0,0,1,110,1,275,0,0,0,1,0,0,1,1,0,0
15900,3,16257,0,100,1,502,0,0,0,0,1,0,0,0,0,1
14900,1,14106,0,100,1,222,0,0,0,0,0,0,1,1,0,0
15759,1,11078,0,100,1,187,0,0,0,0,0,0,1,1,0,0
20300,1,18930,1,145,1,173,0,0,0,1,1,0,0,0,0,0
17990,1,17409,1,136,1,708,0,0,0,1,1,0,0,0,0,1
9999,5,102641,0,100,1,514,0,0,0,0,0,0,0,0,0,1
12450,4,81307,0,100,1,326,1,0,0,0,0,0,0,0,1,0
12450,3,32739,0,75,1,326,0,0,0,0,0,0,0,0,1,0
12700,6,127000,0,100,1,816,1,0,0,0,0,0,1,0,0,1
10300,5,71730,0,75,1,476,0,0,0,0,0,0,0,0,0,1
11990,4,55557,0,75,1,177,0,0,0,0,0,0,0,1,0,0
10890,1,15571,0,100,1,326,0,0,0,0,0,0,1,0,1,0
15454,1,29254,0,100,1,165,0,0,0,0,0,0,1,1,0,0
18800,2,23000,0,100,1,474,0,0,0,0,1,0,0,0,0,1
12990,6,45000,0,75,1,339,0,0,0,0,0,0,0,0,0,1
13900,4,54000,0,100,1,842,1,0,0,0,0,0,0,0,0,1
22900,1,0,1,110,1,500,0,0,0,1,0,0,1,0,0,1
18900,0,1635,0,100,1,485,0,0,0,0,0,0,0,0,0,1
18900,1,16121,1,110,1,500,0,0,0,1,0,0,1,0,0,1
19500,0,0,0,100,1,105,0,0,0,0,0,0,1,0,1,0
19750,1,0,0,100,1,210,0,0,0,0,0,0,1,1,0,0
15251,1,34226,0,100,1,187,0,0,0,0,0,0,1,1,0,0
14250,3,52074,1,100,1,326,0,0,0,0,0,0,0,0,1,0
12999,2,12996,0,100,1,518,0,0,0,0,1,0,0,0,0,1
13950,1,31075,1,110,1,202,0,0,0,1,0,0,1,1,0,0
12900,4,62192,0,75,1,620,0,0,0,0,0,0,0,0,0,1
19800,1,19415,1,136,1,750,0,0,0,0,1,0,0,0,0,1
19900,1,1,0,100,1,731,0,0,0,0,0,0,1,0,0,1
22800,0,0,1,145,1,177,0,0,0,1,1,0,0,1,0,0
17000,1,2615,0,100,1,514,0,0,0,0,0,0,1,0,0,1
18300,0,1,1,110,1,301,0,0,0,1,0,0,1,1,0,0
11890,3,67000,0,100,1,341,1,0,0,0,0,0,1,0,1,0
16999,1,9696,0,100,1,207,0,0,0,0,0,0,1,0,1,0
11999,3,26600,0,100,1,490,0,0,0,0,0,0,0,0,0,1
15990,6,42967,1,100,1,623,0,0,0,0,1,0,0,0,0,1
12000,4,61030,0,100,1,476,0,0,0,0,0,0,1,0,0,1
11500,6,31102,0,75,1,105,0,0,0,0,0,0,0,0,1,0
14450,3,56729,0,100,1,326,1,0,0,0,0,0,1,0,1,0
15690,1,27485,0,100,1,196,0,0,0,0,0,0,1,1,0,0
12900,4,47000,0,75,1,168,0,0,0,0,0,0,1,0,1,0
10990,6,75891,0,75,1,581,0,0,0,0,0,0,0,0,0,1
21300,1,0,1,110,1,326,0,0,0,1,0,0,1,0,1,0
16986,2,2119,0,100,1,196,0,0,0,0,1,0,0,1,0,0
18890,0,0,1,110,1,220,0,0,0,1,0,0,1,1,0,0
11800,4,146000,0,100,1,695,1,0,0,0,0,0,0,0,0,1
11990,6,120000,0,100,1,542,1,0,0,0,1,0,0,0,0,1
13900,5,128000,0,100,1,695,1,0,0,0,0,0,1,0,0,1
15690,1,27833,0,100,1,196,0,0,0,0,0,0,1,1,0,0
14900,1,31000,0,100,1,326,0,0,0,0,0,0,1,0,1,0
13990,2,42102,0,100,1,495,0,0,0,0,0,0,1,0,0,1
12980,4,170000,0,100,1,483,1,0,0,0,0,0,0,0,0,1
13900,2,37000,0,100,1,200,0,0,0,0,1,0,0,0,1,0
13500,4,68000,0,100,1,139,0,0,0,0,0,0,1,1,0,0
12900,6,20300,0,75,1,121,0,0,0,0,0,0,0,1,0,0
14990,1,18000,0,100,1,750,0,0,0,0,0,0,1,0,0,1
17390,1,13000,1,110,1,750,0,0,0,1,0,0,1,0,0,1
17990,1,18000,1,136,1,750,0,0,0,1,1,0,0,0,0,1
19900,1,20000,1,145,1,326,0,0,0,1,1,0,0,0,1,0
23450,0,0,1,136,1,87,0,0,1,0,0,0,1,0,1,0
21900,2,0,1,136,1,87,0,0,1,0,0,0,1,0,1,0
14500,4,37200,0,100,1,842,1,0,0,0,0,0,0,0,0,1
12500,4,103436,0,100,0,87,1,0,0,0,0,0,1,0,0,0
15454,1,29254,0,100,1,326,0,0,0,0,0,0,1,0,1,0
15251,1,34226,0,100,1,326,0,0,0,0,0,0,1,0,1,0
21900,0,11000,1,145,1,919,0,0,0,1,1,0,0,0,0,1
21999,1,12500,1,145,1,350,0,0,0,1,1,0,0,0,1,0
13000,4,39000,0,75,1,351,0,0,0,0,0,0,0,0,1,0
10790,5,120000,0,100,1,607,1,0,0,0,0,0,0,0,0,1
10790,5,120000,0,100,1,848,1,0,0,0,0,0,0,0,0,1
12500,4,103000,0,100,1,484,1,0,0,0,0,0,0,0,0,1
10800,6,149000,0,100,1,533,1,0,0,0,0,0,0,0,0,1
15990,0,0,0,100,1,276,0,0,0,0,0,0,1,1,0,0
15500,2,29820,0,75,1,750,0,0,0,0,0,0,0,0,0,1
12890,1,12800,0,100,1,341,0,0,0,0,0,0,1,0,1,0
15800,2,9958,0,100,1,476,0,0,0,0,1,0,0,0,0,1
12900,5,163000,0,100,1,819,1,0,0,0,0,0,0,0,0,1
20390,1,15920,1,145,1,412,0,0,0,1,1,0,0,0,1,0
10890,1,23666,0,100,1,326,0,0,0,0,0,0,1,0,1,0
17300,2,49859,0,100,1,276,0,0,0,0,0,0,1,1,0,0
15980,1,29980,1,145,1,326,0,0,0,1,1,0,0,0,1,0
19990,1,19479,1,145,1,489,0,0,0,1,1,0,0,0,0,1
15900,4,49200,0,100,1,552,1,0,0,0,0,0,1,0,0,1
16500,2,25300,0,100,1,346,0,0,0,0,0,0,1,0,0,1
11900,5,99000,0,100,1,542,1,0,0,0,0,0,1,0,0,1
14800,2,0,0,75,1,638,0,0,0,0,0,0,0,0,0,1
15759,1,11078,0,100,1,165,0,0,0,0,0,0,1,1,0,0
14990,1,12081,0,100,1,355,0,0,0,0,0,0,1,0,0,1
17600,1,14000,1,110,1,492,0,0,0,1,0,0,1,0,0,1
14800,2,0,0,75,1,638,0,0,0,0,0,0,0,0,0,1
14951,1,32511,0,100,1,165,0,0,0,0,0,0,1,1,0,0
11900,3,54254,0,100,1,106,0,0,0,0,0,0,0,0,1,0
14951,1,32511,0,100,1,187,0,0,0,0,0,0,1,1,0,0
11900,4,74000,0,75,1,842,0,0,0,0,0,0,1,0,0,1
14490,1,16331,0,100,1,355,0,0,0,0,0,0,1,0,0,1
15750,2,41167,0,75,1,815,0,0,0,0,0,0,0,0,0,1
15990,0,0,0,100,1,99,0,0,0,0,0,0,1,0,0,0
14990,1,0,0,100,1,99,0,0,0,0,0,0,1,0,0,0
12490,4,55469,0,100,1,146,0,0,0,0,0,0,1,0,1,0
10900,4,69225,0,75,1,146,0,0,0,0,0,0,0,0,1,0
18999,1,14000,1,145,1,495,0,0,0,1,1,0,0,0,0,1
11790,3,65747,0,75,1,146,0,0,0,0,0,0,0,0,1,0
9900,5,84750,0,100,1,117,0,0,0,0,0,0,0,1,0,0
10890,1,19882,0,100,1,326,0,0,0,0,0,0,1,0,1,0
15800,1,17500,0,100,1,638,0,0,0,0,0,0,1,0,0,1
20371,0,0,1,136,1,165,0,0,0,1,0,0,1,1,0,0
11300,3,73700,0,75,1,222,0,0,0,0,0,0,0,1,0,0
15454,1,29254,0,100,1,115,0,0,0,0,0,0,1,0,0,0
18700,1,19700,1,110,1,217,0,0,0,1,0,0,1,0,0,0
13990,4,91000,0,100,1,841,1,0,0,0,0,0,1,0,0,1
15990,1,25000,0,100,1,716,0,0,0,0,0,0,1,0,0,1
14490,1,16209,0,100,1,355,0,0,0,0,0,0,1,0,0,1
12900,2,25000,0,100,1,23,0,0,0,0,0,0,1,0,0,0
12990,4,119990,0,100,1,849,1,0,0,0,0,0,1,0,0,1
15200,4,42220,0,100,1,105,1,0,0,0,1,0,0,0,1,0
11999,1,25000,0,100,1,326,0,0,0,0,0,0,1,0,1,0
13490,4,119713,0,100,1,384,1,0,0,0,0,0,1,0,1,0
11499,4,90000,0,100,1,424,0,0,0,0,0,0,0,0,0,1
10500,4,61050,0,75,1,383,0,0,0,0,0,0,0,0,1,0
19990,1,23875,1,145,1,489,0,0,0,1,1,0,0,0,0,1
16950,1,14936,0,100,1,192,0,0,0,0,0,0,1,1,0,0
14900,3,37241,0,100,1,68,1,0,0,0,0,0,1,0,0,0
9990,3,69000,0,75,1,495,0,0,0,0,0,0,0,0,0,1
16490,3,60000,0,100,1,233,1,0,0,0,0,0,0,1,0,0
9950,6,89345,0,75,1,270,0,0,0,0,0,0,0,1,0,0
13900,5,122605,0,100,1,486,1,0,0,0,0,0,1,0,0,1
16900,0,0,0,100,1,198,0,0,0,0,0,0,0,1,0,0
16900,0,0,0,100,1,198,0,0,0,0,0,0,0,1,0,0
16900,0,0,0,100,1,198,0,0,0,0,0,0,0,1,0,0
15900,0,0,0,100,1,198,0,0,0,0,0,0,1,1,0,0
15900,0,0,0,100,1,198,0,0,0,0,0,0,1,1,0,0
18900,0,0,0,100,1,198,0,0,0,0,0,0,1,1,0,0
20900,0,0,1,110,1,198,0,0,0,1,0,0,1,1,0,0
14900,1,15000,0,100,1,315,0,0,0,0,0,0,1,0,0,1
15251,1,34226,0,100,1,165,0,0,0,0,0,0,1,1,0,0
15251,1,34226,0,100,1,177,0,0,0,0,0,0,1,1,0,0
15454,1,29254,0,100,1,177,0,0,0,0,0,0,1,1,0,0
15924,5,27868,0,136,1,11,0,0,1,0,0,0,1,0,0,0
15454,1,29254,0,100,1,11,0,0,0,0,0,0,1,0,0,0
15251,1,34226,0,100,1,11,0,0,0,0,0,0,1,0,0,0
15924,5,27868,0,136,1,187,0,0,1,0,0,0,1,1,0,0
15454,1,29254,0,100,1,187,0,0,0,0,0,0,1,1,0,0
15924,5,27868,0,136,1,165,0,0,1,0,0,0,1,1,0,0
13900,4,65000,1,100,1,523,0,0,0,0,0,0,1,0,0,1
11700,3,51186,0,75,1,99,0,0,0,0,0,0,0,0,1,0
11700,3,51186,0,75,1,22,0,0,0,0,0,0,0,0,0,0
11700,3,51186,0,75,1,488,0,0,0,0,0,0,0,0,0,1
11700,3,51186,0,75,1,326,0,0,0,0,0,0,0,0,1,0
15950,0,0,0,100,1,651,0,0,0,0,0,0,1,0,0,1
14450,0,0,0,100,1,651,0,0,0,0,0,0,1,0,0,1
16900,0,0,1,100,1,651,0,0,0,1,0,0,1,0,0,1
11700,3,51186,0,75,1,86,0,0,0,0,0,0,0,0,0,0
12300,6,89000,0,100,1,667,0,0,0,0,1,0,0,0,0,1
14800,3,38310,0,100,1,638,1,0,0,0,0,0,0,0,0,1
7900,4,240000,0,100,1,495,1,0,0,0,0,0,1,0,0,1
19300,1,18000,1,145,1,492,0,0,0,1,1,0,0,0,0,1
14800,4,60000,0,100,1,177,1,0,0,0,0,0,1,1,0,0
11500,5,48900,0,100,1,588,0,0,0,0,0,0,1,0,0,1
17200,1,1,0,100,1,177,0,0,0,0,0,0,1,1,0,0
20500,0,1,0,100,1,177,0,0,0,0,0,0,1,1,0,0
13990,1,28255,0,100,1,383,0,0,0,0,0,0,1,0,1,0
14899,1,12736,0,100,1,514,0,0,0,0,0,0,1,0,0,1
15400,3,27536,1,130,1,127,0,0,0,0,1,0,0,0,0,0
12900,4,16035,0,100,1,101,0,0,0,0,0,0,1,0,1,0
12700,1,16900,0,100,1,275,0,0,0,0,0,0,1,1,0,0
15924,5,27868,0,136,1,115,0,0,1,0,0,0,1,0,0,0
17300,2,45899,0,100,1,276,0,0,0,0,0,0,1,1,0,0
9999,5,210000,0,100,1,542,1,0,0,0,0,0,1,0,0,1
20371,0,0,1,136,1,115,0,0,0,1,0,0,1,0,0,0
12990,3,39900,0,75,1,477,0,0,0,0,0,0,0,0,0,1
11900,4,1,0,75,1,514,0,0,0,0,0,0,0,0,0,1
11999,1,36000,0,100,1,326,0,0,0,0,0,0,1,0,1,0
15900,0,0,0,100,1,476,0,0,0,0,0,0,1,0,0,1
13000,5,86000,0,101,0,326,0,0,0,0,0,0,1,0,1,0
11900,2,24000,0,100,1,326,0,0,0,0,0,0,1,0,1,0
18900,2,20112,0,100,1,750,0,0,0,0,1,0,0,0,0,1
13950,2,27400,0,75,1,490,0,0,0,0,0,0,0,0,0,1
11900,4,46000,0,75,1,92,0,0,0,0,0,0,0,0,0,0
13500,2,39000,0,100,1,523,0,0,0,0,0,0,1,0,0,1
15759,1,11078,0,100,1,115,0,0,0,0,0,0,1,0,0,0
23200,2,8500,1,136,1,177,0,0,0,1,1,0,0,1,0,0
22900,1,0,1,110,1,500,0,0,0,1,0,0,1,0,0,1
10890,1,15865,0,100,1,326,0,0,0,0,0,0,1,0,1,0
17300,2,38113,0,100,1,233,0,0,0,0,0,0,1,1,0,0
11300,5,80441,0,100,1,40,1,0,0,0,0,0,0,0,0,0
17890,2,21211,0,100,1,196,0,0,0,0,1,0,0,1,0,0
13000,3,20350,0,100,0,326,0,0,0,0,0,0,1,0,1,0
10890,1,18301,0,100,1,326,0,0,0,0,0,0,1,0,1,0
14990,1,22243,0,100,1,355,0,0,0,0,0,0,1,0,0,1
14200,3,56276,0,100,1,60,1,0,0,0,0,0,1,0,0,0
12950,3,101300,0,100,1,518,1,0,0,0,0,0,1,0,0,1
11500,4,34000,0,75,1,533,0,0,0,0,0,0,0,0,0,1
11950,3,18700,0,75,1,499,0,0,0,0,0,0,0,0,0,1
11990,6,85000,0,100,1,480,1,0,0,0,0,0,1,0,0,1
13650,1,26798,0,100,1,23,0,0,0,0,0,0,1,0,0,0
19990,1,24743,1,145,1,489,0,0,0,1,1,0,0,0,0,1
9500,6,128000,0,75,1,481,0,0,0,0,0,0,0,0,0,1
12900,3,63000,0,100,1,333,0,0,0,0,0,0,0,0,1,0
15690,1,17887,0,100,1,196,0,0,0,0,0,0,1,1,0,0
14951,1,32511,0,100,1,115,0,0,0,0,0,0,1,0,0,0
21490,0,2000,1,110,1,618,0,0,0,1,0,0,1,0,0,1
13499,5,69000,0,100,1,87,1,0,0,0,0,0,1,0,1,0
16200,0,0,0,100,1,25,0,0,0,0,0,0,1,0,0,0
19900,1,1,0,100,1,819,0,0,0,0,0,0,1,0,0,1
18900,1,30000,1,110,1,162,0,0,0,1,1,0,0,1,0,0
11850,3,32000,0,75,1,533,0,0,0,0,0,0,0,0,0,1
18900,0,4300,1,110,1,217,0,0,0,1,0,0,0,0,0,0
15500,2,26363,0,100,1,341,0,0,0,0,1,0,0,0,0,1
9600,4,43500,0,75,1,476,0,0,0,0,0,0,1,0,0,1
16300,1,20269,0,100,1,764,0,0,0,0,0,0,1,0,0,1
19900,1,5700,1,145,1,262,0,0,0,1,1,0,0,1,0,0
15900,3,58000,0,100,1,914,1,0,0,0,0,0,1,0,0,1
17300,2,47114,0,100,1,276,0,0,0,0,0,0,1,1,0,0
18900,1,16121,1,110,1,500,0,0,0,1,0,0,1,0,0,1
19700,1,31105,1,136,1,764,0,0,0,1,1,0,0,0,0,1
17300,0,0,1,110,1,275,0,0,0,1,0,0,1,1,0,0
12950,5,46740,0,100,1,486,1,0,0,0,0,0,0,0,0,1
11900,5,50000,0,100,1,807,1,0,0,0,0,0,0,0,0,1
20800,1,3000,1,110,1,500,0,0,0,1,1,0,0,0,0,1
15900,6,60000,1,100,1,500,0,0,0,0,1,0,0,0,0,1
13400,3,24590,0,100,0,858,0,0,0,0,0,0,0,0,0,1
19500,1,10000,1,110,1,490,0,0,0,1,0,0,1,0,0,1
15900,0,10,0,100,1,271,0,0,0,0,0,0,1,1,0,0
15900,0,10,0,100,1,271,0,0,0,0,0,0,1,1,0,0
15900,0,10,0,100,1,271,0,0,0,0,0,0,1,1,0,0
11990,5,69000,0,100,1,485,1,0,0,0,0,0,1,0,0,1
18990,1,25455,1,145,1,489,0,0,0,1,1,0,0,0,0,1
14400,2,21500,0,75,0,288,0,0,0,0,0,0,0,1,0,0
15900,1,19000,0,100,1,350,0,0,0,0,0,0,1,0,1,0
15900,1,24000,0,100,1,350,0,0,0,0,0,0,1,0,1,0
15300,1,8852,1,110,1,23,0,0,0,1,0,0,1,0,0,0
20500,1,15100,1,145,1,25,0,0,0,1,1,0,0,0,0,0
14899,1,20000,0,100,1,514,0,0,0,0,0,0,1,0,0,1
17890,2,15174,0,100,1,196,0,0,0,0,1,0,0,1,0,0
18400,1,13638,1,136,1,750,0,0,0,1,0,0,1,0,0,1
17990,3,31075,0,100,1,852,1,0,0,0,0,0,1,0,0,1
13690,2,24000,0,100,1,326,0,0,0,0,0,0,1,0,1,0
18450,3,82260,0,100,1,618,1,0,0,0,1,0,0,0,0,1
15990,3,29990,0,100,1,355,1,0,0,0,0,0,0,0,0,1
10490,6,62000,0,100,1,485,0,0,0,0,0,0,0,0,0,1
19400,1,13000,1,145,1,492,0,0,0,1,1,0,0,0,0,1
11999,3,130000,0,100,1,525,1,0,0,0,0,0,0,0,0,1
12900,1,15000,0,100,1,326,0,0,0,0,0,0,1,0,1,0
20371,0,0,1,136,1,187,0,0,0,1,0,0,1,1,0,0
12900,3,59696,0,100,1,495,0,0,0,0,0,0,1,0,0,1
19900,1,0,1,110,1,201,0,0,0,1,0,0,1,1,0,0
18800,0,0,0,100,1,283,0,0,0,0,0,0,1,1,0,0
10999,5,88000,0,75,1,484,0,0,0,0,0,0,0,0,0,1
11999,4,145000,0,100,1,484,1,0,0,0,0,0,0,0,0,1
13500,4,43747,0,100,0,480,1,0,0,0,1,0,0,0,0,1
12990,3,46000,0,75,1,477,0,0,0,0,0,0,1,0,0,1
13700,5,56784,0,100,1,16,1,0,0,0,1,0,0,0,0,0
16200,1,24500,0,100,1,217,0,0,0,0,0,0,1,0,0,0
14900,3,52026,0,100,1,326,0,0,0,0,0,0,0,0,1,0
18500,2,40000,1,110,0,326,0,0,0,1,0,0,1,0,1,0
14990,1,14818,0,100,1,355,0,0,0,0,0,0,1,0,0,1
22900,1,0,1,110,1,500,0,0,0,1,0,0,1,0,0,1
22900,1,0,1,110,1,500,0,0,0,1,0,0,1,0,0,1
17800,0,0,0,100,1,914,0,0,0,0,0,0,0,0,0,1
15900,2,14900,0,75,1,333,0,0,0,0,0,0,1,0,1,0
9900,4,36450,0,75,1,454,0,0,0,0,0,0,0,0,0,1
16800,1,16610,0,100,1,286,0,0,0,0,0,0,1,1,0,0
17300,2,36966,0,100,1,276,0,0,0,0,0,0,1,1,0,0
12200,3,29337,0,100,1,326,0,0,0,0,0,0,0,0,1,0
10890,1,24227,0,100,1,326,0,0,0,0,0,0,1,0,1,0
13500,5,74598,0,100,1,750,1,0,0,0,0,0,0,0,0,1
16900,1,0,1,145,1,476,0,0,0,1,0,0,1,0,0,1
16400,1,14400,0,100,1,217,0,0,0,0,0,0,1,0,0,0
12000,6,130000,0,100,1,793,1,0,0,0,0,0,1,0,0,1
11200,5,101000,0,100,1,217,0,0,0,0,0,0,1,0,0,0
11500,4,75000,0,100,1,423,0,0,0,0,0,0,0,0,0,1
11490,3,70000,0,75,1,484,0,0,0,0,0,0,0,0,0,1
15900,1,21414,1,145,1,350,0,0,0,1,1,0,0,0,1,0
11490,4,157890,0,100,1,793,1,0,0,0,0,0,1,0,0,1
16490,0,0,0,100,1,907,0,0,0,0,0,0,1,0,0,1
8800,6,19000,0,75,1,75,0,0,0,0,0,0,0,0,0,0
11500,3,5150,0,100,1,106,0,0,0,0,0,0,1,0,1,0
17500,1,1,1,110,1,463,0,0,0,1,0,0,1,0,0,1
14500,1,17200,0,100,1,463,0,0,0,0,0,0,1,0,0,1
20000,1,1,1,110,1,463,0,0,0,1,0,0,1,0,0,1
12300,3,57621,0,75,1,177,0,0,0,0,0,0,0,1,0,0
12900,1,0,0,100,1,490,0,0,0,0,0,0,1,0,0,1
20900,1,0,1,110,1,747,0,0,0,0,0,0,1,0,0,1
13500,3,61317,0,100,1,106,0,0,0,0,0,0,0,0,1,0
21900,0,1620,1,100,1,436,0,0,0,1,0,0,1,0,0,1
12500,3,37000,0,75,0,355,0,0,0,0,0,0,0,0,0,1
10990,6,95000,0,100,1,275,1,0,0,0,0,0,1,1,0,0
16900,1,14435,0,100,1,619,0,0,0,0,0,0,1,0,0,1
11300,6,74000,0,100,1,750,0,0,0,0,0,0,1,0,0,1
18900,0,1635,0,100,1,436,0,0,0,0,0,0,0,0,0,1
13800,3,29982,0,100,1,326,0,0,0,0,0,0,1,0,1,0
14500,1,26104,0,100,1,276,0,0,0,0,0,0,1,1,0,0
18450,1,16616,1,145,1,144,0,0,0,1,1,0,0,1,0,0
13900,1,14000,0,100,1,490,0,0,0,0,0,0,1,0,0,1
11300,4,80600,0,75,1,495,0,0,0,0,0,0,0,0,0,1
13700,3,40101,0,100,1,326,0,0,0,0,0,0,1,0,1,0
13000,6,75000,0,100,1,853,0,0,0,0,0,0,0,0,0,1
15800,1,17117,0,100,1,335,0,0,0,0,0,0,1,0,0,1
17999,1,18200,1,110,1,809,0,0,0,1,0,0,1,0,0,1
15950,2,12200,0,100,1,276,0,0,0,0,1,0,0,1,0,0
11700,6,108000,0,100,1,195,0,0,0,0,0,0,1,0,1,0
12900,5,60000,0,100,1,495,1,0,0,0,0,0,0,0,0,1
11400,5,138000,0,100,1,568,1,0,0,0,0,0,0,0,0,1
11950,6,69500,0,100,1,177,1,0,0,0,0,0,1,1,0,0
22800,0,0,1,145,1,144,0,0,0,1,1,0,0,1,0,0
13900,3,5700,0,75,1,808,0,0,0,0,0,0,0,0,0,1
18300,1,0,0,100,1,196,0,0,0,0,0,0,1,1,0,0
16990,0,0,0,100,1,115,0,0,0,0,0,0,1,0,0,0
17990,0,0,0,100,1,276,0,0,0,0,0,0,0,1,0,0
17000,5,40000,0,100,0,774,0,0,0,0,0,0,1,0,0,1
17990,1,0,0,100,1,276,0,0,0,0,0,0,1,1,0,0
15500,3,1600,0,75,1,819,0,0,0,0,0,0,0,0,0,1
22800,0,0,1,145,1,144,0,0,0,1,1,0,0,1,0,0
10500,3,67000,0,75,1,209,0,0,0,0,0,0,0,0,0,0
19500,0,0,0,100,1,201,0,0,0,0,0,0,1,1,0,0
12000,4,60700,0,75,0,177,0,0,0,0,0,0,1,1,0,0
15000,4,25000,1,136,1,292,0,0,1,0,0,0,1,1,0,0
11800,6,51005,0,100,1,105,0,0,0,0,0,0,0,0,1,0
20000,1,6700,1,145,1,514,0,0,0,1,1,0,0,0,0,1
11499,6,75000,0,75,1,479,0,0,0,0,0,0,1,0,0,1
9900,5,89570,0,75,1,463,0,0,0,0,0,0,0,0,0,1
17800,2,69,1,110,1,177,0,0,0,0,0,0,0,1,0,0
19850,1,17604,1,145,1,494,0,0,0,0,1,0,0,0,0,1
19900,0,0,0,100,1,301,0,0,0,0,0,0,1,1,0,0
17750,1,16131,1,136,1,144,0,0,0,1,1,0,0,1,0,0
18990,0,0,1,100,1,115,0,0,0,1,0,0,1,0,0,0
14999,3,25900,1,100,1,861,0,0,0,0,1,0,0,0,0,1
12990,4,150000,0,75,1,761,0,0,0,0,0,0,0,0,0,1
11990,6,116000,0,100,1,861,0,0,0,0,0,0,1,0,0,1
17990,0,0,0,100,1,276,0,0,0,0,0,0,0,1,0,0
18990,1,17651,1,110,1,276,0,0,0,1,1,0,0,1,0,0
13900,4,106500,0,100,1,855,1,0,0,0,0,0,0,0,0,1
21900,0,1620,1,100,1,628,0,0,0,1,0,0,1,0,0,1
16500,1,25314,1,110,1,708,0,0,0,1,0,0,1,0,0,1
8500,5,119000,0,75,1,222,0,0,0,0,0,0,0,1,0,0
19990,1,0,1,110,1,495,0,0,0,1,0,0,1,0,0,1
19450,0,0,1,110,1,651,0,0,0,1,0,0,1,0,0,1
9500,6,75000,0,75,1,14,0,0,0,0,0,0,0,0,0,0
23800,0,0,1,145,1,144,0,0,0,1,1,0,0,1,0,0
11990,3,49725,0,100,1,487,0,0,0,0,0,0,1,0,0,1
19400,1,16694,1,136,1,87,0,0,0,1,1,0,0,0,1,0
11000,5,47420,0,75,1,476,0,0,0,0,0,0,0,0,0,1
14900,1,9357,0,100,1,463,0,0,0,0,0,0,1,0,0,1
19900,1,15285,1,136,1,162,0,0,0,0,1,0,0,1,0,0
13900,2,49899,0,100,1,190,0,0,0,0,0,0,1,1,0,0
13300,4,63221,0,100,1,505,1,0,0,0,0,0,1,0,0,1
14500,4,110000,0,100,1,840,1,0,0,0,0,0,1,0,0,1
14999,5,58388,0,100,1,839,0,0,0,0,0,0,1,0,0,1
21900,0,1100,1,100,1,628,0,0,0,1,0,0,1,0,0,1
10950,3,70263,0,100,1,202,1,0,0,0,0,0,1,1,0,0
14899,1,22900,0,100,1,187,0,0,0,0,0,0,1,1,0,0
17990,1,14000,1,145,1,490,0,0,0,1,1,0,0,0,0,1
15999,5,94000,0,100,1,819,1,0,0,0,1,0,0,0,0,1
9900,4,71000,0,75,1,484,0,0,0,0,0,0,0,0,0,1
10500,6,85000,0,75,1,511,0,0,0,0,0,0,0,0,0,1
13500,1,18000,0,100,1,326,0,0,0,0,0,0,1,0,1,0
16900,1,25000,1,145,1,495,0,0,0,1,1,0,0,0,0,1
10000,3,19000,0,75,1,550,0,0,0,0,0,0,0,0,0,1
14995,2,8400,0,75,1,276,0,0,0,0,0,0,0,1,0,0
13800,4,145000,0,100,1,755,1,0,0,0,0,0,0,0,0,1
16900,0,30,0,100,1,84,0,0,0,0,0,0,0,0,1,0
18200,0,1,0,100,1,132,0,0,0,0,0,0,0,0,0,0
16900,1,20000,0,100,1,623,0,0,0,0,0,0,1,0,0,1
15400,1,21721,0,100,1,495,0,0,0,0,0,0,1,0,0,1
12900,4,98881,0,100,1,89,1,0,0,0,0,0,0,0,0,0
12800,3,46000,0,100,1,914,0,0,0,0,0,0,0,0,0,1
14450,1,19898,0,100,1,144,0,0,0,0,0,0,1,1,0,0
14900,4,41000,1,130,1,196,0,0,0,0,1,0,0,1,0,0
21900,0,1655,1,100,1,628,0,0,0,1,0,0,1,0,0,1
15490,3,77000,0,100,1,339,1,0,0,0,0,0,1,0,0,1
14900,1,7183,0,100,1,284,0,0,0,0,0,0,1,1,0,0
11999,4,117000,0,100,1,735,1,0,0,0,0,0,0,0,0,1
14890,2,12523,0,100,1,284,0,0,0,0,1,0,0,1,0,0
21900,0,1600,1,100,1,628,0,0,0,1,0,0,1,0,0,1
14990,0,0,0,100,1,115,0,0,0,0,0,0,1,0,0,0
11000,5,63771,0,75,1,285,0,0,0,0,0,0,0,1,0,0
19900,1,13255,1,145,1,276,0,0,0,0,1,0,0,1,0,0
15450,2,36743,0,100,1,144,0,0,0,0,1,0,0,1,0,0
20900,0,0,1,110,1,206,0,0,0,1,0,0,1,1,0,0
17500,0,0,1,110,1,611,0,0,0,1,0,0,1,0,0,1
18900,0,1635,0,100,1,628,0,0,0,0,0,0,0,0,0,1
16700,2,10381,0,100,1,326,0,0,0,0,1,0,0,0,1,0
10990,6,75891,0,75,1,560,0,0,0,0,0,0,0,0,0,1
12500,5,41000,0,100,1,842,0,0,0,0,1,0,0,0,0,1
13950,1,31075,1,110,1,326,0,0,0,1,0,0,1,0,1,0
12500,4,64067,0,100,1,350,0,0,0,0,0,0,0,0,0,1
12500,4,64067,0,100,1,326,0,0,0,0,0,0,0,0,1,0
10850,5,82966,0,100,1,83,1,0,0,0,0,0,1,0,1,0
16900,1,20423,1,110,1,276,0,0,0,0,0,0,1,1,0,0
11200,4,167100,0,100,1,695,1,0,0,0,0,0,1,0,0,1
18900,0,0,0,100,1,198,0,0,0,0,0,0,1,1,0,0
19900,1,13000,1,110,1,171,0,0,0,1,0,0,1,1,0,0
19900,1,18250,1,136,1,302,0,0,0,1,1,0,0,1,0,0
10990,5,87000,1,100,1,443,0,0,0,0,0,0,1,0,0,1
18790,1,18142,1,110,1,276,0,0,0,1,1,0,0,1,0,0
13900,2,85000,0,75,1,841,0,0,0,0,0,0,0,0,0,1
13150,3,26112,0,75,1,326,0,0,0,0,0,0,0,0,1,0
11890,6,120000,0,100,1,831,1,0,0,0,0,0,1,0,0,1
9900,5,117000,0,75,1,303,0,0,0,0,0,0,1,1,0,0
22000,1,0,1,110,1,480,0,0,0,1,0,0,1,0,0,1
13990,4,47325,0,100,1,712,1,0,0,0,0,0,1,0,0,1
9949,6,65925,0,100,1,276,0,0,0,0,0,0,0,1,0,0
14850,3,51059,0,100,1,326,1,0,0,0,0,0,1,0,1,0
19950,1,15000,1,110,0,276,0,0,0,1,1,0,0,1,0,0
15800,2,27084,0,100,1,478,0,0,0,0,1,0,0,0,0,1
10400,6,100515,0,100,1,49,0,0,0,0,0,0,0,0,0,0
14600,1,19554,1,136,1,326,0,0,0,1,0,0,1,0,1,0
11500,3,72000,0,75,1,229,0,0,0,0,0,0,0,1,0,0
13450,3,20667,0,75,1,87,0,0,0,0,0,0,0,0,1,0
21900,0,1600,1,100,1,436,0,0,0,1,0,0,1,0,0,1
11450,3,33000,0,75,1,499,0,0,0,0,0,0,1,0,0,1
17490,1,19957,1,136,1,40,0,0,0,1,1,0,0,0,0,0
14490,4,13445,1,136,1,180,0,0,1,0,0,0,0,1,0,0
14490,4,13445,1,136,1,40,0,0,1,0,0,0,0,0,0,0
17490,1,19957,1,136,1,180,0,0,0,1,1,0,0,1,0,0
12990,5,78665,1,130,1,276,0,0,0,0,0,0,1,1,0,0
15200,3,93000,0,100,1,568,1,0,0,0,0,0,1,0,0,1
19990,1,0,0,100,1,276,0,0,0,0,0,0,1,1,0,0
20490,1,10800,1,145,1,500,0,0,0,1,1,0,0,0,0,1
15491,0,1,0,100,1,123,0,0,0,0,0,0,1,0,0,0
20500,1,0,1,110,1,480,0,0,0,1,0,0,1,0,0,1
19290,0,0,1,100,1,115,0,0,0,1,0,0,1,0,0,0
9900,6,102670,0,100,1,279,1,0,0,0,0,0,1,1,0,0
10300,6,66000,0,75,1,763,0,0,0,0,0,0,0,0,0,1
18990,1,13024,1,110,1,495,0,0,0,1,0,0,1,0,0,1
9490,6,101000,0,100,1,275,1,0,0,0,0,0,1,1,0,0
21900,0,1100,1,100,1,436,0,0,0,1,0,0,1,0,0,1
16200,1,12250,0,100,1,87,0,0,0,0,0,0,1,0,1,0
19900,0,1,0,100,1,731,0,0,0,0,0,0,1,0,0,1
14500,1,14419,0,100,1,276,0,0,0,0,0,0,1,1,0,0
19900,0,1,0,100,1,819,0,0,0,0,0,0,1,0,0,1
15950,1,14500,0,100,1,130,0,0,0,0,0,0,1,1,0,0
24900,1,0,1,136,1,127,0,0,0,1,1,0,0,0,0,0
18900,1,0,0,100,1,747,0,0,0,0,0,0,1,0,0,1
17990,1,15990,1,136,1,112,0,0,0,1,1,0,0,0,0,0
13700,3,26973,0,100,1,326,0,0,0,0,0,0,1,0,1,0
16800,0,0,0,100,1,253,0,0,0,0,0,0,1,1,0,0
14500,2,46913,1,100,1,233,0,0,0,1,0,0,0,1,0,0
18700,1,21414,1,145,1,350,0,0,0,1,1,0,0,0,1,0
18900,0,1613,0,100,1,436,0,0,0,0,0,0,0,0,0,1
19499,2,29000,0,100,1,492,0,0,0,0,1,0,0,0,0,1
13950,4,42594,0,100,1,87,1,0,0,0,0,0,1,0,1,0
18250,1,0,0,100,1,210,0,0,0,0,0,0,1,1,0,0
15500,1,21150,0,100,1,775,0,0,0,0,0,0,1,0,0,1
12450,3,39183,0,75,1,326,0,0,0,0,0,0,0,0,1,0
18590,1,22887,1,110,1,356,0,0,0,1,0,0,1,0,1,0
12500,4,43946,0,100,1,326,0,0,0,0,0,0,0,0,1,0
12500,4,43946,0,100,1,350,0,0,0,0,0,0,0,0,0,1
10950,3,27310,0,100,1,202,0,0,0,0,0,0,1,1,0,0
15990,1,27351,1,110,1,708,0,0,0,1,0,0,1,0,0,1
13900,4,54000,0,100,1,842,1,0,0,0,0,0,0,0,0,1
15900,0,0,1,100,1,234,0,0,0,1,0,0,1,0,1,0
21900,0,1655,1,100,1,436,0,0,0,1,0,0,1,0,0,1
14300,3,49191,0,100,1,326,1,0,0,0,0,0,1,0,1,0
14900,5,76800,1,136,1,127,0,0,1,0,0,0,1,0,0,0
11990,3,52418,0,100,1,40,0,0,0,0,1,0,0,0,0,0
17750,0,0,1,110,1,521,0,0,0,1,0,0,0,0,0,1
18900,0,1613,0,100,1,628,0,0,0,0,0,0,0,0,0,1
17500,0,0,0,100,1,747,0,0,0,0,0,0,0,0,0,1
21990,1,7852,1,110,1,623,0,0,0,1,0,0,0,0,0,1
12500,4,55000,0,75,1,872,0,0,0,0,0,0,0,0,0,1
16500,1,16000,0,100,1,914,0,0,0,0,0,0,1,0,0,1
14000,3,35000,0,75,1,658,0,0,0,0,0,0,0,0,0,1
12990,3,75000,0,100,1,326,0,0,0,0,1,0,0,0,1,0
10900,4,60000,0,75,1,495,0,0,0,0,0,0,1,0,0,1
21900,1,20000,1,145,1,140,0,0,0,1,1,0,0,0,0,0
11200,4,29300,0,75,0,134,0,0,0,0,0,0,1,0,0,0
12499,5,100000,0,100,1,773,0,0,0,0,0,0,1,0,0,1
12000,4,60000,0,75,1,623,0,0,0,0,0,0,0,0,0,1
15500,2,19500,0,100,1,326,0,0,0,0,0,0,1,0,1,0
12400,5,130000,0,100,1,511,1,0,0,0,0,0,1,0,0,1
12999,5,85000,0,100,1,750,1,0,0,0,0,0,1,0,0,1
16400,1,15500,0,100,1,217,0,0,0,0,0,0,1,0,0,0
15990,0,0,0,100,1,214,0,0,0,0,0,0,0,1,0,0
11800,4,115000,0,100,1,485,1,0,0,0,0,0,1,0,0,1
10490,4,48000,0,75,1,344,0,0,0,0,0,0,0,0,1,0
9990,6,109000,0,102,1,499,1,0,0,0,0,0,0,0,0,1
23590,0,3190,1,145,0,271,0,0,0,1,1,0,0,1,0,0
14999,3,18000,1,100,1,628,0,0,0,0,0,0,1,0,0,1
15400,1,0,0,100,1,87,0,0,0,0,0,0,0,0,0,0
17000,5,50000,0,100,0,276,1,0,0,0,0,0,0,1,0,0
15800,2,17000,1,100,1,198,0,0,0,0,0,0,1,1,0,0
16900,1,0,0,100,1,715,0,0,0,0,0,0,1,0,0,1
9500,6,100000,0,100,1,568,1,0,0,0,0,0,1,0,0,1
9500,2,77040,0,75,0,156,0,0,0,0,0,0,0,0,0,0
6900,4,80000,1,100,1,326,0,0,0,0,0,0,1,0,1,0
11000,6,96700,0,75,0,322,0,0,0,0,0,0,0,1,0,0
12900,5,68961,0,100,1,848,0,0,0,0,0,0,1,0,0,1
13000,3,26500,0,100,0,301,0,0,0,0,0,0,0,0,1,0
12400,4,67000,0,75,1,194,0,0,0,0,0,0,0,0,1,0
10990,6,139000,0,100,1,484,1,0,0,0,0,0,1,0,0,1
16490,1,19000,1,100,1,499,0,0,0,1,0,0,1,0,0,1
18950,1,19100,1,145,1,499,0,0,0,1,1,0,0,0,0,1
17500,2,30000,0,100,1,751,0,0,0,0,1,0,0,0,0,1
10900,5,73000,0,100,1,495,0,0,0,0,0,0,1,0,0,1
11500,4,125000,0,100,1,875,1,0,0,0,0,0,0,0,0,1
13900,4,44928,1,100,1,214,0,0,0,0,1,0,0,1,0,0
12500,5,70000,0,75,1,215,0,0,0,0,0,0,0,0,0,0
15759,1,11078,0,100,1,326,0,0,0,0,0,0,1,0,1,0
18000,3,22500,1,136,0,95,0,0,1,0,0,0,1,0,0,0
11899,5,124000,0,100,1,495,1,0,0,0,0,0,1,0,0,1
12500,3,18000,0,100,0,326,0,0,0,0,0,0,0,0,1,0
12999,5,73000,0,100,1,411,1,0,0,0,0,0,1,0,1,0
13950,1,13600,0,100,1,499,0,0,0,0,0,0,1,0,0,1
13950,1,9500,0,100,1,499,0,0,0,0,0,0,1,0,0,1
10000,5,67000,0,75,0,86,0,0,0,0,0,0,0,0,0,0
11900,3,75367,0,75,1,348,0,0,0,0,0,0,0,0,0,1
11500,6,138000,1,101,1,471,0,0,0,0,0,0,1,0,0,1
11200,3,19000,0,75,1,495,0,0,0,0,0,0,0,0,0,1
14290,3,37500,0,100,1,99,0,0,0,0,1,0,0,1,0,0
11000,5,116000,0,100,0,65,0,0,0,0,0,0,1,0,0,0
15900,4,69000,0,100,1,819,1,0,0,0,0,0,1,0,0,1
10500,6,72000,0,100,1,339,0,0,0,0,0,0,1,0,1,0
23900,0,0,1,145,1,185,0,0,0,1,1,0,0,1,0,0
12800,4,60000,0,100,1,474,0,0,0,0,0,0,0,0,0,1
13950,4,75000,0,100,1,474,1,0,0,0,0,0,1,0,0,1
14900,4,39900,1,100,0,708,0,0,0,0,0,0,1,0,0,1
17500,1,19100,1,145,1,146,0,0,0,1,1,0,0,0,0,0
18900,1,15000,1,145,1,140,0,0,0,1,0,0,1,0,0,0
17000,2,21690,0,100,1,724,0,0,0,0,1,0,0,0,0,1
15300,1,19400,0,100,1,104,0,0,0,0,0,0,1,0,1,0
12900,4,90000,0,100,1,495,1,0,0,0,1,0,0,0,0,1
11900,6,59000,0,100,1,662,0,0,0,0,0,0,1,0,0,1
15000,5,64000,0,100,1,276,1,0,0,0,1,0,0,1,0,0
21900,0,214,1,110,1,683,0,0,0,1,0,0,1,0,0,1
16500,4,36500,0,100,0,164,1,0,0,0,1,0,0,0,1,0
13900,4,53000,0,100,1,326,1,0,0,0,0,0,1,0,1,0
19900,1,0,0,100,1,682,0,0,0,0,0,0,1,0,0,1
12999,3,88060,0,100,1,177,0,0,0,0,0,0,1,1,0,0
15499,2,30000,0,100,1,733,0,0,0,0,1,0,0,0,0,1
14350,1,19000,0,100,1,16,0,0,0,0,0,0,1,0,0,0
21600,1,14800,1,145,1,217,0,0,0,1,1,0,0,0,0,0
14900,4,99000,1,136,0,824,0,0,1,0,0,0,1,0,0,1
13900,2,49171,0,75,1,121,0,0,0,0,0,0,0,1,0,0
18900,1,22000,1,145,1,283,0,0,0,1,1,0,0,1,0,0
16900,0,0,0,75,1,100,0,0,0,0,0,0,1,1,0,0
20900,1,15000,1,136,1,140,0,0,0,1,1,0,0,0,0,0
12000,6,92000,0,100,0,486,1,0,0,0,1,0,0,0,0,1
24500,1,14400,1,156,1,217,0,0,1,0,1,0,0,0,0,0
12500,4,45100,0,75,1,484,0,0,0,0,0,0,1,0,0,1
14500,3,18000,0,100,0,276,0,0,0,0,0,0,1,1,0,0
9200,6,120000,0,100,1,647,1,0,0,0,0,0,0,0,0,1
11700,3,81000,0,75,1,237,0,0,0,0,0,0,0,0,1,0
10400,6,76000,0,75,1,782,0,0,0,0,0,0,0,0,0,1
19800,0,0,1,110,1,283,0,0,0,1,0,0,1,1,0,0
11900,6,26000,0,100,1,51,0,0,0,0,0,0,1,0,0,0
12900,4,12000,0,75,1,51,0,0,0,0,0,0,0,0,0,0
12900,3,16000,0,75,1,51,0,0,0,0,0,0,0,0,0,0
13490,4,58800,0,100,1,412,1,0,0,0,0,0,0,0,0,1
24900,1,6800,1,156,1,217,0,0,1,0,1,0,0,0,0,0
15000,4,52000,0,100,1,69,1,0,0,0,0,0,0,0,0,0
13500,3,9400,0,100,1,51,0,0,0,0,0,0,1,0,0,0
15759,1,11078,0,100,1,11,0,0,0,0,0,0,1,0,0,0
13490,4,54000,0,100,1,103,1,0,0,0,0,0,1,0,0,0
14400,4,31000,0,100,0,233,1,0,0,0,0,0,1,1,0,0
10450,6,134000,0,100,1,326,1,0,0,0,0,0,1,0,1,0
14400,3,37197,0,75,1,216,0,0,0,0,0,0,0,1,0,0
12100,6,74570,1,100,1,192,0,0,0,0,0,0,1,1,0,0
15750,2,7500,0,75,0,245,0,0,0,0,0,0,0,1,0,0
10500,6,88000,0,100,0,764,1,0,0,0,0,0,1,0,0,1
10900,5,120000,0,100,1,607,1,0,0,0,0,0,0,0,0,1
10900,5,120000,0,100,1,848,1,0,0,0,0,0,0,0,0,1
16900,4,25205,1,130,1,608,0,0,0,0,1,0,0,0,0,1
15900,1,0,0,100,1,608,0,0,0,0,0,0,1,0,0,1
13923,4,40551,0,100,1,99,0,0,0,0,0,0,1,0,1,0
17800,2,15231,1,136,1,326,0,0,0,1,1,0,0,0,1,0
10900,5,75647,0,100,1,276,0,0,0,0,0,0,1,1,0,0
12500,5,99775,0,100,1,276,0,0,0,0,1,0,0,1,0,0
13900,4,41456,0,100,1,200,0,0,0,0,0,0,1,0,1,0
13900,4,36002,0,100,1,65,0,0,0,0,0,0,0,0,0,0
13400,6,59610,0,100,1,608,0,0,0,0,0,0,1,0,0,1
14040,4,40312,0,75,1,99,0,0,0,0,0,0,1,0,1,0
13999,3,16973,0,75,1,475,0,0,0,0,0,0,1,0,0,1
13087,1,38119,0,100,1,99,0,0,0,0,0,0,1,0,1,0
16900,4,69270,0,100,1,608,1,0,0,0,1,0,0,0,0,1
15900,4,44510,0,100,1,608,1,0,0,0,0,0,1,0,0,1
12500,2,28196,0,75,1,276,0,0,0,0,0,0,0,1,0,0
16900,3,37502,0,100,1,608,0,0,0,0,1,0,0,0,0,1
11816,4,51978,0,75,1,99,0,0,0,0,0,0,0,0,1,0
13999,6,35006,1,100,1,475,0,0,0,0,0,0,0,0,0,1
11150,5,59000,0,100,1,83,0,0,0,0,0,0,1,0,1,0
15700,6,18003,0,100,1,608,1,0,0,0,1,0,0,0,0,1
14500,3,87628,0,100,1,276,1,0,0,0,0,0,1,1,0,0
20900,1,50,0,100,1,65,0,0,0,0,0,0,1,0,0,0
16500,4,45150,1,130,1,608,0,0,0,0,1,0,0,0,0,1
12200,6,67737,0,75,1,608,0,0,0,0,0,0,0,0,0,1
21900,0,11000,1,145,1,919,0,0,0,1,1,0,0,0,0,1
17499,2,24000,1,110,0,486,0,0,0,1,0,0,1,0,0,1
15000,1,3500,0,100,1,486,0,0,0,0,0,0,1,0,0,1
16200,1,27400,0,100,1,217,0,0,0,0,0,0,1,0,0,0
12900,5,70571,1,100,1,478,0,0,0,0,1,0,0,0,0,1
12500,6,62000,0,75,1,178,0,0,0,0,0,0,0,1,0,0
11700,4,96000,0,100,1,87,1,0,0,0,0,0,0,0,1,0
17200,0,0,0,100,1,188,0,0,0,0,0,0,1,1,0,0
22600,0,0,1,145,1,188,0,0,0,1,0,0,1,1,0,0
14499,1,15000,0,100,1,495,0,0,0,0,0,0,1,0,0,1
14999,3,40000,0,100,1,213,1,0,0,0,0,0,0,0,1,0
19000,1,11000,1,110,1,99,0,0,0,1,0,0,1,0,1,0
17650,1,6500,0,100,0,807,0,0,0,0,0,0,1,0,0,1
10500,5,87000,0,100,1,731,0,0,0,0,0,0,1,0,0,1
10900,5,139000,0,100,1,301,1,0,0,0,1,0,0,1,0,0
12700,2,32172,0,100,1,542,0,0,0,0,0,0,1,0,0,1
12491,2,43000,0,75,1,123,0,0,0,0,0,0,0,0,0,0
17200,2,22140,1,136,1,225,0,0,1,0,0,0,0,1,0,0
13500,5,123000,0,100,1,638,1,0,0,0,1,0,0,0,0,1
13900,3,37813,0,100,1,49,0,0,0,0,0,0,1,0,0,0
15900,1,13000,0,100,1,140,0,0,0,0,0,0,1,0,0,0
20300,2,48000,1,145,0,252,0,0,0,1,1,0,0,1,0,0
11900,5,125964,0,100,1,326,1,0,0,0,1,0,0,0,1,0
9800,6,98200,0,100,1,590,1,0,0,0,0,0,1,0,0,1
14000,2,33400,0,101,0,480,0,0,0,0,0,0,1,0,0,1
12490,3,150000,0,100,1,861,1,0,0,0,0,0,1,0,0,1
23600,0,3000,1,145,0,381,0,0,0,1,1,0,0,0,1,0
12950,2,32000,0,75,1,124,0,0,0,0,0,0,0,0,0,0
14300,4,36558,0,100,1,225,0,0,0,0,0,0,1,1,0,0
12800,4,66004,0,100,1,80,0,0,0,0,0,0,0,0,0,0
8900,5,98405,0,75,1,150,0,0,0,0,0,0,0,0,0,0
19990,1,11042,1,110,1,377,0,0,0,1,0,0,1,0,0,1
20300,1,13000,1,110,1,490,0,0,0,1,0,0,1,0,0,1
11700,2,60797,0,75,1,476,0,0,0,0,0,0,0,0,0,1
14500,4,53400,0,100,1,201,0,0,0,0,0,0,0,1,0,0
16289,1,11078,0,100,1,326,0,0,0,0,0,0,1,0,1,0
19800,0,0,1,110,1,283,0,0,0,1,0,0,1,1,0,0
9000,6,78000,0,75,0,513,0,0,0,0,0,0,0,0,0,1
10750,5,103602,0,100,1,289,0,0,0,0,0,0,1,1,0,0
10999,3,69000,0,75,1,483,0,0,0,0,0,0,0,0,0,1
14000,3,37449,0,75,1,177,0,0,0,0,0,0,0,1,0,0
18400,0,0,1,110,1,683,0,0,0,1,0,0,1,0,0,1
16000,1,60000,0,100,0,326,0,0,0,0,0,0,1,0,1,0
14990,1,13000,0,100,1,383,0,0,0,0,0,0,1,0,1,0
10000,6,149000,0,100,0,253,0,0,0,0,0,0,1,1,0,0
12890,6,55000,1,100,1,290,0,0,0,0,0,0,1,0,1,0
13300,1,16900,0,100,1,275,0,0,0,0,0,0,1,1,0,0
13800,1,23700,0,100,1,275,0,0,0,0,0,0,1,1,0,0
20371,0,0,1,136,1,11,0,0,0,1,0,0,1,0,0,0
20371,0,0,1,136,1,326,0,0,0,1,0,0,1,0,1,0
20371,0,0,1,136,1,190,0,0,0,1,0,0,1,1,0,0
16800,2,14500,0,100,1,122,0,0,0,0,1,0,0,0,1,0
15499,4,14000,0,100,1,499,0,0,0,0,0,0,1,0,0,1
15499,4,27000,0,75,1,499,0,0,0,0,0,0,1,0,0,1
13000,4,46835,0,75,1,216,0,0,0,0,0,0,0,1,0,0
8990,3,88073,0,100,1,770,1,0,0,0,0,0,1,0,0,1
13500,2,66000,0,100,1,495,0,0,0,0,0,0,1,0,0,1
20800,3,37000,0,100,0,750,1,0,0,0,0,0,1,0,0,1
18999,1,19428,1,145,1,788,0,0,0,1,1,0,0,0,0,1
12000,4,29000,0,75,1,638,0,0,0,0,0,0,0,0,0,1
11900,6,62800,0,100,0,278,0,0,0,0,1,0,0,1,0,0
19800,1,10723,1,145,1,87,0,0,0,1,1,0,0,0,1,0
19400,1,16394,1,136,1,87,0,0,0,1,1,0,0,0,1,0
13999,4,51000,0,100,1,807,0,0,0,0,0,0,1,0,0,1
11500,5,75000,0,75,1,763,0,0,0,0,0,0,0,0,0,1
13999,5,71000,0,100,1,516,1,0,0,0,1,0,0,0,0,1
12500,4,61000,1,100,1,372,0,0,0,0,0,0,0,0,1,0
14490,3,36000,0,100,1,213,0,0,0,0,0,0,1,0,1,0
11900,3,46000,0,75,1,490,0,0,0,0,0,0,0,0,0,1
11200,6,126000,0,100,1,519,1,0,0,0,0,0,0,0,0,1
17500,2,26000,1,110,1,119,0,0,0,1,0,0,1,0,1,0
18600,0,0,1,110,1,159,0,0,0,1,0,0,1,0,0,0
12800,4,66500,0,75,1,159,0,0,0,0,0,0,0,0,0,0
14500,3,32000,0,100,1,159,0,0,0,0,0,0,1,0,0,0
12490,4,80000,0,100,1,507,1,0,0,0,0,0,1,0,0,1
13000,2,45000,0,75,0,716,0,0,0,0,0,0,0,0,0,1
11999,4,44000,0,75,1,326,0,0,0,0,0,0,1,0,1,0
20300,1,18930,1,145,1,182,0,0,0,1,1,0,0,0,0,0
13000,3,53000,0,75,0,23,0,0,0,0,0,0,0,0,0,0
15000,4,63000,1,136,0,233,0,0,1,0,1,0,0,1,0,0
15500,3,41000,0,100,1,778,1,0,0,0,0,0,1,0,0,1
10500,6,67000,0,100,0,125,0,0,0,0,0,0,1,1,0,0
18400,2,12965,1,110,1,271,0,0,0,1,0,0,1,1,0,0
18990,1,16869,1,110,0,672,0,0,0,1,0,0,1,0,0,1
12900,3,69342,0,100,1,592,0,0,0,0,0,0,0,0,0,1
16990,0,0,1,110,1,499,0,0,0,1,0,0,1,0,0,1
29690,0,0,1,136,1,499,0,0,1,0,0,0,1,0,0,1
15800,1,24000,0,100,1,31,0,0,0,0,0,0,1,0,0,0
11900,4,97000,0,100,1,57,1,0,0,0,0,0,0,0,0,0
13940,2,29006,0,100,1,824,0,0,0,0,0,0,1,0,0,1
14000,3,60000,0,100,1,881,0,0,0,0,0,0,0,0,0,1
14900,1,0,0,100,1,87,0,0,0,0,0,0,1,0,0,0
14000,2,26000,0,100,0,341,0,0,0,0,0,0,0,0,0,1
11500,3,42349,0,75,1,792,0,0,0,0,0,0,0,0,0,1
11700,2,47900,0,100,1,344,0,0,0,0,0,0,1,0,1,0
15200,3,24600,0,100,1,68,0,0,0,0,1,0,0,0,0,0
18870,1,23093,1,110,1,326,0,0,0,1,0,0,1,0,1,0
14290,2,51000,0,100,0,166,0,0,0,0,0,0,1,1,0,0
8799,5,134000,0,75,1,495,0,0,0,0,0,0,0,0,0,1
19000,1,10000,0,100,0,495,0,0,0,0,0,0,1,0,0,1
13400,3,81042,0,100,1,127,1,0,0,0,0,0,1,0,0,0
9499,4,100000,0,75,1,519,0,0,0,0,0,0,0,0,0,1
16100,1,9000,0,100,1,611,0,0,0,0,0,0,1,0,0,1
8500,6,142000,0,100,1,451,1,0,0,0,0,0,0,0,0,1
14951,1,32511,0,100,1,11,0,0,0,0,0,0,1,0,0,0
14951,1,32511,0,100,1,326,0,0,0,0,0,0,1,0,1,0
10400,4,58000,0,75,1,495,0,0,0,0,0,0,1,0,0,1
9600,4,43444,0,75,1,490,0,0,0,0,0,0,1,0,0,1
13500,2,22200,0,75,0,231,0,0,0,0,0,0,0,0,0,0
17900,2,32000,1,110,0,377,0,0,0,1,0,0,1,0,0,1
15000,2,37000,0,100,0,188,0,0,0,0,0,0,0,1,0,0
17390,1,13000,1,110,1,750,0,0,0,1,0,0,1,0,0,1
19800,0,0,1,110,1,283,0,0,0,1,0,0,0,1,0,0
14900,5,59479,1,136,1,848,0,0,1,0,0,0,1,0,0,1
15400,2,40402,0,100,1,478,0,0,0,0,1,0,0,0,0,1
12900,5,54325,0,100,1,65,0,0,0,0,0,0,1,0,0,0
15400,2,42333,0,100,1,478,0,0,0,0,1,0,0,0,0,1
11900,6,74652,0,75,1,841,0,0,0,0,0,0,0,0,0,1
11250,5,102000,0,100,0,129,1,0,0,0,0,0,1,0,1,0
10499,6,93000,0,75,1,87,0,0,0,0,0,0,0,0,1,0
11390,6,120000,1,136,1,296,0,0,1,0,0,0,1,0,1,0
19800,0,1,0,100,1,228,0,0,0,0,0,0,1,0,1,0
17200,0,0,0,100,1,228,0,0,0,0,0,0,1,0,1,0
17200,0,1,0,100,1,228,0,0,0,0,0,0,1,0,1,0
19800,0,0,0,100,1,228,0,0,0,0,0,0,1,0,1,0
17200,0,0,0,100,1,228,0,0,0,0,0,0,1,0,1,0
16000,3,52000,0,100,0,288,0,0,0,0,0,0,1,1,0,0
13500,2,39500,0,100,0,99,0,0,0,0,0,0,1,0,1,0
20900,1,8500,1,145,1,278,0,0,0,1,1,0,0,1,0,0
17500,0,0,0,100,1,253,0,0,0,0,0,0,1,1,0,0
10950,6,118000,0,100,1,250,1,0,0,0,0,0,1,0,1,0
13900,3,16000,0,100,1,177,0,0,0,0,0,0,1,1,0,0
19990,1,14040,1,110,1,412,0,0,0,1,0,0,1,0,0,1
5300,0,5000,1,110,1,478,0,0,0,1,0,0,1,0,0,1
15900,1,20000,0,100,1,484,0,0,0,0,0,0,1,0,0,1
11000,5,151000,0,100,1,484,1,0,0,0,0,0,1,0,0,1
12780,1,15065,0,100,1,533,0,0,0,0,0,0,1,0,0,1
12780,1,15065,0,100,0,533,0,0,0,0,0,0,1,0,0,1
11999,5,23000,0,75,1,518,0,0,0,0,0,0,0,0,0,1
14900,1,21900,0,100,1,127,0,0,0,0,0,0,1,0,0,0
12200,3,115000,0,100,1,480,1,0,0,0,0,0,1,0,0,1
19000,1,16017,1,110,0,333,0,0,0,1,0,0,1,0,1,0
11900,5,58000,0,75,1,495,0,0,0,0,0,0,1,0,0,1
17000,5,48300,1,131,0,276,0,0,0,0,1,0,0,1,0,0
23800,1,0,1,145,1,190,0,0,0,1,1,0,0,1,0,0
14990,2,27900,0,100,0,276,0,0,0,0,0,0,1,1,0,0
13800,2,71147,0,75,1,86,0,0,0,0,0,0,0,0,0,0
14500,4,54500,0,75,1,615,0,0,0,0,0,0,1,0,0,1
13900,1,10000,0,100,1,479,0,0,0,0,0,0,1,0,0,1
7500,1,30060,0,100,1,119,0,0,0,0,0,0,1,0,0,0
16500,5,50000,1,130,0,294,0,0,0,0,1,0,0,1,0,0
15800,1,24910,0,100,0,103,0,0,0,0,0,0,0,0,0,0
14000,2,19000,0,100,0,74,0,0,0,0,0,0,0,0,0,0
16900,3,21100,0,100,1,276,1,0,0,0,0,0,1,1,0,0
16980,2,12000,0,100,1,83,0,0,0,0,1,0,0,0,1,0
13000,5,84800,0,100,1,87,1,0,0,0,1,0,0,0,0,0
14999,3,29000,0,100,1,554,0,0,0,0,0,0,1,0,0,1
14900,1,15000,0,100,1,124,0,0,0,0,0,0,1,0,0,0
8490,2,33000,0,100,1,512,0,0,0,0,0,0,1,0,0,1
15980,4,36030,1,136,1,178,0,0,1,0,0,0,1,1,0,0
10900,6,74000,1,100,0,764,0,0,0,0,0,0,0,0,0,1
18990,1,0,1,110,1,177,0,0,0,0,0,0,0,1,0,0
19950,1,0,1,145,1,177,0,0,0,0,0,0,1,1,0,0
5100,6,105986,0,100,1,463,0,0,0,0,0,0,1,0,0,1
18950,1,1,0,100,1,278,0,0,0,0,0,0,1,1,0,0
17950,1,43280,1,110,1,444,0,0,0,1,0,0,1,0,0,1
15750,3,51000,0,100,0,208,0,0,0,0,1,0,0,1,0,0
19500,1,11520,1,110,1,345,0,0,0,1,0,0,1,0,0,1
13000,2,11000,0,75,1,322,0,0,0,0,0,0,0,1,0,0
15100,3,51441,0,100,1,99,0,0,0,0,1,0,0,0,1,0
17400,1,21000,1,145,1,126,0,0,0,1,1,0,0,0,0,0
11900,4,64059,0,100,1,488,0,0,0,0,0,0,0,0,0,1
11900,4,64059,0,100,1,22,0,0,0,0,0,0,0,0,0,0
11900,4,64059,0,100,1,326,0,0,0,0,0,0,0,0,1,0
11900,4,64059,0,100,1,86,0,0,0,0,0,0,0,0,0,0
11900,4,64059,0,100,1,99,0,0,0,0,0,0,0,0,1,0
21900,1,11500,1,110,1,235,0,0,0,1,1,0,0,0,0,0
15800,1,16156,0,100,1,87,0,0,0,0,0,0,1,0,1,0
12490,6,84900,0,100,1,162,1,0,0,0,0,0,1,1,0,0
11700,3,46000,0,75,1,214,0,0,0,0,0,0,0,1,0,0
20900,0,0,1,110,1,31,0,0,0,1,0,0,0,0,0,0
12000,4,44000,0,75,1,286,0,0,0,0,0,0,0,1,0,0
14499,1,28000,0,100,1,495,0,0,0,0,0,0,1,0,0,1
14499,1,15000,0,101,1,495,0,0,0,0,0,0,1,0,0,1
17890,0,0,1,110,1,519,0,0,0,1,0,0,1,0,0,1
20490,0,0,1,110,1,519,0,0,0,1,1,0,0,0,0,1
17890,0,1,1,110,1,519,0,0,0,1,0,0,1,0,0,1
16790,0,1,1,110,1,519,0,0,0,1,0,0,0,0,0,1
16390,0,0,1,110,1,519,0,0,0,1,0,0,1,0,0,1
16790,0,0,1,110,1,519,0,0,0,1,0,0,0,0,0,1
20490,0,1,1,110,1,519,0,0,0,1,1,0,0,0,0,1
14900,3,41100,0,100,0,326,0,0,0,0,0,0,1,0,1,0
10999,4,166000,0,100,1,724,1,0,0,0,0,0,1,0,0,1
14800,5,85283,0,100,1,141,1,0,0,0,1,0,0,1,0,0
16900,1,30883,1,110,1,476,0,0,0,1,0,0,1,0,0,1
12000,6,78000,0,100,0,362,1,0,0,0,0,0,1,0,1,0
10500,3,86000,0,75,1,85,0,0,0,0,0,0,0,0,0,0
11490,4,147000,0,102,0,484,1,0,0,0,0,0,1,0,0,1
8500,6,120000,0,100,0,533,0,0,0,0,0,0,1,0,0,1
13500,4,57886,0,100,1,120,1,0,0,0,0,0,1,0,1,0
16800,3,38000,1,100,1,149,0,0,0,0,1,0,0,0,1,0
15100,3,51441,0,100,1,86,0,0,0,0,1,0,0,0,0,0
15100,3,51441,0,100,1,22,0,0,0,0,1,0,0,0,0,0
15100,3,51441,0,100,1,326,0,0,0,0,1,0,0,0,1,0
15100,3,51441,0,100,1,488,0,0,0,0,1,0,0,0,0,1
9900,6,75610,0,100,1,119,1,0,0,0,0,0,0,0,0,0
16500,2,15500,1,100,0,234,0,0,0,1,1,0,0,0,0,0
13600,3,73000,0,100,1,95,1,0,0,0,0,0,0,0,0,0
18400,1,21000,0,100,0,131,0,0,0,0,1,0,0,0,1,0
15500,2,38000,0,100,1,745,0,0,0,0,1,0,0,0,0,1
17000,1,9000,0,100,0,548,0,0,0,0,0,0,1,0,0,1
14290,4,81000,1,100,0,326,0,0,0,0,1,0,0,0,1,0
15300,4,58000,0,102,0,663,1,0,0,0,1,0,0,0,0,1
13890,4,19000,0,75,1,807,0,0,0,0,0,0,0,0,0,1
9500,6,115000,0,100,0,145,1,0,0,0,0,0,1,1,0,0
11000,5,114000,0,100,0,123,0,0,0,0,0,0,1,0,0,0
14950,4,15700,0,100,1,287,0,0,0,0,0,0,1,1,0,0
15800,3,19300,0,100,1,287,0,0,0,0,0,0,1,1,0,0
14800,1,9200,0,100,1,650,0,0,0,0,0,0,1,0,0,1
11500,5,59000,0,75,0,285,0,0,0,0,0,0,0,1,0,0
18500,2,16000,1,110,0,861,0,0,0,1,1,0,0,0,0,1
16500,1,0,0,75,1,288,0,0,0,0,0,0,1,1,0,0
14500,4,14196,0,100,1,853,0,0,0,0,0,0,1,0,0,1
10099,5,76581,0,75,1,475,0,0,0,0,0,0,0,0,0,1
15900,1,11000,0,100,0,429,0,0,0,0,0,0,1,0,1,0
16900,1,7506,0,100,1,315,0,0,0,0,0,0,1,0,0,1
12900,4,48000,0,100,1,99,0,0,0,0,0,0,0,0,1,0
12299,3,45423,0,100,1,475,0,0,0,0,0,0,1,0,0,1
11999,5,65000,0,75,0,773,0,0,0,0,0,0,0,0,0,1
18000,3,10000,0,75,0,513,0,0,0,0,0,0,0,0,0,1
22900,0,0,1,110,1,135,0,0,0,1,1,0,0,0,0,0
10900,6,70150,0,75,1,556,0,0,0,0,0,0,0,0,0,1
21700,1,4000,1,110,0,163,0,0,0,1,0,0,1,0,0,0
14800,2,41000,0,100,1,164,0,0,0,0,1,0,0,0,1,0
14800,2,41000,0,100,1,164,0,0,0,0,1,0,0,0,1,0
14800,2,41000,0,100,1,164,0,0,0,0,1,0,0,0,1,0
10000,5,125000,0,75,0,261,0,0,0,0,0,0,0,0,1,0
13880,0,0,0,100,1,519,0,0,0,0,0,0,1,0,0,1
16790,6,55000,0,100,1,519,1,0,0,0,1,0,0,0,0,1
13900,4,16200,0,100,1,658,1,0,0,0,0,0,0,0,0,1
15490,2,29194,0,100,0,288,0,0,0,0,0,0,1,1,0,0
16000,2,30000,1,110,0,123,0,0,0,1,0,0,1,1,0,0
12900,6,122000,1,130,1,771,0,0,0,0,1,0,0,0,0,1
14780,2,21719,0,100,1,824,0,0,0,0,0,0,1,0,0,1
20990,0,8000,1,110,1,495,0,0,0,1,1,0,0,0,0,1
15200,1,19350,0,100,1,533,0,0,0,0,0,0,1,0,0,1
19900,1,19986,1,145,1,628,0,0,0,1,1,0,0,0,0,1
13900,4,19494,0,100,1,841,0,0,0,0,0,0,0,0,0,1
18500,1,16000,1,110,1,200,0,0,0,1,0,0,1,0,1,0
11700,1,19000,0,100,1,163,0,0,0,0,0,0,1,1,0,0
11700,1,19000,0,100,1,163,0,0,0,0,0,0,1,1,0,0
14500,3,57100,0,100,0,216,1,0,0,0,0,0,0,1,0,0
10500,4,157000,0,100,1,153,1,0,0,0,0,0,0,1,0,0
14650,2,22778,0,100,1,824,0,0,0,0,0,0,0,0,0,1
17900,2,23500,0,100,1,500,0,0,0,0,1,0,0,0,0,1
12600,4,89000,0,100,1,161,1,0,0,0,0,0,0,0,0,0
12500,1,20000,0,100,1,163,0,0,0,0,0,0,1,1,0,0
12900,4,22000,0,100,1,161,0,0,0,0,0,0,0,0,0,0
16900,2,3600,1,115,0,291,0,0,0,1,0,0,1,0,1,0
14500,2,19000,0,75,1,638,0,0,0,0,0,0,0,0,0,1
5800,2,21000,0,75,1,66,0,0,0,0,0,0,0,0,0,0
14500,2,21600,0,100,0,276,0,0,0,0,0,0,1,1,0,0
11900,6,149000,0,100,1,495,1,0,0,0,0,0,1,0,0,1
14900,2,50240,0,110,1,750,0,0,0,0,0,0,1,0,0,1
14999,1,23400,0,100,1,189,0,0,0,0,0,0,1,1,0,0
11990,3,68906,1,100,1,770,0,0,0,0,1,0,0,0,0,1
14900,1,8800,0,100,1,245,0,0,0,0,0,0,1,1,0,0
19900,1,24790,1,145,1,189,0,0,0,1,1,0,0,1,0,0
16800,5,14092,0,100,1,241,1,0,0,0,0,0,0,0,0,0
17500,2,24750,0,100,1,495,0,0,0,0,1,0,0,0,0,1
13200,4,39000,0,101,0,121,0,0,0,0,0,0,1,1,0,0
20400,1,0,0,100,1,505,0,0,0,0,0,0,1,0,0,1
18900,0,0,1,110,1,169,0,0,0,1,0,0,1,1,0,0
7850,1,9900,1,145,1,478,0,0,0,1,1,0,0,0,0,1
5999,6,105000,0,100,1,35,0,0,0,0,1,0,0,0,0,0
16500,1,16800,1,110,1,499,0,0,0,1,0,0,1,0,0,1
12990,1,15900,0,100,1,499,0,0,0,0,0,0,1,0,0,1
14690,0,0,0,100,1,499,0,0,0,0,0,0,1,0,0,1
29690,0,0,1,136,1,499,0,0,1,0,0,0,1,0,0,1
14690,0,0,0,100,1,499,0,0,0,0,0,0,1,0,0,1
16990,0,0,1,110,1,499,0,0,0,1,0,0,1,0,0,1
14500,0,4500,0,101,1,65,0,0,0,0,0,0,1,0,0,0
12900,6,93150,0,100,1,798,0,0,0,0,0,0,0,0,0,1
11900,3,85000,0,100,1,683,1,0,0,0,0,0,0,0,0,1
12900,3,42180,0,75,1,121,0,0,0,0,0,0,1,1,0,0
16400,1,16790,0,100,1,226,0,0,0,0,0,0,1,0,0,0
17000,2,60000,1,110,0,326,0,0,0,1,1,0,0,0,1,0
12000,5,77500,0,100,0,368,0,0,0,0,0,0,1,0,0,1
12300,3,74800,0,100,1,326,0,0,0,0,0,0,0,0,1,0
21000,0,0,1,100,1,49,0,0,0,1,0,0,1,0,0,0
16500,1,6764,0,100,1,498,0,0,0,0,0,0,0,0,0,1
14900,4,47130,0,100,0,301,0,0,0,0,0,0,1,1,0,0
10500,6,73000,0,75,1,495,0,0,0,0,0,0,0,0,0,1
8200,5,95000,0,75,1,326,0,0,0,0,0,0,0,0,1,0
14500,5,56645,0,100,1,882,0,0,0,0,0,0,1,0,0,1
18990,1,27078,1,110,1,400,0,0,0,1,0,0,1,0,0,1
12990,3,110000,0,100,1,530,1,0,0,0,0,0,1,0,0,1
13200,4,94000,0,100,1,276,1,0,0,0,1,0,0,1,0,0
14999,5,63000,1,136,0,80,0,0,1,0,0,0,1,1,0,0
16000,4,17000,0,100,0,265,0,0,0,0,0,0,0,1,0,0
15500,4,53062,0,102,1,882,1,0,0,0,0,0,0,0,0,1
18900,0,0,1,110,1,169,0,0,0,1,0,0,1,1,0,0
11900,3,137079,0,100,1,518,1,0,0,0,0,0,0,0,0,1
12900,5,58054,1,130,1,201,0,0,0,0,1,0,0,1,0,0
19500,1,0,1,110,1,216,0,0,0,1,0,0,1,1,0,0
16500,1,15000,0,100,1,239,0,0,0,0,0,0,1,0,1,0
19500,1,9900,0,100,1,919,0,0,0,0,0,0,1,0,0,1
14900,1,11000,0,100,1,86,0,0,0,0,0,0,1,0,0,0
17500,0,520,0,110,1,919,0,0,0,0,0,0,1,0,0,1
17700,2,13400,1,110,1,276,0,0,0,1,0,0,1,1,0,0
23900,1,22000,1,110,0,239,0,0,0,1,1,0,0,1,0,0
16700,1,18000,0,100,1,86,0,0,0,0,0,0,1,0,0,0
22900,0,0,1,110,1,611,0,0,0,1,0,0,1,0,0,1
16000,4,60000,1,130,0,568,0,0,0,0,1,0,0,0,0,1
22300,1,0,1,110,1,505,0,0,0,1,0,0,1,0,0,1
14800,1,44000,0,101,0,326,0,0,0,0,0,0,1,0,1,0
15990,3,31384,1,136,1,322,0,0,1,0,0,0,1,0,1,0
11500,6,43000,0,75,0,742,0,0,0,0,0,0,0,0,0,1
13000,2,30200,0,75,0,200,0,0,0,0,0,0,0,0,1,0
13500,4,52000,0,100,0,807,1,0,0,0,0,0,1,0,0,1
19900,1,0,1,110,1,186,0,0,0,1,0,0,0,1,0,0
12000,6,91000,0,100,0,495,1,0,0,0,1,0,0,0,0,1
8990,5,63000,0,75,1,326,0,0,0,0,0,0,0,0,1,0
14900,3,23167,0,100,1,853,1,0,0,0,0,0,0,0,0,1
13500,5,61000,0,100,0,348,0,0,0,0,0,0,1,0,0,1
11800,6,68000,0,75,0,374,0,0,0,0,0,0,0,0,0,1
14900,4,64000,0,100,1,872,1,0,0,0,0,0,1,0,0,1
11000,4,109974,0,100,1,495,1,0,0,0,1,0,0,0,0,1
13900,3,26370,0,100,1,484,0,0,0,0,0,0,1,0,0,1
14700,5,54000,0,100,1,103,1,0,0,0,0,0,1,0,0,0
14900,3,42000,0,75,1,894,0,0,0,0,0,0,0,0,0,1
11900,5,109386,0,100,1,60,1,0,0,0,0,0,1,0,0,0
20900,2,19000,0,100,1,872,0,0,0,0,1,0,0,0,0,1
15400,2,21060,0,75,1,265,0,0,0,0,0,0,0,1,0,0
23000,1,5000,1,145,1,91,0,0,0,1,1,0,0,0,1,0
15199,3,32704,0,100,1,475,0,0,0,0,1,0,0,0,0,1
11100,3,65000,0,75,1,209,0,0,0,0,0,0,0,0,0,0
12490,2,42800,0,75,0,782,0,0,0,0,0,0,0,0,0,1
16900,1,18338,0,100,1,146,0,0,0,0,0,0,1,0,1,0
14950,3,55696,0,100,1,146,1,0,0,0,0,0,0,0,1,0
12900,4,65000,0,75,1,486,0,0,0,0,0,0,0,0,0,1
15500,5,88552,0,100,1,785,0,0,0,0,0,0,1,0,0,1
10900,5,35700,0,75,1,128,0,0,0,0,0,0,0,0,0,0
14900,5,69798,0,100,1,798,1,0,0,0,0,0,0,0,0,1
23700,1,15000,1,100,0,495,0,0,0,1,1,0,0,0,0,1
14499,1,10000,0,100,1,495,0,0,0,0,0,0,1,0,0,1
13900,4,38963,0,75,1,180,0,0,0,0,0,0,1,1,0,0
8900,6,118000,0,100,0,495,0,0,0,0,0,0,1,0,0,1
11800,5,82000,0,100,0,218,0,0,0,0,0,0,1,1,0,0
17990,0,0,0,100,1,796,0,0,0,1,0,0,0,0,0,1
12900,6,75842,0,75,1,837,0,0,0,0,0,0,0,0,0,1
13500,5,110324,0,100,1,825,1,0,0,0,0,0,0,0,0,1
15950,3,67000,0,100,1,611,1,0,0,0,1,0,0,0,0,1
11450,3,48500,0,75,1,326,0,0,0,0,0,0,0,0,1,0
15400,1,5400,0,75,0,842,0,0,0,0,0,0,1,0,0,1
16750,0,0,0,100,1,177,0,0,0,0,0,0,1,1,0,0
18250,0,0,0,100,1,177,0,0,0,0,0,0,0,1,0,0
16897,3,1150,0,100,1,147,0,0,0,0,1,0,0,0,0,0
9900,6,140000,0,75,1,186,0,0,0,0,0,0,0,0,0,0
16900,3,55734,0,100,0,645,1,0,0,0,0,0,1,0,0,1
15490,1,10000,0,100,1,495,0,0,0,0,0,0,1,0,0,1
19900,1,30000,1,136,1,326,0,0,0,1,1,0,0,0,1,0
14250,1,16523,0,75,0,121,0,0,0,0,0,0,1,1,0,0
8800,5,105000,0,100,0,201,0,0,0,0,0,0,0,1,0,0
12500,2,32000,0,75,0,275,0,0,0,0,0,0,0,1,0,0
18690,2,15480,0,100,1,190,0,0,0,0,1,0,0,1,0,0
19900,0,0,1,110,1,715,0,0,0,0,0,0,1,0,0,1
12500,4,90000,1,136,0,581,0,0,1,0,0,0,1,0,0,1
15500,5,40000,0,100,0,429,1,0,0,0,0,0,0,0,1,0
13500,2,31719,0,75,1,480,0,0,0,0,0,0,1,0,0,1
17000,1,0,0,100,1,47,0,0,0,0,0,0,1,0,0,0
13000,5,80000,0,100,0,117,0,0,0,0,1,0,0,1,0,0
16000,3,57769,0,100,0,87,0,0,0,0,0,0,1,0,0,0
11950,5,46000,0,100,0,326,0,0,0,0,0,0,1,0,1,0
11999,5,53600,0,75,1,494,0,0,0,0,0,0,0,0,0,1
18990,1,0,0,100,1,177,0,0,0,0,0,0,1,1,0,0
12999,3,79000,0,100,1,484,1,0,0,0,1,0,0,0,0,1
11700,5,65000,0,101,0,861,0,0,0,0,0,0,1,0,0,1
15990,4,35500,0,100,0,499,1,0,0,0,1,0,0,0,0,1
13990,4,66200,0,100,1,190,0,0,0,0,0,0,0,0,0,0
10000,6,70000,0,100,0,132,0,0,0,0,0,0,1,0,0,0
15990,2,16500,0,100,1,400,0,0,0,0,0,0,1,0,0,1
7999,1,30000,1,136,0,872,0,0,0,1,1,0,0,0,0,1
14900,4,64700,0,100,1,410,1,0,0,0,0,0,1,0,1,0
15490,1,15285,1,110,1,171,0,0,0,1,0,0,1,1,0,0
15800,1,23637,0,100,1,204,0,0,0,0,0,0,1,1,0,0
18000,2,28500,1,110,0,683,0,0,0,1,0,0,1,0,0,1
22500,1,21518,1,136,0,25,0,0,0,1,1,0,0,0,0,0
10500,5,73600,0,75,0,232,0,0,0,0,0,0,0,0,0,0
11750,6,83000,0,100,0,521,1,0,0,0,0,0,1,0,0,1
13900,1,21000,0,100,1,126,0,0,0,0,0,0,1,0,0,0
11450,6,92000,0,75,1,514,0,0,0,0,0,0,0,0,0,1
9900,6,82000,0,75,1,50,0,0,0,0,0,0,0,0,0,0
11990,4,55448,0,100,1,276,0,0,0,0,0,0,1,1,0,0
15800,2,9958,0,100,1,490,0,0,0,0,1,0,0,0,0,1
9900,3,70000,0,75,0,500,0,0,0,0,0,0,0,0,0,1
12499,6,82588,0,100,0,500,0,0,0,0,0,0,1,0,0,1
14200,4,101000,0,100,1,773,1,0,0,0,0,0,1,0,0,1
16900,4,45000,0,100,0,861,1,0,0,0,1,0,0,0,0,1
13500,5,54999,0,100,0,472,0,0,0,0,0,0,1,0,0,1
17250,1,22100,1,110,0,290,0,0,0,1,0,0,1,0,1,0
12500,5,81000,0,75,0,95,0,0,0,0,0,0,0,0,0,0
12990,5,95525,0,100,1,121,1,0,0,0,0,0,1,1,0,0
11999,3,73000,0,75,1,104,0,0,0,0,0,0,0,1,0,0
18490,2,10080,0,100,1,377,0,0,0,0,1,0,0,0,0,1
16400,2,7800,0,100,1,204,0,0,0,0,0,0,0,0,0,0
21900,1,15000,1,145,1,283,0,0,0,1,1,0,0,1,0,0
15000,1,20000,0,110,0,495,0,0,0,1,0,0,1,0,0,1
15000,5,35900,0,100,0,171,0,0,0,0,1,0,0,1,0,0
14500,3,53800,0,75,1,140,0,0,0,0,0,0,1,0,0,0
13490,4,28900,0,75,1,142,0,0,0,0,0,0,0,0,0,0
21490,2,34000,1,136,0,326,0,0,0,1,1,0,0,0,1,0
11500,6,73000,0,100,1,119,0,0,0,0,0,0,1,0,1,0
13490,4,46500,0,75,1,128,0,0,0,0,0,0,0,0,0,0
11500,6,41000,1,100,0,233,0,0,0,0,0,0,1,1,0,0
10000,3,68000,0,100,0,301,0,0,0,0,0,0,0,1,0,0
12500,4,74000,0,75,1,181,0,0,0,0,0,0,1,1,0,0
11990,6,65000,0,100,0,793,0,0,0,0,0,0,1,0,0,1
10000,4,79000,0,100,0,495,0,0,0,0,0,0,1,0,0,1
12899,1,8000,0,100,1,326,0,0,0,0,0,0,1,0,1,0
12900,1,9000,0,100,1,326,0,0,0,0,0,0,1,0,1,0
15500,3,87400,1,100,0,326,0,0,0,0,0,0,1,0,1,0
16000,6,69000,1,130,0,192,0,0,0,0,1,0,0,1,0,0
11900,4,69786,0,100,1,106,1,0,0,0,0,0,0,0,1,0
12990,4,25000,0,75,1,140,0,0,0,0,0,0,0,0,0,0
12990,2,35000,0,75,1,527,0,0,0,0,0,0,1,0,0,1
13400,5,42970,0,100,1,183,0,0,0,0,1,0,0,1,0,0
11900,6,127000,0,100,1,635,1,0,0,0,0,0,0,0,0,1
14200,5,46000,1,100,0,480,0,0,0,0,0,0,0,0,0,1
14000,6,6000,0,100,0,159,0,0,0,0,0,0,0,0,0,0
16900,0,0,0,100,1,479,0,0,0,0,0,0,1,0,0,1
12199,4,54377,0,100,1,475,0,0,0,0,0,0,1,0,0,1
5000,2,18000,0,100,0,848,0,0,0,0,0,0,1,0,0,1
13750,2,15600,0,75,0,326,0,0,0,0,0,0,0,0,1,0
15900,3,70261,0,100,1,480,1,0,0,0,1,0,0,0,0,1
18000,5,130000,1,136,0,25,0,0,1,0,0,0,1,0,0,0
17500,6,66500,1,100,1,292,0,0,0,0,1,0,0,1,0,0
14900,4,30800,0,75,1,292,0,0,0,0,0,0,0,1,0,0
14900,3,13459,0,100,1,292,0,0,0,0,0,0,1,1,0,0
21500,1,13500,1,110,0,393,0,0,0,1,1,0,0,0,1,0
13000,3,33788,0,100,0,290,0,0,0,0,0,0,1,0,1,0
25500,1,8700,1,110,0,883,0,0,0,1,1,0,0,0,0,1
13500,3,41000,0,75,0,330,0,0,0,0,0,0,0,0,0,1
19900,4,55000,0,130,0,170,0,0,0,0,1,0,0,1,0,0
12300,5,48000,0,75,0,141,0,0,0,0,0,0,0,0,0,0
13700,5,103700,0,100,1,911,1,0,0,0,0,0,0,0,0,1
12900,6,79698,0,100,0,492,1,0,0,0,0,0,1,0,0,1
12500,6,84000,0,75,1,85,0,0,0,0,0,0,0,0,1,0
19150,1,0,0,100,1,177,0,0,0,0,0,0,1,1,0,0
12500,3,65974,0,75,1,854,0,0,0,0,0,0,0,0,0,1
4999,6,29000,0,75,1,35,0,0,0,0,0,0,0,0,0,0
17500,3,22700,0,100,0,175,0,0,0,0,1,0,0,1,0,0
16000,3,111000,0,100,0,731,1,0,0,0,1,0,0,0,0,1
18400,0,0,0,100,1,646,0,0,0,0,0,0,0,0,0,1
10000,5,175000,0,100,0,482,1,0,0,0,1,0,0,0,0,1
21900,2,11000,1,136,0,156,0,0,0,0,1,0,0,0,0,0
15900,4,49999,0,100,0,495,0,0,0,0,1,0,0,0,0,1
12500,4,30000,0,75,0,485,0,0,0,0,0,0,1,0,0,1
23500,2,13500,1,136,0,495,0,0,0,1,1,0,0,0,0,1
17500,6,69000,1,100,0,322,0,0,0,0,1,0,0,0,1,0
15900,4,68000,0,100,1,392,0,0,0,0,1,0,0,0,1,0
27900,3,0,1,136,1,49,0,0,1,0,0,0,1,0,0,0
16990,1,0,0,75,1,150,0,0,0,0,0,0,1,0,0,0
16590,2,0,0,75,1,150,0,0,0,0,0,0,1,0,0,0
17290,2,0,0,101,1,150,0,0,0,0,0,0,0,0,0,0
17490,2,0,0,101,1,150,0,0,0,0,0,0,0,0,0,0
27900,3,0,1,136,1,65,0,0,1,0,0,0,1,0,0,0
19000,1,0,1,100,1,55,0,0,0,1,0,0,1,0,0,0
13500,3,55000,0,100,0,520,1,0,0,0,0,0,1,0,0,1
13790,5,47000,0,100,0,486,1,0,0,0,0,0,0,0,0,1
10000,5,90000,0,75,0,326,0,0,0,0,0,0,0,0,1,0
27500,2,0,1,136,1,49,0,0,1,0,0,0,1,0,0,0
20000,1,0,0,100,1,65,0,0,0,0,0,0,1,0,0,0
27000,2,0,1,136,1,49,0,0,1,0,0,0,1,0,0,0
13950,2,29984,0,75,1,146,0,0,0,0,0,0,0,0,1,0
11900,5,62500,0,75,1,119,0,0,0,0,0,0,1,0,0,0
14900,5,21665,0,100,1,146,0,0,0,0,0,0,1,0,1,0
17500,1,12700,0,100,1,368,0,0,0,0,0,0,1,0,0,1
11500,6,63000,0,100,1,520,0,0,0,0,0,0,1,0,0,1
15000,2,30000,0,100,0,326,0,0,0,0,0,0,1,0,1,0
12000,4,100000,0,75,0,494,0,0,0,0,0,0,0,0,0,1
14999,3,36700,0,100,0,511,1,0,0,0,1,0,0,0,0,1
10490,4,111600,0,75,0,276,0,0,0,0,0,0,1,1,0,0
16490,1,14800,0,100,1,495,0,0,0,0,0,0,1,0,0,1
10900,6,79000,0,100,1,550,0,0,0,0,0,0,0,0,0,1
12900,4,101172,0,100,1,784,1,0,0,0,0,0,0,0,0,1
20300,1,12660,1,145,1,225,0,0,0,1,1,0,0,1,0,0
17990,1,0,0,100,1,197,0,0,0,0,0,0,1,0,1,0
16900,3,8300,0,100,0,882,0,0,0,0,0,0,1,0,0,1
11300,4,148820,0,100,1,572,1,0,0,0,0,0,0,0,0,1
12500,6,90000,0,100,0,191,0,0,0,0,0,0,1,0,0,0
18000,4,65000,0,100,0,514,1,0,0,0,1,0,0,0,0,1
23390,0,0,1,101,1,150,0,0,0,1,1,0,0,0,0,0
24790,1,0,1,136,1,150,0,0,0,1,1,0,0,0,0,0
19490,1,0,0,101,1,150,0,0,0,0,0,0,1,0,0,0
18900,2,3814,0,100,1,530,0,0,0,0,1,0,0,0,0,1
17990,2,0,0,75,1,162,0,0,0,0,0,0,0,1,0,0
19550,0,0,0,100,1,177,0,0,0,0,0,0,1,1,0,0
16750,0,0,0,100,1,177,0,0,0,0,0,0,1,1,0,0
18250,0,0,0,100,1,177,0,0,0,0,0,0,0,1,0,0
15999,1,19950,0,100,0,750,0,0,0,0,0,0,1,0,0,1
17950,1,4494,0,100,1,550,0,0,0,0,0,0,1,0,0,1
13500,2,80000,0,75,0,242,0,0,0,0,0,0,0,0,0,0
17000,3,80000,0,100,0,487,1,0,0,0,1,0,0,0,0,1
13500,4,42000,0,75,1,99,0,0,0,0,0,0,0,0,1,0
10800,6,145500,0,75,1,182,0,0,0,0,0,0,0,0,0,0
16500,2,2500,0,100,0,807,0,0,0,0,0,0,1,0,0,1
13250,2,76000,0,100,1,177,0,0,0,0,0,0,1,1,0,0
15600,2,16000,0,100,0,222,0,0,0,0,0,0,0,1,0,0
16199,2,8153,0,100,0,495,0,0,0,0,0,0,1,0,0,1
10700,5,89000,0,75,1,62,0,0,0,0,0,0,0,0,0,0
17900,2,25000,0,100,1,495,0,0,0,0,1,0,0,0,0,1
22800,2,28000,1,145,0,322,0,0,0,1,1,0,0,0,1,0
17700,1,0,0,100,1,188,0,0,0,0,0,0,1,1,0,0
13000,5,67000,0,100,0,796,0,0,0,0,0,0,1,0,0,1
12900,5,73000,0,101,0,384,0,0,0,0,0,0,1,0,1,0
12999,5,45375,0,75,1,623,0,0,0,0,0,0,1,0,0,1
11000,5,71000,0,75,0,34,0,0,0,0,0,0,0,0,0,0
19999,2,4800,1,110,1,177,0,0,0,1,0,0,1,1,0,0
15000,3,14700,0,75,0,276,0,0,0,0,0,0,0,1,0,0
13000,4,15600,0,100,0,326,0,0,0,0,0,0,0,0,1,0
13500,4,55000,0,75,0,266,0,0,0,0,0,0,0,1,0,0
13800,3,48000,0,100,0,326,0,0,0,0,1,0,0,0,1,0
16490,1,11093,0,100,1,162,0,0,0,0,0,0,1,1,0,0
14000,3,40000,1,100,0,174,0,0,0,0,0,0,1,1,0,0
13000,2,18400,0,75,0,485,0,0,0,0,0,0,0,0,0,1
14500,2,31000,0,100,0,79,0,0,0,0,0,0,0,0,0,0
13800,4,60000,1,136,1,514,0,0,1,0,1,0,0,0,0,1
12000,4,60000,0,100,0,326,0,0,0,0,0,0,0,0,1,0
16500,1,8000,0,100,0,770,0,0,0,0,0,0,1,0,0,1
15000,4,52898,0,102,0,683,1,0,0,0,1,0,0,0,0,1
19000,3,21000,1,137,0,842,0,0,0,0,1,0,0,0,0,1
16000,6,37500,0,100,0,433,0,0,0,0,1,0,0,0,0,1
15900,4,30500,0,100,0,319,1,0,0,0,0,0,1,0,1,0
23000,3,30000,1,145,0,342,0,0,0,1,1,0,0,0,1,0
14500,2,33000,0,100,0,490,0,0,0,0,0,0,0,0,0,1
15900,1,0,0,75,1,928,0,0,0,0,0,0,1,0,0,1
11800,4,121590,0,100,1,588,1,0,0,0,0,0,0,0,0,1
15500,5,21000,0,101,0,770,0,0,0,0,0,0,1,0,0,1
16900,3,29652,0,100,1,659,1,0,0,0,0,0,1,0,0,1
17900,2,36000,1,100,1,495,0,0,0,0,0,0,1,0,0,1
13500,3,20471,0,100,0,161,0,0,0,0,0,0,0,1,0,0
11000,5,100000,0,100,0,64,0,0,0,0,0,0,1,1,0,0
14950,5,89000,1,136,0,731,0,0,1,0,0,0,1,0,0,1
14600,2,20652,0,75,1,88,0,0,0,0,0,0,1,0,1,0
15000,4,31131,0,75,0,274,0,0,0,0,0,0,0,1,0,0
14500,5,58000,0,100,0,505,1,0,0,0,0,0,1,0,0,1
16800,5,27000,1,136,0,196,0,0,1,0,0,0,1,1,0,0
10500,5,130000,0,100,0,915,1,0,0,0,0,0,1,0,0,1
16000,5,70000,1,100,0,134,0,0,0,0,0,0,0,0,0,0
21500,3,22000,1,136,1,228,0,0,1,0,0,0,1,0,1,0
12990,5,95000,0,100,0,86,0,0,0,0,0,0,0,0,0,0
15000,4,43000,0,75,0,25,0,0,0,0,0,0,1,0,0,0
13000,6,60000,0,100,0,46,0,0,0,0,0,0,0,0,0,0
13000,3,38313,0,75,0,348,0,0,0,0,0,0,0,0,0,1
13500,2,22000,0,100,0,115,0,0,0,0,0,0,0,0,0,0
15900,4,49389,0,100,1,798,1,0,0,0,0,0,0,0,0,1
14500,5,25000,1,130,0,486,0,0,0,0,0,0,1,0,0,1
20000,2,14000,1,136,0,101,0,0,0,1,1,0,0,0,0,0
14500,4,19000,1,75,0,861,0,0,0,0,0,0,0,0,0,1
16000,5,57000,1,136,0,245,0,0,1,0,1,0,0,1,0,0
13000,5,87000,1,136,0,222,0,0,1,0,1,0,0,1,0,0
16000,2,33000,0,100,0,160,0,0,0,0,0,0,1,0,1,0
21500,1,10000,1,145,0,278,0,0,0,1,1,0,0,1,0,0
20990,3,17900,1,100,0,188,0,0,0,0,1,0,0,1,0,0
16500,2,27500,0,100,0,819,0,0,0,0,0,0,1,0,0,1
14500,6,45000,1,131,0,611,0,0,0,0,1,0,0,0,0,1
13200,6,19800,0,100,0,495,0,0,0,0,0,0,0,0,0,1
12500,6,85000,0,100,0,25,1,0,0,0,0,0,1,0,0,0
21900,2,5243,1,136,0,502,0,0,0,1,1,0,0,0,0,1
22900,2,4000,1,136,0,104,0,0,0,0,0,0,1,0,1,0
15200,2,35000,0,100,0,819,0,0,0,0,0,0,1,0,0,1
12000,6,125000,0,100,0,117,1,0,0,0,0,0,1,0,0,0
20000,4,20000,0,100,0,505,1,0,0,0,1,0,0,0,0,1
18500,6,26000,1,136,1,543,0,0,1,0,1,0,0,0,0,1
