Annuncio,Link,Marca,Modello,Modello_plus_info,Prezzo,Chilometraggio,Cambio,Immatricolazione,Carburante,CV,Località,Venditore
SEAT Leon Sportstourer 1.5 tgi Style 130cv,https://www.autoscout24.it/annunci/seat-leon-sportstourer-1-5-tgi-style-130cv-metano-cat_ma64mo15869-0ca80c99-9ea3-41dc-9ab0-6b1bbca448c7,SEAT,Leon,Sportstourer 1.5 tgi Style 130cv,7000,290000.0,Manuale,05/2022,Metano,96 kW (131 CV),"Privato,IT-47832 San Clemente",Privato
SEAT Leon Sportstourer 1.5 tgi Style 130cv,https://www.autoscout24.it/annunci/seat-leon-sportstourer-1-5-tgi-style-130cv-metano-cat_ma64mo15869-0ca80c99-9ea3-41dc-9ab0-6b1bbca448c7,SEAT,Leon,Sportstourer 1.5 tgi Style 130cv,7000,290000.0,Manuale,05/2022,Metano,96 kW (131 CV),"Privato,IT-47832 San Clemente",Privato
SEAT Leon ST 1.6 tdi Style 115cv,https://www.autoscout24.it/annunci/seat-leon-st-1-6-tdi-style-115cv-diesel-cat_ma64mo15869-c0a49574-777f-4c77-987b-1f0a480ccda1,SEAT,Leon,ST 1.6 tdi Style 115cv,9700,115000.0,Manuale,05/2026,Diesel,85 kW (116 CV),"Privato,IT-90144 Palermo",Privato
SEAT Leon Sportstourer 2.0 tdi Xcellence 150cv dsg - GF989SA,https://www.autoscout24.it/annunci/seat-leon-sportstourer-2-0-tdi-xcellence-150cv-dsg-gf989sa-diesel-grigio-cat_ma64mo15869-9f923c27-7223-4420-8447-2ba6fd9f5932,SEAT,Leon,Sportstourer 2.0 tdi Xcellence 150cv dsg - GF989SA,9500,280000.0,Automatico,05/2021,Diesel,110 kW (150 CV),Mastercar Srl • IT-33031 Basiliano - Udine,Rivenditore
SEAT Leon Sportstourer Business DSG 2.0 Diesel 150CV,https://www.autoscout24.it/annunci/seat-leon-sportstourer-business-dsg-2-0-diesel-150cv-diesel-bianco-cat_ma64mo15869-46dd8806-ea2b-4276-9fec-fd6b0b45182a,SEAT,Leon,Sportstourer Business DSG 2.0 Diesel 150CV,10990,120440.0,Automatico,02/2022,Diesel,110 kW (150 CV),brumbrum • IT-20092 Cinisello Balsamo  - Milano - MI,Rivenditore
SEAT Leon Sportstourer Business DSG 2.0 Diesel 150CV,https://www.autoscout24.it/annunci/seat-leon-sportstourer-business-dsg-2-0-diesel-150cv-diesel-bianco-cat_ma64mo15869-4d9d1e28-3ed8-4ee0-8719-ce285930a663,SEAT,Leon,Sportstourer Business DSG 2.0 Diesel 150CV,10990,120440.0,Automatico,02/2022,Diesel,110 kW (150 CV),brumbrum - Reggio Emilia • IT-42122 Reggio Emilia RE,Rivenditore
SEAT Leon Sportstourer Business DSG 2.0 Diesel 150CV,https://www.autoscout24.it/annunci/seat-leon-sportstourer-business-dsg-2-0-diesel-150cv-diesel-bianco-cat_ma64mo15869-d8d71423-08d1-410b-8223-1bcae8be48d5,SEAT,Leon,Sportstourer Business DSG 2.0 Diesel 150CV,10990,120440.0,Automatico,02/2022,Diesel,110 kW (150 CV),brumbrum - Bologna • IT-40057 Bologna - BO,Rivenditore
SEAT Leon Leon IV 2022 Sportstourer Sportstourer 2.0 tdi FR 150cv dsg,https://www.autoscout24.it/annunci/seat-leon-leon-iv-2022-sportstourer-sportstourer-2-0-tdi-fr-150cv-dsg-diesel-grigio-cat_ma64mo15869-5c321391-85f2-426a-89d2-f3519fded255,SEAT,Leon,Leon IV 2022 Sportstourer Sportstourer 2.0 tdi FR 150cv dsg,10999,218000.0,Automatico,04/2022,Diesel,110 kW (150 CV),Jouri auto di El badaoui El Mehdi • IT-24058 Romano di Lombardia - Bergamo - BG,Rivenditore
SEAT Leon Sportstourer Business DSG 1.0 Mild Hybrid 110CV,https://www.autoscout24.it/annunci/seat-leon-sportstourer-business-dsg-1-0-mild-hybrid-110cv-elettrica-benzina-grigio-cat_ma64mo15869-3904e769-a537-4a2e-ab50-b160df9c6995,SEAT,Leon,Sportstourer Business DSG 1.0 Mild Hybrid 110CV,10990,125725.0,Automatico,03/2022,Elettrica/Benzina,81 kW (110 CV),brumbrum • IT-20092 Cinisello Balsamo  - Milano - MI,Rivenditore
SEAT Leon Sportstourer Business DSG 1.0 Mild Hybrid 110CV,https://www.autoscout24.it/annunci/seat-leon-sportstourer-business-dsg-1-0-mild-hybrid-110cv-elettrica-benzina-grigio-cat_ma64mo15869-732961e3-1203-42fd-ae59-e1e37e568f89,SEAT,Leon,Sportstourer Business DSG 1.0 Mild Hybrid 110CV,10990,125725.0,Automatico,03/2022,Elettrica/Benzina,81 kW (110 CV),brumbrum - Bologna • IT-40057 Bologna - BO,Rivenditore
SEAT Leon Sportstourer Business DSG 1.0 Mild Hybrid 110CV,https://www.autoscout24.it/annunci/seat-leon-sportstourer-business-dsg-1-0-mild-hybrid-110cv-elettrica-benzina-grigio-cat_ma64mo15869-0433dd63-4585-46b7-a91d-f5816062bb6f,SEAT,Leon,Sportstourer Business DSG 1.0 Mild Hybrid 110CV,10990,125725.0,Automatico,03/2022,Elettrica/Benzina,81 kW (110 CV),brumbrum - Reggio Emilia • IT-42122 Reggio Emilia RE,Rivenditore
SEAT Leon Leon IV 2020 2.0 tdi FR 115cv,https://www.autoscout24.it/annunci/seat-leon-leon-iv-2020-2-0-tdi-fr-115cv-diesel-bianco-cat_ma64mo15869-a3dcbe18-9304-417d-ba1d-d63ac722943e,SEAT,Leon,Leon IV 2020 2.0 tdi FR 115cv,11990,150000.0,Manuale,06/2022,Diesel,85 kW (116 CV),Romano Auto Srls • IT-24058 Romano di Lombardia - BG,Rivenditore
SEAT Leon Leon IV 2020 1.5 tgi Business 130cv dsg,https://www.autoscout24.it/annunci/seat-leon-leon-iv-2020-1-5-tgi-business-130cv-dsg-metano-argento-cat_ma64mo15869-019ce21d-7d4a-4eaa-b11a-4a2ec34ca0bd,SEAT,Leon,Leon IV 2020 1.5 tgi Business 130cv dsg,11500,148000.0,Automatico,05/2021,Metano,96 kW (131 CV),"Privato,IT-50056 Montelupo Fiorentino",Privato
SEAT Leon Leon 1.0 tsi Business 110cv,https://www.autoscout24.it/annunci/seat-leon-leon-1-0-tsi-business-110cv-benzina-nero-cat_ma64mo15869-f43baa98-1da9-47e2-9abd-f9d8c3c4c457,SEAT,Leon,Leon 1.0 tsi Business 110cv,11990,77000.0,Manuale,08/2021,Benzina,81 kW (110 CV),Clubauto SRL • IT-20019 Settimo Milanese - MI,Rivenditore
SEAT Leon Leon IV 2020 Sportstourer Sportstourer 1.0 etsi Business 110cv dsg,https://www.autoscout24.it/annunci/seat-leon-leon-iv-2020-sportstourer-sportstourer-1-0-etsi-business-110cv-dsg-elettrica-benzina-nero-cat_ma64mo15869-17f67596-c6d8-4f83-bb7b-67057554b802,SEAT,Leon,Leon IV 2020 Sportstourer Sportstourer 1.0 etsi Business 110cv dsg,12000,105000.0,Automatico,08/2021,Elettrica/Benzina,81 kW (110 CV),"Privato,IT-21100 Varese",Privato
SEAT Leon ST  2.0 tdi  Business 150 cavalli dsg,https://www.autoscout24.it/annunci/seat-leon-st-2-0-tdi-business-150-cavalli-dsg-diesel-cat_ma64mo15869-e093ee4b-071c-415c-9dc9-eb98d98e28f5,SEAT,Leon,ST  2.0 tdi  Business 150 cavalli dsg,11900,136000.0,Automatico,03/2022,Diesel,110 kW (150 CV),"Privato,IT-22100 Como",Privato
SEAT Leon 1.5 eTSI 150cv XCELLENCE DSG,https://www.autoscout24.it/annunci/seat-leon-1-5-etsi-150cv-xcellence-dsg-elettrica-benzina-cat_ma64mo15869-6ec51ac2-c9d2-4897-b25b-d240a03a7304,SEAT,Leon,1.5 eTSI 150cv XCELLENCE DSG,11900,132980.0,Automatico,04/2021,Elettrica/Benzina,110 kW (150 CV),Gruppo M Srl di Gruppo Morini – T Motor Bologna • IT-40068 San Lazzaro di Savena - BO,Rivenditore
SEAT Leon ST 1.6 tdi Business 115cv my20,https://www.autoscout24.it/annunci/seat-leon-st-1-6-tdi-business-115cv-my20-diesel-cat_ma64mo15869-b427a78d-39c6-4ec4-95d2-ee24e3775b66,SEAT,Leon,ST 1.6 tdi Business 115cv my20,11900,126000.0,Manuale,11/2021,Diesel,85 kW (116 CV),"Privato,IT-27042 Bressana Bottarone",Privato
SEAT Leon Sportstourer 1.5 etsi Business 150cv dsg,https://www.autoscout24.it/annunci/seat-leon-sportstourer-1-5-etsi-business-150cv-dsg-elettrica-benzina-cat_ma64mo15869-2d66c166-1edf-40f7-8b34-226c97b1aafc,SEAT,Leon,Sportstourer 1.5 etsi Business 150cv dsg,11200,171200.0,Semiautomatico,04/2021,Elettrica/Benzina,110 kW (150 CV),"Privato,IT-48022 Lugo",Privato
SEAT Leon sw SPORTSTOUR 2.0 tdi Busin 150cv dsg tg : GK419FZ,https://www.autoscout24.it/annunci/seat-leon-sw-sportstour-2-0-tdi-busin-150cv-dsg-tg-gk419fz-diesel-nero-cat_ma64mo15869-97e5c758-0e8a-42c4-9bf2-8b5d8b90857a,SEAT,Leon,sw SPORTSTOUR 2.0 tdi Busin 150cv dsg tg : GK419FZ,11200,166000.0,Automatico,05/2022,Diesel,110 kW (150 CV),Mastercar Srl • IT-33031 Basiliano - Udine,Rivenditore
SEAT Leon Leon IV 2020 Sportstourer Sportstourer 2.0 tdi Business 115cv,https://www.autoscout24.it/annunci/seat-leon-leon-iv-2020-sportstourer-sportstourer-2-0-tdi-business-115cv-diesel-argento-cat_ma64mo15869-7becbdee-c72d-489c-b220-5dd600bc746f,SEAT,Leon,Leon IV 2020 Sportstourer Sportstourer 2.0 tdi Business 115cv,11900,170000.0,Manuale,05/2022,Diesel,85 kW (116 CV),Autolandi Srl • IT-36040 Sarego - Vicenza - VI,Rivenditore
SEAT Leon ST 1.0 TSI 66 KW BUSINESS STATION WAGON,https://www.autoscout24.it/annunci/seat-leon-st-1-0-tsi-66-kw-business-station-wagon-benzina-cat_ma64mo15869-54ad5210-faa3-4a1d-bb82-e05c1886747a,SEAT,Leon,ST 1.0 TSI 66 KW BUSINESS STATION WAGON,11800,97010.0,Manuale,03/2021,Benzina,66 kW (90 CV),Ariel Car Verona • IT-37135 Verona - Vr,Rivenditore
SEAT Leon Leon IV 2020 1.0 etsi Style 110cv dsg,https://www.autoscout24.it/annunci/seat-leon-leon-iv-2020-1-0-etsi-style-110cv-dsg-elettrica-benzina-nero-cat_ma64mo15869-1cbdb3fe-5ee1-4d35-ab24-3fc85f9814c8,SEAT,Leon,Leon IV 2020 1.0 etsi Style 110cv dsg,11999,104000.0,Semiautomatico,09/2021,Elettrica/Benzina,81 kW (110 CV),Cambio Auto FG • IT-20094 Corsico,Rivenditore
SEAT Leon IV 2023 Sportstourer 2.0 tdi Style 115cv IVA ESPOSTA,https://www.autoscout24.it/annunci/seat-leon-iv-2023-sportstourer-2-0-tdi-style-115cv-iva-esposta-diesel-nero-cat_ma64mo15869-4760a273-de24-48b7-afd0-c7991b41feb0,SEAT,Leon,IV 2023 Sportstourer 2.0 tdi Style 115cv IVA ESPOSTA,12999,59000.0,Manuale,10/2023,Diesel,85 kW (116 CV),Checcacci - TM Wagen • IT-59100 Prato – Po,Rivenditore
SEAT Leon Leon Sportstourer Sportstourer 2.0 tdi Style 115cv PRONTA CONSEGNA,https://www.autoscout24.it/annunci/seat-leon-leon-sportstourer-sportstourer-2-0-tdi-style-115cv-pronta-consegna-diesel-nero-cat_ma64mo15869-771c3f89-f7e2-40bd-8e8c-f799ced85f13,SEAT,Leon,Leon Sportstourer Sportstourer 2.0 tdi Style 115cv PRONTA CONSEGNA,12899,76000.0,Manuale,10/2023,Diesel,85 kW (116 CV),Automotividea group srl • IT-00132 Roma - Rm,Rivenditore
SEAT Leon Business DSG 1.0 Mild Hybrid 110CV,https://www.autoscout24.it/annunci/seat-leon-business-dsg-1-0-mild-hybrid-110cv-elettrica-benzina-bianco-cat_ma64mo15869-179fb787-9c6f-4fab-b0ec-c51f05c666cb,SEAT,Leon,Business DSG 1.0 Mild Hybrid 110CV,12790,101615.0,Automatico,04/2022,Elettrica/Benzina,81 kW (110 CV),brumbrum • IT-20092 Cinisello Balsamo  - Milano - MI,Rivenditore
SEAT Leon Business DSG 1.0 Mild Hybrid 110CV,https://www.autoscout24.it/annunci/seat-leon-business-dsg-1-0-mild-hybrid-110cv-elettrica-benzina-bianco-cat_ma64mo15869-4f986fff-6a23-4d0a-83df-fd785ba78388,SEAT,Leon,Business DSG 1.0 Mild Hybrid 110CV,12790,101615.0,Automatico,04/2022,Elettrica/Benzina,81 kW (110 CV),brumbrum - Reggio Emilia • IT-42122 Reggio Emilia RE,Rivenditore
SEAT Leon Leon 2.0 TDI 150 CV DSG Style,https://www.autoscout24.it/annunci/seat-leon-leon-2-0-tdi-150-cv-dsg-style-diesel-nero-cat_ma64mo15869-8eabb471-07f7-4758-8bab-435a7477ffd7,SEAT,Leon,Leon 2.0 TDI 150 CV DSG Style,12900,159000.0,Automatico,09/2022,Diesel,110 kW (150 CV),Stockcar S.R.L. • IT-33019 Tricesimo - Ud,Rivenditore
SEAT Leon 2.0 TDI SW STYLE KM. 72.000 CERT-UNICO PROPRIETARIO!,https://www.autoscout24.it/annunci/seat-leon-2-0-tdi-sw-style-km-72-000-cert-unico-proprietario-diesel-nero-cat_ma64mo15869-77512f01-285b-4313-94b2-41bd0bc94715,SEAT,Leon,2.0 TDI SW STYLE KM. 72.000 CERT-UNICO PROPRIETARIO!,12900,72000.0,Manuale,10/2023,Diesel,85 kW (116 CV),Business Cars Srl • IT-10071 Borgaro Torinese - To,Rivenditore
SEAT Leon Leon IV Sportstourer 2.0 tdi Style 150cv dsg,https://www.autoscout24.it/annunci/seat-leon-leon-iv-sportstourer-2-0-tdi-style-150cv-dsg-diesel-nero-cat_ma64mo15869-0986aacb-ff9d-4d5e-bd06-af20a3a76c81,SEAT,Leon,Leon IV Sportstourer 2.0 tdi Style 150cv dsg,13000,63600.0,Automatico,11/2023,Diesel,110 kW (150 CV),Tescar Srl • IT-45010 Villadose - Rovigo - RO,Rivenditore
SEAT Leon Leon IV 2020 Sportstourer Sportstourer 1.0 etsi Business 110cv dsg,https://www.autoscout24.it/annunci/seat-leon-leon-iv-2020-sportstourer-sportstourer-1-0-etsi-business-110cv-dsg-elettrica-benzina-nero-cat_ma64mo15869-17f67596-c6d8-4f83-bb7b-67057554b802,SEAT,Leon,Leon IV 2020 Sportstourer Sportstourer 1.0 etsi Business 110cv dsg,12000,105000.0,Automatico,08/2021,Elettrica/Benzina,81 kW (110 CV),"Privato,IT-21100 Varese",Privato
SEAT Leon Sportstourer 1.0 Etsi Style Dsg S&S 110 Cv,https://www.autoscout24.it/annunci/seat-leon-sportstourer-1-0-etsi-style-dsg-ss-110-cv-elettrica-benzina-nero-cat_ma64mo15869-7a043185-5a8f-4bc3-a432-36b4c56d06b4,SEAT,Leon,Sportstourer 1.0 Etsi Style Dsg S&S 110 Cv,12550,99000.0,Automatico,05/2022,Elettrica/Benzina,81 kW (110 CV),Italian Car Di Russo Gerardo • IT-20863 Concorezzo - Monza Brianza - Mb,Rivenditore
SEAT Leon Sportstourer 2.0 TDI 150 CV DSG Style,https://www.autoscout24.it/annunci/seat-leon-sportstourer-2-0-tdi-150-cv-dsg-style-diesel-argento-cat_ma64mo15869-ca9bccd2-ff7b-453f-af59-a7def75e831c,SEAT,Leon,Sportstourer 2.0 TDI 150 CV DSG Style,12490,66000.0,Automatico,11/2023,Diesel,110 kW (150 CV),Infocars • IT-35042 Este - Padova - Pd,Rivenditore
SEAT Leon Leon IV 2020 Sportstourer Sportstourer 2.0 tdi Business 150cv dsg,https://www.autoscout24.it/annunci/seat-leon-leon-iv-2020-sportstourer-sportstourer-2-0-tdi-business-150cv-dsg-diesel-argento-cat_ma64mo15869-f570666b-2fa6-475c-80b6-3ba4d4038e84,SEAT,Leon,Leon IV 2020 Sportstourer Sportstourer 2.0 tdi Business 150cv dsg,13000,135000.0,Automatico,03/2022,Diesel,110 kW (150 CV),"Privato,IT-22100 Como",Privato
SEAT Leon Business DSG 1.0 Mild Hybrid 110CV,https://www.autoscout24.it/annunci/seat-leon-business-dsg-1-0-mild-hybrid-110cv-elettrica-benzina-bianco-cat_ma64mo15869-e5c2e01f-f341-4170-8852-27988a5ad74a,SEAT,Leon,Business DSG 1.0 Mild Hybrid 110CV,12790,101615.0,Automatico,04/2022,Elettrica/Benzina,81 kW (110 CV),brumbrum - Bologna • IT-40057 Bologna - BO,Rivenditore
SEAT Leon Sportstourer 2.0 tdi Style 115cv *IVA ESPOSTA*,https://www.autoscout24.it/annunci/seat-leon-sportstourer-2-0-tdi-style-115cv-iva-esposta-diesel-nero-cat_ma64mo15869-048b11e9-2c08-4667-a187-3afe9a0def53,SEAT,Leon,Sportstourer 2.0 tdi Style 115cv *IVA ESPOSTA*,12999,130000.0,Manuale,07/2023,Diesel,85 kW (116 CV),Checcacci Pistoia • IT-51100 Pistoia - PT,Rivenditore
SEAT Leon Sportstourer 2.0 TDI 150 CV DSG,https://www.autoscout24.it/annunci/seat-leon-sportstourer-2-0-tdi-150-cv-dsg-diesel-argento-cat_ma64mo15869-7c0c5c1b-d073-4f59-bca8-ff35ad1435d3,SEAT,Leon,Sportstourer 2.0 TDI 150 CV DSG,12900,153000.0,Automatico,06/2021,Diesel,110 kW (150 CV),Gruppo Automercato • IT-36100 Vicenza - VI,Rivenditore
SEAT Leon ST 1.0 TSI 66 KW BUSINESS STATION WAGON,https://www.autoscout24.it/annunci/seat-leon-st-1-0-tsi-66-kw-business-station-wagon-benzina-cat_ma64mo15869-0d350d91-8b20-47fd-9ff4-89bb4dabf07f,SEAT,Leon,ST 1.0 TSI 66 KW BUSINESS STATION WAGON,12900,91386.0,Manuale,05/2022,Benzina,66 kW (90 CV),Ariel Car Bologna • IT-40010 Bentivoglio - Bologna,Rivenditore
SEAT Leon SPORTSTOURER 2.0 TDI STILE DSG 150 CV,https://www.autoscout24.it/annunci/seat-leon-sportstourer-2-0-tdi-stile-dsg-150-cv-diesel-grigio-cat_ma64mo15869-99028102-7517-499d-bf93-df26f8917446,SEAT,Leon,SPORTSTOURER 2.0 TDI STILE DSG 150 CV,13500,87382.0,Automatico,11/2023,Diesel,110 kW (150 CV),Procar Automobili • IT-10147 Torino,Rivenditore
SEAT Leon Leon IV Sportstourer 2.0 tdi Style 115cv,https://www.autoscout24.it/annunci/seat-leon-leon-iv-sportstourer-2-0-tdi-style-115cv-diesel-nero-cat_ma64mo15869-b96de444-1cf1-4c64-a52a-5a7acdb9f96c,SEAT,Leon,Leon IV Sportstourer 2.0 tdi Style 115cv,13900,60000.0,Manuale,10/2023,Diesel,85 kW (116 CV),Auto Gavioli Srl • IT-44034 Copparo - Ferrara - Fe,Rivenditore
SEAT Leon Leon IV 2020 Sportstourer Sportstourer 2.0 tdi Style 150cv dsg,https://www.autoscout24.it/annunci/seat-leon-leon-iv-2020-sportstourer-sportstourer-2-0-tdi-style-150cv-dsg-diesel-argento-cat_ma64mo15869-e0e66542-441f-4587-bc8f-dba8c363c06a,SEAT,Leon,Leon IV 2020 Sportstourer Sportstourer 2.0 tdi Style 150cv dsg,13500,76000.0,Automatico,02/2024,Diesel,110 kW (150 CV),Tescar Srl • IT-45010 Villadose - Rovigo - RO,Rivenditore
SEAT Leon IV 2020 Sportstourer Sportstourer 1.5 etsi Xcellence 150cv dsg,https://www.autoscout24.it/annunci/seat-leon-iv-2020-sportstourer-sportstourer-1-5-etsi-xcellence-150cv-dsg-elettrica-benzina-grigio-cat_ma64mo15869-25e54082-0fc3-4f9f-beba-ab2f5455856f,SEAT,Leon,IV 2020 Sportstourer Sportstourer 1.5 etsi Xcellence 150cv dsg,13900,97990.0,Automatico,03/2021,Elettrica/Benzina,110 kW (150 CV),Grand Prix Group • IT-40055 Villanova - Bo,Rivenditore
SEAT Leon 4ª serie Sportstourer 1.5 eTSI 150 CV DSG Xcellence,https://www.autoscout24.it/annunci/seat-leon-4-serie-sportstourer-1-5-etsi-150-cv-dsg-xcellence-elettrica-benzina-grigio-cat_ma64mo15869-b52bb9d7-74b3-466c-ba05-02da538f3524,SEAT,Leon,4ª serie Sportstourer 1.5 eTSI 150 CV DSG Xcellence,13500,93679.0,Automatico,03/2021,Elettrica/Benzina,110 kW (150 CV),Grand Prix Group • IT-40055 Villanova - Bo,Rivenditore
SEAT Leon Style DSG 2.0 Diesel 150CV,https://www.autoscout24.it/annunci/seat-leon-style-dsg-2-0-diesel-150cv-diesel-bianco-cat_ma64mo15869-401dc36c-64ea-4cd2-9aa4-d2ec9dce6c9a,SEAT,Leon,Style DSG 2.0 Diesel 150CV,13490,105678.0,Automatico,12/2021,Diesel,110 kW (150 CV),brumbrum - Reggio Emilia • IT-42122 Reggio Emilia RE,Rivenditore
SEAT Leon Style DSG 2.0 Diesel 150CV,https://www.autoscout24.it/annunci/seat-leon-style-dsg-2-0-diesel-150cv-diesel-bianco-cat_ma64mo15869-d242c09f-3bfe-4512-b408-2af9dfc1f1a4,SEAT,Leon,Style DSG 2.0 Diesel 150CV,13490,105678.0,Automatico,12/2021,Diesel,110 kW (150 CV),brumbrum • IT-20092 Cinisello Balsamo  - Milano - MI,Rivenditore
SEAT Leon Leon IV Sportstourer 2.0 tdi Style 150cv dsg,https://www.autoscout24.it/annunci/seat-leon-leon-iv-sportstourer-2-0-tdi-style-150cv-dsg-diesel-nero-cat_ma64mo15869-0986aacb-ff9d-4d5e-bd06-af20a3a76c81,SEAT,Leon,Leon IV Sportstourer 2.0 tdi Style 150cv dsg,13000,63600.0,Automatico,11/2023,Diesel,110 kW (150 CV),Tescar Srl • IT-45010 Villadose - Rovigo - RO,Rivenditore
SEAT Leon 1.5 etsi Xcellence 150cv dsg,https://www.autoscout24.it/annunci/seat-leon-1-5-etsi-xcellence-150cv-dsg-elettrica-benzina-cat_ma64mo15869-cb32cf17-5feb-4990-9152-71082129ff5f,SEAT,Leon,1.5 etsi Xcellence 150cv dsg,14000,115000.0,Semiautomatico,05/2021,Elettrica/Benzina,110 kW (150 CV),"Privato,IT-70032 Bitonto",Privato
SEAT Leon Leon Sportstourer 2.0 tdi Style 150cv dsg*IVA ESPOTA*,https://www.autoscout24.it/annunci/seat-leon-leon-sportstourer-2-0-tdi-style-150cv-dsg-iva-espota-diesel-blu-azzurro-cat_ma64mo15869-e33b21e0-7f85-4111-853b-7013e4394d59,SEAT,Leon,Leon Sportstourer 2.0 tdi Style 150cv dsg*IVA ESPOTA*,13400,68000.0,Automatico,12/2023,Diesel,110 kW (150 CV),Checcacci Srl • IT-59100 Prato - PO,Rivenditore
SEAT Leon 1.0 TSI 110 CV Style C/GRIMALDI SPECIAL DAY,https://www.autoscout24.it/annunci/seat-leon-1-0-tsi-110-cv-style-c-grimaldi-special-day-benzina-grigio-cat_ma64mo15869-920ec7de-8226-458e-8560-659167b49bfa,SEAT,Leon,1.0 TSI 110 CV Style C/GRIMALDI SPECIAL DAY,13900,39549.0,Manuale,05/2022,Benzina,81 kW (110 CV),Grimaldi Auto Spa • IT-27029 Vigevano - Pavia - Pv,Rivenditore
SEAT Leon Sportstourer 2.0 tdi Style 150cv dsg,https://www.autoscout24.it/annunci/seat-leon-sportstourer-2-0-tdi-style-150cv-dsg-diesel-nero-cat_ma64mo15869-944d0e7d-eae2-4dc4-b716-9ac044bbfc55,SEAT,Leon,Sportstourer 2.0 tdi Style 150cv dsg,13500,77320.0,Automatico,11/2023,Diesel,110 kW (150 CV),Nordcar di Chuntul Oleksandr • IT-23823 Colico - Lecco - LC,Rivenditore
SEAT Leon Sportstourer 1.0 etsi Style 110cv dsg,https://www.autoscout24.it/annunci/seat-leon-sportstourer-1-0-etsi-style-110cv-dsg-elettrica-benzina-cat_ma64mo15869-82274264-9ea1-4309-bbbf-b0b2dd14d96d,SEAT,Leon,Sportstourer 1.0 etsi Style 110cv dsg,13850,66800.0,Semiautomatico,10/2022,Elettrica/Benzina,81 kW (110 CV),"Privato,IT-25124 Brescia",Privato
SEAT Leon Leon 1.5 tgi Style 130cv dsg,https://www.autoscout24.it/annunci/seat-leon-leon-1-5-tgi-style-130cv-dsg-metano-grigio-cat_ma64mo15869-0abfdf79-1aeb-4c39-afc3-32c5c4369c4c,SEAT,Leon,Leon 1.5 tgi Style 130cv dsg,14000,132000.0,Automatico,09/2022,Metano,96 kW (131 CV),"Privato,IT-61045 Pergola",Privato
SEAT Leon Leon ST 2.0 TDI Business *IVA DEDUCIBILE*,https://www.autoscout24.it/annunci/seat-leon-leon-st-2-0-tdi-business-iva-deducibile-diesel-nero-cat_ma64mo15869-9424c0a6-062b-427c-8f8f-bb8f2969340e,SEAT,Leon,Leon ST 2.0 TDI Business *IVA DEDUCIBILE*,13500,79115.0,Manuale,10/2023,Diesel,85 kW (116 CV),Stellauto • IT-20823 Lentate sul Seveso - MB,Rivenditore
SEAT Leon Leon IV 2020 Sportstourer Sportstourer 2.0 tdi Style 150cv dsg,https://www.autoscout24.it/annunci/seat-leon-leon-iv-2020-sportstourer-sportstourer-2-0-tdi-style-150cv-dsg-diesel-grigio-cat_ma64mo15869-cacc17e6-236c-496e-bdde-e7865e0eb871,SEAT,Leon,Leon IV 2020 Sportstourer Sportstourer 2.0 tdi Style 150cv dsg,14000,95000.0,Semiautomatico,11/2023,Diesel,110 kW (150 CV),Ds Srls • IT-10135 Torino - TO,Rivenditore
SEAT Leon Sportstourer 2.0 TDI 150 CV DSG Business - PROMO,https://www.autoscout24.it/annunci/seat-leon-sportstourer-2-0-tdi-150-cv-dsg-business-promo-diesel-argento-cat_ma64mo15869-27a9a5e0-b2fa-4f27-9f05-21f221747c2a,SEAT,Leon,Sportstourer 2.0 TDI 150 CV DSG Business - PROMO,13900,63000.0,Automatico,10/2023,Diesel,110 kW (150 CV),Infocars • IT-35042 Este - Padova - Pd,Rivenditore
SEAT Leon IV Sportstourer 2.0 tdi Style150cv dsg,https://www.autoscout24.it/annunci/seat-leon-iv-sportstourer-2-0-tdi-style150cv-dsg-diesel-argento-cat_ma64mo15869-0336daf3-5b3f-4dab-8d9a-eaca2d9f1330,SEAT,Leon,IV Sportstourer 2.0 tdi Style150cv dsg,13400,87375.0,Automatico,10/2023,Diesel,110 kW (150 CV),As Motors Di All Service Srls • IT-25125 Brescia -BS,Rivenditore
SEAT Leon Sportstourer 2.0 tdi Style 150cv dsg,https://www.autoscout24.it/annunci/seat-leon-sportstourer-2-0-tdi-style-150cv-dsg-diesel-cat_ma64mo15869-e8a47bd9-ec98-487f-b18f-94ed86ba98ad,SEAT,Leon,Sportstourer 2.0 tdi Style 150cv dsg,13900,100000.0,Semiautomatico,06/2022,Diesel,110 kW (150 CV),"Privato,IT-30016 Jesolo",Privato
SEAT Leon Sportstourer 2.0 TDI 150 CV DSG Business,https://www.autoscout24.it/annunci/seat-leon-sportstourer-2-0-tdi-150-cv-dsg-business-diesel-bianco-cat_ma64mo15869-a9305735-9425-41f1-89c4-1df104ca1c7d,SEAT,Leon,Sportstourer 2.0 TDI 150 CV DSG Business,13900,118863.0,Automatico,08/2023,Diesel,110 kW (150 CV),Ferri Auto Spa • IT-31020 Lancenigo di  Villorba TV,Rivenditore
SEAT Leon Leon IV 2023 Sportstourer 2.0 tdi Business 150cv dsg,https://www.autoscout24.it/annunci/seat-leon-leon-iv-2023-sportstourer-2-0-tdi-business-150cv-dsg-diesel-argento-cat_ma64mo15869-821ca3f7-a165-4fbc-8dc7-3879e8171df8,SEAT,Leon,Leon IV 2023 Sportstourer 2.0 tdi Business 150cv dsg,14000,82800.0,Automatico,10/2023,Diesel,110 kW (150 CV),Tescar Srl • IT-45010 Villadose - Rovigo - RO,Rivenditore
SEAT Leon 4ª serie Sportstourer 1.5 eTSI 150 CV DSG Xcellence,https://www.autoscout24.it/annunci/seat-leon-4-serie-sportstourer-1-5-etsi-150-cv-dsg-xcellence-elettrica-benzina-bianco-cat_ma64mo15869-c9c52ba9-0392-428d-99e8-1ea98912d8d0,SEAT,Leon,4ª serie Sportstourer 1.5 eTSI 150 CV DSG Xcellence,13500,94127.0,Automatico,04/2021,Elettrica/Benzina,110 kW (150 CV),Grand Prix Group • IT-40055 Villanova - Bo,Rivenditore
SEAT Leon Leon IV 2020 Sportstourer Sportstourer 1.5 etsi Business 150cv dsg,https://www.autoscout24.it/annunci/seat-leon-leon-iv-2020-sportstourer-sportstourer-1-5-etsi-business-150cv-dsg-elettrica-benzina-grigio-cat_ma64mo15869-7e7ec671-f413-4abe-b17e-b86373d80641,SEAT,Leon,Leon IV 2020 Sportstourer Sportstourer 1.5 etsi Business 150cv dsg,13500,78000.0,Semiautomatico,03/2021,Elettrica/Benzina,110 kW (150 CV),Carrozzeria F.lli Lombardo snc • IT-92020 Santa Elisabetta - Ag,Rivenditore
SEAT Leon Leon IV Sportstourer 2.0 tdi Style 150cv dsg,https://www.autoscout24.it/annunci/seat-leon-leon-iv-sportstourer-2-0-tdi-style-150cv-dsg-diesel-argento-cat_ma64mo15869-cca1a69e-134f-4961-b1d0-f3a540fd3a03,SEAT,Leon,Leon IV Sportstourer 2.0 tdi Style 150cv dsg,13500,77600.0,Automatico,11/2023,Diesel,110 kW (150 CV),Tescar Srl • IT-45010 Villadose - Rovigo - RO,Rivenditore
SEAT Leon Sportstourer 2.0 TDI Style,https://www.autoscout24.it/annunci/seat-leon-sportstourer-2-0-tdi-style-diesel-nero-cat_ma64mo15869-f38b7d06-a19f-45fc-baef-3e46f25f1266,SEAT,Leon,Sportstourer 2.0 TDI Style,13400,78614.0,Manuale,10/2023,Diesel,85 kW (116 CV),Euroautohaus F.lli Ardone Srl • IT-72019 San Vito dei Normanni - Brindisi,Rivenditore
SEAT Leon Leon IV 2020 Sportstourer Sportstourer 2.0 tdi Business 150cv dsg,https://www.autoscout24.it/annunci/seat-leon-leon-iv-2020-sportstourer-sportstourer-2-0-tdi-business-150cv-dsg-diesel-argento-cat_ma64mo15869-f570666b-2fa6-475c-80b6-3ba4d4038e84,SEAT,Leon,Leon IV 2020 Sportstourer Sportstourer 2.0 tdi Business 150cv dsg,13000,135000.0,Automatico,03/2022,Diesel,110 kW (150 CV),"Privato,IT-22100 Como",Privato
SEAT Leon Sportstourer 1.0 etsi Style 110cv dsg,https://www.autoscout24.it/annunci/seat-leon-sportstourer-1-0-etsi-style-110cv-dsg-elettrica-benzina-cat_ma64mo15869-f67fb8d7-6765-47fe-96d5-aed4b4141135,SEAT,Leon,Sportstourer 1.0 etsi Style 110cv dsg,13500,90000.0,Semiautomatico,03/2022,Elettrica/Benzina,81 kW (110 CV),"Privato,IT-37044 cologna veneta",Privato
SEAT Leon 4ª serie Sportstourer 1.5 eTSI 150 CV DSG Xcellence,https://www.autoscout24.it/annunci/seat-leon-4-serie-sportstourer-1-5-etsi-150-cv-dsg-xcellence-elettrica-benzina-grigio-cat_ma64mo15869-55992b8b-0f90-44f7-84a5-be2da73c7747,SEAT,Leon,4ª serie Sportstourer 1.5 eTSI 150 CV DSG Xcellence,13750,103000.0,Automatico,03/2021,Elettrica/Benzina,110 kW (150 CV),Grand Prix Group • IT-40055 Villanova - Bo,Rivenditore
SEAT Leon Style DSG 2.0 Diesel 150CV,https://www.autoscout24.it/annunci/seat-leon-style-dsg-2-0-diesel-150cv-diesel-bianco-cat_ma64mo15869-c76af006-1f56-4b94-b33e-c7d0dea9214f,SEAT,Leon,Style DSG 2.0 Diesel 150CV,13490,105678.0,Automatico,12/2021,Diesel,110 kW (150 CV),brumbrum - Bologna • IT-40057 Bologna - BO,Rivenditore
SEAT Leon Sportstourer 2.0 TDI 150 CV DSG Business - PROMO,https://www.autoscout24.it/annunci/seat-leon-sportstourer-2-0-tdi-150-cv-dsg-business-promo-diesel-argento-cat_ma64mo15869-7e3c4f1d-bcfa-479b-8e07-554557c9c9d6,SEAT,Leon,Sportstourer 2.0 TDI 150 CV DSG Business - PROMO,13900,79500.0,Automatico,10/2023,Diesel,110 kW (150 CV),Infocars • IT-35042 Este - Padova - Pd,Rivenditore
SEAT Leon 4ª serie Sportstourer 1.5 eTSI 150 CV DSG Xcellence,https://www.autoscout24.it/annunci/seat-leon-4-serie-sportstourer-1-5-etsi-150-cv-dsg-xcellence-elettrica-benzina-grigio-cat_ma64mo15869-5ed57808-5b31-47ac-8f9d-34b3fb7843ff,SEAT,Leon,4ª serie Sportstourer 1.5 eTSI 150 CV DSG Xcellence,13750,102412.0,Automatico,03/2021,Elettrica/Benzina,110 kW (150 CV),Grand Prix Group • IT-40055 Villanova - Bo,Rivenditore
SEAT Leon Sportstourer 2.0 tdi Business 115cv,https://www.autoscout24.it/annunci/seat-leon-sportstourer-2-0-tdi-business-115cv-diesel-bianco-cat_ma64mo15869-1c2c77af-5ab5-4243-828c-2fc796e5945c,SEAT,Leon,Sportstourer 2.0 tdi Business 115cv,13700,122000.0,Manuale,12/2022,Diesel,85 kW (116 CV),M.T. AUTO di Mario Turi • IT-72012 Carovigno - Brindisi - BR,Rivenditore
SEAT Leon Leon IV 2020 2.0 tdi Style 115cv,https://www.autoscout24.it/annunci/seat-leon-leon-iv-2020-2-0-tdi-style-115cv-diesel-bianco-cat_ma64mo15869-3cea0bbb-a4de-4c03-b4c6-2950ffbc7987,SEAT,Leon,Leon IV 2020 2.0 tdi Style 115cv,13100,142156.0,Manuale,05/2022,Diesel,85 kW (116 CV),Carnelutti Auto Srl • IT-33010 Tavagnacco - Udine - Ud,Rivenditore
SEAT Leon 1.0 eTSI Business MHEV,https://www.autoscout24.it/annunci/seat-leon-1-0-etsi-business-mhev-elettrica-benzina-nero-cat_ma64mo15869-f322cb01-15ec-4a28-bd70-52ee822f0139,SEAT,Leon,1.0 eTSI Business MHEV,13299,125513.0,Automatico,05/2022,Elettrica/Benzina,81 kW (110 CV),Autohero Italia Srl • IT-20155 Milano - Mi,Rivenditore
SEAT Leon Leon IV 2023 Sportstourer 2.0 tdi Business 150cv DSG,https://www.autoscout24.it/annunci/seat-leon-leon-iv-2023-sportstourer-2-0-tdi-business-150cv-dsg-diesel-bianco-cat_ma64mo15869-1c14cf0e-a5d8-4e51-9145-b79123a131e4,SEAT,Leon,Leon IV 2023 Sportstourer 2.0 tdi Business 150cv DSG,13900,167000.0,Automatico,08/2023,Diesel,110 kW (150 CV),E-Motors Srl • IT-47922 Rimini,Rivenditore
SEAT Leon 1.0 eTSI Business MHEV,https://www.autoscout24.it/annunci/seat-leon-1-0-etsi-business-mhev-elettrica-benzina-nero-cat_ma64mo15869-4803ff4d-6e50-4cb8-8adf-2e20e94a1b37,SEAT,Leon,1.0 eTSI Business MHEV,13299,125513.0,Automatico,05/2022,Elettrica/Benzina,81 kW (110 CV),Autohero Italia Srl • IT-37135 Verona - VR,Rivenditore
SEAT Leon 1.0 eTSI Business MHEV,https://www.autoscout24.it/annunci/seat-leon-1-0-etsi-business-mhev-elettrica-benzina-nero-cat_ma64mo15869-d1d88771-a9f2-491e-8461-11babe425769,SEAT,Leon,1.0 eTSI Business MHEV,13299,125513.0,Automatico,05/2022,Elettrica/Benzina,81 kW (110 CV),Autohero Italia Srl - Bari • IT-50145 Firenze - FI,Rivenditore
SEAT Leon 1.0 eTSI Business MHEV,https://www.autoscout24.it/annunci/seat-leon-1-0-etsi-business-mhev-elettrica-benzina-nero-cat_ma64mo15869-9a0646e0-41f3-4a6d-bdb8-a7877149b823,SEAT,Leon,1.0 eTSI Business MHEV,13299,125513.0,Automatico,05/2022,Elettrica/Benzina,81 kW (110 CV),Autohero Italia srl • IT-40131 Bologna,Rivenditore
SEAT Leon 1.0 eTSI Business MHEV,https://www.autoscout24.it/annunci/seat-leon-1-0-etsi-business-mhev-elettrica-benzina-nero-cat_ma64mo15869-168cb70e-251f-4ad8-ac2c-6cce988a9fb4,SEAT,Leon,1.0 eTSI Business MHEV,13299,125513.0,Automatico,05/2022,Elettrica/Benzina,81 kW (110 CV),Autohero Italia srl • IT-00169 Roma,Rivenditore
SEAT Leon 1.0 eTSI Business MHEV,https://www.autoscout24.it/annunci/seat-leon-1-0-etsi-business-mhev-elettrica-benzina-nero-cat_ma64mo15869-2f12fffd-65d3-4dd7-a54e-d43381bc8cd7,SEAT,Leon,1.0 eTSI Business MHEV,13299,125513.0,Automatico,05/2022,Elettrica/Benzina,81 kW (110 CV),Autohero Italia Srl - Torino • IT-10092 Beinasco - TO,Rivenditore
SEAT Leon Leon Sportstourer 2.0 TDI 150 CV DSG Business,https://www.autoscout24.it/annunci/seat-leon-leon-sportstourer-2-0-tdi-150-cv-dsg-business-diesel-argento-cat_ma64mo15869-7a7e0181-2829-4e4d-9da9-66eb3071fa1a,SEAT,Leon,Leon Sportstourer 2.0 TDI 150 CV DSG Business,13900,159000.0,Automatico,12/2021,Diesel,110 kW (150 CV),Auto Bm Di Bourya Mustapha • IT-46042 Castel Goffredo - Mantova - MN,Rivenditore
SEAT Leon 1.0 eTSI Business MHEV,https://www.autoscout24.it/annunci/seat-leon-1-0-etsi-business-mhev-elettrica-benzina-nero-cat_ma64mo15869-73d6bfb2-cf45-4bef-8598-fe09b9dd7583,SEAT,Leon,1.0 eTSI Business MHEV,13299,125513.0,Automatico,05/2022,Elettrica/Benzina,81 kW (110 CV),AutoHero Italia Srl • IT-09122 Cagliari  - CA,Rivenditore
SEAT Leon 1.4 e-HYBRID 204 CV DSG FR 2021,https://www.autoscout24.it/annunci/seat-leon-1-4-e-hybrid-204-cv-dsg-fr-2021-elettrica-benzina-nero-cat_ma64mo15869-5777412a-1cc5-49c9-9d4f-fdb2cbdd78d4,SEAT,Leon,1.4 e-HYBRID 204 CV DSG FR 2021,13999,98000.0,Automatico,10/2021,Elettrica/Benzina,85 kW (116 CV),TM Wagen Firenze srl • IT-50142 Firenze - FI,Rivenditore
SEAT Leon Sportstourer 2.0 TDI Style 115CV,https://www.autoscout24.it/annunci/seat-leon-sportstourer-2-0-tdi-style-115cv-diesel-grigio-cat_ma64mo15869-b7cdb443-4b01-422c-b885-ed377da6d381,SEAT,Leon,Sportstourer 2.0 TDI Style 115CV,14500,60926.0,Manuale,09/2023,Diesel,85 kW (116 CV),X Car Snc • IT-10148 Torino - To,Rivenditore
SEAT Leon 2.0 TDI 150 CV DSG Style - PREZZO REALE,https://www.autoscout24.it/annunci/seat-leon-2-0-tdi-150-cv-dsg-style-prezzo-reale-diesel-grigio-cat_ma64mo15869-0eb26bee-e513-4a5e-8b6a-2f9f7c2ca8af,SEAT,Leon,2.0 TDI 150 CV DSG Style - PREZZO REALE,14900,67208.0,Automatico,11/2023,Diesel,110 kW (150 CV),X Car Snc • IT-10148 Torino - To,Rivenditore
SEAT Leon ST Style DSG 2.0 Diesel 150CV,https://www.autoscout24.it/annunci/seat-leon-st-style-dsg-2-0-diesel-150cv-diesel-argento-cat_ma64mo15869-939c40c8-395b-49d3-a015-9348954c1253,SEAT,Leon,ST Style DSG 2.0 Diesel 150CV,14490,60514.0,Automatico,02/2024,Diesel,110 kW (150 CV),brumbrum - Bologna • IT-40057 Bologna - BO,Rivenditore
SEAT Leon 4ª serie - Leon Sportstourer 2.0 TDI Style,https://www.autoscout24.it/annunci/seat-leon-4-serie-leon-sportstourer-2-0-tdi-style-diesel-nero-cat_ma64mo15869-41c29f74-ea85-4ed7-a5e3-9ce36ddc5f7b,SEAT,Leon,4ª serie - Leon Sportstourer 2.0 TDI Style,14800,65659.0,Manuale,10/2023,Diesel,85 kW (116 CV),F.lli Cozzi Spa • IT-20025 Legnano - Milano - Mi,Rivenditore
SEAT Leon SW 2.0 TDI 150cv STYLE DSG - GS020DW,https://www.autoscout24.it/annunci/seat-leon-sw-2-0-tdi-150cv-style-dsg-gs020dw-diesel-grigio-cat_ma64mo15869-74629fe6-da0a-4281-9058-9c69f5a31907,SEAT,Leon,SW 2.0 TDI 150cv STYLE DSG - GS020DW,14900,77000.0,Automatico,11/2023,Diesel,110 kW (150 CV),Mastercar Srl • IT-33031 Basiliano - Udine,Rivenditore
SEAT Leon ST Style DSG 2.0 Diesel 150CV,https://www.autoscout24.it/annunci/seat-leon-st-style-dsg-2-0-diesel-150cv-diesel-argento-cat_ma64mo15869-38d96a24-7c1c-4509-b191-98f56f7778f9,SEAT,Leon,ST Style DSG 2.0 Diesel 150CV,14490,60514.0,Automatico,02/2024,Diesel,110 kW (150 CV),brumbrum - Reggio Emilia • IT-42122 Reggio Emilia RE,Rivenditore
SEAT Leon ST Style DSG 2.0 Diesel 150CV,https://www.autoscout24.it/annunci/seat-leon-st-style-dsg-2-0-diesel-150cv-diesel-argento-cat_ma64mo15869-2adec0ea-6563-4a29-9e5a-b1e0b92ffdb3,SEAT,Leon,ST Style DSG 2.0 Diesel 150CV,14490,60514.0,Automatico,02/2024,Diesel,110 kW (150 CV),brumbrum • IT-20092 Cinisello Balsamo  - Milano - MI,Rivenditore
SEAT Leon Sportstourer 1.5 etsi Xcellence 150cv dsg,https://www.autoscout24.it/annunci/seat-leon-sportstourer-1-5-etsi-xcellence-150cv-dsg-elettrica-benzina-bianco-cat_ma64mo15869-24120af4-75af-4339-acfa-dd31ab41f691,SEAT,Leon,Sportstourer 1.5 etsi Xcellence 150cv dsg,14970,85471.0,Automatico,08/2021,Elettrica/Benzina,110 kW (150 CV),Di Francesco Auto Srls • IT-66020 Pescara - Pe,Rivenditore
SEAT Leon 1.5 etsi Xcellence 150cv dsg,https://www.autoscout24.it/annunci/seat-leon-1-5-etsi-xcellence-150cv-dsg-elettrica-benzina-cat_ma64mo15869-cb32cf17-5feb-4990-9152-71082129ff5f,SEAT,Leon,1.5 etsi Xcellence 150cv dsg,14000,115000.0,Semiautomatico,05/2021,Elettrica/Benzina,110 kW (150 CV),"Privato,IT-70032 Bitonto",Privato
SEAT Leon Leon 2.0 TDI 150 CV DSG FR,https://www.autoscout24.it/annunci/seat-leon-leon-2-0-tdi-150-cv-dsg-fr-diesel-bianco-cat_ma64mo15869-f4d2e0ac-2349-47a9-a061-ee6ee02ab979,SEAT,Leon,Leon 2.0 TDI 150 CV DSG FR,14500,148000.0,Automatico,06/2021,Diesel,110 kW (150 CV),SL Cars Firenze Srl - Privacar Firenze Isolotto • IT-51042 Firenze - FI,Rivenditore
SEAT Leon Sportstourer 1.5 etsi IBRIDA XCELLENCE 150cv dsg NAVI/PAK LED MULTICOLOR/VIRTUAL/ACC,https://www.autoscout24.it/annunci/seat-leon-sportstourer-1-5-etsi-ibrida-xcellence-150cv-dsg-navi-pak-led-multicolor-virtual-acc-elettrica-benzina-grigio-cat_ma64mo15869-e12edef5-a349-4c76-8830-76519fe77a72,SEAT,Leon,Sportstourer 1.5 etsi IBRIDA XCELLENCE 150cv dsg NAVI/PAK LED MULTICOLOR/VIRTUAL/ACC,14490,90000.0,Automatico,03/2021,Elettrica/Benzina,110 kW (150 CV),Auto Smile srl • IT-45019 Taglio di Po - Rovigo - RO,Rivenditore
SEAT Leon Sportstourer 2.0 tdi Business 150cv dsg *PRONTA CONSEGNA,https://www.autoscout24.it/annunci/seat-leon-sportstourer-2-0-tdi-business-150cv-dsg-pronta-consegna-diesel-grigio-cat_ma64mo15869-aa1f74a1-43df-46f0-80e5-1218d53beed8,SEAT,Leon,Sportstourer 2.0 tdi Business 150cv dsg *PRONTA CONSEGNA,14990,59000.0,Semiautomatico,01/2024,Diesel,110 kW (150 CV),Automotividea group srl • IT-00132 Roma - Rm,Rivenditore
SEAT Leon Leon IV 2020 2.0 tdi Style 150cv dsg,https://www.autoscout24.it/annunci/seat-leon-leon-iv-2020-2-0-tdi-style-150cv-dsg-diesel-cat_ma64mo15869-ed623b41-dfe8-4328-8115-c558b62983d0,SEAT,Leon,Leon IV 2020 2.0 tdi Style 150cv dsg,15000,77000.0,Semiautomatico,06/2021,Diesel,110 kW (150 CV),"Privato,IT-95121 Catania",Privato
SEAT Leon Leon IV Sportstourer 2.0 tdi Style 150cv dsg,https://www.autoscout24.it/annunci/seat-leon-leon-iv-sportstourer-2-0-tdi-style-150cv-dsg-diesel-grigio-cat_ma64mo15869-e4ab1625-68ab-45d4-98b7-e57349edc6e4,SEAT,Leon,Leon IV Sportstourer 2.0 tdi Style 150cv dsg,14900,65000.0,Automatico,02/2024,Diesel,110 kW (150 CV),GG Auto srl • IT-10152 Torino - TO,Rivenditore
SEAT Leon 2.0 tdi Style 115cv,https://www.autoscout24.it/annunci/seat-leon-2-0-tdi-style-115cv-diesel-cat_ma64mo15869-aa168b95-b1cf-4249-856e-c407c2016344,SEAT,Leon,2.0 tdi Style 115cv,15000,110000.0,Manuale,01/2022,Diesel,85 kW (116 CV),"Privato,IT-12050 Magliano Alfieri",Privato
SEAT Leon 2.0 tdi Business 115cv,https://www.autoscout24.it/annunci/seat-leon-2-0-tdi-business-115cv-diesel-cat_ma64mo15869-d75cd981-98d2-4034-9b69-d2f24352cf25,SEAT,Leon,2.0 tdi Business 115cv,15000,95000.0,Manuale,02/2021,Diesel,85 kW (116 CV),"Privato,IT-48123 Ravenna",Privato
SEAT Leon Leon IV 2020 Sportstourer Sportstourer 2.0 tdi Style 150cv dsg,https://www.autoscout24.it/annunci/seat-leon-leon-iv-2020-sportstourer-sportstourer-2-0-tdi-style-150cv-dsg-diesel-grigio-cat_ma64mo15869-cacc17e6-236c-496e-bdde-e7865e0eb871,SEAT,Leon,Leon IV 2020 Sportstourer Sportstourer 2.0 tdi Style 150cv dsg,14000,95000.0,Semiautomatico,11/2023,Diesel,110 kW (150 CV),Ds Srls • IT-10135 Torino - TO,Rivenditore
SEAT Leon Leon IV 2020 2.0 tdi FR 150cv dsg,https://www.autoscout24.it/annunci/seat-leon-leon-iv-2020-2-0-tdi-fr-150cv-dsg-diesel-bianco-cat_ma64mo15869-4c3fc2d8-af3b-4637-b03b-cb2520cc9a62,SEAT,Leon,Leon IV 2020 2.0 tdi FR 150cv dsg,14190,130000.0,Automatico,10/2022,Diesel,110 kW (150 CV),Neo Car Classic Srl • IT-80054 Gragnano  - Napoli - Na,Rivenditore
SEAT Leon Leon 1.5 tgi Style 130cv dsg,https://www.autoscout24.it/annunci/seat-leon-leon-1-5-tgi-style-130cv-dsg-metano-grigio-cat_ma64mo15869-0abfdf79-1aeb-4c39-afc3-32c5c4369c4c,SEAT,Leon,Leon 1.5 tgi Style 130cv dsg,14000,132000.0,Automatico,09/2022,Metano,96 kW (131 CV),"Privato,IT-61045 Pergola",Privato
SEAT Leon Sportstourer 2.0 tdi Style 150cv dsg *SUPER PROMO*,https://www.autoscout24.it/annunci/seat-leon-sportstourer-2-0-tdi-style-150cv-dsg-super-promo-diesel-argento-cat_ma64mo15869-835fe845-0341-472c-b287-9766df999755,SEAT,Leon,Sportstourer 2.0 tdi Style 150cv dsg *SUPER PROMO*,14500,59000.0,Automatico,02/2024,Diesel,110 kW (150 CV),Tecno Automotive Roma srl • IT-00138 Roma - RM,Rivenditore
SEAT Leon Sportstuner,https://www.autoscout24.it/annunci/seat-leon-sportstuner-diesel-cat_ma64mo15869-011cbc74-e7bc-4f9b-a985-8dcb12f8f786,SEAT,Leon,Sportstuner,14500,124000.0,Automatico,01/2022,Diesel,110 kW (150 CV),"Privato,IT-39042 Bressanone",Privato
SEAT Leon Leon 2.0 TDI Business PREZZO REALE,https://www.autoscout24.it/annunci/seat-leon-leon-2-0-tdi-business-prezzo-reale-diesel-bianco-cat_ma64mo15869-2d77537f-2797-48a3-b677-d21ffe64d910,SEAT,Leon,Leon 2.0 TDI Business PREZZO REALE,14999,100000.0,Manuale,05/2022,Diesel,85 kW (116 CV),Martini Expocar • IT-42122 Reggio Emilia - RE,Rivenditore
SEAT Leon 1.0 TSI 110 CV Style,https://www.autoscout24.it/annunci/seat-leon-1-0-tsi-110-cv-style-benzina-grigio-cat_ma64mo15869-086dc32c-32e6-477e-9e05-ba63c8da5c7b,SEAT,Leon,1.0 TSI 110 CV Style,14900,39549.0,Manuale,05/2022,Benzina,81 kW (110 CV),Grimaldi Auto Spa • IT-27029 Vigevano - Pavia - Pv,Rivenditore
SEAT Leon IV Sportstourer 2.0 tdi Style 115cv*CERCHI IN LEGA*LED*10/2023 KM 63.006*TAGLIANDO PRE CONSEGNA*GARANZIA 12 MESI*,https://www.autoscout24.it/annunci/seat-leon-iv-sportstourer-2-0-tdi-style-115cv-cerchi-in-lega-led-10-2023-km-63-006-tagliando-pre-consegna-garanzia-12-mesi-diesel-nero-cat_ma64mo15869-00333c6a-b1a4-433c-81e8-beeaed0792c8,SEAT,Leon,IV Sportstourer 2.0 tdi Style 115cv*CERCHI IN LEGA*LED*10/2023 KM 63.006*TAGLIANDO PRE CONSEGNA*GARANZIA 12 MESI*,14950,63006.0,Manuale,10/2023,Diesel,85 kW (116 CV),Area Car Outlet Srl • IT-26030 Malagnino - Cremona,Rivenditore
SEAT Leon Leon IV 2023 Sportstourer 2.0 tdi Business 150cv dsg,https://www.autoscout24.it/annunci/seat-leon-leon-iv-2023-sportstourer-2-0-tdi-business-150cv-dsg-diesel-argento-cat_ma64mo15869-821ca3f7-a165-4fbc-8dc7-3879e8171df8,SEAT,Leon,Leon IV 2023 Sportstourer 2.0 tdi Business 150cv dsg,14000,82800.0,Automatico,10/2023,Diesel,110 kW (150 CV),Tescar Srl • IT-45010 Villadose - Rovigo - RO,Rivenditore
SEAT Leon sportstourer 1.0 tsi business 90cv,https://www.autoscout24.it/annunci/seat-leon-sportstourer-1-0-tsi-business-90cv-benzina-grigio-cat_ma64mo15869-f41a92af-4870-46ca-b32b-8474bcd0fba7,SEAT,Leon,sportstourer 1.0 tsi business 90cv,14900,60630.0,Manuale,03/2021,Benzina,66 kW (90 CV),Auto Brenner Spa • IT-39100 Bolzano - Bz,Rivenditore
SEAT Leon 1.5 eTSI 150cv FR DSG,https://www.autoscout24.it/annunci/seat-leon-1-5-etsi-150cv-fr-dsg-elettrica-benzina-rosso-cat_ma64mo15869-9998040a-e592-4c85-9f8e-414a2533c4bb,SEAT,Leon,1.5 eTSI 150cv FR DSG,14500,145000.0,Automatico,07/2021,Elettrica/Benzina,110 kW (150 CV),Davighi F.lli Srl • IT-43126 Parma - Pr,Rivenditore
SEAT Leon 4ª serie Sportstourer 1.5 eTSI 150 CV DSG Xcellence,https://www.autoscout24.it/annunci/seat-leon-4-serie-sportstourer-1-5-etsi-150-cv-dsg-xcellence-elettrica-benzina-nero-cat_ma64mo15869-3b803cf8-726d-4507-83c3-1e152487f2d2,SEAT,Leon,4ª serie Sportstourer 1.5 eTSI 150 CV DSG Xcellence,14400,89500.0,Automatico,05/2021,Elettrica/Benzina,110 kW (150 CV),Grand Prix Group • IT-40055 Villanova - Bo,Rivenditore
SEAT Leon 2.0 TDI 110KW BUSINESS DSG,https://www.autoscout24.it/annunci/seat-leon-2-0-tdi-110kw-business-dsg-diesel-grigio-cat_ma64mo15869-15dd39db-0788-4bbd-8c1d-b41c0b062aa1,SEAT,Leon,2.0 TDI 110KW BUSINESS DSG,14900,75344.0,Automatico,10/2023,Diesel,110 kW (150 CV),Euroautohaus F.lli Ardone Srl • IT-72019 San Vito dei Normanni - Brindisi,Rivenditore
SEAT Leon Sportstourer 2.0 tdi Style 150cv dsg,https://www.autoscout24.it/annunci/seat-leon-sportstourer-2-0-tdi-style-150cv-dsg-diesel-argento-cat_ma64mo15869-c3eba1e9-8be0-4c3e-930a-8c0f34a2967e,SEAT,Leon,Sportstourer 2.0 tdi Style 150cv dsg,14790,93500.0,Automatico,02/2024,Diesel,110 kW (150 CV),Broker Auto Srl • IT-27026 Garlasco - Pavia - PV,Rivenditore
SEAT Leon 2.0 TDI Style FULL LED C/GRIMALDI SPECIAL DAY,https://www.autoscout24.it/annunci/seat-leon-2-0-tdi-style-full-led-c-grimaldi-special-day-diesel-grigio-cat_ma64mo15869-231503f5-3dd8-4bce-9edd-7342aa3dcebc,SEAT,Leon,2.0 TDI Style FULL LED C/GRIMALDI SPECIAL DAY,14900,72341.0,Manuale,06/2021,Diesel,85 kW (116 CV),Grimaldi Auto Spa • IT-27029 Vigevano - Pavia - Pv,Rivenditore
SEAT Leon 4ª serie Sportstourer 1.5 eTSI 150 CV DSG Xcellence,https://www.autoscout24.it/annunci/seat-leon-4-serie-sportstourer-1-5-etsi-150-cv-dsg-xcellence-elettrica-benzina-grigio-cat_ma64mo15869-c245b28a-97bc-4af6-81c5-c4ffef860a49,SEAT,Leon,4ª serie Sportstourer 1.5 eTSI 150 CV DSG Xcellence,14300,91800.0,Automatico,03/2021,Elettrica/Benzina,110 kW (150 CV),Grand Prix Group • IT-40055 Villanova - Bo,Rivenditore
SEAT Leon ST 2.0 TDI 115CV STYLE E6D - UNIPRO TAGLIANDATA,https://www.autoscout24.it/annunci/seat-leon-st-2-0-tdi-115cv-style-e6d-unipro-tagliandata-diesel-nero-cat_ma64mo15869-74fd2548-d968-4a2d-92bc-6bca9ec0e9a4,SEAT,Leon,ST 2.0 TDI 115CV STYLE E6D - UNIPRO TAGLIANDATA,14500,67584.0,Manuale,10/2023,Diesel,85 kW (116 CV),Style Car di Mamone Rocco • IT-00043 Ciampino  - Roma - RM,Rivenditore
SEAT Leon Leon IV 2020 Sportstourer Sportstourer 2.0 tdi Style 115cv,https://www.autoscout24.it/annunci/seat-leon-leon-iv-2020-sportstourer-sportstourer-2-0-tdi-style-115cv-diesel-argento-cat_ma64mo15869-275dbe8c-b40e-4bbe-87b7-733f80c61c3d,SEAT,Leon,Leon IV 2020 Sportstourer Sportstourer 2.0 tdi Style 115cv,15000,75000.0,Manuale,06/2022,Diesel,85 kW (116 CV),"Privato,IT-93012 Gela",Privato
SEAT Leon 2.0 tdi Style 115cv,https://www.autoscout24.it/annunci/seat-leon-2-0-tdi-style-115cv-diesel-nero-cat_ma64mo15869-54cf8bb6-2fd2-443e-bdf3-f4b73021f8b4,SEAT,Leon,2.0 tdi Style 115cv,14800,120000.0,Manuale,05/2021,Diesel,85 kW (116 CV),"Privato,IT-71014 San Marco in Lamis",Privato
SEAT Leon 4ª serie Sportstourer 1.5 eTSI 150 CV DSG Xcellence,https://www.autoscout24.it/annunci/seat-leon-4-serie-sportstourer-1-5-etsi-150-cv-dsg-xcellence-elettrica-benzina-grigio-cat_ma64mo15869-5e06bd66-3b00-4bbe-b4cb-66d1a70991c7,SEAT,Leon,4ª serie Sportstourer 1.5 eTSI 150 CV DSG Xcellence,14990,80143.0,Automatico,03/2021,Elettrica/Benzina,110 kW (150 CV),Grand Prix Group • IT-40055 Villanova - Bo,Rivenditore
SEAT Leon Leon 2022 2.0 tdi Business 115cv,https://www.autoscout24.it/annunci/seat-leon-leon-2022-2-0-tdi-business-115cv-diesel-bianco-cat_ma64mo15869-b89015aa-c93c-4af2-bd3e-7d42a5270042,SEAT,Leon,Leon 2022 2.0 tdi Business 115cv,14900,119900.0,Manuale,02/2022,Diesel,85 kW (116 CV),100ottani srls • IT-40069 Zola Predosa - Bologna - BO,Rivenditore
SEAT Leon 4ª serie Sportstourer 1.5 eTSI 150 CV DSG Xcellence,https://www.autoscout24.it/annunci/seat-leon-4-serie-sportstourer-1-5-etsi-150-cv-dsg-xcellence-elettrica-benzina-grigio-cat_ma64mo15869-88bbf1c5-6241-4507-a789-a363018ece4c,SEAT,Leon,4ª serie Sportstourer 1.5 eTSI 150 CV DSG Xcellence,14400,90506.0,Automatico,03/2021,Elettrica/Benzina,110 kW (150 CV),Grand Prix Group • IT-40055 Villanova - Bo,Rivenditore
SEAT Leon Leon IV Sportstourer Sportstourer 2.0 tdi FR 150cv dsg,https://www.autoscout24.it/annunci/seat-leon-leon-iv-sportstourer-sportstourer-2-0-tdi-fr-150cv-dsg-diesel-bianco-cat_ma64mo15869-ab5c96f1-eb38-49e9-bbc8-0d629422a35c,SEAT,Leon,Leon IV Sportstourer Sportstourer 2.0 tdi FR 150cv dsg,14900,166000.0,Automatico,01/2022,Diesel,110 kW (150 CV),Yusiauto Sas di Memishev Y. e C. • IT-37069 Villafranca di Verona - Verona - Vr,Rivenditore
SEAT Leon 4ª serie Sportstourer 1.5 eTSI 150 CV DSG Xcellence,https://www.autoscout24.it/annunci/seat-leon-4-serie-sportstourer-1-5-etsi-150-cv-dsg-xcellence-elettrica-benzina-grigio-cat_ma64mo15869-88b12f8c-4eef-45c7-810a-ba110f4a0906,SEAT,Leon,4ª serie Sportstourer 1.5 eTSI 150 CV DSG Xcellence,14200,95464.0,Automatico,03/2021,Elettrica/Benzina,110 kW (150 CV),Grand Prix Group • IT-40055 Villanova - Bo,Rivenditore
SEAT Leon 1.5 tgi Business 130cv dsg,https://www.autoscout24.it/annunci/seat-leon-1-5-tgi-business-130cv-dsg-metano-cat_ma64mo15869-37f6c7fd-c858-47ea-9a63-cccad32620f7,SEAT,Leon,1.5 tgi Business 130cv dsg,15000,131000.0,Semiautomatico,09/2021,Metano,96 kW (131 CV),"Privato,IT-40018 San Pietro In Casale (BO)",Privato
SEAT Leon 2.0 TDI Business 115 CV C/GRIMALDI SPECIAL DAY,https://www.autoscout24.it/annunci/seat-leon-2-0-tdi-business-115-cv-c-grimaldi-special-day-diesel-grigio-cat_ma64mo15869-1da5e8a8-dfde-4184-8761-1f6dcfeaf3c3,SEAT,Leon,2.0 TDI Business 115 CV C/GRIMALDI SPECIAL DAY,14900,86856.0,Manuale,01/2022,Diesel,85 kW (116 CV),Grimaldi Auto Spa • IT-27029 Vigevano - Pavia - Pv,Rivenditore
SEAT Leon 4ª serie Sportstourer 1.5 eTSI 150 CV DSG Xcellence,https://www.autoscout24.it/annunci/seat-leon-4-serie-sportstourer-1-5-etsi-150-cv-dsg-xcellence-elettrica-benzina-grigio-cat_ma64mo15869-ad11aef5-ea44-4ebb-a789-8fd3a3ca239f,SEAT,Leon,4ª serie Sportstourer 1.5 eTSI 150 CV DSG Xcellence,14990,88000.0,Automatico,03/2021,Elettrica/Benzina,110 kW (150 CV),Grand Prix Group • IT-40055 Villanova - Bo,Rivenditore
SEAT Leon Sportstourer 1.0 etsi 110cv dsg “PREZZO REALE SENZA OBBLIGO DI FINAZIAMENTO”,https://www.autoscout24.it/annunci/seat-leon-sportstourer-1-0-etsi-110cv-dsg-prezzo-reale-senza-obbligo-di-finaziamento-elettrica-benzina-nero-cat_ma64mo15869-5844859a-1547-49b7-b540-f3c718565489,SEAT,Leon,Sportstourer 1.0 etsi 110cv dsg “PREZZO REALE SENZA OBBLIGO DI FINAZIAMENTO”,14800,79000.0,Automatico,05/2022,Elettrica/Benzina,81 kW (110 CV),Bonaventura Motors S.r.l. • IT-30037 Scorzè - Venezia - VE,Rivenditore
SEAT Leon Sportstourer 1.5 TGI Style 130cv MANUT. CERTIFICAT,https://www.autoscout24.it/annunci/seat-leon-sportstourer-1-5-tgi-style-130cv-manut-certificat-metano-rosso-cat_ma64mo15869-15f2d4fe-3b18-4602-84e2-14bc74d578bb,SEAT,Leon,Sportstourer 1.5 TGI Style 130cv MANUT. CERTIFICAT,14946,111105.0,Manuale,05/2022,Metano,96 kW (131 CV),Autoleone 2 Srl • IT-12051 Alba - Cuneo,Rivenditore
SEAT Leon (Impianto GPL) 1.0 tsi Style 110cv,https://www.autoscout24.it/annunci/seat-leon-impianto-gpl-1-0-tsi-style-110cv-benzina-cat_ma64mo15869-a52ee917-b015-4632-839c-6273d8a045cc,SEAT,Leon,(Impianto GPL) 1.0 tsi Style 110cv,15000,116000.0,Manuale,06/2021,Benzina,81 kW (110 CV),"Privato,IT-10147 Torino",Privato
SEAT Leon Leon IV 2020 2.0 tdi Style 150cv dsg,https://www.autoscout24.it/annunci/seat-leon-leon-iv-2020-2-0-tdi-style-150cv-dsg-diesel-bianco-cat_ma64mo15869-517b3f50-5de6-4555-8ad4-a8859e590d8c,SEAT,Leon,Leon IV 2020 2.0 tdi Style 150cv dsg,14200,135000.0,Automatico,02/2022,Diesel,110 kW (150 CV),Carseller Srl • IT-51039 Quarrata - Pistoia - PT,Rivenditore
SEAT Leon 4ª serie Sportstourer 1.5 eTSI 150 CV DSG Xcellence,https://www.autoscout24.it/annunci/seat-leon-4-serie-sportstourer-1-5-etsi-150-cv-dsg-xcellence-elettrica-benzina-bianco-cat_ma64mo15869-fc544fab-606f-432d-a57a-e5f0e274a03f,SEAT,Leon,4ª serie Sportstourer 1.5 eTSI 150 CV DSG Xcellence,14990,85000.0,Automatico,04/2021,Elettrica/Benzina,110 kW (150 CV),Grand Prix Group • IT-40055 Villanova - Bo,Rivenditore
SEAT Leon 4ª serie Sportstourer 1.5 eTSI 150 CV DSG Xcellence,https://www.autoscout24.it/annunci/seat-leon-4-serie-sportstourer-1-5-etsi-150-cv-dsg-xcellence-elettrica-benzina-nero-cat_ma64mo15869-ac081c60-5c3a-4e56-9efd-300e5126b782,SEAT,Leon,4ª serie Sportstourer 1.5 eTSI 150 CV DSG Xcellence,14990,85800.0,Automatico,05/2021,Elettrica/Benzina,110 kW (150 CV),Grand Prix Group • IT-40055 Villanova - Bo,Rivenditore
SEAT Leon 4ª serie Sportstourer 1.5 eTSI 150 CV DSG Xcellence,https://www.autoscout24.it/annunci/seat-leon-4-serie-sportstourer-1-5-etsi-150-cv-dsg-xcellence-elettrica-benzina-bianco-cat_ma64mo15869-0748bf3a-9870-41ae-ae93-b797d25ed50e,SEAT,Leon,4ª serie Sportstourer 1.5 eTSI 150 CV DSG Xcellence,14990,81533.0,Automatico,04/2021,Elettrica/Benzina,110 kW (150 CV),Grand Prix Group • IT-40055 Villanova - Bo,Rivenditore
SEAT Leon Sportstourer 2.0 tdi Business 115cv,https://www.autoscout24.it/annunci/seat-leon-sportstourer-2-0-tdi-business-115cv-diesel-argento-cat_ma64mo15869-c6fe6b17-6c77-4d2c-9c0a-242512532d53,SEAT,Leon,Sportstourer 2.0 tdi Business 115cv,14500,159700.0,Manuale,08/2021,Diesel,85 kW (116 CV),"Privato,IT-72100 Brindisi",Privato
SEAT Leon sportstourer 2.0 tdi business 115cv,https://www.autoscout24.it/annunci/seat-leon-sportstourer-2-0-tdi-business-115cv-diesel-cat_ma64mo15869-e7cc7dfb-37d6-459f-84f6-a4e936cb1960,SEAT,Leon,sportstourer 2.0 tdi business 115cv,14500,106196.0,Manuale,02/2022,Diesel,85 kW (116 CV),Autovega Srl • IT-36100 Vicenza - Vi,Rivenditore
SEAT Leon 4ª serie Sportstourer 1.5 eTSI 150 CV DSG Xcellence,https://www.autoscout24.it/annunci/seat-leon-4-serie-sportstourer-1-5-etsi-150-cv-dsg-xcellence-elettrica-benzina-bianco-cat_ma64mo15869-9669b729-ea5d-46b9-91a5-f714b693c1f7,SEAT,Leon,4ª serie Sportstourer 1.5 eTSI 150 CV DSG Xcellence,14700,94000.0,Automatico,06/2021,Elettrica/Benzina,110 kW (150 CV),Grand Prix Group • IT-40055 Villanova - Bo,Rivenditore
SEAT Leon 4ª serie Sportstourer 1.5 eTSI 150 CV DSG Xcellence,https://www.autoscout24.it/annunci/seat-leon-4-serie-sportstourer-1-5-etsi-150-cv-dsg-xcellence-elettrica-benzina-bianco-cat_ma64mo15869-6ea06cd5-5728-47a4-b88d-2f5e3c4c4ed5,SEAT,Leon,4ª serie Sportstourer 1.5 eTSI 150 CV DSG Xcellence,14990,80169.0,Automatico,04/2021,Elettrica/Benzina,110 kW (150 CV),Grand Prix Group • IT-40055 Villanova - Bo,Rivenditore
SEAT Leon 4ª serie Sportstourer 1.5 eTSI 150 CV DSG Xcellence,https://www.autoscout24.it/annunci/seat-leon-4-serie-sportstourer-1-5-etsi-150-cv-dsg-xcellence-elettrica-benzina-grigio-cat_ma64mo15869-b6790a43-173e-45ff-9a13-7fd25dd5b072,SEAT,Leon,4ª serie Sportstourer 1.5 eTSI 150 CV DSG Xcellence,14700,90564.0,Automatico,05/2021,Elettrica/Benzina,110 kW (150 CV),Grand Prix Group • IT-40055 Villanova - Bo,Rivenditore
SEAT Leon 4ª serie Sportstourer 1.5 eTSI 150 CV DSG Xcellence,https://www.autoscout24.it/annunci/seat-leon-4-serie-sportstourer-1-5-etsi-150-cv-dsg-xcellence-elettrica-benzina-grigio-cat_ma64mo15869-3551bdb0-c096-4c27-b868-358a59090392,SEAT,Leon,4ª serie Sportstourer 1.5 eTSI 150 CV DSG Xcellence,14990,87000.0,Automatico,03/2021,Elettrica/Benzina,110 kW (150 CV),Grand Prix Group • IT-40055 Villanova - Bo,Rivenditore
SEAT Leon 4ª serie Sportstourer 1.5 eTSI 150 CV DSG Xcellence,https://www.autoscout24.it/annunci/seat-leon-4-serie-sportstourer-1-5-etsi-150-cv-dsg-xcellence-elettrica-benzina-bianco-cat_ma64mo15869-efe47aad-a647-4d71-8f66-1a46a260dd89,SEAT,Leon,4ª serie Sportstourer 1.5 eTSI 150 CV DSG Xcellence,14700,91000.0,Automatico,04/2021,Elettrica/Benzina,110 kW (150 CV),Grand Prix Group • IT-40055 Villanova - Bo,Rivenditore
SEAT Leon 4ª serie Sportstourer 1.5 eTSI 150 CV DSG Xcellence,https://www.autoscout24.it/annunci/seat-leon-4-serie-sportstourer-1-5-etsi-150-cv-dsg-xcellence-elettrica-benzina-grigio-cat_ma64mo15869-56118221-bd5d-4ba6-a9fe-8d0062172711,SEAT,Leon,4ª serie Sportstourer 1.5 eTSI 150 CV DSG Xcellence,14700,95000.0,Automatico,03/2021,Elettrica/Benzina,110 kW (150 CV),Grand Prix Group • IT-40055 Villanova - Bo,Rivenditore
SEAT Leon 4ª serie Sportstourer 1.5 eTSI 150 CV DSG Xcellence,https://www.autoscout24.it/annunci/seat-leon-4-serie-sportstourer-1-5-etsi-150-cv-dsg-xcellence-elettrica-benzina-grigio-cat_ma64mo15869-a02d5082-c3c2-48d4-be66-d4e6fe9abe58,SEAT,Leon,4ª serie Sportstourer 1.5 eTSI 150 CV DSG Xcellence,14700,92327.0,Automatico,03/2021,Elettrica/Benzina,110 kW (150 CV),Grand Prix Group • IT-40055 Villanova - Bo,Rivenditore
SEAT Leon Sportstourer 2.0 TDI 150 CV DSG Style - PROMO,https://www.autoscout24.it/annunci/seat-leon-sportstourer-2-0-tdi-150-cv-dsg-style-promo-diesel-argento-cat_ma64mo15869-a9295dbc-21c6-4446-8cdb-a5b7663c14af,SEAT,Leon,Sportstourer 2.0 TDI 150 CV DSG Style - PROMO,14900,76000.0,Automatico,02/2024,Diesel,110 kW (150 CV),Infocars • IT-35042 Este - Padova - Pd,Rivenditore
SEAT Leon 4ª SERIE 1.0 ETSI 110 CV DSG STYLE,https://www.autoscout24.it/annunci/seat-leon-4-serie-1-0-etsi-110-cv-dsg-style-elettrica-benzina-nero-cat_ma64mo15869-4f4b8d63-be86-4a3f-955c-228546c6ffcc,SEAT,Leon,4ª SERIE 1.0 ETSI 110 CV DSG STYLE,15900,72612.0,Automatico,10/2022,Elettrica/Benzina,81 kW (110 CV),Barchetti Auto D’Occasione_Lombardia • IT-25124 Brescia,Rivenditore
SEAT Leon 2.0 TDI 150 CV DSG Style PREZZO REALE,https://www.autoscout24.it/annunci/seat-leon-2-0-tdi-150-cv-dsg-style-prezzo-reale-diesel-grigio-cat_ma64mo15869-8bc5e205-179d-45b7-8a7d-b96eb7f7790f,SEAT,Leon,2.0 TDI 150 CV DSG Style PREZZO REALE,15800,68675.0,Automatico,02/2024,Diesel,110 kW (150 CV),X Car Snc • IT-10148 Torino - To,Rivenditore
SEAT Leon Leon 2.0 tdi Bus. 5 P.115cv **87974**,https://www.autoscout24.it/annunci/seat-leon-leon-2-0-tdi-bus-5-p-115cv-87974-diesel-bianco-cat_ma64mo15869-0ace3b62-ec12-44c3-8744-3972b170d313,SEAT,Leon,Leon 2.0 tdi Bus. 5 P.115cv **87974**,15600,87974.0,Manuale,01/2022,Diesel,85 kW (116 CV),AM Auto snc • IT-37024 Arbizzano di Negrar - Verona - VR,Rivenditore
SEAT Leon 2.0 TDI FR,https://www.autoscout24.it/annunci/seat-leon-2-0-tdi-fr-diesel-bianco-cat_ma64mo15869-66881f1a-6347-46e2-a3ed-3789e4fc3369,SEAT,Leon,2.0 TDI FR,16000,85915.0,Manuale,06/2023,Diesel,85 kW (116 CV),Lineablù Srl • IT-48124 Fornace Zarattini - Ravenna - Ra,Rivenditore
SEAT Leon 1.0 TSI 110cv FR,https://www.autoscout24.it/annunci/seat-leon-1-0-tsi-110cv-fr-benzina-cat_ma64mo15869-9933f556-09bc-4c92-be2f-5ac4b945839f,SEAT,Leon,1.0 TSI 110cv FR,15900,15930.0,Manuale,09/2023,Benzina,81 kW (110 CV),Piemme Auto di Mechetti Srl • IT-50053 Empoli - Firenze,Rivenditore
SEAT Leon Sportstourer 2.0 TDI 150 CV DSG Style,https://www.autoscout24.it/annunci/seat-leon-sportstourer-2-0-tdi-150-cv-dsg-style-diesel-nero-cat_ma64mo15869-71735d88-f110-4278-bb0f-56e07866c92d,SEAT,Leon,Sportstourer 2.0 TDI 150 CV DSG Style,15300,63474.0,Automatico,11/2023,Diesel,110 kW (150 CV),X Car Snc • IT-10148 Torino - To,Rivenditore
SEAT Leon PREZZO REALE Leon Sportstourer 2.0 tdi Business 150cv dsg,https://www.autoscout24.it/annunci/seat-leon-prezzo-reale-leon-sportstourer-2-0-tdi-business-150cv-dsg-diesel-grigio-cat_ma64mo15869-529727ba-8123-402e-8abf-a6b18176c079,SEAT,Leon,PREZZO REALE Leon Sportstourer 2.0 tdi Business 150cv dsg,15500,50000.0,Semiautomatico,01/2024,Diesel,110 kW (150 CV),Autosoft di Barbanti Leonardo • IT-01039 Vignanello,Rivenditore
SEAT Leon sportstourer 1.0 tsi 90cv business,https://www.autoscout24.it/annunci/seat-leon-sportstourer-1-0-tsi-90cv-business-benzina-cat_ma64mo15869-7ebe4f8b-07dc-4076-b42e-5dab64808c54,SEAT,Leon,sportstourer 1.0 tsi 90cv business,15900,24805.0,Manuale,07/2023,Benzina,66 kW (90 CV),Centro Usato di Viesto by Rent Service • IT-10148 Torino - TO,Rivenditore
SEAT Leon Leon 2.0 tdi Business 150cv AUTOMATICA,https://www.autoscout24.it/annunci/seat-leon-leon-2-0-tdi-business-150cv-automatica-diesel-grigio-cat_ma64mo15869-954f965b-ff36-4c4b-a564-6428710a6694,SEAT,Leon,Leon 2.0 tdi Business 150cv AUTOMATICA,15990,72162.0,Automatico,10/2023,Diesel,110 kW (150 CV),Latina Cars srl • IT-04100 Latina - Lt,Rivenditore
SEAT Leon 1.0 TSI 110CV Style,https://www.autoscout24.it/annunci/seat-leon-1-0-tsi-110cv-style-benzina-grigio-cat_ma64mo15869-2dacc0bb-1203-4f1e-add8-64ac57269eeb,SEAT,Leon,1.0 TSI 110CV Style,15891,69127.0,Manuale,03/2021,Benzina,81 kW (110 CV),Ns3 Srl • IT-20821 Meda - Monza Brianza - MB,Rivenditore
SEAT Leon Leon IV 2020 1.5 tgi Style 130cv dsg,https://www.autoscout24.it/annunci/seat-leon-leon-iv-2020-1-5-tgi-style-130cv-dsg-metano-nero-cat_ma64mo15869-b66f9d12-8cf3-4034-9e8f-19c3c98a7149,SEAT,Leon,Leon IV 2020 1.5 tgi Style 130cv dsg,15300,77000.0,Automatico,09/2021,Metano,96 kW (131 CV),"Privato,IT-00148 Roma",Privato
SEAT Leon Sportstourer 1.0 TSI 110 CV Business,https://www.autoscout24.it/annunci/seat-leon-sportstourer-1-0-tsi-110-cv-business-benzina-bianco-cat_ma64mo15869-8515a9c4-a835-4d72-8b4f-c46e346d1fe6,SEAT,Leon,Sportstourer 1.0 TSI 110 CV Business,15950,9950.0,Manuale,05/2024,Benzina,81 kW (110 CV),Eurotarget S.p.A. - Tu al centro • IT-40066 Pieve Di Cento - Bologna - Bo,Rivenditore
SEAT Leon 4ª SERIE 1.0 ETSI 110 CV DSG STYLE,https://www.autoscout24.it/annunci/seat-leon-4-serie-1-0-etsi-110-cv-dsg-style-elettrica-benzina-nero-cat_ma64mo15869-950ebd1a-542f-47ff-92e5-50d824857c12,SEAT,Leon,4ª SERIE 1.0 ETSI 110 CV DSG STYLE,15900,72612.0,Automatico,10/2022,Elettrica/Benzina,81 kW (110 CV),Barchetti Auto d'Occasione - Veneto • IT-36077 Altavilla vicentina VI,Rivenditore
SEAT Leon Sportstourer 2.0 TDI 150 CV DSG Style,https://www.autoscout24.it/annunci/seat-leon-sportstourer-2-0-tdi-150-cv-dsg-style-diesel-grigio-cat_ma64mo15869-966a58d7-4f24-481f-b567-64b6b28c0ddc,SEAT,Leon,Sportstourer 2.0 TDI 150 CV DSG Style,15900,50007.0,Automatico,02/2024,Diesel,110 kW (150 CV),CRM srl • IT-60019 Senigallia - Ancona - AN,Rivenditore
SEAT Leon Leon IV 2020 2.0 tdi Style 150cv dsg,https://www.autoscout24.it/annunci/seat-leon-leon-iv-2020-2-0-tdi-style-150cv-dsg-diesel-cat_ma64mo15869-ed623b41-dfe8-4328-8115-c558b62983d0,SEAT,Leon,Leon IV 2020 2.0 tdi Style 150cv dsg,15000,77000.0,Semiautomatico,06/2021,Diesel,110 kW (150 CV),"Privato,IT-95121 Catania",Privato
SEAT Leon 2.0 tdi Style 115cv,https://www.autoscout24.it/annunci/seat-leon-2-0-tdi-style-115cv-diesel-cat_ma64mo15869-aa168b95-b1cf-4249-856e-c407c2016344,SEAT,Leon,2.0 tdi Style 115cv,15000,110000.0,Manuale,01/2022,Diesel,85 kW (116 CV),"Privato,IT-12050 Magliano Alfieri",Privato
SEAT Leon 2.0 tdi Business 115cv,https://www.autoscout24.it/annunci/seat-leon-2-0-tdi-business-115cv-diesel-cat_ma64mo15869-d75cd981-98d2-4034-9b69-d2f24352cf25,SEAT,Leon,2.0 tdi Business 115cv,15000,95000.0,Manuale,02/2021,Diesel,85 kW (116 CV),"Privato,IT-48123 Ravenna",Privato
SEAT Leon Sportstourer 1.5 Mild Hybrid etsi FR 150cv dsg,https://www.autoscout24.it/annunci/seat-leon-sportstourer-1-5-mild-hybrid-etsi-fr-150cv-dsg-elettrica-benzina-cat_ma64mo15869-4540c3d4-aad9-4537-b638-f6e217536a0d,SEAT,Leon,Sportstourer 1.5 Mild Hybrid etsi FR 150cv dsg,16000,104000.0,Semiautomatico,03/2021,Elettrica/Benzina,110 kW (150 CV),"Privato,IT-39040 Laion",Privato
SEAT Leon Leon ST 1.5 ecotsi Xcellence 150cv dsg,https://www.autoscout24.it/annunci/seat-leon-leon-st-1-5-ecotsi-xcellence-150cv-dsg-benzina-nero-cat_ma64mo15869-bb53a2fc-5701-4c88-8105-288efc486f0e,SEAT,Leon,Leon ST 1.5 ecotsi Xcellence 150cv dsg,15600,102000.0,Semiautomatico,06/2021,Benzina,110 kW (150 CV),"Privato,IT-58100 Grosseto",Privato
SEAT Leon SW 2.0 TDI 150cv STYLE DSG - GS785LL,https://www.autoscout24.it/annunci/seat-leon-sw-2-0-tdi-150cv-style-dsg-gs785ll-diesel-nero-cat_ma64mo15869-cba5d769-b435-4afb-b08d-b6e43a49f2e3,SEAT,Leon,SW 2.0 TDI 150cv STYLE DSG - GS785LL,15400,62000.0,Automatico,12/2023,Diesel,110 kW (150 CV),Mastercar Srl • IT-33031 Basiliano - Udine,Rivenditore
SEAT Leon SW 2.0 TDI 150cv STYLE DSG - GT432FV,https://www.autoscout24.it/annunci/seat-leon-sw-2-0-tdi-150cv-style-dsg-gt432fv-diesel-nero-cat_ma64mo15869-4d3ea23c-e645-4ef3-b26d-f99fb1e33d15,SEAT,Leon,SW 2.0 TDI 150cv STYLE DSG - GT432FV,15900,62000.0,Automatico,03/2024,Diesel,110 kW (150 CV),Mastercar Srl • IT-33031 Basiliano - Udine,Rivenditore
SEAT Leon SEAT Leon 4ª serie 2.0 TDI 150CV DSG automatico,https://www.autoscout24.it/annunci/seat-leon-seat-leon-4-serie-2-0-tdi-150cv-dsg-automatico-diesel-cat_ma64mo15869-2679db05-a8c3-4756-a305-b2c2e5b9b074,SEAT,Leon,SEAT Leon 4ª serie 2.0 TDI 150CV DSG automatico,16000,125000.0,Automatico,01/2021,Diesel,110 kW (150 CV),"Privato,IT-33031 Basiliano",Privato
SEAT Leon SW 2.0 TDI 150cv STYLE DSG - GR107HC,https://www.autoscout24.it/annunci/seat-leon-sw-2-0-tdi-150cv-style-dsg-gr107hc-diesel-argento-cat_ma64mo15869-18c5a2be-f997-4b9b-96f8-2c031a3f966a,SEAT,Leon,SW 2.0 TDI 150cv STYLE DSG - GR107HC,15400,66000.0,Automatico,10/2023,Diesel,110 kW (150 CV),Mastercar Srl • IT-33031 Basiliano - Udine,Rivenditore
SEAT Leon 2.0 tdi FR 150cv dsg 7m my20,https://www.autoscout24.it/annunci/seat-leon-2-0-tdi-fr-150cv-dsg-7m-my20-diesel-cat_ma64mo15869-7d571018-cc49-4b16-8d2f-16b47ff7ff62,SEAT,Leon,2.0 tdi FR 150cv dsg 7m my20,15500,175000.0,Semiautomatico,06/2021,Diesel,110 kW (150 CV),"Privato,IT-07027 oschiri",Privato
SEAT Leon 2.0 TDI 150CV DSG Style,https://www.autoscout24.it/annunci/seat-leon-2-0-tdi-150cv-dsg-style-diesel-nero-cat_ma64mo15869-d1aa2248-9f2b-48cd-a3b0-6447cf4609ff,SEAT,Leon,2.0 TDI 150CV DSG Style,15500,112000.0,Automatico,09/2021,Diesel,110 kW (150 CV),Balsamo Auto Srl • IT-72018 San Michele Salentino - Brindisi,Rivenditore
SEAT Leon Leon Sportstourer 2.0 TDI Style,https://www.autoscout24.it/annunci/seat-leon-leon-sportstourer-2-0-tdi-style-diesel-nero-cat_ma64mo15869-d93c3e27-42da-46c8-a938-f0392b5e42c6,SEAT,Leon,Leon Sportstourer 2.0 TDI Style,15990,95000.0,Manuale,04/2023,Diesel,85 kW (116 CV),Motocenter Srl • IT-46019 Viadana - Mantova - MN,Rivenditore
SEAT Leon Leon IV 2020 1.0 tsi Style 90cv,https://www.autoscout24.it/annunci/seat-leon-leon-iv-2020-1-0-tsi-style-90cv-benzina-rosso-cat_ma64mo15869-fc94953f-c95f-4412-998d-3d3ae7cc8e4a,SEAT,Leon,Leon IV 2020 1.0 tsi Style 90cv,15900,60600.0,Manuale,04/2021,Benzina,66 kW (90 CV),"Privato,IT-23870 Cernusco Lombardone",Privato
SEAT Leon Sportourer 2.0 150cv dsg,https://www.autoscout24.it/annunci/seat-leon-sportourer-2-0-150cv-dsg-diesel-argento-cat_ma64mo15869-247073a9-9de8-448c-9185-68b3fc8c1d42,SEAT,Leon,Sportourer 2.0 150cv dsg,15790,62915.0,Semiautomatico,10/2022,Diesel,110 kW (150 CV),Billo.Cars Srls • IT-10088 Volpiano - TO,Rivenditore
SEAT Leon Sportstourer 2.0 tdi Style 115cv “PREZZO REALE”,https://www.autoscout24.it/annunci/seat-leon-sportstourer-2-0-tdi-style-115cv-prezzo-reale-diesel-nero-cat_ma64mo15869-48caee91-710c-47ac-a886-43df580403ad,SEAT,Leon,Sportstourer 2.0 tdi Style 115cv “PREZZO REALE”,15800,65000.0,Manuale,10/2023,Diesel,85 kW (116 CV),Bonaventura Motors S.r.l. • IT-30037 Scorzè - Venezia - VE,Rivenditore
SEAT Leon Leon IV 2020 Sportstourer Sportstourer 2.0 tdi Style 115cv,https://www.autoscout24.it/annunci/seat-leon-leon-iv-2020-sportstourer-sportstourer-2-0-tdi-style-115cv-diesel-argento-cat_ma64mo15869-275dbe8c-b40e-4bbe-87b7-733f80c61c3d,SEAT,Leon,Leon IV 2020 Sportstourer Sportstourer 2.0 tdi Style 115cv,15000,75000.0,Manuale,06/2022,Diesel,85 kW (116 CV),"Privato,IT-93012 Gela",Privato
SEAT Leon 4ª serie Sportstourer 1.5 eTSI 150 CV DSG Xcellence,https://www.autoscout24.it/annunci/seat-leon-4-serie-sportstourer-1-5-etsi-150-cv-dsg-xcellence-elettrica-benzina-bianco-cat_ma64mo15869-d1dd8dab-73e1-4ba6-97c2-420631c7181a,SEAT,Leon,4ª serie Sportstourer 1.5 eTSI 150 CV DSG Xcellence,15300,72101.0,Automatico,04/2021,Elettrica/Benzina,110 kW (150 CV),Grand Prix Group • IT-40055 Villanova - Bo,Rivenditore
SEAT Leon 4ª serie Sportstourer 1.5 eTSI 150 CV DSG Xcellence,https://www.autoscout24.it/annunci/seat-leon-4-serie-sportstourer-1-5-etsi-150-cv-dsg-xcellence-elettrica-benzina-grigio-cat_ma64mo15869-d737d785-e296-4039-8711-69959b8fae15,SEAT,Leon,4ª serie Sportstourer 1.5 eTSI 150 CV DSG Xcellence,15300,76743.0,Automatico,03/2021,Elettrica/Benzina,110 kW (150 CV),Grand Prix Group • IT-40055 Villanova - Bo,Rivenditore
SEAT Leon 1.0 TSI 110CV Style,https://www.autoscout24.it/annunci/seat-leon-1-0-tsi-110cv-style-benzina-grigio-cat_ma64mo15869-1982f78c-fc1a-4543-a2d2-3cca34476177,SEAT,Leon,1.0 TSI 110CV Style,15891,69127.0,Manuale,03/2021,Benzina,81 kW (110 CV),Rattix Srl - Ratti Auto • IT-35010 San Giorgio in bosco -  Padova,Rivenditore
SEAT Leon 1.0 ETSI STYLE DSG 110cv,https://www.autoscout24.it/annunci/seat-leon-1-0-etsi-style-dsg-110cv-elettrica-benzina-cat_ma64mo15869-bd98f0b8-b8a4-4217-a5ac-39d9f5e95b2a,SEAT,Leon,1.0 ETSI STYLE DSG 110cv,15900,66017.0,Automatico,05/2022,Elettrica/Benzina,81 kW (110 CV),Di Viesto Si Srl • IT-10095 Grugliasco - Torino - TO,Rivenditore
SEAT Leon Leon Sportstourer 2.0 tdi Business 150cv dsg,https://www.autoscout24.it/annunci/seat-leon-leon-sportstourer-2-0-tdi-business-150cv-dsg-diesel-argento-cat_ma64mo15869-dc42359f-f10e-475b-a481-5c736bb71d36,SEAT,Leon,Leon Sportstourer 2.0 tdi Business 150cv dsg,15900,67000.0,Semiautomatico,10/2023,Diesel,110 kW (150 CV),Tnc Autoveicoli di Brita sas di D'Amato Davide & C • IT-22066 Cascina La Valle - Como - CO,Rivenditore
SEAT Leon 1.5 tgi FR 130cv dsg,https://www.autoscout24.it/annunci/seat-leon-1-5-tgi-fr-130cv-dsg-metano-cat_ma64mo15869-d874dd24-0781-495f-a885-563cf96ef0fb,SEAT,Leon,1.5 tgi FR 130cv dsg,15800,168900.0,Semiautomatico,06/2021,Metano,96 kW (131 CV),"Privato,IT-70121 Bari",Privato
SEAT Leon IV 2020 2.0 tdi Style 150cv dsg,https://www.autoscout24.it/annunci/seat-leon-iv-2020-2-0-tdi-style-150cv-dsg-diesel-cat_ma64mo15869-65a3307d-cda4-4ca4-8087-d902a53ac895,SEAT,Leon,IV 2020 2.0 tdi Style 150cv dsg,15990,120740.0,Automatico,06/2021,Diesel,110 kW (150 CV),Autoequipe Spa • IT-00178 Roma - RM,Rivenditore
SEAT Leon Leon Sportstourer 1.5 etsi Business 150cv dsg,https://www.autoscout24.it/annunci/seat-leon-leon-sportstourer-1-5-etsi-business-150cv-dsg-elettrica-benzina-grigio-cat_ma64mo15869-711bd51b-e982-4c37-89dc-9842fc29d0ab,SEAT,Leon,Leon Sportstourer 1.5 etsi Business 150cv dsg,15900,92000.0,Automatico,06/2023,Elettrica/Benzina,110 kW (150 CV),Motor Mec • IT-31039 Caselle di Altivole - Tv,Rivenditore
SEAT Leon 1.0 eTSI DSG Business MHEV C/GRIMALDI SPECIAL DAY,https://www.autoscout24.it/annunci/seat-leon-1-0-etsi-dsg-business-mhev-c-grimaldi-special-day-elettrica-benzina-grigio-cat_ma64mo15869-b12944f5-7566-4b82-b96c-baf07f00456b,SEAT,Leon,1.0 eTSI DSG Business MHEV C/GRIMALDI SPECIAL DAY,15900,70253.0,Automatico,11/2021,Elettrica/Benzina,81 kW (110 CV),Grimaldi Auto Spa • IT-27029 Vigevano - Pavia - Pv,Rivenditore
SEAT Leon Leon IV 2021 Sportstourer Sportstourer 1.5 etsi Xcellence 150cv dsg,https://www.autoscout24.it/annunci/seat-leon-leon-iv-2021-sportstourer-sportstourer-1-5-etsi-xcellence-150cv-dsg-elettrica-benzina-bianco-cat_ma64mo15869-fac0c6b4-e071-4e45-8343-2cec4e44775a,SEAT,Leon,Leon IV 2021 Sportstourer Sportstourer 1.5 etsi Xcellence 150cv dsg,15500,91100.0,Semiautomatico,06/2021,Elettrica/Benzina,110 kW (150 CV),"Privato,IT-01100 Viterbo",Privato
SEAT Leon Leon IV 2020 Sportstourer Sportstourer 2.0 tdi Style 115cv,https://www.autoscout24.it/annunci/seat-leon-leon-iv-2020-sportstourer-sportstourer-2-0-tdi-style-115cv-diesel-nero-cat_ma64mo15869-6ef675cc-e688-4bc4-9cd8-8b1c41d68a70,SEAT,Leon,Leon IV 2020 Sportstourer Sportstourer 2.0 tdi Style 115cv,15900,52900.0,Manuale,12/2023,Diesel,85 kW (116 CV),"Privato,IT-73024 Maglie",Privato
SEAT Leon 1.5 tgi Business 130cv dsg,https://www.autoscout24.it/annunci/seat-leon-1-5-tgi-business-130cv-dsg-metano-cat_ma64mo15869-37f6c7fd-c858-47ea-9a63-cccad32620f7,SEAT,Leon,1.5 tgi Business 130cv dsg,15000,131000.0,Semiautomatico,09/2021,Metano,96 kW (131 CV),"Privato,IT-40018 San Pietro In Casale (BO)",Privato
SEAT Leon 2.0 TDI Business 115 CV,https://www.autoscout24.it/annunci/seat-leon-2-0-tdi-business-115-cv-diesel-grigio-cat_ma64mo15869-e7a418f5-90a9-429f-b0d6-7078c591a159,SEAT,Leon,2.0 TDI Business 115 CV,15900,86856.0,Manuale,01/2022,Diesel,85 kW (116 CV),Grimaldi Auto Spa • IT-27029 Vigevano - Pavia - Pv,Rivenditore
SEAT Leon Leon Sportstourer 2.0 TDI 150 CV DSG Style,https://www.autoscout24.it/annunci/seat-leon-leon-sportstourer-2-0-tdi-150-cv-dsg-style-diesel-grigio-cat_ma64mo15869-64b9c2ea-96fd-4e05-bd00-c4ae518473fe,SEAT,Leon,Leon Sportstourer 2.0 TDI 150 CV DSG Style,15999,99000.0,Automatico,09/2022,Diesel,110 kW (150 CV),Bryan Motor srl • IT-42043 Case Ponte Enza - Reggio Emilia - RE,Rivenditore
SEAT Leon Leon IV 2022 2.0 tdi Business 115cv,https://www.autoscout24.it/annunci/seat-leon-leon-iv-2022-2-0-tdi-business-115cv-diesel-bianco-cat_ma64mo15869-24ccbc1d-8919-4fc4-b0ad-41f62784611a,SEAT,Leon,Leon IV 2022 2.0 tdi Business 115cv,15999,110000.0,Manuale,02/2022,Diesel,85 kW (116 CV),Lutzu Automobili di Davide Lutzu • IT-08029 Siniscola - Nuoro - NU,Rivenditore
SEAT Leon (Impianto GPL) 1.0 tsi Style 110cv,https://www.autoscout24.it/annunci/seat-leon-impianto-gpl-1-0-tsi-style-110cv-benzina-cat_ma64mo15869-a52ee917-b015-4632-839c-6273d8a045cc,SEAT,Leon,(Impianto GPL) 1.0 tsi Style 110cv,15000,116000.0,Manuale,06/2021,Benzina,81 kW (110 CV),"Privato,IT-10147 Torino",Privato
SEAT Leon 2.0 TDI Style FULL LED,https://www.autoscout24.it/annunci/seat-leon-2-0-tdi-style-full-led-diesel-grigio-cat_ma64mo15869-ead5eb44-2bab-4155-be94-b24f4972325c,SEAT,Leon,2.0 TDI Style FULL LED,15900,72341.0,Manuale,06/2021,Diesel,85 kW (116 CV),Grimaldi Auto Spa • IT-27029 Vigevano - Pavia - Pv,Rivenditore
SEAT Leon Sportstourer 1.5 eTSI 150 CV DSG Xcellence,https://www.autoscout24.it/annunci/seat-leon-sportstourer-1-5-etsi-150-cv-dsg-xcellence-elettrica-benzina-nero-cat_ma64mo15869-9ed2a319-da90-43d9-be99-fc04ac92edc3,SEAT,Leon,Sportstourer 1.5 eTSI 150 CV DSG Xcellence,15470,96718.0,Automatico,05/2021,Elettrica/Benzina,110 kW (150 CV),Autosas Spa • IT-50145 Firenze - Fi,Rivenditore
SEAT Leon Leon IV 2020 Sportstourer Sportstourer 2.0 tdi Sty,https://www.autoscout24.it/annunci/seat-leon-leon-iv-2020-sportstourer-sportstourer-2-0-tdi-sty-diesel-cat_ma64mo15869-3af04bed-8eaf-4e09-8420-f481ebffe791,SEAT,Leon,Leon IV 2020 Sportstourer Sportstourer 2.0 tdi Sty,15900,66000.0,Automatico,12/2023,Diesel,110 kW (150 CV),F.M. Di Fresi Maurizio • IT-07021 Arzachena - Sassari - SS,Rivenditore
SEAT Leon 1.0 TSI 110CV Style,https://www.autoscout24.it/annunci/seat-leon-1-0-tsi-110cv-style-benzina-grigio-cat_ma64mo15869-729b4e00-eddd-490f-bdc2-16646665bcc8,SEAT,Leon,1.0 TSI 110CV Style,15891,69127.0,Manuale,03/2021,Benzina,81 kW (110 CV),Rattix_Next Road • IT-20153 Milano - Mi,Rivenditore
SEAT Leon Leon IV 2020 1.0 tsi Style 110cv,https://www.autoscout24.it/annunci/seat-leon-leon-iv-2020-1-0-tsi-style-110cv-benzina-grigio-cat_ma64mo15869-ca34df16-29b6-4722-831e-0b623de69b13,SEAT,Leon,Leon IV 2020 1.0 tsi Style 110cv,15490,70500.0,Manuale,03/2021,Benzina,81 kW (110 CV),Messa T  Spa • IT-20900 Monza - Monza Brianza - Mb,Rivenditore
SEAT Leon 1.0 TSI 110CV Style,https://www.autoscout24.it/annunci/seat-leon-1-0-tsi-110cv-style-benzina-grigio-cat_ma64mo15869-49a00d6a-0251-4951-bf6e-20ccdc214ed9,SEAT,Leon,1.0 TSI 110CV Style,15891,69127.0,Manuale,03/2021,Benzina,81 kW (110 CV),Rattix Srl - Ratti Auto • IT-23890 Barzago - Lecco - Lc,Rivenditore
SEAT Leon Leon Sportstourer 2.0 TDI Style,https://www.autoscout24.it/annunci/seat-leon-leon-sportstourer-2-0-tdi-style-diesel-grigio-cat_ma64mo15869-dccecc65-c216-4d2b-94cb-29bf1d99d752,SEAT,Leon,Leon Sportstourer 2.0 TDI Style,15490,98000.0,Manuale,09/2023,Diesel,85 kW (116 CV),Motorsport Di Maggiulli Luigi • IT-10133 Torino - To,Rivenditore
"SEAT Leon Sportstourer 2.0 tdi Style 150cv dsg ""Km 63.000""",https://www.autoscout24.it/annunci/seat-leon-sportstourer-2-0-tdi-style-150cv-dsg-km-63-000-diesel-cat_ma64mo15869-b8c34d6a-0d73-4311-b5ce-ee3eb618a7c5,SEAT,Leon,"Sportstourer 2.0 tdi Style 150cv dsg ""Km 63.000""",15900,63000.0,Automatico,11/2023,Diesel,110 kW (150 CV),Automobili Basta Srl • IT-74013 Ginosa - Taranto - Ta,Rivenditore
SEAT Leon SEAT LEON SW 2.0 TDI 150 CV DSG CERTIFICATA ITALIA,https://www.autoscout24.it/annunci/seat-leon-seat-leon-sw-2-0-tdi-150-cv-dsg-certificata-italia-diesel-grigio-cat_ma64mo15869-c52dfaf4-ffb5-4ea2-baa1-a13533679de7,SEAT,Leon,SEAT LEON SW 2.0 TDI 150 CV DSG CERTIFICATA ITALIA,15499,99000.0,Automatico,01/2023,Diesel,110 kW (150 CV),Auto de Luca Srls • IT-80021 Afragola - Napoli - NA,Rivenditore
SEAT Leon Sportstourer 2.0 TDI 116 CV Style,https://www.autoscout24.it/annunci/seat-leon-sportstourer-2-0-tdi-116-cv-style-diesel-argento-cat_ma64mo15869-b5e6b6df-2d0a-4ac8-8a76-ae4e87d47f3a,SEAT,Leon,Sportstourer 2.0 TDI 116 CV Style,15800,75315.0,Manuale,05/2022,Diesel,85 kW (116 CV),Aguzzoni Spa • IT-34170 Gorizia - Go,Rivenditore
SEAT Leon 2.0 TDI FR,https://www.autoscout24.it/annunci/seat-leon-2-0-tdi-fr-diesel-bianco-cat_ma64mo15869-66881f1a-6347-46e2-a3ed-3789e4fc3369,SEAT,Leon,2.0 TDI FR,16000,85915.0,Manuale,06/2023,Diesel,85 kW (116 CV),Lineablù Srl • IT-48124 Fornace Zarattini - Ravenna - Ra,Rivenditore
SEAT Leon 4ª serie 1.5 TGI DSG FR,https://www.autoscout24.it/annunci/seat-leon-4-serie-1-5-tgi-dsg-fr-metano-grigio-cat_ma64mo15869-1fcfcc5f-b93e-456d-9ece-b7c3d23df38a,SEAT,Leon,4ª serie 1.5 TGI DSG FR,16900,95785.0,Automatico,10/2021,Metano,96 kW (131 CV),Grand Prix Group • IT-40055 Villanova - Bo,Rivenditore
SEAT Leon 1.5 tsi FR 130cv,https://www.autoscout24.it/annunci/seat-leon-1-5-tsi-fr-130cv-benzina-cat_ma64mo15869-7ecf73a3-bf61-4acf-aeba-b3a8dcae5cae,SEAT,Leon,1.5 tsi FR 130cv,17000,54000.0,Manuale,08/2022,Benzina,96 kW (131 CV),"Privato,IT-10121 Torino",Privato
SEAT Leon IV 2020 1.5 tsi Xcellence 150cv,https://www.autoscout24.it/annunci/seat-leon-iv-2020-1-5-tsi-xcellence-150cv-benzina-blu-azzurro-cat_ma64mo15869-eb3670f0-6300-4eb7-a610-1442b5e011b2,SEAT,Leon,IV 2020 1.5 tsi Xcellence 150cv,16500,60397.0,Manuale,03/2021,Benzina,110 kW (150 CV),Sesto Autoveicoli Spa • IT-20099 Sesto San Giovanni - Milano - Mi,Rivenditore
SEAT Leon 1.5 etsi FR 150cv dsg,https://www.autoscout24.it/annunci/seat-leon-1-5-etsi-fr-150cv-dsg-elettrica-benzina-cat_ma64mo15869-66a0101d-778d-4dfe-b50b-3e3403b893ab,SEAT,Leon,1.5 etsi FR 150cv dsg,16500,80000.0,Semiautomatico,05/2022,Elettrica/Benzina,110 kW (150 CV),"Privato,IT-17100 Savona",Privato
SEAT Leon 2.0 TDI 150 CV DSG Style PREZZO REALE!,https://www.autoscout24.it/annunci/seat-leon-2-0-tdi-150-cv-dsg-style-prezzo-reale-diesel-blu-azzurro-cat_ma64mo15869-49c35754-9aca-40c7-bdaa-aa4e8010505d,SEAT,Leon,2.0 TDI 150 CV DSG Style PREZZO REALE!,16500,49000.0,Semiautomatico,02/2024,Diesel,110 kW (150 CV),Lillo Turchio Automobili Srl • IT-10142 Torino - TO,Rivenditore
SEAT Leon 2.0 tdi FR 115cv,https://www.autoscout24.it/annunci/seat-leon-2-0-tdi-fr-115cv-diesel-cat_ma64mo15869-2bf984ee-707f-4db3-9c1e-64456e4da447,SEAT,Leon,2.0 tdi FR 115cv,16990,89000.0,Manuale,02/2023,Diesel,85 kW (116 CV),"Privato,IT-01100 Viterbo",Privato
SEAT Leon Leon TDI 110 KW Style DSG,https://www.autoscout24.it/annunci/seat-leon-leon-tdi-110-kw-style-dsg-diesel-grigio-cat_ma64mo15869-ac404a63-ee45-4e16-a23a-f577eb769e4f,SEAT,Leon,Leon TDI 110 KW Style DSG,16500,58000.0,Automatico,02/2024,Diesel,110 kW (150 CV),Demas Car srl • IT-24025 Gazzaniga - Bergamo - BG,Rivenditore
SEAT Leon Sportstourer 1.5 Mild Hybrid etsi FR 150cv dsg,https://www.autoscout24.it/annunci/seat-leon-sportstourer-1-5-mild-hybrid-etsi-fr-150cv-dsg-elettrica-benzina-cat_ma64mo15869-4540c3d4-aad9-4537-b638-f6e217536a0d,SEAT,Leon,Sportstourer 1.5 Mild Hybrid etsi FR 150cv dsg,16000,104000.0,Semiautomatico,03/2021,Elettrica/Benzina,110 kW (150 CV),"Privato,IT-39040 Laion",Privato
SEAT Leon 1.5 TGI Style Metano della casa,https://www.autoscout24.it/annunci/seat-leon-1-5-tgi-style-metano-della-casa-metano-grigio-cat_ma64mo15869-6bc72151-4901-4ede-958f-29c8f36107e9,SEAT,Leon,1.5 TGI Style Metano della casa,16900,79890.0,Manuale,08/2022,Metano,96 kW (131 CV),Automobili Vendramini Srl - Rivignano Teor UD • IT-33061 Rivignano Teor - Udine - UD,Rivenditore
SEAT Leon Leon Sportstourer 2.0 tdi Style 150cv dsg,https://www.autoscout24.it/annunci/seat-leon-leon-sportstourer-2-0-tdi-style-150cv-dsg-diesel-grigio-cat_ma64mo15869-b0f287f4-d447-456b-a149-19b4462ebf84,SEAT,Leon,Leon Sportstourer 2.0 tdi Style 150cv dsg,16500,62000.0,Automatico,02/2024,Diesel,110 kW (150 CV),Dany Car - Rivoli • IT-10098 Rivoli,Rivenditore
SEAT Leon 2.0 tdi FR 115cv,https://www.autoscout24.it/annunci/seat-leon-2-0-tdi-fr-115cv-diesel-nero-cat_ma64mo15869-dfde3689-62f5-4a10-966a-5a64591d8805,SEAT,Leon,2.0 tdi FR 115cv,16900,88000.0,Manuale,02/2023,Diesel,85 kW (116 CV),AutoMotoVillage Srl • IT-01038 Soriano nel Cimino - Viterbo - VT,Rivenditore
SEAT Leon SEAT Leon 4ª serie 2.0 TDI 150CV DSG automatico,https://www.autoscout24.it/annunci/seat-leon-seat-leon-4-serie-2-0-tdi-150cv-dsg-automatico-diesel-cat_ma64mo15869-2679db05-a8c3-4756-a305-b2c2e5b9b074,SEAT,Leon,SEAT Leon 4ª serie 2.0 TDI 150CV DSG automatico,16000,125000.0,Automatico,01/2021,Diesel,110 kW (150 CV),"Privato,IT-33031 Basiliano",Privato
SEAT Leon 1.5 TGI Style Metano della Casa,https://www.autoscout24.it/annunci/seat-leon-1-5-tgi-style-metano-della-casa-metano-grigio-cat_ma64mo15869-0010cbe0-57fc-4849-99f8-64ab26e3fee7,SEAT,Leon,1.5 TGI Style Metano della Casa,16900,79890.0,Manuale,08/2022,Metano,96 kW (131 CV),Automobili Vendramini Srl • IT-31046 Oderzo - Treviso,Rivenditore
SEAT Leon Leon Sportstourer 2.0 TDI Style Manuale,https://www.autoscout24.it/annunci/seat-leon-leon-sportstourer-2-0-tdi-style-manuale-diesel-nero-cat_ma64mo15869-7c794806-dfa2-4be3-9430-3197fc5b22af,SEAT,Leon,Leon Sportstourer 2.0 TDI Style Manuale,16999,67000.0,Manuale,10/2023,Diesel,85 kW (116 CV),Cisauto Group • IT-42041 Brescello - Reggio Emilia -  RE,Rivenditore
SEAT Leon Sportstourer 1.5 etsi Xcellence 150cv dsg,https://www.autoscout24.it/annunci/seat-leon-sportstourer-1-5-etsi-xcellence-150cv-dsg-elettrica-benzina-cat_ma64mo15869-0f7d0781-1d3f-42bf-b7ed-e18a83a78825,SEAT,Leon,Sportstourer 1.5 etsi Xcellence 150cv dsg,16599,97000.0,Semiautomatico,06/2021,Elettrica/Benzina,110 kW (150 CV),"Privato,IT-37050 Oppeano",Privato
SEAT Leon Leon IV 2.0 tdi Business 150cv dsg** KM 86449**03/2022,https://www.autoscout24.it/annunci/seat-leon-leon-iv-2-0-tdi-business-150cv-dsg-km-86449-03-2022-diesel-bianco-cat_ma64mo15869-da51adf3-72fa-40f6-8895-307768d9483f,SEAT,Leon,Leon IV 2.0 tdi Business 150cv dsg** KM 86449**03/2022,16900,86449.0,Automatico,03/2022,Diesel,110 kW (150 CV),AM Auto snc • IT-37024 Arbizzano di Negrar - Verona - VR,Rivenditore
SEAT Leon 1.4 e-HYBRID 204 CV DSG FR,https://www.autoscout24.it/annunci/seat-leon-1-4-e-hybrid-204-cv-dsg-fr-elettrica-benzina-bianco-cat_ma64mo15869-f4dfc829-7149-409d-8abb-9448e9a76e5a,SEAT,Leon,1.4 e-HYBRID 204 CV DSG FR,16990,118700.0,Semiautomatico,07/2021,Elettrica/Benzina,110 kW (150 CV),International G.C. Motors Srl • IT-63071 Castel di Sangro - AQ,Rivenditore
SEAT Leon Leon Sportstourer 1.5 tgi Style 130cv dsg,https://www.autoscout24.it/annunci/seat-leon-leon-sportstourer-1-5-tgi-style-130cv-dsg-metano-bianco-cat_ma64mo15869-519cfd40-7129-4a23-ab51-8c4ca5f06908,SEAT,Leon,Leon Sportstourer 1.5 tgi Style 130cv dsg,16950,117000.0,Semiautomatico,11/2022,Metano,96 kW (131 CV),"Privato,IT-63833 Montegiorgio",Privato
SEAT Leon Leon 1.0 etsi Business 110cv dsg,https://www.autoscout24.it/annunci/seat-leon-leon-1-0-etsi-business-110cv-dsg-elettrica-benzina-grigio-cat_ma64mo15869-edd20368-dc7e-40a2-b1d2-cc713ec09d3e,SEAT,Leon,Leon 1.0 etsi Business 110cv dsg,16800,49000.0,Automatico,04/2022,Elettrica/Benzina,81 kW (110 CV),Bertelli Adriano • IT-20851 Lissone - Mb,Rivenditore
SEAT Leon 1.5 tsi fr 150cv,https://www.autoscout24.it/annunci/seat-leon-1-5-tsi-fr-150cv-benzina-blu-azzurro-cat_ma64mo15869-ccbdb648-e050-439c-a86b-81723651098b,SEAT,Leon,1.5 tsi fr 150cv,16400,122000.0,Manuale,06/2021,Benzina,110 kW (150 CV),Ferri Auto Srl • IT-35010 Limena - Pd,Rivenditore
SEAT Leon 2.0 tdi Style 150cv dsg,https://www.autoscout24.it/annunci/seat-leon-2-0-tdi-style-150cv-dsg-diesel-grigio-cat_ma64mo15869-e9e261ea-36dc-4808-aa1d-20c87b72fec9,SEAT,Leon,2.0 tdi Style 150cv dsg,16500,64465.0,Automatico,02/2024,Diesel,110 kW (150 CV),Vida Srl • IT-33053 Latisana - Udine,Rivenditore
SEAT Leon Leon IV 2020 Sportstourer Sportstourer 2.0 tdi Style 150cv dsg,https://www.autoscout24.it/annunci/seat-leon-leon-iv-2020-sportstourer-sportstourer-2-0-tdi-style-150cv-dsg-diesel-argento-cat_ma64mo15869-60f2b89a-bdbc-4371-9d64-8364f0d32f60,SEAT,Leon,Leon IV 2020 Sportstourer Sportstourer 2.0 tdi Style 150cv dsg,16900,60000.0,Automatico,02/2024,Diesel,110 kW (150 CV),Pgauto Srl • IT-60037 Monte San Vito - An,Rivenditore
SEAT Leon 1.4 e-HYBRID 204 CV DSG FR,https://www.autoscout24.it/annunci/seat-leon-1-4-e-hybrid-204-cv-dsg-fr-elettrica-benzina-bianco-cat_ma64mo15869-c27253a6-99ce-4315-ae31-406f9d5fbd7e,SEAT,Leon,1.4 e-HYBRID 204 CV DSG FR,16990,118700.0,Semiautomatico,07/2021,Elettrica/Benzina,110 kW (150 CV),International G.C. Motors Srl • IT-66034 Lanciano - Chieti - CH,Rivenditore
SEAT Leon ST Business DSG 1.5 Mild Hybrid 150CV,https://www.autoscout24.it/annunci/seat-leon-st-business-dsg-1-5-mild-hybrid-150cv-elettrica-benzina-grigio-cat_ma64mo15869-7a4bb3d8-565c-4338-871a-4f2cdff70b90,SEAT,Leon,ST Business DSG 1.5 Mild Hybrid 150CV,16290,90369.0,Automatico,05/2023,Elettrica/Benzina,110 kW (150 CV),brumbrum - Reggio Emilia • IT-42122 Reggio Emilia RE,Rivenditore
SEAT Leon Sportstourer 2.0 TDI DSG Business PROMO SEAT - 1000,https://www.autoscout24.it/annunci/seat-leon-sportstourer-2-0-tdi-dsg-business-promo-seat-1000-diesel-grigio-cat_ma64mo15869-b1147415-c81c-4599-9813-804b0971d409,SEAT,Leon,Sportstourer 2.0 TDI DSG Business PROMO SEAT - 1000,16900,108669.0,Automatico,11/2023,Diesel,110 kW (150 CV),Busto Motor Company Srl - Varese Motor Company • IT-21100 Varese,Rivenditore
SEAT Leon Leon Sportstourer 2.0 TDI 150 CV DSG Business,https://www.autoscout24.it/annunci/seat-leon-leon-sportstourer-2-0-tdi-150-cv-dsg-business-diesel-grigio-cat_ma64mo15869-effc973b-5514-4652-8257-44679aba856d,SEAT,Leon,Leon Sportstourer 2.0 TDI 150 CV DSG Business,16999,98000.0,Automatico,11/2021,Diesel,110 kW (150 CV),Cisauto Group • IT-42041 Brescello - Reggio Emilia -  RE,Rivenditore
SEAT Leon 2.0 TDI Business DSG,https://www.autoscout24.it/annunci/seat-leon-2-0-tdi-business-dsg-diesel-argento-cat_ma64mo15869-54187bba-a18a-4a9c-917e-70806b4d8d55,SEAT,Leon,2.0 TDI Business DSG,16900,74000.0,Automatico,10/2023,Diesel,110 kW (150 CV),Russo Onofrio • IT-92100 Agrigento - Ag,Rivenditore
SEAT Leon Sportstourer 2.0 TDI Style,https://www.autoscout24.it/annunci/seat-leon-sportstourer-2-0-tdi-style-diesel-grigio-cat_ma64mo15869-e9ff211f-9557-4376-a181-77b73a9c852e,SEAT,Leon,Sportstourer 2.0 TDI Style,16500,60775.0,Manuale,08/2023,Diesel,85 kW (116 CV),Cirulli Car 2000 Sas di Cirulli Catia • IT-00030 San Cesareo - Roma - Rm,Rivenditore
SEAT Leon ST Business DSG 1.5 Mild Hybrid 150CV,https://www.autoscout24.it/annunci/seat-leon-st-business-dsg-1-5-mild-hybrid-150cv-elettrica-benzina-grigio-cat_ma64mo15869-7fa75163-af3b-41e1-8d86-4581bff3be1f,SEAT,Leon,ST Business DSG 1.5 Mild Hybrid 150CV,16290,90369.0,Automatico,05/2023,Elettrica/Benzina,110 kW (150 CV),brumbrum • IT-20092 Cinisello Balsamo  - Milano - MI,Rivenditore
SEAT Leon Leon Sportstourer  2.0 tdi Style 150cv dsg,https://www.autoscout24.it/annunci/seat-leon-leon-sportstourer-2-0-tdi-style-150cv-dsg-diesel-blu-azzurro-cat_ma64mo15869-00384545-c5fe-46d2-a7a2-355b2fe6fa34,SEAT,Leon,Leon Sportstourer  2.0 tdi Style 150cv dsg,16500,85559.0,Automatico,02/2024,Diesel,110 kW (150 CV),"Motor Quality Bologna di Buscarino S.F. • IT-40012 Calderara di Reno, Bologna",Rivenditore
SEAT Leon Seat Leon SportsTourer 2.0 TDI 116 Cv.,https://www.autoscout24.it/annunci/seat-leon-seat-leon-sportstourer-2-0-tdi-116-cv-diesel-nero-cat_ma64mo15869-7b1ccbb3-8a51-4d4c-922f-1b68caf0793e,SEAT,Leon,Seat Leon SportsTourer 2.0 TDI 116 Cv.,16900,69818.0,Manuale,11/2023,Diesel,85 kW (116 CV),Delcar Automotive Di Ciardo Mario • IT-73031 Alessano - Lecce - LE,Rivenditore
SEAT Leon ST Business DSG 1.5 Mild Hybrid 150CV,https://www.autoscout24.it/annunci/seat-leon-st-business-dsg-1-5-mild-hybrid-150cv-elettrica-benzina-grigio-cat_ma64mo15869-c352daf0-ae6d-47f4-88e9-86ef1ee6eeb2,SEAT,Leon,ST Business DSG 1.5 Mild Hybrid 150CV,16290,90369.0,Automatico,05/2023,Elettrica/Benzina,110 kW (150 CV),brumbrum - Bologna • IT-40057 Bologna - BO,Rivenditore
SEAT Leon 1.0 eTSI DSG Business MHEV,https://www.autoscout24.it/annunci/seat-leon-1-0-etsi-dsg-business-mhev-elettrica-benzina-grigio-cat_ma64mo15869-7844a043-486d-4421-9de0-44f6f699fc39,SEAT,Leon,1.0 eTSI DSG Business MHEV,16900,70253.0,Automatico,11/2021,Elettrica/Benzina,81 kW (110 CV),Grimaldi Auto Spa • IT-27029 Vigevano - Pavia - Pv,Rivenditore
SEAT Leon 1.4 e-HYBRID 204 CV DSG FR,https://www.autoscout24.it/annunci/seat-leon-1-4-e-hybrid-204-cv-dsg-fr-elettrica-benzina-bianco-cat_ma64mo15869-d6aec4c1-bc5f-4135-89c5-9914e61b6586,SEAT,Leon,1.4 e-HYBRID 204 CV DSG FR,16990,118700.0,Semiautomatico,07/2021,Elettrica/Benzina,110 kW (150 CV),International  G.C. Motors Srl • IT-86081 Agnone - Isernia - Is,Rivenditore
SEAT Leon Leon 1.5 TGI DSG FR,https://www.autoscout24.it/annunci/seat-leon-leon-1-5-tgi-dsg-fr-benzina-cat_ma64mo15869-0bcbb3df-8036-4dc1-bb08-234c75cbdb1f,SEAT,Leon,Leon 1.5 TGI DSG FR,17900,45500.0,Automatico,04/2021,Benzina,96 kW (131 CV),Abc Rent Srl • IT-20063 Cernusco sul Naviglio - Mi,Rivenditore
SEAT Leon Leon 1.4 e-hybrid FR dsg 150cv,https://www.autoscout24.it/annunci/seat-leon-leon-1-4-e-hybrid-fr-dsg-150cv-elettrica-benzina-blu-azzurro-cat_ma64mo15869-33b19b6c-4954-4178-9b60-87e07da517dc,SEAT,Leon,Leon 1.4 e-hybrid FR dsg 150cv,17400,44300.0,Automatico,11/2021,Elettrica/Benzina,150 kW (204 CV),Ricchi Auto Srl • IT-20825 Barlassina - Monza Brianza - Mb,Rivenditore
SEAT Leon 1.5 eTSI 150cv XCELLENCE DSG,https://www.autoscout24.it/annunci/seat-leon-1-5-etsi-150cv-xcellence-dsg-elettrica-benzina-grigio-cat_ma64mo15869-b0117f9f-c8b1-40d3-93da-d31e5d0b5690,SEAT,Leon,1.5 eTSI 150cv XCELLENCE DSG,17500,67000.0,Automatico,05/2021,Elettrica/Benzina,110 kW (150 CV),Nuova Assauto Spa • IT-13894 Gaglianico - Biella - Bi,Rivenditore
SEAT Leon 2.0 tdi Business 115cv,https://www.autoscout24.it/annunci/seat-leon-2-0-tdi-business-115cv-diesel-bianco-cat_ma64mo15869-241c1969-fb1d-45c5-be65-ed5b6455422f,SEAT,Leon,2.0 tdi Business 115cv,17900,79000.0,Manuale,01/2024,Diesel,85 kW (116 CV),Bercar Srl • IT-37135 Cadidavid -Verona - VR,Rivenditore
SEAT Leon Leon IV Sportstourer Sportstourer 2.0 tdi Xcellence 150cv dsg,https://www.autoscout24.it/annunci/seat-leon-leon-iv-sportstourer-sportstourer-2-0-tdi-xcellence-150cv-dsg-diesel-blu-azzurro-cat_ma64mo15869-620a22b3-03ad-4ab1-879f-4ff40fce533d,SEAT,Leon,Leon IV Sportstourer Sportstourer 2.0 tdi Xcellence 150cv dsg,17900,66215.0,Semiautomatico,03/2021,Diesel,110 kW (150 CV),Lenzi Automobili spa • IT-51031 Agliana - Pistoia - PT,Rivenditore
SEAT Leon 1.5 tsi FR 130cv,https://www.autoscout24.it/annunci/seat-leon-1-5-tsi-fr-130cv-benzina-cat_ma64mo15869-7ecf73a3-bf61-4acf-aeba-b3a8dcae5cae,SEAT,Leon,1.5 tsi FR 130cv,17000,54000.0,Manuale,08/2022,Benzina,96 kW (131 CV),"Privato,IT-10121 Torino",Privato
SEAT Leon 1.0 etsi FR 110cv dsg,https://www.autoscout24.it/annunci/seat-leon-1-0-etsi-fr-110cv-dsg-elettrica-benzina-cat_ma64mo15869-0065d4a4-66f2-43f7-9e69-f62dbb240ab1,SEAT,Leon,1.0 etsi FR 110cv dsg,17800,40600.0,Semiautomatico,10/2022,Elettrica/Benzina,81 kW (110 CV),"Privato,IT-10070 San Francesco Al Campo",Privato
SEAT Leon 1.5 tsi 116cv style,https://www.autoscout24.it/annunci/seat-leon-1-5-tsi-116cv-style-benzina-cat_ma64mo15869-f2351482-8ba7-445b-a4e3-16a4512efa49,SEAT,Leon,1.5 tsi 116cv style,17800,41604.0,Manuale,03/2025,Benzina,85 kW (116 CV),Centro Usato di Viesto by Rent Service • IT-10148 Torino - TO,Rivenditore
SEAT Leon 1.5 etsi FR 150cv dsg,https://www.autoscout24.it/annunci/seat-leon-1-5-etsi-fr-150cv-dsg-elettrica-benzina-cat_ma64mo15869-f95885f4-748d-4841-aa95-fd5082e500a8,SEAT,Leon,1.5 etsi FR 150cv dsg,17500,81000.0,Semiautomatico,05/2021,Elettrica/Benzina,110 kW (150 CV),"Privato,IT-41026 Pavullo nel Frignano",Privato
SEAT Leon Leon IV 20201.5 etsi Xcellence 150cv dsg,https://www.autoscout24.it/annunci/seat-leon-leon-iv-20201-5-etsi-xcellence-150cv-dsg-elettrica-benzina-cat_ma64mo15869-5ff8342a-7c56-4088-986a-af44bb253982,SEAT,Leon,Leon IV 20201.5 etsi Xcellence 150cv dsg,18000,64000.0,Semiautomatico,06/2021,Elettrica/Benzina,110 kW (150 CV),"Privato,IT-60015 falconara marittima",Privato
SEAT Leon Leon IV 20201.5 tgi FR 130cv dsg,https://www.autoscout24.it/annunci/seat-leon-leon-iv-20201-5-tgi-fr-130cv-dsg-metano-cat_ma64mo15869-ba99fa5f-b2a3-4665-874e-e0eb5f383c71,SEAT,Leon,Leon IV 20201.5 tgi FR 130cv dsg,17500,97000.0,Semiautomatico,11/2021,Metano,96 kW (131 CV),"Privato,IT-35040 Granze",Privato
SEAT Leon Leon Sportstourer 2.0 TDI Business,https://www.autoscout24.it/annunci/seat-leon-leon-sportstourer-2-0-tdi-business-diesel-grigio-cat_ma64mo15869-b060146b-7b85-4173-bd7f-5a274945a527,SEAT,Leon,Leon Sportstourer 2.0 TDI Business,17500,60000.0,Manuale,09/2023,Diesel,85 kW (116 CV),Motocenter Srl • IT-46019 Viadana - Mantova - MN,Rivenditore
SEAT Leon Sportstourer 2.0 tdi FR 150cv dsg,https://www.autoscout24.it/annunci/seat-leon-sportstourer-2-0-tdi-fr-150cv-dsg-diesel-bianco-cat_ma64mo15869-b04d04a8-aec1-4fe4-b715-8da99c0488a0,SEAT,Leon,Sportstourer 2.0 tdi FR 150cv dsg,17500,97550.0,Semiautomatico,08/2022,Diesel,110 kW (150 CV),Peressini Srl • IT-33080 Fiume Veneto - Pn,Rivenditore
SEAT Leon Sportstourer 2.0 TDI 150 CV DSG Style,https://www.autoscout24.it/annunci/seat-leon-sportstourer-2-0-tdi-150-cv-dsg-style-diesel-grigio-cat_ma64mo15869-caca38f6-a106-4537-b36d-7d25c2865b20,SEAT,Leon,Sportstourer 2.0 TDI 150 CV DSG Style,17800,56000.0,Automatico,04/2024,Diesel,110 kW (150 CV),Automobili David di David Ennio & C. Snc • IT-33085 Maniago - Pordenone - Pn,Rivenditore
SEAT Leon 2.0 TDI 150cv FR DSG,https://www.autoscout24.it/annunci/seat-leon-2-0-tdi-150cv-fr-dsg-diesel-cat_ma64mo15869-e1053dd1-462c-4a78-8cc3-39d93358373a,SEAT,Leon,2.0 TDI 150cv FR DSG,17990,102242.0,Automatico,06/2021,Diesel,110 kW (150 CV),Reno Motor Company Srl • IT-40138 Bologna - BO,Rivenditore
SEAT Leon Leon IV 2020 Sportstourer Sportstourer 1.5 tgi FR 130cv dsg,https://www.autoscout24.it/annunci/seat-leon-leon-iv-2020-sportstourer-sportstourer-1-5-tgi-fr-130cv-dsg-metano-grigio-cat_ma64mo15869-3c41d3ff-ccd5-4ae0-a4b7-bae3f40e7910,SEAT,Leon,Leon IV 2020 Sportstourer Sportstourer 1.5 tgi FR 130cv dsg,17800,126000.0,Semiautomatico,07/2022,Metano,96 kW (131 CV),"Privato,IT-40129 Bologna",Privato
SEAT Leon FR 2.0 TDI 150CV DSG,https://www.autoscout24.it/annunci/seat-leon-fr-2-0-tdi-150cv-dsg-diesel-nero-cat_ma64mo15869-36433e01-966f-4662-853d-63c454d71d94,SEAT,Leon,FR 2.0 TDI 150CV DSG,17900,110441.0,Automatico,04/2022,Diesel,110 kW (150 CV),Autofficina Trinacria di Ragona Vincenzo • IT-90042 Borgetto - Pa,Rivenditore
SEAT Leon 2.0 tdi Style 150cv dsg,https://www.autoscout24.it/annunci/seat-leon-2-0-tdi-style-150cv-dsg-diesel-nero-cat_ma64mo15869-6f9eee57-d9f8-4f59-bf10-8186d76217c9,SEAT,Leon,2.0 tdi Style 150cv dsg,17900,80500.0,Automatico,03/2023,Diesel,110 kW (150 CV),Tosoni Auto Spa • IT-53100 Isola D'arbia- Siena - Si,Rivenditore
SEAT Leon 2.0 TDI 110KW BUSINESS DSG,https://www.autoscout24.it/annunci/seat-leon-2-0-tdi-110kw-business-dsg-diesel-blu-azzurro-cat_ma64mo15869-a66cfb26-55ee-4934-8d63-cffe5734de89,SEAT,Leon,2.0 TDI 110KW BUSINESS DSG,17450,86239.0,Automatico,06/2022,Diesel,110 kW (150 CV),Adriarent S.p.A.. • IT-33170 Pordenone - Pn,Rivenditore
SEAT Leon Leon Sportstourer 1.5 TGI DSG Business,https://www.autoscout24.it/annunci/seat-leon-leon-sportstourer-1-5-tgi-dsg-business-metano-beige-cat_ma64mo15869-377687d9-ebc9-45af-a7a9-4fa5b46e56b5,SEAT,Leon,Leon Sportstourer 1.5 TGI DSG Business,17550,119000.0,Semiautomatico,02/2023,Metano,96 kW (131 CV),Governatori Auto • IT-62010 Rambona Zona Mari - Pollenza,Rivenditore
SEAT Leon Leon Sportstourer 1.5 TGI DSG Business,https://www.autoscout24.it/annunci/seat-leon-leon-sportstourer-1-5-tgi-dsg-business-metano-beige-cat_ma64mo15869-66df58bb-b903-478c-a4ec-9d2f7069a2de,SEAT,Leon,Leon Sportstourer 1.5 TGI DSG Business,17550,119000.0,Semiautomatico,02/2023,Metano,96 kW (131 CV),Governatori Auto • IT-62010 Rambona Zona Mari - Pollenza,Rivenditore
SEAT Leon 2.0 TDI Business 150 CV DSG,https://www.autoscout24.it/annunci/seat-leon-2-0-tdi-business-150-cv-dsg-diesel-argento-cat_ma64mo15869-3e538688-ab7d-47ab-8066-243e2e463835,SEAT,Leon,2.0 TDI Business 150 CV DSG,17999,79382.0,Automatico,06/2021,Diesel,110 kW (150 CV),Autohero Italia Srl • IT-20155 Milano - Mi,Rivenditore
SEAT Leon Leon Sportstourer 2.0 TDI 150 CV DSG Style,https://www.autoscout24.it/annunci/seat-leon-leon-sportstourer-2-0-tdi-150-cv-dsg-style-diesel-grigio-cat_ma64mo15869-47eaa05f-1d73-4f2a-bec9-4e13b5485986,SEAT,Leon,Leon Sportstourer 2.0 TDI 150 CV DSG Style,17800,75000.0,Automatico,10/2023,Diesel,110 kW (150 CV),Motocenter Srl • IT-46019 Viadana - Mantova - MN,Rivenditore
SEAT Leon 1.5 TGI DSG Style,https://www.autoscout24.it/annunci/seat-leon-1-5-tgi-dsg-style-metano-bianco-cat_ma64mo15869-93aa153b-dc6d-4537-a447-570d5da758b5,SEAT,Leon,1.5 TGI DSG Style,17500,80000.0,Automatico,12/2022,Metano,96 kW (131 CV),Nord Mec Srl • IT-31100 Treviso,Rivenditore
SEAT Leon 1.0 TSI Style *SENZA VINCOLI DI FINANZIAMENTO*,https://www.autoscout24.it/annunci/seat-leon-1-0-tsi-style-senza-vincoli-di-finanziamento-benzina-grigio-cat_ma64mo15869-522036a7-9be4-4acf-882f-e2a6440a3d7b,SEAT,Leon,1.0 TSI Style *SENZA VINCOLI DI FINANZIAMENTO*,18000,61630.0,Manuale,03/2021,Benzina,81 kW (110 CV),Rivello Punto Auto srl • IT-14055 Motta di Costigliole d'Asti - Asti,Rivenditore
SEAT Leon Sportstourer 1.0 eTSI 110 CV DSG Style,https://www.autoscout24.it/annunci/seat-leon-sportstourer-1-0-etsi-110-cv-dsg-style-elettrica-benzina-grigio-cat_ma64mo15869-a7fe979a-50c1-4f9d-8858-55cc1f84a1a5,SEAT,Leon,Sportstourer 1.0 eTSI 110 CV DSG Style,17900,38500.0,Automatico,10/2022,Elettrica/Benzina,81 kW (110 CV),Novauto Spa • IT-09122 Cagliari - Ca,Rivenditore
SEAT Leon Leon IV 2020 2.0 tdi FR 150cv dsg,https://www.autoscout24.it/annunci/seat-leon-leon-iv-2020-2-0-tdi-fr-150cv-dsg-diesel-cat_ma64mo15869-f1f5be05-8657-40b9-b50b-b463124afc7c,SEAT,Leon,Leon IV 2020 2.0 tdi FR 150cv dsg,18900,74000.0,Semiautomatico,02/2024,Diesel,110 kW (150 CV),Center Auto srls • IT-13030 Caresanablot - Vercelli - VC,Rivenditore
SEAT Leon SEAT Leon CUPRA Leon 2.0 TDI 150 CV DSG,https://www.autoscout24.it/annunci/seat-leon-seat-leon-cupra-leon-2-0-tdi-150-cv-dsg-diesel-cat_ma64mo15869-afe7f1c2-8af0-4b28-9a9d-945efe915e91,SEAT,Leon,SEAT Leon CUPRA Leon 2.0 TDI 150 CV DSG,18790,15000.0,Semiautomatico,03/2025,Diesel,77 kW (105 CV),"Privato,IT-24126 Bergamo",Privato
SEAT Leon Leon 1.5 TSI FR 130CV - USATO CERTIFICATO,https://www.autoscout24.it/annunci/seat-leon-leon-1-5-tsi-fr-130cv-usato-certificato-benzina-bianco-cat_ma64mo15869-459cdd3d-060d-49de-a8ac-d459beb5fae7,SEAT,Leon,Leon 1.5 TSI FR 130CV - USATO CERTIFICATO,19000,54983.0,Manuale,06/2023,Benzina,96 kW (131 CV),Vanni Srl • IT-46047 Porto Mantovano - Mantova - MN,Rivenditore
SEAT Leon 2.0 tdi FR 150cv dsg,https://www.autoscout24.it/annunci/seat-leon-2-0-tdi-fr-150cv-dsg-diesel-nero-cat_ma64mo15869-cd465ae9-4634-4e1b-bfc2-c6f746c8c7a6,SEAT,Leon,2.0 tdi FR 150cv dsg,18990,62685.0,Automatico,12/2022,Diesel,110 kW (150 CV),Dalma Srl • IT-20033 Solaro MI,Rivenditore
SEAT Leon Leon IV 20201.5 etsi Xcellence 150cv dsg,https://www.autoscout24.it/annunci/seat-leon-leon-iv-20201-5-etsi-xcellence-150cv-dsg-elettrica-benzina-cat_ma64mo15869-5ff8342a-7c56-4088-986a-af44bb253982,SEAT,Leon,Leon IV 20201.5 etsi Xcellence 150cv dsg,18000,64000.0,Semiautomatico,06/2021,Elettrica/Benzina,110 kW (150 CV),"Privato,IT-60015 falconara marittima",Privato
SEAT Leon 1.5 etsi fr 150cv dsg,https://www.autoscout24.it/annunci/seat-leon-1-5-etsi-fr-150cv-dsg-elettrica-benzina-rosso-cat_ma64mo15869-2dab71d6-a7c2-410b-9743-8618a0fceb87,SEAT,Leon,1.5 etsi fr 150cv dsg,18900,48133.0,Automatico,11/2021,Elettrica/Benzina,110 kW (150 CV),Fratelli Giacomel Spa • IT-20057 Assago - Milano - Mi,Rivenditore
SEAT Leon 1.5 etsi FR 150cv dsg,https://www.autoscout24.it/annunci/seat-leon-1-5-etsi-fr-150cv-dsg-elettrica-benzina-bianco-cat_ma64mo15869-9a455e60-10ef-469b-99d4-dc5f3f2f1d3d,SEAT,Leon,1.5 etsi FR 150cv dsg,19000,72922.0,Automatico,01/2022,Elettrica/Benzina,110 kW (150 CV),Next-Car Snc • IT-20090 Buccinasco - Mi,Rivenditore
SEAT Leon Leon 1.4 e-HYBRID 204 CV DSG FR,https://www.autoscout24.it/annunci/seat-leon-leon-1-4-e-hybrid-204-cv-dsg-fr-elettrica-benzina-nero-cat_ma64mo15869-5b7d7163-1941-42ef-815a-3ad5cb4e9ca1,SEAT,Leon,Leon 1.4 e-HYBRID 204 CV DSG FR,18500,76300.0,Automatico,07/2021,Elettrica/Benzina,110 kW (150 CV),Privacar Frosinone • IT-03100 Frosinone - FR,Rivenditore
SEAT Leon 1.5 eTSI ACT Business 150 CV DSG,https://www.autoscout24.it/annunci/seat-leon-1-5-etsi-act-business-150-cv-dsg-elettrica-benzina-grigio-cat_ma64mo15869-85ed2026-91bf-466c-9803-ad94a99a188b,SEAT,Leon,1.5 eTSI ACT Business 150 CV DSG,18199,74102.0,Automatico,04/2022,Elettrica/Benzina,110 kW (150 CV),Autohero Italia Srl • IT-37135 Verona - VR,Rivenditore
SEAT Leon Leon Sportstourer 2.0 tdi Style 150cv DSG Autom,https://www.autoscout24.it/annunci/seat-leon-leon-sportstourer-2-0-tdi-style-150cv-dsg-autom-diesel-grigio-cat_ma64mo15869-945bc57f-6633-44d1-882f-d4ee32cc5393,SEAT,Leon,Leon Sportstourer 2.0 tdi Style 150cv DSG Autom,18750,34200.0,Semiautomatico,02/2024,Diesel,110 kW (150 CV),Maxicar Snc • IT-40059 Medicina - Bologna - Bo,Rivenditore
SEAT Leon ST 2.0 TDI 150CV DSG Business,https://www.autoscout24.it/annunci/seat-leon-st-2-0-tdi-150cv-dsg-business-diesel-grigio-cat_ma64mo15869-f1df46cb-c24a-4cb7-8baf-113f6571ab1b,SEAT,Leon,ST 2.0 TDI 150CV DSG Business,18500,62680.0,Semiautomatico,12/2023,Diesel,110 kW (150 CV),Lanza Cars srl • IT-98070 Terranova - Messina - ME,Rivenditore
SEAT Leon 1.5 eTSI ACT Business 150 CV DSG,https://www.autoscout24.it/annunci/seat-leon-1-5-etsi-act-business-150-cv-dsg-elettrica-benzina-grigio-cat_ma64mo15869-030eaac9-4710-4d5d-a141-e296670674b9,SEAT,Leon,1.5 eTSI ACT Business 150 CV DSG,18199,74102.0,Automatico,04/2022,Elettrica/Benzina,110 kW (150 CV),Autohero Italia Srl - Bari • IT-50145 Firenze - FI,Rivenditore
SEAT Leon Leon 2.0 TDI 150 CV DSG Business,https://www.autoscout24.it/annunci/seat-leon-leon-2-0-tdi-150-cv-dsg-business-diesel-grigio-cat_ma64mo15869-3470c8cc-dc11-49b1-8395-a73d0f16e0e1,SEAT,Leon,Leon 2.0 TDI 150 CV DSG Business,18490,80000.0,Automatico,05/2022,Diesel,110 kW (150 CV),Motocenter Srl • IT-46019 Viadana - Mantova - MN,Rivenditore
SEAT Leon Leon Sportstourer 2.0 TDI 150 CV DSG FR,https://www.autoscout24.it/annunci/seat-leon-leon-sportstourer-2-0-tdi-150-cv-dsg-fr-diesel-grigio-cat_ma64mo15869-b47461ec-eb9f-4092-af75-7d18ccca7392,SEAT,Leon,Leon Sportstourer 2.0 TDI 150 CV DSG FR,18500,59000.0,Automatico,02/2024,Diesel,110 kW (150 CV),Cisauto Center Parma • IT-43126 Parma - PR,Rivenditore
SEAT Leon 1.5 eTSI ACT Business 150 CV DSG,https://www.autoscout24.it/annunci/seat-leon-1-5-etsi-act-business-150-cv-dsg-elettrica-benzina-grigio-cat_ma64mo15869-9ec70eeb-ecb6-4581-b6a6-c05479b89784,SEAT,Leon,1.5 eTSI ACT Business 150 CV DSG,18199,74102.0,Automatico,04/2022,Elettrica/Benzina,110 kW (150 CV),AutoHero italia Srl • IT-07100 Sassari - SS,Rivenditore
SEAT Leon 1.5 eTSI ACT Business 150 CV DSG,https://www.autoscout24.it/annunci/seat-leon-1-5-etsi-act-business-150-cv-dsg-elettrica-benzina-grigio-cat_ma64mo15869-dc549cda-37fe-4d50-a932-a7498a42f8f3,SEAT,Leon,1.5 eTSI ACT Business 150 CV DSG,18199,74102.0,Automatico,04/2022,Elettrica/Benzina,110 kW (150 CV),Autohero Italia srl • IT-40131 Bologna,Rivenditore
SEAT Leon 1.5 eTSI ACT Business 150 CV DSG,https://www.autoscout24.it/annunci/seat-leon-1-5-etsi-act-business-150-cv-dsg-elettrica-benzina-grigio-cat_ma64mo15869-9d48d91a-4b38-4c4f-9a5f-7ca780080001,SEAT,Leon,1.5 eTSI ACT Business 150 CV DSG,18199,74102.0,Automatico,04/2022,Elettrica/Benzina,110 kW (150 CV),Autohero Italia srl • IT-00169 Roma,Rivenditore
SEAT Leon 2.0 tdi Business 150cv dsg,https://www.autoscout24.it/annunci/seat-leon-2-0-tdi-business-150cv-dsg-diesel-grigio-cat_ma64mo15869-ecc93486-758e-4e12-a91d-5599a5725073,SEAT,Leon,2.0 tdi Business 150cv dsg,18300,61495.0,Automatico,02/2022,Diesel,110 kW (150 CV),Sigi Auto srl • IT-21042 Caronno Pertusella - Varese - VA,Rivenditore
SEAT Leon 1.5 etsi Xcellence 150cv dsg,https://www.autoscout24.it/annunci/seat-leon-1-5-etsi-xcellence-150cv-dsg-elettrica-benzina-cat_ma64mo15869-91e38600-7383-4e08-b27e-4b6d4efe3037,SEAT,Leon,1.5 etsi Xcellence 150cv dsg,18400,105000.0,Semiautomatico,05/2021,Elettrica/Benzina,110 kW (150 CV),"Privato,IT-20125 Milano",Privato
SEAT Leon 1.5 eTSI ACT Business 150 CV DSG,https://www.autoscout24.it/annunci/seat-leon-1-5-etsi-act-business-150-cv-dsg-elettrica-benzina-grigio-cat_ma64mo15869-22fa7f9a-9132-4915-b02f-a55fdd2154fb,SEAT,Leon,1.5 eTSI ACT Business 150 CV DSG,18199,74102.0,Automatico,04/2022,Elettrica/Benzina,110 kW (150 CV),Autohero Italia Srl - Torino • IT-10092 Beinasco - TO,Rivenditore
SEAT Leon 1.5 eTSI ACT Business 150 CV DSG  MHEV,https://www.autoscout24.it/annunci/seat-leon-1-5-etsi-act-business-150-cv-dsg-mhev-benzina-bianco-cat_ma64mo15869-0de5b51b-5993-446c-aa1d-ae7e11aa6ea8,SEAT,Leon,1.5 eTSI ACT Business 150 CV DSG  MHEV,18299,62362.0,Automatico,07/2021,Benzina,110 kW (150 CV),AutoHero Italia Srl • IT-09122 Cagliari  - CA,Rivenditore
SEAT Leon 1.5 eTSI ACT Business 150 CV DSG,https://www.autoscout24.it/annunci/seat-leon-1-5-etsi-act-business-150-cv-dsg-elettrica-benzina-grigio-cat_ma64mo15869-0450c193-2754-41ea-8133-73d351e8e70f,SEAT,Leon,1.5 eTSI ACT Business 150 CV DSG,18199,74102.0,Automatico,04/2022,Elettrica/Benzina,110 kW (150 CV),AutoHero Italia Srl • IT-09122 Cagliari  - CA,Rivenditore
SEAT Leon 1.0 TSI Style *SENZA VINCOLI DI FINANZIAMENTO*,https://www.autoscout24.it/annunci/seat-leon-1-0-tsi-style-senza-vincoli-di-finanziamento-benzina-grigio-cat_ma64mo15869-522036a7-9be4-4acf-882f-e2a6440a3d7b,SEAT,Leon,1.0 TSI Style *SENZA VINCOLI DI FINANZIAMENTO*,18000,61630.0,Manuale,03/2021,Benzina,81 kW (110 CV),Rivello Punto Auto srl • IT-14055 Motta di Costigliole d'Asti - Asti,Rivenditore
SEAT Leon 1.0 etsi FR 110cv dsg,https://www.autoscout24.it/annunci/seat-leon-1-0-etsi-fr-110cv-dsg-elettrica-benzina-nero-cat_ma64mo15869-849e49d1-0206-4d47-967c-a0192d0bad8a,SEAT,Leon,1.0 etsi FR 110cv dsg,19900,29900.0,Automatico,12/2023,Elettrica/Benzina,81 kW (110 CV),Giacchi Automobili Srl • IT-45100 Rovigo - RO,Rivenditore
SEAT Leon 1.5 eTSI 150cv FR DSG,https://www.autoscout24.it/annunci/seat-leon-1-5-etsi-150cv-fr-dsg-elettrica-benzina-rosso-cat_ma64mo15869-f8221345-a6a8-4b00-a9ec-c87f6c06a550,SEAT,Leon,1.5 eTSI 150cv FR DSG,19950,31863.0,Automatico,05/2022,Elettrica/Benzina,110 kW (150 CV),Dea Car srl • IT-10043 Orbassano  - Torino - TO,Rivenditore
SEAT Leon 1.5 TGI 96KW STYLE DSG Metano,https://www.autoscout24.it/annunci/seat-leon-1-5-tgi-96kw-style-dsg-metano-metano-blu-azzurro-cat_ma64mo15869-4c3ed99e-22ea-4c3d-b86b-8426f77051b4,SEAT,Leon,1.5 TGI 96KW STYLE DSG Metano,19400,35903.0,Automatico,12/2021,Metano,96 kW (131 CV),ActionCar by Marco Liera • IT-60035 Jesi - An,Rivenditore
SEAT Leon Leon 1.5 TSI FR 130CV - USATO CERTIFICATO,https://www.autoscout24.it/annunci/seat-leon-leon-1-5-tsi-fr-130cv-usato-certificato-benzina-bianco-cat_ma64mo15869-459cdd3d-060d-49de-a8ac-d459beb5fae7,SEAT,Leon,Leon 1.5 TSI FR 130CV - USATO CERTIFICATO,19000,54983.0,Manuale,06/2023,Benzina,96 kW (131 CV),Vanni Srl • IT-46047 Porto Mantovano - Mantova - MN,Rivenditore
SEAT Leon Leon Sportstourer 2.0 TDI 150 CV 4Drive DSG FR,https://www.autoscout24.it/annunci/seat-leon-leon-sportstourer-2-0-tdi-150-cv-4drive-dsg-fr-diesel-grigio-cat_ma64mo15869-27b74457-bd37-4f3b-be59-f26b98660a2c,SEAT,Leon,Leon Sportstourer 2.0 TDI 150 CV 4Drive DSG FR,19950,113410.0,Semiautomatico,10/2022,Diesel,110 kW (150 CV),Carrozzeria Auto Daz Di Daz Vittorio • IT-38010 Ronzone - TN,Rivenditore
SEAT Leon Sportstourer 1.5 etsi FR 150cv dsg,https://www.autoscout24.it/annunci/seat-leon-sportstourer-1-5-etsi-fr-150cv-dsg-elettrica-benzina-cat_ma64mo15869-a08b6b65-78bf-434c-90e5-e3ab6eb9ad3e,SEAT,Leon,Sportstourer 1.5 etsi FR 150cv dsg,19200,88500.0,Semiautomatico,06/2021,Elettrica/Benzina,110 kW (150 CV),"Privato,IT-15011 Acqui Terme",Privato
SEAT Leon 1.5 etsi FR 150cv dsg,https://www.autoscout24.it/annunci/seat-leon-1-5-etsi-fr-150cv-dsg-elettrica-benzina-bianco-cat_ma64mo15869-9a455e60-10ef-469b-99d4-dc5f3f2f1d3d,SEAT,Leon,1.5 etsi FR 150cv dsg,19000,72922.0,Automatico,01/2022,Elettrica/Benzina,110 kW (150 CV),Next-Car Snc • IT-20090 Buccinasco - Mi,Rivenditore
SEAT Leon 2.0 tdi Black Edition 150cv dsg,https://www.autoscout24.it/annunci/seat-leon-2-0-tdi-black-edition-150cv-dsg-diesel-cat_ma64mo15869-21547b0f-1f4d-4521-9760-a7d59ab1a416,SEAT,Leon,2.0 tdi Black Edition 150cv dsg,19500,82000.0,Semiautomatico,01/2021,Diesel,110 kW (150 CV),"Privato,IT-10080 salassa",Privato
SEAT Leon SW 1.4 E-HYBRID 204 HP PLUG IN AUTOMATICA DSG,https://www.autoscout24.it/annunci/seat-leon-sw-1-4-e-hybrid-204-hp-plug-in-automatica-dsg-elettrica-benzina-grigio-cat_ma64mo15869-529499a5-1bcc-4fc4-9acd-d9e2258b4109,SEAT,Leon,SW 1.4 E-HYBRID 204 HP PLUG IN AUTOMATICA DSG,19900,74081.0,Automatico,03/2021,Elettrica/Benzina,150 kW (204 CV),Osso Auto2 Srl • IT-33100 Udine - Ud,Rivenditore
SEAT Leon IV 2020 Sportstourer - Leon Sportstourer 2.0 tdi S,https://www.autoscout24.it/annunci/seat-leon-iv-2020-sportstourer-leon-sportstourer-2-0-tdi-s-diesel-argento-cat_ma64mo15869-fceb8736-a3ee-4271-822a-1104eeb8d02e,SEAT,Leon,IV 2020 Sportstourer - Leon Sportstourer 2.0 tdi S,19900,91005.0,Automatico,04/2021,Diesel,110 kW (150 CV),Comer Sud Spa • IT-95045 Misterbianco  - Catania - Ct,Rivenditore
SEAT Leon Leon IV  2.0 tdi FR 150cv dsg ( AUTOMATICA ),https://www.autoscout24.it/annunci/seat-leon-leon-iv-2-0-tdi-fr-150cv-dsg-automatica-diesel-grigio-cat_ma64mo15869-f837b4fe-c4a2-4119-a4f2-1677de9981b4,SEAT,Leon,Leon IV  2.0 tdi FR 150cv dsg ( AUTOMATICA ),19700,118000.0,Semiautomatico,06/2022,Diesel,110 kW (150 CV),Automania Italia Srl • IT-33030 Buja - Udine - Ud,Rivenditore
SEAT Leon Leon 1.5 etsi FR 150cv dsg - PHEV - Pari al nuovo,https://www.autoscout24.it/annunci/seat-leon-leon-1-5-etsi-fr-150cv-dsg-phev-pari-al-nuovo-elettrica-benzina-bianco-cat_ma64mo15869-f5674bb6-b5f4-482d-b29b-bc609d2b5e36,SEAT,Leon,Leon 1.5 etsi FR 150cv dsg - PHEV - Pari al nuovo,20490,63803.0,Semiautomatico,04/2024,Elettrica/Benzina,110 kW (150 CV),Auto & Motori snc • IT-20017 Rho - Milano,Rivenditore
SEAT Leon Sportstourer 1.5 tgi FR 130cv dsg,https://www.autoscout24.it/annunci/seat-leon-sportstourer-1-5-tgi-fr-130cv-dsg-metano-cat_ma64mo15869-bfa7ad1f-8bc6-48a5-b237-0adfa31f6f01,SEAT,Leon,Sportstourer 1.5 tgi FR 130cv dsg,21000,26000.0,Semiautomatico,12/2022,Metano,96 kW (131 CV),"Privato,IT-10121 Torino",Privato
SEAT Leon Sportstourer 1.5 etsi FR 150cv dsg,https://www.autoscout24.it/annunci/seat-leon-sportstourer-1-5-etsi-fr-150cv-dsg-elettrica-benzina-cat_ma64mo15869-9829314a-6d66-4117-ad8c-0539309552dc,SEAT,Leon,Sportstourer 1.5 etsi FR 150cv dsg,20500,32000.0,Semiautomatico,07/2021,Elettrica/Benzina,110 kW (150 CV),"Privato,IT-20900 Monza",Privato
SEAT Leon Leon 1.0 etsi FR 110cv dsg,https://www.autoscout24.it/annunci/seat-leon-leon-1-0-etsi-fr-110cv-dsg-elettrica-benzina-nero-cat_ma64mo15869-880070a8-08ea-4d1d-b538-56dadcc60f5e,SEAT,Leon,Leon 1.0 etsi FR 110cv dsg,20400,42040.0,Automatico,08/2023,Elettrica/Benzina,81 kW (110 CV),Autocogliati spa • IT-23870 Cernusco Lombardone - Lc,Rivenditore
SEAT Leon 1.0 etsi FR 110cv dsg,https://www.autoscout24.it/annunci/seat-leon-1-0-etsi-fr-110cv-dsg-elettrica-benzina-cat_ma64mo15869-6429bbfc-9e48-411d-865e-14302d934c1f,SEAT,Leon,1.0 etsi FR 110cv dsg,20900,30100.0,Semiautomatico,09/2022,Elettrica/Benzina,81 kW (110 CV),"Privato,IT-24035 Curno",Privato
SEAT Leon Leon 1.5 eTSI 150 CV DSG FR,https://www.autoscout24.it/annunci/seat-leon-leon-1-5-etsi-150-cv-dsg-fr-elettrica-benzina-bianco-cat_ma64mo15869-64af6074-cf78-45f9-9c42-9f5dd883ebe2,SEAT,Leon,Leon 1.5 eTSI 150 CV DSG FR,20700,32100.0,Automatico,11/2023,Elettrica/Benzina,110 kW (150 CV),Media Motors Lecco di Cucchi Andrea Pietro • IT-23847 Molteno - Lecco - LC,Rivenditore
SEAT Leon Seat Leon 1.4 TSI e-HYBRID 204 CV,https://www.autoscout24.it/annunci/seat-leon-seat-leon-1-4-tsi-e-hybrid-204-cv-elettrica-benzina-cat_ma64mo15869-d57b1243-746f-4d74-9a29-b6be92a3b87a,SEAT,Leon,Seat Leon 1.4 TSI e-HYBRID 204 CV,21000,103000.0,Automatico,05/2021,Elettrica/Benzina,81 kW (110 CV),"Privato,IT-35010 Cadoneghe",Privato
SEAT Leon 1.5 hybrid Style 116cv dsg,https://www.autoscout24.it/annunci/seat-leon-1-5-hybrid-style-116cv-dsg-elettrica-benzina-grigio-cat_ma64mo15869-c6ee725e-38d4-4730-b676-4ca74b10e466,SEAT,Leon,1.5 hybrid Style 116cv dsg,20990,22000.0,Automatico,03/2025,Elettrica/Benzina,85 kW (116 CV),Farina Motors Srl • IT-20060 Liscate - Milano,Rivenditore
SEAT Leon 1.5 etsi FR 150cv dsg,https://www.autoscout24.it/annunci/seat-leon-1-5-etsi-fr-150cv-dsg-elettrica-benzina-cat_ma64mo15869-49139825-8a3e-494b-9ae0-d8b5981855a0,SEAT,Leon,1.5 etsi FR 150cv dsg,21000,80000.0,Semiautomatico,05/2021,Elettrica/Benzina,110 kW (150 CV),"Privato,IT-20832 Desio",Privato
SEAT Leon 1.5 TSI 116 CV Style,https://www.autoscout24.it/annunci/seat-leon-1-5-tsi-116-cv-style-benzina-argento-cat_ma64mo15869-7c50ff6f-491c-4bcc-ac51-d16bad46e15b,SEAT,Leon,1.5 TSI 116 CV Style,20750,,Manuale,new,Benzina,85 kW (116 CV),Eurotarget S.p.A. - Tu al centro • IT-40066 Pieve Di Cento - Bologna - Bo,Rivenditore
SEAT Leon sportstourer 1.5 tsi style 130cv,https://www.autoscout24.it/annunci/seat-leon-sportstourer-1-5-tsi-style-130cv-benzina-nero-cat_ma64mo15869-e285e508-eab8-4a05-a7d6-efa231d7250f,SEAT,Leon,sportstourer 1.5 tsi style 130cv,20400,35949.0,Manuale,03/2024,Benzina,96 kW (131 CV),Fratelli Giacomel Spa • IT-20057 Assago - Milano - Mi,Rivenditore
SEAT Leon 2.0 tdi FR 150cv dsg,https://www.autoscout24.it/annunci/seat-leon-2-0-tdi-fr-150cv-dsg-diesel-cat_ma64mo15869-940895dc-18ec-4b23-9609-aa427fa5e936,SEAT,Leon,2.0 tdi FR 150cv dsg,21000,58000.0,Semiautomatico,08/2022,Diesel,110 kW (150 CV),"Privato,IT-95024 Acireale",Privato
SEAT Leon sportstourer 1.5 tsi style 130cv,https://www.autoscout24.it/annunci/seat-leon-sportstourer-1-5-tsi-style-130cv-benzina-nero-cat_ma64mo15869-3379e958-583d-4464-b4cf-66c6bd11da3f,SEAT,Leon,sportstourer 1.5 tsi style 130cv,20400,35949.0,Manuale,03/2024,Benzina,96 kW (131 CV),Fratelli Giacomel Spa • IT-27029 Vigevano -  Pv,Rivenditore
SEAT Leon 1.5 tgi fr 130cv dsg,https://www.autoscout24.it/annunci/seat-leon-1-5-tgi-fr-130cv-dsg-metano-bianco-cat_ma64mo15869-21d25331-3b9b-4f50-93fe-4309d33b0688,SEAT,Leon,1.5 tgi fr 130cv dsg,20900,74091.0,Automatico,05/2022,Metano,96 kW (131 CV),Fratelli Giacomel Spa • IT-20057 Assago - Milano - Mi,Rivenditore
SEAT Leon 1.5 tsi FR 150cv,https://www.autoscout24.it/annunci/seat-leon-1-5-tsi-fr-150cv-benzina-cat_ma64mo15869-5269f993-dc06-4e28-8030-794a4a8933a8,SEAT,Leon,1.5 tsi FR 150cv,20200,94500.0,Manuale,09/2021,Benzina,110 kW (150 CV),"Privato,IT-11020 Saint-Marcel",Privato
SEAT Leon 1.0 TSI Style,https://www.autoscout24.it/annunci/seat-leon-1-0-tsi-style-benzina-nero-cat_ma64mo15869-4d214e15-dee7-4362-af12-c1b5ac4f448d,SEAT,Leon,1.0 TSI Style,20900,14141.0,Manuale,03/2023,Benzina,66 kW (90 CV),Busto Motor Company Srl • IT-21057 Olgiate Olona -  Varese,Rivenditore
SEAT Leon Leon 1.5 hybrid 116 CV DSG Business,https://www.autoscout24.it/annunci/seat-leon-leon-1-5-hybrid-116-cv-dsg-business-elettrica-benzina-bianco-cat_ma64mo15869-142fb01a-0145-451c-be55-283975e79a5f,SEAT,Leon,Leon 1.5 hybrid 116 CV DSG Business,21600,10500.0,Automatico,07/2025,Elettrica/Benzina,85 kW (116 CV),Comotors Srl • IT-22100 Como,Rivenditore
SEAT Leon Sportstourer 1.5 tgi FR 130cv dsg,https://www.autoscout24.it/annunci/seat-leon-sportstourer-1-5-tgi-fr-130cv-dsg-metano-cat_ma64mo15869-bfa7ad1f-8bc6-48a5-b237-0adfa31f6f01,SEAT,Leon,Sportstourer 1.5 tgi FR 130cv dsg,21000,26000.0,Semiautomatico,12/2022,Metano,96 kW (131 CV),"Privato,IT-10121 Torino",Privato
SEAT Leon Leon IV 2020 1.5 tgi FR 130cv dsg,https://www.autoscout24.it/annunci/seat-leon-leon-iv-2020-1-5-tgi-fr-130cv-dsg-metano-grigio-cat_ma64mo15869-5f8c2780-76e3-4d1d-86ee-3fbf9f280d6a,SEAT,Leon,Leon IV 2020 1.5 tgi FR 130cv dsg,21500,47000.0,Automatico,10/2022,Metano,96 kW (131 CV),"Privato,IT-20125 Milano",Privato
SEAT Leon 2.0 TDI 150 CV DSG Style,https://www.autoscout24.it/annunci/seat-leon-2-0-tdi-150-cv-dsg-style-diesel-nero-cat_ma64mo15869-a313fa15-1d9b-4170-97da-37a3a6546d8f,SEAT,Leon,2.0 TDI 150 CV DSG Style,21900,20000.0,Automatico,04/2025,Diesel,110 kW (150 CV),Auto 3.0 srl • IT-44122 Ferrara - FE,Rivenditore
SEAT Leon 2.0 tdi FR 150cv dsg,https://www.autoscout24.it/annunci/seat-leon-2-0-tdi-fr-150cv-dsg-diesel-rosso-cat_ma64mo15869-da843abf-0873-46c0-93f9-7cb48ce2fb1a,SEAT,Leon,2.0 tdi FR 150cv dsg,22000,47000.0,Semiautomatico,02/2021,Diesel,110 kW (150 CV),"Privato,IT-00132 Roma",Privato
SEAT Leon 1.5 tsi fr 116cv,https://www.autoscout24.it/annunci/seat-leon-1-5-tsi-fr-116cv-benzina-nero-cat_ma64mo15869-0cc0cc11-3bf5-484d-8aad-046383fe76d8,SEAT,Leon,1.5 tsi fr 116cv,21900,19956.0,Manuale,04/2025,Benzina,85 kW (116 CV),Fratelli Giacomel Spa • IT-27029 Vigevano -  Pv,Rivenditore
SEAT Leon Seat Leon 1.4 TSI e-HYBRID 204 CV,https://www.autoscout24.it/annunci/seat-leon-seat-leon-1-4-tsi-e-hybrid-204-cv-elettrica-benzina-cat_ma64mo15869-d57b1243-746f-4d74-9a29-b6be92a3b87a,SEAT,Leon,Seat Leon 1.4 TSI e-HYBRID 204 CV,21000,103000.0,Automatico,05/2021,Elettrica/Benzina,81 kW (110 CV),"Privato,IT-35010 Cadoneghe",Privato
SEAT Leon 1.5 TSI 150CV Style,https://www.autoscout24.it/annunci/seat-leon-1-5-tsi-150cv-style-benzina-argento-cat_ma64mo15869-baa33e1d-86e6-42a8-88b6-1786f17cead3,SEAT,Leon,1.5 TSI 150CV Style,21870,,Manuale,new,Benzina,110 kW (150 CV),Eurotarget S.p.A. - Tu al centro • IT-40066 Pieve Di Cento - Bologna - Bo,Rivenditore
SEAT Leon 2.0 tdi FR 150cv dsg,https://www.autoscout24.it/annunci/seat-leon-2-0-tdi-fr-150cv-dsg-diesel-cat_ma64mo15869-940895dc-18ec-4b23-9609-aa427fa5e936,SEAT,Leon,2.0 tdi FR 150cv dsg,21000,58000.0,Semiautomatico,08/2022,Diesel,110 kW (150 CV),"Privato,IT-95024 Acireale",Privato
SEAT Leon 1.5 hybrid 116 CV DSG Business,https://www.autoscout24.it/annunci/seat-leon-1-5-hybrid-116-cv-dsg-business-elettrica-benzina-nero-cat_ma64mo15869-4613bc6b-805e-4e95-a280-3e6250daa372,SEAT,Leon,1.5 hybrid 116 CV DSG Business,21900,9500.0,Automatico,06/2025,Elettrica/Benzina,85 kW (116 CV),Grand Prix Group • IT-40055 Villanova - Bo,Rivenditore
SEAT Leon 2.0 tdi FR 150cv dsg,https://www.autoscout24.it/annunci/seat-leon-2-0-tdi-fr-150cv-dsg-diesel-bianco-cat_ma64mo15869-f5e20fbd-a871-4b20-ab37-df0f165c82b5,SEAT,Leon,2.0 tdi FR 150cv dsg,21500,55400.0,Automatico,07/2021,Diesel,110 kW (150 CV),"Privato,IT-10098 Rivoli",Privato
SEAT Leon 1.5 tgi FR 130cv dsg,https://www.autoscout24.it/annunci/seat-leon-1-5-tgi-fr-130cv-dsg-metano-cat_ma64mo15869-4655ed21-4594-489b-aeee-1c530509a51a,SEAT,Leon,1.5 tgi FR 130cv dsg,21900,96000.0,Semiautomatico,12/2022,Metano,96 kW (131 CV),"Privato,IT-45032 bergantino",Privato
SEAT Leon 1.5 etsi FR 150cv dsg,https://www.autoscout24.it/annunci/seat-leon-1-5-etsi-fr-150cv-dsg-elettrica-benzina-cat_ma64mo15869-49139825-8a3e-494b-9ae0-d8b5981855a0,SEAT,Leon,1.5 etsi FR 150cv dsg,21000,80000.0,Semiautomatico,05/2021,Elettrica/Benzina,110 kW (150 CV),"Privato,IT-20832 Desio",Privato
SEAT Leon sportstourer 2.0 tdi fr 150cv dsg,https://www.autoscout24.it/annunci/seat-leon-sportstourer-2-0-tdi-fr-150cv-dsg-diesel-nero-cat_ma64mo15869-4bf92157-dfa3-4163-8928-189148a8b676,SEAT,Leon,sportstourer 2.0 tdi fr 150cv dsg,21500,62702.0,Automatico,12/2021,Diesel,110 kW (150 CV),Auto Brenner Spa • IT-39100 Bolzano - Bz,Rivenditore
SEAT Leon 1.5 etsi 150cv fr dsg,https://www.autoscout24.it/annunci/seat-leon-1-5-etsi-150cv-fr-dsg-elettrica-benzina-cat_ma64mo15869-bee09849-7ca6-4dc5-a8c9-db491b360106,SEAT,Leon,1.5 etsi 150cv fr dsg,21500,61557.0,Automatico,09/2023,Elettrica/Benzina,110 kW (150 CV),Centro Usato di Viesto by Rent Service • IT-10148 Torino - TO,Rivenditore
SEAT Leon 1.5 ETSI 110 KW FR DSG 5 PORTE BERLINA,https://www.autoscout24.it/annunci/seat-leon-1-5-etsi-110-kw-fr-dsg-5-porte-berlina-elettrica-benzina-cat_ma64mo15869-6ef7c197-5931-4203-812c-37e58bee046a,SEAT,Leon,1.5 ETSI 110 KW FR DSG 5 PORTE BERLINA,21400,56286.0,Automatico,06/2023,Elettrica/Benzina,110 kW (150 CV),Ariel Car Bologna • IT-40010 Bentivoglio - Bologna,Rivenditore
SEAT Leon Sportstourer 1.5 TSI 116 CV Style,https://www.autoscout24.it/annunci/seat-leon-sportstourer-1-5-tsi-116-cv-style-benzina-argento-cat_ma64mo15869-49a607dc-d6f1-4abc-bfb3-f4d5bd7c0c88,SEAT,Leon,Sportstourer 1.5 TSI 116 CV Style,21640,,Manuale,new,Benzina,85 kW (116 CV),Eurotarget S.p.A. - Tu al centro • IT-40066 Pieve Di Cento - Bologna - Bo,Rivenditore
SEAT Leon 1.5 tsi fr 116cv,https://www.autoscout24.it/annunci/seat-leon-1-5-tsi-fr-116cv-benzina-nero-cat_ma64mo15869-f5a4118d-4bdb-4620-a641-55a45c7f7813,SEAT,Leon,1.5 tsi fr 116cv,21900,19956.0,Manuale,04/2025,Benzina,85 kW (116 CV),Fratelli Giacomel Spa • IT-20057 Assago - Milano - Mi,Rivenditore
SEAT Leon Sportstourer 2.0 tdi Business 4drive 150cv dsg,https://www.autoscout24.it/annunci/seat-leon-sportstourer-2-0-tdi-business-4drive-150cv-dsg-diesel-cat_ma64mo15869-cc16386c-45a7-48c0-95d8-bf256501d10b,SEAT,Leon,Sportstourer 2.0 tdi Business 4drive 150cv dsg,22500,25000.0,Semiautomatico,11/2023,Diesel,110 kW (150 CV),"Privato,IT-32100 Belluno",Privato
SEAT Leon 2.0 tdi FR 150cv dsg,https://www.autoscout24.it/annunci/seat-leon-2-0-tdi-fr-150cv-dsg-diesel-rosso-cat_ma64mo15869-da843abf-0873-46c0-93f9-7cb48ce2fb1a,SEAT,Leon,2.0 tdi FR 150cv dsg,22000,47000.0,Semiautomatico,02/2021,Diesel,110 kW (150 CV),"Privato,IT-00132 Roma",Privato
SEAT Leon Leon IV 2020 1.5 etsi FR 150cv dsg,https://www.autoscout24.it/annunci/seat-leon-leon-iv-2020-1-5-etsi-fr-150cv-dsg-elettrica-benzina-rosso-cat_ma64mo15869-c58b4f88-8b94-4b9e-8036-915014fa461e,SEAT,Leon,Leon IV 2020 1.5 etsi FR 150cv dsg,22400,42700.0,Semiautomatico,08/2023,Elettrica/Benzina,110 kW (150 CV),Cammi E Beretta srl • IT-29019 San Giorgio Piacentino - PC,Rivenditore
SEAT Leon 2.0 TDI 150 CV DSG Business,https://www.autoscout24.it/annunci/seat-leon-2-0-tdi-150-cv-dsg-business-diesel-nero-cat_ma64mo15869-f2889138-d167-46e2-a074-321dffa46648,SEAT,Leon,2.0 TDI 150 CV DSG Business,22900,9500.0,Semiautomatico,06/2025,Diesel,110 kW (150 CV),Grand Prix Group • IT-40055 Villanova - Bo,Rivenditore
SEAT Leon Sportstourer 1.5 TSI 150 CV Style,https://www.autoscout24.it/annunci/seat-leon-sportstourer-1-5-tsi-150-cv-style-benzina-argento-cat_ma64mo15869-81fc7249-7d7b-4d85-9f00-2999017bffb7,SEAT,Leon,Sportstourer 1.5 TSI 150 CV Style,22760,,Manuale,new,Benzina,110 kW (150 CV),Eurotarget S.p.A. - Tu al centro • IT-40066 Pieve Di Cento - Bologna - Bo,Rivenditore
SEAT Leon 1.5 TSI 150 CV FR,https://www.autoscout24.it/annunci/seat-leon-1-5-tsi-150-cv-fr-benzina-grigio-cat_ma64mo15869-6dffde2e-7b57-45c6-a39e-5e4913f5ccce,SEAT,Leon,1.5 TSI 150 CV FR,22500,36000.0,Manuale,07/2023,Benzina,110 kW (150 CV),Sciotto Automobili • IT-98042 Pace del Mela - Messina - Me,Rivenditore
SEAT Leon 1.5 etsi FR 150cv dsg PREZZO REALE,https://www.autoscout24.it/annunci/seat-leon-1-5-etsi-fr-150cv-dsg-prezzo-reale-elettrica-benzina-bianco-cat_ma64mo15869-c9fb275a-c611-454c-a456-96815784221f,SEAT,Leon,1.5 etsi FR 150cv dsg PREZZO REALE,22590,50897.0,Automatico,08/2023,Elettrica/Benzina,110 kW (150 CV),Alca Motors Srl • IT-45100 Rovigo - RO,Rivenditore
SEAT Leon 1.0 eTSI 110 CV DSG FR,https://www.autoscout24.it/annunci/seat-leon-1-0-etsi-110-cv-dsg-fr-elettrica-benzina-nero-cat_ma64mo15869-e8006acb-58c5-4c0f-9a34-c4d8bf737581,SEAT,Leon,1.0 eTSI 110 CV DSG FR,22900,15.0,Semiautomatico,03/2024,Elettrica/Benzina,81 kW (110 CV),G.Del Priore Srl • IT-84131 Salerno - Sa,Rivenditore
SEAT Leon 1.5 TSI 116 CV Business,https://www.autoscout24.it/annunci/seat-leon-1-5-tsi-116-cv-business-benzina-argento-cat_ma64mo15869-803859a8-ac07-4dc3-9012-baa9990219af,SEAT,Leon,1.5 TSI 116 CV Business,22440,,Manuale,new,Benzina,85 kW (116 CV),Eurotarget S.p.A. - Tu al centro • IT-40066 Pieve Di Cento - Bologna - Bo,Rivenditore
SEAT Leon 1.5 tsi FR 130cv,https://www.autoscout24.it/annunci/seat-leon-1-5-tsi-fr-130cv-benzina-bianco-cat_ma64mo15869-069ceee7-55ec-46ab-9fe5-1def014c37de,SEAT,Leon,1.5 tsi FR 130cv,23500,27770.0,Manuale,08/2022,Benzina,96 kW (131 CV),Automarket • IT-39030 Perca - Percha - Bolzano - Bz,Rivenditore
SEAT Leon 2.0 tdi FR 150cv DSG Aziendale Iva Esposta,https://www.autoscout24.it/annunci/seat-leon-2-0-tdi-fr-150cv-dsg-aziendale-iva-esposta-diesel-grigio-cat_ma64mo15869-2f9defd0-7a94-48ad-a7f8-e716b1fef555,SEAT,Leon,2.0 tdi FR 150cv DSG Aziendale Iva Esposta,23900,34600.0,Automatico,04/2024,Diesel,110 kW (150 CV),Concorde Campi • IT-16152 Genova - Ge,Rivenditore
SEAT Leon 1.5 eTSI ACT FR 150 CV DSG MHEV,https://www.autoscout24.it/annunci/seat-leon-1-5-etsi-act-fr-150-cv-dsg-mhev-elettrica-benzina-grigio-cat_ma64mo15869-005db892-9074-46e4-afaf-26d83a013774,SEAT,Leon,1.5 eTSI ACT FR 150 CV DSG MHEV,23799,33568.0,Automatico,12/2021,Elettrica/Benzina,110 kW (150 CV),Autohero Italia srl • IT-00169 Roma,Rivenditore
SEAT Leon 1.5 etsi FR 150cv dsg,https://www.autoscout24.it/annunci/seat-leon-1-5-etsi-fr-150cv-dsg-elettrica-benzina-cat_ma64mo15869-f232abf0-5ef7-4d25-bc67-38513287851d,SEAT,Leon,1.5 etsi FR 150cv dsg,23500,47150.0,Automatico,09/2023,Elettrica/Benzina,110 kW (150 CV),Lombarda Motori Spa • IT-20900 Monza - Mb,Rivenditore
SEAT Leon Leon IV 2020 2.0 tdi FR 150cv dsg,https://www.autoscout24.it/annunci/seat-leon-leon-iv-2020-2-0-tdi-fr-150cv-dsg-diesel-grigio-cat_ma64mo15869-e600e44c-fd1a-46b5-a97f-3fb8c14399d1,SEAT,Leon,Leon IV 2020 2.0 tdi FR 150cv dsg,23500,42500.0,Semiautomatico,06/2023,Diesel,110 kW (150 CV),"Privato,IT-50012 Bagno a Ripoli",Privato
SEAT Leon 2.0 TDI Style,https://www.autoscout24.it/annunci/seat-leon-2-0-tdi-style-diesel-argento-cat_ma64mo15869-66e7b59d-6db7-43bc-997f-dd516b52f5cd,SEAT,Leon,2.0 TDI Style,23230,,Manuale,new,Diesel,85 kW (116 CV),Eurotarget S.p.A. - Tu al centro • IT-40066 Pieve Di Cento - Bologna - Bo,Rivenditore
SEAT Leon 1.5 etsi FR 150cv dsg,https://www.autoscout24.it/annunci/seat-leon-1-5-etsi-fr-150cv-dsg-elettrica-benzina-bianco-cat_ma64mo15869-46c9f197-46fc-4047-8c7f-3bc086328799,SEAT,Leon,1.5 etsi FR 150cv dsg,23300,50891.0,Automatico,08/2023,Elettrica/Benzina,110 kW (150 CV),Luigi Ronconi & Figli Srl • IT-45100 Rovigo - Ro,Rivenditore
SEAT Leon ST 2.0 TDI STYLE DSG,https://www.autoscout24.it/annunci/seat-leon-st-2-0-tdi-style-dsg-diesel-grigio-cat_ma64mo15869-ba143ab1-3bb9-4d7b-8140-1283bd0ac32e,SEAT,Leon,ST 2.0 TDI STYLE DSG,23500,43128.0,Automatico,01/2024,Diesel,110 kW (150 CV),Automarket • IT-39030 Perca - Percha - Bolzano - Bz,Rivenditore
SEAT Leon 1.5 TSI 150CV Business,https://www.autoscout24.it/annunci/seat-leon-1-5-tsi-150cv-business-benzina-argento-cat_ma64mo15869-a87a0f0a-cbdb-45f8-b375-6e4981f0281a,SEAT,Leon,1.5 TSI 150CV Business,23560,,Manuale,new,Benzina,110 kW (150 CV),Eurotarget S.p.A. - Tu al centro • IT-40066 Pieve Di Cento - Bologna - Bo,Rivenditore
SEAT Leon 2.0 TDI FR,https://www.autoscout24.it/annunci/seat-leon-2-0-tdi-fr-diesel-bianco-cat_ma64mo15869-992ea0d5-075b-49e1-8148-80ef8a56ea69,SEAT,Leon,2.0 TDI FR,23900,12680.0,Manuale,12/2023,Diesel,85 kW (116 CV),Comer Sud Spa • IT-95045 Misterbianco  - Catania - Ct,Rivenditore
SEAT Leon 1.5 TSI 116 CV FR,https://www.autoscout24.it/annunci/seat-leon-1-5-tsi-116-cv-fr-benzina-argento-cat_ma64mo15869-f897d463-f068-4f8d-876f-03e278d13f9e,SEAT,Leon,1.5 TSI 116 CV FR,23160,,Manuale,new,Benzina,85 kW (116 CV),Eurotarget S.p.A. - Tu al centro • IT-40066 Pieve Di Cento - Bologna - Bo,Rivenditore
SEAT Leon Sportstourer 1.5 TSI 116 CV Business,https://www.autoscout24.it/annunci/seat-leon-sportstourer-1-5-tsi-116-cv-business-benzina-argento-cat_ma64mo15869-b03d5c38-622d-400b-bd17-d16e22979703,SEAT,Leon,Sportstourer 1.5 TSI 116 CV Business,23560,,Manuale,new,Benzina,85 kW (116 CV),Eurotarget S.p.A. - Tu al centro • IT-40066 Pieve Di Cento - Bologna - Bo,Rivenditore
SEAT Leon 2.0 TDI 110KW BUSINESS DSG,https://www.autoscout24.it/annunci/seat-leon-2-0-tdi-110kw-business-dsg-diesel-nero-cat_ma64mo15869-ff0a2822-ae26-4453-86d9-a3a8c462aacf,SEAT,Leon,2.0 TDI 110KW BUSINESS DSG,24900,15.0,Automatico,05/2026,Diesel,110 kW (150 CV),Piemme Auto di Mechetti Srl • IT-50053 Empoli - Firenze,Rivenditore
SEAT Leon Leon ST 2.0 tsi Cupra 4drive 300cv dsg 7m,https://www.autoscout24.it/annunci/seat-leon-leon-st-2-0-tsi-cupra-4drive-300cv-dsg-7m-benzina-grigio-cat_ma64mo15869-7aea9c33-14ec-49f7-b51c-2a04fa02ea5c,SEAT,Leon,Leon ST 2.0 tsi Cupra 4drive 300cv dsg 7m,24500,75000.0,Semiautomatico,10/2021,Benzina,221 kW (300 CV),"Privato,IT-02100 Rieti",Privato
SEAT Leon Sportstourer 2.0 TDI FR 116 CV,https://www.autoscout24.it/annunci/seat-leon-sportstourer-2-0-tdi-fr-116-cv-diesel-grigio-cat_ma64mo15869-cf6ffea9-c557-4493-b82d-8cc9e5dcfbe3,SEAT,Leon,Sportstourer 2.0 TDI FR 116 CV,24900,11335.0,Manuale,07/2025,Diesel,85 kW (116 CV),Eurocar Italia Srl Centro Usato Brescia • IT-25135 Brescia - BS,Rivenditore
SEAT Leon Leon IV 2020 1.5 tgi 130cv dsg,https://www.autoscout24.it/annunci/seat-leon-leon-iv-2020-1-5-tgi-130cv-dsg-metano-nero-cat_ma64mo15869-0844778c-32cb-4c0f-8b69-64e10da7d99f,SEAT,Leon,Leon IV 2020 1.5 tgi 130cv dsg,24500,56000.0,Automatico,09/2022,Metano,96 kW (131 CV),"Privato,IT-35010 Vigonza",Privato
SEAT Leon 1.5 TSI 150 CV FR,https://www.autoscout24.it/annunci/seat-leon-1-5-tsi-150-cv-fr-benzina-argento-cat_ma64mo15869-5ab6481f-b31e-401f-bbe4-ba611e226446,SEAT,Leon,1.5 TSI 150 CV FR,24270,,Manuale,new,Benzina,110 kW (150 CV),Eurotarget S.p.A. - Tu al centro • IT-40066 Pieve Di Cento - Bologna - Bo,Rivenditore
SEAT Leon Sportstourer 2.0 TDI Style,https://www.autoscout24.it/annunci/seat-leon-sportstourer-2-0-tdi-style-diesel-argento-cat_ma64mo15869-18576482-deca-4b93-bf36-3f1f2762fd4f,SEAT,Leon,Sportstourer 2.0 TDI Style,24120,,Manuale,new,Diesel,85 kW (116 CV),Eurotarget S.p.A. - Tu al centro • IT-40066 Pieve Di Cento - Bologna - Bo,Rivenditore
SEAT Leon 1.5 hybrid Business 116cv dsg,https://www.autoscout24.it/annunci/seat-leon-1-5-hybrid-business-116cv-dsg-elettrica-benzina-nero-cat_ma64mo15869-35afb642-0c1c-4e2b-80a0-6ffcf7b966c4,SEAT,Leon,1.5 hybrid Business 116cv dsg,24900,80.0,Automatico,06/2026,Elettrica/Benzina,85 kW (116 CV),Belforte90 - Wendecar Spa • IT-21100 Varese - Va,Rivenditore
SEAT Leon 2.0 tdi FR 150cv dsg,https://www.autoscout24.it/annunci/seat-leon-2-0-tdi-fr-150cv-dsg-diesel-nero-cat_ma64mo15869-4c9bb220-b3f2-4592-8001-df53f6e89cc3,SEAT,Leon,2.0 tdi FR 150cv dsg,24400,59233.0,Automatico,04/2024,Diesel,110 kW (150 CV),Peressini Srl • IT-33080 Fiume Veneto - Pn,Rivenditore
SEAT Leon Leon IV 2020 1.5 hybrid Business 116cv dsg,https://www.autoscout24.it/annunci/seat-leon-leon-iv-2020-1-5-hybrid-business-116cv-dsg-elettrica-benzina-cat_ma64mo15869-e915f16a-c01d-486a-b40f-1c60b5b555e7,SEAT,Leon,Leon IV 2020 1.5 hybrid Business 116cv dsg,25000,1600.0,Semiautomatico,03/2026,Elettrica/Benzina,85 kW (116 CV),"Privato,IT-20057 Assago",Privato
SEAT Leon SEAT LEON 1.5 tsi FR 116cv NAVI/XENON/LUCI INTERNE,https://www.autoscout24.it/annunci/seat-leon-seat-leon-1-5-tsi-fr-116cv-navi-xenon-luci-interne-benzina-grigio-cat_ma64mo15869-4cb9ee94-9a62-4620-bcc2-23c5c7c76397,SEAT,Leon,SEAT LEON 1.5 tsi FR 116cv NAVI/XENON/LUCI INTERNE,24900,18000.0,Manuale,01/2025,Benzina,85 kW (116 CV),6 Rs srl • IT-10092 Beinasco - Torino,Rivenditore
SEAT Leon Sportstourer 1.5 TSI 116 CV FR,https://www.autoscout24.it/annunci/seat-leon-sportstourer-1-5-tsi-116-cv-fr-benzina-argento-cat_ma64mo15869-9f039717-e071-403a-b022-b5eedf952533,SEAT,Leon,Sportstourer 1.5 TSI 116 CV FR,24090,,Manuale,new,Benzina,85 kW (116 CV),Eurotarget S.p.A. - Tu al centro • IT-40066 Pieve Di Cento - Bologna - Bo,Rivenditore
SEAT Leon 2.0 TDI Business,https://www.autoscout24.it/annunci/seat-leon-2-0-tdi-business-diesel-argento-cat_ma64mo15869-23fda67b-bc8c-4bee-ba49-baa8a657bd79,SEAT,Leon,2.0 TDI Business,24920,,Manuale,new,Diesel,85 kW (116 CV),Eurotarget S.p.A. - Tu al centro • IT-40066 Pieve Di Cento - Bologna - Bo,Rivenditore
SEAT Leon 1.5 tsi fr 116cv,https://www.autoscout24.it/annunci/seat-leon-1-5-tsi-fr-116cv-benzina-grigio-cat_ma64mo15869-a2cdc83c-0f79-448f-8c59-1bc70ae8b4cc,SEAT,Leon,1.5 tsi fr 116cv,24400,4500.0,Manuale,06/2025,Benzina,85 kW (116 CV),Gruppo Iperauto Spa • IT-27051 Cava Manara - Pavia -PV,Rivenditore
SEAT Leon Sportstourer 1.5 TSI 150 CV Business,https://www.autoscout24.it/annunci/seat-leon-sportstourer-1-5-tsi-150-cv-business-benzina-argento-cat_ma64mo15869-b3c6a73a-853e-4019-afb8-a0575bad811f,SEAT,Leon,Sportstourer 1.5 TSI 150 CV Business,24680,,Manuale,new,Benzina,110 kW (150 CV),Eurotarget S.p.A. - Tu al centro • IT-40066 Pieve Di Cento - Bologna - Bo,Rivenditore
SEAT Leon 1.5 hybrid Style 116cv dsg,https://www.autoscout24.it/annunci/seat-leon-1-5-hybrid-style-116cv-dsg-elettrica-benzina-cat_ma64mo15869-cee0f7e4-f744-47b6-8c8e-ec4d93fc3094,SEAT,Leon,1.5 hybrid Style 116cv dsg,25500,1.0,Automatico,03/2026,Elettrica/Benzina,85 kW (116 CV),Lombarda Motori Spa • IT-20900 Monza - Mb,Rivenditore
SEAT Leon Leon IV 2020 1.5 hybrid Business 116cv dsg,https://www.autoscout24.it/annunci/seat-leon-leon-iv-2020-1-5-hybrid-business-116cv-dsg-elettrica-benzina-cat_ma64mo15869-e915f16a-c01d-486a-b40f-1c60b5b555e7,SEAT,Leon,Leon IV 2020 1.5 hybrid Business 116cv dsg,25000,1600.0,Semiautomatico,03/2026,Elettrica/Benzina,85 kW (116 CV),"Privato,IT-20057 Assago",Privato
SEAT Leon 1.0 etsi Business 110cv dsg,https://www.autoscout24.it/annunci/seat-leon-1-0-etsi-business-110cv-dsg-elettrica-benzina-grigio-cat_ma64mo15869-70fe6412-8df1-467d-b2e3-2688c39fefdc,SEAT,Leon,1.0 etsi Business 110cv dsg,25500,5.0,Automatico,02/2025,Elettrica/Benzina,81 kW (110 CV),Secondlife di Pasquarelli Auto • IT-66020 San Giovanni Teatino - Chieti - Ch,Rivenditore
SEAT Leon 2.0 TDI FR,https://www.autoscout24.it/annunci/seat-leon-2-0-tdi-fr-diesel-argento-cat_ma64mo15869-0559d253-26ea-4adf-a6d7-1395ad6ce612,SEAT,Leon,2.0 TDI FR,25620,,Manuale,new,Diesel,85 kW (116 CV),Eurotarget S.p.A. - Tu al centro • IT-40066 Pieve Di Cento - Bologna - Bo,Rivenditore
SEAT Leon 1.5 hybrid Style 116cv dsg,https://www.autoscout24.it/annunci/seat-leon-1-5-hybrid-style-116cv-dsg-elettrica-benzina-cat_ma64mo15869-bc3b7dc7-9061-45bf-ab32-f2ceae406f04,SEAT,Leon,1.5 hybrid Style 116cv dsg,25500,1.0,Automatico,03/2026,Elettrica/Benzina,85 kW (116 CV),Lombarda Motori spa • IT-20151 Milano - MI,Rivenditore
SEAT Leon 1.0 etsi Business 110cv dsg,https://www.autoscout24.it/annunci/seat-leon-1-0-etsi-business-110cv-dsg-elettrica-benzina-grigio-cat_ma64mo15869-619a0fa2-1b21-45cd-9259-aff25aedfb50,SEAT,Leon,1.0 etsi Business 110cv dsg,25500,5.0,Automatico,02/2025,Elettrica/Benzina,81 kW (110 CV),Secondlife di  Pasquarelli Auto Spa • IT-00158 Roma - RM,Rivenditore
SEAT Leon Sportstourer 2.0 TDI Business,https://www.autoscout24.it/annunci/seat-leon-sportstourer-2-0-tdi-business-diesel-grigio-cat_ma64mo15869-9e44a12d-d55c-4a5a-9d66-04ce8f355684,SEAT,Leon,Sportstourer 2.0 TDI Business,25500,100.0,Automatico,11/2024,Diesel,110 kW (150 CV),Comer Sud Spa • IT-95045 Misterbianco  - Catania - Ct,Rivenditore
SEAT Leon Sportstourer 1.5 TSI 150 CV FR,https://www.autoscout24.it/annunci/seat-leon-sportstourer-1-5-tsi-150-cv-fr-benzina-argento-cat_ma64mo15869-aa135075-93e7-4ab0-895a-c6ed32385579,SEAT,Leon,Sportstourer 1.5 TSI 150 CV FR,25200,,Manuale,new,Benzina,110 kW (150 CV),Eurotarget S.p.A. - Tu al centro • IT-40066 Pieve Di Cento - Bologna - Bo,Rivenditore
SEAT Leon 2.0 tdi fr 150cv dsg,https://www.autoscout24.it/annunci/seat-leon-2-0-tdi-fr-150cv-dsg-diesel-rosso-cat_ma64mo15869-0ad52d55-fd90-4948-8196-882107e65277,SEAT,Leon,2.0 tdi fr 150cv dsg,25900,12283.0,Automatico,12/2025,Diesel,110 kW (150 CV),Autovega Srl • IT-36100 Vicenza - Vi,Rivenditore
SEAT Leon Leon IV 2020 2.0 tdi Style 150cv dsg,https://www.autoscout24.it/annunci/seat-leon-leon-iv-2020-2-0-tdi-style-150cv-dsg-diesel-grigio-cat_ma64mo15869-d076e35a-12b6-4a6f-bb9b-38cf6a9956ed,SEAT,Leon,Leon IV 2020 2.0 tdi Style 150cv dsg,25500,29000.0,Semiautomatico,07/2021,Diesel,110 kW (150 CV),Lagani Car Center Srl • IT-88831 Corazzo Scandale - Crotone - Kr,Rivenditore
SEAT Leon 1.5 TSI 110KW FR,https://www.autoscout24.it/annunci/seat-leon-1-5-tsi-110kw-fr-benzina-verde-cat_ma64mo15869-d9f7c989-0b1f-4319-9103-ef87737ebdd3,SEAT,Leon,1.5 TSI 110KW FR,26600,10.0,Manuale,05/2026,Benzina,110 kW (150 CV),Comotors Srl • IT-22100 Como,Rivenditore
SEAT Leon 1.5 Hybrid FR,https://www.autoscout24.it/annunci/seat-leon-1-5-hybrid-fr-elettrica-benzina-bianco-cat_ma64mo15869-8ae15ffa-b092-4e3a-8be8-db20acdefd0c,SEAT,Leon,1.5 Hybrid FR,26900,5900.0,Automatico,05/2026,Elettrica/Benzina,85 kW (116 CV),Lineablù Srl • IT-48124 Fornace Zarattini - Ravenna - Ra,Rivenditore
SEAT Leon Leon IV 2020 2.0 tdi FR 150cv dsg,https://www.autoscout24.it/annunci/seat-leon-leon-iv-2020-2-0-tdi-fr-150cv-dsg-diesel-bianco-cat_ma64mo15869-c975a959-f8e1-4af0-bbdd-479769efebfe,SEAT,Leon,Leon IV 2020 2.0 tdi FR 150cv dsg,26490,22178.0,Automatico,10/2025,Diesel,110 kW (150 CV),Autoucci Autocentro Pomezia Srl • IT-00071 Pomezia - Roma - RM,Rivenditore
SEAT Leon 2.0 TDI 150 CV DSG Style,https://www.autoscout24.it/annunci/seat-leon-2-0-tdi-150-cv-dsg-style-diesel-argento-cat_ma64mo15869-81af2435-b437-4bc8-9992-24fadf3830c4,SEAT,Leon,2.0 TDI 150 CV DSG Style,26140,,Automatico,new,Diesel,110 kW (150 CV),Eurotarget S.p.A. - Tu al centro • IT-40066 Pieve Di Cento - Bologna - Bo,Rivenditore
SEAT Leon 1.5 hybrid FR 116cv dsg,https://www.autoscout24.it/annunci/seat-leon-1-5-hybrid-fr-116cv-dsg-elettrica-benzina-grigio-cat_ma64mo15869-8ab9f907-13ed-4b54-a2db-409a87e2cecf,SEAT,Leon,1.5 hybrid FR 116cv dsg,26990,11.0,Semiautomatico,03/2026,Elettrica/Benzina,85 kW (116 CV),Cataldo Auto srl • IT-45030 Santa Maria Maddalena - Ro,Rivenditore
SEAT Leon 2.0 TDI 85KW STYLE,https://www.autoscout24.it/annunci/seat-leon-2-0-tdi-85kw-style-diesel-cat_ma64mo15869-899b5c48-a8ff-4489-bd63-ae09df3708a5,SEAT,Leon,2.0 TDI 85KW STYLE,26500,10.0,Manuale,06/2026,Diesel,85 kW (116 CV),Auto R Srl • IT-85050 Potenza - Pz,Rivenditore
SEAT Leon 2.0 tdi fr 150cv dsg,https://www.autoscout24.it/annunci/seat-leon-2-0-tdi-fr-150cv-dsg-diesel-bianco-cat_ma64mo15869-bc0124e3-3cc3-4a0e-804c-2ba9a2e528b6,SEAT,Leon,2.0 tdi fr 150cv dsg,26900,7445.0,Automatico,01/2026,Diesel,110 kW (150 CV),Fratelli Giacomel Spa • IT-20057 Assago - Milano - Mi,Rivenditore
SEAT Leon Sportstourer 2.0 TDI Business,https://www.autoscout24.it/annunci/seat-leon-sportstourer-2-0-tdi-business-diesel-argento-cat_ma64mo15869-7bfb2345-6e0c-43b7-8890-b08737ad65b4,SEAT,Leon,Sportstourer 2.0 TDI Business,26040,,Manuale,new,Diesel,85 kW (116 CV),Eurotarget S.p.A. - Tu al centro • IT-40066 Pieve Di Cento - Bologna - Bo,Rivenditore
SEAT Leon 2.0 TDI 85KW STYLE,https://www.autoscout24.it/annunci/seat-leon-2-0-tdi-85kw-style-diesel-bianco-cat_ma64mo15869-ffb27bb8-b084-472d-8677-2381c8130122,SEAT,Leon,2.0 TDI 85KW STYLE,27000,10.0,Manuale,04/2026,Diesel,85 kW (116 CV),Auto R Srl • IT-85050 Potenza - Pz,Rivenditore
SEAT Leon 2.0 tdi business 116cv,https://www.autoscout24.it/annunci/seat-leon-2-0-tdi-business-116cv-diesel-cat_ma64mo15869-9e0eb7d4-4cde-4575-8b92-669b21f167ae,SEAT,Leon,2.0 tdi business 116cv,26800,3500.0,Manuale,12/2025,Diesel,85 kW (116 CV),Eurocar Italia – Outletcars.it • IT-50019 Sesto Fiorentino - Firenze - FI,Rivenditore
SEAT Leon Sportstourer 2.0 TDI FR,https://www.autoscout24.it/annunci/seat-leon-sportstourer-2-0-tdi-fr-diesel-argento-cat_ma64mo15869-8222b4b4-9f8f-4c3f-944c-6e23ea0cd460,SEAT,Leon,Sportstourer 2.0 TDI FR,26540,,Manuale,new,Diesel,85 kW (116 CV),Eurotarget S.p.A. - Tu al centro • IT-40066 Pieve Di Cento - Bologna - Bo,Rivenditore
SEAT Leon 1.5 Hybrid 110KW FR DSG,https://www.autoscout24.it/annunci/seat-leon-1-5-hybrid-110kw-fr-dsg-elettrica-benzina-cat_ma64mo15869-083fdbd2-e3bb-4e0f-a808-0d34304c81b2,SEAT,Leon,1.5 Hybrid 110KW FR DSG,26900,15.0,Automatico,06/2025,Elettrica/Benzina,85 kW (116 CV),G.Del Priore Srl • IT-84131 Salerno - Sa,Rivenditore
SEAT Leon 1.5 tsi fr 116cv,https://www.autoscout24.it/annunci/seat-leon-1-5-tsi-fr-116cv-benzina-blu-azzurro-cat_ma64mo15869-a403e4a7-427f-47fe-b299-d6b509c046ea,SEAT,Leon,1.5 tsi fr 116cv,26900,1.0,Manuale,06/2025,Benzina,85 kW (116 CV),Scarabel Spa • IT-35129 Padova - Pd,Rivenditore
SEAT Leon Leon 2.0 tdi FR 116cv,https://www.autoscout24.it/annunci/seat-leon-leon-2-0-tdi-fr-116cv-diesel-cat_ma64mo15869-d58352f6-97d6-492b-9526-fb18c9c5a55a,SEAT,Leon,Leon 2.0 tdi FR 116cv,27900,9.0,Manuale,07/2026,Diesel,85 kW (116 CV),Grand Prix Group • IT-40055 Villanova - Bo,Rivenditore
SEAT Leon Leon Sportstourer 1.5 hybrid 150 CV DSG Business,https://www.autoscout24.it/annunci/seat-leon-leon-sportstourer-1-5-hybrid-150-cv-dsg-business-elettrica-benzina-grigio-cat_ma64mo15869-891ee89f-bc9d-4e2b-a834-a6d17363faae,SEAT,Leon,Leon Sportstourer 1.5 hybrid 150 CV DSG Business,27900,1.0,Automatico,10/2025,Elettrica/Benzina,110 kW (150 CV),Vanni Srl • IT-37060 Mozzecane - Verona,Rivenditore
SEAT Leon Leon IV 2023 1.5 tgi FR 130cv dsg - PARI AL NUOVO,https://www.autoscout24.it/annunci/seat-leon-leon-iv-2023-1-5-tgi-fr-130cv-dsg-pari-al-nuovo-metano-cat_ma64mo15869-10212f01-5fe8-4a3b-b414-8e7af5785cc3,SEAT,Leon,Leon IV 2023 1.5 tgi FR 130cv dsg - PARI AL NUOVO,27500,50000.0,Automatico,02/2023,Metano,96 kW (131 CV),"Privato,IT-46019 Viadana",Privato
SEAT Leon 1.5 Hybrid FR,https://www.autoscout24.it/annunci/seat-leon-1-5-hybrid-fr-benzina-rosso-cat_ma64mo15869-589b3647-07e2-4f86-92cd-9c6f4e295488,SEAT,Leon,1.5 Hybrid FR,27200,5900.0,Automatico,05/2026,Benzina,85 kW (116 CV),Lineablù Srl • IT-48124 Fornace Zarattini - Ravenna - Ra,Rivenditore
SEAT Leon 2.0 TDI 85KW STYLE,https://www.autoscout24.it/annunci/seat-leon-2-0-tdi-85kw-style-diesel-bianco-cat_ma64mo15869-ffb27bb8-b084-472d-8677-2381c8130122,SEAT,Leon,2.0 TDI 85KW STYLE,27000,10.0,Manuale,04/2026,Diesel,85 kW (116 CV),Auto R Srl • IT-85050 Potenza - Pz,Rivenditore
SEAT Leon 1.5 E-TSI HYBRID 150 HP FR AUTOMATICA DSG,https://www.autoscout24.it/annunci/seat-leon-1-5-e-tsi-hybrid-150-hp-fr-automatica-dsg-elettrica-benzina-bianco-cat_ma64mo15869-2c9bd1e0-eab4-4716-961d-792547cb49ad,SEAT,Leon,1.5 E-TSI HYBRID 150 HP FR AUTOMATICA DSG,27900,11650.0,Automatico,11/2024,Elettrica/Benzina,110 kW (150 CV),Osso Auto2 Srl • IT-33100 Udine - Ud,Rivenditore
SEAT Leon Sportstourer FR 1.5 Hybrid 85 kW (116 CV) mHEV DSG,https://www.autoscout24.it/annunci/seat-leon-sportstourer-fr-1-5-hybrid-85-kw-116-cv-mhev-dsg-elettrica-benzina-cat_ma64mo15869-c48d70bc-c7dd-478e-95f4-1ff91a98c323,SEAT,Leon,Sportstourer FR 1.5 Hybrid 85 kW (116 CV) mHEV DSG,27900,10.0,Automatico,10/2025,Elettrica/Benzina,85 kW (116 CV),Tosoni Auto Spa • IT-53100 Isola D'arbia- Siena - Si,Rivenditore
SEAT Leon Sportstourer 2.0 TDI 150 CV DSG Style,https://www.autoscout24.it/annunci/seat-leon-sportstourer-2-0-tdi-150-cv-dsg-style-diesel-argento-cat_ma64mo15869-a48f00d8-027c-42f1-b7bf-eb38bc5bcd6b,SEAT,Leon,Sportstourer 2.0 TDI 150 CV DSG Style,27030,,Automatico,new,Diesel,110 kW (150 CV),Eurotarget S.p.A. - Tu al centro • IT-40066 Pieve Di Cento - Bologna - Bo,Rivenditore
SEAT Leon sportstourer 2.0 tdi fr 116cv,https://www.autoscout24.it/annunci/seat-leon-sportstourer-2-0-tdi-fr-116cv-diesel-blu-azzurro-cat_ma64mo15869-5272e06d-266d-4212-803b-335b54e7db8f,SEAT,Leon,sportstourer 2.0 tdi fr 116cv,27900,1.0,Manuale,08/2025,Diesel,85 kW (116 CV),Scarabel Spa • IT-35129 Padova - Pd,Rivenditore
SEAT Leon 2.0 TDI 150 CV DSG Business,https://www.autoscout24.it/annunci/seat-leon-2-0-tdi-150-cv-dsg-business-diesel-argento-cat_ma64mo15869-ae4d1a0b-2143-4938-aea8-f6c7b80c9ff8,SEAT,Leon,2.0 TDI 150 CV DSG Business,27820,,Automatico,new,Diesel,110 kW (150 CV),Eurotarget S.p.A. - Tu al centro • IT-40066 Pieve Di Cento - Bologna - Bo,Rivenditore
SEAT Leon 2.0 TDI FR,https://www.autoscout24.it/annunci/seat-leon-2-0-tdi-fr-diesel-grigio-cat_ma64mo15869-ab7d8e9b-26f0-4fd1-b229-e5b8f3b3c7e7,SEAT,Leon,2.0 TDI FR,27900,18981.0,Automatico,06/2024,Diesel,110 kW (150 CV),Comer Sud Spa • IT-95045 Misterbianco  - Catania - Ct,Rivenditore
SEAT Leon 2.0 TDI 150 HP BUSINESS AUTOMATICA DSG,https://www.autoscout24.it/annunci/seat-leon-2-0-tdi-150-hp-business-automatica-dsg-diesel-grigio-cat_ma64mo15869-7ee87511-91c1-49b9-b46b-307b3d357ee9,SEAT,Leon,2.0 TDI 150 HP BUSINESS AUTOMATICA DSG,27900,2500.0,Automatico,06/2026,Diesel,110 kW (150 CV),Osso Auto2 Srl • IT-33100 Udine - Ud,Rivenditore
SEAT Leon 5 porte Business 2.0 TDI 110 kW (150 CV) Diesel DS,https://www.autoscout24.it/annunci/seat-leon-5-porte-business-2-0-tdi-110-kw-150-cv-diesel-ds-diesel-cat_ma64mo15869-348da46f-97e3-45c9-a17b-d43574b65976,SEAT,Leon,5 porte Business 2.0 TDI 110 kW (150 CV) Diesel DS,27900,0.0,Automatico,02/2025,Diesel,110 kW (150 CV),Peressini Srl • IT-33080 Fiume Veneto - Pn,Rivenditore
SEAT Leon LEON 5P 2.0 TDI DSG STYLE 150CV,https://www.autoscout24.it/annunci/seat-leon-leon-5p-2-0-tdi-dsg-style-150cv-diesel-cat_ma64mo15869-27ea5d8d-f31e-4232-b6ce-b49a8cffd311,SEAT,Leon,LEON 5P 2.0 TDI DSG STYLE 150CV,27900,21357.0,Automatico,04/2025,Diesel,110 kW (150 CV),Autocogliati spa • IT-23870 Cernusco Lombardone - Lc,Rivenditore
SEAT Leon 2.0 tdi FR 150cv dsg,https://www.autoscout24.it/annunci/seat-leon-2-0-tdi-fr-150cv-dsg-diesel-nero-cat_ma64mo15869-1a9aae14-9a59-4d0f-927d-295f30033f71,SEAT,Leon,2.0 tdi FR 150cv dsg,28300,5.0,Automatico,12/2025,Diesel,110 kW (150 CV),Secondlife di  Pasquarelli Auto Spa • IT-00158 Roma - RM,Rivenditore
SEAT Leon 2.0 tdi FR 150cv dsg,https://www.autoscout24.it/annunci/seat-leon-2-0-tdi-fr-150cv-dsg-diesel-nero-cat_ma64mo15869-e676a275-ebcd-4cbc-a593-57913e0e0462,SEAT,Leon,2.0 tdi FR 150cv dsg,28300,5.0,Automatico,12/2025,Diesel,110 kW (150 CV),Secondlife di Pasquarelli Auto • IT-66020 San Giovanni Teatino - Chieti - Ch,Rivenditore
SEAT Leon 2.0 tdi FR 150cv dsg,https://www.autoscout24.it/annunci/seat-leon-2-0-tdi-fr-150cv-dsg-diesel-bianco-cat_ma64mo15869-a80308fe-5b40-4c1d-9b81-8f6e523570f2,SEAT,Leon,2.0 tdi FR 150cv dsg,28300,14.0,Automatico,12/2025,Diesel,110 kW (150 CV),Secondlife di  Pasquarelli Auto Spa • IT-00158 Roma - RM,Rivenditore
SEAT Leon 5 porte FR 1.5 Hybrid 85 kW (116 CV) mHEV DSG 7 ma,https://www.autoscout24.it/annunci/seat-leon-5-porte-fr-1-5-hybrid-85-kw-116-cv-mhev-dsg-7-ma-elettrica-benzina-nero-cat_ma64mo15869-9f21d64e-bfb6-48a5-90dc-56bef3ae6f6b,SEAT,Leon,5 porte FR 1.5 Hybrid 85 kW (116 CV) mHEV DSG 7 ma,28900,0.0,Automatico,04/2025,Elettrica/Benzina,85 kW (116 CV),Peressini Srl • IT-33080 Fiume Veneto - Pn,Rivenditore
SEAT Leon 2.0 TDI 150 CV DSG FR,https://www.autoscout24.it/annunci/seat-leon-2-0-tdi-150-cv-dsg-fr-diesel-argento-cat_ma64mo15869-38e9aa28-d848-4818-be96-fc69fc41ec73,SEAT,Leon,2.0 TDI 150 CV DSG FR,28490,,Automatico,new,Diesel,110 kW (150 CV),Eurotarget S.p.A. - Tu al centro • IT-40066 Pieve Di Cento - Bologna - Bo,Rivenditore
SEAT Leon 2.0 tdi FR 150cv dsg,https://www.autoscout24.it/annunci/seat-leon-2-0-tdi-fr-150cv-dsg-diesel-bianco-cat_ma64mo15869-c2290d43-598d-4e34-aa75-34c3cee130a7,SEAT,Leon,2.0 tdi FR 150cv dsg,28300,14.0,Automatico,12/2025,Diesel,110 kW (150 CV),Secondlife di Pasquarelli Auto • IT-66020 San Giovanni Teatino - Chieti - Ch,Rivenditore
SEAT Leon Sportstourer 2.0 TDI 150 CV DSG Business,https://www.autoscout24.it/annunci/seat-leon-sportstourer-2-0-tdi-150-cv-dsg-business-diesel-argento-cat_ma64mo15869-8ac9f4fe-efa5-4de7-8fc9-ccc0e005386d,SEAT,Leon,Sportstourer 2.0 TDI 150 CV DSG Business,28950,,Automatico,new,Diesel,110 kW (150 CV),Eurotarget S.p.A. - Tu al centro • IT-40066 Pieve Di Cento - Bologna - Bo,Rivenditore
SEAT Leon 1.5 hybrid fr 116cv dsg,https://www.autoscout24.it/annunci/seat-leon-1-5-hybrid-fr-116cv-dsg-elettrica-benzina-nero-cat_ma64mo15869-2a9c92f3-907e-45d6-8f16-ec5388265303,SEAT,Leon,1.5 hybrid fr 116cv dsg,28900,1.0,Automatico,10/2025,Elettrica/Benzina,85 kW (116 CV),Scarabel Spa • IT-35129 Padova - Pd,Rivenditore
SEAT Leon Sportstourer 2.0 TDI 150 CV DSG FR,https://www.autoscout24.it/annunci/seat-leon-sportstourer-2-0-tdi-150-cv-dsg-fr-diesel-argento-cat_ma64mo15869-5a4a08af-c61a-4233-8665-c636a5bd327e,SEAT,Leon,Sportstourer 2.0 TDI 150 CV DSG FR,29420,,Automatico,new,Diesel,110 kW (150 CV),Eurotarget S.p.A. - Tu al centro • IT-40066 Pieve Di Cento - Bologna - Bo,Rivenditore
SEAT Leon Leon 2.0 TDI 150cv FR DSG,https://www.autoscout24.it/annunci/seat-leon-leon-2-0-tdi-150cv-fr-dsg-diesel-nero-cat_ma64mo15869-889de2f9-bff2-423a-9f71-f9e5e09b6d8b,SEAT,Leon,Leon 2.0 TDI 150cv FR DSG,29900,10.0,Automatico,12/2025,Diesel,110 kW (150 CV),Autocogliati spa • IT-23870 Cernusco Lombardone - Lc,Rivenditore
