Annuncio,Link,Prezzo,Tipologia,Immatricolazione,Chilometraggio,Carburante,Cambio,Unico_Proprietario,Località
Volkswagen Golf Life 1.0 eTSI MHEV,https://www.automobile.it/busto-arsizio-volkswagen-golf-life-1-0-etsi-mhev/179352600,€ 17.500,Usato,Aprile 2021,61.900 km,Ibrido,Automatico,Unico proprietario,Busto Arsizio (VA)
VOLKSWAGEN Golf 1.0 eTSI 110CV EVO DSG Life,https://www.automobile.it/fosso-volkswagen-golf-1-0-etsi-110cv-evo-dsg-life/181004631,€ 18.400,Usato,Maggio 2023,63.000 km,Ibrido - Euro 6,Automatico,,Fossò (VE)
VOLKSWAGEN Golf 1.0 eTSI EVO DSG Life #LuciAmbient,https://www.automobile.it/mirano-volkswagen-golf-1-0-etsi-evo-dsg-life-luciambient/179350361,€ 22.700,Usato,Marzo 2024,21.700 km,Ibrido - Euro 6,Automatico,,Mirano (VE)
VOLKSWAGEN Golf 2.0 TDI 115 CV SCR Life,https://www.automobile.it/barletta-volkswagen-golf-2-0-tdi-115-cv-scr-life/179042514,€ 19.990,Usato,Marzo 2021,56.499 km,Diesel - Euro 6,Manuale,,Barletta (BT)
Volkswagen Golf GTI 2.0 TSI 245cv dsg 5 porte,https://www.automobile.it/pesaro-volkswagen-golf-gti-2-0-tsi-245cv-dsg-5-porte/181172384,€ 29.870,Usato,Luglio 2021,35.500 km,Benzina - Euro 6,Automatico,Unico proprietario,Pesaro (PU)
Volkswagen Golf 1.0 TSI EVO Life DSG,https://www.automobile.it/canosa-puglia-volkswagen-golf-1-0-tsi-evo-life-dsg/175231442,€ 19.999,Usato,Giugno 2021,37.915 km,Benzina - Euro 6,Automatico,Unico proprietario,Canosa di Puglia (BT)
VOLKSWAGEN Golf 2.0 TDI SCR Style,https://www.automobile.it/parma-volkswagen-golf-2-0-tdi-scr-style/181386271,€ 20.490,Usato,Aprile 2021,67.800 km,Diesel - Euro 6,Manuale,,Parma (PR)
Volkswagen Golf 1.0 TSI EVO Life ** PROMO **,https://www.automobile.it/verolengo-volkswagen-golf-1-0-tsi-evo-life-promo/178448919,€ 19.500,Usato,Marzo 2022,81.126 km,Benzina - Euro 6,Manuale,,Verolengo (TO)
Volkswagen Golf 1.5 eTSI 150cv DSG R-Line,https://www.automobile.it/vigodarzere-volkswagen-golf-1-5-etsi-150cv-dsg-r-line/179738067,€ 22.500,Usato,Aprile 2021,116.000 km,Ibrido - Euro 6,Automatico,,Vigodarzere (PD)
Volkswagen Golf 2.0 TDI 115Cv LIFE,https://www.automobile.it/savignone-volkswagen-golf-2-0-tdi-115cv-life/178114317,€ 23.000,Usato,Febbraio 2022,41.500 km,Diesel - Euro 6,Manuale,Unico proprietario,Savignone (GE)
Volkswagen Golf 1.0 TSI EVO Life,https://www.automobile.it/foggia-volkswagen-golf-1-0-tsi-evo-life/180137442,€ 20.500,Usato,Maggio 2021,50.500 km,Benzina - Euro 6,Manuale,,Foggia (FG)
Volkswagen Golf GTI Golf 2.0 TSI GTI DSG,https://www.automobile.it/quarto-volkswagen-golf-gti-golf-2-0-tsi-gti-dsg/177459301,€ 29.900,Usato,Agosto 2021,27.000 km,Benzina - Euro 6,Manuale,,Quarto (NA)
VOLKSWAGEN Golf GTE 1.4 245cv eHybrid DSG NAVI COCKPIT,https://www.automobile.it/castelletto-ticino-volkswagen-golf-gte-1-4-245cv-ehybrid-dsg-navi-cockpit/181147336,€ 27.600,Usato,Gennaio 2022,39.000 km,Ibrido - Euro 6,Automatico,,Castelletto sopra Ticino (NO)
Volkswagen Golf 2.0 TDI DSG SCR Life,https://www.automobile.it/sant-agata-militello-volkswagen-golf-2-0-tdi-dsg-scr-life/178882237,€ 23.990,Usato,Maggio 2022,72.900 km,Diesel - Euro 6,Semiautomatico,,Sant'Agata di Militello (ME)
VOLKSWAGEN Golf Variant 2.0 TDI 115 CV SCR Life,https://www.automobile.it/pieve-soligo-volkswagen-golf-variant-2-0-tdi-115-cv-scr-life/179908957,€ 19.900,Usato,Settembre 2021,80.000 km,Diesel,Manuale,,Pieve di Soligo (TV)
Volkswagen Golf 2.0 TDI DSG SCR Life,https://www.automobile.it/sassari-volkswagen-golf-2-0-tdi-dsg-scr-life/179315292,€ 24.490,Aziendale,Gennaio 2022,72.000 km,Diesel - Euro 6,Semiautomatico,,Sassari (SS)
VOLKSWAGEN Golf 1.0 TSI EVO Life,https://www.automobile.it/pieve-soligo-volkswagen-golf-1-0-tsi-evo-life/179908994,€ 21.900,Usato,Marzo 2022,41.800 km,Benzina,Manuale,,Pieve di Soligo (TV)
VOLKSWAGEN Golf 2.0 TDI 150 cv Active dsg #garanzia-2026,https://www.automobile.it/spinea-volkswagen-golf-2-0-tdi-150-cv-active-dsg-garanzia-2026/175292384,€ 28.490,Usato,Dicembre 2021,26.300 km,Diesel - Euro 6,Automatico,,Spinea (VE)
VOLKSWAGEN Golf 1.5 TSI ACT Life 150 cv #telecamera #navi,https://www.automobile.it/spinea-volkswagen-golf-1-5-tsi-act-life-150-cv-telecamera-navi/175419867,€ 24.490,Usato,Marzo 2021,33.300 km,Benzina - Euro 6,Manuale,,Spinea (VE)
Volkswagen Golf versione R,https://www.automobile.it/monsummano-terme-volkswagen-golf-versione-r/180630333,€ 25.500,Aziendale,Aprile 2024,13.000 km,Benzina,Manuale,,Monsummano Terme (PT)
VOLKSWAGEN Golf 1.5 TSI ACT Life 150 cv,https://www.automobile.it/spinea-volkswagen-golf-1-5-tsi-act-life-150-cv/175207348,€ 24.990,Usato,Marzo 2021,33.300 km,Benzina - Euro 6,Manuale,,Spinea (VE)
Volkswagen Golf 1.0 TSI EVO Life,https://www.automobile.it/genova-volkswagen-golf-1-0-tsi-evo-life/179182775,€ 9.600,Usato,Giugno 2025,80.000 km,Benzina - Euro 6,Manuale,,Genova (GE)
Volkswagen Golf 1.0 eTSI EVO DSG Life,https://www.automobile.it/massa-volkswagen-golf-1-0-etsi-evo-dsg-life/180446994,€ 19.000,Usato,Maggio 2021,61.000 km,Altro,Automatico,,Massa (MS)
Volkswagen Golf 1.0 TSI EVO Life,https://www.automobile.it/massa-volkswagen-golf-1-0-tsi-evo-life/180447188,€ 19.500,Usato,Marzo 2022,48.400 km,Benzina,Manuale,,Massa (MS)
Volkswagen Golf Variant 1.5 TSI EVO ACT Life,https://www.automobile.it/massa-volkswagen-golf-variant-1-5-tsi-evo-act-life/180447103,€ 20.800,Usato,Settembre 2021,44.000 km,Benzina,Manuale,,Massa (MS)
Volkswagen Golf 1.5 TGI DSG Life,https://www.automobile.it/massa-volkswagen-golf-1-5-tgi-dsg-life/180447094,€ 21.000,Usato,Gennaio 2023,82.000 km,Metano,Automatico,,Massa (MS)
VOLKSWAGEN Golf 1.0 eTSI EVO DSG Life del 2021,https://www.automobile.it/pesaro-volkswagen-golf-1-0-etsi-evo-dsg-life-2021/176964108,€ 22.000,Usato,Marzo 2021,62.300 km,Ibrido - Euro 6,Automatico,,Pesaro (PU)
VOLKSWAGEN Golf Variant 1.0 eTSI EVO DSG Life del 2021,https://www.automobile.it/pesaro-volkswagen-golf-variant-1-0-etsi-evo-dsg-life-2021/175924368,€ 23.900,Usato,Giugno 2021,46.800 km,Ibrido - Euro 6,Automatico,,Pesaro (PU)
VOLKSWAGEN Golf 1.5 TGI DSG Life del 2021,https://www.automobile.it/pesaro-volkswagen-golf-1-5-tgi-dsg-life-2021/176964105,€ 24.500,Usato,Maggio 2021,50.000 km,Metano - Euro 6,Automatico,,Pesaro (PU)
Volkswagen Golf 1.0 eTSI EVO DSG Life,https://www.automobile.it/massa-volkswagen-golf-1-0-etsi-evo-dsg-life/180447164,€ 24.500,Usato,Giugno 2024,16.000 km,Altro,Automatico,,Massa (MS)
VOLKSWAGEN Golf 2.0 TDI SCR Life del 2021,https://www.automobile.it/pesaro-volkswagen-golf-2-0-tdi-scr-life-2021/173591314,€ 24.900,Usato,Maggio 2021,44.866 km,Diesel - Euro 6,Manuale,,Pesaro (PU)
VOLKSWAGEN Golf 1.4 Plug-In Hybrid DSG GTE del 2021,https://www.automobile.it/bibbiena-volkswagen-golf-1-4-plug-hybrid-dsg-gte-2021/179604625,€ 25.000,Usato,Aprile 2021,73.000 km,Ibrido - Euro 6,Automatico,,Bibbiena (AR)
VOLKSWAGEN Golf 2.0 tdi Life 115cv dsg,https://www.automobile.it/fiume-veneto-volkswagen-golf-2-0-tdi-life-115cv-dsg/180406183,€ 25.500,Usato,Dicembre 2023,26.658 km,Diesel,Automatico,,Fiume Veneto (PN)
Volkswagen Golf 2.0 TDI 150 CV SCR R-Line,https://www.automobile.it/massa-volkswagen-golf-2-0-tdi-150-cv-scr-r-line/180447175,€ 25.800,Usato,Giugno 2023,76.500 km,Diesel,Manuale,,Massa (MS)
VOLKSWAGEN Golf 1.5 TGI DSG Style del 2021,https://www.automobile.it/pesaro-volkswagen-golf-1-5-tgi-dsg-style-2021/176650581,€ 26.500,Usato,Febbraio 2021,45.000 km,Metano - Euro 6,Automatico,,Pesaro (PU)
VOLKSWAGEN Golf 2.0 TDI SCR Style del 2021,https://www.automobile.it/pesaro-volkswagen-golf-2-0-tdi-scr-style-2021/176809220,€ 26.900,Usato,Aprile 2021,15.163 km,Diesel - Euro 6,Manuale,,Pesaro (PU)
VOLKSWAGEN Golf 2.0 TDI SCR Style del 2022,https://www.automobile.it/pesaro-volkswagen-golf-2-0-tdi-scr-style-2022/177061374,€ 26.900,Usato,Maggio 2022,37.867 km,Euro 6,Manuale,,Pesaro (PU)
Volkswagen Golf 1.4 GTE DSG Plug-In Hybrid,https://www.automobile.it/varese-volkswagen-golf-1-4-gte-dsg-plug-hybrid/179508088,€ 26.900,Usato,Marzo 2021,34.800 km,Altro,Automatico,,Varese (VA)
Volkswagen Golf 2.0 TSI GTI NAVI PANORAMA,https://www.automobile.it/varese-volkswagen-golf-2-0-tsi-gti-navi-panorama/179508102,€ 27.800,Usato,Ottobre 2021,26.700 km,Benzina,Manuale,,Varese (VA)
VOLKSWAGEN Golf 1.4 TSI eHYBRID 204 CV DSG Style del 2021,https://www.automobile.it/pesaro-volkswagen-golf-1-4-tsi-ehybrid-204-cv-dsg-style-2021/176719005,€ 29.900,Usato,Giugno 2021,28.146 km,Benzina - Euro 6,Automatico,,Pesaro (PU)
Volkswagen Golf 1.0 etsi evo life 110cv dsg,https://www.automobile.it/sassari-volkswagen-golf-1-0-etsi-evo-life-110cv-dsg/181072890,€ 29.900,Usato,Marzo 2023,10.968 km,Altro,Automatico,,Sassari (SS)
Volkswagen Golf 1.0 etsi evo life 110cv dsg,https://www.automobile.it/sassari-volkswagen-golf-1-0-etsi-evo-life-110cv-dsg/181072893,€ 29.900,Usato,Marzo 2023,14.525 km,Altro,Automatico,,Sassari (SS)
Volkswagen Golf 2.0 TDI 115 CV SCR Life,https://www.automobile.it/torrecuso-volkswagen-golf-2-0-tdi-115-cv-scr-life/180639503,€ 23.150,Usato,Luglio 2021,92.843 km,Diesel - Euro 6,Manuale,,Torrecuso (BN)
Volkswagen Golf 1.0 etsi evo Life 110cv dsg,https://www.automobile.it/roma-volkswagen-golf-1-0-etsi-evo-life-110cv-dsg/176227640,€ 24.900,Usato,Aprile 2021,46.460 km,Benzina - Euro 6,Automatico,,Roma (RM)
Volkswagen Golf 2.0 TSI highline,https://www.automobile.it/lissone-volkswagen-golf-2-0-tsi-highline/184559660,€ 6.299,Usato,Settembre 2026,139.000 km,Benzina - Euro 6,Manuale,Unico proprietario,Lissone (MB)
Volkswagen Golf 2.0 TDI 150 CV SCR Life,https://www.automobile.it/pineto-volkswagen-golf-2-0-tdi-150-cv-scr-life/184622287,€ 7.990,Usato,Settembre 2026,170.000 km,Diesel - Euro 6,Manuale,,Pineto (TE)
Volkswagen Golf 2.0 TDI 2021 SCR Style,https://www.automobile.it/teverola-volkswagen-golf-2-0-tdi-2021-scr-style/184569811,€ 10.900,Usato,Settembre 2021,300.000 km,Diesel - Euro 6,Manuale,,Teverola (CE)
Volkswagen Golf Variant Variant Life BR131538 2.0 Diesel 116CV,https://www.automobile.it/cinisello-balsamo-volkswagen-golf-variant-variant-life-br131538-2-0-diesel-116cv/184418614,€ 11.890,Usato,Novembre 2022,112.198 km,Diesel,Manuale,Unico proprietario,Cinisello Balsamo (MI)
Volkswagen Golf Variant Variant Life BR131538 2.0 Diesel 116CV,https://www.automobile.it/reggio-emilia-volkswagen-golf-variant-variant-life-br131538-2-0-diesel-116cv/184418583,€ 11.890,Usato,Novembre 2022,112.198 km,Diesel,Manuale,Unico proprietario,Reggio Emilia (RE)
Volkswagen Golf Variant Variant Life BR794278 2.0 Diesel 116CV,https://www.automobile.it/cinisello-balsamo-volkswagen-golf-variant-variant-life-br794278-2-0-diesel-116cv/184511515,€ 12.390,Usato,Luglio 2022,97.379 km,Diesel,Manuale,Unico proprietario,Cinisello Balsamo (MI)
Volkswagen Golf Variant Variant Life BR794278 2.0 Diesel 116CV,https://www.automobile.it/reggio-emilia-volkswagen-golf-variant-variant-life-br794278-2-0-diesel-116cv/184511506,€ 12.390,Usato,Luglio 2022,97.379 km,Diesel,Manuale,Unico proprietario,Reggio Emilia (RE)
Volkswagen Golf Variant 2.0 tdi Life 115cv,https://www.automobile.it/verona-volkswagen-golf-variant-2-0-tdi-life-115cv/184502341,€ 12.400,Usato,Marzo 2021,199.690 km,Diesel - Euro 6,Manuale,,Verona (VR)
Volkswagen Golf Variant 2.0 TDI SCR Style,https://www.automobile.it/padova-volkswagen-golf-variant-2-0-tdi-scr-style/184626224,€ 12.500,Usato,Agosto 2021,150.000 km,Diesel - Euro 6,Manuale,,Padova (PD)
Volkswagen Golf Variant 1.6 TDI 115 CV Business BlueMotion Technology,https://www.automobile.it/qualiano-volkswagen-golf-variant-1-6-tdi-115-cv-business-bluemotion-technology/184640570,€ 12.500,Usato,Marzo 2021,148.000 km,Diesel - Euro 6,Automatico,,Qualiano (NA)
VOLKSWAGEN Golf Variant Golf VIII Variant 1.0 tsi evo Life 110cv - GF044WJ,https://www.automobile.it/basiliano-volkswagen-golf-variant-golf-viii-variant-1-0-tsi-evo-life-110cv-gf044wj/184670184,€ 12.600,Usato,Giugno 2021,123.000 km,Benzina - Euro 6,Manuale,,Basiliano (UD)
Volkswagen Golf Variant Variant Life BR817704 2.0 Diesel 116CV,https://www.automobile.it/cinisello-balsamo-volkswagen-golf-variant-variant-life-br817704-2-0-diesel-116cv/184272172,€ 12.690,Usato,Aprile 2023,100.345 km,Diesel,Manuale,Unico proprietario,Cinisello Balsamo (MI)
Volkswagen Golf Variant Variant Life BR817704 2.0 Diesel 116CV,https://www.automobile.it/reggio-emilia-volkswagen-golf-variant-variant-life-br817704-2-0-diesel-116cv/184272171,€ 12.690,Usato,Aprile 2023,100.345 km,Diesel,Manuale,Unico proprietario,Reggio Emilia (RE)
"Volkswagen Golf 2.0 Tdi, EURO 6D",https://www.automobile.it/genova-volkswagen-golf-2-0-tdi-euro-6d/184663294,€ 12.800,Usato,Agosto 2021,200.000 km,Diesel - Euro 6,Manuale,,Genova (GE)
Volkswagen Golf 2.0 TDI SCR Style,https://www.automobile.it/corato-volkswagen-golf-2-0-tdi-scr-style/183993677,€ 12.900,Usato,Giugno 2022,183.000 km,Diesel - Euro 6,Manuale,,Corato (BA)
VOLKSWAGEN Golf Variant 2.0 TDI DSG PREZZO REALE UnicoPropietario Tagl. VW,https://www.automobile.it/rezzato-volkswagen-golf-variant-2-0-tdi-dsg-prezzo-reale-unicopropietario-tagl-vw/184473110,€ 12.900,Usato,Giugno 2022,182.316 km,Diesel - Euro 6,Automatico,Unico proprietario,Rezzato (BS)
VOLKSWAGEN Golf Variant 2.0 TDI DSG PREZZO REALE UnicoPropietario Tagl. VW,https://www.automobile.it/rezzato-volkswagen-golf-variant-2-0-tdi-dsg-prezzo-reale-unicopropietario-tagl-vw/184473110,€ 12.900,Usato,Giugno 2022,182.316 km,Diesel - Euro 6,Automatico,Unico proprietario,Rezzato (BS)
Volkswagen Golf Variant 2.0 tdi Life 115cv dsg,https://www.automobile.it/san-michele-salentino-volkswagen-golf-variant-2-0-tdi-life-115cv-dsg/184286684,€ 13.300,Usato,Giugno 2022,154.000 km,Diesel,Automatico,Unico proprietario,San Michele Salentino (BR)
VOLKSWAGEN Golf Variant Golf Variant 1.0 etsi evo Life 110cv dsg -GD423WF,https://www.automobile.it/basiliano-volkswagen-golf-variant-golf-variant-1-0-etsi-evo-life-110cv-dsg-gd423wf/184594490,€ 13.300,Usato,Gennaio 2021,125.000 km,Ibrido - Euro 6,Automatico,,Basiliano (UD)
VOLKSWAGEN Golf Variant Golf VIII Variant 2.0 tdi Life 115cv dsg - GJ195YP,https://www.automobile.it/basiliano-volkswagen-golf-variant-golf-viii-variant-2-0-tdi-life-115cv-dsg-gj195yp/184450504,€ 13.400,Usato,Aprile 2022,157.000 km,Diesel - Euro 6,Automatico,,Basiliano (UD)
Volkswagen Golf 1.0 TSI EVO Life,https://www.automobile.it/villa-literno-volkswagen-golf-1-0-tsi-evo-life/184334964,€ 13.500,Usato,Settembre 2021,208.461 km,Benzina - Euro 6,Semiautomatico,,Villa Literno (CE)
Volkswagen Golf 2.0 TDI 150 CV DSG SCR Life IVA ESPOSTA,https://www.automobile.it/san-salvo-volkswagen-golf-2-0-tdi-150-cv-dsg-scr-life-iva-esposta/184646604,€ 13.500,Usato,Novembre 2021,78.000 km,Diesel - Euro 6,Automatico,,San Salvo (CH)
VOLKSWAGEN Golf Variant 1.0 eTSI EVO DSG Life,https://www.automobile.it/bari-volkswagen-golf-variant-1-0-etsi-evo-dsg-life/184312706,€ 13.699,Usato,Ottobre 2021,142.800 km,Ibrido - Euro 6,Automatico,,Bari (BA)
VOLKSWAGEN Golf Variant 1.0 eTSI EVO DSG Life,https://www.automobile.it/sassari-volkswagen-golf-variant-1-0-etsi-evo-dsg-life/184312967,€ 13.699,Usato,Ottobre 2021,142.800 km,Ibrido - Euro 6,Automatico,,Sassari (SS)
VOLKSWAGEN Golf Variant 1.0 eTSI EVO DSG Life,https://www.automobile.it/bologna-volkswagen-golf-variant-1-0-etsi-evo-dsg-life/184312382,€ 13.699,Usato,Ottobre 2021,142.800 km,Ibrido - Euro 6,Automatico,,Bologna (BO)
VOLKSWAGEN Golf Variant 1.0 eTSI EVO DSG Life,https://www.automobile.it/roma-volkswagen-golf-variant-1-0-etsi-evo-dsg-life/184317763,€ 13.699,Usato,Ottobre 2021,142.800 km,Ibrido - Euro 6,Automatico,,Roma (RM)
VOLKSWAGEN Golf Variant 1.0 eTSI EVO DSG Life,https://www.automobile.it/palermo-volkswagen-golf-variant-1-0-etsi-evo-dsg-life/184312963,€ 13.699,Usato,Ottobre 2021,142.800 km,Ibrido - Euro 6,Automatico,,Palermo (PA)
VOLKSWAGEN Golf Variant 1.0 eTSI EVO DSG Life,https://www.automobile.it/venezia-volkswagen-golf-variant-1-0-etsi-evo-dsg-life/184317985,€ 13.699,Usato,Ottobre 2021,142.800 km,Ibrido - Euro 6,Automatico,,Venezia (VE)
VOLKSWAGEN Golf Variant 1.0 eTSI EVO DSG Life,https://www.automobile.it/collesalvetti-volkswagen-golf-variant-1-0-etsi-evo-dsg-life/184310707,€ 13.699,Usato,Ottobre 2021,142.800 km,Ibrido - Euro 6,Automatico,,Collesalvetti (LI)
VOLKSWAGEN Golf Variant 1.0 eTSI EVO DSG Life,https://www.automobile.it/beinasco-volkswagen-golf-variant-1-0-etsi-evo-dsg-life/184312204,€ 13.699,Usato,Ottobre 2021,142.800 km,Ibrido - Euro 6,Automatico,,Beinasco (TO)
VOLKSWAGEN Golf Variant 1.0 eTSI EVO DSG Life,https://www.automobile.it/casoria-volkswagen-golf-variant-1-0-etsi-evo-dsg-life/184316829,€ 13.699,Usato,Ottobre 2021,142.800 km,Ibrido - Euro 6,Automatico,,Casoria (NA)
VOLKSWAGEN Golf Variant 1.0 eTSI EVO DSG Life,https://www.automobile.it/catania-volkswagen-golf-variant-1-0-etsi-evo-dsg-life/184316809,€ 13.699,Usato,Ottobre 2021,142.800 km,Ibrido - Euro 6,Automatico,,Catania (CT)
VOLKSWAGEN Golf Variant 1.0 eTSI EVO DSG Life,https://www.automobile.it/verona-volkswagen-golf-variant-1-0-etsi-evo-dsg-life/184317201,€ 13.699,Usato,Ottobre 2021,142.800 km,Ibrido - Euro 6,Automatico,,Verona (VR)
VOLKSWAGEN Golf Variant 1.0 eTSI EVO DSG Life,https://www.automobile.it/milano-volkswagen-golf-variant-1-0-etsi-evo-dsg-life/184312483,€ 13.699,Usato,Ottobre 2021,142.800 km,Ibrido - Euro 6,Automatico,,Milano (MI)
Volkswagen GOLF VIII Variant 2.0 TDI 115CV,https://www.automobile.it/pordenone-volkswagen-golf-viii-variant-2-0-tdi-115cv/184033525,€ 13.900,Usato,Maggio 2021,152.000 km,Diesel - Euro 6,Automatico,,Pordenone (PN)
"Volkswagen Golf 2.0 TDI DSG SCR Style - tua a partire da 163,00 €/mese",https://www.automobile.it/campobasso-volkswagen-golf-2-0-tdi-dsg-scr-style-partire-163-00-mese/184548547,€ 13.900,Usato,Ottobre 2022,180.000 km,Diesel - Euro 6,Automatico,Unico proprietario,Campobasso (CB)
Volkswagen Golf Hybrid Benzina Automatica,https://www.automobile.it/milano-volkswagen-golf-hybrid-benzina-automatica/184662538,€ 13.900,Usato,Febbraio 2021,95.000 km,Ibrido - Euro 6,Automatico,,Milano (MI)
Volkswagen Golf 1.5 eTSI 130 CV EVO ACT DSG R-Line,https://www.automobile.it/bergamo-volkswagen-golf-1-5-etsi-130-cv-evo-act-dsg-r-line/184664126,€ 13.900,Usato,Marzo 2021,183.000 km,Ibrido - Euro 6,Semiautomatico,,Bergamo (BG)
Volkswagen Golf 1.5 eTSI 130 CV EVO ACT DSG Life,https://www.automobile.it/bergamo-volkswagen-golf-1-5-etsi-130-cv-evo-act-dsg-life/184664131,€ 13.900,Usato,Aprile 2021,204.000 km,Ibrido - Euro 6,Semiautomatico,,Bergamo (BG)
Volkswagen Golf Variant 2.0 TDI SCR Style,https://www.automobile.it/broni-volkswagen-golf-variant-2-0-tdi-scr-style/183933632,€ 13.990,Usato,Giugno 2022,151.301 km,Diesel - Euro 6,Manuale,Unico proprietario,Broni (PV)
Volkswagen Golf Life DSG BR428137 1.0 Mild Hybrid 110CV,https://www.automobile.it/reggio-emilia-volkswagen-golf-life-dsg-br428137-1-0-mild-hybrid-110cv/184300194,€ 13.990,Usato,Novembre 2022,103.644 km,Ibrido,Automatico,Unico proprietario,Reggio Emilia (RE)
Volkswagen Golf Life DSG BR428137 1.0 Mild Hybrid 110CV,https://www.automobile.it/cinisello-balsamo-volkswagen-golf-life-dsg-br428137-1-0-mild-hybrid-110cv/184300196,€ 13.990,Usato,Novembre 2022,103.644 km,Ibrido,Automatico,Unico proprietario,Cinisello Balsamo (MI)
Volkswagen Golf 1.0 TSI EVO Life,https://www.automobile.it/pompei-volkswagen-golf-1-0-tsi-evo-life/182275074,€ 14.499,Usato,Maggio 2021,119.000 km,Benzina - Euro 6,Manuale,,Pompei (NA)
VOLKSWAGEN Golf 2.0 TDI 115 CV SCR Life,https://www.automobile.it/san-michele-salentino-volkswagen-golf-2-0-tdi-115-cv-scr-life/183526737,€ 14.500,Usato,Aprile 2021,182.206 km,Diesel,Manuale,,San Michele Salentino (BR)
Volkswagen Golf VIII Variant 2.0 tdi Life 115cv,https://www.automobile.it/altamura-volkswagen-golf-viii-variant-2-0-tdi-life-115cv/184467302,€ 14.500,Usato,Dicembre 2021,127.000 km,Diesel - Euro 6,Manuale,,Altamura (BA)
Volkswagen Golf 1.0 TSI EVO Life dsg 110cv,https://www.automobile.it/modugno-volkswagen-golf-1-0-tsi-evo-life-dsg-110cv/184535845,€ 14.500,Usato,Dicembre 2021,127.000 km,Diesel - Euro 6,Manuale,,Modugno (BA)
VOLKSWAGEN Golf 1.0 TSI EVO Life ANCHE NEOPATENTATI,https://www.automobile.it/russi-volkswagen-golf-1-0-tsi-evo-life-neopatentati/184399096,€ 14.650,Usato,Agosto 2022,111.506 km,Benzina - Euro 6,Manuale,Unico proprietario,Russi (RA)
Volkswagen Golf 8 VIII 1.0 ETSI IBRIDO 110CV EVO LIFE DSG/LED/NAVI 22/12/2020,https://www.automobile.it/giugliano-campania-volkswagen-golf-8-viii-1-0-etsi-ibrido-110cv-evo-life-dsg-led-navi-22-12-2020/184198529,€ 14.700,Usato,Gennaio 2021,140.543 km,Ibrido - Euro 6,Automatico,Unico proprietario,Giugliano in Campania (NA)
Volkswagen Golf 1.0 E TSI 110CV Life Cambio aut,https://www.automobile.it/roma-volkswagen-golf-1-0-tsi-110cv-life-cambio-aut/184528137,€ 14.700,Usato,Gennaio 2023,110.000 km,Ibrido - Euro 6,Automatico,Unico proprietario,Roma (RM)
Volkswagen Golf 1.0 TSI EVO Life,https://www.automobile.it/torino-volkswagen-golf-1-0-tsi-evo-life/183096873,€ 14.900,Usato,Novembre 2022,112.500 km,Benzina - Euro 6,Manuale,,Torino (TO)
VOLKSWAGEN Golf Variant 1.5 TGI DSG Life C/GRIMALDI SPECIAL DAY,https://www.automobile.it/vigevano-volkswagen-golf-variant-1-5-tgi-dsg-life-grimaldi-special-day/184530222,€ 14.900,Usato,Ottobre 2021,86.878 km,Benzina - Euro 6,Automatico,,Vigevano (PV)
VOLKSWAGEN Golf Variant 1.5 TGI DSG Life C/GRIMALDI SPECIAL DAY,https://www.automobile.it/vigevano-volkswagen-golf-variant-1-5-tgi-dsg-life-grimaldi-special-day/184530220,€ 14.900,Usato,Ottobre 2021,86.878 km,Metano - Euro 6,Automatico,,Vigevano (PV)
VOLKSWAGEN Golf 1.0 TSI EVO LIFE KM.68000 IVA ESPOSTA,https://www.automobile.it/cherasco-volkswagen-golf-1-0-tsi-evo-life-km-68000-iva-esposta/184583899,€ 14.900,Usato,Agosto 2022,68.000 km,Benzina,Manuale,,Cherasco (CN)
Volkswagen Golf Variant 2.0 TDI SCR 85kW Life DSG,https://www.automobile.it/parma-volkswagen-golf-variant-2-0-tdi-scr-85kw-life-dsg/184250941,€ 14.900,Usato,Aprile 2023,96.000 km,Diesel - Euro 6,Automatico,,Parma (PR)
Volkswagen Golf Variant 2.0 tdi Life 115cv dsg,https://www.automobile.it/arese-volkswagen-golf-variant-2-0-tdi-life-115cv-dsg/184125392,€ 14.900,Usato,Novembre 2022,107.300 km,Diesel,Automatico,Unico proprietario,Arese (MI)
VOLKSWAGEN GOLF VARIANT 2.0TDI STYLE IN ARRIVO,https://www.automobile.it/roverbella-volkswagen-golf-variant-2-0tdi-style-arrivo/184607761,€ 14.900,Usato,Luglio 2022,143.000 km,Diesel - Euro 6,Manuale,,Roverbella (MN)
Volkswagen Golf 1.0 TSI EVO Life,https://www.automobile.it/torre-annunziata-volkswagen-golf-1-0-tsi-evo-life/184519105,€ 14.989,Usato,Giugno 2022,145.000 km,Benzina - Euro 6,Manuale,,Torre Annunziata (NA)
VOLKSWAGEN Golf 7ª serie Golf GTD 2.0 TDI DSG ...,https://www.automobile.it/sestu-volkswagen-golf-7-serie-golf-gtd-2-0-tdi-dsg/182280084,€ 14.990,Usato,2025,195.698 km,Diesel - Euro 6,Manuale,,Sestu (CA)
Volkswagen Golf 2.0 TDI SCR Style,https://www.automobile.it/nervesa-battaglia-volkswagen-golf-2-0-tdi-scr-style/183951840,€ 14.990,Usato,Settembre 2023,195.000 km,Diesel - Euro 6,Manuale,,Nervesa della Battaglia (TV)
Volkswagen Golf Variant 2.0 TDI SCR DSG Life,https://www.automobile.it/broni-volkswagen-golf-variant-2-0-tdi-scr-dsg-life/184071067,€ 14.990,Usato,Marzo 2022,144.639 km,Diesel - Euro 6,Automatico,Unico proprietario,Broni (PV)
Volkswagen Golf 8 - 2.0 TDI SCR Style 2022 IMPECCABILE,https://www.automobile.it/santorso-volkswagen-golf-8-2-0-tdi-scr-style-2022-impeccabile/184324242,€ 14.990,Usato,Gennaio 2022,197.000 km,Diesel - Euro 6,Manuale,,Santorso (VI)
Volkswagen Golf 2.0 TDI 115 CV euro6 -2022,https://www.automobile.it/paitone-volkswagen-golf-2-0-tdi-115-cv-euro6-2022/184645888,€ 14.990,Usato,Settembre 2022,189.000 km,Diesel - Euro 6,Automatico,,Paitone (BS)
VOLKSWAGEN Golf 8 1.0 eTSI 110CV EVO DSG Life 2021,https://www.automobile.it/deruta-volkswagen-golf-8-1-0-etsi-110cv-evo-dsg-life-2021/184658767,€ 14.990,Usato,2021,199.500 km,Ibrido,Automatico,,Deruta (PG)
GOLF 8 1000 TSI e hibrid neopatentati,https://www.automobile.it/sassari-golf-8-1000-tsi-hibrid-neopatentati/184036192,€ 14.999,Usato,Giugno 2021,130.000 km,Altro,Automatico,,Sassari (SS)
Volkswagen Golf 2.0 TDI 115 CV SCR Edition Plus,https://www.automobile.it/fonni-volkswagen-golf-2-0-tdi-115-cv-scr-edition-plus/184436643,€ 14.999,Usato,Settembre 2026,114.000 km,Diesel - Euro 6,Semiautomatico,,Fonni (NU)
"Volkswagen Golf, VIII 2021 1.0 tsi evo Life 110cv *IVA ESPOSTA*",https://www.automobile.it/prato-volkswagen-golf-viii-2021-1-0-tsi-evo-life-110cv-iva-esposta/183998174,€ 14.999,Usato,Marzo 2021,77.000 km,Benzina - Euro 6,Manuale,,Prato (PO)
Volkswagen Golf 1.0 TSI EVO Life,https://www.automobile.it/fara-olivana-sola-volkswagen-golf-1-0-tsi-evo-life/184486134,€ 14.999,Usato,Settembre 2022,199.000 km,Benzina - Euro 6,Manuale,,Fara Olivana con Sola (BG)
Volkswagen Golf 1.0 tsi evo Life 110cv,https://www.automobile.it/agliana-volkswagen-golf-1-0-tsi-evo-life-110cv/184055516,€ 15.000,Usato,2021,103.900 km,Benzina - Euro 6,Manuale,,Agliana (PT)
Volkswagen Golf 8 1.0 etsi evo 110CV Life dsg pronta consegna,https://www.automobile.it/torino-volkswagen-golf-8-1-0-etsi-evo-110cv-life-dsg-pronta-consegna/184646821,€ 15.000,Usato,Febbraio 2021,87.150 km,Ibrido,Automatico,Unico proprietario,Torino (TO)
Volkswagen Golf 1.0 eTSI EVO DSG Life,https://www.automobile.it/san-cesareo-volkswagen-golf-1-0-etsi-evo-dsg-life/184342827,€ 15.200,Usato,Novembre 2021,110.000 km,Ibrido - Euro 6,Automatico,,San Cesareo (RM)
Volkswagen Golf 1.5 TGI Style,https://www.automobile.it/prevalle-volkswagen-golf-1-5-tgi-style/182229705,€ 15.300,Usato,Ottobre 2021,177.000 km,Metano - Euro 6,Automatico,Unico proprietario,Prevalle (BS)
VOLKSWAGEN Golf 1.0 eTSI EVO DSG Life,https://www.automobile.it/collesalvetti-volkswagen-golf-1-0-etsi-evo-dsg-life/184310719,€ 15.499,Usato,Giugno 2021,78.316 km,Ibrido - Euro 6,Automatico,,Collesalvetti (LI)
VOLKSWAGEN Golf 1.0 eTSI EVO DSG Life,https://www.automobile.it/cosenza-volkswagen-golf-1-0-etsi-evo-dsg-life/184310815,€ 15.499,Usato,Giugno 2021,78.316 km,Ibrido - Euro 6,Automatico,,Cosenza (CS)
VOLKSWAGEN Golf 1.0 eTSI EVO DSG Life,https://www.automobile.it/cagliari-volkswagen-golf-1-0-etsi-evo-dsg-life/184312736,€ 15.499,Usato,Giugno 2021,78.316 km,Ibrido - Euro 6,Automatico,,Cagliari (CA)
VOLKSWAGEN Golf 1.0 eTSI EVO DSG Life,https://www.automobile.it/venezia-volkswagen-golf-1-0-etsi-evo-dsg-life/184318144,€ 15.499,Usato,Giugno 2021,78.316 km,Ibrido - Euro 6,Automatico,,Venezia (VE)
VOLKSWAGEN Golf 1.0 eTSI EVO DSG Life,https://www.automobile.it/verona-volkswagen-golf-1-0-etsi-evo-dsg-life/184317349,€ 15.499,Usato,Giugno 2021,78.316 km,Ibrido - Euro 6,Automatico,,Verona (VR)
VOLKSWAGEN Golf 1.0 eTSI EVO DSG Life,https://www.automobile.it/catania-volkswagen-golf-1-0-etsi-evo-dsg-life/184316759,€ 15.499,Usato,Giugno 2021,78.316 km,Ibrido - Euro 6,Automatico,,Catania (CT)
VOLKSWAGEN Golf 1.0 eTSI EVO DSG Life,https://www.automobile.it/casoria-volkswagen-golf-1-0-etsi-evo-dsg-life/184316859,€ 15.499,Usato,Giugno 2021,78.316 km,Ibrido - Euro 6,Automatico,,Casoria (NA)
VOLKSWAGEN Golf 1.0 eTSI EVO DSG Life,https://www.automobile.it/roma-volkswagen-golf-1-0-etsi-evo-dsg-life/184317923,€ 15.499,Usato,Giugno 2021,78.316 km,Ibrido - Euro 6,Automatico,,Roma (RM)
VOLKSWAGEN Golf 1.0 eTSI EVO DSG Life,https://www.automobile.it/sassari-volkswagen-golf-1-0-etsi-evo-dsg-life/184312872,€ 15.499,Usato,Giugno 2021,78.316 km,Ibrido - Euro 6,Automatico,,Sassari (SS)
VOLKSWAGEN Golf 1.0 eTSI EVO DSG Life,https://www.automobile.it/bari-volkswagen-golf-1-0-etsi-evo-dsg-life/184312689,€ 15.499,Usato,Giugno 2021,78.316 km,Ibrido - Euro 6,Automatico,,Bari (BA)
VOLKSWAGEN Golf 1.0 eTSI EVO DSG Life,https://www.automobile.it/firenze-volkswagen-golf-1-0-etsi-evo-dsg-life/184317769,€ 15.499,Usato,Giugno 2021,78.316 km,Ibrido - Euro 6,Automatico,,Firenze (FI)
Volkswagen Golf 1.0 eTSI EVO DSG Life,https://www.automobile.it/termoli-volkswagen-golf-1-0-etsi-evo-dsg-life/184536388,€ 15.500,Aziendale,Maggio 2021,125.000 km,Ibrido - Euro 6,Semiautomatico,,Termoli (CB)
Volkswagen Golf 2.0 TDI SCR Style *PREZZO REALE*,https://www.automobile.it/como-volkswagen-golf-2-0-tdi-scr-style-prezzo-reale/183908147,€ 15.500,Usato,Giugno 2021,156.000 km,Diesel - Euro 6,Manuale,,Como (CO)
Volkswagen Golf 1.5 TGI Style,https://www.automobile.it/cervia-volkswagen-golf-1-5-tgi-style/181408083,€ 15.600,Usato,Maggio 2022,120.000 km,Metano - Euro 6,Manuale,,Cervia (RA)
Volkswagen Golf 2.0 TDI 115CV cambio automatico,https://www.automobile.it/veniano-volkswagen-golf-2-0-tdi-115cv-cambio-automatico/184571354,€ 15.600,Usato,Novembre 2022,170.000 km,Diesel - Euro 6,Automatico,2 Proprietari,Veniano (CO)
Volkswagen Golf 2.0 TDI SCR manuale,https://www.automobile.it/casalecchio-reno-volkswagen-golf-2-0-tdi-scr-manuale/184604261,€ 15.700,Usato,Maggio 2021,96.903 km,Diesel - Euro 6,Manuale,Unico proprietario,Casalecchio di Reno (BO)
Volkswagen Golf 1.0 TSI EVO Life,https://www.automobile.it/campagna-lupia-volkswagen-golf-1-0-tsi-evo-life/184505011,€ 15.749,Usato,Settembre 2021,91.186 km,Benzina - Euro 6,Manuale,,Campagna Lupia (VE)
VOLKSWAGEN Golf 2.0 TDI SCR Style,https://www.automobile.it/grottaglie-volkswagen-golf-2-0-tdi-scr-style/184429566,€ 15.790,Usato,Gennaio 2022,172.000 km,Diesel,Manuale,Unico proprietario,Grottaglie (TA)
Volkswagen Golf Variant 2.0 tdi Life 115cv,https://www.automobile.it/verona-volkswagen-golf-variant-2-0-tdi-life-115cv/184477566,€ 15.800,Usato,Agosto 2021,69.000 km,Diesel,Manuale,Unico proprietario,Verona (VR)
Volkswagen Golf 2.0 TDI SCR Style neopatentati,https://www.automobile.it/casalecchio-reno-volkswagen-golf-2-0-tdi-scr-style-neopatentati/184541942,€ 15.800,Usato,Maggio 2021,96.903 km,Diesel - Euro 6,Manuale,Unico proprietario,Casalecchio di Reno (BO)
VOLKSWAGEN Golf 2.0 TDI DSG SCR Life,https://www.automobile.it/padova-volkswagen-golf-2-0-tdi-dsg-scr-life/183679855,€ 15.800,Usato,Aprile 2021,157.000 km,Diesel - Euro 6,Automatico,,Padova (PD)
Volkswagen Golf 8 2.0 TDI 2021,https://www.automobile.it/rionero-vulture-volkswagen-golf-8-2-0-tdi-2021/184634819,€ 15.800,Usato,Aprile 2021,163.000 km,Diesel - Euro 6,Manuale,,Rionero in Vulture (PZ)
Volkswagen Golf 2.0 TDI 115 CV SCR Life 2022,https://www.automobile.it/ruvo-puglia-volkswagen-golf-2-0-tdi-115-cv-scr-life-2022/184030603,€ 15.800,Usato,Agosto 2022,148.000 km,Diesel - Euro 6,Manuale,Unico proprietario,Ruvo di Puglia (BA)
VOLKSWAGEN Golf 1.0 eTSI EVO DSG Life,https://www.automobile.it/civitanova-marche-volkswagen-golf-1-0-etsi-evo-dsg-life/184613392,€ 15.800,Usato,Novembre 2021,103.000 km,Ibrido - Euro 6,Semiautomatico,Unico proprietario,Civitanova Marche (MC)
Volkswagen Golf 2.0 TDI SCR Style,https://www.automobile.it/garlasco-volkswagen-golf-2-0-tdi-scr-style/184380106,€ 15.800,Usato,Dicembre 2021,149.900 km,Diesel,Manuale,2 Proprietari,Garlasco (PV)
Volkswagen Golf Life DSG BR349205 1.0 Mild Hybrid 110CV,https://www.automobile.it/reggio-emilia-volkswagen-golf-life-dsg-br349205-1-0-mild-hybrid-110cv/184356529,€ 15.890,Usato,Febbraio 2023,66.656 km,Ibrido,Automatico,Unico proprietario,Reggio Emilia (RE)
Volkswagen Golf Life BR864535 2.0 Diesel 116CV,https://www.automobile.it/reggio-emilia-volkswagen-golf-life-br864535-2-0-diesel-116cv/184429646,€ 15.890,Usato,Febbraio 2023,93.557 km,Diesel,Manuale,Unico proprietario,Reggio Emilia (RE)
Volkswagen Golf Life BR864535 2.0 Diesel 116CV,https://www.automobile.it/cinisello-balsamo-volkswagen-golf-life-br864535-2-0-diesel-116cv/184429651,€ 15.890,Usato,Febbraio 2023,93.557 km,Diesel,Manuale,Unico proprietario,Cinisello Balsamo (MI)
Volkswagen Golf Life DSG BR349205 1.0 Mild Hybrid 110CV,https://www.automobile.it/cinisello-balsamo-volkswagen-golf-life-dsg-br349205-1-0-mild-hybrid-110cv/184356526,€ 15.890,Usato,Febbraio 2023,66.656 km,Ibrido,Automatico,Unico proprietario,Cinisello Balsamo (MI)
Volkswagen Golf 1.5 TGI DSG Life,https://www.automobile.it/ottaviano-volkswagen-golf-1-5-tgi-dsg-life/184656640,€ 15.899,Usato,Ottobre 2021,180.000 km,Metano - Euro 6,Automatico,,Ottaviano (NA)
Volkswagen Golf 2.0 tdi Style 115cv,https://www.automobile.it/castellaneta-volkswagen-golf-2-0-tdi-style-115cv/184186541,€ 15.900,Usato,2021,202.000 km,Diesel - Euro 6,Manuale,,Castellaneta (TA)
Volkswagen Golf 8 2.0 TDI SCR Style,https://www.automobile.it/castel-goffredo-volkswagen-golf-8-2-0-tdi-scr-style/184531031,€ 15.900,Usato,Ottobre 2022,139.000 km,Diesel,Manuale,Unico proprietario,Castel Goffredo (MN)
Volkswagen Golf 8 2.0 TDI SCR Style IVA ISPOSTA,https://www.automobile.it/castel-goffredo-volkswagen-golf-8-2-0-tdi-scr-style-iva-isposta/184517329,€ 15.900,Usato,Ottobre 2022,139.000 km,Diesel - Euro 6,Manuale,Unico proprietario,Castel Goffredo (MN)
Volkswagen Golf Variant 1.5 TGI DSG Life,https://www.automobile.it/chiari-volkswagen-golf-variant-1-5-tgi-dsg-life/184623811,€ 15.900,Usato,Agosto 2022,150.000 km,Metano - Euro 6,Automatico,,Chiari (BS)
Volkswagen Golf 1.5 TGI DSG Style,https://www.automobile.it/chiari-volkswagen-golf-1-5-tgi-dsg-style/184624901,€ 15.900,Usato,Settembre 2021,150.000 km,Metano - Euro 6,Semiautomatico,,Chiari (BS)
VOLKSWAGEN - Golf - GTD 2.0 TDI DSG 5p.,https://www.automobile.it/campagna-volkswagen-golf-gtd-2-0-tdi-dsg-5p/184571581,€ 15.900,Usato,Maggio 2022,197.300 km,Diesel - Euro 6,Automatico,,Campagna (SA)
VOLKSWAGEN Golf 1.0 eTSI EVO DSG Life,https://www.automobile.it/sarzana-volkswagen-golf-1-0-etsi-evo-dsg-life/184623025,€ 15.900,Usato,Giugno 2022,68.700 km,Ibrido - Euro 6,Automatico,Unico proprietario,Sarzana (SP)
Volkswagen Golf Variant 2.0 TDI SCR Life,https://www.automobile.it/caserta-volkswagen-golf-variant-2-0-tdi-scr-life/184648280,€ 15.900,Usato,Marzo 2023,54.700 km,Diesel - Euro 6,Manuale,,Caserta (CE)
VOLKSWAGEN Golf 2.0 TDI 115 CV SCR Life,https://www.automobile.it/zinasco-volkswagen-golf-2-0-tdi-115-cv-scr-life/184621088,€ 15.900,Usato,Giugno 2021,106.000 km,Diesel - Euro 6,Manuale,,Zinasco (PV)
Volkswagen Golf 1.0 eTSI EVO DSG Life,https://www.automobile.it/roma-volkswagen-golf-1-0-etsi-evo-dsg-life/184191850,€ 15.990,Usato,Gennaio 2021,89.000 km,Ibrido - Euro 6,Semiautomatico,,Roma (RM)
Volkswagen Golf Life 1.0 TSI #50228,https://www.automobile.it/moncalieri-volkswagen-golf-life-1-0-tsi-50228/184453294,€ 15.990,Usato,Ottobre 2021,52.990 km,Benzina,Manuale,2 Proprietari,Moncalieri (TO)
Volkswagen Golf Variant 1.5 etsi evo Style 130cv dsg,https://www.automobile.it/settimo-milanese-volkswagen-golf-variant-1-5-etsi-evo-style-130cv-dsg/184315466,€ 15.990,Usato,2021,50.000 km,Ibrido - Euro 6,Automatico,,Settimo Milanese (MI)
Volkswagen Golf 2.0 TDI SCR Style,https://www.automobile.it/canosa-puglia-volkswagen-golf-2-0-tdi-scr-style/182658260,€ 15.999,Usato,Maggio 2021,240.000 km,Diesel - Euro 6,Manuale,,Canosa di Puglia (BT)
VW Golf 1.0 TSI Life VIRTUAL COCKPIT APPLE CAR PLAY CLIMA CRUISE CERCHI IQ LED CAMERA MULTIFUNZIO,https://www.automobile.it/orbetello-vw-golf-1-0-tsi-life-virtual-cockpit-apple-car-play-clima-cruise-cerchi-iq-led-camera-multifunzio/184314435,€ 15.999,Usato,Aprile 2021,43.000 km,Benzina - Euro 6,Manuale,Unico proprietario,Orbetello (GR)
VOLKSWAGEN Golf VIII 2020 Variant - Golf Variant 2.0 tdi Life 115cv dsg,https://www.automobile.it/lucca-volkswagen-golf-viii-2020-variant-golf-variant-2-0-tdi-life-115cv-dsg/184580054,€ 16.000,Usato,Aprile 2023,120.101 km,Diesel - Euro 6,Automatico,Unico proprietario,Lucca (LU)
VOLKSWAGEN GOLF VIII 2.0 TDI SCR 85 KW LIFE 5 PORTE BERLINA,https://www.automobile.it/firenze-volkswagen-golf-viii-2-0-tdi-scr-85-kw-life-5-porte-berlina/184628694,€ 16.150,Usato,Luglio 2021,110.416 km,Diesel - Euro 6,Manuale,Unico proprietario,Firenze (FI)
VOLKSWAGEN GOLF VIII 2.0 TDI SCR 85 KW LIFE 5 PORTE BERLINA,https://www.automobile.it/roma-volkswagen-golf-viii-2-0-tdi-scr-85-kw-life-5-porte-berlina/184628421,€ 16.150,Usato,Luglio 2021,110.416 km,Diesel - Euro 6,Manuale,Unico proprietario,Roma (RM)
VOLKSWAGEN GOLF VIII 2.0 TDI SCR 85 KW LIFE 5 PORTE BERLINA,https://www.automobile.it/pozzuoli-volkswagen-golf-viii-2-0-tdi-scr-85-kw-life-5-porte-berlina/184628812,€ 16.150,Usato,Luglio 2021,110.416 km,Diesel - Euro 6,Manuale,Unico proprietario,Pozzuoli (NA)
VOLKSWAGEN GOLF VIII 2.0 TDI SCR 85 KW LIFE 5 PORTE BERLINA,https://www.automobile.it/verona-volkswagen-golf-viii-2-0-tdi-scr-85-kw-life-5-porte-berlina/184628435,€ 16.150,Usato,Luglio 2021,110.416 km,Diesel - Euro 6,Manuale,Unico proprietario,Verona (VR)
VOLKSWAGEN GOLF VIII 2.0 TDI SCR 85 KW LIFE 5 PORTE BERLINA,https://www.automobile.it/bentivoglio-volkswagen-golf-viii-2-0-tdi-scr-85-kw-life-5-porte-berlina/184628477,€ 16.150,Usato,Luglio 2021,110.416 km,Diesel - Euro 6,Manuale,Unico proprietario,Bentivoglio (BO)
VOLKSWAGEN Golf 2.0 TDI 150 CV DSG ACC Radar Lane Assist LED UniPr,https://www.automobile.it/rezzato-volkswagen-golf-2-0-tdi-150-cv-dsg-acc-radar-lane-assist-led-unipr/184473099,€ 16.200,Usato,Giugno 2022,164.280 km,Diesel - Euro 6,Automatico,Unico proprietario,Rezzato (BS)
Volkswagen Golf 2.0 TDI SCR Style,https://www.automobile.it/martano-volkswagen-golf-2-0-tdi-scr-style/184352964,€ 16.300,Usato,Marzo 2022,139.000 km,Diesel - Euro 6,Manuale,,Martano (LE)
VOLKSWAGEN Golf 2.0 TDI 115 CV SCR Life,https://www.automobile.it/cuneo-volkswagen-golf-2-0-tdi-115-cv-scr-life/184432361,€ 16.300,Usato,Maggio 2021,95.000 km,Diesel - Euro 6,Manuale,,Cuneo (CN)
VW Golf 2.0 TDI SCR DSG PREZZO REALE/SERVICE UFFICIALE,https://www.automobile.it/verona-vw-golf-2-0-tdi-scr-dsg-prezzo-reale-service-ufficiale/184509211,€ 16.390,Usato,Giugno 2022,79.889 km,Diesel - Euro 6,Automatico,Unico proprietario,Verona (VR)
Volkswagen Golf Variant Variant Life BR169710 2.0 Diesel 116CV,https://www.automobile.it/reggio-emilia-volkswagen-golf-variant-variant-life-br169710-2-0-diesel-116cv/184411419,€ 16.390,Usato,Marzo 2024,43.083 km,Diesel,Manuale,Unico proprietario,Reggio Emilia (RE)
Volkswagen Golf Variant Variant Life BR169710 2.0 Diesel 116CV,https://www.automobile.it/cinisello-balsamo-volkswagen-golf-variant-variant-life-br169710-2-0-diesel-116cv/184411423,€ 16.390,Usato,Marzo 2024,43.083 km,Diesel,Manuale,Unico proprietario,Cinisello Balsamo (MI)
VOLKSWAGEN Golf 7ª serie Golf 2.0 TDI 5p. Spor...,https://www.automobile.it/darfo-boario-terme-volkswagen-golf-7-serie-golf-2-0-tdi-5p-spor/184640191,€ 16.390,Usato,2026,147.000 km,Diesel,Manuale,,Darfo Boario Terme (BS)
Volkswagen Golf Variant 2.0 TDI 150 CV DSG SCR Life,https://www.automobile.it/potenza-volkswagen-golf-variant-2-0-tdi-150-cv-dsg-scr-life/184425805,€ 16.399,Usato,Dicembre 2021,91.605 km,Diesel - Euro 6,Automatico,,Potenza (PZ)
Volkswagen Golf 2.0 TDI 115 CV SCR Life,https://www.automobile.it/tricesimo-volkswagen-golf-2-0-tdi-115-cv-scr-life/184572458,€ 16.400,Usato,Settembre 2022,149.000 km,Diesel - Euro 6,Manuale,,Tricesimo (UD)
VOLKSWAGEN Golf Variant 2.0 TDI 116 CV DSG Life - PROMO,https://www.automobile.it/este-volkswagen-golf-variant-2-0-tdi-116-cv-dsg-life-promo/184423092,€ 16.490,Usato,Maggio 2023,85.000 km,Diesel - Euro 6,Automatico,,Este (PD)
VOLKSWAGEN Golf Variant 2.0 TDI SCR Life,https://www.automobile.it/treviso-volkswagen-golf-variant-2-0-tdi-scr-life/182039196,€ 16.500,Usato,Aprile 2021,94.000 km,Diesel,Manuale,,Treviso (TV)
Volkswagen Golf 1.0 etsi evo Life 110cv dsg,https://www.automobile.it/alghero-volkswagen-golf-1-0-etsi-evo-life-110cv-dsg/184186535,€ 16.500,Usato,2021,140.000 km,Ibrido - Euro 6,Automatico,,Alghero (SS)
VOLKSWAGEN - Golf - 2.0 TDI SCR Style,https://www.automobile.it/follonica-volkswagen-golf-2-0-tdi-scr-style/183908320,€ 16.500,Usato,Agosto 2021,159.000 km,Diesel - Euro 6,Manuale,Unico proprietario,Follonica (GR)
Volkswagen Golf 2.0 TDI DSG.2022.,https://www.automobile.it/rudiano-volkswagen-golf-2-0-tdi-dsg-2022/184323494,€ 16.500,Usato,Febbraio 2022,145.443 km,Diesel - Euro 6,Automatico,,Rudiano (BS)
VOLKSWAGEN Golf Variant 1.0 TSI Life,https://www.automobile.it/arsie-volkswagen-golf-variant-1-0-tsi-life/181375336,€ 16.500,Usato,Ottobre 2021,69.997 km,Benzina - Euro 6,Manuale,Unico proprietario,Arsiè (BL)
Volkswagen Golf Variant 2.0 TDI SCR Style,https://www.automobile.it/manoppello-volkswagen-golf-variant-2-0-tdi-scr-style/184427978,€ 16.500,Usato,Settembre 2021,103.500 km,Diesel - Euro 6,Manuale,,Manoppello (PE)
Volkswagen Golf 2.0 TDI DSG.2022.,https://www.automobile.it/rudiano-volkswagen-golf-2-0-tdi-dsg-2022/184428925,€ 16.500,Usato,Febbraio 2022,145.443 km,Diesel - Euro 6,Automatico,,Rudiano (BS)
Volkswagen Golf Golf VIII 2021 1.5 tsi Style 130cv,https://www.automobile.it/chivasso-volkswagen-golf-golf-viii-2021-1-5-tsi-style-130cv/184456174,€ 16.500,Usato,2021,140.950 km,Benzina - Euro 6,Manuale,,Chivasso (TO)
VOLKSWAGEN Golf 1.5 TSI 150CV Style NAVI IQ-LIGHT RETROCAMERA,https://www.automobile.it/barrafranca-volkswagen-golf-1-5-tsi-150cv-style-navi-iq-light-retrocamera/183143785,€ 16.500,Usato,Aprile 2021,169.900 km,Benzina,Manuale,Unico proprietario,Barrafranca (EN)
VOLKSWAGEN Golf Variant 1.5 TGI DSG Life,https://www.automobile.it/vigevano-volkswagen-golf-variant-1-5-tgi-dsg-life/184530223,€ 16.500,Usato,Ottobre 2021,86.878 km,Metano - Euro 6,Automatico,,Vigevano (PV)
VOLKSWAGEN Golf Variant 1.5 TGI DSG Life,https://www.automobile.it/vigevano-volkswagen-golf-variant-1-5-tgi-dsg-life/184530225,€ 16.500,Usato,Ottobre 2021,86.878 km,Benzina - Euro 6,Automatico,,Vigevano (PV)
VOLKSWAGEN Golf 2.0 TDI SCR Style,https://www.automobile.it/favara-volkswagen-golf-2-0-tdi-scr-style/184488192,€ 16.500,Usato,Aprile 2021,168.140 km,Diesel,Manuale,,Favara (AG)
Volkswagen Golf 1.0 TSI EVO Life,https://www.automobile.it/roma-volkswagen-golf-1-0-tsi-evo-life/184429040,€ 16.500,Usato,Settembre 2021,76.032 km,Benzina - Euro 6,Manuale,,Roma (RM)
Volkswagen Golf 8 Variant 2.0 TDI HIGHLINE SCR DSG Life,https://www.automobile.it/morgano-volkswagen-golf-8-variant-2-0-tdi-highline-scr-dsg-life/184627635,€ 16.500,Usato,Marzo 2023,129.000 km,Diesel - Euro 6,Automatico,Unico proprietario,Morgano (TV)
Volkswagen Golf 2.0 TDI 115 CV SCR Life,https://www.automobile.it/schio-volkswagen-golf-2-0-tdi-115-cv-scr-life/184621656,€ 16.500,Usato,Luglio 2021,123.000 km,Diesel - Euro 6,Manuale,Unico proprietario,Schio (VI)
Volkswagen Golf 2.0 TDI SCR Style,https://www.automobile.it/castello-godego-volkswagen-golf-2-0-tdi-scr-style/184608770,€ 16.500,Usato,Giugno 2021,137.000 km,Diesel - Euro 6,Manuale,Unico proprietario,Castello di Godego (TV)
Volkswagen Golf 2.0 TDI SCR Style Tetto apribile,https://www.automobile.it/chiari-volkswagen-golf-2-0-tdi-scr-style-tetto-apribile/184336234,€ 16.500,Usato,Gennaio 2023,236.051 km,Diesel - Euro 6,Manuale,Unico proprietario,Chiari (BS)
Volkswagen Golf 1.5 tgi Style 130cv dsg,https://www.automobile.it/lissone-volkswagen-golf-1-5-tgi-style-130cv-dsg/183833231,€ 16.590,Usato,Aprile 2021,117.000 km,Metano,Automatico,Unico proprietario,Lissone (MB)
Volkswagen Golf 1.5 TSI 150 CV EVO ACT R-Line,https://www.automobile.it/nichelino-volkswagen-golf-1-5-tsi-150-cv-evo-act-r-line/184409255,€ 16.700,Usato,Settembre 2022,188.000 km,Benzina - Euro 6,Manuale,,Nichelino (TO)
VOLKSWAGEN Golf 1.0 eTSI EVO DSG Life,https://www.automobile.it/san-vito-normanni-volkswagen-golf-1-0-etsi-evo-dsg-life/184603094,€ 16.700,Usato,Settembre 2021,36.556 km,Ibrido - Euro 6,Semiautomatico,Unico proprietario,San Vito dei Normanni (BR)
Volkswagen Golf 1.0 tsi evo Life 110cv,https://www.automobile.it/alba-volkswagen-golf-1-0-tsi-evo-life-110cv/184321635,€ 16.800,Usato,Settembre 2021,81.500 km,Benzina,Manuale,Unico proprietario,Alba (CN)
VOLKSWAGEN Golf 1.0 eTSI EVO DSG Life,https://www.automobile.it/acquasparta-volkswagen-golf-1-0-etsi-evo-dsg-life/184443665,€ 16.800,Usato,Marzo 2021,102.150 km,Ibrido - Euro 6,Semiautomatico,,Acquasparta (TR)
Volkswagen Golf 2.0 tdi life 115cv,https://www.automobile.it/venezia-volkswagen-golf-2-0-tdi-life-115cv/184429968,€ 16.800,Usato,Aprile 2021,132.587 km,Altro,Manuale,,Venezia (VE)
Golf 2.0 TDI DSG 115 CV SCR Life,https://www.automobile.it/forlimpopoli-golf-2-0-tdi-dsg-115-cv-scr-life/184360700,€ 16.800,Usato,Novembre 2022,133.000 km,Diesel - Euro 6,Automatico,,Forlimpopoli (FC)
Volkswagen Golf 2.0 TDI 150 CV DSG SCR Life,https://www.automobile.it/cervia-volkswagen-golf-2-0-tdi-150-cv-dsg-scr-life/184614241,€ 16.800,Usato,Giugno 2023,136.000 km,Diesel - Euro 6,Semiautomatico,Unico proprietario,Cervia (RA)
Volkswagen Golf 2.0 TDI 150 CV DSG SCR Life,https://www.automobile.it/cervia-volkswagen-golf-2-0-tdi-150-cv-dsg-scr-life/184614241,€ 16.800,Usato,Giugno 2023,136.000 km,Diesel - Euro 6,Semiautomatico,Unico proprietario,Cervia (RA)
VOLKSWAGEN Golf 1.5 TSI Life,https://www.automobile.it/caorso-volkswagen-golf-1-5-tsi-life/184002109,€ 16.890,Usato,Gennaio 2023,60.000 km,Benzina - Euro 6,Manuale,Unico proprietario,Caorso (PC)
Volkswagen Golf Variant 1.5 eTSI EVO ACT 130CV DSG,https://www.automobile.it/san-pietro-casale-volkswagen-golf-variant-1-5-etsi-evo-act-130cv-dsg/182731132,€ 16.900,Usato,Maggio 2021,102.653 km,Ibrido - Euro 5,Automatico,,San Pietro in Casale (BO)
Volkswagen Golf Golf 2.0 tdi Style 115cv,https://www.automobile.it/bricherasio-volkswagen-golf-golf-2-0-tdi-style-115cv/184131617,€ 16.900,Usato,Gennaio 2021,110.000 km,Diesel - Euro 6,Manuale,,Bricherasio (TO)
Volkswagen Golf 2.0 TDI 115 CV SCR Life,https://www.automobile.it/argelato-volkswagen-golf-2-0-tdi-115-cv-scr-life/184391344,€ 16.900,Usato,Giugno 2022,150.000 km,Diesel - Euro 6,Manuale,,Argelato (BO)
VOLKSWAGEN GOLF 8 2.0 TDI 115 CV NEO PATENTATI FULL IVA,https://www.automobile.it/pietraperzia-volkswagen-golf-8-2-0-tdi-115-cv-neo-patentati-full-iva/184427644,€ 16.900,Usato,Novembre 2021,159.000 km,Diesel - Euro 6,Manuale,,Pietraperzia (EN)
Volkswagen Golf Variant Variant 2.0 tdi Life 115cv dsg,https://www.automobile.it/porto-san-giorgio-volkswagen-golf-variant-variant-2-0-tdi-life-115cv-dsg/184340550,€ 16.900,Usato,Maggio 2023,100.000 km,Diesel,Automatico,Unico proprietario,Porto San Giorgio (FM)
Volkswagen Golf 2.0 TDI 115 CV SCR Life,https://www.automobile.it/eboli-volkswagen-golf-2-0-tdi-115-cv-scr-life/184535656,€ 16.900,Usato,Settembre 2023,100.000 km,Diesel - Euro 6,Manuale,,Eboli (SA)
VOLKSWAGEN Golf 1.0 eTSI EVO DSG Life,https://www.automobile.it/zinasco-volkswagen-golf-1-0-etsi-evo-dsg-life/183770979,€ 16.900,Usato,Febbraio 2022,95.000 km,Ibrido - Euro 6,Automatico,,Zinasco (PV)
Volkswagen Golf 1.0 TSI EVO Life,https://www.automobile.it/ardea-volkswagen-golf-1-0-tsi-evo-life/184508418,€ 16.900,Usato,Ottobre 2022,84.262 km,Benzina,Manuale,,Ardea (RM)
Volkswagen Golf 2.0 TDI 115 CV SCR Life,https://www.automobile.it/prato-volkswagen-golf-2-0-tdi-115-cv-scr-life/184632965,€ 16.900,Usato,Maggio 2023,81.000 km,Diesel - Euro 6,Manuale,,Prato (PO)
Volkswagen Golf 1.0 eTSI EVO DSG Life,https://www.automobile.it/lanciano-volkswagen-golf-1-0-etsi-evo-dsg-life/183455366,€ 16.900,Usato,Giugno 2023,79.200 km,Ibrido - Euro 6,Automatico,,Lanciano (CH)
Volkswagen Golf Golf 2.0 TDI DSG SCR Life,https://www.automobile.it/torino-volkswagen-golf-golf-2-0-tdi-dsg-scr-life/181660498,€ 16.900,Usato,Giugno 2022,128.305 km,Diesel - Euro 6,Semiautomatico,,Torino (TO)
Volkswagen Golf Hybrid/Benzina Automatica,https://www.automobile.it/milano-volkswagen-golf-hybrid-benzina-automatica/184662471,€ 16.900,Usato,Marzo 2023,56.000 km,Ibrido - Euro 6,Automatico,,Milano (MI)
VOLKSWAGEN Golf 2.0 TDI 115 CV SCR Life,https://www.automobile.it/volla-volkswagen-golf-2-0-tdi-115-cv-scr-life/184547498,€ 16.900,Usato,Agosto 2022,159.000 km,Diesel - Euro 6,Manuale,Unico proprietario,Volla (NA)
Volkswagen Golf 2.0 TDI 115 CV SCR Life,https://www.automobile.it/argelato-volkswagen-golf-2-0-tdi-115-cv-scr-life/184667545,€ 16.900,Usato,Giugno 2022,150.000 km,Diesel - Euro 6,Manuale,,Argelato (BO)
Volkswagen Golf 2.0 TDI 115 CV SCR Life,https://www.automobile.it/cattolica-eraclea-volkswagen-golf-2-0-tdi-115-cv-scr-life/184558077,€ 16.960,Usato,Ottobre 2022,151.313 km,Diesel - Euro 6,Manuale,,Cattolica Eraclea (AG)
VW Golf 1.0 TSI Life CLIMATRONIC VIRTUAL COCKPIT APPLE CAR PLAY CRUISE ADATIVE CERCHI MULTIF.,https://www.automobile.it/roma-vw-golf-1-0-tsi-life-climatronic-virtual-cockpit-apple-car-play-cruise-adative-cerchi-multif/182123719,€ 16.990,Usato,Gennaio 2021,45.000 km,Benzina - Euro 6,Manuale,Unico proprietario,Roma (RM)
Volkswagen Golf 1.0 TSI 110cv EVO Life AUTOMATICO,https://www.automobile.it/cercola-volkswagen-golf-1-0-tsi-110cv-evo-life-automatico/184540689,€ 16.990,Usato,Agosto 2023,100.000 km,Benzina - Euro 6,Automatico,Unico proprietario,Cercola (NA)
Volkswagen Golf 2.0 TDI SCR Style,https://www.automobile.it/tramonti-volkswagen-golf-2-0-tdi-scr-style/184657737,€ 16.990,Usato,Gennaio 2021,87.200 km,Diesel - Euro 6,Manuale,,Tramonti (SA)
Volkswagen Golf 2.0 TDI SCR Style,https://www.automobile.it/tramonti-volkswagen-golf-2-0-tdi-scr-style/184657737,€ 16.990,Usato,Gennaio 2021,87.200 km,Diesel - Euro 6,Manuale,,Tramonti (SA)
VOLKSWAGEN Golf 1.5 TSI EVO ACT Life,https://www.automobile.it/collesalvetti-volkswagen-golf-1-5-tsi-evo-act-life/182757948,€ 16.999,Usato,Maggio 2021,87.131 km,Benzina - Euro 6,Manuale,,Collesalvetti (LI)
Volkswagen Golf 1.0 TSI EVO Life Garanzia 12 mesi,https://www.automobile.it/angri-volkswagen-golf-1-0-tsi-evo-life-garanzia-12-mesi/183018411,€ 16.999,Usato,Dicembre 2022,37.700 km,Benzina - Euro 6,Manuale,,Angri (SA)
Volkswagen Golf 2.0 TDI 115 CV SCR Life,https://www.automobile.it/palma-montechiaro-volkswagen-golf-2-0-tdi-115-cv-scr-life/184585449,€ 16.999,Usato,Novembre 2022,189.987 km,Diesel - Euro 6,Manuale,,Palma di Montechiaro (AG)
Volkswagen Golf 2.0 TDI 115 CV SCR Life,https://www.automobile.it/santi-cosma-damiano-volkswagen-golf-2-0-tdi-115-cv-scr-life/183914963,€ 17.000,Usato,Giugno 2022,160.000 km,Diesel - Euro 6,Manuale,,Santi Cosma e Damiano (LT)
VOLKSWAGEN Golf 8 AUTOMATICA,https://www.automobile.it/siracusa-volkswagen-golf-8-automatica/184448863,€ 17.200,Usato,Aprile 2021,117.000 km,Diesel - Euro 6,Automatico,,Siracusa (SR)
VOLKSWAGEN Golf 1.0 eTSI EVO DSG Life,https://www.automobile.it/mondavio-volkswagen-golf-1-0-etsi-evo-dsg-life/184457184,€ 17.200,Usato,Aprile 2021,119.000 km,Ibrido - Euro 6,Automatico,,Mondavio (PU)
Volkswagen Golf 2.0 TDI SCR Style IVA ESPOSTA PREZZO PIU' IVA,https://www.automobile.it/marostica-volkswagen-golf-2-0-tdi-scr-style-iva-esposta-prezzo-piu-iva/184666556,€ 17.200,Usato,Maggio 2023,92.300 km,Diesel - Euro 6,Manuale,,Marostica (VI)
Volkswagen Golf 2.0 TDI 115 CV SCR Life dsg,https://www.automobile.it/sogliano-cavour-volkswagen-golf-2-0-tdi-115-cv-scr-life-dsg/183558013,€ 17.250,Usato,Maggio 2021,178.000 km,Diesel - Euro 6,Automatico,,Sogliano Cavour (LE)
Volkswagen Golf Life DSG BR375454 2.0 Diesel 150CV,https://www.automobile.it/cinisello-balsamo-volkswagen-golf-life-dsg-br375454-2-0-diesel-150cv/184412325,€ 17.290,Usato,Aprile 2021,74.597 km,Diesel,Automatico,Unico proprietario,Cinisello Balsamo (MI)
Volkswagen Golf Life DSG BR375454 2.0 Diesel 150CV,https://www.automobile.it/reggio-emilia-volkswagen-golf-life-dsg-br375454-2-0-diesel-150cv/184412313,€ 17.290,Usato,Aprile 2021,74.597 km,Diesel,Automatico,Unico proprietario,Reggio Emilia (RE)
Volkswagen Golf Life DSG BR314459 1.5 Mild Hybrid 130CV,https://www.automobile.it/reggio-emilia-volkswagen-golf-life-dsg-br314459-1-5-mild-hybrid-130cv/184665334,€ 17.290,Usato,Giugno 2022,67.367 km,Altro,Automatico,Unico proprietario,Reggio Emilia (RE)
Volkswagen Golf Life DSG BR314459 1.5 Mild Hybrid 130CV,https://www.automobile.it/cinisello-balsamo-volkswagen-golf-life-dsg-br314459-1-5-mild-hybrid-130cv/184664492,€ 17.290,Usato,Giugno 2022,67.367 km,Altro,Automatico,Unico proprietario,Cinisello Balsamo (MI)
Volkswagen Golf Variant 2.0 TDI 150CV Life DSG,https://www.automobile.it/roma-volkswagen-golf-variant-2-0-tdi-150cv-life-dsg/183881824,€ 17.381,Usato,Giugno 2021,75.000 km,Diesel,Automatico,,Roma (RM)
Volkswagen Golf Variant 2.0 TDI 150CV Life DSG,https://www.automobile.it/curno-volkswagen-golf-variant-2-0-tdi-150cv-life-dsg/183881860,€ 17.381,Usato,Giugno 2021,75.000 km,Diesel,Automatico,,Curno (BG)
Volkswagen Golf Variant 2.0 TDI 150CV Life DSG,https://www.automobile.it/sala-bolognese-volkswagen-golf-variant-2-0-tdi-150cv-life-dsg/183881909,€ 17.381,Usato,Giugno 2021,75.000 km,Diesel,Automatico,,Sala Bolognese (BO)
Volkswagen Golf Variant 2.0 TDI 150CV Life DSG,https://www.automobile.it/milano-volkswagen-golf-variant-2-0-tdi-150cv-life-dsg/183881894,€ 17.381,Usato,Giugno 2021,75.000 km,Diesel,Automatico,,Milano (MI)
Volkswagen Golf Variant 2.0 TDI 150CV Life DSG,https://www.automobile.it/meda-volkswagen-golf-variant-2-0-tdi-150cv-life-dsg/184209347,€ 17.381,Usato,Giugno 2021,75.000 km,Diesel,Automatico,,Meda (MB)
Volkswagen Golf Variant 2.0 TDI 150CV Life DSG,https://www.automobile.it/barzago-volkswagen-golf-variant-2-0-tdi-150cv-life-dsg/183881988,€ 17.381,Usato,Giugno 2021,75.000 km,Diesel,Automatico,,Barzago (LC)
Volkswagen Golf Variant 2.0 TDI 150CV Life DSG,https://www.automobile.it/san-giorgio-bosco-volkswagen-golf-variant-2-0-tdi-150cv-life-dsg/183882041,€ 17.381,Usato,Giugno 2021,75.000 km,Diesel,Automatico,,San Giorgio in Bosco (PD)
Volkswagen Golf 2.0 TDI SCR UNICO PROPRIETARIO,https://www.automobile.it/quartucciu-volkswagen-golf-2-0-tdi-scr-unico-proprietario/182208803,€ 17.400,Usato,Aprile 2021,137.000 km,Diesel - Euro 6,Manuale,,Quartucciu (CA)
Volkswagen Golf 2.0 TDI 115cv Life,https://www.automobile.it/capaccio-volkswagen-golf-2-0-tdi-115cv-life/184537153,€ 17.400,Usato,Settembre 2022,127.000 km,Diesel - Euro 6,Manuale,,Capaccio (SA)
Volkswagen Golf LIFE 1.0 eTSI EVO DSG 5 porte,https://www.automobile.it/bagnaria-arsa-volkswagen-golf-life-1-0-etsi-evo-dsg-5-porte/184575625,€ 17.400,Usato,Febbraio 2021,79.100 km,Ibrido - Euro 6,Semiautomatico,,Bagnaria Arsa (UD)
Volkswagen Golf Variant 2.0 TDI SCR Life,https://www.automobile.it/prato-volkswagen-golf-variant-2-0-tdi-scr-life/184632980,€ 17.400,Usato,Agosto 2022,56.000 km,Diesel - Euro 6,Manuale,,Prato (PO)
Volkswagen Golf Golf 2.0 tdi 115cv dsg,https://www.automobile.it/roma-volkswagen-golf-golf-2-0-tdi-115cv-dsg/184522489,€ 17.490,Usato,Marzo 2022,81.900 km,Diesel - Euro 6,Automatico,,Roma (RM)
VOLKSWAGEN Golf 2.0 TDI 115 CV SCR Life,https://www.automobile.it/volla-volkswagen-golf-2-0-tdi-115-cv-scr-life/184547524,€ 17.490,Usato,Dicembre 2022,149.000 km,Diesel - Euro 6,Manuale,Unico proprietario,Volla (NA)
Volkswagen Golf Golf 1.0 TSI EVO Life,https://www.automobile.it/marcianise-volkswagen-golf-golf-1-0-tsi-evo-life/182906237,€ 17.490,Usato,Novembre 2022,76.842 km,Benzina - Euro 6,Manuale,,Marcianise (CE)
Volkswagen Golf 2.0 TDI SCR Life,https://www.automobile.it/marostica-volkswagen-golf-2-0-tdi-scr-life/184163395,€ 17.490,Usato,Maggio 2023,112.000 km,Diesel,Manuale,,Marostica (VI)
Volkswagen Golf 1.5 TGI DSG Style,https://www.automobile.it/reggio-emilia-volkswagen-golf-1-5-tgi-dsg-style/184623637,€ 17.499,Usato,Aprile 2021,150.300 km,Metano - Euro 6,Automatico,,Reggio Emilia (RE)
Volkswagen Golf 2.0 TDI 150 CV DSG SCR Style,https://www.automobile.it/sassari-volkswagen-golf-2-0-tdi-150-cv-dsg-scr-style/182202855,€ 17.500,Usato,Marzo 2021,210.000 km,Diesel - Euro 6,Semiautomatico,Unico proprietario,Sassari (SS)
VOLKSWAGEN Golf 2.0 TDI 150 CV DSG SCR Style,https://www.automobile.it/san-michele-salentino-volkswagen-golf-2-0-tdi-150-cv-dsg-scr-style/181737696,€ 17.500,Usato,Giugno 2021,151.000 km,Diesel,Automatico,Unico proprietario,San Michele Salentino (BR)
Volkswagen Golf 2.0 TDI 115 CV SCR Life,https://www.automobile.it/patrica-volkswagen-golf-2-0-tdi-115-cv-scr-life/181489706,€ 17.500,Usato,Settembre 2021,180.000 km,Diesel - Euro 6,Manuale,,Patrica (FR)
VOLKSWAGEN Golf 2.0 TDI DSG SCR Style STUPENDA COME NUOVA!,https://www.automobile.it/giugliano-campania-volkswagen-golf-2-0-tdi-dsg-scr-style-stupenda-nuova/182582385,€ 17.500,Usato,Luglio 2022,145.000 km,Diesel,Semiautomatico,Unico proprietario,Giugliano in Campania (NA)
Volkswagen Golf 8 1.0 110CV eTSI EVO DSG Life,https://www.automobile.it/sciacca-volkswagen-golf-8-1-0-110cv-etsi-evo-dsg-life/184313181,€ 17.500,Usato,Ottobre 2022,108.000 km,Ibrido - Euro 6,Automatico,Unico proprietario,Sciacca (AG)
Volkswagen Golf 1.0 tsi evo Life 110cv,https://www.automobile.it/verona-volkswagen-golf-1-0-tsi-evo-life-110cv/184477565,€ 17.500,Usato,Febbraio 2023,43.000 km,Benzina,Manuale,Unico proprietario,Verona (VR)
Volkswagen Golf 1.0 TSI EVO Life dsg 110cv,https://www.automobile.it/altamura-volkswagen-golf-1-0-tsi-evo-life-dsg-110cv/183700187,€ 17.500,Usato,Febbraio 2021,74.000 km,Benzina - Euro 6,Automatico,,Altamura (BA)
VOLKSWAGEN Golf 2.0 TDI 115 CV SCR Life,https://www.automobile.it/calcinato-volkswagen-golf-2-0-tdi-115-cv-scr-life/184547022,€ 17.500,Usato,Febbraio 2023,105.000 km,Diesel - Euro 6,Manuale,Unico proprietario,Calcinato (BS)
Volkswagen Golf 2.0 TDI 115CV DSG Life,https://www.automobile.it/ravenna-volkswagen-golf-2-0-tdi-115cv-dsg-life/184487858,€ 17.500,Usato,Aprile 2021,129.081 km,Diesel - Euro 6,Automatico,,Ravenna (RA)
Volkswagen Golf 1.0 TSI EVO Life dsg 110cv,https://www.automobile.it/modugno-volkswagen-golf-1-0-tsi-evo-life-dsg-110cv/183790425,€ 17.500,Usato,Febbraio 2021,74.000 km,Benzina - Euro 6,Manuale,,Modugno (BA)
Volkswagen Golf 2.0 TDI SCR Style,https://www.automobile.it/francavilla-sinni-volkswagen-golf-2-0-tdi-scr-style/184592565,€ 17.500,Usato,Ottobre 2021,116.000 km,Diesel - Euro 6,Manuale,,Francavilla in Sinni (PZ)
Volkswagen Golf 2.0 TDI SCR Style,https://www.automobile.it/francavilla-sinni-volkswagen-golf-2-0-tdi-scr-style/184592565,€ 17.500,Usato,Ottobre 2021,116.000 km,Diesel - Euro 6,Manuale,,Francavilla in Sinni (PZ)
Volkswagen Golf 2.0 TDI 115 CV SCR Life,https://www.automobile.it/frosinone-volkswagen-golf-2-0-tdi-115-cv-scr-life/183095521,€ 17.500,Aziendale,Dicembre 2021,117.000 km,Diesel - Euro 6,Manuale,,Frosinone (FR)
Volkswagen Golf 2.0 TDI 116 CV DSG Life,https://www.automobile.it/solofra-volkswagen-golf-2-0-tdi-116-cv-dsg-life/184662985,€ 17.500,Usato,Ottobre 2022,150.000 km,Diesel - Euro 6,Semiautomatico,,Solofra (AV)
VOLKSWAGEN Golf Golf VIII 2.0 tdi Life 115cv - GD571XP,https://www.automobile.it/basiliano-volkswagen-golf-golf-viii-2-0-tdi-life-115cv-gd571xp/184574695,€ 17.600,Usato,Aprile 2021,93.000 km,Diesel - Euro 6,Manuale,,Basiliano (UD)
Volkswagen Golf Variant 2.0 TDI Style 12/2021,https://www.automobile.it/verona-volkswagen-golf-variant-2-0-tdi-style-12-2021/182235794,€ 17.700,Usato,Dicembre 2021,105.507 km,Diesel - Euro 6,Manuale,Unico proprietario,Verona (VR)
VOLKSWAGEN Golf 2.0 TDI 115 CV SCR Life,https://www.automobile.it/noale-volkswagen-golf-2-0-tdi-115-cv-scr-life/184319732,€ 17.700,Usato,Giugno 2021,138.000 km,Diesel - Euro 6,Manuale,,Noale (VE)
Volkswagen Golf 1.0 etsi evo life 110cv dsg,https://www.automobile.it/treviso-volkswagen-golf-1-0-etsi-evo-life-110cv-dsg/183974815,€ 17.790,Usato,Luglio 2021,77.037 km,Altro,Semiautomatico,,Treviso (TV)
Volkswagen Golf Golf 2.0 tdi Life 115cv,https://www.automobile.it/ferrara-volkswagen-golf-golf-2-0-tdi-life-115cv/184388026,€ 17.790,Usato,Maggio 2021,107.530 km,Diesel - Euro 6,Manuale,2 Proprietari,Ferrara (FE)
"VOLKSWAGEN Golf 1.0 eTSI EVO Life DSG 17"" MHEV C/GRIMALDI SP.DAY",https://www.automobile.it/vigevano-volkswagen-golf-1-0-etsi-evo-life-dsg-17-mhev-grimaldi-sp-day/184399236,€ 17.800,Usato,Dicembre 2022,52.424 km,Ibrido - Euro 6,Automatico,,Vigevano (PV)
VOLKSWAGEN Golf Variant 1.0 etsi evo Life 110cv dsg,https://www.automobile.it/reggio-emilia-volkswagen-golf-variant-1-0-etsi-evo-life-110cv-dsg/184564326,€ 17.800,Usato,Luglio 2023,57.164 km,Ibrido - Euro 6,Automatico,,Reggio Emilia (RE)
Volkswagen Golf 2.0 TDI DSG SCR Style,https://www.automobile.it/massafra-volkswagen-golf-2-0-tdi-dsg-scr-style/182813844,€ 17.800,Usato,Marzo 2022,179.000 km,Diesel - Euro 6,Semiautomatico,Unico proprietario,Massafra (TA)
Volkswagen Golf 2.0 TDI SCR Style,https://www.automobile.it/alessandria-volkswagen-golf-2-0-tdi-scr-style/184582226,€ 17.800,Usato,Agosto 2022,129.000 km,Diesel - Euro 6,Manuale,Unico proprietario,Alessandria (AL)
Volkswagen Golf 1.0 eTSI EVO DSG Life,https://www.automobile.it/bozzolo-volkswagen-golf-1-0-etsi-evo-dsg-life/184032271,€ 17.800,Usato,Giugno 2022,92.000 km,Ibrido - Euro 6,Automatico,,Bozzolo (MN)
Volkswagen Golf 1.0 etsi evo life 110cv dsg,https://www.automobile.it/rende-volkswagen-golf-1-0-etsi-evo-life-110cv-dsg/184426715,€ 17.800,Usato,Maggio 2021,116.276 km,Altro,Automatico,,Rende (CS)
Volkswagen Golf 8 2.0 TDI Life,https://www.automobile.it/fiuggi-volkswagen-golf-8-2-0-tdi-life/184663081,€ 17.850,Usato,Maggio 2021,123.000 km,Diesel,Manuale,,Fiuggi (FR)
VOLKSWAGEN Golf Variant 2.0 TDI 150 CV DSG SCR L,https://www.automobile.it/treviso-volkswagen-golf-variant-2-0-tdi-150-cv-dsg-scr/182039275,€ 17.900,Usato,Giugno 2022,130.000 km,Diesel,Automatico,,Treviso (TV)
Volkswagen Golf 1.0 eTSI EVO DSG LIFE 2023,https://www.automobile.it/campobasso-volkswagen-golf-1-0-etsi-evo-dsg-life-2023/183001941,€ 17.900,Usato,Aprile 2023,85.701 km,Ibrido - Euro 6,Semiautomatico,,Campobasso (CB)
Volkswagen Golf 2.0 TDi 115 Cv. SPORT,https://www.automobile.it/bellona-volkswagen-golf-2-0-tdi-115-cv-sport/183321162,€ 17.900,Usato,Maggio 2022,134.270 km,Diesel,Manuale,Unico proprietario,Bellona (CE)
Volkswagen Golf 2.0 TDI 115cv Life,https://www.automobile.it/capaccio-volkswagen-golf-2-0-tdi-115cv-life/184537156,€ 17.900,Usato,Settembre 2022,105.000 km,Diesel - Euro 6,Manuale,,Capaccio (SA)
VOLKSWAGEN Golf 2.0 TDI 115 CV SCR Life,https://www.automobile.it/san-michele-salentino-volkswagen-golf-2-0-tdi-115-cv-scr-life/184560016,€ 17.900,Usato,Luglio 2021,134.000 km,Diesel,Manuale,,San Michele Salentino (BR)
Volkswagen Golf 1.5 TSI ACT DSG 5p. Executive BMT,https://www.automobile.it/dozza-volkswagen-golf-1-5-tsi-act-dsg-5p-executive-bmt/184485069,€ 17.900,Usato,Giugno 2022,83.000 km,Benzina - Euro 6,Automatico,,Dozza (BO)
Volkswagen Golf 2.0 TDI 150 CV DSG SCR Style,https://www.automobile.it/udine-volkswagen-golf-2-0-tdi-150-cv-dsg-scr-style/184033249,€ 17.900,Usato,Aprile 2022,140.000 km,Diesel - Euro 6,Semiautomatico,,Udine (UD)
VOLKSWAGEN GOLF 2.0 TDI 115 CV DSG FULL LED MY22,https://www.automobile.it/francavilla-fontana-volkswagen-golf-2-0-tdi-115-cv-dsg-full-led-my22/184622581,€ 17.900,Usato,Febbraio 2022,157.800 km,Diesel - Euro 6,Automatico,,Francavilla Fontana (BR)
VOLKSWAGEN Golf 8ª serie Golf 2.0 TDI Life,https://www.automobile.it/verona-volkswagen-golf-8-serie-golf-2-0-tdi-life/184598622,€ 17.900,Usato,Marzo 2021,114.527 km,Diesel - Euro 6,Manuale,,Verona (VR)
VOLKSWAGEN Golf 8ª serie Golf 2.0 TDI Life,https://www.automobile.it/milano-volkswagen-golf-8-serie-golf-2-0-tdi-life/184594791,€ 17.900,Usato,Marzo 2021,114.527 km,Diesel - Euro 6,Manuale,,Milano (MI)
VOLKSWAGEN Golf 8ª serie Golf 2.0 TDI Life,https://www.automobile.it/roma-volkswagen-golf-8-serie-golf-2-0-tdi-life/184594996,€ 17.900,Usato,Marzo 2021,114.527 km,Diesel - Euro 6,Manuale,,Roma (RM)
Volkswagen Golf 2.0 TDI 150 CV DSG SCR Style,https://www.automobile.it/sassari-volkswagen-golf-2-0-tdi-150-cv-dsg-scr-style/184631623,€ 17.900,Usato,Marzo 2021,210.000 km,Diesel - Euro 6,Semiautomatico,Unico proprietario,Sassari (SS)
Volkswagen Golf 1.0 eTSI EVO DSG Life,https://www.automobile.it/prato-volkswagen-golf-1-0-etsi-evo-dsg-life/184632978,€ 17.900,Usato,Aprile 2022,37.000 km,Ibrido - Euro 6,Automatico,,Prato (PO)
VOLKSWAGEN Golf 8ª serie Golf 2.0 TDI Life,https://www.automobile.it/casalmoro-volkswagen-golf-8-serie-golf-2-0-tdi-life/184655121,€ 17.900,Usato,Marzo 2021,114.527 km,Diesel - Euro 6,Manuale,,Casalmoro (MN)
VOLKSWAGEN Golf SUPERPROMO!!!!!!2.0 TDI 150 CV DSG SCR STYLE,https://www.automobile.it/piacenza-volkswagen-golf-superpromo-2-0-tdi-150-cv-dsg-scr-style/184666225,€ 17.900,Usato,Gennaio 2021,79.999 km,Diesel - Euro 6,Automatico,Unico proprietario,Piacenza (PC)
Volkswagen Golf 1.5 E- TSI EVO ACT Life DSG,https://www.automobile.it/roma-volkswagen-golf-1-5-tsi-evo-act-life-dsg/184662819,€ 17.900,Usato,Febbraio 2022,78.000 km,Benzina - Euro 6,Automatico,,Roma (RM)
Volkswagen Golf 1.0 TSI EVO Life,https://www.automobile.it/tortona-volkswagen-golf-1-0-tsi-evo-life/182247135,€ 17.990,Usato,Novembre 2022,87.515 km,Benzina - Euro 6,Manuale,Unico proprietario,Tortona (AL)
Volkswagen Golf 2.0 TDI DSG SCR Style,https://www.automobile.it/adrano-volkswagen-golf-2-0-tdi-dsg-scr-style/183777328,€ 17.990,Usato,Dicembre 2021,130.564 km,Diesel,Automatico,Unico proprietario,Adrano (CT)
Volkswagen Golf 2.0 tdi Style 115cv dsg,https://www.automobile.it/ceprano-volkswagen-golf-2-0-tdi-style-115cv-dsg/184179300,€ 17.990,Usato,2022,126.749 km,Diesel - Euro 6,Automatico,,Ceprano (FR)
VOLKSWAGEN Golf 1.0 eTSI EVO DSG Life,https://www.automobile.it/dolo-volkswagen-golf-1-0-etsi-evo-dsg-life/184413115,€ 17.990,Usato,Maggio 2023,75.000 km,Ibrido - Euro 6,Semiautomatico,,Dolo (VE)
"""HYBRID"" Volkswagen Golf 1.0 eTSI EVO DSG Life",https://www.automobile.it/assisi-hybrid-volkswagen-golf-1-0-etsi-evo-dsg-life/184520315,€ 17.990,Usato,Settembre 2021,83.000 km,Ibrido - Euro 6,Semiautomatico,Unico proprietario,Assisi (PG)
Volkswagen Golf 2.0 TDI 115 CV SCR Life neopatenta,https://www.automobile.it/erchie-volkswagen-golf-2-0-tdi-115-cv-scr-life-neopatenta/184558165,€ 17.990,Usato,Agosto 2021,120.000 km,Diesel - Euro 6,Automatico,,Erchie (BR)
Volkswagen Golf 8 2.0 TDI 116cv SCR Style 2021,https://www.automobile.it/montalto-uffugo-volkswagen-golf-8-2-0-tdi-116cv-scr-style-2021/184638315,€ 17.990,Usato,Ottobre 2021,144.550 km,Diesel - Euro 5,Manuale,,Montalto Uffugo (CS)
Volkswagen Golf 2.0 TDI LED VIRTUAL,https://www.automobile.it/sant-elia-fiumerapido-volkswagen-golf-2-0-tdi-led-virtual/183049452,€ 17.999,Usato,Gennaio 2022,137.000 km,Diesel - Euro 6,Manuale,,Sant'Elia Fiumerapido (FR)
Volkswagen Golf 2.0 TDI 115 CV SCR Life,https://www.automobile.it/arezzo-volkswagen-golf-2-0-tdi-115-cv-scr-life/183955110,€ 17.999,Usato,Febbraio 2021,113.000 km,Diesel - Euro 6,Manuale,Unico proprietario,Arezzo (AR)
Volkswagen Golf GOLF 2.0 tdi Life 115cv dsg,https://www.automobile.it/olbia-volkswagen-golf-golf-2-0-tdi-life-115cv-dsg/184246247,€ 17.999,Usato,2021,140.000 km,Diesel - Euro 6,Automatico,,Olbia (OT)
VOLKSWAGEN Golf 2.0 TDI DSG SCR Style,https://www.automobile.it/maniace-volkswagen-golf-2-0-tdi-dsg-scr-style/183627422,€ 17.999,Usato,Maggio 2022,154.000 km,Diesel,Automatico,Unico proprietario,Maniace (CT)
"VOLSKWAGEN GOLF VARIANT 2.0 TDI SCR STYLE 150CV - FULL LED, PACCHETTO LUCI, VIRTUAL COCKPIT",https://www.automobile.it/brescello-volskwagen-golf-variant-2-0-tdi-scr-style-150cv-full-led-pacchetto-luci-virtual-cockpit/182312834,€ 17.999,Usato,Novembre 2021,113.000 km,Diesel - Euro 6,Automatico,Unico proprietario,Brescello (RE)
Volkswagen Golf 1.5 eTSI 150 CV EVO ACT DSG Style,https://www.automobile.it/reggio-emilia-volkswagen-golf-1-5-etsi-150-cv-evo-act-dsg-style/182837412,€ 18.000,Usato,Aprile 2021,167.000 km,Metano - Euro 6,Semiautomatico,,Reggio Emilia (RE)
Volkswagen Golf Variant 1.0 eTSI EVO DSG Life - 2021,https://www.automobile.it/ozieri-volkswagen-golf-variant-1-0-etsi-evo-dsg-life-2021/182443306,€ 18.000,Usato,Giugno 2021,87.200 km,Ibrido - Euro 6,Automatico,,Ozieri (SS)
Volkswagen Golf 8° 2.0 TDI SCR Style - 2021,https://www.automobile.it/bisacquino-volkswagen-golf-8-2-0-tdi-scr-style-2021/184624243,€ 18.000,Usato,Marzo 2021,100.000 km,Diesel - Euro 6,Manuale,,Bisacquino (PA)
VOLKSWAGEN Golf 2.0 TDI 115 CV SCR Life,https://www.automobile.it/san-michele-salentino-volkswagen-golf-2-0-tdi-115-cv-scr-life/183195238,€ 18.200,Usato,Maggio 2021,115.300 km,Diesel,Manuale,Unico proprietario,San Michele Salentino (BR)
Volkswagen Golf 2.0 TDI 115cv Life,https://www.automobile.it/bologna-volkswagen-golf-2-0-tdi-115cv-life/184287184,€ 18.200,Usato,Maggio 2023,79.875 km,Diesel - Euro 6,Manuale,,Bologna (BO)
Volkswagen Golf 1.0 TSI EVO Life NEOPATENTATI,https://www.automobile.it/verona-volkswagen-golf-1-0-tsi-evo-life-neopatentati/184667204,€ 18.200,Usato,Gennaio 2022,89.615 km,Benzina - Euro 6,Automatico,,Verona (VR)
Volkswagen Golf 2.0 TDI SCR Style,https://www.automobile.it/padula-volkswagen-golf-2-0-tdi-scr-style/183574050,€ 18.299,Usato,Novembre 2021,175.000 km,Diesel - Euro 6,Manuale,,Padula (SA)
VOLKSWAGEN Golf 2.0 TDI 150 CV DSG SCR Style,https://www.automobile.it/venezia-volkswagen-golf-2-0-tdi-150-cv-dsg-scr-style/184617396,€ 18.299,Usato,Gennaio 2021,87.835 km,Diesel - Euro 6,Automatico,,Venezia (VE)
VOLKSWAGEN Golf 2.0 TDI 150 CV DSG SCR Style,https://www.automobile.it/palermo-volkswagen-golf-2-0-tdi-150-cv-dsg-scr-style/184616646,€ 18.299,Usato,Gennaio 2021,87.835 km,Diesel - Euro 6,Automatico,,Palermo (PA)
VOLKSWAGEN Golf 2.0 TDI 150 CV DSG SCR Style,https://www.automobile.it/catania-volkswagen-golf-2-0-tdi-150-cv-dsg-scr-style/184615083,€ 18.299,Usato,Gennaio 2021,87.835 km,Diesel - Euro 6,Automatico,,Catania (CT)
VOLKSWAGEN Golf 2.0 TDI 150 CV DSG SCR Style,https://www.automobile.it/casoria-volkswagen-golf-2-0-tdi-150-cv-dsg-scr-style/184615717,€ 18.299,Usato,Gennaio 2021,87.835 km,Diesel - Euro 6,Automatico,,Casoria (NA)
VOLKSWAGEN Golf 2.0 TDI 150 CV DSG SCR Style,https://www.automobile.it/firenze-volkswagen-golf-2-0-tdi-150-cv-dsg-scr-style/184617225,€ 18.299,Usato,Gennaio 2021,87.835 km,Diesel - Euro 6,Automatico,,Firenze (FI)
VOLKSWAGEN Golf 2.0 TDI 150 CV DSG SCR Style,https://www.automobile.it/bologna-volkswagen-golf-2-0-tdi-150-cv-dsg-scr-style/184616889,€ 18.299,Usato,Gennaio 2021,87.835 km,Diesel - Euro 6,Automatico,,Bologna (BO)
VOLKSWAGEN Golf 2.0 TDI 150 CV DSG SCR Style,https://www.automobile.it/cagliari-volkswagen-golf-2-0-tdi-150-cv-dsg-scr-style/184616958,€ 18.299,Usato,Gennaio 2021,87.835 km,Diesel - Euro 6,Automatico,,Cagliari (CA)
VOLKSWAGEN Golf 2.0 TDI 150 CV DSG SCR Style,https://www.automobile.it/sassari-volkswagen-golf-2-0-tdi-150-cv-dsg-scr-style/184616523,€ 18.299,Usato,Gennaio 2021,87.835 km,Diesel - Euro 6,Automatico,,Sassari (SS)
VOLKSWAGEN Golf 2.0 TDI 150 CV DSG SCR Style,https://www.automobile.it/beinasco-volkswagen-golf-2-0-tdi-150-cv-dsg-scr-style/184615673,€ 18.299,Usato,Gennaio 2021,87.835 km,Diesel - Euro 6,Automatico,,Beinasco (TO)
VOLKSWAGEN Golf 2.0 TDI 150 CV DSG SCR Style,https://www.automobile.it/roma-volkswagen-golf-2-0-tdi-150-cv-dsg-scr-style/184616362,€ 18.299,Usato,Gennaio 2021,87.835 km,Diesel - Euro 6,Automatico,,Roma (RM)
VOLKSWAGEN Golf 2.0 TDI 150 CV DSG SCR Style,https://www.automobile.it/cosenza-volkswagen-golf-2-0-tdi-150-cv-dsg-scr-style/184611436,€ 18.299,Usato,Gennaio 2021,87.835 km,Diesel - Euro 6,Automatico,,Cosenza (CS)
VOLKSWAGEN Golf 2.0 TDI 150 CV DSG SCR Style,https://www.automobile.it/venezia-volkswagen-golf-2-0-tdi-150-cv-dsg-scr-style/184617396,€ 18.299,Usato,Gennaio 2021,87.835 km,Diesel - Euro 6,Automatico,,Venezia (VE)
VOLKSWAGEN Golf 2.0 TDI 150 CV DSG SCR Style,https://www.automobile.it/collesalvetti-volkswagen-golf-2-0-tdi-150-cv-dsg-scr-style/184611176,€ 18.299,Usato,Gennaio 2021,87.835 km,Diesel - Euro 6,Automatico,,Collesalvetti (LI)
VOLKSWAGEN Golf 2.0 TDI 150 CV DSG SCR Style,https://www.automobile.it/roma-volkswagen-golf-2-0-tdi-150-cv-dsg-scr-style/184616362,€ 18.299,Usato,Gennaio 2021,87.835 km,Diesel - Euro 6,Automatico,,Roma (RM)
VOLKSWAGEN Golf 2.0 TDI 150 CV DSG SCR Style,https://www.automobile.it/milano-volkswagen-golf-2-0-tdi-150-cv-dsg-scr-style/184604421,€ 18.299,Usato,Gennaio 2021,87.835 km,Diesel - Euro 6,Automatico,,Milano (MI)
Volkswagen Golf Variant 1.5 TSI EVO ACT Life,https://www.automobile.it/pisa-volkswagen-golf-variant-1-5-tsi-evo-act-life/184326340,€ 18.300,Usato,Maggio 2021,53.240 km,Benzina - Euro 6,Manuale,Unico proprietario,Pisa (PI)
VOLKSWAGEN Golf Variant 1.5 TGI DSG Style,https://www.automobile.it/roma-volkswagen-golf-variant-1-5-tgi-dsg-style/184471672,€ 18.300,Usato,Settembre 2022,58.700 km,Metano - Euro 6,Automatico,,Roma (RM)
Volkswagen Golf 1.0 tsi evo life 110cv,https://www.automobile.it/treviso-volkswagen-golf-1-0-tsi-evo-life-110cv/184639807,€ 18.390,Usato,Marzo 2022,92.517 km,Altro,Manuale,Unico proprietario,Treviso (TV)
Volkswagen Golf 2.0 TDI 115 CV SCR Life,https://www.automobile.it/canosa-puglia-volkswagen-golf-2-0-tdi-115-cv-scr-life/182668928,€ 18.400,Usato,Maggio 2021,122.000 km,Diesel - Euro 6,Manuale,,Canosa di Puglia (BT)
VOLKSWAGEN Golf 1.0 eTSI EVO DSG Hybrid Km 70.000 Iva Esposta,https://www.automobile.it/gubbio-volkswagen-golf-1-0-etsi-evo-dsg-hybrid-km-70-000-iva-esposta/184252246,€ 18.400,Usato,Gennaio 2021,70.000 km,Ibrido - Euro 6,Automatico,,Gubbio (PG)
Volkswagen Golf 1.0 eTSI EVO DSG Life,https://www.automobile.it/guidonia-montecelio-volkswagen-golf-1-0-etsi-evo-dsg-life/184640971,€ 18.400,Usato,Gennaio 2021,73.100 km,Ibrido - Euro 6,Semiautomatico,,Guidonia Montecelio (RM)
Volkswagen Golf 2.0 TDI 115 CV SCR Life,https://www.automobile.it/quartu-sant-elena-volkswagen-golf-2-0-tdi-115-cv-scr-life/183490193,€ 18.490,Usato,Aprile 2021,168.000 km,Diesel - Euro 6,Manuale,,Quartu Sant'Elena (CA)
Volkswagen Golf 1.0 eTSI EVO DSG Life,https://www.automobile.it/mazzarino-volkswagen-golf-1-0-etsi-evo-dsg-life/183897500,€ 18.490,Usato,Maggio 2021,72.827 km,Ibrido - Euro 6,Automatico,,Mazzarino (CL)
Volkswagen Golf 1.0 TSI EVO Life,https://www.automobile.it/broni-volkswagen-golf-1-0-tsi-evo-life/184354893,€ 18.490,Usato,Agosto 2022,52.087 km,Benzina - Euro 6,Manuale,Unico proprietario,Broni (PV)
Volkswagen Golf 1.4 tsi ehybrid Style 204cv dsg,https://www.automobile.it/settimo-milanese-volkswagen-golf-1-4-tsi-ehybrid-style-204cv-dsg/184412950,€ 18.490,Usato,2021,113.000 km,Ibrido - Euro 6,Automatico,,Settimo Milanese (MI)
Volkswagen Golf 2.0 TDI 115 CV SCR Life,https://www.automobile.it/rizziconi-volkswagen-golf-2-0-tdi-115-cv-scr-life/184578528,€ 18.490,Usato,Febbraio 2022,142.000 km,Diesel - Euro 6,Manuale,,Rizziconi (RC)
Volkswagen Golf 1.0 TSI EVO Life,https://www.automobile.it/calolziocorte-volkswagen-golf-1-0-tsi-evo-life/184574840,€ 18.490,Usato,Luglio 2023,69.083 km,Benzina - Euro 6,Manuale,,Calolziocorte (LC)
VOLKSWAGEN - Golf Variant 2.0 tdi Life 115cv dsg (Pronta Consegna),https://www.automobile.it/cassano-ionio-volkswagen-golf-variant-2-0-tdi-life-115cv-dsg-pronta-consegna/184343508,€ 18.499,Usato,Marzo 2021,149.629 km,Diesel - Euro 6,Semiautomatico,Unico proprietario,Cassano Allo Ionio (CS)
Volkswagen Golf 1.5 TGI DSG Style,https://www.automobile.it/lamezia-terme-volkswagen-golf-1-5-tgi-dsg-style/181195818,€ 18.500,Usato,Settembre 2021,112.000 km,Metano - Euro 6,Automatico,,Lamezia Terme (CZ)
Volkswagen Golf 1.5 TGI DSG Style,https://www.automobile.it/rende-volkswagen-golf-1-5-tgi-dsg-style/181195807,€ 18.500,Usato,Settembre 2021,112.000 km,Metano - Euro 6,Automatico,,Rende (CS)
Volkswagen Golf 1.5 TSI EVO ACT Style,https://www.automobile.it/cingoli-volkswagen-golf-1-5-tsi-evo-act-style/183239403,€ 18.500,Usato,Gennaio 2021,95.000 km,Benzina - Euro 6,Manuale,Unico proprietario,Cingoli (MC)
Volkswagen Golf 2.0 TDI SCR Style IVA ESPOSTA,https://www.automobile.it/cagliari-volkswagen-golf-2-0-tdi-scr-style-iva-esposta/184567371,€ 18.500,Usato,Settembre 2021,90.000 km,Diesel - Euro 6,Manuale,,Cagliari (CA)
Volkswagen Golf 2.0 TDI DSG SCR Style,https://www.automobile.it/palma-montechiaro-volkswagen-golf-2-0-tdi-dsg-scr-style/184561276,€ 18.500,Usato,Febbraio 2023,169.000 km,Diesel - Euro 6,Automatico,,Palma di Montechiaro (AG)
VW GOLF VIII TSI 110CV - UNICO PROPRIETARIO,https://www.automobile.it/ton-vw-golf-viii-tsi-110cv-unico-proprietario/184577121,€ 18.500,Usato,Febbraio 2023,83.000 km,Benzina - Euro 6,Manuale,,Ton (TN)
Volkswagen Golf 8 Style 1.0 TSI EVO 110cv,https://www.automobile.it/anzio-volkswagen-golf-8-style-1-0-tsi-evo-110cv/184149286,€ 18.500,Usato,Agosto 2021,56.900 km,Benzina - Euro 6,Manuale,,Anzio (RM)
VOLKSWAGEN Golf VIII 2020 - Golf 1.5 etsi evo Style 150cv dsg,https://www.automobile.it/lucca-volkswagen-golf-viii-2020-golf-1-5-etsi-evo-style-150cv-dsg/184579929,€ 18.500,Usato,Febbraio 2021,86.013 km,Ibrido - Euro 6,Automatico,Unico proprietario,Lucca (LU)
"Volkswagen Golf 1.0 eTSI EVO LIFE DSG LED APPLE CAR PLAY/ANDROID AUTO C.17"" WIRELESS ACC COCKPIT PRO KEYLESS LANE ASSIST AMBIENT LIGHT",https://www.automobile.it/misano-adriatico-volkswagen-golf-1-0-etsi-evo-life-dsg-led-apple-car-play-android-auto-17-wireless-acc-cockpit-pro-keyless-lane-assist-ambient-light/184608882,€ 18.500,Usato,Settembre 2022,77.528 km,Ibrido,Automatico,Unico proprietario,Misano Adriatico (RN)
VW Golf 2.0 TDI DSG Style,https://www.automobile.it/fondi-vw-golf-2-0-tdi-dsg-style/184489744,€ 18.500,Usato,Novembre 2021,100.000 km,Diesel - Euro 6,Automatico,,Fondi (LT)
Volkswagen Golf 2.0 TDI DSG SCR Life,https://www.automobile.it/bronte-volkswagen-golf-2-0-tdi-dsg-scr-life/184644686,€ 18.500,Usato,Novembre 2022,76.000 km,Diesel - Euro 6,Semiautomatico,Unico proprietario,Bronte (CT)
Volkswagen Golf 2.0 TDI 150 CV DSG SCR Life,https://www.automobile.it/san-severo-volkswagen-golf-2-0-tdi-150-cv-dsg-scr-life/184560463,€ 18.500,Usato,Marzo 2022,131.156 km,Diesel,Semiautomatico,Unico proprietario,San Severo (FG)
VOLKSWAGEN Golf 2.0 TDI SCR DSG Life,https://www.automobile.it/san-michele-salentino-volkswagen-golf-2-0-tdi-scr-dsg-life/183590783,€ 18.500,Usato,Febbraio 2022,125.000 km,Diesel,Automatico,,San Michele Salentino (BR)
Volkswagen Golf 2.0 TDI 115 CV SCR Life,https://www.automobile.it/san-vendemiano-volkswagen-golf-2-0-tdi-115-cv-scr-life/184655850,€ 18.500,Usato,Novembre 2021,91.206 km,Diesel - Euro 6,Manuale,,San Vendemiano (TV)
VW Golf 2.0 TDI 150 CV DSG Style PREZZO REALE/UNIPRO,https://www.automobile.it/verona-vw-golf-2-0-tdi-150-cv-dsg-style-prezzo-reale-unipro/184636346,€ 18.590,Usato,Settembre 2022,98.776 km,Diesel - Euro 6,Semiautomatico,Unico proprietario,Verona (VR)
Volkswagen Golf 1.0 TSI EVO Life- prezzo reale,https://www.automobile.it/tolmezzo-volkswagen-golf-1-0-tsi-evo-life-prezzo-reale/184198108,€ 18.600,Usato,Maggio 2023,54.000 km,Benzina - Euro 6,Manuale,,Tolmezzo (UD)
VOLKSWAGEN Golf 1.0 eTSI EVO DSG Life,https://www.automobile.it/brusnengo-volkswagen-golf-1-0-etsi-evo-dsg-life/183803127,€ 18.600,Usato,Maggio 2021,58.793 km,Ibrido - Euro 6,Automatico,,Brusnengo (BI)
Volkswagen Golf 2.0 TDI 116 CV LIFE,https://www.automobile.it/sommatino-volkswagen-golf-2-0-tdi-116-cv-life/184525007,€ 18.600,Usato,Marzo 2022,108.163 km,Diesel - Euro 6,Manuale,,Sommatino (CL)
Volkswagen Golf 2.0 TDI DSG ACC DIGITAL LED,https://www.automobile.it/varna-volkswagen-golf-2-0-tdi-dsg-acc-digital-led/184649556,€ 18.650,Usato,Giugno 2021,95.798 km,Diesel - Euro 6,Semiautomatico,Unico proprietario,Varna (BZ)
VOLKSWAGEN Golf 8ª serie Golf 1.0 eTSI EVO DSG...,https://www.automobile.it/larciano-volkswagen-golf-8-serie-golf-1-0-etsi-evo-dsg/183837969,€ 18.700,Usato,2021,56.000 km,Ibrido - Euro 6,Automatico,,Larciano (PT)
VOLKSWAGEN Golf 1.0 TSI EVO Life Business IN PROMO - NEOPATENTATI - Cam - Carplay,https://www.automobile.it/liscate-volkswagen-golf-1-0-tsi-evo-life-business-promo-neopatentati-cam-carplay/183041727,€ 18.700,Usato,Febbraio 2024,22.300 km,Benzina,Manuale,Unico proprietario,Liscate (MI)
Golf 2.0 TDI 150 CV DSG SCR Life,https://www.automobile.it/forlimpopoli-golf-2-0-tdi-150-cv-dsg-scr-life/184536658,€ 18.700,Usato,Luglio 2023,112.000 km,Diesel - Euro 6,Automatico,,Forlimpopoli (FC)
VOLKSWAGEN Golf 2.0 TDI 115 CV SCR Life,https://www.automobile.it/foligno-volkswagen-golf-2-0-tdi-115-cv-scr-life/184646950,€ 18.750,Usato,Gennaio 2022,81.700 km,Diesel - Euro 6,Manuale,,Foligno (PG)
VOLKSWAGEN Golf 1.0 TSI EVO Life,https://www.automobile.it/treviso-volkswagen-golf-1-0-tsi-evo-life/182039178,€ 18.800,Usato,Maggio 2022,81.000 km,Benzina,Manuale,,Treviso (TV)
VOLKSWAGEN Golf 1.0 TSI EVO Life Uniprò km 45000 Fatturabile,https://www.automobile.it/tivoli-volkswagen-golf-1-0-tsi-evo-life-unipro-km-45000-fatturabile/182350664,€ 18.800,Usato,Maggio 2022,45.000 km,Benzina - Euro 6,Manuale,Unico proprietario,Tivoli (RM)
Volkswagen Golf Variant 2.0 TDI SCR 85kW Life DSG,https://www.automobile.it/bastia-umbra-volkswagen-golf-variant-2-0-tdi-scr-85kw-life-dsg/184607152,€ 18.800,Usato,Giugno 2022,87.000 km,Diesel - Euro 6,Automatico,,Bastia Umbra (PG)
Volkswagen Golf 2.0 tdi Life 115cv,https://www.automobile.it/verona-volkswagen-golf-2-0-tdi-life-115cv/184658180,€ 18.800,Usato,Febbraio 2023,57.000 km,Diesel,Manuale,Unico proprietario,Verona (VR)
Volkswagen Golf 2.0 TDI 150 CV DSG SCR Life,https://www.automobile.it/seravezza-volkswagen-golf-2-0-tdi-150-cv-dsg-scr-life/184667142,€ 18.800,Usato,Settembre 2021,146.000 km,Diesel - Euro 6,Automatico,,Seravezza (LU)
Volkswagen Golf 2.0 TDI 115cv Life,https://www.automobile.it/massa-volkswagen-golf-2-0-tdi-115cv-life/183877774,€ 18.850,Usato,Maggio 2021,59.635 km,Diesel - Euro 6,Manuale,Unico proprietario,Massa (MS)
Volkswagen Golf 2.0 TDI 115 CV SCR Life,https://www.automobile.it/bracciano-volkswagen-golf-2-0-tdi-115-cv-scr-life/183694580,€ 18.899,Usato,Agosto 2022,102.000 km,Diesel - Euro 6,Manuale,,Bracciano (RM)
VOLKSWAGEN Golf 8ª serie Golf 2.0 TDI 115 CV S...,https://www.automobile.it/arezzo-volkswagen-golf-8-serie-golf-2-0-tdi-115-cv-s/182279948,€ 18.900,Usato,2021,135.000 km,Diesel - Euro 6,Manuale,,Arezzo (AR)
Volkswagen Golf 1.0 eTSI EVO DSG Life,https://www.automobile.it/sassano-volkswagen-golf-1-0-etsi-evo-dsg-life/183392093,€ 18.900,Usato,Giugno 2022,83.000 km,Ibrido - Euro 6,Semiautomatico,,Sassano (SA)
Volkswagen Golf 2.0 TDI DSG SCR Life,https://www.automobile.it/montirone-volkswagen-golf-2-0-tdi-dsg-scr-life/183610020,€ 18.900,Usato,Febbraio 2022,128.800 km,Diesel - Euro 6,Automatico,,Montirone (BS)
"Volkswagen Golf 8 2.0 TDI 115 ""62.000 KM""-'21",https://www.automobile.it/trinitapoli-volkswagen-golf-8-2-0-tdi-115-62-000-km-21/180875388,€ 18.900,Usato,Maggio 2021,62.000 km,Diesel - Euro 6,Manuale,Unico proprietario,Trinitapoli (BT)
Volkswagen Golf 1.5 eTSI 130 CV EVO ACT DSG Life,https://www.automobile.it/roseto-abruzzi-volkswagen-golf-1-5-etsi-130-cv-evo-act-dsg-life/183979712,€ 18.900,Usato,Aprile 2023,102.950 km,Ibrido - Euro 6,Semiautomatico,,Roseto degli Abruzzi (TE)
Volkswagen Golf 2.0 tdi Style 150cv,https://www.automobile.it/adrano-volkswagen-golf-2-0-tdi-style-150cv/183809553,€ 18.900,Usato,Novembre 2021,140.960 km,Diesel,Manuale,Unico proprietario,Adrano (CT)
VOLKSWAGEN Golf 1.0 eTSI EVO DSG Life HYBRID CAMBIO AUTOMATICO,https://www.automobile.it/roma-volkswagen-golf-1-0-etsi-evo-dsg-life-hybrid-cambio-automatico/183954146,€ 18.900,Usato,Novembre 2021,45.000 km,Ibrido - Euro 6,Automatico,,Roma (RM)
Volkswagen Golf 2.0 TDI DSG SCR Style,https://www.automobile.it/cagliari-volkswagen-golf-2-0-tdi-dsg-scr-style/184278590,€ 18.900,Usato,Marzo 2023,145.000 km,Diesel - Euro 6,Automatico,,Cagliari (CA)
VOLKSWAGEN Golf 2.0 TDI DSG SCR,https://www.automobile.it/mazzano-volkswagen-golf-2-0-tdi-dsg-scr/184265110,€ 18.900,Usato,Maggio 2022,70.328 km,Diesel - Euro 6,Automatico,Unico proprietario,Mazzano (BS)
Volkswagen Golf 1.0 TSI EVO Life,https://www.automobile.it/villacidro-volkswagen-golf-1-0-tsi-evo-life/184347432,€ 18.900,Usato,Luglio 2022,26.700 km,Benzina - Euro 6,Manuale,Unico proprietario,Villacidro (VS)
VW GOLF 8 2.0 TDI SOLI KM83000 CERTIFIC ANDROID AUTO,https://www.automobile.it/canicatti-vw-golf-8-2-0-tdi-soli-km83000-certific-android-auto/184373093,€ 18.900,Usato,Novembre 2021,83.000 km,Diesel - Euro 6,Automatico,Unico proprietario,Canicattì (AG)
Volkswagen Golf 1.0 e-TSI DSG Evo Life 110cv - 2021,https://www.automobile.it/roma-volkswagen-golf-1-0-tsi-dsg-evo-life-110cv-2021/184056023,€ 18.900,Usato,Marzo 2021,79.258 km,Ibrido,Automatico,Unico proprietario,Roma (RM)
Volkswagen Golf 2.0 tdi scr Life 115cv,https://www.automobile.it/monza-volkswagen-golf-2-0-tdi-scr-life-115cv/184245564,€ 18.900,Usato,Maggio 2021,64.256 km,Diesel,Manuale,,Monza (MB)
VOLKSWAGEN Golf 2.0 TDI 115 CV SCR Life C/GRIMALDI SPECIAL DAY,https://www.automobile.it/vigevano-volkswagen-golf-2-0-tdi-115-cv-scr-life-grimaldi-special-day/184480314,€ 18.900,Usato,Luglio 2022,53.755 km,Diesel - Euro 6,Manuale,,Vigevano (PV)
VOLKSWAGEN Golf Variant 1.5 eTSI EVO ACT DSG LIFE,https://www.automobile.it/milano-volkswagen-golf-variant-1-5-etsi-evo-act-dsg-life/184203259,€ 18.900,Usato,Marzo 2023,52.000 km,Ibrido - Euro 6,Semiautomatico,,Milano (MI)
Volkswagen Golf GOLF 2.0 TDI SCR STYLE,https://www.automobile.it/isola-d-asti-volkswagen-golf-golf-2-0-tdi-scr-style/184497985,€ 18.900,Usato,Maggio 2022,84.615 km,Diesel - Euro 6,Manuale,,Isola d'Asti (AT)
Volkswagen Golf 1.0 eTSI EVO DSG Life,https://www.automobile.it/spinea-volkswagen-golf-1-0-etsi-evo-dsg-life/184494820,€ 18.900,Usato,Dicembre 2021,56.000 km,Ibrido - Euro 6,Automatico,,Spinea (VE)
"VOLKSWAGEN Golf 1.0 eTSI EVO Life DSG 17"" MHEV",https://www.automobile.it/vigevano-volkswagen-golf-1-0-etsi-evo-life-dsg-17-mhev/184399247,€ 18.900,Usato,Dicembre 2022,52.424 km,Ibrido - Euro 6,Automatico,,Vigevano (PV)
Volkswagen Golf 1.0 TSI 110cv EVO Life,https://www.automobile.it/bastia-umbra-volkswagen-golf-1-0-tsi-110cv-evo-life/183859283,€ 18.900,Usato,Giugno 2021,90.000 km,Benzina - Euro 6,Manuale,,Bastia Umbra (PG)
VOLKSWAGEN - Golf -VIII 2.0 TDI SCR Style 115CV,https://www.automobile.it/padula-volkswagen-golf-viii-2-0-tdi-scr-style-115cv/183493814,€ 18.900,Usato,Marzo 2023,80.000 km,Diesel - Euro 6,Manuale,Unico proprietario,Padula (SA)
VOLKSWAGEN Golf 2.0 TDI DSG SCR Style,https://www.automobile.it/veglie-volkswagen-golf-2-0-tdi-dsg-scr-style/184543443,€ 18.900,Usato,Luglio 2022,121.000 km,Diesel,Semiautomatico,Unico proprietario,Veglie (LE)
VOLKSWAGEN - Golf - 1.5 TSI ACT DSG 5p. Executive BMT,https://www.automobile.it/gravina-catania-volkswagen-golf-1-5-tsi-act-dsg-5p-executive-bmt/183408178,€ 18.900,Usato,Marzo 2021,124.000 km,Benzina - Euro 6,Automatico,Unico proprietario,Gravina di Catania (CT)
Volkswagen Golf 1.0 etsi evo Life 110cv dsg,https://www.automobile.it/villorba-volkswagen-golf-1-0-etsi-evo-life-110cv-dsg/184575353,€ 18.900,Usato,Gennaio 2023,57.500 km,Ibrido,Automatico,Unico proprietario,Villorba (TV)
VOLKSWAGEN Golf 2.0 TDI DSG SCR Life IVA DEDUCIBILE,https://www.automobile.it/cerea-volkswagen-golf-2-0-tdi-dsg-scr-life-iva-deducibile/182206476,€ 18.950,Usato,Maggio 2021,107.000 km,Diesel,Semiautomatico,Unico proprietario,Cerea (VR)
VOLKSWAGEN Golf 1.0 eTSI EVO DSG Life,https://www.automobile.it/trevi-volkswagen-golf-1-0-etsi-evo-dsg-life/183864011,€ 18.970,Usato,Maggio 2021,97.800 km,Ibrido - Euro 6,Semiautomatico,Unico proprietario,Trevi (PG)
VOLKSWAGEN Golf 1.0 TSI EVO 90 cv,https://www.automobile.it/treviso-volkswagen-golf-1-0-tsi-evo-90-cv/182039155,€ 18.990,Usato,Novembre 2021,29.000 km,Benzina,Manuale,,Treviso (TV)
VOLKSWAGEN Golf 2.0 TDI 115 CV SCR Life,https://www.automobile.it/padova-volkswagen-golf-2-0-tdi-115-cv-scr-life/182757404,€ 18.990,Usato,Gennaio 2023,99.900 km,Diesel - Euro 6,Manuale,Unico proprietario,Padova (PD)
Volkswagen Golf 2.0 TDI 115CV DSG SCR Life,https://www.automobile.it/cernusco-naviglio-volkswagen-golf-2-0-tdi-115cv-dsg-scr-life/183922640,€ 18.990,Usato,Novembre 2021,110.000 km,Diesel - Euro 6,Semiautomatico,Unico proprietario,Cernusco sul Naviglio (MI)
VOLKSWAGEN GOLF 8 2.0 TDI 115cv NAV/LUCI AMBIENT,https://www.automobile.it/guagnano-volkswagen-golf-8-2-0-tdi-115cv-nav-luci-ambient/184662405,€ 18.990,Usato,Ottobre 2022,120.000 km,Diesel - Euro 6,Manuale,,Guagnano (LE)
Volkswagen Golf 2.0 TDI 150 CV DSG SCR Life,https://www.automobile.it/favara-volkswagen-golf-2-0-tdi-150-cv-dsg-scr-life/184483451,€ 18.999,Usato,Settembre 2021,140.000 km,Diesel - Euro 6,Semiautomatico,,Favara (AG)
VOLKSWAGEN Golf 1.5 TSI EVO ACT Life,https://www.automobile.it/cosenza-volkswagen-golf-1-5-tsi-evo-act-life/184529659,€ 18.999,Usato,Novembre 2022,61.755 km,Benzina - Euro 6,Manuale,,Cosenza (CS)
Volkswagen Golf 2.0 TDI 115 CV active,https://www.automobile.it/corleone-volkswagen-golf-2-0-tdi-115-cv-active/184062152,€ 18.999,Usato,Novembre 2021,100.000 km,Diesel - Euro 6,Manuale,,Corleone (PA)
VOLKSWAGEN Golf 1.5 TSI EVO ACT Life,https://www.automobile.it/cagliari-volkswagen-golf-1-5-tsi-evo-act-life/184532709,€ 18.999,Usato,Novembre 2022,61.755 km,Benzina - Euro 6,Manuale,,Cagliari (CA)
VOLKSWAGEN Golf 1.5 TSI EVO ACT Life,https://www.automobile.it/sassari-volkswagen-golf-1-5-tsi-evo-act-life/184532760,€ 18.999,Usato,Novembre 2022,61.755 km,Benzina - Euro 6,Manuale,,Sassari (SS)
VOLKSWAGEN Golf 1.5 TSI EVO ACT Life,https://www.automobile.it/bari-volkswagen-golf-1-5-tsi-evo-act-life/184533202,€ 18.999,Usato,Novembre 2022,61.755 km,Benzina - Euro 6,Manuale,,Bari (BA)
VOLKSWAGEN Golf 1.5 TSI EVO ACT Life,https://www.automobile.it/verona-volkswagen-golf-1-5-tsi-evo-act-life/184531878,€ 18.999,Usato,Novembre 2022,61.755 km,Benzina - Euro 6,Manuale,,Verona (VR)
VOLKSWAGEN Golf 1.5 TSI EVO ACT Life,https://www.automobile.it/catania-volkswagen-golf-1-5-tsi-evo-act-life/184531781,€ 18.999,Usato,Novembre 2022,61.755 km,Benzina - Euro 6,Manuale,,Catania (CT)
VOLKSWAGEN Golf 1.5 TSI EVO ACT Life,https://www.automobile.it/casoria-volkswagen-golf-1-5-tsi-evo-act-life/184532445,€ 18.999,Usato,Novembre 2022,61.755 km,Benzina - Euro 6,Manuale,,Casoria (NA)
"Volkswagen Golf 8, 2.0 *GARANZIA 24 MESI CONVENZIONALE",https://www.automobile.it/chiampo-volkswagen-golf-8-2-0-garanzia-24-mesi-convenzionale/184337033,€ 18.999,Usato,Novembre 2022,80.000 km,Diesel - Euro 6,Manuale,,Chiampo (VI)
VOLKSWAGEN Golf 1.5 TSI EVO ACT Life,https://www.automobile.it/beinasco-volkswagen-golf-1-5-tsi-evo-act-life/184532140,€ 18.999,Usato,Novembre 2022,61.755 km,Benzina - Euro 6,Manuale,,Beinasco (TO)
VOLKSWAGEN Golf 1.5 TSI EVO ACT Life,https://www.automobile.it/palermo-volkswagen-golf-1-5-tsi-evo-act-life/184533533,€ 18.999,Usato,Novembre 2022,61.755 km,Benzina - Euro 6,Manuale,,Palermo (PA)
VOLKSWAGEN Golf 1.5 TSI EVO ACT Life,https://www.automobile.it/bologna-volkswagen-golf-1-5-tsi-evo-act-life/184532739,€ 18.999,Usato,Novembre 2022,61.755 km,Benzina - Euro 6,Manuale,,Bologna (BO)
VOLKSWAGEN Golf 1.0 eTSI EVO DSG Life!!!!,https://www.automobile.it/savignano-rubicone-volkswagen-golf-1-0-etsi-evo-dsg-life/184311735,€ 19.000,Usato,Febbraio 2023,94.130 km,Ibrido - Euro 6,Semiautomatico,Unico proprietario,Savignano sul Rubicone (FC)
Volkswagen Golf 2.0 TDI 115 CV Life 2022,https://www.automobile.it/palomonte-volkswagen-golf-2-0-tdi-115-cv-life-2022/184360042,€ 19.000,Usato,Gennaio 2022,126.000 km,Diesel - Euro 6,Manuale,,Palomonte (SA)
Volkswagen Golf 2.0 tdi life 115cv dsg,https://www.automobile.it/bari-volkswagen-golf-2-0-tdi-life-115cv-dsg/184488355,€ 19.000,Usato,Aprile 2021,96.604 km,Altro,Automatico,3 Proprietari,Bari (BA)
Volkswagen Golf 1.5 TSI EVO ACT Style,https://www.automobile.it/fara-vicentino-volkswagen-golf-1-5-tsi-evo-act-style/184628585,€ 19.000,Usato,Marzo 2021,40.800 km,Benzina - Euro 6,Manuale,Unico proprietario,Fara Vicentino (VI)
VOLKSWAGEN Golf 2.0 TDI 150 DSG Style,https://www.automobile.it/san-michele-salentino-volkswagen-golf-2-0-tdi-150-dsg-style/184508506,€ 19.000,Usato,Maggio 2021,145.000 km,Diesel - Euro 6,Automatico,Unico proprietario,San Michele Salentino (BR)
VOLKSWAGEN Golf 8ª serie - Golf 2.0 TDI 115 CV SCR Life,https://www.automobile.it/legnano-volkswagen-golf-8-serie-golf-2-0-tdi-115-cv-scr-life/182877045,€ 19.100,Usato,Novembre 2022,48.243 km,Diesel - Euro 6,Manuale,,Legnano (MI)
Volkswagen Golf Golf 2.0 tdi Life 115cv,https://www.automobile.it/ferrara-volkswagen-golf-golf-2-0-tdi-life-115cv/184349684,€ 19.290,Usato,Maggio 2021,75.702 km,Diesel - Euro 6,Manuale,2 Proprietari,Ferrara (FE)
Volkswagen Golf 2.0 TDI 115 CV SCR Life,https://www.automobile.it/balestrate-volkswagen-golf-2-0-tdi-115-cv-scr-life/184609492,€ 19.290,Usato,Giugno 2022,126.000 km,Diesel - Euro 6,Manuale,,Balestrate (PA)
Volkswagen Golf 2.0 TDI 115 CV SCR Life,https://www.automobile.it/quartu-sant-elena-volkswagen-golf-2-0-tdi-115-cv-scr-life/183490353,€ 19.300,Usato,Luglio 2021,99.000 km,Diesel - Euro 6,Manuale,,Quartu Sant'Elena (CA)
VOLKSWAGEN Golf 2.0 TDI DSG SCR Life,https://www.automobile.it/sesto-san-giovanni-volkswagen-golf-2-0-tdi-dsg-scr-life/184580998,€ 19.300,Usato,Febbraio 2022,73.000 km,Diesel - Euro 6,Automatico,,Sesto San Giovanni (MI)
Volkswagen Golf 1.0 eTSI 110Cv EVO DSG Life,https://www.automobile.it/tolentino-volkswagen-golf-1-0-etsi-110cv-evo-dsg-life/184640565,€ 19.300,Usato,Marzo 2021,72.000 km,Ibrido - Euro 6,Automatico,Unico proprietario,Tolentino (MC)
Volkswagen Golf 150 CV **FULL OPTIONAL**,https://www.automobile.it/roma-volkswagen-golf-150-cv-full-optional/182275912,€ 19.400,Usato,Febbraio 2022,99.000 km,Diesel - Euro 6,Automatico,Unico proprietario,Roma (RM)
VOLKSWAGEN GOLF 8 1.5 TSI 131 CV LIFE + I.Q LED PERFORMANCE REAR,https://www.automobile.it/quinzano-d-oglio-volkswagen-golf-8-1-5-tsi-131-cv-life-q-led-performance-rear/184525240,€ 19.400,Usato,Febbraio 2023,55.500 km,Benzina - Euro 6,Manuale,,Quinzano d'Oglio (BS)
Volkswagen Golf 2.0 TDI DSG SCR Style Prezzo Promo Finanziamento In Sede Senza Finanziamento Il Prezzo Sara' Di Euro 20500.00,https://www.automobile.it/taranto-volkswagen-golf-2-0-tdi-dsg-scr-style-prezzo-promo-finanziamento-sede-finanziamento-prezzo-sara-euro-20500-00/183932420,€ 19.450,Usato,Ottobre 2022,100.000 km,Diesel - Euro 6,Automatico,Unico proprietario,Taranto (TA)
Volkswagen Golf 1.5 TSI EVO ACT Life GPL NUOVO,https://www.automobile.it/striano-volkswagen-golf-1-5-tsi-evo-act-life-gpl-nuovo/183957238,€ 19.490,Usato,Marzo 2021,51.350 km,Benzina,Manuale,Unico proprietario,Striano (NA)
VOLKSWAGEN GOLF 2.0 TDI DSG SCR LIFE NEOPATENTATI,https://www.automobile.it/zane-volkswagen-golf-2-0-tdi-dsg-scr-life-neopatentati/182238467,€ 19.499,Usato,Maggio 2021,93.000 km,Diesel - Euro 6,Semiautomatico,,Zanè (VI)
Volkswagen Golf 2.0 TDI Life DSG,https://www.automobile.it/potenza-volkswagen-golf-2-0-tdi-life-dsg/182904141,€ 19.500,Usato,Marzo 2021,177.959 km,Diesel,Automatico,,Potenza (PZ)
Volkswagen Golf 1.5 TGI DSG Life,https://www.automobile.it/chiari-volkswagen-golf-1-5-tgi-dsg-life/182137815,€ 19.500,Usato,Giugno 2021,60.000 km,Metano - Euro 6,Automatico,,Chiari (BS)
Volkswagen Golf 2.0 TDI SCR Style km 76000 iva esposta,https://www.automobile.it/barrafranca-volkswagen-golf-2-0-tdi-scr-style-km-76000-iva-esposta/181748080,€ 19.500,Usato,Ottobre 2021,76.000 km,Diesel - Euro 6,Manuale,,Barrafranca (EN)
VOLKSWAGEN Golf 2.0 TDI 115 CV SCR Life,https://www.automobile.it/potenza-volkswagen-golf-2-0-tdi-115-cv-scr-life/184120259,€ 19.500,Usato,Dicembre 2021,116.874 km,Diesel - Euro 6,Manuale,,Potenza (PZ)
VOLKSWAGEN Golf 1.0 eTSI EVO DSG Life,https://www.automobile.it/scanzorosciate-volkswagen-golf-1-0-etsi-evo-dsg-life/183715927,€ 19.500,Usato,Novembre 2022,72.000 km,Ibrido - Euro 6,Semiautomatico,,Scanzorosciate (BG)
VOLKSWAGEN GOLF 8 1.5 TGI,https://www.automobile.it/parma-volkswagen-golf-8-1-5-tgi/184357481,€ 19.500,Usato,Febbraio 2021,68.000 km,Metano,Automatico,,Parma (PR)
VOLKSWAGEN Golf 1.0 eTSI EVO DSG Life,https://www.automobile.it/roma-volkswagen-golf-1-0-etsi-evo-dsg-life/184365348,€ 19.500,Usato,Gennaio 2023,45.000 km,Ibrido - Euro 6,Automatico,Unico proprietario,Roma (RM)
Volkswagen Golf 2.0 TDI 115 CV SCR Edition Plus,https://www.automobile.it/corridonia-volkswagen-golf-2-0-tdi-115-cv-scr-edition-plus/184447967,€ 19.500,Usato,Marzo 2025,26.100 km,Diesel - Euro 6,Manuale,,Corridonia (MC)
Volkswagen Golf VIII 2.0 tdi Style 115cv,https://www.automobile.it/altamura-volkswagen-golf-viii-2-0-tdi-style-115cv/184391497,€ 19.500,Usato,Giugno 2022,82.000 km,Diesel - Euro 6,Manuale,,Altamura (BA)
VOLKSWAGEN Golf 2.0 TDI 115 CV SCR Life,https://www.automobile.it/favara-volkswagen-golf-2-0-tdi-115-cv-scr-life/184505014,€ 19.500,Usato,Ottobre 2022,84.535 km,Diesel,Manuale,,Favara (AG)
Volkswagen Golf Golf 2.0 TDI SCR Style,https://www.automobile.it/chiavari-volkswagen-golf-golf-2-0-tdi-scr-style/182291827,€ 19.500,Usato,Dicembre 2021,97.914 km,Diesel - Euro 6,Manuale,,Chiavari (GE)
Volkswagen Golf 1.0 TSI EVO Life dsg 110cv,https://www.automobile.it/modugno-volkswagen-golf-1-0-tsi-evo-life-dsg-110cv/184533943,€ 19.500,Usato,Giugno 2022,82.000 km,Diesel - Euro 6,Manuale,,Modugno (BA)
Volkswagen Golf 2.0 TDI 115CV Life,https://www.automobile.it/ravenna-volkswagen-golf-2-0-tdi-115cv-life/183660521,€ 19.500,Usato,Giugno 2021,83.070 km,Diesel - Euro 6,Manuale,,Ravenna (RA)
VOLKSWAGEN GOLF 1.5 TGI DSG Style,https://www.automobile.it/terlizzi-volkswagen-golf-1-5-tgi-dsg-style/184523362,€ 19.500,Usato,Maggio 2022,122.857 km,Metano - Euro 6,Semiautomatico,Unico proprietario,Terlizzi (BA)
Volkswagen Golf VIII 2.0 tdi Life 115cv,https://www.automobile.it/altamura-volkswagen-golf-viii-2-0-tdi-life-115cv/184566763,€ 19.500,Usato,Febbraio 2022,79.000 km,Diesel - Euro 6,Manuale,,Altamura (BA)
VOLKSWAGEN GOLF 8 2.0 TDI 115 CV STYLE – 2023,https://www.automobile.it/ronciglione-volkswagen-golf-8-2-0-tdi-115-cv-style-2023/184221786,€ 19.500,Usato,Febbraio 2023,111.000 km,Diesel - Euro 6,Manuale,,Ronciglione (VT)
Volkswagen Golf 2.0 TDI 116 CV DSG SCR Life 2022,https://www.automobile.it/campobello-mazara-volkswagen-golf-2-0-tdi-116-cv-dsg-scr-life-2022/184606321,€ 19.500,Usato,Gennaio 2022,167.000 km,Diesel - Euro 6,Semiautomatico,,Campobello di Mazara (TP)
Volkswagen Golf 1.5 eTSI 150 CV IVA ESPOSTA,https://www.automobile.it/fontanafredda-volkswagen-golf-1-5-etsi-150-cv-iva-esposta/184645674,€ 19.700,Usato,Gennaio 2021,89.000 km,Ibrido - Euro 6,Semiautomatico,,Fontanafredda (PN)
VOLKSWAGEN Golf 8ª serie Golf 1.0 eTSI EVO DSG Life,https://www.automobile.it/milano-volkswagen-golf-8-serie-golf-1-0-etsi-evo-dsg-life/184666180,€ 19.700,Usato,Aprile 2023,68.900 km,Ibrido - Euro 6,Automatico,,Milano (MI)
VOLKSWAGEN Golf 8ª serie Golf 1.0 eTSI EVO DSG Life,https://www.automobile.it/casalmoro-volkswagen-golf-8-serie-golf-1-0-etsi-evo-dsg-life/184666111,€ 19.700,Usato,Aprile 2023,68.900 km,Ibrido - Euro 6,Automatico,,Casalmoro (MN)
VOLKSWAGEN Golf 8ª serie Golf 1.0 eTSI EVO DSG Life,https://www.automobile.it/verona-volkswagen-golf-8-serie-golf-1-0-etsi-evo-dsg-life/184666100,€ 19.700,Usato,Aprile 2023,68.900 km,Ibrido - Euro 6,Automatico,,Verona (VR)
VOLKSWAGEN Golf 8ª serie Golf 1.0 eTSI EVO DSG Life,https://www.automobile.it/roma-volkswagen-golf-8-serie-golf-1-0-etsi-evo-dsg-life/184666153,€ 19.700,Usato,Aprile 2023,68.900 km,Ibrido - Euro 6,Automatico,,Roma (RM)
GOLF 2.0 TDI 150 CV DSG SCR Style,https://www.automobile.it/nuoro-golf-2-0-tdi-150-cv-dsg-scr-style/182256710,€ 19.799,Usato,Aprile 2021,150.000 km,Diesel - Euro 6,Semiautomatico,,Nuoro (NU)
Volkswagen Golf 2.0 tdi life 115cv dsg,https://www.automobile.it/bari-volkswagen-golf-2-0-tdi-life-115cv-dsg/184175198,€ 19.800,Usato,Novembre 2022,115.650 km,Altro,Automatico,3 Proprietari,Bari (BA)
Volkswagen Golf Golf 1.5 TSI EVO ACT Life,https://www.automobile.it/leini-volkswagen-golf-golf-1-5-tsi-evo-act-life/181931260,€ 19.800,Usato,Aprile 2024,25.000 km,Benzina - Euro 6,Manuale,Unico proprietario,Leinì (TO)
Volkswagen Golf 2.0 TDI 150 CV DSG SCR Style,https://www.automobile.it/villa-san-giovanni-volkswagen-golf-2-0-tdi-150-cv-dsg-scr-style/184510339,€ 19.800,Usato,Dicembre 2022,150.000 km,Diesel - Euro 6,Semiautomatico,Unico proprietario,Villa San Giovanni (RC)
VOLKSWAGEN Golf 1.0 eTSI EVO DSG Life IBRIDA,https://www.automobile.it/roma-volkswagen-golf-1-0-etsi-evo-dsg-life-ibrida/184561910,€ 19.800,Usato,Novembre 2021,53.300 km,Ibrido - Euro 6,Automatico,,Roma (RM)
Volkswagen Golf 1.0 etsi evo Life 110cv dsg,https://www.automobile.it/guidonia-montecelio-volkswagen-golf-1-0-etsi-evo-life-110cv-dsg/184034635,€ 19.850,Usato,Giugno 2021,63.000 km,Ibrido,Automatico,Unico proprietario,Guidonia Montecelio (RM)
Volkswagen Golf 1.0 TSI EVO MOVE,https://www.automobile.it/san-giorgio-pertiche-volkswagen-golf-1-0-tsi-evo-move/184637909,€ 19.850,Usato,Aprile 2024,20.000 km,Benzina - Euro 6,Manuale,Unico proprietario,San Giorgio delle Pertiche (PD)
Volkswagen Golf 2.0 TDI 115 CV SCR Life,https://www.automobile.it/marino-volkswagen-golf-2-0-tdi-115-cv-scr-life/184430734,€ 19.890,Usato,Aprile 2025,21.890 km,Diesel - Euro 6,Manuale,Unico proprietario,Marino (RM)
"Vw Golf 2.0TDI 150CV DSG Style Euro6d, Fari iQ-Led",https://www.automobile.it/treviolo-vw-golf-2-0tdi-150cv-dsg-style-euro6d-fari-iq-led/184536386,€ 19.890,Usato,Gennaio 2021,97.500 km,Diesel,Automatico,Unico proprietario,Treviolo (BG)
Volkswagen golf viii 1.0 TSI 110cv Life MOVE,https://www.automobile.it/robecco-naviglio-volkswagen-golf-viii-1-0-tsi-110cv-life-move/184633032,€ 19.890,Usato,Febbraio 2024,28.669 km,Benzina,Manuale,,Robecco sul Naviglio (MI)
Volkswagen Golf 2.0 TDI DSG SCR Life,https://www.automobile.it/vedelago-volkswagen-golf-2-0-tdi-dsg-scr-life/182056783,€ 19.900,Usato,Novembre 2022,86.300 km,Diesel - Euro 6,Semiautomatico,,Vedelago (TV)
Volkswagen Golf 2.0 tdi life 115cv dsg,https://www.automobile.it/rende-volkswagen-golf-2-0-tdi-life-115cv-dsg/182161317,€ 19.900,Usato,Dicembre 2021,99.446 km,Altro,Automatico,,Rende (CS)
Volkswagen Golf 1.0 eTSI EVO DSG Life,https://www.automobile.it/caorso-volkswagen-golf-1-0-etsi-evo-dsg-life/182992819,€ 19.900,Usato,Novembre 2022,78.472 km,Ibrido,Automatico,,Caorso (PC)
VOLKSWAGEN Golf 8ª serie Golf 1.0 TSI EVO Life,https://www.automobile.it/arezzo-volkswagen-golf-8-serie-golf-1-0-tsi-evo-life/184029467,€ 19.900,Usato,2022,66.325 km,Benzina - Euro 6,Manuale,,Arezzo (AR)
VOLKSWAGEN Golf 2.0 TDI 150 CV DSG SCR Life,https://www.automobile.it/oderzo-volkswagen-golf-2-0-tdi-150-cv-dsg-scr-life/183691152,€ 19.900,Usato,Gennaio 2021,86.660 km,Diesel - Euro 6,Automatico,,Oderzo (TV)
Volkswagen Golf 2.0 TDI 150 CV DSG,https://www.automobile.it/rosarno-volkswagen-golf-2-0-tdi-150-cv-dsg/184275392,€ 19.900,Usato,Luglio 2021,200.000 km,Diesel - Euro 6,Semiautomatico,,Rosarno (RC)
Volkswagen Golf 1.4 Plug-In Hybrid DSG GTE,https://www.automobile.it/boretto-volkswagen-golf-1-4-plug-hybrid-dsg-gte/183898235,€ 19.900,Usato,Giugno 2021,115.000 km,Ibrido - Euro 6,Automatico,Unico proprietario,Boretto (RE)
Volkswagen Golf 2.0 TDI 150CV DSG Life,https://www.automobile.it/orta-nova-volkswagen-golf-2-0-tdi-150cv-dsg-life/184156750,€ 19.900,Usato,Novembre 2022,79.604 km,Diesel - Euro 6,Automatico,Unico proprietario,Orta Nova (FG)
VOLKSWAGEN Golf Variant 1.0 ETSI EVO DSG LIFE FULL LED,https://www.automobile.it/brescia-volkswagen-golf-variant-1-0-etsi-evo-dsg-life-full-led/184373772,€ 19.900,Usato,Dicembre 2023,44.559 km,Ibrido - Euro 6,Automatico,,Brescia (BS)
VOLKSWAGEN Golf 1.0 eTSI EVO DSG Life NAVY cruise adattivo,https://www.automobile.it/foggia-volkswagen-golf-1-0-etsi-evo-dsg-life-navy-cruise-adattivo/184257790,€ 19.900,Usato,Giugno 2023,53.221 km,Ibrido - Euro 6,Semiautomatico,Unico proprietario,Foggia (FG)
VOLKSWAGEN Golf 2.0 TDI 150 CV DSG Active,https://www.automobile.it/senna-comasco-volkswagen-golf-2-0-tdi-150-cv-dsg-active/184390173,€ 19.900,Usato,Giugno 2022,91.253 km,Diesel - Euro 6,Automatico,,Senna Comasco (CO)
Volkswagen Golf 2.0 TDI SCR Style,https://www.automobile.it/favara-volkswagen-golf-2-0-tdi-scr-style/184033580,€ 19.900,Usato,Settembre 2023,124.000 km,Diesel - Euro 6,Manuale,,Favara (AG)
Volkswagen Golf Variant 2.0 TDI 150 CV DSG SCR R-Line,https://www.automobile.it/montecosaro-volkswagen-golf-variant-2-0-tdi-150-cv-dsg-scr-r-line/184397119,€ 19.900,Usato,Novembre 2023,1 km,Diesel - Euro 6,Automatico,,Montecosaro (MC)
Volkswagen Golf 2.0 TDI 150CV DSG Life,https://www.automobile.it/orta-nova-volkswagen-golf-2-0-tdi-150cv-dsg-life/184395920,€ 19.900,Usato,Novembre 2022,79.604 km,Diesel - Euro 6,Automatico,Unico proprietario,Orta Nova (FG)
"VOLKSWAGEN Golf 1.0 eTSI EVO Life DSG 17"" MHEV",https://www.automobile.it/vigevano-volkswagen-golf-1-0-etsi-evo-life-dsg-17-mhev/184399243,€ 19.900,Usato,Gennaio 2023,43.962 km,Ibrido - Euro 6,Automatico,,Vigevano (PV)
VOLKSWAGEN Golf Golf 1.5 TSI EVO ACT Life,https://www.automobile.it/milano-volkswagen-golf-golf-1-5-tsi-evo-act-life/182014695,€ 19.900,Usato,Agosto 2021,86.120 km,Benzina - Euro 6,Manuale,,Milano (MI)
VOLKSWAGEN Golf Golf 1.5 TSI EVO ACT Life,https://www.automobile.it/casalmoro-volkswagen-golf-golf-1-5-tsi-evo-act-life/182019685,€ 19.900,Usato,Agosto 2021,86.120 km,Benzina - Euro 6,Manuale,,Casalmoro (MN)
VOLKSWAGEN Golf 2.0 TDI 115 CV SCR Life,https://www.automobile.it/vigevano-volkswagen-golf-2-0-tdi-115-cv-scr-life/184152852,€ 19.900,Usato,Luglio 2022,53.755 km,Diesel - Euro 6,Manuale,,Vigevano (PV)
VOLKSWAGEN Golf 2.0 TDI DSG 116CV Life,https://www.automobile.it/arsie-volkswagen-golf-2-0-tdi-dsg-116cv-life/184512342,€ 19.900,Usato,Gennaio 2024,82.907 km,Diesel - Euro 6,Automatico,Unico proprietario,Arsiè (BL)
Volkswagen Golf Golf 2.0 tdi Life (PREZZO REALE ),https://www.automobile.it/tolmezzo-volkswagen-golf-golf-2-0-tdi-life-prezzo-reale/184552888,€ 19.900,Usato,Giugno 2023,61.000 km,Diesel - Euro 6,Manuale,,Tolmezzo (UD)
Volkswagen Golf 1.0 TSI EVO MOVE,https://www.automobile.it/chivasso-volkswagen-golf-1-0-tsi-evo-move/183955065,€ 19.900,Usato,Aprile 2024,17.000 km,Benzina - Euro 6,Manuale,Unico proprietario,Chivasso (TO)
Volkswagen Golf 1.0 TSI EVO Life 110 CV,https://www.automobile.it/monselice-volkswagen-golf-1-0-tsi-evo-life-110-cv/184612725,€ 19.900,Usato,Giugno 2022,85.053 km,Benzina - Euro 6,Manuale,,Monselice (PD)
VOLKSWAGEN Golf 8ª serie Golf Variant 2.0 TDI SCR DSG Life,https://www.automobile.it/roma-volkswagen-golf-8-serie-golf-variant-2-0-tdi-scr-dsg-life/184594429,€ 19.900,Usato,Aprile 2022,51.535 km,Diesel - Euro 6,Automatico,,Roma (RM)
VOLKSWAGEN Golf 8ª serie Golf Variant 2.0 TDI SCR DSG Life,https://www.automobile.it/milano-volkswagen-golf-8-serie-golf-variant-2-0-tdi-scr-dsg-life/184594701,€ 19.900,Usato,Aprile 2022,51.535 km,Diesel - Euro 6,Automatico,,Milano (MI)
Volkswagen Golf 2.0 TDI 115cv Style,https://www.automobile.it/bologna-volkswagen-golf-2-0-tdi-115cv-style/184202590,€ 19.900,Usato,Maggio 2022,74.828 km,Diesel - Euro 6,Manuale,,Bologna (BO)
VOLKSWAGEN Golf 8ª serie Golf Variant 2.0 TDI SCR DSG Life,https://www.automobile.it/verona-volkswagen-golf-8-serie-golf-variant-2-0-tdi-scr-dsg-life/184598569,€ 19.900,Usato,Aprile 2022,51.535 km,Diesel - Euro 6,Automatico,,Verona (VR)
Volkswagen Golf Variant Life 1.5 TSI #50359,https://www.automobile.it/rottofreno-volkswagen-golf-variant-life-1-5-tsi-50359/184521472,€ 19.900,Usato,Marzo 2023,45.000 km,Benzina,Manuale,Unico proprietario,Rottofreno (PC)
VOLKSWAGEN Golf 1.0 eTSI EVO Life DSG MHEV C/GRIMALDI SP.DAY,https://www.automobile.it/vigevano-volkswagen-golf-1-0-etsi-evo-life-dsg-mhev-grimaldi-sp-day/184589218,€ 19.900,Usato,Luglio 2024,30.738 km,Benzina - Euro 6,Automatico,,Vigevano (PV)
Volkswagen Golf 1.4 Plug-In Hybrid DSG GTE,https://www.automobile.it/roma-volkswagen-golf-1-4-plug-hybrid-dsg-gte/184379387,€ 19.900,Usato,Gennaio 2021,95.600 km,Ibrido - Euro 6,Automatico,Unico proprietario,Roma (RM)
Volkswagen Golf 1.0 TSI EVO Life 110 CV,https://www.automobile.it/monselice-volkswagen-golf-1-0-tsi-evo-life-110-cv/184612725,€ 19.900,Usato,Giugno 2022,85.053 km,Benzina - Euro 6,Manuale,,Monselice (PD)
Volkswagen Golf GOLF 1.0 TSI 110cv EVO LIFE,https://www.automobile.it/galatina-volkswagen-golf-golf-1-0-tsi-110cv-evo-life/184626390,€ 19.900,Usato,Maggio 2021,54.100 km,Benzina - Euro 6,Manuale,,Galatina (LE)
VOLKSWAGEN Golf 8ª serie Golf 2.0 TDI 150 CV DSG SCR Life,https://www.automobile.it/roma-volkswagen-golf-8-serie-golf-2-0-tdi-150-cv-dsg-scr-life/184595034,€ 19.900,Usato,Gennaio 2022,85.315 km,Diesel - Euro 6,Automatico,,Roma (RM)
VOLKSWAGEN Golf 8ª serie Golf 2.0 TDI 150 CV DSG SCR Life,https://www.automobile.it/verona-volkswagen-golf-8-serie-golf-2-0-tdi-150-cv-dsg-scr-life/184598854,€ 19.900,Usato,Gennaio 2022,85.315 km,Diesel - Euro 6,Automatico,,Verona (VR)
VOLKSWAGEN Golf 8ª serie Golf 2.0 TDI 150 CV DSG SCR Life,https://www.automobile.it/milano-volkswagen-golf-8-serie-golf-2-0-tdi-150-cv-dsg-scr-life/184597342,€ 19.900,Usato,Gennaio 2022,85.315 km,Diesel - Euro 6,Automatico,,Milano (MI)
VOLKSWAGEN GOLF 8 2.0 TDI 116 CV LIFE + WINTER PACK,https://www.automobile.it/quinzano-d-oglio-volkswagen-golf-8-2-0-tdi-116-cv-life-winter-pack/184516052,€ 19.900,Usato,Dicembre 2023,54.000 km,Diesel - Euro 6,Manuale,,Quinzano d'Oglio (BS)
Volkswagen Golf 2.0 TDI 150 CV DSG SCR Life,https://www.automobile.it/palermo-volkswagen-golf-2-0-tdi-150-cv-dsg-scr-life/184632429,€ 19.900,Usato,Ottobre 2021,123.000 km,Diesel - Euro 6,Semiautomatico,,Palermo (PA)
Volkswagen Golf 1.0 TSI EVO Life,https://www.automobile.it/torino-volkswagen-golf-1-0-tsi-evo-life/184662449,€ 19.900,Usato,Ottobre 2023,50.000 km,Benzina - Euro 6,Manuale,,Torino (TO)
Volkswagen Golf 1.5 eTSI 130 CV EVO ACT DSG Style,https://www.automobile.it/chiampo-volkswagen-golf-1-5-etsi-130-cv-evo-act-dsg-style/184655930,€ 19.900,Usato,Settembre 2022,79.745 km,Ibrido - Euro 6,Automatico,,Chiampo (VI)
Volkswagen Golf 8 Life 2.0 TDI 115CV,https://www.automobile.it/borgetto-volkswagen-golf-8-life-2-0-tdi-115cv/184664415,€ 19.900,Usato,Dicembre 2022,95.521 km,Diesel - Euro 6,Manuale,Unico proprietario,Borgetto (PA)
Volkswagen Golf Golf 1.5 TGI DSG Life,https://www.automobile.it/chiavari-volkswagen-golf-golf-1-5-tgi-dsg-life/183557774,€ 19.900,Usato,Agosto 2022,86.658 km,Metano - Euro 6,Semiautomatico,,Chiavari (GE)
Volkswagen Golf 2.0 tdi style 115cv,https://www.automobile.it/bari-volkswagen-golf-2-0-tdi-style-115cv/184366199,€ 19.950,Usato,Gennaio 2022,95.070 km,Altro,Manuale,,Bari (BA)
VOLKSWAGEN GOLF 8 2.0 TDI 115 CV DSG FULL NEO PATE,https://www.automobile.it/grottaminarda-volkswagen-golf-8-2-0-tdi-115-cv-dsg-full-neo-pate/184634096,€ 19.950,Usato,Marzo 2022,130.000 km,Diesel - Euro 6,Automatico,,Grottaminarda (AV)
Volkswagen Golf 2.0 TDI 115 CV SCR Life,https://www.automobile.it/licata-volkswagen-golf-2-0-tdi-115-cv-scr-life/182661817,€ 19.990,Usato,Febbraio 2022,120.000 km,Diesel - Euro 6,Manuale,,Licata (AG)
VOLKSWAGEN Golf 2.0 TDI 116CV DSG Life,https://www.automobile.it/dolo-volkswagen-golf-2-0-tdi-116cv-dsg-life/184496949,€ 19.990,Usato,Maggio 2023,69.000 km,Diesel - Euro 6,Semiautomatico,,Dolo (VE)
Volkswagen Golf 2.0 tdi life 150cv dsg,https://www.automobile.it/venezia-volkswagen-golf-2-0-tdi-life-150cv-dsg/184521733,€ 19.990,Usato,Giugno 2021,91.894 km,Altro,Semiautomatico,,Venezia (VE)
Volkswagen Golf 2.0 TDI 150 CV DSG SCR Life,https://www.automobile.it/cernusco-naviglio-volkswagen-golf-2-0-tdi-150-cv-dsg-scr-life/183240607,€ 19.990,Usato,Febbraio 2023,100.000 km,Diesel - Euro 6,Semiautomatico,Unico proprietario,Cernusco sul Naviglio (MI)
Volkswagen Golf style 2.0 TDI DSG 7 #5765,https://www.automobile.it/moncalieri-volkswagen-golf-style-2-0-tdi-dsg-7-5765/184544388,€ 19.990,Usato,Gennaio 2022,65.000 km,Diesel,Automatico,2 Proprietari,Moncalieri (TO)
Volkswagen Golf 1.5 tgi Style 130cv,https://www.automobile.it/massafra-volkswagen-golf-1-5-tgi-style-130cv/184360089,€ 19.990,Usato,Ottobre 2022,65.000 km,Metano,Manuale,Unico proprietario,Massafra (TA)
Volkswagen Golf 2.0 TDI SCR Life,https://www.automobile.it/campobasso-volkswagen-golf-2-0-tdi-scr-life/182526481,€ 19.999,Usato,Aprile 2022,99.000 km,Diesel - Euro 6,Manuale,Unico proprietario,Campobasso (CB)
VOLKSWAGEN GOLF 1.5 eTSI 150 CV EVO DSG LIFE,https://www.automobile.it/zane-volkswagen-golf-1-5-etsi-150-cv-evo-dsg-life/182238449,€ 19.999,Usato,Aprile 2021,63.000 km,Ibrido - Euro 6,Semiautomatico,,Zanè (VI)
Volkswagen Golf 2.0 TDI 115 CV SCR Life,https://www.automobile.it/reggio-emilia-volkswagen-golf-2-0-tdi-115-cv-scr-life/184386208,€ 19.999,Usato,Dicembre 2021,43.000 km,Diesel - Euro 6,Manuale,,Reggio Emilia (RE)
Volkswagen Golf 1.4 TSI eHYBRID 204 CV DSG Style neopatentati,https://www.automobile.it/brescia-volkswagen-golf-1-4-tsi-ehybrid-204-cv-dsg-style-neopatentati/184473557,€ 19.999,Usato,Marzo 2021,139.000 km,Ibrido - Euro 6,Automatico,,Brescia (BS)
Volkswagen Golf 2.0 TDI 150 CV SCR Style,https://www.automobile.it/ceccano-volkswagen-golf-2-0-tdi-150-cv-scr-style/184563048,€ 19.999,Usato,Novembre 2022,95.000 km,Diesel - Euro 6,Manuale,,Ceccano (FR)
VOLKSWAGEN Golf 1.4 Plug-In Hybrid DSG GTE,https://www.automobile.it/cagliari-volkswagen-golf-1-4-plug-hybrid-dsg-gte/184621184,€ 19.999,Usato,Febbraio 2021,143.853 km,Ibrido - Euro 6,Automatico,,Cagliari (CA)
VOLKSWAGEN Golf 1.4 Plug-In Hybrid DSG GTE,https://www.automobile.it/sassari-volkswagen-golf-1-4-plug-hybrid-dsg-gte/184621227,€ 19.999,Usato,Febbraio 2021,143.853 km,Ibrido - Euro 6,Automatico,,Sassari (SS)
Volkswagen Golf Variant 1.0 eTSI EVO DSG Life,https://www.automobile.it/gattatico-volkswagen-golf-variant-1-0-etsi-evo-dsg-life/184629392,€ 19.999,Usato,Marzo 2023,58.000 km,Ibrido - Euro 6,Automatico,Unico proprietario,Gattatico (RE)
VOLKSWAGEN Golf 1.4 Plug-In Hybrid DSG GTE,https://www.automobile.it/verona-volkswagen-golf-1-4-plug-hybrid-dsg-gte/184624410,€ 19.999,Usato,Febbraio 2021,143.853 km,Ibrido - Euro 6,Automatico,,Verona (VR)
VOLKSWAGEN Golf 1.4 Plug-In Hybrid DSG GTE,https://www.automobile.it/roma-volkswagen-golf-1-4-plug-hybrid-dsg-gte/184624629,€ 19.999,Usato,Febbraio 2021,143.853 km,Ibrido - Euro 6,Automatico,,Roma (RM)
VOLKSWAGEN Golf 1.4 Plug-In Hybrid DSG GTE,https://www.automobile.it/bari-volkswagen-golf-1-4-plug-hybrid-dsg-gte/184624740,€ 19.999,Usato,Febbraio 2021,143.853 km,Ibrido - Euro 6,Automatico,,Bari (BA)
VOLKSWAGEN Golf 1.4 Plug-In Hybrid DSG GTE,https://www.automobile.it/venezia-volkswagen-golf-1-4-plug-hybrid-dsg-gte/184624821,€ 19.999,Usato,Febbraio 2021,143.853 km,Ibrido - Euro 6,Automatico,,Venezia (VE)
VOLKSWAGEN Golf 1.4 Plug-In Hybrid DSG GTE,https://www.automobile.it/bologna-volkswagen-golf-1-4-plug-hybrid-dsg-gte/184624440,€ 19.999,Usato,Febbraio 2021,143.853 km,Ibrido - Euro 6,Automatico,,Bologna (BO)
Volkswagen GOLF 2.0 TDI SCR LIFE DSG,https://www.automobile.it/catanzaro-volkswagen-golf-2-0-tdi-scr-life-dsg/184646201,€ 19.999,Usato,Marzo 2021,95.000 km,Diesel - Euro 6,Automatico,Unico proprietario,Catanzaro (CZ)
VOLKSWAGEN Golf 1.4 Plug-In Hybrid DSG GTE,https://www.automobile.it/cosenza-volkswagen-golf-1-4-plug-hybrid-dsg-gte/184620305,€ 19.999,Usato,Febbraio 2021,143.853 km,Ibrido - Euro 6,Automatico,,Cosenza (CS)
VOLKSWAGEN Golf 1.4 Plug-In Hybrid DSG GTE,https://www.automobile.it/milano-volkswagen-golf-1-4-plug-hybrid-dsg-gte/184621395,€ 19.999,Usato,Febbraio 2021,143.853 km,Ibrido - Euro 6,Automatico,,Milano (MI)
VOLKSWAGEN Golf 2.0 TDI 115 CV SCR Life,https://www.automobile.it/fidenza-volkswagen-golf-2-0-tdi-115-cv-scr-life/183649141,€ 20.000,Usato,Gennaio 2021,94.000 km,Diesel,Manuale,Unico proprietario,Fidenza (PR)
Volkswagen Golf 1.0 eTSI EVO DSG Life,https://www.automobile.it/omegna-volkswagen-golf-1-0-etsi-evo-dsg-life/184322778,€ 20.000,Usato,Marzo 2022,85.900 km,Ibrido - Euro 6,Automatico,,Omegna (VB)
Volkswagen Golf 1.5 tsi evo Style 130cv,https://www.automobile.it/verona-volkswagen-golf-1-5-tsi-evo-style-130cv/184461448,€ 20.300,Usato,Febbraio 2024,81.000 km,Benzina,Manuale,Unico proprietario,Verona (VR)
Volkswagen Golf 1.0 ETSI EVO 110CV Life DSG,https://www.automobile.it/san-giorgio-bosco-volkswagen-golf-1-0-etsi-evo-110cv-life-dsg/182894515,€ 20.333,Usato,Dicembre 2023,18.506 km,Ibrido,Automatico,,San Giorgio in Bosco (PD)
Volkswagen Golf 2.0 TDI CV DSG SCR Life,https://www.automobile.it/verona-volkswagen-golf-2-0-tdi-cv-dsg-scr-life/184636350,€ 20.400,Usato,Dicembre 2022,75.585 km,Diesel - Euro 6,Automatico,,Verona (VR)
VOLKSWAGEN GOLF 8 1.5 TSI 131 CV STYLE + REARVIEW VETRI PRIVACY,https://www.automobile.it/quinzano-d-oglio-volkswagen-golf-8-1-5-tsi-131-cv-style-rearview-vetri-privacy/184628146,€ 20.400,Usato,Aprile 2024,23.100 km,Benzina - Euro 6,Manuale,,Quinzano d'Oglio (BS)
Volkswagen Golf 1.4 TSi eHybrid Style 204CV DSG,https://www.automobile.it/torino-volkswagen-golf-1-4-tsi-ehybrid-style-204cv-dsg/184528281,€ 20.400,Usato,Luglio 2021,24.780 km,Ibrido - Euro 6,Automatico,,Torino (TO)
Volkswagen Golf 1.5 TSI EVO ACT Life,https://www.automobile.it/bologna-volkswagen-golf-1-5-tsi-evo-act-life/184648463,€ 20.400,Usato,Marzo 2023,58.617 km,Benzina - Euro 6,Manuale,,Bologna (BO)
VOLKSWAGEN Golf 8ª serie Golf 2.0 TDI Life,https://www.automobile.it/milano-volkswagen-golf-8-serie-golf-2-0-tdi-life/184654575,€ 20.400,Usato,Luglio 2024,38.776 km,Diesel - Euro 6,Manuale,,Milano (MI)
VOLKSWAGEN Golf 8ª serie Golf 2.0 TDI Life,https://www.automobile.it/verona-volkswagen-golf-8-serie-golf-2-0-tdi-life/184654519,€ 20.400,Usato,Luglio 2024,38.776 km,Diesel - Euro 6,Manuale,,Verona (VR)
VOLKSWAGEN Golf 8ª serie Golf 2.0 TDI Life,https://www.automobile.it/roma-volkswagen-golf-8-serie-golf-2-0-tdi-life/184654524,€ 20.400,Usato,Luglio 2024,38.776 km,Diesel - Euro 6,Manuale,,Roma (RM)
Volkswagen Golf 2.0 TDI DSG SCR Style,https://www.automobile.it/orta-atella-volkswagen-golf-2-0-tdi-dsg-scr-style/184214885,€ 20.450,Usato,Dicembre 2022,99.000 km,Diesel - Euro 6,Semiautomatico,,Orta di Atella (CE)
VOLKSWAGEN Golf Golf 1.0 eTSI EVO DSG Life,https://www.automobile.it/roma-volkswagen-golf-golf-1-0-etsi-evo-dsg-life/181819285,€ 20.490,Usato,Maggio 2021,52.527 km,Ibrido - Euro 6,Automatico,,Roma (RM)
VOLKSWAGEN Golf Golf 1.0 eTSI EVO DSG Life,https://www.automobile.it/verona-volkswagen-golf-golf-1-0-etsi-evo-dsg-life/181940089,€ 20.490,Usato,Maggio 2021,52.527 km,Ibrido - Euro 6,Automatico,,Verona (VR)
VOLKSWAGEN Golf 1.0 eTSI EVO DSG Life,https://www.automobile.it/collesalvetti-volkswagen-golf-1-0-etsi-evo-dsg-life/184429888,€ 20.499,Usato,Giugno 2023,24.471 km,Ibrido - Euro 6,Automatico,,Collesalvetti (LI)
VOLKSWAGEN Golf 1.0 eTSI EVO DSG Life,https://www.automobile.it/bari-volkswagen-golf-1-0-etsi-evo-dsg-life/184425298,€ 20.499,Usato,Giugno 2023,24.471 km,Ibrido - Euro 6,Automatico,,Bari (BA)
VOLKSWAGEN Golf 1.0 eTSI EVO DSG Life,https://www.automobile.it/milano-volkswagen-golf-1-0-etsi-evo-dsg-life/184431540,€ 20.499,Usato,Giugno 2023,24.471 km,Ibrido - Euro 6,Automatico,,Milano (MI)
VOLKSWAGEN Golf 1.0 eTSI EVO DSG Life,https://www.automobile.it/cosenza-volkswagen-golf-1-0-etsi-evo-dsg-life/184421998,€ 20.499,Usato,Giugno 2023,24.471 km,Ibrido - Euro 6,Automatico,,Cosenza (CS)
VOLKSWAGEN Golf 1.0 eTSI EVO DSG Life,https://www.automobile.it/verona-volkswagen-golf-1-0-etsi-evo-dsg-life/184425053,€ 20.499,Usato,Giugno 2023,24.471 km,Ibrido - Euro 6,Automatico,,Verona (VR)
VOLKSWAGEN Golf 1.0 eTSI EVO DSG Life,https://www.automobile.it/beinasco-volkswagen-golf-1-0-etsi-evo-dsg-life/184425102,€ 20.499,Usato,Giugno 2023,24.471 km,Ibrido - Euro 6,Automatico,,Beinasco (TO)
VOLKSWAGEN Golf 1.0 eTSI EVO DSG Life,https://www.automobile.it/catania-volkswagen-golf-1-0-etsi-evo-dsg-life/184425020,€ 20.499,Usato,Giugno 2023,24.471 km,Ibrido - Euro 6,Automatico,,Catania (CT)
VOLKSWAGEN Golf 1.0 eTSI EVO DSG Life,https://www.automobile.it/casoria-volkswagen-golf-1-0-etsi-evo-dsg-life/184424956,€ 20.499,Usato,Giugno 2023,24.471 km,Ibrido - Euro 6,Automatico,,Casoria (NA)
VOLKSWAGEN Golf 1.0 eTSI EVO DSG Life,https://www.automobile.it/bologna-volkswagen-golf-1-0-etsi-evo-dsg-life/184425156,€ 20.499,Usato,Giugno 2023,24.471 km,Ibrido - Euro 6,Automatico,,Bologna (BO)
VOLKSWAGEN Golf 1.0 eTSI EVO DSG Life,https://www.automobile.it/cagliari-volkswagen-golf-1-0-etsi-evo-dsg-life/184425369,€ 20.499,Usato,Giugno 2023,24.471 km,Ibrido - Euro 6,Automatico,,Cagliari (CA)
VOLKSWAGEN Golf 1.0 eTSI EVO DSG Life,https://www.automobile.it/firenze-volkswagen-golf-1-0-etsi-evo-dsg-life/184425251,€ 20.499,Usato,Giugno 2023,24.471 km,Ibrido - Euro 6,Automatico,,Firenze (FI)
VOLKSWAGEN Golf 1.0 eTSI EVO DSG Life,https://www.automobile.it/sassari-volkswagen-golf-1-0-etsi-evo-dsg-life/184425434,€ 20.499,Usato,Giugno 2023,24.471 km,Ibrido - Euro 6,Automatico,,Sassari (SS)
VOLKSWAGEN Golf 1.0 eTSI EVO DSG Life,https://www.automobile.it/roma-volkswagen-golf-1-0-etsi-evo-dsg-life/184425666,€ 20.499,Usato,Giugno 2023,24.471 km,Ibrido - Euro 6,Automatico,,Roma (RM)
VOLKSWAGEN Golf 1.0 eTSI EVO DSG Life,https://www.automobile.it/palermo-volkswagen-golf-1-0-etsi-evo-dsg-life/184425469,€ 20.499,Usato,Giugno 2023,24.471 km,Ibrido - Euro 6,Automatico,,Palermo (PA)
VOLKSWAGEN Golf 1.0 eTSI EVO DSG Life,https://www.automobile.it/venezia-volkswagen-golf-1-0-etsi-evo-dsg-life/184425530,€ 20.499,Usato,Giugno 2023,24.471 km,Ibrido - Euro 6,Automatico,,Venezia (VE)
Volkswagen Golf 2.0 TDI SCR Style,https://www.automobile.it/fisciano-volkswagen-golf-2-0-tdi-scr-style/179562044,€ 20.500,Usato,Marzo 2022,89.701 km,Diesel - Euro 6,Automatico,,Fisciano (SA)
Volkswagen Golf 2.0 TDI 115CV Life,https://www.automobile.it/ravenna-volkswagen-golf-2-0-tdi-115cv-life/184178866,€ 20.500,Usato,Maggio 2021,89.464 km,Diesel - Euro 6,Manuale,,Ravenna (RA)
Volkswagen Golf 1.0 eTSI 81kW EVO Life DSG,https://www.automobile.it/potenza-volkswagen-golf-1-0-etsi-81kw-evo-life-dsg/184223888,€ 20.500,Usato,Luglio 2023,83.851 km,Ibrido - Euro 6,Automatico,Unico proprietario,Potenza (PZ)
VOLKSWAGEN Golf 1.0 eTSI EVO DSG Life,https://www.automobile.it/roma-volkswagen-golf-1-0-etsi-evo-dsg-life/184365344,€ 20.500,Usato,Marzo 2023,18.000 km,Ibrido - Euro 6,Automatico,Unico proprietario,Roma (RM)
VOLKSWAGEN Golf 2.0 TDI 115 CV SCR,https://www.automobile.it/rosa-volkswagen-golf-2-0-tdi-115-cv-scr/184471978,€ 20.500,Usato,Maggio 2021,89.000 km,Diesel - Euro 6,Manuale,,Rosà (VI)
VOLKSWAGEN Golf 2.0 TDI DSG SCR Life 116CV,https://www.automobile.it/modena-volkswagen-golf-2-0-tdi-dsg-scr-life-116cv/184539454,€ 20.500,Usato,Maggio 2023,87.100 km,Diesel - Euro 6,Automatico,,Modena (MO)
VOLKSWAGEN Golf 2.0 TDI DSG 116 Life,https://www.automobile.it/modena-volkswagen-golf-2-0-tdi-dsg-116-life/184539359,€ 20.500,Usato,Maggio 2023,87.100 km,Diesel - Euro 6,Automatico,,Modena (MO)
Volkswagen Golf 1.0 eTSI EVO DSG Life,https://www.automobile.it/venezia-volkswagen-golf-1-0-etsi-evo-dsg-life/184139263,€ 20.500,Usato,Aprile 2023,49.000 km,Ibrido - Euro 6,Semiautomatico,,Venezia (VE)
VOLKSWAGEN 8 2.0 TDI GANCIO TETTO UNICOPROPRIETARIO TETTO APRIBILE 2021,https://www.automobile.it/sora-volkswagen-8-2-0-tdi-gancio-tetto-unicoproprietario-tetto-apribile-2021/183695189,€ 20.500,Usato,Maggio 2021,112.000 km,Diesel - Euro 6,Manuale,Unico proprietario,Sora (FR)
VOLKSWAGEN Golf 2.0 TDI DSG 116 Life,https://www.automobile.it/modena-volkswagen-golf-2-0-tdi-dsg-116-life/184539359,€ 20.500,Usato,Maggio 2023,87.100 km,Diesel - Euro 6,Automatico,,Modena (MO)
VOLKSWAGEN Golf 8ª serie Golf 1.5 eTSI 130 CV EVO ACT DSG Style,https://www.automobile.it/roma-volkswagen-golf-8-serie-golf-1-5-etsi-130-cv-evo-act-dsg-style/184596421,€ 20.500,Usato,Maggio 2021,80.577 km,Ibrido - Euro 6,Automatico,,Roma (RM)
VOLKSWAGEN Golf 8ª serie Golf 1.5 eTSI 130 CV EVO ACT DSG Style,https://www.automobile.it/verona-volkswagen-golf-8-serie-golf-1-5-etsi-130-cv-evo-act-dsg-style/184598446,€ 20.500,Usato,Maggio 2021,80.577 km,Ibrido - Euro 6,Automatico,,Verona (VR)
VOLKSWAGEN Golf 2.0 TDI DSG 116CV Life,https://www.automobile.it/arsie-volkswagen-golf-2-0-tdi-dsg-116cv-life/184496513,€ 20.500,Usato,Febbraio 2024,72.118 km,Diesel - Euro 6,Automatico,Unico proprietario,Arsiè (BL)
VOLKSWAGEN Golf 8ª serie Golf 1.5 eTSI 130 CV EVO ACT DSG Style,https://www.automobile.it/milano-volkswagen-golf-8-serie-golf-1-5-etsi-130-cv-evo-act-dsg-style/184596195,€ 20.500,Usato,Maggio 2021,80.577 km,Ibrido - Euro 6,Automatico,,Milano (MI)
VOLKSWAGEN Golf 2.0 TDI DSG 116CV Life,https://www.automobile.it/arsie-volkswagen-golf-2-0-tdi-dsg-116cv-life/184630623,€ 20.500,Usato,Febbraio 2024,73.513 km,Diesel - Euro 6,Automatico,Unico proprietario,Arsiè (BL)
VOLKSWAGEN GOLF 2.0 TDI 115 CV LIFE 84.000 KM,https://www.automobile.it/cassino-volkswagen-golf-2-0-tdi-115-cv-life-84-000-km/184654033,€ 20.500,Usato,Marzo 2021,84.000 km,Diesel - Euro 6,Manuale,Unico proprietario,Cassino (FR)
VOLKSWAGEN Golf 8ª serie Golf 1.5 eTSI 130 CV EVO ACT DSG Style,https://www.automobile.it/casalmoro-volkswagen-golf-8-serie-golf-1-5-etsi-130-cv-evo-act-dsg-style/184655372,€ 20.500,Usato,Maggio 2021,80.577 km,Ibrido - Euro 6,Automatico,,Casalmoro (MN)
Volkswagen Golf 2.0 TDI 115 CV SCR Life,https://www.automobile.it/calatafimi-segesta-volkswagen-golf-2-0-tdi-115-cv-scr-life/184667814,€ 20.500,Usato,Febbraio 2022,80.000 km,Diesel - Euro 6,Automatico,,Calatafimi-Segesta (TP)
Volkswagen Golf LIFE TDI 115cv DSG NAV+RETROCAM. - 2022,https://www.automobile.it/marigliano-volkswagen-golf-life-tdi-115cv-dsg-nav-retrocam-2022/182187014,€ 20.700,Usato,Novembre 2022,45.320 km,Diesel - Euro 6,Automatico,Unico proprietario,Marigliano (NA)
Volkswagen Golf 2.0 TDI 115 CV SCR Life,https://www.automobile.it/rivello-volkswagen-golf-2-0-tdi-115-cv-scr-life/183311668,€ 20.800,Usato,Febbraio 2022,104.000 km,Diesel - Euro 6,Automatico,,Rivello (PZ)
Volkswagen Golf 8 1.5 TSI EVO ACT Life,https://www.automobile.it/leini-volkswagen-golf-8-1-5-tsi-evo-act-life/184028731,€ 20.800,Usato,Agosto 2024,18.500 km,Benzina - Euro 6,Manuale,,Leinì (TO)
Volkswagen Golf 1.5 TSI EVO ACT Life,https://www.automobile.it/leini-volkswagen-golf-1-5-tsi-evo-act-life/184028727,€ 20.800,Usato,Marzo 2024,18.000 km,Benzina - Euro 6,Manuale,Unico proprietario,Leinì (TO)
Volkswagen Golf 8 1.5 TSI EVO ACT Life,https://www.automobile.it/leini-volkswagen-golf-8-1-5-tsi-evo-act-life/184028729,€ 20.800,Usato,Settembre 2024,22.500 km,Benzina - Euro 6,Manuale,,Leinì (TO)
Volkswagen Golf 8 1.5 TSI EVO ACT Life,https://www.automobile.it/leini-volkswagen-golf-8-1-5-tsi-evo-act-life/184028732,€ 20.800,Usato,Luglio 2023,22.600 km,Benzina - Euro 6,Manuale,,Leinì (TO)
"Volkswagen Golf 1.0 etsi evo Life 110cv dsg LED-APP CONNECT-16""",https://www.automobile.it/alba-volkswagen-golf-1-0-etsi-evo-life-110cv-dsg-led-app-connect-16/184622167,€ 20.800,Usato,Giugno 2023,51.900 km,Ibrido,Automatico,Unico proprietario,Alba (CN)
VOLKSWAGEN Golf 2.0 TDI 150 CV DSG GARANZIA,https://www.automobile.it/caraffa-bianco-volkswagen-golf-2-0-tdi-150-cv-dsg-garanzia/184624029,€ 20.800,Usato,Gennaio 2022,113.000 km,Diesel - Euro 6,Semiautomatico,,Caraffa del Bianco (RC)
VOLKSWAGEN Golf VIII 2020 - Golf 1.0 etsi evo Life 110cv dsg,https://www.automobile.it/lucca-volkswagen-golf-viii-2020-golf-1-0-etsi-evo-life-110cv-dsg/184580052,€ 20.800,Usato,Marzo 2023,67.401 km,Ibrido - Euro 6,Automatico,Unico proprietario,Lucca (LU)
Volkswagen Golf Golf 2.0 tdi Life 115cv Navi LED Cockpit,https://www.automobile.it/rimini-volkswagen-golf-golf-2-0-tdi-life-115cv-navi-led-cockpit/184657265,€ 20.800,Usato,Febbraio 2025,21.500 km,Diesel - Euro 6,Manuale,,Rimini (RN)
"Volkswagen Golf 1.5 TGI Style DSG LED Performance, Navi, ErgoActive",https://www.automobile.it/monte-san-giusto-volkswagen-golf-1-5-tgi-style-dsg-led-performance-navi-ergoactive/184619782,€ 20.880,Usato,Gennaio 2021,59.772 km,Metano - Euro 6,Automatico,,Monte San Giusto (MC)
VW GOLF 8 2.0TDI 150CV DSG STYLE PLUS,https://www.automobile.it/san-valentino-torio-vw-golf-8-2-0tdi-150cv-dsg-style-plus/182049860,€ 20.890,Usato,Dicembre 2022,122.000 km,Diesel - Euro 6,Automatico,,San Valentino Torio (SA)
VOLKSWAGEN Golf 2.0 TDI 115 CV SCR Life,https://www.automobile.it/pace-mela-volkswagen-golf-2-0-tdi-115-cv-scr-life/181516091,€ 20.900,Usato,Dicembre 2021,37.000 km,Diesel - Euro 6,Manuale,,Pace del Mela (ME)
Volkswagen Golf 2.0 TDI 150 CV DSG SCR Style,https://www.automobile.it/gravina-puglia-volkswagen-golf-2-0-tdi-150-cv-dsg-scr-style/182135737,€ 20.900,Usato,Settembre 2022,139.000 km,Diesel - Euro 6,Automatico,,Gravina in Puglia (BA)
Volkswagen Golf Golf 2.0 TDI 115 CV SCR Life,https://www.automobile.it/potenza-volkswagen-golf-golf-2-0-tdi-115-cv-scr-life/182291750,€ 20.900,Usato,Novembre 2022,106.605 km,Diesel - Euro 6,Manuale,Unico proprietario,Potenza (PZ)
Volkswagen Golf VIII 2.0 TDI SCR Active 116cv,https://www.automobile.it/paglieta-volkswagen-golf-viii-2-0-tdi-scr-active-116cv/183379224,€ 20.900,Usato,Aprile 2021,94.000 km,Diesel - Euro 6,Manuale,,Paglieta (CH)
Volkswagen Golf 2.0 TDI DSG Life 115 cv,https://www.automobile.it/caorso-volkswagen-golf-2-0-tdi-dsg-life-115-cv/183687374,€ 20.900,Usato,Novembre 2022,75.503 km,Diesel,Automatico,,Caorso (PC)
Volkswagen Golf 2.0 tdi Life 115cv dsg,https://www.automobile.it/cervignano-friuli-volkswagen-golf-2-0-tdi-life-115cv-dsg/183399482,€ 20.900,Usato,2023,130.000 km,Diesel - Euro 6,Automatico,,Cervignano del Friuli (UD)
Volkswagen Golf 2.0 TDI SCR 85kW Style DSG,https://www.automobile.it/bologna-volkswagen-golf-2-0-tdi-scr-85kw-style-dsg/184140871,€ 20.900,Usato,Ottobre 2022,107.385 km,Diesel - Euro 6,Automatico,Unico proprietario,Bologna (BO)
VOLKSWAGEN Golf 2.0 TDI 115 CV Km 73.000 Pronta Consegna Iva Espos,https://www.automobile.it/gubbio-volkswagen-golf-2-0-tdi-115-cv-km-73-000-pronta-consegna-iva-espos/183616463,€ 20.900,Usato,Maggio 2021,73.000 km,Diesel - Euro 6,Manuale,,Gubbio (PG)
VOLKSWAGEN Golf 2.0 TDI 150 CV DSG SCR Life *SOLO 14400KM*,https://www.automobile.it/roma-volkswagen-golf-2-0-tdi-150-cv-dsg-scr-life-solo-14400km/183855443,€ 20.900,Usato,Giugno 2021,14.400 km,Diesel - Euro 6,Semiautomatico,,Roma (RM)
Volkswagen Golf 8 2.0 TDI SCR LIFE DSG 116CV 5P,https://www.automobile.it/morgano-volkswagen-golf-8-2-0-tdi-scr-life-dsg-116cv-5p/184434530,€ 20.900,Usato,Ottobre 2022,70.000 km,Diesel - Euro 6,Automatico,Unico proprietario,Morgano (TV)
"VOLKSWAGEN Golf 2.0 TDI DSG SCR Style matrix 17"" C/GRIMALDI SP.DAY",https://www.automobile.it/vigevano-volkswagen-golf-2-0-tdi-dsg-scr-style-matrix-17-grimaldi-sp-day/184562194,€ 20.900,Usato,Settembre 2022,47.070 km,Diesel - Euro 6,Automatico,,Vigevano (PV)
Volkswagen Golf Golf 1.0 etsi evo Life 110cv dsg,https://www.automobile.it/palermo-volkswagen-golf-golf-1-0-etsi-evo-life-110cv-dsg/184601203,€ 20.900,Usato,Giugno 2023,40.457 km,Ibrido - Euro 6,Automatico,,Palermo (PA)
VOLKSWAGEN Golf 1.0 eTSI EVO Life DSG MHEV,https://www.automobile.it/vigevano-volkswagen-golf-1-0-etsi-evo-life-dsg-mhev/184589213,€ 20.900,Usato,Luglio 2024,30.738 km,Benzina - Euro 6,Automatico,,Vigevano (PV)
VOLKSWAGEN Golf 8ª serie Golf 1.0 eTSI EVO DSG Life,https://www.automobile.it/verona-volkswagen-golf-8-serie-golf-1-0-etsi-evo-dsg-life/184598521,€ 20.900,Usato,Marzo 2023,21.578 km,Ibrido - Euro 6,Automatico,,Verona (VR)
Volkswagen Golf 1.0 TSI EVO Life 110CV Benzina,https://www.automobile.it/arzachena-volkswagen-golf-1-0-tsi-evo-life-110cv-benzina/184599921,€ 20.900,Usato,Febbraio 2021,74.000 km,Benzina,Manuale,,Arzachena (OT)
VOLKSWAGEN Golf 8ª serie Golf 1.0 eTSI EVO DSG Life,https://www.automobile.it/milano-volkswagen-golf-8-serie-golf-1-0-etsi-evo-dsg-life/184596483,€ 20.900,Usato,Marzo 2023,21.578 km,Ibrido - Euro 6,Automatico,,Milano (MI)
VOLKSWAGEN Golf 8ª serie Golf 1.0 eTSI EVO DSG Life,https://www.automobile.it/roma-volkswagen-golf-8-serie-golf-1-0-etsi-evo-dsg-life/184596480,€ 20.900,Usato,Marzo 2023,21.578 km,Ibrido - Euro 6,Automatico,,Roma (RM)
Volkswagen Golf 1.5 TGI Style,https://www.automobile.it/san-ginesio-volkswagen-golf-1-5-tgi-style/184632412,€ 20.900,Usato,Dicembre 2021,80.000 km,Metano - Euro 6,Automatico,,San Ginesio (MC)
Volkswagen Golf 1.0 etsi evo Life 110cv dsg / NO VINCOLI,https://www.automobile.it/tortona-volkswagen-golf-1-0-etsi-evo-life-110cv-dsg-vincoli/184653681,€ 20.900,Usato,Marzo 2023,29.000 km,Ibrido - Euro 6,Automatico,,Tortona (AL)
Volkswagen Golf 1.0 etsi evo Life 110cv dsg / NO VINCOLI,https://www.automobile.it/tortona-volkswagen-golf-1-0-etsi-evo-life-110cv-dsg-vincoli/184653681,€ 20.900,Usato,Marzo 2023,29.000 km,Ibrido - Euro 6,Automatico,,Tortona (AL)
Volkswagen Golf 2.0 TDI DSG SCR Style,https://www.automobile.it/francavilla-fontana-volkswagen-golf-2-0-tdi-dsg-scr-style/184653253,€ 20.900,Usato,Settembre 2021,142.047 km,Diesel - Euro 6,Semiautomatico,Unico proprietario,Francavilla Fontana (BR)
Volkswagen Golf 2.0 TDI Life 115CV DSG,https://www.automobile.it/latina-volkswagen-golf-2-0-tdi-life-115cv-dsg/184002226,€ 20.900,Usato,Settembre 2021,68.850 km,Diesel,Automatico,Unico proprietario,Latina (LT)
VOLKSWAGEN Golf 2.0 TDI 115 CV SCR Life FULL OPTIONAL | UNICO PROPRIETARIO,https://www.automobile.it/manduria-volkswagen-golf-2-0-tdi-115-cv-scr-life-full-optional-unico-proprietario/184661140,€ 20.900,Usato,Marzo 2023,85.963 km,Diesel,Manuale,Unico proprietario,Manduria (TA)
Volkswagen Golf 2.0 TDI SCR Style 116 CV,https://www.automobile.it/sessa-aurunca-volkswagen-golf-2-0-tdi-scr-style-116-cv/184667931,€ 20.900,Usato,Aprile 2023,123.000 km,Diesel - Euro 6,Manuale,,Sessa Aurunca (CE)
"Volkswagen Golf 1.0 etsi evo Life 110cv dsg App conn Led 17"" Neopat",https://www.automobile.it/casalpusterlengo-volkswagen-golf-1-0-etsi-evo-life-110cv-dsg-app-conn-led-17-neopat/184635558,€ 20.950,Usato,Febbraio 2022,94.800 km,Benzina - Euro 6,Manuale,,Casalpusterlengo (LO)
Volkswagen Golf 1.5 TSI R L #50580,https://www.automobile.it/rivoli-volkswagen-golf-1-5-tsi-r-50580/184628172,€ 20.950,Usato,Settembre 2022,35.000 km,Benzina,Manuale,Unico proprietario,Rivoli (TO)
"Volkswagen Golf 1.0 eTSI DSG Move LED Performance, Navi, Retrocamera, Sedili riscaldati",https://www.automobile.it/monte-san-giusto-volkswagen-golf-1-0-etsi-dsg-move-led-performance-navi-retrocamera-sedili-riscaldati/184619783,€ 20.980,Usato,Marzo 2024,23.340 km,Ibrido - Euro 6,Automatico,,Monte San Giusto (MC)
Volkswagen Golf 1.4 tsi ehybrid Style 204cv dsg,https://www.automobile.it/ceprano-volkswagen-golf-1-4-tsi-ehybrid-style-204cv-dsg/183680441,€ 20.990,Usato,2021,82.000 km,Ibrido - Euro 6,Automatico,,Ceprano (FR)
Volkswagen Golf DSG 2.0 TDI 115 CV 2022 km 101000,https://www.automobile.it/torino-volkswagen-golf-dsg-2-0-tdi-115-cv-2022-km-101000/184223280,€ 20.990,Usato,Giugno 2022,101.000 km,Diesel - Euro 6,Automatico,Unico proprietario,Torino (TO)
Volkswagen Golf 2.0 TDI 115 CV SCR Edition Plus,https://www.automobile.it/nicosia-volkswagen-golf-2-0-tdi-115-cv-scr-edition-plus/184541788,€ 20.990,Usato,Settembre 2024,84.000 km,Diesel - Euro 6,Manuale,Unico proprietario,Nicosia (EN)
Volkswagen Golf 2.0 tdi Style 115cv dsg,https://www.automobile.it/cernusco-naviglio-volkswagen-golf-2-0-tdi-style-115cv-dsg/183790043,€ 20.990,Usato,Dicembre 2022,90.000 km,Diesel - Euro 6,Semiautomatico,Unico proprietario,Cernusco sul Naviglio (MI)
VOLKSWAGEN Golf 8ª serie Golf 1.5 eTSI 130 CV ...,https://www.automobile.it/lucca-volkswagen-golf-8-serie-golf-1-5-etsi-130-cv/184603581,€ 20.990,Usato,2021,81.700 km,Ibrido - Euro 6,Automatico,,Lucca (LU)
Volkswagen Golf 1.5 TSI 115 CV ACT Edition Plus Cambio Manuale,https://www.automobile.it/roma-volkswagen-golf-1-5-tsi-115-cv-act-edition-plus-cambio-manuale/184521066,€ 20.990,Usato,Gennaio 2025,48.614 km,Benzina - Euro 6,Manuale,Unico proprietario,Roma (RM)
Volkswagen Golf 2.0 TDI SCR ACTIVE CERCHI DA 17,https://www.automobile.it/marta-volkswagen-golf-2-0-tdi-scr-active-cerchi-17/184591148,€ 20.990,Usato,Settembre 2023,77.000 km,Diesel - Euro 6,Manuale,Unico proprietario,Marta (VT)
Volkswagen Golf 2.0 TDI SCR SOUND,https://www.automobile.it/marta-volkswagen-golf-2-0-tdi-scr-sound/184591146,€ 20.990,Usato,Luglio 2023,63.000 km,Diesel - Euro 6,Manuale,Unico proprietario,Marta (VT)
Volkswagen Golf 1.5 TGI DSG Life,https://www.automobile.it/castelfidardo-volkswagen-golf-1-5-tgi-dsg-life/184582342,€ 20.999,Usato,Marzo 2022,103.555 km,Metano - Euro 6,Automatico,Unico proprietario,Castelfidardo (AN)
Volkswagen Golf GTE 1.4 Plug-In Hybrid DSG,https://www.automobile.it/roma-volkswagen-golf-gte-1-4-plug-hybrid-dsg/184602205,€ 20.999,Usato,Marzo 2021,86.827 km,Ibrido - Euro 6,Semiautomatico,,Roma (RM)
VOLKSWAGEN Golf Variant Alltrack 2.0 TDI SCR DSG 4Motion,https://www.automobile.it/garbagnate-monastero-volkswagen-golf-variant-alltrack-2-0-tdi-scr-dsg-4motion/184539805,€ 21.000,Usato,Maggio 2021,66.000 km,Diesel - Euro 6,Semiautomatico,,Garbagnate Monastero (LC)
VOLKSWAGEN Golf 1.4 TSI eHYBRID 204 CV DSG Style,https://www.automobile.it/sassari-volkswagen-golf-1-4-tsi-ehybrid-204-cv-dsg-style/184651343,€ 21.199,Usato,Settembre 2021,86.928 km,Ibrido - Euro 6,Automatico,,Sassari (SS)
VOLKSWAGEN Golf 1.4 TSI eHYBRID 204 CV DSG Style,https://www.automobile.it/sassari-volkswagen-golf-1-4-tsi-ehybrid-204-cv-dsg-style/184651343,€ 21.199,Usato,Settembre 2021,86.928 km,Ibrido - Euro 6,Automatico,,Sassari (SS)
VOLKSWAGEN Golf 1.4 TSI eHYBRID 204 CV DSG Style,https://www.automobile.it/bologna-volkswagen-golf-1-4-tsi-ehybrid-204-cv-dsg-style/184651687,€ 21.199,Usato,Settembre 2021,86.928 km,Ibrido - Euro 6,Automatico,,Bologna (BO)
VOLKSWAGEN Golf 1.4 TSI eHYBRID 204 CV DSG Style,https://www.automobile.it/beinasco-volkswagen-golf-1-4-tsi-ehybrid-204-cv-dsg-style/184650918,€ 21.199,Usato,Settembre 2021,86.928 km,Ibrido - Euro 6,Automatico,,Beinasco (TO)
VOLKSWAGEN Golf 1.4 TSI eHYBRID 204 CV DSG Style,https://www.automobile.it/cagliari-volkswagen-golf-1-4-tsi-ehybrid-204-cv-dsg-style/184651301,€ 21.199,Usato,Settembre 2021,86.928 km,Ibrido - Euro 6,Automatico,,Cagliari (CA)
VOLKSWAGEN Golf 1.4 TSI eHYBRID 204 CV DSG Style,https://www.automobile.it/palermo-volkswagen-golf-1-4-tsi-ehybrid-204-cv-dsg-style/184651959,€ 21.199,Usato,Settembre 2021,86.928 km,Ibrido - Euro 6,Automatico,,Palermo (PA)
VOLKSWAGEN Golf 1.4 TSI eHYBRID 204 CV DSG Style,https://www.automobile.it/casoria-volkswagen-golf-1-4-tsi-ehybrid-204-cv-dsg-style/184650259,€ 21.199,Usato,Settembre 2021,86.928 km,Ibrido - Euro 6,Automatico,,Casoria (NA)
VOLKSWAGEN Golf 1.4 TSI eHYBRID 204 CV DSG Style,https://www.automobile.it/catania-volkswagen-golf-1-4-tsi-ehybrid-204-cv-dsg-style/184650037,€ 21.199,Usato,Settembre 2021,86.928 km,Ibrido - Euro 6,Automatico,,Catania (CT)
VOLKSWAGEN Golf 1.4 TSI eHYBRID 204 CV DSG Style,https://www.automobile.it/verona-volkswagen-golf-1-4-tsi-ehybrid-204-cv-dsg-style/184650420,€ 21.199,Usato,Settembre 2021,86.928 km,Ibrido - Euro 6,Automatico,,Verona (VR)
Volkswagen Golf Golf 2.0 tdi Style 150cv dsg,https://www.automobile.it/barzago-volkswagen-golf-golf-2-0-tdi-style-150cv-dsg/183241396,€ 21.200,Usato,Gennaio 2021,71.342 km,Diesel - Euro 6,Automatico,,Barzago (LC)
VOLKSWAGEN Golf 8ª serie - Golf 1.0 eTSI EVO DSG Life,https://www.automobile.it/legnano-volkswagen-golf-8-serie-golf-1-0-etsi-evo-dsg-life/184415213,€ 21.300,Usato,Maggio 2024,21.155 km,Ibrido - Euro 6,Automatico,,Legnano (MI)
VOLKSWAGEN Golf 2.0 TDI DSG SCR Life,https://www.automobile.it/maniago-volkswagen-golf-2-0-tdi-dsg-scr-life/184496885,€ 21.400,Usato,Febbraio 2022,59.000 km,Diesel - Euro 6,Automatico,,Maniago (PN)
VOLKSWAGEN Golf 1.0 tsi evo life 110cv del 2023,https://www.automobile.it/roma-volkswagen-golf-1-0-tsi-evo-life-110cv-2023/184630431,€ 21.400,Usato,Settembre 2023,55.316 km,Benzina - Euro 6,Manuale,,Roma (RM)
Volkswagen Golf 2.0 TDI 150 CV DSG SCR Style,https://www.automobile.it/san-casciano-val-pesa-volkswagen-golf-2-0-tdi-150-cv-dsg-scr-style/184666997,€ 21.400,Usato,Ottobre 2022,40.000 km,Diesel - Euro 6,Automatico,Unico proprietario,San Casciano in Val di Pesa (FI)
VOLKSWAGEN Golf 1.5 TSI EVO ACT R-Line,https://www.automobile.it/collesalvetti-volkswagen-golf-1-5-tsi-evo-act-r-line/184580621,€ 21.499,Usato,Marzo 2022,66.088 km,Benzina - Euro 6,Manuale,,Collesalvetti (LI)
VOLKSWAGEN Golf 1.5 TSI EVO ACT R-Line,https://www.automobile.it/milano-volkswagen-golf-1-5-tsi-evo-act-r-line/184582974,€ 21.499,Usato,Marzo 2022,66.088 km,Benzina - Euro 6,Manuale,,Milano (MI)
VOLKSWAGEN Golf 1.5 TSI EVO ACT R-Line,https://www.automobile.it/sassari-volkswagen-golf-1-5-tsi-evo-act-r-line/184594378,€ 21.499,Usato,Marzo 2022,66.088 km,Benzina - Euro 6,Manuale,,Sassari (SS)
VOLKSWAGEN Golf 1.5 TSI EVO ACT R-Line,https://www.automobile.it/beinasco-volkswagen-golf-1-5-tsi-evo-act-r-line/184593356,€ 21.499,Usato,Marzo 2022,66.088 km,Benzina - Euro 6,Manuale,,Beinasco (TO)
VOLKSWAGEN Golf 1.5 TSI EVO ACT R-Line,https://www.automobile.it/roma-volkswagen-golf-1-5-tsi-evo-act-r-line/184594565,€ 21.499,Usato,Marzo 2022,66.088 km,Benzina - Euro 6,Manuale,,Roma (RM)
VOLKSWAGEN Golf 1.5 TSI EVO ACT R-Line,https://www.automobile.it/casoria-volkswagen-golf-1-5-tsi-evo-act-r-line/184592957,€ 21.499,Usato,Marzo 2022,66.088 km,Benzina - Euro 6,Manuale,,Casoria (NA)
VOLKSWAGEN Golf 1.5 TSI EVO ACT R-Line,https://www.automobile.it/firenze-volkswagen-golf-1-5-tsi-evo-act-r-line/184596465,€ 21.499,Usato,Marzo 2022,66.088 km,Benzina - Euro 6,Manuale,,Firenze (FI)
VOLKSWAGEN Golf 1.5 TSI EVO ACT R-Line,https://www.automobile.it/sassari-volkswagen-golf-1-5-tsi-evo-act-r-line/184594378,€ 21.499,Usato,Marzo 2022,66.088 km,Benzina - Euro 6,Manuale,,Sassari (SS)
VOLKSWAGEN Golf 1.5 TSI EVO ACT R-Line,https://www.automobile.it/cagliari-volkswagen-golf-1-5-tsi-evo-act-r-line/184594084,€ 21.499,Usato,Marzo 2022,66.088 km,Benzina - Euro 6,Manuale,,Cagliari (CA)
VOLKSWAGEN Golf 1.5 TSI EVO ACT R-Line,https://www.automobile.it/roma-volkswagen-golf-1-5-tsi-evo-act-r-line/184594565,€ 21.499,Usato,Marzo 2022,66.088 km,Benzina - Euro 6,Manuale,,Roma (RM)
Volkswagen Golf 2.0 TDI 115 CV SCR Life AUTOMATICA,https://www.automobile.it/roma-volkswagen-golf-2-0-tdi-115-cv-scr-life-automatica/180913138,€ 21.500,Usato,Giugno 2023,71.000 km,Diesel - Euro 6,Automatico,,Roma (RM)
VOLKSWAGEN Golf 2.0 TDI 150 CV DSG SCR Life,https://www.automobile.it/potenza-volkswagen-golf-2-0-tdi-150-cv-dsg-scr-life/183947179,€ 21.500,Usato,Settembre 2021,117.419 km,Diesel - Euro 6,Automatico,,Potenza (PZ)
Volkswagen Golf 1.5 eTSI EVO ACT 130cv Style DSG,https://www.automobile.it/roma-volkswagen-golf-1-5-etsi-evo-act-130cv-style-dsg/183935982,€ 21.500,Usato,Maggio 2021,57.000 km,Ibrido - Euro 6,Automatico,,Roma (RM)
Volkswagen Golf 1.0 TSI 110CV Life - IVA ESPOSTA,https://www.automobile.it/ravenna-volkswagen-golf-1-0-tsi-110cv-life-iva-esposta/184178857,€ 21.500,Usato,Febbraio 2023,43.100 km,Benzina - Euro 6,Manuale,,Ravenna (RA)
Volkswagen Golf 2.0 TDI 115 CV SCR Life,https://www.automobile.it/calatafimi-segesta-volkswagen-golf-2-0-tdi-115-cv-scr-life/184326346,€ 21.500,Usato,Gennaio 2023,110.000 km,Diesel - Euro 6,Automatico,,Calatafimi-Segesta (TP)
Volkswagen Golf 2.0 TDI SCR Style,https://www.automobile.it/ozieri-volkswagen-golf-2-0-tdi-scr-style/184459403,€ 21.500,Usato,Settembre 2021,116.265 km,Diesel - Euro 6,Automatico,,Ozieri (SS)
Volkswagen Golf 1.5 eTSI 130 CV DSG Style TETTO APRIBILE,https://www.automobile.it/lentate-seveso-volkswagen-golf-1-5-etsi-130-cv-dsg-style-tetto-apribile/184452261,€ 21.500,Usato,Settembre 2021,85.000 km,Ibrido - Euro 6,Automatico,,Lentate sul Seveso (MB)
Volkswagen Golf 2.0 TDI 115 CV SCR Life,https://www.automobile.it/rudiano-volkswagen-golf-2-0-tdi-115-cv-scr-life/183809236,€ 21.500,Usato,Novembre 2021,95.000 km,Diesel - Euro 6,Automatico,,Rudiano (BS)
VOLKSWAGEN Golf 2.0 TDI 150 CV DSG SCR Style,https://www.automobile.it/brescia-volkswagen-golf-2-0-tdi-150-cv-dsg-scr-style/183759136,€ 21.500,Usato,Ottobre 2022,101.400 km,Diesel - Euro 6,Semiautomatico,Unico proprietario,Brescia (BS)
VOLKSWAGEN Golf KM 49.000 - CAR PLAY - TELECAMERA - NO OBBLIGO FIN,https://www.automobile.it/castagnole-lanze-volkswagen-golf-km-49-000-car-play-telecamera-obbligo-fin/184590896,€ 21.500,Usato,Ottobre 2022,49.000 km,Diesel - Euro 6,Manuale,Unico proprietario,Castagnole delle Lanze (AT)
VW GOLF 1500 TSI 130 CV 6M R.LINE,https://www.automobile.it/buja-vw-golf-1500-tsi-130-cv-6m-r-line/184606558,€ 21.500,Usato,Novembre 2022,100.000 km,Benzina - Euro 6,Manuale,,Buja (UD)
VOLKSWAGEN Golf 1.5 eTSI 130 CV EVO ACT DSG R-Line,https://www.automobile.it/montesilvano-volkswagen-golf-1-5-etsi-130-cv-evo-act-dsg-r-line/184464634,€ 21.500,Usato,Ottobre 2022,60.000 km,Ibrido - Euro 6,Automatico,,Montesilvano (PE)
Golf 2.0 TDI 115 CV SCR Life,https://www.automobile.it/santo-stefano-camastra-golf-2-0-tdi-115-cv-scr-life/184559137,€ 21.500,Usato,Maggio 2022,70.000 km,Diesel - Euro 6,Manuale,,Santo Stefano di Camastra (ME)
VOLKSWAGEN Golf 1.5 TSI EVO ACTIVE,https://www.automobile.it/trento-volkswagen-golf-1-5-tsi-evo-active/184639589,€ 21.580,Usato,Giugno 2022,35.495 km,Benzina - Euro 6,Manuale,,Trento (TN)
VOLKSWAGEN Golf 1.4 TSI eHYBRID 204 CV DSG Style,https://www.automobile.it/vedelago-volkswagen-golf-1-4-tsi-ehybrid-204-cv-dsg-style/184562180,€ 21.600,Usato,Settembre 2021,64.950 km,Ibrido - Euro 6,Semiautomatico,,Vedelago (TV)
Volkswagen Golf Golf 1.5 tsi evo Life 130cv,https://www.automobile.it/bologna-volkswagen-golf-golf-1-5-tsi-evo-life-130cv/184609923,€ 21.600,Usato,Marzo 2023,22.956 km,Benzina - Euro 6,Manuale,,Bologna (BO)
Volkswagen Golf 1.0 tsi evo Life 110cv # CLIMA 3 ZONE #,https://www.automobile.it/villorba-volkswagen-golf-1-0-tsi-evo-life-110cv-clima-3-zone/184575346,€ 21.700,Usato,Aprile 2024,22.180 km,Benzina,Manuale,Unico proprietario,Villorba (TV)
Volkswagen Golf 1.0 tsi evo Life 110cv # CLIMA 3 ZONE #,https://www.automobile.it/villorba-volkswagen-golf-1-0-tsi-evo-life-110cv-clima-3-zone/184575346,€ 21.700,Usato,Aprile 2024,22.180 km,Benzina,Manuale,Unico proprietario,Villorba (TV)
VOLKSWAGEN GOLF 8 2.0 TDI 115CV DSG SCR LIFE BUSINESS ( FARI LED - DIGITAL COCKPIT - AMBIENT LIGHTS - ADAPTIVE CRUISE - CLIMA TRIZONA - NAVI - APP CONNECT - PARK PILOT - TELECAMERA POST. ),https://www.automobile.it/salerno-volkswagen-golf-8-2-0-tdi-115cv-dsg-scr-life-business-fari-led-digital-cockpit-ambient-lights-adaptive-cruise-clima-trizona-navi-app-connect-park-pilot-telecamera-post/184644313,€ 21.700,Usato,Luglio 2023,32.000 km,Diesel - Euro 6,Semiautomatico,Unico proprietario,Salerno (SA)
Volkswagen Golf 1.5 TSI ACT Life,https://www.automobile.it/leini-volkswagen-golf-1-5-tsi-act-life/184479134,€ 21.800,Usato,Marzo 2024,20.000 km,Benzina - Euro 6,Manuale,Unico proprietario,Leinì (TO)
Volkswagen golf viii 1.5 TSI 150cv Life,https://www.automobile.it/robecco-naviglio-volkswagen-golf-viii-1-5-tsi-150cv-life/184102712,€ 21.890,Aziendale,Gennaio 2023,40.538 km,Benzina - Euro 6,Manuale,,Robecco sul Naviglio (MI)
Volkswagen golf viii 1.0 eTSI 110cv DSG Life,https://www.automobile.it/robecco-naviglio-volkswagen-golf-viii-1-0-etsi-110cv-dsg-life/184633010,€ 21.890,Usato,Gennaio 2023,55.550 km,Ibrido,Automatico,,Robecco sul Naviglio (MI)
VOLKSWAGEN Golf 2.0 TDI 150CV DSG SCR Life UNICO PROPRIETARIO | FULL,https://www.automobile.it/manduria-volkswagen-golf-2-0-tdi-150cv-dsg-scr-life-unico-proprietario-full/184661142,€ 21.890,Usato,Dicembre 2022,114.452 km,Diesel,Automatico,Unico proprietario,Manduria (TA)
VOLKSWAGEN Golf 2.0 TDI 116CV DSG Life,https://www.automobile.it/fosso-volkswagen-golf-2-0-tdi-116cv-dsg-life/181601845,€ 21.900,Usato,Maggio 2023,71.000 km,Diesel - Euro 6,Automatico,,Fossò (VE)
VOLKSWAGEN Golf 1.0 eTSI EVO DSG Life,https://www.automobile.it/treviso-volkswagen-golf-1-0-etsi-evo-dsg-life/182039241,€ 21.900,Usato,Ottobre 2022,45.000 km,Altro,Automatico,,Treviso (TV)
Volkswagen Golf Golf 2.0 TDI 115 CV SCR Life,https://www.automobile.it/potenza-volkswagen-golf-golf-2-0-tdi-115-cv-scr-life/182012885,€ 21.900,Usato,Gennaio 2023,119.831 km,Diesel - Euro 6,Manuale,Unico proprietario,Potenza (PZ)
VOLKSWAGEN Golf 2.0 TDI SCR Style,https://www.automobile.it/valderice-volkswagen-golf-2-0-tdi-scr-style/182258009,€ 21.900,Usato,Aprile 2021,88.283 km,Diesel - Euro 6,Manuale,Unico proprietario,Valderice (TP)
Volkswagen Golf 2.0 TDI 115 CV Life,https://www.automobile.it/fasano-volkswagen-golf-2-0-tdi-115-cv-life/183739574,€ 21.900,Usato,Settembre 2021,64.130 km,Diesel - Euro 6,Manuale,,Fasano (BR)
Volkswagen Golf 2.0 TDI 150 CV DSG SCR Style,https://www.automobile.it/acireale-volkswagen-golf-2-0-tdi-150-cv-dsg-scr-style/183991256,€ 21.900,Usato,Novembre 2023,139.751 km,Diesel - Euro 6,Semiautomatico,Unico proprietario,Acireale (CT)
Volkswagen Golf 2.0 TDI 115 CV LIFE,https://www.automobile.it/carlentini-volkswagen-golf-2-0-tdi-115-cv-life/181809720,€ 21.900,Usato,2022,81.618 km,Diesel,Manuale,,Carlentini (SR)
VOLKSWAGEN GOLF 8 2.0 TDI 115 CV DSG FULL NEO PATENTATI,https://www.automobile.it/pietraperzia-volkswagen-golf-8-2-0-tdi-115-cv-dsg-full-neo-patentati/183856812,€ 21.900,Usato,Ottobre 2022,99.000 km,Diesel - Euro 6,Semiautomatico,,Pietraperzia (EN)
Volkswagen Golf Golf 2.0 TDI 115 CV SCR Life,https://www.automobile.it/potenza-volkswagen-golf-golf-2-0-tdi-115-cv-scr-life/184246616,€ 21.900,Usato,Gennaio 2023,119.831 km,Diesel - Euro 6,Manuale,Unico proprietario,Potenza (PZ)
Volkswagen Golf 1.5 TSI EVO ACT Life,https://www.automobile.it/bologna-volkswagen-golf-1-5-tsi-evo-act-life/184358462,€ 21.900,Usato,Luglio 2023,65.532 km,Benzina - Euro 6,Manuale,,Bologna (BO)
Volkswagen Golf 1.5 TSI EVO ACT Life,https://www.automobile.it/bologna-volkswagen-golf-1-5-tsi-evo-act-life/184358689,€ 21.900,Usato,Luglio 2023,65.532 km,Benzina - Euro 6,Manuale,,Bologna (BO)
VOLKSWAGEN GOLF 8 2.0 TDI 116 CV DSG STYLE + MATRIX LED REARVIEW,https://www.automobile.it/quinzano-d-oglio-volkswagen-golf-8-2-0-tdi-116-cv-dsg-style-matrix-led-rearview/184335034,€ 21.900,Usato,Aprile 2023,64.600 km,Diesel - Euro 6,Automatico,,Quinzano d'Oglio (BS)
VOLKSWAGEN GOLF 8.5 2.0 TDI SCR 116 CV EDITION PLUS - REARVIEW K,https://www.automobile.it/quinzano-d-oglio-volkswagen-golf-8-5-2-0-tdi-scr-116-cv-edition-plus-rearview-k/184395860,€ 21.900,Usato,Giugno 2024,49.600 km,Diesel - Euro 6,Manuale,,Quinzano d'Oglio (BS)
Volkswagen Golf 2.0 TDI DSG SCR Life,https://www.automobile.it/capua-volkswagen-golf-2-0-tdi-dsg-scr-life/184458915,€ 21.900,Usato,Febbraio 2024,74.701 km,Diesel - Euro 6,Automatico,,Capua (CE)
VOLKSWAGEN Golf 1.5 TSI 115 CV Life,https://www.automobile.it/venezia-volkswagen-golf-1-5-tsi-115-cv-life/184496739,€ 21.900,Usato,Febbraio 2025,19.000 km,Benzina - Euro 6,Manuale,,Venezia (VE)
Volkswagen Golf 2.0TDI 115CV Style,https://www.automobile.it/ravenna-volkswagen-golf-2-0tdi-115cv-style/183660525,€ 21.900,Usato,Novembre 2023,83.561 km,Diesel - Euro 6,Manuale,,Ravenna (RA)
Volkswagen Golf 1.5 eTSI 130 CV EVO ACT DSG R-Line,https://www.automobile.it/lurate-caccivio-volkswagen-golf-1-5-etsi-130-cv-evo-act-dsg-r-line/184436486,€ 21.900,Usato,Marzo 2021,55.400 km,Ibrido - Euro 6,Automatico,,Lurate Caccivio (CO)
Volkswagen Golf Variant 2.0 tdi R-Line 150cv dsg,https://www.automobile.it/verona-volkswagen-golf-variant-2-0-tdi-r-line-150cv-dsg/184502344,€ 21.900,Usato,Ottobre 2021,106.270 km,Diesel - Euro 6,Automatico,,Verona (VR)
Volkswagen Golf 2.0 TDI DSG SCR Life,https://www.automobile.it/leini-volkswagen-golf-2-0-tdi-dsg-scr-life/184028733,€ 21.900,Usato,Settembre 2024,26.400 km,Diesel - Euro 6,Automatico,Unico proprietario,Leinì (TO)
VOLKSWAGEN Golf 1.4 tsi plug-in ehybrid Style 204cv PREZZO REALE,https://www.automobile.it/monza-volkswagen-golf-1-4-tsi-plug-ehybrid-style-204cv-prezzo-reale/184572369,€ 21.900,Usato,Marzo 2022,40.000 km,Ibrido - Euro 6,Automatico,Unico proprietario,Monza (MB)
Volkswagen Golf 1.0 eTSI EVO DSG Life,https://www.automobile.it/torino-volkswagen-golf-1-0-etsi-evo-dsg-life/183240720,€ 21.900,Usato,Maggio 2023,60.135 km,Ibrido - Euro 6,Automatico,,Torino (TO)
Volkswagen Golf 1.5 TSI 115 CV ACT Life,https://www.automobile.it/chivasso-volkswagen-golf-1-5-tsi-115-cv-act-life/183939567,€ 21.900,Aziendale,Giugno 2025,19.000 km,Benzina - Euro 6,Manuale,Unico proprietario,Chivasso (TO)
Volkswagen Golf 2.0 TDI 150 CV DSG SCR Style,https://www.automobile.it/sant-eufemia-d-aspromonte-volkswagen-golf-2-0-tdi-150-cv-dsg-scr-style/184582830,€ 21.900,Usato,Maggio 2023,129.000 km,Diesel - Euro 6,Semiautomatico,,Sant'Eufemia d'Aspromonte (RC)
Volkswagen Golf VIII 2.0 TDI 115cv Life,https://www.automobile.it/modica-volkswagen-golf-viii-2-0-tdi-115cv-life/184537763,€ 21.900,Usato,Settembre 2022,65.000 km,Diesel - Euro 6,Manuale,Unico proprietario,Modica (RG)
VOLKSWAGEN GOLF 8 1.5 TSI 150 CV STYLE + R17 VENTURA GANCIO RE,https://www.automobile.it/quinzano-d-oglio-volkswagen-golf-8-1-5-tsi-150-cv-style-r17-ventura-gancio-re/184576228,€ 21.900,Usato,Aprile 2024,26.800 km,Benzina - Euro 6,Manuale,,Quinzano d'Oglio (BS)
Volkswagen Golf 2.0 tdi Life 115cv dsg,https://www.automobile.it/villorba-volkswagen-golf-2-0-tdi-life-115cv-dsg/184606191,€ 21.900,Usato,Marzo 2023,96.400 km,Diesel,Automatico,Unico proprietario,Villorba (TV)
Volkswagen Golf 2.0 TDI150CV dvd (tetto apribile),https://www.automobile.it/siderno-volkswagen-golf-2-0-tdi150cv-dvd-tetto-apribile/184540935,€ 21.900,Usato,Luglio 2021,114.000 km,Diesel - Euro 6,Automatico,,Siderno (RC)
Volkswagen Golf 1.5 TSI EVO ACT R-LINE,https://www.automobile.it/montecchio-maggiore-volkswagen-golf-1-5-tsi-evo-act-r-line/184614446,€ 21.900,Usato,Ottobre 2022,84.000 km,Benzina - Euro 6,Manuale,,Montecchio Maggiore (VI)
VOLKSWAGEN GOLF 8.5 1.5 TSI 116 CV EDITION PLUS CERCHI 18 CATANIA,https://www.automobile.it/quinzano-d-oglio-volkswagen-golf-8-5-1-5-tsi-116-cv-edition-plus-cerchi-18-catania/184502591,€ 21.900,Usato,Settembre 2024,47.500 km,Benzina - Euro 6,Manuale,,Quinzano d'Oglio (BS)
VOLKSWAGEN Golf 8ª serie Golf 1.0 TSI EVO Life,https://www.automobile.it/roma-volkswagen-golf-8-serie-golf-1-0-tsi-evo-life/184596061,€ 21.900,Usato,Maggio 2024,49.693 km,Benzina - Euro 6,Manuale,,Roma (RM)
VOLKSWAGEN Golf 8ª serie Golf 1.0 TSI EVO Life,https://www.automobile.it/verona-volkswagen-golf-8-serie-golf-1-0-tsi-evo-life/184598943,€ 21.900,Usato,Maggio 2024,49.693 km,Benzina - Euro 6,Manuale,,Verona (VR)
VOLKSWAGEN Golf 8ª serie Golf 1.0 TSI EVO Life,https://www.automobile.it/milano-volkswagen-golf-8-serie-golf-1-0-tsi-evo-life/184596078,€ 21.900,Usato,Maggio 2024,49.693 km,Benzina - Euro 6,Manuale,,Milano (MI)
VOLKSWAGEN Golf 8ª serie Golf 1.0 TSI EVO Life,https://www.automobile.it/casalmoro-volkswagen-golf-8-serie-golf-1-0-tsi-evo-life/184655082,€ 21.900,Usato,Maggio 2024,49.693 km,Benzina - Euro 6,Manuale,,Casalmoro (MN)
Volkswagen Golf 2.0 TDI DSG SCR Life,https://www.automobile.it/racale-volkswagen-golf-2-0-tdi-dsg-scr-life/184667631,€ 21.900,Usato,Marzo 2022,118.000 km,Diesel,Semiautomatico,Unico proprietario,Racale (LE)
Volkswagen Golf 1.5 TSI EVO ACTIVE,https://www.automobile.it/varese-volkswagen-golf-1-5-tsi-evo-active/183547740,€ 21.950,Usato,Aprile 2022,39.700 km,Benzina - Euro 6,Manuale,Unico proprietario,Varese (VA)
Volkswagen Golf 2.0 TDI DSG SCR Life,https://www.automobile.it/licata-volkswagen-golf-2-0-tdi-dsg-scr-life/184314196,€ 21.990,Usato,Gennaio 2023,69.000 km,Diesel - Euro 6,Automatico,,Licata (AG)
Volkswagen Golf 8.5 Variant 1.5 TSI 115 GARANZIA VW,https://www.automobile.it/udine-volkswagen-golf-8-5-variant-1-5-tsi-115-garanzia-vw/183818288,€ 21.990,Usato,Ottobre 2024,31.000 km,Benzina - Euro 6,Manuale,Unico proprietario,Udine (UD)
Volkswagen Golf Variant 2.0 TDI 150 CV DSG SCR Style,https://www.automobile.it/reggio-emilia-volkswagen-golf-variant-2-0-tdi-150-cv-dsg-scr-style/184386203,€ 21.999,Usato,Settembre 2022,49.000 km,Diesel - Euro 6,Automatico,,Reggio Emilia (RE)
VOLKSWAGEN Golf 2.0 TDI DSG SCR Life,https://www.automobile.it/montecassiano-volkswagen-golf-2-0-tdi-dsg-scr-life/183484720,€ 21.999,Usato,Marzo 2024,80.000 km,Diesel - Euro 6,Automatico,,Montecassiano (MC)
VOLKSWAGEN Golf 1.5 eTSI 130 CV EVO ACT DSG Life,https://www.automobile.it/collesalvetti-volkswagen-golf-1-5-etsi-130-cv-evo-act-dsg-life/184658306,€ 21.999,Usato,Luglio 2023,59.907 km,Ibrido - Euro 6,Automatico,,Collesalvetti (LI)
VOLKSWAGEN Golf 1.5 eTSI 130 CV EVO ACT DSG Life,https://www.automobile.it/bari-volkswagen-golf-1-5-etsi-130-cv-evo-act-dsg-life/184659288,€ 21.999,Usato,Luglio 2023,59.907 km,Ibrido - Euro 6,Automatico,,Bari (BA)
VOLKSWAGEN Golf 1.5 eTSI 130 CV EVO ACT DSG Life,https://www.automobile.it/milano-volkswagen-golf-1-5-etsi-130-cv-evo-act-dsg-life/184659431,€ 21.999,Usato,Luglio 2023,59.907 km,Ibrido - Euro 6,Automatico,,Milano (MI)
VOLKSWAGEN Golf 1.5 eTSI 130 CV EVO ACT DSG Life,https://www.automobile.it/cosenza-volkswagen-golf-1-5-etsi-130-cv-evo-act-dsg-life/184665819,€ 21.999,Usato,Luglio 2023,59.907 km,Ibrido - Euro 6,Automatico,,Cosenza (CS)
VOLKSWAGEN Golf 1.5 eTSI 130 CV EVO ACT DSG Life,https://www.automobile.it/bologna-volkswagen-golf-1-5-etsi-130-cv-evo-act-dsg-life/184669713,€ 21.999,Usato,Luglio 2023,59.907 km,Ibrido - Euro 6,Automatico,,Bologna (BO)
VOLKSWAGEN Golf 1.5 eTSI 130 CV EVO ACT DSG Life,https://www.automobile.it/verona-volkswagen-golf-1-5-etsi-130-cv-evo-act-dsg-life/184669191,€ 21.999,Usato,Luglio 2023,59.907 km,Ibrido - Euro 6,Automatico,,Verona (VR)
VOLKSWAGEN Golf 1.5 eTSI 130 CV EVO ACT DSG Life,https://www.automobile.it/beinasco-volkswagen-golf-1-5-etsi-130-cv-evo-act-dsg-life/184669150,€ 21.999,Usato,Luglio 2023,59.907 km,Ibrido - Euro 6,Automatico,,Beinasco (TO)
VOLKSWAGEN Golf 1.5 eTSI 130 CV EVO ACT DSG Life,https://www.automobile.it/firenze-volkswagen-golf-1-5-etsi-130-cv-evo-act-dsg-life/184669670,€ 21.999,Usato,Luglio 2023,59.907 km,Ibrido - Euro 6,Automatico,,Firenze (FI)
VOLKSWAGEN Golf 1.5 eTSI 130 CV EVO ACT DSG Life,https://www.automobile.it/roma-volkswagen-golf-1-5-etsi-130-cv-evo-act-dsg-life/184670477,€ 21.999,Usato,Luglio 2023,59.907 km,Ibrido - Euro 6,Automatico,,Roma (RM)
VOLKSWAGEN Golf 1.5 eTSI 130 CV EVO ACT DSG Life,https://www.automobile.it/venezia-volkswagen-golf-1-5-etsi-130-cv-evo-act-dsg-life/184671009,€ 21.999,Usato,Luglio 2023,59.907 km,Ibrido - Euro 6,Automatico,,Venezia (VE)
VOLKSWAGEN Golf 1.5 eTSI 130 CV EVO ACT DSG Life,https://www.automobile.it/palermo-volkswagen-golf-1-5-etsi-130-cv-evo-act-dsg-life/184670610,€ 21.999,Usato,Luglio 2023,59.907 km,Ibrido - Euro 6,Automatico,,Palermo (PA)
Volkswagen Golf 2.0 TDI 150 CV DSG Style,https://www.automobile.it/borgoricco-volkswagen-golf-2-0-tdi-150-cv-dsg-style/184545921,€ 22.000,Usato,Agosto 2023,117.000 km,Diesel - Euro 6,Automatico,Unico proprietario,Borgoricco (PD)
Volkswagen Golf 1.4 TSI eHYBRID DSG 150 cv + 54 cv,https://www.automobile.it/genova-volkswagen-golf-1-4-tsi-ehybrid-dsg-150-cv-54-cv/184557888,€ 22.000,Usato,Novembre 2022,32.000 km,Ibrido - Euro 6,Semiautomatico,,Genova (GE)
VOLKSWAGEN Golf 1.5 TSI 130 CV EVO ACT DSG Style,https://www.automobile.it/castenaso-volkswagen-golf-1-5-tsi-130-cv-evo-act-dsg-style/184437847,€ 22.000,Usato,Maggio 2024,31.000 km,Benzina - Euro 6,Manuale,Unico proprietario,Castenaso (BO)
VOLKSWAGEN Golf VIII 2020 - Golf 1.5 tsi evo R-Line 130cv,https://www.automobile.it/lucca-volkswagen-golf-viii-2020-golf-1-5-tsi-evo-r-line-130cv/184579920,€ 22.000,Usato,Luglio 2023,61.140 km,Benzina - Euro 6,Manuale,Unico proprietario,Lucca (LU)
VOLKSWAGEN Golf 2.0 TDI DSG SCR Style,https://www.automobile.it/potenza-volkswagen-golf-2-0-tdi-dsg-scr-style/184120251,€ 22.200,Usato,Agosto 2021,55.323 km,Diesel - Euro 6,Automatico,,Potenza (PZ)
Volkswagen Golf Golf 2.0 tdi Life 115cv,https://www.automobile.it/ferrara-volkswagen-golf-golf-2-0-tdi-life-115cv/184026177,€ 22.290,Usato,Marzo 2024,72.695 km,Diesel - Euro 6,Manuale,Unico proprietario,Ferrara (FE)
Volkswagen Golf 2.0 TDI 115 CV SCR Life,https://www.automobile.it/vicenza-volkswagen-golf-2-0-tdi-115-cv-scr-life/182243416,€ 22.300,Usato,Dicembre 2024,700 km,Diesel - Euro 6,Manuale,,Vicenza (VI)
VOLKSWAGEN Golf 8ª serie - Golf 1.5 eTSI 130 CV EVO ACT DSG Style,https://www.automobile.it/legnano-volkswagen-golf-8-serie-golf-1-5-etsi-130-cv-evo-act-dsg-style/184388784,€ 22.300,Usato,Maggio 2023,27.627 km,Ibrido - Euro 6,Automatico,,Legnano (MI)
Volkswagen Golf 1.5 TSI EVO ACT R-Line,https://www.automobile.it/bologna-volkswagen-golf-1-5-tsi-evo-act-r-line/184089920,€ 22.300,Usato,Aprile 2022,63.395 km,Benzina - Euro 6,Manuale,,Bologna (BO)
Volkswagen Golf 2.0 TDI 150CV DSG STYLE NORD ITALIA,https://www.automobile.it/san-giuseppe-vesuviano-volkswagen-golf-2-0-tdi-150cv-dsg-style-nord-italia/184476475,€ 22.400,Usato,Settembre 2022,110.000 km,Diesel - Euro 6,Semiautomatico,,San Giuseppe Vesuviano (NA)
Volkswagen Golf 1.5 tsi Style 130cv,https://www.automobile.it/villorba-volkswagen-golf-1-5-tsi-style-130cv/184606195,€ 22.400,Usato,Maggio 2024,30.490 km,Benzina,Manuale,Unico proprietario,Villorba (TV)
VOLKSWAGEN Golf 8ª serie Golf 2.0 TDI 150 CV DSG SCR 4Motion Life,https://www.automobile.it/verona-volkswagen-golf-8-serie-golf-2-0-tdi-150-cv-dsg-scr-4motion-life/184598808,€ 22.400,Usato,Agosto 2022,72.593 km,Diesel - Euro 6,Automatico,,Verona (VR)
VOLKSWAGEN Golf 8ª serie Golf 2.0 TDI 150 CV DSG SCR 4Motion Life,https://www.automobile.it/roma-volkswagen-golf-8-serie-golf-2-0-tdi-150-cv-dsg-scr-4motion-life/184597674,€ 22.400,Usato,Agosto 2022,72.593 km,Diesel - Euro 6,Automatico,,Roma (RM)
VOLKSWAGEN Golf 8ª serie Golf 2.0 TDI 150 CV DSG SCR 4Motion Life,https://www.automobile.it/milano-volkswagen-golf-8-serie-golf-2-0-tdi-150-cv-dsg-scr-4motion-life/184596786,€ 22.400,Usato,Agosto 2022,72.593 km,Diesel - Euro 6,Automatico,,Milano (MI)
VOLKSWAGEN Golf 8ª serie Golf 2.0 TDI 150 CV DSG SCR 4Motion Life,https://www.automobile.it/casalmoro-volkswagen-golf-8-serie-golf-2-0-tdi-150-cv-dsg-scr-4motion-life/184655432,€ 22.400,Usato,Agosto 2022,72.593 km,Diesel - Euro 6,Automatico,,Casalmoro (MN)
Volkswagen Golf 1.0 etsi evo life 110cv dsg,https://www.automobile.it/rende-volkswagen-golf-1-0-etsi-evo-life-110cv-dsg/184664653,€ 22.400,Usato,Marzo 2023,40.909 km,Altro,Automatico,,Rende (CS)
Volkswagen Golf 1.0 ETSI EVO 110CV Life DSG,https://www.automobile.it/san-giorgio-bosco-volkswagen-golf-1-0-etsi-evo-110cv-life-dsg/183296358,€ 22.457,Usato,Luglio 2023,50.101 km,Ibrido,Automatico,,San Giorgio in Bosco (PD)
Volkswagen Golf 1.0 ETSI EVO 110CV Life DSG,https://www.automobile.it/meda-volkswagen-golf-1-0-etsi-evo-110cv-life-dsg/183296141,€ 22.457,Usato,Luglio 2023,50.101 km,Ibrido,Automatico,,Meda (MB)
Volkswagen Golf 1.0 ETSI EVO 110CV Life DSG,https://www.automobile.it/sala-bolognese-volkswagen-golf-1-0-etsi-evo-110cv-life-dsg/184422248,€ 22.457,Usato,Luglio 2023,50.101 km,Ibrido,Automatico,,Sala Bolognese (BO)
Volkswagen Golf 1.0 ETSI EVO 110CV Life DSG,https://www.automobile.it/milano-volkswagen-golf-1-0-etsi-evo-110cv-life-dsg/184422222,€ 22.457,Usato,Luglio 2023,50.101 km,Ibrido,Automatico,,Milano (MI)
Volkswagen Golf 1.0 ETSI EVO 110CV Life DSG,https://www.automobile.it/roma-volkswagen-golf-1-0-etsi-evo-110cv-life-dsg/184422227,€ 22.457,Usato,Luglio 2023,50.101 km,Ibrido,Automatico,,Roma (RM)
Volkswagen Golf 1.0 ETSI EVO 110CV Life DSG,https://www.automobile.it/curno-volkswagen-golf-1-0-etsi-evo-110cv-life-dsg/184422769,€ 22.457,Usato,Luglio 2023,50.101 km,Ibrido,Automatico,,Curno (BG)
Volkswagen Golf 1.0 ETSI EVO 110CV Life DSG,https://www.automobile.it/barzago-volkswagen-golf-1-0-etsi-evo-110cv-life-dsg/184422637,€ 22.457,Usato,Luglio 2023,50.101 km,Ibrido,Automatico,,Barzago (LC)
VOLKSWAGEN GOLF 2.0 116CV LIFE 2025,https://www.automobile.it/campobasso-volkswagen-golf-2-0-116cv-life-2025/184656875,€ 22.490,Usato,Marzo 2025,35.000 km,Diesel - Euro 6,Manuale,,Campobasso (CB)
Volkswagen Golf 1.4 Plug-In Hybrid DSG GTE,https://www.automobile.it/roma-volkswagen-golf-1-4-plug-hybrid-dsg-gte/184379506,€ 22.499,Usato,Luglio 2022,59.860 km,Ibrido - Euro 6,Automatico,Unico proprietario,Roma (RM)
Volkswagen Golf 1.5 TGI DSG Style NEOPATENTATI,https://www.automobile.it/cingoli-volkswagen-golf-1-5-tgi-dsg-style-neopatentati/183316801,€ 22.500,Usato,Aprile 2021,67.000 km,Metano - Euro 6,Automatico,,Cingoli (MC)
Volkswagen Golf 1.0 eTsi 110CV DSG Life (MHEV),https://www.automobile.it/ravenna-volkswagen-golf-1-0-etsi-110cv-dsg-life-mhev/184178862,€ 22.500,Usato,Marzo 2023,48.894 km,Ibrido - Euro 6,Automatico,,Ravenna (RA)
Volkswagen Golf 2.0 TDI 115CV Life,https://www.automobile.it/ravenna-volkswagen-golf-2-0-tdi-115cv-life/183980261,€ 22.500,Usato,Luglio 2023,40.875 km,Diesel - Euro 6,Manuale,,Ravenna (RA)
VOLKSWAGEN Golf 2.0 Tdi Life NEOPATENTATI (FULL LED+NAVI),https://www.automobile.it/taranto-volkswagen-golf-2-0-tdi-life-neopatentati-full-led-navi/183154644,€ 22.500,Usato,Febbraio 2025,26.000 km,Diesel - Euro 6,Manuale,Unico proprietario,Taranto (TA)
Volkswagen Golf 1.5 TGI DSG Life,https://www.automobile.it/gualdo-volkswagen-golf-1-5-tgi-dsg-life/184536718,€ 22.500,Usato,Luglio 2022,91.983 km,Metano,Automatico,Unico proprietario,Gualdo (MC)
VOLKSWAGEN Golf VIII 2020 - Golf 1.0 etsi evo Life 110cv dsg,https://www.automobile.it/lucca-volkswagen-golf-viii-2020-golf-1-0-etsi-evo-life-110cv-dsg/184599272,€ 22.500,Usato,Marzo 2024,55.716 km,Ibrido - Euro 6,Automatico,Unico proprietario,Lucca (LU)
Volkswagen Golf Golf 1.5 tsi evo Style 130cv,https://www.automobile.it/massa-volkswagen-golf-golf-1-5-tsi-evo-style-130cv/184619326,€ 22.500,Usato,Settembre 2023,59.100 km,Benzina - Euro 6,Manuale,,Massa (MS)
Volkswagen Golf 1.5 eTSI 150 CV EVO ACT DSG R-Line,https://www.automobile.it/sedriano-volkswagen-golf-1-5-etsi-150-cv-evo-act-dsg-r-line/184626851,€ 22.500,Usato,Maggio 2023,89.890 km,Ibrido - Euro 6,Automatico,Unico proprietario,Sedriano (MI)
Volkswagen Golf 2.0 TDI 115CV DSG Life,https://www.automobile.it/ravenna-volkswagen-golf-2-0-tdi-115cv-dsg-life/183191515,€ 22.500,Usato,Gennaio 2023,73.133 km,Diesel - Euro 6,Automatico,,Ravenna (RA)
VOLKSWAGEN Golf 1.4 TSI eHYBRID 204 CV DSG Style,https://www.automobile.it/venezia-volkswagen-golf-1-4-tsi-ehybrid-204-cv-dsg-style/184656828,€ 22.500,Usato,Maggio 2021,23.300 km,Ibrido - Euro 6,Semiautomatico,Unico proprietario,Venezia (VE)
VOLKSWAGEN Golf 2.0 TDI 115 CV SCR Life del 2022,https://www.automobile.it/bibbiena-volkswagen-golf-2-0-tdi-115-cv-scr-life-2022/184171294,€ 22.600,Usato,Febbraio 2022,79.025 km,Diesel - Euro 6,Manuale,,Bibbiena (AR)
Volkswagen Golf 1.4 tsi ehybrid Style 204cv dsg,https://www.automobile.it/oristano-volkswagen-golf-1-4-tsi-ehybrid-style-204cv-dsg/184325566,€ 22.600,Usato,Novembre 2021,65.607 km,Ibrido,Automatico,Unico proprietario,Oristano (OR)
Volkswagen Golf Golf 1.5 tsi Life 115cv ACC Carplay Garanzia 5 anni VW,https://www.automobile.it/rimini-volkswagen-golf-golf-1-5-tsi-life-115cv-acc-carplay-garanzia-5-anni-vw/184664648,€ 22.600,Usato,Gennaio 2025,16.700 km,Benzina - Euro 6,Manuale,,Rimini (RN)
VOLKSWAGEN Golf 2.0 TDI 115 CV SCR Life C/GRIMALDI SPECIAL DAY,https://www.automobile.it/vigevano-volkswagen-golf-2-0-tdi-115-cv-scr-life-grimaldi-special-day/184152850,€ 22.700,Usato,Febbraio 2025,22.049 km,Diesel - Euro 6,Manuale,,Vigevano (PV)
VOLKSWAGEN Golf VIII 2.0 TDI 150CV DSG PREZZO REALE SOLO 44.134 km,https://www.automobile.it/rezzato-volkswagen-golf-viii-2-0-tdi-150cv-dsg-prezzo-reale-solo-44-134-km/184473144,€ 22.700,Usato,Maggio 2022,44.134 km,Diesel - Euro 6,Automatico,Unico proprietario,Rezzato (BS)
VOLKSWAGEN Golf KM 49.000 - C.LEGA 18 - TELECAMERA - NO OBBLIGO FI,https://www.automobile.it/castagnole-lanze-volkswagen-golf-km-49-000-lega-18-telecamera-obbligo-fi/184590878,€ 22.700,Usato,Ottobre 2022,49.000 km,Diesel - Euro 6,Manuale,Unico proprietario,Castagnole delle Lanze (AT)
Volkswagen Golf 1.5 TSI 115 CV ACT Edition Plus,https://www.automobile.it/dozza-volkswagen-golf-1-5-tsi-115-cv-act-edition-plus/184538151,€ 22.700,Usato,Giugno 2024,7.000 km,Benzina - Euro 6,Manuale,,Dozza (BO)
Volkswagen Golf Golf 1.5 etsi Life 115cv Cocpit Pro Winter Pack Led,https://www.automobile.it/rimini-volkswagen-golf-golf-1-5-etsi-life-115cv-cocpit-pro-winter-pack-led/184657267,€ 22.700,Usato,Febbraio 2025,24.200 km,Ibrido - Euro 6,Manuale,,Rimini (RN)
Volkswagen Golf 2.0 TDI SCR Life,https://www.automobile.it/bologna-volkswagen-golf-2-0-tdi-scr-life/184202598,€ 22.750,Usato,Marzo 2025,39.192 km,Diesel - Euro 6,Manuale,,Bologna (BO)
Volkswagen Golf 2.0 TDI 150 CV DSG SCR Style,https://www.automobile.it/cefala-diana-volkswagen-golf-2-0-tdi-150-cv-dsg-scr-style/181899436,€ 22.800,Usato,Marzo 2021,97.000 km,Diesel - Euro 6,Automatico,,Cefalà Diana (PA)
Volkswagen Golf 2.0 TDI 115cv Life,https://www.automobile.it/sciacca-volkswagen-golf-2-0-tdi-115cv-life/183833254,€ 22.800,Usato,Gennaio 2023,130.000 km,Diesel - Euro 6,Automatico,Unico proprietario,Sciacca (AG)
Volkswagen Golf 2.0 tdi life 115cv dsg,https://www.automobile.it/bari-volkswagen-golf-2-0-tdi-life-115cv-dsg/184578291,€ 22.800,Usato,Maggio 2024,88.103 km,Altro,Automatico,,Bari (BA)
Volkswagen Golf 1.4 TSI eHYBRID 204 CV DSG Style,https://www.automobile.it/misano-adriatico-volkswagen-golf-1-4-tsi-ehybrid-204-cv-dsg-style/184459201,€ 22.800,Usato,Marzo 2022,65.515 km,Ibrido - Euro 6,Automatico,Unico proprietario,Misano Adriatico (RN)
VOLKSWAGEN Golf 2.0 TDI 150 CV DSG SCR Life,https://www.automobile.it/crema-volkswagen-golf-2-0-tdi-150-cv-dsg-scr-life/184357962,€ 22.880,Usato,Marzo 2023,32.000 km,Diesel - Euro 6,Automatico,Unico proprietario,Crema (CR)
Volkswagen Golf 1.5 eTSI EVO ACT 110kW R-Line DSG,https://www.automobile.it/galbiate-volkswagen-golf-1-5-etsi-evo-act-110kw-r-line-dsg/183697936,€ 22.890,Usato,Giugno 2021,67.000 km,Ibrido,Automatico,Unico proprietario,Galbiate (LC)
Volkswagen Golf Golf 2.0 tdi Style 115cv,https://www.automobile.it/palermo-volkswagen-golf-golf-2-0-tdi-style-115cv/184189973,€ 22.900,Usato,Maggio 2022,78.059 km,Diesel - Euro 6,Manuale,,Palermo (PA)
Volkswagen Golf 2.0 tdi R-Line 150cv dsg,https://www.automobile.it/genova-volkswagen-golf-2-0-tdi-r-line-150cv-dsg/184487348,€ 22.900,Usato,Settembre 2021,110.413 km,Diesel - Euro 6,Automatico,,Genova (GE)
Volkswagen Golf Variant 2.0 TDI SCR DSG Style,https://www.automobile.it/masera-padova-volkswagen-golf-variant-2-0-tdi-scr-dsg-style/184568753,€ 22.900,Usato,Gennaio 2024,69.000 km,Diesel - Euro 6,Automatico,,Maserà di Padova (PD)
Volkswagen Golf 1.5 eTSI EVO ACT Life DSG,https://www.automobile.it/torino-volkswagen-golf-1-5-etsi-evo-act-life-dsg/184560981,€ 22.900,Usato,Luglio 2023,67.821 km,Ibrido - Euro 6,Automatico,Unico proprietario,Torino (TO)
"VOLKSWAGEN Golf 2.0 TDI 150 CV DSG SCR Style matrix 17""",https://www.automobile.it/vigevano-volkswagen-golf-2-0-tdi-150-cv-dsg-scr-style-matrix-17/184547080,€ 22.900,Usato,Settembre 2022,47.070 km,Diesel - Euro 6,Automatico,,Vigevano (PV)
Volkswagen Golf 2.0 TDI SCR 110KW Life DSG,https://www.automobile.it/leini-volkswagen-golf-2-0-tdi-scr-110kw-life-dsg/184479133,€ 22.900,Usato,Maggio 2024,33.000 km,Diesel - Euro 6,Automatico,Unico proprietario,Leinì (TO)
Volkswagen Golf 2.0 TDI SCR Life,https://www.automobile.it/bologna-volkswagen-golf-2-0-tdi-scr-life/183678871,€ 22.900,Usato,Febbraio 2025,30.601 km,Diesel - Euro 6,Manuale,,Bologna (BO)
Volkswagen Golf 1.5 TSI 150 CV ACT Life,https://www.automobile.it/roma-volkswagen-golf-1-5-tsi-150-cv-act-life/184390555,€ 22.900,Usato,Marzo 2025,49.800 km,Ibrido - Euro 6,Automatico,Unico proprietario,Roma (RM)
Volkswagen Golf Life MOVE 1.0 eTSI 81kW 7-speed DSG SOLI 24.952 KM PREZZO REALE!!,https://www.automobile.it/villongo-volkswagen-golf-life-move-1-0-etsi-81kw-7-speed-dsg-soli-24-952-km-prezzo-reale/184607652,€ 22.900,Usato,Maggio 2024,24.952 km,Ibrido - Euro 6,Automatico,Unico proprietario,Villongo (BG)
Volkswagen Golf Golf 1.5 tsi evo R-Line 130cv,https://www.automobile.it/chiavari-volkswagen-golf-golf-1-5-tsi-evo-r-line-130cv/184626514,€ 22.900,Usato,Giugno 2023,29.981 km,Benzina - Euro 6,Manuale,,Chiavari (GE)
Volkswagen Golf 2.0 Tdi 115CV Life - IVA ESPOSTA,https://www.automobile.it/ravenna-volkswagen-golf-2-0-tdi-115cv-life-iva-esposta/184028795,€ 22.900,Usato,Marzo 2025,26.959 km,Diesel - Euro 6,Manuale,,Ravenna (RA)
Volkswagen Golf 2.0 Tdi 115CV Life - IVA ESPOSTA,https://www.automobile.it/ravenna-volkswagen-golf-2-0-tdi-115cv-life-iva-esposta/184452766,€ 22.900,Usato,Febbraio 2025,30.795 km,Diesel - Euro 6,Manuale,,Ravenna (RA)
Volkswagen Golf 2.0 Tdi 115CV Life - IVA ESPOSTA,https://www.automobile.it/ravenna-volkswagen-golf-2-0-tdi-115cv-life-iva-esposta/184578331,€ 22.900,Usato,Marzo 2025,35.462 km,Diesel - Euro 6,Manuale,,Ravenna (RA)
Golf 8 2023 2.0Tdi 115 DSG Pari al nuovo,https://www.automobile.it/miggiano-golf-8-2023-2-0tdi-115-dsg-pari-nuovo/184636718,€ 22.900,Usato,Marzo 2023,60.000 km,Diesel - Euro 6,Automatico,,Miggiano (LE)
Volkswagen Golf 1.4 TSI eHYBRID 204 CV DSG Style,https://www.automobile.it/matera-volkswagen-golf-1-4-tsi-ehybrid-204-cv-dsg-style/184667553,€ 22.900,Usato,Ottobre 2021,70.000 km,Ibrido - Euro 6,Automatico,,Matera (MT)
Volkswagen Golf 2.0 tdi life 115cv dsg,https://www.automobile.it/padova-volkswagen-golf-2-0-tdi-life-115cv-dsg/184640248,€ 22.900,Usato,Aprile 2024,51.800 km,Altro,Automatico,,Padova (PD)
VOLKSWAGEN Golf 2.0 TDI 40.000KM GARANZIA,https://www.automobile.it/caraffa-bianco-volkswagen-golf-2-0-tdi-40-000km-garanzia/184659078,€ 22.900,Usato,Maggio 2022,40.000 km,Diesel - Euro 6,Semiautomatico,,Caraffa del Bianco (RC)
Volkswagen Golf 2.0 TDI SCR Life,https://www.automobile.it/bologna-volkswagen-golf-2-0-tdi-scr-life/182932542,€ 22.950,Usato,Febbraio 2025,27.640 km,Diesel - Euro 6,Manuale,,Bologna (BO)
"VW Golf 1.0 e DSG scarico akrapovic, neopatentati",https://www.automobile.it/fiesso-d-artico-vw-golf-1-0-dsg-scarico-akrapovic-neopatentati/183897095,€ 22.950,Usato,Febbraio 2022,88.000 km,Ibrido - Euro 6,Automatico,,Fiesso d'Artico (VE)
Volkswagen Golf GTI 2.0 TDI 115 CV DSG BLACK EDITION,https://www.automobile.it/napoli-volkswagen-golf-gti-2-0-tdi-115-cv-dsg-black-edition/182668987,€ 22.990,Usato,Giugno 2023,54.565 km,Diesel - Euro 6,Automatico,,Napoli (NA)
Volkswagen Golf 2.0 tdi life 115cv,https://www.automobile.it/bari-volkswagen-golf-2-0-tdi-life-115cv/184601231,€ 22.990,Usato,Febbraio 2025,19.482 km,Altro,Manuale,,Bari (BA)
VOLKSWAGEN Golf 1.5 eTSI 130 CV EVO ACT DSG Style,https://www.automobile.it/modena-volkswagen-golf-1-5-etsi-130-cv-evo-act-dsg-style/184082136,€ 22.990,Usato,Ottobre 2023,43.000 km,Ibrido - Euro 6,Automatico,,Modena (MO)
Volkswagen Golf 2.0 TDI DSG SCR Style,https://www.automobile.it/caresanablot-volkswagen-golf-2-0-tdi-dsg-scr-style/184603828,€ 22.999,Usato,Maggio 2021,99.400 km,Diesel - Euro 6,Semiautomatico,,Caresanablot (VC)
"VOLKSWAGEN GOLF 2.0 STYLE TDI SCR DSG 116CV - FULL LED, VIRTUAL COCKPIT, NEOPATETATI",https://www.automobile.it/brescello-volkswagen-golf-2-0-style-tdi-scr-dsg-116cv-full-led-virtual-cockpit-neopatetati/184592387,€ 22.999,Usato,Luglio 2021,89.000 km,Diesel - Euro 6,Automatico,Unico proprietario,Brescello (RE)
Volkswagen Golf 2.0 TDI 115cv Life,https://www.automobile.it/potenza-volkswagen-golf-2-0-tdi-115cv-life/183819930,€ 23.000,Usato,Maggio 2023,76.555 km,Diesel - Euro 6,Automatico,Unico proprietario,Potenza (PZ)
VOLKSWAGEN Golf VIII 2020 - Golf 2.0 tdi Style 115cv,https://www.automobile.it/lucca-volkswagen-golf-viii-2020-golf-2-0-tdi-style-115cv/184580263,€ 23.000,Usato,Marzo 2024,52.480 km,Diesel - Euro 6,Manuale,Unico proprietario,Lucca (LU)
Volkswagen golf viii 1.0 eTSI 110cv DSG Life Move,https://www.automobile.it/robecco-naviglio-volkswagen-golf-viii-1-0-etsi-110cv-dsg-life-move/184102889,€ 23.290,Aziendale,Aprile 2024,21.945 km,Ibrido,Automatico,,Robecco sul Naviglio (MI)
Volkswagen Golf 2.0 TDI 115 CV SCR Life,https://www.automobile.it/capua-volkswagen-golf-2-0-tdi-115-cv-scr-life/184458931,€ 23.300,Usato,Febbraio 2025,23.891 km,Diesel - Euro 6,Manuale,,Capua (CE)
VOLKSWAGEN Golf VIII 2024 - Golf 2.0 tdi Life 115cv,https://www.automobile.it/lucca-volkswagen-golf-viii-2024-golf-2-0-tdi-life-115cv/184580240,€ 23.300,Usato,Marzo 2025,19.901 km,Diesel - Euro 6,Manuale,Unico proprietario,Lucca (LU)
Volkswagen Golf 1.5 etsi evo Style 130cv dsg,https://www.automobile.it/cuneo-volkswagen-golf-1-5-etsi-evo-style-130cv-dsg/183391285,€ 23.400,Usato,2023,55.334 km,Ibrido - Euro 6,Automatico,Unico proprietario,Cuneo (CN)
Volkswagen Golf 1.5 eTSI EVO ACT Style DSG,https://www.automobile.it/bologna-volkswagen-golf-1-5-etsi-evo-act-style-dsg/184202577,€ 23.450,Usato,Giugno 2023,60.248 km,Ibrido - Euro 6,Automatico,,Bologna (BO)
Volkswagen Golf 2.0 TDI SCR Life,https://www.automobile.it/bologna-volkswagen-golf-2-0-tdi-scr-life/183455190,€ 23.450,Usato,Febbraio 2025,19.566 km,Diesel - Euro 6,Manuale,,Bologna (BO)
Volkswagen Golf 2.0 TDI SCR Style,https://www.automobile.it/cassino-volkswagen-golf-2-0-tdi-scr-style/184305976,€ 23.490,Usato,Giugno 2022,87.000 km,Diesel - Euro 6,Automatico,,Cassino (FR)
Volkswagen Golf 8 R-LINE 1.5 TSI 130 CV EVO ACT NEOPATENTATI,https://www.automobile.it/ravenna-volkswagen-golf-8-r-line-1-5-tsi-130-cv-evo-act-neopatentati/184643895,€ 23.490,Usato,Marzo 2021,117.000 km,Benzina - Euro 6,Manuale,,Ravenna (RA)
Volkswagen Golf 2.0 Tdi SCR 115 cv DSG Life,https://www.automobile.it/casarano-volkswagen-golf-2-0-tdi-scr-115-cv-dsg-life/184402396,€ 23.499,Aziendale,Febbraio 2024,83.750 km,Diesel,Automatico,,Casarano (LE)
Volkswagen Golf 2.0 Tdi SCR 115 cv DSG Life,https://www.automobile.it/casarano-volkswagen-golf-2-0-tdi-scr-115-cv-dsg-life/184402696,€ 23.499,Usato,Febbraio 2024,83.750 km,Diesel - Euro 6,Automatico,,Casarano (LE)
VOLKSWAGEN Golf 2.0 TDI DSG SCR Life,https://www.automobile.it/ghilarza-volkswagen-golf-2-0-tdi-dsg-scr-life/182700001,€ 23.500,Usato,Giugno 2021,88.128 km,Diesel - Euro 6,Semiautomatico,,Ghilarza (OR)
VOLKSWAGEN Golf 8ª serie Golf 1.5 eTSI 130 CV ...,https://www.automobile.it/viadana-volkswagen-golf-8-serie-golf-1-5-etsi-130-cv/182252887,€ 23.500,Usato,2021,60.000 km,Ibrido - Euro 6,Automatico,,Viadana (MN)
Volkswagen Golf 1.5 eTSI 130 CV EVO ACT DSG Style,https://www.automobile.it/napoli-volkswagen-golf-1-5-etsi-130-cv-evo-act-dsg-style/183486470,€ 23.500,Usato,Giugno 2021,25.000 km,Ibrido - Euro 6,Semiautomatico,,Napoli (NA)
VOLKSWAGEN Golf 2.0 TDI 115 CV SCR Life,https://www.automobile.it/san-michele-salentino-volkswagen-golf-2-0-tdi-115-cv-scr-life/183627577,€ 23.500,Usato,Febbraio 2025,25.616 km,Diesel,Manuale,,San Michele Salentino (BR)
VOLKSWAGEN Golf 2.0 TDI 115 CV SCR Life,https://www.automobile.it/san-michele-salentino-volkswagen-golf-2-0-tdi-115-cv-scr-life/182803141,€ 23.500,Usato,Febbraio 2025,22.996 km,Diesel,Manuale,,San Michele Salentino (BR)
Volkswagen Golf 1.4 TSI eHYBRID 204 CV DSG Style,https://www.automobile.it/bologna-volkswagen-golf-1-4-tsi-ehybrid-204-cv-dsg-style/183679273,€ 23.500,Usato,Marzo 2021,60.820 km,Ibrido - Euro 6,Automatico,Unico proprietario,Bologna (BO)
Volkswagen Golf Golf 1.4 tsi ehybrid Style 204cv dsg,https://www.automobile.it/bologna-volkswagen-golf-golf-1-4-tsi-ehybrid-style-204cv-dsg/184586832,€ 23.500,Usato,Giugno 2021,66.864 km,Ibrido - Euro 6,Automatico,Unico proprietario,Bologna (BO)
VOLKSWAGEN Golf 1.5 eTSI 130 CV EVO ACT DSG Life,https://www.automobile.it/garbagnate-monastero-volkswagen-golf-1-5-etsi-130-cv-evo-act-dsg-life/184612624,€ 23.500,Usato,Giugno 2023,23.000 km,Ibrido - Euro 6,Semiautomatico,,Garbagnate Monastero (LC)
Volkswagen Golf GTE 1.4 eHybrid PHEV #50261,https://www.automobile.it/mazzano-volkswagen-golf-gte-1-4-ehybrid-phev-50261/184471422,€ 23.500,Usato,Settembre 2021,50.900 km,Ibrido,Automatico,2 Proprietari,Mazzano (BS)
Volkswagen Golf 2.0 TDI 115CV Life - IVA ESPOSTA,https://www.automobile.it/ravenna-volkswagen-golf-2-0-tdi-115cv-life-iva-esposta/183181961,€ 23.500,Usato,Marzo 2025,19.887 km,Diesel - Euro 6,Manuale,,Ravenna (RA)
VOLKSWAGEN - Golf - 2.0 TDI 150 CV DSG SCR R-Line,https://www.automobile.it/gravina-catania-volkswagen-golf-2-0-tdi-150-cv-dsg-scr-r-line/184505157,€ 23.500,Usato,Aprile 2023,149.000 km,Diesel - Euro 6,Automatico,Unico proprietario,Gravina di Catania (CT)
Volkswagen Golf 2.0 TDI DSG SCR Style,https://www.automobile.it/rimini-volkswagen-golf-2-0-tdi-dsg-scr-style/184340665,€ 23.600,Usato,Marzo 2022,75.423 km,Diesel - Euro 6,Semiautomatico,Unico proprietario,Rimini (RN)
Volkswagen Golf Golf 2.0 TDI 115 CV SCR Life,https://www.automobile.it/bologna-volkswagen-golf-golf-2-0-tdi-115-cv-scr-life/183455191,€ 23.750,Usato,Febbraio 2025,14.816 km,Diesel - Euro 6,Manuale,,Bologna (BO)
VOLKSWAGEN Golf NEW 8.5 2.0 TDI 115CV Life Virtual Cokpit,https://www.automobile.it/mirabella-imbaccari-volkswagen-golf-new-8-5-2-0-tdi-115cv-life-virtual-cokpit/183673512,€ 23.780,Usato,Febbraio 2025,15.744 km,Diesel - Euro 6,Manuale,Unico proprietario,Mirabella Imbaccari (CT)
VOLKSWAGEN Golf 2.0 TDI 150 CV DSG R-Line,https://www.automobile.it/latiano-volkswagen-golf-2-0-tdi-150-cv-dsg-r-line/183699275,€ 23.800,Usato,Maggio 2021,140.000 km,Diesel,Automatico,Unico proprietario,Latiano (BR)
VOLKSWAGEN Golf VIII 2024 - Golf 2.0 tdi Life 115cv,https://www.automobile.it/lucca-volkswagen-golf-viii-2024-golf-2-0-tdi-life-115cv/184580030,€ 23.800,Usato,Marzo 2025,54.543 km,Diesel - Euro 6,Manuale,Unico proprietario,Lucca (LU)
VW GOLF 8 2000 TDI 150 CV DSG,https://www.automobile.it/buja-vw-golf-8-2000-tdi-150-cv-dsg/184606556,€ 23.800,Usato,Luglio 2021,90.000 km,Diesel - Euro 6,Automatico,,Buja (UD)
Volkswagen Golf 2.0 tdi Life 115cv dsg LED-NAVI-CAM,https://www.automobile.it/alba-volkswagen-golf-2-0-tdi-life-115cv-dsg-led-navi-cam/184665627,€ 23.800,Usato,Luglio 2024,0 km,Diesel,Automatico,Unico proprietario,Alba (CN)
Volkswagen golf viii 1.0 eTSI 110cv DSG Life Move,https://www.automobile.it/robecco-naviglio-volkswagen-golf-viii-1-0-etsi-110cv-dsg-life-move/184633058,€ 23.890,Usato,Maggio 2024,8.258 km,Ibrido,Automatico,,Robecco sul Naviglio (MI)
VOLKSWAGEN Golf 1.5 TSI EVO ACT R-Line,https://www.automobile.it/cosenza-volkswagen-golf-1-5-tsi-evo-act-r-line/182829048,€ 23.899,Usato,Ottobre 2022,34.808 km,Benzina - Euro 6,Manuale,,Cosenza (CS)
VOLKSWAGEN Golf 1.5 eTSI 115 CV DSG Style,https://www.automobile.it/collesalvetti-volkswagen-golf-1-5-etsi-115-cv-dsg-style/184658350,€ 23.899,Usato,Luglio 2024,42.091 km,Ibrido - Euro 6,Automatico,,Collesalvetti (LI)
VOLKSWAGEN Golf 1.5 eTSI 115 CV DSG Style,https://www.automobile.it/milano-volkswagen-golf-1-5-etsi-115-cv-dsg-style/184659414,€ 23.899,Usato,Luglio 2024,42.091 km,Ibrido - Euro 6,Automatico,,Milano (MI)
VOLKSWAGEN Golf 1.5 eTSI 115 CV DSG Style,https://www.automobile.it/bari-volkswagen-golf-1-5-etsi-115-cv-dsg-style/184659324,€ 23.899,Usato,Luglio 2024,42.091 km,Ibrido - Euro 6,Automatico,,Bari (BA)
VOLKSWAGEN Golf 1.5 eTSI 115 CV DSG Style,https://www.automobile.it/catania-volkswagen-golf-1-5-etsi-115-cv-dsg-style/184668535,€ 23.899,Usato,Luglio 2024,42.091 km,Ibrido - Euro 6,Automatico,,Catania (CT)
VOLKSWAGEN Golf 1.5 eTSI 115 CV DSG Style,https://www.automobile.it/bologna-volkswagen-golf-1-5-etsi-115-cv-dsg-style/184669948,€ 23.899,Usato,Luglio 2024,42.091 km,Ibrido - Euro 6,Automatico,,Bologna (BO)
VOLKSWAGEN Golf 1.5 eTSI 115 CV DSG Style,https://www.automobile.it/firenze-volkswagen-golf-1-5-etsi-115-cv-dsg-style/184669619,€ 23.899,Usato,Luglio 2024,42.091 km,Ibrido - Euro 6,Automatico,,Firenze (FI)
VOLKSWAGEN Golf 1.5 eTSI 115 CV DSG Style,https://www.automobile.it/casoria-volkswagen-golf-1-5-etsi-115-cv-dsg-style/184668877,€ 23.899,Usato,Luglio 2024,42.091 km,Ibrido - Euro 6,Automatico,,Casoria (NA)
VOLKSWAGEN Golf 1.5 eTSI 115 CV DSG Style,https://www.automobile.it/beinasco-volkswagen-golf-1-5-etsi-115-cv-dsg-style/184669005,€ 23.899,Usato,Luglio 2024,42.091 km,Ibrido - Euro 6,Automatico,,Beinasco (TO)
VOLKSWAGEN Golf 1.5 eTSI 115 CV DSG Style,https://www.automobile.it/cagliari-volkswagen-golf-1-5-etsi-115-cv-dsg-style/184669864,€ 23.899,Usato,Luglio 2024,42.091 km,Ibrido - Euro 6,Automatico,,Cagliari (CA)
VOLKSWAGEN Golf 1.5 eTSI 115 CV DSG Style,https://www.automobile.it/cosenza-volkswagen-golf-1-5-etsi-115-cv-dsg-style/184665840,€ 23.899,Usato,Luglio 2024,42.091 km,Ibrido - Euro 6,Automatico,,Cosenza (CS)
VOLKSWAGEN Golf 1.5 eTSI 115 CV DSG Style,https://www.automobile.it/sassari-volkswagen-golf-1-5-etsi-115-cv-dsg-style/184670478,€ 23.899,Usato,Luglio 2024,42.091 km,Ibrido - Euro 6,Automatico,,Sassari (SS)
VOLKSWAGEN Golf 1.5 eTSI 115 CV DSG Style,https://www.automobile.it/roma-volkswagen-golf-1-5-etsi-115-cv-dsg-style/184670463,€ 23.899,Usato,Luglio 2024,42.091 km,Ibrido - Euro 6,Automatico,,Roma (RM)
VOLKSWAGEN Golf 1.5 eTSI 115 CV DSG Style,https://www.automobile.it/palermo-volkswagen-golf-1-5-etsi-115-cv-dsg-style/184670861,€ 23.899,Usato,Luglio 2024,42.091 km,Ibrido - Euro 6,Automatico,,Palermo (PA)
VOLKSWAGEN Golf 1.5 eTSI 115 CV DSG Style,https://www.automobile.it/venezia-volkswagen-golf-1-5-etsi-115-cv-dsg-style/184670894,€ 23.899,Usato,Luglio 2024,42.091 km,Ibrido - Euro 6,Automatico,,Venezia (VE)
VOLKSWAGEN GOLF 2.0 TDI DSG STYLE,https://www.automobile.it/conegliano-volkswagen-golf-2-0-tdi-dsg-style/181949364,€ 23.900,Usato,Ottobre 2022,63.930 km,Diesel - Euro 6,Automatico,Unico proprietario,Conegliano (TV)
VOLKSWAGEN Golf 1.4 TSI eHYBRID 204 CV DSG Style,https://www.automobile.it/oderzo-volkswagen-golf-1-4-tsi-ehybrid-204-cv-dsg-style/183909511,€ 23.900,Usato,Luglio 2023,55.309 km,Ibrido - Euro 6,Automatico,,Oderzo (TV)
VOLKSWAGEN Golf 1.4 TSI eHYBRID DSG Style PLUG-IN,https://www.automobile.it/oderzo-volkswagen-golf-1-4-tsi-ehybrid-dsg-style-plug/183665276,€ 23.900,Usato,Giugno 2023,56.379 km,Ibrido - Euro 6,Automatico,,Oderzo (TV)
Volkswagen Golf 1.4 TSI eHYBRID 204 CV DSG Style,https://www.automobile.it/san-pietro-cariano-volkswagen-golf-1-4-tsi-ehybrid-204-cv-dsg-style/184411654,€ 23.900,Usato,Dicembre 2023,42.000 km,Ibrido - Euro 6,Semiautomatico,,San Pietro in Cariano (VR)
VOLKSWAGEN Golf 2.0 TDI 150 CV DSG SCR Life NAVI,https://www.automobile.it/tolentino-volkswagen-golf-2-0-tdi-150-cv-dsg-scr-life-navi/184457093,€ 23.900,Usato,Gennaio 2021,37.761 km,Diesel - Euro 6,Semiautomatico,Unico proprietario,Tolentino (MC)
VOLKSWAGEN Golf VIII 2020 - Golf 2.0 tdi Style 150cv dsg,https://www.automobile.it/san-benedetto-tronto-volkswagen-golf-viii-2020-golf-2-0-tdi-style-150cv-dsg/181832289,€ 23.900,Usato,Marzo 2023,101.888 km,Diesel - Euro 6,Automatico,,San Benedetto del Tronto (AP)
Volkswagen Golf 1.5 TSI EVO ACT R-Line,https://www.automobile.it/rionero-vulture-volkswagen-golf-1-5-tsi-evo-act-r-line/184470897,€ 23.900,Usato,Settembre 2021,89.000 km,Benzina - Euro 6,Manuale,,Rionero in Vulture (PZ)
Volkswagen Golf 2.0 TDI 150 CV SCR R-Line,https://www.automobile.it/palermo-volkswagen-golf-2-0-tdi-150-cv-scr-r-line/184459957,€ 23.900,Usato,Dicembre 2021,130.000 km,Diesel - Euro 6,Manuale,,Palermo (PA)
Volkswagen Golf 2.0 TDI 115 CV SCR Life,https://www.automobile.it/roma-volkswagen-golf-2-0-tdi-115-cv-scr-life/184492191,€ 23.900,Usato,Novembre 2024,18.100 km,Diesel - Euro 6,Manuale,Unico proprietario,Roma (RM)
Volkswagen Golf 2.0 TDI 115 CV SCR Life,https://www.automobile.it/gualdo-volkswagen-golf-2-0-tdi-115-cv-scr-life/184536729,€ 23.900,Usato,Agosto 2023,27.525 km,Diesel,Manuale,Unico proprietario,Gualdo (MC)
Volkswagen Golf GTI 2.0 TSI DSG PERFORMANCE,https://www.automobile.it/chivasso-volkswagen-golf-gti-2-0-tsi-dsg-performance/184104098,€ 23.900,Usato,Agosto 2024,19.500 km,Benzina - Euro 6,Automatico,Unico proprietario,Chivasso (TO)
Volkswagen Golf GTI Golf 2.0 TSI GTI DSG PERFORMANCE,https://www.automobile.it/chivasso-volkswagen-golf-gti-golf-2-0-tsi-gti-dsg-performance/183919311,€ 23.900,Usato,Novembre 2023,29.000 km,Benzina - Euro 6,Automatico,Unico proprietario,Chivasso (TO)
Volkswagen Golf 1.5 TSI 130cv Style,https://www.automobile.it/rosarno-volkswagen-golf-1-5-tsi-130cv-style/184536513,€ 23.900,Aziendale,Maggio 2024,29.000 km,Ibrido - Euro 6,Manuale,,Rosarno (RC)
V.W. GOLF 2.0 TDI 150 CV DSG STYLE,https://www.automobile.it/san-valentino-torio-v-w-golf-2-0-tdi-150-cv-dsg-style/184093388,€ 23.900,Usato,Dicembre 2025,15.000 km,Diesel - Euro 6,Automatico,,San Valentino Torio (SA)
Volkswagen Golf 2.0 TDI SCR Life,https://www.automobile.it/massa-volkswagen-golf-2-0-tdi-scr-life/183742382,€ 23.900,Usato,Marzo 2025,18.000 km,Diesel - Euro 6,Manuale,,Massa (MS)
VOLKSWAGEN Golf 8ª serie Golf 2.0 TDI DSG SCR Life,https://www.automobile.it/milano-volkswagen-golf-8-serie-golf-2-0-tdi-dsg-scr-life/184596206,€ 23.900,Usato,Dicembre 2023,19.952 km,Diesel - Euro 6,Automatico,,Milano (MI)
VOLKSWAGEN Golf 8ª serie Golf 2.0 TDI DSG SCR Life,https://www.automobile.it/roma-volkswagen-golf-8-serie-golf-2-0-tdi-dsg-scr-life/184595382,€ 23.900,Usato,Dicembre 2023,19.952 km,Diesel - Euro 6,Automatico,,Roma (RM)
VOLKSWAGEN Golf 8ª serie Golf 2.0 TDI DSG SCR Life,https://www.automobile.it/verona-volkswagen-golf-8-serie-golf-2-0-tdi-dsg-scr-life/184598336,€ 23.900,Usato,Dicembre 2023,19.952 km,Diesel - Euro 6,Automatico,,Verona (VR)
Volkswagen Golf Golf 1.5 etsi evo R-Line 150cv dsg,https://www.automobile.it/bologna-volkswagen-golf-golf-1-5-etsi-evo-r-line-150cv-dsg/184643801,€ 23.900,Usato,Aprile 2023,45.297 km,Ibrido - Euro 6,Automatico,Unico proprietario,Bologna (BO)
Volkswagen Golf 1.4 Plug-In Hybrid DSG GTE 245 cv,https://www.automobile.it/rosta-volkswagen-golf-1-4-plug-hybrid-dsg-gte-245-cv/183376841,€ 23.900,Usato,Aprile 2021,27.000 km,Ibrido - Euro 6,Automatico,,Rosta (TO)
"Volkswagen Golf 1.5 TSI 116 CV LIFE GOAL, WINTER PACK, FARI LED, CARPLAY, LUCI AMBIENTE",https://www.automobile.it/paderno-franciacorta-volkswagen-golf-1-5-tsi-116-cv-life-goal-winter-pack-fari-led-carplay-luci-ambiente/184630106,€ 23.900,Usato,Giugno 2025,17.300 km,Benzina,Manuale,Unico proprietario,Paderno Franciacorta (BS)
VOLKSWAGEN Golf 8ª serie Golf 2.0 TDI DSG SCR Life,https://www.automobile.it/casalmoro-volkswagen-golf-8-serie-golf-2-0-tdi-dsg-scr-life/184655393,€ 23.900,Usato,Dicembre 2023,19.952 km,Diesel - Euro 6,Automatico,,Casalmoro (MN)
Volkswagen Golf 2.0 tsi GTI 245cv dsg,https://www.automobile.it/roma-volkswagen-golf-2-0-tsi-gti-245cv-dsg/184665372,€ 23.900,Usato,Dicembre 2021,17.998 km,Benzina - Euro 6,Automatico,,Roma (RM)
Volkswagen Golf 2.0 tdi life 115cv,https://www.automobile.it/bari-volkswagen-golf-2-0-tdi-life-115cv/184366286,€ 23.950,Usato,Marzo 2025,44.554 km,Altro,Manuale,,Bari (BA)
Volkswagen Golf 2.0 tdi life 115cv,https://www.automobile.it/bari-volkswagen-golf-2-0-tdi-life-115cv/184366187,€ 23.950,Usato,Marzo 2025,41.716 km,Altro,Manuale,,Bari (BA)
VW Golf 1.5 150cv DSG R-Line *PROMO NATALIZIA*,https://www.automobile.it/minturno-vw-golf-1-5-150cv-dsg-r-line-promo-natalizia/182250337,€ 23.990,Aziendale,Maggio 2022,87.000 km,Ibrido - Euro 6,Automatico,Unico proprietario,Minturno (LT)
Volkswagen Golf 1.5 etsi evo R-Line 150cv dsg,https://www.automobile.it/settimo-milanese-volkswagen-golf-1-5-etsi-evo-r-line-150cv-dsg/184496627,€ 23.990,Usato,2021,52.000 km,Ibrido - Euro 6,Automatico,,Settimo Milanese (MI)
VOLKSWAGEN Golf 2.0 TDI 150cv DSG *TETTO*FULL LED,https://www.automobile.it/mesagne-volkswagen-golf-2-0-tdi-150cv-dsg-tetto-full-led/184561998,€ 23.990,Usato,Giugno 2023,99.989 km,Diesel - Euro 6,Automatico,,Mesagne (BR)
VOLKSWAGEN Golf 2.0 TDI 150 CV R-Line,https://www.automobile.it/san-michele-salentino-volkswagen-golf-2-0-tdi-150-cv-r-line/184508504,€ 23.990,Usato,Febbraio 2022,111.000 km,Diesel - Euro 6,Manuale,Unico proprietario,San Michele Salentino (BR)
VOLKSWAGEN Golf 2.0 TDI DSG SCR Style TETTO*FULL!!!!,https://www.automobile.it/balvano-volkswagen-golf-2-0-tdi-dsg-scr-style-tetto-full/184524306,€ 23.990,Usato,Febbraio 2023,129.000 km,Diesel - Euro 6,Automatico,,Balvano (PZ)
Volkswagen Golf 1.5 TGI DSG Style,https://www.automobile.it/sant-antonio-abate-volkswagen-golf-1-5-tgi-dsg-style/184541303,€ 23.990,Usato,Dicembre 2022,50.000 km,Metano - Euro 6,Automatico,,Sant'Antonio Abate (NA)
Volkswagen Golf 1.5 eTSI 130 CV EVO ACT DSG Life-PROMO GALLOTTI,https://www.automobile.it/gallarate-volkswagen-golf-1-5-etsi-130-cv-evo-act-dsg-life-promo-gallotti/183837024,€ 23.990,KM 0,Luglio 2021,Ibrido - Euro 6,130 CV (96 KW),Automatico,,Gallarate (VA)
VOLKSWAGEN GOLF VIII 2.0 TDI 150 CV DSG SCR R-LINE,https://www.automobile.it/avellino-volkswagen-golf-viii-2-0-tdi-150-cv-dsg-scr-r-line/184592357,€ 23.999,Usato,Luglio 2021,135.000 km,Diesel - Euro 6,Automatico,Unico proprietario,Avellino (AV)
Volkswagen Golf 8 2.0 TDI DSG SCR Style 34.164 Km,https://www.automobile.it/castelvetrano-volkswagen-golf-8-2-0-tdi-dsg-scr-style-34-164-km/182567907,€ 23.999,Usato,Gennaio 2024,34.164 km,Diesel - Euro 6,Semiautomatico,Unico proprietario,Castelvetrano (TP)
Volkswagen Golf VIII 2.0 TDI Style 115 CV,https://www.automobile.it/lamezia-terme-volkswagen-golf-viii-2-0-tdi-style-115-cv/181637006,€ 24.000,Usato,Giugno 2023,33.697 km,Diesel - Euro 6,Manuale,,Lamezia Terme (CZ)
Volkswagen Golf VIII 2.0 TDI Style 115 CV,https://www.automobile.it/rende-volkswagen-golf-viii-2-0-tdi-style-115-cv/181636976,€ 24.000,Usato,Giugno 2023,33.697 km,Diesel - Euro 6,Manuale,,Rende (CS)
VOLKSWAGEN Golf 2.0 TSI DSG GTI,https://www.automobile.it/roma-volkswagen-golf-2-0-tsi-dsg-gti/183917966,€ 24.000,Usato,Febbraio 2022,58.000 km,Benzina - Euro 6,Automatico,,Roma (RM)
VOLKSWAGEN Golf 1.5 eTSI 115 CV DSG Life,https://www.automobile.it/venezia-volkswagen-golf-1-5-etsi-115-cv-dsg-life/184588289,€ 24.000,Usato,Settembre 2024,32.000 km,Ibrido - Euro 6,Automatico,,Venezia (VE)
Volkswagen Golf VIII 2.0 TDI 150 CV SCR Style,https://www.automobile.it/villa-san-giovanni-volkswagen-golf-viii-2-0-tdi-150-cv-scr-style/184629055,€ 24.000,Usato,Maggio 2023,145.000 km,Diesel - Euro 6,Manuale,,Villa San Giovanni (RC)
VOLKSWAGEN Golf VIII 2024 - Golf 2.0 tdi Life 115cv,https://www.automobile.it/lucca-volkswagen-golf-viii-2024-golf-2-0-tdi-life-115cv/184579808,€ 24.100,Usato,Marzo 2025,26.109 km,Diesel - Euro 6,Manuale,,Lucca (LU)
Volkswagen Golf 2.0 tdi life 115cv,https://www.automobile.it/venezia-volkswagen-golf-2-0-tdi-life-115cv/184429959,€ 24.290,Usato,Marzo 2025,25.263 km,Altro,Manuale,,Venezia (VE)
Volkswagen Golf 8ª serie 2.0 TDI 150 CV DSG SCR R-Line,https://www.automobile.it/perugia-volkswagen-golf-8-serie-2-0-tdi-150-cv-dsg-scr-r-line/183851607,€ 24.300,Usato,Febbraio 2022,113.000 km,Diesel - Euro 6,Automatico,,Perugia (PG)
Volkswagen Golf 1.5 etsi evo Life 130cv dsg,https://www.automobile.it/villorba-volkswagen-golf-1-5-etsi-evo-life-130cv-dsg/184648452,€ 24.400,Usato,Aprile 2024,47.400 km,Ibrido,Automatico,Unico proprietario,Villorba (TV)
Volkswagen Golf 1.5 TSI R-Line,https://www.automobile.it/santa-teresa-gallura-volkswagen-golf-1-5-tsi-r-line/184544023,€ 24.490,Usato,Giugno 2022,90.000 km,Benzina - Euro 6,Manuale,,Santa Teresa Gallura (OT)
Volkswagen Golf GTI 2.0 TSI DSG,https://www.automobile.it/casoria-volkswagen-golf-gti-2-0-tsi-dsg/183299007,€ 24.499,Usato,Dicembre 2021,108.000 km,Benzina - Euro 6,Semiautomatico,,Casoria (NA)
Volkswagen Golf 1.4 Plug-In Hybrid DSG GTE,https://www.automobile.it/ladispoli-volkswagen-golf-1-4-plug-hybrid-dsg-gte/182628484,€ 24.500,Usato,Agosto 2021,24.000 km,Ibrido - Euro 6,Semiautomatico,,Ladispoli (RM)
Volkswagen Golf 2.0 TDI 150 CV DSG SCR Life,https://www.automobile.it/campobasso-volkswagen-golf-2-0-tdi-150-cv-dsg-scr-life/184006749,€ 24.500,Usato,Aprile 2023,57.000 km,Diesel - Euro 6,Semiautomatico,,Campobasso (CB)
Volkswagen Golf 2.0 TDI DSG SCR Style TETTO APRIBILE E GANCIO TRAINO,https://www.automobile.it/bologna-volkswagen-golf-2-0-tdi-dsg-scr-style-tetto-apribile-gancio-traino/184424385,€ 24.500,Usato,Ottobre 2022,100.000 km,Diesel - Euro 6,Automatico,Unico proprietario,Bologna (BO)
Volkswagen Golf VIII 2020 Benzina 1.4 GTE dsg,https://www.automobile.it/pesaro-volkswagen-golf-viii-2020-benzina-1-4-gte-dsg/182531851,€ 24.500,Usato,Luglio 2022,36.053 km,Ibrido - Euro 6,Automatico,,Pesaro (PU)
Volkswagen Golf VIII 2020 Benzina 1.4 GTE dsg,https://www.automobile.it/rimini-volkswagen-golf-viii-2020-benzina-1-4-gte-dsg/182533816,€ 24.500,Usato,Luglio 2022,36.053 km,Ibrido - Euro 6,Automatico,,Rimini (RN)
Volkswagen Golf 2.0 TDI 150 CV DSG SCR R-Line,https://www.automobile.it/sicignano-alburni-volkswagen-golf-2-0-tdi-150-cv-dsg-scr-r-line/183361286,€ 24.500,Usato,Aprile 2021,149.900 km,Diesel - Euro 6,Automatico,Unico proprietario,Sicignano degli Alburni (SA)
"Volkswagen Golf 1.5 TGI DSG Life, 37800KM!!",https://www.automobile.it/macerata-volkswagen-golf-1-5-tgi-dsg-life-37800km/184510305,€ 24.500,Usato,Dicembre 2022,37.857 km,Metano - Euro 6,Semiautomatico,,Macerata (MC)
VOLKSWAGEN GOLF 2.0 TDI DSG SCR LIFE,https://www.automobile.it/isola-liri-volkswagen-golf-2-0-tdi-dsg-scr-life/182152056,€ 24.500,Usato,Maggio 2023,61.500 km,Diesel - Euro 6,Automatico,Unico proprietario,Isola del Liri (FR)
Volkswagen Golf Style 1.5 TSI EVO ACT 130 CV 6-speed SOLI 24.770 KM,https://www.automobile.it/villongo-volkswagen-golf-style-1-5-tsi-evo-act-130-cv-6-speed-soli-24-770-km/184662777,€ 24.500,Usato,Maggio 2024,24.770 km,Benzina - Euro 6,Manuale,Unico proprietario,Villongo (BG)
"Volkswagen Golf 1.5 TSI 116 CV LIFE , HEAD-UP DISPLAY, WINTER PACK, FARI LED, CARPLAY",https://www.automobile.it/paderno-franciacorta-volkswagen-golf-1-5-tsi-116-cv-life-head-up-display-winter-pack-fari-led-carplay/184630102,€ 24.500,Usato,Dicembre 2025,14.600 km,Benzina,Manuale,Unico proprietario,Paderno Franciacorta (BS)
Volkswagen Golf 2.0 TDI SCR 85kW Style DSG,https://www.automobile.it/bologna-volkswagen-golf-2-0-tdi-scr-85kw-style-dsg/184561118,€ 24.600,Usato,Giugno 2023,46.469 km,Diesel - Euro 6,Automatico,,Bologna (BO)
Volkswagen Golf Variant 1.5 TSI ACT Edition Plus,https://www.automobile.it/palermo-volkswagen-golf-variant-1-5-tsi-act-edition-plus/184259097,€ 24.600,KM 0,Luglio 2026,Benzina - Euro 6,115 CV (85 KW),Manuale,,Palermo (PA)
VOLKSWAGEN Golf 2.0 TDI 115 CV SCR Life,https://www.automobile.it/vigevano-volkswagen-golf-2-0-tdi-115-cv-scr-life/184153091,€ 24.700,Usato,Febbraio 2025,22.049 km,Diesel - Euro 6,Manuale,,Vigevano (PV)
Volkswagen Golf 2.0 TDI 115 CV SCR Life,https://www.automobile.it/viterbo-volkswagen-golf-2-0-tdi-115-cv-scr-life/184448692,€ 24.736,Usato,Novembre 2022,66.580 km,Diesel - Euro 6,Manuale,,Viterbo (VT)
VOLKSWAGEN Golf 1.5 TSI 150 CV ACT Life,https://www.automobile.it/treviso-volkswagen-golf-1-5-tsi-150-cv-act-life/182039237,€ 24.800,Usato,Ottobre 2024,11.000 km,Benzina,Manuale,,Treviso (TV)
Volkswagen Golf 2.0 tdi style 115cv dsg,https://www.automobile.it/bari-volkswagen-golf-2-0-tdi-style-115cv-dsg/184366216,€ 24.800,Usato,Maggio 2023,53.062 km,Altro,Automatico,,Bari (BA)
VOLKSWAGEN Golf GTI 2.0 TSI DSG,https://www.automobile.it/erba-volkswagen-golf-gti-2-0-tsi-dsg/184202689,€ 24.870,Usato,Luglio 2022,87.200 km,Benzina - Euro 6,Automatico,,Erba (CO)
Volkswagen golf viii 1.5 eTSI 150cv DSG Style,https://www.automobile.it/robecco-naviglio-volkswagen-golf-viii-1-5-etsi-150cv-dsg-style/184633059,€ 24.890,Usato,Febbraio 2024,31.219 km,Ibrido,Automatico,,Robecco sul Naviglio (MI)
VOLKSWAGEN GOLF 8.5 2.0 TDI 116 CV LIFE FULL NEO PATENTATI IVA,https://www.automobile.it/pietraperzia-volkswagen-golf-8-5-2-0-tdi-116-cv-life-full-neo-patentati-iva/183827937,€ 24.900,Usato,Febbraio 2025,19.000 km,Diesel - Euro 6,Manuale,,Pietraperzia (EN)
"Volkswagen Golf Variant 1.5 eTSI ACT Life DSG Cockpit App Connect 16"" Winter Pack",https://www.automobile.it/rimini-volkswagen-golf-variant-1-5-etsi-act-life-dsg-cockpit-app-connect-16-winter-pack/184129783,€ 24.900,Usato,Febbraio 2025,27.900 km,Ibrido - Euro 6,Automatico,,Rimini (RN)
Volkswagen Golf GTI 2.0 TSI,https://www.automobile.it/genova-volkswagen-golf-gti-2-0-tsi/184379634,€ 24.900,Usato,Aprile 2021,99.000 km,Benzina - Euro 6,Automatico,,Genova (GE)
Volkswagen Golf VIII 2020 Diesel 2.0 tdi Style 115cv,https://www.automobile.it/rimini-volkswagen-golf-viii-2020-diesel-2-0-tdi-style-115cv/184388003,€ 24.900,Usato,Giugno 2023,42.983 km,Diesel - Euro 6,Manuale,,Rimini (RN)
Volkswagen Golf 1.5 TSI 150 CV EVO ACT R-Line,https://www.automobile.it/sinalunga-volkswagen-golf-1-5-tsi-150-cv-evo-act-r-line/184184744,€ 24.900,Usato,Marzo 2024,52.000 km,Benzina - Euro 6,Manuale,Unico proprietario,Sinalunga (SI)
Volkswagen Golf VIII 2020 Diesel 2.0 tdi Style 115cv,https://www.automobile.it/pesaro-volkswagen-golf-viii-2020-diesel-2-0-tdi-style-115cv/184388302,€ 24.900,Usato,Giugno 2023,42.983 km,Diesel - Euro 6,Manuale,,Pesaro (PU)
Volkswagen Golf GTI Golf 2.0 TSI GTI DSG PERFORMANCE,https://www.automobile.it/chivasso-volkswagen-golf-gti-golf-2-0-tsi-gti-dsg-performance/183919313,€ 24.900,Usato,Dicembre 2023,23.000 km,Benzina - Euro 6,Automatico,Unico proprietario,Chivasso (TO)
Volkswagen Golf GTI Golf 2.0 TSI GTI DSG PERFORMANCE,https://www.automobile.it/chivasso-volkswagen-golf-gti-golf-2-0-tsi-gti-dsg-performance/183919260,€ 24.900,Usato,Ottobre 2023,26.000 km,Benzina - Euro 6,Automatico,Unico proprietario,Chivasso (TO)
Volkswagen Golf GTI Golf 2.0 TSI GTI DSG PERFORMANCE,https://www.automobile.it/chivasso-volkswagen-golf-gti-golf-2-0-tsi-gti-dsg-performance/183919288,€ 24.900,Usato,Settembre 2023,23.000 km,Benzina - Euro 6,Automatico,Unico proprietario,Chivasso (TO)
Volkswagen Golf GTI Golf 2.0 TSI GTI DSG PERFORMANCE,https://www.automobile.it/chivasso-volkswagen-golf-gti-golf-2-0-tsi-gti-dsg-performance/183919253,€ 24.900,Usato,Dicembre 2023,23.000 km,Benzina - Euro 6,Automatico,Unico proprietario,Chivasso (TO)
Volkswagen Golf GTI Golf 2.0 TSI GTI DSG PERFORMANCE,https://www.automobile.it/chivasso-volkswagen-golf-gti-golf-2-0-tsi-gti-dsg-performance/184022280,€ 24.900,Usato,Novembre 2023,26.700 km,Benzina - Euro 6,Automatico,Unico proprietario,Chivasso (TO)
Volkswagen Golf GTI 2.0 TSI DSG TETTO,https://www.automobile.it/chivasso-volkswagen-golf-gti-2-0-tsi-dsg-tetto/184585012,€ 24.900,Usato,Marzo 2021,59.700 km,Benzina - Euro 6,Automatico,Unico proprietario,Chivasso (TO)
Volkswagen Golf GTI Golf 2.0 TSI GTI DSG PERFORMANCE,https://www.automobile.it/chivasso-volkswagen-golf-gti-golf-2-0-tsi-gti-dsg-performance/184607881,€ 24.900,Usato,Dicembre 2023,19.300 km,Benzina - Euro 6,Automatico,Unico proprietario,Chivasso (TO)
Volkswagen Golf 2.0 TDI 115 CV SCR Life,https://www.automobile.it/alvito-volkswagen-golf-2-0-tdi-115-cv-scr-life/184131253,€ 24.900,Usato,Febbraio 2025,31.000 km,Diesel - Euro 6,Manuale,,Alvito (FR)
VOLKSWAGEN Golf 8ª serie - Golf 2.0 TSI DSG GTI,https://www.automobile.it/ferrara-volkswagen-golf-8-serie-golf-2-0-tsi-dsg-gti/184444997,€ 24.900,Usato,Agosto 2022,90.000 km,Benzina - Euro 6,Semiautomatico,,Ferrara (FE)
Volkswagen Golf 2.0 GTD DSG,https://www.automobile.it/massafra-volkswagen-golf-2-0-gtd-dsg/183669885,€ 24.900,Usato,Febbraio 2021,103.000 km,Diesel - Euro 6,Automatico,,Massafra (TA)
Volkswagen Golf GTI PERFORMANCE 2.0 TSI DSG,https://www.automobile.it/torino-volkswagen-golf-gti-performance-2-0-tsi-dsg/184585630,€ 24.900,Usato,Giugno 2022,101.000 km,Benzina - Euro 6,Automatico,Unico proprietario,Torino (TO)
Volkswagen Golf 2.0 tdi Edition Plus 115cv,https://www.automobile.it/rovigo-volkswagen-golf-2-0-tdi-edition-plus-115cv/183317129,€ 24.900,Usato,Marzo 2025,24.500 km,Diesel,Manuale,Unico proprietario,Rovigo (RO)
Volkswagen Golf Variant 1.5 etsi 130CV DSG R-Line (MHEV),https://www.automobile.it/ravenna-volkswagen-golf-variant-1-5-etsi-130cv-dsg-r-line-mhev/183264157,€ 24.900,Usato,Marzo 2023,60.899 km,Ibrido - Euro 6,Automatico,,Ravenna (RA)
Volkswagen Golf 2.0 TSI 245CV GTI TOTAL BLACK TETTO 2022,https://www.automobile.it/milano-volkswagen-golf-2-0-tsi-245cv-gti-total-black-tetto-2022/182271866,€ 24.900,Usato,Febbraio 2022,70.167 km,Benzina - Euro 6,Automatico,,Milano (MI)
Volkswagen Golf 1.5 TSI 150 CV ACT Style,https://www.automobile.it/lavis-volkswagen-golf-1-5-tsi-150-cv-act-style/184642507,€ 24.900,Usato,Giugno 2025,16.500 km,Benzina - Euro 6,Manuale,,Lavis (TN)
VOLKSWAGEN Golf 1.5 TSI 150 CV EVO ACT R-Line,https://www.automobile.it/arco-volkswagen-golf-1-5-tsi-150-cv-evo-act-r-line/184570507,€ 24.900,Usato,Marzo 2024,36.707 km,Benzina,Manuale,Unico proprietario,Arco (TN)
Volkswagen Golf 2.0 TDI SCR Style DSG,https://www.automobile.it/pistoia-volkswagen-golf-2-0-tdi-scr-style-dsg/183997732,€ 24.950,Usato,Luglio 2023,43.576 km,Diesel - Euro 6,Automatico,,Pistoia (PT)
Volkswagen Golf 2.0 tdi life 115cv,https://www.automobile.it/bari-volkswagen-golf-2-0-tdi-life-115cv/184366280,€ 24.950,Usato,Marzo 2025,25.302 km,Altro,Manuale,,Bari (BA)
Volkswagen Golf 1.5 eTSI ACT 96kW Style DSG,https://www.automobile.it/bologna-volkswagen-golf-1-5-etsi-act-96kw-style-dsg/184648461,€ 24.950,Usato,Aprile 2024,33.868 km,Ibrido - Euro 6,Automatico,,Bologna (BO)
VOLKSWAGEN Golf NEW 8.5 2.0 TDI 150CV DSG Style Virtual Pro,https://www.automobile.it/mirabella-imbaccari-volkswagen-golf-new-8-5-2-0-tdi-150cv-dsg-style-virtual-pro/183794290,€ 24.990,Usato,Marzo 2025,63.711 km,Diesel - Euro 6,Semiautomatico,Unico proprietario,Mirabella Imbaccari (CT)
VOLKSWAGEN Golf 2.0 TDI 150 CV DSG SCR Editon Plus,https://www.automobile.it/alcamo-volkswagen-golf-2-0-tdi-150-cv-dsg-scr-editon-plus/184429841,€ 24.990,Usato,Novembre 2024,22.000 km,Diesel - Euro 6,Semiautomatico,,Alcamo (TP)
Volkswagen Golf 1.5 eTSI 130 CV DSG R-Line,https://www.automobile.it/cittadella-volkswagen-golf-1-5-etsi-130-cv-dsg-r-line/184525734,€ 24.990,Usato,Agosto 2022,67.500 km,Ibrido - Euro 6,Automatico,,Cittadella (PD)
Volkswagen Golf 200CV*Tetto*Head Up,https://www.automobile.it/guidonia-montecelio-volkswagen-golf-200cv-tetto-head-up/183933122,€ 24.990,Usato,Agosto 2021,148.000 km,Diesel - Euro 6,Automatico,,Guidonia Montecelio (RM)
VOLKSWAGEN Golf 2.0 TDI DSG GTD,https://www.automobile.it/torino-volkswagen-golf-2-0-tdi-dsg-gtd/184658886,€ 24.990,Usato,Luglio 2021,141.116 km,Diesel - Euro 6,Automatico,,Torino (TO)
VOLKSWAGEN Golf 1.5 TSI 115 CV ACT Life,https://www.automobile.it/catania-volkswagen-golf-1-5-tsi-115-cv-act-life/184615030,€ 24.999,Usato,Febbraio 2025,4.005 km,Benzina - Euro 6,Manuale,,Catania (CT)
VOLKSWAGEN Golf 1.5 TSI 115 CV ACT Life,https://www.automobile.it/casoria-volkswagen-golf-1-5-tsi-115-cv-act-life/184615620,€ 24.999,Usato,Febbraio 2025,4.005 km,Benzina - Euro 6,Manuale,,Casoria (NA)
VOLKSWAGEN Golf 1.5 TSI 115 CV ACT Life,https://www.automobile.it/venezia-volkswagen-golf-1-5-tsi-115-cv-act-life/184617419,€ 24.999,Usato,Febbraio 2025,4.005 km,Benzina - Euro 6,Manuale,,Venezia (VE)
VOLKSWAGEN Golf 1.5 TSI 115 CV ACT Life,https://www.automobile.it/firenze-volkswagen-golf-1-5-tsi-115-cv-act-life/184617189,€ 24.999,Usato,Febbraio 2025,4.005 km,Benzina - Euro 6,Manuale,,Firenze (FI)
VOLKSWAGEN Golf 1.5 TSI 115 CV ACT Life,https://www.automobile.it/milano-volkswagen-golf-1-5-tsi-115-cv-act-life/184604416,€ 24.999,Usato,Febbraio 2025,4.005 km,Benzina - Euro 6,Manuale,,Milano (MI)
VOLKSWAGEN Golf 1.5 TSI 115 CV ACT Life,https://www.automobile.it/collesalvetti-volkswagen-golf-1-5-tsi-115-cv-act-life/184611344,€ 24.999,Usato,Febbraio 2025,4.005 km,Benzina - Euro 6,Manuale,,Collesalvetti (LI)
VOLKSWAGEN Golf 1.5 TSI 115 CV ACT Life,https://www.automobile.it/cosenza-volkswagen-golf-1-5-tsi-115-cv-act-life/184611505,€ 24.999,Usato,Febbraio 2025,4.005 km,Benzina - Euro 6,Manuale,,Cosenza (CS)
VOLKSWAGEN Golf 1.5 TSI 115 CV ACT Life,https://www.automobile.it/beinasco-volkswagen-golf-1-5-tsi-115-cv-act-life/184615710,€ 24.999,Usato,Febbraio 2025,4.005 km,Benzina - Euro 6,Manuale,,Beinasco (TO)
VOLKSWAGEN Golf 1.5 TSI 115 CV ACT Life,https://www.automobile.it/roma-volkswagen-golf-1-5-tsi-115-cv-act-life/184616568,€ 24.999,Usato,Febbraio 2025,4.005 km,Benzina - Euro 6,Manuale,,Roma (RM)
VOLKSWAGEN Golf 1.5 TSI 115 CV ACT Life,https://www.automobile.it/palermo-volkswagen-golf-1-5-tsi-115-cv-act-life/184616764,€ 24.999,Usato,Febbraio 2025,4.005 km,Benzina - Euro 6,Manuale,,Palermo (PA)
VOLKSWAGEN Golf 1.5 TSI 115 CV ACT Life,https://www.automobile.it/bologna-volkswagen-golf-1-5-tsi-115-cv-act-life/184616787,€ 24.999,Usato,Febbraio 2025,4.005 km,Benzina - Euro 6,Manuale,,Bologna (BO)
VOLKSWAGEN Golf 1.5 TSI 115 CV ACT Life,https://www.automobile.it/cagliari-volkswagen-golf-1-5-tsi-115-cv-act-life/184616922,€ 24.999,Usato,Febbraio 2025,4.005 km,Benzina - Euro 6,Manuale,,Cagliari (CA)
VOLKSWAGEN Golf 1.5 TSI 115 CV ACT Life,https://www.automobile.it/sassari-volkswagen-golf-1-5-tsi-115-cv-act-life/184616125,€ 24.999,Usato,Febbraio 2025,4.005 km,Benzina - Euro 6,Manuale,,Sassari (SS)
"VOLKSWAGEN GOLF 2.0 TDI DSG SCR LIFE 150CV - FULL LED, VIRTUAL COCKPIT, CAR PLAY",https://www.automobile.it/brescello-volkswagen-golf-2-0-tdi-dsg-scr-life-150cv-full-led-virtual-cockpit-car-play/182312869,€ 24.999,Usato,Febbraio 2022,87.000 km,Diesel - Euro 6,Automatico,Unico proprietario,Brescello (RE)
Volkswagen Golf R Line 1.5 TSI #6470,https://www.automobile.it/pieve-nievole-volkswagen-golf-r-line-1-5-tsi-6470/181644284,€ 25.000,Usato,Aprile 2024,19.000 km,Benzina,Manuale,Unico proprietario,Pieve a Nievole (PT)
Volkswagen Golf 2.0 TDI DSG SCR Style,https://www.automobile.it/salerno-volkswagen-golf-2-0-tdi-dsg-scr-style/182670291,€ 25.000,Usato,Luglio 2022,27.000 km,Diesel - Euro 6,Semiautomatico,,Salerno (SA)
Volkswagen Golf 2.0 TDI 115 CV SCR Life,https://www.automobile.it/fasano-volkswagen-golf-2-0-tdi-115-cv-scr-life/183651191,€ 25.000,Usato,Febbraio 2023,69.000 km,Diesel - Euro 6,Manuale,Unico proprietario,Fasano (BR)
VOLKSWAGEN Golf 2.0 tdi life 115cv del 2025,https://www.automobile.it/roma-volkswagen-golf-2-0-tdi-life-115cv-2025/184538999,€ 25.200,Usato,Maggio 2025,17.598 km,Diesel - Euro 6,Manuale,,Roma (RM)
VOLKSWAGEN Golf VIII 2020 - Golf 1.5 etsi evo R-Line 130cv dsg,https://www.automobile.it/lucca-volkswagen-golf-viii-2020-golf-1-5-etsi-evo-r-line-130cv-dsg/184580275,€ 25.200,Usato,Giugno 2023,45.699 km,Ibrido - Euro 6,Automatico,Unico proprietario,Lucca (LU)
Volkswagen Golf 1.5 TSI 150 CV R-Line,https://www.automobile.it/reggio-emilia-volkswagen-golf-1-5-tsi-150-cv-r-line/184386210,€ 25.299,Usato,Marzo 2022,48.000 km,Benzina - Euro 6,Automatico,,Reggio Emilia (RE)
VOLKSWAGEN Golf 1.5 eTSI 130 CV EVO ACT DSG Style,https://www.automobile.it/beinasco-volkswagen-golf-1-5-etsi-130-cv-evo-act-dsg-style/184669151,€ 25.299,Usato,Aprile 2024,27.731 km,Ibrido - Euro 6,Automatico,,Beinasco (TO)
VOLKSWAGEN Golf 1.5 eTSI 130 CV EVO ACT DSG Style,https://www.automobile.it/casoria-volkswagen-golf-1-5-etsi-130-cv-evo-act-dsg-style/184668754,€ 25.299,Usato,Aprile 2024,27.731 km,Ibrido - Euro 6,Automatico,,Casoria (NA)
VOLKSWAGEN Golf 1.5 eTSI 130 CV EVO ACT DSG Style,https://www.automobile.it/catania-volkswagen-golf-1-5-etsi-130-cv-evo-act-dsg-style/184668775,€ 25.299,Usato,Aprile 2024,27.731 km,Ibrido - Euro 6,Automatico,,Catania (CT)
VOLKSWAGEN Golf 1.5 eTSI 130 CV EVO ACT DSG Style,https://www.automobile.it/verona-volkswagen-golf-1-5-etsi-130-cv-evo-act-dsg-style/184669277,€ 25.299,Usato,Aprile 2024,27.731 km,Ibrido - Euro 6,Automatico,,Verona (VR)
VOLKSWAGEN Golf 1.5 eTSI 130 CV EVO ACT DSG Style,https://www.automobile.it/cosenza-volkswagen-golf-1-5-etsi-130-cv-evo-act-dsg-style/184665763,€ 25.299,Usato,Aprile 2024,27.731 km,Ibrido - Euro 6,Automatico,,Cosenza (CS)
VOLKSWAGEN Golf 1.5 eTSI 130 CV EVO ACT DSG Style,https://www.automobile.it/firenze-volkswagen-golf-1-5-etsi-130-cv-evo-act-dsg-style/184669528,€ 25.299,Usato,Aprile 2024,27.731 km,Ibrido - Euro 6,Automatico,,Firenze (FI)
VOLKSWAGEN Golf 1.5 eTSI 130 CV EVO ACT DSG Style,https://www.automobile.it/sassari-volkswagen-golf-1-5-etsi-130-cv-evo-act-dsg-style/184670367,€ 25.299,Usato,Aprile 2024,27.731 km,Ibrido - Euro 6,Automatico,,Sassari (SS)
VOLKSWAGEN Golf 1.5 eTSI 130 CV EVO ACT DSG Style,https://www.automobile.it/cagliari-volkswagen-golf-1-5-etsi-130-cv-evo-act-dsg-style/184669880,€ 25.299,Usato,Aprile 2024,27.731 km,Ibrido - Euro 6,Automatico,,Cagliari (CA)
VOLKSWAGEN Golf 1.5 eTSI 130 CV EVO ACT DSG Style,https://www.automobile.it/bologna-volkswagen-golf-1-5-etsi-130-cv-evo-act-dsg-style/184669840,€ 25.299,Usato,Aprile 2024,27.731 km,Ibrido - Euro 6,Automatico,,Bologna (BO)
VOLKSWAGEN Golf 1.5 eTSI 130 CV EVO ACT DSG Style,https://www.automobile.it/roma-volkswagen-golf-1-5-etsi-130-cv-evo-act-dsg-style/184670831,€ 25.299,Usato,Aprile 2024,27.731 km,Ibrido - Euro 6,Automatico,,Roma (RM)
VOLKSWAGEN Golf 1.5 eTSI 130 CV EVO ACT DSG Style,https://www.automobile.it/venezia-volkswagen-golf-1-5-etsi-130-cv-evo-act-dsg-style/184670949,€ 25.299,Usato,Aprile 2024,27.731 km,Ibrido - Euro 6,Automatico,,Venezia (VE)
VOLKSWAGEN Golf 1.5 eTSI 130 CV EVO ACT DSG Style,https://www.automobile.it/roma-volkswagen-golf-1-5-etsi-130-cv-evo-act-dsg-style/184670831,€ 25.299,Usato,Aprile 2024,27.731 km,Ibrido - Euro 6,Automatico,,Roma (RM)
Volkswagen Golf 2.0 TDI SCR LIFE 115CV,https://www.automobile.it/lecce-volkswagen-golf-2-0-tdi-scr-life-115cv/184092631,€ 25.300,Usato,Aprile 2025,19.665 km,Diesel - Euro 6,Manuale,,Lecce (LE)
Volkswagen Golf 1.5 TSI 150 CV ACT Edition Plus R Line,https://www.automobile.it/roma-volkswagen-golf-1-5-tsi-150-cv-act-edition-plus-r-line/184518275,€ 25.400,Usato,Maggio 2025,56.129 km,Benzina - Euro 6,Automatico,Unico proprietario,Roma (RM)
VOLKSWAGEN Golf 8ª serie Golf 2.0 TDI 150 CV DSG SCR Style,https://www.automobile.it/verona-volkswagen-golf-8-serie-golf-2-0-tdi-150-cv-dsg-scr-style/184598417,€ 25.400,Usato,Febbraio 2025,22.584 km,Diesel - Euro 6,Automatico,,Verona (VR)
VOLKSWAGEN Golf 8ª serie Golf 2.0 TDI 150 CV DSG SCR Style,https://www.automobile.it/milano-volkswagen-golf-8-serie-golf-2-0-tdi-150-cv-dsg-scr-style/184595401,€ 25.400,Usato,Febbraio 2025,22.584 km,Diesel - Euro 6,Automatico,,Milano (MI)
VOLKSWAGEN Golf 8ª serie Golf 2.0 TDI 150 CV DSG SCR Style,https://www.automobile.it/milano-volkswagen-golf-8-serie-golf-2-0-tdi-150-cv-dsg-scr-style/184594692,€ 25.400,Usato,Febbraio 2025,26.902 km,Diesel - Euro 6,Automatico,,Milano (MI)
VOLKSWAGEN Golf 8ª serie Golf 2.0 TDI 150 CV DSG SCR Style,https://www.automobile.it/verona-volkswagen-golf-8-serie-golf-2-0-tdi-150-cv-dsg-scr-style/184598926,€ 25.400,Usato,Febbraio 2025,26.902 km,Diesel - Euro 6,Automatico,,Verona (VR)
VOLKSWAGEN Golf 8ª serie Golf 2.0 TDI 150 CV DSG SCR Style,https://www.automobile.it/roma-volkswagen-golf-8-serie-golf-2-0-tdi-150-cv-dsg-scr-style/184595686,€ 25.400,Usato,Febbraio 2025,26.902 km,Diesel - Euro 6,Automatico,,Roma (RM)
VOLKSWAGEN Golf 8ª serie Golf 2.0 TDI 150 CV DSG SCR Style,https://www.automobile.it/roma-volkswagen-golf-8-serie-golf-2-0-tdi-150-cv-dsg-scr-style/184596343,€ 25.400,Usato,Marzo 2025,20.349 km,Diesel - Euro 6,Automatico,,Roma (RM)
VOLKSWAGEN Golf 8ª serie Golf 2.0 TDI 150 CV DSG SCR Style,https://www.automobile.it/verona-volkswagen-golf-8-serie-golf-2-0-tdi-150-cv-dsg-scr-style/184598789,€ 25.400,Usato,Marzo 2025,20.349 km,Diesel - Euro 6,Automatico,,Verona (VR)
VOLKSWAGEN Golf 8ª serie Golf 2.0 TDI 150 CV DSG SCR Style,https://www.automobile.it/milano-volkswagen-golf-8-serie-golf-2-0-tdi-150-cv-dsg-scr-style/184595414,€ 25.400,Usato,Marzo 2025,20.349 km,Diesel - Euro 6,Automatico,,Milano (MI)
VOLKSWAGEN Golf 8ª serie Golf 2.0 TDI 150 CV DSG SCR Style,https://www.automobile.it/roma-volkswagen-golf-8-serie-golf-2-0-tdi-150-cv-dsg-scr-style/184595352,€ 25.400,Usato,Febbraio 2025,22.584 km,Diesel - Euro 6,Automatico,,Roma (RM)
VOLKSWAGEN Golf 8ª serie Golf 2.0 TDI 150 CV DSG SCR Style,https://www.automobile.it/casalmoro-volkswagen-golf-8-serie-golf-2-0-tdi-150-cv-dsg-scr-style/184655274,€ 25.400,Usato,Febbraio 2025,22.584 km,Diesel - Euro 6,Automatico,,Casalmoro (MN)
VOLKSWAGEN Golf 8ª serie Golf 2.0 TDI 150 CV DSG SCR Style,https://www.automobile.it/casalmoro-volkswagen-golf-8-serie-golf-2-0-tdi-150-cv-dsg-scr-style/184655427,€ 25.400,Usato,Febbraio 2025,26.902 km,Diesel - Euro 6,Automatico,,Casalmoro (MN)
Volkswagen Golf 2.0 TDI SCR Edition Plus,https://www.automobile.it/bologna-volkswagen-golf-2-0-tdi-scr-edition-plus/183678882,€ 25.450,Usato,Febbraio 2025,14.850 km,Diesel - Euro 6,Manuale,,Bologna (BO)
Volkswagen Golf 2.0 TDI SCR Style / PERFETTO,https://www.automobile.it/roma-volkswagen-golf-2-0-tdi-scr-style-perfetto/184441521,€ 25.490,Usato,Settembre 2022,19.000 km,Diesel - Euro 6,Automatico,Unico proprietario,Roma (RM)
Volkswagen Golf VIII 2.0 tdi Style 150cv dsg,https://www.automobile.it/altamura-volkswagen-golf-viii-2-0-tdi-style-150cv-dsg/184254176,€ 25.500,Usato,Aprile 2025,17.700 km,Diesel - Euro 6,Automatico,,Altamura (BA)
Volkswagen Golf VIII 2.0 tdi Style 150cv dsg,https://www.automobile.it/altamura-volkswagen-golf-viii-2-0-tdi-style-150cv-dsg/184278431,€ 25.500,Usato,Aprile 2025,31.500 km,Diesel - Euro 6,Automatico,,Altamura (BA)
Volkswagen Golf 2.0 TDI 115 CV Life,https://www.automobile.it/silvi-volkswagen-golf-2-0-tdi-115-cv-life/184348820,€ 25.500,Usato,Febbraio 2025,20.821 km,Diesel - Euro 6,Manuale,Unico proprietario,Silvi (TE)
Volkswagen Golf 1.0 TSI EVO Life dsg 110cv,https://www.automobile.it/modugno-volkswagen-golf-1-0-tsi-evo-life-dsg-110cv/184536027,€ 25.500,Usato,Aprile 2025,17.700 km,Diesel - Euro 6,Automatico,,Modugno (BA)
Volkswagen Golf 2.0 TDI 115 CV Life,https://www.automobile.it/silvi-volkswagen-golf-2-0-tdi-115-cv-life/184348820,€ 25.500,Usato,Febbraio 2025,20.821 km,Diesel - Euro 6,Manuale,Unico proprietario,Silvi (TE)
Volkswagen Golf 2.0 TDI GTD 200CV DSG,https://www.automobile.it/milano-volkswagen-golf-2-0-tdi-gtd-200cv-dsg/183903869,€ 25.500,Usato,Novembre 2021,97.347 km,Diesel - Euro 6,Automatico,,Milano (MI)
Volkswagen Golf 1.4 TSI GTE 245CV DSG Style,https://www.automobile.it/roma-volkswagen-golf-1-4-tsi-gte-245cv-dsg-style/184571512,€ 25.700,Usato,Luglio 2022,82.562 km,Ibrido - Euro 6,Automatico,Unico proprietario,Roma (RM)
Volkswagen Golf 2.0 TDI 150 CV DSG SCR Style,https://www.automobile.it/gozzano-volkswagen-golf-2-0-tdi-150-cv-dsg-scr-style/182866038,€ 25.800,Usato,Marzo 2025,26.000 km,Diesel - Euro 6,Automatico,,Gozzano (NO)
VOLKSWAGEN GOLF 8 LIFE 2.0 TDI 115cv Euro 6E,https://www.automobile.it/mandatoriccio-volkswagen-golf-8-life-2-0-tdi-115cv-euro-6e/184294741,€ 25.850,Aziendale,Marzo 2025,21.089 km,Diesel - Euro 6,Manuale,,Mandatoriccio (CS)
VOLKSWAGEN Golf 8ª serie Golf 1.5 eTSI 150 CV EVO ACT DSG R-Line,https://www.automobile.it/verona-volkswagen-golf-8-serie-golf-1-5-etsi-150-cv-evo-act-dsg-r-line/184598649,€ 25.890,Usato,Marzo 2022,40.402 km,Ibrido - Euro 6,Automatico,,Verona (VR)
VOLKSWAGEN Golf 8ª serie Golf 1.5 eTSI 150 CV EVO ACT DSG R-Line,https://www.automobile.it/roma-volkswagen-golf-8-serie-golf-1-5-etsi-150-cv-evo-act-dsg-r-line/184597093,€ 25.890,Usato,Marzo 2022,40.402 km,Ibrido - Euro 6,Automatico,,Roma (RM)
VOLKSWAGEN Golf 8ª serie Golf 1.5 eTSI 150 CV EVO ACT DSG R-Line,https://www.automobile.it/milano-volkswagen-golf-8-serie-golf-1-5-etsi-150-cv-evo-act-dsg-r-line/184597783,€ 25.890,Usato,Marzo 2022,40.402 km,Ibrido - Euro 6,Automatico,,Milano (MI)
VOLKSWAGEN Golf 8ª serie Golf 1.5 eTSI 150 CV EVO ACT DSG R-Line,https://www.automobile.it/casalmoro-volkswagen-golf-8-serie-golf-1-5-etsi-150-cv-evo-act-dsg-r-line/184655069,€ 25.890,Usato,Marzo 2022,40.402 km,Ibrido - Euro 6,Automatico,,Casalmoro (MN)
Volkswagen Golf GTI FULL LED APPLE CAR PLAY GUIDA DI 2°LIVELLO SENS PARK DOPPI SEDILI RISCALDATI IN ARRIVO OPZIONABILE,https://www.automobile.it/biandronno-volkswagen-golf-gti-full-led-apple-car-play-guida-2-livello-sens-park-doppi-sedili-riscaldati-arrivo-opzionabile/181303657,€ 25.900,Usato,Febbraio 2021,54.500 km,Benzina - Euro 6,Automatico,,Biandronno (VA)
VOLKSWAGEN Golf 1.0 eTSI EVO DSG Life,https://www.automobile.it/arese-volkswagen-golf-1-0-etsi-evo-dsg-life/182027817,€ 25.900,Usato,Luglio 2024,6.300 km,Ibrido - Euro 6,Automatico,Unico proprietario,Arese (MI)
Volkswagen Golf 2.0 TDI 150 CV DSG SCR Style,https://www.automobile.it/pietraperzia-volkswagen-golf-2-0-tdi-150-cv-dsg-scr-style/184163565,€ 25.900,Usato,Maggio 2025,12.000 km,Diesel - Euro 6,Semiautomatico,,Pietraperzia (EN)
Volkswagen Golf 1.5 TSI eHybrid DSG Style,https://www.automobile.it/licata-volkswagen-golf-1-5-tsi-ehybrid-dsg-style/184217657,€ 25.900,Usato,Settembre 2025,18.000 km,Ibrido - Euro 6,Semiautomatico,,Licata (AG)
Volkswagen Golf 2.0 TDI 150cv DSG Style PARI NUOVO,https://www.automobile.it/bernezzo-volkswagen-golf-2-0-tdi-150cv-dsg-style-pari-nuovo/184238545,€ 25.900,Usato,Febbraio 2025,24.700 km,Diesel - Euro 6,Automatico,,Bernezzo (CN)
VOLKSWAGEN Golf 2.0 TDI 150CV DSG SCR Life,https://www.automobile.it/cagliari-volkswagen-golf-2-0-tdi-150cv-dsg-scr-life/184250095,€ 25.900,Usato,Febbraio 2021,67.000 km,Diesel,Automatico,2 Proprietari,Cagliari (CA)
Volkswagen Golf Golf 2.0 tdi Life 115cv,https://www.automobile.it/palermo-volkswagen-golf-golf-2-0-tdi-life-115cv/184239671,€ 25.900,Usato,Febbraio 2025,29.158 km,Diesel - Euro 6,Manuale,,Palermo (PA)
Volkswagen Golf GTI 2.0 TSI DSG PERFORMANCE,https://www.automobile.it/rivoli-volkswagen-golf-gti-2-0-tsi-dsg-performance/184286142,€ 25.900,Usato,Dicembre 2023,29.000 km,Benzina - Euro 6,Automatico,Unico proprietario,Rivoli (TO)
"VOLKSWAGEN Golf 1.5 eTSI ACT DSG Style 17""ERGOACTIVE C/GRIMALDI SP",https://www.automobile.it/vigevano-volkswagen-golf-1-5-etsi-act-dsg-style-17-ergoactive-grimaldi-sp/184399216,€ 25.900,Usato,Maggio 2024,31.103 km,Ibrido - Euro 6,Automatico,,Vigevano (PV)
VOLKSWAGEN Golf Golf 1.0 eTSI EVO DSG Life,https://www.automobile.it/casalmoro-volkswagen-golf-golf-1-0-etsi-evo-dsg-life/182112046,€ 25.900,Usato,Maggio 2024,16.027 km,Ibrido - Euro 6,Automatico,,Casalmoro (MN)
VOLKSWAGEN Golf Golf 1.0 eTSI EVO DSG Life,https://www.automobile.it/milano-volkswagen-golf-golf-1-0-etsi-evo-dsg-life/182115892,€ 25.900,Usato,Maggio 2024,16.027 km,Ibrido - Euro 6,Automatico,,Milano (MI)
Volkswagen Golf VIII 2.0 tdi GTD,https://www.automobile.it/ussassai-volkswagen-golf-viii-2-0-tdi-gtd/184561436,€ 25.900,Usato,Febbraio 2022,147.000 km,Diesel - Euro 6,Automatico,2 Proprietari,Ussassai (OG)
VOLKSWAGEN Golf 8ª serie Golf 2.0 TDI 150 CV D...,https://www.automobile.it/viadana-volkswagen-golf-8-serie-golf-2-0-tdi-150-cv-d/183359697,€ 25.900,Usato,2023,100.000 km,Diesel - Euro 6,Automatico,,Viadana (MN)
Volkswagen Golf 1.5 eTSI 115 CV DSG Life,https://www.automobile.it/varese-volkswagen-golf-1-5-etsi-115-cv-dsg-life/184614861,€ 25.900,Usato,Ottobre 2025,17.500 km,Ibrido - Euro 6,Automatico,Unico proprietario,Varese (VA)
VOLKSWAGEN Golf 8ª serie Golf 2.0 TDI GTD DSG,https://www.automobile.it/roma-volkswagen-golf-8-serie-golf-2-0-tdi-gtd-dsg/184595254,€ 25.900,Usato,Dicembre 2021,53.861 km,Diesel - Euro 6,Automatico,,Roma (RM)
VOLKSWAGEN Golf 8ª serie Golf 2.0 TDI GTD DSG,https://www.automobile.it/verona-volkswagen-golf-8-serie-golf-2-0-tdi-gtd-dsg/184598605,€ 25.900,Usato,Dicembre 2021,53.861 km,Diesel - Euro 6,Automatico,,Verona (VR)
VOLKSWAGEN Golf 8ª serie Golf 2.0 TDI GTD DSG,https://www.automobile.it/milano-volkswagen-golf-8-serie-golf-2-0-tdi-gtd-dsg/184596803,€ 25.900,Usato,Dicembre 2021,53.861 km,Diesel - Euro 6,Automatico,,Milano (MI)
Volkswagen Golf 2.0 TDI 115 CV SCR Life,https://www.automobile.it/appignano-volkswagen-golf-2-0-tdi-115-cv-scr-life/184638462,€ 25.900,Usato,Maggio 2025,9.161 km,Diesel,Manuale,Unico proprietario,Appignano (MC)
VOLKSWAGEN Golf 2.0 TDI DSG GTD,https://www.automobile.it/venezia-volkswagen-golf-2-0-tdi-dsg-gtd/184669433,€ 25.900,Usato,Febbraio 2021,79.500 km,Diesel - Euro 6,Semiautomatico,,Venezia (VE)
Volkswagen Golf 2.0 TDI 150 CV DSG SCR Tetto,https://www.automobile.it/erchie-volkswagen-golf-2-0-tdi-150-cv-dsg-scr-tetto/182106566,€ 25.990,Usato,Novembre 2022,85.000 km,Diesel - Euro 6,Automatico,,Erchie (BR)
Volkswagen Golf 2.0 tdi Life 115cv,https://www.automobile.it/cuneo-volkswagen-golf-2-0-tdi-life-115cv/183878334,€ 25.990,Usato,Febbraio 2025,21.187 km,Diesel - Euro 6,Manuale,,Cuneo (CN)
VOLKSWAGEN Golf NEW 8.5 2.0 TDI 150CV DSG Life Goal Navi Virtual,https://www.automobile.it/mirabella-imbaccari-volkswagen-golf-new-8-5-2-0-tdi-150cv-dsg-life-goal-navi-virtual/184209764,€ 25.990,Usato,Agosto 2025,21.924 km,Diesel - Euro 6,Semiautomatico,Unico proprietario,Mirabella Imbaccari (CT)
VOLKSWAGEN Golf 2.0 TDI DSG GTD,https://www.automobile.it/torino-volkswagen-golf-2-0-tdi-dsg-gtd/184277602,€ 25.990,Usato,Febbraio 2021,107.746 km,Diesel - Euro 6,Automatico,,Torino (TO)
Volkswagen Golf GTI 2.0 TSI DSG TETTO FARI MATRIX,https://www.automobile.it/roma-volkswagen-golf-gti-2-0-tsi-dsg-tetto-fari-matrix/184508834,€ 25.990,Usato,Dicembre 2022,113.000 km,Benzina - Euro 6,Automatico,Unico proprietario,Roma (RM)
VOLKSWAGEN Golf 2.0 TSI DSG GTI,https://www.automobile.it/vazzola-volkswagen-golf-2-0-tsi-dsg-gti/184530067,€ 25.990,Usato,Agosto 2021,101.000 km,Benzina - Euro 6,Automatico,,Vazzola (TV)
Volkswagen Golf 2.0 tsi GTI 245cv - Unipro - Promo finanziamento - Matrix - Head Up - Retrocamera,https://www.automobile.it/roma-volkswagen-golf-2-0-tsi-gti-245cv-unipro-promo-finanziamento-matrix-head-up-retrocamera/184639508,€ 25.990,Usato,Settembre 2021,25.000 km,Benzina,Automatico,Unico proprietario,Roma (RM)
Volkswagen Golf 2.0 TDI 150 CV DSG SCR Style,https://www.automobile.it/montebello-ionico-volkswagen-golf-2-0-tdi-150-cv-dsg-scr-style/181701255,€ 25.999,Aziendale,Aprile 2021,50.144 km,Diesel - Euro 6,Automatico,Unico proprietario,Montebello Ionico (RC)
VOLKSWAGEN - Golf 2.0 tdi Life 115cv (Esposizione Piano Lago),https://www.automobile.it/cassano-ionio-volkswagen-golf-2-0-tdi-life-115cv-esposizione-piano-lago/183088731,€ 25.999,Usato,Febbraio 2025,22.201 km,Diesel - Euro 6,Manuale,,Cassano Allo Ionio (CS)
VOLKSWAGEN Golf 1.5 eTSI 150 CV EVO ACT DSG R-Line,https://www.automobile.it/milano-volkswagen-golf-1-5-etsi-150-cv-evo-act-dsg-r-line/184659478,€ 25.999,Usato,Ottobre 2023,48.874 km,Ibrido - Euro 6,Automatico,,Milano (MI)
VOLKSWAGEN Golf 1.5 eTSI 150 CV EVO ACT DSG R-Line,https://www.automobile.it/bari-volkswagen-golf-1-5-etsi-150-cv-evo-act-dsg-r-line/184659342,€ 25.999,Usato,Ottobre 2023,48.874 km,Ibrido - Euro 6,Automatico,,Bari (BA)
VOLKSWAGEN Golf 1.5 eTSI 150 CV EVO ACT DSG R-Line,https://www.automobile.it/collesalvetti-volkswagen-golf-1-5-etsi-150-cv-evo-act-dsg-r-line/184658403,€ 25.999,Usato,Ottobre 2023,48.874 km,Ibrido - Euro 6,Automatico,,Collesalvetti (LI)
VOLKSWAGEN Golf 1.5 eTSI 150 CV EVO ACT DSG R-Line,https://www.automobile.it/bologna-volkswagen-golf-1-5-etsi-150-cv-evo-act-dsg-r-line/184669767,€ 25.999,Usato,Ottobre 2023,48.874 km,Ibrido - Euro 6,Automatico,,Bologna (BO)
VOLKSWAGEN Golf 1.5 eTSI 150 CV EVO ACT DSG R-Line,https://www.automobile.it/cagliari-volkswagen-golf-1-5-etsi-150-cv-evo-act-dsg-r-line/184670242,€ 25.999,Usato,Ottobre 2023,48.874 km,Ibrido - Euro 6,Automatico,,Cagliari (CA)
VOLKSWAGEN Golf 1.5 eTSI 150 CV EVO ACT DSG R-Line,https://www.automobile.it/catania-volkswagen-golf-1-5-etsi-150-cv-evo-act-dsg-r-line/184668680,€ 25.999,Usato,Ottobre 2023,48.874 km,Ibrido - Euro 6,Automatico,,Catania (CT)
VOLKSWAGEN Golf 1.5 eTSI 150 CV EVO ACT DSG R-Line,https://www.automobile.it/casoria-volkswagen-golf-1-5-etsi-150-cv-evo-act-dsg-r-line/184669000,€ 25.999,Usato,Ottobre 2023,48.874 km,Ibrido - Euro 6,Automatico,,Casoria (NA)
VOLKSWAGEN Golf 1.5 eTSI 150 CV EVO ACT DSG R-Line,https://www.automobile.it/beinasco-volkswagen-golf-1-5-etsi-150-cv-evo-act-dsg-r-line/184668910,€ 25.999,Usato,Ottobre 2023,48.874 km,Ibrido - Euro 6,Automatico,,Beinasco (TO)
VOLKSWAGEN Golf 1.5 eTSI 150 CV EVO ACT DSG R-Line,https://www.automobile.it/firenze-volkswagen-golf-1-5-etsi-150-cv-evo-act-dsg-r-line/184669513,€ 25.999,Usato,Ottobre 2023,48.874 km,Ibrido - Euro 6,Automatico,,Firenze (FI)
VOLKSWAGEN Golf 1.5 eTSI 150 CV EVO ACT DSG R-Line,https://www.automobile.it/sassari-volkswagen-golf-1-5-etsi-150-cv-evo-act-dsg-r-line/184670352,€ 25.999,Usato,Ottobre 2023,48.874 km,Ibrido - Euro 6,Automatico,,Sassari (SS)
VOLKSWAGEN Golf 1.5 eTSI 150 CV EVO ACT DSG R-Line,https://www.automobile.it/palermo-volkswagen-golf-1-5-etsi-150-cv-evo-act-dsg-r-line/184670474,€ 25.999,Usato,Ottobre 2023,48.874 km,Ibrido - Euro 6,Automatico,,Palermo (PA)
VOLKSWAGEN Golf 1.5 eTSI 150 CV EVO ACT DSG R-Line,https://www.automobile.it/roma-volkswagen-golf-1-5-etsi-150-cv-evo-act-dsg-r-line/184670844,€ 25.999,Usato,Ottobre 2023,48.874 km,Ibrido - Euro 6,Automatico,,Roma (RM)
VOLKSWAGEN Golf 1.5 eTSI 150 CV EVO ACT DSG R-Line,https://www.automobile.it/venezia-volkswagen-golf-1-5-etsi-150-cv-evo-act-dsg-r-line/184671122,€ 25.999,Usato,Ottobre 2023,48.874 km,Ibrido - Euro 6,Automatico,,Venezia (VE)
Volkswagen Golf 2.0 TDI DSG SCR Style TETTO APRIBILE E SEDILI ELETTRICI,https://www.automobile.it/bologna-volkswagen-golf-2-0-tdi-dsg-scr-style-tetto-apribile-sedili-elettrici/184473382,€ 26.000,Usato,Giugno 2023,89.000 km,Diesel - Euro 6,Automatico,Unico proprietario,Bologna (BO)
VOLKSWAGEN Golf 1.5 eTSI 150 CV EVO ACT DSG R-Line,https://www.automobile.it/bassano-grappa-volkswagen-golf-1-5-etsi-150-cv-evo-act-dsg-r-line/184498102,€ 26.000,Usato,Marzo 2024,18.543 km,Ibrido - Euro 6,Automatico,,Bassano del Grappa (VI)
VOLKSWAGEN Golf GTI ITALIANA GARANZIA,https://www.automobile.it/caraffa-bianco-volkswagen-golf-gti-italiana-garanzia/184659084,€ 26.000,Usato,Febbraio 2021,90.000 km,Benzina - Euro 6,Semiautomatico,,Caraffa del Bianco (RC)
Volkswagen Golf 1.5 eTSI 150 CV ACT DSG R-Line,https://www.automobile.it/forli-volkswagen-golf-1-5-etsi-150-cv-act-dsg-r-line/184605993,€ 26.100,Usato,Maggio 2024,32.200 km,Ibrido - Euro 6,Semiautomatico,,Forlì (FC)
VOLKSWAGEN Golf 1.5 eTSI 150 CV EVO ACT DSG R-Line,https://www.automobile.it/cosenza-volkswagen-golf-1-5-etsi-150-cv-evo-act-dsg-r-line/184488768,€ 26.299,Usato,Maggio 2023,21.820 km,Ibrido - Euro 6,Automatico,,Cosenza (CS)
VOLKSWAGEN Golf 1.5 eTSI 150 CV EVO ACT DSG R-Line,https://www.automobile.it/cagliari-volkswagen-golf-1-5-etsi-150-cv-evo-act-dsg-r-line/184482603,€ 26.299,Usato,Maggio 2023,21.820 km,Ibrido - Euro 6,Automatico,,Cagliari (CA)
VOLKSWAGEN Golf 1.5 eTSI 150 CV EVO ACT DSG R-Line,https://www.automobile.it/roma-volkswagen-golf-1-5-etsi-150-cv-evo-act-dsg-r-line/184483181,€ 26.299,Usato,Maggio 2023,21.820 km,Ibrido - Euro 6,Automatico,,Roma (RM)
VOLKSWAGEN Golf 1.5 eTSI 150 CV EVO ACT DSG R-Line,https://www.automobile.it/palermo-volkswagen-golf-1-5-etsi-150-cv-evo-act-dsg-r-line/184482973,€ 26.299,Usato,Maggio 2023,21.820 km,Ibrido - Euro 6,Automatico,,Palermo (PA)
VOLKSWAGEN Golf 1.5 eTSI 150 CV EVO ACT DSG R-Line,https://www.automobile.it/beinasco-volkswagen-golf-1-5-etsi-150-cv-evo-act-dsg-r-line/184482313,€ 26.299,Usato,Maggio 2023,21.820 km,Ibrido - Euro 6,Automatico,,Beinasco (TO)
VOLKSWAGEN Golf 1.5 eTSI 150 CV EVO ACT DSG R-Line,https://www.automobile.it/catania-volkswagen-golf-1-5-etsi-150-cv-evo-act-dsg-r-line/184481972,€ 26.299,Usato,Maggio 2023,21.820 km,Ibrido - Euro 6,Automatico,,Catania (CT)
VOLKSWAGEN Golf 1.5 eTSI 150 CV EVO ACT DSG R-Line,https://www.automobile.it/cagliari-volkswagen-golf-1-5-etsi-150-cv-evo-act-dsg-r-line/184482603,€ 26.299,Usato,Maggio 2023,21.820 km,Ibrido - Euro 6,Automatico,,Cagliari (CA)
VOLKSWAGEN Golf 1.5 eTSI 150 CV EVO ACT DSG R-Line,https://www.automobile.it/bologna-volkswagen-golf-1-5-etsi-150-cv-evo-act-dsg-r-line/184482706,€ 26.299,Usato,Maggio 2023,21.820 km,Ibrido - Euro 6,Automatico,,Bologna (BO)
VOLKSWAGEN Golf 1.5 eTSI 150 CV EVO ACT DSG R-Line,https://www.automobile.it/palermo-volkswagen-golf-1-5-etsi-150-cv-evo-act-dsg-r-line/184482973,€ 26.299,Usato,Maggio 2023,21.820 km,Ibrido - Euro 6,Automatico,,Palermo (PA)
VOLKSWAGEN Golf 1.5 eTSI 150 CV EVO ACT DSG R-Line,https://www.automobile.it/roma-volkswagen-golf-1-5-etsi-150-cv-evo-act-dsg-r-line/184483181,€ 26.299,Usato,Maggio 2023,21.820 km,Ibrido - Euro 6,Automatico,,Roma (RM)
VOLKSWAGEN Golf 1.5 eTSI 150 CV EVO ACT DSG R-Line,https://www.automobile.it/cosenza-volkswagen-golf-1-5-etsi-150-cv-evo-act-dsg-r-line/184488768,€ 26.299,Usato,Maggio 2023,21.820 km,Ibrido - Euro 6,Automatico,,Cosenza (CS)
VOLKSWAGEN Golf 1.5 eTSI 150 CV EVO ACT DSG R-Line,https://www.automobile.it/venezia-volkswagen-golf-1-5-etsi-150-cv-evo-act-dsg-r-line/184483593,€ 26.299,Usato,Maggio 2023,21.820 km,Ibrido - Euro 6,Automatico,,Venezia (VE)
Volkswagen Golf 2.0 TDI SCR Life,https://www.automobile.it/potenza-volkswagen-golf-2-0-tdi-scr-life/182865144,€ 26.400,Usato,Maggio 2025,11.337 km,Diesel,Manuale,,Potenza (PZ)
VOLKSWAGEN Golf 8ª serie - Golf Variant 2.0 TDI 150 CV DSG SCR Style,https://www.automobile.it/legnano-volkswagen-golf-8-serie-golf-variant-2-0-tdi-150-cv-dsg-scr-style/183877873,€ 26.400,Usato,Ottobre 2024,33.864 km,Diesel - Euro 6,Automatico,,Legnano (MI)
Volkswagen Golf 2.0 TDI 150CV Style DSG,https://www.automobile.it/meda-volkswagen-golf-2-0-tdi-150cv-style-dsg/183983791,€ 26.434,Usato,Aprile 2025,22.820 km,Diesel,Automatico,,Meda (MB)
Volkswagen Golf 2.0 TDI 150CV Style DSG,https://www.automobile.it/roma-volkswagen-golf-2-0-tdi-150cv-style-dsg/184422286,€ 26.434,Usato,Aprile 2025,22.820 km,Diesel,Automatico,,Roma (RM)
Volkswagen Golf 2.0 TDI 150CV Style DSG,https://www.automobile.it/curno-volkswagen-golf-2-0-tdi-150cv-style-dsg/184422893,€ 26.434,Usato,Aprile 2025,22.820 km,Diesel,Automatico,,Curno (BG)
Volkswagen Golf 2.0 TDI 150CV Style DSG,https://www.automobile.it/sala-bolognese-volkswagen-golf-2-0-tdi-150cv-style-dsg/184422288,€ 26.434,Usato,Aprile 2025,22.820 km,Diesel,Automatico,,Sala Bolognese (BO)
Volkswagen Golf 2.0 TDI 150CV Style DSG,https://www.automobile.it/milano-volkswagen-golf-2-0-tdi-150cv-style-dsg/184422782,€ 26.434,Usato,Aprile 2025,22.820 km,Diesel,Automatico,,Milano (MI)
Volkswagen Golf 2.0 TDI 150CV Style DSG,https://www.automobile.it/san-giorgio-bosco-volkswagen-golf-2-0-tdi-150cv-style-dsg/183983827,€ 26.434,Usato,Aprile 2025,22.820 km,Diesel,Automatico,,San Giorgio in Bosco (PD)
Volkswagen Golf 2.0 TDI 150CV Style DSG,https://www.automobile.it/barzago-volkswagen-golf-2-0-tdi-150cv-style-dsg/184422654,€ 26.434,Usato,Aprile 2025,22.820 km,Diesel,Automatico,,Barzago (LC)
Volkswagen Golf GTI DSG,https://www.automobile.it/lurate-caccivio-volkswagen-golf-gti-dsg/184607139,€ 26.450,Usato,Febbraio 2021,87.000 km,Benzina - Euro 6,Automatico,,Lurate Caccivio (CO)
VOLKSWAGEN Golf VIII 2020 2.0 Tdi Style 115 CV,https://www.automobile.it/brescia-volkswagen-golf-viii-2020-2-0-tdi-style-115-cv/184464681,€ 26.490,Usato,Agosto 2021,20.500 km,Diesel - Euro 6,Manuale,,Brescia (BS)
Volkswagen Golf 2.0 TDI 150 CV DSG SCR R-Line,https://www.automobile.it/mugnano-napoli-volkswagen-golf-2-0-tdi-150-cv-dsg-scr-r-line/184544637,€ 26.499,Usato,Ottobre 2022,90.123 km,Diesel - Euro 6,Semiautomatico,Unico proprietario,Mugnano di Napoli (NA)
Volkswagen Golf 2.0 TDI 150 CV DSG SCR Life GOAL,https://www.automobile.it/roma-volkswagen-golf-2-0-tdi-150-cv-dsg-scr-life-goal/184521065,€ 26.499,Usato,Settembre 2025,24.760 km,Diesel - Euro 6,Automatico,Unico proprietario,Roma (RM)
"Volkswagen Golf GTI 2.0 TSI OPF, cambio manuale a 6 marce, fari LED, climatizzatore automatico, ra",https://www.automobile.it/saccolongo-volkswagen-golf-gti-2-0-tsi-opf-cambio-manuale-6-marce-fari-led-climatizzatore-automatico-ra/184192189,€ 26.500,Aziendale,Ottobre 2023,33.007 km,Benzina - Euro 6,Manuale,,Saccolongo (PD)
Volkswagen Golf 2.0 TDI SCR Life,https://www.automobile.it/bologna-volkswagen-golf-2-0-tdi-scr-life/184206153,€ 26.500,Usato,Maggio 2025,19.605 km,Diesel - Euro 6,Manuale,,Bologna (BO)
Volkswagen Golf 2.0 TDI SCR Life,https://www.automobile.it/bologna-volkswagen-golf-2-0-tdi-scr-life/184200476,€ 26.500,Usato,Maggio 2025,19.605 km,Diesel - Euro 6,Manuale,,Bologna (BO)
Volkswagen Golf 2.0 tdi Style 150cv dsg,https://www.automobile.it/monza-volkswagen-golf-2-0-tdi-style-150cv-dsg/184245594,€ 26.500,Usato,Marzo 2025,19.215 km,Diesel,Automatico,,Monza (MB)
Volkswagen Golf 1.4 TSI eHYBRID 204 CV DSG Style,https://www.automobile.it/gualdo-volkswagen-golf-1-4-tsi-ehybrid-204-cv-dsg-style/184536706,€ 26.500,Usato,Febbraio 2022,24.100 km,Ibrido,Automatico,Unico proprietario,Gualdo (MC)
Volkswagen Golf 2.0 TDI 115 CV SCR Life,https://www.automobile.it/rimini-volkswagen-golf-2-0-tdi-115-cv-scr-life/184560841,€ 26.500,Usato,Febbraio 2025,13.300 km,Diesel - Euro 6,Manuale,,Rimini (RN)
Volkswagen Golf 1.5 eTSI EVO ACT 96kW R-Line DSG,https://www.automobile.it/massa-volkswagen-golf-1-5-etsi-evo-act-96kw-r-line-dsg/184131227,€ 26.500,Usato,Febbraio 2024,35.100 km,Ibrido - Euro 6,Automatico,,Massa (MS)
VOLKSWAGEN Golf 150CV - DSG - C. LEGA 18 - KM 29.000 - NO OBBLIGO,https://www.automobile.it/castagnole-lanze-volkswagen-golf-150cv-dsg-lega-18-km-29-000-obbligo/184590898,€ 26.500,Usato,Marzo 2023,29.000 km,Diesel - Euro 6,Semiautomatico,Unico proprietario,Castagnole delle Lanze (AT)
Volkswagen Golf 1.5 eTSI 115 CV DSG Edition Plus - Nessun vincolo -,https://www.automobile.it/cologno-monzese-volkswagen-golf-1-5-etsi-115-cv-dsg-edition-plus-nessun-vincolo/184494261,€ 26.500,Usato,Settembre 2025,5.750 km,Ibrido - Euro 6,Semiautomatico,,Cologno Monzese (MI)
Volkswagen Golf 2.0 TDI 150CV DSG Style,https://www.automobile.it/ravenna-volkswagen-golf-2-0-tdi-150cv-dsg-style/183252648,€ 26.500,Usato,Marzo 2025,22.048 km,Diesel - Euro 6,Automatico,,Ravenna (RA)
Volkswagen Golf 2.0 TDI 150CV DSG Style - IVA ESPOSTA,https://www.automobile.it/ravenna-volkswagen-golf-2-0-tdi-150cv-dsg-style-iva-esposta/184028793,€ 26.500,Usato,Febbraio 2025,25.095 km,Diesel - Euro 6,Automatico,,Ravenna (RA)
Volkswagen Golf 2.0 Tdi 150CV DSG Style - IVA ESPOSTA,https://www.automobile.it/ravenna-volkswagen-golf-2-0-tdi-150cv-dsg-style-iva-esposta/184148236,€ 26.500,Usato,Maggio 2025,26.248 km,Diesel - Euro 6,Automatico,,Ravenna (RA)
"Volkswagen Golf 2.0 TDI DSG GTD, TETTO, FULL FULL",https://www.automobile.it/santeramo-colle-volkswagen-golf-2-0-tdi-dsg-gtd-tetto-full-full/184653508,€ 26.500,Usato,Dicembre 2022,125.000 km,Diesel - Euro 6,Automatico,Unico proprietario,Santeramo in Colle (BA)
VOLKSWAGEN GOLF 2.0 TDI 115 CV MANUALE 2025,https://www.automobile.it/mezzocorona-volkswagen-golf-2-0-tdi-115-cv-manuale-2025/184655562,€ 26.500,Usato,Febbraio 2025,29.000 km,Diesel - Euro 6,Manuale,,Mezzocorona (TN)
Volkswagen Golf GTI 2.0 TSI DSG 245cv,https://www.automobile.it/sedriano-volkswagen-golf-gti-2-0-tsi-dsg-245cv/184661535,€ 26.500,Usato,Aprile 2021,62.890 km,Benzina - Euro 6,Automatico,Unico proprietario,Sedriano (MI)
Volkswagen Golf 2.0 TDI GTD DSG,https://www.automobile.it/tertenia-volkswagen-golf-2-0-tdi-gtd-dsg/184671404,€ 26.500,Usato,Novembre 2021,126.000 km,Diesel - Euro 6,Semiautomatico,,Tertenia (OG)
Volkswagen Golf 2.0 tdi scr 150cv style dsg,https://www.automobile.it/orzinuovi-volkswagen-golf-2-0-tdi-scr-150cv-style-dsg/184372977,€ 26.600,Usato,Febbraio 2025,26.550 km,Altro,Automatico,,Orzinuovi (BS)
Volkswagen Golf 2.0 tdi scr 150cv style dsg,https://www.automobile.it/orzinuovi-volkswagen-golf-2-0-tdi-scr-150cv-style-dsg/184398248,€ 26.600,Usato,Marzo 2025,25.051 km,Altro,Automatico,,Orzinuovi (BS)
Volkswagen Golf 2.0 tdi scr 150cv style dsg,https://www.automobile.it/orzinuovi-volkswagen-golf-2-0-tdi-scr-150cv-style-dsg/184436292,€ 26.600,Usato,Marzo 2025,28.160 km,Altro,Automatico,,Orzinuovi (BS)
Volkswagen Golf 2.0 TDI SCR 110KW Style DSG,https://www.automobile.it/bologna-volkswagen-golf-2-0-tdi-scr-110kw-style-dsg/184021990,€ 26.650,Usato,Maggio 2025,30.238 km,Diesel - Euro 6,Automatico,,Bologna (BO)
Volkswagen Golf 2.0 TDI 150CV Style DSG,https://www.automobile.it/roma-volkswagen-golf-2-0-tdi-150cv-style-dsg/184422314,€ 26.676,Usato,Aprile 2025,14.333 km,Diesel,Automatico,,Roma (RM)
Volkswagen Golf 2.0 TDI 150CV Style DSG,https://www.automobile.it/roma-volkswagen-golf-2-0-tdi-150cv-style-dsg/184422314,€ 26.676,Usato,Aprile 2025,14.333 km,Diesel,Automatico,,Roma (RM)
Volkswagen Golf 2.0 TDI 150CV Style DSG,https://www.automobile.it/sala-bolognese-volkswagen-golf-2-0-tdi-150cv-style-dsg/184422240,€ 26.676,Usato,Aprile 2025,14.333 km,Diesel,Automatico,,Sala Bolognese (BO)
Volkswagen Golf 2.0 TDI 150CV Style DSG,https://www.automobile.it/milano-volkswagen-golf-2-0-tdi-150cv-style-dsg/184422458,€ 26.676,Usato,Aprile 2025,14.333 km,Diesel,Automatico,,Milano (MI)
Volkswagen Golf 2.0 TDI 150CV Style DSG,https://www.automobile.it/curno-volkswagen-golf-2-0-tdi-150cv-style-dsg/184422517,€ 26.676,Usato,Aprile 2025,14.333 km,Diesel,Automatico,,Curno (BG)
Volkswagen Golf 2.0 TDI 150CV Style DSG,https://www.automobile.it/barzago-volkswagen-golf-2-0-tdi-150cv-style-dsg/184422652,€ 26.676,Usato,Aprile 2025,14.333 km,Diesel,Automatico,,Barzago (LC)
Volkswagen Golf 2.0 TDI 150CV Style DSG,https://www.automobile.it/san-giorgio-bosco-volkswagen-golf-2-0-tdi-150cv-style-dsg/184186455,€ 26.676,Usato,Aprile 2025,14.333 km,Diesel,Automatico,,San Giorgio in Bosco (PD)
Volkswagen Golf 1.5 eTSI EVO ACT R-Line DSG,https://www.automobile.it/parma-volkswagen-golf-1-5-etsi-evo-act-r-line-dsg/183607564,€ 26.700,Usato,Marzo 2022,48.691 km,Ibrido - Euro 6,Automatico,,Parma (PR)
VOLKSWAGEN Golf 1.5 eTSI 150 CV DSG R-Line,https://www.automobile.it/caorso-volkswagen-golf-1-5-etsi-150-cv-dsg-r-line/184337181,€ 26.790,Usato,Marzo 2024,52.000 km,Ibrido - Euro 6,Automatico,Unico proprietario,Caorso (PC)
VOLKSWAGEN Golf 1.5 eTSI 150 CV EVO ACT DSG R-Line,https://www.automobile.it/milano-volkswagen-golf-1-5-etsi-150-cv-evo-act-dsg-r-line/184500452,€ 26.799,Usato,Giugno 2023,37.033 km,Ibrido - Euro 6,Automatico,,Milano (MI)
VOLKSWAGEN Golf 1.5 eTSI 150 CV EVO ACT DSG R-Line,https://www.automobile.it/casoria-volkswagen-golf-1-5-etsi-150-cv-evo-act-dsg-r-line/184499061,€ 26.799,Usato,Giugno 2023,37.033 km,Ibrido - Euro 6,Automatico,,Casoria (NA)
VOLKSWAGEN Golf 1.5 eTSI 150 CV EVO ACT DSG R-Line,https://www.automobile.it/bari-volkswagen-golf-1-5-etsi-150-cv-evo-act-dsg-r-line/184500635,€ 26.799,Usato,Giugno 2023,37.033 km,Ibrido - Euro 6,Automatico,,Bari (BA)
VOLKSWAGEN Golf 1.5 eTSI 150 CV EVO ACT DSG R-Line,https://www.automobile.it/beinasco-volkswagen-golf-1-5-etsi-150-cv-evo-act-dsg-r-line/184498862,€ 26.799,Usato,Giugno 2023,37.033 km,Ibrido - Euro 6,Automatico,,Beinasco (TO)
VOLKSWAGEN Golf 1.5 eTSI 150 CV EVO ACT DSG R-Line,https://www.automobile.it/venezia-volkswagen-golf-1-5-etsi-150-cv-evo-act-dsg-r-line/184500895,€ 26.799,Usato,Giugno 2023,37.033 km,Ibrido - Euro 6,Automatico,,Venezia (VE)
VOLKSWAGEN Golf 1.5 eTSI 150 CV EVO ACT DSG R-Line,https://www.automobile.it/sassari-volkswagen-golf-1-5-etsi-150-cv-evo-act-dsg-r-line/184500082,€ 26.799,Usato,Giugno 2023,37.033 km,Ibrido - Euro 6,Automatico,,Sassari (SS)
VOLKSWAGEN Golf 1.5 eTSI 150 CV EVO ACT DSG R-Line,https://www.automobile.it/cagliari-volkswagen-golf-1-5-etsi-150-cv-evo-act-dsg-r-line/184499847,€ 26.799,Usato,Giugno 2023,37.033 km,Ibrido - Euro 6,Automatico,,Cagliari (CA)
VOLKSWAGEN Golf 1.5 eTSI 150 CV EVO ACT DSG R-Line,https://www.automobile.it/bologna-volkswagen-golf-1-5-etsi-150-cv-evo-act-dsg-r-line/184499558,€ 26.799,Usato,Giugno 2023,37.033 km,Ibrido - Euro 6,Automatico,,Bologna (BO)
VOLKSWAGEN Golf 1.5 eTSI 150 CV EVO ACT DSG R-Line,https://www.automobile.it/palermo-volkswagen-golf-1-5-etsi-150-cv-evo-act-dsg-r-line/184500236,€ 26.799,Usato,Giugno 2023,37.033 km,Ibrido - Euro 6,Automatico,,Palermo (PA)
VOLKSWAGEN Golf 1.5 eTSI 150 CV EVO ACT DSG R-Line,https://www.automobile.it/cosenza-volkswagen-golf-1-5-etsi-150-cv-evo-act-dsg-r-line/184488774,€ 26.799,Usato,Giugno 2023,37.033 km,Ibrido - Euro 6,Automatico,,Cosenza (CS)
Volkswagen Golf 2.0 TDI 115 CV SCR Life,https://www.automobile.it/cingoli-volkswagen-golf-2-0-tdi-115-cv-scr-life/183145735,€ 26.800,Aziendale,Febbraio 2025,20.300 km,Diesel - Euro 6,Manuale,,Cingoli (MC)
Volkswagen Golf 2.0 TDI 115 CV SCR Life,https://www.automobile.it/fossano-volkswagen-golf-2-0-tdi-115-cv-scr-life/183845517,€ 26.800,Usato,Febbraio 2025,21.700 km,Diesel,Manuale,,Fossano (CN)
Volkswagen Golf 2.0 tdi edition plus 150cv dsg,https://www.automobile.it/bari-volkswagen-golf-2-0-tdi-edition-plus-150cv-dsg/184455627,€ 26.800,Usato,Settembre 2024,34.651 km,Altro,Automatico,,Bari (BA)
Volkswagen Golf Golf Variant 2.0 TDI SCR Life,https://www.automobile.it/bologna-volkswagen-golf-golf-variant-2-0-tdi-scr-life/182586739,€ 26.800,KM 0,Dicembre 2025,Diesel - Euro 6,115 CV (85 KW),Manuale,,Bologna (BO)
VOLKSWAGEN Golf 8.5 2.0TDI DSG STYLE *SENZA VINCOLO FINANZIAMENTO,https://www.automobile.it/rovato-volkswagen-golf-8-5-2-0tdi-dsg-style-vincolo-finanziamento/184350978,€ 26.800,Usato,Marzo 2025,19.800 km,Diesel - Euro 6,Automatico,,Rovato (BS)
Volkswagen Golf 2.0 TDI SCR 110KW Style DSG,https://www.automobile.it/bologna-volkswagen-golf-2-0-tdi-scr-110kw-style-dsg/183253836,€ 26.850,Usato,Febbraio 2025,28.833 km,Diesel - Euro 6,Automatico,,Bologna (BO)
Volkswagen Golf 1.4 Plug-In Hybrid DSG GTE,https://www.automobile.it/latina-volkswagen-golf-1-4-plug-hybrid-dsg-gte/183847052,€ 26.890,Usato,Luglio 2021,57.000 km,Ibrido - Euro 6,Semiautomatico,Unico proprietario,Latina (LT)
VOLKSWAGEN Golf 1.5 eTSI 150 CV EVO ACT DSG R-Line,https://www.automobile.it/milano-volkswagen-golf-1-5-etsi-150-cv-evo-act-dsg-r-line/184483664,€ 26.899,Usato,Maggio 2023,21.820 km,Ibrido - Euro 6,Automatico,,Milano (MI)
VOLKSWAGEN Golf 1.5 eTSI 150 CV EVO ACT DSG R-Line,https://www.automobile.it/bari-volkswagen-golf-1-5-etsi-150-cv-evo-act-dsg-r-line/184483394,€ 26.899,Usato,Maggio 2023,21.820 km,Ibrido - Euro 6,Automatico,,Bari (BA)
Volkswagen Golf 1.5 eTSI 130 CV EVO ACT DSG Style,https://www.automobile.it/aquila-volkswagen-golf-1-5-etsi-130-cv-evo-act-dsg-style/182277193,€ 26.900,Usato,Dicembre 2023,23.500 km,Ibrido - Euro 6,Semiautomatico,,L'Aquila (AQ)
Volkswagen Golf 2.0 TDI 115 CV SCR Edition Plus,https://www.automobile.it/manduria-volkswagen-golf-2-0-tdi-115-cv-scr-edition-plus/182340110,€ 26.900,Usato,Febbraio 2025,8.800 km,Diesel - Euro 6,Manuale,,Manduria (TA)
Volkswagen Golf 2.0 tsi GTI 245cv*FORMULA S*,https://www.automobile.it/collegno-volkswagen-golf-2-0-tsi-gti-245cv-formula-s/184185899,€ 26.900,Usato,Giugno 2024,58.000 km,Benzina,Automatico,Unico proprietario,Collegno (TO)
Volkswagen Golf GTI 2.0 TSI DSG,https://www.automobile.it/valmontone-volkswagen-golf-gti-2-0-tsi-dsg/183687298,€ 26.900,Usato,Febbraio 2022,70.000 km,Benzina - Euro 6,Automatico,,Valmontone (RM)
"VOLKSWAGEN Golf 1.5 eTSI ACT DSG Style 17"" ERGOACTIVE MHEV",https://www.automobile.it/vigevano-volkswagen-golf-1-5-etsi-act-dsg-style-17-ergoactive-mhev/184399234,€ 26.900,Usato,Maggio 2024,31.103 km,Ibrido - Euro 6,Automatico,,Vigevano (PV)
VOLKSWAGEN 8 GTD 200cv UNICOPROPRIETARIO 2022,https://www.automobile.it/sora-volkswagen-8-gtd-200cv-unicoproprietario-2022/183492830,€ 26.900,Usato,Aprile 2022,98.000 km,Diesel - Euro 6,Automatico,Unico proprietario,Sora (FR)
Volkswagen Golf 2.0 TDI DSG GTD,https://www.automobile.it/sinopoli-volkswagen-golf-2-0-tdi-dsg-gtd/184495576,€ 26.900,Usato,Febbraio 2022,122.000 km,Diesel - Euro 6,Semiautomatico,,Sinopoli (RC)
Volkswagen Golf GTI Golf 2.0 TSI GTI DSG PERFORMANCE,https://www.automobile.it/chivasso-volkswagen-golf-gti-golf-2-0-tsi-gti-dsg-performance/183919252,€ 26.900,Usato,Dicembre 2023,23.500 km,Benzina - Euro 6,Automatico,Unico proprietario,Chivasso (TO)
Volkswagen Golf 2.0 TDI SCR 110KW Edition Plus DSG,https://www.automobile.it/bologna-volkswagen-golf-2-0-tdi-scr-110kw-edition-plus-dsg/183253830,€ 26.900,Usato,Gennaio 2025,23.280 km,Diesel - Euro 6,Automatico,,Bologna (BO)
Volkswagen Golf 2.0 TDI SCR 110KW Style DSG,https://www.automobile.it/bologna-volkswagen-golf-2-0-tdi-scr-110kw-style-dsg/183120282,€ 26.900,Usato,Marzo 2025,23.398 km,Diesel - Euro 6,Automatico,,Bologna (BO)
Volkswagen Golf 2.0 Tdi 150CV DSG Style - IVA ESPOSTA,https://www.automobile.it/ravenna-volkswagen-golf-2-0-tdi-150cv-dsg-style-iva-esposta/182998200,€ 26.900,Usato,Febbraio 2025,23.075 km,Diesel - Euro 6,Automatico,,Ravenna (RA)
VOLKSWAGEN Golf 8ª serie Golf 1.5 eTSI 130 CV EVO ACT DSG Style,https://www.automobile.it/milano-volkswagen-golf-8-serie-golf-1-5-etsi-130-cv-evo-act-dsg-style/184597354,€ 26.900,Usato,Marzo 2024,13.053 km,Ibrido - Euro 6,Automatico,,Milano (MI)
VOLKSWAGEN Golf 8ª serie Golf 1.5 eTSI 130 CV EVO ACT DSG Style,https://www.automobile.it/verona-volkswagen-golf-8-serie-golf-1-5-etsi-130-cv-evo-act-dsg-style/184598997,€ 26.900,Usato,Marzo 2024,13.053 km,Ibrido - Euro 6,Automatico,,Verona (VR)
VOLKSWAGEN Golf 8ª serie Golf 1.5 eTSI 130 CV EVO ACT DSG Style,https://www.automobile.it/roma-volkswagen-golf-8-serie-golf-1-5-etsi-130-cv-evo-act-dsg-style/184596211,€ 26.900,Usato,Marzo 2024,13.053 km,Ibrido - Euro 6,Automatico,,Roma (RM)
Volkswagen Golf 1.5 tsi Edition Plus 150cv,https://www.automobile.it/pistoia-volkswagen-golf-1-5-tsi-edition-plus-150cv/184657191,€ 26.900,Usato,Novembre 2025,3.748 km,Benzina - Euro 6,Manuale,Unico proprietario,Pistoia (PT)
Volkswagen Golf 2.0 tdi scr 150cv edition plus dsg,https://www.automobile.it/orzinuovi-volkswagen-golf-2-0-tdi-scr-150cv-edition-plus-dsg/184414382,€ 26.900,Usato,Novembre 2024,19.608 km,Altro,Automatico,,Orzinuovi (BS)
VOLKSWAGEN Golf GTD GARANZIA UFFICIALE VW,https://www.automobile.it/caraffa-bianco-volkswagen-golf-gtd-garanzia-ufficiale-vw/184659080,€ 26.900,Usato,Novembre 2021,110.000 km,Diesel - Euro 6,Automatico,,Caraffa del Bianco (RC)
Volkswagen Golf Golf 2.0 TDI 150 CV DSG SCR Editon Plus,https://www.automobile.it/bologna-volkswagen-golf-golf-2-0-tdi-150-cv-dsg-scr-editon-plus/182919130,€ 26.950,Usato,Gennaio 2025,20.642 km,Diesel - Euro 6,Automatico,,Bologna (BO)
Volkswagen Golf Golf 2.0 TDI 150 CV DSG SCR Style,https://www.automobile.it/bologna-volkswagen-golf-golf-2-0-tdi-150-cv-dsg-scr-style/182742068,€ 26.950,Usato,Febbraio 2025,24.261 km,Diesel - Euro 6,Automatico,,Bologna (BO)
Volkswagen Golf 2.0 TDI 150 CV DSG *goal*,https://www.automobile.it/rimini-volkswagen-golf-2-0-tdi-150-cv-dsg-goal/183954901,€ 26.990,Usato,Settembre 2025,24.000 km,Diesel - Euro 6,Automatico,,Rimini (RN)
Volkswagen Golf 1.4 Plug-In Hybrid DSG GTE,https://www.automobile.it/milano-volkswagen-golf-1-4-plug-hybrid-dsg-gte/184370220,€ 26.990,Usato,Ottobre 2022,46.000 km,Ibrido - Euro 6,Automatico,Unico proprietario,Milano (MI)
Volkswagen Golf GTI 2.0 TSI DSG 245cv,https://www.automobile.it/cavour-volkswagen-golf-gti-2-0-tsi-dsg-245cv/184566566,€ 26.990,Usato,Gennaio 2021,79.000 km,Benzina - Euro 6,Semiautomatico,,Cavour (TO)
Volkswagen Golf GTI 2.0 TSI,https://www.automobile.it/orbassano-volkswagen-golf-gti-2-0-tsi/184395478,€ 26.990,Usato,Settembre 2021,90.000 km,Benzina - Euro 6,Automatico,2 Proprietari,Orbassano (TO)
VOLKSWAGEN Golf 2.0 TDI DSG GTD,https://www.automobile.it/torino-volkswagen-golf-2-0-tdi-dsg-gtd/184588716,€ 26.990,Usato,Ottobre 2023,93.700 km,Diesel - Euro 6,Semiautomatico,,Torino (TO)
Volkswagen Golf 2.0cc TSI 245cv TCR DSG 5p. BMT GTI,https://www.automobile.it/napoli-volkswagen-golf-2-0cc-tsi-245cv-tcr-dsg-5p-bmt-gti/184634261,€ 26.990,Usato,Febbraio 2021,75.163 km,Benzina - Euro 6,Automatico,,Napoli (NA)
Volkswagen Golf 2.0 TDI 150 CV DSG SCR Editon Plus,https://www.automobile.it/parete-volkswagen-golf-2-0-tdi-150-cv-dsg-scr-editon-plus/184510212,€ 26.999,Usato,Ottobre 2024,13.000 km,Diesel - Euro 6,Semiautomatico,,Parete (CE)
VOLKSWAGEN Golf 2.0 TSI GTI DSG,https://www.automobile.it/roma-volkswagen-golf-2-0-tsi-gti-dsg/184072836,€ 27.000,Usato,Giugno 2021,34.000 km,Benzina - Euro 6,Automatico,,Roma (RM)
Volkswagen Golf 2.0 tdi scr 150cv style dsg,https://www.automobile.it/orzinuovi-volkswagen-golf-2-0-tdi-scr-150cv-style-dsg/184661641,€ 27.000,Usato,Marzo 2025,21.950 km,Altro,Automatico,,Orzinuovi (BS)
VOLKSWAGEN Golf 2.0 TSI DSG GTI,https://www.automobile.it/collesalvetti-volkswagen-golf-2-0-tsi-dsg-gti/183023104,€ 27.099,Usato,Marzo 2021,71.256 km,Benzina - Euro 6,Automatico,,Collesalvetti (LI)
Volkswagen Golf Variant 2.0 TDI 150CV Style DSG,https://www.automobile.it/milano-volkswagen-golf-variant-2-0-tdi-150cv-style-dsg/184157995,€ 27.134,KM 0,Gennaio 2024,Diesel,149 CV (110 KW),Automatico,,Milano (MI)
Volkswagen Golf Variant 2.0 TDI 150CV Style DSG,https://www.automobile.it/meda-volkswagen-golf-variant-2-0-tdi-150cv-style-dsg/184639904,€ 27.134,KM 0,Gennaio 2024,Diesel,149 CV (110 KW),Automatico,,Meda (MB)
Volkswagen Golf Variant 2.0 TDI 150CV Style DSG,https://www.automobile.it/sala-bolognese-volkswagen-golf-variant-2-0-tdi-150cv-style-dsg/184157951,€ 27.134,KM 0,Gennaio 2024,Diesel,149 CV (110 KW),Automatico,,Sala Bolognese (BO)
Volkswagen Golf Variant 2.0 TDI 150CV Style DSG,https://www.automobile.it/curno-volkswagen-golf-variant-2-0-tdi-150cv-style-dsg/184157968,€ 27.134,KM 0,Gennaio 2024,Diesel,149 CV (110 KW),Automatico,,Curno (BG)
Volkswagen Golf Variant 2.0 TDI 150CV Style DSG,https://www.automobile.it/meda-volkswagen-golf-variant-2-0-tdi-150cv-style-dsg/184639904,€ 27.134,KM 0,Gennaio 2024,Diesel,149 CV (110 KW),Automatico,,Meda (MB)
Volkswagen Golf Variant 2.0 TDI 150CV Style DSG,https://www.automobile.it/san-giorgio-bosco-volkswagen-golf-variant-2-0-tdi-150cv-style-dsg/184158066,€ 27.134,KM 0,Gennaio 2024,Diesel,149 CV (110 KW),Automatico,,San Giorgio in Bosco (PD)
Volkswagen Golf Variant 2.0 TDI 150CV Style DSG,https://www.automobile.it/barzago-volkswagen-golf-variant-2-0-tdi-150cv-style-dsg/184158030,€ 27.134,KM 0,Gennaio 2024,Diesel,149 CV (110 KW),Automatico,,Barzago (LC)
VOLKSWAGEN Golf VIII 2024 - Golf 2.0 tdi Style 150cv dsg,https://www.automobile.it/lucca-volkswagen-golf-viii-2024-golf-2-0-tdi-style-150cv-dsg/184579812,€ 27.200,Usato,Aprile 2025,34.920 km,Diesel - Euro 6,Automatico,Unico proprietario,Lucca (LU)
Volkswagen Golf 2.0 TDI SCR 110KW Style DSG,https://www.automobile.it/bologna-volkswagen-golf-2-0-tdi-scr-110kw-style-dsg/184021992,€ 27.200,Usato,Aprile 2025,21.900 km,Diesel - Euro 6,Automatico,,Bologna (BO)
VOLKSWAGEN Golf 2.0 TDI 150 CV DSG SCR Style,https://www.automobile.it/san-lazzaro-savena-volkswagen-golf-2-0-tdi-150-cv-dsg-scr-style/184117369,€ 27.300,Usato,Maggio 2025,30.256 km,Diesel - Euro 6,Semiautomatico,,San Lazzaro di Savena (BO)
Volkswagen Golf 2.0 TDI DSG GTD,https://www.automobile.it/zane-volkswagen-golf-2-0-tdi-dsg-gtd/184575032,€ 27.300,Usato,Giugno 2021,80.000 km,Diesel - Euro 6,Semiautomatico,2 Proprietari,Zanè (VI)
Volkswagen Golf Golf 2.0 TDI 150 CV DSG SCR Style,https://www.automobile.it/massa-volkswagen-golf-golf-2-0-tdi-150-cv-dsg-scr-style/183345776,€ 27.300,Usato,Marzo 2025,22.300 km,Diesel - Euro 6,Semiautomatico,,Massa (MS)
VOLKSWAGEN Golf 1.5 eTSI 150 CV ACT DSG R-Line,https://www.automobile.it/cosenza-volkswagen-golf-1-5-etsi-150-cv-act-dsg-r-line/184406547,€ 27.399,Usato,Settembre 2024,24.383 km,Ibrido - Euro 6,Automatico,,Cosenza (CS)
VOLKSWAGEN Golf 1.5 eTSI 150 CV ACT DSG R-Line,https://www.automobile.it/milano-volkswagen-golf-1-5-etsi-150-cv-act-dsg-r-line/184413761,€ 27.399,Usato,Settembre 2024,24.383 km,Ibrido - Euro 6,Automatico,,Milano (MI)
VOLKSWAGEN Golf 1.5 eTSI 150 CV ACT DSG R-Line,https://www.automobile.it/collesalvetti-volkswagen-golf-1-5-etsi-150-cv-act-dsg-r-line/184412754,€ 27.399,Usato,Settembre 2024,24.383 km,Ibrido - Euro 6,Automatico,,Collesalvetti (LI)
VOLKSWAGEN Golf 1.5 eTSI 150 CV ACT DSG R-Line,https://www.automobile.it/casoria-volkswagen-golf-1-5-etsi-150-cv-act-dsg-r-line/184408675,€ 27.399,Usato,Settembre 2024,24.383 km,Ibrido - Euro 6,Automatico,,Casoria (NA)
VOLKSWAGEN Golf 1.5 eTSI 150 CV ACT DSG R-Line,https://www.automobile.it/roma-volkswagen-golf-1-5-etsi-150-cv-act-dsg-r-line/184409038,€ 27.399,Usato,Settembre 2024,24.383 km,Ibrido - Euro 6,Automatico,,Roma (RM)
VOLKSWAGEN Golf 1.5 eTSI 150 CV ACT DSG R-Line,https://www.automobile.it/sassari-volkswagen-golf-1-5-etsi-150-cv-act-dsg-r-line/184414102,€ 27.399,Usato,Settembre 2024,24.383 km,Ibrido - Euro 6,Automatico,,Sassari (SS)
VOLKSWAGEN Golf 1.5 eTSI 150 CV ACT DSG R-Line,https://www.automobile.it/cagliari-volkswagen-golf-1-5-etsi-150-cv-act-dsg-r-line/184413891,€ 27.399,Usato,Settembre 2024,24.383 km,Ibrido - Euro 6,Automatico,,Cagliari (CA)
VOLKSWAGEN Golf 1.5 eTSI 150 CV ACT DSG R-Line,https://www.automobile.it/verona-volkswagen-golf-1-5-etsi-150-cv-act-dsg-r-line/184408484,€ 27.399,Usato,Settembre 2024,24.383 km,Ibrido - Euro 6,Automatico,,Verona (VR)
VOLKSWAGEN Golf 1.5 eTSI 150 CV EVO ACT DSG R-Line,https://www.automobile.it/bolzano-volkswagen-golf-1-5-etsi-150-cv-evo-act-dsg-r-line/184495965,€ 27.400,Usato,Ottobre 2022,23.000 km,Ibrido - Euro 6,Automatico,,Bolzano (BZ)
Volkswagen Golf GTI 2.0 TSI TCR DSG 5p. BlueMotion Technology,https://www.automobile.it/roma-volkswagen-golf-gti-2-0-tsi-tcr-dsg-5p-bluemotion-technology/184572545,€ 27.400,Usato,Gennaio 2021,88.880 km,Benzina - Euro 6,Automatico,,Roma (RM)
Volkswagen Golf Golf 2.0 TDI 150 CV DSG SCR Style,https://www.automobile.it/massa-volkswagen-golf-golf-2-0-tdi-150-cv-dsg-scr-style/183345748,€ 27.400,Usato,Febbraio 2025,21.900 km,Diesel - Euro 6,Semiautomatico,,Massa (MS)
VOLKSWAGEN Golf 2.0 tsi gti 245cv del 2022,https://www.automobile.it/limena-volkswagen-golf-2-0-tsi-gti-245cv-2022/184219996,€ 27.400,Usato,Giugno 2022,27.107 km,Benzina - Euro 6,Manuale,,Limena (PD)
VOLKSWAGEN Golf VIII 2024 - Golf 2.0 tdi Edition Plus 115cv,https://www.automobile.it/marcianise-volkswagen-golf-viii-2024-golf-2-0-tdi-edition-plus-115cv/184301729,€ 27.400,Aziendale,Giugno 2026,1 km,Diesel - Euro 6,Manuale,,Marcianise (CE)
Volkswagen Golf 2.0 tdi life 115cv,https://www.automobile.it/rende-volkswagen-golf-2-0-tdi-life-115cv/183600121,€ 27.400,Usato,Aprile 2025,19.540 km,Altro,Manuale,,Rende (CS)
Volkswagen Golf 2.0 tdi life 115cv,https://www.automobile.it/rende-volkswagen-golf-2-0-tdi-life-115cv/183600114,€ 27.400,Usato,Marzo 2025,32.852 km,Altro,Manuale,,Rende (CS)
Volkswagen Golf 2.0 tdi life 115cv,https://www.automobile.it/rende-volkswagen-golf-2-0-tdi-life-115cv/183625272,€ 27.400,Usato,Marzo 2025,27.947 km,Altro,Manuale,,Rende (CS)
Volkswagen Golf 2.0 tdi life 115cv,https://www.automobile.it/rende-volkswagen-golf-2-0-tdi-life-115cv/183656417,€ 27.400,Usato,Marzo 2025,29.902 km,Altro,Manuale,,Rende (CS)
VOLKSWAGEN Golf GTI Clubsport 2.0 DSG PREZZO NETTO,https://www.automobile.it/caorso-volkswagen-golf-gti-clubsport-2-0-dsg-prezzo-netto/184194353,€ 27.450,Usato,Marzo 2023,40.000 km,Benzina - Euro 6,Automatico,Unico proprietario,Caorso (PC)
Volkswagen Golf 2.0 TDI DSG SCR Style,https://www.automobile.it/sant-anastasia-volkswagen-golf-2-0-tdi-dsg-scr-style/184493623,€ 27.499,Usato,Ottobre 2022,18.000 km,Diesel - Euro 6,Semiautomatico,Unico proprietario,Sant'Anastasia (NA)
VOLKSWAGEN Golf 2.0 TSI GTI,https://www.automobile.it/bologna-volkswagen-golf-2-0-tsi-gti/184516803,€ 27.499,Usato,Gennaio 2022,48.077 km,Benzina - Euro 6,Manuale,,Bologna (BO)
VOLKSWAGEN Golf 2.0 TSI GTI,https://www.automobile.it/sassari-volkswagen-golf-2-0-tsi-gti/184513356,€ 27.499,Usato,Gennaio 2022,48.077 km,Benzina - Euro 6,Manuale,,Sassari (SS)
VOLKSWAGEN Golf 2.0 TSI GTI,https://www.automobile.it/casoria-volkswagen-golf-2-0-tsi-gti/184516503,€ 27.499,Usato,Gennaio 2022,48.077 km,Benzina - Euro 6,Manuale,,Casoria (NA)
VOLKSWAGEN Golf 2.0 TSI GTI,https://www.automobile.it/verona-volkswagen-golf-2-0-tsi-gti/184516532,€ 27.499,Usato,Gennaio 2022,48.077 km,Benzina - Euro 6,Manuale,,Verona (VR)
"Volkswagen Golf GTI 18"" SENS PARK DOPPI CRUISE ADATTIVO RETROCAMERA GUIDA DI 2°LIVELLO IN ARRIVO OPZIONABILE",https://www.automobile.it/biandronno-volkswagen-golf-gti-18-sens-park-doppi-cruise-adattivo-retrocamera-guida-2-livello-arrivo-opzionabile/183211407,€ 27.500,Usato,Ottobre 2021,44.500 km,Benzina,Automatico,,Biandronno (VA)
Volkswagen Golf 2.0 TDI SCR 110KW Style DSG,https://www.automobile.it/bologna-volkswagen-golf-2-0-tdi-scr-110kw-style-dsg/182977824,€ 27.500,Usato,Febbraio 2025,35.476 km,Diesel,Automatico,Unico proprietario,Bologna (BO)
Volkswagen Golf 2.0 TDI SCR 110KW Style DSG,https://www.automobile.it/bologna-volkswagen-golf-2-0-tdi-scr-110kw-style-dsg/183289779,€ 27.500,Usato,Febbraio 2025,26.583 km,Diesel,Automatico,Unico proprietario,Bologna (BO)
Volkswagen Golf 2.0 tdi Style 150cv dsg,https://www.automobile.it/monza-volkswagen-golf-2-0-tdi-style-150cv-dsg/184245614,€ 27.500,Usato,Marzo 2025,19.220 km,Diesel,Automatico,,Monza (MB)
"VOLKSWAGEN Golf 2.0 TDI DSG GTD 19"" VIDEO UC/GRIMALDI SP.DAY",https://www.automobile.it/vigevano-volkswagen-golf-2-0-tdi-dsg-gtd-19-video-uc-grimaldi-sp-day/184399241,€ 27.500,Usato,Febbraio 2023,86.022 km,Diesel - Euro 6,Automatico,,Vigevano (PV)
Volkswagen Golf 2.0 TDI SCR 110KW Style DSG,https://www.automobile.it/bologna-volkswagen-golf-2-0-tdi-scr-110kw-style-dsg/182532356,€ 27.500,Usato,Febbraio 2025,21.213 km,Diesel - Euro 6,Automatico,Unico proprietario,Bologna (BO)
Volkswagen Golf 2.0 TSI GTI 245CV DSG,https://www.automobile.it/corsico-volkswagen-golf-2-0-tsi-gti-245cv-dsg/184592040,€ 27.500,Usato,Febbraio 2023,39.800 km,Benzina - Euro 6,Automatico,,Corsico (MI)
VOLKSWAGEN Golf 2.0 TSI DSG GTI,https://www.automobile.it/rho-volkswagen-golf-2-0-tsi-dsg-gti/184555951,€ 27.500,Usato,Marzo 2023,41.000 km,Benzina - Euro 6,Automatico,,Rho (MI)
VOLKSWAGEN Golf variant 2.0 tdi life 150cv dsg del 2024,https://www.automobile.it/roma-volkswagen-golf-variant-2-0-tdi-life-150cv-dsg-2024/184603028,€ 27.500,Usato,Dicembre 2024,4.703 km,Diesel - Euro 6,Automatico,,Roma (RM)
Volkswagen Golf GTI 2.0 TSI DSG,https://www.automobile.it/roma-volkswagen-golf-gti-2-0-tsi-dsg/184576736,€ 27.500,Usato,Febbraio 2023,92.997 km,Benzina - Euro 6,Automatico,Unico proprietario,Roma (RM)
VOLKSWAGEN Golf variant 2.0 tdi life 150cv dsg del 2024,https://www.automobile.it/roma-volkswagen-golf-variant-2-0-tdi-life-150cv-dsg-2024/184603028,€ 27.500,Usato,Dicembre 2024,4.703 km,Diesel - Euro 6,Automatico,,Roma (RM)
Volkswagen Golf 1.5 TSI EVO ACT R-Line,https://www.automobile.it/ottaviano-volkswagen-golf-1-5-tsi-evo-act-r-line/184634368,€ 27.600,Usato,Aprile 2024,200 km,Benzina - Euro 6,Manuale,,Ottaviano (NA)
VOLKSWAGEN Golf VIII 2024 - Golf 2.0 tdi Style 150cv dsg,https://www.automobile.it/lucca-volkswagen-golf-viii-2024-golf-2-0-tdi-style-150cv-dsg/184579874,€ 27.700,Usato,Giugno 2025,26.551 km,Diesel - Euro 6,Automatico,Unico proprietario,Lucca (LU)
VOLKSWAGEN Golf 2.0 TDI SCR Style,https://www.automobile.it/bergamo-volkswagen-golf-2-0-tdi-scr-style/183974680,€ 27.790,Usato,Agosto 2023,18.500 km,Diesel - Euro 6,Manuale,,Bergamo (BG)
Volkswagen Golf GTI 2.0 TSI GTI DSG,https://www.automobile.it/milano-volkswagen-golf-gti-2-0-tsi-gti-dsg/183318889,€ 27.800,Usato,Aprile 2021,62.000 km,Benzina - Euro 6,Automatico,,Milano (MI)
Volkswagen Golf 2.0 TDI 150 CV SCR R-Line,https://www.automobile.it/gesualdo-volkswagen-golf-2-0-tdi-150-cv-scr-r-line/184444331,€ 27.800,Aziendale,Maggio 2023,25.144 km,Diesel,Manuale,Unico proprietario,Gesualdo (AV)
Volkswagen Golf GTI 2.0 TSI DSG TETTO NAVI,https://www.automobile.it/roma-volkswagen-golf-gti-2-0-tsi-dsg-tetto-navi/184576541,€ 27.800,Usato,Giugno 2022,65.143 km,Benzina - Euro 6,Automatico,2 Proprietari,Roma (RM)
Volkswagen Golf GTI 2.0 tsi 245cv dsg,https://www.automobile.it/roma-volkswagen-golf-gti-2-0-tsi-245cv-dsg/182173056,€ 27.900,Usato,Gennaio 2021,74.000 km,Benzina - Euro 6,Semiautomatico,,Roma (RM)
VOLKSWAGEN Golf 2.0 TDI GTD DSG,https://www.automobile.it/capaccio-volkswagen-golf-2-0-tdi-gtd-dsg/181739435,€ 27.900,Usato,Febbraio 2024,20.499 km,Diesel,Semiautomatico,,Capaccio (SA)
Volkswagen Golf GTI 2.0 TSI DSG PERFORMANCE,https://www.automobile.it/rivoli-volkswagen-golf-gti-2-0-tsi-dsg-performance/183791342,€ 27.900,Aziendale,Dicembre 2023,35.000 km,Benzina - Euro 6,Automatico,Unico proprietario,Rivoli (TO)
Volkswagen Golf 2.0 TDI SCR 110KW Style DSG,https://www.automobile.it/bologna-volkswagen-golf-2-0-tdi-scr-110kw-style-dsg/183112778,€ 27.900,Usato,Febbraio 2025,22.819 km,Diesel - Euro 6,Automatico,,Bologna (BO)
Volkswagen Golf 2.0 TDI SCR 110KW Style DSG,https://www.automobile.it/bologna-volkswagen-golf-2-0-tdi-scr-110kw-style-dsg/184405319,€ 27.900,Usato,Febbraio 2025,22.819 km,Diesel - Euro 6,Automatico,,Bologna (BO)
Volkswagen Golf GTI 2.0 TSI DSG,https://www.automobile.it/spinea-volkswagen-golf-gti-2-0-tsi-dsg/184494822,€ 27.900,Usato,Maggio 2024,28.336 km,Benzina - Euro 6,Automatico,,Spinea (VE)
Volkswagen Golf 1.5 TSI eHybrid DSG Edition Plus - SUPER OFFERTA T-STOCK,https://www.automobile.it/gela-volkswagen-golf-1-5-tsi-ehybrid-dsg-edition-plus-super-offerta-t-stock/184425163,€ 27.900,KM 0,Settembre 2025,Ibrido - Euro 6,149 CV (110 KW),Semiautomatico,,Gela (CL)
Volkswagen Golf GTI Golf 2.0 TSI GTI DSG PERFORMANCE,https://www.automobile.it/chivasso-volkswagen-golf-gti-golf-2-0-tsi-gti-dsg-performance/184607896,€ 27.900,Usato,Marzo 2024,21.500 km,Benzina - Euro 6,Semiautomatico,Unico proprietario,Chivasso (TO)
Volkswagen Golf 1.5 TSI eHybrid DSG Style,https://www.automobile.it/monte-urano-volkswagen-golf-1-5-tsi-ehybrid-dsg-style/184518985,€ 27.900,Usato,Maggio 2025,26.000 km,Ibrido - Euro 6,Semiautomatico,,Monte Urano (FM)
VOLKSWAGEN Golf 2.0 TDI 150 CV DSG GOAL 7-GANG,https://www.automobile.it/vedelago-volkswagen-golf-2-0-tdi-150-cv-dsg-goal-7-gang/184179380,€ 27.900,Usato,Luglio 2025,26.800 km,Diesel - Euro 6,Semiautomatico,,Vedelago (TV)
Volkswagen Golf GTI 2.0 TSI DSG TETTO APRIBILE,https://www.automobile.it/siderno-volkswagen-golf-gti-2-0-tsi-dsg-tetto-apribile/184345101,€ 27.900,Usato,Maggio 2021,80.000 km,Benzina - Euro 6,Automatico,,Siderno (RC)
Volkswagen Golf 2.0 TDI SCR 110KW R-Line DSG,https://www.automobile.it/bologna-volkswagen-golf-2-0-tdi-scr-110kw-r-line-dsg/184399863,€ 27.900,Usato,Novembre 2024,59.234 km,Diesel - Euro 6,Automatico,,Bologna (BO)
Volkswagen Golf R 1.5 DSG eTSI 130cv STRAFULL,https://www.automobile.it/roma-volkswagen-golf-r-1-5-dsg-etsi-130cv-strafull/182044790,€ 27.990,Usato,Marzo 2022,32.000 km,Ibrido - Euro 6,Semiautomatico,,Roma (RM)
"Volkswagen Golf GTI 2.0 TSI DSG 19"" BLACK STYLE",https://www.automobile.it/valmontone-volkswagen-golf-gti-2-0-tsi-dsg-19-black-style/183948455,€ 27.990,Usato,Aprile 2024,30.700 km,Benzina - Euro 6,Automatico,,Valmontone (RM)
Volkswagen Golf GTI 2.0 TSI 245 cv Varie disponibilità canali ufficiali,https://www.automobile.it/roma-volkswagen-golf-gti-2-0-tsi-245-cv-varie-disponibilita-canali-ufficiali/183843986,€ 27.990,Usato,Agosto 2022,32.000 km,Benzina - Euro 6,Automatico,,Roma (RM)
Volkswagen GOLF GTI 8 2.0 TSI 245cv DSG IQ LED CAMERA ACC PRONTA CONS,https://www.automobile.it/creazzo-volkswagen-golf-gti-8-2-0-tsi-245cv-dsg-iq-led-camera-acc-pronta-cons/184589918,€ 27.990,Usato,Giugno 2022,63.000 km,Benzina - Euro 6,Automatico,,Creazzo (VI)
Volkswagen Golf 1.5 etsi evo R-Line 150cv dsg,https://www.automobile.it/adrara-san-martino-volkswagen-golf-1-5-etsi-evo-r-line-150cv-dsg/184608993,€ 27.990,Usato,Febbraio 2024,46.000 km,Ibrido,Automatico,Unico proprietario,Adrara San Martino (BG)
Volkswagen Golf 2.0 TSI GTI,https://www.automobile.it/melito-porto-salvo-volkswagen-golf-2-0-tsi-gti/184620779,€ 27.990,Usato,Agosto 2021,54.123 km,Benzina - Euro 6,Automatico,,Melito di Porto Salvo (RC)
Volkswagen Golf 2.0 TDI DSG GTD Full Optional,https://www.automobile.it/reggio-emilia-volkswagen-golf-2-0-tdi-dsg-gtd-full-optional/184447951,€ 27.990,Usato,Luglio 2021,95.000 km,Diesel - Euro 6,Semiautomatico,,Reggio Emilia (RE)
VOLKSWAGEN Golf 8ª serie Golf 2.0 TSI DSG GTI,https://www.automobile.it/firenze-volkswagen-golf-8-serie-golf-2-0-tsi-dsg-gti/184658797,€ 27.990,Usato,2022,100.000 km,Benzina,Manuale,,Firenze (FI)
Volkswagen Golf GTI 2.0 TSI DSG,https://www.automobile.it/campobasso-volkswagen-golf-gti-2-0-tsi-dsg/182799946,€ 27.999,Usato,Settembre 2021,73.000 km,Benzina - Euro 6,Semiautomatico,,Campobasso (CB)
Volkswagen Golf 8 2.0 TDI DSG GTD,https://www.automobile.it/polistena-volkswagen-golf-8-2-0-tdi-dsg-gtd/183172248,€ 27.999,Usato,Gennaio 2021,109.000 km,Diesel - Euro 6,Automatico,Unico proprietario,Polistena (RC)
Volkswagen Golf 2.0 TSI DSG Goal,https://www.automobile.it/rende-volkswagen-golf-2-0-tsi-dsg-goal/184360445,€ 28.000,Usato,Luglio 2025,16.575 km,Benzina - Euro 6,Semiautomatico,,Rende (CS)
GOLF GTI SERIE 8,https://www.automobile.it/prata-camportaccio-golf-gti-serie-8/183723390,€ 28.000,Usato,Novembre 2022,33.000 km,Benzina - Euro 6,Manuale,Unico proprietario,Prata Camportaccio (SO)
Volkswagen Golf 2.0 tdi style 150cv dsg,https://www.automobile.it/bari-volkswagen-golf-2-0-tdi-style-150cv-dsg/184366268,€ 28.000,Usato,Marzo 2025,35.660 km,Altro,Automatico,,Bari (BA)
Volkswagen Golf 1.5 TSI eHybrid DSG Edition Plus 204CV,https://www.automobile.it/gozzano-volkswagen-golf-1-5-tsi-ehybrid-dsg-edition-plus-204cv/184296501,€ 28.200,Usato,Maggio 2025,16.000 km,Ibrido - Euro 6,Automatico,,Gozzano (NO)
VOLKSWAGEN Golf 2.0 TSI DSG GTI,https://www.automobile.it/cosenza-volkswagen-golf-2-0-tsi-dsg-gti/182867253,€ 28.299,Usato,Gennaio 2022,54.105 km,Benzina - Euro 6,Automatico,,Cosenza (CS)
Volkswagen Golf GTI 2.0 TSI 245 cv 6mt 5p.,https://www.automobile.it/bagnaria-arsa-volkswagen-golf-gti-2-0-tsi-245-cv-6mt-5p/184576008,€ 28.400,Usato,Luglio 2021,31.100 km,Benzina - Euro 6,Manuale,,Bagnaria Arsa (UD)
VOLKSWAGEN Golf VIII 2024 - Golf 1.5 tsi ehybrid Edition Plus 204cv dsg,https://www.automobile.it/marcianise-volkswagen-golf-viii-2024-golf-1-5-tsi-ehybrid-edition-plus-204cv-dsg/183807563,€ 28.400,Aziendale,Febbraio 2025,1 km,Ibrido - Euro 6,Automatico,,Marcianise (CE)
Volkswagen Golf 2.0 TDI 150 CV DSG SCR R-Line,https://www.automobile.it/vibo-valentia-volkswagen-golf-2-0-tdi-150-cv-dsg-scr-r-line/182579209,€ 28.500,Usato,Giugno 2021,93.000 km,Diesel - Euro 6,Semiautomatico,,Vibo Valentia (VV)
Volkswagen Golf 2.0 TDI 115 CV SCR Life - 2025,https://www.automobile.it/ozieri-volkswagen-golf-2-0-tdi-115-cv-scr-life-2025/182706539,€ 28.500,Usato,Marzo 2025,18.400 km,Diesel - Euro 6,Manuale,,Ozieri (SS)
Volkswagen Golf 2.0TDI 150cv Style DSG,https://www.automobile.it/palestro-volkswagen-golf-2-0tdi-150cv-style-dsg/184200778,€ 28.500,Usato,Maggio 2025,16.000 km,Diesel,Automatico,,Palestro (PV)
Volkswagen Golf Variant 2.0 TDI SCR Goal DSG Matrix Led ACC Navi Camera,https://www.automobile.it/rimini-volkswagen-golf-variant-2-0-tdi-scr-goal-dsg-matrix-led-acc-navi-camera/184129782,€ 28.500,Usato,Aprile 2025,16.800 km,Diesel - Euro 6,Automatico,,Rimini (RN)
Volkswagen Golf 2.0 TDI 150 CV DSG R-Line 2023 Tetto Apribile,https://www.automobile.it/palermo-volkswagen-golf-2-0-tdi-150-cv-dsg-r-line-2023-tetto-apribile/184632454,€ 28.500,Usato,Maggio 2023,33.000 km,Diesel - Euro 6,Automatico,,Palermo (PA)
Volkswagen Golf Golf Variant 2.0 TDI 150 CV DSG SCR Life,https://www.automobile.it/mazara-vallo-volkswagen-golf-golf-variant-2-0-tdi-150-cv-dsg-scr-life/184501701,€ 28.500,Usato,Settembre 2024,10.134 km,Diesel - Euro 6,Automatico,,Mazara del Vallo (TP)
Volkswagen Golf 2.0 TDI 150 CV DSG SCR Style ***FULL***TELECAMERA***,https://www.automobile.it/montecchio-maggiore-volkswagen-golf-2-0-tdi-150-cv-dsg-scr-style-full-telecamera/184653935,€ 28.500,Usato,Marzo 2025,19.990 km,Diesel,Automatico,Unico proprietario,Montecchio Maggiore (VI)
Volkswagen Golf Variant 2.0 TDI 115CV Edition Plus - IVA ESPOSTA,https://www.automobile.it/ravenna-volkswagen-golf-variant-2-0-tdi-115cv-edition-plus-iva-esposta/182998286,€ 28.500,Usato,Settembre 2024,24.579 km,Diesel - Euro 6,Manuale,,Ravenna (RA)
Volkswagen Golf GTI 2.0 TSI DSG,https://www.automobile.it/lurago-d-erba-volkswagen-golf-gti-2-0-tsi-dsg/184635688,€ 28.600,Usato,Agosto 2021,55.309 km,Benzina - Euro 6,Semiautomatico,2 Proprietari,Lurago d'Erba (CO)
Volkswagen Golf 1.5 eTSI ACT Edition Plus DSG,https://www.automobile.it/leini-volkswagen-golf-1-5-etsi-act-edition-plus-dsg/183792522,€ 28.700,KM 0,Aprile 2026,Ibrido - Euro 6,115 CV (85 KW),Automatico,,Leinì (TO)
Volkswagen Golf 2.0 TDI DSG GTD,https://www.automobile.it/manoppello-volkswagen-golf-2-0-tdi-dsg-gtd/184628829,€ 28.800,Usato,Novembre 2022,69.000 km,Diesel - Euro 6,Automatico,,Manoppello (PE)
Volkswagen Golf 1.4 tsi ehybrid style 204cv dsg,https://www.automobile.it/rende-volkswagen-golf-1-4-tsi-ehybrid-style-204cv-dsg/184478936,€ 28.800,Usato,Gennaio 2024,29.367 km,Altro,Automatico,,Rende (CS)
Volkswagen Golf 2.0 TDI DSG GTD,https://www.automobile.it/merano-volkswagen-golf-2-0-tdi-dsg-gtd/184225121,€ 28.850,Usato,Dicembre 2022,74.000 km,Diesel - Euro 6,Automatico,,Merano (BZ)
Volkswagen Golf 1.5 eTSI 130 CV DSG R-Line,https://www.automobile.it/arzachena-volkswagen-golf-1-5-etsi-130-cv-dsg-r-line/182195604,€ 28.900,Usato,Gennaio 2024,26.000 km,Ibrido - Euro 6,Automatico,,Arzachena (OT)
Volkswagen Golf GTI 2.0 TSI DSG PERFORMANCE,https://www.automobile.it/rivoli-volkswagen-golf-gti-2-0-tsi-dsg-performance/183954392,€ 28.900,Aziendale,Settembre 2024,28.000 km,Benzina - Euro 6,Automatico,Unico proprietario,Rivoli (TO)
Volkswagen Golf Golf 1.5 tsi Edition Plus 150cv,https://www.automobile.it/milano-volkswagen-golf-golf-1-5-tsi-edition-plus-150cv/184051153,€ 28.900,KM 0,Maggio 2026,Benzina - Euro 6,149 CV (110 KW),Manuale,,Milano (MI)
Volkswagen Golf GTI 2.0 TSI DSG PERFORMANCE,https://www.automobile.it/rivoli-volkswagen-golf-gti-2-0-tsi-dsg-performance/183897145,€ 28.900,Usato,Ottobre 2023,27.000 km,Benzina - Euro 6,Automatico,Unico proprietario,Rivoli (TO)
Volkswagen Golf 2.0 TDI DSG GTD,https://www.automobile.it/rimini-volkswagen-golf-2-0-tdi-dsg-gtd/184341425,€ 28.900,Usato,Febbraio 2022,68.169 km,Diesel - Euro 6,Semiautomatico,Unico proprietario,Rimini (RN)
"VOLKSWAGEN Golf 2.0 TDI DSG GTD 19"" VIDEO UFF. VW ITALIA",https://www.automobile.it/vigevano-volkswagen-golf-2-0-tdi-dsg-gtd-19-video-uff-vw-italia/184399226,€ 28.900,Usato,Febbraio 2023,86.022 km,Diesel - Euro 6,Automatico,,Vigevano (PV)
Volkswagen Golf 2.0 TDI SCR STYLE DSG 150CV,https://www.automobile.it/lecce-volkswagen-golf-2-0-tdi-scr-style-dsg-150cv/184092637,€ 28.900,Usato,Marzo 2025,27.683 km,Diesel - Euro 6,Automatico,,Lecce (LE)
Volkswagen Golf 2.0 tdi r-line 150cv dsg,https://www.automobile.it/padova-volkswagen-golf-2-0-tdi-r-line-150cv-dsg/184590948,€ 28.900,Usato,Gennaio 2024,38.000 km,Altro,Automatico,,Padova (PD)
VOLKSWAGEN Golf 8ª serie Golf 1.5 eTSI 115 CV DSG Edition Plus,https://www.automobile.it/verona-volkswagen-golf-8-serie-golf-1-5-etsi-115-cv-dsg-edition-plus/184598665,€ 28.900,Usato,Dicembre 2024,3.434 km,Ibrido - Euro 6,Automatico,,Verona (VR)
VOLKSWAGEN Golf 8ª serie Golf 1.5 eTSI 115 CV DSG Edition Plus,https://www.automobile.it/milano-volkswagen-golf-8-serie-golf-1-5-etsi-115-cv-dsg-edition-plus/184595981,€ 28.900,Usato,Dicembre 2024,3.434 km,Ibrido - Euro 6,Automatico,,Milano (MI)
Volkswagen Golf 2.0 tdi r-line 150cv dsg,https://www.automobile.it/padova-volkswagen-golf-2-0-tdi-r-line-150cv-dsg/184590948,€ 28.900,Usato,Gennaio 2024,38.000 km,Altro,Automatico,,Padova (PD)
Volkswagen Golf GTI 2.0 TSI TCR DSG 5p. BlueMotion Technology,https://www.automobile.it/nardo-volkswagen-golf-gti-2-0-tsi-tcr-dsg-5p-bluemotion-technology/184615188,€ 28.900,Usato,Gennaio 2021,117.603 km,Benzina - Euro 6,Semiautomatico,,Nardò (LE)
Volkswagen Golf GTI Golf 2.0 TSI GTI DSG PERFORMANCE,https://www.automobile.it/chivasso-volkswagen-golf-gti-golf-2-0-tsi-gti-dsg-performance/184607902,€ 28.900,Usato,Agosto 2024,18.500 km,Benzina - Euro 6,Automatico,Unico proprietario,Chivasso (TO)
VOLKSWAGEN Golf 2.0 TSI DSG GTI,https://www.automobile.it/roma-volkswagen-golf-2-0-tsi-dsg-gti/184610996,€ 28.900,Usato,Giugno 2022,69.000 km,Benzina - Euro 6,Automatico,,Roma (RM)
Volkswagen Golf 1.5 tsi ehybrid Edition Plus 204cv PLUG-IN / NO VINCOLI,https://www.automobile.it/tortona-volkswagen-golf-1-5-tsi-ehybrid-edition-plus-204cv-plug-vincoli/184653483,€ 28.900,Usato,Aprile 2025,14.000 km,Ibrido - Euro 6,Automatico,Unico proprietario,Tortona (AL)
VOLKSWAGEN Golf 8ª serie Golf 1.5 eTSI 115 CV DSG Edition Plus,https://www.automobile.it/casalmoro-volkswagen-golf-8-serie-golf-1-5-etsi-115-cv-dsg-edition-plus/184655258,€ 28.900,Usato,Dicembre 2024,3.434 km,Ibrido - Euro 6,Automatico,,Casalmoro (MN)
VOLKSWAGEN Golf 8ª serie Golf 2.0 TSI GTI DSG,https://www.automobile.it/milano-volkswagen-golf-8-serie-golf-2-0-tsi-gti-dsg/184666191,€ 28.900,Usato,Maggio 2023,47.236 km,Benzina - Euro 6,Automatico,,Milano (MI)
VOLKSWAGEN Golf 8ª serie Golf 2.0 TSI GTI DSG,https://www.automobile.it/casalmoro-volkswagen-golf-8-serie-golf-2-0-tsi-gti-dsg/184666110,€ 28.900,Usato,Maggio 2023,47.236 km,Benzina - Euro 6,Automatico,,Casalmoro (MN)
VOLKSWAGEN Golf 8ª serie Golf 2.0 TSI GTI DSG,https://www.automobile.it/verona-volkswagen-golf-8-serie-golf-2-0-tsi-gti-dsg/184666096,€ 28.900,Usato,Maggio 2023,47.236 km,Benzina - Euro 6,Automatico,,Verona (VR)
VOLKSWAGEN Golf 8ª serie Golf 2.0 TSI GTI DSG,https://www.automobile.it/roma-volkswagen-golf-8-serie-golf-2-0-tsi-gti-dsg/184666171,€ 28.900,Usato,Maggio 2023,47.236 km,Benzina - Euro 6,Automatico,,Roma (RM)
"Volkswagen Golf 2.0 tdi Style 150cv dsg Led App conn Cam 17""",https://www.automobile.it/casalpusterlengo-volkswagen-golf-2-0-tdi-style-150cv-dsg-led-app-conn-cam-17/184000044,€ 28.950,Aziendale,Aprile 2025,17.700 km,Diesel - Euro 6,Automatico,,Casalpusterlengo (LO)
Volkswagen Golf 2.0 tdi 200CV GTD dsg,https://www.automobile.it/meda-volkswagen-golf-2-0-tdi-200cv-gtd-dsg/184179236,€ 28.954,Usato,Dicembre 2023,48.255 km,Diesel,Automatico,,Meda (MB)
Volkswagen Golf 2.0 tdi 200CV GTD dsg,https://www.automobile.it/sala-bolognese-volkswagen-golf-2-0-tdi-200cv-gtd-dsg/183908734,€ 28.954,Usato,Dicembre 2023,48.255 km,Diesel,Automatico,,Sala Bolognese (BO)
Volkswagen Golf 2.0 tdi 200CV GTD dsg,https://www.automobile.it/milano-volkswagen-golf-2-0-tdi-200cv-gtd-dsg/183908721,€ 28.954,Usato,Dicembre 2023,48.255 km,Diesel,Automatico,,Milano (MI)
Volkswagen Golf 2.0 tdi 200CV GTD dsg,https://www.automobile.it/roma-volkswagen-golf-2-0-tdi-200cv-gtd-dsg/183908746,€ 28.954,Usato,Dicembre 2023,48.255 km,Diesel,Automatico,,Roma (RM)
Volkswagen Golf 2.0 tdi 200CV GTD dsg,https://www.automobile.it/curno-volkswagen-golf-2-0-tdi-200cv-gtd-dsg/183908731,€ 28.954,Usato,Dicembre 2023,48.255 km,Diesel,Automatico,,Curno (BG)
Volkswagen Golf 2.0 tdi 200CV GTD dsg,https://www.automobile.it/barzago-volkswagen-golf-2-0-tdi-200cv-gtd-dsg/183908768,€ 28.954,Usato,Dicembre 2023,48.255 km,Diesel,Automatico,,Barzago (LC)
Volkswagen Golf 2.0 tdi 200CV GTD dsg,https://www.automobile.it/san-giorgio-bosco-volkswagen-golf-2-0-tdi-200cv-gtd-dsg/183908753,€ 28.954,Usato,Dicembre 2023,48.255 km,Diesel,Automatico,,San Giorgio in Bosco (PD)
VOLKSWAGEN Golf 2.0 TDI DSG GTD,https://www.automobile.it/torino-volkswagen-golf-2-0-tdi-dsg-gtd/184351285,€ 28.990,Usato,Febbraio 2021,107.746 km,Diesel - Euro 6,Automatico,,Torino (TO)
"VOLKSWAGEN Golf GTI 2.0 TSI MANUALE TETTO PANO-CERCHI 19""",https://www.automobile.it/savona-volkswagen-golf-gti-2-0-tsi-manuale-tetto-pano-cerchi-19/184392863,€ 28.990,Usato,Aprile 2024,29.183 km,Benzina - Euro 6,Manuale,Unico proprietario,Savona (SV)
"VOLKSWAGEN*GOLF*2.0*TSI*DSG*GTI*245CV*H&K*iQ.LIGHT*FENDINEBBIA*19""*",https://www.automobile.it/ariccia-volkswagen-golf-2-0-tsi-dsg-gti-245cv-h-k-iq-light-fendinebbia-19/184501873,€ 28.990,Usato,Maggio 2022,64.300 km,Benzina - Euro 6,Automatico,,Ariccia (RM)
VOLKSWAGEN Golf 8ª serie Golf 2.0 TSI DSG GTI,https://www.automobile.it/firenze-volkswagen-golf-8-serie-golf-2-0-tsi-dsg-gti/184612046,€ 28.990,Usato,2022,50.200 km,Benzina - Euro 6,Manuale,,Firenze (FI)
Volkswagen Golf GTD 2.0TDI DSG 200CV TETTO APRIBILE,https://www.automobile.it/cherasco-volkswagen-golf-gtd-2-0tdi-dsg-200cv-tetto-apribile/184647990,€ 28.990,Usato,Gennaio 2023,99.990 km,Diesel - Euro 6,Automatico,Unico proprietario,Cherasco (CN)
Volkswagen Golf GTI 2.0 TSI DSG,https://www.automobile.it/pontecorvo-volkswagen-golf-gti-2-0-tsi-dsg/184329251,€ 28.990,Usato,Giugno 2022,85.000 km,Benzina - Euro 6,Automatico,Unico proprietario,Pontecorvo (FR)
Volkswagen Golf GTI 2.0 TSI DSG,https://www.automobile.it/roma-volkswagen-golf-gti-2-0-tsi-dsg/184475900,€ 28.999,Usato,Ottobre 2023,57.500 km,Benzina - Euro 6,Automatico,,Roma (RM)
VOLKSWAGEN Golf 2.0 TSI GTI DSG,https://www.automobile.it/melicucco-volkswagen-golf-2-0-tsi-gti-dsg/184626684,€ 28.999,Usato,Marzo 2021,86.000 km,Benzina,Automatico,Unico proprietario,Melicucco (RC)
Volkswagen Golf 1.5 etsi life 115cv dsg,https://www.automobile.it/treviso-volkswagen-golf-1-5-etsi-life-115cv-dsg/184062321,€ 29.290,KM 0,Aprile 2026,Altro,115 CV (85 KW),Semiautomatico,,Treviso (TV)
Volkswagen Golf 1.5 eTSI 130 CV EVO ACT DSG R-Line,https://www.automobile.it/pralboino-volkswagen-golf-1-5-etsi-130-cv-evo-act-dsg-r-line/184545245,€ 29.300,Usato,Gennaio 2024,37.000 km,Ibrido - Euro 6,Automatico,,Pralboino (BS)
Volkswagen Golf VIII 8 2.0 TDI DSG GTD,https://www.automobile.it/palau-volkswagen-golf-viii-8-2-0-tdi-dsg-gtd/184232677,€ 29.400,Usato,Settembre 2021,124.000 km,Diesel - Euro 6,Semiautomatico,,Palau (OT)
Volkswagen Golf 2.0 TDI DSG GTD,https://www.automobile.it/roma-volkswagen-golf-2-0-tdi-dsg-gtd/184579392,€ 29.499,Usato,Maggio 2024,24.400 km,Diesel - Euro 6,Automatico,Unico proprietario,Roma (RM)
VOLKSWAGEN Golf 1.5 eTSI 150 CV DSG GOAL,https://www.automobile.it/treviso-volkswagen-golf-1-5-etsi-150-cv-dsg-goal/182039258,€ 29.500,Usato,Gennaio 2025,29.000 km,Altro,Automatico,,Treviso (TV)
Volkswagen Golf 2.0 TDI 150 CV DSG SCR Editon Plus,https://www.automobile.it/san-giuseppe-vesuviano-volkswagen-golf-2-0-tdi-150-cv-dsg-scr-editon-plus/183949087,€ 29.500,Usato,Aprile 2025,9.000 km,Diesel - Euro 6,Semiautomatico,,San Giuseppe Vesuviano (NA)
Volkswagen Golf 1.5 TSI 150 CV ACT Style,https://www.automobile.it/sonico-volkswagen-golf-1-5-tsi-150-cv-act-style/184351443,€ 29.500,Usato,Luglio 2025,24.700 km,Benzina - Euro 6,Manuale,,Sonico (BS)
"VOLKSWAGEN Golf GTI 2.0 TSI DSG GTI LED MATRIX/ ""19 R /NAVI/PARK",https://www.automobile.it/savigliano-volkswagen-golf-gti-2-0-tsi-dsg-gti-led-matrix-19-r-navi-park/184397711,€ 29.500,Usato,Febbraio 2024,18.000 km,Benzina - Euro 6,Automatico,,Savigliano (CN)
"VOLKSWAGEN Golf GTI 2.0 TSI DSG LED MATRIX/""19 R /NAVI/PARK PLUS",https://www.automobile.it/savigliano-volkswagen-golf-gti-2-0-tsi-dsg-led-matrix-19-r-navi-park-plus/184453985,€ 29.500,Usato,Febbraio 2024,17.900 km,Benzina - Euro 6,Automatico,,Savigliano (CN)
Volkswagen Golf GTI 2.0 TSI DSGACC/DCC/MATRIX/TETTO/HARMAN/TELECAMERA/CERCHI R 19'/HEAD UP,https://www.automobile.it/roma-volkswagen-golf-gti-2-0-tsi-dsgacc-dcc-matrix-tetto-harman-telecamera-cerchi-r-19-head-up/184518059,€ 29.500,Usato,Agosto 2023,66.000 km,Benzina - Euro 6,Semiautomatico,,Roma (RM)
Volkswagen Golf GTI 2.0 TSI CV 245 - MANUALE,https://www.automobile.it/pavullo-frignano-volkswagen-golf-gti-2-0-tsi-cv-245-manuale/184653832,€ 29.500,Usato,Aprile 2023,31.919 km,Benzina - Euro 6,Manuale,Unico proprietario,Pavullo nel Frignano (MO)
Volkswagen Golf 2.0 TSI DSG GTI TETTO FARI MATRIX,https://www.automobile.it/roma-volkswagen-golf-2-0-tsi-dsg-gti-tetto-fari-matrix/184584322,€ 29.500,Usato,Febbraio 2024,40.000 km,Benzina - Euro 6,Automatico,Unico proprietario,Roma (RM)
Volkswagen Golf 2.0 TDI DSG GTD TETTO,https://www.automobile.it/roma-volkswagen-golf-2-0-tdi-dsg-gtd-tetto/184545955,€ 29.500,Usato,Dicembre 2023,78.766 km,Diesel - Euro 6,Automatico,Unico proprietario,Roma (RM)
Volkswagen Golf 1.5 TSI eHybrid Edition Plus DSG,https://www.automobile.it/bologna-volkswagen-golf-1-5-tsi-ehybrid-edition-plus-dsg/184528379,€ 29.700,Usato,Novembre 2025,13.556 km,Ibrido - Euro 6,Automatico,,Bologna (BO)
VOLKSWAGEN Golf 2.0 TDI DSG GTD,https://www.automobile.it/cassola-volkswagen-golf-2-0-tdi-dsg-gtd/184054695,€ 29.700,Usato,Gennaio 2024,44.500 km,Diesel - Euro 6,Automatico,,Cassola (VI)
Volkswagen Golf 2.0 VIII TDI DSG GTD,https://www.automobile.it/francofonte-volkswagen-golf-2-0-viii-tdi-dsg-gtd/183867947,€ 29.800,Usato,Novembre 2022,72.000 km,Diesel - Euro 6,Semiautomatico,,Francofonte (SR)
Volkswagen Golf 2.0 TDI DSG GTD,https://www.automobile.it/crotone-volkswagen-golf-2-0-tdi-dsg-gtd/184614670,€ 29.800,Usato,Ottobre 2022,116.000 km,Diesel - Euro 6,Manuale,Unico proprietario,Crotone (KR)
Volkswagen Golf GTI 2.0 TSI,https://www.automobile.it/latina-volkswagen-golf-gti-2-0-tsi/183829712,€ 29.890,Usato,Settembre 2022,44.600 km,Benzina - Euro 6,Automatico,Unico proprietario,Latina (LT)
Volkswagen Golf 2.0 TSI DSG GTI TETTO,https://www.automobile.it/roma-volkswagen-golf-2-0-tsi-dsg-gti-tetto/184584327,€ 29.890,Usato,Marzo 2024,55.318 km,Benzina - Euro 6,Automatico,Unico proprietario,Roma (RM)
Volkswagen Golf 8 GTI 2.0 TSI GTI DSG,https://www.automobile.it/arzachena-volkswagen-golf-8-gti-2-0-tsi-gti-dsg/182195558,€ 29.900,Usato,Gennaio 2021,67.000 km,Benzina - Euro 6,Automatico,,Arzachena (OT)
VOLKSWAGEN Golf 8ª serie Golf 2.0 TSI DSG GTI,https://www.automobile.it/viadana-volkswagen-golf-8-serie-golf-2-0-tsi-dsg-gti/182279791,€ 29.900,Usato,2021,59.300 km,Benzina - Euro 6,Automatico,,Viadana (MN)
VOLKSWAGEN Golf 2.0 TSI GTI DSG,https://www.automobile.it/favara-volkswagen-golf-2-0-tsi-gti-dsg/183598439,€ 29.900,Usato,Febbraio 2023,45.442 km,Benzina,Automatico,,Favara (AG)
Volkswagen Golf GTI 2.0 TSI DSG PERFORMANCE,https://www.automobile.it/rivoli-volkswagen-golf-gti-2-0-tsi-dsg-performance/184080191,€ 29.900,Usato,Gennaio 2024,21.000 km,Benzina - Euro 6,Automatico,Unico proprietario,Rivoli (TO)
Volkswagen Golf GTI 2.0 TSI GTI DSG,https://www.automobile.it/bologna-volkswagen-golf-gti-2-0-tsi-gti-dsg/183896079,€ 29.900,Usato,Febbraio 2022,80.013 km,Benzina - Euro 6,Automatico,,Bologna (BO)
Volkswagen Golf Golf 1.5 etsi Edition Plus 115cv dsg,https://www.automobile.it/milano-volkswagen-golf-golf-1-5-etsi-edition-plus-115cv-dsg/184071523,€ 29.900,KM 0,Maggio 2026,Ibrido - Euro 6,115 CV (85 KW),Automatico,,Milano (MI)
Volkswagen Golf GTI Golf 2.0 TSI GTI DSG,https://www.automobile.it/rosarno-volkswagen-golf-gti-golf-2-0-tsi-gti-dsg/179793778,€ 29.900,Usato,Luglio 2021,80.000 km,Benzina - Euro 6,Semiautomatico,,Rosarno (RC)
Volkswagen Golf 2.0 TDI SCR 110KW Style DSG,https://www.automobile.it/taranto-volkswagen-golf-2-0-tdi-scr-110kw-style-dsg/184058736,€ 29.900,Usato,Maggio 2025,14.300 km,Diesel - Euro 6,Automatico,,Taranto (TA)
VOLKSWAGEN Golf 2.0 DSG CLUBSPORT SERVICE VW PRONTA CONSEGNA,https://www.automobile.it/san-paolo-d-argon-volkswagen-golf-2-0-dsg-clubsport-service-vw-pronta-consegna/183697023,€ 29.900,Usato,Luglio 2021,76.900 km,Benzina - Euro 6,Automatico,,San Paolo d'Argon (BG)
VOLKSWAGEN Golf 2.0 TSI GTI DSG,https://www.automobile.it/favara-volkswagen-golf-2-0-tsi-gti-dsg/183598427,€ 29.900,Usato,Febbraio 2023,28.024 km,Benzina,Automatico,,Favara (AG)
Volkswagen Golf Golf 2.0 TDI GTD DSG,https://www.automobile.it/bologna-volkswagen-golf-golf-2-0-tdi-gtd-dsg/182277342,€ 29.900,Usato,Marzo 2022,80.759 km,Diesel - Euro 6,Automatico,,Bologna (BO)
Volkswagen Golf Golf 2.0 TDI GTD DSG,https://www.automobile.it/bologna-volkswagen-golf-golf-2-0-tdi-gtd-dsg/184469026,€ 29.900,Usato,Marzo 2022,80.759 km,Diesel - Euro 6,Automatico,,Bologna (BO)
Volkswagen Golf 2.0 tdi Style 150cv dsg,https://www.automobile.it/san-giovanni-teatino-volkswagen-golf-2-0-tdi-style-150cv-dsg/183936039,€ 29.900,Usato,Aprile 2025,19.489 km,Diesel - Euro 6,Automatico,,San Giovanni Teatino (CH)
Volkswagen Golf GTD 2.0 TDI 200 CV DSG,https://www.automobile.it/ospitaletto-volkswagen-golf-gtd-2-0-tdi-200-cv-dsg/184526127,€ 29.900,Usato,Luglio 2021,65.000 km,Diesel - Euro 6,Automatico,,Ospitaletto (BS)
Volkswagen Golf GTI 2.0 TSI GTI DSG,https://www.automobile.it/milano-volkswagen-golf-gti-2-0-tsi-gti-dsg/184545306,€ 29.900,Usato,Ottobre 2021,75.000 km,Benzina - Euro 6,Automatico,,Milano (MI)
Volkswagen Golf GTI Golf 2.0 TSI GTI DSG PERFORMANCE,https://www.automobile.it/chivasso-volkswagen-golf-gti-golf-2-0-tsi-gti-dsg-performance/183927912,€ 29.900,Usato,Ottobre 2024,19.700 km,Benzina - Euro 6,Semiautomatico,Unico proprietario,Chivasso (TO)
Volkswagen Golf GTI Golf 2.0 TSI GTI DSG PERFORMANCE,https://www.automobile.it/chivasso-volkswagen-golf-gti-golf-2-0-tsi-gti-dsg-performance/183919345,€ 29.900,Usato,Dicembre 2023,20.800 km,Benzina - Euro 6,Automatico,Unico proprietario,Chivasso (TO)
Volkswagen Golf GTD 2.0 TDI 200 CV DSG,https://www.automobile.it/ospitaletto-volkswagen-golf-gtd-2-0-tdi-200-cv-dsg/184526127,€ 29.900,Usato,Luglio 2021,65.000 km,Diesel - Euro 6,Automatico,,Ospitaletto (BS)
Volkswagen Golf 2.0 TDI 150 CV DSG SCR Style,https://www.automobile.it/valdidentro-volkswagen-golf-2-0-tdi-150-cv-dsg-scr-style/184330204,€ 29.900,Usato,Marzo 2025,20.700 km,Diesel - Euro 6,Semiautomatico,,Valdidentro (SO)
Volkswagen Golf 2.0 tdi edition plus 115cv,https://www.automobile.it/padova-volkswagen-golf-2-0-tdi-edition-plus-115cv/184011537,€ 29.900,KM 0,Giugno 2026,Altro,115 CV (85 KW),Manuale,,Padova (PD)
Volkswagen Golf 2.0 tdi edition plus 115cv,https://www.automobile.it/padova-volkswagen-golf-2-0-tdi-edition-plus-115cv/184011558,€ 29.900,KM 0,Giugno 2026,Altro,115 CV (85 KW),Manuale,,Padova (PD)
Volkswagen Golf 2.0 tdi edition plus 115cv,https://www.automobile.it/padova-volkswagen-golf-2-0-tdi-edition-plus-115cv/184011548,€ 29.900,KM 0,Giugno 2026,Altro,115 CV (85 KW),Manuale,,Padova (PD)
Volkswagen Golf 2.0 tdi edition plus 115cv,https://www.automobile.it/padova-volkswagen-golf-2-0-tdi-edition-plus-115cv/184011539,€ 29.900,KM 0,Giugno 2026,Altro,115 CV (85 KW),Manuale,,Padova (PD)
Volkswagen Golf 2.0 tdi edition plus 115cv,https://www.automobile.it/padova-volkswagen-golf-2-0-tdi-edition-plus-115cv/184011520,€ 29.900,KM 0,Giugno 2026,Altro,115 CV (85 KW),Manuale,,Padova (PD)
Volkswagen Golf 2.0 TDI 150 CV DSG SCR R-Line,https://www.automobile.it/quarto-d-altino-volkswagen-golf-2-0-tdi-150-cv-dsg-scr-r-line/184607124,€ 29.900,Usato,Maggio 2024,61.000 km,Diesel - Euro 6,Automatico,,Quarto d'Altino (VE)
Volkswagen Golf GTI,https://www.automobile.it/modica-volkswagen-golf-gti/184572203,€ 29.900,Usato,Dicembre 2021,73.000 km,Benzina - Euro 6,Manuale,Unico proprietario,Modica (RG)
Volkswagen Golf 1.5 TSI eHybrid 50 Years DSG,https://www.automobile.it/mazara-vallo-volkswagen-golf-1-5-tsi-ehybrid-50-years-dsg/184501705,€ 29.900,Usato,Agosto 2024,17.304 km,Ibrido - Euro 6,Automatico,,Mazara del Vallo (TP)
Volkswagen Golf GTI Golf 2.0 TSI GTI DSG PERFORMANCE TETTO,https://www.automobile.it/chivasso-volkswagen-golf-gti-golf-2-0-tsi-gti-dsg-performance-tetto/184607900,€ 29.900,Usato,Dicembre 2023,19.600 km,Benzina - Euro 6,Automatico,Unico proprietario,Chivasso (TO)
Volkswagen Golf GTI Golf 2.0 TSI GTI DSG PERFORMANCE,https://www.automobile.it/chivasso-volkswagen-golf-gti-golf-2-0-tsi-gti-dsg-performance/184607901,€ 29.900,Usato,Novembre 2023,22.000 km,Benzina - Euro 6,Automatico,Unico proprietario,Chivasso (TO)
Volkswagen Golf GTI Golf 2.0 TSI GTI DSG PERFORMANCE,https://www.automobile.it/chivasso-volkswagen-golf-gti-golf-2-0-tsi-gti-dsg-performance/184613659,€ 29.900,Usato,Dicembre 2023,21.300 km,Benzina - Euro 6,Automatico,Unico proprietario,Chivasso (TO)
Volkswagen Golf GTI Golf 2.0 TSI GTI DSG PERFORMANCE,https://www.automobile.it/chivasso-volkswagen-golf-gti-golf-2-0-tsi-gti-dsg-performance/184607886,€ 29.900,Usato,Dicembre 2023,15.000 km,Benzina - Euro 6,Automatico,Unico proprietario,Chivasso (TO)
Volkswagen Golf 8 R 2.0 TSI DSG 4Motion AKRAPOVICH,https://www.automobile.it/pordenone-volkswagen-golf-8-r-2-0-tsi-dsg-4motion-akrapovich/184624120,€ 29.900,Usato,Luglio 2021,121.000 km,Benzina - Euro 6,Automatico,Più di 4 Proprietari,Pordenone (PN)
Volkswagen Golf 8 R 2.0 TSI DSG 4Motion AKRAPOVICH,https://www.automobile.it/pordenone-volkswagen-golf-8-r-2-0-tsi-dsg-4motion-akrapovich/184624121,€ 29.900,Usato,Luglio 2021,121.000 km,Benzina - Euro 6,Automatico,Più di 4 Proprietari,Pordenone (PN)
Volkswagen Golf GTI FULL SENZA VINCOLI,https://www.automobile.it/roma-volkswagen-golf-gti-full-vincoli/184628464,€ 29.900,Usato,Ottobre 2022,49.000 km,Benzina - Euro 6,Automatico,,Roma (RM)
Volkswagen Golf 2.0 TDI DSG GTD,https://www.automobile.it/siderno-volkswagen-golf-2-0-tdi-dsg-gtd/184624885,€ 29.900,Usato,Ottobre 2022,90.000 km,Diesel - Euro 6,Automatico,,Siderno (RC)
VOLKSWAGEN Golf 2.0 TSI DSG GTI,https://www.automobile.it/varallo-volkswagen-golf-2-0-tsi-dsg-gti/184635043,€ 29.900,Usato,Marzo 2024,25.909 km,Benzina - Euro 6,Semiautomatico,,Varallo (VC)
Volkswagen Golf 2.0 TDI 150 CV DSG SCR Style,https://www.automobile.it/sorbolo-volkswagen-golf-2-0-tdi-150-cv-dsg-scr-style/183731997,€ 29.950,Usato,Febbraio 2025,24.743 km,Diesel - Euro 6,Semiautomatico,Unico proprietario,Sorbolo (PR)
Volkswagen Golf 1.5 TSI eHybrid Edition Plus DSG,https://www.automobile.it/bologna-volkswagen-golf-1-5-tsi-ehybrid-edition-plus-dsg/183782540,€ 29.950,Usato,Settembre 2025,9.235 km,Ibrido - Euro 6,Automatico,,Bologna (BO)
Volkswagen Golf 1.5 tsi ehybrid 50 years 204cv dsg,https://www.automobile.it/bari-volkswagen-golf-1-5-tsi-ehybrid-50-years-204cv-dsg/184578295,€ 29.950,Usato,Luglio 2024,15.531 km,Altro,Automatico,,Bari (BA)
Volkswagen Golf 1.5 tsi ehybrid 50 years 204cv dsg,https://www.automobile.it/bari-volkswagen-golf-1-5-tsi-ehybrid-50-years-204cv-dsg/184586329,€ 29.950,Usato,Luglio 2024,9.295 km,Altro,Automatico,,Bari (BA)
Volkswagen Golf 1.5 TSI 115 CV ACT Life DSG 7 marce,https://www.automobile.it/chiari-volkswagen-golf-1-5-tsi-115-cv-act-life-dsg-7-marce/184547166,€ 29.950,KM 0,Febbraio 2026,Benzina - Euro 6,115 CV (85 KW),Automatico,,Chiari (BS)
Volkswagen Golf 2.0 TDI DSG GTD,https://www.automobile.it/rocca-neto-volkswagen-golf-2-0-tdi-dsg-gtd/182940134,€ 29.990,Usato,Dicembre 2021,130.000 km,Diesel - Euro 6,Automatico,,Rocca di Neto (KR)
Volkswagen Golf 2.0 TDI DSG GTD,https://www.automobile.it/tramonti-volkswagen-golf-2-0-tdi-dsg-gtd/184143801,€ 29.990,Usato,Novembre 2021,78.778 km,Diesel - Euro 6,Semiautomatico,,Tramonti (SA)
Volkswagen Golf GTI 2.0 TSI DSG,https://www.automobile.it/rosarno-volkswagen-golf-gti-2-0-tsi-dsg/184606173,€ 29.990,Usato,Settembre 2021,70.000 km,Benzina - Euro 6,Automatico,,Rosarno (RC)
"Volkswagen Golf 1.5 eTSI R-Line 150cv DSG *TETTO, 18"", PROMO AZZURRA*",https://www.automobile.it/suzzara-volkswagen-golf-1-5-etsi-r-line-150cv-dsg-tetto-18-promo-azzurra/184607297,€ 29.990,Usato,Marzo 2024,6.760 km,Ibrido - Euro 6,Automatico,,Suzzara (MN)
Volkswagen Golf 2.0 TDI 150 CV DSG SCR R-Line + TETTO CON 60 MILA KM,https://www.automobile.it/qualiano-volkswagen-golf-2-0-tdi-150-cv-dsg-scr-r-line-tetto-60-mila-km/184663706,€ 29.990,Usato,Settembre 2024,60.000 km,Diesel - Euro 6,Automatico,Unico proprietario,Qualiano (NA)
Volkswagen Golf 2.0 TDI 150 CV DSG SCR R-Line,https://www.automobile.it/roccafranca-volkswagen-golf-2-0-tdi-150-cv-dsg-scr-r-line/180540789,€ 29.999,Usato,Luglio 2022,56.000 km,Diesel - Euro 6,Automatico,,Roccafranca (BS)
Volkswagen Golf 2.0 tsi GTI Clubsport 45 300cv dsg,https://www.automobile.it/sant-egidio-monte-albino-volkswagen-golf-2-0-tsi-gti-clubsport-45-300cv-dsg/184621557,€ 29.999,Usato,Giugno 2021,65.000 km,Benzina,Automatico,Unico proprietario,Sant'Egidio del Monte Albino (SA)
VOLKSWAGEN Golf 8ª serie - Golf 1.5 TSI eHybrid DSG Edition Plus,https://www.automobile.it/capannori-volkswagen-golf-8-serie-golf-1-5-tsi-ehybrid-dsg-edition-plus/184610493,€ 30.000,Usato,Marzo 2025,16.800 km,Ibrido - Euro 6,Automatico,Unico proprietario,Capannori (LU)
VOLKSWAGEN Golf 8ª serie - Golf 1.5 TSI eHybrid DSG Edition Plus,https://www.automobile.it/vinci-volkswagen-golf-8-serie-golf-1-5-tsi-ehybrid-dsg-edition-plus/184610521,€ 30.000,Usato,Marzo 2025,16.800 km,Ibrido - Euro 6,Automatico,Unico proprietario,Vinci (FI)
