Annuncio,Prezzo,Tipologia,Immatricolazione,Chilometraggio,Carburante,Cambio,Classe Euro,Località,Provincia,Venditore,Link
Volkswagen Golf 2.0 TDI GTD DSG,26500,Usato,11/2021,126000 Km,Diesel,Sequenziale,Euro 6,Tertenia,OG,Rivenditore,https://www.subito.it/auto/volkswagen-golf-2-0-tdi-gtd-dsg-ogliastra-664011185.htm
Volkswagen Golf 2.0 TDI 115 CV SCR Edition Plus,20990,Usato,09/2024,84000 Km,Diesel,Manuale,Euro 6,Nicosia,EN,Rivenditore,https://www.subito.it/auto/volkswagen-golf-2-0-tdi-115-cv-scr-edition-plus-enna-661970792.htm
Volkswagen Golf GTI 2.0 TSI GTI DSG *IVA ESPOSTA*,22490,Usato,12/2023,44800 Km,Benzina,Automatico,Euro 6,Roma,RM,Rivenditore,https://www.subito.it/auto/volkswagen-golf-gti-2-0-tsi-gti-dsg-iva-esposta-roma-658002662.htm
Volkswagen Golf 1.5 TSI 150 CV EVO ACT R-Line,24900,Usato,03/2024,52000 Km,Benzina,Manuale,Euro 6,Sinalunga,SI,Rivenditore,https://www.subito.it/auto/volkswagen-golf-1-5-tsi-150-cv-evo-act-r-line-siena-655647276.htm
Volkswagen Golf 1.0 TSI EVO Life,16500,Usato,09/2021,76032 Km,Benzina,Manuale,Euro 6,Roma,RM,Rivenditore,https://www.subito.it/auto/volkswagen-golf-1-0-tsi-evo-life-roma-659993447.htm
Volkswagen Golf 2.0 TDI GTD DSG,26500,Usato,11/2021,126000 Km,Diesel,Sequenziale,Euro 6,Tertenia,OG,Rivenditore,https://www.subito.it/auto/volkswagen-golf-2-0-tdi-gtd-dsg-ogliastra-664003140.htm
Volkswagen Golf 2.0 TDI 115 CV SCR Edition Plus,26900,Usato,02/2025,8800 Km,Diesel,Manuale,Euro 6,Manduria,TA,Rivenditore,https://www.subito.it/auto/volkswagen-golf-2-0-tdi-115-cv-scr-edition-plus-taranto-640875664.htm
Volkswagen Golf 1.0 TSI EVO Life dsg 110cv,25500,Usato,04/2025,17700 Km,Diesel,Automatico,Euro 6,Modugno,BA,Rivenditore,https://www.subito.it/auto/volkswagen-golf-1-0-tsi-evo-life-dsg-110cv-bari-661864623.htm
Volkswagen Golf 2.0 TDI DSG SCR Style,18900,Usato,03/2023,145000 Km,Diesel,Automatico,Euro 6,Cagliari,CA,Rivenditore,https://www.subito.it/auto/volkswagen-golf-2-0-tdi-dsg-scr-style-cagliari-657070635.htm
VW GOLF 8 2.0 TDI SOLI KM83000 CERTIFIC ANDROID AU,18900,Usato,11/2021,83000 Km,Diesel,Automatico,Euro 6,Canicatti',AG,Rivenditore,https://www.subito.it/auto/vw-golf-8-2-0-tdi-soli-km83000-certific-android-au-agrigento-659049806.htm
Volkswagen Golf variant 2.0 tdi life 115cv,26900,Usato,07/2026,9 Km,Diesel,Manuale,Euro 6d-TEMP,Sassari,SS,Rivenditore,https://www.subito.it/auto/volkswagen-golf-variant-2-0-tdi-life-115cv-sassari-662814864.htm
Volkswagen Golf 1.5 etsi evo R-Line 130cv dsg,23990,Usato,05/2024,61200 Km,Ibrida,Sequenziale,Euro 6d,Manerbio,BS,Rivenditore,https://www.subito.it/auto/volkswagen-golf-1-5-etsi-evo-r-line-130cv-dsg-brescia-662698738.htm
Volkswagen Golf 1.0 TSI EVO Life,18490,Usato,08/2022,52087 Km,Benzina,Manuale,Euro 6,Broni,PV,Rivenditore,https://www.subito.it/auto/volkswagen-golf-1-0-tsi-evo-life-pavia-658640290.htm
VOLKSWAGEN Golf 1.5 TSI EVO ACT Life,21300,Usato,02/2023,72380 Km,Benzina,Manuale,Euro 6,Torino,TO,Rivenditore,https://www.subito.it/auto/volkswagen-golf-1-5-tsi-evo-act-life-torino-660401622.htm
Volkswagen Golf 2.0 TDI 115 CV SCR Life,16900,Usato,05/2023,81000 Km,Diesel,Manuale,Euro 6,Prato,PO,Rivenditore,https://www.subito.it/auto/volkswagen-golf-2-0-tdi-115-cv-scr-life-prato-663474211.htm
Volkswagen Golf GTI Performance 245cv-PROMO/I...,23900,Usato,02/2024,57300 Km,Benzina,Automatico,Euro 6,Roma,RM,Rivenditore,https://www.subito.it/auto/volkswagen-golf-gti-performance-245cv-promo-i-roma-646720422.htm
VOLKSWAGEN golf viii 2020 variant Golf Variant 2.0,27134,Km0,01/2024,,Diesel,Automatico,Euro 6,San Giorgio in Bosco,PD,Rivenditore,https://www.subito.it/auto/volkswagen-golf-viii-2020-variant-golf-variant-2-0-padova-655167447.htm
Golf 1.2 TSI 85 CV 5p. Trendline BlueMotion Tec...,14000,Usato,04/2023,77412 Km,Benzina,Manuale,Euro 6,Torre di Mosto,VE,Privato,https://www.subito.it/auto/golf-1-2-tsi-85-cv-5p-trendline-bluemotion-tec-venezia-663995596.htm
Volkswagen Golf 2.0 TDI SCR Style 116 CV,20900,Usato,04/2023,123000 Km,Diesel,Manuale,Euro 6,Sessa Aurunca,CE,Rivenditore,https://www.subito.it/auto/volkswagen-golf-2-0-tdi-scr-style-116-cv-caserta-663994357.htm
Volkswagen Golf 2.0 TDI SCR Style DSG,28900,Usato,03/2025,24684 Km,Diesel,Automatico,Euro 6d-TEMP,Lerici,SP,Rivenditore,https://www.subito.it/auto/volkswagen-golf-2-0-tdi-scr-style-dsg-la-spezia-663705195.htm
Volkswagen Golf 1.0 E TSI 110CV Life Cambio aut,14700,Usato,01/2023,110000 Km,Mild Hybrid Benzina,Automatico,Euro 6,Roma,RM,Rivenditore,https://www.subito.it/auto/volkswagen-golf-1-0-e-tsi-110cv-life-cambio-aut-roma-661744948.htm
Volkswagen Golf 1.5 TSI EVO ACT Life,18990,Usato,03/2021,51350 Km,Benzina,Manuale,Pre-Euro,Striano,NA,Rivenditore,https://www.subito.it/auto/volkswagen-golf-1-5-tsi-evo-act-life-napoli-651995039.htm
VOLKSWAGEN Golf 2.0 TDI 150 CV DSG SCR Editon Pl,24990,Usato,11/2024,22000 Km,Diesel,Sequenziale,Euro 6,Alcamo,TP,Rivenditore,https://www.subito.it/auto/volkswagen-golf-2-0-tdi-150-cv-dsg-scr-editon-pl-trapani-659886593.htm
Volkswagen Golf 2.0 TDI 115 CV SCR Life,20500,Usato,02/2022,80000 Km,Diesel,Automatico,Euro 6,Calatafimi-Segesta,TP,Rivenditore,https://www.subito.it/auto/volkswagen-golf-2-0-tdi-115-cv-scr-life-trapani-663991227.htm
Volkswagen Golf 2.0 Tdi 150CV DSG Style - IVA ESPO,26900,Usato,02/2025,23075 Km,Diesel,Automatico,Euro 6,Ravenna,RA,Rivenditore,https://www.subito.it/auto/volkswagen-golf-2-0-tdi-150cv-dsg-style-iva-espo-ravenna-661789443.htm
Volkswagen Golf 2.0 TDI 150CV DSG Style,26500,Usato,03/2025,22048 Km,Diesel,Automatico,Euro 6,Ravenna,RA,Rivenditore,https://www.subito.it/auto/volkswagen-golf-2-0-tdi-150cv-dsg-style-ravenna-661784334.htm
Volkswagen Golf 8.5 Variant 1.5 TSI 115 GARANZIA V,21990,Usato,10/2024,31000 Km,Benzina,Manuale,Euro 6,Udine,UD,Rivenditore,https://www.subito.it/auto/volkswagen-golf-8-5-variant-1-5-tsi-115-garanzia-v-udine-650076149.htm
Volkswagen Golf 2.0 TDI DSG SCR Life,21990,Usato,01/2023,69000 Km,Diesel,Automatico,Euro 6,Licata,AG,Rivenditore,https://www.subito.it/auto/volkswagen-golf-2-0-tdi-dsg-scr-life-agrigento-657875825.htm
Volkswagen Golf 2.0 TDI DSG SCR Life,21900,Usato,03/2022,118000 Km,Diesel,Sequenziale,Euro 6d,Racale,LE,Rivenditore,https://www.subito.it/auto/volkswagen-golf-2-0-tdi-dsg-scr-life-lecce-663987726.htm
Volkswagen Golf 1.4 TSI eHYBRID 204 CV DSG Style,22900,Usato,10/2021,70000 Km,Mild Hybrid Benzina,Automatico,Euro 6,Matera,MT,Rivenditore,https://www.subito.it/auto/volkswagen-golf-1-4-tsi-ehybrid-204-cv-dsg-style-matera-663986586.htm
Volkswagen Golf GOLF 1.0 TSI 110cv EVO LIFE,19900,Usato,05/2021,54100 Km,Benzina,Manuale,Euro 6,Galatina,LE,Rivenditore,https://www.subito.it/auto/volkswagen-golf-golf-1-0-tsi-110cv-evo-life-lecce-663072061.htm
VOLKSWAGEN Golf GTI 2.0 TSI DSG,24870,Usato,07/2022,87200 Km,Benzina,Automatico,Euro 6,Erba,CO,Rivenditore,https://www.subito.it/auto/volkswagen-golf-gti-2-0-tsi-dsg-como-655886498.htm
Volkswagen Golf 2.0 tdi life 115cv dsg,19600,Usato,09/2021,115654 Km,Diesel,Automatico,Euro 6d-TEMP,Sassari,SS,Rivenditore,https://www.subito.it/auto/volkswagen-golf-2-0-tdi-life-115cv-dsg-sassari-659057039.htm
Volkswagen Golf 2.0 TDI SCR Style *PREZZO REALE*,15500,Usato,06/2021,156000 Km,Diesel,Manuale,Euro 6,Como,CO,Rivenditore,https://www.subito.it/auto/volkswagen-golf-2-0-tdi-scr-style-prezzo-reale-como-651419205.htm
Volkswagen Golf VIII 2025 2.0 tdi Life 115cv PREZZ,23999,Usato,02/2025,21150 Km,Diesel,Manuale,Euro 6,Arzignano,VI,Rivenditore,https://www.subito.it/auto/volkswagen-golf-viii-2025-2-0-tdi-life-115cv-prezz-vicenza-660799155.htm
Volkswagen Golf Style 1.5 TSI EVO ACT 130 CV 6-spe,24500,Usato,05/2024,24770 Km,Benzina,Manuale,Euro 6,Villongo,BG,Rivenditore,https://www.subito.it/auto/volkswagen-golf-style-1-5-tsi-evo-act-130-cv-6-spe-bergamo-660702103.htm
Volkswagen Golf 1.0 TSI EVO Life NEOPATENTATI,18200,Usato,01/2022,89615 Km,Benzina,Automatico,Euro 6,Verona,VR,Rivenditore,https://www.subito.it/auto/volkswagen-golf-1-0-tsi-evo-life-neopatentati-verona-663981431.htm
Volkswagen Golf 2.0 TDI 150 CV DSG SCR Style,17900,Usato,04/2022,140000 Km,Diesel,Sequenziale,Euro 6,Udine,UD,Rivenditore,https://www.subito.it/auto/volkswagen-golf-2-0-tdi-150-cv-dsg-scr-style-udine-653305704.htm
Volkswagen Golf 2.0 TDI 150 CV DSG SCR Life,18800,Usato,09/2021,146000 Km,Diesel,Automatico,Euro 6,Seravezza,LU,Rivenditore,https://www.subito.it/auto/volkswagen-golf-2-0-tdi-150-cv-dsg-scr-life-lucca-663980837.htm
Volkswagen Golf 2.0 TDI 150 CV DSG SCR Style,21400,Usato,10/2022,40000 Km,Diesel,Automatico,Euro 6,San Casciano in Val di Pesa,FI,Rivenditore,https://www.subito.it/auto/volkswagen-golf-2-0-tdi-150-cv-dsg-scr-style-firenze-663979197.htm
Volkswagen golf viii 1.0 eTSI 110cv DSG Life Move,23890,Usato,05/2024,8258 Km,Mild Hybrid Benzina,Automatico,,Robecco sul Naviglio,MI,Rivenditore,https://www.subito.it/auto/volkswagen-golf-viii-1-0-etsi-110cv-dsg-life-move-milano-663477798.htm
Volkswagen Golf 2.0 tdi 115cv dsg,17490,Usato,03/2022,81900 Km,Diesel,Automatico,Euro 6,Roma,RM,Rivenditore,https://www.subito.it/auto/volkswagen-golf-2-0-tdi-115cv-dsg-roma-661387358.htm
Volkswagen Golf 2.0 TDI 115CV DSG Life,22500,Usato,01/2023,73133 Km,Diesel,Automatico,Euro 6,Ravenna,RA,Rivenditore,https://www.subito.it/auto/volkswagen-golf-2-0-tdi-115cv-dsg-life-ravenna-661781710.htm
Golf 8,18500,Usato,08/2022,81000 Km,Benzina,Manuale,Euro 6d-TEMP,Parma,PR,Privato,https://www.subito.it/auto/golf-8-parma-660487718.htm
Volkswagen Golf 2.0 TDI SCR Style IVA ESPOSTA PREZ,17200,Usato,05/2023,92300 Km,Diesel,Manuale,Euro 6,Marostica,VI,Rivenditore,https://www.subito.it/auto/volkswagen-golf-2-0-tdi-scr-style-iva-esposta-prez-vicenza-663972101.htm
VOLKSWAGEN Golf VIII 2020 - Golf 1.0 etsi evo Life,22500,Usato,03/2024,55716 Km,Ibrida,Automatico,Euro 6,Lucca,LU,Rivenditore,https://www.subito.it/auto/volkswagen-golf-viii-2020-golf-1-0-etsi-evo-life-lucca-663972200.htm
VOLKSWAGEN Golf 2.0 TDI DSG SCR Style U10689,22200,Usato,08/2021,55323 Km,Diesel,Automatico,Euro 6,Potenza,PZ,Rivenditore,https://www.subito.it/auto/volkswagen-golf-2-0-tdi-dsg-scr-style-u10689-potenza-663972140.htm
VOLKSWAGEN Golf 8 2.0 TDI Style DSG / Led / IVA,26850,Usato,03/2025,16300 Km,Diesel,Automatico,Euro 6d-TEMP,Tombolo,PD,Privato,https://www.subito.it/auto/volkswagen-golf-8-2-0-tdi-style-dsg-led-iva-padova-659579782.htm
GOLF 8 AUTOMATICA A METANO,19900,Usato,06/2021,92000 Km,Benzina/Metano,Sequenziale,Euro 6d-TEMP,Badia Polesine,RO,Privato,https://www.subito.it/auto/golf-8-automatica-a-metano-rovigo-661288852.htm
VOLKSWAGEN Golf 2.0 TDI 150 DSG Style,18500,Usato,05/2021,145000 Km,Diesel,Automatico,Euro 6,San Michele Salentino,BR,Rivenditore,https://www.subito.it/auto/volkswagen-golf-2-0-tdi-150-dsg-style-brindisi-663967027.htm
VOLKSWAGEN Golf 2.0 TDI 150 CV R-Line,23990,Usato,02/2022,111000 Km,Diesel,Manuale,Euro 6,San Michele Salentino,BR,Rivenditore,https://www.subito.it/auto/volkswagen-golf-2-0-tdi-150-cv-r-line-brindisi-663966889.htm
VOLKSWAGEN Golf 2.0 TDI 150 CV DSG SCR,17900,Usato,06/2021,107851 Km,Diesel,Automatico,Euro 6,Mazzano,BS,Rivenditore,https://www.subito.it/auto/volkswagen-golf-2-0-tdi-150-cv-dsg-scr-brescia-663966366.htm
VOLKSWAGEN Golf 2.0TDI 150CV DSG MOVE Style 18 R,23990,Usato,01/2024,65000 Km,Diesel,Automatico,Euro 6,Savigliano,CN,Rivenditore,https://www.subito.it/auto/volkswagen-golf-2-0tdi-150cv-dsg-move-style-18-r-cuneo-663966021.htm
VOLKSWAGEN Golf EG95278,18299,Usato,01/2021,87835 Km,Diesel,Automatico,Euro 6,Bologna,BO,Rivenditore,https://www.subito.it/auto/volkswagen-golf-eg95278-bologna-663964318.htm
Volkswagen Golf GTI 2.0 TSI GTI DSG 245cv Per...,25899,Usato,05/2023,58300 Km,Benzina,Automatico,Euro 6,Roma,RM,Rivenditore,https://www.subito.it/auto/volkswagen-golf-gti-2-0-tsi-gti-dsg-245cv-per-roma-663963692.htm
Volkswagen Golf GTI Performance 2.0 245cv - P...,23899,Usato,01/2023,72200 Km,Benzina,Automatico,Euro 6,Roma,RM,Rivenditore,https://www.subito.it/auto/volkswagen-golf-gti-performance-2-0-245cv-p-roma-663963681.htm
Volkswagen Golf 8 Life 2.0 TDI 115CV,19900,Usato,12/2022,95521 Km,Diesel,Manuale,Euro 6,Borgetto,PA,Rivenditore,https://www.subito.it/auto/volkswagen-golf-8-life-2-0-tdi-115cv-palermo-663962903.htm
Volkswagen Golf 1.5 tsi Life 115cv ACC Carpla...,22600,Usato,01/2025,16700 Km,Benzina,Manuale,Euro 6,Rimini,RN,Rivenditore,https://www.subito.it/auto/volkswagen-golf-1-5-tsi-life-115cv-acc-carpla-rimini-663962686.htm
Volkswagen Golf 2.0 tdi life 115cv dsg,22900,Usato,04/2024,51800 Km,Diesel,Automatico,Euro 6d-TEMP,Padova,PD,Rivenditore,https://www.subito.it/auto/volkswagen-golf-2-0-tdi-life-115cv-dsg-padova-663962107.htm
Volkswagen Golf 2.0 tsi GTI 245cv dsg,23900,Usato,12/2021,17998 Km,Benzina,Automatico,Euro 6,Roma,RM,Rivenditore,https://www.subito.it/auto/volkswagen-golf-2-0-tsi-gti-245cv-dsg-roma-663962087.htm
Volkswagen Golf 1.0 etsi evo life 110cv dsg,22400,Usato,03/2023,40909 Km,Ibrida,Automatico,Euro 6d-TEMP,Rende,CS,Rivenditore,https://www.subito.it/auto/volkswagen-golf-1-0-etsi-evo-life-110cv-dsg-cosenza-663962043.htm
Volkswagen Golf Life DSG BR314459 1.5 Mild Hybrid ,17290,Usato,06/2022,67367 Km,,Automatico,,Reggio nell'Emilia,RE,Rivenditore,https://www.subito.it/auto/volkswagen-golf-life-dsg-br314459-1-5-mild-hybrid-reggio-emilia-663960683.htm
Ayoub,29000,Usato,05/2021,74 Km,Benzina,Automatico,,Bologna,BO,Privato,https://www.subito.it/auto/ayoub-bologna-663959834.htm
GOLF 8  GTI CLUB SPORT,29000,Usato,05/2021,74000 Km,Benzina,Automatico,Euro 6d-TEMP,Bologna,BO,Privato,https://www.subito.it/auto/golf-8-gti-club-sport-bologna-663959777.htm
Volkswagen Golf 2.0 TDI DSG SCR Life,18900,Usato,08/2022,121000 Km,Diesel,Automatico,Euro 6d-TEMP,Arnesano,LE,Rivenditore,https://www.subito.it/auto/volkswagen-golf-2-0-tdi-dsg-scr-life-lecce-663956855.htm
Golf 8,17000,Usato,03/2022,130000 Km,Diesel,Sequenziale,Euro 6d-TEMP,Salo',BS,Privato,https://www.subito.it/auto/golf-8-brescia-663951081.htm
Volkswagen Golf 2.0 tdi Style 115cv dsg,17900,Usato,03/2021,77000 Km,Diesel,Automatico,Euro 6d,Parma,PR,Rivenditore,https://www.subito.it/auto/volkswagen-golf-2-0-tdi-style-115cv-dsg-parma-663949295.htm
"Volkswagen Golf 8, 2.0 *GARANZIA 24 MESI CONVENZIO",18999,Usato,11/2022,80000 Km,Diesel,Manuale,Euro 6,Chiampo,VI,Rivenditore,https://www.subito.it/auto/volkswagen-golf-8-2-0-garanzia-24-mesi-convenzio-vicenza-663947013.htm
VOLKSWAGEN Golf 2.0 TDI DSG SCR Life,18500,Usato,06/2022,131900 Km,Diesel,Sequenziale,Euro 6,San Michele Salentino,BR,Rivenditore,https://www.subito.it/auto/volkswagen-golf-2-0-tdi-dsg-scr-life-brindisi-663945626.htm
Volkswagen Golf Life DSG BR314459 1.5 Mild Hybrid ,17290,Usato,06/2022,67367 Km,,Automatico,,Cinisello Balsamo,MI,Rivenditore,https://www.subito.it/auto/volkswagen-golf-life-dsg-br314459-1-5-mild-hybrid-milano-663944423.htm
Volkswagen Golf 2.0 TDI 150 CV DSG SCR Style,25800,Usato,03/2025,26000 Km,Diesel,Automatico,Euro 6,Gozzano,NO,Rivenditore,https://www.subito.it/auto/volkswagen-golf-2-0-tdi-150-cv-dsg-scr-style-novara-635330407.htm
VOLKSWAGEN Golf 2.0 TDI 115 CV SCR Life,23900,Usato,03/2022,54621 Km,Diesel,Manuale,Euro 6,Torrenova,ME,Rivenditore,https://www.subito.it/auto/volkswagen-golf-2-0-tdi-115-cv-scr-life-messina-661002560.htm
Volkswagen Golf GTI 2.0 TSI DSG,28990,Usato,06/2022,85000 Km,Benzina,Automatico,Euro 6,Pontecorvo,FR,Rivenditore,https://www.subito.it/auto/volkswagen-golf-gti-2-0-tsi-dsg-frosinone-658188960.htm
VOLKSWAGEN Golf 1.500 BENZINA 130 CV LIFE ADATTA,23000,Usato,03/2023,8957 Km,Benzina,Manuale,Euro 6,Alba,CN,Rivenditore,https://www.subito.it/auto/volkswagen-golf-1-500-benzina-130-cv-life-adatta-cuneo-660021609.htm
Volkswagen Golf 1.5 eTSI 130 CV EVO ACT DSG Life,13900,Usato,04/2021,204000 Km,Mild Hybrid Benzina,Sequenziale,Euro 6,Bergamo,BG,Rivenditore,https://www.subito.it/auto/volkswagen-golf-1-5-etsi-130-cv-evo-act-dsg-life-bergamo-663937900.htm
Volkswagen Golf 1.5 eTSI 130 CV EVO ACT DSG R-Line,13900,Usato,03/2021,183000 Km,Mild Hybrid Benzina,Sequenziale,Euro 6,Bergamo,BG,Rivenditore,https://www.subito.it/auto/volkswagen-golf-1-5-etsi-130-cv-evo-act-dsg-r-line-bergamo-663937897.htm
VOLKSWAGEN golf viii 2020 Golf 1.0 etsi evo Life 1,22457,Usato,07/2023,50101 Km,Ibrida,Automatico,Euro 6,San Giorgio in Bosco,PD,Rivenditore,https://www.subito.it/auto/volkswagen-golf-viii-2020-golf-1-0-etsi-evo-life-1-padova-641691633.htm
Volkswagen Golf Variant 2.0 TDI SCR Life,14999,Usato,11/2022,120000 Km,Diesel,Manuale,Euro 6,Marano Vicentino,VI,Rivenditore,https://www.subito.it/auto/volkswagen-golf-variant-2-0-tdi-scr-life-vicenza-663935180.htm
"""HYBRID"" Volkswagen Golf 1.0 eTSI EVO DSG Life",17990,Usato,09/2021,83000 Km,Mild Hybrid Benzina,Sequenziale,Euro 6,Assisi,PG,Rivenditore,https://www.subito.it/auto/hybrid-volkswagen-golf-1-0-etsi-evo-dsg-life-perugia-661588568.htm
Volkswagen Golf 2.0 TDI 150 CV DSG SCR R-Line + TE,29990,Usato,09/2024,60000 Km,Diesel,Automatico,Euro 6,Qualiano,NA,Rivenditore,https://www.subito.it/auto/volkswagen-golf-2-0-tdi-150-cv-dsg-scr-r-line-te-napoli-663933097.htm
Volkswagen Golf 8 2.0 TDI Life,17850,Usato,05/2021,123000 Km,Diesel,Manuale,Euro 6d,Fiuggi,FR,Rivenditore,https://www.subito.it/auto/volkswagen-golf-8-2-0-tdi-life-frosinone-663922942.htm
Volkswagen Golf 2.0 TDI SCR 110KW Edition Plu...,27900,Km0,01/2026,,Diesel,Automatico,Euro 6d-TEMP,Mestrino,PD,Rivenditore,https://www.subito.it/auto/volkswagen-golf-2-0-tdi-scr-110kw-edition-plu-padova-659247431.htm
VW GOLF VIII TSI 110CV - UNICO PROPRIETARIO,18500,Usato,02/2023,83000 Km,Benzina,Manuale,Euro 6,Ton,TN,Rivenditore,https://www.subito.it/auto/vw-golf-viii-tsi-110cv-unico-proprietario-trento-662636711.htm
Volkswagen Golf 2.0 TDI 115cv Life,17900,Usato,09/2022,105000 Km,Diesel,Manuale,Euro 6,Capaccio Paestum,SA,Rivenditore,https://www.subito.it/auto/volkswagen-golf-2-0-tdi-115cv-life-salerno-661689981.htm
VOLKSWAGEN Golf 8ª serie Golf 2.0 TDI 150 CV DSG S,25400,Usato,02/2025,26902 Km,Diesel,Automatico,Euro 6,Roma,RM,Rivenditore,https://www.subito.it/auto/volkswagen-golf-8-serie-golf-2-0-tdi-150-cv-dsg-s-roma-662870400.htm
Volkswagen Golf 1.5 eTSI ACT Edition Plus DSG,29500,Km0,04/2026,,Ibrida,Automatico,Euro 6d-TEMP,Mestrino,PD,Rivenditore,https://www.subito.it/auto/volkswagen-golf-1-5-etsi-act-edition-plus-dsg-padova-659247425.htm
Volkswagen Golf 8 Variant 2.0 TDI HIGHLINE SCR DSG,16500,Usato,03/2023,129000 Km,Diesel,Automatico,Euro 6,Morgano,TV,Rivenditore,https://www.subito.it/auto/volkswagen-golf-8-variant-2-0-tdi-highline-scr-dsg-treviso-663393288.htm
"Volkswagen Golf 2.0 Tdi, EURO 6D",12800,Usato,08/2021,200000 Km,Diesel,Manuale,Euro 6,Genova,GE,Rivenditore,https://www.subito.it/auto/volkswagen-golf-2-0-tdi-euro-6d-genova-663927252.htm
Volkswagen Golf GTI 2.0 TSI GTI DSG Performan...,26900,Usato,05/2023,64200 Km,Benzina,Automatico,Euro 6,Roma,RM,Rivenditore,https://www.subito.it/auto/volkswagen-golf-gti-2-0-tsi-gti-dsg-performan-roma-658826530.htm
VOLKSWAGEN Golf 8.5 2.0 TDI 150 CV DSG Style - P,27900,Usato,03/2025,21653 Km,Diesel,Sequenziale,Euro 6,Torino,TO,Rivenditore,https://www.subito.it/auto/volkswagen-golf-8-5-2-0-tdi-150-cv-dsg-style-p-torino-644511592.htm
VOLKSWAGEN Golf 2.0 TDI DSG 116CV Life,21000,Usato,02/2024,72118 Km,Diesel,Automatico,Euro 6,Arsie',BL,Rivenditore,https://www.subito.it/auto/volkswagen-golf-2-0-tdi-dsg-116cv-life-belluno-662752391.htm
Volkswagen Golf 1.5 TSI EVO ACT Life,23500,Usato,08/2023,58950 Km,Benzina,Manuale,Euro 6,Lerici,SP,Rivenditore,https://www.subito.it/auto/volkswagen-golf-1-5-tsi-evo-act-life-la-spezia-663705149.htm
Volkswagen Golf 1.5 eTSI EVO ACT Life DSG,22900,Usato,07/2023,67821 Km,Ibrida,Automatico,Euro 6,Torino,TO,Rivenditore,https://www.subito.it/auto/volkswagen-golf-1-5-etsi-evo-act-life-dsg-torino-662174301.htm
VOLKSWAGEN golf viii 2020 variant Golf Variant 2.0,27134,Km0,01/2024,,Diesel,Automatico,Euro 6,Barzago,LC,Rivenditore,https://www.subito.it/auto/volkswagen-golf-viii-2020-variant-golf-variant-2-0-lecco-655167991.htm
Volkswagen Golf 2.0 TDI 116 CV DSG Life,17500,Usato,10/2022,150000 Km,Diesel,Sequenziale,Euro 6,Solofra,AV,Rivenditore,https://www.subito.it/auto/volkswagen-golf-2-0-tdi-116-cv-dsg-life-avellino-663921460.htm
VOLKSWAGEN Golf 1.5 TSI 115 CV Life,21900,Usato,02/2025,19000 Km,Benzina,Manuale,Euro 6,Venezia,VE,Rivenditore,https://www.subito.it/auto/volkswagen-golf-1-5-tsi-115-cv-life-venezia-661023526.htm
Volkswagen Golf 2.0 Tdi 150CV DSG Style - IVA ESPO,26500,Usato,05/2025,26248 Km,Diesel,Automatico,Euro 6,Ravenna,RA,Rivenditore,https://www.subito.it/auto/volkswagen-golf-2-0-tdi-150cv-dsg-style-iva-espo-ravenna-661782357.htm
Volkswagen Golf 2.0 TDI 150 CV DSG SCR Editon Plus,25499,Usato,11/2024,17000 Km,Diesel,Sequenziale,Euro 6,Alessandria,AL,Rivenditore,https://www.subito.it/auto/volkswagen-golf-2-0-tdi-150-cv-dsg-scr-editon-plus-alessandria-662147401.htm
Volkswagen Golf 1.4 GTE dsg,26500,Usato,01/2022,55000 Km,Ibrida,Automatico,Euro 6,Monza,MB,Rivenditore,https://www.subito.it/auto/volkswagen-golf-1-4-gte-dsg-monza-661932558.htm
Volkswagen Golf 1.0 TSI EVO Life,17490,Usato,11/2022,76842 Km,Benzina,Manuale,Euro 6d-TEMP,Marcianise,CE,Rivenditore,https://www.subito.it/auto/volkswagen-golf-1-0-tsi-evo-life-caserta-662682631.htm
Volkswagen Golf 1.5 E- TSI EVO ACT Life DSG,17900,Usato,02/2022,78000 Km,Benzina,Automatico,Euro 6,Roma,RM,Rivenditore,https://www.subito.it/auto/volkswagen-golf-1-5-e-tsi-evo-act-life-dsg-roma-663918582.htm
V.W. GOLF 2.0 TDI 150 CV DSG STYLE,23900,Usato,12/2025,15000 Km,Diesel,Automatico,Euro 6,San Valentino Torio,SA,Rivenditore,https://www.subito.it/auto/v-w-golf-2-0-tdi-150-cv-dsg-style-salerno-663917172.htm
VOLKSWAGEN GOLF 8 2.0 TDI 115 CV DSG FULL NEO PATE,21900,Usato,10/2022,99000 Km,Diesel,Sequenziale,Euro 6,Pietraperzia,EN,Rivenditore,https://www.subito.it/auto/volkswagen-golf-8-2-0-tdi-115-cv-dsg-full-neo-pate-enna-650636135.htm
VOLKSWAGEN Golf 2.0 TDI 115 CV SCR Life,17490,Usato,08/2022,162767 Km,Diesel,Manuale,Euro 6,Cassino,FR,Rivenditore,https://www.subito.it/auto/volkswagen-golf-2-0-tdi-115-cv-scr-life-frosinone-660285942.htm
Volkswagen Golf 1.5 tgi active,24000,Usato,06/2023,46865 Km,Benzina/Metano,Automatico,,Fermo,FM,Rivenditore,https://www.subito.it/auto/volkswagen-golf-1-5-tgi-active-fermo-657006621.htm
Volkswagen Golf 1.5 TSI EVO ACT Life,20800,Usato,03/2024,18000 Km,Benzina,Manuale,Euro 6,Leini,TO,Rivenditore,https://www.subito.it/auto/volkswagen-golf-1-5-tsi-evo-act-life-torino-652932585.htm
VOLKSWAGEN Golf 2.0 TDI 115 CV SCR Life,17900,Usato,07/2021,134000 Km,Diesel,Manuale,Euro 6,San Michele Salentino,BR,Rivenditore,https://www.subito.it/auto/volkswagen-golf-2-0-tdi-115-cv-scr-life-brindisi-662126579.htm
VOLKSWAGEN Golf 2.0 tdi Style 150cv dsg,26990,Usato,02/2025,36879 Km,Diesel,Automatico,Euro 6,Pordenone,PN,Rivenditore,https://www.subito.it/auto/volkswagen-golf-2-0-tdi-style-150cv-dsg-pordenone-663914934.htm
Volkswagen Golf 2.0 TDI 115CV Life,19500,Usato,06/2021,83070 Km,Diesel,Manuale,Euro 6,Ravenna,RA,Rivenditore,https://www.subito.it/auto/volkswagen-golf-2-0-tdi-115cv-life-ravenna-661787813.htm
Volkswagen Golf GTI 2.0 TSI 245 cv Varie disponibi,27990,Usato,08/2022,32000 Km,Benzina,Automatico,Euro 6e,Roma,RM,Rivenditore,https://www.subito.it/auto/volkswagen-golf-gti-2-0-tsi-245-cv-varie-disponibi-roma-650438643.htm
Volkswagen Golf VIII 1.5TSI 150 kW Goal Edition DS,24200,Usato,03/2025,50000 Km,Benzina,Automatico,Euro 6,Roma,RM,Rivenditore,https://www.subito.it/auto/volkswagen-golf-viii-1-5tsi-150-kw-goal-edition-ds-roma-651679870.htm
VOLKSWAGEN Golf 8ª serie Golf 1.5 eTSI 130 CV EVO ,20500,Usato,05/2021,80577 Km,Mild Hybrid Benzina,Automatico,Euro 6,Casalmoro,MN,Rivenditore,https://www.subito.it/auto/volkswagen-golf-8-serie-golf-1-5-etsi-130-cv-evo-mantova-663912330.htm
VOLKSWAGEN Golf 8ª serie Golf 2.0 TDI 150 CV DSG S,25400,Usato,02/2025,26902 Km,Diesel,Automatico,Euro 6,Casalmoro,MN,Rivenditore,https://www.subito.it/auto/volkswagen-golf-8-serie-golf-2-0-tdi-150-cv-dsg-s-mantova-663912319.htm
VOLKSWAGEN Golf 8ª serie Golf 1.5 eTSI 150 CV EVO ,25890,Usato,03/2022,40402 Km,Mild Hybrid Benzina,Automatico,Euro 6,Casalmoro,MN,Rivenditore,https://www.subito.it/auto/volkswagen-golf-8-serie-golf-1-5-etsi-150-cv-evo-mantova-663912308.htm
VOLKSWAGEN Golf 8ª serie Golf 1.0 eTSI EVO DSG Lif,20900,Usato,03/2023,21578 Km,Mild Hybrid Benzina,Automatico,Euro 6,Casalmoro,MN,Rivenditore,https://www.subito.it/auto/volkswagen-golf-8-serie-golf-1-0-etsi-evo-dsg-lif-mantova-663912212.htm
Volkswagen Golf Hybrid Benzina Automatica,13900,Usato,02/2021,95000 Km,Mild Hybrid Benzina,Automatico,Euro 6,Milano,MI,Rivenditore,https://www.subito.it/auto/volkswagen-golf-hybrid-benzina-automatica-milano-663911751.htm
GOLF GTD,27999,Usato,01/2021,109000 Km,Diesel,Automatico,Euro 6e,Melicucco,RC,Privato,https://www.subito.it/auto/golf-gtd-reggio-calabria-663911076.htm
Volkswagen Golf Hybrid/Benzina Automatica,16900,Usato,03/2023,56000 Km,Mild Hybrid Benzina,Automatico,Euro 6,Milano,MI,Rivenditore,https://www.subito.it/auto/volkswagen-golf-hybrid-benzina-automatica-milano-663910944.htm
Volkswagen Golf 1.0 TSI EVO Life,19900,Usato,10/2023,50000 Km,Benzina,Manuale,Euro 6,Torino,TO,Rivenditore,https://www.subito.it/auto/volkswagen-golf-1-0-tsi-evo-life-torino-663910285.htm
VOLKSWAGEN GOLF 8 2.0 TDI 115cv NAV/LUCI AMBIENT,18990,Usato,10/2022,120000 Km,Diesel,Manuale,Euro 6,Guagnano,LE,Rivenditore,https://www.subito.it/auto/volkswagen-golf-8-2-0-tdi-115cv-nav-luci-ambient-lecce-663909370.htm
Volkswagen Golf Variant 2.0 TDI SCR Style,13990,Usato,06/2022,151301 Km,Diesel,Manuale,Euro 6,Broni,PV,Rivenditore,https://www.subito.it/auto/volkswagen-golf-variant-2-0-tdi-scr-style-pavia-651879715.htm
Volkswagen Golf VIII 2.0 tdi Life 115cv,19500,Usato,02/2022,79000 Km,Diesel,Manuale,Euro 6,Altamura,BA,Rivenditore,https://www.subito.it/auto/volkswagen-golf-viii-2-0-tdi-life-115cv-bari-662430669.htm
VOLKSWAGEN Golf GTD GARANZIA UFFICIALE VW,26900,Usato,11/2021,110000 Km,Diesel,Automatico,Euro 6,Bianco,RC,Rivenditore,https://www.subito.it/auto/volkswagen-golf-gtd-garanzia-ufficiale-vw-reggio-calabria-663906611.htm
Volkswagen Golf GTI 2.0 TSI DSG,28999,Usato,10/2023,57500 Km,Benzina,Automatico,Euro 6,Roma,RM,Rivenditore,https://www.subito.it/auto/volkswagen-golf-gti-2-0-tsi-dsg-roma-660809833.htm
Volkswagen Golf 1.0 eTSI EVO DSG Life,18500,Usato,05/2022,73599 Km,Mild Hybrid Benzina,Automatico,Euro 6,Villongo,BG,Rivenditore,https://www.subito.it/auto/volkswagen-golf-1-0-etsi-evo-dsg-life-bergamo-661348618.htm
VOLKSWAGEN GOLF 8 1.5 TGI,19500,Usato,02/2021,68000 Km,Benzina/Metano,Automatico,Euro 6d-TEMP,Parma,PR,Rivenditore,https://www.subito.it/auto/volkswagen-golf-8-1-5-tgi-parma-658641258.htm
VOLKSWAGEN Golf 8ª serie Golf 1.0 TSI EVO Life,21900,Usato,05/2024,49693 Km,Benzina,Manuale,Euro 6,Roma,RM,Rivenditore,https://www.subito.it/auto/volkswagen-golf-8-serie-golf-1-0-tsi-evo-life-roma-662870764.htm
Volkswagen Golf Variant 2.0 TDI SCR Life,17400,Usato,08/2022,56000 Km,Diesel,Manuale,Euro 6,Prato,PO,Rivenditore,https://www.subito.it/auto/volkswagen-golf-variant-2-0-tdi-scr-life-prato-663474252.htm
VOLKSWAGEN Golf JZ65232,25999,Usato,10/2023,48874 Km,Ibrida,Automatico,Euro 6,Verona,VR,Rivenditore,https://www.subito.it/auto/volkswagen-golf-jz65232-verona-663902472.htm
VOLKSWAGEN Golf EP83244,23899,Usato,07/2024,42091 Km,Ibrida,Automatico,Euro 6,Verona,VR,Rivenditore,https://www.subito.it/auto/volkswagen-golf-ep83244-verona-663902199.htm
Volkswagen Golf 2.0 TDI DSG SCR Life,18900,Usato,02/2022,128800 Km,Diesel,Automatico,Euro 6e,Montirone,BS,Rivenditore,https://www.subito.it/auto/volkswagen-golf-2-0-tdi-dsg-scr-life-brescia-646597502.htm
Volkswagen Golf Variant 1.6 TDI 115 CV Business Bl,12500,Usato,03/2021,148000 Km,Diesel,Automatico,Euro 6,Qualiano,NA,Rivenditore,https://www.subito.it/auto/volkswagen-golf-variant-1-6-tdi-115-cv-business-bl-napoli-663586001.htm
VOLKSWAGEN - Golf - 2.0 TDI 150 CV DSG SCR R-Line,23500,Usato,04/2023,149000 Km,Diesel,Automatico,Euro 6,Maniace,CT,Rivenditore,https://www.subito.it/auto/volkswagen-golf-2-0-tdi-150-cv-dsg-scr-r-line-catania-661227492.htm
Volkswagen Golf 1.4 Plug-In Hybrid DSG GTE,19900,Usato,01/2021,95600 Km,Mild Hybrid Benzina,Automatico,Euro 6,Roma,RM,Rivenditore,https://www.subito.it/auto/volkswagen-golf-1-4-plug-in-hybrid-dsg-gte-roma-659148535.htm
Golf 8 GTI,28000,Usato,06/2021,63700 Km,Benzina,Sequenziale,Euro 6d-TEMP,Seregno,MB,Privato,https://www.subito.it/auto/golf-8-gti-monza-663147837.htm
Volkswagen Golf Variant 1.5 TGI LIFE,24800,Usato,04/2023,26780 Km,Benzina/Metano,Automatico,,Fermo,FM,Rivenditore,https://www.subito.it/auto/volkswagen-golf-variant-1-5-tgi-life-fermo-652113672.htm
Volkswagen Golf 2.0 TDI 150 CV DSG SCR Editon Plus,24999,Usato,11/2024,20000 Km,Diesel,Sequenziale,Euro 6,Alessandria,AL,Rivenditore,https://www.subito.it/auto/volkswagen-golf-2-0-tdi-150-cv-dsg-scr-editon-plus-alessandria-654443341.htm
VOLKSWAGEN Golf 1.0 eTSI EVO DSG Life NAVY cruis,19300,Usato,06/2023,53221 Km,Ibrida,Sequenziale,Euro 6,Foggia,FG,Rivenditore,https://www.subito.it/auto/volkswagen-golf-1-0-etsi-evo-dsg-life-navy-cruis-foggia-656609804.htm
Volkswagen golf viii 1.0 eTSI 110cv DSG Life Move,23290,Usato,04/2024,21945 Km,Mild Hybrid Benzina,Automatico,,Robecco sul Naviglio,MI,Rivenditore,https://www.subito.it/auto/volkswagen-golf-viii-1-0-etsi-110cv-dsg-life-move-milano-654308850.htm
Volkswagen Golf Variant 1.5 TSI ACT Edition Plus,24600,Km0,07/2026,,Benzina,Manuale,Euro 6,Palermo,PA,Rivenditore,https://www.subito.it/auto/volkswagen-golf-variant-1-5-tsi-act-edition-plus-palermo-656781470.htm
VOLKSWAGEN GOLF 8 2.0 TDI 115 CV NEO PATENTATI FUL,16900,Usato,11/2021,159000 Km,Diesel,Manuale,Euro 6,Pietraperzia,EN,Rivenditore,https://www.subito.it/auto/volkswagen-golf-8-2-0-tdi-115-cv-neo-patentati-ful-enna-659955974.htm
Volkswagen Golf 2.0 tsi GTI 245cv - Unipro - Promo,25990,Usato,09/2021,25000 Km,Benzina,Automatico,Euro 6d,Roma,RM,Rivenditore,https://www.subito.it/auto/volkswagen-golf-2-0-tsi-gti-245cv-unipro-promo-roma-663404978.htm
VOLKSWAGEN Golf 2.0 TDI 115 CV SCR Life,23500,Usato,02/2025,25616 Km,Diesel,Manuale,Euro 6,San Michele Salentino,BR,Rivenditore,https://www.subito.it/auto/volkswagen-golf-2-0-tdi-115-cv-scr-life-brindisi-646844163.htm
Volkswagen Golf 2.0 TDI LED VIRTUAL,17999,Usato,01/2022,137000 Km,Diesel,Manuale,Euro 6e,Sant'Elia Fiumerapido,FR,Rivenditore,https://www.subito.it/auto/volkswagen-golf-2-0-tdi-led-virtual-frosinone-638031815.htm
Volkswagen Golf 1.4 tsi ehybrid Style 204cv dsg,20990,Usato,12/2021,82000 Km,Ibrida,Automatico,Euro 6e,Ceprano,FR,Rivenditore,https://www.subito.it/auto/volkswagen-golf-1-4-tsi-ehybrid-style-204cv-dsg-frosinone-649815447.htm
Volkswagen Golf 2.0 TDI 150 CV DSG SCR Style,25999,Usato,04/2021,50144 Km,Diesel,Automatico,Euro 6,Montebello Jonico,RC,Rivenditore,https://www.subito.it/auto/volkswagen-golf-2-0-tdi-150-cv-dsg-scr-style-reggio-calabria-621260923.htm
Volkswagen Golf 1.5 TSI 150 CV ACT Edition Plus R ,25400,Usato,05/2025,56129 Km,Benzina,Automatico,Euro 6,Roma,RM,Rivenditore,https://www.subito.it/auto/volkswagen-golf-1-5-tsi-150-cv-act-edition-plus-r-roma-661551256.htm
Volkswagen Golf GTE 1.4 Plug-In Hybrid DSG,20999,Usato,03/2021,86827 Km,Mild Hybrid Benzina,Sequenziale,Euro 6,Roma,RM,Rivenditore,https://www.subito.it/auto/volkswagen-golf-gte-1-4-plug-in-hybrid-dsg-roma-662929419.htm
VOLKSWAGEN Golf 2.0 TDI DSG SCR Style SCONTO ROT,21490,Usato,03/2022,89000 Km,Diesel,Sequenziale,Euro 6,Scurcola Marsicana,AQ,Rivenditore,https://www.subito.it/auto/volkswagen-golf-2-0-tdi-dsg-scr-style-sconto-rot-l-aquila-652936905.htm
Volkswagen Golf 1.5 TSI EVO ACT R-Line,27600,Usato,04/2024,200 Km,Benzina,Manuale,Euro 6,Ottaviano,NA,Rivenditore,https://www.subito.it/auto/volkswagen-golf-1-5-tsi-evo-act-r-line-napoli-663482669.htm
VOLKSWAGEN Golf 2.0 TDI 115 CV UNITED (IMPORT.),16400,Usato,06/2021,100200 Km,Diesel,Manuale,Euro 6d-TEMP,Vignolo,CN,Privato,https://www.subito.it/auto/volkswagen-golf-2-0-tdi-115-cv-united-import-cuneo-663176201.htm
Volkswagen Golf GTI 2.0 TSI DSG 245cv,26500,Usato,04/2021,62890 Km,Benzina,Automatico,Euro 6,Sedriano,MI,Rivenditore,https://www.subito.it/auto/volkswagen-golf-gti-2-0-tsi-dsg-245cv-milano-663891732.htm
Volkswagen Golf 2.0 tsi GTI 245cv dsg,28990,Usato,01/2021,33200 Km,Benzina,Automatico,Euro 6,Ponte San Nicolo',PD,Rivenditore,https://www.subito.it/auto/volkswagen-golf-2-0-tsi-gti-245cv-dsg-padova-649665048.htm
Volkswagen Golf GTI 2.0 TSI GTI DSG 245cv -- ...,23900,Usato,01/2024,57300 Km,Benzina,Automatico,Euro 6,Roma,RM,Rivenditore,https://www.subito.it/auto/volkswagen-golf-gti-2-0-tsi-gti-dsg-245cv-roma-658205934.htm
Volkswagen Golf 2.0 TDI 150 CV DSG SCR Life GOAL,26499,Usato,09/2025,24760 Km,Diesel,Automatico,Euro 6,Roma,RM,Rivenditore,https://www.subito.it/auto/volkswagen-golf-2-0-tdi-150-cv-dsg-scr-life-goal-roma-661605960.htm
VOLKSWAGEN GOLF 1.5 TSI 150 CV ACT LIF,25100,Usato,07/2025,25413 Km,Ibrida,Automatico,Euro 6,Cassola,VI,Rivenditore,https://www.subito.it/auto/volkswagen-golf-1-5-tsi-150-cv-act-lif-vicenza-659570503.htm
Volkswagen Golf VIII 2.0 tdi Style 115cv,19500,Usato,06/2022,82000 Km,Diesel,Manuale,Euro 6,Altamura,BA,Rivenditore,https://www.subito.it/auto/volkswagen-golf-viii-2-0-tdi-style-115cv-bari-658282061.htm
Volkswagen Golf Variant 1.0 eTSI EVO DSG Life,19999,Usato,03/2023,58000 Km,Mild Hybrid Benzina,Automatico,Euro 6,Gattatico,RE,Rivenditore,https://www.subito.it/auto/volkswagen-golf-variant-1-0-etsi-evo-dsg-life-reggio-emilia-663415718.htm
Volkswagen Golf 1.5 TSI EVO ACT Style,18900,Usato,09/2021,100507 Km,Benzina,Manuale,Euro 6,Lerici,SP,Rivenditore,https://www.subito.it/auto/volkswagen-golf-1-5-tsi-evo-act-style-la-spezia-663705576.htm
Golf 8 r line grigia anno 2024,25000,Usato,03/2024,45310 Km,Diesel,Manuale,Euro 6d-TEMP,Carrara,MS,Privato,https://www.subito.it/auto/golf-8-r-line-grigia-anno-2024-massa-carrara-663885031.htm
Volkswagen Golf 1.0 TSI EVO Life dsg 110cv,17500,Usato,02/2021,74000 Km,Benzina,Automatico,Euro 6,Altamura,BA,Rivenditore,https://www.subito.it/auto/volkswagen-golf-1-0-tsi-evo-life-dsg-110cv-bari-648031664.htm
Volkswagen Golf 1.4 tsi ehybrid Style 204cv dsg,22600,Usato,11/2021,65607 Km,Ibrida,Sequenziale,Euro 6d,Oristano,OR,Rivenditore,https://www.subito.it/auto/volkswagen-golf-1-4-tsi-ehybrid-style-204cv-dsg-oristano-658127450.htm
Volkswagen Golf 1.5 TSI eHybrid DSG Edition Plus 2,28200,Usato,05/2025,16000 Km,Mild Hybrid Benzina,Automatico,Euro 6,Gozzano,NO,Rivenditore,https://www.subito.it/auto/volkswagen-golf-1-5-tsi-ehybrid-dsg-edition-plus-2-novara-657470814.htm
Volkswagen Golf 1.5 etsi evo R-Line 130cv dsg,21890,Usato,07/2022,68625 Km,Ibrida,Automatico,Euro 6,Scandiano,RE,Rivenditore,https://www.subito.it/auto/volkswagen-golf-1-5-etsi-evo-r-line-130cv-dsg-reggio-emilia-663626377.htm
VOLKSWAGEN Golf 2.0 TDI 150 CV DSG SCR Life,22880,Usato,03/2023,32000 Km,Diesel,Automatico,Euro 6,Crema,CR,Rivenditore,https://www.subito.it/auto/volkswagen-golf-2-0-tdi-150-cv-dsg-scr-life-cremona-658729788.htm
Golf GTD,26000,Usato,02/2022,128000 Km,Diesel,Sequenziale,Euro 6d-TEMP,Foggia,FG,Privato,https://www.subito.it/auto/golf-gtd-foggia-663880885.htm
Golf 2.0 tdi Life 115cv,20300,Usato,05/2021,47619 Km,Diesel,Manuale,Euro 6,Fucecchio,FI,Rivenditore,https://www.subito.it/auto/golf-2-0-tdi-life-115cv-firenze-663880835.htm
Volkswagen Golf GTI 2.0 TSI GTI DSG,29900,Usato,10/2021,75000 Km,Benzina,Automatico,Euro 6,Milano,MI,Rivenditore,https://www.subito.it/auto/volkswagen-golf-gti-2-0-tsi-gti-dsg-milano-661932702.htm
Volkswagen Golf 2.0 TDI 115 CV SCR Life,16400,Usato,09/2022,149000 Km,Diesel,Manuale,Euro 6,Tricesimo,UD,Rivenditore,https://www.subito.it/auto/volkswagen-golf-2-0-tdi-115-cv-scr-life-udine-663877436.htm
VOLKSWAGEN Golf 2.0 TDI 115 CV SCR Life,27500,Usato,02/2025,28487 Km,Diesel,Manuale,Euro 6,Torrenova,ME,Rivenditore,https://www.subito.it/auto/volkswagen-golf-2-0-tdi-115-cv-scr-life-messina-656664880.htm
Golf tdi dsg,22000,Usato,12/2021,67000 Km,Diesel,Sequenziale,Euro 6d-TEMP,San Michele Mondovi',CN,Privato,https://www.subito.it/auto/golf-tdi-dsg-cuneo-663875596.htm
Volkswagen Golf 1.0 eTSI EVO DSG Life,16990,Usato,07/2022,110000 Km,Mild Hybrid Benzina,Automatico,Euro 6,Roma,RM,Rivenditore,https://www.subito.it/auto/volkswagen-golf-1-0-etsi-evo-dsg-life-roma-663479036.htm
Volkswagen Golf 1.5 TSI eHybrid 50 Years DSG,29900,Usato,08/2024,17304 Km,Ibrida,Automatico,Euro 6d-TEMP,Mazara del Vallo,TP,Rivenditore,https://www.subito.it/auto/volkswagen-golf-1-5-tsi-ehybrid-50-years-dsg-trapani-660152318.htm
VOLKSWAGEN Golf 8ª serie Golf 2.0 TDI DSG SCR Life,23900,Usato,12/2023,19952 Km,Diesel,Automatico,Euro 6,Roma,RM,Rivenditore,https://www.subito.it/auto/volkswagen-golf-8-serie-golf-2-0-tdi-dsg-scr-life-roma-662870091.htm
Volkswagen Golf 1.4 TSI eHybrid DSG Style 204CV,27900,Usato,11/2022,50342 Km,Ibrida,Automatico,Euro 6,Perugia,PG,Rivenditore,https://www.subito.it/auto/volkswagen-golf-1-4-tsi-ehybrid-dsg-style-204cv-perugia-655983399.htm
Volkswagen Golf GOLF 2.0 tdi Life 115cv dsg,17999,Usato,04/2021,140000 Km,Diesel,Automatico,Euro 6,Olbia,OT,Rivenditore,https://www.subito.it/auto/volkswagen-golf-golf-2-0-tdi-life-115cv-dsg-gallura-656405694.htm
Volkswagen Golf 2.0 TDI GTD DSG,25000,Usato,09/2021,140000 Km,Diesel,Sequenziale,Euro 6,Latiano,BR,Rivenditore,https://www.subito.it/auto/volkswagen-golf-2-0-tdi-gtd-dsg-brindisi-640480891.htm
VOLKSWAGEN GOLF 2.0 TDI 150 CV DSG SCR,26040,Usato,03/2025,25506 Km,Diesel,Automatico,Euro 6,Cassola,VI,Rivenditore,https://www.subito.it/auto/volkswagen-golf-2-0-tdi-150-cv-dsg-scr-vicenza-663445083.htm
Volkswagen Golf GTI Performance 245cv -- PROM...,22900,Usato,03/2023,69000 Km,Benzina,Automatico,Euro 6,Roma,RM,Rivenditore,https://www.subito.it/auto/volkswagen-golf-gti-performance-245cv-prom-roma-646362032.htm
Volkswagen Golf 1.0 TSI EVO Life dsg 110cv,25500,Usato,04/2025,31500 Km,Diesel,Automatico,Euro 6,Modugno,BA,Rivenditore,https://www.subito.it/auto/volkswagen-golf-1-0-tsi-evo-life-dsg-110cv-bari-661866181.htm
VOLKSWAGEN Golf 1.0 tsi evo Life 110cv,18900,Usato,07/2022,26900 Km,Benzina,Manuale,Euro 6,Cagliari,CA,Rivenditore,https://www.subito.it/auto/volkswagen-golf-1-0-tsi-evo-life-110cv-cagliari-656648473.htm
Volkswagen Golf 1.0 eTSI EVO DSG Life,20000,Usato,03/2022,85900 Km,Mild Hybrid Benzina,Automatico,Euro 6,Omegna,VB,Rivenditore,https://www.subito.it/auto/volkswagen-golf-1-0-etsi-evo-dsg-life-verbano-cusio-ossola-663868234.htm
Volkswagen Golf 2.0 TDI SCR Life,25900,Usato,03/2025,31800 Km,Diesel,Manuale,Euro 6d-TEMP,Mestrino,PD,Rivenditore,https://www.subito.it/auto/volkswagen-golf-2-0-tdi-scr-life-padova-659247527.htm
Volkswagen Golf Life MOVE 1.0 eTSI 81kW 7-speed DS,22900,Usato,05/2024,24952 Km,Mild Hybrid Benzina,Automatico,Euro 6,Villongo,BG,Rivenditore,https://www.subito.it/auto/volkswagen-golf-life-move-1-0-etsi-81kw-7-speed-ds-bergamo-663021234.htm
VOLKSWAGEN Golf 2.0 TDI 115 CV SCR Life,17490,Usato,12/2022,149000 Km,Diesel,Manuale,Euro 6,Baiano,AV,Rivenditore,https://www.subito.it/auto/volkswagen-golf-2-0-tdi-115-cv-scr-life-avellino-661995198.htm
VOLKSWAGEN Golf VIII 2.0 TDI 150CV DSG PREZZO RE,22700,Usato,05/2022,44134 Km,Diesel,Automatico,Euro 6,Rezzato,BS,Rivenditore,https://www.subito.it/auto/volkswagen-golf-viii-2-0-tdi-150cv-dsg-prezzo-re-brescia-659320470.htm
VOLKSWAGEN Golf 2.0 TDI 150CV DSG SCR Life UNICO P,21890,Usato,12/2022,114452 Km,Diesel,Automatico,Euro 6,Manduria,TA,Rivenditore,https://www.subito.it/auto/volkswagen-golf-2-0-tdi-150cv-dsg-scr-life-unico-p-taranto-663864058.htm
VOLKSWAGEN Golf 2.0 TDI 115 CV SCR Life FULL OPTIO,20900,Usato,03/2023,85963 Km,Diesel,Manuale,Euro 6,Manduria,TA,Rivenditore,https://www.subito.it/auto/volkswagen-golf-2-0-tdi-115-cv-scr-life-full-optio-taranto-663864021.htm
VOLKSWAGEN golf viii 2020 variant Golf Variant 2.0,27134,Km0,01/2024,,Diesel,Automatico,Euro 6,Curno,BG,Rivenditore,https://www.subito.it/auto/volkswagen-golf-viii-2020-variant-golf-variant-2-0-bergamo-655167544.htm
VOLKSWAGEN Golf 2.0 TDI 115 CV SCR Life,19500,Usato,10/2022,84535 Km,Diesel,Manuale,Euro 6,Favara,AG,Rivenditore,https://www.subito.it/auto/volkswagen-golf-2-0-tdi-115-cv-scr-life-agrigento-661252057.htm
Volkswagen Golf 2.0 TDI 150CV DSG Style - IVA ESPO,26500,Usato,02/2025,25095 Km,Diesel,Automatico,Euro 6,Ravenna,RA,Rivenditore,https://www.subito.it/auto/volkswagen-golf-2-0-tdi-150cv-dsg-style-iva-espo-ravenna-661787661.htm
Volkswagen Golf 2.0 TDI GTD Ultimate #9254,28000,Usato,06/2021,87000 Km,Diesel,Automatico,Euro 6d-TEMP,Olbia,OT,Rivenditore,https://www.subito.it/auto/volkswagen-golf-2-0-tdi-gtd-ultimate-9254-gallura-635163263.htm
Volkswagen Golf 1.5 TSI eHybrid DSG Edition Plus -,27900,Km0,09/2025,,Mild Hybrid Benzina,Sequenziale,Euro 6,Gela,CL,Rivenditore,https://www.subito.it/auto/volkswagen-golf-1-5-tsi-ehybrid-dsg-edition-plus-caltanissetta-659919294.htm
Volkswagen Golf 1.5 etsi R-Line 150cv dsg,29900,Usato,08/2024,29566 Km,Ibrida,Automatico,Euro 6,Monza,MB,Rivenditore,https://www.subito.it/auto/volkswagen-golf-1-5-etsi-r-line-150cv-dsg-monza-661789743.htm
VOLKSWAGEN golf viii 2020 variant Golf Variant 2.0,17381,Usato,06/2021,75000 Km,Diesel,Automatico,Euro 6,Barzago,LC,Rivenditore,https://www.subito.it/auto/volkswagen-golf-viii-2020-variant-golf-variant-2-0-lecco-651116201.htm
VOLKSWAGEN GOLF 2.0 TDI 150 CV DSG SCR,26040,Usato,08/2025,25252 Km,Diesel,Automatico,Euro 6,Cassola,VI,Rivenditore,https://www.subito.it/auto/volkswagen-golf-2-0-tdi-150-cv-dsg-scr-vicenza-659570527.htm
Volkswagen Golf 2.0 TDI DSG.2022.,16500,Usato,02/2022,145443 Km,Diesel,Automatico,Euro 6,Rudiano,BS,Rivenditore,https://www.subito.it/auto/volkswagen-golf-2-0-tdi-dsg-2022-brescia-658113232.htm
VOLKSWAGEN Golf 2.0 TSI GTI DSG,29900,Usato,02/2023,45442 Km,Benzina,Automatico,Euro 6,Favara,AG,Rivenditore,https://www.subito.it/auto/volkswagen-golf-2-0-tsi-gti-dsg-agrigento-644074517.htm
VOLKSWAGEN - Golf - 1.5 TSI ACT DSG 5p. Executive,18900,Usato,03/2021,124000 Km,Benzina,Automatico,Euro 6,Maniace,CT,Rivenditore,https://www.subito.it/auto/volkswagen-golf-1-5-tsi-act-dsg-5p-executive-catania-656466965.htm
VOLKSWAGEN Golf 1.5 TSI 150CV Style NAVI IQ-LIGHT,16500,Usato,04/2021,169900 Km,Benzina,Manuale,Euro 6,Barrafranca,EN,Rivenditore,https://www.subito.it/auto/volkswagen-golf-1-5-tsi-150cv-style-navi-iq-light-enna-663849164.htm
VOLKSWAGEN Golf 8� serie Golf 2.0 TSI DSG GTI,26990,Usato,2022,100000 Km,Benzina,Manuale,,Firenze,FI,Rivenditore,https://www.subito.it/auto/volkswagen-golf-8-serie-golf-2-0-tsi-dsg-gti-firenze-663847486.htm
VOLKSWAGEN Golf 8� serie Golf 1.0 TSI EVO Life,19990,Usato,2021,42000 Km,Benzina,Manuale,,Olbia,OT,Rivenditore,https://www.subito.it/auto/volkswagen-golf-8-serie-golf-1-0-tsi-evo-life-gallura-663847455.htm
VOLKSWAGEN Golf 2.0 TDI DSG GTD,25900,Usato,02/2021,79500 Km,Diesel,Sequenziale,Euro 6,Venezia,VE,Rivenditore,https://www.subito.it/auto/volkswagen-golf-2-0-tdi-dsg-gtd-venezia-663834184.htm
VOLKSWAGEN Golf 1.4 TSI eHYBRID 204 CV DSG Style,22500,Usato,05/2021,23300 Km,Ibrida,Sequenziale,Euro 6,Venezia,VE,Rivenditore,https://www.subito.it/auto/volkswagen-golf-1-4-tsi-ehybrid-204-cv-dsg-style-venezia-663833725.htm
VOLKSWAGEN Golf EP83244,23899,Usato,07/2024,42091 Km,Ibrida,Automatico,Euro 6,Roma,RM,Rivenditore,https://www.subito.it/auto/volkswagen-golf-ep83244-roma-663833527.htm
Volkswagen Golf VIII 2024 Volkswagen 1.5 etsi...,29890,Usato,03/2026,15897 Km,Ibrida,Automatico,Euro 6,Prato,PO,Rivenditore,https://www.subito.it/auto/volkswagen-golf-viii-2024-volkswagen-1-5-etsi-prato-663829917.htm
Volkswagen Golf VIII 2024 Volkswagen 1.5 tsi ...,26490,Usato,08/2025,9482 Km,Ibrida,Automatico,Euro 6,Prato,PO,Rivenditore,https://www.subito.it/auto/volkswagen-golf-viii-2024-volkswagen-1-5-tsi-prato-663829553.htm
Volkswagen Golf 1.5 etsi evo act R-Line 150cv dsg,26900,Usato,03/2024,34148 Km,Ibrida,Automatico,Euro 6,Monza,MB,Rivenditore,https://www.subito.it/auto/volkswagen-golf-1-5-etsi-evo-act-r-line-150cv-dsg-monza-663829040.htm
Volkswagen Golf 2.0 TDI SCR Style,16990,Usato,01/2021,87200 Km,Diesel,Manuale,Euro 6,Tramonti,SA,Rivenditore,https://www.subito.it/auto/volkswagen-golf-2-0-tdi-scr-style-salerno-663822459.htm
VOLKSWAGEN GOLF 2.0 116CV LIFE 2025,22490,Usato,03/2025,35000 Km,Diesel,Manuale,Euro 6,Campobasso,CB,Rivenditore,https://www.subito.it/auto/volkswagen-golf-2-0-116cv-life-2025-campobasso-663805468.htm
Volkswagen Golf 2.0 TDI SCR 110KW Edition Plu...,29900,Km0,01/2026,,Diesel,Automatico,Euro 6d-TEMP,Padova,PD,Rivenditore,https://www.subito.it/auto/volkswagen-golf-2-0-tdi-scr-110kw-edition-plu-padova-659247869.htm
VOLKSWAGEN Golf 2.0 TDI 115 CV SCR Life,23500,Usato,02/2025,22996 Km,Diesel,Manuale,Euro 6,San Michele Salentino,BR,Rivenditore,https://www.subito.it/auto/volkswagen-golf-2-0-tdi-115-cv-scr-life-brindisi-634490056.htm
Volkswagen Golf GTI Vlll,25900,Usato,01/2023,86000 Km,Benzina,Automatico,Euro 6d-TEMP,Asti,AT,Privato,https://www.subito.it/auto/volkswagen-golf-gti-vlll-asti-663801008.htm
Volkswagen Golf 1.5 TGI DSG Life,15899,Usato,10/2021,180000 Km,Benzina/Metano,Automatico,Euro 6,Ottaviano,NA,Rivenditore,https://www.subito.it/auto/volkswagen-golf-1-5-tgi-dsg-life-napoli-663801544.htm
VOLKSWAGEN GOLF 8 GTI 2022,28999,Usato,03/2022,51000 Km,Benzina,Sequenziale,Euro 6d-TEMP,Firenze,FI,Privato,https://www.subito.it/auto/volkswagen-golf-8-gti-2022-firenze-663801276.htm
Volkswagen Golf 2.0 TDI DSG SCR Style,17800,Usato,03/2022,179000 Km,Diesel,Sequenziale,Euro 6,Massafra,TA,Rivenditore,https://www.subito.it/auto/volkswagen-golf-2-0-tdi-dsg-scr-style-taranto-634640452.htm
Volkswagen Golf 2.0 tdi Style 150cv dsg,26500,Usato,04/2025,23940 Km,Diesel,Automatico,Euro 6,Monza,MB,Rivenditore,https://www.subito.it/auto/volkswagen-golf-2-0-tdi-style-150cv-dsg-monza-661779930.htm
Volkswagen Golf 1.4 TSI GTE 245CV DSG Style,25700,Usato,07/2022,82562 Km,Mild Hybrid Benzina,Automatico,Euro 6,Roma,RM,Rivenditore,https://www.subito.it/auto/volkswagen-golf-1-4-tsi-gte-245cv-dsg-style-roma-662543861.htm
Volkswagen Golf 2.0 tdi Life 115cv,18800,Usato,02/2023,57000 Km,Diesel,Manuale,Euro 6d,Verona,VR,Rivenditore,https://www.subito.it/auto/volkswagen-golf-2-0-tdi-life-115cv-verona-663798923.htm
Volkswagen Golf 1.0 etsi evo Life 110cv dsg,19900,Usato,11/2022,62758 Km,Ibrida,Automatico,Euro 6,Monza,MB,Rivenditore,https://www.subito.it/auto/volkswagen-golf-1-0-etsi-evo-life-110cv-dsg-monza-661780015.htm
Volkswagen Golf 2.0 TDI SCR Style / PERFETTO,25490,Usato,09/2022,19000 Km,Diesel,Automatico,Euro 6,Roma,RM,Rivenditore,https://www.subito.it/auto/volkswagen-golf-2-0-tdi-scr-style-perfetto-roma-660222247.htm
Volkswagen Golf 1.5 eTSI 130 CV EVO ACT DSG Style,19900,Usato,09/2022,79745 Km,Mild Hybrid Benzina,Automatico,Euro 6,Chiampo,VI,Rivenditore,https://www.subito.it/auto/volkswagen-golf-1-5-etsi-130-cv-evo-act-dsg-style-vicenza-663794892.htm
VOLKSWAGEN Golf 2.0 TDI DSG 116CV Life,19900,Usato,01/2024,82907 Km,Diesel,Automatico,Euro 6,Arsie',BL,Rivenditore,https://www.subito.it/auto/volkswagen-golf-2-0-tdi-dsg-116cv-life-belluno-661780689.htm
Volkswagen Golf 2.0 TDI DSG GTD Full Optional,27990,Usato,07/2021,95000 Km,Diesel,Sequenziale,Euro 6,Reggio nell'Emilia,RE,Rivenditore,https://www.subito.it/auto/volkswagen-golf-2-0-tdi-dsg-gtd-full-optional-reggio-emilia-660320010.htm
Volkswagen Golf VIII 2024 2.0 tdi Edition Plu...,25990,Usato,01/2025,42943 Km,Diesel,Manuale,Euro 6,Pistoia,PT,Rivenditore,https://www.subito.it/auto/volkswagen-golf-viii-2024-2-0-tdi-edition-plu-pistoia-654264812.htm
Volkswagen Golf Life 1.0 TSI #50228,15990,Usato,10/2021,52990 Km,Benzina,Manuale,,Moncalieri,TO,Rivenditore,https://www.subito.it/auto/volkswagen-golf-life-1-0-tsi-50228-torino-660371721.htm
VOLKSWAGEN Golf 2.0 TDI 115 CV SCR Life,16900,Usato,08/2022,159000 Km,Diesel,Manuale,Euro 6,Baiano,AV,Rivenditore,https://www.subito.it/auto/volkswagen-golf-2-0-tdi-115-cv-scr-life-avellino-661995464.htm
Volkswagen Golf 2.0 TDI 115 CV SCR Life,18500,Usato,11/2021,91206 Km,Diesel,Manuale,Euro 6,San Vendemiano,TV,Rivenditore,https://www.subito.it/auto/volkswagen-golf-2-0-tdi-115-cv-scr-life-treviso-663792898.htm
Volkswagen Golf 1.4 tsi ehybrid Style 204cv dsg,22600,Usato,11/2021,65607 Km,Ibrida,Sequenziale,Euro 6d,Oristano,OR,Rivenditore,https://www.subito.it/auto/volkswagen-golf-1-4-tsi-ehybrid-style-204cv-dsg-oristano-658127456.htm
"Volkswagen Golf GTI Led-Matrix DCC 19"" Navi Head-",29500,Usato,09/2023,19826 Km,Benzina,Automatico,Euro 6,Leno,BS,Rivenditore,https://www.subito.it/auto/volkswagen-golf-gti-led-matrix-dcc-19-navi-head-brescia-662219649.htm
Volkswagen Golf 8 1.0 110CV eTSI EVO DSG Life,17500,Usato,10/2022,108000 Km,Mild Hybrid Benzina,Automatico,Euro 6,Sciacca,AG,Rivenditore,https://www.subito.it/auto/volkswagen-golf-8-1-0-110cv-etsi-evo-dsg-life-agrigento-657838542.htm
Golf 8 1/2,28500,Usato,02/2025,17500 Km,Mild Hybrid Benzina,Sequenziale,Euro 6d-TEMP,San Martino Siccomario,PV,Privato,https://www.subito.it/auto/golf-8-1-2-pavia-663790998.htm
Volkswagen Golf 2.0 TDI 115cv Life,17400,Usato,09/2022,127000 Km,Diesel,Manuale,Euro 6,Capaccio Paestum,SA,Rivenditore,https://www.subito.it/auto/volkswagen-golf-2-0-tdi-115cv-life-salerno-661690339.htm
Volkswagen Golf 8 1.5 TSI EVO ACT Life,20800,Usato,08/2024,18500 Km,Benzina,Manuale,Euro 6,Leini,TO,Rivenditore,https://www.subito.it/auto/volkswagen-golf-8-1-5-tsi-evo-act-life-torino-652815670.htm
VOLKSWAGEN Golf 2.0 tdi Life 150cv dsg,23900,Usato,12/2022,66000 Km,Diesel,Sequenziale,Euro 6,Torino,TO,Rivenditore,https://www.subito.it/auto/volkswagen-golf-2-0-tdi-life-150cv-dsg-torino-660830456.htm
Volkswagen Golf GTI 2.0 TSI DSG TETTO NAVI,27800,Usato,06/2022,65143 Km,Benzina,Automatico,Euro 6,Roma,RM,Rivenditore,https://www.subito.it/auto/volkswagen-golf-gti-2-0-tsi-dsg-tetto-navi-roma-662626156.htm
VOLKSWAGEN Golf Variant 2.0 TDI SCR Life,18900,Usato,11/2023,68062 Km,Diesel,Manuale,Euro 6e,Calvi Risorta,CE,Rivenditore,https://www.subito.it/auto/volkswagen-golf-variant-2-0-tdi-scr-life-caserta-647254434.htm
Volkswagen Golf VIII 2.0 tdi Style 150cv dsg,25500,Usato,04/2025,31500 Km,Diesel,Automatico,Euro 6,Altamura,BA,Rivenditore,https://www.subito.it/auto/volkswagen-golf-viii-2-0-tdi-style-150cv-dsg-bari-657065427.htm
Volkswagen golf viii 1.5 eTSI 150cv DSG Style,24890,Usato,02/2024,31219 Km,Mild Hybrid Benzina,Automatico,,Robecco sul Naviglio,MI,Rivenditore,https://www.subito.it/auto/volkswagen-golf-viii-1-5-etsi-150cv-dsg-style-milano-663477571.htm
Volkswagen Golf Variant 2.0 TDI SCR DSG Life,14990,Usato,03/2022,144639 Km,Diesel,Automatico,Euro 6,Broni,PV,Rivenditore,https://www.subito.it/auto/volkswagen-golf-variant-2-0-tdi-scr-dsg-life-pavia-653793303.htm
Volkswagen Golf 1.0 TSI EVO Life dsg 110cv,17500,Usato,02/2021,74000 Km,Benzina,Manuale,Euro 6,Modugno,BA,Rivenditore,https://www.subito.it/auto/volkswagen-golf-1-0-tsi-evo-life-dsg-110cv-bari-649545020.htm
VOLKSWAGEN Golf 2.0 TDI 115 CV SCR Life,14500,Usato,04/2021,182206 Km,Diesel,Manuale,Euro 6,San Michele Salentino,BR,Rivenditore,https://www.subito.it/auto/volkswagen-golf-2-0-tdi-115-cv-scr-life-brindisi-645244144.htm
Volkswagen Golf GTI 2.0 TSI GTI DSG 245cv - P...,22900,Usato,01/2024,29800 Km,Benzina,Automatico,Euro 6,Roma,RM,Rivenditore,https://www.subito.it/auto/volkswagen-golf-gti-2-0-tsi-gti-dsg-245cv-p-roma-658206031.htm
Volkswagen Golf 2.0 TDI SCR Style IVA ESPOSTA,18500,Usato,09/2021,90000 Km,Diesel,Manuale,Euro 6,Cagliari,CA,Rivenditore,https://www.subito.it/auto/volkswagen-golf-2-0-tdi-scr-style-iva-esposta-cagliari-662442961.htm
Volkswagen Golf 1.5 TSI 150 CV ACT Life,22900,Usato,03/2025,49800 Km,Mild Hybrid Benzina,Automatico,Euro 6,Roma,RM,Rivenditore,https://www.subito.it/auto/volkswagen-golf-1-5-tsi-150-cv-act-life-roma-659302863.htm
Volkswagen Golf 2.0 TSI DSG Goal,28000,Usato,07/2025,16575 Km,Benzina,Sequenziale,Euro 6,Rende,CS,Rivenditore,https://www.subito.it/auto/volkswagen-golf-2-0-tsi-dsg-goal-cosenza-658763932.htm
Volkswagen Golf 2.0 TDI 115cv Life,22800,Usato,01/2023,130000 Km,Diesel,Automatico,Euro 6e,Sciacca,AG,Rivenditore,https://www.subito.it/auto/volkswagen-golf-2-0-tdi-115cv-life-agrigento-650980820.htm
VOLKSWAGEN Golf 1.0 TSI EVO Life Uniprò km 45000,18800,Usato,05/2022,45000 Km,Benzina,Manuale,Euro 6e,Tivoli,RM,Rivenditore,https://www.subito.it/auto/volkswagen-golf-1-0-tsi-evo-life-unipro-km-45000-roma-636266876.htm
Volkswagen Golf GTI 2.0 TSI DSG,27500,Usato,02/2023,92997 Km,Benzina,Automatico,Euro 6,Roma,RM,Rivenditore,https://www.subito.it/auto/volkswagen-golf-gti-2-0-tsi-dsg-roma-662736909.htm
VOLKSWAGEN golf viii 2020 Golf 1.0 etsi evo Life 1,22457,Usato,07/2023,50101 Km,Ibrida,Automatico,Euro 6,Curno,BG,Rivenditore,https://www.subito.it/auto/volkswagen-golf-viii-2020-golf-1-0-etsi-evo-life-1-bergamo-659871552.htm
VOLKSWAGEN Golf 2.0 TDI 150 CV DSG ACC Radar Lan,16200,Usato,06/2022,164280 Km,Diesel,Automatico,Euro 6,Rezzato,BS,Rivenditore,https://www.subito.it/auto/volkswagen-golf-2-0-tdi-150-cv-dsg-acc-radar-lan-brescia-659320157.htm
VOLKSWAGEN Golf 2.0 TDI SCR DSG Life,18500,Usato,02/2022,125000 Km,Diesel,Automatico,Euro 6,San Michele Salentino,BR,Rivenditore,https://www.subito.it/auto/volkswagen-golf-2-0-tdi-scr-dsg-life-brindisi-646213394.htm
Volkswagen Golf 1.5 TGI DSG Life,22000,Usato,12/2021,84900 Km,Benzina/Metano,Automatico,Euro 6,Meldola,FC,Rivenditore,https://www.subito.it/auto/volkswagen-golf-1-5-tgi-dsg-life-forli-cesena-659741190.htm
Volkswagen Golf 2.0 TSI DSG GTI TETTO FARI MATRIX,29500,Usato,02/2024,40000 Km,Benzina,Automatico,Euro 6,Roma,RM,Rivenditore,https://www.subito.it/auto/volkswagen-golf-2-0-tsi-dsg-gti-tetto-fari-matrix-roma-662584569.htm
Volkswagen golf viii 1.0 TSI 110cv Life MOVE,19890,Usato,02/2024,28669 Km,Benzina,Manuale,,Robecco sul Naviglio,MI,Rivenditore,https://www.subito.it/auto/volkswagen-golf-viii-1-0-tsi-110cv-life-move-milano-663477909.htm
VOLKSWAGEN Golf 2.0 TDI DSG SCR Life 116CV,20500,Usato,05/2023,87100 Km,Diesel,Automatico,Euro 6,Modena,MO,Rivenditore,https://www.subito.it/auto/volkswagen-golf-2-0-tdi-dsg-scr-life-116cv-modena-662175439.htm
Volkswagen Golf 2.0 TDI Style 115CV,19900,Usato,07/2021,137746 Km,Diesel,Manuale,Euro 6,Perugia,PG,Rivenditore,https://www.subito.it/auto/volkswagen-golf-2-0-tdi-style-115cv-perugia-655984151.htm
VOLKSWAGEN Golf 8ª serie Golf 2.0 TDI 150 CV DSG S,25400,Usato,02/2025,26902 Km,Diesel,Automatico,Euro 6,Verona,VR,Rivenditore,https://www.subito.it/auto/volkswagen-golf-8-serie-golf-2-0-tdi-150-cv-dsg-s-verona-663786800.htm
VOLKSWAGEN GOLF 2.0 TDI 115 CV MANUALE 2025,26500,Usato,02/2025,29000 Km,Diesel,Manuale,Euro 6,Mezzocorona,TN,Rivenditore,https://www.subito.it/auto/volkswagen-golf-2-0-tdi-115-cv-manuale-2025-trento-663786761.htm
VOLKSWAGEN Golf 8ª serie Golf 2.0 TDI 150 CV DSG S,25400,Usato,02/2025,22584 Km,Diesel,Automatico,Euro 6,Roma,RM,Rivenditore,https://www.subito.it/auto/volkswagen-golf-8-serie-golf-2-0-tdi-150-cv-dsg-s-roma-663786622.htm
VOLKSWAGEN Golf 8ª serie Golf 2.0 TDI Life,20400,Usato,07/2024,38776 Km,Diesel,Manuale,Euro 6,Casalmoro,MN,Rivenditore,https://www.subito.it/auto/volkswagen-golf-8-serie-golf-2-0-tdi-life-mantova-663784404.htm
VOLKSWAGEN Golf 8ª serie Golf 2.0 TDI DSG SCR Life,23900,Usato,12/2023,19952 Km,Diesel,Automatico,Euro 6,Casalmoro,MN,Rivenditore,https://www.subito.it/auto/volkswagen-golf-8-serie-golf-2-0-tdi-dsg-scr-life-mantova-663784371.htm
VOLKSWAGEN Golf 8ª serie Golf 1.0 TSI EVO Life,21900,Usato,05/2024,49693 Km,Benzina,Manuale,Euro 6,Casalmoro,MN,Rivenditore,https://www.subito.it/auto/volkswagen-golf-8-serie-golf-1-0-tsi-evo-life-mantova-663784351.htm
VOLKSWAGEN Golf 8ª serie Golf 2.0 TDI 150 CV DSG S,25400,Usato,03/2025,20349 Km,Diesel,Automatico,Euro 6,Casalmoro,MN,Rivenditore,https://www.subito.it/auto/volkswagen-golf-8-serie-golf-2-0-tdi-150-cv-dsg-s-mantova-663784221.htm
VOLKSWAGEN Golf 8ª serie Golf 2.0 TDI 150 CV DSG S,22400,Usato,08/2022,72593 Km,Diesel,Automatico,Euro 6,Casalmoro,MN,Rivenditore,https://www.subito.it/auto/volkswagen-golf-8-serie-golf-2-0-tdi-150-cv-dsg-s-mantova-663784033.htm
Volkswagen Golf GTI 2.0 TSI DSG 2021/ km 95.000 Tu,30000,Usato,05/2021,95000 Km,Benzina,Automatico,Euro 6,Palagonia,CT,Rivenditore,https://www.subito.it/auto/volkswagen-golf-gti-2-0-tsi-dsg-2021-km-95-000-tu-catania-663780216.htm
Volkswagen Golf 8 GTI 2.0 TSI DSG – DCC – ACC,27700,Usato,06/2021,49999 Km,Benzina,Sequenziale,Euro 6e,Cormano,MI,Privato,https://www.subito.it/auto/volkswagen-golf-8-gti-2-0-tsi-dsg-dcc-acc-milano-663780299.htm
VOLKSWAGEN GOLF 2.0 TDI 115 CV LIFE 84.000 KM,20500,Usato,03/2021,84000 Km,Diesel,Manuale,Euro 6,Cassino,FR,Rivenditore,https://www.subito.it/auto/volkswagen-golf-2-0-tdi-115-cv-life-84-000-km-frosinone-663773278.htm
Volkswagen Golf 1.5 ibrida/benzina (mhev) 150cv. C,27500,Usato,02/2024,37000 Km,Mild Hybrid Benzina,Automatico,Euro 6d-TEMP,Alessandria,AL,Rivenditore,https://www.subito.it/auto/volkswagen-golf-1-5-ibrida-benzina-mhev-150cv-c-alessandria-661820296.htm
Volkswagen Golf 1.0 eTSI EVO DSG Life,18500,Usato,05/2021,90000 Km,Ibrida,Sequenziale,Euro 6,Palermo,PA,Rivenditore,https://www.subito.it/auto/volkswagen-golf-1-0-etsi-evo-dsg-life-palermo-632552009.htm
Volkswagen Golf 2.0 TDI 150 CV DSG SCR Style ***FU,28500,Usato,03/2025,19990 Km,Diesel,Automatico,Euro 6e,Montecchio Maggiore,VI,Rivenditore,https://www.subito.it/auto/volkswagen-golf-2-0-tdi-150-cv-dsg-scr-style-fu-vicenza-663769714.htm
Volkswagen Golf Variant 1.5 TGI LIFE,23300,Usato,10/2022,21615 Km,Benzina/Metano,Automatico,,Fermo,FM,Rivenditore,https://www.subito.it/auto/volkswagen-golf-variant-1-5-tgi-life-fermo-660099472.htm
golf 8 benzina ,6500,Usato,12/2025,20000 Km,Benzina,Manuale,Euro 6e,Pozzonovo,PD,Privato,https://www.subito.it/auto/golf-8-benzina-padova-663769256.htm
VOLKSWAGEN Golf SUPERPROMO!!!!!!2.0 TDI 150 CV D,17900,Usato,01/2021,79999 Km,Diesel,Automatico,Euro 6,Piacenza,PC,Rivenditore,https://www.subito.it/auto/volkswagen-golf-superpromo-2-0-tdi-150-cv-d-piacenza-663769187.htm
VOLKSWAGEN Golf Variant 2.0 TDI SCR DSG Life x c,14500,Usato,03/2023,132000 Km,Diesel,Sequenziale,Euro 6,Treviso,TV,Rivenditore,https://www.subito.it/auto/volkswagen-golf-variant-2-0-tdi-scr-dsg-life-x-c-treviso-663769101.htm
VOLKSWAGEN Golf 1.5 TGI DSG Life,21500,Usato,03/2023,65000 Km,Benzina/Metano,Sequenziale,Euro 6,Treviso,TV,Rivenditore,https://www.subito.it/auto/volkswagen-golf-1-5-tgi-dsg-life-treviso-663766908.htm
Volkswagen Golf 2.0 TDI 115CV Life - IVA ESPOSTA,23500,Usato,03/2025,19887 Km,Diesel,Manuale,Euro 6,Ravenna,RA,Rivenditore,https://www.subito.it/auto/volkswagen-golf-2-0-tdi-115cv-life-iva-esposta-ravenna-661778056.htm
Volkswagen Golf Variant 1.5 TGI LIFE,23000,Usato,02/2023,47358 Km,Benzina/Metano,Automatico,,Fermo,FM,Rivenditore,https://www.subito.it/auto/volkswagen-golf-variant-1-5-tgi-life-fermo-652113691.htm
Volkswagen Golf Variant 2.0 tdi Style 115cv dsg,15800,Usato,04/2023,136000 Km,Diesel,Automatico,Euro 6,Fermo,FM,Rivenditore,https://www.subito.it/auto/volkswagen-golf-variant-2-0-tdi-style-115cv-dsg-fermo-646879061.htm
Volkswagen Golf 2.0 tdi Edition Plus 115cv,24900,Usato,03/2025,24500 Km,Diesel,Manuale,Euro 6e,Rovigo,RO,Rivenditore,https://www.subito.it/auto/volkswagen-golf-2-0-tdi-edition-plus-115cv-rovigo-657196966.htm
Volkswagen Golf GTI 2.0 TSI CV 245 - MANUALE,29500,Usato,04/2023,31919 Km,Benzina,Manuale,Euro 6,Pavullo nel Frignano,MO,Rivenditore,https://www.subito.it/auto/volkswagen-golf-gti-2-0-tsi-cv-245-manuale-modena-663766467.htm
"Golf gtd 184cv, prezzo trattabile ",15500,Usato,04/2021,140000 Km,Diesel,Manuale,Euro 6,Mammola,RC,Privato,https://www.subito.it/auto/golf-gtd-184cv-prezzo-trattabile-reggio-calabria-663766421.htm
Volkswagen Golf 2.0 TDI 150 CV DSG SCR Style,12500,Usato,02/2026,5000 Km,Diesel,Manuale,Euro 6,Qualiano,NA,Rivenditore,https://www.subito.it/auto/volkswagen-golf-2-0-tdi-150-cv-dsg-scr-style-napoli-663585990.htm
Volkswagen Golf 1.0 etsi evo Life 110cv dsg / NO V,20900,Usato,03/2023,29000 Km,Mild Hybrid Benzina,Automatico,Euro 6,Tortona,AL,Rivenditore,https://www.subito.it/auto/volkswagen-golf-1-0-etsi-evo-life-110cv-dsg-no-v-alessandria-663763668.htm
VOLKSWAGEN Golf 2.0 TDI 115 CV SCR Life,17700,Usato,06/2021,138000 Km,Diesel,Manuale,Euro 6d-TEMP,Noale,VE,Rivenditore,https://www.subito.it/auto/volkswagen-golf-2-0-tdi-115-cv-scr-life-venezia-663761526.htm
Volkswagen Golf 2.0 TDI 2021 SCR Style,10900,Usato,09/2021,300000 Km,Diesel,Manuale,Euro 6,Teverola,CE,Rivenditore,https://www.subito.it/auto/volkswagen-golf-2-0-tdi-2021-scr-style-caserta-662570811.htm
VOLKSWAGEN Golf 1.0 eTSI EVO DSG Life,17990,Usato,05/2023,75000 Km,Ibrida,Sequenziale,Euro 6,Dolo,VE,Rivenditore,https://www.subito.it/auto/volkswagen-golf-1-0-etsi-evo-dsg-life-venezia-661950478.htm
"VW Golf 1.0 e DSG scarico akrapovic, neopatentati",22950,Usato,02/2022,88000 Km,Mild Hybrid Benzina,Automatico,Euro 6,Fiesso d'Artico,VE,Rivenditore,https://www.subito.it/auto/vw-golf-1-0-e-dsg-scarico-akrapovic-neopatentati-venezia-651280175.htm
"Volkswagen Golf 2.0 TDI DSG GTD, TETTO, FULL FULL",26500,Usato,12/2022,125000 Km,Diesel,Automatico,Euro 6,Santeramo in Colle,BA,Rivenditore,https://www.subito.it/auto/volkswagen-golf-2-0-tdi-dsg-gtd-tetto-full-full-bari-663759233.htm
Volkswagen Golf 1.5 tsi ehybrid Edition Plus 204cv,28900,Usato,04/2025,14000 Km,Mild Hybrid Benzina,Automatico,Euro 6,Tortona,AL,Rivenditore,https://www.subito.it/auto/volkswagen-golf-1-5-tsi-ehybrid-edition-plus-204cv-alessandria-663758758.htm
Volkswagen Golf 2.0 tdi Life 115cv,19290,Usato,05/2021,75702 Km,Diesel,Manuale,Euro 6,Ferrara,FE,Rivenditore,https://www.subito.it/auto/volkswagen-golf-2-0-tdi-life-115cv-ferrara-663757389.htm
Volkswagen Golf 2.0 TDI DSG SCR Style,20900,Usato,09/2021,142047 Km,Diesel,Sequenziale,Euro 6,Francavilla Fontana,BR,Rivenditore,https://www.subito.it/auto/volkswagen-golf-2-0-tdi-dsg-scr-style-brindisi-663756881.htm
VOLKSWAGEN Golf 2.0 TDI DSG GTD,29700,Usato,01/2024,44500 Km,Diesel,Automatico,Euro 6d-TEMP,Bassano del Grappa,VI,Rivenditore,https://www.subito.it/auto/volkswagen-golf-2-0-tdi-dsg-gtd-vicenza-653592998.htm
Volkswagen Golf 1.5 TSI 115 CV ACT Edition Plus Ca,20990,Usato,01/2025,48614 Km,Benzina,Manuale,Euro 6,Roma,RM,Rivenditore,https://www.subito.it/auto/volkswagen-golf-1-5-tsi-115-cv-act-edition-plus-ca-roma-661605975.htm
Volkswagen Golf 2.0 TDI 150CV DSG ACTIVE G.Traino,22500,Usato,06/2021,61741 Km,Diesel,Automatico,Euro 6d,Leno,BS,Rivenditore,https://www.subito.it/auto/volkswagen-golf-2-0-tdi-150cv-dsg-active-g-traino-brescia-662652557.htm
Volkswagen Golf 2.0 TDI DSG SCR Style,17990,Usato,12/2021,130564 Km,Diesel,Automatico,Euro 6d-TEMP,Adrano,CT,Rivenditore,https://www.subito.it/auto/volkswagen-golf-2-0-tdi-dsg-scr-style-catania-655841981.htm
Volkswagen Golf 2.0 TDI Life 115CV DSG,20900,Usato,09/2021,68850 Km,Diesel,Automatico,Euro 6,Latina,LT,Rivenditore,https://www.subito.it/auto/volkswagen-golf-2-0-tdi-life-115cv-dsg-latina-652792517.htm
Volkswagen Golf 1.5 etsi Edition Plus 115cv dsg,29900,Km0,05/2026,,Ibrida,Automatico,Euro 6,Milano,MI,Rivenditore,https://www.subito.it/auto/volkswagen-golf-1-5-etsi-edition-plus-115cv-dsg-milano-653717188.htm
Volkswagen Golf 1.4 Plug-In Hybrid DSG GTE,22499,Usato,07/2022,59860 Km,Mild Hybrid Benzina,Automatico,Euro 6,Roma,RM,Rivenditore,https://www.subito.it/auto/volkswagen-golf-1-4-plug-in-hybrid-dsg-gte-roma-659151249.htm
VOLKSWAGEN 8 2.0 TDI GANCIO TETTO UNICOPROPRIETARI,20500,Usato,05/2021,112000 Km,Diesel,Manuale,Euro 6,Sora,FR,Rivenditore,https://www.subito.it/auto/volkswagen-8-2-0-tdi-gancio-tetto-unicoproprietari-frosinone-647962664.htm
VW GOLF GTI 7.5 Completamente orginale,22500,Usato,11/2022,77000 Km,Benzina,Automatico,Euro 6d-TEMP,Cagliari,CA,Privato,https://www.subito.it/auto/vw-golf-gti-7-5-completamente-orginale-cagliari-663753732.htm
Volkswagen Golf 1.0 e-TSI DSG Evo Life 110cv - 202,18900,Usato,03/2021,79258 Km,Ibrida,Sequenziale,Euro 6d,Roma,RM,Rivenditore,https://www.subito.it/auto/volkswagen-golf-1-0-e-tsi-dsg-evo-life-110cv-202-roma-653414341.htm
VOLKSWAGEN Golf 2.0 TDI 150 CV DSG SCR Style,17500,Usato,06/2021,151000 Km,Diesel,Automatico,Euro 6e,San Michele Salentino,BR,Rivenditore,https://www.subito.it/auto/volkswagen-golf-2-0-tdi-150-cv-dsg-scr-style-brindisi-636883197.htm
Volkswagen Golf 2.0 TDI DSG SCR Style,22999,Usato,05/2021,99400 Km,Diesel,Sequenziale,Euro 6,Caresanablot,VC,Rivenditore,https://www.subito.it/auto/volkswagen-golf-2-0-tdi-dsg-scr-style-vercelli-662956939.htm
Volkswagen Golf 1.4 TSI eHYBRID 204 CV DSG Style n,19999,Usato,03/2021,139000 Km,Mild Hybrid Benzina,Automatico,Euro 6,Brescia,BS,Rivenditore,https://www.subito.it/auto/volkswagen-golf-1-4-tsi-ehybrid-204-cv-dsg-style-n-brescia-660790109.htm
Volkswagen Golf 1.0 TSI EVO Life dsg 110cv,19500,Usato,06/2022,82000 Km,Diesel,Manuale,Euro 6,Modugno,BA,Rivenditore,https://www.subito.it/auto/volkswagen-golf-1-0-tsi-evo-life-dsg-110cv-bari-661822324.htm
Volkswagen Golf 2.0 TDI 115cv Life,18850,Usato,05/2021,59635 Km,Diesel,Manuale,Euro 6,Massa,MS,Rivenditore,https://www.subito.it/auto/volkswagen-golf-2-0-tdi-115cv-life-massa-carrara-650939646.htm
Volkswagen Golf 2.0 tdi r-line 150cv dsg,28900,Usato,01/2024,38000 Km,Diesel,Automatico,Euro 6d-TEMP,Padova,PD,Rivenditore,https://www.subito.it/auto/volkswagen-golf-2-0-tdi-r-line-150cv-dsg-padova-662946801.htm
Volkswagen Golf 2.0 TDI 115CV Life,20500,Usato,05/2021,89464 Km,Diesel,Manuale,Euro 6,Ravenna,RA,Rivenditore,https://www.subito.it/auto/volkswagen-golf-2-0-tdi-115cv-life-ravenna-661783818.htm
VOLKSWAGEN Golf Variant 2.0 TDI SCR Life,15800,Usato,09/2022,93599 Km,Diesel,Manuale,Euro 6,Torino,TO,Rivenditore,https://www.subito.it/auto/volkswagen-golf-variant-2-0-tdi-scr-life-torino-660760775.htm
VOLKSWAGEN golf viii 2020 variant Golf Variant 2.0,17381,Usato,06/2021,75000 Km,Diesel,Automatico,Euro 6,Curno,BG,Rivenditore,https://www.subito.it/auto/volkswagen-golf-viii-2020-variant-golf-variant-2-0-bergamo-651115782.htm
Volkswagen Golf 1.5 TSI ACT Life,21800,Usato,03/2024,20000 Km,Benzina,Manuale,Euro 6d-TEMP,Leini,TO,Rivenditore,https://www.subito.it/auto/volkswagen-golf-1-5-tsi-act-life-torino-660758985.htm
Volkswagen Golf 2.0 TDI 150 CV DSG SCR Style,19800,Usato,12/2022,150000 Km,Diesel,Sequenziale,Euro 6,Reggio di Calabria,RC,Rivenditore,https://www.subito.it/auto/volkswagen-golf-2-0-tdi-150-cv-dsg-scr-style-reggio-calabria-661560580.htm
Volkswagen Golf 2.0 TDI 150 CV DSG,19900,Usato,07/2021,200000 Km,Diesel,Sequenziale,Euro 6,Rosarno,RC,Rivenditore,https://www.subito.it/auto/volkswagen-golf-2-0-tdi-150-cv-dsg-reggio-calabria-657007747.htm
Volkswagen Golf 2.0 TDI DSG SCR Life,21900,Usato,09/2024,26400 Km,Diesel,Automatico,Euro 6,Leini,TO,Rivenditore,https://www.subito.it/auto/volkswagen-golf-2-0-tdi-dsg-scr-life-torino-652932216.htm
Volkswagen Golf 2.0 tdi Life 115cv dsg,17900,Usato,04/2022,145365 Km,Diesel,Automatico,Euro 4,Roma,RM,Rivenditore,https://www.subito.it/auto/volkswagen-golf-2-0-tdi-life-115cv-dsg-roma-662652456.htm
Volkswagen Golf 8 2.0 TDI DSG SCR Style 34.164 Km,23999,Usato,01/2024,34164 Km,Diesel,Sequenziale,Euro 6,Castelvetrano,TP,Rivenditore,https://www.subito.it/auto/volkswagen-golf-8-2-0-tdi-dsg-scr-style-34-164-km-trapani-632208561.htm
Volkswagen Golf 1.0 TSI EVO Life,16900,Usato,10/2022,84262 Km,Benzina,Manuale,Euro 6d-TEMP,Ardea,RM,Rivenditore,https://www.subito.it/auto/volkswagen-golf-1-0-tsi-evo-life-roma-636998907.htm
Volkswagen Golf 2.0 TDI 115CV cambio automatico,15600,Usato,11/2022,170000 Km,Diesel,Automatico,Euro 6,Veniano,CO,Rivenditore,https://www.subito.it/auto/volkswagen-golf-2-0-tdi-115cv-cambio-automatico-como-662536420.htm
Volkswagen Golf 2.0 tdi Style 115cv dsg,22900,Usato,10/2022,64000 Km,Diesel,Automatico,Euro 4,Lamezia Terme,CZ,Rivenditore,https://www.subito.it/auto/volkswagen-golf-2-0-tdi-style-115cv-dsg-catanzaro-663744371.htm
golf 8,19500,Usato,04/2021,55000 Km,Diesel,Manuale,Euro 6c,Siena,SI,Privato,https://www.subito.it/auto/golf-8-siena-663744163.htm
Golf 1.5 tgi Life 130cv dsg,16500,Usato,04/2021,100231 Km,Benzina/Metano,Automatico,Euro 6,Fucecchio,FI,Rivenditore,https://www.subito.it/auto/golf-1-5-tgi-life-130cv-dsg-firenze-663743940.htm
VOLKSWAGEN Golf 2.0 TDI DSG 116 Life,20500,Usato,05/2023,87100 Km,Diesel,Automatico,Euro 6,Modena,MO,Rivenditore,https://www.subito.it/auto/volkswagen-golf-2-0-tdi-dsg-116-life-modena-661770265.htm
Volkswagen Golf 2.0 tdi Style 115cv dsg,22900,Usato,10/2022,64000 Km,Diesel,Automatico,Euro 4,Reggio di Calabria,RC,Rivenditore,https://www.subito.it/auto/volkswagen-golf-2-0-tdi-style-115cv-dsg-reggio-calabria-663047502.htm
VOLKSWAGEN Golf 8ª serie Golf 1.0 TSI EVO Life,19900,Usato,2022,66325 Km,Benzina,Manuale,Euro 6,Arezzo,AR,Rivenditore,https://www.subito.it/auto/volkswagen-golf-8-serie-golf-1-0-tsi-evo-life-arezzo-653229833.htm
Volkswagen Golf GTI 2.0 TSI GTI MANUALE *IVA ...,21900,Usato,03/2024,62000 Km,Benzina,Manuale,Euro 6,Roma,RM,Rivenditore,https://www.subito.it/auto/volkswagen-golf-gti-2-0-tsi-gti-manuale-iva-roma-655547299.htm
VOLKSWAGEN - Golf - 2.0 TDI SCR Style,16500,Usato,08/2021,159000 Km,Diesel,Manuale,Euro 6,Follonica,GR,Rivenditore,https://www.subito.it/auto/volkswagen-golf-2-0-tdi-scr-style-grosseto-651421433.htm
Volkswagen golf viii 1.0 eTSI 110cv DSG Life,21890,Usato,01/2023,55550 Km,Mild Hybrid Benzina,Automatico,,Robecco sul Naviglio,MI,Rivenditore,https://www.subito.it/auto/volkswagen-golf-viii-1-0-etsi-110cv-dsg-life-milano-663477684.htm
Volkswagen Golf 1.4 tsi eHybrid Style 204cv dsg,26900,Usato,01/2024,44000 Km,Ibrida,Automatico,Euro 6,Monza,MB,Rivenditore,https://www.subito.it/auto/volkswagen-golf-1-4-tsi-ehybrid-style-204cv-dsg-monza-662173834.htm
Volkswagen Golf 2.0 TDI DSG ACC DIGITAL LED,18650,Usato,06/2021,95798 Km,Diesel,Sequenziale,Euro 6,Varna,BZ,Rivenditore,https://www.subito.it/auto/volkswagen-golf-2-0-tdi-dsg-acc-digital-led-bolzano-663731464.htm
Golf 8 GTI,23900,Usato,04/2021,117000 Km,Benzina,Sequenziale,Euro 6d-TEMP,Saronno,VA,Privato,https://www.subito.it/auto/golf-8-gti-varese-663728747.htm
Volkswagen Golf Variant 2.0 TDI SCR Life,15900,Usato,03/2023,54700 Km,Diesel,Manuale,Euro 6,Caserta,CE,Rivenditore,https://www.subito.it/auto/volkswagen-golf-variant-2-0-tdi-scr-life-caserta-663718485.htm
Volkswagen Golf GTD 2.0TDI DSG 200CV TETTO APRIBIL,28990,Usato,01/2023,99990 Km,Diesel,Automatico,Euro 6,Cherasco,CN,Rivenditore,https://www.subito.it/auto/volkswagen-golf-gtd-2-0tdi-dsg-200cv-tetto-apribil-cuneo-663715705.htm
VOLKSWAGEN Golf 8 1.0 eTSI 110CV EVO DSG Life 2021,14990,Usato,2021,199500 Km,Ibrida,Automatico,,Deruta,PG,Rivenditore,https://www.subito.it/auto/volkswagen-golf-8-1-0-etsi-110cv-evo-dsg-life-2021-perugia-663712033.htm
VOLKSWAGEN Golf 8� serie Golf 1.0 eTSI EVO DSG ...,19900,Usato,2023,56000 Km,Benzina,Automatico,Euro 6,Ponsacco,PI,Rivenditore,https://www.subito.it/auto/volkswagen-golf-8-serie-golf-1-0-etsi-evo-dsg-pisa-663712025.htm
VOLKSWAGEN Golf 2.0 TDI 115 CV SCR Life,18750,Usato,01/2022,81700 Km,Diesel,Manuale,Euro 6d-TEMP,Foligno,PG,Rivenditore,https://www.subito.it/auto/volkswagen-golf-2-0-tdi-115-cv-scr-life-perugia-663695084.htm
Volkswagen Golf 2.0 TDI 150 CV DSG SCR R-Line,26499,Usato,10/2022,90123 Km,Diesel,Sequenziale,Euro 6,Mugnano di Napoli,NA,Rivenditore,https://www.subito.it/auto/volkswagen-golf-2-0-tdi-150-cv-dsg-scr-r-line-napoli-663709230.htm
VOLKSWAGEN Golf 2.0 TDI DSG GTD,24990,Usato,07/2021,141116 Km,Diesel,Automatico,Euro 6,Torino,TO,Rivenditore,https://www.subito.it/auto/volkswagen-golf-2-0-tdi-dsg-gtd-torino-663707425.htm
VOLKSWAGEN Golf FY72072,18999,Usato,11/2022,61755 Km,Benzina,Manuale,Euro 6,Bologna,BO,Rivenditore,https://www.subito.it/auto/volkswagen-golf-fy72072-bologna-663706331.htm
Volkswagen Golf 1.5 etsi Life 115cv Cocpit Pr...,22700,Usato,02/2025,24200 Km,Ibrida,Manuale,Euro 6,Rimini,RN,Rivenditore,https://www.subito.it/auto/volkswagen-golf-1-5-etsi-life-115cv-cocpit-pr-rimini-663705338.htm
Volkswagen Golf 2.0 tdi Life 115cv Navi LED C...,20800,Usato,02/2025,21500 Km,Diesel,Manuale,Euro 6,Rimini,RN,Rivenditore,https://www.subito.it/auto/volkswagen-golf-2-0-tdi-life-115cv-navi-led-c-rimini-663705320.htm
Volkswagen Golf 2.0 TDI SCR Style DSG,28900,Usato,03/2025,15192 Km,Diesel,Automatico,Euro 6d-TEMP,Lerici,SP,Rivenditore,https://www.subito.it/auto/volkswagen-golf-2-0-tdi-scr-style-dsg-la-spezia-663705211.htm
Volkswagen Golf 1.0 TSI 110cv EVO Life,19500,Usato,11/2022,75450 Km,Benzina,Manuale,Euro 6,Lerici,SP,Rivenditore,https://www.subito.it/auto/volkswagen-golf-1-0-tsi-110cv-evo-life-la-spezia-663705058.htm
Volkswagen Golf 2.0 TDI 150 CV DSG SCR Style,28900,Usato,02/2025,25031 Km,Diesel,Automatico,,Lerici,SP,Rivenditore,https://www.subito.it/auto/volkswagen-golf-2-0-tdi-150-cv-dsg-scr-style-la-spezia-663704920.htm
Volkswagen Golf 2.0 TDI 150 CV DSG SCR Life IVA ES,13500,Usato,11/2021,78000 Km,Diesel,Automatico,Euro 6,San Salvo,CH,Rivenditore,https://www.subito.it/auto/volkswagen-golf-2-0-tdi-150-cv-dsg-scr-life-iva-es-chieti-663699631.htm
Golf 8 gte,27500,Usato,07/2021,15000 Km,Mild Hybrid Benzina,Automatico,Euro 6d-TEMP,Roma,RM,Privato,https://www.subito.it/auto/golf-8-gte-roma-663693046.htm
Golf gti TCR,28000,Usato,02/2023,98000 Km,Benzina,Sequenziale,Euro 6d-TEMP,Venezia,VE,Privato,https://www.subito.it/auto/golf-gti-tcr-venezia-661918282.htm
STUPENDA Golf 8 GTD,29500,Usato,07/2022,76000 Km,Diesel,Sequenziale,Euro 6d-TEMP,Calcio,BG,Privato,https://www.subito.it/auto/stupenda-golf-8-gtd-bergamo-663687686.htm
Golf GTI ultimate,24900,Usato,05/2024,98000 Km,Benzina,Manuale,Euro 6d-TEMP,Acerra,NA,Privato,https://www.subito.it/auto/golf-gti-ultimate-napoli-653341261.htm
Volkswagen GOLF 2.0 TDI SCR LIFE DSG,19999,Usato,03/2021,95000 Km,Diesel,Automatico,Euro 6,Catanzaro,CZ,Rivenditore,https://www.subito.it/auto/volkswagen-golf-2-0-tdi-scr-life-dsg-catanzaro-663683432.htm
Volkswagen Golf 2.0 TDI 115 CV euro6 -2022,14990,Usato,09/2022,189000 Km,Diesel,Automatico,Euro 6,Paitone,BS,Rivenditore,https://www.subito.it/auto/volkswagen-golf-2-0-tdi-115-cv-euro6-2022-brescia-663676928.htm
Volkswagen Golf 1.5 eTSI 150 CV IVA ESPOSTA,19700,Usato,01/2021,89000 Km,Mild Hybrid Benzina,Sequenziale,Euro 6,Fontanafredda,PN,Rivenditore,https://www.subito.it/auto/volkswagen-golf-1-5-etsi-150-cv-iva-esposta-pordenone-663673130.htm
Volkswagen Golf 1.5 TSI EVO ACT Style,22800,Usato,05/2021,118000 Km,Benzina,Manuale,Euro 6,Valmontone,RM,Rivenditore,https://www.subito.it/auto/volkswagen-golf-1-5-tsi-evo-act-style-roma-663672720.htm
Golf 8 2021,13500,Usato,05/2021,200000 Km,Diesel,Manuale,Euro 6d-TEMP,Padova,PD,Privato,https://www.subito.it/auto/golf-8-2021-padova-663664315.htm
Volkswagen Golf 2.0 TDI DSG SCR Life,18500,Usato,11/2022,76000 Km,Diesel,Sequenziale,Euro 6,Bronte,CT,Rivenditore,https://www.subito.it/auto/volkswagen-golf-2-0-tdi-dsg-scr-life-catania-663659822.htm
Volkswagen Golf 1.0 TSI EVO Life 110CV,20500,Usato,03/2023,85647 Km,Benzina,Manuale,Euro 6,Perugia,PG,Rivenditore,https://www.subito.it/auto/volkswagen-golf-1-0-tsi-evo-life-110cv-perugia-658455239.htm
VOLKSWAGEN Golf 2.0 TDI 115 CV SCR Life U10690,19500,Usato,12/2021,116874 Km,Diesel,Manuale,Euro 6,Potenza,PZ,Rivenditore,https://www.subito.it/auto/volkswagen-golf-2-0-tdi-115-cv-scr-life-u10690-potenza-654504018.htm
Volkswagen Golf 2.0 tdi life 115cv dsg,19000,Usato,04/2021,96604 Km,Diesel,Automatico,Euro 6d-TEMP,Bari,BA,Rivenditore,https://www.subito.it/auto/volkswagen-golf-2-0-tdi-life-115cv-dsg-bari-661021138.htm
VOLKSWAGEN GOLF 8 2.0 TDI 115CV DSG SCR LIFE BUSIN,21700,Usato,07/2023,32000 Km,Diesel,Sequenziale,Euro 6,Salerno,SA,Rivenditore,https://www.subito.it/auto/volkswagen-golf-8-2-0-tdi-115cv-dsg-scr-life-busin-salerno-663654429.htm
Volkswagen Golf 1.5 eTSI ACT Edition Plus DSG,28700,Km0,04/2026,,Ibrida,Automatico,Euro 6d-TEMP,Leini,TO,Rivenditore,https://www.subito.it/auto/volkswagen-golf-1-5-etsi-act-edition-plus-dsg-torino-649456551.htm
Volkswagen Golf 2.0 TDI Life 115CV,21400,Usato,09/2023,94699 Km,Diesel,Manuale,Euro 6,Perugia,PG,Rivenditore,https://www.subito.it/auto/volkswagen-golf-2-0-tdi-life-115cv-perugia-656280821.htm
VOLKSWAGEN Golf 2.0 TSI DSG GTI,29950,Usato,01/2022,52600 Km,Benzina,Automatico,Euro 6,Pieve di Cento,BO,Rivenditore,https://www.subito.it/auto/volkswagen-golf-2-0-tsi-dsg-gti-bologna-660886462.htm
VOLKSWAGEN Golf 2.0 TDI 115 CV SCR Life,18700,Usato,12/2022,143000 Km,Diesel,Manuale,Euro 6,Cassino,FR,Rivenditore,https://www.subito.it/auto/volkswagen-golf-2-0-tdi-115-cv-scr-life-frosinone-641646464.htm
VOLKSWAGEN Golf 2.0 TDI 115 CV SCR Life,24700,Usato,02/2025,22049 Km,Diesel,Manuale,Euro 6,Vigevano,PV,Rivenditore,https://www.subito.it/auto/volkswagen-golf-2-0-tdi-115-cv-scr-life-pavia-638103702.htm
Volkswagen Golf 8 R-LINE 1.5 TSI 130 CV EVO ACT NE,23490,Usato,03/2021,117000 Km,Benzina,Manuale,Euro 6,Ravenna,RA,Rivenditore,https://www.subito.it/auto/volkswagen-golf-8-r-line-1-5-tsi-130-cv-evo-act-ne-ravenna-663642272.htm
VOLKSWAGEN GOLF 8 R-LINE DSG 1.5 eTSI 150 CV EVO A,27990,Usato,08/2022,32000 Km,Mild Hybrid Benzina,Sequenziale,Euro 6,Ravenna,RA,Rivenditore,https://www.subito.it/auto/volkswagen-golf-8-r-line-dsg-1-5-etsi-150-cv-evo-a-ravenna-663640839.htm
VOLKSWAGEN GOLF GTI 1996- AUTO STORICA TARGA ORO,8900,Usato,10/2026,184000 Km,Benzina,Manuale,Euro 6,Vasto,CH,Rivenditore,https://www.subito.it/auto/volkswagen-golf-gti-1996-auto-storica-targa-oro-chieti-663640631.htm
VOLKSWAGEN*GOLF*2.0*TSI*DSG*GTI*245CV*H&K*iQ.LIGHT,28990,Usato,05/2022,64300 Km,Benzina,Automatico,Euro 6,Ariccia,RM,Rivenditore,https://www.subito.it/auto/volkswagen-golf-2-0-tsi-dsg-gti-245cv-h-k-iq-light-roma-661206906.htm
VOLKSWAGEN Golf Variant 2.0 TDI SCR DSG Style,15800,Usato,05/2022,96000 Km,Diesel,Sequenziale,Euro 6,Treviso,TV,Rivenditore,https://www.subito.it/auto/volkswagen-golf-variant-2-0-tdi-scr-dsg-style-treviso-663637823.htm
VOLKSWAGEN Golf 2.0 TDI 40.000KM GARANZIA,22900,Usato,05/2022,40000 Km,Diesel,Sequenziale,Euro 6,Bianco,RC,Rivenditore,https://www.subito.it/auto/volkswagen-golf-2-0-tdi-40-000km-garanzia-reggio-calabria-663637569.htm
VOLKSWAGEN Golf 2.0 TDI 150 CV DSG SCR Style mat,22900,Usato,09/2022,47070 Km,Diesel,Automatico,Euro 6,Vigevano,PV,Rivenditore,https://www.subito.it/auto/volkswagen-golf-2-0-tdi-150-cv-dsg-scr-style-mat-pavia-662057057.htm
VOLKSWAGEN Golf 8ª serie Golf 1.5 TSI EVO ACT ...,21900,Usato,2021,74520 Km,Benzina,Manuale,Euro 6e,Scarperia e San Piero,FI,Rivenditore,https://www.subito.it/auto/volkswagen-golf-8-serie-golf-1-5-tsi-evo-act-firenze-643449758.htm
VOLKSWAGEN Golf 1.5 TSI EVO ACT Style,20950,Usato,11/2022,49950 Km,Benzina,Manuale,Euro 6,Pieve di Cento,BO,Rivenditore,https://www.subito.it/auto/volkswagen-golf-1-5-tsi-evo-act-style-bologna-660967132.htm
VOLKSWAGEN Golf 2.0 TDI 115 CV SCR Life C/GRIMAL,18900,Usato,07/2022,53755 Km,Diesel,Manuale,Euro 6,Vigevano,PV,Rivenditore,https://www.subito.it/auto/volkswagen-golf-2-0-tdi-115-cv-scr-life-c-grimal-pavia-661022558.htm
Volkswagen Golf 2.0 tdi Style 150cv dsg,26500,Usato,03/2025,19163 Km,Diesel,Automatico,Euro 6,Monza,MB,Rivenditore,https://www.subito.it/auto/volkswagen-golf-2-0-tdi-style-150cv-dsg-monza-661786040.htm
Volkswagen Golf 8 Style 1.0 TSI EVO 110cv,18500,Usato,08/2021,56900 Km,Benzina,Manuale,Euro 6,Anzio,RM,Rivenditore,https://www.subito.it/auto/volkswagen-golf-8-style-1-0-tsi-evo-110cv-roma-655015211.htm
Volkswagen Golf 2.0 TDI DSG GTD,29499,Usato,05/2024,24400 Km,Diesel,Automatico,Euro 6,Roma,RM,Rivenditore,https://www.subito.it/auto/volkswagen-golf-2-0-tdi-dsg-gtd-roma-662736927.htm
VOLKSWAGEN golf viii 2020 variant Golf Variant 2.0,17381,Usato,06/2021,75000 Km,Diesel,Automatico,Euro 6,San Giorgio in Bosco,PD,Rivenditore,https://www.subito.it/auto/volkswagen-golf-viii-2020-variant-golf-variant-2-0-padova-651115797.htm
Volkswagen Golf 2.0 TDI DSG GTD TETTO,29500,Usato,12/2023,78766 Km,Diesel,Automatico,Euro 6,Roma,RM,Rivenditore,https://www.subito.it/auto/volkswagen-golf-2-0-tdi-dsg-gtd-tetto-roma-662052243.htm
VOLKSWAGEN Golf 1.5 eTSI 150 CV ACT DSG R-Line,26500,Usato,04/2024,35000 Km,Ibrida,Sequenziale,Euro 6,Treviso,TV,Rivenditore,https://www.subito.it/auto/volkswagen-golf-1-5-etsi-150-cv-act-dsg-r-line-treviso-663636422.htm
Volkswagen Golf 1.0 tsi evo Life 110cv,17500,Usato,02/2023,43000 Km,Benzina,Manuale,Euro 6d,Verona,VR,Rivenditore,https://www.subito.it/auto/volkswagen-golf-1-0-tsi-evo-life-110cv-verona-660663909.htm
VOLKSWAGEN Golf GTI ITALIANA GARANZIA,26000,Usato,02/2021,90000 Km,Benzina,Sequenziale,Euro 6,Bianco,RC,Rivenditore,https://www.subito.it/auto/volkswagen-golf-gti-italiana-garanzia-reggio-calabria-663635462.htm
golf 8,20500,Usato,05/2021,114000 Km,Diesel,Manuale,Euro 6d-TEMP,Villasor,CA,Privato,https://www.subito.it/auto/golf-8-cagliari-663634379.htm
Vw golf mk8 gti,27000,Usato,03/2024,54000 Km,Benzina,Sequenziale,Euro 6d-TEMP,Venegono Superiore,VA,Privato,https://www.subito.it/auto/vw-golf-mk8-gti-varese-663632783.htm
Golf8,18800,Usato,01/2021,48000 Km,Mild Hybrid Benzina,Automatico,Euro 6d-TEMP,Cagliari,CA,Privato,https://www.subito.it/auto/golf8-cagliari-663628709.htm
VOLKSWAGEN Golf 2.0 tdi life 115cv,25200,Usato,05/2025,17598 Km,Diesel,Manuale,Euro 6,Roma,RM,Rivenditore,https://www.subito.it/auto/volkswagen-golf-2-0-tdi-life-115cv-roma-663628644.htm
VOLKSWAGEN Golf 1.0 tsi evo life 110cv,21400,Usato,09/2023,55316 Km,Benzina,Manuale,Euro 6,Roma,RM,Rivenditore,https://www.subito.it/auto/volkswagen-golf-1-0-tsi-evo-life-110cv-roma-663628522.htm
Volkswagen Golf 1.5 etsi evo R-Line 150cv dsg,23900,Usato,04/2023,45297 Km,Ibrida,Automatico,Euro 6,Bologna,BO,Rivenditore,https://www.subito.it/auto/volkswagen-golf-1-5-etsi-evo-r-line-150cv-dsg-bologna-663627493.htm
Volkswagen Golf 2.0 TDI SCR Life,22750,Usato,03/2025,39192 Km,Diesel,Manuale,Euro 6d-TEMP,Bologna,BO,Rivenditore,https://www.subito.it/auto/volkswagen-golf-2-0-tdi-scr-life-bologna-663626492.htm
Volkswagen Golf 1.0 etsi evo Life 110cv dsg,17500,Usato,09/2022,68300 Km,Ibrida,Automatico,Euro 6,Sesto Fiorentino,FI,Rivenditore,https://www.subito.it/auto/volkswagen-golf-1-0-etsi-evo-life-110cv-dsg-firenze-663626312.htm
GOLF 8 2.0 TDI 150 cv STYLE,21990,Usato,04/2021,81600 Km,Diesel,Automatico,Euro 6d-TEMP,Riano,RM,Privato,https://www.subito.it/auto/golf-8-2-0-tdi-150-cv-style-roma-662854741.htm
Volkswagen Golf 2.0 TDI 116 CV PARI AL NUOVO 2022,18900,Usato,11/2022,160000 Km,Diesel,Manuale,Euro 6,Canicatti',AG,Rivenditore,https://www.subito.it/auto/volkswagen-golf-2-0-tdi-116-cv-pari-al-nuovo-2022-agrigento-656474301.htm
Volkswagen Golf GTI 2.0 TSI DSG TETTO FARI MATRIX,25990,Usato,12/2022,113000 Km,Benzina,Automatico,Euro 6,Roma,RM,Rivenditore,https://www.subito.it/auto/volkswagen-golf-gti-2-0-tsi-dsg-tetto-fari-matrix-roma-661309188.htm
Volkswagen Golf 1.0 tsi evo Life 110cv # CLIMA 3 Z,21700,Usato,04/2024,22180 Km,Benzina,Manuale,Pre-Euro,Villorba,TV,Rivenditore,https://www.subito.it/auto/volkswagen-golf-1-0-tsi-evo-life-110cv-clima-3-z-treviso-663622782.htm
Volkswagen Golf 1.5 tsi Edition Plus 150cv,28900,Km0,05/2026,,Benzina,Manuale,Euro 6,Milano,MI,Rivenditore,https://www.subito.it/auto/volkswagen-golf-1-5-tsi-edition-plus-150cv-milano-653486815.htm
Volkswagen Golf 2.0 tdi Style 115cv,22900,Usato,05/2022,78059 Km,Diesel,Manuale,Euro 6,Palermo,PA,Rivenditore,https://www.subito.it/auto/volkswagen-golf-2-0-tdi-style-115cv-palermo-656541463.htm
"VOLKSWAGEN Golf 1.5 eTSI ACT DSG Style 17"" ERGOA",26900,Usato,05/2024,31103 Km,Ibrida,Automatico,Euro 6,Vigevano,PV,Rivenditore,https://www.subito.it/auto/volkswagen-golf-1-5-etsi-act-dsg-style-17-ergoa-pavia-659432088.htm
Volkswagen Golf 1.5 TSI 150 CV ACT Style,24900,Usato,06/2025,16500 Km,Benzina,Manuale,Euro 6,Lavis,TN,Rivenditore,https://www.subito.it/auto/volkswagen-golf-1-5-tsi-150-cv-act-style-trento-663616288.htm
Volkswagen Golf 1.5 eTSI 130 CV DSG Life,24500,Usato,06/2023,22311 Km,Ibrida,Automatico,Euro 6d-TEMP,Lanciano,CH,Rivenditore,https://www.subito.it/auto/volkswagen-golf-1-5-etsi-130-cv-dsg-life-chieti-632593287.htm
Volkswagen Golf GTI 2.0 TSI,27900,Usato,03/2022,69721 Km,Benzina,Automatico,Euro 6,Ormelle,TV,Rivenditore,https://www.subito.it/auto/volkswagen-golf-gti-2-0-tsi-treviso-663613081.htm
Volkswagen Golf 1.5 tsi Life 115cv,23900,Usato,03/2025,21369 Km,Benzina,Manuale,Euro 6,Monza,MB,Rivenditore,https://www.subito.it/auto/volkswagen-golf-1-5-tsi-life-115cv-monza-662946564.htm
GOLF GTI SERIE 8,28000,Usato,11/2022,33000 Km,Benzina,Manuale,Euro 6,Prata Camportaccio,SO,Rivenditore,https://www.subito.it/auto/golf-gti-serie-8-sondrio-646205462.htm
Volkswagen Golf 1.5 tsi ehybrid 50 years 204cv dsg,29950,Usato,07/2024,9295 Km,Ibrida,Automatico,Euro 6d-TEMP,Bari,BA,Rivenditore,https://www.subito.it/auto/volkswagen-golf-1-5-tsi-ehybrid-50-years-204cv-dsg-bari-662814834.htm
"VOLKSWAGEN Golf 2.0 TDI DSG GTD 19"" VIDEO UFF. V",28900,Usato,02/2023,86022 Km,Diesel,Automatico,Euro 6,Vigevano,PV,Rivenditore,https://www.subito.it/auto/volkswagen-golf-2-0-tdi-dsg-gtd-19-video-uff-v-pavia-659434162.htm
Volkswagen Golf 2.0 tdi life 115cv dsg,19800,Usato,11/2022,115650 Km,Diesel,Automatico,Euro 6d-TEMP,Bari,BA,Rivenditore,https://www.subito.it/auto/volkswagen-golf-2-0-tdi-life-115cv-dsg-bari-655546898.htm
VOLKSWAGEN Golf 1.4 Plug-In Hybrid DSG GTE,28950,Usato,02/2022,43700 Km,Ibrida,Automatico,Euro 6,Pieve di Cento,BO,Rivenditore,https://www.subito.it/auto/volkswagen-golf-1-4-plug-in-hybrid-dsg-gte-bologna-660885934.htm
Volkswagen Golf 1.0 eTSI EVO DSG Life,15990,Usato,01/2021,89000 Km,Mild Hybrid Benzina,Sequenziale,Euro 6,Roma,RM,Rivenditore,https://www.subito.it/auto/volkswagen-golf-1-0-etsi-evo-dsg-life-roma-655728696.htm
Volkswagen Golf 2.0 tdi Style 150cv dsg,25500,Usato,03/2025,19220 Km,Diesel,Automatico,Euro 6,Monza,MB,Rivenditore,https://www.subito.it/auto/volkswagen-golf-2-0-tdi-style-150cv-dsg-monza-661781911.htm
Volkswagen Golf 1.5 tsi evo Style 130cv,20300,Usato,02/2024,81000 Km,Benzina,Manuale,Euro 6d,Verona,VR,Rivenditore,https://www.subito.it/auto/volkswagen-golf-1-5-tsi-evo-style-130cv-verona-661041443.htm
Volkswagen Golf 2.0 tsi GTI Clubsport 45 300cv dsg,29999,Usato,06/2021,65000 Km,Benzina,Sequenziale,Euro 6d,Sant'Egidio del Monte Albino,SA,Rivenditore,https://www.subito.it/auto/volkswagen-golf-2-0-tsi-gti-clubsport-45-300cv-dsg-salerno-663109477.htm
Volkswagen Golf 2.0 TDI DSG SCR Style,25000,Usato,07/2022,27000 Km,Diesel,Sequenziale,Euro 6e,Salerno,SA,Rivenditore,https://www.subito.it/auto/volkswagen-golf-2-0-tdi-dsg-scr-style-salerno-633193585.htm
VOLKSWAGEN Golf 1.5 eTSI Evo 130cv Style DSG,22900,Usato,07/2022,36400 Km,Ibrida,Automatico,Euro 6,Altavilla Vicentina,VI,Rivenditore,https://www.subito.it/auto/volkswagen-golf-1-5-etsi-evo-130cv-style-dsg-vicenza-662631498.htm
Volkswagen Golf Variant 2.0 TDI SCR Life DSG,29800,Km0,02/2026,,Diesel,Automatico,Euro 6d-TEMP,Padova,PD,Rivenditore,https://www.subito.it/auto/volkswagen-golf-variant-2-0-tdi-scr-life-dsg-padova-659248357.htm
VOLKSWAGEN Golf 8ª serie - Golf 1.0 eTSI EVO DSG L,21300,Usato,05/2024,21155 Km,Ibrida,Automatico,Euro 6,Legnano,MI,Rivenditore,https://www.subito.it/auto/volkswagen-golf-8-serie-golf-1-0-etsi-evo-dsg-l-milano-659674781.htm
Volkswagen Golf 1.0 eTSI EVO DSG Life,18400,Usato,01/2021,73100 Km,Mild Hybrid Benzina,Sequenziale,Euro 6,Guidonia Montecelio,RM,Rivenditore,https://www.subito.it/auto/volkswagen-golf-1-0-etsi-evo-dsg-life-roma-663590957.htm
Volkswagen Golf 8 R-line 2.0 TDI 150 CV,29990,Usato,11/2021,59235 Km,Diesel,Automatico,Euro 6,Barcellona Pozzo di Gotto,ME,Rivenditore,https://www.subito.it/auto/volkswagen-golf-8-r-line-2-0-tdi-150-cv-messina-663590365.htm
VW Golf 8 2.0 TDI 150 CV DSG Style (2022),19900,Usato,07/2022,125000 Km,Diesel,Automatico,Euro 6d-TEMP,Cologna Veneta,VR,Privato,https://www.subito.it/auto/vw-golf-8-2-0-tdi-150-cv-dsg-style-2022-verona-663567391.htm
"Volkswagen Golf GTI 2.0 TSI OPF, cambio manuale a ",26500,Usato,10/2023,33007 Km,Benzina,Manuale,Euro 6,Saccolongo,PD,Rivenditore,https://www.subito.it/auto/volkswagen-golf-gti-2-0-tsi-opf-cambio-manuale-a-padova-663577572.htm
VOLKSWAGEN Golf YP08564,21199,Usato,09/2021,86928 Km,Ibrida,Automatico,Euro 6,Roma,RM,Rivenditore,https://www.subito.it/auto/volkswagen-golf-yp08564-roma-663575679.htm
VOLKSWAGEN Golf YV65054,27499,Usato,01/2022,48077 Km,Benzina,Manuale,Euro 6,Roma,RM,Rivenditore,https://www.subito.it/auto/volkswagen-golf-yv65054-roma-663575657.htm
VOLKSWAGEN Golf YV65054,27499,Usato,01/2022,48077 Km,Benzina,Manuale,Euro 6,Verona,VR,Rivenditore,https://www.subito.it/auto/volkswagen-golf-yv65054-verona-663575107.htm
VOLKSWAGEN Golf YV65054,27499,Usato,01/2022,48077 Km,Benzina,Manuale,Euro 6,Sassari,SS,Rivenditore,https://www.subito.it/auto/volkswagen-golf-yv65054-sassari-663574727.htm
VOLKSWAGEN Golf DJ96045,21499,Usato,03/2022,66088 Km,Benzina,Manuale,Euro 6,Bari,BA,Rivenditore,https://www.subito.it/auto/volkswagen-golf-dj96045-bari-663574685.htm
VOLKSWAGEN Golf DJ96045,21499,Usato,03/2022,66088 Km,Benzina,Manuale,Euro 6,Sassari,SS,Rivenditore,https://www.subito.it/auto/volkswagen-golf-dj96045-sassari-663574618.htm
VOLKSWAGEN Golf 1.0 TSI EVO Life,17990,Usato,05/2023,45000 Km,Benzina,Manuale,Euro 6,Treviso,TV,Rivenditore,https://www.subito.it/auto/volkswagen-golf-1-0-tsi-evo-life-treviso-663574297.htm
Volkswagen Golf Variant 2.0 TDI SCR 85kW Life DSG,18800,Usato,06/2022,87000 Km,Diesel,Automatico,Euro 6d-TEMP,Perugia,PG,Rivenditore,https://www.subito.it/auto/volkswagen-golf-variant-2-0-tdi-scr-85kw-life-dsg-perugia-663573367.htm
Volkswagen Golf 1.0 TSI EVO Life,13999,Usato,10/2021,130000 Km,Benzina,Automatico,Euro 6,Sassari,SS,Rivenditore,https://www.subito.it/auto/volkswagen-golf-1-0-tsi-evo-life-sassari-663570988.htm
Volkswagen Golf 8 GTD,25500,Usato,09/2021,128000 Km,Diesel,Automatico,Euro 6b,Pontecorvo,FR,Privato,https://www.subito.it/auto/volkswagen-golf-8-gtd-frosinone-663560402.htm
VOLKSWAGEN golf viii 2020 variant Golf Variant 2.0,27134,Km0,01/2024,,Diesel,Automatico,Euro 6,Meda,MB,Rivenditore,https://www.subito.it/auto/volkswagen-golf-viii-2020-variant-golf-variant-2-0-monza-663558470.htm
Volkswagen Golf 8 2.0 TDI 116cv SCR Style 2021,17990,Usato,10/2021,144550 Km,Diesel,Manuale,Euro 5,Montalto Uffugo,CS,Rivenditore,https://www.subito.it/auto/volkswagen-golf-8-2-0-tdi-116cv-scr-style-2021-cosenza-663551878.htm
Golf 2.0 TDI 150 CV DSG- Style-unipro-PARI AL NUOV,15500,Usato,10/2021,185000 Km,Diesel,Automatico,Euro 6,Roma,RM,Rivenditore,https://www.subito.it/auto/golf-2-0-tdi-150-cv-dsg-style-unipro-pari-al-nuov-roma-663551477.htm
Golf 7.5 gtd,15500,Usato,11/2025,210000 Km,Diesel,Manuale,Euro 6,Teramo,TE,Privato,https://www.subito.it/auto/golf-7-5-gtd-teramo-663548204.htm
Volkswagen Golf 1.0 TSI EVO MOVE,19850,Usato,04/2024,20000 Km,Benzina,Manuale,Euro 6,San Giorgio delle Pertiche,PD,Rivenditore,https://www.subito.it/auto/volkswagen-golf-1-0-tsi-evo-move-padova-663542288.htm
VOLKSWAGEN Golf 8 1.0 etsi Evo DSG,14000,Usato,04/2021,104000 Km,Mild Hybrid Benzina,Sequenziale,Euro 6d-TEMP,Altamura,BA,Privato,https://www.subito.it/auto/volkswagen-golf-8-1-0-etsi-evo-dsg-bari-663540191.htm
Volkwagen golf 8,20000,Usato,02/2022,125000 Km,Diesel,Automatico,,Soverato,CZ,Privato,https://www.subito.it/auto/volkwagen-golf-8-catanzaro-663539646.htm
Volkswagen Golf 1.5 etsi evo Life 130cv dsg,24400,Usato,04/2024,47400 Km,Ibrida,Sequenziale,Euro 6d,Villorba,TV,Rivenditore,https://www.subito.it/auto/volkswagen-golf-1-5-etsi-evo-life-130cv-dsg-treviso-663537483.htm
Volkswagen Golf R 2.0 tsi R 4motion 320cv dsg,29990,Usato,06/2021,83000 Km,Benzina,Sequenziale,Euro 6d,Arezzo,AR,Rivenditore,https://www.subito.it/auto/volkswagen-golf-r-2-0-tsi-r-4motion-320cv-dsg-arezzo-663534871.htm
Volkswagen Golf 2.0 TDI 150 CV DSG SCR R-Line,29900,Usato,12/2024,82000 Km,Diesel,Sequenziale,Euro 6,Taranto,TA,Rivenditore,https://www.subito.it/auto/volkswagen-golf-2-0-tdi-150-cv-dsg-scr-r-line-taranto-663529747.htm
Golf 8 2023 2.0Tdi 115 DSG Pari al nuovo,22900,Usato,03/2023,60000 Km,Diesel,Automatico,Euro 6,Miggiano,LE,Rivenditore,https://www.subito.it/auto/golf-8-2023-2-0tdi-115-dsg-pari-al-nuovo-lecce-663527252.htm
VW Golf 2.0 TDI 150 CV DSG Style PREZZO REALE/UNIP,18590,Usato,09/2022,98776 Km,Diesel,Sequenziale,Euro 6,Verona,VR,Rivenditore,https://www.subito.it/auto/vw-golf-2-0-tdi-150-cv-dsg-style-prezzo-reale-unip-verona-663521891.htm
Volkswagen Golf 2.0 TDI CV DSG SCR Life,20400,Usato,12/2022,75585 Km,Diesel,Automatico,Euro 6,Verona,VR,Rivenditore,https://www.subito.it/auto/volkswagen-golf-2-0-tdi-cv-dsg-scr-life-verona-663521827.htm
Volkswagen Golf 1.5 tsi evo Style 130cv,20300,Usato,02/2024,81000 Km,Benzina,Manuale,Euro 6d,Verona,VR,Rivenditore,https://www.subito.it/auto/volkswagen-golf-1-5-tsi-evo-style-130cv-verona-661041444.htm
Volkswagen Golf Variant 2.0 TDI SCR 85kW Life DSG,17900,Usato,05/2023,84852 Km,Diesel,Automatico,,Roma,RM,Rivenditore,https://www.subito.it/auto/volkswagen-golf-variant-2-0-tdi-scr-85kw-life-dsg-roma-663132788.htm
VOLKSWAGEN Golf 8ª serie - Golf Variant 2.0 TDI 15,26400,Usato,10/2024,33864 Km,Diesel,Automatico,Euro 6,Legnano,MI,Rivenditore,https://www.subito.it/auto/volkswagen-golf-8-serie-golf-variant-2-0-tdi-15-milano-650953719.htm
Volkswagen Golf Variant Variant 2.0 tdi Life 115cv,16900,Usato,05/2023,100000 Km,Diesel,Automatico,Euro 6,Porto San Giorgio,FM,Rivenditore,https://www.subito.it/auto/volkswagen-golf-variant-variant-2-0-tdi-life-115cv-fermo-658354377.htm
Volkswagen Golf 1.0 etsi evo Life 110cv dsg,20900,Usato,06/2023,40457 Km,Ibrida,Automatico,Euro 6,Palermo,PA,Rivenditore,https://www.subito.it/auto/volkswagen-golf-1-0-etsi-evo-life-110cv-dsg-palermo-662868287.htm
Volkswagen Golf Variant 2.0 TDI SCR Life 116 CV,15700,Usato,01/2022,123000 Km,Diesel,Automatico,Euro 6,Civitanova Marche,MC,Rivenditore,https://www.subito.it/auto/volkswagen-golf-variant-2-0-tdi-scr-life-116-cv-macerata-663512962.htm
Volkswagen Golf 2.0 TDI DSG GTD,29800,Usato,10/2022,116000 Km,Diesel,Manuale,Euro 6,Crotone,KR,Rivenditore,https://www.subito.it/auto/volkswagen-golf-2-0-tdi-dsg-gtd-crotone-663114387.htm
Volkswagen Golf 2.0 TDI 115 CV SCR Life,25900,Usato,05/2025,9161 Km,Diesel,Manuale,Euro 6d,Pollenza,MC,Rivenditore,https://www.subito.it/auto/volkswagen-golf-2-0-tdi-115-cv-scr-life-macerata-663510942.htm
Volkswagen Golf GTI 2.0 TSI DSG,28600,Usato,08/2021,55309 Km,Benzina,Sequenziale,Euro 6,Lurago d'Erba,CO,Rivenditore,https://www.subito.it/auto/volkswagen-golf-gti-2-0-tsi-dsg-como-663509520.htm
Volkswagen Golf 1.0 etsi evo Life 110cv dsg App co,20950,Usato,02/2022,94800 Km,Benzina,Manuale,Euro 6,Casalpusterlengo,LO,Rivenditore,https://www.subito.it/auto/volkswagen-golf-1-0-etsi-evo-life-110cv-dsg-app-co-lodi-663506779.htm
VOLKSWAGEN Golf 1.5 TSI EVO ACTIVE,21580,Usato,06/2022,35495 Km,Benzina,Manuale,Euro 6,Trento,TN,Rivenditore,https://www.subito.it/auto/volkswagen-golf-1-5-tsi-evo-active-trento-663505768.htm
Volkswagen Golf 2.0 tdi Style 150cv dsg,26500,Usato,04/2025,27364 Km,Diesel,Automatico,Euro 6,Monza,MB,Rivenditore,https://www.subito.it/auto/volkswagen-golf-2-0-tdi-style-150cv-dsg-monza-661777265.htm
VOLKSWAGEN 8 GTD 200cv UNICOPROPRIETARIO 2022,26900,Usato,04/2022,98000 Km,Diesel,Automatico,Euro 6,Sora,FR,Rivenditore,https://www.subito.it/auto/volkswagen-8-gtd-200cv-unicoproprietario-2022-frosinone-644621192.htm
VOLKSWAGEN Golf 1.0 eTSI EVO Life DSG MHEV,20900,Usato,07/2024,30738 Km,Benzina,Automatico,Euro 6,Vigevano,PV,Rivenditore,https://www.subito.it/auto/volkswagen-golf-1-0-etsi-evo-life-dsg-mhev-pavia-662947988.htm
Volkswagen Golf 2.0 tdi Style 150cv dsg,27500,Usato,06/2025,25528 Km,Diesel,Automatico,Euro 6,Monza,MB,Rivenditore,https://www.subito.it/auto/volkswagen-golf-2-0-tdi-style-150cv-dsg-monza-661787832.htm
VOLKSWAGEN Golf 8ª serie - Golf 1.5 eTSI 130 CV EV,22300,Usato,05/2023,27627 Km,Ibrida,Automatico,Euro 6,Legnano,MI,Rivenditore,https://www.subito.it/auto/volkswagen-golf-8-serie-golf-1-5-etsi-130-cv-ev-milano-659269497.htm
Volkswagen Golf 2.0 tdi life 115cv,24950,Usato,03/2025,25302 Km,Diesel,Manuale,Euro 6d-TEMP,Bari,BA,Rivenditore,https://www.subito.it/auto/volkswagen-golf-2-0-tdi-life-115cv-bari-656241853.htm
VOLKSWAGEN Golf 2.0 TDI 115 CV SCR Life,19900,Usato,07/2022,53755 Km,Diesel,Manuale,Euro 6,Vigevano,PV,Rivenditore,https://www.subito.it/auto/volkswagen-golf-2-0-tdi-115-cv-scr-life-pavia-645819699.htm
Volkswagen Golf 8 1.0 etsi evo 110CV Life dsg pr,15000,Usato,02/2021,87150 Km,Ibrida,Automatico,Euro 6d-TEMP,Torino,TO,Rivenditore,https://www.subito.it/auto/volkswagen-golf-8-1-0-etsi-evo-110cv-life-dsg-pr-torino-663487579.htm
Volkswagen Golf 8 2.0 TDI 2021,15800,Usato,04/2021,163000 Km,Diesel,Manuale,Euro 6,Rionero in Vulture,PZ,Rivenditore,https://www.subito.it/auto/volkswagen-golf-8-2-0-tdi-2021-potenza-663486559.htm
GOLF 8 GTE 1.4 TSI PLUG-IN HYBRID app tagliandata,20900,Usato,11/2023,94000 Km,Plug-in Hybrid Benzina,Automatico,Euro 6d-TEMP,Milano,MI,Privato,https://www.subito.it/auto/golf-8-gte-1-4-tsi-plug-in-hybrid-app-tagliandata-milano-657443538.htm
"VOLKSWAGEN Golf 1.0 eTSI EVO Life DSG 17"" MHEV",19900,Usato,01/2023,43962 Km,Ibrida,Automatico,Euro 6,Vigevano,PV,Rivenditore,https://www.subito.it/auto/volkswagen-golf-1-0-etsi-evo-life-dsg-17-mhev-pavia-659432987.htm
Volkswagen Golf 2.0cc TSI 245cv TCR DSG 5p. BMT GT,26990,Usato,02/2021,75163 Km,Benzina,Automatico,Euro 6,Napoli,NA,Rivenditore,https://www.subito.it/auto/volkswagen-golf-2-0cc-tsi-245cv-tcr-dsg-5p-bmt-gt-napoli-663480968.htm
"VOLKSWAGEN Golf 2.0 TDI DSG GTD 19"" VIDEO UC/GRI",27500,Usato,02/2023,86022 Km,Diesel,Automatico,Euro 6,Vigevano,PV,Rivenditore,https://www.subito.it/auto/volkswagen-golf-2-0-tdi-dsg-gtd-19-video-uc-gri-pavia-659432314.htm
VOLKSWAGEN GOLF 8 2.0 TDI 115 CV DSG FULL NEO PATE,19950,Usato,03/2022,130000 Km,Diesel,Automatico,Euro 6,Grottaminarda,AV,Rivenditore,https://www.subito.it/auto/volkswagen-golf-8-2-0-tdi-115-cv-dsg-full-neo-pate-avellino-663477918.htm
Volkswagen Golf 2.0 TDI SCR Style 137000km,15990,Usato,05/2021,137000 Km,Diesel,Manuale,Euro 6,Castello di Godego,TV,Rivenditore,https://www.subito.it/auto/volkswagen-golf-2-0-tdi-scr-style-137000km-treviso-663477860.htm
Volkswagen Golf 1.5 TSI EVO ACT Life,22500,Usato,03/2023,16393 Km,Benzina,Automatico,Euro 6d-TEMP,Roma,RM,Rivenditore,https://www.subito.it/auto/volkswagen-golf-1-5-tsi-evo-act-life-roma-659317675.htm
Volkswagen Golf 2.0 TDI 150 CV DSG SCR R-Line,24500,Usato,04/2021,149900 Km,Diesel,Automatico,Euro 6,Sicignano degli Alburni,SA,Rivenditore,https://www.subito.it/auto/volkswagen-golf-2-0-tdi-150-cv-dsg-scr-r-line-salerno-642790616.htm
Volkswagen Golf GTI 2.0 TSI DSG,29990,Usato,09/2021,70000 Km,Benzina,Automatico,Euro 6,Rosarno,RC,Rivenditore,https://www.subito.it/auto/volkswagen-golf-gti-2-0-tsi-dsg-reggio-calabria-662993156.htm
Volkswagen Golf GTI 2.0 TSI,26990,Usato,09/2021,90000 Km,Benzina,Automatico,Euro 6,Orbassano,TO,Rivenditore,https://www.subito.it/auto/volkswagen-golf-gti-2-0-tsi-torino-659379994.htm
"VOLKSWAGEN Golf 1.5 eTSI ACT DSG Style 17""ERGOAC",25900,Usato,05/2024,31103 Km,Ibrida,Automatico,Euro 6,Vigevano,PV,Rivenditore,https://www.subito.it/auto/volkswagen-golf-1-5-etsi-act-dsg-style-17-ergoac-pavia-659434586.htm
Volkswagen Golf 1.0 eTSI EVO DSG Life,17900,Usato,04/2022,37000 Km,Mild Hybrid Benzina,Automatico,Euro 6,Prato,PO,Rivenditore,https://www.subito.it/auto/volkswagen-golf-1-0-etsi-evo-dsg-life-prato-663474196.htm
Volkswagen Golf 1.5 TGI Style,20900,Usato,12/2021,80000 Km,Benzina/Metano,Automatico,Euro 6,San Ginesio,MC,Rivenditore,https://www.subito.it/auto/volkswagen-golf-1-5-tgi-style-macerata-663472000.htm
Volkswagen Golf 2.0 tdi style 150cv dsg,28000,Usato,03/2025,35660 Km,Diesel,Automatico,Euro 6d-TEMP,Bari,BA,Rivenditore,https://www.subito.it/auto/volkswagen-golf-2-0-tdi-style-150cv-dsg-bari-655668720.htm
Volkswagen golf viii 1.5 TSI 150cv Life,21890,Usato,01/2023,40538 Km,Benzina,Manuale,Euro 6,Robecco sul Naviglio,MI,Rivenditore,https://www.subito.it/auto/volkswagen-golf-viii-1-5-tsi-150cv-life-milano-654309165.htm
Volkswagen Golf 2.0 TDI 150 CV DSG R-Line 2023 Tet,28500,Usato,05/2023,33000 Km,Diesel,Automatico,Euro 6,Palermo,PA,Rivenditore,https://www.subito.it/auto/volkswagen-golf-2-0-tdi-150-cv-dsg-r-line-2023-tet-palermo-663469922.htm
Volkswagen Golf 2.0 TDI 150 CV DSG SCR Life,19900,Usato,10/2021,123000 Km,Diesel,Sequenziale,Euro 6,Palermo,PA,Rivenditore,https://www.subito.it/auto/volkswagen-golf-2-0-tdi-150-cv-dsg-scr-life-palermo-663469435.htm
VOLKSWAGEN Golf Variant 2.0 TDI 150CV DSG UniPro,12900,Usato,02/2022,194394 Km,Diesel,Automatico,Euro 6,Rezzato,BS,Rivenditore,https://www.subito.it/auto/volkswagen-golf-variant-2-0-tdi-150cv-dsg-unipro-brescia-659319214.htm
Volkswagen Golf 1.0 eTSI EVO DSG Life,16900,Usato,06/2023,79200 Km,Mild Hybrid Benzina,Automatico,Euro 6,Lanciano,CH,Rivenditore,https://www.subito.it/auto/volkswagen-golf-1-0-etsi-evo-dsg-life-chieti-644071773.htm
Volkswagen Golf TDI MOVE LIFE C.16 Tetto Led Matri,28500,Usato,12/2023,8900 Km,Diesel,Automatico,Euro 6,Campi Bisenzio,FI,Rivenditore,https://www.subito.it/auto/volkswagen-golf-tdi-move-life-c-16-tetto-led-matri-firenze-654974771.htm
Volkswagen Golf 2.0 TDI 150 CV DSG SCR Style,6800,Usato,10/2023,47000 Km,Diesel,Sequenziale,Euro 6,Saviano,NA,Rivenditore,https://www.subito.it/auto/volkswagen-golf-2-0-tdi-150-cv-dsg-scr-style-napoli-663461057.htm
Volkswagen Golf 2.0 tdi life 115cv,23950,Usato,03/2025,44554 Km,Diesel,Manuale,Euro 6d-TEMP,Bari,BA,Rivenditore,https://www.subito.it/auto/volkswagen-golf-2-0-tdi-life-115cv-bari-655668806.htm
VOLKSWAGEN Golf 8ª serie - Golf 2.0 TDI 115 CV SCR,19100,Usato,11/2022,48243 Km,Diesel,Manuale,Euro 6,Legnano,MI,Rivenditore,https://www.subito.it/auto/volkswagen-golf-8-serie-golf-2-0-tdi-115-cv-scr-milano-635476506.htm
Volkswagen Golf 2.0 TDI 150 CV DSG SCR Style,17900,Usato,03/2021,210000 Km,Diesel,Sequenziale,Euro 6,Sassari,SS,Rivenditore,https://www.subito.it/auto/volkswagen-golf-2-0-tdi-150-cv-dsg-scr-style-sassari-663457591.htm
Volkswagen Golf 2.0 TDI SCR 110KW Life DSG,22900,Usato,05/2024,33000 Km,Diesel,Automatico,Euro 6d-TEMP,Leini,TO,Rivenditore,https://www.subito.it/auto/volkswagen-golf-2-0-tdi-scr-110kw-life-dsg-torino-660759254.htm
Volkswagen Golf 1.0 etsi evo Life 110cv dsg,15500,Usato,04/2021,91684 Km,Ibrida,Automatico,Euro 6,Monza,MB,Rivenditore,https://www.subito.it/auto/volkswagen-golf-1-0-etsi-evo-life-110cv-dsg-monza-661786162.htm
Volkswagen Golf 2.0 tdi style 115cv,19950,Usato,01/2022,95070 Km,Diesel,Manuale,Euro 6d-TEMP,Bari,BA,Rivenditore,https://www.subito.it/auto/volkswagen-golf-2-0-tdi-style-115cv-bari-656241809.htm
Golf 8 etsi 1.5 evo 130 cv life,24000,Usato,04/2023,17500 Km,Mild Hybrid Benzina,Automatico,Euro 6d-TEMP,Torino,TO,Privato,https://www.subito.it/auto/golf-8-etsi-1-5-evo-130-cv-life-torino-663454540.htm
VOLKSWAGEN Golf 1.0 eTSI EVO Life DSG MHEV C/GRI,19900,Usato,07/2024,30738 Km,Benzina,Automatico,Euro 6,Vigevano,PV,Rivenditore,https://www.subito.it/auto/volkswagen-golf-1-0-etsi-evo-life-dsg-mhev-c-gri-pavia-663442757.htm
VOLKSWAGEN Golf JR71437,19999,Usato,02/2021,143853 Km,Ibrida,Automatico,Euro 6,Roma,RM,Rivenditore,https://www.subito.it/auto/volkswagen-golf-jr71437-roma-663441784.htm
VOLKSWAGEN Golf DJ96045,21499,Usato,03/2022,66088 Km,Benzina,Manuale,Euro 6,Bologna,BO,Rivenditore,https://www.subito.it/auto/volkswagen-golf-dj96045-bologna-663441113.htm
Volkswagen Golf 1.5 tsi evo R-Line 130cv,22900,Usato,06/2023,29981 Km,Benzina,Manuale,Euro 6,Chiavari,GE,Rivenditore,https://www.subito.it/auto/volkswagen-golf-1-5-tsi-evo-r-line-130cv-genova-663439842.htm
GOLF TDI 2.0 SCR 85kW Life,21900,Usato,05/2022,77000 Km,Diesel,Manuale,Euro 6e,Portogruaro,VE,Privato,https://www.subito.it/auto/golf-tdi-2-0-scr-85kw-life-venezia-663424012.htm
Volkswagen Golf 2.0 TDI DSG automatica Style,20870,Usato,01/2022,64994 Km,Diesel,Automatico,Euro 6d-TEMP,Alessandria,AL,Privato,https://www.subito.it/auto/volkswagen-golf-2-0-tdi-dsg-automatica-style-alessandria-653842568.htm
Golf 8,16500,Usato,02/2023,157000 Km,Diesel,Manuale,Euro 6d,Montichiari,BS,Privato,https://www.subito.it/auto/golf-8-brescia-663421944.htm
Vw Golf Gti 7.5,19500,Usato,01/2022,105000 Km,Benzina,Automatico,Euro 6,Marcon,VE,Privato,https://www.subito.it/auto/vw-golf-gti-7-5-venezia-663418057.htm
Volkswagen Golf 1.5 etsi evo R-Line 150cv dsg KM C,23490,Usato,06/2023,72000 Km,Ibrida,Sequenziale,Euro 6d,Roma,RM,Rivenditore,https://www.subito.it/auto/volkswagen-golf-1-5-etsi-evo-r-line-150cv-dsg-km-c-roma-663418664.htm
Golf GTI 7.5,28500,Usato,10/2023,51500 Km,Benzina,Sequenziale,Euro 6d-TEMP,Podenzano,PC,Privato,https://www.subito.it/auto/golf-gti-7-5-piacenza-663414884.htm
VOLKSWAGEN GOLF IQ DRIVE ALLESTIMENTO R-LINE,17700,Usato,10/2023,121000 Km,Diesel,Sequenziale,Euro 6d-TEMP,Roma,RM,Privato,https://www.subito.it/auto/volkswagen-golf-iq-drive-allestimento-r-line-roma-663414817.htm
Volkswagen Golf VIII 2.0 TDI 150 CV SCR Style,24000,Usato,05/2023,145000 Km,Diesel,Manuale,Euro 6,Villa San Giovanni,RC,Rivenditore,https://www.subito.it/auto/volkswagen-golf-viii-2-0-tdi-150-cv-scr-style-reggio-calabria-663410105.htm
Volkswagen Golf 1.5 TSI R L #50580,20950,Usato,09/2022,35000 Km,Benzina,Manuale,Euro 6d,Rivoli,TO,Rivenditore,https://www.subito.it/auto/volkswagen-golf-1-5-tsi-r-l-50580-torino-663406557.htm
Volkswagen Golf 2.0 TDI DSG GTD,28800,Usato,11/2022,69000 Km,Diesel,Automatico,Euro 6,Manoppello,PE,Rivenditore,https://www.subito.it/auto/volkswagen-golf-2-0-tdi-dsg-gtd-pescara-663405835.htm
Golf 8 GTI 245 cv,27000,Usato,10/2021,134000 Km,Benzina,Automatico,Euro 6d-TEMP,Castelvetrano,TP,Privato,https://www.subito.it/auto/golf-8-gti-245-cv-trapani-662569366.htm
VOLKSWAGEN GOLF VIII 2.0 TDI SCR 85 KW LIFE 5 PORT,16150,Usato,07/2021,110416 Km,Diesel,Manuale,Euro 6,Pozzuoli,NA,Rivenditore,https://www.subito.it/auto/volkswagen-golf-viii-2-0-tdi-scr-85-kw-life-5-port-napoli-663405210.htm
VOLKSWAGEN GOLF VIII 2.0 TDI SCR 85 KW LIFE 5 PORT,16150,Usato,07/2021,110416 Km,Diesel,Manuale,Euro 6,Firenze,FI,Rivenditore,https://www.subito.it/auto/volkswagen-golf-viii-2-0-tdi-scr-85-kw-life-5-port-firenze-663405169.htm
Volkswagen Golf 1.5 TSI EVO ACT Style,19000,Usato,03/2021,40800 Km,Benzina,Manuale,Euro 6,Fara Vicentino,VI,Rivenditore,https://www.subito.it/auto/volkswagen-golf-1-5-tsi-evo-act-style-vicenza-663404449.htm
Volkswagen Golf GTI FULL SENZA VINCOLI,29900,Usato,10/2022,49000 Km,Benzina,Automatico,Euro 6,Roma,RM,Rivenditore,https://www.subito.it/auto/volkswagen-golf-gti-full-senza-vincoli-roma-663404028.htm
VOLKSWAGEN GOLF VIII 2.0 TDI SCR 85 KW LIFE 5 PORT,16150,Usato,07/2021,110416 Km,Diesel,Manuale,Euro 6,Bentivoglio,BO,Rivenditore,https://www.subito.it/auto/volkswagen-golf-viii-2-0-tdi-scr-85-kw-life-5-port-bologna-663403955.htm
VOLKSWAGEN GOLF VIII 2.0 TDI SCR 85 KW LIFE 5 PORT,16150,Usato,07/2021,110416 Km,Diesel,Manuale,Euro 6,Verona,VR,Rivenditore,https://www.subito.it/auto/volkswagen-golf-viii-2-0-tdi-scr-85-kw-life-5-port-verona-663403879.htm
VOLKSWAGEN GOLF VIII 2.0 TDI SCR 85 KW LIFE 5 PORT,16150,Usato,07/2021,110416 Km,Diesel,Manuale,Euro 6,Roma,RM,Rivenditore,https://www.subito.it/auto/volkswagen-golf-viii-2-0-tdi-scr-85-kw-life-5-port-roma-663403713.htm
Golf 1.5 eTSI 115 CV DSG Edition Plus,25500,Usato,10/2024,12000 Km,Mild Hybrid Benzina,Sequenziale,Euro 6d-TEMP,La Spezia,SP,Privato,https://www.subito.it/auto/golf-1-5-etsi-115-cv-dsg-edition-plus-la-spezia-663400351.htm
VOLKSWAGEN GOLF 8 1.5 TSI 131 CV STYLE + REARVIEW ,20400,Usato,04/2024,23100 Km,Benzina,Manuale,Euro 6,Quinzano d'Oglio,BS,Rivenditore,https://www.subito.it/auto/volkswagen-golf-8-1-5-tsi-131-cv-style-rearview-brescia-663401380.htm
"Volkswagen Golf 1.5 TSI 116 CV LIFE GOAL, WINTER P",23900,Usato,06/2025,17300 Km,Benzina,Manuale,Euro 6e,Paderno Franciacorta,BS,Rivenditore,https://www.subito.it/auto/volkswagen-golf-1-5-tsi-116-cv-life-goal-winter-p-brescia-663396170.htm
"Volkswagen Golf 1.5 TSI 116 CV LIFE , HEAD-UP DISP",24500,Usato,12/2025,14600 Km,Benzina,Manuale,Euro 6e,Paderno Franciacorta,BS,Rivenditore,https://www.subito.it/auto/volkswagen-golf-1-5-tsi-116-cv-life-head-up-disp-brescia-663396160.htm
Volkswagen Golf 2.0 tdi life 115cv,23950,Usato,03/2025,41716 Km,Diesel,Manuale,Euro 6d-TEMP,Bari,BA,Rivenditore,https://www.subito.it/auto/volkswagen-golf-2-0-tdi-life-115cv-bari-656241848.htm
Volkswagen Golf GTI 2.0 TSI DSGACC/DCC/MATRIX/TETT,29500,Usato,08/2023,66000 Km,Benzina,Sequenziale,Euro 6,Roma,RM,Rivenditore,https://www.subito.it/auto/volkswagen-golf-gti-2-0-tsi-dsgacc-dcc-matrix-tett-roma-661545764.htm
"VOLKSWAGEN Golf 1.0 eTSI EVO Life DSG 17"" MHEV C",17800,Usato,12/2022,52424 Km,Ibrida,Automatico,Euro 6,Vigevano,PV,Rivenditore,https://www.subito.it/auto/volkswagen-golf-1-0-etsi-evo-life-dsg-17-mhev-c-pavia-659433763.htm
"Golf 8 GTD led matrix 19""",28000,Usato,01/2021,140000 Km,Diesel,Sequenziale,Euro 6d-TEMP,Africo,RC,Privato,https://www.subito.it/auto/golf-8-gtd-led-matrix-19-reggio-calabria-663385595.htm
Volkswagen Golf 2.0 tdi Style 115cv dsg,17990,Usato,11/2022,126749 Km,Diesel,Automatico,Euro 6,Ceprano,FR,Rivenditore,https://www.subito.it/auto/volkswagen-golf-2-0-tdi-style-115cv-dsg-frosinone-655554586.htm
Volkswagen Golf 1.5 eTSI 150 CV EVO ACT DSG R-Line,22500,Usato,05/2023,89890 Km,Mild Hybrid Benzina,Automatico,Euro 6,Sedriano,MI,Rivenditore,https://www.subito.it/auto/volkswagen-golf-1-5-etsi-150-cv-evo-act-dsg-r-line-milano-663378888.htm
Volkswagen golf 8 GTD,28000,Usato,05/2023,138000 Km,Diesel,Sequenziale,Euro 6d-TEMP,Bologna,BO,Privato,https://www.subito.it/auto/volkswagen-golf-8-gtd-bologna-663376056.htm
VOLKSWAGEN Golf 1.4 Plug-In Hybrid DSG GTE,25950,Usato,06/2021,46600 Km,Ibrida,Automatico,Euro 6,Pieve di Cento,BO,Rivenditore,https://www.subito.it/auto/volkswagen-golf-1-4-plug-in-hybrid-dsg-gte-bologna-660884594.htm
VOLKSWAGEN Golf 1.0 TSI EVO 110CV *UNICO PROP.*A,17490,Usato,09/2022,25353 Km,Benzina,Manuale,Euro 6,Cologno Monzese,MI,Rivenditore,https://www.subito.it/auto/volkswagen-golf-1-0-tsi-evo-110cv-unico-prop-a-milano-663374901.htm
VOLKSWAGEN Golf 1.0 TSI EVO 110CV *UNICO PROP.*A,16890,Usato,08/2022,48371 Km,Benzina,Manuale,Euro 6,Cologno Monzese,MI,Rivenditore,https://www.subito.it/auto/volkswagen-golf-1-0-tsi-evo-110cv-unico-prop-a-milano-663374852.htm
VOLKSWAGEN Golf 2.0 TDI 150 CV DSG GARANZIA,20800,Usato,01/2022,113000 Km,Diesel,Sequenziale,Euro 6,Bianco,RC,Rivenditore,https://www.subito.it/auto/volkswagen-golf-2-0-tdi-150-cv-dsg-garanzia-reggio-calabria-663373410.htm
Volkswagen Golf 2.0 TDI SCR Life,25900,Usato,03/2025,29700 Km,Diesel,Manuale,Euro 6d-TEMP,Mestrino,PD,Rivenditore,https://www.subito.it/auto/volkswagen-golf-2-0-tdi-scr-life-padova-659248854.htm
"VOLKSWAGEN Golf 1.0 eTSI EVO Life DSG 17"" MHEV C",18900,Usato,01/2023,43962 Km,Ibrida,Automatico,Euro 6,Vigevano,PV,Rivenditore,https://www.subito.it/auto/volkswagen-golf-1-0-etsi-evo-life-dsg-17-mhev-c-pavia-659434522.htm
Volkswagen Golf 2.0 tdi Life 115cv,25900,Usato,02/2025,29158 Km,Diesel,Manuale,Euro 6,Palermo,PA,Rivenditore,https://www.subito.it/auto/volkswagen-golf-2-0-tdi-life-115cv-palermo-656542771.htm
"VOLKSWAGEN Golf 2.0 TDI DSG SCR Style matrix 17""",20900,Usato,09/2022,47070 Km,Diesel,Automatico,Euro 6,Vigevano,PV,Rivenditore,https://www.subito.it/auto/volkswagen-golf-2-0-tdi-dsg-scr-style-matrix-17-pavia-662947480.htm
VOLKSWAGEN Golf 2.0 TDI SCR Style,16500,Usato,04/2021,168140 Km,Diesel,Manuale,Euro 6,Favara,AG,Rivenditore,https://www.subito.it/auto/volkswagen-golf-2-0-tdi-scr-style-agrigento-661002593.htm
Volkswagen Golf 1.0 eTSI EVO DSG Life,18900,Usato,06/2022,83000 Km,Mild Hybrid Benzina,Sequenziale,Euro 6e,Sassano,SA,Rivenditore,https://www.subito.it/auto/volkswagen-golf-1-0-etsi-evo-dsg-life-salerno-642778630.htm
Volkswagen Golf 2.0 tdi life 115cv dsg,22800,Usato,05/2024,88103 Km,Diesel,Automatico,Euro 6d-TEMP,Bari,BA,Rivenditore,https://www.subito.it/auto/volkswagen-golf-2-0-tdi-life-115cv-dsg-bari-662682024.htm
Volkswagen Golf Move Style Tetto Apribile TDI DSG ,29500,Usato,09/2023,100 Km,Diesel,Automatico,Euro 6,Campi Bisenzio,FI,Rivenditore,https://www.subito.it/auto/volkswagen-golf-move-style-tetto-apribile-tdi-dsg-firenze-654503190.htm
Volkswagen Golf Variant 2.0 TDI SCR Style,12500,Usato,08/2021,150000 Km,Diesel,Manuale,Euro 6,Padova,PD,Rivenditore,https://www.subito.it/auto/volkswagen-golf-variant-2-0-tdi-scr-style-padova-663361721.htm
VOLKSWAGEN Golf 8ª serie - Golf 1.5 TSI eHybrid DS,30000,Usato,03/2025,16800 Km,Ibrida,Automatico,Euro 6,Vinci,FI,Rivenditore,https://www.subito.it/auto/volkswagen-golf-8-serie-golf-1-5-tsi-ehybrid-ds-firenze-663024632.htm
Volkswagen Golf 2.0 tdi life 115cv,22990,Usato,02/2025,19482 Km,Diesel,Manuale,Euro 6d-TEMP,Bari,BA,Rivenditore,https://www.subito.it/auto/volkswagen-golf-2-0-tdi-life-115cv-bari-662946813.htm
VOLKSWAGEN Golf 2.0 TDI 150 CV DSG SCR Life U10513,21500,Usato,09/2021,117419 Km,Diesel,Automatico,Euro 6,Marsicovetere,PZ,Rivenditore,https://www.subito.it/auto/volkswagen-golf-2-0-tdi-150-cv-dsg-scr-life-u10513-potenza-646911727.htm
Volkswagen Golf 2.0 tdi Style 115cv dsg,22900,Usato,10/2022,64000 Km,Diesel,Automatico,Euro 4,Reggio di Calabria,RC,Rivenditore,https://www.subito.it/auto/volkswagen-golf-2-0-tdi-style-115cv-dsg-reggio-calabria-663047516.htm
Volkswagen Golf 8 1.5 TSI EVO ACT Life,20800,Usato,09/2024,22500 Km,Benzina,Manuale,Euro 6,Leini,TO,Rivenditore,https://www.subito.it/auto/volkswagen-golf-8-1-5-tsi-evo-act-life-torino-652932022.htm
VOLKSWAGEN Golf 2.0 TDI 115 CV SCR Life C/GRIMAL,22700,Usato,02/2025,22049 Km,Diesel,Manuale,Euro 6,Vigevano,PV,Rivenditore,https://www.subito.it/auto/volkswagen-golf-2-0-tdi-115-cv-scr-life-c-grimal-pavia-655048940.htm
Volkswagen Golf 2.0 TDI 150 CV DSG – 2021,19999,Usato,05/2021,125000 Km,Diesel,Automatico,Euro 6d-TEMP,Pavia,PV,Privato,https://www.subito.it/auto/volkswagen-golf-2-0-tdi-150-cv-dsg-2021-pavia-660513194.htm
VOLKSWAGEN golf viii 2020 Golf 1.0 etsi evo Life 1,22457,Usato,07/2023,50101 Km,Ibrida,Automatico,Euro 6,Barzago,LC,Rivenditore,https://www.subito.it/auto/volkswagen-golf-viii-2020-golf-1-0-etsi-evo-life-1-lecco-659872047.htm
"VOLKSWAGEN Golf 1.0 eTSI EVO Life DSG 17"" MHEV",18900,Usato,12/2022,52424 Km,Ibrida,Automatico,Euro 6,Vigevano,PV,Rivenditore,https://www.subito.it/auto/volkswagen-golf-1-0-etsi-evo-life-dsg-17-mhev-pavia-659432580.htm
VOLKSWAGEN Golf Variant 2.0 TDI DSG PREZZO REALE,12900,Usato,06/2022,182316 Km,Diesel,Automatico,Euro 6,Rezzato,BS,Rivenditore,https://www.subito.it/auto/volkswagen-golf-variant-2-0-tdi-dsg-prezzo-reale-brescia-659319680.htm
Volkswagen Golf 2.0 TSI DSG GTI TETTO,29890,Usato,03/2024,55318 Km,Benzina,Automatico,Euro 6,Roma,RM,Rivenditore,https://www.subito.it/auto/volkswagen-golf-2-0-tsi-dsg-gti-tetto-roma-662584598.htm
VOLKSWAGEN Golf Variant 1.0 etsi evo Life 110cv ds,16300,Usato,07/2023,57164 Km,Ibrida,Automatico,Euro 6,Modena,MO,Rivenditore,https://www.subito.it/auto/volkswagen-golf-variant-1-0-etsi-evo-life-110cv-ds-modena-662249206.htm
Volkswagen Golf 2.0 TDI 150 CV DSG SCR Life,18500,Usato,03/2022,131156 Km,Diesel,Sequenziale,Euro 6d-TEMP,San Severo,FG,Rivenditore,https://www.subito.it/auto/volkswagen-golf-2-0-tdi-150-cv-dsg-scr-life-foggia-662258648.htm
VOLKSWAGEN Golf 2.0 TSI GTI DSG,29900,Usato,02/2023,28024 Km,Benzina,Automatico,Euro 6,Favara,AG,Rivenditore,https://www.subito.it/auto/volkswagen-golf-2-0-tsi-gti-dsg-agrigento-644074477.htm
Volkswagen Golf GTI 2.0 TSI DSG 245cv,26990,Usato,01/2021,79000 Km,Benzina,Sequenziale,Euro 6,Cavour,TO,Rivenditore,https://www.subito.it/auto/volkswagen-golf-gti-2-0-tsi-dsg-245cv-torino-662427070.htm
Volkswagen Golf 1.0 TSI EVO Life,18490,Usato,07/2023,69083 Km,Benzina,Manuale,Euro 6,Calolziocorte,LC,Rivenditore,https://www.subito.it/auto/volkswagen-golf-1-0-tsi-evo-life-lecco-662577195.htm
Volkswagen Golf 1.5 tsi ehybrid 50 years 204cv dsg,29950,Usato,07/2024,15531 Km,Ibrida,Automatico,Euro 6d-TEMP,Bari,BA,Rivenditore,https://www.subito.it/auto/volkswagen-golf-1-5-tsi-ehybrid-50-years-204cv-dsg-bari-662682049.htm
Volkswagen Golf 2.0 tdi style 115cv dsg,24800,Usato,05/2023,53062 Km,Diesel,Automatico,Euro 6d-TEMP,Bari,BA,Rivenditore,https://www.subito.it/auto/volkswagen-golf-2-0-tdi-style-115cv-dsg-bari-656241810.htm
Volkswagen Golf 2.0 tdi edition plus 150cv dsg,26800,Usato,09/2024,34651 Km,Diesel,Automatico,Euro 6d-TEMP,Bari,BA,Rivenditore,https://www.subito.it/auto/volkswagen-golf-2-0-tdi-edition-plus-150cv-dsg-bari-660399849.htm
"Volkswagen golf 7,5",13000,Usato,07/2024,130694 Km,Diesel,Manuale,Euro 6d-TEMP,Galatone,LE,Privato,https://www.subito.it/auto/volkswagen-golf-7-5-lecce-655615876.htm
Volkswagen Golf 8° 2.0 TDI SCR Style - 2021,18000,Usato,03/2021,100000 Km,Diesel,Manuale,Euro 6,Bisacquino,PA,Rivenditore,https://www.subito.it/auto/volkswagen-golf-8-2-0-tdi-scr-style-2021-palermo-663338186.htm
VOLKSWAGEN GOLF 8 GTE,25000,Usato,07/2021,54800 Km,Plug-in Hybrid Benzina,Automatico,Euro 6d-TEMP,Roma,RM,Privato,https://www.subito.it/auto/volkswagen-golf-8-gte-roma-663336104.htm
Volkswagen Golf GTI 2.0 CLUB SPORT SERIE LIMITATA,29900,Usato,08/2023,69000 Km,Benzina,Automatico,Euro 6,Partinico,PA,Rivenditore,https://www.subito.it/auto/volkswagen-golf-gti-2-0-club-sport-serie-limitata-palermo-663335812.htm
Volkswagen Golf 8 R 2.0 TSI DSG 4Motion AKRAPOVICH,29900,Usato,07/2021,121000 Km,Benzina,Automatico,Euro 6,Pordenone,PN,Rivenditore,https://www.subito.it/auto/volkswagen-golf-8-r-2-0-tsi-dsg-4motion-akrapovich-pordenone-663335792.htm
Volkswagen Golf 8 R 2.0 TSI DSG 4Motion AKRAPOVICH,29900,Usato,07/2021,121000 Km,Benzina,Automatico,Euro 6,Pordenone,PN,Rivenditore,https://www.subito.it/auto/volkswagen-golf-8-r-2-0-tsi-dsg-4motion-akrapovich-pordenone-663335766.htm
Golf 7.5 gti,21000,Usato,03/2023,110000 Km,Benzina,Sequenziale,Euro 6d-TEMP,Carmagnola,TO,Privato,https://www.subito.it/auto/golf-7-5-gti-torino-663334217.htm
Volkswagen Golf GTI 2.0 TSI DSG,26900,Usato,05/2022,57000 Km,Benzina,Sequenziale,Euro 6,Arzachena,OT,Rivenditore,https://www.subito.it/auto/volkswagen-golf-gti-2-0-tsi-dsg-gallura-663332794.htm
Volkswagen Golf 1.5 TGI DSG Style,17499,Usato,04/2021,150300 Km,Benzina/Metano,Automatico,Euro 6,Reggio nell'Emilia,RE,Rivenditore,https://www.subito.it/auto/volkswagen-golf-1-5-tgi-dsg-style-reggio-emilia-663330048.htm
Volkswagen Golf Variant 1.5 TGI DSG Life,15900,Usato,08/2022,150000 Km,Benzina/Metano,Automatico,Euro 6,Chiari,BS,Rivenditore,https://www.subito.it/auto/volkswagen-golf-variant-1-5-tgi-dsg-life-brescia-663329726.htm
VOLKSWAGEN GOLF 8 1.0 eTSI DSG LITE 2023 17.000 KM,21490,Usato,07/2023,17000 Km,Mild Hybrid Benzina,Automatico,Euro 6d,Fontaniva,PD,Privato,https://www.subito.it/auto/volkswagen-golf-8-1-0-etsi-dsg-lite-2023-17-000-km-padova-663306621.htm
VOLKSWAGEN GOLF 2.0 TDI 115 CV DSG FULL LED MY22,17900,Usato,02/2022,157800 Km,Diesel,Automatico,Euro 6,Francavilla Fontana,BR,Rivenditore,https://www.subito.it/auto/volkswagen-golf-2-0-tdi-115-cv-dsg-full-led-my22-brindisi-663302331.htm
Volkswagen Golf 2.0 GTD DSG,24900,Usato,02/2021,103000 Km,Diesel,Automatico,Euro 6,Massafra,TA,Rivenditore,https://www.subito.it/auto/volkswagen-golf-2-0-gtd-dsg-taranto-649708793.htm
Volkswagen Golf 2.0 TDI 150 CV SCR Life,7990,Usato,09/2026,170000 Km,Diesel,Manuale,Euro 6,Pineto,TE,Rivenditore,https://www.subito.it/auto/volkswagen-golf-2-0-tdi-150-cv-scr-life-teramo-663283277.htm
Volkswagen golf gti,24500,Usato,08/2021,93000 Km,Benzina,Sequenziale,Euro 6d-TEMP,Grosseto,GR,Privato,https://www.subito.it/auto/volkswagen-golf-gti-grosseto-663281944.htm
VOLKSWAGEN Golf 8.5 2.0 TDI 150 CV DSG Style - P,26900,Usato,03/2025,21697 Km,Diesel,Sequenziale,Euro 6,Torino,TO,Rivenditore,https://www.subito.it/auto/volkswagen-golf-8-5-2-0-tdi-150-cv-dsg-style-p-torino-649793174.htm
Golf GTI,25000,Usato,03/2021,137000 Km,Benzina,Automatico,Euro 6d-TEMP,Zevio,VR,Privato,https://www.subito.it/auto/golf-gti-verona-663275343.htm
Volkswagen Golf 2.0 TDI DSG GTD,25990,Usato,05/2022,92990 Km,Diesel,Automatico,Euro 6,Roma,RM,Rivenditore,https://www.subito.it/auto/volkswagen-golf-2-0-tdi-dsg-gtd-roma-662759907.htm
Volkswagen Golf GTI 2.0 TSI GTI DSG -- IVA ES...,22490,Usato,04/2023,33900 Km,Benzina,Automatico,Euro 6,Roma,RM,Rivenditore,https://www.subito.it/auto/volkswagen-golf-gti-2-0-tsi-gti-dsg-iva-es-roma-655547505.htm
Volkswagen Golf 8 - 2.0 TDI SCR Style 2022 IMPECCA,14990,Usato,01/2022,197000 Km,Diesel,Manuale,Euro 6,Santorso,VI,Rivenditore,https://www.subito.it/auto/volkswagen-golf-8-2-0-tdi-scr-style-2022-impecca-vicenza-658120057.htm
Volkswagen Golf 1.0 etsi evo Life 110cv dsg,19850,Usato,06/2021,63000 Km,Ibrida,Automatico,Euro 6d,Guidonia Montecelio,RM,Rivenditore,https://www.subito.it/auto/volkswagen-golf-1-0-etsi-evo-life-110cv-dsg-roma-654181287.htm
golf 8 gti 2020,27500,Usato,06/2022,88000 Km,Benzina,Sequenziale,Euro 6d-TEMP,Pozzuolo del Friuli,UD,Privato,https://www.subito.it/auto/golf-8-gti-2020-udine-663265709.htm
Golf 8 style,27999,Usato,05/2022,85000 Km,Diesel,Automatico,Euro 6d-TEMP,Foggia,FG,Privato,https://www.subito.it/auto/golf-8-style-foggia-663264595.htm
Volkswagen Golf 1.4 Plug-In Hybrid DSG GTE,19900,Usato,06/2021,115000 Km,Mild Hybrid Benzina,Automatico,Euro 6,Boretto,RE,Rivenditore,https://www.subito.it/auto/volkswagen-golf-1-4-plug-in-hybrid-dsg-gte-reggio-emilia-651303469.htm
VOLKSWAGEN Golf 8ª serie Golf 2.0 TDI 150 CV D...,25900,Usato,2023,100000 Km,Diesel,Automatico,Euro 6,Viadana,MN,Rivenditore,https://www.subito.it/auto/volkswagen-golf-8-serie-golf-2-0-tdi-150-cv-d-mantova-660290050.htm
Volkswagen Golf 1.0 TSI EVO Life Perfetta,19800,Usato,12/2023,65000 Km,Benzina,Manuale,Euro 6e,Lecco,LC,Rivenditore,https://www.subito.it/auto/volkswagen-golf-1-0-tsi-evo-life-perfetta-lecco-644852269.htm
Volkswagen Golf Golf VIII 2021 1.5 tsi Style 130cv,16500,Usato,01/2021,140950 Km,Benzina,Manuale,Euro 6,Chivasso,TO,Rivenditore,https://www.subito.it/auto/volkswagen-golf-golf-viii-2021-1-5-tsi-style-130cv-torino-660408075.htm
Volkswagen Golf GTI 2.0 TSI GTI DSG,27800,Usato,04/2021,62000 Km,Benzina,Automatico,Euro 6,Milano,MI,Rivenditore,https://www.subito.it/auto/volkswagen-golf-gti-2-0-tsi-gti-dsg-milano-647056093.htm
Volkswagen Golf 2.0 Tdi 115CV Life - IVA ESPOSTA,22900,Usato,03/2025,26959 Km,Diesel,Manuale,Euro 6,Ravenna,RA,Rivenditore,https://www.subito.it/auto/volkswagen-golf-2-0-tdi-115cv-life-iva-esposta-ravenna-661781221.htm
VOLKSWAGEN Golf 2.0 TDI DSG SCR Style,17999,Usato,05/2022,154000 Km,Diesel,Automatico,Euro 6,Maniace,CT,Rivenditore,https://www.subito.it/auto/volkswagen-golf-2-0-tdi-dsg-scr-style-catania-646749318.htm
Golf 2.0 TDI 150 CV DSG R-Line Plus,29500,Usato,09/2024,44000 Km,Diesel,Sequenziale,Euro 6d-TEMP,Brescia,BS,Privato,https://www.subito.it/auto/golf-2-0-tdi-150-cv-dsg-r-line-plus-brescia-663244947.htm
Volkswagen Golf 2.0 TDI SCR Style km 76000 iva esp,19500,Usato,10/2021,76000 Km,Diesel,Manuale,Euro 6,Barrafranca,EN,Rivenditore,https://www.subito.it/auto/volkswagen-golf-2-0-tdi-scr-style-km-76000-iva-esp-enna-634813752.htm
Volkswagen Golf 1.5 TGI DSG Life,20999,Usato,03/2022,103555 Km,Benzina/Metano,Automatico,Euro 6,Castelfidardo,AN,Rivenditore,https://www.subito.it/auto/volkswagen-golf-1-5-tgi-dsg-life-ancona-662709267.htm
Volkswagen Golf 2.0 TDI 115 CV SCR Life,16500,Usato,07/2021,123000 Km,Diesel,Manuale,Euro 6,Schio,VI,Rivenditore,https://www.subito.it/auto/volkswagen-golf-2-0-tdi-115-cv-scr-life-vicenza-663239536.htm
Volkswagen Golf 2.0 Tdi 115CV Life - IVA ESPOSTA,22900,Usato,03/2025,35462 Km,Diesel,Manuale,Euro 6,Ravenna,RA,Rivenditore,https://www.subito.it/auto/volkswagen-golf-2-0-tdi-115cv-life-iva-esposta-ravenna-662545699.htm
Volkswagen Golf 2.0 Tdi Style 150 cv Dsg,27000,Usato,03/2023,48400 Km,Diesel,Automatico,Euro 6d,Asti,AT,Rivenditore,https://www.subito.it/auto/volkswagen-golf-2-0-tdi-style-150-cv-dsg-asti-661821052.htm
Volkswagen Golf 1.0 TSI EVO Life dsg 110cv,14500,Usato,12/2021,127000 Km,Diesel,Manuale,Euro 6,Modugno,BA,Rivenditore,https://www.subito.it/auto/volkswagen-golf-1-0-tsi-evo-life-dsg-110cv-bari-661859619.htm
VOLKSWAGEN Golf 2.0 TDI 116CV DSG Life,19990,Usato,05/2023,69000 Km,Diesel,Sequenziale,Euro 6,Dolo,VE,Rivenditore,https://www.subito.it/auto/volkswagen-golf-2-0-tdi-116cv-dsg-life-venezia-661706959.htm
Golf 8,21000,Usato,09/2021,42000 Km,Benzina,Manuale,Euro 6e,Teramo,TE,Privato,https://www.subito.it/auto/golf-8-teramo-663222454.htm
Volkswagen Golf 2.0 TDI 115cv Life,18900,Usato,05/2022,128000 Km,Diesel,Manuale,Euro 6,Bibbiena,AR,Rivenditore,https://www.subito.it/auto/volkswagen-golf-2-0-tdi-115cv-life-arezzo-659432265.htm
Volkswagen Golf 2.0 TDI 115CV Life,22500,Usato,07/2023,40875 Km,Diesel,Manuale,Euro 6,Ravenna,RA,Rivenditore,https://www.subito.it/auto/volkswagen-golf-2-0-tdi-115cv-life-ravenna-661777533.htm
"Volkswagen Golf, VIII 2021 1.0 tsi evo Life 110cv ",14999,Usato,03/2021,77000 Km,Benzina,Manuale,Euro 6,Prato,PO,Rivenditore,https://www.subito.it/auto/volkswagen-golf-viii-2021-1-0-tsi-evo-life-110cv-prato-652734412.htm
Volkswagen Golf GTI 2.0 TSI,24900,Usato,04/2021,99000 Km,Benzina,Automatico,Euro 6,Genova,GE,Rivenditore,https://www.subito.it/auto/volkswagen-golf-gti-2-0-tsi-genova-659153954.htm
Volkswagen Golf 2.0 TDI SCR Style,19900,Usato,09/2023,124000 Km,Diesel,Manuale,Euro 6,Favara,AG,Rivenditore,https://www.subito.it/auto/volkswagen-golf-2-0-tdi-scr-style-agrigento-658612973.htm
Golf 8ªserie 1.0 tsi evo Life,18500,Usato,07/2023,100500 Km,Benzina,Manuale,Euro 6d-TEMP,Torino,TO,Privato,https://www.subito.it/auto/golf-8serie-1-0-tsi-evo-life-torino-663215757.htm
Volkswagen Golf 2.0 TSI GTI,27990,Usato,08/2021,54123 Km,Benzina,Automatico,Euro 6,Melito di Porto Salvo,RC,Rivenditore,https://www.subito.it/auto/volkswagen-golf-2-0-tsi-gti-reggio-calabria-663211129.htm
VOLKSWAGEN Golf 2.0 TDI 115 CV SCR Life,15900,Usato,06/2021,106000 Km,Diesel,Manuale,Euro 6,Zinasco,PV,Rivenditore,https://www.subito.it/auto/volkswagen-golf-2-0-tdi-115-cv-scr-life-pavia-663205149.htm
VOLKSWAGEN Golf 1.0 eTSI EVO DSG Life,15900,Usato,06/2022,68700 Km,Ibrida,Automatico,Euro 6,Sarzana,SP,Rivenditore,https://www.subito.it/auto/volkswagen-golf-1-0-etsi-evo-dsg-life-la-spezia-663205000.htm
Volkswagen Golf Variant 2.0 TDI SCR 85kW Life,16900,Usato,09/2021,118000 Km,Diesel,Manuale,Euro 6,Torino,TO,Rivenditore,https://www.subito.it/auto/volkswagen-golf-variant-2-0-tdi-scr-85kw-life-torino-663203057.htm
"Volkswagen Golf 1.0 eTSI DSG Move LED Performance,",20980,Usato,03/2024,23340 Km,Ibrida,Automatico,Euro 6,Monte San Giusto,MC,Rivenditore,https://www.subito.it/auto/volkswagen-golf-1-0-etsi-dsg-move-led-performance-macerata-663202503.htm
GOLF 8 TDI 1.6 DSG,17500,Usato,12/2021,89000 Km,Diesel,Automatico,Euro 6d-TEMP,Alassio,SV,Privato,https://www.subito.it/auto/golf-8-tdi-1-6-dsg-savona-661383987.htm
Volkswagen Golf 2.0 TDI 116 CV LIFE,18600,Usato,03/2022,108163 Km,Diesel,Manuale,Euro 6,Sommatino,CL,Rivenditore,https://www.subito.it/auto/volkswagen-golf-2-0-tdi-116-cv-life-caltanissetta-661678119.htm
Volkswagen Golf Variant 2.0 TDI SCR 85kW Styl...,22500,Usato,05/2023,47934 Km,Diesel,Automatico,Euro 6,Sala Consilina,SA,Rivenditore,https://www.subito.it/auto/volkswagen-golf-variant-2-0-tdi-scr-85kw-styl-salerno-661933043.htm
Volkswagen Golf GTI Golf 2.0 TSI GTI DSG,29900,Usato,07/2021,80000 Km,Benzina,Sequenziale,Euro 6,Rosarno,RC,Rivenditore,https://www.subito.it/auto/volkswagen-golf-gti-golf-2-0-tsi-gti-dsg-reggio-calabria-643607947.htm
"Volkswagen Golf 8 2.0 TDI 115 ""62.000 KM""-'21",18900,Usato,05/2021,62000 Km,Diesel,Manuale,Euro 6,Trinitapoli,BT,Rivenditore,https://www.subito.it/auto/volkswagen-golf-8-2-0-tdi-115-62-000-km-21-barletta-andria-trani-641884550.htm
Golf gti,28500,Usato,02/2023,70000 Km,Benzina,Sequenziale,Euro 6d-TEMP,Torino,TO,Privato,https://www.subito.it/auto/golf-gti-torino-663177889.htm
VOLKSWAGEN Golf 2.0 TDI 115 CV SCR Life,18200,Usato,05/2021,115300 Km,Diesel,Manuale,Euro 6e,San Michele Salentino,BR,Rivenditore,https://www.subito.it/auto/volkswagen-golf-2-0-tdi-115-cv-scr-life-brindisi-640234006.htm
Volkswagen Golf 1.0 etsi evo Life 110cv dsg LED-AP,20800,Usato,06/2023,51900 Km,Ibrida,Sequenziale,Euro 6d,Alba,CN,Rivenditore,https://www.subito.it/auto/volkswagen-golf-1-0-etsi-evo-life-110cv-dsg-led-ap-cuneo-663176719.htm
Volkswagen Golf GTI Performance 245cv - PROMO...,25900,Usato,04/2023,44500 Km,Benzina,Automatico,Euro 6,Roma,RM,Rivenditore,https://www.subito.it/auto/volkswagen-golf-gti-performance-245cv-promo-roma-646231657.htm
Volkswagen Golf 8 1.5 etsi Style 130 CV,23000,Usato,05/2021,76100 Km,Mild Hybrid Benzina,Automatico,Euro 6d-TEMP,Trento,TN,Privato,https://www.subito.it/auto/volkswagen-golf-8-1-5-etsi-style-130-cv-trento-663172486.htm
Volkswagen Golf 2.0 TDI 150 CV DSG SCR Style,25900,Usato,05/2025,12000 Km,Diesel,Sequenziale,Euro 6,Pietraperzia,EN,Rivenditore,https://www.subito.it/auto/volkswagen-golf-2-0-tdi-150-cv-dsg-scr-style-enna-655192084.htm
Volkswagen Golf 8 VIII 1.0 ETSI IBRIDO 110CV EVO L,14700,Usato,01/2021,140543 Km,Mild Hybrid Benzina,Automatico,Euro 6,Giugliano in Campania,NA,Rivenditore,https://www.subito.it/auto/volkswagen-golf-8-viii-1-0-etsi-ibrido-110cv-evo-l-napoli-655840605.htm
Volkswagen Golf VIII Variant 2.0 tdi Life 115cv,14500,Usato,12/2021,127000 Km,Diesel,Manuale,Euro 6,Altamura,BA,Rivenditore,https://www.subito.it/auto/volkswagen-golf-viii-variant-2-0-tdi-life-115cv-bari-660664481.htm
Volkswagen Golf 2.0 TDI 150 CV DSG SCR Style,21900,Usato,11/2023,139751 Km,Diesel,Sequenziale,Euro 6,Acireale,CT,Rivenditore,https://www.subito.it/auto/volkswagen-golf-2-0-tdi-150-cv-dsg-scr-style-catania-652660913.htm
Volkswagen Golf 2.0 tdi Style 150cv,18900,Usato,11/2021,140960 Km,Diesel,Manuale,Euro 6d,Adrano,CT,Rivenditore,https://www.subito.it/auto/volkswagen-golf-2-0-tdi-style-150cv-catania-655914619.htm
Volkswagen Golf GTI Performance 245cv -- PROM...,22900,Usato,03/2023,99100 Km,Benzina,Automatico,Euro 6,Roma,RM,Rivenditore,https://www.subito.it/auto/volkswagen-golf-gti-performance-245cv-prom-roma-646720150.htm
VOLKSWAGEN Golf 2.0 TDI 150 CV DSG R-Line,23800,Usato,05/2021,140000 Km,Diesel,Automatico,Euro 6e,Latiano,BR,Rivenditore,https://www.subito.it/auto/volkswagen-golf-2-0-tdi-150-cv-dsg-r-line-brindisi-647997742.htm
Volkswagen Golf TDI 150cv DSG MOVE STYLE #TETTOPAN,24500,Usato,07/2023,80115 Km,Diesel,Automatico,Euro 6,Pomezia,RM,Rivenditore,https://www.subito.it/auto/volkswagen-golf-tdi-150cv-dsg-move-style-tettopan-roma-655864761.htm
Volkswagen Golf 1.5 tgi Life 130cv,17950,Usato,03/2023,142055 Km,Benzina/Metano,Manuale,Euro 6,Potenza,PZ,Rivenditore,https://www.subito.it/auto/volkswagen-golf-1-5-tgi-life-130cv-potenza-663131624.htm
Volkswagen Golf 2.0 TDI 115CV DSG Life,17500,Usato,04/2021,129081 Km,Diesel,Automatico,Euro 6,Ravenna,RA,Rivenditore,https://www.subito.it/auto/volkswagen-golf-2-0-tdi-115cv-dsg-life-ravenna-661776188.htm
VW GOLF 8 2000 TDI 150 CV DSG,23800,Usato,07/2021,90000 Km,Diesel,Automatico,Euro 6,Buja,UD,Rivenditore,https://www.subito.it/auto/vw-golf-8-2000-tdi-150-cv-dsg-udine-662998948.htm
VW GOLF 1500 TSI 130 CV 6M R.LINE,21500,Usato,11/2022,100000 Km,Benzina,Manuale,Euro 6,Buja,UD,Rivenditore,https://www.subito.it/auto/vw-golf-1500-tsi-130-cv-6m-r-line-udine-662998962.htm
Volkswagen Golf 2.0 tdi GTD 200cv dsg,29900,Usato,12/2022,70611 Km,Diesel,Sequenziale,Euro 6,Trieste,TS,Rivenditore,https://www.subito.it/auto/volkswagen-golf-2-0-tdi-gtd-200cv-dsg-trieste-663123695.htm
Volkswagen Golf 2.0 tdi Style 115cv,16900,Usato,01/2021,110000 Km,Diesel,Manuale,Euro 6,Bricherasio,TO,Rivenditore,https://www.subito.it/auto/volkswagen-golf-2-0-tdi-style-115cv-torino-654776829.htm
Volkswagen Golf GTI 2.0 TSI TCR DSG 5p. BlueMotion,28900,Usato,01/2021,117603 Km,Benzina,Sequenziale,Euro 6,Nardo',LE,Rivenditore,https://www.subito.it/auto/volkswagen-golf-gti-2-0-tsi-tcr-dsg-5p-bluemotion-lecce-663120878.htm
VOLKSWAGEN GOLF VIII STYLE 2.0 TDI 115CV CARPLAY O,18990,Usato,01/2022,129000 Km,Diesel,Automatico,Euro 6,Manduria,TA,Rivenditore,https://www.subito.it/auto/volkswagen-golf-viii-style-2-0-tdi-115cv-carplay-o-taranto-663119798.htm
Volkswagen Golf 1.5 eTSI 115 CV DSG Life,25900,Usato,10/2025,17500 Km,Mild Hybrid Benzina,Automatico,Euro 6,Varese,VA,Rivenditore,https://www.subito.it/auto/volkswagen-golf-1-5-etsi-115-cv-dsg-life-varese-663118340.htm
golf 8 gtd perfetta,25500,Usato,07/2021,116000 Km,Diesel,Sequenziale,Euro 6d-TEMP,Abbiategrasso,MI,Privato,https://www.subito.it/auto/golf-8-gtd-perfetta-milano-663114735.htm
Golf 8,20500,Usato,10/2021,66200 Km,Benzina/Metano,Sequenziale,Euro 6d-TEMP,Casciana Terme Lari,PI,Privato,https://www.subito.it/auto/golf-8-pisa-663114347.htm
Volkswagen Golf 1.5 TSI EVO ACT R-LINE,21900,Usato,10/2022,84000 Km,Benzina,Manuale,Euro 6,Montecchio Maggiore,VI,Rivenditore,https://www.subito.it/auto/volkswagen-golf-1-5-tsi-evo-act-r-line-vicenza-663111128.htm
vw golf gti 8 manuale,24500,Usato,12/2022,65500 Km,Benzina,Manuale,Euro 6d-TEMP,Colognola ai Colli,VR,Privato,https://www.subito.it/auto/vw-golf-gti-8-manuale-verona-663111022.htm
Volkswagen Golf 2.0 TDI 150 CV DSG SCR Life,16800,Usato,06/2023,136000 Km,Diesel,Sequenziale,Euro 6,Cervia,RA,Rivenditore,https://www.subito.it/auto/volkswagen-golf-2-0-tdi-150-cv-dsg-scr-life-ravenna-663107893.htm
Volkswagen Golf 2.0 TDI 115 CV SCR Life,23900,Usato,11/2024,18100 Km,Diesel,Manuale,Euro 6,Roma,RM,Rivenditore,https://www.subito.it/auto/volkswagen-golf-2-0-tdi-115-cv-scr-life-roma-661072878.htm
VW Golf 2.0 TDI SCR DSG PREZZO REALE/SERVICE UFFIC,16390,Usato,06/2022,79889 Km,Diesel,Automatico,Euro 6,Verona,VR,Rivenditore,https://www.subito.it/auto/vw-golf-2-0-tdi-scr-dsg-prezzo-reale-service-uffic-verona-661312338.htm
VW Golf 1.0 TSI Life VIRTUAL COCKPIT APPLE CAR PLA,15999,Usato,04/2021,43000 Km,Benzina,Manuale,Euro 6,Orbetello,GR,Rivenditore,https://www.subito.it/auto/vw-golf-1-0-tsi-life-virtual-cockpit-apple-car-pla-grosseto-657884461.htm
VOLKSWAGEN Golf 1.5 eTSI 130 CV EVO ACT DSG Styl,25800,Usato,06/2024,22598 Km,Ibrida,Sequenziale,Euro 6,Torino,TO,Rivenditore,https://www.subito.it/auto/volkswagen-golf-1-5-etsi-130-cv-evo-act-dsg-styl-torino-660022634.htm
Golf 8 gti,28000,Usato,08/2022,52500 Km,Benzina,Manuale,Euro 6d-TEMP,Alba,CN,Privato,https://www.subito.it/auto/golf-8-gti-cuneo-663090067.htm
Volkswagen  Golf VIII 2020 1.5 etsi evo Style,19900,Usato,02/2021,49000 Km,Mild Hybrid Benzina,Automatico,Euro 6d-TEMP,Nerviano,MI,Privato,https://www.subito.it/auto/volkswagen-golf-viii-2020-1-5-etsi-evo-style-milano-662831853.htm
VOLKSWAGEN Golf 8� serie Golf 2.0 TSI DSG GTI,28990,Usato,2022,50200 Km,Benzina,Manuale,Euro 6,Firenze,FI,Rivenditore,https://www.subito.it/auto/volkswagen-golf-8-serie-golf-2-0-tsi-dsg-gti-firenze-663080397.htm
VOLKSWAGEN Golf 1.0 eTSI EVO DSG Life,15800,Usato,11/2021,103000 Km,Ibrida,Sequenziale,Euro 6,Civitanova Marche,MC,Rivenditore,https://www.subito.it/auto/volkswagen-golf-1-0-etsi-evo-dsg-life-macerata-663075829.htm
VOLKSWAGEN Golf 1.5 eTSI 130 CV EVO ACT DSG Life,23500,Usato,06/2023,23000 Km,Ibrida,Sequenziale,Euro 6,Garbagnate Monastero,LC,Rivenditore,https://www.subito.it/auto/volkswagen-golf-1-5-etsi-130-cv-evo-act-dsg-life-lecco-663075800.htm
VOLKSWAGEN Golf 2.0 TSI DSG GTI,25990,Usato,08/2021,101000 Km,Benzina,Automatico,Euro 6,Vazzola,TV,Rivenditore,https://www.subito.it/auto/volkswagen-golf-2-0-tsi-dsg-gti-treviso-663073577.htm
Volkswagen Golf 1.5 tsi evo Life 130cv,21600,Usato,03/2023,22956 Km,Benzina,Manuale,Euro 6d-TEMP,Bologna,BO,Rivenditore,https://www.subito.it/auto/volkswagen-golf-1-5-tsi-evo-life-130cv-bologna-663072285.htm
Volkswagen Golf 1.0 TSI EVO Life 110 CV,19900,Usato,06/2022,85053 Km,Benzina,Manuale,Euro 6,Monselice,PD,Rivenditore,https://www.subito.it/auto/volkswagen-golf-1-0-tsi-evo-life-110-cv-padova-663072152.htm
"Volkswagen Golf 1.5 TGI Style DSG LED Performance,",20880,Usato,01/2021,59772 Km,Benzina/Metano,Automatico,Euro 6,Monte San Giusto,MC,Rivenditore,https://www.subito.it/auto/volkswagen-golf-1-5-tgi-style-dsg-led-performance-macerata-663071066.htm
VOLKSWAGEN Golf 2.0 TSI DSG GTI,28900,Usato,06/2022,69000 Km,Benzina,Automatico,Euro 6d-TEMP,Roma,RM,Rivenditore,https://www.subito.it/auto/volkswagen-golf-2-0-tsi-dsg-gti-roma-663063177.htm
Volkswagen Golf 1.4 TSI eHYBRID 204 CV DSG Style,20790,Usato,10/2021,34000 Km,Mild Hybrid Benzina,Automatico,Euro 6,Montelupo Fiorentino,FI,Rivenditore,https://www.subito.it/auto/volkswagen-golf-1-4-tsi-ehybrid-204-cv-dsg-style-firenze-663051345.htm
golf gte,25000,Usato,11/2024,49000 Km,Plug-in Hybrid Benzina,Sequenziale,Euro 6d-TEMP,Trebaseleghe,PD,Privato,https://www.subito.it/auto/golf-gte-padova-663050137.htm
VOLKSWAGEN Golf 1.5 TGI DSG Life,22700,Usato,03/2023,39000 Km,Benzina/Metano,Automatico,Euro 6,Mira,VE,Rivenditore,https://www.subito.it/auto/volkswagen-golf-1-5-tgi-dsg-life-venezia-653957374.htm
Volkswagen Golf 2.0 TDi 115 Cv. SPORT,17900,Usato,05/2022,134270 Km,Diesel,Manuale,Euro 6,Caserta,CE,Rivenditore,https://www.subito.it/auto/volkswagen-golf-2-0-tdi-115-cv-sport-caserta-647112308.htm
Volkswagen Golf 2.0 TDI 115 CV SCR Life,19290,Usato,06/2022,126000 Km,Diesel,Manuale,Euro 6,Balestrate,PA,Rivenditore,https://www.subito.it/auto/volkswagen-golf-2-0-tdi-115-cv-scr-life-palermo-663045481.htm
Volkswagen Golf 1.0 eTSI EVO LIFE DSG LED APPLE CA,18500,Usato,09/2022,77528 Km,Mild Hybrid Benzina,Automatico,Euro 6d,Misano Adriatico,RN,Rivenditore,https://www.subito.it/auto/volkswagen-golf-1-0-etsi-evo-life-dsg-led-apple-ca-rimini-663038171.htm
Volkswagen Golf VIII 1.5 TSI R-Line 150cv,25900,Usato,06/2022,87000 Km,Benzina,Manuale,Euro 6b,Aosta,AO,Privato,https://www.subito.it/auto/volkswagen-golf-viii-1-5-tsi-r-line-150cv-aosta-663036098.htm
Volkswagen Golf 2.0 TDI SCR Style,16500,Usato,06/2021,137000 Km,Diesel,Manuale,Euro 6,Castello di Godego,TV,Rivenditore,https://www.subito.it/auto/volkswagen-golf-2-0-tdi-scr-style-treviso-663035695.htm
Volkswagen Golf 2.0 TDI SCR Style,15800,Usato,12/2021,149900 Km,Diesel,Manuale,Euro 6b,Garlasco,PV,Rivenditore,https://www.subito.it/auto/volkswagen-golf-2-0-tdi-scr-style-pavia-659161191.htm
VOLKSWAGEN - VIII 1.4 TSI 245 CV eHybrid GTE DSG,24900,Usato,06/2021,39000 Km,Benzina,Manuale,Euro 1,Coriano,RN,Rivenditore,https://www.subito.it/auto/volkswagen-viii-1-4-tsi-245-cv-ehybrid-gte-dsg-rimini-663031731.htm
Volkswagen Golf GTI Golf 2.0 TSI GTI DSG PERFORMAN,24900,Usato,12/2023,19300 Km,Benzina,Automatico,Euro 6,Chivasso,TO,Rivenditore,https://www.subito.it/auto/volkswagen-golf-gti-golf-2-0-tsi-gti-dsg-performan-torino-663030149.htm
Volkswagen Golf GTI Golf 2.0 TSI GTI DSG PERFORMAN,29900,Usato,12/2023,19600 Km,Benzina,Automatico,Euro 6,Chivasso,TO,Rivenditore,https://www.subito.it/auto/volkswagen-golf-gti-golf-2-0-tsi-gti-dsg-performan-torino-663030117.htm
Volkswagen Golf GTI Golf 2.0 TSI GTI DSG PERFORMAN,29900,Usato,12/2023,21300 Km,Benzina,Automatico,Euro 6,Chivasso,TO,Rivenditore,https://www.subito.it/auto/volkswagen-golf-gti-golf-2-0-tsi-gti-dsg-performan-torino-663030108.htm
Volkswagen Golf GTI Golf 2.0 TSI GTI DSG PERFORMAN,29900,Usato,11/2023,22000 Km,Benzina,Automatico,Euro 6,Chivasso,TO,Rivenditore,https://www.subito.it/auto/volkswagen-golf-gti-golf-2-0-tsi-gti-dsg-performan-torino-663030073.htm
Volkswagen Golf GTI Golf 2.0 TSI GTI DSG PERFORMAN,29900,Usato,12/2023,15000 Km,Benzina,Automatico,Euro 6,Chivasso,TO,Rivenditore,https://www.subito.it/auto/volkswagen-golf-gti-golf-2-0-tsi-gti-dsg-performan-torino-663030031.htm
Volkswagen Golf GTI Golf 2.0 TSI GTI DSG PERFORMAN,28900,Usato,08/2024,18500 Km,Benzina,Automatico,Euro 6,Chivasso,TO,Rivenditore,https://www.subito.it/auto/volkswagen-golf-gti-golf-2-0-tsi-gti-dsg-performan-torino-663030015.htm
Volkswagen Golf 8 2.0 TDI SCR LIFE DSG 116CV 5P,20900,Usato,10/2022,70000 Km,Diesel,Automatico,Euro 6,Morgano,TV,Rivenditore,https://www.subito.it/auto/volkswagen-golf-8-2-0-tdi-scr-life-dsg-116cv-5p-treviso-660109717.htm
Volkswagen Golf GTI Golf 2.0 TSI GTI DSG PERFORMAN,27900,Usato,03/2024,21500 Km,Benzina,Sequenziale,Euro 6,Chivasso,TO,Rivenditore,https://www.subito.it/auto/volkswagen-golf-gti-golf-2-0-tsi-gti-dsg-performan-torino-663029983.htm
Golf gti 2023,28000,Usato,02/2023,96000 Km,Benzina,Sequenziale,Euro 6d-TEMP,Torino,TO,Rivenditore,https://www.subito.it/auto/golf-gti-2023-torino-663026029.htm
Volkswagen Golf 1.0 eTsi 110CV DSG Life (MHEV),22500,Usato,03/2023,48894 Km,Ibrida,Automatico,Euro 6,Ravenna,RA,Rivenditore,https://www.subito.it/auto/volkswagen-golf-1-0-etsi-110cv-dsg-life-mhev-ravenna-661789353.htm
VOLKSWAGEN GOLF VARIANT 2.0TDI STYLE IN ARRIVO,14900,Usato,07/2022,143000 Km,Diesel,Manuale,Euro 6,Roverbella,MN,Rivenditore,https://www.subito.it/auto/volkswagen-golf-variant-2-0tdi-style-in-arrivo-mantova-663024549.htm
VOLKSWAGEN Golf 8ª serie - Golf 1.5 TSI eHybrid DS,30000,Usato,03/2025,16800 Km,Ibrida,Automatico,Euro 6,Vinci,FI,Rivenditore,https://www.subito.it/auto/volkswagen-golf-8-serie-golf-1-5-tsi-ehybrid-ds-firenze-663024800.htm
VOLKSWAGEN Golf 1.5 TSI 150 CV EVO ACT R-Line,24900,Usato,03/2024,36707 Km,Benzina,Manuale,Euro 6,Arco,TN,Rivenditore,https://www.subito.it/auto/volkswagen-golf-1-5-tsi-150-cv-evo-act-r-line-trento-663023165.htm
VOLKSWAGEN Golf 1.5 eTSI 150 CV EVO ACT DSG R-Line,27500,Usato,04/2024,26767 Km,Ibrida,Automatico,Euro 6,Arco,TN,Rivenditore,https://www.subito.it/auto/volkswagen-golf-1-5-etsi-150-cv-evo-act-dsg-r-line-trento-663023107.htm
Volkswagen Golf VIII 2020 Volkswagen 2.0 tdi ...,24990,Usato,03/2024,79772 Km,Diesel,Automatico,Euro 6,Pistoia,PT,Rivenditore,https://www.subito.it/auto/volkswagen-golf-viii-2020-volkswagen-2-0-tdi-pistoia-662174351.htm
Volkswagen Golf 2.0 TDI 150 CV DSG SCR R-Line,29900,Usato,05/2024,61000 Km,Diesel,Automatico,Euro 6,Quarto d'Altino,VE,Rivenditore,https://www.subito.it/auto/volkswagen-golf-2-0-tdi-150-cv-dsg-scr-r-line-venezia-663009623.htm
Volkswagen Golf GOLF 2.0 TDI SCR STYLE,18900,Usato,05/2022,84615 Km,Diesel,Manuale,Euro 6,Asti,AT,Rivenditore,https://www.subito.it/auto/volkswagen-golf-golf-2-0-tdi-scr-style-asti-661148021.htm
Golf 8 1.0 eTSI EVO DSG Life,16900,Usato,05/2021,104000 Km,Mild Hybrid Benzina,Automatico,Euro 6,Dueville,VI,Privato,https://www.subito.it/auto/golf-8-1-0-etsi-evo-dsg-life-vicenza-663006378.htm
Volkswagen Golf 2.0 tsi GTI 245cv dsg,27990,Usato,01/2021,44500 Km,Benzina,Automatico,Euro 6,Ponte San Nicolo',PD,Rivenditore,https://www.subito.it/auto/volkswagen-golf-2-0-tsi-gti-245cv-dsg-padova-651430281.htm
Volkswagen Golf 1.5 tsi Style 130cv,22400,Usato,05/2024,30490 Km,Benzina,Manuale,Pre-Euro,Villorba,TV,Rivenditore,https://www.subito.it/auto/volkswagen-golf-1-5-tsi-style-130cv-treviso-662998001.htm
Volkswagen Golf 2.0 TDI 116 CV DSG SCR Life 2022,19500,Usato,01/2022,167000 Km,Diesel,Sequenziale,Euro 6,Campobello di Mazara,TP,Rivenditore,https://www.subito.it/auto/volkswagen-golf-2-0-tdi-116-cv-dsg-scr-life-2022-trapani-662996138.htm
Volkswagen Golf VIII 2.0 tdi Style 150cv dsg,25500,Usato,04/2025,17700 Km,Diesel,Automatico,Euro 6,Altamura,BA,Rivenditore,https://www.subito.it/auto/volkswagen-golf-viii-2-0-tdi-style-150cv-dsg-bari-656632582.htm
VOLKSWAGEN - Golf -VIII 2.0 TDI SCR Style 115CV,18900,Usato,03/2023,80000 Km,Diesel,Manuale,Euro 6,Padula,SA,Rivenditore,https://www.subito.it/auto/volkswagen-golf-viii-2-0-tdi-scr-style-115cv-salerno-662991627.htm
VOLKSWAGEN Golf 2.0 TDI 150cv DSG *TETTO*FULL LE,23990,Usato,06/2023,99989 Km,Diesel,Automatico,Euro 6,Mesagne,BR,Rivenditore,https://www.subito.it/auto/volkswagen-golf-2-0-tdi-150cv-dsg-tetto-full-le-brindisi-662175495.htm
Volkswagen Golf 1.4 Plug-In Hybrid DSG GTE,26500,Usato,01/2021,56000 Km,Mild Hybrid Benzina,Automatico,Euro 6,Angri,SA,Rivenditore,https://www.subito.it/auto/volkswagen-golf-1-4-plug-in-hybrid-dsg-gte-salerno-662986178.htm
Volkswagen Golf Variant 2.0 tdi Life 115cv dsg,13300,Usato,06/2022,154000 Km,Diesel,Automatico,,San Michele Salentino,BR,Rivenditore,https://www.subito.it/auto/volkswagen-golf-variant-2-0-tdi-life-115cv-dsg-brindisi-657221727.htm
Volkswagen Golf 2.0 TDI 115 CV SCR Edition Plus,25900,Usato,08/2024,27500 Km,Diesel,Manuale,Euro 6,Campi Bisenzio,FI,Rivenditore,https://www.subito.it/auto/volkswagen-golf-2-0-tdi-115-cv-scr-edition-plus-firenze-662973931.htm
Volkswagen Golf Nuova Edition Plus 2.0 TDI SC...,29400,Km0,06/2026,,Diesel,Manuale,Euro 6,Prato,PO,Rivenditore,https://www.subito.it/auto/volkswagen-golf-nuova-edition-plus-2-0-tdi-sc-prato-661625782.htm
Volkswagen Golf 2.0 TDI DSG SCR Life,16500,Usato,08/2021,135000 Km,Diesel,Manuale,Euro 6,Siracusa,SR,Rivenditore,https://www.subito.it/auto/volkswagen-golf-2-0-tdi-dsg-scr-life-siracusa-662967942.htm
Volkswagen Golf 2.0 TDI SCR manuale,15700,Usato,05/2021,96903 Km,Diesel,Manuale,Euro 6,Casalecchio di Reno,BO,Rivenditore,https://www.subito.it/auto/volkswagen-golf-2-0-tdi-scr-manuale-bologna-662961346.htm
VOLKSWAGEN Golf 8� serie Golf 1.5 eTSI 130 CV E...,25990,Usato,2022,34000 Km,Ibrida,Automatico,,Sestu,CA,Rivenditore,https://www.subito.it/auto/volkswagen-golf-8-serie-golf-1-5-etsi-130-cv-e-cagliari-662955231.htm
VOLKSWAGEN Golf 8� serie Golf 1.5 eTSI 130 CV E...,20990,Usato,2021,81700 Km,Ibrida,Automatico,Euro 6,Capannori,LU,Rivenditore,https://www.subito.it/auto/volkswagen-golf-8-serie-golf-1-5-etsi-130-cv-e-lucca-662955189.htm
GOLF SERIE 8.5,27000,Usato,07/2025,20000 Km,Diesel,Automatico,Euro 6d-TEMP,Isola della Scala,VR,Privato,https://www.subito.it/auto/golf-serie-8-5-verona-662952830.htm
VOLKSWAGEN GOLF 2.0 TDI LIFE 115CV,17990,Usato,03/2021,71994 Km,Diesel,Manuale,Euro 6,Cassola,VI,Rivenditore,https://www.subito.it/auto/volkswagen-golf-2-0-tdi-life-115cv-vicenza-662952307.htm
VOLKSWAGEN Golf EG95278,18299,Usato,01/2021,87835 Km,Diesel,Automatico,Euro 6,Roma,RM,Rivenditore,https://www.subito.it/auto/volkswagen-golf-eg95278-roma-662948205.htm
VOLKSWAGEN Golf 2.0 TDI 116 CV SCR Life,18500,Usato,09/2021,66158 Km,Diesel,Manuale,Euro 6,Valledoria,SS,Rivenditore,https://www.subito.it/auto/volkswagen-golf-2-0-tdi-116-cv-scr-life-sassari-662948197.htm
VOLKSWAGEN Golf FU84218,24999,Usato,02/2025,4005 Km,Benzina,Manuale,Euro 6,Bari,BA,Rivenditore,https://www.subito.it/auto/volkswagen-golf-fu84218-bari-662947591.htm
VOLKSWAGEN Golf EG95278,18299,Usato,01/2021,87835 Km,Diesel,Automatico,Euro 6,Sassari,SS,Rivenditore,https://www.subito.it/auto/volkswagen-golf-eg95278-sassari-662947425.htm
Volkswagen Golf 5 R32 VR6,17000,Usato,05/2025,204000 Km,Benzina,Sequenziale,Euro 4,Cirie',TO,Privato,https://www.subito.it/auto/volkswagen-golf-5-r32-vr6-torino-661147230.htm
Volkswagen Golf GTI DSG,26450,Usato,02/2021,87000 Km,Benzina,Automatico,Euro 6,Como,CO,Rivenditore,https://www.subito.it/auto/volkswagen-golf-gti-dsg-como-662946031.htm
Golf 8,15000,Usato,02/2022,77320 Km,Benzina,Manuale,Euro 6,Brescia,BS,Privato,https://www.subito.it/auto/golf-8-brescia-662940283.htm
Volkswagen Golf 2.0 TDI 115 cv DSG 7  - STYLE,19000,Usato,06/2022,82300 Km,Diesel,Sequenziale,Euro 6d-TEMP,Mantova,MN,Privato,https://www.subito.it/auto/volkswagen-golf-2-0-tdi-115-cv-dsg-7-style-mantova-657413549.htm
Volkswagen Golf 1.5 eTSI 130 CV EVO ACT DSG Life,16999,Usato,10/2023,115000 Km,Mild Hybrid Benzina,Sequenziale,Euro 6,Alessandria,AL,Rivenditore,https://www.subito.it/auto/volkswagen-golf-1-5-etsi-130-cv-evo-act-dsg-life-alessandria-641867248.htm
Volkswagen Golf 2.0 tdi Style 115cv dsg,22900,Usato,10/2022,64000 Km,Diesel,Automatico,Euro 4,Reggio di Calabria,RC,Rivenditore,https://www.subito.it/auto/volkswagen-golf-2-0-tdi-style-115cv-dsg-reggio-calabria-662918914.htm
Volkswagen Golf 8 1.4 TSI E-Hybrid DSG 204 CV,25999,Usato,03/2022,35500 Km,Plug-in Hybrid Benzina,Sequenziale,Euro 6d-TEMP,Torino,TO,Privato,https://www.subito.it/auto/volkswagen-golf-8-1-4-tsi-e-hybrid-dsg-204-cv-torino-661114746.htm
Volkswagen Golf 1.5 etsi evo R-Line 150cv dsg,27990,Usato,02/2024,46000 Km,Ibrida,Sequenziale,Euro 6d,Curno,BG,Rivenditore,https://www.subito.it/auto/volkswagen-golf-1-5-etsi-evo-r-line-150cv-dsg-bergamo-662914893.htm
Volkswagen Golf 1.0 eTSI EVO DSG LIFE 2023,17900,Usato,04/2023,85701 Km,Mild Hybrid Benzina,Sequenziale,Euro 6e,Campobasso,CB,Rivenditore,https://www.subito.it/auto/volkswagen-golf-1-0-etsi-evo-dsg-life-2023-campobasso-637279803.htm
Volkswagen Golf 2.0 Tdi 115CV Life - IVA ESPOSTA,22900,Usato,02/2025,30795 Km,Diesel,Manuale,Euro 6,Ravenna,RA,Rivenditore,https://www.subito.it/auto/volkswagen-golf-2-0-tdi-115cv-life-iva-esposta-ravenna-661784423.htm
VOLKSWAGEN Golf 1.0 eTSI EVO DSG Life,18600,Usato,05/2021,58793 Km,Ibrida,Automatico,Euro 6,Brusnengo,BI,Rivenditore,https://www.subito.it/auto/volkswagen-golf-1-0-etsi-evo-dsg-life-biella-649848023.htm
Volkswagen Golf 2.0 TDI SCR Style,23490,Usato,06/2022,87000 Km,Diesel,Automatico,Euro 6,Cassino,FR,Rivenditore,https://www.subito.it/auto/volkswagen-golf-2-0-tdi-scr-style-frosinone-655487372.htm
Volkswagen Golf GTI PERFORMANCE 245cv -- PROM...,22900,Usato,12/2023,71000 Km,Benzina,Automatico,Euro 6,Roma,RM,Rivenditore,https://www.subito.it/auto/volkswagen-golf-gti-performance-245cv-prom-roma-647129106.htm
VW Golf 1.0 TSI Life CLIMATRONIC VIRTUAL COCKPIT A,16990,Usato,01/2021,45000 Km,Benzina,Manuale,Euro 6,Roma,RM,Rivenditore,https://www.subito.it/auto/vw-golf-1-0-tsi-life-climatronic-virtual-cockpit-a-roma-635015185.htm
VOLKSWAGEN Golf 2.0 TDI DSG GTD,26990,Usato,10/2023,93700 Km,Diesel,Sequenziale,Euro 6,Collegno,TO,Rivenditore,https://www.subito.it/auto/volkswagen-golf-2-0-tdi-dsg-gtd-torino-662620924.htm
VOLKSWAGEN Golf 1.0 eTSI EVO DSG Life,16900,Usato,02/2022,95000 Km,Ibrida,Automatico,Euro 6e,Zinasco,PV,Rivenditore,https://www.subito.it/auto/volkswagen-golf-1-0-etsi-evo-dsg-life-pavia-649810626.htm
Volkswagen Golf 1.0 TSI EVO Life 110CV Benzina,20900,Usato,02/2021,74000 Km,Benzina,Manuale,,Arzachena,OT,Rivenditore,https://www.subito.it/auto/volkswagen-golf-1-0-tsi-evo-life-110cv-benzina-gallura-662893527.htm
Volkswagen Golf 2.0 TDI 115 CV Life,25500,Usato,02/2025,20821 Km,Diesel,Manuale,Euro 6,Silvi,TE,Rivenditore,https://www.subito.it/auto/volkswagen-golf-2-0-tdi-115-cv-life-teramo-658531760.htm
VOLKSWAGEN Golf 2.0 TDI DSG SCR Style,18900,Usato,07/2022,121000 Km,Diesel,Sequenziale,Euro 6,Veglie,LE,Rivenditore,https://www.subito.it/auto/volkswagen-golf-2-0-tdi-dsg-scr-style-lecce-661912139.htm
Volkswagen Golf style 2.0 TDI DSG 7 #5765,19990,Usato,01/2022,65000 Km,Diesel,Automatico,Euro 6d,Moncalieri,TO,Rivenditore,https://www.subito.it/auto/volkswagen-golf-style-2-0-tdi-dsg-7-5765-torino-662021838.htm
Volkswagen Golf 1.0 TSI 110CV Life - IVA ESPOSTA,21500,Usato,02/2023,43100 Km,Benzina,Manuale,Euro 6,Ravenna,RA,Rivenditore,https://www.subito.it/auto/volkswagen-golf-1-0-tsi-110cv-life-iva-esposta-ravenna-661785467.htm
Volkswagen Golf VIII 2020 - Golf 2.0 tdi Li U92719,23450,Usato,02/2023,68909 Km,Diesel,Automatico,Euro 6,Pisa,PI,Rivenditore,https://www.subito.it/auto/volkswagen-golf-viii-2020-golf-2-0-tdi-li-u92719-pisa-659546354.htm
Volkswagen Golf Variant 2.0 TDI 115CV Edition Plus,28500,Usato,09/2024,24579 Km,Diesel,Manuale,Euro 6,Ravenna,RA,Rivenditore,https://www.subito.it/auto/volkswagen-golf-variant-2-0-tdi-115cv-edition-plus-ravenna-661780494.htm
VOLKSWAGEN GOLF 8.5 2.0 TDI 116 CV LIFE FULL NEO P,24900,Usato,02/2025,19000 Km,Diesel,Manuale,Euro 6,Pietraperzia,EN,Rivenditore,https://www.subito.it/auto/volkswagen-golf-8-5-2-0-tdi-116-cv-life-full-neo-p-enna-650220166.htm
Volkswagen Golf 2.0 TDI DSG SCR Style,18500,Usato,02/2023,169000 Km,Diesel,Automatico,Euro 6,Palma di Montechiaro,AG,Rivenditore,https://www.subito.it/auto/volkswagen-golf-2-0-tdi-dsg-scr-style-agrigento-662279898.htm
Volkswagen Golf 2.0 TDI DSG.2022.,16500,Usato,02/2022,145443 Km,Diesel,Automatico,Euro 6,Rudiano,BS,Rivenditore,https://www.subito.it/auto/volkswagen-golf-2-0-tdi-dsg-2022-brescia-659989936.htm
VOLKSWAGEN Golf 8ª serie Golf 1.5 eTSI 150 CV EVO ,25890,Usato,03/2022,40402 Km,Mild Hybrid Benzina,Automatico,Euro 6,Verona,VR,Rivenditore,https://www.subito.it/auto/volkswagen-golf-8-serie-golf-1-5-etsi-150-cv-evo-verona-662874690.htm
VOLKSWAGEN Golf 8ª serie Golf 1.5 eTSI 130 CV EVO ,26900,Usato,03/2024,13053 Km,Mild Hybrid Benzina,Automatico,Euro 6,Verona,VR,Rivenditore,https://www.subito.it/auto/volkswagen-golf-8-serie-golf-1-5-etsi-130-cv-evo-verona-662874691.htm
VOLKSWAGEN Golf 8ª serie Golf 2.0 TDI GTD DSG,25900,Usato,12/2021,53861 Km,Diesel,Automatico,Euro 6,Verona,VR,Rivenditore,https://www.subito.it/auto/volkswagen-golf-8-serie-golf-2-0-tdi-gtd-dsg-verona-662874573.htm
VOLKSWAGEN Golf 8ª serie Golf Variant 2.0 TDI SCR ,19900,Usato,04/2022,51535 Km,Diesel,Automatico,Euro 6,Verona,VR,Rivenditore,https://www.subito.it/auto/volkswagen-golf-8-serie-golf-variant-2-0-tdi-scr-verona-662874535.htm
VOLKSWAGEN Golf 8ª serie Golf 2.0 TDI 150 CV DSG S,25400,Usato,03/2025,20349 Km,Diesel,Automatico,Euro 6,Verona,VR,Rivenditore,https://www.subito.it/auto/volkswagen-golf-8-serie-golf-2-0-tdi-150-cv-dsg-s-verona-662872002.htm
VOLKSWAGEN Golf 8ª serie Golf 1.0 TSI EVO Life,21900,Usato,05/2024,49693 Km,Benzina,Manuale,Euro 6,Verona,VR,Rivenditore,https://www.subito.it/auto/volkswagen-golf-8-serie-golf-1-0-tsi-evo-life-verona-662871973.htm
VOLKSWAGEN Golf 8ª serie Golf 2.0 TDI 150 CV DSG S,25400,Usato,02/2025,22584 Km,Diesel,Automatico,Euro 6,Verona,VR,Rivenditore,https://www.subito.it/auto/volkswagen-golf-8-serie-golf-2-0-tdi-150-cv-dsg-s-verona-662871910.htm
VOLKSWAGEN Golf 8ª serie Golf 2.0 TDI 150 CV DSG S,22400,Usato,08/2022,72593 Km,Diesel,Automatico,Euro 6,Verona,VR,Rivenditore,https://www.subito.it/auto/volkswagen-golf-8-serie-golf-2-0-tdi-150-cv-dsg-s-verona-662871793.htm
Volkswagen Golf 2.0 TDI 115cv Style,19900,Usato,05/2022,74828 Km,Diesel,Manuale,Euro 6d-TEMP,Bologna,BO,Rivenditore,https://www.subito.it/auto/volkswagen-golf-2-0-tdi-115cv-style-bologna-662869701.htm
VOLKSWAGEN Golf 8ª serie Golf 2.0 TDI DSG SCR Life,23900,Usato,12/2023,19952 Km,Diesel,Automatico,Euro 6,Verona,VR,Rivenditore,https://www.subito.it/auto/volkswagen-golf-8-serie-golf-2-0-tdi-dsg-scr-life-verona-662869480.htm
Volkswagen Golf 2.0 TDI 150cv DSG Style PARI ...,25900,Usato,02/2025,24700 Km,Diesel,Automatico,Euro 6,Cuneo,CN,Rivenditore,https://www.subito.it/auto/volkswagen-golf-2-0-tdi-150cv-dsg-style-pari-cuneo-662869207.htm
VW Golf 8 1.4 eHybrid 204CV DSG Style Business,25500,Usato,08/2023,18000 Km,Plug-in Hybrid Benzina,Sequenziale,Euro 6d-TEMP,Bisceglie,BT,Privato,https://www.subito.it/auto/vw-golf-8-1-4-ehybrid-204cv-dsg-style-business-barletta-andria-trani-659713539.htm
Golf 8 variant 2.0 TDI  Style Dsg,15500,Usato,04/2021,112000 Km,Diesel,Sequenziale,Euro 6d-TEMP,Torrenova,ME,Privato,https://www.subito.it/auto/golf-8-variant-2-0-tdi-style-dsg-messina-662862549.htm
Volkswagen Golf 2.0 TDI SCR Style,17500,Usato,10/2021,116000 Km,Diesel,Manuale,Euro 6,Francavilla in Sinni,PZ,Rivenditore,https://www.subito.it/auto/volkswagen-golf-2-0-tdi-scr-style-potenza-662862065.htm
VOLKSWAGEN GOLF VIII 2.0 TDI 150 CV DSG SCR R-LINE,23999,Usato,07/2021,135000 Km,Diesel,Automatico,Euro 6,Avellino,AV,Rivenditore,https://www.subito.it/auto/volkswagen-golf-viii-2-0-tdi-150-cv-dsg-scr-r-line-avellino-662860123.htm
VOLKSWAGEN GOLF 2.0 STYLE TDI SCR DSG 116CV - FULL,22999,Usato,07/2021,89000 Km,Diesel,Automatico,Euro 6,Brescello,RE,Rivenditore,https://www.subito.it/auto/volkswagen-golf-2-0-style-tdi-scr-dsg-116cv-full-reggio-emilia-662859403.htm
Volkswagen Golf 1.0 tsi evo Life 110cv,15000,Usato,10/2021,103900 Km,Benzina,Manuale,Euro 6,Agliana,PT,Rivenditore,https://www.subito.it/auto/volkswagen-golf-1-0-tsi-evo-life-110cv-pistoia-653614448.htm
VOLKSWAGEN Golf 2.0 TDI DSG SCR Life,17900,Usato,03/2023,149000 Km,Diesel,Automatico,Euro 6,San Michele Salentino,BR,Rivenditore,https://www.subito.it/auto/volkswagen-golf-2-0-tdi-dsg-scr-life-brindisi-661447640.htm
Volkswagen Golf 8 GTD,28700,Usato,02/2021,75000 Km,Diesel,Sequenziale,Euro 6d-TEMP,Frascati,RM,Privato,https://www.subito.it/auto/volkswagen-golf-8-gtd-roma-659785315.htm
Volkswagen Golf 2.0TDI 115CV Style,21900,Usato,11/2023,83561 Km,Diesel,Manuale,Euro 6,Ravenna,RA,Rivenditore,https://www.subito.it/auto/volkswagen-golf-2-0tdi-115cv-style-ravenna-661784910.htm
Volkswagen Golf Variant ACTIVE 1.5 TGI,25900,Usato,10/2023,28070 Km,Benzina/Metano,Automatico,,Fermo,FM,Rivenditore,https://www.subito.it/auto/volkswagen-golf-variant-active-1-5-tgi-fermo-655608557.htm
Volkswagen Golf Variant 2.0 TDI 150 CV DSG SC...,28500,Usato,09/2024,10134 Km,Diesel,Automatico,Euro 6d-TEMP,Mazara del Vallo,TP,Rivenditore,https://www.subito.it/auto/volkswagen-golf-variant-2-0-tdi-150-cv-dsg-sc-trapani-660152514.htm
Golf 8,20000,Usato,09/2021,60000 Km,Mild Hybrid Benzina,Sequenziale,Euro 6d-TEMP,Formello,RM,Privato,https://www.subito.it/auto/golf-8-roma-662845584.htm
Volkswagen GOLF GTI 8 2.0 TSI 245cv DSG IQ LED CAM,27990,Usato,06/2022,63000 Km,Benzina,Automatico,Euro 6,Creazzo,VI,Rivenditore,https://www.subito.it/auto/volkswagen-golf-gti-8-2-0-tsi-245cv-dsg-iq-led-cam-vicenza-662831091.htm
Golf 8 2.0 TDI 115 CV Life 127.000 km reali ,14999,Usato,12/2021,127000 Km,Diesel,Manuale,Euro 6d-TEMP,Bisceglie,BT,Privato,https://www.subito.it/auto/golf-8-2-0-tdi-115-cv-life-127-000-km-reali-barletta-andria-trani-662827772.htm
VOLKSWAGEN Golf 2.0 TDI 150 CV DSG,20900,Usato,01/2023,64000 Km,Diesel,Automatico,Euro 6,Bozzolo,MN,Rivenditore,https://www.subito.it/auto/volkswagen-golf-2-0-tdi-150-cv-dsg-mantova-662820457.htm
VOLKSWAGEN Golf 1.4 TSI eHYBRID 204 CV DSG Style,21700,Usato,05/2021,40175 Km,Ibrida,Sequenziale,Euro 6,Gemona del Friuli,UD,Rivenditore,https://www.subito.it/auto/volkswagen-golf-1-4-tsi-ehybrid-204-cv-dsg-style-udine-662820327.htm
VOLKSWAGEN Golf DJ96045,21499,Usato,03/2022,66088 Km,Benzina,Manuale,Euro 6,Roma,RM,Rivenditore,https://www.subito.it/auto/volkswagen-golf-dj96045-roma-662818373.htm
VOLKSWAGEN Golf variant 2.0 tdi life 150cv dsg,27500,Usato,12/2024,4703 Km,Diesel,Automatico,Euro 6,Frosinone,FR,Rivenditore,https://www.subito.it/auto/volkswagen-golf-variant-2-0-tdi-life-150cv-dsg-frosinone-662816006.htm
VOLKSWAGEN Golf variant 2.0 tdi life 150cv dsg,27500,Usato,12/2024,4703 Km,Diesel,Automatico,Euro 6,Roma,RM,Rivenditore,https://www.subito.it/auto/volkswagen-golf-variant-2-0-tdi-life-150cv-dsg-roma-662815963.htm
Volkswagen Golf 1.4 tsi ehybrid Style 204cv dsg,23500,Usato,06/2021,66864 Km,Ibrida,Automatico,Euro 6,Bologna,BO,Rivenditore,https://www.subito.it/auto/volkswagen-golf-1-4-tsi-ehybrid-style-204cv-dsg-bologna-662815666.htm
VOLKSWAGEN Golf 1.5 eTSI 115 CV DSG Life,24000,Usato,09/2024,32000 Km,Ibrida,Automatico,Euro 6d-TEMP,Venezia,VE,Rivenditore,https://www.subito.it/auto/volkswagen-golf-1-5-etsi-115-cv-dsg-life-venezia-662805176.htm
golf 8 day 150 CV ,22000,Usato,07/2021,65000 Km,Diesel,Automatico,Euro 6d,Oristano,OR,Privato,https://www.subito.it/auto/golf-8-day-150-cv-oristano-662789221.htm
Volkswagen Golf 8 GTI 245 CV DSG 2022,28650,Usato,07/2022,95000 Km,Benzina,Sequenziale,Euro 6d-TEMP,Lecce,LE,Privato,https://www.subito.it/auto/volkswagen-golf-8-gti-245-cv-dsg-2022-lecce-662775920.htm
Golf hatchback serie 8 benzina,18000,Usato,10/2023,106000 Km,Benzina,Manuale,Euro 6d-TEMP,Roma,RM,Privato,https://www.subito.it/auto/golf-hatchback-serie-8-benzina-roma-662774388.htm
Volkswagen Golf GTI PERFORMANCE 2.0 TSI DSG,24900,Usato,06/2022,101000 Km,Benzina,Automatico,Euro 6,Torino,TO,Rivenditore,https://www.subito.it/auto/volkswagen-golf-gti-performance-2-0-tsi-dsg-torino-662773838.htm
Volkswagen Golf 2.0 TDI 115 CV SCR Life,16999,Usato,11/2022,189987 Km,Diesel,Manuale,Euro 6,Palma di Montechiaro,AG,Rivenditore,https://www.subito.it/auto/volkswagen-golf-2-0-tdi-115-cv-scr-life-agrigento-662769742.htm
Golf 8 GTI DSG,30000,Usato,05/2023,66000 Km,Benzina,Sequenziale,Euro 6d-TEMP,Roma,RM,Privato,https://www.subito.it/auto/golf-8-gti-dsg-roma-662766087.htm
Volkswagen Golf 2.0 TDI 115 CV SCR Life,17900,Usato,12/2022,152000 Km,Diesel,Manuale,Euro 6,Assisi,PG,Rivenditore,https://www.subito.it/auto/volkswagen-golf-2-0-tdi-115-cv-scr-life-perugia-662766496.htm
Volkswagen Golf 2.0 TDI 115 CV SCR Life,17900,Usato,12/2022,152000 Km,Diesel,Manuale,Euro 6,Assisi,PG,Rivenditore,https://www.subito.it/auto/volkswagen-golf-2-0-tdi-115-cv-scr-life-perugia-662762089.htm
Volkswagen Golf GTI 2.0 TSI DSG TETTO,24900,Usato,03/2021,59700 Km,Benzina,Automatico,Euro 6,Chivasso,TO,Rivenditore,https://www.subito.it/auto/volkswagen-golf-gti-2-0-tsi-dsg-tetto-torino-662761463.htm
Volkswagen Golf 200CV*Tetto*Head Up,24990,Usato,08/2021,148000 Km,Diesel,Automatico,Euro 6,Guidonia Montecelio,RM,Rivenditore,https://www.subito.it/auto/volkswagen-golf-200cv-tetto-head-up-roma-651872985.htm
VOLKSWAGEN Golf 2.0 TDI SCR Style,15790,Usato,01/2022,172000 Km,Diesel,Manuale,Euro 6,Grottaglie,TA,Rivenditore,https://www.subito.it/auto/volkswagen-golf-2-0-tdi-scr-style-taranto-662759836.htm
Volkswagen Golf 1.5 16 V  96 KW  130 cv  Act Blu,19900,Usato,01/2021,98000 Km,Benzina,Manuale,Euro 6d-TEMP,Torino,TO,Privato,https://www.subito.it/auto/volkswagen-golf-1-5-16-v-96-kw-130-cv-act-blu-torino-659557650.htm
VOLKSWAGEN Golf KM 49.000 - C.LEGA 18 - TELECAME,22700,Usato,10/2022,49000 Km,Diesel,Manuale,Euro 6,Castagnole delle Lanze,AT,Rivenditore,https://www.subito.it/auto/volkswagen-golf-km-49-000-c-lega-18-telecame-asti-662758305.htm
VOLKSWAGEN Golf 150CV - DSG - C. LEGA 18 - KM 29,26500,Usato,03/2023,29000 Km,Diesel,Sequenziale,Euro 6,Castagnole delle Lanze,AT,Rivenditore,https://www.subito.it/auto/volkswagen-golf-150cv-dsg-c-lega-18-km-29-asti-662751955.htm
VOLKSWAGEN Golf KM 49.000 - CAR PLAY - TELECAMER,21500,Usato,10/2022,49000 Km,Diesel,Manuale,Euro 6,Castagnole delle Lanze,AT,Rivenditore,https://www.subito.it/auto/volkswagen-golf-km-49-000-car-play-telecamer-asti-662750564.htm
Golf gti 7.5,19000,Usato,03/2026,142000 Km,Benzina,Manuale,Euro 6d-TEMP,Roma,RM,Privato,https://www.subito.it/auto/golf-gti-7-5-roma-662747269.htm
Volkswagen Golf 2.0 tdi Edition Plus 115cv,27000,Km0,09/2026,,Diesel,Manuale,Euro 6,Forli',FC,Rivenditore,https://www.subito.it/auto/volkswagen-golf-2-0-tdi-edition-plus-115cv-forli-cesena-662739537.htm
Volkswagen Golf 2.0 TDI 150 CV DSG SCR Life,20890,Usato,03/2021,97000 Km,Diesel,Sequenziale,Euro 6,Castelplanio,AN,Rivenditore,https://www.subito.it/auto/volkswagen-golf-2-0-tdi-150-cv-dsg-scr-life-ancona-662737556.htm
Volkswagen Golf 8 1.5 TSI 150cv,20500,Usato,04/2024,87000 Km,Benzina,Manuale,Euro 6d-TEMP,Sovere,BG,Privato,https://www.subito.it/auto/volkswagen-golf-8-1-5-tsi-150cv-bergamo-662735883.htm
Volkswagen Golf DSG 2.0 TDI 115 CV 2022 km 101000,20990,Usato,06/2022,101000 Km,Diesel,Automatico,Euro 6,Torino,TO,Rivenditore,https://www.subito.it/auto/volkswagen-golf-dsg-2-0-tdi-115-cv-2022-km-101000-torino-656216120.htm
Volkswagen Golf 7 2.0 GTD,14500,Usato,05/2021,240000 Km,Diesel,Manuale,Euro 6,Delia,CL,Privato,https://www.subito.it/auto/volkswagen-golf-7-2-0-gtd-caltanissetta-662723261.htm
Volkswagen Golf 2.0 TDI 150 CV DSG SCR Style,21900,Usato,05/2023,129000 Km,Diesel,Sequenziale,Euro 6,Sant'Eufemia d'Aspromonte,RC,Rivenditore,https://www.subito.it/auto/volkswagen-golf-2-0-tdi-150-cv-dsg-scr-style-reggio-calabria-662719410.htm
Volkswagen Golf 2.0 TDI SCR Style,17800,Usato,08/2022,129000 Km,Diesel,Manuale,Euro 6,Alessandria,AL,Rivenditore,https://www.subito.it/auto/volkswagen-golf-2-0-tdi-scr-style-alessandria-662706498.htm
Volkswagen Golf 1.5 eTSI 130 CV EVO ACT DSG Life,18900,Usato,04/2023,102950 Km,Mild Hybrid Benzina,Sequenziale,Euro 6,Roseto degli Abruzzi,TE,Rivenditore,https://www.subito.it/auto/volkswagen-golf-1-5-etsi-130-cv-evo-act-dsg-life-teramo-652519735.htm
Volkswagen golf VIII 2.0 cambio automatico,23500,Usato,01/2023,115000 Km,Diesel,Automatico,Euro 6d-TEMP,Marano di Napoli,NA,Privato,https://www.subito.it/auto/volkswagen-golf-viii-2-0-cambio-automatico-napoli-662686103.htm
VOLKSWAGEN Golf 8ª serie - Golf 1.0 TSI EV U103201,21900,Usato,10/2022,36722 Km,Benzina,Automatico,Euro 6,Siracusa,SR,Rivenditore,https://www.subito.it/auto/volkswagen-golf-8-serie-golf-1-0-tsi-ev-u103201-siracusa-662693781.htm
Volkswagen Golf 8 R-line,24800,Usato,01/2022,106000 Km,Benzina,Manuale,Euro 6d-TEMP,Tricase,LE,Privato,https://www.subito.it/auto/volkswagen-golf-8-r-line-lecce-662690413.htm
VOLKSWAGEN Golf GTD 2.0 TDI DSG GTD DCC IQ LIGHT,24400,Usato,02/2021,107000 Km,Diesel,Sequenziale,Euro 6,Savona,SV,Rivenditore,https://www.subito.it/auto/volkswagen-golf-gtd-2-0-tdi-dsg-gtd-dcc-iq-light-savona-662686133.htm
VOLKSWAGEN Golf 2.0 TDI DSG SCR Life,19300,Usato,02/2022,73000 Km,Diesel,Automatico,Euro 6,Sesto San Giovanni,MI,Rivenditore,https://www.subito.it/auto/volkswagen-golf-2-0-tdi-dsg-scr-life-milano-662685609.htm
golf 8 tgi,18000,Usato,06/2021,150000 Km,Benzina/Metano,Automatico,Euro 6d,Abano Terme,PD,Privato,https://www.subito.it/auto/golf-8-tgi-padova-662674259.htm
golf 6 gti 168 mila chilometri,16000,Usato,06/2024,168000 Km,Benzina,Sequenziale,Euro 5,Pesaro,PU,Privato,https://www.subito.it/auto/golf-6-gti-168-mila-chilometri-pesaro-urbino-662662861.htm
Volkswagen golf GTI 7.5,22000,Usato,06/2024,85500 Km,Benzina,Sequenziale,Euro 6d-TEMP,Venezia,VE,Privato,https://www.subito.it/auto/volkswagen-golf-gti-7-5-venezia-662656727.htm
Volkswagen Golf 2.0 TDI 115 CV SCR Life,18490,Usato,02/2022,142000 Km,Diesel,Manuale,Euro 6,Rizziconi,RC,Rivenditore,https://www.subito.it/auto/volkswagen-golf-2-0-tdi-115-cv-scr-life-reggio-calabria-662652287.htm
Golf Gti 7.5 performance 245 cv DSG,26900,Usato,03/2026,78500 Km,Benzina,Manuale,Euro 6d-TEMP,Ferrara,FE,Privato,https://www.subito.it/auto/golf-gti-7-5-performance-245-cv-dsg-ferrara-662648505.htm
golf 7.5 R-line IQ.drive,16500,Usato,03/2022,160000 Km,Diesel,Manuale,Euro 6d-TEMP,Milano,MI,Privato,https://www.subito.it/auto/golf-7-5-r-line-iq-drive-milano-662638872.htm
VOLKSWAGEN Golf VIII 2020 Variant - Golf Variant 2,16000,Usato,04/2023,120101 Km,Diesel,Automatico,Euro 6,Lucca,LU,Rivenditore,https://www.subito.it/auto/volkswagen-golf-viii-2020-variant-golf-variant-2-lucca-662630738.htm
GOLF 8.5 2.0 R-LINE,30000,Usato,09/2024,12100 Km,Diesel,Automatico,Euro 6d-TEMP,Andria,BT,Privato,https://www.subito.it/auto/golf-8-5-2-0-r-line-barletta-andria-trani-662624912.htm
"Gold VIII GTD perfetta, originale casa madre",23500,Usato,10/2022,136000 Km,Diesel,Sequenziale,Euro 6d-TEMP,Castellana Grotte,BA,Privato,https://www.subito.it/auto/gold-viii-gtd-perfetta-originale-casa-madre-bari-651823358.htm
VOLKSWAGEN GOLF 8 1.5 TSI 150 CV STYLE + R17 VENTU,21900,Usato,04/2024,26800 Km,Benzina,Manuale,Euro 6,Quinzano d'Oglio,BS,Rivenditore,https://www.subito.it/auto/volkswagen-golf-8-1-5-tsi-150-cv-style-r17-ventu-brescia-662617951.htm
Volkswagen Golf GTI 2.0 TSI 245 cv 6mt 5p.,28400,Usato,07/2021,31100 Km,Benzina,Manuale,Euro 6,Bagnaria Arsa,UD,Rivenditore,https://www.subito.it/auto/volkswagen-golf-gti-2-0-tsi-245-cv-6mt-5p-udine-662612635.htm
Volkswagen Golf 2.0 TSI GTI 245CV DSG,27500,Usato,02/2023,39800 Km,Benzina,Automatico,Euro 6,Corsico,MI,Rivenditore,https://www.subito.it/auto/volkswagen-golf-2-0-tsi-gti-245cv-dsg-milano-662605393.htm
Volkswagen Golf 8  2.0 TDI 115CV del 2021,16900,Usato,05/2021,88000 Km,Diesel,Manuale,Euro 6d-TEMP,Vertemate con Minoprio,CO,Privato,https://www.subito.it/auto/volkswagen-golf-8-2-0-tdi-115cv-del-2021-como-662601812.htm
Volkswagen Golf LIFE 1.0 eTSI EVO DSG 5 porte,17400,Usato,02/2021,79100 Km,Mild Hybrid Benzina,Sequenziale,Euro 6,Bagnaria Arsa,UD,Rivenditore,https://www.subito.it/auto/volkswagen-golf-life-1-0-etsi-evo-dsg-5-porte-udine-662599353.htm
Volkswagen Golf 1.5 etsi R-Line 150cv dsg #TETTO A,25900,Usato,04/2023,28000 Km,Ibrida,Sequenziale,Euro 6e,Martellago,VE,Rivenditore,https://www.subito.it/auto/volkswagen-golf-1-5-etsi-r-line-150cv-dsg-tetto-a-venezia-662597756.htm
Volkswagen Golf 2.0 TDI DSG GTD,27300,Usato,06/2021,80000 Km,Diesel,Sequenziale,Euro 6,Zane',VI,Rivenditore,https://www.subito.it/auto/volkswagen-golf-2-0-tdi-dsg-gtd-vicenza-662583285.htm
Volkswagen Golf GTI 2.0 TSI TCR DSG 5p. BlueMotion,27400,Usato,01/2021,88880 Km,Benzina,Automatico,Euro 6,Roma,RM,Rivenditore,https://www.subito.it/auto/volkswagen-golf-gti-2-0-tsi-tcr-dsg-5p-bluemotion-roma-662558830.htm
Golf 8 life 1.0 eTSI EVO,24000,Usato,03/2023,22323 Km,Mild Hybrid Benzina,Sequenziale,Euro 6d-TEMP,Cento,FE,Privato,https://www.subito.it/auto/golf-8-life-1-0-etsi-evo-ferrara-662553058.htm
Volkswagen Golf GTI,29900,Usato,12/2021,73000 Km,Benzina,Manuale,Euro 6,Modica,RG,Rivenditore,https://www.subito.it/auto/volkswagen-golf-gti-ragusa-662551481.htm
VOLKSWAGEN Golf 1.0 eTSI EVO DSG Life,19000,Usato,04/2022,22000 Km,Ibrida,Sequenziale,Euro 6,Genova,GE,Rivenditore,https://www.subito.it/auto/volkswagen-golf-1-0-etsi-evo-dsg-life-genova-662548868.htm
VOLKSWAGEN Golf 1.4 Plug-In Hybrid DSG GTE,26900,Usato,03/2021,54325 Km,Ibrida,Automatico,Euro 6,Magenta,MI,Rivenditore,https://www.subito.it/auto/volkswagen-golf-1-4-plug-in-hybrid-dsg-gte-milano-662546916.htm
Volkswagen Golf 2.0 TDI GTD 200CV DSG,29900,Usato,12/2022,70611 Km,Diesel,Automatico,Euro 6,Verona,VR,Rivenditore,https://www.subito.it/auto/volkswagen-golf-2-0-tdi-gtd-200cv-dsg-verona-662545838.htm
VOLKSWAGEN GOLF 8,19000,Usato,04/2021,56000 Km,Mild Hybrid Benzina,Sequenziale,Euro 6d-TEMP,Montecchio Maggiore,VI,Privato,https://www.subito.it/auto/volkswagen-golf-8-vicenza-662544491.htm
golf 8 autoscuola,22500,Usato,01/2022,70000 Km,Diesel,Manuale,Euro 6d-TEMP,Sellia Marina,CZ,Privato,https://www.subito.it/auto/golf-8-autoscuola-catanzaro-662543935.htm
GOLF 6,5000,Usato,10/2022,130000 Km,Diesel,Manuale,Euro 5,Avella,AV,Privato,https://www.subito.it/auto/golf-6-avellino-662542814.htm
VOLKSWAGEN GOLF 8 PREZZO TRATTABILE ROMA,18000,Usato,10/2023,107000 Km,Benzina,Manuale,Euro 6d-TEMP,Roma,RM,Privato,https://www.subito.it/auto/volkswagen-golf-8-prezzo-trattabile-roma-roma-662529169.htm
Golf 8,16000,Usato,02/2021,150000 Km,Benzina/Metano,Sequenziale,Euro 6d-TEMP,Cosenza,CS,Rivenditore,https://www.subito.it/auto/golf-8-cosenza-656121839.htm
GOLF GTI,27500,Usato,08/2021,77000 Km,Benzina,Automatico,Euro 6d-TEMP,Atessa,CH,Privato,https://www.subito.it/auto/golf-gti-chieti-662512486.htm
Golf 2.0 TDI 115CV perfetta,19500,Usato,01/2022,80000 Km,Diesel,Manuale,Euro 6d-TEMP,Cagliari,CA,Privato,https://www.subito.it/auto/golf-2-0-tdi-115cv-perfetta-cagliari-658804590.htm
golf 8 gti,27800,Usato,05/2021,60000 Km,Benzina,Sequenziale,Euro 6d-TEMP,Cesano Maderno,MB,Privato,https://www.subito.it/auto/golf-8-gti-monza-662262462.htm
VOLKSWAGEN - Golf - GTD 2.0 TDI DSG 5p.,15900,Usato,05/2022,197300 Km,Diesel,Automatico,Euro 6,Campagna,SA,Rivenditore,https://www.subito.it/auto/volkswagen-golf-gtd-2-0-tdi-dsg-5p-salerno-662494919.htm
Volkswagen Golf 1.5 TSI EVO ACT Style DSG,17900,Usato,03/2021,139000 Km,Benzina,Automatico,Euro 6,Galatina,LE,Rivenditore,https://www.subito.it/auto/volkswagen-golf-1-5-tsi-evo-act-style-dsg-lecce-662483547.htm
Volkswagen Golf 1.0 TSI EVO Life,14989,Usato,06/2022,145000 Km,Benzina,Manuale,Euro 6,Torre Annunziata,NA,Rivenditore,https://www.subito.it/auto/volkswagen-golf-1-0-tsi-evo-life-napoli-661571471.htm
Volkswagen Golf Variant 2.0 TDI SCR DSG Style,22900,Usato,01/2024,69000 Km,Diesel,Automatico,Euro 6,Masera' di Padova,PD,Rivenditore,https://www.subito.it/auto/volkswagen-golf-variant-2-0-tdi-scr-dsg-style-padova-662474892.htm
Golf R-Line,29000,Usato,06/2024,14500 Km,Mild Hybrid Benzina,Automatico,Euro 6d-TEMP,Pisa,PI,Privato,https://www.subito.it/auto/golf-r-line-pisa-662440655.htm
Volkswagen Golf 2.0 TDI DSG SCR Style - automatico,20500,Usato,08/2023,58205 Km,Diesel,Automatico,Euro 6,Terlizzi,BA,Rivenditore,https://www.subito.it/auto/volkswagen-golf-2-0-tdi-dsg-scr-style-automatico-bari-662438742.htm
Volkswagen golf GTD 8,25500,Usato,02/2021,117500 Km,Diesel,Sequenziale,Euro 6d-TEMP,Sarzana,SP,Privato,https://www.subito.it/auto/volkswagen-golf-gtd-8-la-spezia-656661068.htm
VW Golf VIII 1.5 TSI del 2026,29000,Usato,02/2026,25000 Km,Benzina,Manuale,Euro 6d-TEMP,Genova,GE,Privato,https://www.subito.it/auto/vw-golf-viii-1-5-tsi-del-2026-genova-662377441.htm
Vedo golf 7 GTD,15900,Usato,12/2024,160000 Km,Diesel,Sequenziale,Euro 6d-TEMP,Palermo,PA,Privato,https://www.subito.it/auto/vedo-golf-7-gtd-palermo-662357038.htm
Volkswagwn Golf 8 2.0 TSI DSG black line edition,28000,Usato,03/2022,38800 Km,Benzina,Manuale,Euro 6d-TEMP,Pavia,PV,Privato,https://www.subito.it/auto/volkswagwn-golf-8-2-0-tsi-dsg-black-line-edition-pavia-662328891.htm
Volkswagen Golf 2.0 TDI 150 CV SCR Style,19999,Usato,11/2022,95000 Km,Diesel,Manuale,Euro 6,Ceccano,FR,Rivenditore,https://www.subito.it/auto/volkswagen-golf-2-0-tdi-150-cv-scr-style-frosinone-662319064.htm
Golf 8 R line 2.0 TDI 150cv,24900,Usato,09/2023,66000 Km,Diesel,Manuale,Euro 6d-TEMP,Reggio nell'Emilia,RE,Privato,https://www.subito.it/auto/golf-8-r-line-2-0-tdi-150cv-reggio-emilia-662307078.htm
VOLKSWAGEN Golf 1.4 TSI eHYBRID 204 CV DSG Style,21600,Usato,09/2021,64950 Km,Ibrida,Sequenziale,Euro 6,Vedelago,TV,Rivenditore,https://www.subito.it/auto/volkswagen-golf-1-4-tsi-ehybrid-204-cv-dsg-style-treviso-662291947.htm
Volkswagen Golf VIII 2.0 tdi GTD,25900,Usato,02/2022,147000 Km,Diesel,Automatico,Euro 6,Cardedu,OG,Rivenditore,https://www.subito.it/auto/volkswagen-golf-viii-2-0-tdi-gtd-ogliastra-662285411.htm
Golf 8,19000,Usato,01/2021,62000 Km,Mild Hybrid Benzina,Automatico,Euro 6d-TEMP,Fiumicino,RM,Privato,https://www.subito.it/auto/golf-8-roma-662281792.htm
Volkswagen Golf 2.0 TDI SCR Life,26500,Usato,05/2025,19605 Km,Diesel,Manuale,Euro 6d-TEMP,Imola,BO,Rivenditore,https://www.subito.it/auto/volkswagen-golf-2-0-tdi-scr-life-bologna-655885148.htm
Volkswagen Golf 2.0 TDI 115 CV SCR Life,26500,Usato,02/2025,13300 Km,Diesel,Manuale,Euro 6,Rimini,RN,Rivenditore,https://www.subito.it/auto/volkswagen-golf-2-0-tdi-115-cv-scr-life-rimini-662269347.htm
VOLKSWAGEN Golf 2.0 TDI DSG SCR Life,18000,Usato,04/2021,83000 Km,Diesel,Sequenziale,Euro 6d-TEMP,Modena,MO,Privato,https://www.subito.it/auto/volkswagen-golf-2-0-tdi-dsg-scr-life-modena-662258761.htm
Volkswagen Golf 2.0 TDI 115 CV active,18999,Usato,11/2021,100000 Km,Diesel,Manuale,Euro 6,Corleone,PA,Rivenditore,https://www.subito.it/auto/volkswagen-golf-2-0-tdi-115-cv-active-palermo-662253379.htm
Golf 8 gti 06/22 con 72.000km,29500,Usato,11/2023,72000 Km,Benzina,Sequenziale,Euro 6d-TEMP,Voghera,PV,Privato,https://www.subito.it/auto/golf-8-gti-06-22-con-72-000km-pavia-662251165.htm
VW Golf 8 2.0 TDI 115 DSG LIFE 2021,19000,Usato,05/2021,110000 Km,Diesel,Sequenziale,Euro 6d-TEMP,Bollate,MI,Privato,https://www.subito.it/auto/vw-golf-8-2-0-tdi-115-dsg-life-2021-milano-662245722.htm
Golf 7.5 gti performance 2019,26500,Usato,02/2023,80226 Km,Benzina,Sequenziale,Euro 6d-TEMP,Feroleto della Chiesa,RC,Privato,https://www.subito.it/auto/golf-7-5-gti-performance-2019-reggio-calabria-662237560.htm
VOLKSWAGEN Golf 2.0 TSI DSG GTI,26950,Usato,06/2022,83000 Km,Benzina,Automatico,Euro 6d-TEMP,Firenze,FI,Rivenditore,https://www.subito.it/auto/volkswagen-golf-2-0-tsi-dsg-gti-firenze-662231784.htm
GOLF 8,14999,Usato,09/2022,140000 Km,Benzina,Automatico,Euro 6d,Torre Annunziata,NA,Rivenditore,https://www.subito.it/auto/golf-8-napoli-662223575.htm
Volkswagen golf 1.0 dsg 2021,13900,Usato,09/2021,129000 Km,Mild Hybrid Benzina,Sequenziale,Euro 6d-TEMP,Piombino Dese,PD,Privato,https://www.subito.it/auto/volkswagen-golf-1-0-dsg-2021-padova-662219577.htm
Volkswagen Golf 2.0 TSI highline,6299,Usato,09/2026,139000 Km,Benzina,Manuale,Euro 6,Lissone,MB,Rivenditore,https://www.subito.it/auto/volkswagen-golf-2-0-tsi-highline-monza-662230167.htm
Volkswagen golf 8,19000,Usato,02/2022,97600 Km,Diesel,Automatico,Euro 6d,Grottaglie,TA,Privato,https://www.subito.it/auto/volkswagen-golf-8-taranto-662230093.htm
Volkswagen Golf 2.0 tdi Life 115cv dsg,21900,Usato,03/2023,96400 Km,Diesel,Automatico,Pre-Euro,Villorba,TV,Rivenditore,https://www.subito.it/auto/volkswagen-golf-2-0-tdi-life-115cv-dsg-treviso-662221172.htm
Volkswagen Golf 1.0 etsi evo Life 110cv dsg,18900,Usato,01/2023,57500 Km,Ibrida,Automatico,Pre-Euro,Villorba,TV,Rivenditore,https://www.subito.it/auto/volkswagen-golf-1-0-etsi-evo-life-110cv-dsg-treviso-662220144.htm
Golf 2.0 TDI 115 CV SCR Life,21500,Usato,05/2022,70000 Km,Diesel,Manuale,Euro 6,Santo Stefano di Camastra,ME,Rivenditore,https://www.subito.it/auto/golf-2-0-tdi-115-cv-scr-life-messina-662219770.htm
Golf 8 1.5 etsi 150 CV style,17200,Usato,01/2021,154000 Km,Mild Hybrid Benzina,Automatico,Euro 6d-TEMP,Milano,MI,Privato,https://www.subito.it/auto/golf-8-1-5-etsi-150-cv-style-milano-662219227.htm
Volkswagen Golf 2.0 TDI 115 CV SCR Life neopatenta,17990,Usato,08/2021,120000 Km,Diesel,Automatico,Euro 6,Erchie,BR,Rivenditore,https://www.subito.it/auto/volkswagen-golf-2-0-tdi-115-cv-scr-life-neopatenta-brindisi-662199568.htm
Volkswagen Golf 2.0 TDI 115 CV SCR Life,16960,Usato,10/2022,151313 Km,Diesel,Manuale,Euro 6,Cattolica Eraclea,AG,Rivenditore,https://www.subito.it/auto/volkswagen-golf-2-0-tdi-115-cv-scr-life-agrigento-662198011.htm
Volkswagen Golf 1.4 TSI eHYBRID DSG 150 cv + 54 cv,22000,Usato,11/2022,32000 Km,Mild Hybrid Benzina,Sequenziale,Euro 6,Genova,GE,Rivenditore,https://www.subito.it/auto/volkswagen-golf-1-4-tsi-ehybrid-dsg-150-cv-54-cv-genova-662194562.htm
Volkswagen Golf 2.0 TDI 115 CV SCR Life,17000,Usato,06/2022,160000 Km,Diesel,Manuale,Euro 6e,Santi Cosma e Damiano,LT,Rivenditore,https://www.subito.it/auto/volkswagen-golf-2-0-tdi-115-cv-scr-life-latina-651543747.htm
Golf GTE 8 2021 245cv plug-in,24000,Usato,05/2021,83000 Km,Plug-in Hybrid Benzina,Sequenziale,Euro 6d-TEMP,Borgo Ticino,NO,Privato,https://www.subito.it/auto/golf-gte-8-2021-245cv-plug-in-novara-662183020.htm
VOLKSWAGEN Golf 2.0 TSI DSG GTI,27500,Usato,03/2023,41000 Km,Benzina,Automatico,Euro 6d-TEMP,Rho,MI,Rivenditore,https://www.subito.it/auto/volkswagen-golf-2-0-tsi-dsg-gti-milano-662166283.htm
VOLKSWAGEN Golf 8� serie Golf 1.5 eTSI 130 CV E...,25990,Usato,2022,35000 Km,Ibrida,Automatico,Euro 6,Santa Giusta,OR,Rivenditore,https://www.subito.it/auto/volkswagen-golf-8-serie-golf-1-5-etsi-130-cv-e-oristano-662179849.htm
VOLKSWAGEN Golf 1.0 eTSI EVO DSG Life IBRIDA,19900,Usato,11/2021,53300 Km,Ibrida,Automatico,Euro 6,Roma,RM,Rivenditore,https://www.subito.it/auto/volkswagen-golf-1-0-etsi-evo-dsg-life-ibrida-roma-662175739.htm
VOLKSWAGEN Golf FY72072,18999,Usato,11/2022,61755 Km,Benzina,Manuale,Euro 6,Verona,VR,Rivenditore,https://www.subito.it/auto/volkswagen-golf-fy72072-verona-662175081.htm
Volkswagen Golf 2.0 tdi Life (PREZZO REALE ),19900,Usato,06/2023,61000 Km,Diesel,Manuale,Euro 6,Udine,UD,Rivenditore,https://www.subito.it/auto/volkswagen-golf-2-0-tdi-life-prezzo-reale-udine-662174168.htm
Automobili golf 8,23000,Usato,10/2022,103000 Km,Diesel,Manuale,Euro 6e,Isernia,IS,Privato,https://www.subito.it/auto/automobili-golf-8-isernia-661894282.htm
Volkswagen Golf 1.5 TSI EVO ACT Life,21900,Usato,07/2023,65532 Km,Benzina,Manuale,Euro 6,Imola,BO,Rivenditore,https://www.subito.it/auto/volkswagen-golf-1-5-tsi-evo-act-life-bologna-658726716.htm
Volkswagen Golf 7A SERIE GTD 2.0 TDI 5P BLUEMOTION,19500,Usato,05/2023,132398 Km,Diesel,Automatico,Euro 6,Formello,RM,Rivenditore,https://www.subito.it/auto/volkswagen-golf-7a-serie-gtd-2-0-tdi-5p-bluemotion-roma-662127851.htm
Michele,23500,Usato,12/2022,140000 Km,Benzina,Sequenziale,Euro 6d-TEMP,Gioia Tauro,RC,Privato,https://www.subito.it/auto/michele-reggio-calabria-662122823.htm
golf gti,26300,Usato,11/2021,63000 Km,Benzina,Sequenziale,Euro 6d-TEMP,Ronciglione,VT,Privato,https://www.subito.it/auto/golf-gti-viterbo-662109311.htm
Golf 8,21500,Usato,05/2021,74000 Km,Mild Hybrid Benzina,Sequenziale,Euro 6d-TEMP,Roma,RM,Privato,https://www.subito.it/auto/golf-8-roma-662097327.htm
Volkswagen Golf 2.0 TDI DSG SCR Style - tua a part,13900,Usato,10/2022,180000 Km,Diesel,Automatico,Euro 6,Campobasso,CB,Rivenditore,https://www.subito.it/auto/volkswagen-golf-2-0-tdi-dsg-scr-style-tua-a-part-campobasso-662086762.htm
VOLKSWAGEN Golf Variant 2.0 TDI 115 CV SCR Life,15500,Usato,11/2022,137913 Km,Diesel,Manuale,Euro 6,Castel di Sangro,AQ,Rivenditore,https://www.subito.it/auto/volkswagen-golf-variant-2-0-tdi-115-cv-scr-life-l-aquila-662078694.htm
VOLKSWAGEN Golf 1.0 TSI EVO Life,17500,Usato,03/2021,63414 Km,Benzina,Manuale,Euro 6,Lanciano,CH,Rivenditore,https://www.subito.it/auto/volkswagen-golf-1-0-tsi-evo-life-chieti-662078693.htm
VOLKSWAGEN Golf 1.5 eTSI 150 CV EVO DSG Life,20900,Usato,02/2021,63403 Km,Ibrida,Sequenziale,Euro 6,Castel di Sangro,AQ,Rivenditore,https://www.subito.it/auto/volkswagen-golf-1-5-etsi-150-cv-evo-dsg-life-l-aquila-662078682.htm
VOLKSWAGEN Golf 2.0 TDI DSG SCR Life,23900,Usato,02/2023,27492 Km,Diesel,Sequenziale,Euro 6,Lanciano,CH,Rivenditore,https://www.subito.it/auto/volkswagen-golf-2-0-tdi-dsg-scr-life-chieti-662078609.htm
Volkswagen Golf 1.0 TSI EVO Life DSG 110 cv,18500,Usato,03/2023,100000 Km,Benzina,Automatico,Euro 6d-TEMP,Sturno,AV,Rivenditore,https://www.subito.it/auto/volkswagen-golf-1-0-tsi-evo-life-dsg-110-cv-avellino-662076634.htm
Volkswagen Golf 1.5 TSI 115 CV ACT Life DSG 7 marc,29950,Km0,02/2026,,Benzina,Automatico,Euro 6,Chiari,BS,Rivenditore,https://www.subito.it/auto/volkswagen-golf-1-5-tsi-115-cv-act-life-dsg-7-marc-brescia-662061818.htm
VOLKSWAGEN Golf 2.0 TDI 115 CV SCR Life,19990,Usato,01/2023,80721 Km,Diesel,Automatico,Euro 6,Pignataro Maggiore,CE,Rivenditore,https://www.subito.it/auto/volkswagen-golf-2-0-tdi-115-cv-scr-life-caserta-662057255.htm
VOLKSWAGEN Golf JH54676,20499,Usato,06/2023,24471 Km,Ibrida,Automatico,Euro 6,Verona,VR,Rivenditore,https://www.subito.it/auto/volkswagen-golf-jh54676-verona-662057003.htm
Volkswagen Golf 2.0 TDI 150 CV DSG Style,22000,Usato,08/2023,117000 Km,Diesel,Automatico,Euro 6,Borgoricco,PD,Rivenditore,https://www.subito.it/auto/volkswagen-golf-2-0-tdi-150-cv-dsg-style-padova-662050092.htm
Golf 8 GTI,28500,Usato,02/2023,68000 Km,Benzina,Manuale,Euro 6d-TEMP,Torino,TO,Privato,https://www.subito.it/auto/golf-8-gti-torino-662043673.htm
Volkswagen Golf 8.5,24000,Usato,11/2024,24600 Km,Benzina,Manuale,Euro 6d-TEMP,Nichelino,TO,Privato,https://www.subito.it/auto/volkswagen-golf-8-5-torino-662040507.htm
VOLKSWAGEN GOLF 7.5 GTI 2.0 TSI 245 CV DSG – 2018,24000,Usato,07/2024,109000 Km,Benzina,Sequenziale,Euro 6d-TEMP,Vibo Valentia,VV,Privato,https://www.subito.it/auto/volkswagen-golf-7-5-gti-2-0-tsi-245-cv-dsg-2018-vibo-valentia-662038150.htm
Volkswagen Golf 1.5 eTSI 130 CV EVO ACT DSG R-Line,29300,Usato,01/2024,37000 Km,Mild Hybrid Benzina,Automatico,Euro 6,Pralboino,BS,Rivenditore,https://www.subito.it/auto/volkswagen-golf-1-5-etsi-130-cv-evo-act-dsg-r-line-brescia-662036149.htm
Volkswagen Golf 1.5 TSI R-Line,24490,Usato,06/2022,90000 Km,Benzina,Manuale,Euro 6,Santa Teresa Gallura,OT,Rivenditore,https://www.subito.it/auto/volkswagen-golf-1-5-tsi-r-line-gallura-662014856.htm
Volkswagen Golf 2.0 TDI GTD DSG,29900,Usato,03/2022,80759 Km,Diesel,Automatico,Euro 6d-TEMP,Imola,BO,Rivenditore,https://www.subito.it/auto/volkswagen-golf-2-0-tdi-gtd-dsg-bologna-645964724.htm
"Vw Golf 6R recaro, manuale",13500,Usato,02/2024,210000 Km,Benzina,Manuale,Euro 5,Milano,MI,Privato,https://www.subito.it/auto/vw-golf-6r-recaro-manuale-milano-661992180.htm
Golf 8 116cv dsg,19800,Usato,11/2022,99000 Km,Diesel,Automatico,Euro 6d-TEMP,San Vito dei Normanni,BR,Privato,https://www.subito.it/auto/golf-8-116cv-dsg-brindisi-661989972.htm
Volkswagen Golf VIII Life,20000,Usato,04/2023,75000 Km,Diesel,Manuale,Euro 6d-TEMP,Cotignola,RA,Privato,https://www.subito.it/auto/volkswagen-golf-viii-life-ravenna-661986392.htm
Golf 8 1.0,17000,Usato,05/2022,81000 Km,Benzina,Manuale,Euro 6d-TEMP,Roma,RM,Privato,https://www.subito.it/auto/golf-8-1-0-roma-661980775.htm
Volkswagen Golf 2.0 TDI SCR Style neopatentati,15800,Usato,05/2021,96903 Km,Diesel,Manuale,Euro 6,Casalecchio di Reno,BO,Rivenditore,https://www.subito.it/auto/volkswagen-golf-2-0-tdi-scr-style-neopatentati-bologna-661972604.htm
Vw Golf 8 1.5 tgi 130cv dsg Neopatentati,20900,Usato,01/2022,70600 Km,Benzina/Metano,Sequenziale,Euro 6d-TEMP,Frosinone,FR,Privato,https://www.subito.it/auto/vw-golf-8-1-5-tgi-130cv-dsg-neopatentati-frosinone-661967685.htm
Volkswagen Golf 1.5 TGI DSG Style,23990,Usato,12/2022,50000 Km,Benzina/Metano,Automatico,Euro 6,Sant'Antonio Abate,NA,Rivenditore,https://www.subito.it/auto/volkswagen-golf-1-5-tgi-dsg-style-napoli-661965155.htm
Volkswagen Golf 2.0 TDI150CV dvd (tetto apribile),21900,Usato,07/2021,114000 Km,Diesel,Automatico,Euro 6,Siderno,RC,Rivenditore,https://www.subito.it/auto/volkswagen-golf-2-0-tdi150cv-dvd-tetto-apribile-reggio-calabria-661963269.htm
VOLKSWAGEN Golf 2.0 TDI 115 CV SCR Life,17500,Usato,02/2023,105000 Km,Diesel,Manuale,Euro 6,Calcinato,BS,Rivenditore,https://www.subito.it/auto/volkswagen-golf-2-0-tdi-115-cv-scr-life-brescia-661936260.htm
VOLKSWAGEN Golf Variant Alltrack 2.0 TDI SCR DSG,21000,Usato,05/2021,66000 Km,Diesel,Sequenziale,Euro 6,Garbagnate Monastero,LC,Rivenditore,https://www.subito.it/auto/volkswagen-golf-variant-alltrack-2-0-tdi-scr-dsg-lecco-661936226.htm
Volkswagen Golf 1.0 TSI 110cv EVO Life AUTOMATICO,16990,Usato,08/2023,100000 Km,Benzina,Automatico,Euro 6,San Sebastiano al Vesuvio,NA,Rivenditore,https://www.subito.it/auto/volkswagen-golf-1-0-tsi-110cv-evo-life-automatico-napoli-661933277.htm
Volkswagen Golf 1.5 TSI 115 CV ACT Edition Plus,22700,Usato,06/2024,7000 Km,Benzina,Manuale,Euro 6,Dozza,BO,Rivenditore,https://www.subito.it/auto/volkswagen-golf-1-5-tsi-115-cv-act-edition-plus-bologna-661918340.htm
Volkswagen Golf 2.0 TDI DSG SCR Style TETTO APRIBI,26000,Usato,06/2023,89000 Km,Diesel,Automatico,Euro 6,Bologna,BO,Rivenditore,https://www.subito.it/auto/volkswagen-golf-2-0-tdi-dsg-scr-style-tetto-apribi-bologna-660782757.htm
Volkswagen Golf VIII 2.0 TDI 115cv Life,21900,Usato,09/2022,65000 Km,Diesel,Manuale,Euro 6,Modica,RG,Rivenditore,https://www.subito.it/auto/volkswagen-golf-viii-2-0-tdi-115cv-life-ragusa-661906943.htm
Volkswagen Golf GTI 8,29000,Usato,02/2022,34000 Km,Benzina,Sequenziale,Euro 6d-TEMP,Malcesine,VR,Privato,https://www.subito.it/auto/volkswagen-golf-gti-8-verona-661891016.htm
Golf 2.0 TDI 150 CV DSG SCR Life,18700,Usato,07/2023,112000 Km,Diesel,Automatico,Euro 6,Forlimpopoli,FC,Rivenditore,https://www.subito.it/auto/golf-2-0-tdi-150-cv-dsg-scr-life-forli-cesena-661879785.htm
Volkswagen Golf 1.5 TSI 130cv Style,23900,Usato,05/2024,29000 Km,Mild Hybrid Benzina,Manuale,Euro 6,Rosarno,RC,Rivenditore,https://www.subito.it/auto/volkswagen-golf-1-5-tsi-130cv-style-reggio-calabria-661876889.htm
"Vw Golf 2.0TDI 150CV DSG Style Euro6d, Fari iQ-Led",19890,Usato,01/2021,97500 Km,Diesel,Automatico,Euro 6d-TEMP,Treviolo,BG,Rivenditore,https://www.subito.it/auto/vw-golf-2-0tdi-150cv-dsg-style-euro6d-fari-iq-led-bergamo-661872613.htm
Volkswagen Golf 1.0 eTSI EVO DSG Life,15500,Usato,05/2021,125000 Km,Mild Hybrid Benzina,Sequenziale,Euro 6,Termoli,CB,Rivenditore,https://www.subito.it/auto/volkswagen-golf-1-0-etsi-evo-dsg-life-campobasso-661872504.htm
Golf gti performance,24000,Usato,12/2021,93000 Km,Benzina,Sequenziale,Euro 6d-TEMP,Brebbia,VA,Privato,https://www.subito.it/auto/golf-gti-performance-varese-661867660.htm
Volkswagen Golf GTI 2.0 TSI DSG Clubsport 45,28990,Usato,06/2021,62000 Km,Benzina,Sequenziale,Euro 6,Roma,RM,Rivenditore,https://www.subito.it/auto/volkswagen-golf-gti-2-0-tsi-dsg-clubsport-45-roma-661857315.htm
Volkswagen Golf 2.0 TDI 115 CV SCR Life,16900,Usato,09/2023,100000 Km,Diesel,Manuale,Euro 6,Eboli,SA,Rivenditore,https://www.subito.it/auto/volkswagen-golf-2-0-tdi-115-cv-scr-life-salerno-661855095.htm
Golf VIII,22500,Usato,02/2024,44000 Km,Diesel,Sequenziale,Euro 6d-TEMP,Catania,CT,Privato,https://www.subito.it/auto/golf-viii-catania-661823658.htm
Volkswagen Golf 8 2.0 TDI SCR Style,15900,Usato,10/2022,139000 Km,Diesel,Manuale,Euro 6e,Castel Goffredo,MN,Rivenditore,https://www.subito.it/auto/volkswagen-golf-8-2-0-tdi-scr-style-mantova-661804514.htm
Auto perfetta,18500,Usato,05/2021,120000 Km,Diesel,Automatico,Euro 6e,Bari,BA,Privato,https://www.subito.it/auto/auto-perfetta-bari-661795961.htm
Vw Golf VIII station R,26500,Usato,05/2023,18044 Km,Benzina,Manuale,Euro 6d-TEMP,Milano,MI,Privato,https://www.subito.it/auto/vw-golf-viii-station-r-milano-661793192.htm
Volkswagen Golf Variant 2.0 tdi scr Style 150cv ds,23400,Usato,09/2022,49928 Km,Diesel,Automatico,Euro 6,Parma,PR,Rivenditore,https://www.subito.it/auto/volkswagen-golf-variant-2-0-tdi-scr-style-150cv-ds-parma-661788592.htm
Volkswagen Golf 2.0 tdi scr Life 115cv,21400,Usato,12/2021,43854 Km,Diesel,Manuale,Euro 6,Parma,PR,Rivenditore,https://www.subito.it/auto/volkswagen-golf-2-0-tdi-scr-life-115cv-parma-661788175.htm
VOLKSWAGEN Golf 1.5 eTSI 150 CV ACT DSG Style,29900,Usato,08/2024,5500 Km,Ibrida,Sequenziale,Euro 6,Treviso,TV,Rivenditore,https://www.subito.it/auto/volkswagen-golf-1-5-etsi-150-cv-act-dsg-style-treviso-661783146.htm
Volkswagen Golf 1.5 etsi evo act R-Line 150cv dsg,26700,Usato,03/2022,48691 Km,Ibrida,Automatico,Euro 6,Parma,PR,Rivenditore,https://www.subito.it/auto/volkswagen-golf-1-5-etsi-evo-act-r-line-150cv-dsg-parma-661782384.htm
VOLKSWAGEN Golf 1.5 TSI 130 CV Life,21450,Usato,02/2024,39000 Km,Benzina,Manuale,Euro 6,Lavis,TN,Rivenditore,https://www.subito.it/auto/volkswagen-golf-1-5-tsi-130-cv-life-trento-661780327.htm
Volkswagen Golf 1.4 tsi eHybrid Style 204cv dsg,21900,Usato,07/2021,56376 Km,Ibrida,Automatico,Euro 6,Parma,PR,Rivenditore,https://www.subito.it/auto/volkswagen-golf-1-4-tsi-ehybrid-style-204cv-dsg-parma-661778986.htm
Volkswagen Golf 2.0 tdi scr Style 150cv dsg,24950,Usato,07/2023,43576 Km,Diesel,Automatico,Euro 6,Pistoia,PT,Rivenditore,https://www.subito.it/auto/volkswagen-golf-2-0-tdi-scr-style-150cv-dsg-pistoia-661778282.htm
VOLKSWAGEN Golf FY72072,18999,Usato,11/2022,61755 Km,Benzina,Manuale,Euro 6,Roma,RM,Rivenditore,https://www.subito.it/auto/volkswagen-golf-fy72072-roma-661772110.htm
Volkswagen golf 7 2016,10500,Usato,04/2023,194000 Km,Diesel,Sequenziale,Euro 6,San Nicolo' d'Arcidano,OR,Privato,https://www.subito.it/auto/volkswagen-golf-7-2016-oristano-661760748.htm
Golf 8 gtd 230cv stage 1,28900,Usato,11/2022,127000 Km,Diesel,Sequenziale,Euro 6d-TEMP,Prato,PO,Privato,https://www.subito.it/auto/golf-8-gtd-230cv-stage-1-prato-661750609.htm
Volkswagen Golf 1.5 TGI DSG Life,22500,Usato,07/2022,91983 Km,Benzina/Metano,Automatico,Euro 6d-TEMP,San Ginesio,MC,Rivenditore,https://www.subito.it/auto/volkswagen-golf-1-5-tgi-dsg-life-macerata-661732942.htm
Volkswagen Golf 2.0 TDI 115 CV SCR Life,22900,Usato,08/2023,27525 Km,Diesel,Manuale,Euro 6d-TEMP,San Ginesio,MC,Rivenditore,https://www.subito.it/auto/volkswagen-golf-2-0-tdi-115-cv-scr-life-macerata-661732153.htm
Volkswagen Golf 1.4 TSI eHYBRID 204 CV DSG Style,25500,Usato,02/2022,24100 Km,Ibrida,Automatico,Euro 6d-TEMP,San Ginesio,MC,Rivenditore,https://www.subito.it/auto/volkswagen-golf-1-4-tsi-ehybrid-204-cv-dsg-style-macerata-661732134.htm
Volkswagen Golf GTI 2.0 TSI DSG,27900,Usato,05/2024,28336 Km,Benzina,Automatico,Euro 6,Spinea,VE,Rivenditore,https://www.subito.it/auto/volkswagen-golf-gti-2-0-tsi-dsg-venezia-661713318.htm
Volkswagen Golf GTD 2.0 TDI 200 CV DSG,29900,Usato,07/2021,65000 Km,Diesel,Automatico,Euro 6,Ospitaletto,BS,Rivenditore,https://www.subito.it/auto/volkswagen-golf-gtd-2-0-tdi-200-cv-dsg-brescia-661706315.htm
Golf 5,3500,Usato,03/2026,185000 Km,Benzina,Manuale,Euro 4,Trieste,TS,Privato,https://www.subito.it/auto/golf-5-trieste-661704310.htm
Volkswagen Golf 1.5 eTSI 130 CV DSG R-Line,24990,Usato,08/2022,67500 Km,Mild Hybrid Benzina,Automatico,Euro 6,Cittadella,PD,Rivenditore,https://www.subito.it/auto/volkswagen-golf-1-5-etsi-130-cv-dsg-r-line-padova-661690820.htm
VOLKSWAGEN GOLF 8 1.5 TSI 131 CV LIFE + I.Q LED PE,19400,Usato,02/2023,55500 Km,Benzina,Manuale,Euro 6,Quinzano d'Oglio,BS,Rivenditore,https://www.subito.it/auto/volkswagen-golf-8-1-5-tsi-131-cv-life-i-q-led-pe-brescia-661681243.htm
Volkswagen Golf 2.0 TDI DSG SCR Style TETTO APRIBI,24500,Usato,10/2022,100000 Km,Diesel,Automatico,Euro 6,Bologna,BO,Rivenditore,https://www.subito.it/auto/volkswagen-golf-2-0-tdi-dsg-scr-style-tetto-apribi-bologna-659909521.htm
"Golf 8 Gti 2021, leggere descrizione",21499,Usato,04/2024,115000 Km,Benzina,Sequenziale,Euro 6d-TEMP,Cantiano,PU,Privato,https://www.subito.it/auto/golf-8-gti-2021-leggere-descrizione-pesaro-urbino-660813873.htm
Volkswagen Golf 8.5 2.0 TDI DSG,25500,Usato,09/2024,65000 Km,Diesel,Sequenziale,Euro 6d-TEMP,Albenga,SV,Privato,https://www.subito.it/auto/volkswagen-golf-8-5-2-0-tdi-dsg-savona-661667459.htm
VOLKSWAGEN GOLF 1.5 TGI DSG Style,19500,Usato,05/2022,122857 Km,Benzina/Metano,Sequenziale,Euro 6,Terlizzi,BA,Rivenditore,https://www.subito.it/auto/volkswagen-golf-1-5-tgi-dsg-style-bari-661653436.htm
Volkswagen Golf 2.0 TDI SCR SOUND,20990,Usato,07/2023,63000 Km,Diesel,Manuale,Euro 6,Marta,VT,Rivenditore,https://www.subito.it/auto/volkswagen-golf-2-0-tdi-scr-sound-viterbo-661646724.htm
Volkswagen Golf 2.0 TDI SCR ACTIVE CERCHI DA 17,20990,Usato,09/2023,77000 Km,Diesel,Manuale,Euro 6,Marta,VT,Rivenditore,https://www.subito.it/auto/volkswagen-golf-2-0-tdi-scr-active-cerchi-da-17-viterbo-661646710.htm
Volkswagen Golf 2.0 TDI 150 CV DSG *goal*,26990,Usato,09/2025,24000 Km,Diesel,Automatico,Euro 6,Rimini,RN,Rivenditore,https://www.subito.it/auto/volkswagen-golf-2-0-tdi-150-cv-dsg-goal-rimini-652116815.htm
"VOLKSWAGEN GOLF 8 (2021), CONDIZIONI IMPECCABILI.",19500,Usato,08/2021,71000 Km,Benzina,Manuale,Euro 6d-TEMP,Biella,BI,Privato,https://www.subito.it/auto/volkswagen-golf-8-2021-condizioni-impeccabili-biella-661640291.htm
Golf 8,19000,Usato,07/2021,60000 Km,Diesel,Manuale,Euro 6d-TEMP,Sarsina,FC,Privato,https://www.subito.it/auto/golf-8-forli-cesena-658211717.htm
Golf 7R,23500,Usato,03/2023,160000 Km,Benzina,Sequenziale,Euro 6,Mazara del Vallo,TP,Privato,https://www.subito.it/auto/golf-7r-trapani-661628602.htm
VOLKSWAGEN Golf 2.0 TDI DSG SCR Style TETTO*FULL,23990,Usato,02/2023,129000 Km,Diesel,Automatico,Euro 6,Satriano di Lucania,PZ,Rivenditore,https://www.subito.it/auto/volkswagen-golf-2-0-tdi-dsg-scr-style-tetto-full-potenza-661628203.htm
Volkswagen Golf Variant Life 1.5 TSI #50359,19900,Usato,03/2023,45000 Km,Benzina,Manuale,Euro 6d-TEMP,Rottofreno,PC,Rivenditore,https://www.subito.it/auto/volkswagen-golf-variant-life-1-5-tsi-50359-piacenza-661623996.htm
Golf 7 gtd,15000,Usato,07/2026,175000 Km,Diesel,Automatico,Euro 6,Pavia,PV,Privato,https://www.subito.it/auto/golf-7-gtd-pavia-661605961.htm
Golf 7,7800,Usato,01/2026,270000 Km,Diesel,Sequenziale,Euro 5,Monza,MB,Privato,https://www.subito.it/auto/golf-7-monza-661598252.htm
GOLF 8 GTI 245CV,25000,Usato,05/2021,93000 Km,Benzina,Automatico,Euro 6d-TEMP,Asti,AT,Privato,https://www.subito.it/auto/golf-8-gti-245cv-asti-661592402.htm
Golf 8 GTI 245 DSG – DCC – 19”  – Winter – 1,23500,Usato,01/2021,115000 Km,Benzina,Sequenziale,Euro 6d-TEMP,Napoli,NA,Privato,https://www.subito.it/auto/golf-8-gti-245-dsg-dcc-19-winter-1-napoli-658913462.htm
Volkswagen Golf 1.5 TSI eHybrid DSG Style,27900,Usato,05/2025,26000 Km,Mild Hybrid Benzina,Sequenziale,Euro 6,Monte Urano,FM,Rivenditore,https://www.subito.it/auto/volkswagen-golf-1-5-tsi-ehybrid-dsg-style-fermo-661569598.htm
Golf 8 2.0 116 tdi,18800,Usato,03/2023,180000 Km,Diesel,Automatico,Euro 6d-TEMP,Roma,RM,Privato,https://www.subito.it/auto/golf-8-2-0-116-tdi-roma-661569383.htm
Volkswagen Golf 8 2.0 TDI SCR Style IVA ISPOSTA,15900,Usato,10/2022,139000 Km,Diesel,Manuale,Euro 6,Castel Goffredo,MN,Rivenditore,https://www.subito.it/auto/volkswagen-golf-8-2-0-tdi-scr-style-iva-isposta-mantova-661534768.htm
Vw Golf 2.0 115cv assetto dinamico gancio traino,22500,Usato,04/2024,45500 Km,Diesel,Manuale,Euro 6d-TEMP,San Michele all'Adige,TN,Privato,https://www.subito.it/auto/vw-golf-2-0-115cv-assetto-dinamico-gancio-traino-trento-661526785.htm
VOLKSWAGEN GOLF 8 2.0 TDI 116 CV LIFE + WINTER PAC,19900,Usato,12/2023,54000 Km,Diesel,Manuale,Euro 6,Quinzano d'Oglio,BS,Rivenditore,https://www.subito.it/auto/volkswagen-golf-8-2-0-tdi-116-cv-life-winter-pac-brescia-661514655.htm
Volkswagen Golf GTI 2.0 tsi 245cv dsg BLACK STYLE ,27900,Usato,06/2023,74997 Km,Benzina,Automatico,Euro 6,Velletri,RM,Rivenditore,https://www.subito.it/auto/volkswagen-golf-gti-2-0-tsi-245cv-dsg-black-style-roma-661508666.htm
VOLKSWAGEN Golf 2.0 TDI SCR Style,21900,Usato,04/2021,88283 Km,Diesel,Manuale,Euro 6,Valderice,TP,Rivenditore,https://www.subito.it/auto/volkswagen-golf-2-0-tdi-scr-style-trapani-661496862.htm
Wolkswagen golf 8,17800,Usato,10/2022,175000 Km,Diesel,Manuale,Euro 6d-TEMP,Aversa,CE,Privato,https://www.subito.it/auto/wolkswagen-golf-8-caserta-661489589.htm
Golf Gti Performance 245cv,25000,Usato,05/2025,60000 Km,Benzina,Manuale,Euro 6d-TEMP,Carmagnola,TO,Privato,https://www.subito.it/auto/golf-gti-performance-245cv-torino-661469016.htm
VOLKSWAGEN Golf NEW 8.5 2.0 TDI 150CV DSG Style,24990,Usato,03/2025,63711 Km,Diesel,Sequenziale,Euro 6,Mirabella Imbaccari,CT,Rivenditore,https://www.subito.it/auto/volkswagen-golf-new-8-5-2-0-tdi-150cv-dsg-style-catania-649593252.htm
Golf 8.5 tdi dsg,28000,Usato,04/2025,22000 Km,Diesel,Automatico,Euro 6e,Roma,RM,Privato,https://www.subito.it/auto/golf-8-5-tdi-dsg-roma-661443060.htm
VOLKSWAGEN Golf NEW 8.5 2.0 TDI 115CV Life Virtu,23780,Usato,02/2025,15744 Km,Diesel,Manuale,Euro 6,Mirabella Imbaccari,CT,Rivenditore,https://www.subito.it/auto/volkswagen-golf-new-8-5-2-0-tdi-115cv-life-virtu-catania-647598987.htm
Volkswagen Golf 2.0 TDI SCR 85kW Style DSG,20800,Usato,04/2022,76556 Km,Diesel,Automatico,Euro 6,Prevalle,BS,Rivenditore,https://www.subito.it/auto/volkswagen-golf-2-0-tdi-scr-85kw-style-dsg-brescia-657131201.htm
Volkswagen Golf 1.5 TSI 150 CV EVO ACT R-Line,16700,Usato,09/2022,188000 Km,Benzina,Manuale,Euro 6,Nichelino,TO,Rivenditore,https://www.subito.it/auto/volkswagen-golf-1-5-tsi-150-cv-evo-act-r-line-torino-659593497.htm
wv golf 8 tdi,21000,Usato,11/2021,110000 Km,Diesel,Sequenziale,Euro 6d-TEMP,Torino,TO,Privato,https://www.subito.it/auto/wv-golf-8-tdi-torino-661408893.htm
VOLKSWAGEN Golf 2.0 TDI DSG SCR,18900,Usato,05/2022,70328 Km,Diesel,Automatico,Euro 6,Mazzano,BS,Rivenditore,https://www.subito.it/auto/volkswagen-golf-2-0-tdi-dsg-scr-brescia-656782768.htm
Volkswagen Golf 8 Variant 1.0 eTSI DSG  ,11900,Usato,05/2021,137000 Km,Mild Hybrid Benzina,Automatico,Euro 6,Mirandola,MO,Privato,https://www.subito.it/auto/volkswagen-golf-8-variant-1-0-etsi-dsg-modena-661382234.htm
Golf 8 130CV DSG Style 2024 | Pari al nuovo,26500,Usato,04/2024,18034 Km,Mild Hybrid Benzina,Sequenziale,Euro 6d-TEMP,Napoli,NA,Privato,https://www.subito.it/auto/golf-8-130cv-dsg-style-2024-pari-al-nuovo-napoli-661376917.htm
Volkswagen Golf Variant Variant Life BR794278 2.0 ,12390,Usato,07/2022,97379 Km,Diesel,Manuale,,Cinisello Balsamo,MI,Rivenditore,https://www.subito.it/auto/volkswagen-golf-variant-variant-life-br794278-2-0-milano-661376311.htm
Volkswagen Golf Variant Variant Life BR794278 2.0 ,12390,Usato,07/2022,97379 Km,Diesel,Manuale,,Reggio nell'Emilia,RE,Rivenditore,https://www.subito.it/auto/volkswagen-golf-variant-variant-life-br794278-2-0-reggio-emilia-661375122.htm
Volkswagen Golf GTI 2.0 Performance,26000,Usato,08/2022,80000 Km,Benzina,Sequenziale,Euro 6d-TEMP,Caravaggio,BG,Privato,https://www.subito.it/auto/volkswagen-golf-gti-2-0-performance-bergamo-660704007.htm
Volkswagen Golf 8 2.0 TDI 116Cv SCR Life,17900,Usato,03/2021,107000 Km,Diesel,Manuale,Euro 6d,Catania,CT,Privato,https://www.subito.it/auto/volkswagen-golf-8-2-0-tdi-116cv-scr-life-catania-661351524.htm
"Volkswagen Golf 1.5 TGI DSG Life, 37800KM!!",24500,Usato,12/2022,37857 Km,Benzina/Metano,Sequenziale,Euro 6,Macerata,MC,Rivenditore,https://www.subito.it/auto/volkswagen-golf-1-5-tgi-dsg-life-37800km-macerata-661334535.htm
Volkswagen Golf 2.0 TDI 150 CV DSG SCR Editon Plus,26999,Usato,10/2024,13000 Km,Diesel,Sequenziale,Euro 6,Parete,CE,Rivenditore,https://www.subito.it/auto/volkswagen-golf-2-0-tdi-150-cv-dsg-scr-editon-plus-caserta-661332308.htm
golf gtd,14500,Usato,05/2024,136000 Km,Diesel,Manuale,Euro 6,Grassano,MT,Privato,https://www.subito.it/auto/golf-gtd-matera-661326894.htm
Golf 8 etsi 2021,16500,Usato,04/2021,100000 Km,Mild Hybrid Benzina,Sequenziale,Euro 6d-TEMP,Montecatini-Terme,PT,Privato,https://www.subito.it/auto/golf-8-etsi-2021-pistoia-661324877.htm
Golf 8 R LINE 1.5 tsi 131cv,20800,Usato,01/2023,33000 Km,Benzina,Manuale,Euro 6d,Castelfranco Veneto,TV,Privato,https://www.subito.it/auto/golf-8-r-line-1-5-tsi-131cv-treviso-661319572.htm
Volkswagen golf 7.5 gti performance DSG,24000,Usato,03/2023,81000 Km,Benzina,Sequenziale,Euro 6d-TEMP,Nichelino,TO,Privato,https://www.subito.it/auto/volkswagen-golf-7-5-gti-performance-dsg-torino-661315342.htm
Volkswagen Golf,19800,Usato,09/2022,31000 Km,Benzina,Manuale,Euro 6d-TEMP,Terni,TR,Privato,https://www.subito.it/auto/volkswagen-golf-terni-661313032.htm
Golf GTI  MK8 Performance,26900,Usato,03/2022,95000 Km,Benzina,Sequenziale,Euro 6d-TEMP,Mira,VE,Privato,https://www.subito.it/auto/golf-gti-mk8-performance-venezia-661310705.htm
Golf 8 rline,22000,Usato,11/2021,100000 Km,Diesel,Sequenziale,Euro 6d-TEMP,Avellino,AV,Privato,https://www.subito.it/auto/golf-8-rline-avellino-661309626.htm
Volkswagen Golf 6R 5P DSG Stage 2+ APR,18000,Usato,01/2023,153000 Km,Benzina,Automatico,Euro 5,Mompantero,TO,Privato,https://www.subito.it/auto/volkswagen-golf-6r-5p-dsg-stage-2-apr-torino-644876413.htm
VOLKSWAGEN Golf NEW 8.5 2.0 TDI 150CV DSG Life G,25990,Usato,08/2025,21924 Km,Diesel,Sequenziale,Euro 6,Mirabella Imbaccari,CT,Rivenditore,https://www.subito.it/auto/volkswagen-golf-new-8-5-2-0-tdi-150cv-dsg-life-g-catania-655834083.htm
VOLKSWAGEN Golf 8 2.0 TDI 115CV DSG Life NEOPATE,19900,Usato,04/2021,93000 Km,Diesel,Automatico,Euro 6,Orzinuovi,BS,Rivenditore,https://www.subito.it/auto/volkswagen-golf-8-2-0-tdi-115cv-dsg-life-neopate-brescia-661269910.htm
Volkswagen Golf Variant 2.0 tdi Life 115cv DS...,19900,Usato,05/2023,53700 Km,Diesel,Automatico,Euro 6,Castenedolo,BS,Rivenditore,https://www.subito.it/auto/volkswagen-golf-variant-2-0-tdi-life-115cv-ds-brescia-661268789.htm
golf 2021,15850,Usato,03/2021,172500 Km,Benzina,Manuale,Euro 6d-TEMP,Seveso,MB,Privato,https://www.subito.it/auto/golf-2021-monza-661266297.htm
Volkswagen Golf 1.0 TSI EVO Life,15749,Usato,09/2021,91186 Km,Benzina,Manuale,Euro 6,Campagna Lupia,VE,Rivenditore,https://www.subito.it/auto/volkswagen-golf-1-0-tsi-evo-life-venezia-661265428.htm
VOLKSWAGEN GOLF 8.5 1.5 TSI 116 CV EDITION PLUS CE,21900,Usato,09/2024,47500 Km,Benzina,Manuale,Euro 6,Quinzano d'Oglio,BS,Rivenditore,https://www.subito.it/auto/volkswagen-golf-8-5-1-5-tsi-116-cv-edition-plus-ce-brescia-661224437.htm
volkswagen GOLF  VIII 1.0 TSI,15500,Usato,04/2021,103000 Km,Mild Hybrid Benzina,Sequenziale,Euro 6d-TEMP,Altamura,BA,Privato,https://www.subito.it/auto/volkswagen-golf-viii-1-0-tsi-bari-661223147.htm
VOLKSWAGEN Golf 1.5 tsi Edition Plus 115cv,26900,Usato,06/2024,23564 Km,Benzina,Manuale,Euro 6,Pordenone,PN,Rivenditore,https://www.subito.it/auto/volkswagen-golf-1-5-tsi-edition-plus-115cv-pordenone-661223086.htm
GOLF 8,16900,Usato,02/2022,60000 Km,Mild Hybrid Benzina,Sequenziale,Euro 6d-TEMP,Torino,TO,Privato,https://www.subito.it/auto/golf-8-torino-659501449.htm
Volkswagen Golf 2.0 tdi Life 150cv dsg,20990,Usato,12/2021,101067 Km,Diesel,Sequenziale,Euro 6d,Ostuni,BR,Rivenditore,https://www.subito.it/auto/volkswagen-golf-2-0-tdi-life-150cv-dsg-brindisi-661187077.htm
VOLKSWAGEN GOLF VIII GTI 2.0 TSI 245 CV DSG,29290,Usato,07/2024,83000 Km,Benzina,Sequenziale,Euro 6d-TEMP,Castelnuovo di Porto,RM,Privato,https://www.subito.it/auto/volkswagen-golf-viii-gti-2-0-tsi-245-cv-dsg-roma-661184602.htm
Vw Golf VIII 2.0tdi Life,16800,Usato,01/2023,190000 Km,Diesel,Sequenziale,Euro 6d-TEMP,Porto Mantovano,MN,Rivenditore,https://www.subito.it/auto/vw-golf-viii-2-0tdi-life-mantova-647145288.htm
Golf 8.5 Tdi 2.0,30000,Usato,10/2024,22000 Km,Diesel,Automatico,Euro 6d-TEMP,Alassio,SV,Privato,https://www.subito.it/auto/golf-8-5-tdi-2-0-savona-661158594.htm
VOLKSWAGEN Golf 2.0 tdi Life 115cv,25500,Usato,03/2025,30681 Km,Diesel,Manuale,Euro 6,Codroipo,UD,Rivenditore,https://www.subito.it/auto/volkswagen-golf-2-0-tdi-life-115cv-udine-661156666.htm
VOLKSWAGEN Golf 1.5 eTSI 150 CV EVO ACT DSG R-Line,27400,Usato,10/2022,23000 Km,Ibrida,Automatico,Euro 6d-TEMP,Bolzano,BZ,Rivenditore,https://www.subito.it/auto/volkswagen-golf-1-5-etsi-150-cv-evo-act-dsg-r-line-bolzano-661138284.htm
VOLKSWAGEN Golf 1.5 eTSI 150 CV EVO ACT DSG R-Li,26000,Usato,03/2024,18543 Km,Ibrida,Automatico,Euro 6,Bassano del Grappa,VI,Rivenditore,https://www.subito.it/auto/volkswagen-golf-1-5-etsi-150-cv-evo-act-dsg-r-li-vicenza-661148466.htm
Volkswagen Golf 2.0 TDI DSG GTD,26900,Usato,02/2022,122000 Km,Diesel,Sequenziale,Euro 6,Sinopoli,RC,Rivenditore,https://www.subito.it/auto/volkswagen-golf-2-0-tdi-dsg-gtd-reggio-calabria-661137726.htm
Golf GTI 7.5 performance ,20000,Usato,03/2026,141787 Km,Benzina,Manuale,Euro 6d-TEMP,Cerignola,FG,Privato,https://www.subito.it/auto/golf-gti-7-5-performance-foggia-661133628.htm
Volkswagen Golf 1.0 eTSI EVO DSG Life,18900,Usato,12/2021,56000 Km,Mild Hybrid Benzina,Automatico,Euro 6,Spinea,VE,Rivenditore,https://www.subito.it/auto/volkswagen-golf-1-0-etsi-evo-dsg-life-venezia-661118095.htm
Volkswagen Golf 1.5 eTSI 115 CV DSG Edition Plus -,26500,Usato,09/2025,5750 Km,Mild Hybrid Benzina,Sequenziale,Euro 6,Cologno Monzese,MI,Rivenditore,https://www.subito.it/auto/volkswagen-golf-1-5-etsi-115-cv-dsg-edition-plus-milano-661112907.htm
VOLKSWAGEN Golf 1.0 etsi evo Life 110cv dsg,24900,Usato,03/2024,25888 Km,Ibrida,Automatico,Euro 6,Elmas,CA,Rivenditore,https://www.subito.it/auto/volkswagen-golf-1-0-etsi-evo-life-110cv-dsg-cagliari-659545279.htm
Golf 8 variant,27000,Usato,06/2021,62000 Km,Benzina,Automatico,Euro 6d-TEMP,Ventimiglia,IM,Privato,https://www.subito.it/auto/golf-8-variant-imperia-654004645.htm
Volkswagen Golf 2.0 TDI DSG SCR Style,27499,Usato,10/2022,18000 Km,Diesel,Sequenziale,Euro 6,Sant'Anastasia,NA,Rivenditore,https://www.subito.it/auto/volkswagen-golf-2-0-tdi-dsg-scr-style-napoli-661100345.htm
VOLKSWAGEN Golf VIII 2024 - Golf 2.0 tdi Life 115c,23800,Usato,03/2025,54543 Km,Diesel,Manuale,Euro 6,Lucca,LU,Rivenditore,https://www.subito.it/auto/volkswagen-golf-viii-2024-golf-2-0-tdi-life-115c-lucca-661100207.htm
Volkswagen Golf 1.5 etsi evo R-Line 150cv dsg,23990,Usato,03/2021,52000 Km,Ibrida,Automatico,Euro 6,Milano,MI,Rivenditore,https://www.subito.it/auto/volkswagen-golf-1-5-etsi-evo-r-line-150cv-dsg-milano-661094769.htm
VOLKSWAGEN Golf 2.0 TDI DSG SCR Life,21400,Usato,02/2022,59000 Km,Diesel,Automatico,Euro 6,Maniago,PN,Rivenditore,https://www.subito.it/auto/volkswagen-golf-2-0-tdi-dsg-scr-life-pordenone-661088905.htm
Volkswagen Golf Variant 2.0 tdi Life 115cv,12400,Usato,03/2021,199690 Km,Diesel,Manuale,Euro 6,Verona,VR,Rivenditore,https://www.subito.it/auto/volkswagen-golf-variant-2-0-tdi-life-115cv-verona-661083217.htm
Volkswagen Golf Variant 2.0 tdi R-Line 150cv dsg,21900,Usato,10/2021,106270 Km,Diesel,Automatico,Euro 6,Verona,VR,Rivenditore,https://www.subito.it/auto/volkswagen-golf-variant-2-0-tdi-r-line-150cv-dsg-verona-661082964.htm
VOLKSWAGEN Nuova Golf Variant Life 2.0 TDI SCR 110,29900,Usato,09/2024,11729 Km,Diesel,Automatico,Euro 6,Carbonia,SU,Rivenditore,https://www.subito.it/auto/volkswagen-nuova-golf-variant-life-2-0-tdi-scr-110-sulcis-iglesiente-659542300.htm
Volkswagen golf 8,22500,Usato,03/2022,82000 Km,Plug-in Hybrid Benzina,Automatico,Euro 6d-TEMP,Roma,RM,Privato,https://www.subito.it/auto/volkswagen-golf-8-roma-661071089.htm
VOLKSWAGEN golf viii 2020 Golf 1.0 etsi evo Life 1,22457,Usato,07/2023,50101 Km,Ibrida,Automatico,Euro 6,Meda,MB,Rivenditore,https://www.subito.it/auto/volkswagen-golf-viii-2020-golf-1-0-etsi-evo-life-1-monza-661067006.htm
VOLKSWAGEN golf viii 2020 variant Golf Variant 2.0,17381,Usato,06/2021,75000 Km,Diesel,Automatico,Euro 6,Meda,MB,Rivenditore,https://www.subito.it/auto/volkswagen-golf-viii-2020-variant-golf-variant-2-0-monza-661066877.htm
Volkswagen Golf 1.0 eTSI EVO DSG Life,18490,Usato,05/2021,72827 Km,Mild Hybrid Benzina,Automatico,Euro 6e,Mazzarino,CL,Rivenditore,https://www.subito.it/auto/volkswagen-golf-1-0-etsi-evo-dsg-life-caltanissetta-651285644.htm
Golf VIII 2022 mod. Life,18000,Usato,12/2022,91000 Km,Benzina,Manuale,Euro 6,Torino,TO,Privato,https://www.subito.it/auto/golf-viii-2022-mod-life-torino-661034745.htm
Golf 8,18500,Usato,08/2022,16700 Km,Benzina,Manuale,Euro 6d-TEMP,Genova,GE,Privato,https://www.subito.it/auto/golf-8-genova-661032476.htm
VW Golf 2.0 TDI DSG Style,18500,Usato,11/2021,100000 Km,Diesel,Automatico,Euro 6,Fondi,LT,Rivenditore,https://www.subito.it/auto/vw-golf-2-0-tdi-dsg-style-latina-661032083.htm
Volkswagen Golf 2.0 tdi R-Line 150cv dsg,22900,Usato,09/2021,110413 Km,Diesel,Automatico,Euro 6,Genova,GE,Rivenditore,https://www.subito.it/auto/volkswagen-golf-2-0-tdi-r-line-150cv-dsg-genova-661024882.htm
Volkswagen Golf 1.5 eTSI ACT 96kW Style DSG,24950,Usato,04/2024,33868 Km,Ibrida,Automatico,Euro 6d-TEMP,Bologna,BO,Rivenditore,https://www.subito.it/auto/volkswagen-golf-1-5-etsi-act-96kw-style-dsg-bologna-661024852.htm
VOLKSWAGEN Golf XE38754,26799,Usato,06/2023,37033 Km,Ibrida,Automatico,Euro 6,Roma,RM,Rivenditore,https://www.subito.it/auto/volkswagen-golf-xe38754-roma-661023394.htm
golf 8,25000,Usato,02/2024,11000 Km,Mild Hybrid Benzina,Automatico,Euro 6d-TEMP,Roma,RM,Privato,https://www.subito.it/auto/golf-8-roma-661019371.htm
Volkswagen Golf 1.0 TSI EVO Life,14999,Usato,09/2022,199000 Km,Benzina,Manuale,Euro 6,Fara Olivana con Sola,BG,Rivenditore,https://www.subito.it/auto/volkswagen-golf-1-0-tsi-evo-life-bergamo-660975241.htm
VOLKSWAGEN Golf 1.5 eTSI 130 CV EVO ACT DSG R-Line,27900,Usato,03/2024,22217 Km,Ibrida,Sequenziale,Euro 6,Castelvetrano,TP,Rivenditore,https://www.subito.it/auto/volkswagen-golf-1-5-etsi-130-cv-evo-act-dsg-r-line-trapani-657669673.htm
VOLKSWAGEN Golf 2.0 TSI DSG GTI,28900,Usato,02/2024,33000 Km,Benzina,Sequenziale,Euro 6,Treviso,TV,Rivenditore,https://www.subito.it/auto/volkswagen-golf-2-0-tsi-dsg-gti-treviso-660958441.htm
Volkswagen Golf 2.0 TDI 115CV Life NETTO 9500,11000,Usato,09/2022,71014 Km,Diesel,Manuale,Euro 6,Quinto di Treviso,TV,Rivenditore,https://www.subito.it/auto/volkswagen-golf-2-0-tdi-115cv-life-netto-9500-treviso-660958144.htm
Volkswagen Golf 1.0 etsi evo life 110cv dsg,17800,Usato,05/2021,116276 Km,Ibrida,Automatico,Euro 6d-TEMP,Rende,CS,Rivenditore,https://www.subito.it/auto/volkswagen-golf-1-0-etsi-evo-life-110cv-dsg-cosenza-659883893.htm
Volkswagen Golf 2.0 tdi life 115cv,27400,Usato,03/2025,29902 Km,Diesel,Manuale,Euro 6d-TEMP,Rende,CS,Rivenditore,https://www.subito.it/auto/volkswagen-golf-2-0-tdi-life-115cv-cosenza-647252308.htm
Volkswagen Golf 1.5 TSI ACT DSG 5p. Executive BMT,17900,Usato,06/2022,83000 Km,Benzina,Automatico,Euro 6,Dozza,BO,Rivenditore,https://www.subito.it/auto/volkswagen-golf-1-5-tsi-act-dsg-5p-executive-bmt-bologna-660947889.htm
Volkswagen Golf 2.0 TDI 150 CV DSG SCR Life,18999,Usato,09/2021,140000 Km,Diesel,Sequenziale,Euro 6,Favara,AG,Rivenditore,https://www.subito.it/auto/volkswagen-golf-2-0-tdi-150-cv-dsg-scr-life-agrigento-660931429.htm
VOLKSWAGEN Golf VIII 2020 - Golf 1.5 etsi evo R-Li,25200,Usato,06/2023,45699 Km,Ibrida,Automatico,Euro 6,Lucca,LU,Rivenditore,https://www.subito.it/auto/volkswagen-golf-viii-2020-golf-1-5-etsi-evo-r-li-lucca-660894302.htm
VOLKSWAGEN Golf 2.0 TDI DSG SCR Life,21950,Usato,06/2021,88128 Km,Diesel,Sequenziale,Euro 6,Ghilarza,OR,Rivenditore,https://www.subito.it/auto/volkswagen-golf-2-0-tdi-dsg-scr-life-oristano-660886002.htm
VOLKSWAGEN Golf ER69306,26299,Usato,05/2023,21820 Km,Ibrida,Automatico,Euro 6,Roma,RM,Rivenditore,https://www.subito.it/auto/volkswagen-golf-er69306-roma-660884585.htm
Volkswagen Golf GTI 2.0 TSI GTI,27500,Usato,04/2024,37000 Km,Benzina,Manuale,Euro 6,Pieve di Soligo,TV,Rivenditore,https://www.subito.it/auto/volkswagen-golf-gti-2-0-tsi-gti-treviso-660883538.htm
Volkswagen Golf 1.4 tsi ehybrid style 204cv dsg,28800,Usato,01/2024,29367 Km,Ibrida,Automatico,Euro 6d-TEMP,Rende,CS,Rivenditore,https://www.subito.it/auto/volkswagen-golf-1-4-tsi-ehybrid-style-204cv-dsg-cosenza-660882755.htm
Golf 7 GTD,15000,Usato,10/2021,143000 Km,Diesel,Manuale,Euro 6,Guagnano,LE,Privato,https://www.subito.it/auto/golf-7-gtd-lecce-660867814.htm
VW GOLF 8.5 - Ancora in garanzia ufficiale!!,26500,Usato,02/2025,35000 Km,Diesel,Sequenziale,Euro 6d-TEMP,Pescara,PE,Privato,https://www.subito.it/auto/vw-golf-8-5-ancora-in-garanzia-ufficiale-pescara-655533057.htm
Golf 8 GTI Performance,28700,Usato,04/2023,65000 Km,Benzina,Sequenziale,Euro 6d-TEMP,Roma,RM,Privato,https://www.subito.it/auto/golf-8-gti-performance-roma-658889756.htm
Volkswagen Golf 2.0 tdi life 115cv,27400,Usato,03/2025,32852 Km,Diesel,Manuale,Euro 6d-TEMP,Rende,CS,Rivenditore,https://www.subito.it/auto/volkswagen-golf-2-0-tdi-life-115cv-cosenza-646361339.htm
GOLF 8.5 2.0 TDI Edition Plus,24000,Usato,10/2024,69000 Km,Diesel,Manuale,Euro 6e,Lamezia Terme,CZ,Privato,https://www.subito.it/auto/golf-8-5-2-0-tdi-edition-plus-catanzaro-660839852.htm
Volkswagen Golf 1.5 eTSI 130 CV DSG R-Line 2024,26000,Usato,05/2024,36000 Km,Mild Hybrid Benzina,Sequenziale,Euro 6d-TEMP,Orzinuovi,BS,Privato,https://www.subito.it/auto/volkswagen-golf-1-5-etsi-130-cv-dsg-r-line-2024-brescia-660839584.htm
Golf VIII 2000 150CV,21500,Usato,07/2021,88000 Km,Diesel,Automatico,Euro 6,Scandriglia,RI,Privato,https://www.subito.it/auto/golf-viii-2000-150cv-rieti-660834562.htm
Golf 6,5500,Usato,09/2022,1200 Km,Benzina,Manuale,Euro 5,Roma,RM,Privato,https://www.subito.it/auto/golf-6-roma-660833837.htm
"Volkswagen Golf 8.5 Life, 1.5 TSI 150 CV",28700,Usato,12/2024,59000 Km,Benzina,Manuale,Euro 6e,Roma,RM,Privato,https://www.subito.it/auto/volkswagen-golf-8-5-life-1-5-tsi-150-cv-roma-660828962.htm
Volkswagen Golf 2.0 TDI 150CV DSG STYLE NORD ITALI,22400,Usato,09/2022,110000 Km,Diesel,Sequenziale,Euro 6,San Giuseppe Vesuviano,NA,Rivenditore,https://www.subito.it/auto/volkswagen-golf-2-0-tdi-150cv-dsg-style-nord-itali-napoli-660826011.htm
Volkswagen Golf 2.0 TDI EDITION PLUS 115CV,23800,Usato,09/2024,45753 Km,Diesel,Manuale,Euro 6,Novara,NO,Rivenditore,https://www.subito.it/auto/volkswagen-golf-2-0-tdi-edition-plus-115cv-novara-660807461.htm
Volkswagen Golf 2.0 tdi life 115cv,27400,Usato,03/2025,27947 Km,Diesel,Manuale,Euro 6d-TEMP,Rende,CS,Rivenditore,https://www.subito.it/auto/volkswagen-golf-2-0-tdi-life-115cv-cosenza-646865675.htm
Golf 7 variant ,15000,Usato,03/2022,124739 Km,Diesel,Manuale,Euro 6a,Trentola-Ducenta,CE,Privato,https://www.subito.it/auto/golf-7-variant-caserta-660791591.htm
Volkswagen GOLF 8 STYLE 1.5 130cv etsi LED MATRIX,21450,Usato,02/2021,46100 Km,Mild Hybrid Benzina,Sequenziale,Euro 6d-TEMP,Bologna,BO,Privato,https://www.subito.it/auto/volkswagen-golf-8-style-1-5-130cv-etsi-led-matrix-bologna-660791498.htm
Golf 7 GTI,22000,Usato,10/2024,95000 Km,Benzina,Sequenziale,Euro 6b,Imperia,IM,Privato,https://www.subito.it/auto/golf-7-gti-imperia-660780789.htm
Volkswagen Golf 8 Life Evo Act 1.5 eTSI 150CV,23999,Usato,02/2024,49700 Km,Mild Hybrid Benzina,Sequenziale,Euro 6d-TEMP,Vicenza,VI,Privato,https://www.subito.it/auto/volkswagen-golf-8-life-evo-act-1-5-etsi-150cv-vicenza-660778188.htm
Volkswagen Golf GTE 1.4 eHybrid PHEV #50261,23500,Usato,09/2021,50900 Km,Mild Hybrid Benzina,Automatico,,Mazzano,BS,Rivenditore,https://www.subito.it/auto/volkswagen-golf-gte-1-4-ehybrid-phev-50261-brescia-660757838.htm
VOLKSWAGEN Golf Variant 1.5 TGI DSG Style,18300,Usato,09/2022,58700 Km,Benzina/Metano,Automatico,Euro 6d-TEMP,Roma,RM,Rivenditore,https://www.subito.it/auto/volkswagen-golf-variant-1-5-tgi-dsg-style-roma-660748736.htm
Volkswagen Golf 1.5 TSI EVO ACT R-Line,23900,Usato,09/2021,89000 Km,Benzina,Manuale,Euro 6,Rionero in Vulture,PZ,Rivenditore,https://www.subito.it/auto/volkswagen-golf-1-5-tsi-evo-act-r-line-potenza-660736554.htm
Volkswagen Golf 2.0 VIII TDI DSG GTD,29800,Usato,11/2022,72000 Km,Diesel,Sequenziale,Euro 6e,Francofonte,SR,Rivenditore,https://www.subito.it/auto/volkswagen-golf-2-0-viii-tdi-dsg-gtd-siracusa-650852787.htm
Volkswagen Golf 1.5 tsi evo R-Line 150cv,22800,Usato,10/2022,67500 Km,Benzina,Manuale,Euro 6d,Padova,PD,Rivenditore,https://www.subito.it/auto/volkswagen-golf-1-5-tsi-evo-r-line-150cv-padova-660721191.htm
Volkswagen Golf 2.0 tdi life 115cv,27400,Usato,04/2025,19540 Km,Diesel,Manuale,Euro 6d-TEMP,Rende,CS,Rivenditore,https://www.subito.it/auto/volkswagen-golf-2-0-tdi-life-115cv-cosenza-646361393.htm
Volkswagen Golf 1.0 eTSI EVO DSG Life,23500,Usato,05/2024,20000 Km,Ibrida,Automatico,,Pieve di Soligo,TV,Rivenditore,https://www.subito.it/auto/volkswagen-golf-1-0-etsi-evo-dsg-life-treviso-660679050.htm
Volkswagen Golf GTI 2.0 TSI GTI DSG,29900,Usato,10/2023,19800 Km,Benzina,Automatico,Euro 6,Pieve di Soligo,TV,Rivenditore,https://www.subito.it/auto/volkswagen-golf-gti-2-0-tsi-gti-dsg-treviso-660678107.htm
Volkswagen Golf Variant 2.0 TDI 115 CV SCR Life,19900,Usato,09/2021,80000 Km,Diesel,Manuale,,Pieve di Soligo,TV,Rivenditore,https://www.subito.it/auto/volkswagen-golf-variant-2-0-tdi-115-cv-scr-life-treviso-660677913.htm
Volkswagen Golf 2.0 TDI 115 CV SCR Edition Plus,27800,Usato,03/2025,16000 Km,Diesel,Manuale,,Pieve di Soligo,TV,Rivenditore,https://www.subito.it/auto/volkswagen-golf-2-0-tdi-115-cv-scr-edition-plus-treviso-660676860.htm
Volkswagen Golf 8,17000,Usato,08/2022,57000 Km,Benzina,Manuale,Euro 6d-TEMP,Milano,MI,Privato,https://www.subito.it/auto/volkswagen-golf-8-milano-660622664.htm
VOLKSWAGEN Golf 2.0 TSI GTI DSG,28999,Usato,03/2021,86000 Km,Benzina,Automatico,Euro 6,Melicucco,RC,Rivenditore,https://www.subito.it/auto/volkswagen-golf-2-0-tsi-gti-dsg-reggio-calabria-660574717.htm
Golf 8 R-line,25000,Usato,01/2022,72000 Km,Mild Hybrid Benzina,Sequenziale,Euro 6d-TEMP,Caronno Pertusella,VA,Privato,https://www.subito.it/auto/golf-8-r-line-varese-660570585.htm
golf 7,12000,Usato,08/2022,170000 Km,Diesel,Manuale,Euro 6,Napoli,NA,Privato,https://www.subito.it/auto/golf-7-napoli-660544564.htm
Golf VIII 1.5 eTsi Style 130cv dsg anno 2023,23500,Usato,06/2023,52000 Km,Mild Hybrid Benzina,Sequenziale,Euro 6d-TEMP,Abbadia San Salvatore,SI,Privato,https://www.subito.it/auto/golf-viii-1-5-etsi-style-130cv-dsg-anno-2023-siena-660520193.htm
Golf 8,15900,Usato,07/2021,149000 Km,Benzina/Metano,Automatico,Euro 6,Pescara,PE,Privato,https://www.subito.it/auto/golf-8-pescara-660505980.htm
Volkswagen Golf 2.0 Tdi SCR 115 cv DSG Life,23499,Usato,02/2024,83750 Km,Diesel,Automatico,Euro 6,Casarano,LE,Rivenditore,https://www.subito.it/auto/volkswagen-golf-2-0-tdi-scr-115-cv-dsg-life-lecce-659496929.htm
Volkswagen Golf 8 2.0 TDI 116 cv,16900,Usato,10/2022,78000 Km,Diesel,Manuale,Euro 6d-TEMP,Stradella,PV,Privato,https://www.subito.it/auto/volkswagen-golf-8-2-0-tdi-116-cv-pavia-660478977.htm
Volkswagen Golf 2.0 TDI Life 115cv DSG,21490,Usato,03/2023,57000 Km,Diesel,Automatico,,Rovigo,RO,Rivenditore,https://www.subito.it/auto/volkswagen-golf-2-0-tdi-life-115cv-dsg-rovigo-660471438.htm
VOLKSWAGEN 8 HYBRID 1.5,22500,Usato,12/2024,32000 Km,Mild Hybrid Benzina,Sequenziale,Euro 6d,Venezia,VE,Privato,https://www.subito.it/auto/volkswagen-8-hybrid-1-5-venezia-660459767.htm
VOLKSWAGEN Golf 1.5 eTSI 130 CV EVO ACT DSG R-Line,21500,Usato,10/2022,60000 Km,Ibrida,Automatico,Euro 6d-TEMP,Montesilvano,PE,Rivenditore,https://www.subito.it/auto/volkswagen-golf-1-5-etsi-130-cv-evo-act-dsg-r-line-pescara-660454994.htm
Volkswagen Golf 2.0 TDI 150 CV SCR R-Line,23900,Usato,12/2021,130000 Km,Diesel,Manuale,Euro 6,Palermo,PA,Rivenditore,https://www.subito.it/auto/volkswagen-golf-2-0-tdi-150-cv-scr-r-line-palermo-660450743.htm
Vw Golf 8 1.0 eTsi Dsg Life,20900,Usato,08/2023,34600 Km,Mild Hybrid Benzina,Automatico,Euro 6d-TEMP,Borgosesia,VC,Privato,https://www.subito.it/auto/vw-golf-8-1-0-etsi-dsg-life-vercelli-660444688.htm
Volkswagen Golf 2.0 TDI DSG GTD,29999,Usato,09/2021,70000 Km,Diesel,Sequenziale,Euro 6,Floridia,SR,Rivenditore,https://www.subito.it/auto/volkswagen-golf-2-0-tdi-dsg-gtd-siracusa-660445687.htm
Volkswagen Golf 2.0 TDI SCR Style,21500,Usato,09/2021,116265 Km,Diesel,Automatico,Euro 6,Ozieri,SS,Rivenditore,https://www.subito.it/auto/volkswagen-golf-2-0-tdi-scr-style-sassari-660437614.htm
Golf 7.5 gti manuale,29990,Usato,11/2023,94000 Km,Benzina,Manuale,Euro 6d-TEMP,Mirabella Imbaccari,CT,Privato,https://www.subito.it/auto/golf-7-5-gti-manuale-catania-660412842.htm
"VOLKSWAGEN Golf GTI 2.0 TSI DSG LED MATRIX/""19 R",29500,Usato,02/2024,17900 Km,Benzina,Automatico,Euro 6,Savigliano,CN,Rivenditore,https://www.subito.it/auto/volkswagen-golf-gti-2-0-tsi-dsg-led-matrix-19-r-cuneo-660404410.htm
VOLKSWAGEN Golf 2.0 TDI 150 CV DSG SCR Life NAVI,23900,Usato,01/2021,37761 Km,Diesel,Sequenziale,Euro 6,Tolentino,MC,Rivenditore,https://www.subito.it/auto/volkswagen-golf-2-0-tdi-150-cv-dsg-scr-life-navi-macerata-660403928.htm
VOLKSWAGEN Golf JH54676,20499,Usato,06/2023,24471 Km,Ibrida,Automatico,Euro 6,Roma,RM,Rivenditore,https://www.subito.it/auto/volkswagen-golf-jh54676-roma-660401815.htm
VOLKSWAGEN Golf 2.0 TSI DSG GTI,27890,Usato,03/2024,21156 Km,Benzina,Sequenziale,Euro 6,Magenta,MI,Rivenditore,https://www.subito.it/auto/volkswagen-golf-2-0-tsi-dsg-gti-milano-660401726.htm
Golf 7.5 gtd STRAFULL,16000,Usato,10/2023,223000 Km,Diesel,Sequenziale,Euro 6,Guidonia Montecelio,RM,Privato,https://www.subito.it/auto/golf-7-5-gtd-strafull-roma-660399496.htm
Volkwagen Golf 8 GTE,24200,Usato,01/2021,104580 Km,Mild Hybrid Benzina,Automatico,Euro 6e,Oderzo,TV,Privato,https://www.subito.it/auto/volkwagen-golf-8-gte-treviso-660398710.htm
Volkswagen golf,20500,Usato,10/2021,74000 Km,Benzina,Manuale,Euro 6d-TEMP,Sciolze,TO,Privato,https://www.subito.it/auto/volkswagen-golf-torino-660397809.htm
Golf 8  DSG 110kw 150 cavali 2000,19000,Usato,01/2022,1350000 Km,Diesel,Sequenziale,Euro 6d-TEMP,Moncalieri,TO,Privato,https://www.subito.it/auto/golf-8-dsg-110kw-150-cavali-2000-torino-660392640.htm
Golf 8 TSI EVO life,15900,Usato,03/2021,80000 Km,Benzina,Manuale,Euro 6d-TEMP,Montepulciano,SI,Privato,https://www.subito.it/auto/golf-8-tsi-evo-life-siena-660389347.htm
Golf 8 GTE 06/23 EST-07/24 ITA 65.500 KM . UNIPRO,25900,Usato,06/2023,65500 Km,Plug-in Hybrid Benzina,Automatico,Euro 6d-TEMP,Roma,RM,Privato,https://www.subito.it/auto/golf-8-gte-06-23-est-07-24-ita-65-500-km-unipro-roma-660383750.htm
Golf 7,6500,Usato,05/2021,234146 Km,Diesel,Manuale,Euro 5,Montedoro,CL,Privato,https://www.subito.it/auto/golf-7-caltanissetta-660351904.htm
GOLF 7,6500,Usato,05/2021,234146 Km,Diesel,Manuale,Euro 5,Montedoro,CL,Privato,https://www.subito.it/auto/golf-7-caltanissetta-660351467.htm
GOLF 7,6500,Usato,05/2021,234146 Km,Diesel,Manuale,Euro 5,Montedoro,CL,Privato,https://www.subito.it/auto/golf-7-caltanissetta-660351140.htm
GOLF 8 GIT,24000,Usato,06/2021,110185 Km,Benzina,Automatico,Euro 6,Bergamo,BG,Privato,https://www.subito.it/auto/golf-8-git-bergamo-660350928.htm
Golf 8,18000,Usato,06/2022,80000 Km,Mild Hybrid Benzina,Sequenziale,Euro 6d-TEMP,Milano,MI,Privato,https://www.subito.it/auto/golf-8-milano-655174028.htm
Volkswagen Golf 1.5 eTSI 130 CV DSG Style TETTO AP,21500,Usato,09/2021,85000 Km,Mild Hybrid Benzina,Automatico,Euro 6,Lentate sul Seveso,MB,Rivenditore,https://www.subito.it/auto/volkswagen-golf-1-5-etsi-130-cv-dsg-style-tetto-ap-monza-660349442.htm
Volkswagen Golf 1.4 TSI eHYBRID 204 CV DSG Style,22800,Usato,03/2022,65515 Km,Ibrida,Automatico,Euro 6,Misano Adriatico,RN,Rivenditore,https://www.subito.it/auto/volkswagen-golf-1-4-tsi-ehybrid-204-cv-dsg-style-rimini-660334259.htm
Volkswagen Golf 2.0 TDI 115cv Style,24900,Usato,12/2023,60804 Km,Diesel,Manuale,Euro 6,Bologna,BO,Rivenditore,https://www.subito.it/auto/volkswagen-golf-2-0-tdi-115cv-style-bologna-660334128.htm
Volkswagen Golf 2.0 TDI 115 CV SCR Life,24736,Usato,11/2022,66580 Km,Diesel,Manuale,Euro 6,Viterbo,VT,Rivenditore,https://www.subito.it/auto/volkswagen-golf-2-0-tdi-115-cv-scr-life-viterbo-660330190.htm
Golf 8.5,27000,Usato,02/2025,40000 Km,Diesel,Sequenziale,Euro 6d-TEMP,Brescia,BS,Privato,https://www.subito.it/auto/golf-8-5-brescia-660329928.htm
Volkswagen Golf 2.0 TDI 115 CV SCR Edition Plus,19500,Usato,03/2025,26100 Km,Diesel,Manuale,Euro 6,Corridonia,MC,Rivenditore,https://www.subito.it/auto/volkswagen-golf-2-0-tdi-115-cv-scr-edition-plus-macerata-660320880.htm
Volkswagen Golf 8 GTE,25000,Usato,06/2023,65000 Km,Plug-in Hybrid Benzina,Sequenziale,Euro 6d-TEMP,Roma,RM,Privato,https://www.subito.it/auto/volkswagen-golf-8-gte-roma-660314770.htm
VOLKSWAGEN GOLF 8 - 2.0 TDI CV 150 DSG Life - 2021,19000,Usato,06/2021,97600 Km,Diesel,Automatico,Euro 6d,Bolzano,BZ,Privato,https://www.subito.it/auto/volkswagen-golf-8-2-0-tdi-cv-150-dsg-life-2021-bolzano-660299002.htm
Volkswagen Golf 8 GTI 2.0 TSI (2021)-Full Optional,29000,Usato,02/2022,113000 Km,Benzina,Sequenziale,Euro 6d-TEMP,Tortona,AL,Privato,https://www.subito.it/auto/volkswagen-golf-8-gti-2-0-tsi-2021-full-optional-alessandria-660293514.htm
VOLKSWAGEN Golf 8ª serie - Golf 2.0 TSI DSG GTI,24900,Usato,08/2022,90000 Km,Benzina,Sequenziale,Euro 6,Ferrara,FE,Rivenditore,https://www.subito.it/auto/volkswagen-golf-8-serie-golf-2-0-tsi-dsg-gti-ferrara-660293238.htm
Volkswagen Golf 2.0 TDI 115 CV SCR Life,23300,Usato,02/2025,23891 Km,Diesel,Manuale,Euro 6,Caserta,CE,Rivenditore,https://www.subito.it/auto/volkswagen-golf-2-0-tdi-115-cv-scr-life-caserta-660284401.htm
Volkswagen Golf 2.0 TDI DSG SCR Life,21900,Usato,02/2024,74701 Km,Diesel,Automatico,Euro 6,Caserta,CE,Rivenditore,https://www.subito.it/auto/volkswagen-golf-2-0-tdi-dsg-scr-life-caserta-660284265.htm
Volkswagen Golf GTD 8 dcc 19 matrix,25500,Usato,03/2021,117500 Km,Diesel,Automatico,Euro 6d-TEMP,La Spezia,SP,Privato,https://www.subito.it/auto/volkswagen-golf-gtd-8-dcc-19-matrix-la-spezia-660274478.htm
VOLKSWAGEN Golf 2.0 TSI DSG GTI,29990,Usato,02/2022,42600 Km,Benzina,Sequenziale,Euro 6,Savona,SV,Rivenditore,https://www.subito.it/auto/volkswagen-golf-2-0-tsi-dsg-gti-savona-660285399.htm
VOLKSWAGEN golf viii 2020 Golf 1.0 etsi evo Life 1,22457,Usato,07/2023,50101 Km,Ibrida,Automatico,Euro 6,Sala Bolognese,BO,Rivenditore,https://www.subito.it/auto/volkswagen-golf-viii-2020-golf-1-0-etsi-evo-life-1-bologna-660271902.htm
Volkswagen Golf 2.0 TDI 150 CV SCR R-Line,27800,Usato,05/2023,25144 Km,Diesel,Manuale,Euro 6b,Gesualdo,AV,Rivenditore,https://www.subito.it/auto/volkswagen-golf-2-0-tdi-150-cv-scr-r-line-avellino-660267821.htm
Volkswagen Golf 2.0 TDI SCR Style,14990,Usato,09/2023,195000 Km,Diesel,Manuale,Euro 6,Nervesa della Battaglia,TV,Rivenditore,https://www.subito.it/auto/volkswagen-golf-2-0-tdi-scr-style-treviso-652069075.htm
Volkswagen Golf 2.0 Tdi SCR 115 cv DSG Life,23499,Usato,02/2024,83750 Km,Diesel,Automatico,Euro 6d-TEMP,Casarano,LE,Rivenditore,https://www.subito.it/auto/volkswagen-golf-2-0-tdi-scr-115-cv-dsg-life-lecce-659477806.htm
VOLKSWAGEN Golf 1.0 eTSI EVO DSG Life,16800,Usato,03/2021,102150 Km,Mild Hybrid Benzina,Sequenziale,Euro 6,Acquasparta,TR,Rivenditore,https://www.subito.it/auto/volkswagen-golf-1-0-etsi-evo-dsg-life-terni-660258974.htm
W0lkseagen Golf TDI ,23000,Usato,09/2021,100000 Km,Diesel,Automatico,Euro 6d,Urbino,PU,Privato,https://www.subito.it/auto/w0lkseagen-golf-tdi-pesaro-urbino-660256887.htm
Volkswagen Golf 1.0 eTSI EVO DSG Life,17800,Usato,06/2022,92000 Km,Mild Hybrid Benzina,Automatico,Euro 6,Bozzolo,MN,Rivenditore,https://www.subito.it/auto/volkswagen-golf-1-0-etsi-evo-dsg-life-mantova-653282436.htm
Volkswagen Golf 2.0TDI 150cv Style DSG,28500,Usato,05/2025,16000 Km,Diesel,Automatico,Euro 6d-TEMP,Caresanablot,VC,Rivenditore,https://www.subito.it/auto/volkswagen-golf-2-0tdi-150cv-style-dsg-vercelli-660212408.htm
Golf 8 gti,27500,Usato,12/2021,99000 Km,Benzina,Sequenziale,Euro 6d-TEMP,Trescore Balneario,BG,Privato,https://www.subito.it/auto/golf-8-gti-bergamo-660209967.htm
golf 8,16000,Usato,01/2024,60000 Km,Mild Hybrid Benzina,Automatico,Euro 6,Belluno,BL,Privato,https://www.subito.it/auto/golf-8-belluno-660200005.htm
VOLKSWAGEN Golf 1.0 TSI EVO Life Business IN PROMO,18700,Usato,02/2024,22300 Km,Benzina,Manuale,Euro 6d-TEMP,Liscate,MI,Rivenditore,https://www.subito.it/auto/volkswagen-golf-1-0-tsi-evo-life-business-in-promo-milano-637793706.htm
GOLF 8 GTI DSG CON GANCIO TRAINO,28500,Usato,06/2023,38000 Km,Benzina,Manuale,Euro 6d-TEMP,Fiumicino,RM,Privato,https://www.subito.it/auto/golf-8-gti-dsg-con-gancio-traino-roma-660177050.htm
VW Golf 8.5 1.5 eTSI Mild Hybrid DSG 50 Edition,25900,Usato,07/2024,31000 Km,Mild Hybrid Benzina,Automatico,Euro 6d-TEMP,Torino,TO,Privato,https://www.subito.it/auto/vw-golf-8-5-1-5-etsi-mild-hybrid-dsg-50-edition-torino-660163384.htm
Volkswagen golf 8,22900,Usato,06/2021,152000 Km,Diesel,Manuale,Euro 6d-TEMP,Randazzo,CT,Privato,https://www.subito.it/auto/volkswagen-golf-8-catania-660162190.htm
Volkswagen gtd 8,30000,Usato,09/2024,54000 Km,Diesel,Sequenziale,Euro 6d-TEMP,Taino,VA,Privato,https://www.subito.it/auto/volkswagen-gtd-8-varese-660156891.htm
VOLKSWAGEN Golf SU57332,27399,Usato,09/2024,24383 Km,Ibrida,Automatico,Euro 6,Roma,RM,Rivenditore,https://www.subito.it/auto/volkswagen-golf-su57332-roma-660156193.htm
VOLKSWAGEN Golf GTI 2.0 8 MANUALE 19'' UNICO PRO,29990,Usato,12/2023,31256 Km,Benzina,Manuale,Euro 6,Boves,CN,Rivenditore,https://www.subito.it/auto/volkswagen-golf-gti-2-0-8-manuale-19-unico-pro-cuneo-660156049.htm
VOLKSWAGEN Golf 8 1.0 Active *Sedili riscaldati*,18400,Usato,02/2022,51997 Km,Benzina,Manuale,Euro 6,Boves,CN,Rivenditore,https://www.subito.it/auto/volkswagen-golf-8-1-0-active-sedili-riscaldati-cuneo-660155685.htm
Volkswagen Golf 1.0 TSI EVO Life- prezzo reale,18600,Usato,05/2023,54000 Km,Benzina,Manuale,Euro 6,Udine,UD,Rivenditore,https://www.subito.it/auto/volkswagen-golf-1-0-tsi-evo-life-prezzo-reale-udine-660152488.htm
Volkswagen Golf 2.0 TDI 115 CV SCR Edition Plus,14999,Usato,09/2026,114000 Km,Diesel,Sequenziale,Euro 6,Fonni,NU,Rivenditore,https://www.subito.it/auto/volkswagen-golf-2-0-tdi-115-cv-scr-edition-plus-nuoro-660150067.htm
VW GOLF,18999,Usato,01/2021,89500 Km,Diesel,Manuale,Euro 6d-TEMP,Venezia,VE,Privato,https://www.subito.it/auto/vw-golf-venezia-660129157.htm
Golf 8 r-line,26500,Usato,06/2024,50000 Km,Mild Hybrid Benzina,Sequenziale,Euro 6d-TEMP,Manta,CN,Privato,https://www.subito.it/auto/golf-8-r-line-cuneo-660126093.htm
Volkswagen Golf 1.5 tgi Style 130cv dsg,16590,Usato,04/2021,117000 Km,Benzina/Metano,Sequenziale,Euro 6d,Lissone,MB,Rivenditore,https://www.subito.it/auto/volkswagen-golf-1-5-tgi-style-130cv-dsg-monza-660121614.htm
Vw Golf come nuova,18500,Usato,02/2022,62000 Km,Mild Hybrid Benzina,Sequenziale,Euro 6d-TEMP,Palermo,PA,Privato,https://www.subito.it/auto/vw-golf-come-nuova-palermo-658398074.htm
VOLKSWAGEN Golf 1.5 TSI EVO ACT Life,17900,Usato,05/2022,62000 Km,Benzina,Manuale,Euro 6d-TEMP,Bassano del Grappa,VI,Privato,https://www.subito.it/auto/volkswagen-golf-1-5-tsi-evo-act-life-vicenza-660109123.htm
VOLKSWAGEN Golf 1.5 TSI 130 CV EVO ACT DSG Style,22000,Usato,05/2024,31000 Km,Benzina,Manuale,Euro 6,Castenaso,BO,Rivenditore,https://www.subito.it/auto/volkswagen-golf-1-5-tsi-130-cv-evo-act-dsg-style-bologna-660094211.htm
Volkswagen Golf 8 1.5 etsi dsg 150cv,25100,Usato,05/2022,64300 Km,Mild Hybrid Benzina,Sequenziale,Euro 6d-TEMP,Pomigliano d'Arco,NA,Privato,https://www.subito.it/auto/volkswagen-golf-8-1-5-etsi-dsg-150cv-napoli-660088513.htm
Volkswagen Golf 2.0 TDI STYLE 150CV DSG,22400,Usato,09/2023,73447 Km,Diesel,Automatico,Euro 6,Cava Manara,PV,Rivenditore,https://www.subito.it/auto/volkswagen-golf-2-0-tdi-style-150cv-dsg-pavia-660080372.htm
Volkswagen Golf 2.0 TDI 115 CV SCR Life,19890,Usato,04/2025,21890 Km,Diesel,Manuale,Euro 6,Marino,RM,Rivenditore,https://www.subito.it/auto/volkswagen-golf-2-0-tdi-115-cv-scr-life-roma-660041243.htm
VOLKSWAGEN Golf 2.0 TDI DSG SCR Life,18800,Usato,10/2022,78000 Km,Diesel,Sequenziale,Euro 6,Treviso,TV,Rivenditore,https://www.subito.it/auto/volkswagen-golf-2-0-tdi-dsg-scr-life-treviso-660022247.htm
VOLKSWAGEN Golf 1.5 eTSI 150 CV ACT DSG Life,26990,Usato,02/2026,25431 Km,Ibrida,Sequenziale,Euro 6,Magenta,MI,Rivenditore,https://www.subito.it/auto/volkswagen-golf-1-5-etsi-150-cv-act-dsg-life-milano-660021650.htm
Volkswagen Golf 1.5 eTSI 130 CV EVO ACT DSG R...,21900,Usato,03/2021,55400 Km,Ibrida,Automatico,Euro 6,Como,CO,Rivenditore,https://www.subito.it/auto/volkswagen-golf-1-5-etsi-130-cv-evo-act-dsg-r-como-660020926.htm
Volkswagen Golf 1.0 eTSI 81kW EVO Life DSG,20500,Usato,04/2023,66500 Km,Ibrida,Automatico,Euro 6,Forli',FC,Rivenditore,https://www.subito.it/auto/volkswagen-golf-1-0-etsi-81kw-evo-life-dsg-forli-cesena-660020518.htm
Volkswagen Golf Life BR864535 2.0 Diesel 116CV,15890,Usato,02/2023,93557 Km,Diesel,Manuale,,Reggio nell'Emilia,RE,Rivenditore,https://www.subito.it/auto/volkswagen-golf-life-br864535-2-0-diesel-116cv-reggio-emilia-660020123.htm
Volkswagen Golf Life BR864535 2.0 Diesel 116CV,15890,Usato,02/2023,93557 Km,Diesel,Manuale,,Cinisello Balsamo,MI,Rivenditore,https://www.subito.it/auto/volkswagen-golf-life-br864535-2-0-diesel-116cv-milano-660020107.htm
Golf 7.5 GTI performance ,23500,Usato,10/2021,95500 Km,Benzina,Manuale,Euro 6,Artogne,BS,Privato,https://www.subito.it/auto/golf-7-5-gti-performance-brescia-660002387.htm
Golf 8,25000,Usato,01/2024,90000 Km,Diesel,Sequenziale,Euro 6d-TEMP,Ospitaletto,BS,Privato,https://www.subito.it/auto/golf-8-brescia-659987911.htm
Golf 8 gti stage 2 (341cv),26500,Usato,07/2021,103000 Km,Benzina,Automatico,Euro 6d-TEMP,Misano Adriatico,RN,Privato,https://www.subito.it/auto/golf-8-gti-stage-2-341cv-rimini-659979147.htm
Volkswagen Golf Variant 2.0 TDI SCR Style,16500,Usato,09/2021,103500 Km,Diesel,Manuale,Euro 6,Manoppello,PE,Rivenditore,https://www.subito.it/auto/volkswagen-golf-variant-2-0-tdi-scr-style-pescara-659966438.htm
Volkswagen Golf 8,18500,Usato,10/2022,122000 Km,Diesel,Manuale,Euro 6d-TEMP,Cento,FE,Privato,https://www.subito.it/auto/volkswagen-golf-8-ferrara-659955124.htm
VOLKSWAGEN Golf GTI PERFORMANCE 2.0 245CV PANORA,27990,Usato,05/2021,69000 Km,Benzina,Automatico,Euro 6,Roma,RM,Rivenditore,https://www.subito.it/auto/volkswagen-golf-gti-performance-2-0-245cv-panora-roma-659887509.htm
VOLKSWAGEN Golf Variant 2.0 TDI 116 CV DSG Life,16490,Usato,05/2023,85000 Km,Diesel,Automatico,Euro 6,Este,PD,Rivenditore,https://www.subito.it/auto/volkswagen-golf-variant-2-0-tdi-116-cv-dsg-life-padova-659887457.htm
VOLKSWAGEN golf viii 2020 Golf 1.0 etsi evo Life 1,22457,Usato,07/2023,50101 Km,Ibrida,Automatico,Euro 6,Roma,RM,Rivenditore,https://www.subito.it/auto/volkswagen-golf-viii-2020-golf-1-0-etsi-evo-life-1-roma-659871451.htm
"Volkswagen Golf GTI 7,5 2.0 TSI 245cv DSG",24000,Usato,05/2022,113200 Km,Benzina,Sequenziale,Euro 6c,Cassano all'Ionio,CS,Privato,https://www.subito.it/auto/volkswagen-golf-gti-7-5-2-0-tsi-245cv-dsg-cosenza-659861182.htm
Golf GTD 200cv,28000,Usato,12/2022,46000 Km,Diesel,Sequenziale,Euro 6d-TEMP,Sondrio,SO,Privato,https://www.subito.it/auto/golf-gtd-200cv-sondrio-659858744.htm
Golf GTE,26000,Usato,05/2021,70000 Km,Plug-in Hybrid Benzina,Automatico,Euro 6d-TEMP,Fabriano,AN,Privato,https://www.subito.it/auto/golf-gte-ancona-659846469.htm
Golf 8.5,25000,Usato,04/2025,23000 Km,Benzina,Manuale,Euro 6d-TEMP,Roma,RM,Privato,https://www.subito.it/auto/golf-8-5-roma-659828833.htm
Volkswagen Golf Variant Variant Life BR131538 2.0 ,11890,Usato,11/2022,112198 Km,Diesel,Manuale,,Cinisello Balsamo,MI,Rivenditore,https://www.subito.it/auto/volkswagen-golf-variant-variant-life-br131538-2-0-milano-659828051.htm
Volkswagen Golf Variant Variant Life BR131538 2.0 ,11890,Usato,11/2022,112198 Km,Diesel,Manuale,,Reggio nell'Emilia,RE,Rivenditore,https://www.subito.it/auto/volkswagen-golf-variant-variant-life-br131538-2-0-reggio-emilia-659827301.htm
Volkswagen Golf 2.0 tdi Life 150cv dsg,21900,Usato,12/2021,89000 Km,Diesel,Automatico,Euro 6,Tricase,LE,Rivenditore,https://www.subito.it/auto/volkswagen-golf-2-0-tdi-life-150cv-dsg-lecce-659809732.htm
Volkswagen Golf 2.0 TDI 115cv Life,20900,Usato,11/2022,66580 Km,Diesel,Manuale,Euro 6d-TEMP,Striano,NA,Rivenditore,https://www.subito.it/auto/volkswagen-golf-2-0-tdi-115cv-life-napoli-659808943.htm
GOLF GTE,19390,Usato,05/2021,130000 Km,Plug-in Hybrid Benzina,Automatico,Euro 6d-TEMP,Catania,CT,Privato,https://www.subito.it/auto/golf-gte-catania-659799046.htm
wolkswagen golf variant 2000 diesel 116 cava,20000,Usato,09/2022,24500 Km,Diesel,Manuale,Euro 6d-TEMP,Bisceglie,BT,Privato,https://www.subito.it/auto/wolkswagen-golf-variant-2000-diesel-116-cava-barletta-andria-trani-659780423.htm
Golf ehybrid edition plus,28500,Usato,06/2025,11500 Km,Plug-in Hybrid Benzina,Sequenziale,Euro 6d-TEMP,Casarza Ligure,GE,Privato,https://www.subito.it/auto/golf-ehybrid-edition-plus-genova-659776370.htm
Volkswagen Golf 8 1.0 TSI (110 CV) - 2022,16000,Usato,02/2022,90000 Km,Benzina,Manuale,Euro 6d-TEMP,Busto Arsizio,VA,Privato,https://www.subito.it/auto/volkswagen-golf-8-1-0-tsi-110-cv-2022-varese-659759629.htm
"Golf GTI 7,5",23700,Usato,03/2026,99000 Km,Benzina,Manuale,Euro 6,Reggio nell'Emilia,RE,Privato,https://www.subito.it/auto/golf-gti-7-5-reggio-emilia-659757818.htm
Golf 8 GTD 200 cv,28400,Usato,10/2022,79000 Km,Diesel,Automatico,Euro 6d-TEMP,Barcellona Pozzo di Gotto,ME,Privato,https://www.subito.it/auto/golf-8-gtd-200-cv-messina-659712124.htm
Volkswagen Golf 8 1.5 TSI 150 CV R-Line,23800,Usato,02/2022,99500 Km,Benzina,Manuale,Euro 6e,Gonnesa,SU,Privato,https://www.subito.it/auto/volkswagen-golf-8-1-5-tsi-150-cv-r-line-sulcis-iglesiente-659684849.htm
Volkswagen GOLF 8,21490,Usato,06/2021,126000 Km,Diesel,Manuale,Euro 6d-TEMP,Cirie',TO,Privato,https://www.subito.it/auto/volkswagen-golf-8-torino-659667954.htm
Volkswagen Golf Life DSG BR375454 2.0 Diesel 150CV,17290,Usato,04/2021,74597 Km,Diesel,Automatico,,Reggio nell'Emilia,RE,Rivenditore,https://www.subito.it/auto/volkswagen-golf-life-dsg-br375454-2-0-diesel-150cv-reggio-emilia-659659043.htm
Volkswagen Golf Life DSG BR375454 2.0 Diesel 150CV,17290,Usato,04/2021,74597 Km,Diesel,Automatico,,Cinisello Balsamo,MI,Rivenditore,https://www.subito.it/auto/volkswagen-golf-life-dsg-br375454-2-0-diesel-150cv-milano-659659037.htm
Volkswagen Golf 1.4 TSI eHYBRID 204 CV DSG Style,23900,Usato,12/2023,42000 Km,Mild Hybrid Benzina,Sequenziale,Euro 6,San Pietro in Cariano,VR,Rivenditore,https://www.subito.it/auto/volkswagen-golf-1-4-tsi-ehybrid-204-cv-dsg-style-verona-659632175.htm
Volkswagen Golf 1.4 tsi ehybrid Style 204cv dsg,18490,Usato,02/2021,113000 Km,Ibrida,Automatico,Euro 6,Milano,MI,Rivenditore,https://www.subito.it/auto/volkswagen-golf-1-4-tsi-ehybrid-style-204cv-dsg-milano-659629739.htm
VW golf 8 GTE,25000,Usato,01/2021,65000 Km,Plug-in Hybrid Benzina,Sequenziale,Euro 6d-TEMP,Eboli,SA,Privato,https://www.subito.it/auto/vw-golf-8-gte-salerno-659629033.htm
Volkswagen Golf Variant Variant Life BR169710 2.0 ,16390,Usato,03/2024,43083 Km,Diesel,Manuale,,Cinisello Balsamo,MI,Rivenditore,https://www.subito.it/auto/volkswagen-golf-variant-variant-life-br169710-2-0-milano-659627970.htm
Volkswagen Golf Variant Variant Life BR169710 2.0 ,16390,Usato,03/2024,43083 Km,Diesel,Manuale,,Reggio nell'Emilia,RE,Rivenditore,https://www.subito.it/auto/volkswagen-golf-variant-variant-life-br169710-2-0-reggio-emilia-659627952.htm
VOLKSWAGEN Golf 1.5 TGI DSG Life,17900,Usato,01/2022,65000 Km,Benzina,Automatico,Euro 6d-TEMP,Milano,MI,Rivenditore,https://www.subito.it/auto/volkswagen-golf-1-5-tgi-dsg-life-milano-659616997.htm
Volkswagen Golf 1.0 eTSI 81kW EVO Life DSG,20500,Usato,07/2023,83851 Km,Ibrida,Automatico,Euro 6,Potenza,PZ,Rivenditore,https://www.subito.it/auto/volkswagen-golf-1-0-etsi-81kw-evo-life-dsg-potenza-659612846.htm
Golf 8 GTI 2023 cambio manuale,29300,Usato,08/2023,45000 Km,Benzina,Manuale,Euro 6d-TEMP,Castenaso,BO,Privato,https://www.subito.it/auto/golf-8-gti-2023-cambio-manuale-bologna-659578551.htm
Golf 8 life diesel 6 marce,25500,Usato,01/2023,45300 Km,Diesel,Manuale,Euro 6d-TEMP,Corropoli,TE,Privato,https://www.subito.it/auto/golf-8-life-diesel-6-marce-teramo-659560929.htm
Volkswagen golf 8.5 Rline plus,29900,Usato,05/2025,15000 Km,Mild Hybrid Benzina,Sequenziale,Euro 6d-TEMP,Agrigento,AG,Privato,https://www.subito.it/auto/volkswagen-golf-8-5-rline-plus-agrigento-659564949.htm
GOLF 8 DSG 1.5 131cv METANO 2021,16400,Usato,06/2021,124000 Km,Benzina/Metano,Sequenziale,Euro 6d-TEMP,San Severo,FG,Privato,https://www.subito.it/auto/golf-8-dsg-1-5-131cv-metano-2021-foggia-659561581.htm
Volkswagen golf 8,19000,Usato,01/2021,63500 Km,Benzina,Sequenziale,Euro 6d-TEMP,Rovigo,RO,Privato,https://www.subito.it/auto/volkswagen-golf-8-rovigo-659552083.htm
VOLKSWAGEN Golf VIII 2024 - Golf 2.0 tdi Life 115c,24100,Usato,03/2025,26109 Km,Diesel,Manuale,Euro 6,Lucca,LU,Rivenditore,https://www.subito.it/auto/volkswagen-golf-viii-2024-golf-2-0-tdi-life-115c-lucca-659546108.htm
VOLKSWAGEN Golf VIII 2024 - Golf 2.0 tdi Ed U95755,27400,Km0,06/2026,,Diesel,Manuale,Euro 6,Marcianise,CE,Rivenditore,https://www.subito.it/auto/volkswagen-golf-viii-2024-golf-2-0-tdi-ed-u95755-caserta-659545798.htm
VOLKSWAGEN Golf VIII 2024 - Golf 2.0 tdi Style 150,27700,Usato,06/2025,26551 Km,Diesel,Automatico,Euro 6,La Spezia,SP,Rivenditore,https://www.subito.it/auto/volkswagen-golf-viii-2024-golf-2-0-tdi-style-150-la-spezia-659544662.htm
VOLKSWAGEN Golf VIII 2024 - Golf 2.0 tdi Life 115c,23300,Usato,03/2025,19901 Km,Diesel,Manuale,Euro 6,Lucca,LU,Rivenditore,https://www.subito.it/auto/volkswagen-golf-viii-2024-golf-2-0-tdi-life-115c-lucca-659544691.htm
VOLKSWAGEN Golf VIII 2020 - Golf 1.0 etsi evo Life,20800,Usato,03/2023,67401 Km,Ibrida,Automatico,Euro 6,Lucca,LU,Rivenditore,https://www.subito.it/auto/volkswagen-golf-viii-2020-golf-1-0-etsi-evo-life-lucca-659544259.htm
VOLKSWAGEN Golf 8ª serie - Golf 1.5 TSI EV U102681,23500,Usato,04/2023,58853 Km,Benzina,Manuale,Euro 6,Siracusa,SR,Rivenditore,https://www.subito.it/auto/volkswagen-golf-8-serie-golf-1-5-tsi-ev-u102681-siracusa-659543114.htm
VOLKSWAGEN Golf VIII 2024 - Golf 2.0 tdi Style 150,27200,Usato,04/2025,34920 Km,Diesel,Automatico,Euro 6,Chiesina Uzzanese,PT,Rivenditore,https://www.subito.it/auto/volkswagen-golf-viii-2024-golf-2-0-tdi-style-150-pistoia-659539513.htm
VOLKSWAGEN Golf VIII 2020 - Golf 2.0 tdi Life 115c,21900,Usato,06/2023,51989 Km,Diesel,Manuale,Euro 6,Parma,PR,Rivenditore,https://www.subito.it/auto/volkswagen-golf-viii-2020-golf-2-0-tdi-life-115c-parma-659538641.htm
VOLKSWAGEN Golf VIII 2020 - Golf 2.0 tdi Style 115,23000,Usato,03/2024,52480 Km,Diesel,Manuale,Euro 6,Chiesina Uzzanese,PT,Rivenditore,https://www.subito.it/auto/volkswagen-golf-viii-2020-golf-2-0-tdi-style-115-pistoia-659539983.htm
VOLKSWAGEN Golf VIII 2020 - Golf 1.5 etsi evo Styl,18500,Usato,02/2021,86013 Km,Ibrida,Automatico,Euro 6,Chiesina Uzzanese,PT,Rivenditore,https://www.subito.it/auto/volkswagen-golf-viii-2020-golf-1-5-etsi-evo-styl-pistoia-659538348.htm
VOLKSWAGEN Golf VIII 2024 - Golf 1.5 tsi e U510349,28400,Km0,02/2025,,Ibrida,Automatico,Euro 6,Marcianise,CE,Rivenditore,https://www.subito.it/auto/volkswagen-golf-viii-2024-golf-1-5-tsi-e-u510349-caserta-659539018.htm
VOLKSWAGEN Golf 2.0 tdi Life 115cv,24990,Usato,03/2025,13930 Km,Diesel,Manuale,Euro 6,Pordenone,PN,Rivenditore,https://www.subito.it/auto/volkswagen-golf-2-0-tdi-life-115cv-pordenone-659538807.htm
Volkswagen Golf 1.0 TSI EVO Life Garanzia 12 mesi,16999,Usato,12/2022,37700 Km,Benzina,Manuale,Euro 6e,Angri,SA,Rivenditore,https://www.subito.it/auto/volkswagen-golf-1-0-tsi-evo-life-garanzia-12-mesi-salerno-637474421.htm
Volkswagen Golf 1.0 eTSI EVO DSG Life 2021,17000,Usato,05/2021,101500 Km,Mild Hybrid Benzina,Sequenziale,Euro 6,Santa Elisabetta,AG,Rivenditore,https://www.subito.it/auto/volkswagen-golf-1-0-etsi-evo-dsg-life-2021-agrigento-659471219.htm
"Golf 8,5",30000,Usato,04/2025,25000 Km,Diesel,Sequenziale,Euro 6d-TEMP,Viterbo,VT,Privato,https://www.subito.it/auto/golf-8-5-viterbo-659455252.htm
Volkswagen Golf 8 style,27000,Usato,11/2023,43000 Km,Mild Hybrid Benzina,Sequenziale,Euro 6d-TEMP,Cagliari,CA,Privato,https://www.subito.it/auto/volkswagen-golf-8-style-cagliari-659438765.htm
VOLKSWAGEN Golf 1.0 TSI EVO Life ANCHE NEOPATENT,14650,Usato,08/2022,111506 Km,Benzina,Manuale,Euro 6,Russi,RA,Rivenditore,https://www.subito.it/auto/volkswagen-golf-1-0-tsi-evo-life-anche-neopatent-ravenna-659432517.htm
VOLKSWAGEN Golf GTI 2.0 TSI DSG GTI LED MATRIX/,29500,Usato,02/2024,18000 Km,Benzina,Automatico,Euro 6,Savigliano,CN,Rivenditore,https://www.subito.it/auto/volkswagen-golf-gti-2-0-tsi-dsg-gti-led-matrix-cuneo-659432214.htm
golf 8 style,22000,Usato,05/2021,120000 Km,Diesel,Automatico,Euro 6d-TEMP,Taranto,TA,Privato,https://www.subito.it/auto/golf-8-style-taranto-659422798.htm
Golf 8 gtd,30000,Usato,07/2021,69500 Km,Diesel,Automatico,Euro 6d-TEMP,Porto Tolle,RO,Privato,https://www.subito.it/auto/golf-8-gtd-rovigo-645799408.htm
Volkswagen Golf Variant 2.0 TDI 150 CV DSG SCR R-L,19900,Usato,11/2023,1 Km,Diesel,Automatico,Euro 6,Montecosaro,MC,Rivenditore,https://www.subito.it/auto/volkswagen-golf-variant-2-0-tdi-150-cv-dsg-scr-r-l-macerata-659403847.htm
Volkswagen Golf GTI 2.0 TSI PERFORMANCE,24900,Usato,01/2023,34000 Km,Benzina,Manuale,Euro 6,Rivoli,TO,Rivenditore,https://www.subito.it/auto/volkswagen-golf-gti-2-0-tsi-performance-torino-659396172.htm
automobili,12000,Usato,05/2024,90000 Km,Benzina,Manuale,Euro 6e,Rovigo,RO,Privato,https://www.subito.it/auto/automobili-rovigo-659395707.htm
VOLKSWAGEN GOLF 8.5 2.0 TDI SCR 116 CV EDITION PLU,21900,Usato,06/2024,49600 Km,Diesel,Manuale,Euro 6,Quinzano d'Oglio,BS,Rivenditore,https://www.subito.it/auto/volkswagen-golf-8-5-2-0-tdi-scr-116-cv-edition-plu-brescia-659390049.htm
Volkswagen Golf 2.0 TDI 150CV DSG Life,19900,Usato,11/2022,79604 Km,Diesel,Automatico,Euro 6,Orta Nova,FG,Rivenditore,https://www.subito.it/auto/volkswagen-golf-2-0-tdi-150cv-dsg-life-foggia-659391565.htm
Golf 8,16000,Usato,02/2022,143689 Km,Diesel,Manuale,Euro 6d-TEMP,Reggio di Calabria,RC,Privato,https://www.subito.it/auto/golf-8-reggio-calabria-659371654.htm
Volkswagen Golf 2.0 TDI 115 CV SCR Life,16900,Usato,06/2022,150000 Km,Diesel,Manuale,Euro 6,Argelato,BO,Rivenditore,https://www.subito.it/auto/volkswagen-golf-2-0-tdi-115-cv-scr-life-bologna-659340791.htm
GOLF 8 2.0 TDI *AUTOMATICA* 116CV,16500,Usato,07/2021,95000 Km,Diesel,Sequenziale,Euro 6d-TEMP,Castel Volturno,CE,Privato,https://www.subito.it/auto/golf-8-2-0-tdi-automatica-116cv-caserta-659329826.htm
VOLKSWAGEN Golf 1.0 eTSI EVO DSG Life!!!!,19000,Usato,02/2023,94130 Km,Ibrida,Sequenziale,Euro 6,Savignano sul Rubicone,FC,Rivenditore,https://www.subito.it/auto/volkswagen-golf-1-0-etsi-evo-dsg-life-forli-cesena-659320898.htm
Golf 8 TDI 2.0 150cv,17300,Usato,06/2022,150000 Km,Diesel,Sequenziale,Euro 6d-TEMP,Brembate,BG,Privato,https://www.subito.it/auto/golf-8-tdi-2-0-150cv-bergamo-659320849.htm
VOLKSWAGEN Golf Variant 2.0 TDI 150 CV DSG SCR S,17500,Usato,03/2022,112000 Km,Diesel,Sequenziale,Euro 6,Treviso,TV,Rivenditore,https://www.subito.it/auto/volkswagen-golf-variant-2-0-tdi-150-cv-dsg-scr-s-treviso-659319561.htm
Golf 8,19500,Usato,10/2023,120000 Km,Diesel,Sequenziale,Euro 6d-TEMP,Siderno,RC,Privato,https://www.subito.it/auto/golf-8-reggio-calabria-659318506.htm
Volkswagen Golf Variant 2.0 TDI SCR R-Line DSG,16800,Usato,06/2022,159763 Km,Diesel,Automatico,Euro 6d-TEMP,Bologna,BO,Rivenditore,https://www.subito.it/auto/volkswagen-golf-variant-2-0-tdi-scr-r-line-dsg-bologna-659317698.htm
Volkswagen Golf 2.0 tdi Life 115cv,17790,Usato,05/2021,107530 Km,Diesel,Manuale,Euro 6,Ferrara,FE,Rivenditore,https://www.subito.it/auto/volkswagen-golf-2-0-tdi-life-115cv-ferrara-659317628.htm
Golf 7.5 R,29500,Usato,11/2023,80000 Km,Benzina,Sequenziale,Euro 6d-TEMP,Torino,TO,Privato,https://www.subito.it/auto/golf-7-5-r-torino-659300512.htm
Golf 8,19500,Usato,07/2021,132000 Km,Diesel,Automatico,Euro 6a,Colfelice,FR,Privato,https://www.subito.it/auto/golf-8-frosinone-659299889.htm
VOLKSWAGEN Golf 2.0 TDI DSG SCR Life,16000,Usato,09/2021,138000 Km,Diesel,Sequenziale,Euro 6d-TEMP,Casina,RE,Privato,https://www.subito.it/auto/volkswagen-golf-2-0-tdi-dsg-scr-life-reggio-emilia-659295873.htm
Auto automatica,4000,Usato,08/2026,200000 Km,Benzina,Automatico,Euro 5,Forli',FC,Privato,https://www.subito.it/auto/auto-automatica-forli-cesena-659288209.htm
VOLKSWAGEN GOLF 8.5 etsi 115cv edition plus,24000,Usato,06/2024,40085 Km,Mild Hybrid Benzina,Sequenziale,Euro 6d-TEMP,Udine,UD,Privato,https://www.subito.it/auto/volkswagen-golf-8-5-etsi-115cv-edition-plus-udine-659273971.htm
Volkswagen Golf 2.0 TDI 115 CV SCR Life,19999,Usato,12/2021,43000 Km,Diesel,Manuale,Euro 6,Reggio nell'Emilia,RE,Rivenditore,https://www.subito.it/auto/volkswagen-golf-2-0-tdi-115-cv-scr-life-reggio-emilia-659263584.htm
Volkswagen Golf 1.5 TSI 150 CV R-Line,25299,Usato,03/2022,48000 Km,Benzina,Automatico,Euro 6,Reggio nell'Emilia,RE,Rivenditore,https://www.subito.it/auto/volkswagen-golf-1-5-tsi-150-cv-r-line-reggio-emilia-659263570.htm
Volkswagen Golf Variant 2.0 TDI 150 CV DSG SCR Sty,21999,Usato,09/2022,49000 Km,Diesel,Automatico,Euro 6,Reggio nell'Emilia,RE,Rivenditore,https://www.subito.it/auto/volkswagen-golf-variant-2-0-tdi-150-cv-dsg-scr-sty-reggio-emilia-659263559.htm
Volkswagen Golf VIII 2020 Diesel 2.0 tdi Styl...,24900,Usato,06/2023,42983 Km,Diesel,Manuale,Euro 6,Rimini,RN,Rivenditore,https://www.subito.it/auto/volkswagen-golf-viii-2020-diesel-2-0-tdi-styl-rimini-659248908.htm
Volkswagen Golf VIII 2020 Diesel 2.0 tdi Styl...,24900,Usato,06/2023,42983 Km,Diesel,Manuale,Euro 6,Rimini,RN,Rivenditore,https://www.subito.it/auto/volkswagen-golf-viii-2020-diesel-2-0-tdi-styl-rimini-659247477.htm
Volkswagen Golf VIII 2020 Diesel 2.0 tdi Styl...,24900,Usato,06/2023,42983 Km,Diesel,Manuale,Euro 6,Rimini,RN,Rivenditore,https://www.subito.it/auto/volkswagen-golf-viii-2020-diesel-2-0-tdi-styl-rimini-659247417.htm
Volkswagen Golf 8 1.5 etsi Life 130cv dsg,23990,Km0,07/2021,,Altro,Automatico,Euro 6,Gallarate,VA,Rivenditore,https://www.subito.it/auto/volkswagen-golf-8-1-5-etsi-life-130cv-dsg-varese-659236704.htm
VendoGolf VIII Diesel 115 CV cambio DSG,21500,Usato,01/2023,84000 Km,Diesel,Sequenziale,Euro 6d-TEMP,Roma,RM,Privato,https://www.subito.it/auto/vendogolf-viii-diesel-115-cv-cambio-dsg-roma-659228663.htm
Golf 8 pari al nuovo,25000,Usato,02/2021,72000 Km,Diesel,Automatico,Euro 6d-TEMP,San Vero Milis,OR,Privato,https://www.subito.it/auto/golf-8-pari-al-nuovo-oristano-638663252.htm
Golf 8,16500,Usato,09/2024,151420 Km,Diesel,Manuale,Euro 6d-TEMP,Torrice,FR,Privato,https://www.subito.it/auto/golf-8-frosinone-659176343.htm
GOLF 8TSI-GTI DSG 2021,25900,Usato,03/2024,90000 Km,Benzina,Sequenziale,Euro 6d-TEMP,Lodi,LO,Privato,https://www.subito.it/auto/golf-8tsi-gti-dsg-2021-lodi-659168831.htm
golf 6 ,4500,Usato,06/2025,164000 Km,Diesel,Manuale,Euro 5,Marsala,TP,Privato,https://www.subito.it/auto/golf-6-trapani-659130934.htm
"Golf gti 7,5",27500,Usato,03/2023,58000 Km,Benzina,Sequenziale,Euro 6d-TEMP,Capo d'Orlando,ME,Privato,https://www.subito.it/auto/golf-gti-7-5-messina-659123073.htm
Golf gtd 200 cv,25000,Usato,07/2021,130500 Km,Diesel,Sequenziale,Euro 6d-TEMP,Favara,AG,Privato,https://www.subito.it/auto/golf-gtd-200-cv-agrigento-659093410.htm
Golf 8 gtd 200cv,23000,Usato,07/2021,131000 Km,Diesel,Sequenziale,Euro 6d-TEMP,Palermo,PA,Privato,https://www.subito.it/auto/golf-8-gtd-200cv-palermo-659091816.htm
Volkswagen Golf GTI 2.0 TSI DSG TETTO APRIBILE,27900,Usato,05/2021,80000 Km,Benzina,Automatico,Euro 6,Siderno,RC,Rivenditore,https://www.subito.it/auto/volkswagen-golf-gti-2-0-tsi-dsg-tetto-apribile-reggio-calabria-659087585.htm
VOLKSWAGEN Golf Variant DW64373,15699,Usato,07/2021,101883 Km,Diesel,Automatico,Euro 6,Sassari,SS,Rivenditore,https://www.subito.it/auto/volkswagen-golf-variant-dw64373-sassari-659064498.htm
VOLKSWAGEN Golf Variant DW64373,15699,Usato,07/2021,101883 Km,Diesel,Automatico,Euro 6,Bari,BA,Rivenditore,https://www.subito.it/auto/volkswagen-golf-variant-dw64373-bari-659062605.htm
VOLKSWAGEN Golf Variant DW64373,15699,Usato,07/2021,101883 Km,Diesel,Automatico,Euro 6,Catania,CT,Rivenditore,https://www.subito.it/auto/volkswagen-golf-variant-dw64373-catania-659062322.htm
VOLKSWAGEN Golf WW57508,29599,Usato,01/2024,22641 Km,Benzina,Automatico,Euro 6,Palermo,PA,Rivenditore,https://www.subito.it/auto/volkswagen-golf-ww57508-palermo-659062191.htm
VOLKSWAGEN Golf Variant DW64373,15699,Usato,07/2021,101883 Km,Diesel,Automatico,Euro 6,Bologna,BO,Rivenditore,https://www.subito.it/auto/volkswagen-golf-variant-dw64373-bologna-659062162.htm
VOLKSWAGEN Golf BB82874,20499,Usato,07/2023,78717 Km,Diesel,Manuale,Euro 6,Bari,BA,Rivenditore,https://www.subito.it/auto/volkswagen-golf-bb82874-bari-659061978.htm
VOLKSWAGEN Golf WW57508,29599,Usato,01/2024,22641 Km,Benzina,Automatico,Euro 6,Catania,CT,Rivenditore,https://www.subito.it/auto/volkswagen-golf-ww57508-catania-659061811.htm
VOLKSWAGEN Golf BB82874,20499,Usato,07/2023,78717 Km,Diesel,Manuale,Euro 6,Milano,MI,Rivenditore,https://www.subito.it/auto/volkswagen-golf-bb82874-milano-659061457.htm
VOLKSWAGEN Golf BB82874,20499,Usato,07/2023,78717 Km,Diesel,Manuale,Euro 6,Palermo,PA,Rivenditore,https://www.subito.it/auto/volkswagen-golf-bb82874-palermo-659061156.htm
VOLKSWAGEN Golf 2.0 TDI SCR Style,20499,Usato,07/2023,78717 Km,Diesel,Manuale,Euro 6,Casagiove,CE,Rivenditore,https://www.subito.it/auto/volkswagen-golf-2-0-tdi-scr-style-caserta-659060525.htm
Volkswagen Golf 2.0 tdi life 115cv dsg,23990,Usato,04/2024,36387 Km,Diesel,Automatico,Euro 6d-TEMP,Venezia,VE,Rivenditore,https://www.subito.it/auto/volkswagen-golf-2-0-tdi-life-115cv-dsg-venezia-659057045.htm
golf 5 gti ,12000,Usato,04/2024,106000 Km,Benzina,Manuale,Euro 4,Citerna,PG,Privato,https://www.subito.it/auto/golf-5-gti-perugia-659031882.htm
Volkswagen Golf 1.4 Plug-In Hybrid DSG GTE,26990,Usato,10/2022,46000 Km,Mild Hybrid Benzina,Automatico,Euro 6,Milano,MI,Rivenditore,https://www.subito.it/auto/volkswagen-golf-1-4-plug-in-hybrid-dsg-gte-milano-658992859.htm
Volkswagen Golf 2.0 TDI 150 CV DSG SCR Style,22900,Usato,01/2022,78000 Km,Diesel,Sequenziale,Euro 6,Prato,PO,Rivenditore,https://www.subito.it/auto/volkswagen-golf-2-0-tdi-150-cv-dsg-scr-style-prato-658988072.htm
Golf tcr,28500,Usato,12/2022,93000 Km,Benzina,Sequenziale,Euro 6d-TEMP,Torino,TO,Privato,https://www.subito.it/auto/golf-tcr-torino-658969703.htm
VW GOLF VIII HYBRID,18700,Usato,05/2021,93000 Km,Mild Hybrid Benzina,Sequenziale,Euro 6d-TEMP,Milano,MI,Privato,https://www.subito.it/auto/vw-golf-viii-hybrid-milano-658948120.htm
VOLKSWAGEN Golf 1.0 eTSI EVO DSG Life,20500,Usato,03/2023,18000 Km,Ibrida,Automatico,Euro 6,Roma,RM,Rivenditore,https://www.subito.it/auto/volkswagen-golf-1-0-etsi-evo-dsg-life-roma-658919861.htm
VOLKSWAGEN Golf 1.0 eTSI EVO DSG Life,19500,Usato,01/2023,45000 Km,Ibrida,Automatico,Euro 6,Roma,RM,Rivenditore,https://www.subito.it/auto/volkswagen-golf-1-0-etsi-evo-dsg-life-roma-658919527.htm
vw golf 8,21000,Usato,03/2022,68300 Km,Diesel,Automatico,Euro 6d-TEMP,Roma,RM,Privato,https://www.subito.it/auto/vw-golf-8-roma-658907093.htm
Volkswagen Golf 2.0 TDI SCR 110KW Edition Plu...,26900,Usato,01/2025,23280 Km,Diesel,Automatico,Euro 6d-TEMP,Bologna,BO,Rivenditore,https://www.subito.it/auto/volkswagen-golf-2-0-tdi-scr-110kw-edition-plu-bologna-649654413.htm
Golf 8 2.0 TDI DSG Life 116 CV – 79.000 km – 2021,19990,Usato,04/2021,79000 Km,Diesel,Sequenziale,Euro 6d-TEMP,Brescia,BS,Privato,https://www.subito.it/auto/golf-8-2-0-tdi-dsg-life-116-cv-79-000-km-2021-brescia-658860073.htm
Golf 8 style,20500,Usato,06/2021,58000 Km,Mild Hybrid Benzina,Automatico,Euro 6d-TEMP,Bari,BA,Privato,https://www.subito.it/auto/golf-8-style-bari-658856303.htm
Volkswagen Golf 2.0 TDI SCR 110KW Style DSG,26900,Usato,03/2025,23398 Km,Diesel,Automatico,Euro 6d-TEMP,Bologna,BO,Rivenditore,https://www.subito.it/auto/volkswagen-golf-2-0-tdi-scr-110kw-style-dsg-bologna-649654374.htm
Golf GTI 7.5 performance,30000,Usato,05/2023,32000 Km,Benzina,Automatico,Euro 6d,Roma,RM,Privato,https://www.subito.it/auto/golf-gti-7-5-performance-roma-658790612.htm
Volkswagen Golf 8 GTD 2.0 TDI DSG Tagliandata VW,26000,Usato,01/2021,105000 Km,Diesel,Sequenziale,Euro 6d-TEMP,Treviso,TV,Privato,https://www.subito.it/auto/volkswagen-golf-8-gtd-2-0-tdi-dsg-tagliandata-vw-treviso-658790039.htm
Volkswagen Golf GTI  2.0 TSI 245 CV DSG ,26950,Usato,11/2023,79000 Km,Benzina,Sequenziale,Euro 6d-TEMP,Firenze,FI,Privato,https://www.subito.it/auto/volkswagen-golf-gti-2-0-tsi-245-cv-dsg-firenze-658787456.htm
Golf 2.0 TDI DSG 115 CV SCR Life,16800,Usato,11/2022,133000 Km,Diesel,Automatico,Euro 6,Forlimpopoli,FC,Rivenditore,https://www.subito.it/auto/golf-2-0-tdi-dsg-115-cv-scr-life-forli-cesena-658767781.htm
Volkswagen Golf 1.5 tgi Style 130cv,19990,Usato,10/2022,65000 Km,Benzina/Metano,Manuale,Euro 6d,Massafra,TA,Rivenditore,https://www.subito.it/auto/volkswagen-golf-1-5-tgi-style-130cv-taranto-658762696.htm
Volkswagen Golf 2.0 TDI 115 CV Life 2022,19000,Usato,01/2022,126000 Km,Diesel,Manuale,Euro 6,Palomonte,SA,Rivenditore,https://www.subito.it/auto/volkswagen-golf-2-0-tdi-115-cv-life-2022-salerno-658761065.htm
Golf 7 Gti performance 230cv,17000,Usato,04/2026,148000 Km,Benzina,Sequenziale,Euro 6b,Cosenza,CS,Privato,https://www.subito.it/auto/golf-7-gti-performance-230cv-cosenza-658699966.htm
VW Golf 8 serie,18000,Usato,06/2022,132000 Km,Diesel,Sequenziale,Euro 6d-TEMP,Conegliano,TV,Privato,https://www.subito.it/auto/vw-golf-8-serie-treviso-658692310.htm
Volkswagen Golf Life DSG BR349205 1.0 Mild Hybrid ,15890,Usato,02/2023,66656 Km,Mild Hybrid Benzina,Automatico,,Reggio nell'Emilia,RE,Rivenditore,https://www.subito.it/auto/volkswagen-golf-life-dsg-br349205-1-0-mild-hybrid-reggio-emilia-658686303.htm
Volkswagen Golf Life DSG BR349205 1.0 Mild Hybrid ,15890,Usato,02/2023,66656 Km,Mild Hybrid Benzina,Automatico,,Cinisello Balsamo,MI,Rivenditore,https://www.subito.it/auto/volkswagen-golf-life-dsg-br349205-1-0-mild-hybrid-milano-658675932.htm
EURO 16.500 Volkswagen Golf VIII 2022 2.0 TDI,16500,Usato,10/2022,124579 Km,Diesel,Manuale,Euro 6d-TEMP,Grosseto,GR,Rivenditore,https://www.subito.it/auto/euro-16-500-volkswagen-golf-viii-2022-2-0-tdi-grosseto-658657231.htm
Volkswagen Golf 2.0 TDI 150 CV DSG SCR Style,26950,Usato,02/2025,24261 Km,Diesel,Automatico,Euro 6d-TEMP,Bologna,BO,Rivenditore,https://www.subito.it/auto/volkswagen-golf-2-0-tdi-150-cv-dsg-scr-style-bologna-653028642.htm
Volkswagen Golf 2.0 TDI 115 CV SCR Life,23750,Usato,02/2025,14816 Km,Diesel,Manuale,Euro 6d-TEMP,Bologna,BO,Rivenditore,https://www.subito.it/auto/volkswagen-golf-2-0-tdi-115-cv-scr-life-bologna-649654392.htm
Golf 8 eTsi 150cv r-line,28500,Usato,04/2024,35000 Km,Mild Hybrid Benzina,Sequenziale,Euro 6d-TEMP,Costabissara,VI,Privato,https://www.subito.it/auto/golf-8-etsi-150cv-r-line-vicenza-655984465.htm
Volkswagen Golf 2.0 TDI SCR Style,16300,Usato,03/2022,139000 Km,Diesel,Manuale,Euro 6,Martano,LE,Rivenditore,https://www.subito.it/auto/volkswagen-golf-2-0-tdi-scr-style-lecce-658604284.htm
Volkswagen Golf 2.0 TDI SCR 110KW Style DSG,26850,Usato,02/2025,28833 Km,Diesel,Automatico,Euro 6d-TEMP,Bologna,BO,Rivenditore,https://www.subito.it/auto/volkswagen-golf-2-0-tdi-scr-110kw-style-dsg-bologna-649647994.htm
GOLF 8 1.4 E- HYBRID 204CV,17500,Usato,01/2021,96000 Km,Plug-in Hybrid Benzina,Sequenziale,Euro 6d-TEMP,Olbia,OT,Privato,https://www.subito.it/auto/golf-8-1-4-e-hybrid-204cv-gallura-655363615.htm
Volkswagen Golf 1.5 TSI 150 CV ACT Style,29500,Usato,07/2025,24700 Km,Benzina,Manuale,Euro 6,Sonico,BS,Rivenditore,https://www.subito.it/auto/volkswagen-golf-1-5-tsi-150-cv-act-style-brescia-658584854.htm
Golf 8 Diesel DSG,15700,Usato,04/2021,140000 Km,Diesel,Automatico,Euro 6d,Montagnana,PD,Privato,https://www.subito.it/auto/golf-8-diesel-dsg-padova-639389499.htm
GOLF 8,19900,Usato,12/2022,102000 Km,Diesel,Manuale,Euro 6d-TEMP,San Salvo,CH,Privato,https://www.subito.it/auto/golf-8-chieti-658531493.htm
Volkswagen Golf 2.0 TDI SCR Life,23450,Usato,02/2025,19566 Km,Diesel,Manuale,Euro 6d-TEMP,Bologna,BO,Rivenditore,https://www.subito.it/auto/volkswagen-golf-2-0-tdi-scr-life-bologna-649643605.htm
VOLKSWAGEN Golf 8.5 2.0TDI DSG STYLE *SENZA VINC,26800,Usato,03/2025,19800 Km,Diesel,Automatico,Euro 6,Rovato,BS,Rivenditore,https://www.subito.it/auto/volkswagen-golf-8-5-2-0tdi-dsg-style-senza-vinc-brescia-658520673.htm
Volkswagen Golf 1.0 TSI EVO Life,18900,Usato,07/2022,26700 Km,Benzina,Manuale,Euro 6,Villacidro,VS,Rivenditore,https://www.subito.it/auto/volkswagen-golf-1-0-tsi-evo-life-medio-campidano-658499556.htm
Volkswagen Golf 2.0 TDI SCR Edition Plus,25450,Usato,02/2025,14850 Km,Diesel,Manuale,Euro 6d-TEMP,Bologna,BO,Rivenditore,https://www.subito.it/auto/volkswagen-golf-2-0-tdi-scr-edition-plus-bologna-649646045.htm
VOLKSWAGEN Golf 2.0 TDI DSG GTD,28990,Usato,02/2021,107746 Km,Diesel,Automatico,Euro 6,Torino,TO,Rivenditore,https://www.subito.it/auto/volkswagen-golf-2-0-tdi-dsg-gtd-torino-658456708.htm
Volkswagen Golf 1.0 eTSI EVO DSG Life,15200,Usato,11/2021,110000 Km,Mild Hybrid Benzina,Automatico,Euro 6,San Cesareo,RM,Rivenditore,https://www.subito.it/auto/volkswagen-golf-1-0-etsi-evo-dsg-life-roma-658431057.htm
Volkswagen Golf 2.0 TDI DSG GTD,28900,Usato,02/2022,68169 Km,Diesel,Sequenziale,Euro 6,Rimini,RN,Rivenditore,https://www.subito.it/auto/volkswagen-golf-2-0-tdi-dsg-gtd-rimini-658398911.htm
Volkswagen Golf 2.0 TDI DSG SCR Style,23600,Usato,03/2022,75423 Km,Diesel,Sequenziale,Euro 6,Rimini,RN,Rivenditore,https://www.subito.it/auto/volkswagen-golf-2-0-tdi-dsg-scr-style-rimini-658378714.htm
Wolkswagen Taigo 1.5 cc 150 cv  R-line Plus,26500,Usato,09/2025,26000 Km,Benzina,Automatico,Euro 6d,Lecce,LE,Privato,https://www.subito.it/auto/wolkswagen-taigo-1-5-cc-150-cv-r-line-plus-lecce-658364698.htm
Volkswagen Golf 2.0 TDI SCR Style Tetto apribile,16500,Usato,01/2023,236051 Km,Diesel,Manuale,Euro 6,Chiari,BS,Rivenditore,https://www.subito.it/auto/volkswagen-golf-2-0-tdi-scr-style-tetto-apribile-brescia-658312664.htm
Golf 8,21500,Usato,01/2022,50000 Km,Mild Hybrid Benzina,Sequenziale,Euro 6d-TEMP,Urago d'Oglio,BS,Privato,https://www.subito.it/auto/golf-8-brescia-658308704.htm
Golf gti TCR,25000,Usato,07/2022,80000 Km,Benzina,Sequenziale,Euro 6d-TEMP,Pomezia,RM,Privato,https://www.subito.it/auto/golf-gti-tcr-roma-657277655.htm
VOLKSWAGEN GOLF 8 2.0 TDI 116 CV DSG STYLE + MATRI,21900,Usato,04/2023,64600 Km,Diesel,Automatico,Euro 6,Quinzano d'Oglio,BS,Rivenditore,https://www.subito.it/auto/volkswagen-golf-8-2-0-tdi-116-cv-dsg-style-matri-brescia-658295595.htm
Volkswagen Golf 1.0 TSI EVO Life,13500,Usato,09/2021,208461 Km,Benzina,Sequenziale,Euro 6,Villa Literno,CE,Rivenditore,https://www.subito.it/auto/volkswagen-golf-1-0-tsi-evo-life-caserta-658293756.htm
Golf 8 R-Line 1.5 etsi 150 CV - DSG,23500,Usato,04/2021,82000 Km,Mild Hybrid Benzina,Automatico,Euro 6d-TEMP,Padova,PD,Privato,https://www.subito.it/auto/golf-8-r-line-1-5-etsi-150-cv-dsg-padova-658289188.htm
Golf 7 Gti Clubsport 40’ anniversario,26500,Usato,02/2021,75000 Km,Benzina,Sequenziale,Euro 6,Ghiffa,VB,Privato,https://www.subito.it/auto/golf-7-gti-clubsport-40-anniversario-verbano-cusio-ossola-658283596.htm
VW Golf VIII 2020 1.5 etsi evo R-Line 150cv dsg,26000,Usato,01/2022,80800 Km,Mild Hybrid Benzina,Automatico,Euro 6e,Borgo Lares,TN,Privato,https://www.subito.it/auto/vw-golf-viii-2020-1-5-etsi-evo-r-line-150cv-dsg-trento-658271227.htm
Golf gti,25500,Usato,07/2021,66000 Km,Benzina,Automatico,Euro 6d-TEMP,Modena,MO,Privato,https://www.subito.it/auto/golf-gti-modena-658221932.htm
VOLKSWAGEN Golf 1.5 TSI 150 CV EVO ACT R-Line,23000,Usato,03/2021,67000 Km,Benzina,Manuale,Euro 6d-TEMP,Grugliasco,TO,Rivenditore,https://www.subito.it/auto/volkswagen-golf-1-5-tsi-150-cv-evo-act-r-line-torino-658216828.htm
Volkswagen Golf 2.0 TDI 150 CV DSG SCR Style,29900,Usato,03/2025,20700 Km,Diesel,Sequenziale,Euro 6,Valdidentro,SO,Rivenditore,https://www.subito.it/auto/volkswagen-golf-2-0-tdi-150-cv-dsg-scr-style-sondrio-658216737.htm
VOLKSWAGEN Golf 2.0 TSI GTI,29599,Usato,01/2024,22641 Km,Benzina,Automatico,Euro 6,Casagiove,CE,Rivenditore,https://www.subito.it/auto/volkswagen-golf-2-0-tsi-gti-caserta-658207286.htm
Golf 8 GTI Stage 3,27000,Usato,07/2021,120000 Km,Benzina,Automatico,Euro 6d-TEMP,Laterza,TA,Privato,https://www.subito.it/auto/golf-8-gti-stage-3-taranto-648101047.htm
Volkswagen Golf gti performance,25000,Usato,10/2021,46000 Km,Benzina,Manuale,Euro 6d-TEMP,Carcare,SV,Privato,https://www.subito.it/auto/volkswagen-golf-gti-performance-savona-658187324.htm
Volkswagen Golf Variant 2.0 TDI Life DSG - LEGGI,13990,Usato,05/2021,190000 Km,Diesel,Sequenziale,Euro 6d-TEMP,Varese,VA,Privato,https://www.subito.it/auto/volkswagen-golf-variant-2-0-tdi-life-dsg-leggi-varese-658164973.htm
Volkswagen Golf  8 1.0 eTSI Mild Hybrid,20500,Usato,12/2021,93000 Km,Mild Hybrid Benzina,Automatico,Euro 6d-TEMP,Mola di Bari,BA,Privato,https://www.subito.it/auto/volkswagen-golf-8-1-0-etsi-mild-hybrid-bari-658163018.htm
Volkswagen Golf 2.0 TDI 115 CV SCR Life,21500,Usato,01/2023,110000 Km,Diesel,Automatico,Euro 6,Calatafimi-Segesta,TP,Rivenditore,https://www.subito.it/auto/volkswagen-golf-2-0-tdi-115-cv-scr-life-trapani-658160584.htm
Volkswagen Golf Variant 1.5 TSI EVO ACT Life,18300,Usato,05/2021,53240 Km,Benzina,Manuale,Euro 6,Pisa,PI,Rivenditore,https://www.subito.it/auto/volkswagen-golf-variant-1-5-tsi-evo-act-life-pisa-658160484.htm
Volkswagen Golf 2.0 TDI SCR Style,17500,Usato,02/2022,171000 Km,Diesel,Manuale,Euro 6,Rapallo,GE,Rivenditore,https://www.subito.it/auto/volkswagen-golf-2-0-tdi-scr-style-genova-658159794.htm
Golf gti 7.5 performance,25500,Usato,07/2025,75000 Km,Benzina,Manuale,Euro 6d-TEMP,Rivalta di Torino,TO,Privato,https://www.subito.it/auto/golf-gti-7-5-performance-torino-658135286.htm
Volkswagen Golf VIII GTI,27450,Usato,01/2021,64000 Km,Benzina,Sequenziale,Euro 6d-TEMP,Treviso,TV,Privato,https://www.subito.it/auto/volkswagen-golf-viii-gti-treviso-658134132.htm
Golf 8,14100,Usato,02/2022,162000 Km,Diesel,Sequenziale,Euro 6d-TEMP,Monza,MB,Privato,https://www.subito.it/auto/golf-8-monza-658099254.htm
VOLKSWAGEN Golf EG95278,18699,Usato,01/2021,87835 Km,Diesel,Automatico,Euro 6,Sassari,SS,Rivenditore,https://www.subito.it/auto/volkswagen-golf-eg95278-sassari-658044032.htm
Volkswagen Golf 1.0 TSI EVO Life DSG,19900,Usato,09/2023,45000 Km,Benzina,Automatico,Euro 6,Reggio nell'Emilia,RE,Rivenditore,https://www.subito.it/auto/volkswagen-golf-1-0-tsi-evo-life-dsg-reggio-emilia-635540688.htm
Volkswagen Golf 5,4000,Usato,09/2024,211000 Km,Diesel,Manuale,Euro 4,Santeramo in Colle,BA,Privato,https://www.subito.it/auto/volkswagen-golf-5-bari-658032180.htm
Volkswagen Golf 7.5 GTI PERFORMANCE,27000,Usato,11/2022,89300 Km,Benzina,Manuale,Euro 6d-TEMP,Vigevano,PV,Privato,https://www.subito.it/auto/volkswagen-golf-7-5-gti-performance-pavia-657985805.htm
golf 8,16500,Usato,08/2022,100000 Km,Benzina,Manuale,Euro 6d-TEMP,Napoli,NA,Privato,https://www.subito.it/auto/golf-8-napoli-657944320.htm
Volkswagen Golf Variant 1.5 etsi evo Style 130cv d,15990,Usato,05/2021,50000 Km,Ibrida,Automatico,Euro 6,Milano,MI,Rivenditore,https://www.subito.it/auto/volkswagen-golf-variant-1-5-etsi-evo-style-130cv-d-milano-657918090.htm
VOLKSWAGEN Golf VARIANT 2.0 TDI 115 CV LIFE LED,14900,Usato,05/2022,135000 Km,Diesel,Manuale,Euro 6,San Severino Marche,MC,Rivenditore,https://www.subito.it/auto/volkswagen-golf-variant-2-0-tdi-115-cv-life-led-macerata-657914592.htm
VOLKSWAGEN Golf Variant 2.0 TDI 115 CV LIFE LED,14900,Usato,05/2022,135000 Km,Diesel,Manuale,Euro 6,San Severino Marche,MC,Rivenditore,https://www.subito.it/auto/volkswagen-golf-variant-2-0-tdi-115-cv-life-led-macerata-657913112.htm
GOLF 8 GTD,29000,Usato,11/2021,120000 Km,Diesel,Sequenziale,Euro 6d-TEMP,Marano Vicentino,VI,Privato,https://www.subito.it/auto/golf-8-gtd-vicenza-657885790.htm
"Golf 8 1/2, 2024 1.5 TSI Edition Plus 115CV",23200,Usato,07/2024,12500 Km,Benzina,Manuale,Euro 6e,Torino,TO,Privato,https://www.subito.it/auto/golf-8-1-2-2024-1-5-tsi-edition-plus-115cv-torino-657848707.htm
"Golf 7,5",15000,Usato,07/2021,160000 Km,Diesel,Manuale,Euro 5,Ascoli Piceno,AP,Privato,https://www.subito.it/auto/golf-7-5-ascoli-piceno-657830021.htm
VOLKSWAGEN Golf Variant UZ75135,13699,Usato,10/2021,142800 Km,Ibrida,Automatico,Euro 6,Roma,RM,Rivenditore,https://www.subito.it/auto/volkswagen-golf-variant-uz75135-roma-657810375.htm
VOLKSWAGEN Golf WV33793,15499,Usato,06/2021,78316 Km,Ibrida,Automatico,Euro 6,Roma,RM,Rivenditore,https://www.subito.it/auto/volkswagen-golf-wv33793-roma-657810171.htm
"GolfGti7.5performance con aspirazione,scarico,mapp",23900,Usato,06/2021,120000 Km,Benzina,Manuale,Euro 6d-TEMP,Sant'Ambrogio di Valpolicella,VR,Privato,https://www.subito.it/auto/golfgti7-5performance-con-aspirazione-scarico-mapp-verona-657806342.htm
Volkswagen Golf 1.0 tsi evo Life 110cv,16800,Usato,09/2021,81500 Km,Benzina,Manuale,Euro 6d,Alba,CN,Rivenditore,https://www.subito.it/auto/volkswagen-golf-1-0-tsi-evo-life-110cv-cuneo-657793607.htm
Golf 8.5 2.0 tdi 115 edition plus fari matrix,27000,Usato,03/2025,39750 Km,Diesel,Manuale,Euro 6e,Roma,RM,Privato,https://www.subito.it/auto/golf-8-5-2-0-tdi-115-edition-plus-fari-matrix-roma-657658331.htm
Golf 8 GTD,29000,Usato,05/2022,75000 Km,Diesel,Automatico,Euro 6d-TEMP,Sarcedo,VI,Privato,https://www.subito.it/auto/golf-8-gtd-vicenza-657647433.htm
Golf 8 gte,19500,Usato,05/2021,130000 Km,Plug-in Hybrid Benzina,Sequenziale,Euro 6d-TEMP,Castelcovati,BS,Privato,https://www.subito.it/auto/golf-8-gte-brescia-657619987.htm
Volkswagen Golf Life DSG BR428137 1.0 Mild Hybrid ,13990,Usato,11/2022,103644 Km,Mild Hybrid Benzina,Automatico,,Reggio nell'Emilia,RE,Rivenditore,https://www.subito.it/auto/volkswagen-golf-life-dsg-br428137-1-0-mild-hybrid-reggio-emilia-657600726.htm
Golf  serie 8.5 - 1.5 eTsi 115cv Dsg edition plus,26000,Usato,11/2024,25000 Km,Mild Hybrid Benzina,Sequenziale,Euro 6d-TEMP,Varese,VA,Privato,https://www.subito.it/auto/golf-serie-8-5-1-5-etsi-115cv-dsg-edition-plus-varese-657592573.htm
Volkswagen Golf Life DSG BR428137 1.0 Mild Hybrid ,13990,Usato,11/2022,103644 Km,Mild Hybrid Benzina,Automatico,,Cinisello Balsamo,MI,Rivenditore,https://www.subito.it/auto/volkswagen-golf-life-dsg-br428137-1-0-mild-hybrid-milano-657567718.htm
VOLKSWAGEN Golf 2.0 TDI DSG SCR Life,23000,Usato,04/2023,35000 Km,Diesel,Automatico,Euro 6d,Pistoia,PT,Privato,https://www.subito.it/auto/volkswagen-golf-2-0-tdi-dsg-scr-life-pistoia-657437132.htm
Mercedes classe a 180,24500,Usato,10/2021,70000 Km,Diesel,Manuale,Euro 5,Tavernola Bergamasca,BG,Privato,https://www.subito.it/auto/mercedes-classe-a-180-bergamo-657392671.htm
Volkswagen Golf GTI 2.0 TSI DSG PERFORMANCE,29900,Usato,01/2024,21000 Km,Benzina,Automatico,Euro 6,Rivoli,TO,Rivenditore,https://www.subito.it/auto/volkswagen-golf-gti-2-0-tsi-dsg-performance-torino-653974448.htm
Volkswagen Golf 2.0 style,22500,Usato,09/2023,73000 Km,Diesel,Automatico,Euro 6d-TEMP,Villacidro,VS,Privato,https://www.subito.it/auto/volkswagen-golf-2-0-style-medio-campidano-647491617.htm
Golf 2.0 Tdi,18000,Usato,05/2021,145000 Km,Diesel,Manuale,Euro 6d-TEMP,Fosdinovo,MS,Privato,https://www.subito.it/auto/golf-2-0-tdi-massa-carrara-657330849.htm
VW Golf 8 tdi 2000 115 cv del 2021,19500,Usato,03/2021,69000 Km,Diesel,Automatico,Euro 6d,Rubano,PD,Privato,https://www.subito.it/auto/vw-golf-8-tdi-2000-115-cv-del-2021-padova-655525465.htm
Volkswagen Golf GTI 2.0 TSI DSG PERFORMANCE,28900,Usato,10/2023,27000 Km,Benzina,Automatico,Euro 6,Rivoli,TO,Rivenditore,https://www.subito.it/auto/volkswagen-golf-gti-2-0-tsi-dsg-performance-torino-651280996.htm
GOLF VIII automatica 2000 diesel,25000,Usato,04/2021,90000 Km,Diesel,Sequenziale,Euro 6d-TEMP,Grottammare,AP,Privato,https://www.subito.it/auto/golf-viii-automatica-2000-diesel-ascoli-piceno-656804226.htm
Golf 8 1.0 tsi 90cv life evo ,18400,Usato,06/2022,32000 Km,Benzina,Manuale,Euro 6d-TEMP,Gavello,RO,Privato,https://www.subito.it/auto/golf-8-1-0-tsi-90cv-life-evo-rovigo-657290375.htm
VOLKSWAGEN Golf BZ72649,29699,Usato,06/2022,24465 Km,Benzina,Automatico,Euro 6,Bari,BA,Rivenditore,https://www.subito.it/auto/volkswagen-golf-bz72649-bari-657252515.htm
VOLKSWAGEN Golf 2.0 TSI DSG GTI,29699,Usato,06/2022,24465 Km,Benzina,Automatico,Euro 6,Casagiove,CE,Rivenditore,https://www.subito.it/auto/volkswagen-golf-2-0-tsi-dsg-gti-caserta-657252391.htm
Volkswagen Golf GTI 2.0 TSI DSG PERFORMANCE,27900,Usato,12/2023,35000 Km,Benzina,Automatico,Euro 6,Rivoli,TO,Rivenditore,https://www.subito.it/auto/volkswagen-golf-gti-2-0-tsi-dsg-performance-torino-649559843.htm
VOLKSWAGEN Golf BZ72649,29699,Usato,06/2022,24465 Km,Benzina,Automatico,Euro 6,Torino,TO,Rivenditore,https://www.subito.it/auto/volkswagen-golf-bz72649-torino-657214290.htm
VOLKSWAGEN Golf Variant AN23196,21599,Usato,09/2024,25483 Km,Diesel,Automatico,Euro 6,Bologna,BO,Rivenditore,https://www.subito.it/auto/volkswagen-golf-variant-an23196-bologna-657214401.htm
VOLKSWAGEN Golf BZ72649,29699,Usato,06/2022,24465 Km,Benzina,Automatico,Euro 6,Sassari,SS,Rivenditore,https://www.subito.it/auto/volkswagen-golf-bz72649-sassari-657214267.htm
VOLKSWAGEN Golf Variant DW64373,17099,Usato,07/2021,101883 Km,Diesel,Automatico,Euro 6,Torino,TO,Rivenditore,https://www.subito.it/auto/volkswagen-golf-variant-dw64373-torino-657214172.htm
VOLKSWAGEN Golf BZ72649,29699,Usato,06/2022,24465 Km,Benzina,Automatico,Euro 6,Bologna,BO,Rivenditore,https://www.subito.it/auto/volkswagen-golf-bz72649-bologna-657214131.htm
VOLKSWAGEN Golf BZ72649,29699,Usato,06/2022,24465 Km,Benzina,Automatico,Euro 6,Milano,MI,Rivenditore,https://www.subito.it/auto/volkswagen-golf-bz72649-milano-657213024.htm
VOLKSWAGEN Golf BZ72649,29699,Usato,06/2022,24465 Km,Benzina,Automatico,Euro 6,Catania,CT,Rivenditore,https://www.subito.it/auto/volkswagen-golf-bz72649-catania-657213070.htm
VOLKSWAGEN Golf BZ72649,29699,Usato,06/2022,24465 Km,Benzina,Automatico,Euro 6,Cagliari,CA,Rivenditore,https://www.subito.it/auto/volkswagen-golf-bz72649-cagliari-657212878.htm
Volkswagen Golf GTI 2.0 TSI DSG PERFORMANCE,28900,Usato,09/2024,28000 Km,Benzina,Automatico,Euro 6,Rivoli,TO,Rivenditore,https://www.subito.it/auto/volkswagen-golf-gti-2-0-tsi-dsg-performance-torino-652107844.htm
Golf 8,26500,Usato,02/2024,72000 Km,Diesel,Automatico,Euro 6b,Cislago,VA,Privato,https://www.subito.it/auto/golf-8-varese-649905944.htm
VOLKSWAGEN Golf Variant DW64373,17099,Usato,07/2021,101883 Km,Diesel,Automatico,Euro 6,Bologna,BO,Rivenditore,https://www.subito.it/auto/volkswagen-golf-variant-dw64373-bologna-657134541.htm
Golf 7.5 GTD,24000,Usato,10/2025,108000 Km,Diesel,Manuale,Euro 6b,Teramo,TE,Privato,https://www.subito.it/auto/golf-7-5-gtd-teramo-657131535.htm
Volkswagen Golf 8.5 R-Line Plus,30000,Usato,10/2024,42000 Km,Diesel,Sequenziale,Euro 6d-TEMP,Como,CO,Privato,https://www.subito.it/auto/volkswagen-golf-8-5-r-line-plus-como-657116176.htm
Golf 8 GTD,28000,Usato,03/2021,110000 Km,Diesel,Sequenziale,Euro 6d-TEMP,Magomadas,OR,Privato,https://www.subito.it/auto/golf-8-gtd-oristano-657072282.htm
Golf GTD 2.0 tdi DSG,28500,Usato,12/2023,85000 Km,Diesel,Sequenziale,Euro 6d-TEMP,Pratovecchio Stia,AR,Privato,https://www.subito.it/auto/golf-gtd-2-0-tdi-dsg-arezzo-657030709.htm
Volkswagen Golf GTI 2.0 245cv dsg,29200,Usato,05/2023,60000 Km,Benzina,Sequenziale,Euro 6d-TEMP,Bergamo,BG,Privato,https://www.subito.it/auto/volkswagen-golf-gti-2-0-245cv-dsg-bergamo-657022686.htm
VOLKSWAGEN Golf 2.0 TDI DSG GTD,25990,Usato,02/2021,107746 Km,Diesel,Automatico,Euro 6,Torino,TO,Rivenditore,https://www.subito.it/auto/volkswagen-golf-2-0-tdi-dsg-gtd-torino-656946850.htm
Volkswagen Golf Variant Variant Life BR817704 2.0 ,12690,Usato,04/2023,100345 Km,Diesel,Manuale,,Reggio nell'Emilia,RE,Rivenditore,https://www.subito.it/auto/volkswagen-golf-variant-variant-life-br817704-2-0-reggio-emilia-656945245.htm
Volkswagen Golf Variant Variant Life BR817704 2.0 ,12690,Usato,04/2023,100345 Km,Diesel,Manuale,,Cinisello Balsamo,MI,Rivenditore,https://www.subito.it/auto/volkswagen-golf-variant-variant-life-br817704-2-0-milano-656943768.htm
golf 6 ,9000,Usato,12/2023,265000 Km,Diesel,Manuale,Euro 5,San Zenone degli Ezzelini,TV,Privato,https://www.subito.it/auto/golf-6-treviso-656914839.htm
Volkswagen Golf 8 R-Line 2.0 TDI 150 CV DSG Full O,25900,Usato,04/2022,91500 Km,Diesel,Sequenziale,Euro 6d-TEMP,Castelfiorentino,FI,Privato,https://www.subito.it/auto/volkswagen-golf-8-r-line-2-0-tdi-150-cv-dsg-full-o-firenze-656905703.htm
VOLKSWAGEN Golf EG95278,19499,Usato,01/2021,87835 Km,Diesel,Automatico,Euro 6,Firenze,FI,Rivenditore,https://www.subito.it/auto/volkswagen-golf-eg95278-firenze-656903048.htm
Golf 8 2.0 tdi 150 cv,19800,Usato,10/2021,88000 Km,Diesel,Sequenziale,Euro 6d-TEMP,Loria,TV,Privato,https://www.subito.it/auto/golf-8-2-0-tdi-150-cv-treviso-656881462.htm
Golf VIII 1.0 etsi evo Life 110cv dsg,19900,Usato,07/2023,51300 Km,Mild Hybrid Benzina,Sequenziale,Euro 6d-TEMP,Thiene,VI,Privato,https://www.subito.it/auto/golf-viii-1-0-etsi-evo-life-110cv-dsg-vicenza-656879582.htm
GOLF 7.5 GTI,25000,Usato,05/2024,66000 Km,Benzina,Sequenziale,Euro 6d-TEMP,Gardone Val Trompia,BS,Privato,https://www.subito.it/auto/golf-7-5-gti-brescia-656848911.htm
Golf 7,5500,Usato,06/2021,198000 Km,Diesel,Manuale,Euro 6,San Stino di Livenza,VE,Privato,https://www.subito.it/auto/golf-7-venezia-656832938.htm
golf  8 1.5  r line come nuova  con 20.000  km,30000,Usato,03/2024,20000 Km,Mild Hybrid Benzina,Sequenziale,Euro 6d-TEMP,San Casciano in Val di Pesa,FI,Privato,https://www.subito.it/auto/golf-8-1-5-r-line-come-nuova-con-20-000-km-firenze-656822657.htm
VOLKSWAGEN Golf 2.0 TDI 115 CV SCR Life,21000,Usato,12/2022,44800 Km,Diesel,Manuale,Euro 6d-TEMP,Roma,RM,Privato,https://www.subito.it/auto/volkswagen-golf-2-0-tdi-115-cv-scr-life-roma-656803737.htm
golf 8 variant,18000,Usato,09/2021,107000 Km,Benzina/Metano,Automatico,Euro 6d-TEMP,Brescia,BS,Privato,https://www.subito.it/auto/golf-8-variant-brescia-656780828.htm
Golf ehybrid 204 cv,20500,Usato,05/2021,110000 Km,Plug-in Hybrid Benzina,Sequenziale,Euro 6d-TEMP,Mezzolombardo,TN,Privato,https://www.subito.it/auto/golf-ehybrid-204-cv-trento-656756317.htm
Volkswagen Golf 8 Automatica Neopatentati,16000,Usato,02/2022,97000 Km,Mild Hybrid Benzina,Automatico,Euro 6,Conselve,PD,Rivenditore,https://www.subito.it/auto/volkswagen-golf-8-automatica-neopatentati-padova-656729611.htm
Golf 8 2022,19450,Usato,02/2022,100000 Km,Diesel,Sequenziale,Euro 6d-TEMP,Serdiana,CA,Privato,https://www.subito.it/auto/golf-8-2022-cagliari-656722860.htm
Golf 8 R Line,29900,Usato,05/2023,35000 Km,Diesel,Sequenziale,Euro 6d-TEMP,Frosinone,FR,Privato,https://www.subito.it/auto/golf-8-r-line-frosinone-656683682.htm
Volkswagen Golf 1.5 Life 130CV,16200,Usato,11/2022,159000 Km,Benzina,Manuale,Euro 6,Forlimpopoli,FC,Rivenditore,https://www.subito.it/auto/volkswagen-golf-1-5-life-130cv-forli-cesena-656674341.htm
Golf 5 GTI,9900,Usato,01/2022,205000 Km,Benzina,Manuale,Euro 4,Salorno,BZ,Privato,https://www.subito.it/auto/golf-5-gti-bolzano-656667155.htm
Golf 8,16200,Usato,05/2021,64000 Km,Mild Hybrid Benzina,Sequenziale,Euro 6d-TEMP,Roma,RM,Privato,https://www.subito.it/auto/golf-8-roma-656644197.htm
VOLKSWAGEN Golf 2.0 TDI 150CV DSG SCR Life,25900,Usato,02/2021,67000 Km,Diesel,Automatico,Euro 6,Cagliari,CA,Rivenditore,https://www.subito.it/auto/volkswagen-golf-2-0-tdi-150cv-dsg-scr-life-cagliari-656628880.htm
"Golf 7 GTD, DSG, 2.0",14000,Usato,07/2023,197000 Km,Diesel,Sequenziale,Euro 6,Fasano,BR,Privato,https://www.subito.it/auto/golf-7-gtd-dsg-2-0-brindisi-656599858.htm
VOLKSWAGEN Golf C. LEGA 18 - KM 55.000 - FULL -,19900,Usato,06/2022,55000 Km,Benzina,Manuale,Euro 6,Castagnole delle Lanze,AT,Rivenditore,https://www.subito.it/auto/volkswagen-golf-c-lega-18-km-55-000-full-asti-656609365.htm
Volkswagen Golf Variant 2.0 TDI SCR 85kW Life DSG,14900,Usato,04/2023,96000 Km,Diesel,Automatico,Euro 6d-TEMP,Fidenza,PR,Rivenditore,https://www.subito.it/auto/volkswagen-golf-variant-2-0-tdi-scr-85kw-life-dsg-parma-656607200.htm
Golf 8 2.0 TDI,19900,Usato,09/2022,102000 Km,Diesel,Automatico,Euro 6d-TEMP,Aprilia,LT,Privato,https://www.subito.it/auto/golf-8-2-0-tdi-latina-656543201.htm
VOLKSWAGEN Golf 1.0 eTSI 14.000 KM EVO DSG LIFE,25500,Usato,05/2024,14800 Km,Ibrida,Automatico,Euro 6,Mirandola,MO,Rivenditore,https://www.subito.it/auto/volkswagen-golf-1-0-etsi-14-000-km-evo-dsg-life-modena-656503665.htm
Volkswagen Golf 2.0 TDI 115 CV SCR Life,21900,Usato,01/2023,119831 Km,Diesel,Manuale,Euro 6d-TEMP,Potenza,PZ,Rivenditore,https://www.subito.it/auto/volkswagen-golf-2-0-tdi-115-cv-scr-life-potenza-656500491.htm
Golf serie 8,15000,Usato,10/2022,90000 Km,Benzina,Manuale,Euro 6d-TEMP,Napoli,NA,Privato,https://www.subito.it/auto/golf-serie-8-napoli-656473898.htm
VOLKSWAGEN Golf 7a serie Variant,9400,Usato,05/2024,169500 Km,Diesel,Manuale,Euro 6b,Canelli,AT,Privato,https://www.subito.it/auto/volkswagen-golf-7a-serie-variant-asti-656396447.htm
Volkswagen Golf e-TSI,24500,Usato,01/2024,59800 Km,Mild Hybrid Benzina,Automatico,Euro 6d-TEMP,Bergamo,BG,Privato,https://www.subito.it/auto/volkswagen-golf-e-tsi-bergamo-656351088.htm
Volkswagen Golf VIII 8 2.0 TDI DSG GTD,29400,Usato,09/2021,124000 Km,Diesel,Sequenziale,Euro 6,Ala' dei Sardi,OT,Rivenditore,https://www.subito.it/auto/volkswagen-golf-viii-8-2-0-tdi-dsg-gtd-gallura-656347760.htm
VOLKSWAGEN Golf 2.0 TDI 115 CV SCR Life,16300,Usato,05/2021,95000 Km,Diesel,Manuale,Euro 6d-TEMP,Cuneo,CN,Rivenditore,https://www.subito.it/auto/volkswagen-golf-2-0-tdi-115-cv-scr-life-cuneo-656340540.htm
Golf serie 7.5 2021 1.0 TSI 115 cv,13500,Usato,11/2021,105000 Km,Benzina,Manuale,Euro 6d-TEMP,Treviso,TV,Privato,https://www.subito.it/auto/golf-serie-7-5-2021-1-0-tsi-115-cv-treviso-656328129.htm
golf  1.5 tsi,18000,Usato,09/2023,10200 Km,Benzina,Manuale,Euro 6d-TEMP,Roma,RM,Privato,https://www.subito.it/auto/golf-1-5-tsi-roma-656294273.htm
Golf r line 130cv,27000,Usato,03/2024,33000 Km,Benzina,Automatico,Euro 6d-TEMP,Carrara,MS,Privato,https://www.subito.it/auto/golf-r-line-130cv-massa-carrara-656273388.htm
Volkswagen Golf 2.0 TDI DSG GTD,28850,Usato,12/2022,74000 Km,Diesel,Automatico,Euro 6,Merano,BZ,Rivenditore,https://www.subito.it/auto/volkswagen-golf-2-0-tdi-dsg-gtd-bolzano-656243096.htm
VOLKSWAGEN GOLF 8 2.0 TDI 115 CV STYLE – 2023,19500,Usato,02/2023,111000 Km,Diesel,Manuale,Euro 6,Ronciglione,VT,Rivenditore,https://www.subito.it/auto/volkswagen-golf-8-2-0-tdi-115-cv-style-2023-viterbo-656182910.htm
Volkswagen golf 6 2.0,6500,Usato,07/2026,240000 Km,Diesel,Manuale,Euro 5,Roccaraso,AQ,Privato,https://www.subito.it/auto/volkswagen-golf-6-2-0-l-aquila-656169238.htm
VOLKSWAGEN Golf JZ58136,22899,Usato,12/2022,30387 Km,Benzina,Manuale,Euro 6,Palermo,PA,Rivenditore,https://www.subito.it/auto/volkswagen-golf-jz58136-palermo-656159670.htm
Volkswagen golf 2.0 TDI SCR Life,22000,Usato,05/2021,98000 Km,Diesel,Manuale,Euro 6,Sassari,SS,Privato,https://www.subito.it/auto/volkswagen-golf-2-0-tdi-scr-life-sassari-656150479.htm
Golf 7.5 Performance 245cv,23000,Usato,02/2023,92500 Km,Benzina,Sequenziale,Euro 6d-TEMP,Monselice,PD,Privato,https://www.subito.it/auto/golf-7-5-performance-245cv-padova-656146008.htm
Golf R Line,25500,Usato,09/2022,37000 Km,Benzina,Manuale,Euro 6d,Bienno,BS,Privato,https://www.subito.it/auto/golf-r-line-brescia-656134416.htm
GOLF 8 venom allestimento gti,25000,Usato,06/2022,90000 Km,Benzina,Manuale,Euro 6e,Foligno,PG,Privato,https://www.subito.it/auto/golf-8-venom-allestimento-gti-perugia-656123170.htm
Golf 8 r line,23900,Usato,07/2022,26000 Km,Benzina,Automatico,Euro 6d,San Secondo Parmense,PR,Privato,https://www.subito.it/auto/golf-8-r-line-parma-656120827.htm
Volkswagen Golf 1.5 TSI eHybrid DSG Style,25900,Usato,09/2025,18000 Km,Mild Hybrid Benzina,Sequenziale,Euro 6,Licata,AG,Rivenditore,https://www.subito.it/auto/volkswagen-golf-1-5-tsi-ehybrid-dsg-style-agrigento-656093871.htm
venndo per una macchina piu' grande ,19500,Usato,08/2024,106449 Km,Diesel,Sequenziale,Euro 6d-TEMP,Marano Vicentino,VI,Privato,https://www.subito.it/auto/venndo-per-una-macchina-piu-grande-vicenza-656073671.htm
Volkswagen Golf 2.0 TDI DSG SCR Style,20450,Usato,12/2022,99000 Km,Diesel,Sequenziale,Euro 6,Orta di Atella,CE,Rivenditore,https://www.subito.it/auto/volkswagen-golf-2-0-tdi-dsg-scr-style-caserta-656038412.htm
VOLKSWAGEN Golf 2.0 tsi gti 245cv,27400,Usato,06/2022,27107 Km,Benzina,Manuale,Euro 6,Limena,PD,Rivenditore,https://www.subito.it/auto/volkswagen-golf-2-0-tsi-gti-245cv-padova-656035795.htm
VW Golf 8 GTE ibrida plug in 245cv Full,25400,Usato,02/2021,89000 Km,Plug-in Hybrid Benzina,Sequenziale,Euro 6d-TEMP,Rho,MI,Privato,https://www.subito.it/auto/vw-golf-8-gte-ibrida-plug-in-245cv-full-milano-656004363.htm
VOLKSWAGEN Golf JZ58136,22899,Usato,12/2022,30387 Km,Benzina,Manuale,Euro 6,Torino,TO,Rivenditore,https://www.subito.it/auto/volkswagen-golf-jz58136-torino-655992718.htm
VOLKSWAGEN Golf JZ58136,22899,Usato,12/2022,30387 Km,Benzina,Manuale,Euro 6,Bologna,BO,Rivenditore,https://www.subito.it/auto/volkswagen-golf-jz58136-bologna-655989489.htm
VOLKSWAGEN Golf WW57508,29599,Usato,01/2024,22641 Km,Benzina,Automatico,Euro 6,Milano,MI,Rivenditore,https://www.subito.it/auto/volkswagen-golf-ww57508-milano-655989390.htm
Volkswagen Golf 1.0 tsi evo DSG 110cv Life,19000,Usato,06/2021,95600 Km,Benzina,Automatico,Euro 6d-TEMP,Bassano del Grappa,VI,Rivenditore,https://www.subito.it/auto/volkswagen-golf-1-0-tsi-evo-dsg-110cv-life-vicenza-655983573.htm
VOLKSWAGEN Golf 2.0 Tdi DSG SCR Style NEOPATENTATI,24800,Usato,04/2025,27000 Km,Diesel,Automatico,Euro 6,Taranto,TA,Rivenditore,https://www.subito.it/auto/volkswagen-golf-2-0-tdi-dsg-scr-style-neopatentati-taranto-653731667.htm
VOLKSWAGEN Golf Variant 1.5 eTSI EVO ACT DSG LIF,18900,Usato,03/2023,52000 Km,Ibrida,Sequenziale,Euro 6,Milano,MI,Rivenditore,https://www.subito.it/auto/volkswagen-golf-variant-1-5-etsi-evo-act-dsg-lif-milano-655888655.htm
VOLKSWAGEN Golf 1.5 TSI EHYBRID DSG EDITION PLUS,13500,Usato,09/2025,15000 Km,Ibrida,Automatico,Euro 6,Megliadino San Vitale,PD,Rivenditore,https://www.subito.it/auto/volkswagen-golf-1-5-tsi-ehybrid-dsg-edition-plus-padova-655886339.htm
Volkswagen Golf 7 GTD,8000,Usato,01/2021,160000 Km,Diesel,Automatico,Euro 6b,Cuneo,CN,Privato,https://www.subito.it/auto/volkswagen-golf-7-gtd-cuneo-655873252.htm
Golf 2.0 TDI,25000,Usato,05/2024,47800 Km,Diesel,Sequenziale,Euro 3,Calderara di Reno,BO,Privato,https://www.subito.it/auto/golf-2-0-tdi-bologna-655846056.htm
Volkswagen Golf 1.5 eTSI EVO ACT 130cv Style DSG,21500,Usato,05/2021,57000 Km,Mild Hybrid Benzina,Automatico,Euro 6,Roma,RM,Rivenditore,https://www.subito.it/auto/volkswagen-golf-1-5-etsi-evo-act-130cv-style-dsg-roma-655749849.htm
"golf 8,5 come nuova",24000,Usato,11/2024,23000 Km,Benzina,Manuale,Euro 6d,Genova,GE,Privato,https://www.subito.it/auto/golf-8-5-come-nuova-genova-655741975.htm
Volkswagen Golf 8 Life 2.0 TDI 116 CV,19500,Usato,01/2021,136000 Km,Diesel,Manuale,Euro 6d-TEMP,Cagliari,CA,Privato,https://www.subito.it/auto/volkswagen-golf-8-life-2-0-tdi-116-cv-cagliari-655710899.htm
Volkswagen Golf 2.0 tdi Style 115cv,15900,Usato,04/2021,202000 Km,Diesel,Manuale,Euro 6,Castellaneta,TA,Rivenditore,https://www.subito.it/auto/volkswagen-golf-2-0-tdi-style-115cv-taranto-655682241.htm
Volkswagen Golf 2.0 tsi GTI 245cv*FORMULA S*,26900,Usato,06/2024,58000 Km,Benzina,Sequenziale,Euro 6d,Collegno,TO,Rivenditore,https://www.subito.it/auto/volkswagen-golf-2-0-tsi-gti-245cv-formula-s-torino-655616373.htm
VOLKSWAGEN Golf 2.0 TDI 115CV SCR LIFE,12300,Usato,11/2024,21000 Km,Diesel,Manuale,Euro 6,Megliadino San Vitale,PD,Rivenditore,https://www.subito.it/auto/volkswagen-golf-2-0-tdi-115cv-scr-life-padova-655612941.htm
"Volkswagen Golf 8 2021 1,5 tsi 130cv Rline",19000,Usato,01/2021,61000 Km,Benzina,Manuale,Euro 6d-TEMP,Carolei,CS,Privato,https://www.subito.it/auto/volkswagen-golf-8-2021-1-5-tsi-130cv-rline-cosenza-655595875.htm
VOLKSWAGEN Golf 2.0 TDI 150 CV DSG GOAL 7-GANG,27900,Usato,07/2025,26800 Km,Diesel,Sequenziale,Euro 6,Vedelago,TV,Rivenditore,https://www.subito.it/auto/volkswagen-golf-2-0-tdi-150-cv-dsg-goal-7-gang-treviso-655550705.htm
Golf R line super equipaggiata,26500,Usato,05/2022,32000 Km,Benzina,Manuale,Euro 6,Lecco,LC,Privato,https://www.subito.it/auto/golf-r-line-super-equipaggiata-lecco-655453658.htm
Golf 8 GTE,19000,Usato,01/2021,100000 Km,Plug-in Hybrid Benzina,Automatico,Euro 6d-TEMP,Bologna,BO,Privato,https://www.subito.it/auto/golf-8-gte-bologna-655428381.htm
VW GOLF VI GTI,11000,Usato,09/2024,198000 Km,Benzina,Sequenziale,Euro 5,Sulmona,AQ,Privato,https://www.subito.it/auto/vw-golf-vi-gti-l-aquila-655395410.htm
Volkswagen Golf 2.0 TDI 115 CV LIFE,21900,Usato,03/2022,81618 Km,Diesel,Manuale,,Carlentini,SR,Rivenditore,https://www.subito.it/auto/volkswagen-golf-2-0-tdi-115-cv-life-siracusa-638437413.htm
Golf 8 hybrid,16000,Usato,01/2021,159000 Km,Mild Hybrid Benzina,Automatico,Euro 6,Torino,TO,Privato,https://www.subito.it/auto/golf-8-hybrid-torino-655380246.htm
Golf GTI,26000,Usato,06/2023,65000 Km,Benzina,Sequenziale,Euro 6d-TEMP,Cavarzere,VE,Privato,https://www.subito.it/auto/golf-gti-venezia-655371066.htm
Golf 8 R line ,3000,Usato,05/2021,60000 Km,Benzina,Manuale,Euro 6d-TEMP,Castelfranco di Sotto,PI,Privato,https://www.subito.it/auto/golf-8-r-line-pisa-655352184.htm
VOLKSWAGEN Golf EG95278,18699,Usato,01/2021,87835 Km,Diesel,Automatico,Euro 6,Bologna,BO,Rivenditore,https://www.subito.it/auto/volkswagen-golf-eg95278-bologna-655332555.htm
Golf 8,16500,Usato,01/2021,170000 Km,Benzina,Automatico,,Bovalino,RC,Privato,https://www.subito.it/auto/golf-8-reggio-calabria-655326322.htm
Golf 8,18000,Usato,12/2021,160000 Km,Diesel,Automatico,Euro 6d-TEMP,Taranto,TA,Privato,https://www.subito.it/auto/golf-8-taranto-655319274.htm
Golf 8 2.0 tdi DSG life,19000,Usato,04/2021,121000 Km,Diesel,Automatico,Euro 6d-TEMP,Alghero,SS,Privato,https://www.subito.it/auto/golf-8-2-0-tdi-dsg-life-sassari-655305546.htm
auto tenuta molto bene,23000,Usato,09/2023,95000 Km,Diesel,Manuale,Euro 6d-TEMP,Treia,MC,Privato,https://www.subito.it/auto/auto-tenuta-molto-bene-macerata-655308213.htm
golf 2.0 tdi,16500,Usato,06/2022,168000 Km,Diesel,Manuale,Euro 6d-TEMP,Pistoia,PT,Rivenditore,https://www.subito.it/auto/golf-2-0-tdi-pistoia-655290771.htm
Golf 8,20500,Usato,03/2021,88000 Km,Mild Hybrid Benzina,Sequenziale,Euro 6d-TEMP,Pomezia,RM,Privato,https://www.subito.it/auto/golf-8-roma-655259531.htm
Volkswagen Golf 2.0 TDI SCR Life,17490,Usato,05/2023,112000 Km,Diesel,Manuale,Euro 6d-TEMP,Marostica,VI,Rivenditore,https://www.subito.it/auto/volkswagen-golf-2-0-tdi-scr-life-vicenza-655187213.htm
Volkswagen Golf 2.0 TSI GTI DSG rossa,29900,Usato,05/2024,37500 Km,Benzina,Sequenziale,Euro 6d-TEMP,Villorba,TV,Privato,https://www.subito.it/auto/volkswagen-golf-2-0-tsi-gti-dsg-rossa-treviso-655181606.htm
VOLKSWAGEN Golf 2.0 TDI 116CV DSG Life #ANCHE NERA,20400,Usato,01/2024,66000 Km,Diesel,Automatico,Euro 6,Martellago,VE,Rivenditore,https://www.subito.it/auto/volkswagen-golf-2-0-tdi-116cv-dsg-life-anche-nera-venezia-655175871.htm
VOLKSWAGEN golf viii 2020 variant Golf Variant 2.0,27134,Km0,01/2024,,Diesel,Automatico,Euro 6,Sala Bolognese,BO,Rivenditore,https://www.subito.it/auto/volkswagen-golf-viii-2020-variant-golf-variant-2-0-bologna-655168026.htm
VOLKSWAGEN golf viii 2020 variant Golf Variant 2.0,27134,Km0,01/2024,,Diesel,Automatico,Euro 6,Roma,RM,Rivenditore,https://www.subito.it/auto/volkswagen-golf-viii-2020-variant-golf-variant-2-0-roma-655167642.htm
Volkswagen Golf 2.0 TDI 150CV DSG Life,19900,Usato,11/2022,79604 Km,Diesel,Automatico,Euro 6,Orta Nova,FG,Rivenditore,https://www.subito.it/auto/volkswagen-golf-2-0-tdi-150cv-dsg-life-foggia-655118978.htm
Golf gti 7.5 performance,25000,Usato,07/2022,81000 Km,Benzina,Sequenziale,Euro 6d-TEMP,Pederobba,TV,Privato,https://www.subito.it/auto/golf-gti-7-5-performance-treviso-655110757.htm
VOLKSWAGEN Golf 2.0 TDI DSG SCR Life,21999,Usato,03/2024,80000 Km,Diesel,Sequenziale,Euro 6d-TEMP,Macerata,MC,Rivenditore,https://www.subito.it/auto/volkswagen-golf-2-0-tdi-dsg-scr-life-macerata-655102693.htm
Volkswagen Golf serie 8,23500,Usato,03/2024,49000 Km,Diesel,Sequenziale,Euro 6d-TEMP,Savigliano,CN,Privato,https://www.subito.it/auto/volkswagen-golf-serie-8-cuneo-655101436.htm
Golf 1.0 TSI EVO life,15500,Usato,06/2021,105000 Km,Benzina,Manuale,Euro 6d-TEMP,Novara,NO,Privato,https://www.subito.it/auto/golf-1-0-tsi-evo-life-novara-655024089.htm
Volkswagen golf 7 gti performance,25000,Usato,03/2021,96000 Km,Benzina,Sequenziale,Euro 6,Vibo Valentia,VV,Privato,https://www.subito.it/auto/volkswagen-golf-7-gti-performance-vibo-valentia-655015948.htm
vw golf 8 1.0 turbo benzina,17000,Usato,05/2021,77000 Km,Benzina,Manuale,Euro 6,Vairano Patenora,CE,Privato,https://www.subito.it/auto/vw-golf-8-1-0-turbo-benzina-caserta-654956255.htm
Volkswagen Golf 2.0 TDI DSG GTD,29990,Usato,11/2021,78778 Km,Diesel,Sequenziale,Euro 6,Tramonti,SA,Rivenditore,https://www.subito.it/auto/volkswagen-golf-2-0-tdi-dsg-gtd-salerno-654939439.htm
Golf 8 GTI,28000,Usato,07/2021,59000 Km,Benzina,Automatico,Euro 6d-TEMP,Roma,RM,Privato,https://www.subito.it/auto/golf-8-gti-roma-654864920.htm
Volkswagen Golf 1.0 eTSI EVO DSG Life,20500,Usato,04/2023,49000 Km,Mild Hybrid Benzina,Sequenziale,Euro 6,Venezia,VE,Rivenditore,https://www.subito.it/auto/volkswagen-golf-1-0-etsi-evo-dsg-life-venezia-654864384.htm
Golf 8 R LINE 1.5 etsi 150cv,29000,Usato,01/2024,21000 Km,Mild Hybrid Benzina,Automatico,Euro 6d,Brescia,BS,Privato,https://www.subito.it/auto/golf-8-r-line-1-5-etsi-150cv-brescia-654850388.htm
Volkswagen Golf 2.0 TDI SCR 85kW Style DSG,20900,Usato,10/2022,107385 Km,Diesel,Automatico,Euro 6,Bologna,BO,Rivenditore,https://www.subito.it/auto/volkswagen-golf-2-0-tdi-scr-85kw-style-dsg-bologna-654776502.htm
Volkswagen Golf Variant 2.0 TDI SCR Goal DSG ...,28500,Usato,04/2025,16800 Km,Diesel,Automatico,Euro 6d-TEMP,Rimini,RN,Rivenditore,https://www.subito.it/auto/volkswagen-golf-variant-2-0-tdi-scr-goal-dsg-rimini-654776379.htm
Volkswagen Golf Variant 1.5 eTSI ACT Life DSG...,24900,Usato,02/2025,27900 Km,Ibrida,Automatico,Euro 6d-TEMP,Rimini,RN,Rivenditore,https://www.subito.it/auto/volkswagen-golf-variant-1-5-etsi-act-life-dsg-rimini-654776319.htm
Volkswagen Golf 2.0 TDI 115 CV SCR Life,24900,Usato,02/2025,31000 Km,Diesel,Manuale,Euro 6,Alvito,FR,Rivenditore,https://www.subito.it/auto/volkswagen-golf-2-0-tdi-115-cv-scr-life-frosinone-654751897.htm
Volkswagen Golf 1.0 TSI EVO Life DSG,19999,Usato,06/2021,37915 Km,Benzina,Automatico,Euro 6,Canosa di Puglia,BT,Rivenditore,https://www.subito.it/auto/volkswagen-golf-1-0-tsi-evo-life-dsg-barletta-andria-trani-654727990.htm
golf 8,24000,Usato,06/2023,44000 Km,Benzina,Manuale,Euro 6d,Sospirolo,BL,Privato,https://www.subito.it/auto/golf-8-belluno-653154417.htm
VOLKSWAGEN GOLF 8 1.5 eTSI 131cv DSG Style,20500,Usato,05/2021,82000 Km,Mild Hybrid Benzina,Sequenziale,Euro 6d-TEMP,Trani,BT,Privato,https://www.subito.it/auto/volkswagen-golf-8-1-5-etsi-131cv-dsg-style-barletta-andria-trani-654694086.htm
Volkswagen Golf 1.0 TSI 110cv EVO Life,18900,Usato,06/2021,90000 Km,Benzina,Manuale,Euro 6,Perugia,PG,Rivenditore,https://www.subito.it/auto/volkswagen-golf-1-0-tsi-110cv-evo-life-perugia-654586668.htm
VOLKSWAGEN Golf WW57508,29599,Usato,01/2024,22641 Km,Benzina,Automatico,Euro 6,Firenze,FI,Rivenditore,https://www.subito.it/auto/volkswagen-golf-ww57508-firenze-654553623.htm
VOLKSWAGEN Golf EG95278,19899,Usato,01/2021,87835 Km,Diesel,Automatico,Euro 6,Firenze,FI,Rivenditore,https://www.subito.it/auto/volkswagen-golf-eg95278-firenze-654544423.htm
Golf GTD,21500,Usato,09/2022,114000 Km,Diesel,Sequenziale,Euro 6d-TEMP,Parma,PR,Privato,https://www.subito.it/auto/golf-gtd-parma-654454132.htm
RARA VOLKSWAGEN GOLF 8 DSG Full Optional GARANZIA,24999,Usato,10/2023,50000 Km,Diesel,Sequenziale,Euro 6d-TEMP,Oppido Mamertina,RC,Privato,https://www.subito.it/auto/rara-volkswagen-golf-8-dsg-full-optional-garanzia-reggio-calabria-654384876.htm
Volkswagen Golf 1.0 eTSI EVO DSG Life,21500,Usato,07/2023,30000 Km,Mild Hybrid Benzina,Automatico,Euro 6,Isolabella,TO,Rivenditore,https://www.subito.it/auto/volkswagen-golf-1-0-etsi-evo-dsg-life-torino-654355701.htm
VW GOLF 8.5 life 1.5cc 115cv,22000,Usato,05/2024,41780 Km,Benzina,Manuale,Euro 6e,Volta Mantovana,MN,Privato,https://www.subito.it/auto/vw-golf-8-5-life-1-5cc-115cv-mantova-654326529.htm
Volkswagen Golf GTI 2.0 TSI DSG PERFORMANCE,23900,Usato,01/2024,20300 Km,Benzina,Automatico,Euro 6,Chivasso,TO,Rivenditore,https://www.subito.it/auto/volkswagen-golf-gti-2-0-tsi-dsg-performance-torino-654324110.htm
Golf  VII GTI  220cv,18500,Usato,08/2025,89000 Km,Benzina,Manuale,Euro 6,Denno,TN,Privato,https://www.subito.it/auto/golf-vii-gti-220cv-trento-654296654.htm
Golf 8 TGI 1.5 130cv DSG Life,18000,Usato,02/2021,124000 Km,Benzina,Automatico,Euro 6d,Faicchio,BN,Privato,https://www.subito.it/auto/golf-8-tgi-1-5-130cv-dsg-life-benevento-654057662.htm
Golf 7.5 R Line,16000,Usato,12/2023,160000 Km,Diesel,Sequenziale,Euro 6d-TEMP,Roma,RM,Privato,https://www.subito.it/auto/golf-7-5-r-line-roma-653334841.htm
VOLKSWAGEN Golf WW57508,29599,Usato,01/2024,22641 Km,Benzina,Automatico,Euro 6,Torino,TO,Rivenditore,https://www.subito.it/auto/volkswagen-golf-ww57508-torino-654265477.htm
VOLKSWAGEN Golf 1.5 TSI 150 CV EVO ACT R-Line,20500,Usato,04/2022,99999 Km,Benzina,Manuale,Euro 6d-TEMP,Milano,MI,Privato,https://www.subito.it/auto/volkswagen-golf-1-5-tsi-150-cv-evo-act-r-line-milano-654263588.htm
Golf 7 1.6,13000,Usato,09/2023,210000 Km,Diesel,Manuale,Euro 6,Partinico,PA,Privato,https://www.subito.it/auto/golf-7-1-6-palermo-654247642.htm
Golf 8,15500,Usato,12/2021,113000 Km,Benzina,Manuale,Euro 6d-TEMP,Roma,RM,Privato,https://www.subito.it/auto/golf-8-roma-654237660.htm
Volkswagen Golf 2.0 TDI SCR LIFE 115CV,25300,Usato,04/2025,19665 Km,Diesel,Manuale,Euro 6,Cavallino,LE,Rivenditore,https://www.subito.it/auto/volkswagen-golf-2-0-tdi-scr-life-115cv-lecce-654149988.htm
Volkswagen Golf 2.0 TDI SCR STYLE DSG 150CV,28900,Usato,03/2025,27683 Km,Diesel,Automatico,Euro 6,Casarano,LE,Rivenditore,https://www.subito.it/auto/volkswagen-golf-2-0-tdi-scr-style-dsg-150cv-lecce-654149676.htm
Volkswagen Golf 8 Life 2.0 TDI DSG 115 CV,21900,Usato,04/2024,110000 Km,Diesel,Automatico,Euro 6d-TEMP,Perugia,PG,Privato,https://www.subito.it/auto/volkswagen-golf-8-life-2-0-tdi-dsg-115-cv-perugia-654126356.htm
"GOLF 7 GTI Performance - Full Opt, Nav,, Stg1 ",19999,Usato,03/2021,95000 Km,Benzina,Manuale,Euro 6b,Asti,AT,Privato,https://www.subito.it/auto/golf-7-gti-performance-full-opt-nav-stg1-asti-654120918.htm
VOLKSWAGEN Golf 1.0 eTSI EVO DSG Life,19500,Usato,09/2021,50000 Km,Benzina,Automatico,Euro 6,Terricciola,PI,Privato,https://www.subito.it/auto/volkswagen-golf-1-0-etsi-evo-dsg-life-pisa-654072331.htm
VOLKSWAGEN Golf 1.4 Plug-In Hybrid DSG GTE,21900,Usato,12/2021,48000 Km,Ibrida,Sequenziale,Euro 6,Trofarello,TO,Rivenditore,https://www.subito.it/auto/volkswagen-golf-1-4-plug-in-hybrid-dsg-gte-torino-654018666.htm
VOLKSWAGEN Golf WW57508,29599,Usato,01/2024,22641 Km,Benzina,Automatico,Euro 6,Sassari,SS,Rivenditore,https://www.subito.it/auto/volkswagen-golf-ww57508-sassari-654017873.htm
VOLKSWAGEN Golf WW57508,29599,Usato,01/2024,22641 Km,Benzina,Automatico,Euro 6,Bologna,BO,Rivenditore,https://www.subito.it/auto/volkswagen-golf-ww57508-bologna-654017787.htm
VOLKSWAGEN Golf WW57508,29599,Usato,01/2024,22641 Km,Benzina,Automatico,Euro 6,Bari,BA,Rivenditore,https://www.subito.it/auto/volkswagen-golf-ww57508-bari-654017347.htm
VOLKSWAGEN Golf WW57508,29599,Usato,01/2024,22641 Km,Benzina,Automatico,Euro 6,Cagliari,CA,Rivenditore,https://www.subito.it/auto/volkswagen-golf-ww57508-cagliari-654016946.htm
VOLKSWAGEN Golf 1.5 eTSI 130 CV EVO ACT DSG Style,22990,Usato,10/2023,43000 Km,Ibrida,Automatico,Euro 6d-TEMP,Modena,MO,Rivenditore,https://www.subito.it/auto/volkswagen-golf-1-5-etsi-130-cv-evo-act-dsg-style-modena-654005696.htm
VOLKSWAGEN GOLF 8 R-Line 1.5 eTSI Mild Hybrid DSG,25300,Usato,09/2021,66000 Km,Benzina,Automatico,,Monterotondo,RM,Privato,https://www.subito.it/auto/volkswagen-golf-8-r-line-1-5-etsi-mild-hybrid-dsg-roma-654000655.htm
VW Golf 2.0 TDI Solo 13 mila km 150 CV DSG SCR Sty,29900,Usato,01/2025,13040 Km,Diesel,Automatico,Euro 6,Fabriano,AN,Rivenditore,https://www.subito.it/auto/vw-golf-2-0-tdi-solo-13-mila-km-150-cv-dsg-scr-sty-ancona-653972089.htm
Golf 8 ,16999,Usato,06/2021,75000 Km,Diesel,Manuale,Euro 6d-TEMP,Mede,PV,Privato,https://www.subito.it/auto/golf-8-pavia-653922639.htm
Golf VIII Hybrid 2024 1.5 eTSI evo R-line 150cv,28000,Usato,03/2024,40000 Km,Mild Hybrid Benzina,Automatico,Euro 6d-TEMP,Arese,MI,Privato,https://www.subito.it/auto/golf-viii-hybrid-2024-1-5-etsi-evo-r-line-150cv-milano-653811377.htm
Golf 8 nuovo modello 1.5 TSI,21800,Usato,06/2024,27300 Km,Benzina,Manuale,Euro 6d-TEMP,Como,CO,Privato,https://www.subito.it/auto/golf-8-nuovo-modello-1-5-tsi-como-653805523.htm
Volkswagen Golf 8 Style eHybrid 204 CV DSG Plug-in,19500,Usato,03/2021,93000 Km,Plug-in Hybrid Benzina,Sequenziale,Euro 6d-TEMP,Due Carrare,PD,Privato,https://www.subito.it/auto/volkswagen-golf-8-style-ehybrid-204-cv-dsg-plug-in-padova-653748387.htm
VOLKSWAGEN Golf 1.0 eTSI EVO DSG Life,12300,Usato,06/2022,41805 Km,Ibrida,Sequenziale,Euro 6,Torre del Greco,NA,Rivenditore,https://www.subito.it/auto/volkswagen-golf-1-0-etsi-evo-dsg-life-napoli-653721470.htm
Volkswagen Golf GTI Stage 2 – 330 CV,26000,Usato,12/2024,117000 Km,Benzina,Sequenziale,Euro 6,Gela,CL,Privato,https://www.subito.it/auto/volkswagen-golf-gti-stage-2-330-cv-caltanissetta-653666038.htm
Golf 8,19990,Usato,04/2024,49000 Km,Benzina,Automatico,Euro 6d-TEMP,Pontedera,PI,Privato,https://www.subito.it/auto/golf-8-pisa-653585656.htm
volkswagen Golf 6,3900,Usato,01/2023,190000 Km,Benzina,Manuale,Euro 4,Verona,VR,Privato,https://www.subito.it/auto/volkswagen-golf-6-verona-653552181.htm
VOLKSWAGEN Golf 2.0 TDI DSG SCR Life,23399,Usato,09/2023,40207 Km,Diesel,Automatico,Euro 6,Casagiove,CE,Rivenditore,https://www.subito.it/auto/volkswagen-golf-2-0-tdi-dsg-scr-life-caserta-653549527.htm
Golf 7.5 GTD,22500,Usato,05/2023,128000 Km,Diesel,Sequenziale,Euro 6d-TEMP,Formello,RM,Privato,https://www.subito.it/auto/golf-7-5-gtd-roma-653511521.htm
Golf 7 gti performance,20000,Usato,04/2026,157000 Km,Benzina,Manuale,Euro 6,Agira,EN,Privato,https://www.subito.it/auto/golf-7-gti-performance-enna-653491221.htm
golf 8.5 50 anniversario edizione limitata ,27000,Usato,02/2025,14000 Km,Mild Hybrid Benzina,Sequenziale,Euro 6d-TEMP,Martina Franca,TA,Privato,https://www.subito.it/auto/golf-8-5-50-anniversario-edizione-limitata-taranto-653388305.htm
VOLKSWAGEN Golf BG82773,23399,Usato,09/2023,40207 Km,Diesel,Automatico,Euro 6,Firenze,FI,Rivenditore,https://www.subito.it/auto/volkswagen-golf-bg82773-firenze-653366809.htm
Volkswagen Golf 7.5 2.0 TDI DSG Highline,14990,Usato,05/2024,151000 Km,Diesel,Sequenziale,Euro 6b,Padova,PD,Privato,https://www.subito.it/auto/volkswagen-golf-7-5-2-0-tdi-dsg-highline-padova-652629086.htm
VOLKSWAGEN Golf 1.0 TSI EVO Life,18900,Usato,06/2022,57000 Km,Benzina,Manuale,Euro 6d-TEMP,Altissimo,VI,Privato,https://www.subito.it/auto/volkswagen-golf-1-0-tsi-evo-life-vicenza-653331633.htm
Volkswagen GOLF VIII Variant 2.0 TDI 115CV,13900,Usato,05/2021,152000 Km,Diesel,Automatico,Euro 6,Pordenone,PN,Rivenditore,https://www.subito.it/auto/volkswagen-golf-viii-variant-2-0-tdi-115cv-pordenone-653315505.htm
golf 8.5 2.0 diesel,25900,Usato,08/2024,27000 Km,Diesel,Manuale,Euro 6d-TEMP,Prato,PO,Privato,https://www.subito.it/auto/golf-8-5-2-0-diesel-prato-653263592.htm
Volkswagen Golf 2.0 TDI 115 CV SCR Life 2022,15800,Usato,08/2022,148000 Km,Diesel,Manuale,Euro 6,Ruvo di Puglia,BA,Rivenditore,https://www.subito.it/auto/volkswagen-golf-2-0-tdi-115-cv-scr-life-2022-bari-653258470.htm
Golf 8 anno 2022,17000,Usato,03/2022,140000 Km,Diesel,Sequenziale,Euro 6d-TEMP,Napoli,NA,Privato,https://www.subito.it/auto/golf-8-anno-2022-napoli-653219016.htm
Volkswagen Golf GTI Golf 2.0 TSI GTI DSG PERFORMAN,24900,Usato,11/2023,26700 Km,Benzina,Automatico,Euro 6,Chivasso,TO,Rivenditore,https://www.subito.it/auto/volkswagen-golf-gti-golf-2-0-tsi-gti-dsg-performan-torino-653137579.htm
Golf 7,19500,Usato,01/2025,175000 Km,Diesel,Sequenziale,Euro 6d-TEMP,Norcia,PG,Privato,https://www.subito.it/auto/golf-7-perugia-653116284.htm
Volkswagen Golf 8.5 1.5 etsi dsg,27900,Usato,06/2024,30100 Km,Mild Hybrid Benzina,Sequenziale,Euro 6d-TEMP,Trapani,TP,Privato,https://www.subito.it/auto/volkswagen-golf-8-5-1-5-etsi-dsg-trapani-653004158.htm
Golf 7.5 rline full optional,22500,Usato,06/2022,97444 Km,Benzina,Sequenziale,Euro 6d-TEMP,Mondovi',CN,Privato,https://www.subito.it/auto/golf-7-5-rline-full-optional-cuneo-652972323.htm
Golf 1500 eTSI 150CV  DSG,26900,Usato,11/2024,20000 Km,Mild Hybrid Benzina,Automatico,Euro 6d,Rimini,RN,Privato,https://www.subito.it/auto/golf-1500-etsi-150cv-dsg-rimini-652839721.htm
Golf 8 GTI,23000,Usato,05/2022,90000 Km,Benzina,Sequenziale,Euro 6d-TEMP,Aprilia,LT,Privato,https://www.subito.it/auto/golf-8-gti-latina-652789411.htm
Volkswagen Golf 2.0 tdi Style 150cv dsg Led App co,28950,Usato,04/2025,17700 Km,Diesel,Automatico,Euro 6,Casalpusterlengo,LO,Rivenditore,https://www.subito.it/auto/volkswagen-golf-2-0-tdi-style-150cv-dsg-led-app-co-lodi-652777789.htm
Volkswagen Golf 2.0 TDI SCR Style,18299,Usato,11/2021,175000 Km,Diesel,Manuale,Euro 6e,Padula,SA,Rivenditore,https://www.subito.it/auto/volkswagen-golf-2-0-tdi-scr-style-salerno-646015778.htm
Wolkswagen Golf 8° Serie,18500,Usato,05/2021,62000 Km,Diesel,Manuale,Euro 6,Monreale,PA,Privato,https://www.subito.it/auto/wolkswagen-golf-8-serie-palermo-652744742.htm
Volkswagen Golf 2.0 TDI SCR Style,12900,Usato,06/2022,183000 Km,Diesel,Manuale,Euro 6,Corato,BA,Rivenditore,https://www.subito.it/auto/volkswagen-golf-2-0-tdi-scr-style-bari-652701793.htm
Volkswagen Golf 1.5 TSI 150 CV EVO ACT United,20500,Usato,06/2021,57000 Km,Benzina,Manuale,Euro 6d-TEMP,Rimini,RN,Privato,https://www.subito.it/auto/volkswagen-golf-1-5-tsi-150-cv-evo-act-united-rimini-644899446.htm
Golf 8 2.0 150CV,19500,Usato,07/2021,100000 Km,Diesel,Automatico,Euro 6d-TEMP,Milano,MI,Privato,https://www.subito.it/auto/golf-8-2-0-150cv-milano-652610582.htm
Volkswagen Golf 2.0 TDI Life 115cv DSG,24900,Usato,05/2022,90000 Km,Diesel,Sequenziale,Euro 6,Reggio di Calabria,RC,Rivenditore,https://www.subito.it/auto/volkswagen-golf-2-0-tdi-life-115cv-dsg-reggio-calabria-652607636.htm
Volkswagen Golf VIII 2.0 TDI 150CV DSG EDITION PLU,28900,Usato,11/2024,20000 Km,Diesel,Sequenziale,Euro 6d-TEMP,Sala Consilina,SA,Rivenditore,https://www.subito.it/auto/volkswagen-golf-viii-2-0-tdi-150cv-dsg-edition-plu-salerno-652597373.htm
VOLKSWAGEN GOLF 8 R-LINE,24000,Usato,05/2022,90000 Km,Benzina,Manuale,Euro 6d-TEMP,Beinasco,TO,Privato,https://www.subito.it/auto/volkswagen-golf-8-r-line-torino-652585727.htm
Golf 8 2.0 TDI 150CV R-LINE,30000,Usato,10/2024,60000 Km,Diesel,Sequenziale,Euro 6d-TEMP,Bagnolo Piemonte,CN,Privato,https://www.subito.it/auto/golf-8-2-0-tdi-150cv-r-line-cuneo-652533493.htm
Volkswagen Golf GTI 2.0 TSI GTI DSG,29500,Usato,02/2024,23900 Km,Benzina,Automatico,Euro 6,Varese,VA,Rivenditore,https://www.subito.it/auto/volkswagen-golf-gti-2-0-tsi-gti-dsg-varese-652510179.htm
Volkswagen Golf 8 come nuova,19500,Usato,02/2022,62000 Km,Mild Hybrid Benzina,Sequenziale,Euro 6d-TEMP,Palermo,PA,Privato,https://www.subito.it/auto/volkswagen-golf-8-come-nuova-palermo-652435978.htm
VW golf GTE ,26000,Usato,01/2021,70000 Km,Plug-in Hybrid Benzina,Sequenziale,Euro 6d-TEMP,Salerno,SA,Privato,https://www.subito.it/auto/vw-golf-gte-salerno-652414270.htm
Golf 8 2.0 tdi 116cv,24000,Usato,05/2022,70000 Km,Diesel,Manuale,Euro 6d,Alba Adriatica,TE,Privato,https://www.subito.it/auto/golf-8-2-0-tdi-116cv-teramo-652386920.htm
Golf 8 R line,28700,Usato,03/2021,60000 Km,Diesel,Automatico,Euro 6d-TEMP,Stornara,FG,Privato,https://www.subito.it/auto/golf-8-r-line-foggia-647808820.htm
Golf 8 Style,27500,Usato,05/2021,27000 Km,Benzina/Metano,Automatico,Euro 6,Sermide e Felonica,MN,Privato,https://www.subito.it/auto/golf-8-style-mantova-652237022.htm
VOLKSWAGEN GOLF 8 2.0 150 CAVALLI AUTOMATICO LED,18650,Usato,04/2023,200000 Km,Diesel,Automatico,Euro 6,Cerignola,FG,Privato,https://www.subito.it/auto/volkswagen-golf-8-2-0-150-cavalli-automatico-led-foggia-652218403.htm
Golf etsi,19500,Usato,06/2023,55000 Km,Mild Hybrid Benzina,Sequenziale,Euro 6d-TEMP,Cascina,PI,Privato,https://www.subito.it/auto/golf-etsi-pisa-652158140.htm
Volkswagen Golf 2.0 TDI SCR 110KW Style DSG,27500,Usato,02/2025,21213 Km,Diesel,Automatico,Euro 6d-TEMP,Bologna,BO,Rivenditore,https://www.subito.it/auto/volkswagen-golf-2-0-tdi-scr-110kw-style-dsg-bologna-652156279.htm
Volkswagen Golf 1.0 TSI EVO MOVE,19900,Usato,04/2024,17000 Km,Benzina,Manuale,Euro 6,Chivasso,TO,Rivenditore,https://www.subito.it/auto/volkswagen-golf-1-0-tsi-evo-move-torino-652121862.htm
Golf 8.5 R-LINE PLUS,30000,Usato,04/2025,22000 Km,Diesel,Sequenziale,Euro 6d-TEMP,Catanzaro,CZ,Privato,https://www.subito.it/auto/golf-8-5-r-line-plus-catanzaro-652066204.htm
VOLKSWAGEN Golf Variant 1.0 eTSI EVO DSG Life,17890,Usato,12/2021,66349 Km,Ibrida,Automatico,Euro 6,Magenta,MI,Rivenditore,https://www.subito.it/auto/volkswagen-golf-variant-1-0-etsi-evo-dsg-life-milano-652056868.htm
Volkswagen Golf 1.5 TSI 115 CV ACT Life,21900,Usato,06/2025,19000 Km,Benzina,Manuale,Euro 6,Chivasso,TO,Rivenditore,https://www.subito.it/auto/volkswagen-golf-1-5-tsi-115-cv-act-life-torino-651959927.htm
Volkswagen Golf 2.0 tdi Style 150cv dsg,29900,Usato,04/2025,19489 Km,Diesel,Automatico,Euro 6,Roma,RM,Rivenditore,https://www.subito.it/auto/volkswagen-golf-2-0-tdi-style-150cv-dsg-roma-651939943.htm
Volkswagen Golf 2.0 tdi Style 150cv dsg,29900,Usato,04/2025,19489 Km,Diesel,Automatico,Euro 6,San Giovanni Teatino,CH,Rivenditore,https://www.subito.it/auto/volkswagen-golf-2-0-tdi-style-150cv-dsg-chieti-651939920.htm
Autovettua,20000,Usato,05/2023,44000 Km,Diesel,Sequenziale,Euro 6d-TEMP,Reggio di Calabria,RC,Privato,https://www.subito.it/auto/autovettua-reggio-calabria-651919111.htm
Volkswagen Golf 2.0 TDI DSG SCR Style Prezzo Promo,19450,Usato,10/2022,100000 Km,Diesel,Automatico,Euro 6e,Taranto,TA,Rivenditore,https://www.subito.it/auto/volkswagen-golf-2-0-tdi-dsg-scr-style-prezzo-promo-taranto-651861865.htm
Volkswagen Golf GTI Golf 2.0 TSI GTI DSG PERFORMAN,29900,Usato,10/2024,19700 Km,Benzina,Sequenziale,Euro 6,Chivasso,TO,Rivenditore,https://www.subito.it/auto/volkswagen-golf-gti-golf-2-0-tsi-gti-dsg-performan-torino-651790512.htm
VOLKSWAGEN Golf 2.0 TDI 150 CV DSG SCR Active,24500,Usato,10/2022,67000 Km,Diesel,Automatico,Euro 6,Spoltore,PE,Rivenditore,https://www.subito.it/auto/volkswagen-golf-2-0-tdi-150-cv-dsg-scr-active-pescara-651785783.htm
Golf 7.5 2019,14000,Usato,12/2025,121000 Km,Diesel,Manuale,Euro 6d-TEMP,Trento,TN,Privato,https://www.subito.it/auto/golf-7-5-2019-trento-651774975.htm
Golf VIII 2.0 tdi style Led Matrix,20990,Usato,08/2023,116000 Km,Diesel,Sequenziale,Euro 6d-TEMP,Piove di Sacco,PD,Privato,https://www.subito.it/auto/golf-viii-2-0-tdi-style-led-matrix-padova-651727025.htm
Golf 8 2.0 TDI DSG 116,20499,Usato,02/2022,149700 Km,Diesel,Automatico,Euro 6d-TEMP,San Giorgio Ionico,TA,Privato,https://www.subito.it/auto/golf-8-2-0-tdi-dsg-116-taranto-651694934.htm
Volkswagen Golf 2.0 TDI 115CV DSG SCR Life,18990,Usato,11/2021,110000 Km,Diesel,Sequenziale,Euro 6e,Cernusco sul Naviglio,MI,Rivenditore,https://www.subito.it/auto/volkswagen-golf-2-0-tdi-115cv-dsg-scr-life-milano-651681723.htm
golf 8 tgi,23000,Usato,09/2023,75000 Km,Benzina/Metano,Automatico,Euro 6d-TEMP,Anagni,FR,Privato,https://www.subito.it/auto/golf-8-tgi-frosinone-651672414.htm
Golf 8 1.5 130cv r.line,18990,Usato,03/2021,109000 Km,Benzina,Manuale,Euro 6e,Castagneto Carducci,LI,Privato,https://www.subito.it/auto/golf-8-1-5-130cv-r-line-livorno-651660547.htm
Volkswagen Golf GTI Golf 2.0 TSI GTI DSG PERFORMAN,24900,Usato,12/2023,23000 Km,Benzina,Automatico,Euro 6,Chivasso,TO,Rivenditore,https://www.subito.it/auto/volkswagen-golf-gti-golf-2-0-tsi-gti-dsg-performan-torino-651647857.htm
Volkswagen Golf GTI Golf 2.0 TSI GTI DSG PERFORMAN,29900,Usato,12/2023,20800 Km,Benzina,Automatico,Euro 6,Chivasso,TO,Rivenditore,https://www.subito.it/auto/volkswagen-golf-gti-golf-2-0-tsi-gti-dsg-performan-torino-651647745.htm
Volkswagen Golf GTI Golf 2.0 TSI GTI DSG PERFORMAN,24900,Usato,09/2023,23000 Km,Benzina,Automatico,Euro 6,Chivasso,TO,Rivenditore,https://www.subito.it/auto/volkswagen-golf-gti-golf-2-0-tsi-gti-dsg-performan-torino-651647732.htm
Golf 8 rline 2.0 150cv,29990,Usato,12/2024,19900 Km,Diesel,Sequenziale,Euro 6d-TEMP,Catanzaro,CZ,Privato,https://www.subito.it/auto/golf-8-rline-2-0-150cv-catanzaro-651625759.htm
Volkswagen Golf GTI Golf 2.0 TSI GTI DSG PERFORMAN,29900,Usato,12/2023,18000 Km,Benzina,Automatico,Euro 6,Chivasso,TO,Rivenditore,https://www.subito.it/auto/volkswagen-golf-gti-golf-2-0-tsi-gti-dsg-performan-torino-651630800.htm
Volkswagen Golf GTI Golf 2.0 TSI GTI DSG PERFORMAN,26900,Usato,12/2023,23500 Km,Benzina,Automatico,Euro 6,Chivasso,TO,Rivenditore,https://www.subito.it/auto/volkswagen-golf-gti-golf-2-0-tsi-gti-dsg-performan-torino-651630711.htm
Volkswagen Golf GTI Golf 2.0 TSI GTI DSG PERFORMAN,24900,Usato,10/2023,26000 Km,Benzina,Automatico,Euro 6,Chivasso,TO,Rivenditore,https://www.subito.it/auto/volkswagen-golf-gti-golf-2-0-tsi-gti-dsg-performan-torino-651630480.htm
Volkswagen Golf GTI Golf 2.0 TSI GTI DSG PERFORMAN,23900,Usato,11/2023,29000 Km,Benzina,Automatico,Euro 6,Chivasso,TO,Rivenditore,https://www.subito.it/auto/volkswagen-golf-gti-golf-2-0-tsi-gti-dsg-performan-torino-651630435.htm
Volkswagen Golf GTI Golf 2.0 TSI GTI DSG PERFORMAN,24900,Usato,12/2023,23000 Km,Benzina,Automatico,Euro 6,Chivasso,TO,Rivenditore,https://www.subito.it/auto/volkswagen-golf-gti-golf-2-0-tsi-gti-dsg-performan-torino-651630378.htm
Vw golf 8,25000,Usato,05/2025,45000 Km,Diesel,Manuale,Euro 6,Bergamo,BG,Privato,https://www.subito.it/auto/vw-golf-8-bergamo-651576216.htm
VOLKSWAGEN Golf 2.0 TSI DSG GTI,24000,Usato,02/2022,58000 Km,Benzina,Automatico,Euro 6d-TEMP,Roma,RM,Rivenditore,https://www.subito.it/auto/volkswagen-golf-2-0-tsi-dsg-gti-roma-651513865.htm
Golf 8 gti 2021,27500,Usato,09/2021,96000 Km,Benzina,Automatico,Euro 6d,Mazzarino,CL,Privato,https://www.subito.it/auto/golf-8-gti-2021-caltanissetta-651507422.htm
Golf 7.5 gti performances,22500,Usato,05/2021,98000 Km,Benzina,Automatico,Euro 6d-TEMP,Grosseto,GR,Privato,https://www.subito.it/auto/golf-7-5-gti-performances-grosseto-651422073.htm
golf 8 2.0 116cv,21300,Usato,02/2021,90000 Km,Diesel,Automatico,Euro 6,Bellante,TE,Privato,https://www.subito.it/auto/golf-8-2-0-116cv-teramo-651412136.htm
Volkswagen Golf 2.0 TDI GTD 200CV DSG,25500,Usato,11/2021,97347 Km,Diesel,Automatico,Euro 6,Milano,MI,Rivenditore,https://www.subito.it/auto/volkswagen-golf-2-0-tdi-gtd-200cv-dsg-milano-651358048.htm
VOLKSWAGEN Golf 1.4 TSI eHYBRID 204 CV DSG Style,23900,Usato,07/2023,55309 Km,Ibrida,Automatico,Euro 6e,Oderzo,TV,Rivenditore,https://www.subito.it/auto/volkswagen-golf-1-4-tsi-ehybrid-204-cv-dsg-style-treviso-651310086.htm
Golf 8 gti stage 2,27500,Usato,01/2021,95000 Km,Benzina,Automatico,Euro 6d-TEMP,Agira,EN,Privato,https://www.subito.it/auto/golf-8-gti-stage-2-enna-651245779.htm
VOLKSWAGEN Golf SD34912,24999,Usato,09/2023,54664 Km,Ibrida,Automatico,Euro 6e,Catania,CT,Rivenditore,https://www.subito.it/auto/volkswagen-golf-sd34912-catania-651198380.htm
VOLKSWAGEN Golf RR59646,23199,Usato,02/2022,76009 Km,Ibrida,Automatico,Euro 6e,Catania,CT,Rivenditore,https://www.subito.it/auto/volkswagen-golf-rr59646-catania-651198391.htm
VOLKSWAGEN Golf ZD57678,26199,Usato,05/2024,34560 Km,Ibrida,Automatico,Euro 6e,Catania,CT,Rivenditore,https://www.subito.it/auto/volkswagen-golf-zd57678-catania-651198309.htm
VOLKSWAGEN Golf BD81836,22699,Usato,04/2023,43267 Km,Ibrida,Automatico,Euro 6e,Catania,CT,Rivenditore,https://www.subito.it/auto/volkswagen-golf-bd81836-catania-651197810.htm
VOLKSWAGEN Golf JY56480,25499,Usato,04/2024,23448 Km,Ibrida,Automatico,Euro 6e,Catania,CT,Rivenditore,https://www.subito.it/auto/volkswagen-golf-jy56480-catania-651197683.htm
VOLKSWAGEN Golf WVWZZZCDZNW309654,19099,Usato,06/2022,134172 Km,Ibrida,Sequenziale,Euro 6e,Catania,CT,Rivenditore,https://www.subito.it/auto/volkswagen-golf-wvwzzzcdznw309654-catania-651196961.htm
VOLKSWAGEN golf viii 2020 variant Golf Variant 2.0,17381,Usato,06/2021,75000 Km,Diesel,Automatico,Euro 6,Roma,RM,Rivenditore,https://www.subito.it/auto/volkswagen-golf-viii-2020-variant-golf-variant-2-0-roma-651116182.htm
VOLKSWAGEN golf viii 2020 variant Golf Variant 2.0,17381,Usato,06/2021,75000 Km,Diesel,Automatico,Euro 6,Sala Bolognese,BO,Rivenditore,https://www.subito.it/auto/volkswagen-golf-viii-2020-variant-golf-variant-2-0-bologna-651115739.htm
Golf 8 TDI 150 CV STYLE Manuale LED MATRIX,26000,Usato,06/2023,21000 Km,Diesel,Manuale,Euro 6e,Colonna,RM,Privato,https://www.subito.it/auto/golf-8-tdi-150-cv-style-manuale-led-matrix-roma-651090239.htm
VOLKSWAGEN Golf Golf VIII 2020 1.0 etsi evo Life,14900,Usato,11/2021,120000 Km,Ibrida,Automatico,Euro 6e,Basiliano,UD,Rivenditore,https://www.subito.it/auto/volkswagen-golf-golf-viii-2020-1-0-etsi-evo-life-udine-651078393.htm
VOLKSWAGEN Golf Golf VIII 2020 1.0 etsi evo Life,17400,Usato,04/2023,93000 Km,Ibrida,Automatico,Euro 6e,Basiliano,UD,Rivenditore,https://www.subito.it/auto/volkswagen-golf-golf-viii-2020-1-0-etsi-evo-life-udine-651077056.htm
VOLKSWAGEN Golf Variant Golf VIII Variant 1.0 ts,13500,Usato,06/2021,123000 Km,Benzina,Manuale,Euro 6e,Basiliano,UD,Rivenditore,https://www.subito.it/auto/volkswagen-golf-variant-golf-viii-variant-1-0-ts-udine-651075933.htm
VOLKSWAGEN Golf Variant Golf Variant 1.0 etsi e,13900,Usato,01/2021,126000 Km,Ibrida,Automatico,Euro 6e,Basiliano,UD,Rivenditore,https://www.subito.it/auto/volkswagen-golf-variant-golf-variant-1-0-etsi-e-udine-651019505.htm
Volkswagen Golf GTI 2.0 TSI,29890,Usato,09/2022,44600 Km,Benzina,Automatico,Euro 6e,Latina,LT,Rivenditore,https://www.subito.it/auto/volkswagen-golf-gti-2-0-tsi-latina-650261145.htm
Volkswagen Golf 2.0 TDI 115 CV SCR Life,17500,Usato,09/2021,180000 Km,Diesel,Manuale,Euro 6e,Patrica,FR,Rivenditore,https://www.subito.it/auto/volkswagen-golf-2-0-tdi-115-cv-scr-life-frosinone-650858894.htm
GOLF 7.5 R,26999,Usato,02/2026,133000 Km,Benzina,Sequenziale,Euro 6d-TEMP,Lecce,LE,Privato,https://www.subito.it/auto/golf-7-5-r-lecce-650839767.htm
Golf serie 8,16500,Usato,09/2021,130000 Km,Benzina,Manuale,Euro 6d-TEMP,Cugliate-Fabiasco,VA,Privato,https://www.subito.it/auto/golf-serie-8-varese-650791598.htm
GOLF GTI 7.5,23500,Usato,03/2023,141000 Km,Benzina,Manuale,Euro 6d-TEMP,Cosenza,CS,Privato,https://www.subito.it/auto/golf-gti-7-5-cosenza-650714461.htm
Golf  8,19000,Usato,08/2021,600000 Km,Mild Hybrid Benzina,Sequenziale,Euro 6d-TEMP,Castellanza,VA,Privato,https://www.subito.it/auto/golf-8-varese-650701176.htm
VOLKSWAGEN Golf 2.0 TDI 150 CV DSG SCR Life *SOL,20900,Usato,06/2021,14400 Km,Diesel,Sequenziale,Euro 6,Roma,RM,Rivenditore,https://www.subito.it/auto/volkswagen-golf-2-0-tdi-150-cv-dsg-scr-life-sol-roma-650683347.htm
Volkswagen Golf 2.0 tdi Style 150cv dsg,29990,Usato,03/2025,24855 Km,Diesel,Automatico,Euro 6e,Carlentini,SR,Rivenditore,https://www.subito.it/auto/volkswagen-golf-2-0-tdi-style-150cv-dsg-siracusa-650682972.htm
Golf 7 gti performance 2016 dsg,16499,Usato,03/2025,135000 Km,Benzina,Sequenziale,Euro 6,Ugento,LE,Privato,https://www.subito.it/auto/golf-7-gti-performance-2016-dsg-lecce-650661117.htm
Golf 8 2.0 tdi 150 cv,23000,Usato,04/2023,65700 Km,Diesel,Sequenziale,Euro 6d-TEMP,Patti,ME,Privato,https://www.subito.it/auto/golf-8-2-0-tdi-150-cv-messina-645605986.htm
Volkswagen Golf 8nd serie 2.0 TDI 150 CV DSG ...,24300,Usato,02/2022,113000 Km,Diesel,Automatico,Euro 6,Perugia,PG,Rivenditore,https://www.subito.it/auto/volkswagen-golf-8nd-serie-2-0-tdi-150-cv-dsg-perugia-650553363.htm
Volkswagen Golf 1.4 Plug-In Hybrid DSG GTE,26890,Usato,07/2021,57000 Km,Mild Hybrid Benzina,Sequenziale,Euro 6e,Latina,LT,Rivenditore,https://www.subito.it/auto/volkswagen-golf-1-4-plug-in-hybrid-dsg-gte-latina-650485779.htm
Volkswagen Golf 2.0 TDI 115 CV SCR Life,26800,Usato,02/2025,21700 Km,Diesel,Manuale,Euro 6e,Fossano,CN,Rivenditore,https://www.subito.it/auto/volkswagen-golf-2-0-tdi-115-cv-scr-life-cuneo-650463276.htm
Vendi Golf,24500,Usato,02/2021,68000 Km,Diesel,Manuale,Euro 6d-TEMP,Pozzuoli,NA,Privato,https://www.subito.it/auto/vendi-golf-napoli-650448802.htm
VOLKSWAGEN Golf 8ª serie Golf 1.0 eTSI EVO DSG...,18700,Usato,2021,56000 Km,Ibrida,Automatico,Euro 6,Larciano,PT,Rivenditore,https://www.subito.it/auto/volkswagen-golf-8-serie-golf-1-0-etsi-evo-dsg-pistoia-650382082.htm
Golf GTI 8,25900,Usato,05/2021,41000 Km,Benzina,Sequenziale,Euro 6d,Roma,RM,Privato,https://www.subito.it/auto/golf-gti-8-roma-650371922.htm
golf 8 2000 tdi 150cv anche permute,18500,Usato,07/2022,159000 Km,Diesel,Sequenziale,Euro 6d-TEMP,Sansepolcro,AR,Privato,https://www.subito.it/auto/golf-8-2000-tdi-150cv-anche-permute-arezzo-650368214.htm
Volkswagen Golf 2.0 TDI 115 CV SCR Life,14800,Usato,10/2021,92000 Km,Diesel,Manuale,Euro 6e,Striano,NA,Rivenditore,https://www.subito.it/auto/volkswagen-golf-2-0-tdi-115-cv-scr-life-napoli-650352229.htm
Golf 8 rline,25500,Usato,07/2021,48000 Km,Mild Hybrid Benzina,Sequenziale,Euro 6d-TEMP,Milano,MI,Privato,https://www.subito.it/auto/golf-8-rline-milano-650348854.htm
Golf 8 2000 tdi,18500,Usato,03/2021,178000 Km,Diesel,Sequenziale,Euro 6d-TEMP,Potenza,PZ,Privato,https://www.subito.it/auto/golf-8-2000-tdi-potenza-650028645.htm
Golf 8 R Line 130cv,23000,Usato,05/2022,118000 Km,Mild Hybrid Benzina,Automatico,Euro 6d-TEMP,Alessandria,AL,Privato,https://www.subito.it/auto/golf-8-r-line-130cv-alessandria-650231499.htm
VOLKSWAGEN Golf MR60829,19099,Usato,09/2022,72440 Km,Benzina,Manuale,Euro 6e,Casagiove,CE,Rivenditore,https://www.subito.it/auto/volkswagen-golf-mr60829-caserta-650200595.htm
Golf serie otto,18500,Usato,06/2023,80000 Km,Benzina,Manuale,Euro 6d-TEMP,Roma,RM,Privato,https://www.subito.it/auto/golf-serie-otto-roma-650193838.htm
Volkswagen Golf 1.0 TSI EVO Life,16800,Usato,06/2022,102000 Km,Benzina,Manuale,Euro 6e,Troia,FG,Rivenditore,https://www.subito.it/auto/volkswagen-golf-1-0-tsi-evo-life-foggia-650175359.htm
Golf 6,6000,Usato,03/2023,270000 Km,Diesel,Manuale,Euro 5,Agrigento,AG,Privato,https://www.subito.it/auto/golf-6-agrigento-650135243.htm
Volkswagen Golf 2.0 TDI 115cv Life,23000,Usato,05/2023,76555 Km,Diesel,Automatico,Euro 6,Potenza,PZ,Rivenditore,https://www.subito.it/auto/volkswagen-golf-2-0-tdi-115cv-life-potenza-650129067.htm
Golf 8,17000,Usato,06/2021,106800 Km,Diesel,Automatico,Euro 6d-TEMP,Misterbianco,CT,Privato,https://www.subito.it/auto/golf-8-catania-650123775.htm
golf 8,18200,Usato,07/2022,64000 Km,Benzina,Manuale,Euro 6d,Osimo,AN,Privato,https://www.subito.it/auto/golf-8-ancona-640743315.htm
Volkwagen Golf,25300,Usato,06/2022,36500 Km,Mild Hybrid Benzina,Automatico,Euro 6d,Roma,RM,Privato,https://www.subito.it/auto/volkwagen-golf-roma-650011404.htm
Golf 8 r.line,27500,Usato,05/2021,53000 Km,Mild Hybrid Benzina,Sequenziale,Euro 6d-TEMP,Barcellona Pozzo di Gotto,ME,Privato,https://www.subito.it/auto/golf-8-r-line-messina-649980786.htm
Golf rline 150 cv,25000,Usato,02/2024,36000 Km,Mild Hybrid Benzina,Sequenziale,Euro 6d-TEMP,Ciampino,RM,Privato,https://www.subito.it/auto/golf-rline-150-cv-roma-649921130.htm
Golf gti Stage 3,24500,Usato,04/2022,103000 Km,Benzina,Manuale,Euro 6d-TEMP,Riva Ligure,IM,Privato,https://www.subito.it/auto/golf-gti-stage-3-imperia-649912150.htm
GOLF  7.5 GTI PERFORMANCE,23200,Usato,05/2021,125000 Km,Benzina,Automatico,Euro 6d-TEMP,Verona,VR,Privato,https://www.subito.it/auto/golf-7-5-gti-performance-verona-649884903.htm
golf 7 trendline bluemotion tecnology,12000,Usato,04/2026,148000 Km,Benzina,Manuale,Euro 5,Torino,TO,Privato,https://www.subito.it/auto/golf-7-trendline-bluemotion-tecnology-torino-649876405.htm
Volkswagen golf 8 variant alltrack 4motion,28000,Usato,01/2024,61000 Km,Diesel,Automatico,Euro 6b,Pisa,PI,Privato,https://www.subito.it/auto/volkswagen-golf-8-variant-alltrack-4motion-pisa-649862188.htm
VOLKSWAGEN Golf 2.0 TDI 150 CV DSG SCR Style,21500,Usato,10/2022,101400 Km,Diesel,Sequenziale,Euro 6,San Zeno Naviglio,BS,Rivenditore,https://www.subito.it/auto/volkswagen-golf-2-0-tdi-150-cv-dsg-scr-style-brescia-649813284.htm
VOLKSWAGEN Golf 2.0 DSG CLUBSPORT SERVICE VW PRO,29900,Usato,07/2021,76900 Km,Benzina,Automatico,Euro 6,San Paolo d'Argon,BG,Rivenditore,https://www.subito.it/auto/volkswagen-golf-2-0-dsg-clubsport-service-vw-pro-bergamo-649796226.htm
Volswagen golf 8,13900,Usato,12/2021,150000 Km,Benzina,Manuale,Euro 6d-TEMP,Moriago della Battaglia,TV,Privato,https://www.subito.it/auto/volswagen-golf-8-treviso-649737701.htm
Volswagen Golf 8,18500,Usato,07/2022,51000 Km,Mild Hybrid Benzina,Sequenziale,Euro 6d-TEMP,San Giuliano Milanese,MI,Privato,https://www.subito.it/auto/volswagen-golf-8-milano-649659810.htm
Volkswagen Golf 2.0 TDI SCR Life,24900,Usato,05/2025,10700 Km,Diesel,Manuale,,Massa,MS,Rivenditore,https://www.subito.it/auto/volkswagen-golf-2-0-tdi-scr-life-massa-carrara-649589733.htm
VOLKSWAGEN Golf 2.0 TDI GTD DSG,29999,Usato,02/2024,20499 Km,Diesel,Sequenziale,Euro 6e,Capaccio Paestum,SA,Rivenditore,https://www.subito.it/auto/volkswagen-golf-2-0-tdi-gtd-dsg-salerno-649574054.htm
Golf 8 GTE 245 cv,25300,Usato,05/2021,45000 Km,Plug-in Hybrid Benzina,Automatico,Euro 6e,Bagheria,PA,Privato,https://www.subito.it/auto/golf-8-gte-245-cv-palermo-648416202.htm
Volkswagen Golf 2.0 tdi Style 115cv dsg,20990,Usato,12/2022,90000 Km,Diesel,Sequenziale,Euro 6,Cernusco sul Naviglio,MI,Rivenditore,https://www.subito.it/auto/volkswagen-golf-2-0-tdi-style-115cv-dsg-milano-649535176.htm
Golf 8,17000,Usato,01/2021,170000 Km,Diesel,Automatico,,Montecorvino Rovella,SA,Privato,https://www.subito.it/auto/golf-8-salerno-649519692.htm
Golf 7.5 r line,18000,Usato,10/2023,138000 Km,Diesel,Manuale,Euro 6d,Spilimbergo,PN,Privato,https://www.subito.it/auto/golf-7-5-r-line-pordenone-649430796.htm
"Golf 7,5 gti con impianto maggiorato",23000,Usato,10/2023,80000 Km,Benzina,Sequenziale,Euro 6b,Erba,CO,Privato,https://www.subito.it/auto/golf-7-5-gti-con-impianto-maggiorato-como-649384887.htm
golf 7,10500,Usato,06/2023,167500 Km,Diesel,Manuale,Euro 6,San Leo,RN,Privato,https://www.subito.it/auto/golf-7-rimini-649335299.htm
Golf 8 2.0 TDI SCR Style,18500,Usato,02/2021,160000 Km,Diesel,Manuale,Euro 6d-TEMP,San Giovanni a Piro,SA,Privato,https://www.subito.it/auto/golf-8-2-0-tdi-scr-style-salerno-649326434.htm
Golf 8  1.0 etsi,17400,Usato,12/2021,107800 Km,Mild Hybrid Benzina,Sequenziale,Euro 6d-TEMP,Genova,GE,Privato,https://www.subito.it/auto/golf-8-1-0-etsi-genova-649260533.htm
Volkswagen golf 6 gti blu lapiz metallic,10000,Usato,01/2023,183000 Km,Benzina,Manuale,Euro 5,Mozzate,CO,Privato,https://www.subito.it/auto/volkswagen-golf-6-gti-blu-lapiz-metallic-como-649252628.htm
Golf 8,20000,Usato,07/2021,130000 Km,Benzina/Metano,Automatico,Euro 6d-TEMP,Spilamberto,MO,Privato,https://www.subito.it/auto/golf-8-modena-649216904.htm
Golf 8 GTI,29000,Usato,11/2025,90000 Km,Benzina,Sequenziale,Euro 6d-TEMP,Borso del Grappa,TV,Privato,https://www.subito.it/auto/golf-8-gti-treviso-649212439.htm
Golf 8 gti clubsport 2022,29500,Usato,05/2021,61300 Km,Benzina,Sequenziale,Euro 6d-TEMP,Castellammare di Stabia,NA,Privato,https://www.subito.it/auto/golf-8-gti-clubsport-2022-napoli-649207953.htm
Volkswagen Golf 1.5 TSI E-HYBRID PLUGIN DSG,29500,Usato,02/2025,30000 Km,Plug-in Hybrid Benzina,Automatico,Euro 6d-TEMP,Gazzola,PC,Privato,https://www.subito.it/auto/volkswagen-golf-1-5-tsi-e-hybrid-plugin-dsg-piacenza-649181933.htm
Golf 8 R-Line 150 cv 2.0 Diesel,22000,Usato,09/2023,92000 Km,Diesel,Manuale,Euro 6,Massa,MS,Privato,https://www.subito.it/auto/golf-8-r-line-150-cv-2-0-diesel-massa-carrara-649118254.htm
golf gti tcr 290cv anno 2019,27500,Usato,04/2023,35000 Km,Benzina,Sequenziale,Euro 6d-TEMP,Rionero in Vulture,PZ,Privato,https://www.subito.it/auto/golf-gti-tcr-290cv-anno-2019-potenza-649066868.htm
Golf Mk 8 GTD,30000,Usato,06/2022,78000 Km,Diesel,Automatico,Euro 6b,Castelliri,FR,Privato,https://www.subito.it/auto/golf-mk-8-gtd-frosinone-649007411.htm
Volkswagen Golf,25000,Usato,06/2021,77091 Km,Plug-in Hybrid Benzina,Automatico,Euro 6d-TEMP,Trento,TN,Privato,https://www.subito.it/auto/volkswagen-golf-trento-649000437.htm
VOLKSWAGEN GOLF GTI PERFORMANCE 2.0 TSI 230 CV MAN,17500,Usato,11/2023,101580 Km,Benzina,Manuale,Euro 6c,Pratola Peligna,AQ,Privato,https://www.subito.it/auto/volkswagen-golf-gti-performance-2-0-tsi-230-cv-man-l-aquila-648980408.htm
GOLF GTI 230cv,14500,Usato,06/2021,175000 Km,Benzina,Manuale,Euro 6,Cologna Veneta,VR,Privato,https://www.subito.it/auto/golf-gti-230cv-verona-648758898.htm
Volkswagen Golf 2.0 TDI 115 CV Life,21900,Usato,09/2021,64130 Km,Diesel,Manuale,Euro 6,Fasano,BR,Rivenditore,https://www.subito.it/auto/volkswagen-golf-2-0-tdi-115-cv-life-brindisi-648667361.htm
Volkswagen Golf 2.0 TDI 150 CV DSG SCR Style,29950,Usato,02/2025,24743 Km,Diesel,Sequenziale,Euro 6e,Sorbolo Mezzani,PR,Rivenditore,https://www.subito.it/auto/volkswagen-golf-2-0-tdi-150-cv-dsg-scr-style-parma-648588301.htm
Golf 8 2021,16999,Usato,11/2021,86000 Km,Diesel,Automatico,Euro 6d-TEMP,Calvizzano,NA,Privato,https://www.subito.it/auto/golf-8-2021-napoli-645748251.htm
GOLF 8 STYLE- 1.5TSI 130 CV,24500,Usato,05/2023,54000 Km,Benzina,Manuale,Euro 6d-TEMP,Senigallia,AN,Privato,https://www.subito.it/auto/golf-8-style-1-5tsi-130-cv-ancona-648451783.htm
VOLKSWAGEN Golf 2.0 TSI DSG GTI,28450,Usato,03/2021,58000 Km,Benzina,Sequenziale,Euro 6e,Lavis,TN,Rivenditore,https://www.subito.it/auto/volkswagen-golf-2-0-tsi-dsg-gti-trento-648437475.htm
golf 7.5 gti,27000,Usato,06/2024,110000 Km,Benzina,Manuale,Euro 6d-TEMP,Camporosso,IM,Privato,https://www.subito.it/auto/golf-7-5-gti-imperia-648363806.htm
VOLKSWAGEN Golf 1.0 eTSI EVO DSG Life,19500,Usato,11/2022,72000 Km,Ibrida,Sequenziale,Euro 6e,Scanzorosciate,BG,Rivenditore,https://www.subito.it/auto/volkswagen-golf-1-0-etsi-evo-dsg-life-bergamo-648212128.htm
VW Golf IV 2.3 V5 — 170 CV — Automat./Sequenziale,6500,Usato,05/2025,264200 Km,Benzina,Automatico,Euro 4,Bari,BA,Privato,https://www.subito.it/auto/vw-golf-iv-2-3-v5-170-cv-automat-sequenziale-bari-646465050.htm
golf8,23000,Usato,05/2021,90000 Km,Diesel,Sequenziale,Euro 6d-TEMP,Savigliano,CN,Privato,https://www.subito.it/auto/golf8-cuneo-648189829.htm
Volkswagen Golf 2.0 tdi R-Line 150cv dsg,28000,Usato,05/2023,70000 Km,Diesel,Sequenziale,Euro 6d-TEMP,Marcallo con Casone,MI,Privato,https://www.subito.it/auto/volkswagen-golf-2-0-tdi-r-line-150cv-dsg-milano-648080901.htm
Golf gti,23000,Usato,02/2024,31600 Km,Benzina,Automatico,Euro 6d-TEMP,Trento,TN,Privato,https://www.subito.it/auto/golf-gti-trento-648052066.htm
VOLKSWAGEN Golf 2.0 TDI 150 CV DSG SCR Life,19900,Usato,01/2021,86600 Km,Diesel,Automatico,Euro 6e,Rivignano Teor,UD,Rivenditore,https://www.subito.it/auto/volkswagen-golf-2-0-tdi-150-cv-dsg-scr-life-udine-647989677.htm
Volkswagen Golf 2.0 TDI 115 CV SCR Life,18899,Usato,08/2022,102000 Km,Diesel,Manuale,Euro 6e,Bracciano,RM,Rivenditore,https://www.subito.it/auto/volkswagen-golf-2-0-tdi-115-cv-scr-life-roma-647952646.htm
VOLKSWAGEN Golf 2.0 TDI 150 CV DSG SCR Life,19900,Usato,01/2021,86660 Km,Diesel,Automatico,Euro 6e,Oderzo,TV,Rivenditore,https://www.subito.it/auto/volkswagen-golf-2-0-tdi-150-cv-dsg-scr-life-treviso-647951006.htm
VOLKSWAGEN Golf 1.0 eTSI EVO DSG Life HYBRID CAM,18900,Usato,11/2021,45000 Km,Ibrida,Automatico,Euro 6e,Roma,RM,Rivenditore,https://www.subito.it/auto/volkswagen-golf-1-0-etsi-evo-dsg-life-hybrid-cam-roma-647943374.htm
Volkswagen Golf 2.0 TDI DSG Life 115 cv,20900,Usato,11/2022,75503 Km,Diesel,Automatico,Euro 6d-TEMP,Caorso,PC,Rivenditore,https://www.subito.it/auto/volkswagen-golf-2-0-tdi-dsg-life-115-cv-piacenza-647826997.htm
VOLKSWAGEN Golf 2.0 TDI DSG SCR Life,15800,Usato,04/2021,157000 Km,Diesel,Sequenziale,Euro 6d-TEMP,Padova,PD,Rivenditore,https://www.subito.it/auto/volkswagen-golf-2-0-tdi-dsg-scr-life-padova-647725198.htm
Golf VIII,19000,Usato,06/2021,70000 Km,Mild Hybrid Benzina,Automatico,Euro 6d-TEMP,Roma,RM,Privato,https://www.subito.it/auto/golf-viii-roma-647663691.htm
Golf gti 8 full optional,30000,Usato,10/2022,100000 Km,Benzina,Sequenziale,Euro 6d-TEMP,Napoli,NA,Privato,https://www.subito.it/auto/golf-gti-8-full-optional-napoli-647434493.htm
VOLKSWAGEN Golf 1.4 TSI eHYBRID 204 CV DSG Style,23900,Usato,06/2023,56379 Km,Ibrida,Automatico,Euro 6e,Rivignano Teor,UD,Rivenditore,https://www.subito.it/auto/volkswagen-golf-1-4-tsi-ehybrid-204-cv-dsg-style-udine-647367122.htm
VOLKSWAGEN Golf 1.4 TSI eHYBRID 204 CV DSG Style,23900,Usato,07/2023,55309 Km,Ibrida,Automatico,Euro 6e,Rivignano Teor,UD,Rivenditore,https://www.subito.it/auto/volkswagen-golf-1-4-tsi-ehybrid-204-cv-dsg-style-udine-647366934.htm
VOLKSWAGEN Golf 1.4 TSI eHYBRID DSG Style PLUG-I,23900,Usato,06/2023,56379 Km,Ibrida,Automatico,Euro 6e,Oderzo,TV,Rivenditore,https://www.subito.it/auto/volkswagen-golf-1-4-tsi-ehybrid-dsg-style-plug-i-treviso-647366419.htm
Golf 8 GTE,24500,Usato,02/2021,96250 Km,Plug-in Hybrid Benzina,Sequenziale,Euro 6d-TEMP,Varese,VA,Privato,https://www.subito.it/auto/golf-8-gte-varese-646357266.htm
Golf 8,17500,Usato,05/2021,190000 Km,Benzina/Metano,Automatico,,Taranto,TA,Privato,https://www.subito.it/auto/golf-8-taranto-647275691.htm
Volkswagen Golf 2.0 tdi Style 4motion 150cv dsg,28900,Usato,02/2024,58100 Km,Diesel,Automatico,Euro 6,Feltre,BL,Rivenditore,https://www.subito.it/auto/volkswagen-golf-2-0-tdi-style-4motion-150cv-dsg-belluno-647252806.htm
Volkswagen Golf 2.0 TDI 115 CV SCR Life,25000,Usato,02/2023,69000 Km,Diesel,Manuale,Euro 6,Fasano,BR,Rivenditore,https://www.subito.it/auto/volkswagen-golf-2-0-tdi-115-cv-scr-life-brindisi-647174052.htm
GOLF VIII VARIANT 1.0 110cv,18300,Usato,06/2021,61000 Km,Benzina,Manuale,Euro 6d-TEMP,Roma,RM,Privato,https://www.subito.it/auto/golf-viii-variant-1-0-110cv-roma-647168196.htm
VOLKSWAGEN GOLF 8 R LINE,25900,Usato,05/2023,60000 Km,Mild Hybrid Benzina,Automatico,Euro 6d-TEMP,Verona,VR,Privato,https://www.subito.it/auto/volkswagen-golf-8-r-line-verona-647157087.htm
VOLKSWAGEN Golf 2.0 TDI 115 CV SCR Life,19900,Usato,06/2021,72986 Km,Diesel,Manuale,Euro 6,Muggia,TS,Rivenditore,https://www.subito.it/auto/volkswagen-golf-2-0-tdi-115-cv-scr-life-trieste-647131109.htm
"Volkswagen Golf 8,5 2.0 tdi GOAL 115cv*GARANZIA+36",25100,Usato,11/2024,24295 Km,Diesel,Manuale,Euro 6e,Rimini,RN,Rivenditore,https://www.subito.it/auto/volkswagen-golf-8-5-2-0-tdi-goal-115cv-garanzia-36-rimini-647113524.htm
"Volkswagen Golf 8,5 1.5 tsi GOAL 115cv*GARANZIA+36",25600,Usato,09/2025,13705 Km,Benzina,Manuale,Euro 6e,Rimini,RN,Rivenditore,https://www.subito.it/auto/volkswagen-golf-8-5-1-5-tsi-goal-115cv-garanzia-36-rimini-647112417.htm
GOLF 1.0 TSI LIFE 110CV - 2021 - 100 mila KM,15000,Usato,10/2021,100000 Km,Benzina,Manuale,Euro 6d-TEMP,Venezia,VE,Privato,https://www.subito.it/auto/golf-1-0-tsi-life-110cv-2021-100-mila-km-venezia-647037538.htm
Volkswagen golf gti 8,28000,Usato,02/2022,76000 Km,Benzina,Sequenziale,Euro 6d-TEMP,Casalecchio di Reno,BO,Privato,https://www.subito.it/auto/volkswagen-golf-gti-8-bologna-647039736.htm
Volkswagen Golg GTI 5p 2.0 tsi Performance 245 dsg,24500,Usato,10/2021,70000 Km,Benzina,Manuale,Euro 6d-TEMP,Trento,TN,Privato,https://www.subito.it/auto/volkswagen-golg-gti-5p-2-0-tsi-performance-245-dsg-trento-647036933.htm
Volkswagen Golf 1.5 TGI DSG Life,19900,Usato,08/2022,86658 Km,Benzina/Metano,Sequenziale,Euro 6d-TEMP,Chiavari,GE,Rivenditore,https://www.subito.it/auto/volkswagen-golf-1-5-tgi-dsg-life-genova-647000917.htm
Golf GTI 1.8 anno 1990,18500,Usato,03/2023,91818 Km,Benzina,Manuale,,Negrar di Valpolicella,VR,Privato,https://www.subito.it/auto/golf-gti-1-8-anno-1990-verona-646597969.htm
Golf 8 rline,25500,Usato,06/2021,97000 Km,Diesel,Sequenziale,Euro 6d-TEMP,Catania,CT,Privato,https://www.subito.it/auto/golf-8-rline-catania-646544292.htm
Golf serie VII 1.6 diesel,13500,Usato,08/2022,135000 Km,Diesel,Manuale,Euro 6,Pavullo nel Frignano,MO,Privato,https://www.subito.it/auto/golf-serie-vii-1-6-diesel-modena-646467323.htm
Goalf 7/2,9000,Usato,07/2022,273263 Km,Diesel,Manuale,Euro 6d-TEMP,Avellino,AV,Privato,https://www.subito.it/auto/goalf-7-2-avellino-646455071.htm
Golf 8 automatica a metano,20500,Usato,12/2022,146000 Km,Benzina/Metano,Sequenziale,Euro 6d-TEMP,Canistro,AQ,Privato,https://www.subito.it/auto/golf-8-automatica-a-metano-l-aquila-646403729.htm
Golf 8.5 2.0 Diesel,26500,Usato,09/2024,51000 Km,Diesel,Manuale,Euro 6d-TEMP,Catanzaro,CZ,Privato,https://www.subito.it/auto/golf-8-5-2-0-diesel-catanzaro-646344333.htm
Golf 8 1500 eTsi 150cv dsg,22000,Usato,01/2022,70000 Km,Mild Hybrid Benzina,Sequenziale,Euro 6d-TEMP,Treviso,TV,Privato,https://www.subito.it/auto/golf-8-1500-etsi-150cv-dsg-treviso-646326616.htm
Golf 7.5 2021 1.6,17000,Usato,04/2021,166000 Km,Diesel,Manuale,Euro 6d-TEMP,Minturno,LT,Privato,https://www.subito.it/auto/golf-7-5-2021-1-6-latina-646325623.htm
Golf 8 2.0 TDI,21000,Usato,11/2021,72000 Km,Diesel,Manuale,Euro 6d-TEMP,Breda di Piave,TV,Privato,https://www.subito.it/auto/golf-8-2-0-tdi-treviso-646248595.htm
golf 8 diesel,12000,Usato,07/2021,180000 Km,Diesel,Manuale,Euro 6d-TEMP,Terracina,LT,Rivenditore,https://www.subito.it/auto/golf-8-diesel-latina-646246780.htm
Golf 8,17000,Usato,05/2022,140000 Km,Diesel,Manuale,Euro 6d-TEMP,Montichiari,BS,Privato,https://www.subito.it/auto/golf-8-brescia-646184406.htm
Golf 8 GTI,29998,Usato,01/2022,57000 Km,Benzina,Automatico,Euro 6d-TEMP,Chiampo,VI,Privato,https://www.subito.it/auto/golf-8-gti-vicenza-646091708.htm
golf 7 ,7500,Usato,12/2022,236000 Km,Diesel,Manuale,Euro 5,Corigliano-Rossano,CS,Privato,https://www.subito.it/auto/golf-7-cosenza-646062279.htm
Golf 8 TGI STYLE,16300,Usato,07/2021,110000 Km,Benzina/Metano,Manuale,Euro 6d-TEMP,Torre Annunziata,NA,Privato,https://www.subito.it/auto/golf-8-tgi-style-napoli-646004922.htm
golf 8 2.0 tdi Style 115cv,25500,Usato,08/2022,47000 Km,Diesel,Manuale,,Perugia,PG,Privato,https://www.subito.it/auto/golf-8-2-0-tdi-style-115cv-perugia-645793328.htm
VOLKSWAGEN Golf AZ18129,23399,Usato,07/2024,14540 Km,Diesel,Manuale,Euro 6e,Bari,BA,Rivenditore,https://www.subito.it/auto/volkswagen-golf-az18129-bari-645763016.htm
Volkswagen Golf 2.0 TDI 115 CV SCR Life dsg,17250,Usato,05/2021,178000 Km,Diesel,Automatico,Euro 6,Sogliano Cavour,LE,Rivenditore,https://www.subito.it/auto/volkswagen-golf-2-0-tdi-115-cv-scr-life-dsg-lecce-645752895.htm
Golf 8 anno 2025 1.5 benzina,25000,Usato,04/2025,28000 Km,Benzina,Manuale,Euro 6d-TEMP,Cologno Monzese,MI,Privato,https://www.subito.it/auto/golf-8-anno-2025-1-5-benzina-milano-645736373.htm
Vw golf 8 2.0tdi DSG,27000,Usato,08/2024,44460 Km,Diesel,Automatico,Euro 6d,Bologna,BO,Privato,https://www.subito.it/auto/vw-golf-8-2-0tdi-dsg-bologna-645659044.htm
Volkswagen Golf GTE,26600,Usato,02/2021,54700 Km,Plug-in Hybrid Benzina,Sequenziale,Euro 6d-TEMP,Sona,VR,Privato,https://www.subito.it/auto/volkswagen-golf-gte-verona-645645048.htm
Golf 8 gte plug-in hybrid,22500,Usato,01/2022,76000 Km,Plug-in Hybrid Benzina,Automatico,Euro 6d-TEMP,Mantova,MN,Privato,https://www.subito.it/auto/golf-8-gte-plug-in-hybrid-mantova-645635926.htm
Volkswagen Golf 2.0 TDI DSG TAGLIANDATA CASA MADRE,19900,Usato,04/2021,129000 Km,Diesel,Automatico,Euro 6e,Miggiano,LE,Rivenditore,https://www.subito.it/auto/volkswagen-golf-2-0-tdi-dsg-tagliandata-casa-madre-lecce-645540771.htm
Volkswagen Golf 1.5 TSI EVO ACTIVE,21950,Usato,04/2022,39700 Km,Benzina,Manuale,Euro 6,Varese,VA,Rivenditore,https://www.subito.it/auto/volkswagen-golf-1-5-tsi-evo-active-varese-645520340.htm
golf 8 ,17000,Usato,08/2022,98000 Km,Benzina,Manuale,Euro 6d-TEMP,Marigliano,NA,Privato,https://www.subito.it/auto/golf-8-napoli-645499517.htm
Volkswagen Golf 2.0 TDI 115 CV SCR Life,20800,Usato,02/2022,104000 Km,Diesel,Automatico,Euro 6e,Rivello,PZ,Rivenditore,https://www.subito.it/auto/volkswagen-golf-2-0-tdi-115-cv-scr-life-potenza-642000742.htm
Volkswagen Golf 7.5 2018,23000,Usato,04/2022,117000 Km,Benzina,Manuale,Euro 6d-TEMP,Travagliato,BS,Privato,https://www.subito.it/auto/volkswagen-golf-7-5-2018-brescia-645423390.htm
Volkswagen Golf VIII 1.0 TSI Life – 110 CV (2021),17000,Usato,02/2021,93000 Km,Benzina,Manuale,Euro 6,Verona,VR,Privato,https://www.subito.it/auto/volkswagen-golf-viii-1-0-tsi-life-110-cv-2021-verona-645323678.htm
Volkswagen GOLF 7  2.0 TDI 150 CV,13999,Usato,07/2021,157000 Km,Diesel,Manuale,Euro 6,Venezia,VE,Privato,https://www.subito.it/auto/volkswagen-golf-7-2-0-tdi-150-cv-venezia-645285576.htm
Golf  8,15500,Usato,02/2021,160000 Km,Benzina,Manuale,Euro 6d,Sassuolo,MO,Privato,https://www.subito.it/auto/golf-8-modena-645202318.htm
GOLF 8 2.0 TDI 115CV,18500,Usato,05/2021,130000 Km,Diesel,Manuale,Euro 6d-TEMP,Mazara del Vallo,TP,Privato,https://www.subito.it/auto/golf-8-2-0-tdi-115cv-trapani-645090059.htm
"Volkswagen Golf 1.6 TDI 115 CV - 2017 - Euro 6B

",13000,Usato,01/2023,127000 Km,Diesel,Manuale,Euro 6,Vercelli,VC,Privato,https://www.subito.it/auto/volkswagen-golf-1-6-tdi-115-cv-2017-euro-6b-vercelli-645075093.htm
Golf 8,20000,Usato,04/2022,60000 Km,Mild Hybrid Benzina,Automatico,Euro 6d-TEMP,Albano Laziale,RM,Privato,https://www.subito.it/auto/golf-8-roma-645066002.htm
Volkswagren Golf GTI Serie 8 anno 2021,30000,Usato,03/2021,77000 Km,Benzina,Automatico,Euro 6d-TEMP,Spoleto,PG,Privato,https://www.subito.it/auto/volkswagren-golf-gti-serie-8-anno-2021-perugia-645024994.htm
Volkswagen Golf 8 1.5 TSI 150 CV R-Line,23500,Usato,10/2022,23000 Km,Benzina,Manuale,Euro 6e,Piombino,LI,Privato,https://www.subito.it/auto/volkswagen-golf-8-1-5-tsi-150-cv-r-line-livorno-644973717.htm
golf 8,22990,Usato,05/2024,25000 Km,Diesel,Automatico,Euro 6d-TEMP,Cerignola,FG,Privato,https://www.subito.it/auto/golf-8-foggia-644961411.htm
Golf VIII GTD,29900,Usato,05/2022,69000 Km,Diesel,Sequenziale,Euro 6d-TEMP,Pescara,PE,Privato,https://www.subito.it/auto/golf-viii-gtd-pescara-644944484.htm
Golf 8 - Life 1.5cc 130cv Benzina,23900,Usato,12/2022,38000 Km,Benzina,Manuale,Euro 6d-TEMP,Bolzano,BZ,Privato,https://www.subito.it/auto/golf-8-life-1-5cc-130cv-benzina-bolzano-644933872.htm
Volkswagen Golf 7.5 Sport 1.5 TSI 150CV DSG,16500,Usato,06/2022,138000 Km,Benzina,Sequenziale,Euro 6d-TEMP,Savigliano,CN,Privato,https://www.subito.it/auto/volkswagen-golf-7-5-sport-1-5-tsi-150cv-dsg-cuneo-644777060.htm
VW Golf 8 GTD 2.0 TDI 200 CV DSG,26000,Usato,04/2021,91000 Km,Diesel,Automatico,Euro 6d,Roma,RM,Privato,https://www.subito.it/auto/vw-golf-8-gtd-2-0-tdi-200-cv-dsg-roma-644674383.htm
Golf 8 2.0 cc 115cv,19000,Usato,07/2021,62000 Km,Diesel,Manuale,Euro 6d-TEMP,San Giuseppe Jato,PA,Privato,https://www.subito.it/auto/golf-8-2-0-cc-115cv-palermo-644660346.htm
Golf 8 1ST EDITION Life 2.0,18000,Usato,03/2022,70000 Km,Diesel,Manuale,Euro 6d-TEMP,Torino,TO,Privato,https://www.subito.it/auto/golf-8-1st-edition-life-2-0-torino-644622757.htm
Volkswagen Golf 1.5 eTSI 130 CV EVO ACT DSG Style,23500,Usato,06/2021,25000 Km,Mild Hybrid Benzina,Sequenziale,Euro 6e,Napoli,NA,Rivenditore,https://www.subito.it/auto/volkswagen-golf-1-5-etsi-130-cv-evo-act-dsg-style-napoli-644529350.htm
Volkswagen Golf 8 2.0 TDI DSG Life - Km originali,16999,Usato,04/2021,124700 Km,Diesel,Sequenziale,Euro 6d-TEMP,Lamezia Terme,CZ,Privato,https://www.subito.it/auto/volkswagen-golf-8-2-0-tdi-dsg-life-km-originali-catanzaro-644476696.htm
Golf variant 8 2.0 tdi 150 cv style,21500,Usato,06/2022,114000 Km,Diesel,Manuale,Euro 6d,Avellino,AV,Privato,https://www.subito.it/auto/golf-variant-8-2-0-tdi-150-cv-style-avellino-625329214.htm
Golf 8,16900,Usato,11/2021,130000 Km,Diesel,Automatico,Euro 6d-TEMP,Foggia,FG,Privato,https://www.subito.it/auto/golf-8-foggia-644404755.htm
Golf 8,22000,Usato,03/2021,53000 Km,Mild Hybrid Benzina,Automatico,Euro 6d-TEMP,Somma Lombardo,VA,Privato,https://www.subito.it/auto/golf-8-varese-643560605.htm
🚗 Volkswagen Golf 1.0 TSI 110CV Life 2023 – Dispo,21200,Usato,03/2023,66572 Km,Benzina,Manuale,Euro 6d-TEMP,Milano,MI,Rivenditore,https://www.subito.it/auto/volkswagen-golf-1-0-tsi-110cv-life-2023-dispo-milano-644273946.htm
volkswagen golf 8 eTSI,19000,Usato,07/2021,56000 Km,Benzina,Automatico,Euro 6,Montecchio Maggiore,VI,Privato,https://www.subito.it/auto/volkswagen-golf-8-etsi-vicenza-644000797.htm
Volkswagen Golf 8ª Serie 2.0 TDI SCR Style – 2021,23000,Usato,10/2021,90000 Km,Diesel,Manuale,Euro 6d,San Gavino Monreale,VS,Privato,https://www.subito.it/auto/volkswagen-golf-8-serie-2-0-tdi-scr-style-2021-medio-campidano-643880085.htm
golf 7.5 gti ,26000,Usato,04/2024,99999 Km,Benzina,Sequenziale,Euro 6d-TEMP,Cerva,CZ,Privato,https://www.subito.it/auto/golf-7-5-gti-catanzaro-643834615.htm
VOLKSWAGEN Golf AZ18129,23399,Usato,07/2024,14540 Km,Diesel,Manuale,Euro 6e,Milano,MI,Rivenditore,https://www.subito.it/auto/volkswagen-golf-az18129-milano-643732956.htm
VOLKSWAGEN Golf AZ18129,23399,Usato,07/2024,14540 Km,Diesel,Manuale,Euro 6e,Catania,CT,Rivenditore,https://www.subito.it/auto/volkswagen-golf-az18129-catania-643700050.htm
VOLKSWAGEN Golf AZ18129,23399,Usato,07/2024,14540 Km,Diesel,Manuale,Euro 6e,Casagiove,CE,Rivenditore,https://www.subito.it/auto/volkswagen-golf-az18129-caserta-643681727.htm
VOLKSWAGEN Golf AZ18129,23399,Usato,07/2024,14540 Km,Diesel,Manuale,Euro 6e,Sassari,SS,Rivenditore,https://www.subito.it/auto/volkswagen-golf-az18129-sassari-643680723.htm
VOLKSWAGEN Golf AZ18129,23399,Usato,07/2024,14540 Km,Diesel,Manuale,Euro 6e,Verona,VR,Rivenditore,https://www.subito.it/auto/volkswagen-golf-az18129-verona-643677905.htm
Volkswagen Golf 8 Rline,27500,Usato,05/2024,33872 Km,Mild Hybrid Benzina,Automatico,Euro 6d-TEMP,Caserta,CE,Privato,https://www.subito.it/auto/volkswagen-golf-8-rline-caserta-643522624.htm
Golf 7 4 motion r-line,16800,Usato,11/2024,121000 Km,Diesel,Manuale,Euro 6,Merano,BZ,Privato,https://www.subito.it/auto/golf-7-4-motion-r-line-bolzano-643436569.htm
Volkswagen Golf 8,18390,Usato,10/2022,109000 Km,Diesel,Automatico,Euro 6d-TEMP,Polistena,RC,Privato,https://www.subito.it/auto/volkswagen-golf-8-reggio-calabria-643322567.htm
Golf 8 1.5 130cv benzina,28000,Usato,05/2021,50000 Km,Benzina,Automatico,Euro 6d-TEMP,Brescello,RE,Privato,https://www.subito.it/auto/golf-8-1-5-130cv-benzina-reggio-emilia-643319467.htm
Volkswagen Golf 1.5 etsi evo Style 130cv dsg,23400,Usato,2023,55334 Km,Ibrida,Automatico,Euro 6,Cuneo,CN,Rivenditore,https://www.subito.it/auto/volkswagen-golf-1-5-etsi-evo-style-130cv-dsg-cuneo-643317919.htm
Golf 7.5 GTD White Silver,20000,Usato,07/2024,170000 Km,Diesel,Manuale,Euro 6b,Chieti,CH,Privato,https://www.subito.it/auto/golf-7-5-gtd-white-silver-chieti-643188783.htm
Volkswagen Golf 1.4 Plug-In Hybrid DSG GTE 245 cv,23900,Usato,04/2021,27000 Km,Mild Hybrid Benzina,Automatico,Euro 6,Rosta,TO,Rivenditore,https://www.subito.it/auto/volkswagen-golf-1-4-plug-in-hybrid-dsg-gte-245-cv-torino-643074908.htm
"Golf 8 1000 ibrida etsi, evo",17500,Usato,04/2021,70000 Km,Benzina,Automatico,Euro 6a,Cavernago,BG,Privato,https://www.subito.it/auto/golf-8-1000-ibrida-etsi-evo-bergamo-642942756.htm
Golf 8 1.5 tsi 150 cv,19500,Usato,04/2021,111500 Km,Mild Hybrid Benzina,Sequenziale,Euro 6d-TEMP,Rosignano Marittimo,LI,Privato,https://www.subito.it/auto/golf-8-1-5-tsi-150-cv-livorno-642876091.htm
Golf 8 R-Line 2.0 150cv,27000,Usato,02/2021,59000 Km,Diesel,Automatico,Euro 6,Lusia,RO,Privato,https://www.subito.it/auto/golf-8-r-line-2-0-150cv-rovigo-642840518.htm
GOLF GTI 2.0 TFSI 245CAVALLI TETTO APRIBILE,24990,Usato,03/2022,46300 Km,Benzina,Manuale,Euro 6d-TEMP,Napoli,NA,Rivenditore,https://www.subito.it/auto/golf-gti-2-0-tfsi-245cavalli-tetto-apribile-napoli-642757681.htm
Volkswagen Golf Variant 1.0 eTSI EVO DSG Life - 20,18000,Usato,06/2021,87200 Km,Mild Hybrid Benzina,Automatico,Euro 6e,Ozieri,SS,Rivenditore,https://www.subito.it/auto/volkswagen-golf-variant-1-0-etsi-evo-dsg-life-20-sassari-642717577.htm
Golf r line,28000,Usato,12/2024,51000 Km,Mild Hybrid Benzina,Automatico,Euro 6d-TEMP,Cassina Rizzardi,CO,Privato,https://www.subito.it/auto/golf-r-line-como-642653945.htm
Volskwagen Golf 1.5 etsi evo R-Line 150cv dsg,28000,Usato,05/2023,32000 Km,Mild Hybrid Benzina,Sequenziale,Euro 6d-TEMP,Roma,RM,Privato,https://www.subito.it/auto/volskwagen-golf-1-5-etsi-evo-r-line-150cv-dsg-roma-642518747.htm
Golf 8,24000,Usato,10/2022,135000 Km,Diesel,Sequenziale,Euro 6d-TEMP,Cetraro,CS,Privato,https://www.subito.it/auto/golf-8-cosenza-642533643.htm
Volkswagen Golf VIII 2020 Benzina 1.4 GTE dsg,24500,Usato,07/2022,36053 Km,Ibrida,Automatico,Euro 6,Pesaro,PU,Rivenditore,https://www.subito.it/auto/volkswagen-golf-viii-2020-benzina-1-4-gte-dsg-pesaro-urbino-632306309.htm
Golf 8 plug-in 70.000 km !,25999,Usato,05/2021,71000 Km,Plug-in Hybrid Benzina,Sequenziale,Euro 6d-TEMP,Vicenza,VI,Privato,https://www.subito.it/auto/golf-8-plug-in-70-000-km-vicenza-642466637.htm
Volkswagen Golf VIII 2020 Benzina 1.4 GTE dsg,24500,Usato,07/2022,36053 Km,Ibrida,Automatico,Euro 6,Pesaro,PU,Rivenditore,https://www.subito.it/auto/volkswagen-golf-viii-2020-benzina-1-4-gte-dsg-pesaro-urbino-632306314.htm
Golf VI 2.0 140 🐎,6700,Usato,07/2022,230000 Km,Diesel,Manuale,Euro 5,Palma di Montechiaro,AG,Privato,https://www.subito.it/auto/golf-vi-2-0-140-agrigento-642370349.htm
Golf 8.5 1.5 TSI 115cv 2025 – 30000 km – Pari al,26000,Usato,05/2025,30000 Km,Mild Hybrid Benzina,Sequenziale,Euro 6d-TEMP,Cosenza,CS,Privato,https://www.subito.it/auto/golf-8-5-1-5-tsi-115cv-2025-30000-km-pari-al-cosenza-642321946.htm
Golf 1.5 eTSI 130 CV EVO ACT DSG Life 2022,20900,Usato,02/2022,80665 Km,Mild Hybrid Benzina,Sequenziale,Euro 6d-TEMP,Alessandria,AL,Privato,https://www.subito.it/auto/golf-1-5-etsi-130-cv-evo-act-dsg-life-2022-alessandria-642231967.htm
VOLKSWAGEN Golf 2.0 TDI DSG SCR Life,17990,Usato,12/2021,98150 Km,Diesel,Sequenziale,Euro 6d-TEMP,Cirie',TO,Privato,https://www.subito.it/auto/volkswagen-golf-2-0-tdi-dsg-scr-life-torino-642153352.htm
VW GOLF 8 2.0 115CV KM CERTIFICATI,15999,Usato,12/2021,160000 Km,Diesel,Manuale,Euro 6d-TEMP,Pontecorvo,FR,Privato,https://www.subito.it/auto/vw-golf-8-2-0-115cv-km-certificati-frosinone-642057380.htm
Volkswagen Golf 1.5 TGI DSG Style NEOPATENTATI,22500,Usato,04/2021,67000 Km,Benzina/Metano,Automatico,Euro 6e,Cingoli,MC,Rivenditore,https://www.subito.it/auto/volkswagen-golf-1-5-tgi-dsg-style-neopatentati-macerata-642053762.htm
Golf 8 gti ex 245cv,28500,Usato,09/2021,69000 Km,Benzina,Automatico,Euro 6d-TEMP,Villar Perosa,TO,Privato,https://www.subito.it/auto/golf-8-gti-ex-245cv-torino-642029815.htm
golf 8 rline,17999,Usato,04/2021,163000 Km,Diesel,Sequenziale,Euro 6d-TEMP,Nuvolento,BS,Privato,https://www.subito.it/auto/golf-8-rline-brescia-641855090.htm
Golf 8.5 R-Line Plus etsi 1.5 DSG  115 CV 2025,29000,Usato,04/2025,13648 Km,Mild Hybrid Benzina,Sequenziale,Euro 6d-TEMP,Cagliari,CA,Privato,https://www.subito.it/auto/golf-8-5-r-line-plus-etsi-1-5-dsg-115-cv-2025-cagliari-641852210.htm
golf 8 stile 120 cv nero perlato - Diesel,25700,Usato,06/2023,35000 Km,Diesel,Automatico,Euro 6d-TEMP,Asti,AT,Privato,https://www.subito.it/auto/golf-8-stile-120-cv-nero-perlato-diesel-asti-641824795.htm
Golf 7,14500,Usato,04/2025,192000 Km,Diesel,Manuale,Euro 6d-TEMP,Avola,SR,Privato,https://www.subito.it/auto/golf-7-siracusa-641821258.htm
Golf Tdi,5500,Usato,08/2021,139000 Km,Diesel,Manuale,Euro 5,Modena,MO,Privato,https://www.subito.it/auto/golf-tdi-modena-626318637.htm
Volkswagen Golf GTI 2.0 TSI DSG,24499,Usato,12/2021,108000 Km,Benzina,Sequenziale,Euro 6,Casoria,NA,Rivenditore,https://www.subito.it/auto/volkswagen-golf-gti-2-0-tsi-dsg-napoli-641802859.htm
Volkswagen Golf 2.0 TDI 116 Cv SCR Style - 2022,22500,Usato,01/2022,103138 Km,Diesel,Manuale,Euro 6e,Ozieri,SS,Rivenditore,https://www.subito.it/auto/volkswagen-golf-2-0-tdi-116-cv-scr-style-2022-sassari-641794252.htm
VOLKSWAGEN Golf 2.0 TDI DSG SCR Style i.e,23800,Usato,02/2023,88000 Km,Diesel,Sequenziale,Euro 6,Augusta,SR,Rivenditore,https://www.subito.it/auto/volkswagen-golf-2-0-tdi-dsg-scr-style-i-e-siracusa-641777538.htm
VOLKSWAGEN Golf 2.0 TDI 115 CV SCR Life - PROMO,23800,Usato,02/2025,19980 Km,Diesel,Manuale,Euro 6,Brendola,VI,Rivenditore,https://www.subito.it/auto/volkswagen-golf-2-0-tdi-115-cv-scr-life-promo-vicenza-641714415.htm
Golf 8 2.0 TDI SCR Style,18500,Usato,02/2021,160000 Km,Diesel,Manuale,Euro 6d-TEMP,San Giovanni a Piro,SA,Privato,https://www.subito.it/auto/golf-8-2-0-tdi-scr-style-salerno-641637352.htm
golf 8,20500,Usato,08/2021,93000 Km,Diesel,Manuale,Euro 6c,Seminara,RC,Privato,https://www.subito.it/auto/golf-8-reggio-calabria-641628159.htm
Golf VIII 2021 1.0 eTSI DSG,18000,Usato,04/2021,69000 Km,Mild Hybrid Benzina,Automatico,Euro 6d-TEMP,Napoli,NA,Privato,https://www.subito.it/auto/golf-viii-2021-1-0-etsi-dsg-napoli-641593443.htm
Golf 7.5 gti PERFORMANCE,23000,Usato,12/2021,135000 Km,Benzina,Automatico,Euro 6,Udine,UD,Privato,https://www.subito.it/auto/golf-7-5-gti-performance-udine-641477659.htm
VOLKSWAGEN Golf 1.5 TSI EVO ACT style,21500,Usato,01/2025,61523 Km,Benzina,Manuale,Euro 6d-TEMP,Monte Compatri,RM,Privato,https://www.subito.it/auto/volkswagen-golf-1-5-tsi-evo-act-style-roma-641275708.htm
Volkswagen Golf 8 GTD,30000,Usato,02/2022,47000 Km,Diesel,Automatico,Euro 6d-TEMP,Perugia,PG,Rivenditore,https://www.subito.it/auto/volkswagen-golf-8-gtd-perugia-641259450.htm
Volkswagen Golf 1.5 TSI EVO ACT Life,20900,Usato,02/2023,39900 Km,Benzina,Manuale,Euro 6,Varese,VA,Rivenditore,https://www.subito.it/auto/volkswagen-golf-1-5-tsi-evo-act-life-varese-641158271.htm
VOLKSWAGEN Golf 2.0 TDI 115 CV SCR Life,23880,Usato,02/2025,31000 Km,Diesel,Manuale,Euro 6d-TEMP,Caorso,PC,Privato,https://www.subito.it/auto/volkswagen-golf-2-0-tdi-115-cv-scr-life-piacenza-640979225.htm
Volkswagen Golf 2.0 tdi Style 150cv dsg,21200,Usato,01/2021,71342 Km,Diesel,Automatico,Euro 6,Castello di Brianza,LC,Rivenditore,https://www.subito.it/auto/volkswagen-golf-2-0-tdi-style-150cv-dsg-lecco-640894174.htm
Volkswagen Golf 1.0 eTSI EVO DSG Life,21900,Usato,05/2023,60135 Km,Mild Hybrid Benzina,Automatico,Euro 6e,Torino,TO,Rivenditore,https://www.subito.it/auto/volkswagen-golf-1-0-etsi-evo-dsg-life-torino-640860650.htm
Volkswagen Golf 2.0 TDI 150 CV DSG SCR Life,19990,Usato,02/2023,100000 Km,Diesel,Sequenziale,Euro 6,Cernusco sul Naviglio,MI,Rivenditore,https://www.subito.it/auto/volkswagen-golf-2-0-tdi-150-cv-dsg-scr-life-milano-640859012.htm
Volkswagen Golf 1.5 TSI EVO ACT Style,18500,Usato,01/2021,95000 Km,Benzina,Manuale,Euro 6,Cingoli,MC,Rivenditore,https://www.subito.it/auto/volkswagen-golf-1-5-tsi-evo-act-style-macerata-640840287.htm
Volkswagen golf 8,17500,Usato,07/2022,80000 Km,Benzina,Automatico,Euro 6d-TEMP,Torre Annunziata,NA,Privato,https://www.subito.it/auto/volkswagen-golf-8-napoli-640800524.htm
GOLF 8 2021 2.0 TDI ,18100,Usato,03/2021,110000 Km,Diesel,Manuale,Euro 6e,Modena,MO,Privato,https://www.subito.it/auto/golf-8-2021-2-0-tdi-modena-640753181.htm
Golf serie 8   80.000 km,20000,Usato,07/2021,80000 Km,Diesel,Manuale,Euro 6d-TEMP,Viterbo,VT,Privato,https://www.subito.it/auto/golf-serie-8-80-000-km-viterbo-640727685.htm
GOLF 8 GTE 1.4 ANNO 2021,25000,Usato,12/2021,34642 Km,Plug-in Hybrid Benzina,Automatico,Euro 6d-TEMP,Melegnano,MI,Rivenditore,https://www.subito.it/auto/golf-8-gte-1-4-anno-2021-milano-640699379.htm
Golf 8 1.0 etsi DSG 110cv,22000,Usato,06/2021,125000 Km,Mild Hybrid Benzina,Automatico,Euro 6e,Martellago,VE,Privato,https://www.subito.it/auto/golf-8-1-0-etsi-dsg-110cv-venezia-640682422.htm
Volkswagen Golf serie 8 TGI DSG,17800,Usato,03/2021,145100 Km,Benzina/Metano,Automatico,Euro 6d-TEMP,Pedaso,FM,Privato,https://www.subito.it/auto/volkswagen-golf-serie-8-tgi-dsg-fermo-640595233.htm
Volkswagen Golf 8 2.0 TDI 115 CV SCR Life,14500,Usato,03/2022,230000 Km,Diesel,Manuale,Euro 6e,Qualiano,NA,Rivenditore,https://www.subito.it/auto/volkswagen-golf-8-2-0-tdi-115-cv-scr-life-napoli-640498319.htm
Golf  8 gtd,28000,Usato,06/2021,137000 Km,Diesel,Automatico,Euro 6d-TEMP,Ostuni,BR,Privato,https://www.subito.it/auto/golf-8-gtd-brindisi-640434897.htm
GOLF 6,6500,Usato,11/2022,278000 Km,Diesel,Sequenziale,Euro 5,Santeramo in Colle,BA,Privato,https://www.subito.it/auto/golf-6-bari-634787045.htm
VOLKSWAGEN Golf 2.0 TDI SCR Style,20000,Usato,04/2021,55000 Km,Diesel,Manuale,Euro 6d-TEMP,Sarconi,PZ,Privato,https://www.subito.it/auto/volkswagen-golf-2-0-tdi-scr-style-potenza-616878096.htm
Golf 8 gtd anno 2021,26000,Usato,04/2021,129000 Km,Diesel,Automatico,Euro 6e,Cagliari,CA,Privato,https://www.subito.it/auto/golf-8-gtd-anno-2021-cagliari-640142800.htm
Golf 8 1,18300,Usato,04/2022,63000 Km,Benzina,Manuale,Euro 6d-TEMP,Torino,TO,Privato,https://www.subito.it/auto/golf-8-1-torino-640108821.htm
Volkswagen Golf 8 GTD 2.0 TDI 200cv DSG,24000,Usato,01/2022,135000 Km,Diesel,Automatico,Euro 6,Catanzaro,CZ,Privato,https://www.subito.it/auto/volkswagen-golf-8-gtd-2-0-tdi-200cv-dsg-catanzaro-639952847.htm
Volkswagen Golf 8 2.0 TDI DSG GTD,27999,Usato,01/2021,109000 Km,Diesel,Automatico,Euro 6e,Polistena,RC,Rivenditore,https://www.subito.it/auto/volkswagen-golf-8-2-0-tdi-dsg-gtd-reggio-calabria-639941218.htm
Volkswagen golf8,24000,Usato,05/2022,100000 Km,Diesel,Manuale,Euro 6d-TEMP,Taranto,TA,Privato,https://www.subito.it/auto/volkswagen-golf8-taranto-639840501.htm
Volkswagen Golf 2.0 TDI 150 CV DSG SCR Style,24900,Usato,06/2021,85000 Km,Diesel,Sequenziale,Euro 6e,Salussola,BI,Rivenditore,https://www.subito.it/auto/volkswagen-golf-2-0-tdi-150-cv-dsg-scr-style-biella-639737923.htm
GOLF 8 26000km,21900,Usato,03/2023,26000 Km,Mild Hybrid Benzina,Sequenziale,Euro 6d-TEMP,Melito di Napoli,NA,Privato,https://www.subito.it/auto/golf-8-26000km-napoli-639695883.htm
VOLKSWAGEN Golf GTI PERFORMANCE 2.0 245CV PANORA,28990,Usato,05/2022,49000 Km,Benzina,Automatico,Euro 6,Roma,RM,Rivenditore,https://www.subito.it/auto/volkswagen-golf-gti-performance-2-0-245cv-panora-roma-639634977.htm
Volkswagen Golf 8,14000,Usato,11/2021,168000 Km,Diesel,Manuale,Euro 6d-TEMP,Trieste,TS,Privato,https://www.subito.it/auto/volkswagen-golf-8-trieste-639551599.htm
Golf 8,18200,Usato,06/2023,88000 Km,Diesel,Manuale,Euro 6,Modena,MO,Privato,https://www.subito.it/auto/golf-8-modena-639490689.htm
Volkswagen Golf 7.5 GTI 2.0 TSI 245 CV,26500,Usato,02/2024,85000 Km,Benzina,Sequenziale,Euro 6d-TEMP,San Filippo del Mela,ME,Privato,https://www.subito.it/auto/volkswagen-golf-7-5-gti-2-0-tsi-245-cv-messina-639397475.htm
Golf 8,18500,Usato,03/2022,160000 Km,Diesel,Automatico,Euro 6d-TEMP,Brembate,BG,Privato,https://www.subito.it/auto/golf-8-bergamo-639388342.htm
golf  8macchina,26500,Usato,08/2024,26000 Km,Benzina,Manuale,Euro 6e,Seregno,MB,Privato,https://www.subito.it/auto/golf-8macchina-monza-639368784.htm
Golf 8.5 Edition Plus 1.5 tsi 115 CV,27000,Usato,04/2025,10000 Km,Benzina,Manuale,,Pescara,PE,Privato,https://www.subito.it/auto/golf-8-5-edition-plus-1-5-tsi-115-cv-pescara-639367886.htm
Volkswagen Golf 8 1.0 eTSI DSG Mild Hybrid – 2023,22500,Usato,06/2023,49442 Km,Mild Hybrid Benzina,Automatico,Euro 6d-TEMP,Pontedera,PI,Privato,https://www.subito.it/auto/volkswagen-golf-8-1-0-etsi-dsg-mild-hybrid-2023-pisa-639316228.htm
VW GOLF 8 2.0 TDI SCR STYLE,21000,Usato,03/2023,82992 Km,Diesel,,Euro 6d,Torino,TO,Privato,https://www.subito.it/auto/vw-golf-8-2-0-tdi-scr-style-torino-639250450.htm
Volkswagen Golf 8 1.5 eTSI Evo Style DSG,23900,Usato,05/2023,28500 Km,Mild Hybrid Benzina,Automatico,Euro 6d,Verbania,VB,Privato,https://www.subito.it/auto/volkswagen-golf-8-1-5-etsi-evo-style-dsg-verbano-cusio-ossola-639123234.htm
Golf 8R,22500,Usato,05/2021,77000 Km,Benzina,Manuale,Euro 6e,Vico del Gargano,FG,Privato,https://www.subito.it/auto/golf-8r-foggia-639111006.htm
VW Golf 8 Metan/ben-Tagliandi certificati-perfetta,19000,Usato,05/2021,100000 Km,Benzina/Metano,Automatico,Euro 6d-TEMP,Orvieto,TR,Privato,https://www.subito.it/auto/vw-golf-8-metan-ben-tagliandi-certificati-perfetta-terni-632976663.htm
Golf 8 gti,30000,Usato,11/2022,45000 Km,Benzina,Sequenziale,Euro 6d-TEMP,Aosta,AO,Privato,https://www.subito.it/auto/golf-8-gti-aosta-638834556.htm
Volkswagen Golf 2.0 TDI 115 CV SCR Life,17500,Usato,12/2021,117000 Km,Diesel,Manuale,Euro 6,Frosinone,FR,Rivenditore,https://www.subito.it/auto/volkswagen-golf-2-0-tdi-115-cv-scr-life-frosinone-638688197.htm
Golf 8 etsi,16000,Usato,05/2021,125000 Km,Benzina,Automatico,Euro 6e,Forli',FC,Privato,https://www.subito.it/auto/golf-8-etsi-forli-cesena-638472165.htm
Volkswagen golf ,18200,Usato,10/2022,170000 Km,Diesel,Automatico,Euro 6d-TEMP,Carini,PA,Privato,https://www.subito.it/auto/volkswagen-golf-palermo-638145067.htm
GOLF 8,18900,Usato,07/2022,83000 Km,Mild Hybrid Benzina,Automatico,Euro 6,Vercelli,VC,Privato,https://www.subito.it/auto/golf-8-vercelli-638064568.htm
Volkswagen Golf Variant 2000 TDI,15900,Usato,09/2021,105000 Km,Diesel,Manuale,,Ispica,RG,Privato,https://www.subito.it/auto/volkswagen-golf-variant-2000-tdi-ragusa-637992899.htm
GOLF 8,21000,Usato,03/2021,119000 Km,Diesel,Sequenziale,Euro 6d-TEMP,Torino,TO,Privato,https://www.subito.it/auto/golf-8-torino-637893689.htm
Golf 2.0 TDI 150 CV DSG SCR R-Line,14500,Usato,06/2023,135000 Km,Diesel,Automatico,Euro 6,Modena,MO,Rivenditore,https://www.subito.it/auto/golf-2-0-tdi-150-cv-dsg-scr-r-line-modena-637890000.htm
Golf anno 2025,25500,Usato,02/2025,54981 Km,Diesel,Manuale,Euro 6d-TEMP,Remedello,BS,Privato,https://www.subito.it/auto/golf-anno-2025-brescia-637754243.htm
Volkswagen Golf 7.5 GTD DSG,18000,Usato,09/2022,160000 Km,Diesel,Sequenziale,Euro 6,Venezia,VE,Privato,https://www.subito.it/auto/volkswagen-golf-7-5-gtd-dsg-venezia-637302942.htm
vm golf 8,22000,Usato,05/2021,66000 Km,Benzina,Manuale,Euro 6e,Modena,MO,Privato,https://www.subito.it/auto/vm-golf-8-modena-637233672.htm
Volkswagen Golf 1.0 eTSI EVO DSG Life,19900,Usato,11/2022,78472 Km,Mild Hybrid Benzina,Automatico,Euro 6d-TEMP,Caorso,PC,Rivenditore,https://www.subito.it/auto/volkswagen-golf-1-0-etsi-evo-dsg-life-piacenza-637114772.htm
Golf 8 2022. 110cv automatico benzina/ibrida,20000,Usato,10/2022,97000 Km,Mild Hybrid Benzina,Sequenziale,Euro 6d-TEMP,Nogara,VR,Privato,https://www.subito.it/auto/golf-8-2022-110cv-automatico-benzina-ibrida-verona-636958054.htm
VOLKSWAGEN Golf 2.0 TDI 115 CV SCR Life,21850,Usato,01/2022,88000 Km,Diesel,Manuale,Euro 6e,Lavis,TN,Rivenditore,https://www.subito.it/auto/volkswagen-golf-2-0-tdi-115-cv-scr-life-trento-636900021.htm
GOLF 8 GTI,27500,Usato,03/2021,98000 Km,Benzina,Automatico,Euro 6d-TEMP,Olbia,OT,Privato,https://www.subito.it/auto/golf-8-gti-gallura-636885143.htm
Volkswagen golf GTE ,26000,Usato,09/2021,67000 Km,Plug-in Hybrid Benzina,Automatico,Euro 6d-TEMP,Salerno,SA,Privato,https://www.subito.it/auto/volkswagen-golf-gte-salerno-636665587.htm
golf 8 style 2000 tdi,26800,Usato,03/2023,45000 Km,Diesel,Manuale,Euro 6d-TEMP,Pistoia,PT,Privato,https://www.subito.it/auto/golf-8-style-2000-tdi-pistoia-636598546.htm
Golf 8 2.0 TDI 150cv  DSG SCR R-Line,24500,Usato,03/2021,120000 Km,Diesel,Automatico,Euro 6d-TEMP,Lovere,BG,Privato,https://www.subito.it/auto/golf-8-2-0-tdi-150cv-dsg-scr-r-line-bergamo-636560943.htm
Golf 7 1.4TSI 125 cv dsg euro 6,11000,Usato,04/2026,192000 Km,Benzina,Manuale,Euro 6,Milano,MI,Privato,https://www.subito.it/auto/golf-7-1-4tsi-125-cv-dsg-euro-6-milano-636531698.htm
Volkswagen Golf 2.0 TSI GTI DSG Clubsport 45,29900,Usato,03/2022,96000 Km,Benzina,Sequenziale,Euro 6e,Bolzano,BZ,Rivenditore,https://www.subito.it/auto/volkswagen-golf-2-0-tsi-gti-dsg-clubsport-45-bolzano-636372267.htm
subentro leasing,5000,Usato,07/2025,40000 Km,Plug-in Hybrid Benzina,Sequenziale,Euro 6d-TEMP,La Spezia,SP,Rivenditore,https://www.subito.it/auto/subentro-leasing-la-spezia-635762234.htm
GOLF 1.5 TSI EVO LIFE DSG 130 CV Mild Hybrid,22500,Usato,11/2022,80000 Km,Mild Hybrid Benzina,Sequenziale,Euro 6d-TEMP,Seriate,BG,Privato,https://www.subito.it/auto/golf-1-5-tsi-evo-life-dsg-130-cv-mild-hybrid-bergamo-634814513.htm
volkswagen golf diesel,21500,Usato,07/2024,52300 Km,Diesel,Manuale,Euro 6e,Fagagna,UD,Privato,https://www.subito.it/auto/volkswagen-golf-diesel-udine-635558326.htm
Volkswagen Golf 2.0 tdi Life 115cv dsg,20900,Usato,02/2023,130000 Km,Diesel,Automatico,Euro 6e,Cervignano del Friuli,UD,Rivenditore,https://www.subito.it/auto/volkswagen-golf-2-0-tdi-life-115cv-dsg-udine-635541121.htm
Volkswagen golf VIII,23000,Usato,06/2021,52000 Km,Benzina,Manuale,Euro 6d-TEMP,Sassuolo,MO,Privato,https://www.subito.it/auto/volkswagen-golf-viii-modena-635519089.htm
Volkswagen Golf GTI 2.0Tfsi DSG 245cv STUPENDA,28900,Usato,08/2022,53000 Km,Benzina,Automatico,Euro 6d-TEMP,Chiari,BS,Privato,https://www.subito.it/auto/volkswagen-golf-gti-2-0tfsi-dsg-245cv-stupenda-brescia-635265554.htm
VW Golf 8 R-Line 1.5 Tsi 131 Cv-2022-Full Optional,23900,Usato,07/2022,58157 Km,Benzina,Manuale,Euro 6d-TEMP,Prato,PO,Rivenditore,https://www.subito.it/auto/vw-golf-8-r-line-1-5-tsi-131-cv-2022-full-optional-prato-635145988.htm
Golf8,24500,Usato,11/2021,140000 Km,Diesel,Sequenziale,Euro 6d-TEMP,Manduria,TA,Privato,https://www.subito.it/auto/golf8-taranto-634954696.htm
Golf 8 R-line 1.5 TSI 150 cv Manuale,23500,Usato,02/2021,55000 Km,Benzina,Manuale,Euro 6d-TEMP,Bovalino,RC,Privato,https://www.subito.it/auto/golf-8-r-line-1-5-tsi-150-cv-manuale-reggio-calabria-634774744.htm
Golf 8 1.5 etsi 150 cv R-line,23000,Usato,06/2021,75000 Km,Benzina,Automatico,,Bergamo,BG,Privato,https://www.subito.it/auto/golf-8-1-5-etsi-150-cv-r-line-bergamo-634757203.htm
golf 8 tgi,20000,Usato,01/2021,59000 Km,Benzina/Metano,Automatico,Euro 6d-TEMP,Bologna,BO,Privato,https://www.subito.it/auto/golf-8-tgi-bologna-634737353.htm
Golf 8  Automatica NEOPATENTATI 2.0 Diesel,13999,Usato,02/2021,230000 Km,Diesel,Automatico,Euro 6d-TEMP,Cagliari,CA,Privato,https://www.subito.it/auto/golf-8-automatica-neopatentati-2-0-diesel-cagliari-634517029.htm
"Volkswagen Golf 8.5 2.0 TDI 85kw, 115CV",29900,Usato,01/2025,29000 Km,Diesel,Manuale,Euro 6e,Fermo,FM,Privato,https://www.subito.it/auto/volkswagen-golf-8-5-2-0-tdi-85kw-115cv-fermo-634455365.htm
Golf 8 1.0 etsi ,21900,Usato,06/2023,44000 Km,Mild Hybrid Benzina,Sequenziale,Euro 6d-TEMP,Guidonia Montecelio,RM,Privato,https://www.subito.it/auto/golf-8-1-0-etsi-roma-634408470.htm
Golf 8,24500,Usato,10/2022,76000 Km,,,,Agrigento,AG,Privato,https://www.subito.it/auto/golf-8-agrigento-634212502.htm
Golf metano 1.5 metano ,26000,Usato,06/2023,62000 Km,Benzina/Metano,Automatico,Euro 6d-TEMP,Contigliano,RI,Privato,https://www.subito.it/auto/golf-metano-1-5-metano-rieti-633929529.htm
Golf VIII 1.0 eTSI 110 cv,20000,Usato,06/2021,62000 Km,Ibrida,Automatico,Euro 6d-TEMP,Roma,RM,Privato,https://www.subito.it/auto/golf-viii-1-0-etsi-110-cv-roma-633882674.htm
Golf 8 gti,30000,Usato,02/2022,60000 Km,Benzina,Automatico,Euro 6d-TEMP,Padova,PD,Privato,https://www.subito.it/auto/golf-8-gti-padova-633775351.htm
Volkswagen Golf 2.0 TDI 115 CV SCR Life - 2025,28500,Usato,03/2025,18400 Km,Diesel,Manuale,Euro 6e,Ozieri,SS,Rivenditore,https://www.subito.it/auto/volkswagen-golf-2-0-tdi-115-cv-scr-life-2025-sassari-633602507.htm
wolwagen golf gti 2022,30000,Usato,01/2022,32000 Km,Benzina,Automatico,Euro 6d-TEMP,Roma,RM,Privato,https://www.subito.it/auto/wolwagen-golf-gti-2022-roma-633315858.htm
Volkswagen Golf 2.0 TDI 115 CV SCR Life,18400,Usato,05/2021,122000 Km,Diesel,Manuale,Euro 6e,Canosa di Puglia,BT,Rivenditore,https://www.subito.it/auto/volkswagen-golf-2-0-tdi-115-cv-scr-life-barletta-andria-trani-633174430.htm
Golf 8 r line,24000,Usato,03/2022,96000 Km,Mild Hybrid Benzina,Automatico,,Verona,VR,Privato,https://www.subito.it/auto/golf-8-r-line-verona-633157697.htm
VOLKSWAGEN Golf Variant 1.0 ETSI EVO DSG LIFE FU,19900,Usato,12/2023,44559 Km,Ibrida,Automatico,Euro 6e,Brescia,BS,Rivenditore,https://www.subito.it/auto/volkswagen-golf-variant-1-0-etsi-evo-dsg-life-fu-brescia-632893567.htm
Volkswagen Golf GTI 2.0 TDI 115 CV DSG BLACK EDITI,22990,Usato,06/2023,54565 Km,Diesel,Automatico,Euro 6e,Napoli,NA,Rivenditore,https://www.subito.it/auto/volkswagen-golf-gti-2-0-tdi-115-cv-dsg-black-editi-napoli-632670992.htm
Volkswagen Golf GTI 2.0 tsi 245cv dsg,28000,Usato,10/2024,55000 Km,Benzina,Automatico,Euro 6d-TEMP,Terre d'Adige,TN,Privato,https://www.subito.it/auto/volkswagen-golf-gti-2-0-tsi-245cv-dsg-trento-632661837.htm
VOLKSWAGEN Golf 1.4TSI eHYBRID 204CV DSG STYLE V,21900,Usato,05/2021,34300 Km,Ibrida,Sequenziale,Euro 6e,Roma,RM,Rivenditore,https://www.subito.it/auto/volkswagen-golf-1-4tsi-ehybrid-204cv-dsg-style-v-roma-632592389.htm
Volkswagen Golf 2.0 TDI SCR Style,19500,Usato,12/2021,97914 Km,Diesel,Manuale,Euro 6d-TEMP,Chiavari,GE,Rivenditore,https://www.subito.it/auto/volkswagen-golf-2-0-tdi-scr-style-genova-632591953.htm
Volkswagen Golf 2.0 TDI DSG SCR Life,16900,Usato,06/2022,128305 Km,Diesel,Sequenziale,Euro 6d-TEMP,Torino,TO,Rivenditore,https://www.subito.it/auto/volkswagen-golf-2-0-tdi-dsg-scr-life-torino-632571856.htm
VOLKSWAGEN Golf 2.0 TDI 115 CV SCR Life,18990,Usato,01/2023,99900 Km,Diesel,Manuale,Euro 6,Monselice,PD,Rivenditore,https://www.subito.it/auto/volkswagen-golf-2-0-tdi-115-cv-scr-life-padova-632464434.htm
Golf 8 gtd,26000,Usato,06/2021,150000 Km,Diesel,Automatico,Euro 6d-TEMP,Palmi,RC,Privato,https://www.subito.it/auto/golf-8-gtd-reggio-calabria-632148295.htm
Golf 7 gtd,16500,Usato,05/2023,136000 Km,Diesel,Manuale,Euro 6,Lariano,RM,Privato,https://www.subito.it/auto/golf-7-gtd-roma-631966422.htm
VW GOLF 8 LIFE 2.0CC 116CV 07/21,23900,Usato,07/2021,74500 Km,Diesel,Manuale,Euro 6d-TEMP,Gallarate,VA,Privato,https://www.subito.it/auto/vw-golf-8-life-2-0cc-116cv-07-21-varese-631777414.htm
Golf 8 1.5 Etsi 130cv  act dsg style,22000,Usato,08/2023,20000 Km,Benzina,Automatico,Euro 6d,Bologna,BO,Privato,https://www.subito.it/auto/golf-8-1-5-etsi-130cv-act-dsg-style-bologna-631734372.htm
GOLF 8 GTI,29000,Usato,01/2022,103000 Km,Benzina,,,Vicenza,VI,Privato,https://www.subito.it/auto/golf-8-gti-vicenza-631504328.htm
Volkswagen Golf,19500,Usato,11/2021,76500 Km,Benzina,Manuale,Euro 6d-TEMP,Verona,VR,Privato,https://www.subito.it/auto/volkswagen-golf-verona-631451464.htm
Golf 8,20000,Usato,06/2022,37000 Km,Benzina,Manuale,Euro 6d-TEMP,Varese,VA,Privato,https://www.subito.it/auto/golf-8-varese-631247879.htm
Golf 8 R-line,28000,Usato,02/2025,47500 Km,Diesel,Automatico,Euro 6,Sala Consilina,SA,Privato,https://www.subito.it/auto/golf-8-r-line-salerno-631217541.htm
Golf 8 tdi 2000 85 kw,24500,Usato,03/2023,56200 Km,Diesel,Manuale,Euro 6d-TEMP,Ravenna,RA,Privato,https://www.subito.it/auto/golf-8-tdi-2000-85-kw-ravenna-631006073.htm
GTI 8 clubsport,27000,Usato,09/2022,1000000 Km,Benzina,Automatico,,Oppido Mamertina,RC,Privato,https://www.subito.it/auto/gti-8-clubsport-reggio-calabria-590364236.htm
GOLF GTD 200 CV DSG,29000,Usato,10/2021,80000 Km,Diesel,Automatico,Euro 6d-TEMP,Milano,MI,Privato,https://www.subito.it/auto/golf-gtd-200-cv-dsg-milano-618238938.htm
Perfetta,22000,Usato,12/2022,72000 Km,Diesel,Manuale,Euro 6d-TEMP,Cagliari,CA,Privato,https://www.subito.it/auto/perfetta-cagliari-630492190.htm
Golf 8,17800,Usato,04/2021,135000 Km,Benzina/Metano,Automatico,Euro 6d-TEMP,Montemiletto,AV,Privato,https://www.subito.it/auto/golf-8-avellino-630380288.htm
Golf 8,23000,Usato,06/2021,54000 Km,Benzina,Sequenziale,,Cugliate-Fabiasco,VA,Privato,https://www.subito.it/auto/golf-8-varese-630380115.htm
Volkswagen golf 8 style active 2.0 diesel,20000,Usato,05/2022,83000 Km,Diesel,Manuale,Euro 6,Bisceglie,BT,Privato,https://www.subito.it/auto/volkswagen-golf-8-style-active-2-0-diesel-barletta-andria-trani-596256264.htm
GTI Pirelli Edition,14000,Usato,10/2023,109760 Km,Benzina,Manuale,Euro 4,Bologna,BO,Privato,https://www.subito.it/auto/gti-pirelli-edition-bologna-629863056.htm
Golf VIII,23000,Usato,11/2022,70000 Km,Diesel,Manuale,,Sant'Antonio Abate,NA,Privato,https://www.subito.it/auto/golf-viii-napoli-628905180.htm
Volkswagen Golf 2.0 Diesel –  Agosto 2021 Cambio G,21000,Usato,08/2021,74000 Km,Diesel,Manuale,Euro 6d-TEMP,Terralba,OR,Privato,https://www.subito.it/auto/volkswagen-golf-2-0-diesel-agosto-2021-cambio-g-oristano-626910496.htm
GOLF 8 TDI 2021,16250,Usato,04/2021,164000 Km,Diesel,Automatico,Euro 6d-TEMP,Certaldo,FI,Privato,https://www.subito.it/auto/golf-8-tdi-2021-firenze-628056792.htm
Volkswagen Golf 8.5  2.0 tdi 115 cv SCR Life,25000,Usato,03/2025,25000 Km,Diesel,Manuale,Euro 6e,Rende,CS,Privato,https://www.subito.it/auto/volkswagen-golf-8-5-2-0-tdi-115-cv-scr-life-cosenza-627457912.htm
Golf 1.5 TGI metano,20900,Usato,12/2021,73000 Km,Benzina/Metano,Manuale,Euro 6d-TEMP,Manfredonia,FG,Privato,https://www.subito.it/auto/golf-1-5-tgi-metano-foggia-627215638.htm
Volkswagen Golf VIII,18500,Usato,11/2022,100000 Km,Diesel,Manuale,Euro 6,Vibo Valentia,VV,Privato,https://www.subito.it/auto/volkswagen-golf-viii-vibo-valentia-627150595.htm
Golf 8 gti extra full,29000,Usato,05/2021,60000 Km,Benzina,Automatico,Euro 5,Siracusa,SR,Privato,https://www.subito.it/auto/golf-8-gti-extra-full-siracusa-626723794.htm
Volkswagen golf serie 8,19000,Usato,11/2022,64000 Km,Benzina,Manuale,Euro 6d,Palestro,PV,Privato,https://www.subito.it/auto/volkswagen-golf-serie-8-pavia-626715094.htm
Golf 8 variant 2000 115cv,13000,Usato,12/2021,180000 Km,Diesel,Manuale,Euro 6d-TEMP,Carlentini,SR,Privato,https://www.subito.it/auto/golf-8-variant-2000-115cv-siracusa-625710579.htm
Golf tdi 1.6,13000,Usato,10/2025,140000 Km,Diesel,Manuale,Euro 6,Bucine,AR,Privato,https://www.subito.it/auto/golf-tdi-1-6-arezzo-625425933.htm
VOLKSWAGEN Golf Variant 1.5 TGI DSG Life,22700,Usato,03/2021,96379 Km,Benzina/Metano,Automatico,Euro 6,Bari,BA,Privato,https://www.subito.it/auto/volkswagen-golf-variant-1-5-tgi-dsg-life-bari-624851995.htm
GOLF 8,17200,Usato,12/2021,115000 Km,Benzina/Metano,Automatico,,Caserta,CE,Privato,https://www.subito.it/auto/golf-8-caserta-624824461.htm
Golf 8 etsi 1.5  150cv,23000,Usato,02/2021,58000 Km,Benzina,Automatico,Euro 6,Caltanissetta,CL,Privato,https://www.subito.it/auto/golf-8-etsi-1-5-150cv-caltanissetta-624542220.htm
golf 8 tsi,25000,Usato,01/2022,60000 Km,Benzina,Manuale,Euro 5,Mergozzo,VB,Privato,https://www.subito.it/auto/golf-8-tsi-verbano-cusio-ossola-623991885.htm
Golf 8 Life 1.5 Tsi evo act 96kw/130cv manuale,21000,Usato,04/2021,68000 Km,Benzina,Manuale,Euro 6d-TEMP,Cento,FE,Privato,https://www.subito.it/auto/golf-8-life-1-5-tsi-evo-act-96kw-130cv-manuale-ferrara-623713374.htm
Golf 8 1.5 130 cv Cambio Automatico,18500,Usato,01/2021,67000 Km,Benzina/Metano,Automatico,Euro 6d-TEMP,Roma,RM,Privato,https://www.subito.it/auto/golf-8-1-5-130-cv-cambio-automatico-roma-622900850.htm
Golf 8 STYLE 1.5 TGI,25000,Usato,12/2022,78000 Km,Benzina/Metano,Automatico,Euro 6,Fano,PU,Privato,https://www.subito.it/auto/golf-8-style-1-5-tgi-pesaro-urbino-622738121.htm
Golf 8 style 2.0 TDI 115 cv,19000,Usato,10/2021,86500 Km,Diesel,Manuale,,Fontana Liri,FR,Privato,https://www.subito.it/auto/golf-8-style-2-0-tdi-115-cv-frosinone-622308941.htm
Golf 8 2.0 tdi,21999,Usato,12/2021,140000 Km,Diesel,Manuale,,Ravanusa,AG,Privato,https://www.subito.it/auto/golf-8-2-0-tdi-agrigento-621950989.htm
Golf 8 1.0 TSI EVO LIFE,20000,Usato,12/2022,92700 Km,Benzina,Automatico,Euro 6,Roma,RM,Privato,https://www.subito.it/auto/golf-8-1-0-tsi-evo-life-roma-621873397.htm
Wolkswagen Golf 8 1.5 tgi,18000,Usato,04/2021,57000 Km,Benzina/Metano,Automatico,Euro 6d-TEMP,Fasano,BR,Privato,https://www.subito.it/auto/wolkswagen-golf-8-1-5-tgi-brindisi-621826388.htm
Golf gti,28999,Usato,09/2023,30000 Km,Benzina,Automatico,Euro 6e,Brusciano,NA,Privato,https://www.subito.it/auto/golf-gti-napoli-621641357.htm
Golf VIII LIFE 2.0 l TDI SCR,23900,Usato,05/2023,50000 Km,Diesel,Automatico,Euro 6d-TEMP,Cagliari,CA,Privato,https://www.subito.it/auto/golf-viii-life-2-0-l-tdi-scr-cagliari-621588220.htm
VOLLSWAGEM - GOLF 8 - STATIONWAGIN,16700,Usato,09/2021,120210 Km,Diesel,Automatico,Euro 6,Lecco,LC,Rivenditore,https://www.subito.it/auto/vollswagem-golf-8-stationwagin-lecco-621561203.htm
Volkswagen Golf VIII 1.5 tsi act 130 cv,21500,Usato,01/2023,53000 Km,Benzina,Manuale,Euro 6e,Scarperia e San Piero,FI,Privato,https://www.subito.it/auto/volkswagen-golf-viii-1-5-tsi-act-130-cv-firenze-621484220.htm
"Golf GTI 8 DEL 2022 ,2.0 TSI  245Cv Dsg ",30000,Usato,11/2022,28000 Km,Benzina,Automatico,Euro 6a,Collegno,TO,Privato,https://www.subito.it/auto/golf-gti-8-del-2022-2-0-tsi-245cv-dsg-torino-621113016.htm
Golf Volkswagen,15500,Usato,01/2021,128000 Km,Benzina,Manuale,Euro 6,Ala,TN,Privato,https://www.subito.it/auto/golf-volkswagen-trento-620704420.htm
Volkswagen Golf 8 1.5 etsi Style Dsg fari Matrix,22900,Usato,07/2021,64000 Km,Benzina,Sequenziale,Euro 6d-TEMP,Conegliano,TV,Privato,https://www.subito.it/auto/volkswagen-golf-8-1-5-etsi-style-dsg-fari-matrix-treviso-613784796.htm
Golf 8,21900,Usato,09/2021,32000 Km,Benzina,Manuale,Euro 6,Cagliari,CA,Privato,https://www.subito.it/auto/golf-8-cagliari-612657934.htm
VOLKSWAGEN Golf 8ª serie - 2021,23400,Usato,06/2021,81000 Km,Benzina,Automatico,Euro 6,Luino,VA,Privato,https://www.subito.it/auto/volkswagen-golf-8-serie-2021-varese-564076531.htm
Golf 8 2.0 TDI 115CV Cambio MANUALE - 3208511467,18590,Usato,01/2022,167000 Km,Diesel,Manuale,Euro 6,Reggio di Calabria,RC,Privato,https://www.subito.it/auto/golf-8-2-0-tdi-115cv-cambio-manuale-3208511467-reggio-calabria-306538500.htm
Golf 8 GTE Full optional,29000,Usato,02/2021,72000 Km,Ibrida,Automatico,Euro 6,Ravenna,RA,Privato,https://www.subito.it/auto/golf-8-gte-full-optional-ravenna-588436733.htm
