Prezzo,Anni,Chilometraggio,Cambio,CV,Venditore,Distanza,is_Diesel vs Benzina,is_Ibrido vs Benzina,is_sport vs base,is_performance vs base,is_middle vs base,is NO vs NE,is Centro vs NE,is Sud_Isole vs NE
9000,5,245000,1,116,1,386,1,0,0,0,1,0,1,0
11350,3,139000,0,116,0,788,0,0,0,1,0,0,0,1
11100,5,260000,1,116,1,215,1,0,0,0,0,0,0,0
11499,5,256000,0,116,1,91,1,0,0,1,0,0,1,0
12500,5,154000,1,116,0,750,1,0,0,0,0,0,0,1
12490,6,164531,0,116,1,175,1,0,0,1,0,1,0,0
12990,6,204610,0,116,1,852,1,0,0,0,0,0,0,1
13900,5,154000,1,116,1,83,1,0,0,0,0,0,1,0
14000,6,254000,1,116,1,101,1,0,1,0,0,1,0,0
14000,6,160000,0,116,0,164,1,0,0,1,0,0,0,0
13500,6,157000,1,116,0,326,1,0,0,0,0,0,1,0
13990,6,215000,1,116,0,495,1,0,1,0,0,0,0,1
13490,6,130457,0,116,1,175,1,0,0,1,0,1,0,0
14000,6,115900,0,116,0,180,0,0,0,1,0,1,0,0
13799,6,150000,1,116,0,755,1,0,0,1,0,0,0,1
13990,6,181500,1,116,1,173,1,0,0,0,0,1,0,0
13500,6,230000,1,116,0,202,1,0,0,0,1,0,0,0
14000,6,160000,1,116,0,177,1,0,0,0,0,1,0,0
13500,6,190000,1,116,0,740,1,0,0,1,0,0,0,1
14500,6,213000,1,116,1,276,1,0,1,0,0,1,0,0
14999,3,168000,1,116,1,40,1,0,0,0,0,0,0,0
14990,4,135283,1,116,1,27,1,0,0,0,0,0,0,0
14990,4,135283,1,116,1,180,1,0,0,0,0,1,0,0
15000,6,106000,0,116,0,297,1,0,0,0,0,1,0,0
14500,5,149000,1,116,0,79,1,0,0,0,1,0,0,0
14990,6,119550,0,116,1,178,1,0,0,0,0,1,0,0
14900,5,149000,1,116,1,92,1,0,0,0,0,0,0,0
14900,6,197000,1,116,1,215,1,0,0,1,0,0,0,0
14900,3,169000,1,116,1,40,1,0,0,0,0,0,0,0
15000,5,158000,1,116,0,550,1,0,0,0,0,0,0,1
14700,6,98240,0,116,1,498,1,0,0,0,0,0,0,1
14950,6,167000,1,116,1,296,1,0,1,0,0,0,1,0
14900,3,169000,1,116,1,116,1,0,0,0,0,1,0,0
14990,4,135283,1,116,1,98,1,0,0,0,0,0,0,0
14500,6,245000,1,116,0,415,1,0,1,0,0,0,1,0
15000,6,152000,0,116,0,170,1,0,0,0,0,1,0,0
15000,5,169000,1,116,1,87,1,0,0,0,1,0,1,0
14500,4,185000,1,116,0,99,1,0,0,1,0,0,1,0
14900,6,180000,1,116,1,65,1,0,0,0,1,0,0,0
14900,5,95000,0,116,1,326,0,0,0,0,1,0,1,0
15900,3,149800,1,116,1,87,1,0,0,0,0,0,1,0
15900,5,98000,1,116,1,285,1,0,0,0,1,1,0,0
15990,6,83500,0,116,1,142,1,0,0,0,0,1,0,0
15990,5,139800,0,116,1,174,0,0,0,1,0,0,0,0
15042,6,98000,1,116,1,326,0,0,1,0,0,0,1,0
15900,3,77910,1,116,1,326,1,0,0,0,0,0,1,0
15500,6,141000,1,116,0,164,1,0,0,1,0,0,0,0
15800,3,130000,1,116,1,121,1,0,0,1,0,1,0,0
15990,4,170000,1,116,1,95,1,0,0,0,0,0,0,0
15790,5,109690,1,116,1,99,0,0,0,0,1,0,1,0
16000,6,147600,1,116,0,326,1,0,1,0,0,0,1,0
15916,5,102089,0,116,1,326,0,0,1,0,0,0,1,0
15990,6,163000,1,116,1,192,1,0,1,0,0,1,0,0
16000,6,146000,1,116,1,65,1,0,0,0,0,0,0,0
15900,5,165000,1,116,1,483,1,0,0,0,1,0,0,1
15990,5,105000,1,116,1,344,1,0,0,0,0,0,1,0
15200,4,131000,1,116,0,572,1,0,0,0,0,0,0,1
16000,6,183000,1,116,0,326,1,0,1,0,0,0,1,0
15500,6,210000,1,116,0,172,1,0,1,0,0,0,0,0
15500,6,156389,1,116,1,186,1,0,0,0,0,0,1,0
15500,6,119000,0,116,1,65,1,0,0,0,0,0,0,0
15900,5,159000,1,116,1,607,1,0,0,0,0,0,0,1
16000,6,183000,1,116,0,326,1,0,1,0,0,0,1,0
15900,4,129000,1,116,1,203,1,0,0,0,0,1,0,0
15990,5,134000,0,116,1,276,1,0,0,0,0,1,0,0
16000,5,150000,1,116,1,485,1,0,0,1,0,0,0,1
15490,5,168080,0,116,1,36,1,0,0,0,0,0,0,0
15990,6,165000,1,116,1,208,1,0,0,0,1,1,0,0
16000,5,201000,1,116,0,796,1,0,1,0,0,0,0,1
15100,2,12700,1,116,1,415,0,1,0,1,0,0,1,0
16900,6,191284,1,116,1,132,1,0,1,0,0,0,0,0
16900,4,99000,0,116,1,186,1,0,0,1,0,0,0,0
16500,6,213000,1,116,1,276,1,0,1,0,0,1,0,0
16800,6,129000,1,116,0,76,1,0,1,0,0,0,0,0
16900,3,69900,1,116,0,175,1,0,0,0,0,1,0,0
16800,4,89999,1,116,1,326,0,0,1,0,0,0,1,0
17000,6,147000,1,116,0,189,1,0,1,0,0,1,0,0
16500,6,105598,1,116,1,121,1,0,1,0,0,1,0,0
16500,5,128395,1,116,1,229,1,0,1,0,0,1,0,0
16700,6,129000,1,116,0,76,1,0,1,0,0,0,0,0
16400,4,96000,1,116,1,177,1,0,0,0,0,1,0,0
17000,6,85000,1,116,0,228,1,0,1,0,0,1,0,0
17000,6,101825,1,116,1,169,1,0,0,0,1,1,0,0
16900,6,155000,1,116,0,271,1,0,1,0,0,1,0,0
17000,6,144000,1,116,0,177,0,0,1,0,0,1,0,0
16900,5,49890,0,116,1,201,1,0,0,0,0,0,0,0
16900,5,98635,1,116,1,16,1,0,0,0,0,0,0,0
16900,6,68000,0,116,1,276,1,0,0,0,0,1,0,0
16500,3,80000,0,116,1,146,0,0,0,0,0,1,0,0
16960,4,94964,0,116,1,196,1,0,0,0,0,1,0,0
16990,5,140000,0,116,1,87,1,0,1,0,0,0,1,0
17000,6,117000,1,116,0,111,1,0,1,0,0,1,0,0
16990,4,89432,0,116,1,174,1,0,0,0,0,0,0,0
16900,5,55216,0,116,1,201,1,0,0,0,0,0,0,0
17000,6,65000,0,116,0,480,1,0,0,0,0,0,0,1
16800,6,97000,0,116,0,12,0,0,1,0,0,0,0,0
17000,5,137000,1,116,0,478,1,0,0,1,0,0,0,1
16990,6,120305,1,116,1,276,1,0,0,0,0,1,0,0
16900,4,39950,0,116,0,495,0,0,0,0,0,0,0,1
16900,5,79000,0,116,1,155,0,0,0,0,0,0,0,0
16600,5,129744,1,116,1,283,1,0,0,0,1,0,1,0
16500,6,130000,1,116,0,326,1,0,0,0,0,0,1,0
17000,5,109800,1,116,0,96,0,0,0,0,1,0,1,0
17000,5,16500,0,116,0,598,1,0,0,1,0,0,0,1
16900,5,174000,1,116,0,276,1,0,1,0,0,1,0,0
16400,5,123103,1,116,1,42,1,0,0,0,0,0,0,0
16700,4,97646,0,116,1,448,1,0,0,0,0,0,0,1
16999,6,104000,1,116,0,735,1,0,0,0,1,0,0,1
16900,6,134000,1,116,1,259,1,0,0,0,0,1,0,0
16900,5,72230,0,116,1,201,1,0,0,0,0,0,0,0
16400,6,189475,1,116,0,285,1,0,1,0,0,1,0,0
16900,6,114000,1,116,1,502,1,0,0,0,1,0,0,1
17000,5,106000,1,116,1,30,1,0,0,0,1,0,0,0
17000,6,170000,1,116,0,746,1,0,0,0,1,0,0,1
16490,6,96533,1,116,1,608,1,0,0,0,0,0,0,1
16500,3,121000,1,116,1,819,1,0,0,0,0,0,0,1
17000,5,110000,0,116,0,475,0,0,0,0,1,0,0,1
16400,5,87000,0,116,1,326,0,0,1,0,0,0,1,0
17000,6,110000,1,116,0,513,1,0,0,0,0,0,0,1
16990,6,170000,0,116,1,507,1,0,1,0,0,0,0,1
16900,5,111600,1,116,1,194,1,0,0,0,0,0,1,0
16500,6,147000,1,116,0,837,1,0,0,1,0,0,0,1
16500,6,140000,1,116,0,236,0,0,0,0,0,1,0,0
16900,4,88086,0,116,1,326,0,0,0,0,1,0,1,0
16900,5,150000,1,116,1,91,1,0,1,0,0,0,1,0
16500,3,161000,1,116,1,695,1,0,0,0,0,0,0,1
16800,5,120000,1,116,0,345,1,0,0,0,0,0,1,0
17000,5,180000,1,116,0,772,1,0,0,0,0,0,0,1
16999,6,155000,1,116,1,326,0,0,1,0,0,0,1,0
16800,6,149000,0,116,1,484,1,0,0,0,0,0,0,1
16500,6,192000,0,116,0,120,1,0,1,0,0,0,1,0
16800,6,185000,1,116,1,377,1,0,1,0,0,0,1,0
16990,6,137000,1,116,0,727,1,0,0,0,0,0,0,1
16500,5,230000,1,116,1,177,1,0,1,0,0,1,0,0
16200,6,227200,0,116,1,228,1,0,0,0,1,0,1,0
16500,6,169600,1,116,1,326,1,0,0,0,0,0,1,0
16990,6,135000,1,116,0,727,1,0,0,1,0,0,0,1
17000,2,41745,1,116,1,326,0,0,0,0,0,0,1,0
16900,4,124000,0,116,1,270,1,0,1,0,0,1,0,0
17900,3,25000,0,116,1,262,0,0,0,0,0,1,0,0
17900,6,68000,0,116,1,276,1,0,0,0,0,1,0,0
17900,3,23600,0,116,1,262,0,0,0,0,0,1,0,0
17900,3,26000,0,116,1,262,0,0,0,0,0,1,0,0
17900,3,23000,0,116,1,262,0,0,0,0,0,1,0,0
17900,2,85000,1,116,1,270,0,0,0,0,0,1,0,0
17900,3,23500,0,116,1,262,0,0,0,0,0,1,0,0
17900,3,159000,1,116,1,111,1,0,1,0,0,0,1,0
17900,3,24000,0,116,1,262,0,0,0,0,0,1,0,0
17900,3,21000,0,116,1,262,0,0,0,0,0,1,0,0
17900,6,76000,1,116,1,105,1,0,0,0,0,0,1,0
17900,6,119000,1,116,1,91,1,0,1,0,0,0,1,0
17990,5,87600,1,116,1,147,1,0,0,0,0,1,0,0
17500,3,79000,1,116,1,326,0,0,1,0,0,0,1,0
17900,4,124000,0,116,0,326,1,0,1,0,0,0,1,0
17800,5,72000,1,116,0,208,1,0,1,0,0,1,0,0
17990,6,113000,1,116,1,65,1,0,1,0,0,0,0,0
17999,4,70000,1,116,1,326,0,0,1,0,0,0,1,0
17200,6,80000,1,116,0,228,1,0,1,0,0,1,0,0
18000,5,125000,1,116,0,151,1,0,1,0,0,1,0,0
17920,3,32600,0,116,0,171,0,0,0,0,0,1,0,0
17500,6,145000,1,116,0,358,1,0,1,0,0,0,1,0
17500,5,125000,1,116,0,201,1,0,1,0,0,1,0,0
17500,6,150000,1,116,0,360,1,0,1,0,0,0,1,0
17400,5,63000,0,116,1,119,1,0,0,0,0,1,0,0
17900,4,78000,0,116,1,111,0,0,0,0,0,1,0,0
18000,5,69500,0,116,0,495,0,0,0,0,1,0,0,1
17600,5,96000,1,116,0,383,1,0,0,0,0,0,1,0
17500,6,60000,0,116,1,114,0,0,0,0,0,1,0,0
17499,6,102000,0,116,1,463,1,0,0,0,1,0,0,1
17500,6,150000,1,116,0,214,1,0,0,1,0,0,1,0
18000,6,71250,0,116,0,113,1,0,0,0,0,0,1,0
17999,5,77000,1,116,1,326,0,0,1,0,0,0,1,0
17900,6,54175,0,116,1,276,0,0,0,1,0,1,0,0
17500,6,100000,1,116,0,173,0,0,0,0,1,1,0,0
17500,5,161000,1,116,1,203,1,0,1,0,0,1,0,0
18000,6,62150,0,116,1,160,0,0,0,1,0,0,0,0
18000,4,91000,1,116,1,326,0,0,1,0,0,0,1,0
18000,5,125000,1,116,0,199,1,0,1,0,0,0,1,0
17400,5,100000,1,116,1,215,1,0,0,0,0,0,0,0
17500,5,87600,1,116,0,49,1,0,0,0,0,0,0,0
18000,6,106000,1,116,0,290,1,0,0,0,0,0,1,0
17990,5,98000,1,116,1,667,1,0,0,0,0,0,0,1
17500,5,137000,1,116,0,454,1,0,0,0,0,0,0,1
18000,5,215000,1,116,0,150,1,0,1,0,0,1,0,0
17900,4,96000,1,116,1,190,1,0,0,0,0,1,0,0
17990,6,89000,1,116,1,65,0,0,0,0,0,0,0,0
17500,6,137839,1,116,1,121,0,0,0,0,1,1,0,0
18000,5,84000,0,116,1,129,1,0,0,1,0,0,0,0
17499,5,124500,1,116,1,503,1,0,0,0,0,0,0,1
17950,5,85500,1,116,1,482,1,0,0,0,0,0,0,1
17900,5,164000,1,116,0,152,1,0,1,0,0,1,0,0
17599,6,91398,0,116,1,86,0,0,0,0,1,0,0,0
17300,6,95962,0,116,1,22,1,0,0,0,0,0,0,0
17700,5,125000,1,116,1,87,1,0,1,0,0,0,1,0
18000,6,80000,0,116,1,326,0,0,1,0,0,0,1,0
17800,5,80000,1,116,1,698,1,0,0,0,0,0,0,1
17999,4,99000,1,116,1,155,1,0,0,0,1,1,0,0
18000,6,63000,0,116,0,492,1,0,0,0,0,0,0,1
17300,6,110000,0,116,0,326,1,0,0,0,0,0,1,0
18000,5,185000,1,116,0,620,1,0,0,1,0,0,0,1
17599,6,91398,0,116,1,99,0,0,0,0,1,0,1,0
17950,2,205000,1,116,1,42,1,0,1,0,0,0,0,0
17499,6,90000,1,116,1,91,1,0,0,1,0,0,1,0
18000,4,116000,1,116,1,326,1,0,0,0,0,0,1,0
17900,5,120000,1,116,1,215,1,0,0,1,0,1,0,0
17990,4,107000,1,116,1,56,1,0,0,0,0,1,0,0
17490,3,92000,0,116,1,203,1,0,0,0,0,1,0,0
18000,5,137000,1,116,0,478,1,0,0,1,0,0,0,1
17599,6,91398,0,116,1,25,0,0,0,0,1,0,0,0
17800,5,142000,1,116,0,106,1,0,1,0,0,0,0,0
18000,6,116000,0,116,0,89,1,0,0,0,1,0,0,0
17900,6,179000,1,116,1,91,1,0,1,0,0,0,1,0
17900,5,91950,1,116,1,126,1,0,0,0,0,1,0,0
17599,6,91398,0,116,1,177,0,0,0,0,1,1,0,0
17599,6,91398,0,116,1,283,0,0,0,0,1,1,0,0
17599,6,91398,0,116,1,326,0,0,0,0,1,0,1,0
18000,6,173000,1,116,0,92,1,0,1,0,0,0,0,0
18000,6,115000,1,116,0,791,1,0,0,0,0,0,0,1
17900,4,112070,0,116,1,495,0,0,0,1,0,0,0,1
18000,6,162000,0,116,0,554,1,0,0,0,0,0,0,1
17990,5,165000,1,116,0,729,1,0,0,0,1,0,0,1
17599,6,91398,0,116,1,628,0,0,0,0,1,0,0,1
17500,5,155000,0,116,0,552,1,0,0,0,0,0,0,1
17990,6,165000,1,116,1,463,1,0,1,0,0,0,0,1
18000,6,94904,0,116,1,484,1,0,0,0,1,0,0,1
17538,3,49631,0,116,1,326,0,0,1,0,0,0,1,0
18900,3,20500,1,116,1,262,0,0,0,0,0,1,0,0
18900,3,21500,1,116,1,262,0,0,0,0,0,1,0,0
18900,3,21000,1,116,1,262,0,0,0,0,0,1,0,0
18900,3,22800,1,116,1,262,0,0,0,0,0,1,0,0
18900,3,23700,1,116,1,262,0,0,0,0,0,1,0,0
18800,5,119000,1,116,1,142,0,0,0,0,1,0,0,0
18700,6,113210,1,116,1,38,0,0,0,0,1,1,0,0
18700,5,91914,1,116,1,120,0,0,0,0,0,0,0,0
18900,3,43211,0,116,1,177,0,0,0,0,0,1,0,0
18490,6,136500,1,116,1,129,1,0,0,0,1,1,0,0
18990,5,109000,1,116,1,127,1,0,0,0,0,0,0,0
18900,5,117903,1,116,1,764,1,0,1,0,0,0,0,1
19000,3,114000,1,116,1,326,0,0,1,0,0,0,1,0
19000,6,150000,1,116,0,40,1,0,1,0,0,0,0,0
18900,6,45000,1,116,0,291,0,0,0,1,0,0,1,0
19000,6,106481,1,116,0,193,1,0,1,0,0,1,0,0
18900,3,51955,0,116,1,194,0,0,1,0,0,0,1,0
19000,5,135000,1,116,0,478,1,0,1,0,0,0,0,1
19000,4,118700,1,116,0,485,1,0,1,0,0,0,0,1
19000,6,93000,1,116,0,225,0,0,1,0,0,1,0,0
18700,4,38000,0,116,0,288,0,0,0,0,0,1,0,0
18500,5,110000,1,116,0,168,1,0,1,0,0,1,0,0
18990,5,107000,1,116,1,214,1,0,1,0,0,1,0,0
18025,5,114000,1,116,1,326,1,0,1,0,0,0,1,0
19000,6,38000,1,116,0,484,0,0,0,0,0,0,0,1
19000,5,130000,0,116,0,748,1,0,1,0,0,0,0,1
19000,6,145000,1,116,0,40,1,0,1,0,0,0,0,0
18900,5,139000,1,116,1,545,1,0,1,0,0,0,0,1
19000,5,67000,1,116,0,93,0,0,0,1,0,0,1,0
19000,6,112000,1,116,0,184,1,0,1,0,0,1,0,0
18700,5,90000,1,116,0,174,0,0,0,0,1,1,0,0
18500,4,147500,1,116,0,184,1,0,1,0,0,1,0,0
18500,6,92000,1,116,0,64,1,0,1,0,0,0,0,0
18500,5,10993,0,116,1,276,0,0,0,0,0,1,0,0
18878,3,78921,1,116,1,99,1,0,0,0,0,0,1,0
18500,6,65000,1,116,0,362,1,0,0,0,1,0,1,0
18900,6,60000,0,116,0,236,0,0,0,1,0,1,0,0
19000,5,120500,1,116,1,326,1,0,1,0,0,0,1,0
18500,6,105500,1,116,0,112,1,0,1,0,0,0,1,0
18900,6,78400,1,116,0,204,0,0,0,0,1,0,0,0
18900,6,64400,0,116,1,326,0,0,1,0,0,0,1,0
18500,6,133000,1,116,0,14,1,0,1,0,0,0,0,0
18990,6,63000,0,116,1,180,0,0,0,1,0,1,0,0
18890,4,49000,0,116,1,326,0,0,0,1,0,0,1,0
18900,4,60000,1,116,1,319,1,0,0,0,0,0,1,0
18900,6,82000,1,116,1,77,0,0,0,0,1,0,0,0
18990,4,149000,1,116,1,210,1,0,1,0,0,1,0,0
19000,5,51000,1,116,1,326,0,0,1,0,0,0,1,0
18400,5,156000,1,116,0,140,1,0,0,0,1,0,0,0
18500,4,45000,0,116,1,326,0,0,1,0,0,0,1,0
19000,6,133000,1,116,0,639,1,0,1,0,0,0,0,1
18999,6,128000,1,116,1,753,1,0,1,0,0,0,0,1
19000,5,139000,1,116,0,448,1,0,1,0,0,0,0,1
18700,5,81100,1,116,1,196,1,0,0,0,0,1,0,0
18900,5,153000,1,116,1,154,1,0,1,0,0,1,0,0
18500,6,50000,0,116,1,147,0,0,0,0,0,1,0,0
18299,5,93900,1,116,1,283,1,0,0,0,0,1,0,0
18500,4,99000,0,116,1,326,1,0,1,0,0,0,1,0
18900,6,120900,1,116,1,190,0,0,0,1,0,1,0,0
18299,5,93900,1,116,1,25,1,0,0,0,0,0,0,0
18700,6,137000,1,116,0,50,1,0,1,0,0,1,0,0
18499,5,135000,1,116,1,499,1,0,1,0,0,0,0,1
18999,6,77000,1,116,1,190,1,0,0,0,0,1,0,0
18900,6,131690,1,116,1,80,1,0,1,0,0,0,0,0
18900,6,138500,0,116,1,288,1,0,1,0,0,1,0,0
18990,5,92223,1,116,1,192,0,0,0,0,1,1,0,0
18500,5,128000,1,116,1,225,1,0,1,0,0,1,0,0
18500,4,113000,1,116,0,463,1,0,0,0,1,0,0,1
18900,3,94000,1,116,1,95,1,0,0,0,0,0,0,0
19000,6,46000,0,116,1,326,0,0,1,0,0,0,1,0
18900,6,123046,1,116,1,156,1,0,1,0,0,1,0,0
18800,4,100794,1,116,1,22,1,0,0,0,0,0,0,0
18500,6,67000,0,116,1,99,1,0,0,1,0,0,1,0
18299,5,93900,1,116,1,177,1,0,0,0,0,1,0,0
18900,5,168000,1,116,0,326,1,0,0,0,1,0,1,0
18500,5,72000,1,116,1,537,1,0,0,0,0,0,0,1
18299,5,93900,1,116,1,326,1,0,0,0,0,0,1,0
18700,6,104900,1,116,1,92,1,0,1,0,0,0,1,0
18299,5,93900,1,116,1,86,1,0,0,0,0,0,0,0
18900,5,161900,1,116,1,154,1,0,1,0,0,1,0,0
18600,6,108000,0,116,1,229,0,0,0,0,1,0,1,0
18500,5,110000,1,116,0,154,1,0,0,0,0,1,0,0
18990,4,108000,1,116,1,424,1,0,0,0,1,0,0,1
18900,5,103000,1,116,1,107,0,0,0,0,0,0,0,0
18990,5,137000,1,116,1,695,1,0,0,0,0,0,0,1
18700,4,152000,1,116,1,757,1,0,0,0,1,0,0,1
18299,5,93900,1,116,1,485,1,0,0,0,0,0,0,1
18700,6,134968,1,116,1,194,1,0,1,0,0,0,1,0
19000,6,183000,1,116,0,74,1,0,0,0,0,0,0,0
18900,6,103123,0,116,1,201,1,0,0,0,0,0,0,0
18990,6,130400,1,116,1,588,1,0,0,0,0,0,0,1
18500,6,121222,0,116,0,421,1,0,0,0,0,0,0,1
18900,5,168000,1,116,0,326,1,0,0,0,1,0,1,0
18500,3,186555,0,116,1,843,1,0,0,0,0,0,0,1
18900,6,130000,1,116,1,82,1,0,0,0,0,0,0,0
18900,6,103113,0,116,1,163,1,0,0,0,0,0,0,0
18999,5,155000,1,116,1,484,1,0,0,0,0,0,0,1
19490,5,86000,1,116,1,154,0,0,1,0,0,1,0,0
19900,5,112000,1,116,1,97,1,0,1,0,0,1,0,0
19400,4,68810,1,116,1,232,1,0,0,0,0,1,0,0
19499,6,125000,1,116,1,50,1,0,1,0,0,0,0,0
19900,4,38000,0,116,1,190,0,0,0,1,0,1,0,0
19999,4,95000,1,116,1,55,1,0,0,0,0,0,0,0
19490,5,106370,1,116,1,290,0,0,1,0,0,0,1,0
19900,3,86874,1,116,1,358,1,0,0,0,0,0,1,0
19900,5,94000,1,116,1,161,1,0,0,0,1,1,0,0
19900,5,138000,1,116,1,111,0,0,0,0,0,1,0,0
19300,3,102574,0,116,1,777,1,0,0,0,0,0,0,1
19900,5,100045,1,116,1,25,1,0,0,0,1,0,0,0
19500,6,86000,1,116,0,23,1,0,1,0,0,0,0,0
19900,6,110000,1,116,0,241,1,0,1,0,0,1,0,0
20000,6,126000,1,116,0,25,1,0,1,0,0,0,0,0
19400,5,71000,1,116,1,170,1,0,1,0,0,1,0,0
20000,4,90607,1,116,1,169,1,0,0,0,0,1,0,0
19300,6,108500,1,116,0,184,1,0,1,0,0,1,0,0
19900,2,29800,0,116,1,100,0,0,0,0,0,0,1,0
19999,6,99000,1,116,0,275,1,0,1,0,0,1,0,0
19500,6,51379,1,116,0,498,0,0,1,0,0,0,0,1
19900,4,100000,0,116,0,141,0,0,1,0,0,0,0,0
20000,6,85000,0,116,0,212,0,0,0,0,1,0,1,0
19500,6,54000,0,116,0,326,1,0,0,0,1,0,1,0
19701,4,85746,1,116,1,194,1,0,1,0,0,0,1,0
19990,6,64524,1,116,1,342,0,0,1,0,0,0,1,0
19300,5,112700,1,116,0,129,1,0,1,0,0,0,1,0
19500,6,60000,0,116,0,87,1,0,1,0,0,0,1,0
20000,4,34000,1,116,0,276,0,0,0,0,0,1,0,0
19990,6,65000,0,116,1,342,0,0,1,0,0,0,1,0
19900,6,130000,1,116,0,292,0,0,1,0,0,1,0,0
19700,5,159000,1,116,1,22,1,0,1,0,0,0,0,0
20000,6,140000,1,116,0,647,1,0,1,0,0,0,0,1
19900,6,85000,1,116,1,326,0,0,1,0,0,0,1,0
19900,6,130000,1,116,0,265,1,0,1,0,0,1,0,0
19500,6,103000,1,116,0,807,0,0,1,0,0,0,0,1
20000,5,95000,1,116,0,533,1,0,1,0,0,0,0,1
19900,4,87500,1,116,1,326,1,0,0,0,1,0,1,0
19900,5,113000,1,116,0,502,1,0,1,0,0,0,0,1
20000,5,72000,1,116,0,149,0,0,0,0,0,0,0,0
19499,3,70000,1,116,1,112,1,0,0,1,0,0,1,0
20000,6,100000,1,116,0,99,1,0,1,0,0,0,1,0
19500,6,126000,1,116,0,204,0,0,1,0,0,1,0,0
19700,3,43222,0,116,1,448,1,0,0,0,0,0,0,1
19900,4,125395,0,116,1,226,1,0,1,0,0,0,0,0
19500,5,145000,1,116,0,244,1,0,1,0,0,0,0,0
19500,6,114000,1,116,0,358,1,0,1,0,0,0,1,0
19235,6,111613,1,116,1,99,1,0,1,0,0,0,1,0
19500,6,120000,1,116,0,203,1,0,1,0,0,1,0,0
20000,5,99000,1,116,0,883,1,0,1,0,0,0,0,1
19600,6,109000,1,116,0,476,1,0,1,0,0,0,0,1
19500,6,93000,1,116,0,72,1,0,1,0,0,0,0,0
19900,5,55000,1,116,1,132,1,0,0,1,0,0,0,0
19900,6,83877,1,116,1,87,1,0,1,0,0,0,1,0
19990,4,100000,1,116,1,65,1,0,1,0,0,0,0,0
19600,5,96000,1,116,0,757,1,0,1,0,0,0,0,1
20000,5,71241,1,116,0,86,0,0,0,1,0,0,0,0
19700,5,30000,1,116,0,750,1,0,0,0,0,0,0,1
20000,5,138000,1,116,0,611,1,0,1,0,0,0,0,1
19310,5,117575,1,116,1,99,1,0,1,0,0,0,1,0
19900,6,135000,1,116,0,811,1,0,1,0,0,0,0,1
19675,4,132300,1,116,1,99,1,0,1,0,0,0,1,0
19700,6,60478,0,116,1,342,0,0,1,0,0,0,1,0
19500,4,170000,1,116,0,550,1,0,1,0,0,0,0,1
19900,5,107000,1,116,0,315,1,0,1,0,0,0,0,1
20000,6,125000,1,116,0,106,1,0,1,0,0,1,0,0
19900,6,136000,1,116,0,572,1,0,1,0,0,0,0,1
19499,6,70000,1,116,1,163,0,0,0,1,0,0,0,0
19900,6,105000,1,116,0,177,0,0,1,0,0,1,0,0
19990,3,117800,1,116,1,213,1,0,0,0,0,0,1,0
20000,5,105800,1,116,0,170,1,0,1,0,0,1,0,0
19990,4,97000,1,116,1,56,1,0,0,0,0,1,0,0
20000,6,89000,1,116,0,195,1,0,0,0,1,0,1,0
19990,5,107000,1,116,1,276,1,0,0,0,0,1,0,0
19999,5,95816,0,116,1,326,1,0,1,0,0,0,1,0
19999,5,95816,0,116,1,86,1,0,1,0,0,0,0,0
19500,6,79500,0,116,0,115,1,0,0,0,0,0,0,0
19300,5,143000,1,116,0,101,1,0,1,0,0,1,0,0
20000,5,105000,1,116,0,807,1,0,1,0,0,0,0,1
19139,5,154985,1,116,1,99,1,0,1,0,0,0,1,0
19999,6,96000,1,116,0,476,1,0,1,0,0,0,0,1
19999,5,95816,0,116,1,283,1,0,1,0,0,1,0,0
19800,5,47250,1,116,1,683,1,0,0,0,0,0,0,1
19900,6,140000,1,116,0,715,1,0,1,0,0,0,0,1
19999,5,73000,1,116,1,683,1,0,0,0,0,0,0,1
19990,4,112000,1,116,1,177,1,0,1,0,0,1,0,0
19600,5,131000,1,116,0,381,1,0,0,0,1,0,1,0
19590,5,86207,1,116,1,326,1,0,0,0,0,0,1,0
19900,6,135000,1,116,1,85,1,0,1,0,0,0,1,0
19500,6,95000,1,116,0,443,1,0,1,0,0,0,0,1
19900,6,116000,1,116,0,475,1,0,1,0,0,0,0,1
19500,6,115000,1,116,1,130,1,0,1,0,0,1,0,0
19985,5,116000,1,116,1,261,1,0,0,0,1,0,1,0
19500,5,73875,0,116,1,342,0,0,1,0,0,0,1,0
20000,6,92000,0,116,0,362,1,0,0,0,1,0,1,0
19999,5,95816,0,116,1,177,1,0,1,0,0,1,0,0
19999,5,95816,0,116,1,25,1,0,1,0,0,0,0,0
19800,5,107000,1,116,1,56,1,0,0,0,0,1,0,0
20000,6,52500,0,116,1,78,1,0,0,0,0,0,0,0
20000,6,73500,0,116,0,111,1,0,0,0,0,1,0,0
19900,5,131749,1,116,1,285,1,0,0,0,0,1,0,0
19700,5,105205,1,116,1,461,1,0,0,0,1,0,0,1
19600,6,125000,0,116,0,383,1,0,0,0,1,0,1,0
19500,5,94000,0,116,1,228,1,0,0,1,0,0,1,0
20000,5,120000,1,116,0,520,1,0,1,0,0,0,0,1
20000,6,168000,0,116,0,852,1,0,1,0,0,0,0,1
19500,6,85000,0,116,1,259,0,0,0,0,0,1,0,0
19990,5,100000,1,116,1,65,1,0,1,0,0,0,0,0
19800,6,86000,1,116,1,326,1,0,0,0,0,0,1,0
19999,5,95816,0,116,1,485,1,0,1,0,0,0,0,1
20000,6,125000,1,116,0,216,1,0,1,0,0,1,0,0
19900,6,115123,1,116,1,99,1,0,1,0,0,0,1,0
19900,3,76388,0,116,1,121,1,0,0,0,0,1,0,0
19950,6,178000,1,116,1,177,1,0,1,0,0,1,0,0
20000,6,155000,1,116,0,854,1,0,0,0,0,0,0,1
19500,4,170000,1,116,0,206,1,0,1,0,0,0,0,0
19999,5,105000,1,116,1,283,1,0,1,0,0,1,0,0
19900,5,146217,1,116,1,807,1,0,0,0,0,0,0,1
19500,4,125000,1,116,0,502,1,0,0,0,0,0,0,1
19900,5,128070,1,116,1,194,1,0,0,0,0,0,1,0
19499,4,77207,1,116,1,448,1,0,0,0,0,0,0,1
19990,6,100000,1,116,0,532,1,0,0,0,0,0,0,1
19600,5,90000,1,116,0,278,1,0,0,1,0,1,0,0
19500,5,149890,1,116,1,695,1,0,0,0,0,0,0,1
19290,3,127455,1,116,1,837,1,0,0,0,0,0,0,1
19800,2,139800,1,116,1,210,1,0,0,0,0,0,1,0
19700,3,46000,1,116,1,326,0,0,1,0,0,0,1,0
19300,6,80000,1,116,1,141,0,0,1,0,0,1,0,0
19999,6,74500,1,116,1,503,1,0,1,0,0,0,0,1
20900,3,18600,0,116,1,77,0,0,0,0,0,0,0,0
20900,4,19700,0,116,1,222,0,0,0,0,1,1,0,0
20400,3,28856,0,116,1,101,0,0,0,1,0,0,0,0
20500,6,89000,1,116,1,111,0,0,1,0,0,1,0,0
20999,4,56000,1,116,1,180,1,0,1,0,0,1,0,0
20500,3,56651,1,116,1,187,1,0,0,0,0,1,0,0
20770,5,123996,1,116,1,201,1,0,1,0,0,1,0,0
20500,4,47176,1,116,1,288,1,0,0,0,0,1,0,0
20500,3,56652,1,116,1,190,1,0,0,0,0,1,0,0
20500,6,110000,1,116,0,212,1,0,1,0,0,1,0,0
21000,3,46000,1,116,1,326,0,0,1,0,0,0,1,0
21000,1,53800,1,116,1,326,0,1,1,0,0,0,1,0
21000,4,75000,1,116,0,177,1,0,0,0,0,1,0,0
20990,5,86683,1,116,1,276,1,0,1,0,0,1,0,0
20126,1,46000,1,116,1,326,0,1,0,1,0,0,1,0
20750,3,77000,1,116,0,189,0,0,1,0,0,0,1,0
21000,2,44200,0,116,0,326,1,0,0,0,0,0,1,0
20900,2,29900,0,116,1,100,0,0,0,0,0,0,1,0
21000,3,41858,1,116,1,169,0,0,0,0,0,1,0,0
21000,1,54000,1,116,1,326,0,1,0,1,0,0,1,0
20400,3,107000,1,116,1,65,1,0,1,0,0,0,0,0
20900,6,69890,1,116,1,326,0,0,1,0,0,0,1,0
20890,6,59000,1,116,0,322,1,0,1,0,0,0,1,0
21000,5,138000,1,116,1,278,1,0,1,0,0,1,0,0
21000,5,76342,1,116,1,169,0,0,1,0,0,1,0,0
20999,3,40000,0,116,1,55,1,0,0,0,0,0,0,0
21000,6,82000,1,116,0,224,1,0,1,0,0,1,0,0
20400,4,100000,1,116,1,178,1,0,1,0,0,1,0,0
20600,5,60743,1,116,1,326,0,0,1,0,0,0,1,0
20500,6,64000,0,116,0,197,1,0,1,0,0,1,0,0
21000,5,50449,1,116,1,169,1,0,1,0,0,1,0,0
21000,6,59000,1,116,0,230,1,0,1,0,0,0,1,0
20300,6,129000,1,116,1,233,1,0,1,0,0,1,0,0
20800,2,42700,1,116,1,261,0,0,0,0,0,0,1,0
20500,6,52655,1,116,0,750,0,0,1,0,0,0,0,1
20950,5,51088,1,116,1,326,1,0,1,0,0,0,1,0
20450,4,47000,1,116,1,226,0,0,1,0,0,1,0,0
20400,6,93,0,116,0,146,1,0,0,0,0,0,1,0
20900,5,90000,1,116,1,147,1,0,1,0,0,1,0,0
20900,5,75000,1,116,1,387,1,0,1,0,0,0,1,0
20500,4,62000,1,116,1,177,0,0,1,0,0,1,0,0
20300,6,110000,1,116,0,61,1,0,1,0,0,1,0,0
20500,5,86000,1,116,0,700,1,0,0,1,0,0,0,1
20250,4,112000,1,116,0,31,1,0,1,0,0,0,0,0
20500,5,99500,1,116,0,205,1,0,1,0,0,1,0,0
20900,5,75000,1,116,1,326,1,0,0,0,0,0,1,0
20900,2,113808,0,116,1,103,1,0,1,0,0,0,0,0
20500,4,79000,1,116,1,201,1,0,0,0,1,1,0,0
20200,6,31500,0,116,1,229,0,0,1,0,0,1,0,0
20500,3,57645,1,116,0,505,1,0,0,0,0,0,0,1
20400,5,86374,1,116,1,85,1,0,1,0,0,0,1,0
20200,4,85000,1,116,1,176,0,0,1,0,0,0,1,0
20500,4,73297,1,116,1,194,1,0,1,0,0,0,1,0
20800,6,125800,1,116,0,905,1,0,1,0,0,0,0,1
20900,5,59400,1,116,1,326,0,0,0,0,0,0,1,0
20500,5,70000,0,116,0,443,1,0,0,0,0,0,0,1
20900,5,33000,1,116,0,326,1,0,0,0,0,0,1,0
21000,6,68000,1,116,0,611,1,0,0,0,1,0,0,1
20900,5,54950,1,116,1,238,1,0,0,0,0,0,0,0
20900,4,79000,1,116,1,123,1,0,1,0,0,0,0,0
20499,3,109000,1,116,1,126,1,0,0,0,0,1,0,0
20910,5,55206,1,116,1,16,1,0,0,0,0,0,0,0
21000,5,57280,0,116,0,477,1,0,0,0,0,0,0,1
20900,4,85600,0,116,1,165,0,0,1,0,0,1,0,0
20900,3,40369,1,116,1,178,0,0,0,0,0,1,0,0
20300,6,95000,1,116,1,326,0,0,1,0,0,0,1,0
21000,5,85000,1,116,0,89,0,0,1,0,0,0,0,0
20900,6,91113,1,116,1,276,1,0,1,0,0,1,0,0
21000,6,171000,1,116,0,99,1,0,0,1,0,0,0,0
21000,5,123000,1,116,0,211,1,0,1,0,0,0,1,0
20990,6,62300,1,116,1,342,0,0,1,0,0,0,1,0
20990,6,113000,1,116,0,25,1,0,1,0,0,0,0,0
20800,5,71000,0,116,0,239,0,0,0,0,0,1,0,0
20500,3,56652,1,116,1,116,1,0,0,0,0,0,0,0
20500,6,86000,0,116,0,200,0,0,0,0,0,0,1,0
20500,6,110000,1,116,0,87,0,0,1,0,0,0,0,0
21000,5,108000,1,116,0,106,1,0,1,0,0,0,1,0
20900,3,33000,1,116,1,339,0,0,0,0,0,0,1,0
20500,6,63500,1,116,0,40,1,0,0,0,0,0,0,0
21000,5,82000,0,116,0,294,1,0,0,0,1,0,1,0
20490,5,69900,0,116,1,342,0,0,1,0,0,0,1,0
20400,5,32000,1,116,1,215,1,0,0,0,0,0,0,0
21000,3,90000,1,116,1,611,1,0,1,0,0,0,0,1
21000,5,110000,1,116,1,177,0,0,1,0,0,1,0,0
20900,6,122000,1,116,1,177,0,0,1,0,0,1,0,0
20500,3,56652,1,116,1,187,1,0,0,0,0,1,0,0
20900,2,90000,0,116,1,424,1,0,0,0,0,0,0,1
20900,5,49026,0,116,1,163,1,0,0,0,0,0,0,0
20500,4,125000,1,116,0,215,1,0,0,0,0,1,0,0
21000,6,51000,0,116,0,101,1,0,0,1,0,1,0,0
20900,3,90000,0,116,0,290,0,0,0,0,1,1,0,0
20800,6,84900,0,116,1,326,0,0,1,0,0,0,1,0
20850,4,48000,0,116,1,533,1,0,0,0,0,0,0,1
21000,6,125000,1,116,0,790,1,0,1,0,0,0,0,1
20800,5,100520,1,116,1,121,1,0,1,0,0,1,0,0
20950,4,52566,1,116,1,276,1,0,0,0,0,1,0,0
20500,3,140000,1,116,1,165,0,0,1,0,0,1,0,0
20500,4,140000,1,116,1,695,1,0,1,0,0,0,0,1
20900,5,82868,1,116,1,169,1,0,0,1,0,0,0,0
21000,6,66000,0,116,0,232,0,0,0,1,0,0,1,0
20500,5,120000,0,116,0,289,1,0,1,0,0,0,1,0
21000,5,99000,1,116,0,610,1,0,1,0,0,0,0,1
21000,5,165000,1,116,0,173,1,0,1,0,0,1,0,0
20900,6,47585,1,116,1,285,1,0,0,0,0,1,0,0
20899,6,107726,1,116,1,86,1,0,1,0,0,0,0,0
21000,4,79900,1,116,1,647,1,0,0,0,0,0,0,1
20500,5,120000,1,116,0,715,1,0,0,0,0,0,0,1
21000,5,58000,1,116,0,731,0,0,0,0,0,0,0,1
21000,6,99000,1,116,1,191,1,0,1,0,0,1,0,0
20499,4,105000,1,116,1,326,1,0,1,0,0,0,1,0
20490,6,60000,0,116,1,326,1,0,0,0,0,0,1,0
20900,3,119163,1,116,1,695,1,0,0,0,0,0,0,1
20900,4,82200,1,116,1,163,1,0,0,0,0,0,0,0
20500,5,153000,1,116,1,472,1,0,1,0,0,0,0,1
21000,6,115000,1,116,0,62,1,0,1,0,0,0,0,0
21000,3,80000,0,116,1,146,0,0,0,0,0,1,0,0
20900,5,59500,0,116,1,750,1,0,0,0,0,0,0,1
20500,3,126446,1,116,1,163,1,0,0,0,0,0,0,0
20699,3,130420,1,116,1,25,1,0,1,0,0,0,0,0
20699,3,130420,1,116,1,177,1,0,1,0,0,1,0,0
20699,3,130420,1,116,1,283,1,0,1,0,0,1,0,0
20999,6,99000,1,116,0,255,1,0,0,0,0,1,0,0
20900,3,89600,1,116,1,628,1,0,0,0,0,0,0,1
21000,3,86759,1,116,1,326,1,0,0,0,0,0,1,0
21000,6,122500,1,116,0,111,1,0,1,0,0,1,0,0
20699,3,130420,1,116,1,86,1,0,1,0,0,0,0,0
20699,3,130420,1,116,1,326,1,0,1,0,0,0,1,0
21000,4,71430,0,116,1,98,1,0,0,0,0,0,1,0
20900,6,86234,1,116,1,326,1,0,0,0,0,0,1,0
21000,5,134000,1,116,0,792,1,0,1,0,0,0,0,1
20699,3,130420,1,116,1,485,1,0,1,0,0,0,0,1
20500,5,144000,1,116,0,545,1,0,0,0,0,0,0,1
20900,5,86450,1,116,1,383,1,0,0,0,0,0,1,0
21000,5,139000,1,116,0,698,1,0,1,0,0,0,0,1
20890,6,59000,1,116,1,319,1,0,1,0,0,0,1,0
21900,5,94000,1,116,1,162,0,0,1,0,0,1,0,0
21900,3,19500,1,116,1,77,0,0,0,0,1,0,0,0
21499,6,78000,1,116,1,77,0,0,1,0,0,0,0,0
21900,3,21536,0,116,1,163,0,0,0,1,0,0,0,0
21999,6,67000,1,116,1,345,1,0,1,0,0,0,1,0
21990,3,45000,1,116,1,127,1,0,0,0,0,1,0,0
21900,3,17900,0,116,1,299,0,0,0,0,0,1,0,0
21800,5,67644,1,116,1,147,1,0,1,0,0,1,0,0
21900,4,119000,1,116,1,121,1,0,1,0,0,0,0,0
21900,3,72761,1,116,1,796,1,0,0,0,0,0,0,1
21500,4,106965,1,116,1,292,1,0,0,0,0,0,1,0
21890,5,127397,1,116,1,568,1,0,1,0,0,0,0,1
21500,6,146500,1,116,1,200,1,0,1,0,0,0,1,0
21500,5,32000,1,116,1,214,1,0,1,0,0,1,0,0
21800,3,47000,1,116,0,222,1,0,1,0,0,1,0,0
22000,5,62000,1,116,0,162,0,0,1,0,0,1,0,0
21800,6,61000,1,116,0,174,1,0,1,0,0,1,0,0
21800,3,43500,1,116,0,147,1,0,0,0,0,1,0,0
21900,3,50000,1,116,1,276,0,0,1,0,0,1,0,0
21500,5,106400,1,116,1,79,1,0,1,0,0,0,0,0
22000,6,104000,1,116,0,355,0,0,0,1,0,0,0,1
22000,5,79000,1,116,0,223,1,0,1,0,0,0,1,0
21900,6,105000,1,116,0,132,1,0,1,0,0,0,0,0
22000,4,73000,1,116,0,326,1,0,0,0,0,0,1,0
22000,3,24321,0,116,1,162,0,0,0,1,0,1,0,0
21499,5,125500,1,116,0,156,1,0,1,0,0,0,0,0
21900,3,29621,1,116,0,567,0,0,0,1,0,0,0,1
21500,3,48200,1,116,1,102,1,0,0,0,0,0,0,0
21900,3,49563,1,116,1,194,1,0,1,0,0,0,1,0
22000,4,66000,1,116,0,259,1,0,1,0,0,1,0,0
21700,6,85000,1,116,0,121,1,0,1,0,0,1,0,0
21900,3,15660,0,116,1,215,0,0,0,0,0,1,0,0
22000,6,89000,1,116,0,211,1,0,1,0,0,1,0,0
21990,4,106000,1,116,1,215,1,0,1,0,0,1,0,0
21900,3,13900,0,116,1,299,0,0,0,0,0,1,0,0
22000,4,75500,0,116,0,215,0,0,1,0,0,1,0,0
21500,5,105000,1,116,0,491,1,0,1,0,0,0,0,1
21800,4,85000,1,116,0,333,1,0,1,0,0,0,1,0
21490,5,59000,0,116,1,99,0,0,1,0,0,0,0,0
22000,4,49000,1,116,0,159,0,0,0,0,1,1,0,0
21790,4,89000,1,116,1,326,0,0,1,0,0,0,1,0
21500,3,91000,1,116,1,129,1,0,0,0,0,0,0,0
22000,4,45000,1,116,0,292,1,0,0,0,0,0,1,0
22000,4,99000,1,116,0,861,1,0,1,0,0,0,0,1
21500,6,125500,1,116,0,201,1,0,1,0,0,1,0,0
21500,5,69000,1,116,0,177,1,0,1,0,0,1,0,0
22000,5,148000,1,116,0,43,1,0,1,0,0,0,0,0
21500,6,84000,0,116,0,150,0,0,1,0,0,0,1,0
22000,4,45000,0,116,0,175,0,0,1,0,0,1,0,0
22000,2,24000,0,116,1,326,0,0,1,0,0,0,1,0
22000,5,92000,1,116,0,215,1,0,1,0,0,1,0,0
22000,6,81800,1,116,0,178,0,0,1,0,0,1,0,0
21960,4,101757,1,116,1,196,0,0,1,0,0,1,0,0
22000,6,93500,1,116,0,257,1,0,1,0,0,1,0,0
22000,6,50000,0,116,0,65,0,0,1,0,0,0,0,0
21490,4,85000,1,116,0,706,1,0,1,0,0,0,0,1
21500,6,82000,1,116,1,199,0,0,1,0,0,0,0,0
21900,5,58000,1,116,0,174,0,0,0,0,0,1,0,0
21900,6,65000,0,116,1,326,0,0,1,0,0,0,1,0
22000,5,90000,1,116,0,158,1,0,1,0,0,1,0,0
21850,4,50000,1,116,1,533,1,0,0,0,0,0,0,1
21500,6,63400,1,116,0,611,1,0,0,0,1,0,0,1
21390,3,49631,0,116,1,342,0,0,1,0,0,0,1,0
22000,5,96000,1,116,0,247,1,0,1,0,0,0,1,0
21990,3,39900,1,116,1,339,1,0,1,0,0,0,1,0
22000,6,64000,1,116,0,214,1,0,1,0,0,0,1,0
22000,5,98000,1,116,0,164,1,0,1,0,0,0,1,0
21900,6,122000,1,116,0,166,1,0,0,0,1,1,0,0
21990,3,84000,1,116,1,424,0,0,0,0,1,0,0,1
21700,4,44515,1,116,1,326,1,0,0,1,0,0,1,0
21790,4,52500,1,116,1,275,1,0,1,0,0,1,0,0
22000,3,79900,1,116,1,607,0,0,1,0,0,0,0,1
21500,5,62632,0,116,1,121,0,0,0,0,1,1,0,0
22000,6,65000,0,116,0,275,0,0,1,0,0,1,0,0
21980,3,50957,1,116,1,23,0,0,0,0,0,0,0,0
21400,6,69208,1,116,1,326,1,0,0,0,1,0,1,0
21299,6,44608,0,116,0,476,0,0,0,0,1,0,0,1
21990,6,89000,1,116,1,162,1,0,1,0,0,0,0,0
22000,5,80000,1,116,0,135,1,0,1,0,0,0,0,0
21899,3,79000,0,116,1,276,0,0,1,0,0,1,0,0
21900,4,69000,1,116,1,326,0,0,1,0,0,0,1,0
22000,6,112000,1,116,0,278,0,0,1,0,0,1,0,0
22000,5,91000,1,116,0,119,1,0,1,0,0,0,1,0
21500,5,130000,1,116,0,484,1,0,1,0,0,0,0,1
21900,4,75882,1,116,1,184,1,0,0,0,0,1,0,0
21600,5,81131,1,116,1,194,1,0,1,0,0,0,1,0
21900,4,79754,1,116,1,270,0,0,1,0,0,1,0,0
21800,6,85800,0,116,0,16,0,0,0,0,1,0,0,0
21200,4,70277,1,116,1,128,1,0,0,1,0,0,0,0
21400,3,80000,1,116,1,178,1,0,0,0,0,1,0,0
21900,5,98500,1,116,0,310,0,0,1,0,0,1,0,0
21500,4,40800,1,116,1,177,0,0,0,0,0,1,0,0
21900,6,128533,1,116,1,23,1,0,1,0,0,0,0,0
21350,6,98000,1,116,0,326,0,0,1,0,0,0,1,0
21990,3,140000,1,116,1,130,1,0,1,0,0,1,0,0
21500,5,123000,1,116,0,506,1,0,1,0,0,0,0,1
21900,3,115314,1,116,1,226,1,0,1,0,0,0,0,0
21900,6,85900,1,116,1,111,1,0,1,0,0,1,0,0
21250,4,79922,1,116,1,377,1,0,0,0,0,0,0,1
22000,6,89972,1,116,0,275,0,0,0,0,1,1,0,0
21990,3,49990,1,116,1,326,1,0,0,0,0,0,1,0
21900,6,40300,1,116,1,793,0,0,0,0,1,0,0,1
22000,5,148000,1,116,0,764,1,0,1,0,0,0,0,1
21700,3,52000,1,116,1,171,1,0,0,0,0,1,0,0
21500,6,68000,1,116,1,288,1,0,0,0,1,0,1,0
21800,6,59400,1,116,0,155,1,0,0,0,1,0,0,0
21900,4,26000,0,116,1,194,0,0,1,0,0,0,1,0
21500,3,103093,1,116,1,505,1,0,1,0,0,0,0,1
22000,5,120000,1,116,0,533,1,0,1,0,0,0,0,1
21900,3,76000,0,116,1,186,1,0,0,1,0,0,1,0
21900,6,74900,0,116,1,275,0,0,1,0,0,1,0,0
21300,3,72937,0,116,1,209,0,0,0,0,0,1,0,0
21500,5,168000,1,116,0,700,1,0,1,0,0,0,0,1
21499,5,145000,1,116,1,463,1,0,1,0,0,0,0,1
21986,3,79000,0,116,0,272,0,0,1,0,0,0,1,0
21900,5,75387,1,116,0,919,1,0,1,0,0,0,0,1
21500,6,122844,1,116,0,355,1,0,0,0,0,0,1,0
21600,4,62000,1,116,1,533,1,0,0,0,0,0,0,1
22000,6,128000,1,116,0,226,1,0,1,0,0,0,0,0
21500,4,67319,1,116,1,121,1,0,0,0,0,1,0,0
21300,5,134000,1,116,1,525,1,0,1,0,0,0,0,1
21400,4,33000,0,116,1,533,1,0,0,0,0,0,0,1
21900,3,85000,1,116,1,424,0,0,0,0,1,0,0,1
21499,4,83233,1,116,1,475,1,0,0,1,0,0,0,1
21399,5,110962,1,116,1,25,1,0,1,0,0,0,0,0
21399,5,110962,1,116,1,326,1,0,1,0,0,0,1,0
21990,4,124000,1,116,1,397,0,0,1,0,0,0,1,0
21900,3,47069,0,116,1,86,0,0,0,0,0,0,0,0
21399,5,110962,1,116,1,130,1,0,1,0,0,0,1,0
21900,5,92000,1,116,1,271,0,0,1,0,0,1,0,0
21500,4,55459,1,116,1,424,1,0,0,0,0,0,0,1
21990,6,148000,1,116,1,463,1,0,1,0,0,0,0,1
21399,5,110962,1,116,1,283,1,0,1,0,0,1,0,0
21900,6,111830,1,116,1,86,1,0,1,0,0,0,0,0
22000,3,67000,0,116,1,146,0,0,0,0,0,1,0,0
22000,3,98000,1,116,1,218,1,0,0,0,0,1,0,0
21399,5,110962,1,116,1,177,1,0,1,0,0,1,0,0
21500,6,108600,1,116,1,355,0,0,1,0,0,0,0,1
22000,3,98000,1,116,1,218,1,0,0,0,0,1,0,0
21399,5,110962,1,116,1,628,1,0,1,0,0,0,0,1
22000,5,96000,1,116,0,123,1,0,0,0,0,0,0,0
21399,5,110962,1,116,1,86,1,0,1,0,0,0,0,0
21999,6,143000,1,116,1,854,1,0,0,0,0,0,0,1
23000,2,44000,0,116,1,281,0,0,1,0,0,1,0,0
22900,4,43190,1,116,1,162,1,0,1,0,0,1,0,0
22800,5,95420,1,116,1,98,0,0,1,0,0,0,1,0
22900,3,68000,1,116,1,412,0,0,1,0,0,0,1,0
22900,3,23000,0,116,1,262,0,0,1,0,0,1,0,0
22900,3,20500,0,116,1,262,0,0,1,0,0,1,0,0
23000,5,86300,1,116,1,98,1,0,1,0,0,0,1,0
22999,6,40146,1,116,1,177,0,0,1,0,0,1,0,0
22900,3,24000,0,116,1,262,0,0,1,0,0,1,0,0
22500,5,99706,1,116,1,121,1,0,1,0,0,1,0,0
22500,4,138744,1,116,1,389,1,0,1,0,0,0,0,1
22199,4,143898,1,116,1,326,1,0,1,0,0,0,1,0
22900,5,93926,1,116,1,156,1,0,1,0,0,1,0,0
22500,4,69895,1,116,0,187,1,0,1,0,0,1,0,0
22499,6,55570,1,116,1,285,0,0,1,0,0,1,0,0
22700,3,14000,1,116,1,342,0,0,1,0,0,0,1,0
22990,5,101500,1,116,1,163,1,0,1,0,0,0,0,0
22888,4,70335,1,116,0,588,0,0,0,0,1,0,0,1
22500,6,69500,1,116,0,233,1,0,1,0,0,1,0,0
22300,6,55183,1,116,0,611,1,0,1,0,0,0,0,1
22300,2,38000,1,116,0,202,1,0,1,0,0,1,0,0
23000,1,50000,1,116,1,326,0,0,1,0,0,0,1,0
22500,5,98500,1,116,0,121,1,0,1,0,0,1,0,0
22890,3,39000,1,116,1,326,0,0,1,0,0,0,1,0
22999,2,59664,1,116,0,326,0,0,0,1,0,0,1,0
23000,5,80000,1,116,0,223,1,0,1,0,0,0,1,0
22900,5,78579,1,116,1,105,1,0,1,0,0,0,1,0
22500,2,30000,1,116,0,222,0,0,0,0,0,1,0,0
22400,4,45500,0,116,1,229,0,0,1,0,0,1,0,0
22500,5,32300,1,116,0,326,0,0,0,0,1,0,1,0
22500,2,41,1,116,1,178,0,0,0,0,0,1,0,0
23000,6,58000,1,116,0,135,1,0,1,0,0,0,1,0
22500,4,65000,1,116,0,807,1,0,0,0,0,0,0,1
22800,4,67000,1,116,0,295,0,0,1,0,0,1,0,0
23000,6,110000,1,116,0,824,1,0,1,0,0,0,0,1
22500,5,75000,1,116,1,184,1,0,1,0,0,1,0,0
22900,5,86000,1,116,0,137,1,0,1,0,0,0,0,0
22900,3,99735,1,116,1,177,1,0,1,0,0,1,0,0
23000,5,77500,1,116,0,73,1,0,1,0,0,0,0,0
23000,3,96000,1,116,0,82,0,0,1,0,0,0,1,0
22300,5,80000,1,116,0,226,1,0,1,0,0,0,0,0
22900,4,58000,1,116,1,342,0,0,1,0,0,0,1,0
23000,6,94000,1,116,0,360,1,0,0,0,1,0,1,0
22990,4,58703,1,116,1,342,0,0,1,0,0,0,1,0
23000,5,67800,1,116,0,192,1,0,1,0,0,0,0,0
22500,6,63980,1,116,1,116,1,0,1,0,0,0,0,0
23000,5,82300,1,116,0,185,0,0,1,0,0,1,0,0
23000,4,70000,1,116,0,192,0,0,1,0,0,1,0,0
22900,6,81300,1,116,1,326,1,0,1,0,0,0,1,0
23000,6,86000,1,116,0,201,1,0,1,0,0,1,0,0
22500,5,144000,1,116,0,359,1,0,1,0,0,0,1,0
23000,5,76107,1,116,0,20,1,0,1,0,0,0,0,0
22800,5,63459,1,116,1,121,0,0,1,0,0,1,0,0
23000,5,91000,1,116,0,487,1,0,1,0,0,0,0,1
22900,3,70000,1,116,1,342,0,0,1,0,0,0,1,0
23000,6,99000,1,116,0,226,1,0,1,0,0,1,0,0
22300,6,87000,1,116,0,238,1,0,1,0,0,0,1,0
23000,5,67350,0,116,0,147,1,0,1,0,0,1,0,0
22500,6,89000,1,116,0,315,1,0,1,0,0,0,0,1
22300,4,41200,1,116,1,42,1,0,0,0,0,0,0,0
23000,5,116000,1,116,0,163,1,0,1,0,0,1,0,0
22900,6,108000,1,116,0,132,1,0,1,0,0,0,0,0
23000,3,49000,1,116,0,126,1,0,1,0,0,0,0,0
23000,4,81000,1,116,0,490,1,0,1,0,0,0,0,1
23000,5,100150,1,116,0,326,1,0,1,0,0,0,1,0
23000,5,62000,1,116,0,101,1,0,1,0,0,0,0,0
22700,3,88000,1,116,1,106,1,0,1,0,0,1,0,0
22900,6,71000,1,116,0,121,0,0,1,0,0,1,0,0
22100,5,59738,1,116,1,202,0,0,0,0,0,1,0,0
23000,4,79000,1,116,0,436,0,0,1,0,0,0,0,1
22490,5,95000,1,116,1,461,1,0,1,0,0,0,0,1
22500,6,56572,1,116,1,200,1,0,0,1,0,1,0,0
22500,5,68000,1,116,0,750,1,0,1,0,0,0,0,1
22490,6,39400,1,116,1,342,0,0,1,0,0,0,1,0
22800,6,86617,1,116,0,486,1,0,1,0,0,0,0,1
22900,5,125196,1,116,1,114,1,0,1,0,0,1,0,0
22999,6,130000,1,116,0,764,1,0,1,0,0,0,0,1
23000,5,101000,0,116,0,253,1,0,1,0,0,1,0,0
22700,5,85000,1,116,0,609,0,0,1,0,0,0,0,1
22500,6,63300,1,116,0,145,1,0,1,0,0,0,0,0
22400,6,87000,1,116,1,177,1,0,1,0,0,1,0,0
22500,5,57000,0,116,0,187,0,0,1,0,0,1,0,0
22900,6,77500,1,116,0,377,0,0,0,0,0,0,1,0
22500,6,78885,1,116,0,256,0,0,1,0,0,1,0,0
22899,6,61774,1,116,1,177,0,0,1,0,0,1,0,0
22790,3,71867,1,116,1,342,0,0,1,0,0,0,1,0
22400,6,105000,1,116,0,455,1,0,1,0,0,0,0,1
22200,6,63700,1,116,1,433,0,0,0,0,1,0,1,0
23000,6,59000,1,116,0,233,0,0,1,0,0,1,0,0
22900,5,74800,1,116,0,412,1,0,1,0,0,0,1,0
22500,6,125110,1,116,0,267,1,0,1,0,0,1,0,0
23000,6,70000,1,116,0,275,0,0,1,0,0,1,0,0
23000,6,30700,1,116,0,86,0,0,0,0,1,0,0,0
22400,6,90000,1,116,0,112,0,0,1,0,0,0,0,0
22990,6,86000,0,116,0,651,0,0,1,0,0,0,0,1
23000,6,82400,1,116,0,93,0,0,1,0,0,0,0,0
22900,3,49999,1,116,1,326,1,0,0,1,0,0,1,0
22500,5,49000,0,116,1,146,0,0,0,0,1,1,0,0
22590,6,53137,1,116,1,239,0,0,0,1,0,0,0,0
22900,4,64500,1,116,1,68,1,0,1,0,0,0,0,0
22500,6,129000,1,116,0,152,1,0,0,0,0,0,0,0
23000,6,59000,1,116,0,233,0,0,1,0,0,1,0,0
22300,6,133000,1,116,0,356,1,0,1,0,0,0,0,1
22899,6,61774,1,116,1,485,0,0,1,0,0,0,0,1
22490,5,120000,1,116,0,489,1,0,1,0,0,0,0,1
23000,6,30356,1,116,0,568,1,0,0,1,0,0,0,1
22900,6,112000,1,116,0,124,1,0,1,0,0,0,0,0
23000,6,78000,0,116,0,288,0,0,1,0,0,1,0,0
23000,5,99000,1,116,0,943,1,0,0,0,1,0,0,1
23000,6,122000,1,116,0,611,1,0,1,0,0,0,0,1
22999,6,97000,1,116,1,87,1,0,1,0,0,0,1,0
22700,2,63157,1,116,1,209,0,0,0,0,0,1,0,0
22500,5,85000,1,116,0,505,1,0,1,0,0,0,0,1
22900,3,69747,1,116,1,202,1,0,0,0,0,1,0,0
22900,5,100800,1,116,0,478,1,0,1,0,0,0,0,1
22999,6,40146,1,116,1,86,0,0,1,0,0,0,0,0
22999,6,40146,1,116,1,283,0,0,1,0,0,1,0,0
22900,5,105009,1,116,1,292,1,0,1,0,0,0,1,0
22950,4,61652,0,116,1,16,0,0,1,0,0,0,0,0
22999,3,69000,1,116,1,55,1,0,0,0,0,0,0,0
22900,4,129688,1,116,1,160,1,0,1,0,0,0,1,0
22500,4,91000,1,116,0,415,1,0,1,0,0,0,1,0
22900,6,70000,1,116,0,295,0,0,1,0,0,1,0,0
22900,4,66941,1,116,1,228,0,0,1,0,0,0,1,0
22500,5,39500,1,116,0,783,1,0,0,0,0,0,0,1
22500,6,60000,0,116,1,378,1,0,0,0,1,0,1,0
22700,4,21527,0,116,1,342,0,0,1,0,0,0,1,0
22199,4,143898,1,116,1,25,1,0,1,0,0,0,0,0
22900,3,96000,1,116,0,236,1,0,0,0,1,1,0,0
22500,3,47800,1,116,1,62,0,0,0,0,0,0,0,0
22700,6,108000,1,116,0,160,1,0,1,0,0,1,0,0
22490,6,72534,1,116,1,342,0,0,1,0,0,0,1,0
22900,5,105000,1,116,0,190,1,0,1,0,0,1,0,0
22500,3,93135,1,116,1,108,1,0,1,0,0,0,1,0
22500,6,93000,1,116,0,495,1,0,1,0,0,0,0,1
22999,6,40146,1,116,1,326,0,0,1,0,0,0,1,0
22199,4,143898,1,116,1,86,1,0,1,0,0,0,0,0
22500,6,101000,1,116,0,230,1,0,1,0,0,1,0,0
22500,5,121000,1,116,0,142,1,0,1,0,0,1,0,0
22999,6,40146,1,116,1,25,0,0,1,0,0,0,0,0
22899,6,61774,1,116,1,86,0,0,1,0,0,0,0,0
23000,6,63000,0,116,0,852,0,0,1,0,0,0,0,1
22999,6,40146,1,116,1,628,0,0,1,0,0,0,0,1
22199,4,143898,1,116,1,177,1,0,1,0,0,1,0,0
22900,5,49680,0,116,1,163,1,0,0,0,0,0,0,0
22900,5,125196,1,116,1,114,1,0,1,0,0,1,0,0
22899,6,61774,1,116,1,326,0,0,1,0,0,0,1,0
23000,3,54858,1,116,1,177,1,0,0,1,0,1,0,0
22490,4,96600,1,116,1,65,0,0,1,0,0,0,0,0
22199,4,143898,1,116,1,130,1,0,1,0,0,0,1,0
22990,3,36200,0,116,1,215,0,0,0,0,0,1,0,0
22199,4,143898,1,116,1,283,1,0,1,0,0,1,0,0
23000,6,72744,0,116,0,57,1,0,1,0,0,0,0,0
22899,6,61774,1,116,1,283,0,0,1,0,0,1,0,0
22900,5,125196,1,116,1,114,1,0,1,0,0,1,0,0
22900,5,145000,1,116,0,560,1,0,1,0,0,0,0,1
22500,4,99241,1,116,1,200,1,0,1,0,0,0,1,0
23000,6,59000,1,116,0,233,0,0,1,0,0,1,0,0
22199,4,143898,1,116,1,628,1,0,1,0,0,0,0,1
22899,6,61774,1,116,1,25,0,0,1,0,0,0,0,0
22900,3,70349,1,116,1,342,0,0,1,0,0,0,1,0
23000,4,64778,1,116,1,326,0,0,0,0,0,0,1,0
22170,3,157000,1,116,1,164,1,0,1,0,0,0,1,0
22900,6,90000,1,116,1,22,1,0,1,0,0,0,0,0
22250,6,97000,1,116,0,180,1,0,0,0,0,1,0,0
22900,6,99000,1,116,1,755,1,0,1,0,0,0,0,1
22900,4,74230,0,116,1,218,1,0,0,0,0,1,0,0
22500,6,86434,1,116,1,210,1,0,1,0,0,0,1,0
22900,4,74230,0,116,1,201,1,0,0,0,0,1,0,0
23000,3,108000,1,116,0,365,1,0,0,0,0,0,0,1
22900,6,42652,1,116,1,285,1,0,0,0,0,1,0,0
22900,5,67100,1,116,1,383,1,0,0,0,0,0,1,0
22490,3,64000,1,116,1,156,0,0,0,0,1,1,0,0
23500,4,20000,0,116,1,77,0,0,1,0,0,0,0,0
23900,3,21500,0,116,1,262,0,0,1,0,0,1,0,0
23900,3,21000,1,116,1,262,0,0,1,0,0,1,0,0
24000,4,55624,1,116,1,169,0,0,1,0,0,1,0,0
23700,4,97000,1,116,1,169,1,0,0,0,1,0,0,0
23990,3,32000,1,116,1,326,1,0,0,1,0,0,1,0
23990,5,32000,1,116,1,628,1,0,1,0,0,0,0,1
23499,4,129500,1,116,1,788,1,0,1,0,0,0,0,1
23900,3,23000,1,116,1,262,0,0,1,0,0,1,0,0
23900,2,21000,0,116,1,262,0,0,1,0,0,1,0,0
23900,3,21000,0,116,1,262,0,0,1,0,0,1,0,0
23900,3,19500,1,116,1,262,0,0,1,0,0,1,0,0
23499,3,17890,1,116,1,177,0,0,1,0,0,1,0,0
23299,5,73520,1,116,1,326,1,0,1,0,0,0,1,0
23890,3,52548,1,116,1,171,1,0,1,0,0,1,0,0
23799,3,51919,1,116,1,326,0,0,1,0,0,0,1,0
23900,3,21500,1,116,1,262,0,0,1,0,0,1,0,0
23900,3,24000,0,116,1,262,0,0,1,0,0,1,0,0
23900,3,21000,0,116,1,262,0,0,1,0,0,1,0,0
23900,3,21000,1,116,1,262,0,0,1,0,0,1,0,0
23900,4,66913,1,116,1,156,1,0,1,0,0,1,0,0
23900,3,18000,0,116,1,262,0,0,1,0,0,1,0,0
23900,3,22400,1,116,1,262,0,0,1,0,0,1,0,0
23900,4,78120,1,116,1,98,0,0,1,0,0,0,1,0
23900,6,90554,1,116,1,326,1,0,1,0,0,0,1,0
23900,3,20500,0,116,1,262,0,0,1,0,0,1,0,0
23500,5,67000,1,116,1,91,1,0,1,0,0,0,1,0
23400,4,74897,1,116,1,92,1,0,1,0,0,0,1,0
23600,3,39000,1,116,1,142,0,0,1,0,0,0,0,0
23900,4,53000,1,116,0,368,1,0,1,0,0,0,1,0
23499,5,83000,1,116,0,101,1,0,1,0,0,0,0,0
24000,6,47000,1,116,0,40,1,0,1,0,0,0,0,0
23900,4,53000,1,116,0,162,0,0,1,0,0,1,0,0
23800,5,67624,1,116,1,106,1,0,1,0,0,0,1,0
23500,5,92000,1,116,0,199,1,0,1,0,0,0,1,0
23500,5,78000,1,116,0,87,0,0,0,1,0,0,1,0
23490,6,80755,1,116,0,99,1,0,0,0,1,0,1,0
24000,4,66000,1,116,0,225,0,0,1,0,0,1,0,0
23490,5,76000,1,116,1,156,0,0,1,0,0,1,0,0
23900,4,79900,1,116,0,16,0,0,1,0,0,0,0,0
23500,5,105000,1,116,0,22,1,0,1,0,0,0,0,0
23500,6,57703,1,116,1,121,1,0,0,0,1,1,0,0
23200,6,60000,1,116,0,210,1,0,1,0,0,1,0,0
24000,3,68000,1,116,0,222,0,0,1,0,0,1,0,0
23333,2,50888,1,116,0,683,0,0,0,1,0,0,0,1
23999,5,91000,1,116,0,484,1,0,1,0,0,0,0,1
23900,6,69860,1,116,1,178,1,0,1,0,0,1,0,0
23990,3,23418,0,116,1,342,0,0,1,0,0,0,1,0
23300,5,95527,1,116,0,106,1,0,1,0,0,0,0,0
23800,5,73000,1,116,0,127,1,0,1,0,0,0,0,0
23900,4,55031,1,116,1,178,0,0,0,0,0,1,0,0
24000,4,39600,1,116,0,20,0,0,0,0,0,0,0,0
23480,6,87000,1,116,0,92,1,0,1,0,0,0,0,0
23500,6,80150,0,116,0,162,0,0,1,0,0,1,0,0
23850,4,30000,1,116,1,159,0,0,1,0,0,1,0,0
23500,5,65000,1,116,0,530,1,0,1,0,0,0,0,1
24000,4,93000,1,116,0,362,0,0,1,0,0,0,1,0
24000,3,91500,1,116,0,127,1,0,1,0,0,0,0,0
23500,6,77000,1,116,0,201,0,0,1,0,0,1,0,0
23500,6,109000,1,116,1,667,1,0,1,0,0,0,0,1
23999,6,79000,1,116,1,92,1,0,1,0,0,0,0,0
23800,5,43900,0,116,0,326,0,0,1,0,0,0,1,0
24000,5,77441,1,116,0,91,1,0,1,0,0,0,0,0
23500,5,40346,1,116,1,106,1,0,1,0,0,0,1,0
24000,4,83057,1,116,1,169,1,0,1,0,0,1,0,0
23900,3,48000,1,116,1,424,0,0,0,0,1,0,0,1
24000,5,86153,1,116,0,19,1,0,1,0,0,0,0,0
24000,5,117000,1,116,1,283,0,0,1,0,0,0,1,0
23900,5,91700,1,116,0,182,1,0,1,0,0,1,0,0
23999,4,75000,0,116,0,120,0,0,1,0,0,0,0,0
23500,5,90000,1,116,0,116,1,0,1,0,0,0,1,0
23300,3,42687,1,116,1,342,0,0,1,0,0,0,1,0
23800,5,67000,1,116,0,141,0,0,0,1,0,1,0,0
23999,5,145000,0,116,0,129,1,0,1,0,0,0,1,0
23999,6,55826,1,116,0,788,0,0,1,0,0,0,0,1
23950,5,85107,1,116,1,698,1,0,1,0,0,0,0,1
23700,3,96206,1,116,1,284,1,0,1,0,0,1,0,0
23999,5,78000,1,116,0,763,1,0,1,0,0,0,0,1
23500,6,112000,1,116,0,227,0,0,1,0,0,0,0,0
23500,6,89000,1,116,0,7,1,0,1,0,0,0,0,0
23500,5,111417,1,116,0,337,1,0,1,0,0,0,1,0
23790,3,28349,1,116,1,342,0,0,1,0,0,0,1,0
24000,6,72000,0,116,0,83,1,0,1,0,0,0,1,0
23999,5,59474,1,116,1,99,0,0,1,0,0,0,1,0
24000,5,72942,1,116,0,345,1,0,1,0,0,0,1,0
23218,3,78418,1,116,1,99,1,0,1,0,0,0,1,0
23500,4,48689,1,116,0,326,0,0,0,0,1,0,1,0
24000,4,70000,1,116,0,105,0,0,1,0,0,0,1,0
24000,5,75000,1,116,1,121,1,0,1,0,0,0,0,0
23950,6,109000,1,116,1,16,1,0,1,0,0,0,0,0
23700,6,105000,1,116,0,60,1,0,1,0,0,0,0,0
23500,5,91000,1,116,0,16,1,0,1,0,0,0,0,0
24000,5,85600,1,116,0,116,1,0,1,0,0,0,0,0
23950,5,77450,1,116,1,42,1,0,1,0,0,0,0,0
23900,6,132788,1,116,1,176,1,0,1,0,0,0,1,0
23999,5,117770,1,116,1,283,0,0,0,1,0,1,0,0
23500,5,58000,1,116,0,750,1,0,1,0,0,0,0,1
23500,5,136000,1,116,0,146,1,0,1,0,0,0,0,0
23900,3,43704,1,116,1,630,1,0,0,0,0,0,0,1
23500,5,90000,1,116,0,233,1,0,1,0,0,1,0,0
23990,2,97000,1,116,1,381,1,0,1,0,0,0,1,0
23900,3,19700,0,116,1,262,0,0,1,0,0,1,0,0
23900,6,57000,1,116,1,301,1,0,1,0,0,1,0,0
23500,5,106000,1,116,1,22,1,0,1,0,0,0,0,0
23499,3,17890,1,116,1,86,0,0,1,0,0,0,0,0
24000,6,155000,1,116,0,326,1,0,1,0,0,0,1,0
24000,6,96500,1,116,0,230,1,0,1,0,0,1,0,0
24000,4,54000,1,116,0,157,0,0,1,0,0,1,0,0
23500,4,49000,1,116,0,27,1,0,0,0,0,0,0,0
23500,4,47900,1,116,1,123,0,0,1,0,0,0,0,0
23500,3,52000,1,116,0,180,1,0,0,0,0,1,0,0
23499,3,17890,1,116,1,283,0,0,1,0,0,1,0,0
23900,5,96000,1,116,0,484,1,0,1,0,0,0,0,1
24000,4,45000,1,116,0,137,0,0,1,0,0,0,0,0
24000,5,116000,1,116,0,857,1,0,1,0,0,0,0,1
23900,3,93800,1,116,1,572,1,0,0,0,0,0,0,1
23950,6,85000,1,116,1,259,1,0,1,0,0,1,0,0
23900,5,57000,1,116,0,42,0,0,1,0,0,0,0,0
23500,5,97000,1,116,0,519,1,0,1,0,0,0,0,1
24000,5,84000,1,116,0,65,1,0,1,0,0,0,0,0
24000,4,78000,1,116,0,333,1,0,0,0,1,0,1,0
23500,6,38000,1,116,0,204,1,0,0,0,1,0,0,0
23900,5,112989,1,116,1,121,1,0,1,0,0,1,0,0
23699,5,62152,1,116,1,177,1,0,1,0,0,1,0,0
24000,6,125000,1,116,0,92,1,0,1,0,0,0,0,0
23700,4,81369,1,116,1,177,0,0,0,0,0,1,0,0
23800,6,99000,1,116,1,483,1,0,1,0,0,0,0,1
23900,4,102981,1,116,1,86,1,0,0,0,1,0,0,0
23299,5,73520,1,116,1,177,1,0,1,0,0,1,0,0
23890,4,58924,1,116,1,196,1,0,0,0,0,1,0,0
23900,3,68000,1,116,1,99,0,0,0,0,0,0,1,0
24000,6,66000,1,116,0,167,1,0,1,0,0,1,0,0
23999,5,66000,1,116,1,239,1,0,1,0,0,1,0,0
23500,4,56000,1,116,1,170,0,0,1,0,0,1,0,0
23500,4,86000,1,116,0,519,1,0,0,0,0,0,0,1
23999,5,117770,1,116,1,177,0,0,0,1,0,1,0,0
23499,3,79000,1,116,1,239,0,0,1,0,0,1,0,0
24000,5,72000,0,116,0,521,0,0,1,0,0,0,0,1
23799,3,51919,1,116,1,86,0,0,1,0,0,0,0,0
24000,6,106000,1,116,0,92,1,0,1,0,0,0,0,0
23900,4,105000,1,116,0,265,1,0,1,0,0,1,0,0
23900,5,96000,0,116,0,355,0,0,1,0,0,0,0,1
23900,3,96000,1,116,1,213,1,0,0,0,0,0,1,0
23900,5,105422,1,116,1,121,1,0,1,0,0,1,0,0
23700,4,135307,1,116,1,630,1,0,1,0,0,0,0,1
23799,3,51919,1,116,1,25,0,0,1,0,0,0,0,0
23900,4,98754,1,116,1,275,1,0,1,0,0,1,0,0
23700,3,63000,1,116,1,106,1,0,1,0,0,1,0,0
23499,3,17890,1,116,1,25,0,0,1,0,0,0,0,0
23500,4,88000,1,116,1,747,1,0,1,0,0,0,0,1
23299,5,73520,1,116,1,25,1,0,1,0,0,0,0,0
23499,3,17890,1,116,1,326,0,0,1,0,0,0,1,0
23699,5,62152,1,116,1,326,1,0,1,0,0,0,1,0
23900,6,91033,1,116,0,171,1,0,1,0,0,1,0,0
24000,5,113000,1,116,0,477,1,0,1,0,0,0,0,1
23500,4,68000,1,116,1,236,1,0,0,0,0,0,1,0
23950,4,35230,1,116,1,125,0,0,1,0,0,0,0,0
23799,3,51919,1,116,1,283,0,0,1,0,0,1,0,0
23999,5,117770,1,116,1,86,0,0,0,1,0,0,0,0
23500,5,81350,1,116,1,383,1,0,0,0,1,0,1,0
23799,3,51919,1,116,1,130,0,0,1,0,0,0,1,0
23300,5,96000,1,116,0,238,1,0,1,0,0,0,0,0
23799,3,51919,1,116,1,177,0,0,1,0,0,1,0,0
23900,5,106670,1,116,0,271,1,0,1,0,0,1,0,0
23499,3,17890,1,116,1,628,0,0,1,0,0,0,0,1
23299,5,73520,1,116,1,283,1,0,1,0,0,1,0,0
23999,5,117770,1,116,1,25,0,0,0,1,0,0,0,0
23999,5,117770,1,116,1,326,0,0,0,1,0,0,1,0
23900,5,82094,1,116,1,121,1,0,1,0,0,1,0,0
23299,5,73520,1,116,1,86,1,0,1,0,0,0,0,0
23900,5,113164,1,116,1,121,1,0,1,0,0,0,0,0
23900,4,90700,1,116,1,383,1,0,1,0,0,0,1,0
23299,5,73520,1,116,1,99,1,0,1,0,0,0,1,0
23499,6,127000,1,116,1,40,1,0,1,0,0,0,0,0
23900,5,99400,1,116,0,713,1,0,0,0,1,0,0,1
23950,6,47700,0,116,1,14,0,0,0,0,0,0,0,0
23699,5,62152,1,116,1,283,1,0,1,0,0,1,0,0
23900,3,60574,1,116,1,177,1,0,1,0,0,1,0,0
24000,5,133000,1,116,0,589,1,0,1,0,0,0,0,1
23699,5,62152,1,116,1,86,1,0,1,0,0,0,0,0
24000,6,112000,1,116,0,628,1,0,1,0,0,0,0,1
23490,3,36867,0,116,1,175,0,0,1,0,0,1,0,0
23799,3,51919,1,116,1,628,0,0,1,0,0,0,0,1
23699,5,62152,1,116,1,130,1,0,1,0,0,0,1,0
23500,5,70800,1,116,1,233,0,0,1,0,0,1,0,0
24000,6,131000,1,116,0,16,1,0,1,0,0,0,0,0
23299,5,73520,1,116,1,628,1,0,1,0,0,0,0,1
23999,5,117770,1,116,1,485,0,0,0,1,0,0,0,1
24000,3,34000,0,116,0,91,0,0,0,0,0,0,0,0
23699,5,62152,1,116,1,25,1,0,1,0,0,0,0,0
23500,5,86400,1,116,1,383,1,0,0,0,1,0,1,0
23699,5,62152,1,116,1,628,1,0,1,0,0,0,0,1
23900,3,124000,1,116,1,883,1,0,1,0,0,0,0,1
24900,2,21500,1,116,1,262,0,0,1,0,0,1,0,0
24900,2,13500,1,116,1,262,0,1,0,1,0,1,0,0
24900,3,17000,0,116,1,262,0,0,1,0,0,1,0,0
24300,5,90213,1,116,1,80,0,0,1,0,0,0,0,0
24900,2,17300,1,116,1,262,0,0,0,0,0,1,0,0
24900,2,14500,1,116,1,262,0,1,0,1,0,1,0,0
24900,2,19500,1,116,1,262,0,0,1,0,0,1,0,0
24900,1,17000,1,116,1,262,0,1,0,1,0,1,0,0
24900,2,15000,1,116,1,262,0,1,0,1,0,1,0,0
25000,3,60900,1,116,1,724,1,0,0,0,0,0,0,1
24900,3,18400,1,116,1,262,0,0,1,0,0,1,0,0
24900,3,19800,1,116,1,262,0,0,1,0,0,1,0,0
24900,3,21000,1,116,1,262,0,0,1,0,0,1,0,0
24900,3,19000,1,116,1,262,0,0,1,0,0,1,0,0
24900,4,75500,1,116,0,291,1,0,1,0,0,0,1,0
24900,3,37900,1,116,1,326,0,0,1,0,0,0,1,0
25000,5,67596,1,116,1,101,0,0,0,1,0,0,1,0
24900,1,18500,1,116,1,262,0,1,0,1,0,1,0,0
24200,5,78500,1,116,0,103,1,0,1,0,0,0,0,0
25000,5,88000,1,116,0,25,1,0,1,0,0,0,0,0
24999,3,85000,1,116,1,276,1,0,1,0,0,1,0,0
24900,3,19800,1,116,1,149,0,0,1,0,0,1,0,0
24990,5,76500,1,116,1,342,0,0,1,0,0,0,1,0
24777,2,60287,1,116,0,276,0,0,1,0,0,1,0,0
25000,4,95000,1,116,0,227,1,0,1,0,0,0,0,0
24890,3,54393,1,116,1,178,0,0,1,0,0,1,0,0
24500,3,74000,1,116,0,259,1,0,1,0,0,1,0,0
24900,1,17000,1,116,1,262,0,1,0,1,0,1,0,0
24900,4,74150,1,116,1,101,1,0,1,0,0,0,0,0
24900,3,22500,0,116,1,262,0,0,1,0,0,1,0,0
24900,3,45000,1,116,1,326,0,0,1,0,0,0,1,0
24900,5,67000,1,116,1,170,1,0,1,0,0,1,0,0
24500,5,48706,1,116,1,292,1,0,1,0,0,0,1,0
25000,6,47000,1,116,0,40,1,0,1,0,0,0,0,0
24900,6,50000,1,116,0,156,1,0,1,0,0,1,0,0
24500,6,119000,1,116,0,137,0,0,0,1,0,0,0,0
25000,1,10000,1,116,1,326,0,0,0,1,0,0,1,0
25000,4,90000,1,116,0,479,1,0,1,0,0,0,0,1
24500,3,70000,1,116,0,146,1,0,1,0,0,0,1,0
24900,5,60000,1,116,0,492,0,0,1,0,0,0,0,1
24890,5,109800,1,116,1,267,1,0,1,0,0,1,0,0
24990,3,68206,1,116,1,342,0,0,1,0,0,0,1,0
25000,5,100000,1,116,0,59,1,0,1,0,0,0,0,0
24800,3,67000,1,116,0,91,0,0,1,0,0,0,0,0
25000,5,35000,1,116,0,511,1,0,1,0,0,0,0,1
24900,4,46620,1,116,1,106,1,0,1,0,0,0,1,0
25000,5,97000,1,116,1,101,0,0,0,1,0,0,1,0
24990,5,119000,1,116,1,87,0,0,0,1,0,0,1,0
24900,4,71880,1,116,1,185,0,0,1,0,0,1,0,0
24900,5,86428,1,116,0,326,1,0,1,0,0,0,1,0
25000,5,70500,1,116,0,174,1,0,1,0,0,0,0,0
24900,3,31000,1,116,0,787,0,0,1,0,0,0,0,1
24900,6,88000,1,116,0,848,1,0,1,0,0,0,0,1
24500,4,19900,0,116,1,77,0,0,1,0,0,0,0,0
24650,6,78000,1,116,0,147,1,0,1,0,0,1,0,0
24500,4,75000,1,116,1,16,0,0,1,0,0,0,0,0
24900,5,56708,1,116,1,156,1,0,1,0,0,0,0,0
24800,5,80000,0,116,0,276,1,0,1,0,0,1,0,0
24400,3,74300,1,116,0,200,1,0,1,0,0,0,1,0
25000,4,66580,1,116,0,300,1,0,1,0,0,0,1,0
24900,4,86000,1,116,0,81,1,0,0,1,0,0,0,0
25000,6,75000,1,116,0,326,1,0,0,0,1,0,1,0
25000,4,110000,1,116,0,190,1,0,1,0,0,1,0,0
24500,5,90500,1,116,0,223,1,0,1,0,0,1,0,0
24900,6,63000,1,116,0,183,1,0,1,0,0,1,0,0
25000,4,75000,1,116,0,391,1,0,1,0,0,0,1,0
25000,6,135000,1,116,0,75,1,0,1,0,0,0,0,0
24500,3,91000,1,116,0,86,1,0,1,0,0,0,0,0
24900,3,79677,1,116,1,218,1,0,1,0,0,1,0,0
24450,6,75000,1,116,1,326,1,0,1,0,0,0,1,0
24900,4,24000,1,116,1,77,1,0,0,0,1,0,0,0
24300,3,70000,1,116,1,106,0,0,1,0,0,1,0,0
24800,4,103000,1,116,1,712,1,0,1,0,0,0,0,1
25000,5,70000,0,116,0,750,1,0,0,1,0,0,0,1
24500,5,50000,1,116,0,292,1,0,1,0,0,1,0,0
25000,4,54000,0,116,0,25,0,0,1,0,0,0,0,0
24500,4,92985,1,116,1,712,0,0,1,0,0,0,0,1
24500,3,66844,1,116,1,103,1,0,1,0,0,0,0,0
24500,5,98000,1,116,1,74,1,0,1,0,0,0,0,0
25000,4,30000,1,116,0,87,1,0,1,0,0,0,1,0
24750,5,51119,1,116,1,275,0,0,1,0,0,1,0,0
24990,4,56335,1,116,1,326,0,0,1,0,0,0,1,0
25000,6,100000,1,116,0,617,1,0,1,0,0,0,0,1
24980,4,57900,1,116,1,146,0,0,1,0,0,0,0,0
25000,3,45800,1,116,0,111,1,0,1,0,0,1,0,0
24500,6,82000,1,116,0,611,1,0,1,0,0,0,0,1
24500,6,106000,0,116,0,453,1,0,1,0,0,0,0,1
24500,5,90100,1,116,0,152,1,0,1,0,0,0,0,0
24500,6,93000,1,116,0,120,1,0,1,0,0,0,0,0
24900,3,60502,1,116,1,121,1,0,1,0,0,1,0,0
24499,5,81000,1,116,1,77,1,0,1,0,0,0,0,0
24500,6,160000,1,116,0,326,1,0,1,0,0,0,1,0
24200,4,60000,1,116,0,522,1,0,1,0,0,0,0,1
24900,5,89000,1,116,1,483,1,0,1,0,0,0,0,1
25000,6,44610,0,116,0,270,0,0,0,0,1,1,0,0
24500,6,48000,1,116,0,622,1,0,0,0,1,0,0,1
24850,6,78000,1,116,1,147,1,0,1,0,0,1,0,0
24500,6,98000,1,116,0,753,1,0,1,0,0,0,0,1
24500,5,209000,1,116,0,186,1,0,1,0,0,0,0,0
24300,4,75000,1,116,0,276,1,0,1,0,0,1,0,0
25000,5,76000,1,116,0,111,0,0,1,0,0,1,0,0
24900,3,73268,0,116,1,16,1,0,1,0,0,0,0,0
24900,3,81900,1,116,1,275,1,0,1,0,0,1,0,0
24500,5,73070,1,116,0,101,1,0,1,0,0,0,1,0
24300,3,64000,1,116,1,121,0,0,1,0,0,1,0,0
24990,3,59000,1,116,1,180,0,0,0,1,0,1,0,0
24768,4,97947,1,116,1,16,1,0,1,0,0,0,0,0
24900,3,89900,0,116,1,849,1,0,1,0,0,0,0,1
25000,5,70000,0,116,0,750,1,0,1,0,0,0,0,1
24900,6,166000,1,116,1,855,1,0,1,0,0,0,0,1
24500,3,89800,1,116,1,128,1,0,1,0,0,0,0,0
25000,5,93500,1,116,0,166,1,0,1,0,0,1,0,0
24900,3,79677,1,116,1,201,1,0,1,0,0,1,0,0
25000,5,40000,1,116,0,97,1,0,0,0,0,0,1,0
24800,5,51690,1,116,0,738,1,0,1,0,0,0,0,1
24500,4,62218,0,116,1,377,1,0,0,0,0,0,0,1
24500,6,83000,0,116,0,900,1,0,0,0,0,0,0,1
24950,6,128500,1,116,0,354,1,0,1,0,0,0,1,0
24500,6,72000,1,116,0,223,1,0,1,0,0,0,1,0
25000,6,120000,1,116,0,82,0,0,0,1,0,0,1,0
24700,5,124904,1,116,1,597,1,0,1,0,0,0,0,1
24200,6,17000,1,116,1,782,1,0,0,0,0,0,0,1
25000,3,96000,1,116,0,137,1,0,1,0,0,0,0,0
24500,5,99000,1,116,1,412,1,0,1,0,0,0,1,0
24600,6,104000,1,116,1,120,1,0,1,0,0,0,0,0
24500,3,56917,0,116,0,750,1,0,1,0,0,0,0,1
25000,5,120000,1,116,0,611,1,0,1,0,0,0,0,1
24600,4,41260,1,116,1,222,0,0,0,0,0,1,0,0
24500,6,74000,1,116,1,485,1,0,1,0,0,0,0,1
24790,3,70556,1,116,1,326,0,0,1,0,0,0,1,0
24900,4,83000,1,116,1,326,1,0,1,0,0,0,1,0
24800,4,98000,1,116,1,753,1,0,1,0,0,0,0,1
24900,4,48200,0,116,0,276,0,0,1,0,0,1,0,0
24500,6,88000,1,116,0,104,1,0,1,0,0,0,1,0
25000,5,68800,1,116,1,68,1,0,0,0,0,0,0,0
24500,4,57021,1,116,0,261,1,0,0,0,0,0,1,0
24500,4,100000,0,116,0,698,1,0,1,0,0,0,0,1
25000,4,71000,1,116,0,183,1,0,0,0,0,0,1,0
24400,6,99300,1,116,0,276,1,0,1,0,0,1,0,0
24900,5,47269,1,116,1,715,1,0,0,0,0,0,0,1
24900,4,49382,1,116,1,285,1,0,1,0,0,1,0,0
24900,3,81647,1,116,1,121,1,0,1,0,0,1,0,0
24900,4,56292,1,116,1,270,1,0,1,0,0,1,0,0
24900,2,93585,1,116,1,204,1,0,0,0,0,0,0,0
25000,4,130000,1,116,0,383,1,0,1,0,0,0,1,0
24500,4,93400,1,116,1,131,1,0,1,0,0,0,0,0
25000,4,121000,1,116,0,383,1,0,1,0,0,0,1,0
24800,5,85000,1,116,1,197,1,0,1,0,0,1,0,0
24350,2,50,0,116,1,86,0,0,0,1,0,0,0,0
24899,2,89318,1,116,1,177,1,0,1,0,0,1,0,0
24899,2,89318,1,116,1,25,1,0,1,0,0,0,0,0
24899,2,89318,1,116,1,326,1,0,1,0,0,0,1,0
24899,2,89318,1,116,1,86,1,0,1,0,0,0,0,0
24899,2,89318,1,116,1,283,1,0,1,0,0,1,0,0
24899,2,89318,1,116,1,628,1,0,1,0,0,0,0,1
24999,1,21001,1,116,1,326,1,0,1,0,0,0,1,0
24900,2,15000,1,116,1,262,0,1,0,1,0,1,0,0
24900,3,20300,1,116,1,262,0,0,1,0,0,1,0,0
24900,2,49000,1,116,1,270,1,0,1,0,0,1,0,0
24999,4,69000,1,116,1,239,1,0,1,0,0,1,0,0
25200,5,76820,1,116,1,162,1,0,1,0,0,1,0,0
25900,2,34000,1,116,1,270,1,0,1,0,0,1,0,0
25900,2,19500,1,116,1,262,0,0,1,0,0,1,0,0
25900,1,14000,1,116,1,262,0,1,0,1,0,1,0,0
25990,4,68000,1,116,1,298,1,0,1,0,0,1,0,0
25990,5,136000,1,116,1,322,0,0,1,0,0,0,1,0
25900,5,79000,1,116,1,184,1,0,1,0,0,1,0,0
26000,5,99000,1,116,1,130,0,0,0,1,0,1,0,0
25641,4,41035,1,116,1,194,1,0,1,0,0,0,1,0
25900,1,9500,1,116,1,262,0,1,0,1,0,1,0,0
25990,3,48844,1,116,1,383,1,0,1,0,0,0,1,0
25500,4,118000,1,116,1,695,1,0,1,0,0,0,0,1
25500,4,131101,1,116,1,263,0,0,0,1,0,0,1,0
25900,3,19500,1,116,1,262,0,0,1,0,0,1,0,0
25900,1,15900,1,116,1,262,0,1,0,1,0,1,0,0
25900,1,11000,1,116,1,262,0,1,0,1,0,1,0,0
25900,3,18500,1,116,1,262,0,0,1,0,0,1,0,0
25900,3,21000,1,116,1,262,0,0,1,0,0,1,0,0
25900,3,18000,1,116,1,262,0,0,1,0,0,1,0,0
25500,4,86433,1,116,0,299,1,0,1,0,0,1,0,0
26000,4,120000,1,116,0,326,0,0,0,1,0,0,1,0
26000,4,58000,0,116,0,104,0,0,0,1,0,0,1,0
26000,5,88000,1,116,0,177,0,0,0,1,0,1,0,0
25999,5,17000,1,116,0,140,1,0,1,0,0,0,0,0
26000,2,31587,1,116,0,228,1,0,1,0,0,0,1,0
26000,5,105000,1,116,0,22,1,0,1,0,0,0,0,0
26000,6,92000,1,116,0,65,0,0,0,1,0,0,0,0
26000,5,97000,1,116,1,93,0,0,0,1,0,0,0,0
25900,2,12500,1,116,1,262,1,0,0,0,0,1,0,0
26000,3,25000,0,116,0,177,0,0,1,0,0,1,0,0
25990,6,78000,1,116,0,99,1,0,1,0,0,0,1,0
25500,4,61000,1,116,0,140,1,0,1,0,0,0,1,0
26000,2,50000,1,116,0,166,1,0,0,0,0,1,0,0
25700,2,80000,1,116,1,190,1,0,1,0,0,1,0,0
26000,6,53000,1,116,0,352,1,0,1,0,0,0,1,0
26000,6,60000,1,116,0,263,1,0,1,0,0,1,0,0
25500,6,30900,1,116,0,177,0,0,1,0,0,1,0,0
25900,6,78000,1,116,1,212,1,0,1,0,0,0,0,0
25900,5,115000,1,116,1,91,0,0,0,1,0,0,1,0
25900,2,27017,1,116,1,171,0,0,0,1,0,1,0,0
26000,5,96000,1,116,1,198,1,0,1,0,0,1,0,0
25900,5,52600,1,116,0,147,1,0,1,0,0,1,0,0
25900,6,53000,1,116,0,262,1,0,1,0,0,1,0,0
25900,4,39000,1,116,1,177,1,0,1,0,0,1,0,0
26000,5,75000,1,116,0,482,1,0,0,1,0,0,0,1
25500,6,23000,1,116,1,747,1,0,0,1,0,0,0,1
25200,2,61584,1,116,1,342,0,0,1,0,0,0,1,0
25500,6,88000,1,116,0,346,1,0,1,0,0,0,0,1
25500,4,67000,1,116,0,276,1,0,1,0,0,1,0,0
25950,3,50120,1,116,1,216,1,0,1,0,0,1,0,0
26000,3,137000,1,116,0,74,1,0,1,0,0,0,0,0
25900,5,35000,1,116,1,190,1,0,1,0,0,1,0,0
25900,5,36000,1,116,0,7,0,0,1,0,0,0,0,0
25200,3,59000,1,116,0,290,1,0,1,0,0,1,0,0
25500,5,60000,1,116,1,162,0,0,1,0,0,1,0,0
25900,5,66500,1,116,0,112,1,0,1,0,0,0,0,0
25800,6,67000,1,116,0,339,1,0,1,0,0,0,1,0
25900,4,58068,1,116,1,326,1,0,1,0,0,0,1,0
25500,6,85000,1,116,0,690,1,0,1,0,0,0,0,1
25500,3,148000,1,116,0,550,1,0,1,0,0,0,0,1
25900,3,17300,1,116,1,77,0,0,1,0,0,0,0,0
26000,4,61800,1,116,0,67,1,0,1,0,0,1,0,0
25900,5,110047,1,116,1,226,1,0,1,0,0,0,0,0
26000,6,80000,1,116,0,751,1,0,1,0,0,0,0,1
25900,4,150000,1,116,0,156,0,0,0,1,0,0,0,0
25050,5,80100,1,116,0,159,0,0,1,0,0,1,0,0
25950,4,43270,0,116,1,259,1,0,1,0,0,1,0,0
25450,3,79228,1,116,1,205,1,0,1,0,0,1,0,0
25200,3,35000,1,116,1,614,0,0,1,0,0,0,0,1
26000,3,35350,1,116,0,326,0,0,1,0,0,0,1,0
25900,5,72500,1,116,0,326,1,0,1,0,0,0,1,0
25500,4,68000,1,116,0,121,1,0,1,0,0,1,0,0
25900,4,64571,1,116,1,120,1,0,1,0,0,1,0,0
25900,3,79000,1,116,1,167,1,0,1,0,0,1,0,0
25900,4,52767,1,116,0,326,0,0,0,1,0,0,1,0
25900,5,50000,1,116,0,180,0,0,1,0,0,1,0,0
25300,5,80000,1,116,1,412,1,0,1,0,0,0,1,0
25890,3,40393,1,116,1,178,1,0,1,0,0,1,0,0
25715,6,63516,1,116,1,99,1,0,1,0,0,0,1,0
25500,4,72000,1,116,0,163,1,0,1,0,0,1,0,0
25500,6,69000,1,116,1,203,1,0,1,0,0,1,0,0
26000,6,79930,1,116,1,68,1,0,1,0,0,0,0,0
25950,3,56000,1,116,1,141,0,0,1,0,0,1,0,0
25800,5,66000,1,116,1,147,1,0,1,0,0,1,0,0
26000,6,84000,1,116,0,191,1,0,1,0,0,0,0,0
25500,4,70750,1,116,1,204,1,0,1,0,0,0,1,0
25900,4,99000,1,116,1,211,1,0,1,0,0,0,1,0
25900,4,74226,1,116,1,156,0,0,1,0,0,1,0,0
25500,4,38800,1,116,1,383,1,0,1,0,0,0,1,0
25900,5,67700,1,116,0,181,0,0,1,0,0,1,0,0
25199,4,57453,1,116,1,99,1,0,1,0,0,0,1,0
25900,2,46100,1,116,1,201,0,0,0,0,0,0,0,0
25900,3,40000,1,116,1,190,0,0,1,0,0,1,0,0
25900,3,83000,1,116,0,222,1,0,1,0,0,1,0,0
25700,4,99968,1,116,1,712,1,0,1,0,0,0,0,1
26000,4,100000,1,116,0,628,1,0,1,0,0,0,0,1
25900,5,76000,1,116,1,184,1,0,1,0,0,1,0,0
26000,3,57500,1,116,0,177,1,0,1,0,0,1,0,0
25900,5,57902,1,116,1,159,1,0,1,0,0,0,0,0
25900,4,38500,1,116,1,628,1,0,1,0,0,0,0,1
25900,3,14392,0,116,1,745,0,0,1,0,0,0,0,1
26000,4,61889,1,116,0,231,1,0,0,0,0,0,1,0
25499,3,70000,1,116,1,525,1,0,0,0,0,0,0,1
25500,4,65000,1,116,0,233,1,0,1,0,0,1,0,0
25600,4,40026,1,116,1,194,1,0,0,0,0,0,1,0
25900,4,98000,1,116,1,186,1,0,1,0,0,0,1,0
25099,5,63616,1,116,1,130,1,0,1,0,0,0,1,0
25500,3,108900,1,116,0,833,1,0,1,0,0,0,0,1
25900,2,46100,1,116,1,163,0,0,0,0,0,0,0,0
25870,3,53214,1,116,1,177,1,0,1,0,0,1,0,0
25400,4,102900,1,116,0,480,1,0,1,0,0,0,0,1
25900,4,38407,1,116,1,194,1,0,0,0,0,0,1,0
25785,3,11770,1,116,1,326,1,0,0,0,0,0,1,0
25900,4,33021,0,116,1,216,0,0,1,0,0,1,0,0
25800,4,65370,1,116,1,171,1,0,1,0,0,1,0,0
26000,5,48000,1,116,0,883,1,0,1,0,0,0,0,1
25600,4,42500,1,116,1,715,1,0,1,0,0,0,0,1
25900,5,57529,0,116,1,140,1,0,0,0,1,0,1,0
25400,3,30135,0,116,1,177,0,0,1,0,0,1,0,0
25900,5,35000,1,116,1,190,1,0,1,0,0,1,0,0
25500,3,48600,1,116,1,25,0,0,1,0,0,0,0,0
25500,1,27568,1,116,1,326,1,0,1,0,0,0,1,0
26500,3,19800,1,116,1,77,0,0,1,0,0,0,0,0
26900,1,15000,1,116,1,262,0,1,0,1,0,1,0,0
26990,5,58000,1,116,1,310,1,0,1,0,0,0,1,0
26490,3,51000,1,116,1,239,1,0,1,0,0,1,0,0
26500,2,25200,0,116,1,299,0,0,1,0,0,1,0,0
26500,4,59372,1,116,1,68,0,0,1,0,0,0,0,0
26950,3,38180,1,116,1,180,0,0,1,0,0,1,0,0
26900,3,21500,0,116,1,262,0,0,1,0,0,1,0,0
26500,2,40344,1,116,1,326,1,0,1,0,0,0,1,0
26400,5,106743,1,116,1,102,1,0,1,0,0,1,0,0
26250,4,64000,1,116,0,130,1,0,1,0,0,0,1,0
26990,3,59461,1,116,0,286,0,0,1,0,0,1,0,0
26450,2,30000,1,116,1,326,1,0,1,0,0,0,1,0
26500,3,70000,1,116,0,283,1,0,0,0,0,1,0,0
26890,2,37000,1,116,1,156,1,0,1,0,0,1,0,0
26500,3,31000,1,116,0,226,1,0,1,0,0,0,0,0
26100,2,17217,1,116,1,342,0,0,1,0,0,0,1,0
26500,3,20900,1,116,1,149,0,0,1,0,0,1,0,0
26900,4,47500,1,116,0,160,0,0,1,0,0,1,0,0
27000,2,66000,1,116,0,146,0,1,1,0,0,0,1,0
26500,2,30000,1,116,0,266,1,0,1,0,0,0,1,0
27000,3,48718,1,116,0,219,1,0,1,0,0,1,0,0
26500,5,58000,1,116,0,290,1,0,1,0,0,0,1,0
26500,2,93000,1,116,0,186,1,0,1,0,0,0,0,0
26500,5,72000,1,116,0,287,1,0,1,0,0,0,1,0
26500,3,79000,1,116,0,199,1,0,1,0,0,1,0,0
26700,2,59900,1,116,0,140,1,0,1,0,0,0,0,0
26500,3,110000,1,116,0,245,0,0,0,0,0,1,0,0
26900,2,11500,1,116,1,299,0,0,1,0,0,1,0,0
26300,4,37800,0,116,0,177,0,0,1,0,0,1,0,0
27000,4,90000,1,116,0,598,1,0,1,0,0,0,0,1
26790,3,65789,1,116,1,342,0,0,1,0,0,0,1,0
26500,4,49900,1,116,1,256,0,0,1,0,0,1,0,0
26990,3,48500,1,116,1,141,1,0,1,0,0,0,0,0
26300,3,44273,1,116,1,552,1,0,0,0,0,0,0,1
26900,6,57500,1,116,1,326,0,0,0,1,0,0,1,0
26900,4,36600,1,116,0,276,0,0,1,0,0,1,0,0
26500,3,19200,1,116,1,77,0,0,1,0,0,0,0,0
26500,3,29000,1,116,0,141,1,0,1,0,0,0,0,0
26400,2,35000,1,116,1,165,0,0,1,0,0,1,0,0
26177,2,36887,1,116,0,757,0,0,1,0,0,0,0,1
26990,2,41600,1,116,1,275,0,0,1,0,0,1,0,0
26900,4,39600,1,116,1,40,1,0,1,0,0,0,0,0
27000,4,68500,1,116,0,326,1,0,1,0,0,0,1,0
27000,2,39000,1,116,0,326,1,0,1,0,0,0,1,0
27000,4,89000,1,116,1,160,1,0,1,0,0,0,0,0
26500,3,46000,1,116,1,256,0,0,1,0,0,1,0,0
26900,2,47424,1,116,1,147,1,0,1,0,0,1,0,0
26500,6,83000,1,116,1,117,0,0,0,1,0,1,0,0
26500,5,66000,1,116,0,138,1,0,1,0,0,0,1,0
26700,3,74000,1,116,0,299,1,0,1,0,0,1,0,0
27000,3,20971,1,116,1,256,0,0,1,0,0,1,0,0
26990,4,94000,1,116,1,233,1,0,1,0,0,1,0,0
26800,2,12000,0,116,1,100,0,0,1,0,0,0,1,0
26999,4,7201,1,116,1,157,0,0,1,0,0,1,0,0
26200,5,99500,1,116,1,190,0,0,0,1,0,1,0,0
26900,1,9000,1,116,1,149,0,1,0,1,0,1,0,0
26900,2,28278,1,116,1,180,1,0,1,0,0,1,0,0
26500,2,39776,1,116,0,290,1,0,1,0,0,1,0,0
26900,2,34555,1,116,1,126,1,0,1,0,0,1,0,0
26999,1,8500,1,116,1,326,0,0,0,1,0,0,1,0
26500,2,88000,1,116,0,92,1,0,1,0,0,0,0,0
27000,4,38000,1,116,0,201,1,0,1,0,0,1,0,0
26990,3,47247,1,116,1,342,0,0,1,0,0,0,1,0
26500,5,62000,1,116,1,715,0,0,1,0,0,0,0,1
26900,5,63000,1,116,0,222,1,0,1,0,0,1,0,0
27000,4,42000,1,116,0,326,0,0,1,0,0,0,1,0
26500,6,106500,1,116,0,206,1,0,1,0,0,0,0,0
26800,4,68400,1,116,1,653,1,0,1,0,0,0,0,1
26900,3,24000,1,116,1,339,0,0,1,0,0,0,1,0
26500,5,70000,1,116,0,326,1,0,1,0,0,0,1,0
27000,4,63000,1,116,0,160,1,0,1,0,0,1,0,0
26500,6,83000,1,116,0,487,1,0,0,0,1,0,0,1
26500,5,65000,1,116,0,609,1,0,1,0,0,0,0,1
26900,4,63000,1,116,1,197,1,0,1,0,0,1,0,0
27000,4,85300,1,116,0,552,1,0,1,0,0,0,0,1
26900,6,85000,1,116,0,79,1,0,1,0,0,0,0,0
26500,5,48000,1,116,0,581,1,0,1,0,0,0,0,1
26900,3,63832,1,116,1,218,1,0,1,0,0,1,0,0
26700,3,63000,1,116,0,201,1,0,1,0,0,1,0,0
26900,1,9300,1,116,1,77,0,1,0,1,0,0,0,0
26900,2,95000,1,116,0,700,1,0,1,0,0,0,0,1
27000,6,102000,0,116,0,126,0,0,0,1,0,0,0,0
26300,6,90000,1,116,1,283,1,0,1,0,0,0,1,0
26900,5,81000,1,116,1,260,0,0,0,1,0,1,0,0
26999,3,50595,0,116,1,854,1,0,1,0,0,0,0,1
26900,3,57700,1,116,0,326,0,0,1,0,0,0,1,0
26900,3,59000,1,116,1,126,0,0,1,0,0,1,0,0
27000,3,79000,1,116,0,350,1,0,1,0,0,0,1,0
26900,3,63832,1,116,1,201,1,0,1,0,0,1,0,0
26800,3,55000,1,116,0,232,1,0,1,0,0,0,1,0
27000,4,73000,1,116,0,326,1,0,1,0,0,0,1,0
26850,2,47830,1,116,1,205,0,0,1,0,0,1,0,0
26700,4,103000,1,116,1,389,1,0,1,0,0,0,0,1
26500,4,23400,1,116,1,25,1,0,1,0,0,0,0,0
26950,2,51678,1,116,1,180,0,0,1,0,0,1,0,0
26500,4,86000,1,116,0,81,1,0,1,0,0,0,0,0
27000,4,93906,1,116,1,348,0,0,0,1,0,0,0,1
26700,4,84000,1,116,0,326,1,0,1,0,0,0,1,0
26400,6,140000,1,116,0,645,1,0,1,0,0,0,0,1
26990,4,33750,1,116,1,162,0,0,1,0,0,1,0,0
27000,5,75000,1,116,0,145,1,0,0,0,1,0,0,0
26900,2,94941,1,116,1,16,1,0,1,0,0,0,0,0
26900,3,38000,1,116,1,147,0,0,1,0,0,1,0,0
26500,4,17900,1,116,1,77,0,0,1,0,0,0,0,0
26900,3,29500,1,116,1,222,0,0,1,0,0,1,0,0
26800,5,63000,1,116,0,539,1,0,1,0,0,0,0,1
26500,4,114500,1,116,1,163,0,0,0,1,0,1,0,0
26900,4,64256,1,116,1,276,1,0,1,0,0,1,0,0
26999,3,103294,1,116,0,326,1,0,1,0,0,0,1,0
26900,4,74000,1,116,1,322,1,0,1,0,0,0,1,0
26500,3,105000,1,116,0,504,1,0,1,0,0,0,0,1
26500,5,76000,1,116,0,792,1,0,0,0,1,0,0,1
26900,2,29300,1,116,1,299,0,0,1,0,0,1,0,0
26500,3,75000,1,116,0,257,1,0,1,0,0,0,1,0
26900,4,76306,1,116,1,326,1,0,0,0,0,0,1,0
26950,4,58300,1,116,1,14,0,0,1,0,0,0,0,0
26500,4,55000,1,116,0,199,1,0,1,0,0,0,1,0
27000,5,60500,1,116,0,480,1,0,1,0,0,0,0,1
27000,3,85000,1,116,0,786,1,0,1,0,0,0,0,1
26900,5,61000,1,116,0,819,1,0,1,0,0,0,0,1
26900,4,79990,1,116,1,919,1,0,1,0,0,0,0,1
26900,1,9500,1,116,1,262,0,0,0,1,0,1,0,0
27500,3,76053,1,116,1,463,0,0,1,0,0,0,0,1
27800,2,61600,1,116,1,266,0,0,1,0,0,1,0,0
27990,4,50000,1,116,1,170,1,0,1,0,0,1,0,0
27990,4,50000,1,116,1,757,1,0,1,0,0,0,0,1
27900,3,18553,1,116,1,389,0,0,1,0,0,0,0,1
27900,1,8900,1,116,1,299,1,0,1,0,0,1,0,0
27900,6,78000,1,116,0,253,0,0,0,1,0,1,0,0
27800,5,33950,1,116,1,111,1,0,1,0,0,1,0,0
27499,3,49500,1,116,0,278,1,0,0,0,0,1,0,0
27250,3,49700,1,116,0,181,1,0,1,0,0,1,0,0
28000,2,25000,1,116,0,177,1,0,1,0,0,1,0,0
27950,1,23384,1,116,1,276,0,1,0,1,0,1,0,0
28000,1,24384,1,116,1,169,1,0,1,0,0,1,0,0
28000,1,22973,1,116,1,169,1,0,1,0,0,1,0,0
27500,5,44225,1,116,0,488,0,0,0,1,0,0,0,1
27950,1,23384,1,116,1,275,0,1,0,1,0,1,0,0
28000,3,50000,1,116,0,197,1,0,1,0,0,1,0,0
27500,2,17217,1,116,1,256,0,1,1,0,0,1,0,0
27500,5,68767,1,116,0,326,1,0,1,0,0,0,1,0
28000,4,46000,1,116,0,163,1,0,1,0,0,0,0,0
27900,3,38900,1,116,1,342,0,0,1,0,0,0,1,0
27950,2,59456,1,116,1,184,0,1,1,0,0,1,0,0
28000,5,65000,1,116,0,205,0,0,0,1,0,1,0,0
28000,4,62000,1,116,0,196,0,0,0,1,0,1,0,0
28000,5,60000,1,116,0,210,0,0,0,1,0,1,0,0
27700,3,50000,1,116,1,22,1,0,0,0,0,0,0,0
27700,1,48300,1,116,1,342,0,0,1,0,0,0,1,0
27980,3,42135,1,116,1,23,1,0,1,0,0,0,0,0
27800,1,55000,1,116,1,198,0,0,1,0,0,1,0,0
27900,4,21200,1,116,1,77,0,0,1,0,0,0,0,0
27900,3,56400,1,116,0,226,1,0,1,0,0,0,0,0
27500,3,37900,1,116,1,256,0,0,1,0,0,1,0,0
28000,5,8300,1,116,0,263,1,0,1,0,0,0,1,0
27500,6,73100,1,116,0,25,0,0,0,1,0,0,0,0
28000,4,69000,1,116,0,286,1,0,1,0,0,1,0,0
28000,5,68000,1,116,0,23,1,0,1,0,0,0,0,0
27499,4,42000,1,116,1,788,1,0,1,0,0,0,0,1
27350,5,69300,1,116,0,155,0,0,0,1,0,1,0,0
27899,4,54315,1,116,1,326,1,0,0,1,0,0,1,0
27500,3,77600,1,116,0,177,1,0,1,0,0,1,0,0
27700,3,35000,1,116,1,95,1,0,1,0,0,1,0,0
27900,4,18300,1,116,1,77,0,0,1,0,0,0,0,0
28000,6,97000,1,116,0,143,0,0,0,1,0,1,0,0
28000,3,58000,1,116,0,103,1,0,1,0,0,0,0,0
27145,3,33061,1,116,1,157,0,0,1,0,0,1,0,0
27900,2,11000,1,116,1,100,0,0,1,0,0,0,1,0
27900,6,52576,1,116,1,99,0,0,1,0,0,0,1,0
27700,4,43000,1,116,0,852,1,0,1,0,0,0,0,1
27800,3,53713,1,116,1,611,1,0,1,0,0,0,0,1
27500,4,52000,1,116,0,286,1,0,1,0,0,1,0,0
28000,2,17000,1,116,0,99,0,0,1,0,0,0,1,0
28000,3,23000,1,116,0,830,1,0,1,0,0,0,0,1
27500,4,38768,1,116,1,111,0,0,1,0,0,1,0,0
28000,3,29000,1,116,0,292,1,0,1,0,0,0,1,0
27399,2,79019,1,116,1,326,1,0,1,0,0,0,1,0
27900,1,10900,1,116,1,100,0,0,0,1,0,0,1,0
27900,2,11,1,116,1,239,1,0,0,0,0,0,0,0
27900,5,70000,1,116,0,572,0,0,0,1,0,0,0,1
27500,4,26000,1,116,0,483,1,0,1,0,0,0,0,1
27500,4,20000,1,116,0,484,1,0,1,0,0,0,0,1
28000,2,30000,1,116,0,276,1,0,1,0,0,1,0,0
27500,4,86316,1,116,1,186,1,0,1,0,0,1,0,0
27900,4,19300,1,116,1,77,0,0,1,0,0,0,0,0
27950,5,89000,1,116,1,165,0,0,0,1,0,1,0,0
28000,2,15000,1,116,1,326,1,0,1,0,0,0,1,0
28000,2,33000,1,116,0,22,0,0,0,1,0,0,0,0
27500,4,158000,1,116,1,706,0,0,0,0,0,0,0,1
27900,4,95378,1,116,1,533,0,0,0,1,0,0,0,1
27900,6,17700,1,116,1,358,0,0,0,0,1,0,1,0
27750,2,50119,1,116,1,222,1,0,1,0,0,1,0,0
27999,4,86000,1,116,0,132,0,0,1,0,0,0,0,0
28000,3,19000,1,116,0,490,0,0,1,0,0,0,0,1
27399,2,79019,1,116,1,86,1,0,1,0,0,0,0,0
28000,5,133500,1,116,0,184,1,0,1,0,0,1,0,0
28000,6,81500,1,116,0,116,0,0,0,1,0,0,0,0
27500,6,90185,1,116,0,231,0,0,0,1,0,1,0,0
28000,5,71000,1,116,0,186,1,0,1,0,0,0,0,0
28000,2,30000,1,116,0,269,1,0,1,0,0,0,1,0
28000,5,85642,1,116,0,224,1,0,1,0,0,0,1,0
27500,5,73000,1,116,0,742,1,0,1,0,0,0,0,1
27900,5,120000,1,116,0,568,1,0,1,0,0,0,0,1
27999,2,42160,1,116,1,276,1,0,1,0,0,1,0,0
27900,3,56822,1,116,1,16,0,0,1,0,0,0,0,0
28000,2,35500,1,116,0,106,1,0,1,0,0,0,0,0
27299,6,74291,1,116,1,86,0,0,0,1,0,0,0,0
28000,4,110000,1,116,0,326,0,0,0,1,0,0,1,0
27499,3,122000,1,116,1,657,1,0,1,0,0,0,0,1
27900,2,14400,1,116,1,299,0,0,1,0,0,1,0,0
27600,2,40592,1,116,1,194,1,0,1,0,0,0,1,0
27900,5,108593,1,116,1,819,0,0,0,1,0,0,0,1
27399,2,79019,1,116,1,25,1,0,1,0,0,0,0,0
27960,2,38143,1,116,1,196,1,0,1,0,0,1,0,0
27900,6,40000,1,116,0,487,1,0,1,0,0,0,0,1
27900,4,19700,1,116,1,77,0,0,1,0,0,0,0,0
27399,2,79019,1,116,1,177,1,0,1,0,0,1,0,0
28000,3,62000,1,116,0,177,0,0,1,0,0,1,0,0
27500,2,49360,0,116,1,140,1,0,1,0,0,0,1,0
27399,2,79019,1,116,1,485,1,0,1,0,0,0,0,1
27299,6,74291,1,116,1,283,0,0,0,1,0,1,0,0
27300,3,72000,1,116,1,286,1,0,1,0,0,1,0,0
28000,5,100000,1,116,0,177,1,0,0,1,0,1,0,0
27299,6,74291,1,116,1,130,0,0,0,1,0,0,1,0
27800,5,38600,1,116,0,623,0,0,1,0,0,0,0,1
27400,4,74000,1,116,0,132,1,0,1,0,0,0,0,0
27400,4,63000,1,116,1,256,1,0,1,0,0,1,0,0
28000,3,60000,0,116,0,854,1,0,1,0,0,0,0,1
28000,5,100000,1,116,0,177,1,0,0,1,0,1,0,0
27800,5,52000,1,116,1,526,1,0,1,0,0,0,0,1
27900,3,57402,1,116,1,168,0,0,1,0,0,1,0,0
27299,6,74291,1,116,1,628,0,0,0,1,0,0,0,1
27500,4,53790,1,116,1,190,0,0,1,0,0,1,0,0
27299,6,74291,1,116,1,177,0,0,0,1,0,1,0,0
27950,3,39900,1,116,1,482,1,0,1,0,0,0,0,1
27399,2,79019,1,116,1,283,1,0,1,0,0,1,0,0
27700,6,38830,1,116,0,690,1,0,0,0,0,0,0,1
27299,6,74291,1,116,1,25,0,0,0,1,0,0,0,0
27900,4,47450,0,116,1,383,1,0,1,0,0,0,1,0
27990,2,57000,1,116,1,326,0,0,1,0,0,0,1,0
27500,4,32000,1,116,1,308,1,0,1,0,0,1,0,0
27299,6,74291,1,116,1,326,0,0,0,1,0,0,1,0
27950,5,42700,1,116,1,14,0,0,1,0,0,0,0,0
28000,4,25000,1,116,0,87,0,0,1,0,0,0,1,0
27900,6,115000,1,116,0,128,0,0,0,1,0,1,0,0
27900,6,95095,1,116,1,65,1,0,0,0,0,0,0,0
27900,5,69000,1,116,1,492,1,0,1,0,0,0,0,1
27900,1,11700,1,116,1,299,0,1,1,0,0,1,0,0
28700,1,8900,1,116,1,326,0,0,0,0,1,0,1,0
28900,1,63000,1,116,1,111,0,1,1,0,0,1,0,0
28999,2,61835,1,116,1,214,0,0,1,0,0,1,0,0
28900,3,35000,1,116,1,278,1,0,1,0,0,1,0,0
28660,1,27568,1,116,1,368,1,0,1,0,0,0,1,0
28999,4,64000,1,116,1,192,0,0,0,1,0,1,0,0
28890,4,50603,1,116,1,178,0,0,0,1,0,1,0,0
28950,2,46153,1,116,1,184,0,1,1,0,0,1,0,0
28700,4,40000,1,116,1,142,0,0,1,0,0,0,0,0
29000,5,39000,1,116,0,153,1,0,1,0,0,1,0,0
28900,1,17300,1,116,0,215,0,0,1,0,0,1,0,0
29000,4,64000,1,116,0,217,1,0,1,0,0,1,0,0
28500,2,30000,1,116,1,256,0,0,1,0,0,1,0,0
29000,6,48000,1,116,0,171,0,0,1,0,0,1,0,0
28900,3,53,1,116,0,137,1,0,1,0,0,1,0,0
28300,4,49353,1,116,1,157,0,0,1,0,0,1,0,0
28900,3,57920,1,116,1,263,1,0,1,0,0,0,1,0
28900,5,55700,1,116,1,326,0,0,0,1,0,0,1,0
28990,2,49000,1,116,0,326,1,0,1,0,0,0,1,0
28950,2,47153,1,116,1,184,0,1,1,0,0,1,0,0
29000,4,80000,1,116,0,201,0,0,0,1,0,1,0,0
28500,2,33169,1,116,1,163,1,0,1,0,0,0,0,0
28900,4,45000,1,116,0,180,0,0,0,0,1,1,0,0
28900,1,20000,1,116,1,124,1,0,1,0,0,0,0,0
28500,3,53000,1,116,0,67,1,0,1,0,0,0,0,0
28990,2,47285,1,116,1,342,0,0,1,0,0,0,1,0
29000,2,37000,1,116,0,326,1,0,1,0,0,0,1,0
28500,3,45000,1,116,0,286,1,0,1,0,0,1,0,0
28900,5,65500,1,116,0,773,0,0,1,0,0,0,0,1
28900,2,45000,1,116,0,166,1,0,1,0,0,1,0,0
28950,2,42123,1,116,1,184,0,1,1,0,0,1,0,0
28990,1,19800,1,116,1,499,1,0,1,0,0,0,0,1
29000,5,42300,1,116,0,393,1,0,1,0,0,0,1,0
28950,4,51634,1,116,1,180,0,0,1,0,0,1,0,0
28500,4,71500,1,116,0,234,0,0,1,0,0,0,0,0
28900,1,78000,1,116,1,111,0,1,1,0,0,1,0,0
28700,1,38039,1,116,1,129,1,0,1,0,0,0,0,0
28999,2,32317,1,116,0,99,1,0,1,0,0,0,1,0
28500,2,25000,1,116,0,683,1,0,1,0,0,0,0,1
28900,3,24200,1,116,0,83,1,0,1,0,0,0,1,0
28500,6,51000,1,116,0,170,0,0,1,0,0,1,0,0
28500,3,44174,1,116,1,184,1,0,1,0,0,1,0,0
28500,5,73000,1,116,0,326,1,0,1,0,0,0,1,0
29000,1,17500,1,116,1,326,1,0,1,0,0,0,1,0
28900,2,57220,1,116,0,121,1,0,1,0,0,1,0,0
28490,3,75000,1,116,1,713,1,0,1,0,0,0,0,1
29000,3,105886,1,116,0,149,0,0,0,1,0,0,1,0
29000,5,45000,1,116,1,229,0,0,0,1,0,1,0,0
29000,2,40993,1,116,0,270,1,0,1,0,0,1,0,0
28490,4,31789,1,116,1,342,0,0,1,0,0,0,1,0
28500,3,53000,1,116,0,750,1,0,1,0,0,0,0,1
28500,1,19500,1,116,1,412,1,0,1,0,0,0,1,0
28950,2,27500,1,116,1,14,0,1,0,1,0,0,0,0
28799,2,61621,1,116,1,210,0,0,1,0,0,1,0,0
28500,2,83400,1,116,1,68,1,0,1,0,0,0,0,0
29000,3,50000,1,116,0,127,0,0,1,0,0,0,0,0
28500,5,68000,1,116,0,36,1,0,1,0,0,0,0,0
29000,6,91000,1,116,0,538,1,0,1,0,0,0,0,1
28990,5,102000,1,116,1,65,0,0,0,1,0,0,0,0
28300,3,98000,1,116,0,204,1,0,1,0,0,0,0,0
28250,5,71000,1,116,0,241,1,0,1,0,0,1,0,0
28500,2,30000,1,116,1,159,1,0,1,0,0,1,0,0
28500,2,22152,1,116,1,127,1,0,1,0,0,0,0,0
28999,5,57419,1,116,0,87,1,0,1,0,0,0,0,0
29000,5,63000,1,116,0,226,0,0,1,0,0,0,1,0
28299,3,44641,1,116,1,177,0,0,1,0,0,1,0,0
28980,3,30258,1,116,1,23,1,0,1,0,0,0,0,0
28299,3,44641,1,116,1,326,0,0,1,0,0,0,1,0
28500,5,103000,1,116,0,34,0,0,0,1,0,0,0,0
28900,2,45000,1,116,0,894,1,0,1,0,0,0,0,1
28299,3,44641,1,116,1,25,0,0,1,0,0,0,0,0
28900,3,3600,0,116,0,757,0,0,1,0,0,0,0,1
28900,2,15000,1,116,1,299,0,0,1,0,0,1,0,0
28750,3,68014,1,116,1,160,1,0,1,0,0,1,0,0
28900,4,51000,0,116,0,261,1,0,1,0,0,0,1,0
28500,4,55000,1,116,0,101,1,0,1,0,0,0,0,0
28990,2,61750,1,116,1,174,0,0,1,0,0,0,0,0
28299,3,44641,1,116,1,86,0,0,1,0,0,0,0,0
28800,4,59000,1,116,0,162,0,0,1,0,0,1,0,0
29000,5,82000,1,116,1,130,0,0,1,0,0,1,0,0
29000,6,97500,1,116,0,137,1,0,1,0,0,0,0,0
28200,4,14400,1,116,0,914,1,0,1,0,0,0,0,1
29000,4,29000,1,116,0,560,1,0,1,0,0,0,0,1
29000,2,49500,1,116,1,187,1,0,1,0,0,1,0,0
28900,6,53734,1,116,1,211,1,0,1,0,0,0,1,0
28500,2,51578,1,116,1,121,0,1,0,1,0,1,0,0
29000,5,75000,1,116,1,65,0,0,1,0,0,0,0,0
28900,2,45000,1,116,1,68,0,0,0,0,0,0,0,0
29000,6,66500,1,116,1,276,0,0,0,1,0,1,0,0
28299,3,44641,1,116,1,485,0,0,1,0,0,0,0,1
28500,5,80000,1,116,0,301,1,0,1,0,0,1,0,0
28800,2,28270,1,116,1,177,1,0,1,0,0,1,0,0
28950,4,26750,0,116,1,177,0,0,1,0,0,1,0,0
29000,3,84000,1,116,0,177,0,0,1,0,0,1,0,0
28500,4,22966,1,116,0,339,1,0,0,0,0,0,1,0
28500,2,74000,1,116,0,746,1,0,1,0,0,0,0,1
28800,2,25881,1,116,1,177,1,0,1,0,0,1,0,0
28500,3,51000,0,116,0,89,0,0,1,0,0,0,0,0
28099,4,42856,1,116,1,157,0,0,1,0,0,1,0,0
28999,2,24903,1,116,1,276,1,0,1,0,0,1,0,0
28200,3,48647,1,116,1,156,1,0,0,0,0,0,0,0
28900,2,28337,1,116,1,107,1,0,1,0,0,0,0,0
28299,3,44641,1,116,1,283,0,0,1,0,0,1,0,0
28700,2,13600,1,116,1,299,0,0,1,0,0,1,0,0
28950,3,28500,0,116,1,14,0,0,1,0,0,0,0,0
28750,3,60000,1,116,0,568,1,0,1,0,0,0,0,1
28800,3,67285,1,116,1,483,1,0,1,0,0,0,0,1
28900,2,45000,1,116,1,68,0,0,0,0,0,0,0,0
28900,2,45000,1,116,1,68,0,0,0,0,0,0,0,0
28500,2,36737,1,116,1,463,1,0,1,0,0,0,0,1
28499,4,130000,1,116,1,839,1,0,1,0,0,0,0,1
28999,3,73718,1,116,1,326,1,0,1,0,0,0,1,0
29900,1,39000,1,116,1,270,1,0,1,0,0,1,0,0
29900,1,28389,1,116,1,81,0,1,1,0,0,1,0,0
29900,1,6700,1,116,1,77,0,1,1,0,0,0,0,0
29899,4,80000,1,116,1,415,0,0,0,1,0,0,1,0
29990,1,42967,1,116,1,214,1,0,1,0,0,1,0,0
29900,1,11000,1,116,1,270,1,0,1,0,0,1,0,0
29999,6,40000,1,116,1,77,0,0,0,1,0,0,0,0
29500,1,76000,1,116,1,190,0,0,0,0,0,1,0,0
29500,2,44771,1,116,1,276,1,0,1,0,0,1,0,0
29900,6,53200,1,116,1,177,0,0,0,1,0,1,0,0
29990,1,30057,1,116,1,424,1,0,1,0,0,0,0,1
29800,3,64735,1,116,1,222,1,0,1,0,0,1,0,0
29900,1,24800,1,116,1,107,0,1,1,0,0,0,0,0
29600,2,15045,1,116,1,222,0,1,0,1,0,1,0,0
29990,3,80000,1,116,1,170,1,0,1,0,0,1,0,0
29490,2,34700,1,116,1,174,1,0,1,0,0,1,0,0
29900,4,77337,1,116,1,184,1,0,1,0,0,0,0,0
29900,5,73373,1,116,1,204,0,0,0,1,0,0,0,0
29500,2,15000,1,116,0,495,1,0,1,0,0,0,0,1
30000,4,40999,1,116,0,326,0,0,1,0,0,0,1,0
30000,1,40000,1,116,0,151,1,0,1,0,0,1,0,0
29500,4,39500,1,116,0,186,0,0,1,0,0,1,0,0
29900,1,9400,1,116,1,149,0,1,1,0,0,1,0,0
29300,1,48200,1,116,1,342,0,0,1,0,0,0,1,0
29500,6,52000,1,116,1,16,0,0,0,1,0,0,0,0
29700,1,46000,1,116,1,111,0,1,1,0,0,1,0,0
29900,1,12600,1,116,1,299,0,1,1,0,0,1,0,0
30000,4,54600,1,116,0,173,0,0,0,1,0,1,0,0
29900,5,28000,1,116,1,190,0,0,0,1,0,1,0,0
29105,6,46751,1,116,1,99,0,0,0,1,0,0,1,0
29900,1,5186,1,116,1,135,1,0,1,0,0,0,0,0
29700,2,19900,1,116,1,100,0,0,1,0,0,0,1,0
29990,6,56000,1,116,1,77,0,0,0,1,0,0,0,0
29900,1,30500,1,116,1,342,1,0,1,0,0,0,1,0
29800,3,69000,1,116,1,178,0,0,0,1,0,1,0,0
29900,1,5900,1,116,1,77,0,1,1,0,0,0,0,0
29950,4,17490,1,116,1,180,0,0,1,0,0,1,0,0
29980,2,17300,1,116,1,344,1,0,1,0,0,0,1,0
29400,2,43557,1,116,1,156,1,0,1,0,0,0,0,0
29890,3,47000,1,116,1,326,1,0,1,0,0,0,1,0
29999,4,49900,1,116,1,87,0,0,0,1,0,0,1,0
30000,3,34000,1,116,0,121,0,0,1,0,0,1,0,0
29500,4,50300,1,116,1,170,1,0,0,1,0,1,0,0
29999,3,48000,1,116,0,127,1,0,1,0,0,0,0,0
30000,3,37000,1,116,0,346,0,0,1,0,0,0,0,1
29800,3,13898,1,116,0,208,1,0,1,0,0,0,1,0
29900,2,19700,1,116,1,216,0,1,0,1,0,1,0,0
29500,3,29000,1,116,0,528,1,0,1,0,0,0,0,1
29900,1,23000,1,116,1,124,0,1,1,0,0,0,0,0
30000,5,60000,1,116,0,589,0,0,1,0,0,0,0,1
30000,3,40000,1,116,1,77,0,0,1,0,0,0,0,0
29900,1,47000,1,116,1,270,1,0,1,0,0,1,0,0
30000,1,15008,1,116,1,169,1,0,1,0,0,1,0,0
29990,1,28766,1,116,1,463,1,0,1,0,0,0,0,1
29900,1,13600,1,116,1,326,0,1,1,0,0,0,1,0
29960,4,58481,1,116,1,196,0,0,0,1,0,1,0,0
29900,1,10000,1,116,1,141,0,1,1,0,0,1,0,0
29500,5,29000,1,116,0,276,1,0,1,0,0,1,0,0
29300,3,45000,1,116,0,777,1,0,1,0,0,0,0,1
29500,2,21000,1,116,0,141,0,0,1,0,0,1,0,0
29990,3,36221,1,116,1,159,1,0,1,0,0,1,0,0
29990,1,29544,1,116,1,155,1,0,1,0,0,0,0,0
29490,1,30269,1,116,1,424,1,0,1,0,0,0,0,1
30000,2,25000,1,116,0,183,1,0,1,0,0,0,1,0
29400,3,42000,1,116,1,180,0,0,1,0,0,1,0,0
29500,2,48000,1,116,0,807,1,0,1,0,0,0,0,1
30000,2,72618,1,116,1,239,0,0,0,1,0,1,0,0
29900,2,50000,1,116,1,259,1,0,1,0,0,1,0,0
29899,5,80328,1,116,1,210,0,0,1,0,0,1,0,0
29850,6,84558,0,116,0,222,0,0,0,1,0,1,0,0
29990,1,18590,1,116,1,342,0,0,1,0,0,0,1,0
29499,3,46740,1,116,1,383,1,0,1,0,0,0,1,0
29999,3,75000,1,116,0,203,1,0,1,0,0,1,0,0
30000,5,55000,1,116,0,628,1,0,1,0,0,0,0,1
29900,2,35000,1,116,0,164,1,0,1,0,0,0,1,0
29200,5,44000,1,116,0,259,0,0,1,0,0,1,0,0
30000,4,145000,1,116,0,592,1,0,1,0,0,0,0,1
29950,3,47300,1,116,1,14,0,0,1,0,0,0,0,0
29900,4,70000,1,116,1,121,1,0,1,0,0,1,0,0
29900,1,25000,1,116,1,107,1,0,1,0,0,0,0,0
29900,4,84000,1,116,1,163,0,0,1,0,0,1,0,0
29900,1,24400,1,116,1,299,1,0,1,0,0,1,0,0
29500,5,89442,1,116,1,135,0,0,0,1,0,0,0,0
29900,2,41800,1,116,1,275,1,0,1,0,0,1,0,0
29990,4,47000,1,116,0,842,1,0,0,0,0,0,0,1
30000,1,30125,1,116,1,169,1,0,0,1,0,1,0,0
29500,2,71800,1,116,1,98,1,0,1,0,0,0,1,0
29900,2,25186,1,116,1,83,1,0,1,0,0,0,1,0
29500,2,3500,1,116,1,256,0,0,1,0,0,1,0,0
29900,2,8200,1,116,1,326,1,0,1,0,0,0,1,0
29500,4,78000,1,116,0,171,0,0,0,1,0,1,0,0
30000,3,58000,1,116,0,12,1,0,1,0,0,0,0,0
30000,4,109000,1,116,0,257,1,0,1,0,0,0,1,0
30000,6,130000,1,116,0,326,1,0,1,0,0,0,1,0
30000,4,29000,1,116,0,288,1,0,1,0,0,1,0,0
29500,4,75464,1,116,0,95,1,0,1,0,0,0,0,0
30000,5,55555,1,116,0,178,1,0,1,0,0,1,0,0
30000,2,48111,1,116,1,177,1,0,1,0,0,1,0,0
29900,3,32000,1,116,0,16,0,0,1,0,0,0,0,0
29500,5,91336,1,116,1,292,0,0,0,1,0,0,1,0
29500,2,59000,1,116,1,259,1,0,1,0,0,1,0,0
29500,2,44771,1,116,1,276,1,0,1,0,0,1,0,0
29800,6,60000,1,116,1,322,0,0,0,1,0,0,1,0
29299,3,54340,1,116,1,99,1,0,1,0,0,0,1,0
29100,2,21039,1,116,1,229,0,0,1,0,0,1,0,0
30000,5,95000,1,116,0,151,0,0,0,1,0,0,1,0
30000,6,84000,1,116,0,100,1,0,1,0,0,0,1,0
29200,3,73000,1,116,1,286,1,0,1,0,0,1,0,0
29500,2,11200,1,116,1,299,0,0,1,0,0,1,0,0
29100,2,48210,1,116,1,188,1,0,1,0,0,1,0,0
29900,2,15091,1,116,1,194,1,0,1,0,0,0,1,0
29900,4,23000,1,116,1,124,0,0,1,0,0,0,0,0
29900,1,45000,1,116,1,270,0,1,1,0,0,1,0,0
29900,3,19600,1,116,1,77,0,0,0,1,0,0,0,0
19990,5,49990,0,136,1,208,0,0,0,0,0,1,0,0
22500,5,55580,1,136,1,134,0,0,0,0,0,1,0,0
17999,6,112784,1,116,1,581,1,0,0,0,0,0,0,1
26000,6,148000,1,306,1,783,0,0,0,1,0,0,0,1
18970,5,159000,1,150,1,326,1,0,0,0,0,0,1,0
20900,5,99899,1,150,1,326,1,0,0,0,0,0,1,0
27500,4,32000,1,116,1,308,1,0,1,0,0,1,0,0
25200,5,21000,0,136,1,159,0,0,0,0,1,0,0,0
27500,5,31600,1,136,1,159,0,0,0,0,1,0,0,0
26000,6,53683,1,116,1,166,1,0,0,0,0,1,0,0
26000,6,71623,1,116,1,129,1,0,1,0,0,0,1,0
28800,5,39000,1,136,1,142,0,0,1,0,0,0,0,0
29800,4,48000,0,150,1,159,1,0,1,0,0,0,0,0
27500,6,38193,1,116,1,156,1,0,1,0,0,0,0,0
25900,6,63550,1,136,1,495,0,0,1,0,0,0,0,1
25500,6,34000,0,136,1,159,0,0,1,0,0,0,0,0
26900,5,96780,1,116,1,883,1,0,1,0,0,0,0,1
28900,6,27169,0,136,1,178,0,0,1,0,0,1,0,0
20800,5,69500,0,136,1,222,0,0,0,0,0,1,0,0
21900,4,60700,0,136,1,222,0,0,0,0,0,1,0,0
24500,5,58900,0,136,1,222,0,0,1,0,0,1,0,0
9000,5,240000,0,116,1,405,1,0,0,0,0,0,1,0
9200,5,75000,1,116,1,512,1,0,0,0,0,0,0,1
11400,5,260000,1,116,1,215,1,0,0,0,0,0,0,0
11999,6,199000,1,116,1,745,1,0,1,0,0,0,0,1
12500,6,187000,1,116,1,92,1,0,0,0,0,0,1,0
12899,6,192307,0,116,1,495,1,0,0,0,1,0,0,1
12990,6,199000,0,116,1,811,1,0,0,0,0,0,0,1
12990,6,204610,0,116,1,861,1,0,0,0,0,0,0,1
12999,6,195000,0,116,1,751,1,0,0,0,1,0,0,1
13500,6,195800,0,116,1,713,1,0,0,0,0,0,0,1
13500,6,160000,1,116,1,326,1,0,0,0,1,0,1,0
13500,5,219000,1,150,1,532,1,0,0,0,0,0,0,1
13890,6,199000,1,116,1,607,1,0,0,0,0,0,0,1
13890,6,199000,1,116,1,848,1,0,0,0,0,0,0,1
13900,4,125800,0,109,1,276,0,0,0,0,0,1,0,0
13900,6,199000,1,116,1,607,1,0,0,0,1,0,0,1
13900,6,199000,1,116,1,848,1,0,0,0,1,0,0,1
13900,5,154000,1,116,1,83,1,0,0,0,0,0,1,0
13900,6,220000,1,150,1,177,1,0,1,0,0,1,0,0
13990,6,220000,1,116,1,480,1,0,1,0,0,0,0,1
14399,6,195000,0,116,1,751,1,0,0,0,1,0,0,1
14500,6,213000,1,150,1,276,1,0,1,0,0,1,0,0
14500,6,186000,1,116,1,623,1,0,0,0,1,0,0,1
14900,5,149000,1,116,1,92,1,0,0,0,0,0,0,0
14900,6,161000,0,116,1,326,1,0,0,0,0,0,1,0
14900,6,197000,1,190,1,215,1,0,0,1,0,0,0,0
14950,6,167000,1,116,1,296,1,0,1,0,0,0,1,0
14990,6,199000,1,116,1,607,1,0,0,0,1,0,0,1
14990,6,199000,1,116,1,848,1,0,0,0,1,0,0,1
14990,5,145000,1,116,1,484,1,0,0,0,0,0,0,1
14990,4,135283,1,190,1,40,1,0,0,0,0,0,0,0
14990,4,135283,1,190,1,180,1,0,0,0,0,1,0,0
14990,6,110000,1,116,1,326,1,0,0,0,1,0,1,0
14999,3,168000,1,150,1,40,1,0,0,0,0,0,0,0
15000,5,169000,1,116,1,87,1,0,0,0,1,0,1,0
15100,2,12700,1,190,1,415,0,1,0,1,0,0,1,0
15490,5,139000,1,116,1,120,1,0,0,0,1,0,1,0
15600,5,191000,1,116,1,415,1,0,1,0,0,0,1,0
15790,5,109690,1,136,1,99,0,0,0,0,1,0,1,0
15800,6,158000,0,150,1,134,1,0,0,0,0,1,0,0
15900,5,143409,1,116,1,276,1,0,0,0,0,1,0,0
15900,3,77910,1,116,1,326,1,0,0,0,0,0,1,0
15900,3,149800,1,116,1,87,1,0,0,0,0,0,1,0
15900,4,129000,1,116,1,191,1,0,0,0,0,1,0,0
15950,6,167128,0,116,1,815,1,0,0,0,0,0,0,1
15990,5,134000,0,116,1,276,1,0,0,0,0,1,0,0
16000,5,168000,0,116,1,812,1,0,0,0,0,0,0,1
16000,6,146000,1,150,1,132,1,0,0,0,0,0,0,0
16000,6,189000,1,116,1,504,1,0,1,0,0,0,0,1
16400,4,96000,1,116,1,177,1,0,0,0,0,1,0,0
16490,4,138000,0,116,1,87,1,0,0,0,0,0,1,0
16500,6,213000,1,150,1,276,1,0,1,0,0,1,0,0
16500,3,116400,1,150,1,326,1,0,0,1,0,0,1,0
16500,6,169600,1,116,1,326,1,0,0,0,0,0,1,0
16500,6,105598,1,116,1,104,1,0,1,0,0,0,1,0
16700,4,97646,0,116,1,448,1,0,0,0,0,0,0,1
16800,6,149000,0,116,1,484,1,0,0,0,0,0,0,1
16800,6,102200,0,116,1,611,1,0,0,0,0,0,0,1
16800,6,185000,1,150,1,326,1,0,1,0,0,0,1,0
16900,6,71500,1,136,1,99,0,0,0,0,0,0,1,0
16900,6,134000,1,150,1,259,1,0,0,0,0,1,0,0
16900,5,98000,1,150,1,285,1,0,0,0,1,1,0,0
16900,6,68000,0,150,1,276,1,0,0,0,0,1,0,0
16900,5,165000,0,150,1,738,1,0,1,0,0,0,0,1
16900,5,139000,1,116,1,523,1,0,0,0,1,0,0,1
16900,5,111600,1,116,1,200,1,0,0,0,0,0,1,0
16900,4,99000,0,116,1,186,1,0,0,1,0,0,0,0
16900,6,147453,0,150,1,919,1,0,1,0,0,0,0,1
16900,6,191284,1,190,1,132,1,0,1,0,0,0,0,0
16900,6,162000,1,116,1,117,1,0,1,0,0,0,0,0
16990,6,139500,1,116,1,297,1,0,0,0,0,1,0,0
16990,5,140000,0,150,1,87,1,0,1,0,0,0,1,0
16999,5,150000,0,116,1,485,1,0,0,0,0,0,0,1
17400,5,100000,1,150,1,215,1,0,0,0,0,0,0,0
17490,5,140000,0,150,1,87,1,0,1,0,0,0,1,0
17500,6,80000,0,136,1,326,0,0,0,0,1,0,1,0
17500,5,179000,1,116,1,415,1,0,1,0,0,0,1,0
17500,6,69900,0,116,1,811,1,0,0,0,0,0,0,1
17500,6,99000,1,116,1,495,1,0,0,0,0,0,0,1
17500,6,102000,0,150,1,443,1,0,0,0,1,0,0,1
17500,5,175000,0,116,1,852,1,0,1,0,0,0,0,1
17500,5,172000,1,150,1,326,1,0,1,0,0,0,1,0
17500,6,113000,1,116,1,381,1,0,0,0,0,0,1,0
17599,6,91398,0,136,1,731,0,0,0,0,0,0,0,1
17599,6,91398,0,136,1,130,0,0,0,0,0,0,1,0
17599,6,91398,0,136,1,750,0,0,0,0,0,0,0,1
17599,6,91398,0,136,1,861,0,0,0,0,0,0,0,1
17599,6,91398,0,136,1,628,0,0,0,0,0,0,0,1
17599,6,91398,0,136,1,485,0,0,0,0,0,0,0,1
17599,6,91398,0,136,1,177,0,0,0,0,0,1,0,0
17599,6,91398,0,136,1,326,0,0,0,0,0,0,1,0
17599,6,91398,0,136,1,99,0,0,0,0,0,0,1,0
17599,6,91398,0,136,1,611,0,0,0,0,0,0,0,1
17599,6,91398,0,136,1,490,0,0,0,0,0,0,0,1
17599,6,91398,0,136,1,86,0,0,0,0,0,0,0,0
17599,6,91398,0,136,1,127,0,0,0,0,0,0,0,0
17700,5,125000,1,116,1,87,1,0,1,0,0,0,1,0
17700,6,65000,0,136,1,449,0,0,0,0,0,0,0,1
17800,5,147080,0,116,1,464,1,0,0,0,1,0,0,1
17800,5,80000,1,116,1,698,1,0,0,0,0,0,0,1
17890,5,78227,0,116,1,568,1,0,0,0,1,0,0,1
17900,6,79000,0,136,1,423,0,0,0,0,0,0,0,1
17900,4,162000,1,150,1,753,1,0,0,0,0,0,0,1
17900,6,68000,0,150,1,276,1,0,0,0,0,1,0,0
17900,6,120000,1,116,1,568,1,0,0,0,0,0,0,1
17900,5,84500,1,116,1,611,1,0,0,0,0,0,0,1
17900,4,115000,1,116,1,735,1,0,0,1,0,0,0,1
17900,6,126000,1,116,1,326,1,0,1,0,0,0,1,0
17900,5,120000,1,116,1,205,1,0,0,1,0,1,0,0
17900,5,116000,1,116,1,377,1,0,1,0,0,0,0,1
17900,5,130000,0,116,1,622,1,0,0,1,0,0,0,1
17900,6,179000,1,116,1,91,1,0,0,1,0,0,1,0
17900,3,159000,1,116,1,111,1,0,1,0,0,0,1,0
17900,6,76000,1,116,1,105,1,0,0,0,0,0,1,0
17900,3,25000,0,136,1,262,0,0,0,0,0,1,0,0
17900,3,23600,0,136,1,262,0,0,0,0,0,1,0,0
17900,3,21000,0,136,1,262,0,0,0,0,0,1,0,0
17900,3,26000,0,136,1,262,0,0,0,0,0,1,0,0
17900,3,23500,0,136,1,262,0,0,0,0,0,1,0,0
17900,3,23000,0,136,1,262,0,0,0,0,0,1,0,0
17900,3,24000,0,136,1,262,0,0,0,0,0,1,0,0
17900,3,74000,1,116,1,326,1,0,0,0,0,0,1,0
17900,4,96000,1,116,1,190,1,0,0,1,0,1,0,0
17950,5,85638,1,116,1,482,1,0,0,0,0,0,0,1
17950,2,205000,1,116,1,42,1,0,1,0,0,0,0,0
17990,6,165000,1,116,1,443,1,0,1,0,0,0,0,1
17990,5,98000,1,150,1,667,1,0,0,0,0,0,0,1
17999,4,99000,1,116,1,155,1,0,0,0,1,1,0,0
18000,6,94904,0,116,1,484,1,0,0,0,1,0,0,1
18000,4,116000,1,116,1,326,1,0,0,0,0,0,1,0
18299,5,93900,1,116,1,731,1,0,0,0,0,0,0,1
18299,5,93900,1,116,1,485,1,0,0,0,0,0,0,1
18299,5,93900,1,116,1,611,1,0,0,0,0,0,0,1
18299,5,93900,1,116,1,127,1,0,0,0,0,0,0,0
18299,5,93900,1,116,1,750,1,0,0,0,0,0,0,1
18299,5,93900,1,116,1,326,1,0,0,0,0,0,1,0
18299,5,93900,1,116,1,861,1,0,0,0,0,0,0,1
18299,5,93900,1,116,1,490,1,0,0,0,0,0,0,1
18299,5,93900,1,116,1,86,1,0,0,0,0,0,0,0
18299,5,93900,1,116,1,283,1,0,0,0,0,1,0,0
18299,5,93900,1,116,1,99,1,0,0,0,0,0,1,0
18299,5,93900,1,116,1,130,1,0,0,0,0,0,1,0
18299,5,93900,1,116,1,177,1,0,0,0,0,1,0,0
18499,5,135000,1,116,1,499,1,0,1,0,0,0,0,1
18500,3,186555,0,116,1,843,1,0,0,0,0,0,0,1
18500,5,72000,1,116,1,543,1,0,0,0,0,0,0,1
18500,4,99000,0,116,1,326,1,0,0,0,0,0,1,0
18500,3,145000,1,116,1,430,1,0,0,0,0,0,0,1
18500,4,107064,1,116,1,520,1,0,0,0,0,0,0,1
18500,4,34000,0,136,1,285,0,0,0,0,0,1,0,0
18700,5,101000,1,150,1,242,1,0,0,0,0,0,0,0
18700,6,104900,1,116,1,92,1,0,1,0,0,0,1,0
18700,4,152000,1,116,1,757,1,0,0,0,1,0,0,1
18800,5,155000,1,116,1,484,1,0,0,0,0,0,0,1
18890,6,50000,1,136,1,276,0,0,0,0,0,1,0,0
18900,6,103113,0,116,1,163,1,0,0,0,0,0,0,0
18900,3,105000,1,116,1,735,1,0,0,0,0,0,0,1
18900,4,93152,1,116,1,463,1,0,0,0,0,0,0,1
18900,5,170000,0,116,1,761,1,0,0,0,0,0,0,1
18900,6,94751,1,116,1,200,1,0,0,0,1,1,0,0
18900,3,128000,0,116,1,768,1,0,0,1,0,0,0,1
18900,5,76000,1,116,1,485,1,0,0,1,0,0,0,1
18900,3,21500,1,136,1,262,0,0,0,0,0,1,0,0
18900,3,23700,1,136,1,262,0,0,0,0,0,1,0,0
18900,3,22800,1,136,1,262,0,0,0,0,0,1,0,0
18900,3,21000,1,136,1,262,0,0,0,0,0,1,0,0
18900,3,20500,1,136,1,262,0,0,0,0,0,1,0,0
18900,3,94000,1,116,1,107,1,0,0,0,0,0,0,0
18990,5,92223,1,136,1,177,0,0,0,0,1,1,0,0
18990,5,137000,1,150,1,695,1,0,0,0,0,0,0,1
18990,6,129980,1,116,1,588,1,0,0,0,0,0,0,1
18990,4,105000,0,116,1,424,1,0,0,0,1,0,0,1
18999,5,95000,1,150,1,511,1,0,0,1,0,0,0,1
18999,6,128000,1,116,1,753,1,0,1,0,0,0,0,1
18999,5,95000,1,150,1,511,1,0,0,1,0,0,0,1
19000,6,101825,1,150,1,177,1,0,0,0,1,1,0,0
19290,3,127455,1,116,1,837,1,0,0,0,0,0,0,1
19300,6,120000,1,190,1,424,1,0,0,0,0,0,0,1
19300,3,102574,0,116,1,750,1,0,0,0,0,0,0,1
19390,4,53000,1,116,1,453,1,0,0,0,0,0,0,1
19490,5,86000,1,136,1,154,0,0,1,0,0,1,0,0
19499,6,125000,1,116,1,50,1,0,1,0,0,0,0,0
19499,3,70000,1,116,1,112,1,0,0,1,0,0,1,0
19500,4,117860,1,116,1,588,1,0,0,0,0,0,0,1
19500,6,80000,0,116,1,775,1,0,0,0,0,0,0,1
19500,5,149890,1,150,1,695,1,0,0,0,0,0,0,1
19500,4,63000,0,136,1,423,0,0,0,0,0,0,0,1
19700,5,125000,0,136,1,346,0,0,1,0,0,0,1,0
19700,5,112000,1,116,1,911,1,0,0,0,0,0,0,1
19700,3,43222,0,116,1,448,1,0,0,0,0,0,0,1
19790,6,140000,1,116,1,513,1,0,1,0,0,0,0,1
19800,3,92247,0,116,1,698,1,0,0,0,0,0,0,1
19800,6,86234,1,116,1,326,1,0,0,0,0,0,1,0
19800,5,144600,0,150,1,384,1,0,0,0,0,0,1,0
19800,3,119500,0,116,1,119,1,0,0,0,0,0,0,0
19800,5,47250,1,116,1,683,1,0,0,0,0,0,0,1
19800,5,235785,1,190,1,326,1,0,1,0,0,0,1,0
19800,5,107000,1,116,1,56,1,0,0,0,0,1,0,0
19900,6,114170,1,116,1,653,1,0,1,0,0,0,0,1
19900,5,146217,1,116,1,861,1,0,0,0,0,0,0,1
19900,5,146217,1,116,1,750,1,0,0,0,0,0,0,1
19900,5,146217,1,116,1,808,1,0,0,0,0,0,0,1
19900,5,146217,1,116,1,807,1,0,0,0,0,0,0,1
19900,6,130000,1,116,1,528,1,0,1,0,0,0,0,1
19900,6,124600,0,136,1,772,0,0,1,0,0,0,0,1
19900,5,84000,1,116,1,257,1,0,0,0,0,0,1,0
19900,4,38000,0,136,1,190,0,0,0,1,0,1,0,0
19900,5,138000,1,178,1,111,0,0,0,0,0,1,0,0
19900,6,127000,0,150,1,629,1,0,1,0,0,0,0,1
19900,6,115123,1,116,1,99,1,0,1,0,0,0,1,0
19900,3,76388,0,116,1,121,1,0,0,0,0,1,0,0
19900,3,86874,1,150,1,358,1,0,0,0,0,0,1,0
19900,4,145000,1,150,1,774,1,0,0,0,0,0,0,1
19900,6,146000,1,150,1,545,1,0,1,0,0,0,0,1
19900,6,146000,1,150,1,545,1,0,1,0,0,0,0,1
19900,4,140000,1,150,1,878,1,0,0,0,0,0,0,1
19990,5,90000,0,116,1,424,1,0,0,0,1,0,0,1
19990,5,72719,1,116,1,745,1,0,0,0,0,0,0,1
19990,5,107000,1,116,1,276,1,0,0,1,0,1,0,0
19990,5,100000,1,136,1,259,0,0,0,1,0,1,0,0
19990,5,100000,1,116,1,65,1,0,1,0,0,0,0,0
19990,4,107000,1,150,1,65,1,0,1,0,0,0,0,0
19990,3,117800,1,150,1,213,1,0,0,0,0,0,1,0
19990,4,131000,0,150,1,191,1,0,0,0,0,0,0,0
19990,4,112000,1,116,1,177,1,0,1,0,0,1,0,0
19990,4,97000,1,116,1,56,1,0,0,0,0,1,0,0
19999,5,73000,1,116,1,683,1,0,0,0,0,0,0,1
19999,5,97000,1,116,1,55,1,0,0,0,0,0,0,0
19999,3,97000,1,136,1,175,0,0,0,0,0,1,0,0
19999,5,95816,0,150,1,127,1,0,1,0,0,0,0,0
19999,5,95816,0,150,1,485,1,0,1,0,0,0,0,1
19999,5,95816,0,150,1,750,1,0,1,0,0,0,0,1
19999,5,95816,0,150,1,99,1,0,1,0,0,0,1,0
19999,5,95816,0,150,1,25,1,0,1,0,0,0,0,0
19999,5,95816,0,150,1,628,1,0,1,0,0,0,0,1
19999,5,95816,0,150,1,326,1,0,1,0,0,0,1,0
19999,5,95816,0,150,1,611,1,0,1,0,0,0,0,1
19999,5,95816,0,150,1,177,1,0,1,0,0,1,0,0
19999,5,95816,0,150,1,283,1,0,1,0,0,1,0,0
19999,5,95816,0,150,1,731,1,0,1,0,0,0,0,1
19999,5,95816,0,150,1,130,1,0,1,0,0,0,1,0
19999,5,95816,0,150,1,861,1,0,1,0,0,0,0,1
19999,5,95816,0,150,1,86,1,0,1,0,0,0,0,0
19999,6,140000,1,150,1,436,1,0,1,0,0,0,0,1
19999,6,140000,1,116,1,793,1,0,1,0,0,0,0,1
19999,5,149000,1,150,1,542,1,0,1,0,0,0,0,1
19999,3,49000,1,136,1,326,0,0,0,0,0,0,1,0
19999,5,105000,1,116,1,276,1,0,1,0,0,1,0,0
19999,6,127000,0,150,1,648,1,0,1,0,0,0,0,1
19999,4,95000,1,116,1,55,1,0,0,0,0,0,0,0
20000,6,99000,1,190,1,130,1,0,0,0,1,1,0,0
20000,5,145000,1,150,1,376,1,0,1,0,0,0,0,1
20000,6,108000,0,150,1,189,1,0,1,0,0,1,0,0
20200,4,85000,1,109,1,176,0,0,1,0,0,0,1,0
20390,5,84900,1,136,1,92,0,0,0,0,1,0,1,0
20400,3,107000,1,150,1,65,1,0,1,0,0,0,0,0
20400,5,86374,1,116,1,85,1,0,1,0,0,0,1,0
20400,5,32000,1,116,1,215,1,0,0,0,0,0,0,0
20490,6,60000,0,116,1,326,1,0,0,0,0,0,1,0
20500,4,83500,1,116,1,581,1,0,0,0,0,0,0,1
20500,3,56651,1,116,1,190,1,0,0,0,0,1,0,0
20500,3,56652,1,116,1,115,1,0,0,0,0,0,0,0
20500,3,56652,1,116,1,11,1,0,0,0,0,0,0,0
20500,3,56652,1,116,1,326,1,0,0,0,0,0,1,0
20500,3,56652,1,116,1,165,1,0,0,0,0,1,0,0
20500,3,56652,1,116,1,177,1,0,0,0,0,1,0,0
20500,3,140000,1,136,1,163,0,0,1,0,0,1,0,0
20500,3,56652,1,116,1,187,1,0,0,0,0,1,0,0
20699,3,130420,1,150,1,861,1,0,1,0,0,0,0,1
20699,3,130420,1,150,1,130,1,0,1,0,0,0,1,0
20699,3,130420,1,150,1,177,1,0,1,0,0,1,0,0
20699,3,130420,1,150,1,750,1,0,1,0,0,0,0,1
20699,3,130420,1,150,1,283,1,0,1,0,0,1,0,0
20699,3,130420,1,150,1,326,1,0,1,0,0,0,1,0
20699,3,130420,1,150,1,99,1,0,1,0,0,0,1,0
20699,3,130420,1,150,1,611,1,0,1,0,0,0,0,1
20699,3,130420,1,150,1,127,1,0,1,0,0,0,0,0
20699,3,130420,1,150,1,25,1,0,1,0,0,0,0,0
20699,3,130420,1,150,1,628,1,0,1,0,0,0,0,1
20699,3,130420,1,150,1,485,1,0,1,0,0,0,0,1
20800,6,178000,1,150,1,811,1,0,1,0,0,0,0,1
20800,6,189650,1,190,1,788,1,0,1,0,0,0,0,1
20800,5,100520,1,116,1,121,1,0,1,0,0,1,0,0
20850,4,48000,0,116,1,533,1,0,0,0,0,0,0,1
20900,3,119163,1,150,1,695,1,0,0,0,0,0,0,1
20900,6,122000,1,136,1,177,0,0,1,0,0,1,0,0
20900,6,122000,1,136,1,177,0,0,1,0,0,1,0,0
20900,5,90000,1,150,1,147,1,0,1,0,0,1,0,0
20900,5,63000,0,150,1,183,1,0,0,0,0,0,1,0
20900,5,75000,1,116,1,381,1,0,1,0,0,0,1,0
20900,3,30000,1,109,1,339,0,0,0,0,0,0,1,0
20900,4,85600,0,136,1,163,0,0,1,0,0,1,0,0
20900,6,83000,0,136,1,263,0,0,0,0,1,1,0,0
20900,4,82200,1,116,1,146,1,0,0,0,0,0,0,0
20900,3,89600,1,116,1,628,1,0,0,0,0,0,0,1
20900,5,86450,1,150,1,383,1,0,0,0,0,0,1,0
20900,5,54950,1,116,1,238,1,0,0,0,0,0,0,0
20900,2,90000,0,116,1,424,1,0,0,0,1,0,0,1
20950,4,52566,1,116,1,259,1,0,0,0,0,1,0,0
20999,6,74500,1,116,1,503,1,0,1,0,0,0,0,1
20999,6,58000,1,116,1,485,1,0,0,0,1,0,0,1
20999,3,40000,0,116,1,55,1,0,0,0,0,0,0,0
21000,3,65318,1,150,1,169,1,0,1,0,0,1,0,0
21000,4,71430,0,116,1,98,1,0,0,0,0,0,1,0
21000,5,110000,1,136,1,177,0,0,1,0,0,1,0,0
21000,4,71430,0,116,1,101,1,0,0,0,0,0,1,0
21000,4,106100,1,150,1,101,1,0,1,0,0,0,1,0
21000,4,106100,1,150,1,98,1,0,1,0,0,0,1,0
21000,3,95000,1,116,1,611,1,0,1,0,0,0,0,1
21000,4,81000,1,116,1,647,1,0,0,0,0,0,0,1
21300,5,134000,1,116,1,525,1,0,1,0,0,0,0,1
21300,6,65533,1,116,1,92,1,0,0,0,0,0,1,0
21300,5,112000,1,150,1,117,1,0,1,0,0,0,0,0
21399,5,110962,1,150,1,731,1,0,1,0,0,0,0,1
21399,5,110962,1,150,1,490,1,0,1,0,0,0,0,1
21399,5,110962,1,150,1,861,1,0,1,0,0,0,0,1
21399,5,110962,1,150,1,86,1,0,1,0,0,0,0,0
21399,5,110962,1,150,1,628,1,0,1,0,0,0,0,1
21399,5,110962,1,150,1,25,1,0,1,0,0,0,0,0
21399,5,110962,1,150,1,177,1,0,1,0,0,1,0,0
21399,5,110962,1,150,1,99,1,0,1,0,0,0,1,0
21399,5,110962,1,150,1,611,1,0,1,0,0,0,0,1
21399,5,110962,1,150,1,750,1,0,1,0,0,0,0,1
21400,4,33000,0,116,1,533,1,0,0,0,0,0,0,1
21400,4,73000,1,109,1,560,0,0,1,0,0,0,0,1
21435,3,79000,0,136,1,261,0,0,1,0,0,0,1,0
21490,3,45000,0,136,1,424,0,0,0,0,1,0,0,1
21490,4,85000,1,116,1,706,1,0,1,0,0,0,0,1
21490,5,59000,0,136,1,99,0,0,1,0,0,0,0,0
21499,4,83233,1,116,1,478,1,0,0,1,0,0,0,1
21500,5,145000,1,150,1,443,1,0,1,0,0,0,0,1
21500,6,116264,1,150,1,695,1,0,1,0,0,0,0,1
21500,5,79000,1,116,1,454,1,0,0,0,1,0,0,1
21500,5,119000,1,116,1,121,1,0,1,0,0,1,0,0
21500,5,155000,1,150,1,554,1,0,1,0,0,0,0,1
21500,6,146500,1,116,1,200,1,0,1,0,0,0,1,0
21500,3,48200,1,116,1,102,1,0,0,0,0,0,0,0
21500,3,91000,1,190,1,129,1,0,0,0,0,0,0,0
21500,5,103199,1,116,1,164,1,0,1,0,0,0,1,0
21500,5,103199,1,116,1,132,1,0,1,0,0,0,0,0
21500,6,82000,1,136,1,199,0,0,1,0,0,0,0,0
21500,4,40800,1,109,1,177,0,0,0,0,0,1,0,0
21500,3,103093,1,116,1,505,1,0,1,0,0,0,0,1
21500,5,62632,0,136,1,286,0,0,0,0,1,1,0,0
21600,5,76187,1,136,1,177,0,0,0,0,0,1,0,0
21600,4,62000,1,116,1,533,1,0,0,0,0,0,0,1
21600,6,67000,1,150,1,611,1,0,0,0,1,0,0,1
21700,5,42286,0,150,1,848,1,0,0,0,0,0,0,1
21800,6,128000,1,116,1,735,1,0,1,0,0,0,0,1
21800,6,53850,1,116,1,164,1,0,0,0,1,0,1,0
21800,6,53850,1,116,1,132,1,0,0,0,1,0,0,0
21850,4,50000,1,116,1,533,1,0,0,0,0,0,0,1
21890,5,127397,1,116,1,568,1,0,1,0,0,0,0,1
21900,5,88674,0,150,1,775,1,0,0,0,1,0,0,1
21900,3,72761,0,150,1,796,1,0,0,0,0,0,0,1
21900,3,13900,0,136,1,275,0,0,0,0,0,1,0,0
21900,3,17900,0,136,1,275,0,0,0,0,0,1,0,0
21900,4,160000,1,150,1,472,1,0,1,0,0,0,0,1
21900,3,85000,1,136,1,424,0,0,0,0,1,0,0,1
21900,5,118000,1,150,1,484,1,0,1,0,0,0,0,1
21900,6,74900,0,136,1,275,0,0,1,0,0,1,0,0
21900,3,72761,1,150,1,755,1,0,0,0,0,0,0,1
21900,4,75882,1,116,1,184,1,0,0,0,0,1,0,0
21900,6,85900,1,150,1,111,1,0,1,0,0,1,0,0
21900,4,79754,1,109,1,270,0,0,1,0,0,1,0,0
21980,3,50957,1,109,1,25,0,0,0,0,0,0,0,0
21990,5,83485,1,116,1,99,1,0,1,0,0,0,1,0
21990,6,148000,1,150,1,443,1,0,1,0,0,0,0,1
21990,4,82000,1,116,1,319,1,0,1,0,0,0,1,0
21990,4,142000,0,150,1,588,1,0,1,0,0,0,0,1
21990,4,106000,1,150,1,205,1,0,1,0,0,1,0,0
21990,3,140000,1,150,1,129,1,0,1,0,0,1,0,0
21990,4,124000,1,109,1,397,0,0,1,0,0,0,1,0
21999,6,143000,1,150,1,815,1,0,0,0,0,0,0,1
21999,6,67000,1,150,1,350,1,0,1,0,0,0,1,0
22000,6,120000,1,116,1,590,1,0,1,0,0,0,0,1
22000,3,79900,1,136,1,607,0,0,1,0,0,0,0,1
22100,5,59738,1,178,1,202,0,0,0,0,0,1,0,0
22199,4,143898,1,190,1,731,1,0,1,0,0,0,0,1
22199,4,143898,1,190,1,127,1,0,1,0,0,0,0,0
22199,4,143898,1,190,1,611,1,0,1,0,0,0,0,1
22199,4,143898,1,190,1,861,1,0,1,0,0,0,0,1
22199,4,143898,1,190,1,490,1,0,1,0,0,0,0,1
22199,4,143898,1,190,1,283,1,0,1,0,0,1,0,0
22199,4,143898,1,190,1,628,1,0,1,0,0,0,0,1
22199,4,143898,1,190,1,86,1,0,1,0,0,0,0,0
22199,4,143898,1,190,1,25,1,0,1,0,0,0,0,0
22199,4,143898,1,190,1,177,1,0,1,0,0,1,0,0
22300,5,61380,0,116,1,84,1,0,0,0,0,0,1,0
22300,4,41189,0,150,1,52,1,0,0,0,0,0,0,0
22350,5,120000,1,116,1,554,1,0,1,0,0,0,0,1
22390,6,63700,1,136,1,433,0,0,0,0,1,0,1,0
22490,5,95000,1,116,1,476,1,0,1,0,0,0,0,1
22490,4,96600,1,136,1,65,0,0,1,0,0,0,0,0
22500,5,42000,1,116,1,326,1,0,1,0,0,0,1,0
22500,3,163000,1,150,1,735,1,0,1,0,0,0,0,1
22500,4,99241,1,116,1,200,1,0,1,0,0,0,1,0
22500,4,138744,1,150,1,389,1,0,1,0,0,0,0,1
22500,5,97000,1,150,1,415,1,0,1,0,0,0,1,0
22500,5,99706,1,150,1,121,1,0,1,0,0,1,0,0
22590,4,97440,1,190,1,40,1,0,0,0,0,0,0,0
22590,4,97440,1,190,1,180,1,0,0,0,0,1,0,0
22590,6,53137,1,136,1,236,0,0,0,1,0,0,0,0
22800,4,40000,0,116,1,60,1,0,0,0,0,0,0,0
22800,5,95420,1,178,1,98,0,0,1,0,0,0,1,0
22800,5,95420,1,178,1,101,0,0,1,0,0,0,1,0
22800,5,63459,1,136,1,121,0,0,1,0,0,1,0,0
22899,6,61774,1,136,1,130,0,0,1,0,0,0,1,0
22899,6,61774,1,136,1,861,0,0,1,0,0,0,0,1
22899,6,61774,1,136,1,86,0,0,1,0,0,0,0,0
22899,6,61774,1,136,1,490,0,0,1,0,0,0,0,1
22899,6,61774,1,136,1,731,0,0,1,0,0,0,0,1
22899,6,61774,1,136,1,25,0,0,1,0,0,0,0,0
22899,6,61774,1,136,1,750,0,0,1,0,0,0,0,1
22899,6,61774,1,136,1,628,0,0,1,0,0,0,0,1
22899,6,61774,1,136,1,283,0,0,1,0,0,1,0,0
22899,6,61774,1,136,1,485,0,0,1,0,0,0,0,1
22899,6,61774,1,136,1,127,0,0,1,0,0,0,0,0
22899,6,61774,1,136,1,99,0,0,1,0,0,0,1,0
22899,5,95502,1,116,1,656,1,0,0,0,0,0,0,1
22900,6,119000,0,116,1,894,1,0,0,0,1,0,0,1
22900,4,64500,1,116,1,68,1,0,1,0,0,0,0,0
22900,5,49680,0,116,1,163,1,0,0,0,0,0,0,0
22900,5,72136,0,116,1,163,1,0,0,0,0,0,0,0
22900,5,55216,0,116,1,163,1,0,0,0,0,0,0,0
22900,5,94000,1,116,1,161,1,0,0,0,1,1,0,0
22900,4,74230,0,116,1,201,1,0,0,0,0,1,0,0
22900,5,89341,1,116,1,853,1,0,1,0,0,0,0,1
22900,6,75330,0,116,1,552,1,0,0,0,1,0,0,1
22900,3,69747,1,150,1,202,1,0,0,0,0,1,0,0
22900,3,24000,0,136,1,262,0,0,1,0,0,1,0,0
22900,3,24000,0,136,1,262,0,0,1,0,0,1,0,0
22900,5,105009,1,116,1,292,1,0,1,0,0,0,1,0
22900,3,23000,0,136,1,262,0,0,1,0,0,1,0,0
22900,3,20500,0,136,1,262,0,0,1,0,0,1,0,0
22900,6,99000,1,116,1,755,1,0,1,0,0,0,0,1
22900,5,101000,1,116,1,355,1,0,1,0,0,0,0,1
22900,2,98725,1,116,1,60,1,0,1,0,0,0,0,0
22900,5,125196,1,190,1,114,1,0,1,0,0,1,0,0
22900,5,125196,1,190,1,114,1,0,1,0,0,1,0,0
22900,5,125196,1,190,1,114,1,0,1,0,0,1,0,0
22900,5,81000,1,150,1,177,1,0,1,0,0,1,0,0
22900,5,169686,0,150,1,843,1,0,1,0,0,0,0,1
22900,5,93926,1,116,1,156,1,0,1,0,0,1,0,0
22900,5,67100,1,116,1,383,1,0,0,0,0,0,1,0
22900,5,122000,1,150,1,894,1,0,1,0,0,0,0,1
22990,6,80526,1,116,1,164,1,0,1,0,0,0,1,0
22990,6,80526,1,116,1,132,1,0,1,0,0,0,0,0
22990,5,90000,1,116,1,276,1,0,1,0,0,1,0,0
22999,6,98000,1,190,1,87,1,0,1,0,0,0,1,0
22999,6,40146,1,136,1,490,0,0,1,0,0,0,0,1
22999,6,40146,1,136,1,326,0,0,1,0,0,0,1,0
22999,6,40146,1,136,1,861,0,0,1,0,0,0,0,1
22999,6,40146,1,136,1,485,0,0,1,0,0,0,0,1
22999,6,40146,1,136,1,25,0,0,1,0,0,0,0,0
22999,6,40146,1,136,1,750,0,0,1,0,0,0,0,1
22999,6,40146,1,136,1,177,0,0,1,0,0,1,0,0
22999,6,40146,1,136,1,283,0,0,1,0,0,1,0,0
22999,6,40146,1,136,1,628,0,0,1,0,0,0,0,1
22999,6,40146,1,136,1,130,0,0,1,0,0,0,1,0
22999,6,40146,1,136,1,99,0,0,1,0,0,0,1,0
22999,6,40146,1,136,1,611,0,0,1,0,0,0,0,1
22999,6,40146,1,136,1,127,0,0,1,0,0,0,0,0
22999,6,40146,1,136,1,86,0,0,1,0,0,0,0,0
22999,3,69000,1,116,1,55,1,0,0,0,0,0,0,0
23000,4,23543,0,136,1,177,0,0,0,0,0,1,0,0
23000,5,28000,1,136,1,164,0,0,1,0,0,0,1,0
23000,4,51000,0,116,1,164,1,0,0,0,0,0,1,0
23000,4,51000,0,116,1,132,1,0,0,0,0,0,0,0
23000,5,86300,1,116,1,98,1,0,1,0,0,0,1,0
23000,5,86300,1,116,1,101,1,0,1,0,0,0,1,0
23299,5,73520,0,150,1,611,1,0,1,0,0,0,0,1
23299,5,73520,0,150,1,127,1,0,1,0,0,0,0,0
23299,5,73520,0,150,1,326,1,0,1,0,0,0,1,0
23299,5,73520,0,150,1,177,1,0,1,0,0,1,0,0
23300,3,50704,1,116,1,623,1,0,0,0,0,0,0,1
23400,4,74897,1,150,1,92,1,0,1,0,0,0,1,0
23400,4,74897,1,150,1,146,1,0,1,0,0,0,1,0
23400,4,40000,1,116,1,623,1,0,0,0,0,0,0,1
23490,5,100000,1,150,1,495,1,0,1,0,0,0,0,1
23490,5,148000,1,150,1,545,1,0,1,0,0,0,0,1
23490,6,57000,1,116,1,368,1,0,0,0,0,0,0,1
23499,4,129500,1,150,1,788,1,0,1,0,0,0,0,1
23499,3,17890,1,109,1,611,0,0,1,0,0,0,0,1
23499,3,17890,1,109,1,127,0,0,1,0,0,0,0,0
23500,6,104225,1,150,1,485,1,0,0,0,1,0,0,1
23500,5,67000,1,150,1,355,1,0,0,0,0,0,0,1
23500,4,58386,0,136,1,490,0,0,1,0,0,0,0,1
23500,6,116000,1,190,1,155,1,0,1,0,0,1,0,0
23500,4,56000,1,109,1,160,0,0,1,0,0,1,0,0
23500,5,81350,1,116,1,383,1,0,0,0,1,0,1,0
23500,5,40346,1,116,1,140,1,0,1,0,0,0,1,0
23500,6,57703,1,150,1,104,1,0,0,0,1,0,1,0
23500,6,109000,1,150,1,667,1,0,1,0,0,0,0,1
23500,5,69000,1,116,1,752,1,0,1,0,0,0,0,1
23500,5,86400,1,116,1,383,1,0,0,0,1,0,1,0
23699,4,135213,1,150,1,630,1,0,1,0,0,0,0,1
23700,3,63000,1,116,1,106,1,0,1,0,0,1,0,0
23799,3,51919,1,116,1,326,1,0,1,0,0,0,1,0
23799,3,51919,1,116,1,86,1,0,1,0,0,0,0,0
23799,3,51919,1,116,1,861,1,0,1,0,0,0,0,1
23799,3,51919,1,116,1,490,1,0,1,0,0,0,0,1
23799,3,51919,1,116,1,130,1,0,1,0,0,0,1,0
23799,3,51919,1,116,1,25,1,0,1,0,0,0,0,0
23799,3,51919,1,116,1,99,1,0,1,0,0,0,1,0
23799,3,51919,1,116,1,611,1,0,1,0,0,0,0,1
23799,3,51919,1,116,1,177,1,0,1,0,0,1,0,0
23799,3,51919,1,116,1,127,1,0,1,0,0,0,0,0
23799,3,51919,1,116,1,731,1,0,1,0,0,0,0,1
23799,3,51919,1,116,1,750,1,0,1,0,0,0,0,1
23799,3,51919,1,116,1,283,1,0,1,0,0,1,0,0
23799,3,51919,1,116,1,485,1,0,1,0,0,0,0,1
23800,3,62000,0,136,1,742,0,0,1,0,0,0,0,1
23800,6,99000,1,116,1,483,1,0,1,0,0,0,0,1
23800,3,105000,1,116,1,735,1,0,1,0,0,0,0,1
23800,6,89000,1,150,1,683,1,0,1,0,0,0,0,1
23800,5,67624,1,150,1,106,1,0,1,0,0,0,1,0
23900,6,83190,1,116,1,724,1,0,0,0,0,0,0,1
23900,4,81458,1,116,1,611,1,0,0,0,0,0,0,1
23900,4,66913,1,116,1,156,1,0,1,0,0,1,0,0
23900,5,67949,1,150,1,121,1,0,1,0,0,1,0,0
23900,5,101500,1,190,1,163,1,0,1,0,0,0,0,0
23900,3,21500,1,136,1,262,0,0,1,0,0,1,0,0
23900,3,21000,1,136,1,262,0,0,1,0,0,1,0,0
23900,3,23000,1,136,1,262,0,0,1,0,0,1,0,0
23900,3,22400,1,136,1,262,0,0,1,0,0,1,0,0
23900,3,21500,0,136,1,262,0,0,1,0,0,1,0,0
23900,3,21000,1,136,1,262,0,0,1,0,0,1,0,0
23900,2,21000,0,136,1,262,0,0,1,0,0,1,0,0
23900,3,19500,1,136,1,262,0,0,1,0,0,1,0,0
23900,3,20500,0,136,1,262,0,0,1,0,0,1,0,0
23900,3,43704,0,116,1,630,1,0,0,0,0,0,0,1
23900,3,124000,1,116,1,883,1,0,1,0,0,0,0,1
23900,3,96000,1,150,1,213,1,0,0,0,0,0,1,0
23900,3,68000,1,109,1,99,0,0,0,0,0,0,1,0
23900,3,16000,1,116,1,142,1,0,0,0,0,0,1,0
23900,3,24000,0,136,1,262,0,0,1,0,0,1,0,0
23900,3,21000,0,136,1,262,0,0,1,0,0,1,0,0
23900,3,19700,0,136,1,262,0,0,1,0,0,1,0,0
23900,3,18000,0,136,1,262,0,0,1,0,0,1,0,0
23900,3,21000,0,136,1,262,0,0,1,0,0,1,0,0
23900,3,45000,1,136,1,424,0,0,0,0,1,0,0,1
23900,4,90700,1,150,1,383,1,0,1,0,0,0,1,0
23900,4,78120,1,136,1,101,0,0,1,0,0,0,1,0
23900,4,78120,1,136,1,98,0,0,1,0,0,0,1,0
23900,4,73684,0,136,1,132,0,0,1,0,0,0,0,0
23900,4,73684,0,136,1,164,0,0,1,0,0,0,1,0
23950,6,109000,1,150,1,16,1,0,1,0,0,0,0,0
23950,5,77450,1,116,1,52,1,0,1,0,0,0,0,0
23950,5,85107,1,150,1,698,1,0,1,0,0,0,0,1
23990,3,32000,1,116,1,326,1,0,0,1,0,0,1,0
23990,6,127000,1,150,1,40,1,0,1,0,0,0,0,0
23999,5,66000,1,150,1,215,1,0,1,0,0,1,0,0
23999,5,117770,1,306,1,130,0,0,0,1,0,0,1,0
23999,5,117770,1,306,1,861,0,0,0,1,0,0,0,1
23999,5,117770,1,306,1,485,0,0,0,1,0,0,0,1
23999,5,117770,1,306,1,86,0,0,0,1,0,0,0,0
23999,5,117770,1,306,1,283,0,0,0,1,0,1,0,0
23999,5,117770,1,306,1,611,0,0,0,1,0,0,0,1
23999,5,117770,1,306,1,628,0,0,0,1,0,0,0,1
23999,5,117770,1,306,1,177,0,0,0,1,0,1,0,0
23999,5,79000,1,150,1,763,1,0,1,0,0,0,0,1
24000,6,99000,1,136,1,800,0,0,1,0,0,0,0,1
24000,2,17000,1,116,1,495,1,0,0,0,0,0,0,1
24000,4,46000,1,109,1,136,0,0,1,0,0,0,0,0
24000,4,90607,1,150,1,177,1,0,0,0,0,1,0,0
24199,5,62152,1,150,1,731,1,0,1,0,0,0,0,1
24199,5,62152,1,150,1,99,1,0,1,0,0,0,1,0
24199,5,62152,1,150,1,750,1,0,1,0,0,0,0,1
24199,5,62152,1,150,1,127,1,0,1,0,0,0,0,0
24199,5,62152,1,150,1,628,1,0,1,0,0,0,0,1
24199,5,62152,1,150,1,25,1,0,1,0,0,0,0,0
24199,5,62152,1,150,1,326,1,0,1,0,0,0,1,0
24199,5,62152,1,150,1,485,1,0,1,0,0,0,0,1
24199,5,62152,1,150,1,86,1,0,1,0,0,0,0,0
24199,5,62152,1,150,1,490,1,0,1,0,0,0,0,1
24250,4,105884,1,136,1,171,0,0,1,0,0,1,0,0
24390,4,58924,1,150,1,196,1,0,0,0,0,1,0,0
24400,4,120612,1,150,1,86,1,0,1,0,0,0,0,0
24500,5,139000,1,150,1,607,1,0,1,0,0,0,0,1
24500,5,48970,1,136,1,183,0,0,1,0,0,1,0,0
24500,5,63000,0,150,1,175,1,0,0,1,0,1,0,0
24500,5,63000,0,150,1,175,1,0,0,1,0,1,0,0
24500,6,19800,0,150,1,384,1,0,1,0,0,0,1,0
24500,4,75000,1,136,1,16,0,0,1,0,0,0,0,0
24500,6,63946,1,136,1,156,0,0,1,0,0,0,0,0
24500,4,92985,1,136,1,712,0,0,1,0,0,0,0,1
24500,6,86434,1,116,1,210,1,0,1,0,0,0,1,0
24500,5,98000,1,190,1,74,1,0,1,0,0,0,0,0
24500,6,74000,1,150,1,511,1,0,1,0,0,0,0,1
24500,5,48706,1,150,1,292,1,0,1,0,0,0,1,0
24500,4,93282,1,116,1,86,1,0,1,0,0,0,0,0
24600,6,104000,1,190,1,120,1,0,1,0,0,0,0,0
24700,5,101127,0,150,1,425,1,0,1,0,0,0,1,0
24800,4,103000,1,190,1,712,1,0,1,0,0,0,0,1
24800,6,104600,1,150,1,326,1,0,1,0,0,0,1,0
24800,6,46569,1,116,1,177,1,0,1,0,0,1,0,0
24800,4,98000,1,150,1,753,1,0,1,0,0,0,0,1
24890,3,54393,1,136,1,178,0,0,1,0,0,1,0,0
24899,2,89318,1,150,1,731,1,0,1,0,0,0,0,1
24899,2,89318,1,150,1,861,1,0,1,0,0,0,0,1
24899,2,89318,1,150,1,490,1,0,1,0,0,0,0,1
24899,2,89318,1,150,1,99,1,0,1,0,0,0,1,0
24899,2,89318,1,150,1,611,1,0,1,0,0,0,0,1
24899,2,89318,1,150,1,127,1,0,1,0,0,0,0,0
24899,2,89318,1,150,1,326,1,0,1,0,0,0,1,0
24899,2,89318,1,150,1,25,1,0,1,0,0,0,0,0
24899,2,89318,1,150,1,628,1,0,1,0,0,0,0,1
24899,2,89318,1,150,1,86,1,0,1,0,0,0,0,0
24899,2,89318,1,150,1,130,1,0,1,0,0,0,1,0
24900,4,41000,1,150,1,200,1,0,0,0,0,0,1,0
24900,6,113000,1,150,1,611,1,0,1,0,0,0,0,1
24900,3,50000,0,136,1,276,0,0,1,0,0,1,0,0
24900,4,46620,1,150,1,106,1,0,1,0,0,0,1,0
24900,5,89000,1,116,1,483,1,0,1,0,0,0,0,1
24900,4,118000,1,190,1,750,1,0,1,0,0,0,0,1
24900,3,81900,1,116,1,275,1,0,1,0,0,1,0,0
24900,3,79677,1,116,1,201,1,0,1,0,0,1,0,0
24900,3,20300,1,136,1,262,0,0,1,0,0,1,0,0
24900,3,21000,1,136,1,262,0,0,0,0,1,1,0,0
24900,3,19800,1,136,1,262,0,0,1,0,0,1,0,0
24900,3,22500,0,136,1,262,0,0,1,0,0,1,0,0
24900,3,17000,0,136,1,262,0,0,1,0,0,1,0,0
24900,3,89900,0,150,1,849,1,0,1,0,0,0,0,1
24900,6,86000,1,116,1,276,1,0,0,0,1,1,0,0
24900,2,19500,1,136,1,262,0,0,1,0,0,1,0,0
24900,2,21500,1,136,1,262,0,0,1,0,0,1,0,0
24900,4,78000,1,116,1,236,1,0,1,0,0,0,1,0
24900,4,56292,1,116,1,270,1,0,1,0,0,1,0,0
24900,6,160000,1,150,1,855,1,0,1,0,0,0,0,1
24900,3,85617,1,116,1,196,1,0,1,0,0,1,0,0
24900,2,98429,1,150,1,86,1,0,1,0,0,0,0,0
24900,4,71880,1,136,1,187,0,0,1,0,0,1,0,0
24900,3,60502,1,116,1,121,1,0,1,0,0,1,0,0
24900,3,81647,1,116,1,121,1,0,1,0,0,1,0,0
24900,5,56708,1,150,1,156,1,0,1,0,0,0,0,0
24980,4,57500,1,109,1,146,0,0,1,0,0,0,0,0
24990,3,90000,1,150,1,213,1,0,0,0,0,0,1,0
24990,1,47600,1,109,1,352,0,0,1,0,0,0,1,0
24990,3,95736,1,116,1,164,1,0,1,0,0,0,1,0
24990,3,95736,1,116,1,132,1,0,1,0,0,0,0,0
24990,4,88000,1,150,1,276,1,0,1,0,0,1,0,0
24990,5,119000,1,306,1,87,0,0,0,1,0,0,1,0
24990,5,129999,1,150,1,618,1,0,1,0,0,0,0,1
24990,4,54000,1,136,1,154,0,0,1,0,0,1,0,0
24999,4,39053,1,136,1,731,0,0,1,0,0,0,0,1
24999,4,39053,1,136,1,86,0,0,1,0,0,0,0,0
24999,4,39053,1,136,1,861,0,0,1,0,0,0,0,1
24999,4,39053,1,136,1,485,0,0,1,0,0,0,0,1
24999,4,39053,1,136,1,628,0,0,1,0,0,0,0,1
24999,4,39053,1,136,1,25,0,0,1,0,0,0,0,0
24999,4,39053,1,136,1,99,0,0,1,0,0,0,1,0
24999,4,39053,1,136,1,750,0,0,1,0,0,0,0,1
24999,4,39053,1,136,1,490,0,0,1,0,0,0,0,1
24999,4,39053,1,136,1,283,0,0,1,0,0,1,0,0
24999,3,100000,1,150,1,882,1,0,1,0,0,0,0,1
25000,4,47545,1,150,1,177,1,0,1,0,0,1,0,0
25000,5,68800,1,190,1,68,1,0,0,0,0,0,0,0
25000,3,60900,1,150,1,724,1,0,0,0,0,0,0,1
25000,6,118000,1,306,1,132,0,0,0,1,0,0,0,0
25000,6,82000,0,150,1,628,1,0,0,0,0,0,0,1
25000,5,50449,1,150,1,177,1,0,1,0,0,1,0,0
25000,3,41858,1,109,1,177,0,0,0,0,0,1,0,0
25000,5,90750,1,116,1,98,1,0,1,0,0,0,1,0
25000,5,90750,1,116,1,101,1,0,1,0,0,0,1,0
25200,4,96816,1,150,1,86,1,0,1,0,0,0,0,0
25400,3,66200,1,136,1,266,0,0,1,0,0,1,0,0
25400,3,76549,1,116,1,196,1,0,1,0,0,1,0,0
25499,3,70000,1,190,1,525,1,0,0,0,0,0,0,1
25500,4,37304,1,116,1,164,1,0,0,0,1,0,1,0
25500,4,37304,1,116,1,132,1,0,0,0,1,0,0,0
25500,4,38800,1,150,1,383,1,0,1,0,0,0,1,0
25500,3,140000,1,150,1,854,1,0,1,0,0,0,0,1
25500,3,90000,1,136,1,126,0,0,1,0,0,1,0,0
25500,4,118000,1,150,1,695,1,0,1,0,0,0,0,1
25500,2,98875,1,150,1,86,1,0,1,0,0,0,0,0
25500,6,23000,1,150,1,747,1,0,0,1,0,0,0,1
25600,4,42500,1,116,1,715,1,0,1,0,0,0,0,1
25700,4,99968,1,150,1,712,1,0,1,0,0,0,0,1
25800,5,75000,1,116,1,574,1,0,1,0,0,0,0,1
25870,3,53214,1,116,1,177,1,0,1,0,0,1,0,0
25890,3,40393,1,116,1,178,1,0,1,0,0,1,0,0
25900,6,50000,1,136,1,423,0,0,1,0,0,0,0,1
25900,6,90000,1,150,1,706,1,0,1,0,0,0,0,1
25900,6,87400,1,116,1,389,1,0,1,0,0,0,0,1
25900,3,33000,1,116,1,387,1,0,1,0,0,0,1,0
25900,2,46100,1,136,1,163,0,0,0,0,0,0,0,0
25900,4,98000,1,116,1,186,1,0,1,0,0,0,1,0
25900,4,38500,1,116,1,628,1,0,1,0,0,0,0,1
25900,3,14392,0,109,1,745,0,0,1,0,0,0,0,1
25900,4,105000,1,265,1,206,0,0,1,0,0,1,0,0
25900,4,39000,1,150,1,177,1,0,1,0,0,1,0,0
25900,3,18000,1,178,1,262,0,0,1,0,0,1,0,0
25900,2,12500,1,136,1,262,1,0,1,0,0,1,0,0
25900,3,19500,1,136,1,262,0,0,1,0,0,1,0,0
25900,2,19500,1,136,1,262,0,0,1,0,0,1,0,0
25900,5,76000,1,150,1,184,1,0,1,0,0,1,0,0
25900,3,21000,1,136,1,262,0,0,1,0,0,1,0,0
25900,3,18500,1,136,1,262,0,0,1,0,0,1,0,0
25900,5,79000,1,150,1,184,1,0,1,0,0,1,0,0
25900,4,106000,1,150,1,611,1,0,1,0,0,0,0,1
25900,4,74226,1,178,1,156,0,0,1,0,0,1,0,0
25900,5,57902,1,150,1,159,1,0,1,0,0,0,0,0
25900,5,57529,0,116,1,140,1,0,0,0,1,0,1,0
25900,3,79000,1,150,1,750,1,0,1,0,0,0,0,1
25900,1,53800,1,178,1,326,0,1,1,0,0,0,1,0
25950,3,50120,1,116,1,216,1,0,1,0,0,1,0,0
25950,4,43270,0,150,1,259,1,0,1,0,0,1,0,0
25990,3,48844,1,116,1,383,1,0,1,0,0,0,1,0
25990,4,10200,1,136,1,286,0,0,0,0,0,1,0,0
25990,4,11847,1,136,1,286,0,0,0,0,0,1,0,0
25990,4,68000,1,116,1,298,1,0,1,0,0,1,0,0
26000,5,60000,1,116,1,520,1,0,1,0,0,0,0,1
26000,6,79930,1,190,1,68,1,0,1,0,0,0,0,0
26000,3,64800,1,116,1,281,1,0,1,0,0,0,1,0
26000,5,103780,1,265,1,101,0,0,1,0,0,0,1,0
26000,5,103780,1,265,1,98,0,0,1,0,0,0,1,0
26300,4,70000,0,150,1,86,1,0,1,0,0,0,0,0
26400,5,106743,1,190,1,116,1,0,1,0,0,1,0,0
26400,2,35000,1,136,1,163,0,0,1,0,0,1,0,0
26500,2,32764,1,116,1,485,1,0,1,0,0,0,0,1
26500,3,126000,1,190,1,770,1,0,1,0,0,0,0,1
26500,5,35000,1,116,1,883,1,0,1,0,0,0,0,1
26500,2,43500,1,150,1,286,1,0,1,0,0,1,0,0
26500,5,62000,1,178,1,715,0,0,1,0,0,0,0,1
26500,5,106000,1,190,1,203,1,0,1,0,0,0,1,0
26500,2,40344,1,150,1,326,1,0,1,0,0,0,1,0
26500,2,25200,0,136,1,275,0,0,1,0,0,1,0,0
26500,4,53500,1,265,1,104,0,0,1,0,0,0,1,0
26500,5,82000,1,150,1,586,1,0,1,0,0,0,0,1
26700,4,103000,1,190,1,389,1,0,1,0,0,0,0,1
26800,4,68400,1,150,1,653,1,0,1,0,0,0,0,1
26800,3,106000,1,150,1,735,1,0,1,0,0,0,0,1
26800,3,63445,1,150,1,778,1,0,1,0,0,0,0,1
26900,5,90000,1,150,1,802,1,0,1,0,0,0,0,1
26900,4,74000,1,150,1,322,1,0,1,0,0,0,1,0
26900,4,81000,1,150,1,930,1,0,1,0,0,0,0,1
26900,6,63000,1,150,1,333,1,0,0,0,0,0,1,0
26900,3,63832,1,150,1,201,1,0,1,0,0,1,0,0
26900,4,79900,1,150,1,919,1,0,1,0,0,0,0,1
26900,3,59000,1,136,1,126,0,0,1,0,0,1,0,0
26900,3,21500,0,136,1,262,0,0,1,0,0,1,0,0
26900,2,11500,1,136,1,275,0,0,1,0,0,1,0,0
26900,2,29300,1,136,1,275,0,0,1,0,0,1,0,0
26900,3,24000,0,136,1,339,0,0,1,0,0,0,1,0
26900,5,50000,1,150,1,288,1,0,1,0,0,1,0,0
26900,5,81000,1,306,1,262,0,0,0,1,0,1,0,0
26990,2,41600,1,136,1,275,0,0,1,0,0,1,0,0
26990,5,56000,1,150,1,29,1,0,1,0,0,0,0,0
26990,3,48500,1,150,1,141,1,0,1,0,0,0,0,0
26990,4,94000,1,190,1,233,1,0,1,0,0,1,0,0
26999,1,15000,1,178,1,326,0,1,0,0,0,0,1,0
26999,3,50595,0,116,1,854,1,0,1,0,0,0,0,1
27099,5,52363,1,150,1,177,1,0,1,0,0,1,0,0
27299,6,74291,1,306,1,130,0,0,0,1,0,0,1,0
27299,6,74291,1,306,1,86,0,0,0,1,0,0,0,0
27300,3,72000,1,116,1,286,1,0,1,0,0,1,0,0
27399,2,79019,0,150,1,326,1,0,1,0,0,0,1,0
27399,2,79019,0,150,1,611,1,0,1,0,0,0,0,1
27399,2,79019,0,150,1,127,1,0,1,0,0,0,0,0
27400,6,105000,1,306,1,326,0,0,0,1,0,0,1,0
27499,4,42000,1,190,1,788,1,0,1,0,0,0,0,1
27500,5,75500,1,150,1,800,1,0,1,0,0,0,0,1
27500,5,105000,1,116,1,754,1,0,1,0,0,0,0,1
27500,4,158000,1,306,1,706,0,0,0,0,0,0,0,1
27500,2,51000,1,150,1,683,1,0,1,0,0,0,0,1
27500,4,53790,1,136,1,190,0,0,1,0,0,1,0,0
27500,4,63500,0,178,1,164,0,0,1,0,0,0,1,0
27500,4,63500,0,178,1,132,0,0,1,0,0,0,0,0
27500,4,38768,1,136,1,111,0,0,1,0,0,1,0,0
27500,2,49360,0,116,1,286,1,0,1,0,0,1,0,0
27690,1,20000,1,150,1,326,1,0,0,1,0,0,1,0
27700,1,23714,1,150,1,196,1,0,0,1,0,1,0,0
27700,3,35000,1,150,1,95,1,0,1,0,0,1,0,0
27750,2,50119,1,150,1,222,1,0,1,0,0,1,0,0
27800,5,52000,1,150,1,526,1,0,1,0,0,0,0,1
27800,3,53713,1,190,1,611,1,0,1,0,0,0,0,1
27800,3,71022,1,150,1,196,1,0,1,0,0,1,0,0
27900,5,69000,1,150,1,473,1,0,1,0,0,0,0,1
27900,6,67558,1,306,1,521,0,0,0,1,0,0,0,1
27900,2,14400,1,136,1,275,0,0,1,0,0,1,0,0
27900,1,8900,1,150,1,275,1,0,1,0,0,1,0,0
27900,5,44000,1,150,1,742,1,0,1,0,0,0,0,1
27900,3,18553,1,136,1,389,0,0,1,0,0,0,0,1
27900,4,49624,1,265,1,164,0,0,0,1,0,0,1,0
27900,4,47450,1,190,1,383,1,0,1,0,0,0,1,0
27900,4,49624,1,265,1,132,0,0,0,1,0,0,0,0
27950,3,42023,1,150,1,482,1,0,1,0,0,0,0,1
27980,3,42135,1,150,1,25,1,0,1,0,0,0,0,0
27990,4,26691,1,136,1,724,0,0,1,0,0,0,0,1
27990,4,50000,1,150,1,757,1,0,1,0,0,0,0,1
27990,2,78000,1,150,1,764,1,0,1,0,0,0,0,1
27990,3,60000,1,150,1,568,1,0,1,0,0,0,0,1
27990,4,50000,1,190,1,170,1,0,1,0,0,1,0,0
27990,3,14000,1,150,1,285,1,0,1,0,0,1,0,0
27990,3,35000,1,150,1,350,1,0,1,0,0,0,1,0
27999,2,42160,1,150,1,276,1,0,1,0,0,1,0,0
28000,2,15000,1,150,1,326,1,0,1,0,0,0,1,0
28000,4,55624,1,136,1,177,0,0,1,0,0,1,0,0
28000,6,38000,1,190,1,566,1,0,0,0,1,0,0,1
28000,4,83057,1,150,1,177,1,0,1,0,0,1,0,0
28000,4,60050,1,150,1,101,1,0,1,0,0,0,1,0
28000,4,60050,1,150,1,98,1,0,1,0,0,0,1,0
28299,3,44641,1,178,1,130,0,0,1,0,0,0,1,0
28299,3,44641,1,178,1,731,0,0,1,0,0,0,0,1
28299,3,44641,1,178,1,86,0,0,1,0,0,0,0,0
28299,3,44641,1,178,1,861,0,0,1,0,0,0,0,1
28299,3,44641,1,178,1,283,0,0,1,0,0,1,0,0
28299,3,44641,1,178,1,485,0,0,1,0,0,0,0,1
28299,3,44641,1,178,1,25,0,0,1,0,0,0,0,0
28299,3,44641,1,178,1,628,0,0,1,0,0,0,0,1
28299,3,44641,1,178,1,611,0,0,1,0,0,0,0,1
28299,3,44641,1,178,1,750,0,0,1,0,0,0,0,1
28299,3,44641,1,178,1,127,0,0,1,0,0,0,0,0
28300,3,48010,1,190,1,200,1,0,0,0,0,0,1,0
28400,5,43159,1,150,1,485,1,0,1,0,0,0,0,1
28490,3,75000,1,190,1,713,1,0,1,0,0,0,0,1
28499,4,33303,1,190,1,176,1,0,0,0,0,0,1,0
28499,4,130000,1,150,1,839,1,0,1,0,0,0,0,1
28500,6,80000,1,306,1,724,0,0,0,1,0,0,0,1
28500,3,44174,1,150,1,184,1,0,1,0,0,1,0,0
28500,2,83400,1,150,1,68,1,0,1,0,0,0,0,0
28500,2,8300,1,150,1,200,1,0,1,0,0,0,1,0
28500,5,75000,1,306,1,528,0,0,0,1,0,0,0,1
28600,3,40801,1,116,1,146,1,0,1,0,0,1,0,0
28700,2,13600,1,136,1,275,0,0,1,0,0,1,0,0
28800,2,25881,1,150,1,177,1,0,1,0,0,1,0,0
28800,3,67285,1,116,1,483,1,0,1,0,0,0,0,1
28850,1,7100,1,109,1,326,0,0,1,0,0,0,1,0
28890,4,50603,1,265,1,178,0,0,0,1,0,1,0,0
28900,2,35716,1,150,1,222,1,0,1,0,0,0,0,0
28900,2,28337,1,150,1,107,1,0,1,0,0,0,0,0
28900,2,45000,1,136,1,68,0,0,0,0,0,0,0,0
28900,2,45000,1,136,1,68,0,0,0,0,0,0,0,0
28900,2,45000,1,136,1,68,0,0,0,0,0,0,0,0
28900,3,35000,1,150,1,278,1,0,1,0,0,1,0,0
28900,2,15000,1,136,1,275,0,0,1,0,0,1,0,0
28980,3,30258,1,150,1,25,1,0,1,0,0,0,0,0
28990,1,19800,1,150,1,499,1,0,1,0,0,0,0,1
28999,2,24903,1,150,1,276,1,0,1,0,0,1,0,0
29000,3,67176,1,150,1,98,1,0,1,0,0,0,1,0
29000,3,67176,1,150,1,101,1,0,1,0,0,0,1,0
29100,2,48210,1,150,1,188,1,0,1,0,0,1,0,0
29490,1,30269,1,150,1,424,1,0,1,0,0,0,0,1
29500,1,30000,1,150,1,362,1,0,1,0,0,0,1,0
29500,1,18992,1,190,1,132,0,1,1,0,0,0,0,0
29500,2,71800,1,150,1,98,1,0,1,0,0,0,1,0
29500,2,71800,1,150,1,101,1,0,1,0,0,0,1,0
29500,5,91336,1,306,1,292,0,0,0,1,0,0,1,0
29500,2,11200,1,136,1,275,0,0,1,0,0,1,0,0
29500,1,76000,1,136,1,190,0,0,0,0,0,1,0,0
29800,6,60000,1,306,1,322,0,0,0,1,0,0,1,0
29800,1,11005,1,190,1,132,0,1,1,0,0,0,0,0
29890,3,10588,1,150,1,36,1,0,0,0,0,0,0,0
29899,4,80000,1,306,1,415,0,0,0,1,0,0,1,0
29900,4,32000,1,150,1,423,1,0,1,0,0,0,0,1
29900,4,77337,1,190,1,184,1,0,1,0,0,0,0,0
29900,4,23000,1,136,1,124,0,0,1,0,0,0,0,0
29900,2,41800,1,150,1,276,1,0,1,0,0,1,0,0
29900,1,24400,1,150,1,275,1,0,1,0,0,1,0,0
29900,2,50000,1,150,1,259,1,0,1,0,0,1,0,0
29900,4,70000,1,150,1,114,1,0,1,0,0,1,0,0
29900,2,25186,1,150,1,83,1,0,1,0,0,0,1,0
29990,3,80000,1,190,1,170,1,0,1,0,0,1,0,0
29990,1,42967,1,150,1,214,1,0,1,0,0,1,0,0
29999,1,23000,1,150,1,793,1,0,1,0,0,0,0,1
29999,4,49900,1,306,1,87,0,0,0,1,0,0,1,0
30000,3,70000,1,190,1,91,1,0,1,0,0,0,1,0
30000,2,31000,1,150,1,101,1,0,0,1,0,0,1,0
30000,2,48111,1,150,1,177,1,0,1,0,0,1,0,0
18900,6,131690,1,116,1,80,1,0,1,0,0,0,0,0
23500,5,81350,1,116,1,383,1,0,0,0,1,0,1,0
25900,5,79000,1,150,1,184,1,0,1,0,0,1,0,0
9600,4,99000,1,190,1,203,1,0,1,0,0,0,1,0
28000,3,29000,1,150,0,292,1,0,1,0,0,0,1,0
19200,5,81000,1,116,1,914,1,0,0,0,0,0,0,1
24500,6,19800,0,150,1,384,1,0,1,0,0,0,1,0
24990,5,129999,1,150,1,618,1,0,1,0,0,0,0,1
29000,3,67176,1,150,1,91,1,0,1,0,0,0,1,0
21490,5,59000,0,136,1,99,0,0,1,0,0,0,0,0
22500,6,90000,0,116,0,495,1,0,1,0,0,0,0,1
17900,4,96000,1,116,1,190,1,0,0,1,0,1,0,0
18990,4,105000,0,116,1,424,1,0,0,0,1,0,0,1
20900,2,90000,0,116,1,424,1,0,0,0,1,0,0,1
5000,6,100000,1,150,0,359,1,0,0,1,0,0,1,0
24000,3,92000,1,190,0,100,1,0,1,0,0,0,1,0
24000,2,17000,1,116,1,495,1,0,0,0,0,0,0,1
26900,6,63000,1,150,1,333,1,0,0,0,0,0,1,0
22500,5,149000,1,190,0,16,1,0,1,0,0,0,0,0
21900,4,79754,1,109,1,276,0,0,1,0,0,1,0,0
21900,4,79754,1,109,1,270,0,0,1,0,0,1,0,0
26900,2,42000,1,150,0,34,1,0,1,0,0,1,0,0
20499,3,109000,1,190,1,126,1,0,0,0,0,1,0,0
23900,3,68000,1,109,1,99,0,0,0,0,0,0,1,0
28980,3,30258,1,150,1,23,1,0,1,0,0,0,0,0
16900,4,88086,0,136,1,326,0,0,0,0,1,0,1,0
27980,3,42135,1,150,1,23,1,0,1,0,0,0,0,0
24900,4,46620,1,150,1,106,1,0,1,0,0,0,1,0
19000,6,150000,1,116,0,914,1,0,1,0,0,0,0,1
16500,5,159000,0,150,1,746,1,0,0,0,0,0,0,1
28000,6,58000,1,150,0,562,1,0,1,0,0,0,0,1
25900,2,98000,1,150,0,700,1,0,1,0,0,0,0,1
27300,3,26000,0,116,0,104,1,0,0,1,0,0,1,0
25000,4,75000,1,150,0,391,1,0,1,0,0,0,1,0
16500,6,173000,0,116,0,596,1,0,0,1,0,0,0,1
23500,4,54000,0,136,0,151,0,0,1,0,0,1,0,0
22390,6,63700,1,136,1,433,0,0,0,0,1,0,1,0
18900,5,117903,1,116,1,819,1,0,1,0,0,0,0,1
23000,5,68300,1,150,0,184,1,0,1,0,0,0,0,0
21000,4,81000,1,116,1,647,1,0,0,0,0,0,0,1
22900,5,67100,1,116,1,383,1,0,0,0,0,0,1,0
23900,3,124000,1,116,1,883,1,0,1,0,0,0,0,1
26990,5,50000,1,150,0,747,1,0,1,0,0,0,0,1
22900,6,75330,0,116,1,552,1,0,0,0,1,0,0,1
23400,4,74897,1,150,1,87,1,0,1,0,0,0,1,0
22900,3,69747,1,150,1,202,1,0,0,0,0,1,0,0
28000,4,128000,1,306,1,214,0,0,0,1,0,1,0,0
15950,6,167128,0,116,1,815,1,0,0,0,0,0,0,1
25900,3,14392,0,109,1,745,0,0,1,0,0,0,0,1
27900,2,14400,1,136,1,275,0,0,1,0,0,1,0,0
24500,4,62218,0,150,1,377,1,0,0,0,0,0,0,1
28800,2,25881,1,150,1,177,1,0,1,0,0,1,0,0
26900,2,11500,1,136,1,275,0,0,1,0,0,1,0,0
15490,5,139000,1,116,1,120,1,0,0,0,1,0,1,0
28850,1,7100,1,109,1,326,0,0,1,0,0,0,1,0
21000,4,71430,0,116,1,98,1,0,0,0,0,0,1,0
26900,4,79900,1,150,1,919,1,0,1,0,0,0,0,1
18500,4,99000,0,116,1,326,1,0,0,0,0,0,1,0
28999,2,24903,1,150,1,276,1,0,1,0,0,1,0,0
25000,5,90750,1,116,1,98,1,0,1,0,0,0,1,0
13990,6,220000,1,116,1,480,1,0,1,0,0,0,0,1
24000,3,109000,1,150,0,473,1,0,1,0,0,0,0,1
26000,4,68000,1,150,0,782,1,0,1,0,0,0,0,1
24390,4,58924,1,150,1,196,1,0,0,0,0,1,0,0
21600,4,62000,1,116,1,533,1,0,0,0,0,0,0,1
19900,5,100045,1,150,1,25,1,0,0,0,1,0,0,0
22980,4,48000,0,109,1,106,0,0,1,0,0,0,0,0
21500,5,103199,1,116,1,223,1,0,1,0,0,0,1,0
21500,5,103199,1,116,1,223,1,0,1,0,0,0,1,0
23900,4,73684,1,136,1,223,0,0,1,0,0,0,1,0
23900,4,73684,1,136,1,223,0,0,1,0,0,0,1,0
23900,4,73684,1,136,1,223,0,0,1,0,0,0,1,0
21500,5,103199,1,116,1,223,1,0,1,0,0,0,1,0
24900,5,56708,1,150,1,156,1,0,1,0,0,0,0,0
17900,6,68000,0,150,1,276,1,0,0,0,0,1,0,0
23990,6,127000,1,150,1,40,1,0,1,0,0,0,0,0
25990,3,48844,1,116,1,383,1,0,1,0,0,0,1,0
25500,4,114000,1,150,0,119,1,0,1,0,0,0,1,0
27700,3,35000,1,150,1,95,1,0,1,0,0,1,0,0
20500,3,56652,1,116,1,187,1,0,0,0,0,1,0,0
29490,2,34600,0,150,0,172,1,0,1,0,0,1,0,0
26500,2,64000,1,136,0,101,0,0,1,0,0,0,0,0
14500,6,213000,1,150,1,276,1,0,1,0,0,1,0,0
26250,4,64000,1,150,0,140,1,0,1,0,0,0,1,0
16500,6,213000,1,150,1,276,1,0,1,0,0,1,0,0
24000,4,54000,0,136,0,25,0,0,0,0,0,0,0,0
27900,5,108593,1,306,1,819,0,0,0,1,0,0,0,1
14000,6,160000,0,116,0,177,1,0,0,0,0,1,0,0
27900,6,67558,1,306,1,521,0,0,0,1,0,0,0,1
28500,5,75000,1,306,1,528,0,0,0,1,0,0,0,1
16900,5,150000,1,116,1,83,1,0,1,0,0,0,1,0
22900,3,68000,1,109,1,412,0,0,1,0,0,0,1,0
26999,1,15000,1,178,1,326,0,1,0,0,0,0,1,0
19499,3,70000,1,116,1,112,1,0,0,1,0,0,1,0
16500,3,116400,1,150,1,326,1,0,0,1,0,0,1,0
21500,3,103093,1,116,1,505,1,0,1,0,0,0,0,1
21000,4,106100,1,150,1,101,1,0,1,0,0,0,1,0
21990,4,124000,1,109,1,397,0,0,1,0,0,0,1,0
21250,4,79922,1,116,1,377,1,0,0,0,0,0,0,1
28000,4,60050,1,150,1,87,1,0,1,0,0,0,1,0
26500,2,40344,1,150,1,326,1,0,1,0,0,0,1,0
13500,6,160000,1,116,1,326,1,0,0,0,1,0,1,0
20900,5,86450,1,150,1,383,1,0,0,0,0,0,1,0
24800,3,69000,1,136,0,91,0,0,0,1,0,0,0,0
27950,5,42700,1,136,1,14,0,0,1,0,0,0,0,0
16999,5,150000,0,116,1,485,1,0,0,0,0,0,0,1
20500,3,56652,1,116,1,165,1,0,0,0,0,1,0,0
25900,5,57902,1,150,1,159,1,0,1,0,0,0,0,0
22500,5,124000,1,150,0,611,1,0,1,0,0,0,0,1
15990,6,83500,0,116,1,144,1,0,0,0,0,1,0,0
21900,3,47069,0,109,1,97,0,0,0,0,0,0,0,0
17900,5,119000,0,116,1,833,1,0,1,0,0,0,0,1
14490,6,171559,0,116,1,905,1,0,0,0,0,0,0,1
12990,6,204610,0,116,1,861,1,0,0,0,0,0,0,1
19999,5,73000,1,116,1,683,1,0,0,0,0,0,0,1
18900,3,94000,1,116,1,103,1,0,0,0,0,0,0,0
19900,4,100000,0,136,0,141,0,0,1,0,0,0,0,0
19900,6,100000,1,116,0,541,1,0,0,1,0,0,0,1
21900,5,75387,1,116,0,919,1,0,1,0,0,0,0,1
27500,4,158000,1,306,1,706,0,0,0,0,0,0,0,1
13500,6,195800,0,116,1,713,1,0,0,0,0,0,0,1
18000,4,124000,0,150,0,326,1,0,1,0,0,0,1,0
16900,6,80498,1,150,1,541,1,0,0,0,0,0,0,1
22900,5,122000,1,150,1,894,1,0,1,0,0,0,0,1
25900,3,79000,1,150,1,750,1,0,1,0,0,0,0,1
17490,5,140000,0,150,1,87,1,0,1,0,0,0,1,0
28900,2,15000,1,136,1,275,0,0,1,0,0,1,0,0
19300,6,120000,1,190,1,424,1,0,0,0,0,0,0,1
26000,5,103780,1,265,1,98,0,0,1,0,0,0,1,0
17900,5,116000,1,116,1,377,1,0,1,0,0,0,0,1
27900,4,47450,1,190,1,383,1,0,1,0,0,0,1,0
23500,5,40346,1,116,1,106,1,0,1,0,0,0,1,0
23900,4,78120,1,136,1,98,0,0,1,0,0,0,1,0
23900,4,78120,1,136,1,98,0,0,1,0,0,0,1,0
25900,1,53800,1,178,1,326,0,1,1,0,0,0,1,0
27900,1,8900,1,150,1,275,1,0,1,0,0,1,0,0
19800,5,144600,0,150,1,384,1,0,0,0,0,0,1,0
26500,5,82000,1,150,1,586,1,0,1,0,0,0,0,1
12490,6,164531,0,116,1,175,1,0,0,1,0,1,0,0
24800,4,98000,1,150,1,753,1,0,1,0,0,0,0,1
27500,4,32000,1,116,1,308,1,0,1,0,0,1,0,0
21900,4,160000,1,150,1,472,1,0,1,0,0,0,0,1
27800,3,53713,1,190,1,611,1,0,1,0,0,0,0,1
20500,3,56652,1,116,1,115,1,0,0,0,0,0,0,0
22800,5,95420,1,178,1,101,0,0,1,0,0,0,1,0
23900,3,45000,1,136,1,424,0,0,0,0,1,0,0,1
21499,5,125500,1,150,0,156,1,0,1,0,0,0,0,0
21500,5,155000,1,150,1,554,1,0,1,0,0,0,0,1
27999,2,42160,1,150,1,276,1,0,1,0,0,1,0,0
21500,5,119000,1,116,1,121,1,0,1,0,0,1,0,0
15900,3,77910,1,116,1,326,1,0,0,0,0,0,1,0
23000,5,86300,1,116,1,98,1,0,1,0,0,0,1,0
27690,1,20000,1,150,1,326,1,0,0,1,0,0,1,0
17500,6,69900,0,116,1,811,1,0,0,0,0,0,0,1
28490,3,75000,1,190,1,713,1,0,1,0,0,0,0,1
21000,3,95000,1,116,1,611,1,0,1,0,0,0,0,1
18500,3,186555,0,116,1,843,1,0,0,0,0,0,0,1
23999,5,94000,1,150,0,480,1,0,1,0,0,0,0,1
19999,3,49000,1,136,1,326,0,0,0,0,0,0,1,0
17900,6,126000,1,116,1,326,1,0,1,0,0,0,1,0
20700,5,59600,0,116,1,750,1,0,0,0,0,0,0,1
26500,2,43500,1,150,1,286,1,0,1,0,0,1,0,0
25900,5,76000,1,150,1,184,1,0,1,0,0,1,0,0
23800,6,89000,1,150,1,683,1,0,1,0,0,0,0,1
27000,4,85300,1,150,0,552,1,0,0,1,0,0,0,1
23900,4,90700,1,150,1,383,1,0,1,0,0,0,1,0
12899,6,192307,0,116,1,495,1,0,0,0,1,0,0,1
23490,6,57000,1,116,1,368,1,0,0,0,0,0,0,1
17900,3,24000,0,136,1,262,0,0,0,0,0,1,0,0
18900,3,23700,1,136,1,262,0,0,0,0,0,1,0,0
17900,3,21000,0,136,1,262,0,0,0,0,0,1,0,0
18900,3,20500,1,136,1,262,0,0,0,0,0,1,0,0
17900,3,26000,0,136,1,262,0,0,0,0,0,1,0,0
18900,3,22800,1,136,1,262,0,0,0,0,0,1,0,0
17900,3,23500,0,136,1,262,0,0,0,0,0,1,0,0
17900,3,23000,0,136,1,262,0,0,0,0,0,1,0,0
18900,3,21500,1,136,1,262,0,0,0,0,0,1,0,0
17900,3,23600,0,136,1,262,0,0,0,0,0,1,0,0
17900,3,25000,0,136,1,262,0,0,0,0,0,1,0,0
18900,3,21000,1,136,1,262,0,0,0,0,0,1,0,0
17900,6,59000,0,136,1,423,0,0,0,0,0,0,0,1
29900,4,32000,1,150,1,423,1,0,1,0,0,0,0,1
21800,3,43500,1,190,0,151,1,0,0,0,0,1,0,0
13500,5,219000,1,150,1,532,1,0,0,0,0,0,0,1
21500,3,91000,1,190,1,129,1,0,0,0,0,0,0,0
19900,6,135000,1,150,1,83,1,0,1,0,0,0,1,0
18000,5,125000,0,150,0,147,1,0,0,1,0,1,0,0
22999,6,98000,1,190,1,87,1,0,1,0,0,0,1,0
25200,3,59000,0,116,0,288,1,0,1,0,0,1,0,0
24700,5,124904,1,150,1,568,1,0,1,0,0,0,0,1
12990,6,199000,0,116,1,811,1,0,0,0,0,0,0,1
20950,5,51088,1,116,1,326,1,0,1,0,0,0,1,0
24850,6,78000,1,150,1,146,1,0,1,0,0,1,0,0
25000,6,8766,1,136,1,628,0,0,1,0,0,0,0,1
24800,4,103000,1,190,1,712,1,0,1,0,0,0,0,1
25500,3,140000,1,150,1,854,1,0,1,0,0,0,0,1
17890,5,78227,0,116,1,568,1,0,0,0,1,0,0,1
19999,5,105000,1,116,1,285,1,0,1,0,0,1,0,0
24500,6,74000,1,150,1,485,1,0,1,0,0,0,0,1
21490,3,45000,0,136,1,424,0,0,0,0,1,0,0,1
23900,4,98754,1,150,1,275,1,0,1,0,0,1,0,0
13890,6,199000,1,116,1,607,1,0,0,0,0,0,0,1
13890,6,199000,1,116,1,848,1,0,0,0,0,0,0,1
23800,5,67624,1,150,1,120,1,0,1,0,0,0,1,0
22300,4,41189,0,150,1,52,1,0,0,0,0,0,0,0
24990,5,119000,1,306,1,87,0,0,0,1,0,0,1,0
17900,6,54175,0,136,1,276,0,0,0,1,0,1,0,0
19290,3,127455,1,116,1,837,1,0,0,0,0,0,0,1
29800,6,60000,1,306,1,322,0,0,0,1,0,0,1,0
25950,3,50120,1,116,1,246,1,0,1,0,0,1,0,0
16000,5,77000,0,116,0,499,1,0,0,0,0,0,0,1
24700,5,124904,1,150,1,485,1,0,1,0,0,0,0,1
29900,2,41800,1,150,1,276,1,0,1,0,0,1,0,0
18900,5,76000,1,116,1,485,1,0,0,1,0,0,0,1
28500,4,100314,1,150,1,485,1,0,1,0,0,0,0,1
25000,6,8766,1,136,1,485,0,0,1,0,0,0,0,1
23300,3,50704,1,116,1,623,1,0,0,0,0,0,0,1
29900,6,53200,1,306,1,177,0,0,0,1,0,1,0,0
16990,5,140000,0,150,1,87,1,0,1,0,0,0,1,0
19499,4,77207,1,116,1,448,1,0,0,0,0,0,0,1
26900,4,74000,1,150,1,322,1,0,1,0,0,0,1,0
24500,4,92985,1,136,1,712,0,0,1,0,0,0,0,1
18900,4,139000,1,116,1,695,1,0,0,0,0,0,0,1
25500,4,118000,1,150,1,695,1,0,1,0,0,0,0,1
17490,5,124576,1,116,1,878,1,0,0,0,0,0,0,1
22000,5,148000,1,150,0,764,1,0,0,1,0,0,0,1
19900,5,146217,1,116,1,807,1,0,0,0,0,0,0,1
28990,5,70036,1,306,1,87,0,0,0,1,0,0,1,0
25700,4,99968,1,150,1,712,1,0,1,0,0,0,0,1
24700,5,124904,1,150,1,623,1,0,1,0,0,0,0,1
28900,2,45000,1,136,1,68,0,0,0,0,0,0,0,0
25000,3,60900,1,150,1,724,1,0,0,0,0,0,0,1
23500,5,108000,1,116,0,16,1,0,0,0,1,0,0,0
19900,3,86874,1,150,1,358,1,0,0,0,0,0,1,0
19999,5,149000,1,150,1,542,1,0,1,0,0,0,0,1
24500,5,98000,1,190,1,74,1,0,1,0,0,0,0,0
28700,2,13600,1,136,1,275,0,0,1,0,0,1,0,0
22000,4,60000,0,136,0,750,0,0,0,1,0,0,0,1
19700,5,125000,0,136,1,346,0,0,1,0,0,0,1,0
25900,5,35000,1,116,1,190,1,0,1,0,0,1,0,0
16900,6,147453,0,150,1,919,1,0,1,0,0,0,0,1
16800,5,120000,1,150,0,326,1,0,0,0,0,0,1,0
29000,3,67176,1,150,1,91,1,0,1,0,0,0,1,0
26990,4,75000,1,136,1,436,0,0,1,0,0,0,0,1
20900,4,19700,0,136,1,222,0,0,0,0,1,1,0,0
20000,6,89000,0,150,0,195,1,0,0,1,0,0,1,0
23000,6,96000,0,150,0,348,1,0,1,0,0,0,0,1
25000,5,115000,1,116,0,120,1,0,1,0,0,0,1,0
19900,5,84000,1,116,1,257,1,0,0,0,0,0,1,0
18000,6,94904,0,116,1,484,1,0,0,0,1,0,0,1
21900,6,74900,0,136,1,275,0,0,1,0,0,1,0,0
29500,1,30000,1,150,1,362,1,0,1,0,0,0,1,0
19900,4,87500,1,190,1,326,1,0,0,0,1,0,1,0
21900,6,85900,1,150,1,111,1,0,1,0,0,1,0,0
28900,2,45000,1,136,1,68,0,0,0,0,0,0,0,0
19000,3,135000,0,150,0,748,1,0,1,0,0,0,0,1
24700,5,124904,1,150,1,436,1,0,1,0,0,0,0,1
26900,5,50000,1,150,1,288,1,0,1,0,0,1,0,0
28500,4,57235,1,150,1,436,1,0,1,0,0,0,0,1
21990,4,106000,1,150,1,205,1,0,1,0,0,1,0,0
21900,3,85000,1,136,1,424,0,0,0,0,1,0,0,1
23699,4,135213,1,150,1,630,1,0,1,0,0,0,0,1
28500,4,100314,1,150,1,436,1,0,1,0,0,0,0,1
26990,5,56000,1,150,1,29,1,0,1,0,0,0,0,0
29000,3,105859,1,265,0,149,0,0,0,1,0,0,1,0
26900,3,24000,0,136,1,339,0,0,1,0,0,0,1,0
20500,4,79000,1,150,1,201,1,0,0,0,1,1,0,0
16490,4,138000,0,116,1,87,1,0,0,0,0,0,1,0
22900,5,169686,0,150,1,843,1,0,1,0,0,0,0,1
23800,6,99000,1,116,1,483,1,0,1,0,0,0,0,1
10989,2,130000,0,136,0,326,0,0,0,0,1,0,1,0
15990,5,134000,0,116,1,276,1,0,0,0,0,1,0,0
25490,5,75979,0,150,1,623,1,0,0,0,0,0,0,1
21890,5,127397,1,116,1,568,1,0,1,0,0,0,0,1
19900,4,140000,1,150,1,878,1,0,0,0,0,0,0,1
25000,6,8766,1,136,1,436,0,0,1,0,0,0,0,1
19800,5,107000,1,116,1,56,1,0,0,0,0,1,0,0
19990,4,97000,1,116,1,56,1,0,0,0,0,1,0,0
27500,2,51000,1,150,1,683,1,0,1,0,0,0,0,1
16500,3,161000,1,116,1,695,1,0,0,0,0,0,0,1
20500,5,153000,1,190,1,472,1,0,1,0,0,0,0,1
23000,6,71500,1,136,0,275,0,0,1,0,0,1,0,0
24900,5,89000,1,116,1,483,1,0,1,0,0,0,0,1
21500,6,146500,1,116,1,200,1,0,1,0,0,0,1,0
27900,5,44000,1,150,1,750,1,0,1,0,0,0,0,1
24990,4,56335,1,136,1,326,0,0,1,0,0,0,1,0
17950,5,85638,1,116,1,482,1,0,0,0,0,0,0,1
21900,3,72761,1,150,1,755,1,0,0,0,0,0,0,1
18800,5,155000,1,116,1,484,1,0,0,0,0,0,0,1
19700,3,43222,0,116,1,448,1,0,0,0,0,0,0,1
21500,3,48200,1,116,1,102,1,0,0,0,0,0,0,0
19999,6,140000,1,116,1,793,1,0,1,0,0,0,0,1
21900,5,118000,1,150,1,484,1,0,1,0,0,0,0,1
18900,5,117903,1,116,1,819,1,0,1,0,0,0,0,1
18900,6,64400,0,136,1,326,0,0,1,0,0,0,1,0
27500,4,38768,1,136,1,111,0,0,1,0,0,1,0,0
20900,5,75000,1,116,1,381,1,0,1,0,0,0,1,0
15900,4,135000,1,116,1,523,1,0,0,0,0,0,0,1
19900,6,127000,0,150,1,629,1,0,1,0,0,0,0,1
23500,5,86400,1,116,1,383,1,0,0,0,1,0,1,0
29899,4,80000,1,306,1,415,0,0,0,1,0,0,1,0
20800,6,189650,1,190,1,788,1,0,1,0,0,0,0,1
14999,3,168000,1,150,1,40,1,0,0,0,0,0,0,0
28700,1,38039,1,150,1,129,1,0,1,0,0,0,0,0
18890,6,50000,1,136,1,276,0,0,0,0,0,1,0,0
21500,4,40800,1,109,1,177,0,0,0,0,0,1,0,0
17800,5,147080,0,116,1,476,1,0,0,0,1,0,0,1
20500,6,110000,0,150,0,216,1,0,1,0,0,1,0,0
21500,5,62632,0,136,1,121,0,0,0,0,1,1,0,0
28000,6,38000,1,190,1,566,1,0,0,0,1,0,0,1
17990,6,65000,1,136,1,140,0,0,0,0,0,0,1,0
22000,6,127000,0,150,0,226,1,0,1,0,0,0,0,0
24990,4,88000,1,150,1,285,1,0,1,0,0,1,0,0
21900,4,75882,1,116,1,184,1,0,0,0,0,1,0,0
23900,4,55031,1,178,1,178,0,0,0,0,0,1,0,0
26900,5,81000,1,306,1,260,0,0,0,1,0,1,0,0
22900,5,81000,1,150,1,177,1,0,1,0,0,1,0,0
18900,6,89000,1,116,1,276,1,0,1,0,0,1,0,0
25900,3,33000,1,116,1,387,1,0,1,0,0,0,1,0
25900,4,106000,1,150,1,611,1,0,1,0,0,0,0,1
16900,5,165000,0,150,1,738,1,0,1,0,0,0,0,1
29999,4,49900,1,306,1,87,0,0,0,1,0,0,1,0
21400,4,73000,1,109,1,560,0,0,1,0,0,0,0,1
23990,5,102000,1,150,1,560,1,0,1,0,0,0,0,1
16800,6,185000,1,150,1,326,1,0,1,0,0,0,1,0
20900,3,119163,1,150,1,695,1,0,0,0,0,0,0,1
14900,5,149000,1,116,1,92,1,0,0,0,0,0,0,0
24900,3,81900,1,116,1,275,1,0,1,0,0,1,0,0
24750,6,63000,1,150,0,183,1,0,1,0,0,1,0,0
15900,5,170000,0,116,1,761,1,0,0,0,0,0,0,1
25900,3,18500,1,136,1,262,0,0,1,0,0,1,0,0
24900,3,18400,1,136,1,262,0,0,1,0,0,1,0,0
23900,3,21000,0,136,1,262,0,0,1,0,0,1,0,0
24900,3,19000,1,136,1,262,0,0,1,0,0,1,0,0
24900,2,21500,1,136,1,262,0,0,1,0,0,1,0,0
25900,3,21000,1,136,1,262,0,0,1,0,0,1,0,0
24900,2,19500,1,136,1,262,0,0,1,0,0,1,0,0
23900,3,24000,0,136,1,262,0,0,1,0,0,1,0,0
22900,3,23000,0,136,1,262,0,0,1,0,0,1,0,0
22900,3,20500,0,136,1,262,0,0,1,0,0,1,0,0
23900,3,21000,0,136,1,262,0,0,1,0,0,1,0,0
23900,3,18000,0,136,1,262,0,0,1,0,0,1,0,0
23900,3,19700,0,136,1,262,0,0,1,0,0,1,0,0
16500,6,169600,1,116,1,326,1,0,0,0,0,0,1,0
23999,5,66000,1,150,1,215,1,0,1,0,0,1,0,0
20950,4,52566,1,116,1,276,1,0,0,0,0,1,0,0
16700,4,97646,0,116,1,448,1,0,0,0,0,0,0,1
21000,4,106100,1,150,1,101,1,0,1,0,0,0,1,0
30000,4,59000,1,190,0,162,1,0,0,1,0,0,0,0
20900,6,83000,0,136,1,263,0,0,0,0,1,1,0,0
29900,5,67100,1,265,1,177,0,0,0,1,0,1,0,0
16990,6,120305,1,150,1,276,1,0,0,0,0,1,0,0
29900,5,64630,1,190,1,628,1,0,0,1,0,0,0,1
21400,4,33000,0,116,1,533,1,0,0,0,0,0,0,1
27890,6,60000,1,306,1,322,0,0,0,1,0,0,1,0
13900,6,199000,1,116,1,607,1,0,0,0,1,0,0,1
13900,6,199000,1,116,1,848,1,0,0,0,1,0,0,1
26990,3,48500,1,150,1,141,1,0,1,0,0,0,0,0
15600,5,191000,1,116,1,415,1,0,1,0,0,0,1,0
11999,6,199000,1,116,1,745,1,0,1,0,0,0,0,1
17500,6,102000,0,150,1,443,1,0,0,0,1,0,0,1
28800,2,28270,1,150,1,177,1,0,1,0,0,1,0,0
23500,5,67000,1,150,1,355,1,0,0,0,0,0,0,1
29900,5,64630,1,190,1,485,1,0,0,1,0,0,0,1
24000,4,94968,1,116,1,216,1,0,1,0,0,1,0,0
24000,4,46000,1,109,1,136,0,0,1,0,0,0,0,0
21900,5,88674,0,150,1,775,1,0,0,0,1,0,0,1
29900,5,64630,1,190,1,436,1,0,0,1,0,0,0,1
17990,6,165000,1,116,1,443,1,0,1,0,0,0,0,1
27900,6,52576,1,265,1,99,0,0,1,0,0,0,1,0
22000,3,79900,1,136,1,607,0,0,1,0,0,0,0,1
26500,3,126000,1,190,1,770,1,0,1,0,0,0,0,1
29999,1,23000,1,150,1,793,1,0,1,0,0,0,0,1
26500,5,106000,1,190,1,203,1,0,1,0,0,0,1,0
19999,6,127000,0,150,1,648,1,0,1,0,0,0,0,1
28499,4,130000,1,150,1,839,1,0,1,0,0,0,0,1
18500,4,34000,0,136,1,285,0,0,0,0,0,1,0,0
21500,5,145000,1,150,1,443,1,0,1,0,0,0,0,1
23400,4,74897,1,150,1,87,1,0,1,0,0,0,1,0
28900,2,28337,1,150,1,103,1,0,1,0,0,0,0,0
21800,3,48000,1,116,0,216,1,0,1,0,0,1,0,0
17999,4,99000,1,116,1,155,1,0,0,0,1,1,0,0
21999,6,143000,1,150,1,815,1,0,0,0,0,0,0,1
21850,4,50000,1,116,1,533,1,0,0,0,0,0,0,1
26500,4,53500,1,265,1,101,0,0,1,0,0,0,1,0
25500,3,48600,1,109,1,25,0,0,1,0,0,0,0,0
22590,6,53137,1,136,1,236,0,0,0,1,0,0,0,0
24500,3,66844,1,116,1,86,1,0,1,0,0,0,0,0
9300,2,106000,1,116,1,66,1,0,1,0,0,0,0,0
24890,3,54393,1,136,1,178,0,0,1,0,0,1,0,0
24900,4,56292,1,116,1,276,1,0,1,0,0,1,0,0
24500,4,109000,1,116,0,79,1,0,1,0,0,0,0,0
21500,6,63400,1,116,0,611,1,0,0,0,1,0,0,1
21990,4,82000,1,116,1,319,1,0,1,0,0,0,1,0
26999,3,50595,0,116,1,854,1,0,1,0,0,0,0,1
25500,6,23000,1,150,1,747,1,0,0,1,0,0,0,1
19999,6,140000,1,150,1,436,1,0,1,0,0,0,0,1
18900,5,117903,1,116,1,819,1,0,1,0,0,0,0,1
19499,6,125000,1,116,1,50,1,0,1,0,0,0,0,0
29990,1,42967,1,150,1,214,1,0,1,0,0,1,0,0
22800,3,104435,1,116,1,775,1,0,0,0,0,0,0,1
25900,6,90000,1,150,1,706,1,0,1,0,0,0,0,1
21300,5,112000,1,150,1,117,1,0,1,0,0,0,0,0
19900,5,138000,1,178,1,111,0,0,0,0,0,1,0,0
28500,4,57235,1,150,1,628,1,0,1,0,0,0,0,1
18900,4,93152,1,116,1,463,1,0,0,0,0,0,0,1
22900,5,101000,1,116,1,355,1,0,1,0,0,0,0,1
17999,6,112784,1,116,1,581,1,0,0,0,0,0,0,1
27500,5,105000,1,116,1,754,1,0,1,0,0,0,0,1
21990,6,148000,1,150,1,443,1,0,1,0,0,0,0,1
18700,6,104900,1,116,1,92,1,0,1,0,0,0,1,0
19800,5,47250,1,116,1,683,1,0,0,0,0,0,0,1
25950,4,43270,0,150,1,286,1,0,1,0,0,1,0,0
21300,6,65533,1,116,1,92,1,0,0,0,0,0,1,0
28900,2,83400,1,150,1,68,1,0,1,0,0,0,0,0
28800,3,67285,1,116,1,483,1,0,1,0,0,0,0,1
22500,5,97000,1,150,1,415,1,0,1,0,0,0,1,0
20900,5,54950,1,116,1,238,1,0,0,0,0,0,0,0
27000,4,93906,1,306,1,341,0,0,0,1,0,0,0,1
15100,2,12700,1,190,1,415,0,1,0,1,0,0,1,0
20850,4,48000,0,116,1,533,1,0,0,0,0,0,0,1
20400,5,86374,1,116,1,85,1,0,1,0,0,0,1,0
25500,4,38800,1,150,1,383,1,0,1,0,0,0,1,0
27499,4,42000,1,190,1,788,1,0,1,0,0,0,0,1
23500,5,69000,1,116,1,752,1,0,1,0,0,0,0,1
20000,6,108000,0,150,1,189,1,0,1,0,0,1,0,0
19000,5,120000,1,150,0,298,1,0,0,1,0,1,0,0
24900,4,56292,1,116,1,276,1,0,1,0,0,1,0,0
27700,1,23714,1,150,1,196,1,0,0,1,0,1,0,0
16900,6,68000,0,150,1,276,1,0,0,0,0,1,0,0
17900,5,120000,1,116,1,205,1,0,0,1,0,1,0,0
27200,3,69559,1,150,1,216,1,0,1,0,0,1,0,0
15900,3,149800,1,116,1,87,1,0,0,0,0,0,1,0
28900,2,45000,1,136,1,68,0,0,0,0,0,0,0,0
19900,6,124600,0,136,1,772,0,0,1,0,0,0,0,1
20999,3,40000,0,116,1,55,1,0,0,0,0,0,0,0
23499,4,129500,1,150,1,788,1,0,1,0,0,0,0,1
19999,4,95000,1,116,1,55,1,0,0,0,0,0,0,0
22999,3,69000,1,116,1,55,1,0,0,0,0,0,0,0
16800,6,149000,0,116,1,484,1,0,0,0,0,0,0,1
29900,4,77337,1,190,1,184,1,0,1,0,0,0,0,0
28500,4,100314,1,150,1,628,1,0,1,0,0,0,0,1
18700,4,152000,1,116,1,757,1,0,0,0,1,0,0,1
13900,5,154000,1,116,1,83,1,0,0,0,0,0,1,0
22899,5,95502,1,116,1,656,1,0,0,0,0,0,0,1
17400,6,162000,1,116,1,117,1,0,1,0,0,0,0,0
26500,3,75000,1,116,0,257,1,0,1,0,0,0,1,0
16200,5,190000,0,150,0,817,1,0,1,0,0,0,0,1
17700,6,65000,0,136,1,449,0,0,0,0,0,0,0,1
24900,6,160000,1,150,1,855,1,0,1,0,0,0,0,1
23490,5,148000,1,150,1,545,1,0,1,0,0,0,0,1
28900,2,53500,1,150,1,140,1,0,1,0,0,0,1,0
22900,5,106474,1,150,1,458,1,0,1,0,0,0,0,1
20900,3,89600,1,116,1,628,1,0,0,0,0,0,0,1
23799,3,51919,1,116,1,611,1,0,0,1,0,0,0,1
25870,3,53214,1,116,1,177,1,0,1,0,0,1,0,0
27400,6,105000,1,306,1,326,0,0,0,1,0,0,1,0
19500,5,149890,1,150,1,695,1,0,0,0,0,0,0,1
27990,3,14000,1,150,1,285,1,0,1,0,0,1,0,0
22490,5,95000,1,116,1,476,1,0,1,0,0,0,0,1
18900,6,45000,1,136,0,326,0,0,0,1,0,0,1,0
18000,6,160000,0,150,0,554,1,0,0,1,0,0,0,1
22100,5,59738,1,178,1,202,0,0,0,0,0,1,0,0
21490,4,85000,1,116,1,706,1,0,1,0,0,0,0,1
18499,5,135000,1,116,1,499,1,0,1,0,0,0,0,1
18999,6,169000,0,150,0,861,1,0,1,0,0,0,0,1
28000,5,85000,1,306,0,276,0,0,0,1,0,1,0,0
20790,5,67758,1,116,1,326,1,0,0,0,0,0,1,0
28000,4,55624,1,136,1,177,0,0,1,0,0,1,0,0
25900,4,74226,1,178,1,156,0,0,1,0,0,1,0,0
22990,6,68972,1,150,1,326,1,0,1,0,0,0,1,0
25785,3,11770,1,116,1,326,1,0,0,0,0,0,1,0
24900,3,49474,1,116,1,201,1,0,1,0,0,1,0,0
23500,6,109000,1,150,1,667,1,0,1,0,0,0,0,1
15500,6,210000,0,150,0,155,1,0,1,0,0,0,0,0
19490,5,86000,1,136,1,154,0,0,1,0,0,1,0,0
26490,3,51000,1,116,1,220,1,0,1,0,0,1,0,0
23990,3,32000,1,116,1,326,1,0,0,1,0,0,1,0
27000,2,39000,0,150,0,326,1,0,1,0,0,0,1,0
18990,6,129980,1,116,1,588,1,0,0,0,0,0,0,1
27000,3,32000,1,150,0,226,1,0,1,0,0,0,0,0
25500,4,86433,0,150,0,288,1,0,0,1,0,1,0,0
17900,3,165000,0,116,0,152,1,0,1,0,0,1,0,0
28000,2,15000,1,150,1,326,1,0,1,0,0,0,1,0
19800,6,63500,1,116,0,40,1,0,0,0,0,0,0,0
20000,5,145000,1,150,1,376,1,0,1,0,0,0,0,1
26800,3,63445,1,150,1,778,1,0,1,0,0,0,0,1
25000,6,90000,1,306,1,415,0,0,0,1,0,0,1,0
21950,6,129000,1,190,0,354,1,0,1,0,0,0,1,0
28000,4,60050,1,150,1,87,1,0,1,0,0,0,1,0
26000,6,111481,1,150,0,750,1,0,1,0,0,0,0,1
16400,4,96000,1,116,1,177,1,0,0,0,0,1,0,0
17700,5,181000,1,150,1,647,1,0,0,0,0,0,0,1
21800,6,53850,1,116,1,164,1,0,0,0,1,0,1,0
21800,6,53850,1,116,1,164,1,0,0,0,1,0,1,0
21800,6,53850,1,116,1,164,1,0,0,0,1,0,1,0
28900,4,86155,1,190,1,86,1,0,1,0,0,0,0,0
28890,4,50603,1,265,1,178,0,0,0,1,0,1,0,0
27750,2,50119,1,150,1,222,1,0,1,0,0,1,0,0
28500,3,45000,1,150,0,276,1,0,1,0,0,1,0,0
26990,4,94000,1,190,1,233,1,0,1,0,0,1,0,0
19500,4,63000,0,136,1,423,0,0,0,0,0,0,0,1
26700,3,74000,0,150,0,276,1,0,1,0,0,1,0,0
29500,6,52000,1,306,1,16,0,0,0,1,0,0,0,0
25500,3,73658,1,116,1,168,1,0,1,0,0,1,0,0
27500,2,17000,0,109,0,99,0,0,1,0,0,0,1,0
22500,4,138744,1,150,1,350,1,0,1,0,0,0,0,1
19900,6,146000,1,150,1,545,1,0,1,0,0,0,0,1
19900,6,146000,1,150,1,545,1,0,1,0,0,0,0,1
23000,5,82000,0,136,0,188,0,0,1,0,0,1,0,0
27250,3,49700,1,150,0,181,1,0,1,0,0,1,0,0
18500,4,107064,1,116,1,520,1,0,0,0,0,0,0,1
24900,4,78000,1,116,1,236,1,0,1,0,0,0,1,0
24999,3,100000,1,150,1,882,1,0,1,0,0,0,0,1
19800,5,235785,1,190,1,326,1,0,1,0,0,0,1,0
21500,4,106965,1,150,1,304,1,0,0,0,0,0,0,1
23500,6,57703,1,150,1,101,1,0,0,0,1,0,1,0
30000,2,48111,1,150,1,177,1,0,1,0,0,1,0,0
19900,4,145000,1,150,1,774,1,0,0,0,0,0,0,1
19985,5,116000,1,150,1,261,1,0,0,0,1,0,1,0
22500,6,56000,0,136,0,177,0,0,0,1,0,1,0,0
27000,4,68500,1,190,0,326,1,0,1,0,0,0,1,0
19500,4,117860,1,116,1,588,1,0,0,0,0,0,0,1
14500,6,186000,1,116,1,623,1,0,0,0,1,0,0,1
29500,2,71800,1,150,1,146,1,0,1,0,0,0,1,0
25990,4,68000,1,116,1,298,1,0,1,0,0,1,0,0
28900,4,57000,1,150,0,120,1,0,1,0,0,0,1,0
17900,6,179000,1,116,1,91,1,0,0,1,0,0,1,0
17300,6,160000,0,116,0,454,1,0,1,0,0,0,0,1
22499,6,64500,0,150,0,415,1,0,0,0,1,0,1,0
25499,3,70000,1,190,1,525,1,0,0,0,0,0,0,1
16990,6,170000,0,150,1,495,1,0,1,0,0,0,0,1
19900,5,131749,1,190,1,285,1,0,0,0,0,1,0,0
19900,6,115123,1,116,1,99,1,0,1,0,0,0,1,0
28500,4,93000,1,190,0,261,1,0,1,0,0,1,0,0
18200,6,140000,1,116,0,513,1,0,1,0,0,0,0,1
19990,5,107000,1,116,1,276,1,0,0,1,0,1,0,0
25000,6,82000,0,150,1,628,1,0,0,0,0,0,0,1
18999,6,128000,1,116,1,753,1,0,1,0,0,0,0,1
18400,6,128000,0,150,0,218,1,0,0,0,1,1,0,0
24800,6,104600,1,150,1,326,1,0,1,0,0,0,1,0
23000,5,86000,1,150,0,137,1,0,1,0,0,0,0,0
29900,4,35000,1,190,0,276,1,0,1,0,0,1,0,0
15790,5,109690,1,136,1,99,0,0,0,0,1,0,1,0
13500,6,230000,0,116,0,196,1,0,0,1,0,0,0,0
24000,6,65000,1,178,0,271,0,0,0,1,0,1,0,0
19500,6,86000,1,150,0,16,1,0,1,0,0,0,0,0
28000,3,58000,1,150,0,103,1,0,1,0,0,0,0,0
24900,6,78000,1,190,0,177,1,0,0,0,1,1,0,0
17500,2,63000,0,116,0,495,1,0,0,1,0,0,0,1
27900,3,44000,1,150,0,852,1,0,1,0,0,0,0,1
13900,3,135000,0,116,0,101,1,0,1,0,0,0,0,0
17000,5,110000,0,136,0,475,0,0,0,0,1,0,0,1
17000,6,158000,1,116,0,454,1,0,0,1,0,0,0,1
18000,4,98000,0,136,0,158,0,0,0,1,0,0,0,0
29000,2,50000,1,190,0,326,1,0,1,0,0,0,1,0
18990,5,137000,1,150,1,695,1,0,0,0,0,0,0,1
19300,3,102574,0,116,1,754,1,0,0,0,0,0,0,1
22990,5,90000,1,116,1,276,1,0,1,0,0,1,0,0
16500,6,195000,1,150,0,560,1,0,0,1,0,0,0,1
23900,4,105000,1,150,0,265,1,0,1,0,0,1,0,0
24999,5,100000,1,306,0,149,0,0,0,1,0,1,0,0
24900,6,86000,1,116,1,276,1,0,0,0,1,1,0,0
23500,5,111417,0,150,0,326,1,0,1,0,0,0,1,0
21600,6,67000,1,150,1,611,1,0,0,0,1,0,0,1
24000,6,70000,1,136,0,286,0,0,0,1,0,1,0,0
24900,4,48160,0,136,0,276,0,0,1,0,0,1,0,0
17200,6,80000,0,116,0,233,1,0,1,0,0,1,0,0
22500,3,31600,1,109,1,99,0,0,0,0,0,0,1,0
22500,4,99241,1,116,1,200,1,0,1,0,0,0,1,0
26700,4,84000,1,150,0,326,1,0,0,1,0,0,1,0
13500,6,156000,1,116,0,326,1,0,0,0,0,0,1,0
18500,3,145000,1,116,1,430,1,0,0,0,0,0,0,1
17900,4,162000,1,150,1,753,1,0,0,0,0,0,0,1
19900,6,136000,1,150,0,612,1,0,1,0,0,0,0,1
27300,3,72000,1,116,1,286,1,0,1,0,0,1,0,0
17990,6,89000,1,136,1,65,0,0,0,0,0,0,0,0
22800,5,63459,1,136,1,121,0,0,1,0,0,1,0,0
22800,5,63459,1,136,1,121,0,0,1,0,0,1,0,0
23000,6,126000,1,150,0,628,1,0,1,0,0,0,0,1
28000,4,64000,1,150,0,326,1,0,1,0,0,0,1,0
23800,5,83000,1,150,1,518,1,0,1,0,0,0,0,1
26000,4,120000,1,136,0,326,0,0,0,1,0,0,1,0
24600,6,104000,1,190,1,120,1,0,1,0,0,0,0,0
26990,6,65000,1,150,0,715,1,0,0,1,0,0,0,1
18999,5,95000,1,150,1,511,1,0,0,1,0,0,0,1
23500,5,105000,1,150,0,16,1,0,1,0,0,0,0,0
19500,5,50000,0,109,0,176,0,0,1,0,0,0,1,0
21500,5,114000,1,150,0,68,1,0,1,0,0,0,0,0
22300,6,87000,1,116,0,286,1,0,0,1,0,1,0,0
23453,3,78418,1,116,1,99,1,0,1,0,0,0,1,0
22790,4,74210,1,116,1,326,1,0,1,0,0,0,1,0
16990,6,139500,1,116,1,297,1,0,0,0,0,1,0,0
19990,3,117800,1,150,1,213,1,0,0,0,0,0,1,0
30000,3,50236,1,150,1,819,1,0,1,0,0,0,0,1
26000,5,103780,1,265,1,98,0,0,1,0,0,0,1,0
21990,6,90000,1,116,1,807,1,0,1,0,0,0,0,1
22500,6,86000,1,116,0,476,1,0,0,1,0,0,0,1
7800,2,32000,1,150,1,66,1,0,1,0,0,0,0,0
22500,2,41,1,109,1,178,0,0,0,0,0,1,0,0
17500,5,172000,1,150,1,326,1,0,1,0,0,0,1,0
17900,4,115000,1,116,1,735,1,0,0,1,0,0,0,1
20900,5,82868,1,116,1,169,1,0,0,1,0,0,0,0
16500,6,192000,0,116,0,120,1,0,1,0,0,0,1,0
20900,6,108500,0,136,0,185,0,0,1,0,0,1,0,0
27500,3,75000,0,116,0,436,1,0,1,0,0,0,0,1
26200,2,110111,1,150,1,168,1,0,1,0,0,1,0,0
21980,3,50957,1,109,1,23,0,0,0,0,0,0,0,0
21300,5,134000,1,116,1,525,1,0,1,0,0,0,0,1
27990,3,60000,1,150,1,568,1,0,1,0,0,0,0,1
26500,2,31587,1,150,0,228,1,0,1,0,0,0,1,0
25000,6,120000,1,306,0,87,0,0,0,1,0,0,1,0
21500,5,102000,1,136,0,153,0,0,1,0,0,0,0,0
16500,6,140000,1,136,0,236,0,0,0,1,0,1,0,0
26000,5,97000,1,306,0,87,0,0,0,1,0,0,0,0
24900,3,89900,0,150,1,849,1,0,1,0,0,0,0,1
23800,4,49000,0,116,0,27,1,0,0,0,0,0,0,0
24900,3,79677,1,116,1,201,1,0,1,0,0,1,0,0
17000,6,170000,1,150,0,750,1,0,0,0,1,0,0,1
23400,4,40000,1,116,1,623,1,0,0,0,0,0,0,1
28999,2,32500,1,150,0,99,1,0,1,0,0,0,1,0
20990,6,63170,1,150,1,601,1,0,0,0,1,0,0,1
26000,6,79930,1,190,1,68,1,0,1,0,0,0,0,0
25400,3,76549,1,116,1,206,1,0,1,0,0,1,0,0
19332,5,154985,0,150,1,99,1,0,1,0,0,0,1,0
22900,4,64500,1,116,1,68,1,0,1,0,0,0,0,0
25500,2,98875,1,150,1,146,1,0,1,0,0,0,0,0
21701,2,31349,1,109,1,206,0,0,0,0,0,1,0,0
28900,3,19788,1,109,1,101,0,0,1,0,0,1,0,0
24000,4,90607,1,150,1,177,1,0,0,0,0,1,0,0
23900,5,82094,1,116,1,121,1,0,1,0,0,1,0,0
27900,3,18553,1,136,1,350,0,0,1,0,0,0,0,1
23900,4,66913,1,116,1,156,1,0,1,0,0,1,0,0
22900,4,74230,0,116,1,201,1,0,0,0,0,1,0,0
28300,3,48010,1,190,1,200,1,0,0,0,0,0,1,0
20400,3,28856,0,109,1,127,0,0,0,1,0,0,0,0
20000,6,101825,1,150,1,177,1,0,0,0,1,1,0,0
24900,3,81647,1,116,1,121,1,0,1,0,0,1,0,0
21499,4,83233,1,116,1,475,1,0,0,1,0,0,0,1
24900,3,81647,1,116,1,121,1,0,1,0,0,1,0,0
24790,3,70556,1,109,1,326,0,0,1,0,0,0,1,0
22900,5,93926,1,116,1,156,1,0,1,0,0,1,0,0
26000,6,79930,1,190,1,95,1,0,1,0,0,0,0,0
24250,4,105884,1,136,1,65,0,0,1,0,0,0,0,0
24800,6,46569,1,116,1,101,1,0,1,0,0,1,0,0
22500,5,99706,1,150,1,121,1,0,1,0,0,1,0,0
29105,6,46751,1,306,1,99,0,0,0,1,0,0,1,0
24400,4,120612,1,150,1,184,1,0,1,0,0,0,0,0
26900,3,63832,1,150,1,201,1,0,1,0,0,1,0,0
29200,3,58206,1,150,1,228,1,0,1,0,0,0,0,0
19900,3,76388,0,116,1,121,1,0,0,0,0,1,0,0
20800,5,100520,1,116,1,121,1,0,1,0,0,1,0,0
21600,5,76187,1,136,1,137,0,0,0,0,0,1,0,0
20400,3,28856,0,109,1,128,0,0,0,1,0,0,0,0
25715,6,63516,1,190,1,99,1,0,1,0,0,0,1,0
24500,4,93282,1,116,1,186,1,0,1,0,0,0,0,0
24400,2,98725,1,116,1,186,1,0,1,0,0,0,0,0
25000,5,50449,1,150,1,177,1,0,1,0,0,1,0,0
24900,3,60502,1,116,1,121,1,0,1,0,0,1,0,0
26500,4,82511,1,306,1,65,0,0,0,1,0,0,0,0
22500,5,99706,1,150,1,121,1,0,1,0,0,1,0,0
19874,4,132300,1,116,1,99,1,0,1,0,0,0,1,0
28000,4,83057,1,150,1,177,1,0,1,0,0,1,0,0
24900,2,98429,1,150,1,146,1,0,1,0,0,0,0,0
24900,3,60502,1,116,1,121,1,0,1,0,0,1,0,0
20800,5,100520,1,116,1,121,1,0,1,0,0,1,0,0
26700,4,103000,1,190,1,350,1,0,1,0,0,0,0,1
23900,5,112989,1,150,1,121,1,0,1,0,0,1,0,0
25000,5,68800,1,190,1,95,1,0,0,0,0,0,0,0
21500,4,67319,1,116,1,121,1,0,0,0,0,1,0,0
25000,5,68800,1,190,1,68,1,0,0,0,0,0,0,0
25000,3,41858,1,109,1,177,0,0,0,0,0,1,0,0
23900,5,105422,1,150,1,121,1,0,1,0,0,1,0,0
25200,4,96816,1,150,1,146,1,0,1,0,0,0,0,0
23800,3,62000,0,136,1,750,0,0,1,0,0,0,0,1
27500,4,53790,1,136,1,190,0,0,1,0,0,1,0,0
20400,3,28856,0,109,1,101,0,0,0,1,0,0,0,0
25000,5,76342,1,136,1,177,0,0,1,0,0,1,0,0
19900,3,76388,0,116,1,121,1,0,0,0,0,1,0,0
21707,2,89308,1,116,1,99,1,0,0,0,0,0,1,0
22900,4,64500,1,116,1,95,1,0,1,0,0,0,0,0
28500,3,95833,1,190,1,538,1,0,1,0,0,0,0,1
29999,3,48000,1,150,0,127,1,0,1,0,0,0,0,0
29490,1,30269,1,150,1,424,1,0,1,0,0,0,0,1
23000,6,58000,1,150,0,124,1,0,1,0,0,0,1,0
21000,5,99000,1,116,0,610,1,0,1,0,0,0,0,1
20900,3,30000,1,109,1,339,0,0,0,0,0,0,1,0
19900,6,105000,1,136,0,177,0,0,0,1,0,1,0,0
10000,1,48000,1,150,0,383,1,0,1,0,0,0,1,0
18900,6,137000,1,116,0,61,1,0,1,0,0,1,0,0
18000,3,104500,0,136,0,222,0,0,1,0,0,1,0,0
29000,2,74000,1,150,0,611,1,0,0,1,0,0,0,1
27900,4,49624,1,265,1,223,0,0,0,1,0,0,1,0
27500,4,63500,1,178,1,164,0,0,1,0,0,0,1,0
27500,4,63500,1,178,1,164,0,0,1,0,0,0,1,0
27900,4,49624,1,265,1,223,0,0,0,1,0,0,1,0
27900,4,49624,1,265,1,223,0,0,0,1,0,0,1,0
27500,4,63500,1,178,1,164,0,0,1,0,0,0,1,0
23000,6,122000,1,150,0,628,1,0,1,0,0,0,0,1
21500,5,124000,1,150,0,211,1,0,1,0,0,0,1,0
26900,4,97000,1,190,0,611,1,0,1,0,0,0,0,1
7600,1,175000,0,150,0,861,1,0,1,0,0,0,0,1
29900,2,50000,1,150,1,259,1,0,1,0,0,1,0,0
23900,4,53000,0,150,1,368,1,0,1,0,0,0,1,0
28900,2,48000,1,150,1,122,1,0,1,0,0,0,1,0
18900,6,82000,1,136,1,92,0,0,0,0,1,0,0,0
17490,6,113000,1,150,1,65,1,0,1,0,0,0,0,0
18900,5,139000,1,150,0,448,1,0,0,1,0,0,0,1
19999,2,104000,1,116,0,448,1,0,0,1,0,0,0,1
30000,3,42000,1,265,1,92,0,0,1,0,0,0,0,0
25000,6,550000,0,150,0,598,1,0,0,1,0,0,0,1
23000,6,58000,1,150,0,124,1,0,1,0,0,0,1,0
22990,5,100000,1,190,0,163,1,0,1,0,0,0,0,0
19990,6,98400,0,116,1,507,1,0,1,0,0,0,0,1
17900,5,130000,0,116,1,622,1,0,0,1,0,0,0,1
27950,3,42023,1,150,1,482,1,0,1,0,0,0,0,1
22500,4,105000,0,150,0,583,1,0,0,1,0,0,0,1
23999,5,79000,1,150,1,763,1,0,1,0,0,0,0,1
27500,2,49360,0,116,1,105,1,0,1,0,0,0,1,0
18000,4,110000,1,178,0,650,0,0,1,0,0,0,0,1
29200,5,43893,1,136,0,259,0,0,1,0,0,1,0,0
25890,3,40393,1,116,1,178,1,0,1,0,0,1,0,0
20900,5,102000,1,116,0,763,1,0,0,1,0,0,0,1
18900,3,128000,0,116,1,768,1,0,0,1,0,0,0,1
17500,5,175000,0,116,1,852,1,0,1,0,0,0,0,1
28900,4,50000,0,150,0,261,1,0,0,1,0,0,1,0
20400,3,107000,1,150,1,65,1,0,1,0,0,0,0,0
26500,5,102000,1,265,0,126,0,0,0,1,0,0,0,0
21500,3,93218,0,116,0,255,1,0,1,0,0,1,0,0
18000,5,125600,0,116,0,381,1,0,0,1,0,0,1,0
29900,2,54000,0,150,0,812,1,0,0,1,0,0,0,1
25500,4,67000,1,150,0,276,1,0,1,0,0,1,0,0
26000,3,57500,1,116,0,177,1,0,1,0,0,1,0,0
29500,5,91336,1,306,1,304,0,0,0,1,0,0,0,1
15000,4,83000,0,136,0,162,0,0,0,1,0,1,0,0
22900,6,99000,1,116,1,755,1,0,1,0,0,0,0,1
21990,4,142000,0,150,1,588,1,0,1,0,0,0,0,1
27990,4,50000,1,190,1,170,1,0,1,0,0,1,0,0
29400,2,43557,1,190,1,204,1,0,1,0,0,0,0,0
22000,6,120000,1,116,1,590,1,0,1,0,0,0,0,1
22300,2,38000,1,116,0,202,1,0,1,0,0,1,0,0
23000,5,99500,1,150,0,713,1,0,0,0,1,0,0,1
25900,5,67700,1,109,0,178,0,0,0,0,1,1,0,0
16000,6,113000,1,136,0,177,0,0,0,1,0,1,0,0
17800,5,80000,1,116,1,698,1,0,0,0,0,0,0,1
29499,3,46740,1,150,1,383,1,0,1,0,0,0,1,0
17500,5,179000,1,116,1,415,1,0,1,0,0,0,1,0
25900,5,57529,0,116,1,286,1,0,0,0,1,1,0,0
22900,6,100350,0,116,0,486,1,0,1,0,0,0,0,1
23799,3,51919,1,116,1,86,1,0,0,1,0,0,0,0
18500,6,67000,0,116,1,99,1,0,0,1,0,0,1,0
3800,4,263000,0,116,0,211,0,1,0,1,0,0,1,0
21800,6,128000,1,116,1,735,1,0,1,0,0,0,0,1
23800,3,105000,1,116,1,735,1,0,1,0,0,0,0,1
26800,3,106000,1,150,1,735,1,0,1,0,0,0,0,1
25000,6,118000,1,306,1,132,0,0,0,1,0,0,0,0
14990,4,135283,1,190,1,40,1,0,0,0,0,0,0,0
14990,4,135283,1,190,1,180,1,0,0,0,0,1,0,0
22900,6,141000,1,306,1,504,0,0,0,1,0,0,0,1
27800,3,71022,1,150,1,196,1,0,1,0,0,1,0,0
16900,4,99000,0,116,1,186,1,0,0,1,0,0,0,0
21500,6,115000,1,136,0,799,0,0,0,0,1,0,0,1
17900,3,74000,1,116,1,326,1,0,0,0,0,0,1,0
19999,3,97000,1,136,1,175,0,0,0,0,0,1,0,0
28000,5,69000,1,265,0,205,0,0,0,1,0,1,0,0
24500,5,90100,1,150,0,152,1,0,0,1,0,0,0,0
18500,5,110000,1,116,0,162,1,0,0,1,0,1,0,0
20999,6,58000,1,116,1,485,1,0,0,0,1,0,0,1
20500,3,140000,1,136,1,163,0,0,1,0,0,1,0,0
17990,5,98000,1,150,1,667,1,0,0,0,0,0,0,1
12500,6,187000,1,116,1,92,1,0,0,0,0,0,1,0
19900,6,140000,0,150,0,715,1,0,1,0,0,0,0,1
23799,3,51919,1,116,1,326,1,0,0,1,0,0,1,0
28500,3,44174,1,150,1,184,1,0,1,0,0,1,0,0
23500,5,49000,1,136,0,326,0,0,0,1,0,0,1,0
23700,3,63000,1,116,1,106,1,0,1,0,0,1,0,0
26000,3,64800,1,116,1,281,1,0,1,0,0,0,1,0
21000,6,56000,1,136,0,335,0,0,0,1,0,0,0,1
26000,6,60000,1,150,0,263,1,0,0,1,0,1,0,0
22000,5,65000,0,116,0,326,1,0,0,1,0,0,1,0
25600,4,42500,1,116,1,715,1,0,1,0,0,0,0,1
20900,6,122000,1,136,1,177,0,0,1,0,0,1,0,0
23900,3,96000,1,150,1,213,1,0,0,0,0,0,1,0
24500,3,38000,0,109,0,25,0,0,1,0,0,0,0,0
25000,4,78000,0,116,0,84,1,0,1,0,0,0,1,0
22900,2,98725,1,116,1,60,1,0,1,0,0,0,0,0
23500,6,38000,1,116,0,204,1,0,0,0,1,0,0,0
10800,3,107670,0,116,0,142,1,0,0,1,0,0,0,0
27000,4,42000,1,136,0,326,0,0,1,0,0,0,1,0
22000,5,168000,0,150,0,700,1,0,0,1,0,0,0,1
22500,6,63300,1,116,0,145,1,0,1,0,0,0,0,0
18990,5,107000,1,116,1,214,1,0,1,0,0,1,0,0
22500,5,90000,1,150,0,276,1,0,1,0,0,1,0,0
23000,5,62000,1,150,0,101,1,0,1,0,0,0,0,0
21000,5,90000,0,116,0,162,1,0,0,1,0,1,0,0
23500,5,136000,1,150,0,146,1,0,1,0,0,0,0,0
17000,5,120000,0,116,0,139,1,0,0,1,0,0,0,0
24000,5,69000,1,150,0,484,1,0,0,1,0,0,0,1
18000,5,215000,1,190,0,150,1,0,0,1,0,1,0,0
28000,2,35500,1,116,0,106,1,0,1,0,0,0,0,0
20000,5,160000,1,116,0,712,1,0,0,1,0,0,0,1
26000,6,130000,1,190,0,326,1,0,0,1,0,0,1,0
19300,5,143000,1,150,0,101,1,0,1,0,0,1,0,0
25000,3,99500,1,150,0,750,1,0,1,0,0,0,0,1
19000,6,106000,1,150,0,166,1,0,1,0,0,1,0,0
20500,5,36400,1,116,1,793,1,0,0,0,0,0,0,1
24900,3,85617,1,116,1,196,1,0,1,0,0,1,0,0
29500,3,63000,1,150,0,622,1,0,1,0,0,0,0,1
24500,5,73000,0,136,0,521,0,0,0,1,0,0,0,1
26900,4,81000,1,150,1,930,1,0,1,0,0,0,0,1
25900,4,105000,1,265,1,206,0,0,1,0,0,1,0,0
24500,3,89800,1,150,1,128,1,0,1,0,0,0,0,0
28000,5,60000,1,306,0,210,0,0,0,1,0,1,0,0
23900,5,101500,1,190,1,163,1,0,1,0,0,0,0,0
21000,5,110000,1,136,1,177,0,0,1,0,0,1,0,0
16000,6,146000,1,150,1,132,1,0,0,0,0,0,0,0
23500,4,56000,1,109,1,160,0,0,1,0,0,1,0,0
25000,5,67596,1,306,1,104,0,0,0,1,0,0,1,0
25000,5,97000,1,306,1,104,0,0,0,1,0,0,1,0
26499,6,99000,1,150,0,276,1,0,0,1,0,1,0,0
16900,5,139000,1,116,1,523,1,0,0,0,1,0,0,1
25500,5,60000,1,150,0,326,1,0,1,0,0,0,1,0
16000,6,189000,1,116,1,504,1,0,1,0,0,0,0,1
26400,2,35000,1,136,1,163,0,0,1,0,0,1,0,0
25800,5,75000,1,116,1,574,1,0,1,0,0,0,0,1
25000,4,71000,0,150,0,201,1,0,0,1,0,1,0,0
23950,5,77450,1,116,1,52,1,0,1,0,0,0,0,0
25900,5,56494,0,150,1,105,1,0,1,0,0,0,1,0
25200,4,96816,1,150,1,86,1,0,1,0,0,0,0,0
24200,5,78500,1,150,0,117,1,0,1,0,0,0,0,0
25500,4,100000,1,150,0,628,1,0,1,0,0,0,0,1
23900,6,26000,1,116,0,750,1,0,1,0,0,0,0,1
26990,2,41600,1,136,1,275,0,0,0,0,0,1,0,0
26500,4,23400,1,116,1,25,1,0,1,0,0,0,0,0
21600,5,76187,1,136,1,177,0,0,0,0,0,1,0,0
24000,5,60000,1,116,0,234,1,0,1,0,0,0,0,0
21500,6,108600,1,136,1,341,0,0,1,0,0,0,0,1
16900,6,142000,0,150,0,715,1,0,0,1,0,0,0,1
23800,5,67000,1,136,0,135,0,0,0,1,0,1,0,0
20500,3,56652,1,116,1,326,1,0,0,0,0,0,1,0
20500,3,56652,1,116,1,11,1,0,0,0,0,0,0,0
16000,6,146000,1,136,0,125,0,0,0,1,0,1,0,0
25990,6,78000,0,150,0,99,1,0,0,1,0,0,1,0
24800,4,72500,0,136,0,60,0,0,1,0,0,0,0,0
29900,4,70000,1,150,1,114,1,0,1,0,0,1,0,0
22500,3,163000,1,150,1,735,1,0,1,0,0,0,0,1
25450,6,75000,1,116,1,326,1,0,1,0,0,0,1,0
17400,5,63000,0,116,1,119,1,0,0,0,0,1,0,0
18500,5,128000,1,116,1,225,1,0,1,0,0,1,0,0
17500,4,120000,0,136,0,109,0,0,1,0,0,0,0,0
22800,6,86617,1,150,0,486,1,0,0,1,0,0,0,1
21800,6,85000,0,136,0,16,0,0,0,1,0,0,0,0
20500,6,136000,1,116,0,16,1,0,1,0,0,0,0,0
20500,2,71241,1,136,0,86,0,0,0,1,0,0,0,0
24900,6,118000,1,150,0,271,1,0,1,0,0,1,0,0
23900,5,96000,0,136,0,346,0,0,1,0,0,0,0,1
30000,5,60000,1,178,0,593,0,0,0,1,0,0,0,1
28300,6,100000,1,306,0,147,0,0,0,1,0,1,0,0
22000,5,96000,1,116,0,238,1,0,1,0,0,0,0,0
19900,6,130000,1,116,1,528,1,0,1,0,0,0,0,1
16500,6,105598,1,116,1,104,1,0,1,0,0,0,1,0
26500,6,83000,1,306,1,120,0,0,0,1,0,1,0,0
18000,6,148000,1,116,0,381,1,0,1,0,0,0,1,0
29900,5,62000,1,265,0,226,0,0,1,0,0,0,1,0
20500,3,56651,1,116,1,190,1,0,0,0,0,1,0,0
29200,3,58206,1,150,1,86,1,0,1,0,0,0,0,0
22990,6,80526,1,116,1,223,1,0,1,0,0,0,1,0
23950,5,85107,1,150,1,698,1,0,1,0,0,0,0,1
22990,6,80526,1,116,1,223,1,0,1,0,0,0,1,0
22990,6,80526,1,116,1,223,1,0,1,0,0,0,1,0
29000,4,64000,1,150,0,218,1,0,1,0,0,1,0,0
24000,4,54000,1,136,0,157,0,0,1,0,0,1,0,0
19990,4,131000,0,150,1,191,1,0,0,0,0,0,0,0
21500,5,130000,1,116,0,484,1,0,1,0,0,0,0,1
25000,5,90750,1,116,1,98,1,0,1,0,0,0,1,0
24000,5,41000,1,116,0,914,1,0,1,0,0,0,0,1
25000,4,70000,0,150,0,326,1,0,1,0,0,0,1,0
25000,5,100000,1,116,0,101,1,0,1,0,0,0,0,0
19000,1,75400,1,116,0,499,1,0,0,1,0,0,0,1
24300,5,83000,1,150,0,267,1,0,1,0,0,1,0,0
26000,5,57000,1,150,0,807,1,0,0,1,0,0,0,1
17500,6,139000,0,116,0,355,1,0,0,1,0,0,0,1
23500,5,40346,1,116,1,106,1,0,1,0,0,0,1,0
19700,5,112000,1,116,1,911,1,0,0,0,0,0,0,1
22500,5,68000,1,116,0,750,1,0,1,0,0,0,0,1
27990,2,78000,1,150,1,764,1,0,1,0,0,0,0,1
15400,6,193000,0,150,0,276,1,0,1,0,0,1,0,0
14900,6,180000,1,150,1,65,1,0,0,0,1,0,0,0
18999,6,100995,1,116,1,611,1,0,0,1,0,0,0,1
18999,6,100995,1,116,1,25,1,0,0,1,0,0,0,0
18999,6,100995,1,116,1,177,1,0,0,1,0,1,0,0
18999,6,100995,1,116,1,485,1,0,0,1,0,0,0,1
18999,6,100995,1,116,1,276,1,0,0,1,0,1,0,0
29500,1,18992,1,190,1,132,1,0,1,0,0,0,0,0
29800,1,11005,1,190,1,132,1,0,1,0,0,0,0,0
24700,5,101127,0,150,1,425,1,0,1,0,0,0,1,0
23800,5,80000,1,116,0,287,1,0,0,0,0,0,1,0
27000,6,41000,0,150,0,568,1,0,0,1,0,0,0,1
29500,5,55320,1,190,0,87,1,0,1,0,0,0,0,0
17500,6,116000,0,116,0,495,1,0,0,0,0,0,0,1
29900,4,23000,1,136,1,124,0,0,1,0,0,0,0,0
28500,5,73000,1,190,0,326,1,0,1,0,0,0,1,0
18999,6,77000,1,116,1,190,1,0,0,0,0,1,0,0
15300,4,132000,0,136,0,276,0,0,0,1,0,1,0,0
12500,4,149000,0,109,0,315,0,0,0,1,0,0,0,1
25500,4,131101,1,306,1,200,0,0,0,1,0,0,1,0
16990,6,152000,1,116,1,121,1,0,0,0,1,0,0,0
18200,6,95000,0,136,0,273,0,0,0,0,1,1,0,0
15000,5,99999,0,136,0,101,0,0,0,0,0,0,0,0
24499,6,68000,0,116,0,236,1,0,1,0,0,0,1,0
25900,5,36000,1,136,0,7,0,0,1,0,0,0,0,0
18000,5,185000,0,150,0,611,1,0,0,1,0,0,0,1
22500,5,124000,0,150,0,611,1,0,1,0,0,0,0,1
27200,2,59900,1,150,0,132,1,0,1,0,0,0,0,0
22900,4,119000,1,116,1,759,1,0,1,0,0,0,0,1
20490,6,60000,0,116,1,326,1,0,0,0,0,0,1,0
18700,5,101000,1,150,1,226,1,0,0,0,0,0,0,0
24990,6,75000,1,136,0,684,0,0,1,0,0,0,0,1
20000,3,90000,1,150,0,247,0,1,0,1,0,0,1,0
24800,6,46569,1,116,1,177,1,0,1,0,0,1,0,0
28900,3,35000,1,150,1,278,1,0,1,0,0,1,0,0
17800,5,72000,1,116,0,208,1,0,1,0,0,1,0,0
23000,6,58000,0,136,0,233,0,0,0,1,0,1,0,0
23300,5,95527,1,116,0,112,1,0,1,0,0,0,0,0
25900,4,52767,1,136,0,326,0,0,1,0,0,0,1,0
23900,5,125196,1,190,1,114,1,0,1,0,0,1,0,0
23900,5,125196,1,190,1,114,1,0,1,0,0,1,0,0
14750,6,180000,1,150,0,65,1,0,1,0,0,0,0,0
6600,2,37000,1,136,1,179,0,0,1,0,0,0,0,0
24900,4,118000,1,190,1,750,1,0,1,0,0,0,0,1
20990,5,105000,0,116,0,476,1,0,1,0,0,0,0,1
26900,3,59000,1,136,1,126,0,0,1,0,0,1,0,0
17000,6,135000,1,116,0,799,1,0,0,1,0,0,0,1
26000,5,34896,1,116,0,833,1,0,1,0,0,0,0,1
22500,5,85000,0,116,0,505,1,0,1,0,0,0,0,1
16800,6,129000,1,116,0,86,1,0,1,0,0,0,0,0
18900,3,105000,1,116,1,735,1,0,0,0,0,0,0,1
23500,3,49000,0,136,0,216,0,0,0,1,0,1,0,0
23000,5,98000,1,150,0,326,1,0,0,1,0,0,1,0
27500,3,125000,1,150,0,65,1,0,1,0,0,0,0,0
22700,6,108000,0,150,0,160,1,0,1,0,0,1,0,0
25900,2,19500,1,136,1,262,0,0,1,0,0,1,0,0
28000,4,57000,0,136,0,177,0,0,1,0,0,1,0,0
28500,4,71500,1,265,0,234,0,0,1,0,0,0,0,0
22000,4,72841,1,150,0,315,1,0,0,0,1,0,0,1
22000,6,106000,0,116,0,326,1,0,1,0,0,0,1,0
25000,5,99000,1,116,0,783,1,0,0,1,0,0,0,1
26500,5,72000,1,190,0,205,1,0,1,0,0,1,0,0
27299,6,74291,1,306,1,475,0,0,0,1,0,0,0,1
20000,1,168000,0,150,0,495,1,0,0,1,0,0,0,1
22000,6,160000,0,150,0,66,1,0,0,1,0,0,0,0
19900,6,135000,0,150,0,811,1,0,1,0,0,0,0,1
26700,3,80253,1,150,1,168,1,0,1,0,0,1,0,0
6000,1,19000,1,150,0,875,1,0,1,0,0,0,0,1
25900,4,38500,1,116,1,628,1,0,1,0,0,0,0,1
24000,5,133000,1,150,0,628,1,0,1,0,0,0,0,1
19500,6,116000,0,116,0,89,1,0,0,1,0,0,0,0
20500,5,120200,0,150,0,281,1,0,0,1,0,0,1,0
15000,5,169000,1,116,1,87,1,0,0,0,1,0,1,0
24900,5,122000,1,190,0,82,1,0,1,0,0,0,0,0
13900,6,199000,1,116,1,759,1,0,0,0,0,0,0,1
23500,5,90500,0,150,0,220,1,0,1,0,0,1,0,0
22800,5,95420,1,178,1,101,0,0,1,0,0,0,1,0
29500,2,71800,1,150,1,146,1,0,1,0,0,0,1,0
25800,5,82000,1,116,0,157,1,0,1,0,0,0,0,0
21000,4,71430,0,116,1,98,1,0,0,0,0,0,1,0
24500,4,83000,1,150,0,99,1,0,1,0,0,0,1,0
19900,5,107000,0,116,0,315,1,0,1,0,0,0,0,1
8990,5,51600,1,136,1,512,0,0,0,0,1,0,0,1
22250,4,62000,0,116,0,505,1,0,1,0,0,0,0,1
23000,5,67350,0,116,0,147,1,0,1,0,0,1,0,0
19000,5,116000,1,150,0,476,1,0,0,1,0,0,0,1
26500,3,79000,1,190,0,61,1,0,0,1,0,1,0,0
25000,5,66510,1,150,0,747,1,0,0,1,0,0,0,1
28900,3,19788,1,109,1,168,0,0,1,0,0,1,0,0
25000,6,140000,1,190,0,103,1,0,0,1,0,0,0,0
16000,4,39500,0,136,0,495,0,0,0,1,0,0,0,1
26700,3,133724,1,150,1,579,1,0,1,0,0,0,0,1
20500,4,75500,0,136,0,222,0,0,1,0,0,1,0,0
26000,4,62857,0,150,0,207,1,0,0,1,0,1,0,0
25400,3,76549,1,116,1,196,1,0,1,0,0,1,0,0
23499,3,17890,1,109,1,475,0,0,1,0,0,0,0,1
19500,6,80000,0,116,1,775,1,0,0,0,0,0,0,1
27500,3,77600,1,190,0,177,1,0,1,0,0,1,0,0
23000,4,157000,0,150,0,683,1,0,0,1,0,0,0,1
17000,3,150000,0,150,0,628,1,0,0,1,0,0,0,1
20200,4,85000,1,109,1,176,0,0,1,0,0,0,1,0
27000,5,44000,0,150,0,100,1,0,1,0,0,1,0,0
28500,3,50000,0,136,0,89,0,0,1,0,0,0,0,0
6000,1,18000,1,150,0,875,1,0,1,0,0,0,0,1
20400,6,93000,0,116,0,146,1,0,0,0,0,0,1,0
27000,4,64000,1,150,0,788,1,0,0,0,0,0,0,1
23000,5,115000,0,116,0,177,1,0,0,1,0,0,0,0
19999,3,62000,0,136,0,93,0,0,0,1,0,0,0,0
20500,5,118000,1,116,0,715,1,0,1,0,0,0,0,1
25000,5,120000,0,150,0,211,1,0,1,0,0,0,1,0
24250,4,105884,1,136,1,171,0,0,1,0,0,1,0,0
30000,3,48000,1,265,0,275,0,0,0,1,0,1,0,0
28500,2,36737,1,116,1,479,1,0,1,0,0,0,0,1
28500,2,36737,1,116,1,478,1,0,1,0,0,0,0,1
23950,6,109000,1,150,1,16,1,0,1,0,0,0,0,0
21900,3,72761,0,150,1,796,1,0,0,0,0,0,0,1
9000,5,240000,0,116,1,405,1,0,0,0,0,0,1,0
24300,5,210000,1,190,0,186,1,0,1,0,0,0,0,0
26500,5,73000,1,190,0,287,1,0,1,0,0,0,1,0
26299,2,32861,1,136,1,475,0,0,1,0,0,0,0,1
23500,6,116000,1,190,1,155,1,0,1,0,0,1,0,0
24500,4,75000,1,136,1,16,0,0,1,0,0,0,0,0
28990,1,19800,1,150,1,499,1,0,1,0,0,0,0,1
26000,3,29000,0,116,0,495,1,0,1,0,0,0,0,1
26900,4,85000,1,150,0,181,1,0,1,0,0,1,0,0
8500,6,180000,1,150,0,542,1,0,0,1,0,0,0,1
25500,5,100000,1,190,0,25,1,0,0,1,0,0,0,0
25900,4,39000,1,150,1,177,1,0,1,0,0,1,0,0
20000,6,60000,0,116,0,87,1,0,1,0,0,0,1,0
13999,4,115900,0,136,0,177,0,0,0,1,0,1,0,0
27000,4,24000,1,150,0,339,1,0,0,0,0,0,1,0
25500,3,29000,0,116,0,127,1,0,1,0,0,0,0,0
21800,5,95000,0,116,0,126,1,0,1,0,0,1,0,0
11500,5,200000,0,150,0,858,1,0,0,1,0,0,0,1
18000,4,116000,1,116,1,326,1,0,0,0,0,0,1,0
28000,5,70000,1,265,0,612,0,0,0,1,0,0,0,1
16000,5,168000,0,116,1,812,1,0,0,0,0,0,0,1
26650,5,106000,1,190,0,186,1,0,1,0,0,0,0,0
23000,4,77500,1,150,0,73,1,0,1,0,0,0,0,0
26900,5,90000,1,150,1,802,1,0,1,0,0,0,0,1
25500,4,37304,1,116,1,223,1,0,0,0,1,0,1,0
25500,4,37304,1,116,1,223,1,0,0,0,1,0,1,0
25500,4,37304,1,116,1,223,1,0,0,0,1,0,1,0
20000,6,110010,1,116,0,262,1,0,1,0,0,1,0,0
19000,6,168000,1,150,0,120,1,0,0,1,0,0,0,0
26500,5,61000,1,150,0,819,1,0,1,0,0,0,0,1
6300,3,121000,1,116,1,66,1,0,1,0,0,0,0,0
29800,3,64735,1,150,1,222,1,0,1,0,0,1,0,0
21500,5,79000,1,116,1,454,1,0,0,0,1,0,0,1
22900,5,123456,1,150,1,701,1,0,1,0,0,0,0,1
22000,4,66000,0,116,0,259,1,0,1,0,0,1,0,0
24300,5,80000,0,116,0,276,1,0,1,0,0,1,0,0
30000,4,28500,1,150,0,288,1,0,1,0,0,1,0,0
21000,6,87000,1,150,0,476,1,0,1,0,0,0,0,1
15900,5,98000,1,150,1,285,1,0,0,0,1,1,0,0
24400,4,120612,1,150,1,86,1,0,1,0,0,0,0,0
24500,4,93282,1,116,1,86,1,0,1,0,0,0,0,0
3500,1,216000,0,150,0,326,1,0,0,1,0,0,1,0
25000,6,92000,1,150,0,352,1,0,0,1,0,0,1,0
13900,6,220000,1,150,1,177,1,0,1,0,0,1,0,0
18000,6,90500,0,150,0,99,1,0,0,1,0,0,1,0
24800,3,68000,1,136,0,91,0,0,0,1,0,0,0,0
24000,4,91000,1,150,0,479,1,0,1,0,0,0,0,1
30000,4,60000,1,150,0,554,1,0,1,0,0,0,0,1
27500,3,76053,1,265,1,488,0,0,1,0,0,0,0,1
15200,4,131000,0,116,0,612,1,0,0,0,0,0,0,1
17000,3,174000,0,190,0,560,1,0,0,1,0,0,0,1
22300,5,80000,1,150,0,226,1,0,1,0,0,0,0,0
23500,2,72500,0,136,0,73,0,0,1,0,0,0,0,0
21435,3,79000,0,136,1,261,0,0,1,0,0,0,1,0
29999,3,75000,1,190,0,203,1,0,1,0,0,1,0,0
26500,2,39776,0,116,0,281,1,0,1,0,0,1,0,0
18700,5,90000,1,136,0,174,0,0,0,0,1,1,0,0
20900,4,23000,0,136,0,276,0,0,0,1,0,1,0,0
27800,2,61600,1,136,0,266,0,0,1,0,0,1,0,0
22350,5,120000,1,116,1,554,1,0,1,0,0,0,0,1
28000,4,90000,1,306,1,763,0,0,0,1,0,0,0,1
27000,2,95000,1,150,0,833,1,0,1,0,0,0,0,1
20500,5,71000,0,136,0,222,0,0,0,1,0,1,0,0
20500,5,71000,0,136,0,222,0,0,0,1,0,1,0,0
21000,6,110000,0,116,0,99,1,0,1,0,0,0,1,0
23999,4,75000,0,136,0,120,0,0,1,0,0,0,0,0
22900,6,71000,1,136,0,121,0,0,0,1,0,1,0,0
24990,3,95736,1,116,1,223,1,0,1,0,0,0,1,0
24990,3,95736,1,116,1,223,1,0,1,0,0,0,1,0
24990,3,95736,1,116,1,223,1,0,1,0,0,0,1,0
17700,5,125000,1,116,1,87,1,0,1,0,0,0,1,0
19500,5,71000,1,116,0,177,1,0,0,0,0,1,0,0
28200,3,48647,1,150,1,156,1,0,0,0,0,0,0,0
28000,6,75000,1,306,0,142,0,0,0,1,0,0,0,0
29900,1,24800,1,190,1,126,1,0,1,0,0,0,0,0
22500,3,106400,0,150,0,103,1,0,1,0,0,0,0,0
20900,2,113808,0,116,1,86,1,0,1,0,0,0,0,0
21500,3,130000,1,150,0,166,1,0,0,1,0,1,0,0
16700,6,105000,0,136,0,74,0,0,1,0,0,0,0,0
18000,6,90500,1,150,0,177,1,0,0,1,0,1,0,0
5200,1,190000,0,109,0,177,0,0,0,1,0,1,0,0
20499,6,83379,1,116,1,475,1,0,1,0,0,0,0,1
21700,3,52000,1,116,1,171,1,0,0,0,0,1,0,0
26000,5,108000,0,150,0,210,1,0,0,1,0,1,0,0
20000,6,176000,1,150,0,824,1,0,1,0,0,0,0,1
28500,3,41000,1,150,0,276,1,0,1,0,0,1,0,0
10500,4,150000,0,116,0,384,1,0,0,1,0,0,1,0
23999,5,117770,1,306,1,475,0,0,0,1,0,0,0,1
25500,2,98875,1,150,1,86,1,0,1,0,0,0,0,0
24900,2,98429,1,150,1,86,1,0,1,0,0,0,0,0
24900,6,65000,1,150,0,177,1,0,0,1,0,1,0,0
29500,2,13000,1,150,0,495,1,0,0,1,0,0,0,1
23000,4,51000,1,116,1,164,1,0,0,0,0,0,1,0
23000,4,51000,1,116,1,164,1,0,0,0,0,0,1,0
23000,4,51000,1,116,1,164,1,0,0,0,0,0,1,0
26500,3,70000,1,150,0,283,1,0,1,0,0,1,0,0
26900,5,65000,1,150,0,742,1,0,1,0,0,0,0,1
23000,5,86300,1,116,1,98,1,0,1,0,0,0,1,0
21000,6,85000,0,150,0,87,1,0,0,1,0,1,0,0
23900,6,83190,1,116,1,724,1,0,0,0,0,0,0,1
22000,3,60000,0,116,0,476,1,0,0,1,0,0,0,1
22500,5,107000,1,150,0,745,1,0,0,1,0,0,0,1
14500,6,168000,1,116,0,269,1,0,0,1,0,0,1,0
24199,5,109420,1,306,1,475,0,0,0,1,0,0,0,1
25400,3,66200,1,136,1,266,0,0,1,0,0,1,0,0
23000,5,105000,1,150,0,175,1,0,0,1,0,0,0,0
13500,6,178000,0,116,0,478,1,0,0,0,0,0,0,1
25000,6,88000,1,190,0,848,1,0,1,0,0,0,0,1
21990,6,89000,1,150,1,162,1,0,1,0,0,0,0,0
19900,3,120900,1,150,1,793,1,0,0,0,0,0,0,1
27000,3,65000,1,136,0,128,0,0,0,1,0,1,0,0
30000,2,52000,1,150,0,158,1,0,1,0,0,0,1,0
19990,4,112000,1,116,1,177,1,0,1,0,0,1,0,0
23799,5,87664,0,150,1,475,1,0,1,0,0,0,0,1
22399,4,31430,0,116,1,475,1,0,1,0,0,0,0,1
24500,5,33000,0,136,0,234,0,0,1,0,0,0,0,0
25590,3,67000,1,136,0,91,0,0,0,1,0,0,0,0
27950,5,89000,1,265,1,163,0,0,0,1,0,1,0,0
17500,6,113000,1,116,1,381,1,0,0,0,0,0,1,0
29000,5,59000,1,136,0,166,0,0,1,0,0,1,0,0
13900,5,89000,0,136,0,276,0,0,0,1,0,1,0,0
26500,6,103000,1,150,0,852,1,0,1,0,0,0,0,1
28500,6,51000,1,136,0,170,0,0,0,0,1,1,0,0
23000,3,49000,1,116,0,127,1,0,0,1,0,0,0,0
16990,6,114000,1,150,0,490,1,0,0,0,1,0,0,1
17800,5,85000,0,116,0,106,1,0,0,1,0,0,0,0
20000,1,165000,0,150,0,808,1,0,0,1,0,0,0,1
24800,5,70000,0,150,0,106,1,0,1,0,0,0,1,0
13500,1,136000,0,116,0,763,1,0,0,1,0,0,0,1
20700,6,124000,1,150,0,304,1,0,0,1,0,0,0,1
23900,2,21000,0,136,1,262,0,0,1,0,0,1,0,0
22900,3,26500,0,136,1,262,0,0,1,0,0,1,0,0
27500,5,73000,1,150,0,750,1,0,1,0,0,0,0,1
25000,6,90000,1,136,0,186,0,0,1,0,0,1,0,0
24000,4,39600,1,136,0,20,0,0,0,1,0,0,0,0
24900,3,21000,1,136,1,262,0,0,0,0,1,1,0,0
25900,2,12500,1,136,1,262,1,0,1,0,0,1,0,0
24900,3,22500,0,136,1,262,0,0,1,0,0,1,0,0
24900,3,21000,1,136,1,262,0,0,1,0,0,1,0,0
22900,3,24000,0,136,1,262,0,0,1,0,0,1,0,0
23900,3,20500,0,136,1,262,0,0,1,0,0,1,0,0
23900,3,22400,1,136,1,262,0,0,1,0,0,1,0,0
25900,3,18000,1,178,1,262,0,0,1,0,0,1,0,0
23900,3,21000,1,136,1,262,0,0,1,0,0,1,0,0
23900,3,21000,1,136,1,262,0,0,1,0,0,1,0,0
24900,3,17000,0,136,1,262,0,0,1,0,0,1,0,0
23900,3,23000,1,136,1,262,0,0,1,0,0,1,0,0
23900,3,19500,1,136,1,262,0,0,1,0,0,1,0,0
25900,3,19500,1,136,1,262,0,0,1,0,0,1,0,0
23900,3,21500,0,136,1,262,0,0,1,0,0,1,0,0
24900,3,19800,1,136,1,262,0,0,1,0,0,1,0,0
23900,3,21500,1,136,1,262,0,0,1,0,0,1,0,0
26900,3,21500,0,136,1,262,0,0,1,0,0,1,0,0
15500,5,140000,0,109,0,216,0,0,0,1,0,1,0,0
21500,6,85000,0,136,0,150,0,0,1,0,0,0,1,0
26800,4,80000,1,150,0,14,1,0,1,0,0,0,0,0
26500,4,30000,0,150,0,518,1,0,1,0,0,0,0,1
22300,6,87000,1,150,0,238,1,0,1,0,0,0,1,0
24900,3,50000,0,136,1,276,0,0,1,0,0,1,0,0
28000,3,60000,0,150,0,848,1,0,1,0,0,0,0,1
21000,5,95000,1,116,0,883,1,0,1,0,0,0,0,1
29900,5,28000,1,306,1,190,0,0,0,1,0,1,0,0
28700,3,44000,1,150,0,750,1,0,1,0,0,0,0,1
19600,6,110000,1,150,0,476,1,0,1,0,0,0,0,1
20550,5,78500,1,116,0,86,1,0,1,0,0,0,0,0
28500,3,53000,0,150,0,67,1,0,1,0,0,0,0,0
24000,6,66000,1,150,1,170,1,0,1,0,0,1,0,0
25900,5,85000,1,116,0,211,1,0,1,0,0,0,1,0
19000,6,131000,1,116,0,639,1,0,0,1,0,0,0,1
21900,5,40000,1,116,0,201,1,0,0,1,0,1,0,0
19000,6,81000,0,116,0,372,1,0,1,0,0,0,1,0
22500,6,48000,1,116,0,622,1,0,0,1,0,0,0,1
29000,5,56000,1,265,0,412,0,0,1,0,0,0,0,1
29900,3,60564,0,150,0,784,1,0,1,0,0,0,0,1
19000,6,101000,0,136,0,449,0,0,1,0,0,0,0,1
19900,6,114170,1,116,1,658,1,0,1,0,0,0,0,1
16750,5,140000,0,116,0,397,1,0,0,0,0,0,1,0
22500,3,100000,1,116,0,486,1,0,1,0,0,0,0,1
22000,3,52000,0,116,0,177,1,0,0,1,0,1,0,0
23000,6,72744,0,116,0,57,1,0,1,0,0,0,0,0
24500,5,72000,1,150,0,622,1,0,0,1,0,0,0,1
25000,4,26000,0,150,0,486,1,0,0,0,0,0,0,1
26500,5,35000,1,116,1,883,1,0,1,0,0,0,0,1
25800,6,67000,0,150,0,339,1,0,1,0,0,0,1,0
24999,4,73000,0,150,0,303,1,0,1,0,0,0,1,0
24850,5,77500,1,150,0,267,1,0,1,0,0,1,0,0
29000,2,42557,1,150,0,60,1,0,0,1,0,0,0,0
17990,6,98000,1,116,0,533,1,0,1,0,0,0,0,1
18500,5,72000,1,116,1,543,1,0,0,0,0,0,0,1
22000,5,122000,0,150,0,261,1,0,0,1,0,0,1,0
16900,6,134000,1,150,1,259,1,0,0,0,0,1,0,0
16900,5,111600,1,116,1,200,1,0,0,0,0,0,1,0
24500,3,56420,0,116,0,750,1,0,1,0,0,0,0,1
24900,3,70000,1,150,0,146,1,0,1,0,0,0,1,0
23900,3,16000,1,116,1,142,1,0,0,0,0,0,1,0
23000,5,95000,0,150,0,233,1,0,0,1,0,1,0,0
17000,5,161000,1,116,0,16,1,0,0,1,0,0,0,0
25999,6,93000,0,150,0,196,1,0,1,0,0,1,0,0
22500,6,90400,1,116,0,663,1,0,1,0,0,0,0,1
14800,6,124600,0,116,0,674,1,0,0,1,0,0,0,1
26000,5,48000,1,116,0,581,1,0,1,0,0,0,0,1
23000,5,121100,0,150,0,693,1,0,1,0,0,0,0,1
27500,4,20000,0,150,0,484,1,0,0,1,0,0,0,1
24000,6,88000,0,150,0,326,1,0,0,1,0,0,1,0
26000,4,71000,0,136,0,114,0,0,0,1,0,0,1,0
19500,6,151334,1,116,1,757,1,0,1,0,0,0,0,1
23000,5,145000,1,150,0,750,1,0,1,0,0,0,0,1
24000,5,40800,1,150,0,914,1,0,1,0,0,0,0,1
20800,5,139000,0,116,0,698,1,0,1,0,0,0,0,1
29100,2,48210,1,150,1,188,1,0,1,0,0,1,0,0
28000,3,22000,0,150,0,830,1,0,1,0,0,0,0,1
26500,6,96000,1,190,0,180,1,0,0,1,0,1,0,0
27000,4,24000,1,150,0,326,1,0,1,0,0,0,1,0
19999,6,99000,1,150,0,275,1,0,1,0,0,1,0,0
19500,6,51379,0,136,0,498,0,0,1,0,0,0,0,1
29000,2,23000,1,150,0,683,1,0,0,1,0,0,0,1
21990,3,140000,1,150,1,129,1,0,1,0,0,1,0,0
25000,5,100000,0,150,0,59,1,0,1,0,0,0,0,0
24000,4,42000,1,136,0,861,0,0,0,0,0,0,0,1
18900,6,130000,1,116,1,82,1,0,0,0,0,0,0,0
15300,5,120000,0,116,0,550,1,0,0,1,0,0,0,1
24000,3,106000,0,150,0,453,1,0,1,0,0,0,0,1
26000,4,125000,1,150,0,852,1,0,1,0,0,0,0,1
24000,5,120470,1,150,0,683,1,0,1,0,0,0,0,1
20900,4,85600,0,136,1,163,0,0,1,0,0,1,0,0
24900,6,113000,1,150,1,611,1,0,1,0,0,0,0,1
24400,6,99300,1,116,0,276,1,0,1,0,0,1,0,0
16000,5,110000,0,136,0,301,0,0,1,0,0,1,0,0
17800,6,159000,1,150,0,715,1,0,0,1,0,0,0,1
19990,5,28000,1,116,0,128,1,0,0,0,0,0,0,0
25000,5,76000,1,150,0,628,1,0,0,0,1,0,0,1
21300,5,52000,1,116,0,750,1,0,1,0,0,0,0,1
28800,3,43000,1,150,1,377,0,0,1,0,0,0,1,0
25000,1,0,1,190,1,177,0,1,1,0,0,1,0,0
22000,6,65000,1,116,0,628,1,0,0,1,0,0,0,1
24500,5,70000,1,150,0,276,1,0,1,0,0,1,0,0
25000,5,88000,0,150,0,753,1,0,0,1,0,0,0,1
27000,4,65000,1,190,0,161,1,0,0,1,0,1,0,0
29000,6,91000,1,190,0,538,1,0,0,1,0,0,0,1
24990,6,40000,1,150,0,495,1,0,0,1,0,0,0,1
23000,5,115000,1,116,0,833,1,0,0,1,0,0,0,1
14500,3,138000,0,116,0,362,1,0,0,1,0,0,1,0
25000,6,40000,0,136,0,276,0,0,1,0,0,1,0,0
25000,4,70000,1,190,0,480,1,0,0,1,0,0,0,1
23200,6,83000,1,150,0,211,1,0,0,1,0,1,0,0
27800,5,52000,1,150,1,526,1,0,1,0,0,0,0,1
21500,4,55459,1,116,1,424,1,0,0,0,0,0,0,1
25000,3,72000,0,116,0,348,1,0,0,0,0,0,0,1
19000,6,38000,1,136,0,484,0,0,0,1,0,0,0,1
28000,5,120000,1,265,0,746,0,0,0,1,0,0,0,1
25000,4,69548,0,150,0,819,1,0,0,1,0,0,0,1
28000,4,25000,1,109,0,87,0,0,0,1,0,0,1,0
28000,4,46000,1,150,0,163,1,0,1,0,0,0,0,0
19800,3,119500,0,116,1,119,1,0,0,0,0,0,0,0
19000,6,171000,1,150,0,92,1,0,1,0,0,0,0,0
17300,6,110000,0,116,0,326,1,0,0,0,0,0,1,0
8500,6,165855,0,150,0,102,1,0,0,1,0,0,1,0
25000,5,55000,1,150,0,411,1,0,1,0,0,0,0,1
14000,6,115000,0,116,0,326,1,0,0,1,0,0,1,0
23000,5,96000,1,150,0,171,1,0,0,1,0,1,0,0
22999,6,115000,1,150,0,326,1,0,1,0,0,0,1,0
27800,5,38600,1,136,0,623,0,0,1,0,0,0,0,1
25000,6,85000,0,150,0,16,1,0,1,0,0,0,0,0
28500,3,45000,1,150,0,842,1,0,0,1,0,0,0,1
23500,6,78000,1,136,0,201,0,0,1,0,0,0,1,0
23000,5,76000,1,150,0,786,1,0,1,0,0,0,0,1
23000,6,101000,1,116,0,61,1,0,1,0,0,1,0,0
18000,5,163000,0,116,0,729,1,0,1,0,0,0,0,1
27000,4,73000,1,150,0,381,1,0,1,0,0,0,1,0
26000,5,60000,1,116,1,520,1,0,1,0,0,0,0,1
19000,5,118000,0,150,0,287,1,0,0,1,0,0,1,0
22900,5,94000,1,116,1,161,1,0,0,0,1,1,0,0
25000,4,110000,0,136,0,301,0,0,1,0,0,1,0,0
29000,3,29000,1,150,0,533,1,0,1,0,0,0,0,1
28000,5,67000,1,150,0,154,1,0,0,1,0,0,0,0
25000,5,70500,0,150,0,127,1,0,1,0,0,0,0,0
17500,6,100000,0,136,0,173,0,0,0,0,1,1,0,0
19500,6,105000,0,150,0,262,1,0,0,1,0,1,0,0
5500,4,6000,1,109,1,66,0,0,0,0,0,0,0,0
30000,2,25000,1,150,0,183,1,0,1,0,0,0,1,0
29500,5,126000,1,190,0,715,1,0,1,0,0,0,0,1
19000,1,149000,0,190,0,344,1,0,0,1,0,0,1,0
22000,4,45000,0,109,0,175,0,0,1,0,0,1,0,0
29500,2,45000,1,150,0,166,1,0,0,1,0,1,0,0
20000,5,102000,0,116,0,163,1,0,1,0,0,0,0,0
27500,6,100000,1,190,0,481,1,0,0,1,0,0,0,1
22000,6,87000,1,150,0,121,1,0,1,0,0,1,0,0
22900,5,98802,1,150,0,343,1,0,1,0,0,0,1,0
27500,3,76053,1,265,1,479,0,0,1,0,0,0,0,1
15000,6,150000,1,150,0,170,1,0,0,0,0,1,0,0
24000,5,82819,1,116,0,116,1,0,0,0,0,0,0,0
28900,5,75081,1,150,0,177,1,0,1,0,0,1,0,0
30000,6,52000,1,136,0,812,0,0,0,1,0,0,0,1
21000,5,151800,1,150,1,807,1,0,0,0,0,0,0,1
17500,6,145000,1,116,0,837,1,0,0,1,0,0,0,1
16490,6,96533,1,116,1,611,1,0,0,0,0,0,0,1
28000,2,30000,1,150,0,276,1,0,1,0,0,1,0,0
25500,6,58000,1,116,0,244,1,0,1,0,0,1,0,0
17000,5,140000,1,116,0,853,1,0,0,1,0,0,0,1
22500,5,93000,1,116,0,16,1,0,1,0,0,0,0,0
13900,6,145000,0,116,1,42,1,0,0,0,0,0,0,0
19700,6,90000,1,136,0,141,0,0,0,0,0,0,0,0
24000,4,26600,0,150,0,326,1,0,0,1,0,0,1,0
17250,6,142000,1,116,0,658,1,0,0,0,1,0,0,1
25700,6,100000,1,150,0,104,1,0,1,0,0,0,1,0
20000,6,72000,0,116,0,111,1,0,0,0,0,1,0,0
11500,5,200000,0,150,0,858,1,0,1,0,0,0,0,1
26700,2,20613,0,136,0,326,0,0,1,0,0,0,1,0
26400,5,106743,1,190,1,116,1,0,1,0,0,1,0,0
20000,5,100000,0,150,0,276,1,0,0,1,0,1,0,0
23500,5,95400,1,150,0,519,1,0,1,0,0,0,0,1
15200,6,227200,0,116,1,233,1,0,0,0,1,0,1,0
24000,4,54400,1,109,0,104,0,0,1,0,0,0,1,0
30000,1,35000,1,136,0,204,0,0,0,1,0,0,0,0
24900,2,72000,1,116,0,182,1,0,1,0,0,0,0,0
20000,6,158000,1,116,0,261,1,0,0,1,0,0,1,0
24000,6,90000,1,150,0,42,1,0,1,0,0,0,0,0
28500,2,52000,0,136,0,195,0,0,1,0,0,1,0,0
26500,5,83000,1,150,0,212,1,0,1,0,0,1,0,0
22000,5,94000,1,116,0,287,1,0,1,0,0,0,1,0
19800,6,86234,1,116,1,326,1,0,0,0,0,0,1,0
25000,5,60000,1,116,0,315,1,0,0,0,0,0,0,1
23200,6,60000,1,150,0,210,1,0,1,0,0,1,0,0
24000,5,90350,1,116,0,61,1,0,1,0,0,1,0,0
25900,2,46100,1,136,1,201,0,0,0,0,0,0,0,0
25900,2,46100,1,136,1,163,0,0,0,0,0,0,0,0
22800,4,40000,0,116,1,60,1,0,0,0,0,0,0,0
26000,5,110000,1,150,0,200,1,0,0,1,0,0,1,0
23500,6,70000,1,116,0,769,1,0,0,0,1,0,0,1
25500,4,57000,1,178,0,162,0,0,0,1,0,1,0,0
15000,2,12000,1,190,0,326,0,1,0,1,0,0,1,0
17900,5,94000,0,116,1,233,1,0,0,1,0,0,1,0
25700,4,170000,1,190,0,443,1,0,1,0,0,0,0,1
29000,4,30000,1,150,0,267,1,0,1,0,0,1,0,0
21000,5,120000,1,116,0,533,1,0,1,0,0,0,0,1
23500,6,142000,1,190,0,215,1,0,0,1,0,1,0,0
24000,5,117000,1,265,1,283,0,0,1,0,0,0,1,0
21999,5,54000,1,136,0,326,0,0,0,1,0,0,1,0
28000,4,57000,1,306,0,326,0,0,0,1,0,0,1,0
29990,3,80000,1,190,1,170,1,0,1,0,0,1,0,0
27500,4,70000,1,150,0,163,1,0,1,0,0,1,0,0
20000,6,100000,1,136,0,218,0,0,1,0,0,1,0,0
23899,6,152000,1,190,0,94,1,0,1,0,0,0,0,0
15900,5,143409,1,116,1,276,1,0,0,0,0,1,0,0
20800,5,146000,0,150,0,200,1,0,1,0,0,0,1,0
18900,6,103113,0,116,1,163,1,0,0,0,0,0,0,0
18900,6,103123,0,116,1,201,1,0,0,0,0,0,0,0
22900,5,72136,0,116,1,163,1,0,0,0,0,0,0,0
22900,5,49680,0,116,1,163,1,0,0,0,0,0,0,0
22900,5,55216,0,116,1,163,1,0,0,0,0,0,0,0
23900,5,67949,1,150,1,121,1,0,1,0,0,1,0,0
20500,4,140000,1,116,1,695,1,0,1,0,0,0,0,1
24750,6,102000,1,150,0,220,1,0,1,0,0,1,0,0
21500,6,87000,1,136,0,326,0,0,1,0,0,0,1,0
26000,5,87000,1,150,0,304,1,0,1,0,0,0,0,1
22500,6,70000,1,150,0,311,1,0,0,1,0,0,0,1
16500,4,140000,1,136,0,200,0,0,0,1,0,0,1,0
30000,3,23019,1,150,0,173,1,0,1,0,0,0,0,0
25000,4,70140,1,190,1,177,1,0,1,0,0,1,0,0
19500,4,120000,1,116,0,513,1,0,0,1,0,0,0,1
20000,6,65000,0,136,0,74,0,0,0,1,0,0,0,0
29000,4,29000,1,150,0,560,1,0,1,0,0,0,0,1
28900,5,80000,1,150,0,628,1,0,1,0,0,0,0,1
25000,5,970000,1,150,0,764,1,0,0,1,0,0,0,1
30000,1,30000,1,150,0,350,1,0,1,0,0,1,0,0
29000,6,69000,1,150,0,131,1,0,0,1,0,0,0,0
21000,6,100000,1,116,0,377,1,0,0,1,0,0,1,0
22500,6,104000,1,116,0,335,1,0,1,0,0,0,0,1
22000,6,130000,1,190,0,881,1,0,1,0,0,0,0,1
26500,3,41000,1,116,0,480,1,0,0,1,0,0,0,1
11999,4,59000,1,150,1,35,1,0,1,0,0,0,0,0
29500,6,81000,1,306,1,724,0,0,0,1,0,0,0,1
16900,6,80498,1,150,1,541,1,0,0,0,0,0,0,1
28000,4,95000,1,190,1,227,1,0,1,0,0,0,0,0
26000,5,80000,1,150,0,484,1,0,0,1,0,0,0,1
23000,6,85000,1,116,0,122,1,0,1,0,0,1,0,0
26000,6,100000,1,150,0,271,1,0,0,1,0,0,1,0
26500,5,47000,0,150,0,519,1,0,1,0,0,0,0,1
21500,5,85000,1,136,0,458,0,0,1,0,0,0,0,1
26000,5,48000,1,116,0,883,1,0,1,0,0,0,0,1
16990,6,138000,0,116,0,727,1,0,0,0,0,0,0,1
21500,6,103000,1,150,0,354,1,0,0,1,0,0,1,0
28000,4,100000,1,150,0,226,1,0,1,0,0,0,0,0
26500,4,52337,1,150,0,239,1,0,1,0,0,1,0,0
21500,5,175700,1,116,0,290,1,0,1,0,0,0,1,0
24500,3,60000,1,116,0,802,1,0,0,1,0,0,0,1
18000,5,170000,1,116,0,691,1,0,1,0,0,0,0,1
19900,5,170000,1,150,0,547,1,0,1,0,0,0,0,1
24000,6,93000,1,150,0,842,1,0,1,0,0,0,0,1
17000,6,181000,0,150,0,89,1,0,0,0,0,0,0,0
29900,2,18000,1,136,0,322,0,0,1,0,0,1,0,0
28900,4,51041,1,190,1,750,1,0,1,0,0,0,0,1
19400,4,122000,1,150,0,87,1,0,0,1,0,0,1,0
23900,5,130000,1,150,0,326,1,0,1,0,0,0,1,0
30000,4,80000,1,265,0,127,0,0,1,0,0,0,0,0
25000,6,113841,1,150,0,160,1,0,1,0,0,0,1,0
24000,4,30000,0,136,0,230,0,0,0,1,0,1,0,0
16500,6,145000,1,116,0,643,1,0,0,1,0,0,0,1
21000,6,160000,1,150,0,463,1,0,0,1,0,0,0,1
23500,5,57000,0,116,0,81,1,0,1,0,0,0,1,0
27000,3,40000,1,150,0,484,1,0,0,1,0,0,0,1
22900,5,110000,1,150,0,275,1,0,0,1,0,1,0,0
30000,5,58000,1,265,0,412,0,0,0,1,0,0,0,1
22500,6,65000,1,150,0,16,1,0,1,0,0,0,0,0
28700,6,78000,1,150,0,287,1,0,1,0,0,0,1,0
27250,3,150000,1,150,0,176,1,0,1,0,0,1,0,0
21900,5,73340,1,116,0,177,1,0,0,0,0,1,0,0
29900,4,75500,1,116,0,265,1,0,1,0,0,1,0,0
29000,2,91000,1,150,0,177,1,0,1,0,0,1,0,0
18000,6,160000,1,136,0,628,0,0,0,1,0,0,0,1
27000,5,100000,1,150,0,530,1,0,0,1,0,0,0,1
21000,6,62000,1,150,0,326,1,0,0,1,0,0,1,0
25500,3,63000,0,136,0,276,1,0,1,0,0,1,0,0
25800,5,48200,1,136,0,276,0,0,1,0,0,1,0,0
28500,4,42000,1,136,0,168,0,0,1,0,0,0,0,0
23000,6,130000,1,150,0,436,1,0,1,0,0,0,0,1
21500,6,67318,1,116,0,715,1,0,0,0,0,0,0,1
28700,2,80000,1,150,0,270,1,0,1,0,0,1,0,0
23500,4,86000,1,150,0,530,1,0,0,1,0,0,0,1
24500,4,57021,1,116,0,261,1,0,0,0,0,0,1,0
23500,5,64000,1,116,0,520,1,0,1,0,0,0,0,1
29000,4,60000,1,116,0,270,1,0,1,0,0,1,0,0
20500,6,76000,0,116,0,362,1,0,0,0,1,0,1,0
