Annuncio,Link,Prezzo,Tipologia,Immatricolazione,Chilometraggio,Carburante,Cambio,Unico_Proprietario,Località
Bmw 118 Business Advantage 118 i,https://www.automobile.it/busto-arsizio-bmw-118-business-advantage-118/179134019,€ 19.990,Usato,Gennaio 2021,49.990 km,Benzina,Manuale,2 Proprietari,Busto Arsizio (VA)
BMW 118 i 5p. 136CV Sport Advantage Business Pack,https://www.automobile.it/rovato-bmw-118-5p-136cv-sport-advantage-business-pack/177771622,€ 22.500,Usato,Gennaio 2021,55.580 km,Benzina - Euro 6,Automatico,,Rovato (BS)
Bmw 116 116d 5p. Business Advantage,https://www.automobile.it/corato-bmw-116-116d-5p-business-advantage/179722831,€ 17.999,Usato,Novembre 2020,112.784 km,Diesel - Euro 6,Automatico,Unico proprietario,Corato (BA)
Bmw 135 M 135i xDrive,https://www.automobile.it/catanzaro-bmw-135-m-135i-xdrive/179090164,€ 26.000,Usato,Maggio 2020,148.000 km,Benzina - Euro 6,Automatico,,Catanzaro (CZ)
Bmw 118d 5p. 150CV Aut. Business Advantage E6,https://www.automobile.it/roma-bmw-118d-5p-150cv-aut-business-advantage-e6/178692940,€ 18.970,Usato,Giugno 2021,159.000 km,Diesel - Euro 6,Automatico,Unico proprietario,Roma (RM)
Bmw 118 118d 5p. Business Advantage FARI LED PDC CERCHI GARANZIA 24 MESI KM CERTIFICATI,https://www.automobile.it/roma-bmw-118-118d-5p-business-advantage-fari-led-pdc-cerchi-garanzia-24-mesi-km-certificati/178803602,€ 20.900,Usato,Aprile 2021,99.899 km,Diesel - Euro 6,Automatico,Unico proprietario,Roma (RM)
Bmw 116 Msport,https://www.automobile.it/tricase-bmw-116-msport/180835565,€ 24.900,Usato,Luglio 2023,41.494 km,Benzina - Euro 6,Automatico,Unico proprietario,Tricase (LE)
Bmw Serie 1 116 F40 116d 5p. Msport automatico,https://www.automobile.it/luserna-san-giovanni-bmw-serie-1-116-f40-116d-5p-msport-automatico/181292673,€ 27.500,Usato,Maggio 2022,32.000 km,Diesel - Euro 6,Automatico,Unico proprietario,Luserna San Giovanni (TO)
BMW 118 i 5p. Sport,https://www.automobile.it/pieve-soligo-bmw-118-5p-sport/179908964,€ 25.200,Usato,Settembre 2021,21.000 km,Benzina,Manuale,,Pieve di Soligo (TV)
BMW 118 i 5p. Sport Automatica,https://www.automobile.it/pieve-soligo-bmw-118-5p-sport-automatica/179909057,€ 27.500,Usato,Ottobre 2021,31.600 km,Benzina,Automatico,,Pieve di Soligo (TV)
BMW 118 Serie 1 i 5p. Msport,https://www.automobile.it/roma-bmw-118-serie-1-5p-msport/177924324,€ 25.900,Usato,Marzo 2021,57.293 km,Benzina - Euro 6,Automatico,Unico proprietario,Roma (RM)
BMW Serie 1 5 Porte 116 d SCR Business Advantage DCT,https://www.automobile.it/pavia-bmw-serie-1-5-porte-116-d-scr-business-advantage-dct/176684838,€ 26.000,Usato,Maggio 2020,53.683 km,Diesel - Euro 6,Automatico,,Pavia (PV)
BMW 116D MSPORT AUTOMATICO,https://www.automobile.it/casciana-terme-lari-bmw-116d-msport-automatico/176502305,€ 26.000,Usato,Febbraio 2020,71.623 km,Diesel - Euro 6,Automatico,,Casciana Terme Lari (PI)
BMW 118 118 i M-sport 118 i Msport Automatica *NAVI,https://www.automobile.it/montebelluna-bmw-118-118-m-sport-118-msport-automatica-navi/178001411,€ 28.800,Usato,Maggio 2021,39.000 km,Benzina - Euro 6,Automatico,,Montebelluna (TV)
BMW 118 d 5p. Msport,https://www.automobile.it/pieve-soligo-bmw-118-d-5p-msport/179908924,€ 29.800,Usato,Gennaio 2022,48.000 km,Diesel,Manuale,,Pieve di Soligo (TV)
BMW Serie 1 116d Msport auto,https://www.automobile.it/trento-bmw-serie-1-116d-msport-auto/177199637,€ 27.500,Usato,Dicembre 2020,38.193 km,Diesel - Euro 6,Semiautomatico,,Trento (TN)
BMW Serie 1 118i 5p. M Sport,https://www.automobile.it/napoli-bmw-serie-1-118i-5p-m-sport/178941268,€ 25.900,Usato,Gennaio 2020,63.550 km,Benzina - Euro 6,Automatico,,Napoli (NA)
BMW 118 i 5p. Msport / Blu Misano,https://www.automobile.it/pieve-soligo-bmw-118-5p-msport-blu-misano/179908901,€ 25.500,Usato,Novembre 2020,34.000 km,Benzina,Manuale,,Pieve di Soligo (TV)
Bmw 116d 5p. Msport,https://www.automobile.it/gela-bmw-116d-5p-msport/179175245,€ 26.900,Usato,Ottobre 2021,96.780 km,Diesel - Euro 6,Automatico,,Gela (CL)
BMW 118 i 5p. M-SPORT,https://www.automobile.it/arcore-bmw-118-5p-m-sport/176570679,€ 28.900,Usato,Dicembre 2020,27.169 km,Benzina - Euro 6,Manuale,,Arcore (MB)
BMW Serie 1 118i 5p. Advantage NAVI,https://www.automobile.it/varese-bmw-serie-1-118i-5p-advantage-navi/179508111,€ 20.800,Usato,Dicembre 2021,69.500 km,Benzina,Manuale,,Varese (VA)
BMW Serie 1 118i 5p. Advantage NAVI,https://www.automobile.it/varese-bmw-serie-1-118i-5p-advantage-navi/179508097,€ 21.900,Usato,Gennaio 2022,60.700 km,Benzina,Manuale,,Varese (VA)
BMW Serie 1 118i 5p. M sport LED NAVI,https://www.automobile.it/varese-bmw-serie-1-118i-5p-m-sport-led-navi/179508106,€ 24.500,Usato,Luglio 2021,58.900 km,Benzina,Manuale,,Varese (VA)
Bmw 116 116d 5p. Business Advantage,https://www.automobile.it/castrocielo-bmw-116-116d-5p-business-advantage/184222443,€ 9.000,Usato,Agosto 2021,240.000 km,Diesel - Euro 6,Manuale,,Castrocielo (FR)
Bmw 116 116d 5p. Advantage,https://www.automobile.it/striano-bmw-116-116d-5p-advantage/182250663,€ 9.200,Usato,Agosto 2021,75.000 km,Diesel - Euro 6,Automatico,,Striano (NA)
BMW 116 Serie 1 F40 116d Business Advantage auto - GG888RP,https://www.automobile.it/basiliano-bmw-116-serie-1-f40-116d-business-advantage-auto-gg888rp/184308683,€ 11.400,Usato,Settembre 2021,260.000 km,Diesel - Euro 6,Automatico,,Basiliano (UD)
Bmw 116 116d 5p. Msport,https://www.automobile.it/carini-bmw-116-116d-5p-msport/184607116,€ 11.999,Usato,Ottobre 2020,199.000 km,Diesel - Euro 6,Automatico,,Carini (PA)
Bmw 116 116d 5p. Business Advantage,https://www.automobile.it/sesto-fiorentino-bmw-116-116d-5p-business-advantage/184484064,€ 12.500,Usato,Gennaio 2020,187.000 km,Diesel - Euro 6,Automatico,Unico proprietario,Sesto Fiorentino (FI)
Bmw 116 116d 1.5 DIESEL 115 CV 5p. Sport GARANTITA 12 MESI,https://www.automobile.it/napoli-bmw-116-116d-1-5-diesel-115-cv-5p-sport-garantita-12-mesi/184625149,€ 12.899,Usato,Giugno 2020,192.307 km,Diesel - Euro 6,Manuale,,Napoli (NA)
BMW NEW 116d Business UNI-PROPRIETARIO,https://www.automobile.it/sciacca-bmw-new-116d-business-uni-proprietario/183884464,€ 12.990,Usato,Ottobre 2020,199.000 km,Diesel - Euro 6,Manuale,Unico proprietario,Sciacca (AG)
BMW 116 d 115CV 5P Advantage Navi,https://www.automobile.it/mirabella-imbaccari-bmw-116-d-115cv-5p-advantage-navi/184630862,€ 12.990,Usato,Luglio 2020,204.610 km,Diesel - Euro 6,Manuale,,Mirabella Imbaccari (CT)
Bmw 116 116d 5p. Sport,https://www.automobile.it/lequile-bmw-116-116d-5p-sport/183551973,€ 12.999,Usato,Novembre 2020,195.000 km,Diesel - Euro 6,Manuale,,Lequile (LE)
Bmw 116 116d 5p. Advantage,https://www.automobile.it/manduria-bmw-116-116d-5p-advantage/184121111,€ 13.500,Usato,Novembre 2020,195.800 km,Diesel - Euro 6,Manuale,,Manduria (TA)
Bmw 116d 5p. Sport,https://www.automobile.it/roma-bmw-116d-5p-sport/183677069,€ 13.500,Usato,Settembre 2020,160.000 km,Diesel - Euro 6,Automatico,Unico proprietario,Roma (RM)
Bmw 118 118d 5p. Advantage,https://www.automobile.it/stornarella-bmw-118-118d-5p-advantage/184623515,€ 13.500,Usato,Giugno 2021,219.000 km,Diesel - Euro 6,Automatico,,Stornarella (FG)
Bmw 116d F40 - 116 CV - Business 116 D - 2020,https://www.automobile.it/paterno-bmw-116d-f40-116-cv-business-116-d-2020/184571103,€ 13.890,Usato,Febbraio 2020,199.000 km,Diesel - Euro 6,Automatico,,Paternò (CT)
Bmw 116 116i 5p. Business Advantage,https://www.automobile.it/torino-bmw-116-116i-5p-business-advantage/183660370,€ 13.900,Usato,Novembre 2022,125.800 km,Benzina - Euro 6,Manuale,,Torino (TO)
Bmw 116 d F40 Sport - 116 CV - 2020,https://www.automobile.it/paterno-bmw-116-d-f40-sport-116-cv-2020/184487249,€ 13.900,Usato,Gennaio 2020,199.000 km,Diesel - Euro 6,Automatico,,Paternò (CT)
Bmw 116d 5p. Business Advantage - TAGLIANDI BMW,https://www.automobile.it/pistoia-bmw-116d-5p-business-advantage-tagliandi-bmw/184582752,€ 13.900,Usato,Gennaio 2021,154.000 km,Diesel - Euro 6,Automatico,,Pistoia (PT)
Bmw 118d MSPORT PRO motore cambiato in bmw 2020,https://www.automobile.it/genova-bmw-118d-msport-pro-motore-cambiato-bmw-2020/184162812,€ 13.900,Usato,Luglio 2020,220.000 km,Diesel - Euro 6,Automatico,,Genova (GE)
Bmw 116 116d 5p. Msport UNICA,https://www.automobile.it/aversa-bmw-116-116d-5p-msport-unica/184410984,€ 13.990,Usato,Settembre 2020,220.000 km,Diesel - Euro 6,Automatico,,Aversa (CE)
Bmw 116 116d 5p. Sport,https://www.automobile.it/lequile-bmw-116-116d-5p-sport/182272366,€ 14.399,Usato,Novembre 2020,195.000 km,Diesel - Euro 6,Manuale,,Lequile (LE)
BMW Serie 1 118d MSport PROMOZIONE Unicoproprietario,https://www.automobile.it/torino-bmw-serie-1-118d-msport-promozione-unicoproprietario/184463388,€ 14.500,Usato,Dicembre 2020,213.000 km,Diesel - Euro 6,Automatico,Unico proprietario,Torino (TO)
BMW 116 D. 5 PORTE 115 CV SPORT,https://www.automobile.it/quartu-sant-elena-bmw-116-d-5-porte-115-cv-sport/184581045,€ 14.500,Usato,Febbraio 2020,186.000 km,Diesel - Euro 6,Automatico,,Quartu Sant'Elena (CA)
Bmw 116 116d 5p. Business Advantage,https://www.automobile.it/bussolengo-bmw-116-116d-5p-business-advantage/183665540,€ 14.900,Usato,Febbraio 2021,149.000 km,Diesel - Euro 6,Automatico,,Bussolengo (VR)
Bmw 116 116d 5p. Business Advantage,https://www.automobile.it/roma-bmw-116-116d-5p-business-advantage/184402699,€ 14.900,Usato,Ottobre 2020,161.000 km,Diesel - Euro 6,Manuale,,Roma (RM)
BMW 120 Serie 1 F40 120d xdrive Bus Adva auto GB628PB,https://www.automobile.it/basiliano-bmw-120-serie-1-f40-120d-xdrive-bus-adva-auto-gb628pb/184633909,€ 14.900,Usato,Giugno 2020,197.000 km,Diesel - Euro 6,Automatico,,Basiliano (UD)
Bmw 116d Msport,https://www.automobile.it/bracciano-bmw-116d-msport/184558565,€ 14.950,Usato,Maggio 2020,167.000 km,Diesel - Euro 6,Semiautomatico,,Bracciano (RM)
Bmw 116 d 5p. Sport - 116 CV - 2020,https://www.automobile.it/paterno-bmw-116-d-5p-sport-116-cv-2020/182266576,€ 14.990,Usato,Gennaio 2020,199.000 km,Diesel - Euro 6,Automatico,,Paternò (CT)
BMW 116d 5p. Business Advantage CAMBIO AUTOMATICO,https://www.automobile.it/giugliano-campania-bmw-116d-5p-business-advantage-cambio-automatico/182582337,€ 14.990,Usato,Marzo 2021,145.000 km,Diesel,Automatico,Unico proprietario,Giugliano in Campania (NA)
BMW Serie 1 120d Business Advantage BR989399 2.0 Diesel 190CV,https://www.automobile.it/reggio-emilia-bmw-serie-1-120d-business-advantage-br989399-2-0-diesel-190cv/184492992,€ 14.990,Usato,Settembre 2022,135.283 km,Diesel,Automatico,Unico proprietario,Reggio Emilia (RE)
BMW Serie 1 120d Business Advantage BR989399 2.0 Diesel 190CV,https://www.automobile.it/cinisello-balsamo-bmw-serie-1-120d-business-advantage-br989399-2-0-diesel-190cv/184493019,€ 14.990,Usato,Settembre 2022,135.283 km,Diesel,Automatico,Unico proprietario,Cinisello Balsamo (MI)
BMW 116 d Sport - Promo Finanziamento - Automatica,https://www.automobile.it/roma-bmw-116-d-sport-promo-finanziamento-automatica/184505074,€ 14.990,Usato,Giugno 2020,110.000 km,Diesel,Automatico,Unico proprietario,Roma (RM)
Bmw F40 118d 5p. Business Advantage 04/2023 EURO 6D TEMP,https://www.automobile.it/reggio-emilia-bmw-f40-118d-5p-business-advantage-04-2023-euro-6d-temp/184470405,€ 14.999,Usato,Aprile 2023,168.000 km,Diesel,Automatico,Unico proprietario,Reggio Emilia (RE)
Bmw 116 116d 5p. Sport,https://www.automobile.it/prato-bmw-116-116d-5p-sport/184306933,€ 15.000,Usato,Febbraio 2021,169.000 km,Diesel - Euro 6,Automatico,,Prato (PO)
BMW 120D ACCONTO €15.100 NOLEGGIO RISCATTO NO SCORING,https://www.automobile.it/cassino-bmw-120d-acconto-15-100-noleggio-riscatto-scoring/184164593,€ 15.100,Usato,Dicembre 2024,12.700 km,Ibrido,Automatico,,Cassino (FR)
Bmw 116d 5p. SportLine,https://www.automobile.it/pisa-bmw-116d-5p-sportline/184635876,€ 15.490,Usato,Gennaio 2021,139.000 km,Diesel - Euro 6,Automatico,,Pisa (PI)
Bmw 116 Advantage #50315,https://www.automobile.it/rottofreno-bmw-116-advantage-50315/184519846,€ 15.500,Usato,Ottobre 2020,119.000 km,Diesel,Manuale,Unico proprietario,Rottofreno (PC)
Bmw 116d Automatic Msport,https://www.automobile.it/cassino-bmw-116d-automatic-msport/184043934,€ 15.600,Usato,Ottobre 2021,191.000 km,Diesel - Euro 6,Automatico,Unico proprietario,Cassino (FR)
BMW Serie 1 (F40) 118i 5p. Sport,https://www.automobile.it/firenze-bmw-serie-1-f40-118i-5p-sport/184565337,€ 15.790,Usato,2021,109.690 km,Benzina,Automatico,,Firenze (FI)
Bmw 118 118d 5p. Advantage,https://www.automobile.it/rudiano-bmw-118-118d-5p-advantage/183823403,€ 15.800,Usato,Novembre 2020,158.000 km,Diesel - Euro 6,Manuale,,Rudiano (BS)
Bmw 116 116d 5p. Advantage automatico neopatentati,https://www.automobile.it/torino-bmw-116-116d-5p-advantage-automatico-neopatentati/182086165,€ 15.900,Usato,Giugno 2021,143.409 km,Diesel - Euro 6,Automatico,Unico proprietario,Torino (TO)
BMW Serie 1 116d Business Advantage Automatica! PRONTA CONSEGNA!,https://www.automobile.it/roma-bmw-serie-1-116d-business-advantage-automatica-pronta-consegna/184504058,€ 15.900,Usato,Gennaio 2023,77.910 km,Diesel - Euro 6,Automatico,,Roma (RM)
Bmw 116 116d 5p. Advantage,https://www.automobile.it/prato-bmw-116-116d-5p-advantage/184593618,€ 15.900,Usato,Maggio 2023,149.800 km,Diesel - Euro 6,Automatico,Unico proprietario,Prato (PO)
BMW 116 d 5p. Business Advantage,https://www.automobile.it/bareggio-bmw-116-d-5p-business-advantage/184639788,€ 15.900,Usato,Dicembre 2022,129.000 km,Diesel - Euro 6,Automatico,,Bareggio (MI)
BMW 116 d Business Advantage,https://www.automobile.it/ribera-bmw-116-d-business-advantage/184572145,€ 15.950,Usato,Luglio 2020,167.128 km,Diesel,Manuale,Unico proprietario,Ribera (AG)
Bmw 116 116d 5p. Business Advantage,https://www.automobile.it/torino-bmw-116-116d-5p-business-advantage/184130044,€ 15.990,Usato,Marzo 2021,134.000 km,Diesel - Euro 6,Manuale,,Torino (TO)
Bmw 116d Advantage 2021,https://www.automobile.it/sant-eufemia-d-aspromonte-bmw-116d-advantage-2021/184192240,€ 16.000,Aziendale,Luglio 2021,168.000 km,Diesel - Euro 6,Manuale,Unico proprietario,Sant'Eufemia d'Aspromonte (RC)
Bmw 118 Business Advantage 118 d #11793,https://www.automobile.it/rottofreno-bmw-118-business-advantage-118-d-11793/184448254,€ 16.000,Usato,Novembre 2020,146.000 km,Diesel,Automatico,2 Proprietari,Rottofreno (PC)
Bmw 116 116d 5p. Auto Msport-2020,https://www.automobile.it/ottaviano-bmw-116-116d-5p-auto-msport-2020/184440485,€ 16.000,Usato,Gennaio 2020,189.000 km,Diesel - Euro 6,Automatico,,Ottaviano (NA)
Bmw 118 5p.,https://www.automobile.it/ferrara-bmw-118-5p/184192802,€ 16.400,Usato,Giugno 2021,123.103 km,Diesel - Euro 6,Automatico,Unico proprietario,Ferrara (FE)
BMW 116 d 5p. Business Advantage,https://www.automobile.it/sesto-san-giovanni-bmw-116-d-5p-business-advantage/184580992,€ 16.400,Usato,Dicembre 2022,96.000 km,Diesel - Euro 6,Automatico,,Sesto San Giovanni (MI)
Bmw 116 116d 5p. Business Advantage,https://www.automobile.it/prato-bmw-116-116d-5p-business-advantage/184232737,€ 16.490,Usato,Maggio 2022,138.000 km,Diesel - Euro 6,Manuale,,Prato (PO)
BMW Serie 1 118d MSport Unicoproprietario,https://www.automobile.it/torino-bmw-serie-1-118d-msport-unicoproprietario/184004754,€ 16.500,Usato,Dicembre 2020,213.000 km,Diesel - Euro 6,Automatico,Unico proprietario,Torino (TO)
Bmw 118D 150cv,https://www.automobile.it/roma-bmw-118d-150cv/184008022,€ 16.500,Usato,Febbraio 2023,116.400 km,Diesel - Euro 6,Automatico,Unico proprietario,Roma (RM)
Bmw 116 116d 5p. Advantage auto,https://www.automobile.it/roma-bmw-116-116d-5p-advantage-auto/184608054,€ 16.500,Usato,Maggio 2020,169.600 km,Diesel - Euro 6,Automatico,,Roma (RM)
BMW Serie 1 F40 - 116d Msport auto,https://www.automobile.it/lucca-bmw-serie-1-f40-116d-msport-auto/184580204,€ 16.500,Usato,Maggio 2020,105.598 km,Diesel - Euro 6,Automatico,Unico proprietario,Lucca (LU)
BMW 116D BUSINESS 116CV 2022,https://www.automobile.it/campobasso-bmw-116d-business-116cv-2022/184559431,€ 16.700,Usato,Aprile 2022,97.646 km,Diesel - Euro 6,Manuale,Unico proprietario,Campobasso (CB)
Bmw 116 116d ADVANTAGE 1.5 115 CV E6D NAVI/PDC/LED KM CERT,https://www.automobile.it/giugliano-campania-bmw-116-116d-advantage-1-5-115-cv-e6d-navi-pdc-led-km-cert/183149808,€ 16.800,Usato,Giugno 2020,149.000 km,Diesel - Euro 6,Manuale,Unico proprietario,Giugliano in Campania (NA)
BMW Serie 1 116d 116 CV Business Advantage,https://www.automobile.it/bari-bmw-serie-1-116d-116-cv-business-advantage/184064894,€ 16.800,Usato,Febbraio 2020,102.200 km,Diesel - Euro 6,Manuale,Unico proprietario,Bari (BA)
Bmw 118 118d 5p. Msport Perfette Condizioni Garanzia 12 Mesi,https://www.automobile.it/roma-bmw-118-118d-5p-msport-perfette-condizioni-garanzia-12-mesi/184608989,€ 16.800,Usato,Ottobre 2020,185.000 km,Diesel - Euro 6,Semiautomatico,,Roma (RM)
Bmw 118i 5p. Business Advantage auto,https://www.automobile.it/firenze-bmw-118i-5p-business-advantage-auto/181974761,€ 16.900,Usato,Novembre 2020,71.500 km,Benzina - Euro 6,Automatico,Unico proprietario,Firenze (FI)
BMW 118d 5p. Business Advantage AUTOMATICA CERCHI 18 CAMERA,https://www.automobile.it/cherasco-bmw-118d-5p-business-advantage-automatica-cerchi-18-camera/183365357,€ 16.900,Usato,Marzo 2020,134.000 km,Diesel,Automatico,,Cherasco (CN)
BMW 118 d Sport auto*FORMULA S*,https://www.automobile.it/collegno-bmw-118-d-sport-auto-formula-s/184173402,€ 16.900,Usato,Maggio 2021,98.000 km,Diesel,Automatico,3 Proprietari,Collegno (TO)
BMW Serie 1 118d Business Advantage PROMOZIONE Unicoproprietario,https://www.automobile.it/torino-bmw-serie-1-118d-business-advantage-promozione-unicoproprietario/184259536,€ 16.900,Usato,Dicembre 2020,68.000 km,Diesel - Euro 6,Manuale,Unico proprietario,Torino (TO)
BMW 118d 5p. Msport Exterior,https://www.automobile.it/veglie-bmw-118d-5p-msport-exterior/184272650,€ 16.900,Usato,Novembre 2021,165.000 km,Diesel,Manuale,Unico proprietario,Veglie (LE)
Bmw 116d 5p. Sport 116 CV AUTOMATIC FULL -LED- MATRIX,https://www.automobile.it/solofra-bmw-116d-5p-sport-116-cv-automatic-full-led-matrix/184441657,€ 16.900,Usato,Febbraio 2021,139.000 km,Diesel - Euro 6,Automatico,,Solofra (AV)
BMW Serie 1 (F40) 116d 5p. Business Advan...,https://www.automobile.it/perugia-bmw-serie-1-f40-116d-5p-business-advan/184062474,€ 16.900,Usato,2021,111.600 km,Diesel - Euro 6,Automatico,,Perugia (PG)
BMW 116 d,https://www.automobile.it/pordenone-bmw-116-d/184496171,€ 16.900,Usato,Ottobre 2022,99.000 km,Diesel,Manuale,Unico proprietario,Pordenone (PN)
Bmw 118 118d 5p. Msport,https://www.automobile.it/modica-bmw-118-118d-5p-msport/184188293,€ 16.900,Usato,Luglio 2020,147.453 km,Diesel - Euro 6,Manuale,,Modica (RG)
BMW 120d xDrive 5p. Msport,https://www.automobile.it/rimini-bmw-120d-xdrive-5p-msport/184405996,€ 16.900,Usato,Giugno 2020,191.284 km,Diesel,Automatico,,Rimini (RN)
BMW 116 SUPERPROMO!!DIESEL PRONTA CONSEGNA Advantage,https://www.automobile.it/piacenza-bmw-116-superpromo-diesel-pronta-consegna-advantage/184620366,€ 16.900,Usato,Giugno 2023,79.999 km,Diesel - Euro 6,Manuale,Unico proprietario,Piacenza (PC)
Bmw serie 1 M-Sport 116d ok neopatentati,https://www.automobile.it/santa-maria-sala-bmw-serie-1-m-sport-116d-ok-neopatentati/184641744,€ 16.900,Usato,Agosto 2020,162.000 km,Diesel - Euro 6,Automatico,,Santa Maria di Sala (VE)
Bmw 116d Advantage modello 2020 Navi Tagliandata Bmw,https://www.automobile.it/ventimiglia-bmw-116d-advantage-modello-2020-navi-tagliandata-bmw/181812127,€ 16.990,Usato,Agosto 2020,139.500 km,Diesel - Euro 6,Automatico,Unico proprietario,Ventimiglia (IM)
BMW - Serie 1 - 118d 5p. M Sport,https://www.automobile.it/prato-bmw-serie-1-118d-5p-m-sport/184260266,€ 16.990,Usato,Novembre 2021,140.000 km,Diesel - Euro 6,Manuale,,Prato (PO)
Bmw 116 116d 5p. Business Advantage,https://www.automobile.it/sant-antimo-bmw-116-116d-5p-business-advantage/184145849,€ 16.999,Usato,Giugno 2021,150.000 km,Diesel - Euro 6,Manuale,,Sant'Antimo (NA)
Bmw 118 SPORT,https://www.automobile.it/napoli-bmw-118-sport/184621143,€ 17.300,Usato,Gennaio 2021,69.500 km,Benzina - Euro 6,Manuale,,Napoli (NA)
BMW 118 Serie 1 118d Business Advantage auto - GH903PP,https://www.automobile.it/basiliano-bmw-118-serie-1-118d-business-advantage-auto-gh903pp/184633966,€ 17.400,Usato,Dicembre 2021,100.000 km,Diesel - Euro 6,Automatico,,Basiliano (UD)
Bmw 118 118d 5p. Msport,https://www.automobile.it/prato-bmw-118-118d-5p-msport/184094259,€ 17.490,Usato,Novembre 2021,140.000 km,Diesel - Euro 6,Manuale,,Prato (PO)
Bmw 118i 5p. Sport UNIPRO! PREZZO PROMO!,https://www.automobile.it/roma-bmw-118i-5p-sport-unipro-prezzo-promo/182284591,€ 17.500,Usato,Agosto 2020,80.000 km,Benzina,Manuale,Unico proprietario,Roma (RM)
Bmw 116d. Msport “ok neopatentati”,https://www.automobile.it/cassino-bmw-116d-msport-ok-neopatentati/183542781,€ 17.500,Usato,Marzo 2021,179.000 km,Diesel - Euro 6,Automatico,,Cassino (FR)
BMW 116d Business Advantage 70.000km,https://www.automobile.it/sciacca-bmw-116d-business-advantage-70-000km/184077030,€ 17.500,Usato,Ottobre 2020,69.900 km,Diesel - Euro 6,Manuale,Unico proprietario,Sciacca (AG)
BMW 116 d 5p. Advantage,https://www.automobile.it/napoli-bmw-116-d-5p-advantage/181846396,€ 17.500,Usato,Dicembre 2020,99.000 km,Diesel - Euro 6,Automatico,Unico proprietario,Napoli (NA)
Bmw 118 118d 5p. Sport,https://www.automobile.it/cellole-bmw-118-118d-5p-sport/184485966,€ 17.500,Usato,Ottobre 2020,102.000 km,Diesel - Euro 6,Manuale,,Cellole (CE)
Bmw Serie 1 116D M-SPORT,https://www.automobile.it/acireale-bmw-serie-1-116d-m-sport/184516376,€ 17.500,Usato,Febbraio 2021,175.000 km,Diesel - Euro 6,Manuale,,Acireale (CT)
BMW 118D Msport AUTOMATICO,https://www.automobile.it/roma-bmw-118d-msport-automatico/184545875,€ 17.500,Usato,Luglio 2021,172.000 km,Diesel - Euro 6,Automatico,,Roma (RM)
Bmw 116 116d 5p. Business Advantage,https://www.automobile.it/frosinone-bmw-116-116d-5p-business-advantage/183980706,€ 17.500,Aziendale,Dicembre 2020,113.000 km,Diesel - Euro 6,Automatico,,Frosinone (FR)
BMW 118 i 5p. Advantage,https://www.automobile.it/cosenza-bmw-118-5p-advantage/184620307,€ 17.599,Usato,Novembre 2020,91.398 km,Benzina - Euro 6,Manuale,,Cosenza (CS)
BMW 118 i 5p. Advantage,https://www.automobile.it/collesalvetti-bmw-118-5p-advantage/184620277,€ 17.599,Usato,Novembre 2020,91.398 km,Benzina - Euro 6,Manuale,,Collesalvetti (LI)
BMW 118 i 5p. Advantage,https://www.automobile.it/palermo-bmw-118-5p-advantage/184621247,€ 17.599,Usato,Novembre 2020,91.398 km,Benzina - Euro 6,Manuale,,Palermo (PA)
BMW 118 i 5p. Advantage,https://www.automobile.it/catania-bmw-118-5p-advantage/184621168,€ 17.599,Usato,Novembre 2020,91.398 km,Benzina - Euro 6,Manuale,,Catania (CT)
BMW 118 i 5p. Advantage,https://www.automobile.it/cagliari-bmw-118-5p-advantage/184621200,€ 17.599,Usato,Novembre 2020,91.398 km,Benzina - Euro 6,Manuale,,Cagliari (CA)
BMW 118 i 5p. Advantage,https://www.automobile.it/sassari-bmw-118-5p-advantage/184621213,€ 17.599,Usato,Novembre 2020,91.398 km,Benzina - Euro 6,Manuale,,Sassari (SS)
BMW 118 i 5p. Advantage,https://www.automobile.it/milano-bmw-118-5p-advantage/184621397,€ 17.599,Usato,Novembre 2020,91.398 km,Benzina - Euro 6,Manuale,,Milano (MI)
BMW 118 i 5p. Advantage,https://www.automobile.it/roma-bmw-118-5p-advantage/184624593,€ 17.599,Usato,Novembre 2020,91.398 km,Benzina - Euro 6,Manuale,,Roma (RM)
BMW 118 i 5p. Advantage,https://www.automobile.it/firenze-bmw-118-5p-advantage/184624637,€ 17.599,Usato,Novembre 2020,91.398 km,Benzina - Euro 6,Manuale,,Firenze (FI)
BMW 118 i 5p. Advantage,https://www.automobile.it/bari-bmw-118-5p-advantage/184624719,€ 17.599,Usato,Novembre 2020,91.398 km,Benzina - Euro 6,Manuale,,Bari (BA)
BMW 118 i 5p. Advantage,https://www.automobile.it/casoria-bmw-118-5p-advantage/184624365,€ 17.599,Usato,Novembre 2020,91.398 km,Benzina - Euro 6,Manuale,,Casoria (NA)
BMW 118 i 5p. Advantage,https://www.automobile.it/verona-bmw-118-5p-advantage/184624422,€ 17.599,Usato,Novembre 2020,91.398 km,Benzina - Euro 6,Manuale,,Verona (VR)
BMW 118 i 5p. Advantage,https://www.automobile.it/venezia-bmw-118-5p-advantage/184624811,€ 17.599,Usato,Novembre 2020,91.398 km,Benzina - Euro 6,Manuale,,Venezia (VE)
Bmw 116 116d 5p. Msport,https://www.automobile.it/prato-bmw-116-116d-5p-msport/184097800,€ 17.700,Usato,Giugno 2021,125.000 km,Diesel - Euro 6,Automatico,Unico proprietario,Prato (PO)
Bmw 118 118i 5p. Advantage,https://www.automobile.it/tempio-pausania-bmw-118-118i-5p-advantage/184590579,€ 17.700,Usato,Marzo 2020,65.000 km,Benzina - Euro 6,Manuale,,Tempio Pausania (OT)
BMW 116 d Sport,https://www.automobile.it/bellona-bmw-116-d-sport/180944386,€ 17.800,Usato,Febbraio 2021,147.080 km,Diesel,Manuale,Unico proprietario,Bellona (CE)
BMW Serie 1 116 d 5p. Business Advantage,https://www.automobile.it/san-vito-normanni-bmw-serie-1-116-d-5p-business-advantage/184509979,€ 17.800,Usato,Aprile 2021,80.000 km,Diesel,Automatico,,San Vito dei Normanni (BR)
BMW 116d 5p. Sport UNICO PROP/ LED/ NAVIGATORE/ NEOPATENTATI,https://www.automobile.it/andria-bmw-116d-5p-sport-unico-prop-led-navigatore-neopatentati/184251938,€ 17.890,Usato,Agosto 2021,78.227 km,Diesel - Euro 6,Manuale,Unico proprietario,Andria (BT)
BMW Serie 1 (F40) 118i Advantage 2020,https://www.automobile.it/arzachena-bmw-serie-1-f40-118i-advantage-2020/182195563,€ 17.900,Usato,Aprile 2020,79.000 km,Benzina - Euro 6,Manuale,,Arzachena (OT)
BMW 118d 5p. Business Advantage TETTUCCIO,https://www.automobile.it/partinico-bmw-118d-5p-business-advantage-tettuccio/184341770,€ 17.900,Usato,Novembre 2022,162.000 km,Diesel,Automatico,Unico proprietario,Partinico (PA)
BMW Serie 1 118d Business Advantage Unicoproprietario,https://www.automobile.it/torino-bmw-serie-1-118d-business-advantage-unicoproprietario/184344901,€ 17.900,Usato,Dicembre 2020,68.000 km,Diesel - Euro 6,Manuale,Unico proprietario,Torino (TO)
Bmw 116 116d 5p. Business Advantage,https://www.automobile.it/andria-bmw-116-116d-5p-business-advantage/181254677,€ 17.900,Usato,Luglio 2020,120.000 km,Diesel - Euro 6,Automatico,Unico proprietario,Andria (BT)
BMW Serie 1 116d 116 CV 5 Porte Business Advantage,https://www.automobile.it/bari-bmw-serie-1-116d-116-cv-5-porte-business-advantage/182518577,€ 17.900,Usato,Ottobre 2021,84.500 km,Diesel - Euro 6,Automatico,Unico proprietario,Bari (BA)
BMW 116 D,https://www.automobile.it/salice-salentino-bmw-116-d/184545334,€ 17.900,Usato,Dicembre 2022,115.000 km,Diesel - Euro 6,Automatico,,Salice Salentino (LE)
Bmw 116 116d 5p. Msport,https://www.automobile.it/roma-bmw-116-116d-5p-msport/184551938,€ 17.900,Usato,Maggio 2020,126.000 km,Diesel - Euro 6,Automatico,,Roma (RM)
Bmw 116d Automatica *PREZZO REALE * – IVA Esposta Navi LED 2021,https://www.automobile.it/como-bmw-116d-automatica-prezzo-reale-iva-esposta-navi-led-2021/184096675,€ 17.900,Usato,Ottobre 2021,120.000 km,Diesel - Euro 6,Automatico,,Como (CO)
Bmw 116 116d 5p. Msport,https://www.automobile.it/lanciano-bmw-116-116d-5p-msport/183087067,€ 17.900,Usato,Marzo 2021,116.000 km,Diesel - Euro 6,Automatico,,Lanciano (CH)
Bmw SERIE1 116D - 1.5 DIESEL 116CV UNICO PROPRIETARIO,https://www.automobile.it/quartucciu-bmw-serie1-116d-1-5-diesel-116cv-unico-proprietario/184520553,€ 17.900,Usato,Febbraio 2021,130.000 km,Diesel - Euro 6,Manuale,,Quartucciu (CA)
BMW 116D 1.5 116Cv -Diesel -OK NEOPATENTATI,https://www.automobile.it/pieve-nievole-bmw-116d-1-5-116cv-diesel-ok-neopatentati/184569175,€ 17.900,Usato,Dicembre 2020,179.000 km,Diesel - Euro 6,Automatico,,Pieve a Nievole (PT)
BMW 116 d 5p. Msport Aut.,https://www.automobile.it/castelfranco-bmw-116-d-5p-msport-aut/184612161,€ 17.900,Usato,Maggio 2023,159.000 km,Diesel - Euro 6,Automatico,Unico proprietario,Castelfranco di Sotto (PI)
BMW Serie 1 116d Business Advantage Aut.,https://www.automobile.it/massa-bmw-serie-1-116d-business-advantage-aut/183804202,€ 17.900,Usato,Novembre 2020,76.000 km,Diesel - Euro 6,Automatico,,Massa (MS)
Bmw 118 118i 5p. Business Advantage VIRTUAL,https://www.automobile.it/chivasso-bmw-118-118i-5p-business-advantage-virtual/184624221,€ 17.900,Usato,Settembre 2023,25.000 km,Benzina - Euro 6,Manuale,Unico proprietario,Chivasso (TO)
Bmw 118 118i 5p. Business Advantage,https://www.automobile.it/chivasso-bmw-118-118i-5p-business-advantage/184624220,€ 17.900,Usato,Novembre 2023,23.600 km,Benzina - Euro 6,Manuale,Unico proprietario,Chivasso (TO)
Bmw 118 118i 5p. Business Advantage,https://www.automobile.it/chivasso-bmw-118-118i-5p-business-advantage/184624216,€ 17.900,Usato,Novembre 2023,21.000 km,Benzina - Euro 6,Manuale,Unico proprietario,Chivasso (TO)
Bmw 118 118i 5p. Business Advantage,https://www.automobile.it/chivasso-bmw-118-118i-5p-business-advantage/184624217,€ 17.900,Usato,Dicembre 2023,26.000 km,Benzina - Euro 6,Manuale,Unico proprietario,Chivasso (TO)
Bmw 118 118i 5p. Business Advantage,https://www.automobile.it/chivasso-bmw-118-118i-5p-business-advantage/184624214,€ 17.900,Usato,Agosto 2023,23.500 km,Benzina - Euro 6,Manuale,Unico proprietario,Chivasso (TO)
Bmw 118 118i 5p. Business Advantage,https://www.automobile.it/chivasso-bmw-118-118i-5p-business-advantage/184624215,€ 17.900,Usato,Ottobre 2023,23.000 km,Benzina - Euro 6,Manuale,Unico proprietario,Chivasso (TO)
Bmw 118 118i 5p. Business Advantage,https://www.automobile.it/chivasso-bmw-118-118i-5p-business-advantage/184624223,€ 17.900,Usato,Ottobre 2023,24.000 km,Benzina - Euro 6,Manuale,Unico proprietario,Chivasso (TO)
Bmw 116d Business SENZA VINCOLI IVA ESPOSTA,https://www.automobile.it/roma-bmw-116d-business-vincoli-iva-esposta/184488112,€ 17.900,Usato,Settembre 2023,74.000 km,Diesel - Euro 6,Automatico,,Roma (RM)
BMW 116 Serie 1 (F40) - d 5p. Msport,https://www.automobile.it/caltanissetta-bmw-116-serie-1-f40-d-5p-msport/184639869,€ 17.900,Usato,Marzo 2021,119.000 km,Diesel - Euro 6,Manuale,Unico proprietario,Caltanissetta (CL)
Bmw 116d 5p. CAMBIO AUTOMATICO OK NEOPATENTATI,https://www.automobile.it/lecco-bmw-116d-5p-cambio-automatico-ok-neopatentati/184641435,€ 17.900,Usato,Aprile 2022,96.000 km,Diesel - Euro 6,Automatico,,Lecco (LC)
Bmw 116d 5p. Business Advantage Aut.,https://www.automobile.it/maddaloni-bmw-116d-5p-business-advantage-aut/184349304,€ 17.950,Usato,Gennaio 2021,85.638 km,Diesel - Euro 6,Automatico,,Maddaloni (CE)
BMW Serie 1 (F40) 116d 5p. Msport,https://www.automobile.it/ferrara-bmw-serie-1-f40-116d-5p-msport/184556140,€ 17.950,Usato,2024,205.000 km,Diesel - Euro 6,Automatico,,Ferrara (FE)
Bmw 116 116d 5p. Msport,https://www.automobile.it/cellole-bmw-116-116d-5p-msport/182132071,€ 17.990,Usato,Novembre 2020,165.000 km,Diesel - Euro 6,Automatico,,Cellole (CE)
BMW 118 d Business Advantage auto,https://www.automobile.it/massafra-bmw-118-d-business-advantage-auto/184494241,€ 17.990,Usato,Gennaio 2021,98.000 km,Diesel,Automatico,Unico proprietario,Massafra (TA)
Bmw 116 5p. Business Advantage,https://www.automobile.it/viadana-bmw-116-5p-business-advantage/184617920,€ 17.990,Usato,Dicembre 2022,107.000 km,Diesel,Automatico,Unico proprietario,Viadana (MN)
Bmw 116 116d 5p. SPORT,https://www.automobile.it/rivolta-d-adda-bmw-116-116d-5p-sport/184604833,€ 17.999,Usato,Dicembre 2022,99.000 km,Diesel - Euro 6,Automatico,Unico proprietario,Rivolta d'Adda (CR)
BMW 116D SPORT 1.5 115CV E6D SPORT MANUALE 94000 KM,https://www.automobile.it/giugliano-campania-bmw-116d-sport-1-5-115cv-e6d-sport-manuale-94000-km/183933539,€ 18.000,Usato,Novembre 2020,94.904 km,Diesel - Euro 6,Manuale,2 Proprietari,Giugliano in Campania (NA)
BMW 116 d 5p. Business Advantage,https://www.automobile.it/roma-bmw-116-d-5p-business-advantage/183954155,€ 18.000,Usato,Dicembre 2022,116.000 km,Diesel - Euro 6,Automatico,,Roma (RM)
BMW 116 d 5p. Advantage,https://www.automobile.it/cosenza-bmw-116-d-5p-advantage/184630553,€ 18.299,Usato,Settembre 2021,93.900 km,Diesel - Euro 6,Automatico,,Cosenza (CS)
BMW 116 d 5p. Advantage,https://www.automobile.it/sassari-bmw-116-d-5p-advantage/184633571,€ 18.299,Usato,Settembre 2021,93.900 km,Diesel - Euro 6,Automatico,,Sassari (SS)
BMW 116 d 5p. Advantage,https://www.automobile.it/bari-bmw-116-d-5p-advantage/184633890,€ 18.299,Usato,Settembre 2021,93.900 km,Diesel - Euro 6,Automatico,,Bari (BA)
BMW 116 d 5p. Advantage,https://www.automobile.it/venezia-bmw-116-d-5p-advantage/184634052,€ 18.299,Usato,Settembre 2021,93.900 km,Diesel - Euro 6,Automatico,,Venezia (VE)
BMW 116 d 5p. Advantage,https://www.automobile.it/sassari-bmw-116-d-5p-advantage/184633571,€ 18.299,Usato,Settembre 2021,93.900 km,Diesel - Euro 6,Automatico,,Sassari (SS)
BMW 116 d 5p. Advantage,https://www.automobile.it/palermo-bmw-116-d-5p-advantage/184633595,€ 18.299,Usato,Settembre 2021,93.900 km,Diesel - Euro 6,Automatico,,Palermo (PA)
BMW 116 d 5p. Advantage,https://www.automobile.it/roma-bmw-116-d-5p-advantage/184633783,€ 18.299,Usato,Settembre 2021,93.900 km,Diesel - Euro 6,Automatico,,Roma (RM)
BMW 116 d 5p. Advantage,https://www.automobile.it/catania-bmw-116-d-5p-advantage/184632747,€ 18.299,Usato,Settembre 2021,93.900 km,Diesel - Euro 6,Automatico,,Catania (CT)
BMW 116 d 5p. Advantage,https://www.automobile.it/casoria-bmw-116-d-5p-advantage/184632755,€ 18.299,Usato,Settembre 2021,93.900 km,Diesel - Euro 6,Automatico,,Casoria (NA)
BMW 116 d 5p. Advantage,https://www.automobile.it/venezia-bmw-116-d-5p-advantage/184634052,€ 18.299,Usato,Settembre 2021,93.900 km,Diesel - Euro 6,Automatico,,Venezia (VE)
BMW 116 d 5p. Advantage,https://www.automobile.it/verona-bmw-116-d-5p-advantage/184632942,€ 18.299,Usato,Settembre 2021,93.900 km,Diesel - Euro 6,Automatico,,Verona (VR)
BMW 116 d 5p. Advantage,https://www.automobile.it/beinasco-bmw-116-d-5p-advantage/184633144,€ 18.299,Usato,Settembre 2021,93.900 km,Diesel - Euro 6,Automatico,,Beinasco (TO)
BMW 116 d 5p. Advantage,https://www.automobile.it/firenze-bmw-116-d-5p-advantage/184633291,€ 18.299,Usato,Settembre 2021,93.900 km,Diesel - Euro 6,Automatico,,Firenze (FI)
BMW 116 d 5p. Advantage,https://www.automobile.it/collesalvetti-bmw-116-d-5p-advantage/184639607,€ 18.299,Usato,Settembre 2021,93.900 km,Diesel - Euro 6,Automatico,,Collesalvetti (LI)
BMW 116 d 5p. Advantage,https://www.automobile.it/milano-bmw-116-d-5p-advantage/184641132,€ 18.299,Usato,Settembre 2021,93.900 km,Diesel - Euro 6,Automatico,,Milano (MI)
BMW 116 d Msport 116CV FARI LED PACK LUCI,https://www.automobile.it/sant-anastasia-bmw-116-d-msport-116cv-fari-led-pack-luci/184584595,€ 18.499,Usato,Gennaio 2021,135.000 km,Diesel - Euro 6,Automatico,,Sant'Anastasia (NA)
BMW 116d 5p. Business Advantage,https://www.automobile.it/favara-bmw-116d-5p-business-advantage/183589300,€ 18.500,Usato,Maggio 2023,186.555 km,Diesel,Manuale,,Favara (AG)
Bmw 116d 5p. Business Advantage FULL SERVICE BMW,https://www.automobile.it/caposele-bmw-116d-5p-business-advantage-full-service-bmw/183814494,€ 18.500,Usato,Aprile 2021,72.000 km,Diesel - Euro 6,Automatico,,Caposele (AV)
Bmw 116 116d 5p. SPORT EDITION solo 100 mila km,https://www.automobile.it/roma-bmw-116-116d-5p-sport-edition-solo-100-mila-km/184485955,€ 18.500,Usato,Gennaio 2022,99.000 km,Diesel - Euro 6,Manuale,,Roma (RM)
Bmw 116 116d 5p. Business Advantage Automatica,https://www.automobile.it/termoli-bmw-116-116d-5p-business-advantage-automatica/184558420,€ 18.500,Usato,Maggio 2023,145.000 km,Diesel - Euro 6,Automatico,,Termoli (CB)
Bmw 116 116d 5p. Business Advantage,https://www.automobile.it/sant-egidio-monte-albino-bmw-116-116d-5p-business-advantage/184573331,€ 18.500,Usato,Dicembre 2022,107.064 km,Diesel - Euro 6,Automatico,,Sant'Egidio del Monte Albino (SA)
Bmw 118 118i 5p. Advantage,https://www.automobile.it/collegno-bmw-118-118i-5p-advantage/184605474,€ 18.500,Usato,Febbraio 2022,34.000 km,Benzina - Euro 6,Manuale,Unico proprietario,Collegno (TO)
BMW Serie 1 118d Business Advantage auto,https://www.automobile.it/tolmezzo-bmw-serie-1-118d-business-advantage-auto/184372618,€ 18.700,Usato,Dicembre 2021,101.000 km,Diesel - Euro 6,Automatico,,Tolmezzo (UD)
BMW Serie 1 116d MSport Steptronic,https://www.automobile.it/sesto-fiorentino-bmw-serie-1-116d-msport-steptronic/182875699,€ 18.700,Usato,Febbraio 2020,104.900 km,Diesel,Automatico,Unico proprietario,Sesto Fiorentino (FI)
Bmw 116 116d sport strafull !!!,https://www.automobile.it/alcamo-bmw-116-116d-sport-strafull/184591735,€ 18.700,Usato,Agosto 2022,152.000 km,Diesel - Euro 6,Automatico,,Alcamo (TP)
BMW 118 Serie 1 d Msport auto,https://www.automobile.it/roma-bmw-118-serie-1-d-msport-auto/183855068,€ 18.700,Usato,Giugno 2020,134.968 km,Diesel - Euro 6,Automatico,,Roma (RM)
Bmw 116 116d 5p. Advantage,https://www.automobile.it/giugliano-campania-bmw-116-116d-5p-advantage/184614862,€ 18.800,Usato,Dicembre 2021,155.000 km,Diesel - Euro 6,Automatico,Unico proprietario,Giugliano in Campania (NA)
Bmw 118 118i 5p. Business Advantage,https://www.automobile.it/torino-bmw-118-118i-5p-business-advantage/184491822,€ 18.890,Usato,Maggio 2020,50.000 km,Benzina - Euro 6,Automatico,,Torino (TO)
BMW 116 d 5p. Advantage,https://www.automobile.it/oderzo-bmw-116-d-5p-advantage/182945652,€ 18.900,Usato,Dicembre 2020,103.113 km,Diesel - Euro 6,Manuale,,Oderzo (TV)
Bmw 116 116d 5p. Business Advantage Auto,https://www.automobile.it/spezzano-sila-bmw-116-116d-5p-business-advantage-auto/184335559,€ 18.900,Usato,Gennaio 2023,105.000 km,Diesel - Euro 6,Automatico,Unico proprietario,Spezzano della Sila (CS)
BMW Serie 1 116d Advantage auto,https://www.automobile.it/vitulazio-bmw-serie-1-116d-advantage-auto/184226341,€ 18.900,Usato,Giugno 2022,93.152 km,Diesel - Euro 6,Automatico,,Vitulazio (CE)
BMW 116 MSPORT CERCHI 19 MINERAL GREY METALLIC NEOP,https://www.automobile.it/san-paolo-d-argon-bmw-116-msport-cerchi-19-mineral-grey-metallic-neop/184357678,€ 18.900,Usato,Gennaio 2021,161.900 km,Diesel - Euro 6,Automatico,,San Paolo d'Argon (BG)
Bmw 116 116d 5p. Advantage,https://www.automobile.it/misilmeri-bmw-116-116d-5p-advantage/183654255,€ 18.900,Usato,Gennaio 2021,170.000 km,Diesel - Euro 6,Manuale,,Misilmeri (PA)
BMW 116 d 5 Porte Sport Automatica,https://www.automobile.it/senna-comasco-bmw-116-d-5-porte-sport-automatica/184472124,€ 18.900,Usato,Novembre 2020,94.751 km,Diesel - Euro 6,Automatico,,Senna Comasco (CO)
Bmw serie 1 116d 5p anno 2023,https://www.automobile.it/bolognetta-bmw-serie-1-116d-5p-anno-2023/184517272,€ 18.900,Usato,Febbraio 2023,128.000 km,Diesel - Euro 6,Manuale,Unico proprietario,Bolognetta (PA)
Bmw 116d KM. 76.000!,https://www.automobile.it/sassari-bmw-116d-km-76-000/184508550,€ 18.900,Usato,Agosto 2021,76.000 km,Diesel - Euro 6,Automatico,Unico proprietario,Sassari (SS)
BMW 116 Serie 1 i Msport,https://www.automobile.it/roma-bmw-116-serie-1-msport/184588236,€ 18.900,Usato,Aprile 2023,51.955 km,Benzina - Euro 6,Manuale,,Roma (RM)
Bmw 118 118i 5p. Business Advantage,https://www.automobile.it/chivasso-bmw-118-118i-5p-business-advantage/184624218,€ 18.900,Usato,Dicembre 2023,21.500 km,Benzina - Euro 6,Automatico,Unico proprietario,Chivasso (TO)
Bmw 118 118i 5p. Business Advantage,https://www.automobile.it/chivasso-bmw-118-118i-5p-business-advantage/184624219,€ 18.900,Usato,Ottobre 2023,23.700 km,Benzina - Euro 6,Automatico,Unico proprietario,Chivasso (TO)
Bmw 118 118i 5p. Business Advantage,https://www.automobile.it/chivasso-bmw-118-118i-5p-business-advantage/184624212,€ 18.900,Usato,Luglio 2023,22.800 km,Benzina - Euro 6,Automatico,Unico proprietario,Chivasso (TO)
Bmw 118 118i 5p. Business Advantage VIRTUAL,https://www.automobile.it/chivasso-bmw-118-118i-5p-business-advantage-virtual/184624213,€ 18.900,Usato,Dicembre 2023,21.000 km,Benzina - Euro 6,Automatico,Unico proprietario,Chivasso (TO)
Bmw 118 118i 5p. Business Advantage,https://www.automobile.it/chivasso-bmw-118-118i-5p-business-advantage/184624222,€ 18.900,Usato,Novembre 2023,20.500 km,Benzina - Euro 6,Automatico,Unico proprietario,Chivasso (TO)
BMW 116 d Advantage 116CV NEOPATENTATI,https://www.automobile.it/stra-bmw-116-d-advantage-116cv-neopatentati/184631459,€ 18.900,Usato,Marzo 2023,94.000 km,Diesel - Euro 6,Automatico,Unico proprietario,Stra (VE)
Bmw 118i 5p. Sport 136CV 5P NEOPATENTATI,https://www.automobile.it/milano-bmw-118i-5p-sport-136cv-5p-neopatentati/183931405,€ 18.990,Usato,Febbraio 2021,92.223 km,Benzina - Euro 6,Automatico,,Milano (MI)
BMW 118 d 5p. Advantage,https://www.automobile.it/san-michele-salentino-bmw-118-d-5p-advantage/184567364,€ 18.990,Usato,Gennaio 2021,137.000 km,Diesel - Euro 6,Automatico,Unico proprietario,San Michele Salentino (BR)
Bmw 116 116d 5p. Business Advantage,https://www.automobile.it/molfetta-bmw-116-116d-5p-business-advantage/183056409,€ 18.990,Usato,Gennaio 2020,129.980 km,Diesel - Euro 6,Automatico,,Molfetta (BA)
Bmw 116 Serie 1 Msport interno & esterno CERCHI 18 FULL OPTIONAL TAGLIANDI BMW,https://www.automobile.it/olgiate-comasco-bmw-116-serie-1-msport-interno-esterno-cerchi-18-full-optional-tagliandi-bmw/184502624,€ 18.990,Usato,Aprile 2022,149.000 km,Diesel - Euro 6,Automatico,Unico proprietario,Olgiate Comasco (CO)
BMW 116d SPORT AUT 116cv,https://www.automobile.it/isernia-bmw-116d-sport-aut-116cv/184641398,€ 18.990,Usato,Aprile 2022,105.000 km,Diesel - Euro 6,Manuale,,Isernia (IS)
Bmw Serie 1 118d 2.0 150cv 2021 cambio automatico,https://www.automobile.it/torre-annunziata-bmw-serie-1-118d-2-0-150cv-2021-cambio-automatico/182196937,€ 18.999,Usato,Febbraio 2021,95.000 km,Diesel - Euro 6,Automatico,Unico proprietario,Torre Annunziata (NA)
Bmw 116d 5p. Msport,https://www.automobile.it/partinico-bmw-116d-5p-msport/182838617,€ 18.999,Usato,Giugno 2020,128.000 km,Diesel - Euro 6,Automatico,,Partinico (PA)
Bmw Serie 1 118d 2.0 150cv 2021 Cambio Automatico.,https://www.automobile.it/torre-annunziata-bmw-serie-1-118d-2-0-150cv-2021-cambio-automatico/184553354,€ 18.999,Usato,Febbraio 2021,95.000 km,Diesel - Euro 6,Automatico,Unico proprietario,Torre Annunziata (NA)
BMW Serie 1 5 Porte 118 d SCR Sport Steptronic,https://www.automobile.it/milano-bmw-serie-1-5-porte-118-d-scr-sport-steptronic/184496007,€ 19.000,Usato,Febbraio 2020,101.825 km,Diesel - Euro 6,Automatico,,Milano (MI)
BMW 116 d Business Advantage auto,https://www.automobile.it/adrano-bmw-116-d-business-advantage-auto/184561491,€ 19.290,Usato,Aprile 2023,127.455 km,Diesel,Automatico,Unico proprietario,Adrano (CT)
Bmw 120d xDrive 5p. Business Advantage,https://www.automobile.it/isernia-bmw-120d-xdrive-5p-business-advantage/183669298,€ 19.300,Usato,Luglio 2020,120.000 km,Diesel - Euro 6,Automatico,Unico proprietario,Isernia (IS)
BMW Serie 1 SERIE 1 116D BUSINESS ADVANTAGE,https://www.automobile.it/lecce-bmw-serie-1-serie-1-116d-business-advantage/184561139,€ 19.300,Usato,Maggio 2023,102.574 km,Diesel - Euro 6,Manuale,,Lecce (LE)
Bmw 116 116d 5p. Business Advantage,https://www.automobile.it/alife-bmw-116-116d-5p-business-advantage/183469033,€ 19.390,Usato,Marzo 2022,53.000 km,Diesel - Euro 6,Automatico,,Alife (CE)
BMW 118 i Msport 136cv auto,https://www.automobile.it/treviglio-bmw-118-msport-136cv-auto/184610803,€ 19.490,Usato,Gennaio 2021,86.000 km,Benzina,Automatico,2 Proprietari,Treviglio (BG)
Bmw 116 116d 5p. Msport,https://www.automobile.it/poviglio-bmw-116-116d-5p-msport/184601781,€ 19.499,Usato,Ottobre 2020,125.000 km,Diesel - Euro 6,Automatico,,Poviglio (RE)
Bmw 116D 5p. Cambio automatico full optional,https://www.automobile.it/san-casciano-val-pesa-bmw-116d-5p-cambio-automatico-full-optional/184632964,€ 19.499,Usato,Agosto 2023,70.000 km,Diesel - Euro 6,Automatico,Unico proprietario,San Casciano in Val di Pesa (FI)
BMW 116d 5p. Business Advantage,https://www.automobile.it/potenza-bmw-116d-5p-business-advantage/184120250,€ 19.500,Usato,Dicembre 2022,117.860 km,Diesel - Euro 6,Automatico,,Potenza (PZ)
Bmw 116 116d 5p. Business Advantage,https://www.automobile.it/maglie-bmw-116-116d-5p-business-advantage/184271427,€ 19.500,Usato,Agosto 2020,80.000 km,Diesel - Euro 6,Manuale,,Maglie (LE)
BMW 118d 5p. Business Advantage,https://www.automobile.it/san-michele-salentino-bmw-118d-5p-business-advantage/182690373,€ 19.500,Usato,Marzo 2021,149.890 km,Diesel,Automatico,Unico proprietario,San Michele Salentino (BR)
Bmw 118i. Business 136cv,https://www.automobile.it/arzachena-bmw-118i-business-136cv/184577317,€ 19.500,Usato,Luglio 2022,63.000 km,Benzina - Euro 6,Manuale,,Arzachena (OT)
Bmw 118 118i 5p. Msport -GARANZIA - tua da 199€,https://www.automobile.it/castel-gandolfo-bmw-118-118i-5p-msport-garanzia-199/183522625,€ 19.700,Usato,Agosto 2021,125.000 km,Benzina - Euro 6,Manuale,2 Proprietari,Castel Gandolfo (RM)
Bmw 116 116d 5p. Business Advantage,https://www.automobile.it/ragusa-bmw-116-116d-5p-business-advantage/184385311,€ 19.700,Usato,Gennaio 2021,112.000 km,Diesel - Euro 6,Automatico,Unico proprietario,Ragusa (RG)
Bmw 116 116D BUSINESS ADVANTAGE 2023,https://www.automobile.it/campobasso-bmw-116-116d-business-advantage-2023/184134605,€ 19.700,Usato,Febbraio 2023,43.222 km,Diesel - Euro 6,Manuale,Unico proprietario,Campobasso (CB)
BMW 116 Serie 1 (F40) d 5p. Business Advantage,https://www.automobile.it/bari-bmw-116-serie-1-f40-d-5p-business-advantage/184530270,€ 19.700,Usato,Gennaio 2023,94.464 km,Diesel,Automatico,,Bari (BA)
BMW 116 Serie 1 d Msport auto,https://www.automobile.it/roma-bmw-116-serie-1-d-msport-auto/184166068,€ 19.701,Usato,Dicembre 2022,85.746 km,Diesel - Euro 6,Automatico,,Roma (RM)
Bmw 116 116d 5p. M Sport Strafull 2020,https://www.automobile.it/avellino-bmw-116-116d-5p-m-sport-strafull-2020/183661318,€ 19.790,Usato,Marzo 2020,140.000 km,Diesel - Euro 6,Automatico,,Avellino (AV)
BMW 116 d 5p. Business Advantage,https://www.automobile.it/san-vito-normanni-bmw-116-d-5p-business-advantage/183202643,€ 19.800,Usato,Maggio 2023,92.247 km,Diesel - Euro 6,Manuale,,San Vito dei Normanni (BR)
Bmw 116 116d 5p. Advantage,https://www.automobile.it/roma-bmw-116-116d-5p-advantage/183125042,€ 19.800,Usato,Novembre 2020,86.234 km,Diesel - Euro 6,Automatico,Unico proprietario,Roma (RM)
BMW 118D BUSINESS ADVANTAGE VIRTUAL,https://www.automobile.it/sora-bmw-118d-business-advantage-virtual/182196634,€ 19.800,Usato,Giugno 2021,144.600 km,Diesel - Euro 6,Manuale,Unico proprietario,Sora (FR)
BMW 116 d 5p. Business Advantage NAVIG!!!!,https://www.automobile.it/savignano-rubicone-bmw-116-d-5p-business-advantage-navig/183519732,€ 19.800,Usato,Febbraio 2023,119.500 km,Diesel - Euro 6,Manuale,Unico proprietario,Savignano sul Rubicone (FC)
BMW 116 d 5p. Business Advantage,https://www.automobile.it/taranto-bmw-116-d-5p-business-advantage/184254276,€ 19.800,Usato,Aprile 2021,47.250 km,Diesel - Euro 6,Automatico,,Taranto (TA)
Bmw 120 120d xDrive 5p. Msport,https://www.automobile.it/roma-bmw-120-120d-xdrive-5p-msport/184572555,€ 19.800,Usato,Dicembre 2021,235.785 km,Diesel - Euro 6,Automatico,,Roma (RM)
Bmw 116 d 5p Automatico Business Advantage,https://www.automobile.it/viadana-bmw-116-d-5p-automatico-business-advantage/184617813,€ 19.800,Usato,Dicembre 2021,107.000 km,Diesel,Automatico,Unico proprietario,Viadana (MN)
BMW 116d 5p. Msport AUT.,https://www.automobile.it/fardella-bmw-116d-5p-msport-aut/184213765,€ 19.900,Usato,Novembre 2020,114.170 km,Diesel,Automatico,,Fardella (PZ)
BMW Serie 1 116d Business Advantage,https://www.automobile.it/catania-bmw-serie-1-116d-business-advantage/184184817,€ 19.900,Usato,Luglio 2021,146.217 km,Diesel - Euro 6,Automatico,,Catania (CT)
BMW Serie 1 116d Business Advantage,https://www.automobile.it/palermo-bmw-serie-1-116d-business-advantage/184184816,€ 19.900,Usato,Luglio 2021,146.217 km,Diesel - Euro 6,Automatico,,Palermo (PA)
BMW Serie 1 116d Business Advantage,https://www.automobile.it/villa-san-giovanni-bmw-serie-1-116d-business-advantage/184184828,€ 19.900,Usato,Luglio 2021,146.217 km,Diesel - Euro 6,Automatico,,Villa San Giovanni (RC)
BMW Serie 1 116d Business Advantage,https://www.automobile.it/messina-bmw-serie-1-116d-business-advantage/184184810,€ 19.900,Usato,Luglio 2021,146.217 km,Diesel - Euro 6,Automatico,,Messina (ME)
BMW Serie 1 116d 5p. Msport auto,https://www.automobile.it/cava-de-tirreni-bmw-serie-1-116d-5p-msport-auto/184405374,€ 19.900,Usato,Febbraio 2020,130.000 km,Diesel - Euro 6,Automatico,Unico proprietario,Cava de' Tirreni (SA)
Bmw 118 118i 5p. Msport,https://www.automobile.it/matino-bmw-118-118i-5p-msport/184435562,€ 19.900,Usato,Novembre 2020,124.600 km,Benzina - Euro 6,Manuale,,Matino (LE)
Bmw 116 116d 5p. Business Advantage,https://www.automobile.it/civitanova-marche-bmw-116-116d-5p-business-advantage/183219545,€ 19.900,Usato,Marzo 2021,84.000 km,Diesel - Euro 6,Automatico,Unico proprietario,Civitanova Marche (MC)
Bmw 118i 5p. 136CV,https://www.automobile.it/lecco-bmw-118i-5p-136cv/184523345,€ 19.900,Usato,Giugno 2022,38.000 km,Benzina - Euro 6,Manuale,,Lecco (LC)
Bmw 120 Business Advantage 120 i #50494,https://www.automobile.it/mazzano-bmw-120-business-advantage-120-50494/184600881,€ 19.900,Usato,Febbraio 2021,138.000 km,Benzina,Automatico,2 Proprietari,Mazzano (BS)
Bmw 118d 5p. Msport 150 cv,https://www.automobile.it/santeramo-colle-bmw-118d-5p-msport-150-cv/184614418,€ 19.900,Usato,Febbraio 2020,127.000 km,Diesel - Euro 6,Manuale,Unico proprietario,Santeramo in Colle (BA)
BMW Serie 1 (F40) ('19'-'25') 116d 5P Msport (85 kw) Valore di listino: € 38300,https://www.automobile.it/firenze-bmw-serie-1-f40-19-25-116d-5p-msport-85-kw-valore-listino-38300/184197466,€ 19.900,Usato,Novembre 2020,115.123 km,Diesel - Euro 6,Automatico,Unico proprietario,Firenze (FI)
BMW Serie 1 5 Porte 116 d SCR Business Advantage,https://www.automobile.it/san-giorgio-mantova-bmw-serie-1-5-porte-116-d-scr-business-advantage/183597739,€ 19.900,Usato,Febbraio 2023,76.388 km,Diesel - Euro 6,Manuale,,San Giorgio di Mantova (MN)
BMW Serie 1 5 Porte 116 d SCR Business Advantage,https://www.automobile.it/brescia-bmw-serie-1-5-porte-116-d-scr-business-advantage/183597954,€ 19.900,Usato,Febbraio 2023,76.388 km,Diesel - Euro 6,Manuale,,Brescia (BS)
Bmw 118 118d 5p. Business Advantage AUTOMATICA,https://www.automobile.it/ardea-bmw-118-118d-5p-business-advantage-automatica/184508411,€ 19.900,Usato,Marzo 2023,86.874 km,Diesel,Automatico,Unico proprietario,Ardea (RM)
Bmw 118 118d xDrive 5p. Business Advantage,https://www.automobile.it/strongoli-bmw-118-118d-xdrive-5p-business-advantage/184571452,€ 19.900,Aziendale,Dicembre 2022,145.000 km,Diesel - Euro 6,Automatico,Unico proprietario,Strongoli (KR)
Bmw 118 118d 5p. Msport,https://www.automobile.it/trinitapoli-bmw-118-118d-5p-msport/184574439,€ 19.900,Usato,Luglio 2020,146.000 km,Diesel - Euro 6,Automatico,,Trinitapoli (BT)
Bmw 118 118d 5p. Msport,https://www.automobile.it/trinitapoli-bmw-118-118d-5p-msport/184574444,€ 19.900,Usato,Luglio 2020,146.000 km,Diesel - Euro 6,Automatico,,Trinitapoli (BT)
Bmw 118 118d 5p. Advantage,https://www.automobile.it/niscemi-bmw-118-118d-5p-advantage/184581296,€ 19.900,Usato,Aprile 2022,140.000 km,Diesel - Euro 6,Automatico,Unico proprietario,Niscemi (CL)
BMW 118 Serie 1 d Advantage auto,https://www.automobile.it/roma-bmw-118-serie-1-d-advantage-auto/184565226,€ 19.900,Usato,Novembre 2021,128.070 km,Diesel - Euro 6,Automatico,,Roma (RM)
Bmw 116d Sport blue -FULL LED,https://www.automobile.it/isernia-bmw-116d-sport-blue-full-led/182248721,€ 19.990,Usato,Gennaio 2021,90.000 km,Diesel - Euro 6,Manuale,,Isernia (IS)
BMW Serie 1 116d Business Advantage 1.5 115cv Auto Euro 6D,https://www.automobile.it/mandatoriccio-bmw-serie-1-116d-business-advantage-1-5-115cv-auto-euro-6d/183642364,€ 19.990,Aziendale,Aprile 2021,72.719 km,Diesel - Euro 6,Automatico,,Mandatoriccio (CS)
Bmw 116d 1.5 Diesel 116cv anno 2021 km 107000,https://www.automobile.it/torino-bmw-116d-1-5-diesel-116cv-anno-2021-km-107000/184067279,€ 19.990,Usato,Settembre 2021,107.000 km,Diesel - Euro 6,Automatico,Unico proprietario,Torino (TO)
Bmw 118i 136cv IVA ESPOSTA*RADAR*UNICO PROP,https://www.automobile.it/cherasco-bmw-118i-136cv-iva-esposta-radar-unico-prop/182280976,€ 19.990,Usato,Febbraio 2021,100.000 km,Benzina - Euro 6,Automatico,Unico proprietario,Cherasco (CN)
BMW 116 d 5p. Msport PERMUTE UNICOPROPRIETARIO OK NEOPAT.,https://www.automobile.it/parma-bmw-116-d-5p-msport-permute-unicoproprietario-ok-neopat/184484372,€ 19.990,Usato,Ottobre 2021,100.000 km,Diesel - Euro 6,Automatico,,Parma (PR)
BMW 118 d 5p. Msport PERMUTE UNICOPROPRIETARIO UFF.ITALIA,https://www.automobile.it/parma-bmw-118-d-5p-msport-permute-unicoproprietario-uff-italia/184484401,€ 19.990,Usato,Ottobre 2022,107.000 km,Diesel - Euro 6,Automatico,,Parma (PR)
Bmw 118 118d 5p. Business Advantage,https://www.automobile.it/deruta-bmw-118-118d-5p-business-advantage/184551741,€ 19.990,Usato,Marzo 2023,117.800 km,Diesel - Euro 6,Semiautomatico,Unico proprietario,Deruta (PG)
"Bmw 118d 5p. Business Advantage ""Perfetta""",https://www.automobile.it/cordenons-bmw-118d-5p-business-advantage-perfetta/183602553,€ 19.990,Usato,Ottobre 2022,131.000 km,Diesel - Euro 6,Manuale,Unico proprietario,Cordenons (PN)
"Bmw 118d 5p. Business Advantage ""Perfetta""",https://www.automobile.it/cordenons-bmw-118d-5p-business-advantage-perfetta/183602553,€ 19.990,Usato,Ottobre 2022,131.000 km,Diesel - Euro 6,Manuale,Unico proprietario,Cordenons (PN)
Bmw 116 116d 5p. Msport,https://www.automobile.it/milano-bmw-116-116d-5p-msport/183999441,€ 19.990,Usato,Maggio 2022,112.000 km,Diesel - Euro 6,Automatico,Unico proprietario,Milano (MI)
Bmw 116d 5p. Automatico Business Advantage,https://www.automobile.it/viadana-bmw-116d-5p-automatico-business-advantage/184617807,€ 19.990,Usato,Dicembre 2022,97.000 km,Diesel,Automatico,Unico proprietario,Viadana (MN)
BMW 116 d 5p. Business Advantage,https://www.automobile.it/taranto-bmw-116-d-5p-business-advantage/183717427,€ 19.999,Usato,Luglio 2021,73.000 km,Diesel - Euro 6,Automatico,,Taranto (TA)
"BMW 116D 1.5 ADVANTAGE 116CV - CRUISE CONTROL, NEOPATENTATI",https://www.automobile.it/brescello-bmw-116d-1-5-advantage-116cv-cruise-control-neopatentati/182312850,€ 19.999,Usato,Giugno 2021,97.000 km,Diesel - Euro 6,Automatico,Unico proprietario,Brescello (RE)
Bmw 118 118i 5p. Colorvision Edition,https://www.automobile.it/cologno-monzese-bmw-118-118i-5p-colorvision-edition/184487974,€ 19.999,Usato,Dicembre 2023,97.000 km,Benzina - Euro 6,Automatico,,Cologno Monzese (MI)
BMW 118 d 5p. Msport,https://www.automobile.it/venezia-bmw-118-d-5p-msport/184533783,€ 19.999,Usato,Novembre 2021,95.816 km,Diesel - Euro 6,Manuale,,Venezia (VE)
BMW 118 d 5p. Msport,https://www.automobile.it/sassari-bmw-118-d-5p-msport/184532630,€ 19.999,Usato,Novembre 2021,95.816 km,Diesel - Euro 6,Manuale,,Sassari (SS)
BMW 118 d 5p. Msport,https://www.automobile.it/palermo-bmw-118-d-5p-msport/184533532,€ 19.999,Usato,Novembre 2021,95.816 km,Diesel - Euro 6,Manuale,,Palermo (PA)
BMW 118 d 5p. Msport,https://www.automobile.it/firenze-bmw-118-d-5p-msport/184533148,€ 19.999,Usato,Novembre 2021,95.816 km,Diesel - Euro 6,Manuale,,Firenze (FI)
BMW 118 d 5p. Msport,https://www.automobile.it/bologna-bmw-118-d-5p-msport/184532891,€ 19.999,Usato,Novembre 2021,95.816 km,Diesel - Euro 6,Manuale,,Bologna (BO)
BMW 118 d 5p. Msport,https://www.automobile.it/cagliari-bmw-118-d-5p-msport/184532791,€ 19.999,Usato,Novembre 2021,95.816 km,Diesel - Euro 6,Manuale,,Cagliari (CA)
BMW 118 d 5p. Msport,https://www.automobile.it/roma-bmw-118-d-5p-msport/184533064,€ 19.999,Usato,Novembre 2021,95.816 km,Diesel - Euro 6,Manuale,,Roma (RM)
BMW 118 d 5p. Msport,https://www.automobile.it/bari-bmw-118-d-5p-msport/184533268,€ 19.999,Usato,Novembre 2021,95.816 km,Diesel - Euro 6,Manuale,,Bari (BA)
BMW 118 d 5p. Msport,https://www.automobile.it/milano-bmw-118-d-5p-msport/184533467,€ 19.999,Usato,Novembre 2021,95.816 km,Diesel - Euro 6,Manuale,,Milano (MI)
BMW 118 d 5p. Msport,https://www.automobile.it/beinasco-bmw-118-d-5p-msport/184532244,€ 19.999,Usato,Novembre 2021,95.816 km,Diesel - Euro 6,Manuale,,Beinasco (TO)
BMW 118 d 5p. Msport,https://www.automobile.it/cosenza-bmw-118-d-5p-msport/184529660,€ 19.999,Usato,Novembre 2021,95.816 km,Diesel - Euro 6,Manuale,,Cosenza (CS)
BMW 118 d 5p. Msport,https://www.automobile.it/collesalvetti-bmw-118-d-5p-msport/184529581,€ 19.999,Usato,Novembre 2021,95.816 km,Diesel - Euro 6,Manuale,,Collesalvetti (LI)
BMW 118 d 5p. Msport,https://www.automobile.it/catania-bmw-118-d-5p-msport/184531754,€ 19.999,Usato,Novembre 2021,95.816 km,Diesel - Euro 6,Manuale,,Catania (CT)
BMW 118 d 5p. Msport,https://www.automobile.it/verona-bmw-118-d-5p-msport/184532072,€ 19.999,Usato,Novembre 2021,95.816 km,Diesel - Euro 6,Manuale,,Verona (VR)
BMW 118 d 5p. Msport,https://www.automobile.it/bari-bmw-118-d-5p-msport/184533268,€ 19.999,Usato,Novembre 2021,95.816 km,Diesel - Euro 6,Manuale,,Bari (BA)
BMW Serie 1 BMW SERIE 118d Msport auto,https://www.automobile.it/olbia-bmw-serie-1-bmw-serie-118d-msport-auto/184496609,€ 19.999,Usato,2020,140.000 km,Diesel - Euro 6,Automatico,,Olbia (OT)
BMW 116 d 5p. Msport,https://www.automobile.it/milazzo-bmw-116-d-5p-msport/184603213,€ 19.999,Usato,Marzo 2020,140.000 km,Diesel - Euro 6,Automatico,,Milazzo (ME)
Bmw Serie 1 118d 5p. Msport-2021,https://www.automobile.it/cerignola-bmw-serie-1-118d-5p-msport-2021/184378484,€ 19.999,Usato,Febbraio 2021,149.000 km,Diesel - Euro 6,Automatico,Unico proprietario,Cerignola (FG)
"BMW 118 i Advantage, LED, Navigatore, PDC, Cambio automatico",https://www.automobile.it/roma-bmw-118-advantage-led-navigatore-pdc-cambio-automatico/183154413,€ 19.999,Usato,Gennaio 2023,49.000 km,Benzina - Euro 6,Automatico,Unico proprietario,Roma (RM)
BMW 116 d 5p. Msport,https://www.automobile.it/torino-bmw-116-d-5p-msport/184539147,€ 19.999,Usato,Giugno 2021,105.000 km,Diesel - Euro 6,Automatico,,Torino (TO)
Bmw 118 118d 5p. Msport,https://www.automobile.it/castellana-grotte-bmw-118-118d-5p-msport/184605915,€ 19.999,Usato,Febbraio 2020,127.000 km,Diesel - Euro 6,Manuale,Unico proprietario,Castellana Grotte (BA)
"BMW 116D 1.5 ADVANTAGE AT7 116 CV - CRUISE CONTROL, CAR PLAY, NEOPATENTATI",https://www.automobile.it/brescello-bmw-116d-1-5-advantage-at7-116-cv-cruise-control-car-play-neopatentati/184592381,€ 19.999,Usato,Novembre 2022,95.000 km,Diesel - Euro 6,Automatico,Unico proprietario,Brescello (RE)
Bmw 120 120d xDrive Sport - + € 2.500 FINANZIAMENTO TASSO 0,https://www.automobile.it/villa-carcina-bmw-120-120d-xdrive-sport-2-500-finanziamento-tasso-0/181959992,€ 20.000,Usato,Novembre 2020,99.000 km,Diesel - Euro 6,Automatico,Unico proprietario,Villa Carcina (BS)
Bmw Serie 1 Benzina Sport Automatico !,https://www.automobile.it/cassola-bmw-serie-1-benzina-sport-automatico/182317980,€ 20.000,Usato,Febbraio 2021,120.000 km,Benzina - Euro 6,Automatico,Unico proprietario,Cassola (VI)
Bmw 118 118d 5p. Msport,https://www.automobile.it/treglio-bmw-118-118d-5p-msport/184581790,€ 20.000,Usato,Giugno 2021,145.000 km,Diesel - Euro 6,Automatico,,Treglio (CH)
BMW Serie 1 (F40) 118d 5p. Msport,https://www.automobile.it/molteno-bmw-serie-1-f40-118d-5p-msport/184489142,€ 20.000,Usato,2020,108.000 km,Diesel - Euro 6,Manuale,,Molteno (LC)
Bmw 116i 5p. Msport Exterior,https://www.automobile.it/fano-bmw-116i-5p-msport-exterior/184263077,€ 20.200,Usato,Maggio 2022,85.000 km,Benzina - Euro 6,Automatico,,Fano (PU)
Bmw 118 118i 5p. Luxury,https://www.automobile.it/sesto-fiorentino-bmw-118-118i-5p-luxury/182049774,€ 20.390,Usato,Gennaio 2021,84.900 km,Benzina - Euro 6,Automatico,,Sesto Fiorentino (FI)
BMW 118 d 5p. Msport,https://www.automobile.it/parma-bmw-118-d-5p-msport/184515128,€ 20.400,Usato,Marzo 2023,107.000 km,Diesel - Euro 6,Automatico,,Parma (PR)
BMW Serie 1 116d Msport auto,https://www.automobile.it/agliana-bmw-serie-1-116d-msport-auto/184480160,€ 20.400,Usato,2021,86.374 km,Diesel - Euro 6,Automatico,,Agliana (PT)
BMW 116 Serie 1 F40 116d Business Advantage auto - GD645TH,https://www.automobile.it/basiliano-bmw-116-serie-1-f40-116d-business-advantage-auto-gd645th/184439827,€ 20.400,Usato,Gennaio 2021,32.000 km,Diesel - Euro 6,Automatico,,Basiliano (UD)
BMW 116 d 5p. Advantage,https://www.automobile.it/roma-bmw-116-d-5p-advantage/184357703,€ 20.490,Usato,Luglio 2020,60.000 km,Diesel - Euro 6,Manuale,Unico proprietario,Roma (RM)
Bmw 116 116d 5p. Business Advantage,https://www.automobile.it/corato-bmw-116-116d-5p-business-advantage/180458187,€ 20.500,Usato,Maggio 2022,83.500 km,Diesel - Euro 6,Automatico,,Corato (BA)
BMW 116 Serie 1 d Msport auto,https://www.automobile.it/roma-bmw-116-serie-1-d-msport-auto/184268043,€ 20.500,Usato,Novembre 2022,73.297 km,Diesel - Euro 6,Automatico,,Roma (RM)
Bmw Serie 1 116d Business Advantage | Parking Assistant,https://www.automobile.it/lecco-bmw-serie-1-116d-business-advantage-parking-assistant/184402791,€ 20.500,Usato,Maggio 2023,56.651 km,Diesel - Euro 6,Automatico,Unico proprietario,Lecco (LC)
BMW 116 d 1.5 116CV Business Advantage auto,https://www.automobile.it/san-giorgio-bosco-bmw-116-d-1-5-116cv-business-advantage-auto/184422341,€ 20.500,Usato,Maggio 2023,56.652 km,Diesel,Automatico,,San Giorgio in Bosco (PD)
BMW 116 d 1.5 116CV Business Advantage auto,https://www.automobile.it/sala-bolognese-bmw-116-d-1-5-116cv-business-advantage-auto/184422293,€ 20.500,Usato,Maggio 2023,56.652 km,Diesel,Automatico,,Sala Bolognese (BO)
BMW 116 d 1.5 116CV Business Advantage auto,https://www.automobile.it/roma-bmw-116-d-1-5-116cv-business-advantage-auto/184422599,€ 20.500,Usato,Maggio 2023,56.652 km,Diesel,Automatico,,Roma (RM)
BMW 116 d 1.5 116CV Business Advantage auto,https://www.automobile.it/curno-bmw-116-d-1-5-116cv-business-advantage-auto/184422791,€ 20.500,Usato,Maggio 2023,56.652 km,Diesel,Automatico,,Curno (BG)
BMW 116 d 1.5 116CV Business Advantage auto,https://www.automobile.it/milano-bmw-116-d-1-5-116cv-business-advantage-auto/184422587,€ 20.500,Usato,Maggio 2023,56.652 km,Diesel,Automatico,,Milano (MI)
BMW 118 i Msport auto,https://www.automobile.it/liscate-bmw-118-msport-auto/184484210,€ 20.500,Usato,Agosto 2023,140.000 km,Benzina,Automatico,Unico proprietario,Liscate (MI)
BMW 116 d 1.5 116CV Business Advantage auto,https://www.automobile.it/barzago-bmw-116-d-1-5-116cv-business-advantage-auto/184422824,€ 20.500,Usato,Maggio 2023,56.652 km,Diesel,Automatico,,Barzago (LC)
BMW 118 d 5p. Msport,https://www.automobile.it/catania-bmw-118-d-5p-msport/184290285,€ 20.699,Usato,Febbraio 2023,130.420 km,Diesel - Euro 6,Automatico,,Catania (CT)
BMW 118 d 5p. Msport,https://www.automobile.it/collesalvetti-bmw-118-d-5p-msport/184292137,€ 20.699,Usato,Febbraio 2023,130.420 km,Diesel - Euro 6,Automatico,,Collesalvetti (LI)
BMW 118 d 5p. Msport,https://www.automobile.it/milano-bmw-118-d-5p-msport/184292741,€ 20.699,Usato,Febbraio 2023,130.420 km,Diesel - Euro 6,Automatico,,Milano (MI)
BMW 118 d 5p. Msport,https://www.automobile.it/palermo-bmw-118-d-5p-msport/184292843,€ 20.699,Usato,Febbraio 2023,130.420 km,Diesel - Euro 6,Automatico,,Palermo (PA)
BMW 118 d 5p. Msport,https://www.automobile.it/beinasco-bmw-118-d-5p-msport/184290522,€ 20.699,Usato,Febbraio 2023,130.420 km,Diesel - Euro 6,Automatico,,Beinasco (TO)
BMW 118 d 5p. Msport,https://www.automobile.it/roma-bmw-118-d-5p-msport/184291277,€ 20.699,Usato,Febbraio 2023,130.420 km,Diesel - Euro 6,Automatico,,Roma (RM)
BMW 118 d 5p. Msport,https://www.automobile.it/firenze-bmw-118-d-5p-msport/184291015,€ 20.699,Usato,Febbraio 2023,130.420 km,Diesel - Euro 6,Automatico,,Firenze (FI)
BMW 118 d 5p. Msport,https://www.automobile.it/bari-bmw-118-d-5p-msport/184291108,€ 20.699,Usato,Febbraio 2023,130.420 km,Diesel - Euro 6,Automatico,,Bari (BA)
BMW 118 d 5p. Msport,https://www.automobile.it/venezia-bmw-118-d-5p-msport/184291378,€ 20.699,Usato,Febbraio 2023,130.420 km,Diesel - Euro 6,Automatico,,Venezia (VE)
BMW 118 d 5p. Msport,https://www.automobile.it/bologna-bmw-118-d-5p-msport/184290834,€ 20.699,Usato,Febbraio 2023,130.420 km,Diesel - Euro 6,Automatico,,Bologna (BO)
BMW 118 d 5p. Msport,https://www.automobile.it/cagliari-bmw-118-d-5p-msport/184292848,€ 20.699,Usato,Febbraio 2023,130.420 km,Diesel - Euro 6,Automatico,,Cagliari (CA)
BMW 118 d 5p. Msport,https://www.automobile.it/sassari-bmw-118-d-5p-msport/184292975,€ 20.699,Usato,Febbraio 2023,130.420 km,Diesel - Euro 6,Automatico,,Sassari (SS)
Bmw 118D M-SPORT 150CV LED-FULL,https://www.automobile.it/sciacca-bmw-118d-m-sport-150cv-led-full/181802909,€ 20.800,Usato,Novembre 2020,178.000 km,Diesel - Euro 6,Automatico,Unico proprietario,Sciacca (AG)
Bmw 120 120d xDrive 5p. Msport - 2020,https://www.automobile.it/castelvetrano-bmw-120-120d-xdrive-5p-msport-2020/184466916,€ 20.800,Usato,Luglio 2020,189.650 km,Diesel - Euro 6,Automatico,Unico proprietario,Castelvetrano (TP)
BMW Serie 1 5 Porte 116 d SCR Msport DCT,https://www.automobile.it/san-giorgio-mantova-bmw-serie-1-5-porte-116-d-scr-msport-dct/184521056,€ 20.800,Usato,Gennaio 2021,100.520 km,Diesel - Euro 6,Automatico,,San Giorgio di Mantova (MN)
BMW Serie 1 5 Porte 116 d SCR Msport DCT,https://www.automobile.it/brescia-bmw-serie-1-5-porte-116-d-scr-msport-dct/184521182,€ 20.800,Usato,Gennaio 2021,100.520 km,Diesel - Euro 6,Automatico,,Brescia (BS)
BMW 116D 115CV 6M. BUSINESS ADVANTAGE ( FARI LED - BMW DIGITAL COCKPIT - CRUISE - SPORT INTERIOR - NAVI - MIRROR - PDC ),https://www.automobile.it/salerno-bmw-116d-115cv-6m-business-advantage-fari-led-bmw-digital-cockpit-cruise-sport-interior-navi-mirror-pdc/184390790,€ 20.850,Usato,Luglio 2022,48.000 km,Diesel - Euro 6,Manuale,Unico proprietario,Salerno (SA)
BMW 118d 5p. Advantage,https://www.automobile.it/san-michele-salentino-bmw-118d-5p-advantage/183742024,€ 20.900,Usato,Febbraio 2023,119.163 km,Diesel,Automatico,,San Michele Salentino (BR)
Bmw 118 118i 5p. Msport,https://www.automobile.it/genova-bmw-118-118i-5p-msport/184473951,€ 20.900,Usato,Novembre 2020,122.000 km,Benzina - Euro 6,Automatico,,Genova (GE)
Bmw 118 118i 5p. Msport,https://www.automobile.it/genova-bmw-118-118i-5p-msport/184473937,€ 20.900,Usato,Novembre 2020,122.000 km,Benzina - Euro 6,Automatico,,Genova (GE)
BMW 118 118d Msport auto KM CERTIFICATI CASA MADRE,https://www.automobile.it/martinengo-bmw-118-118d-msport-auto-km-certificati-casa-madre/184505129,€ 20.900,Usato,Febbraio 2021,90.000 km,Diesel,Automatico,,Martinengo (BG)
BMW 118 d 5p. Business Advantage,https://www.automobile.it/mondavio-bmw-118-d-5p-business-advantage/184541035,€ 20.900,Usato,Novembre 2021,63.000 km,Diesel - Euro 6,Manuale,,Mondavio (PU)
Bmw 116 116d 5p. Msport,https://www.automobile.it/frosinone-bmw-116-116d-5p-msport/184424761,€ 20.900,Usato,Giugno 2021,75.000 km,Diesel - Euro 6,Automatico,Unico proprietario,Frosinone (FR)
Bmw 116 116i 5p. Business Advantage,https://www.automobile.it/ciampino-bmw-116-116i-5p-business-advantage/184527993,€ 20.900,Usato,Maggio 2023,30.000 km,Benzina - Euro 6,Automatico,,Ciampino (RM)
BMW 118 i Msport 136cv Tetto Ap. Panoramico,https://www.automobile.it/liscate-bmw-118-msport-136cv-tetto-ap-panoramico/183670828,€ 20.900,Usato,Febbraio 2022,85.600 km,Benzina,Manuale,Unico proprietario,Liscate (MI)
Bmw 118 118i 5p. Sport,https://www.automobile.it/palazzo-canavese-bmw-118-118i-5p-sport/184582454,€ 20.900,Usato,Maggio 2020,83.000 km,Benzina - Euro 6,Manuale,,Palazzo Canavese (TO)
BMW 116 116d Business Advantage Cambio automatico,https://www.automobile.it/villorba-bmw-116-116d-business-advantage-cambio-automatico/184575360,€ 20.900,Usato,Gennaio 2022,82.200 km,Diesel,Automatico,Unico proprietario,Villorba (TV)
BMW 116 d 5p. Business Advantage,https://www.automobile.it/cagliari-bmw-116-d-5p-business-advantage/184595358,€ 20.900,Usato,Aprile 2023,89.600 km,Diesel - Euro 6,Automatico,,Cagliari (CA)
BMW 118 d Advantage Auto,https://www.automobile.it/latina-bmw-118-d-advantage-auto/183931144,€ 20.900,Usato,Marzo 2021,86.450 km,Diesel,Automatico,Unico proprietario,Latina (LT)
BMW 116 d 5p. Business Advantage,https://www.automobile.it/gemona-friuli-bmw-116-d-5p-business-advantage/184614772,€ 20.900,Usato,Aprile 2021,54.950 km,Diesel - Euro 6,Automatico,Unico proprietario,Gemona del Friuli (UD)
"BMW 116d SPORT AUT 116cv ""COCKPIT""",https://www.automobile.it/isernia-bmw-116d-sport-aut-116cv-cockpit/184641404,€ 20.900,Usato,Aprile 2024,90.000 km,Diesel - Euro 6,Manuale,,Isernia (IS)
BMW Serie 1 116d Business Advantage Auto,https://www.automobile.it/cherasco-bmw-serie-1-116d-business-advantage-auto/183183738,€ 20.950,Usato,Ottobre 2022,52.566 km,Diesel - Euro 6,Automatico,,Cherasco (CN)
Bmw 116 116d 5p. Msport,https://www.automobile.it/mugnano-cardinale-bmw-116-116d-5p-msport/184295335,€ 20.999,Usato,Febbraio 2020,74.500 km,Diesel - Euro 6,Automatico,,Mugnano del Cardinale (AV)
Bmw serie 1 116d luxury 56000 km 2020,https://www.automobile.it/frattaminore-bmw-serie-1-116d-luxury-56000-km-2020/184485262,€ 20.999,Usato,Settembre 2020,58.000 km,Diesel - Euro 6,Automatico,,Frattaminore (NA)
"BMW 116D 1.5 BUSINESS ADVANTAGE 116 CV - CRUISE CONTROL, CARPLAY, NEOPATENTATI",https://www.automobile.it/brescello-bmw-116d-1-5-business-advantage-116-cv-cruise-control-carplay-neopatentati/184592418,€ 20.999,Usato,Febbraio 2023,40.000 km,Diesel - Euro 6,Manuale,Unico proprietario,Brescello (RE)
Bmw 118 118d 5p. Msport,https://www.automobile.it/terno-d-isola-bmw-118-118d-5p-msport/183387826,€ 21.000,Usato,Aprile 2023,65.318 km,Diesel - Euro 6,Automatico,,Terno d'Isola (BG)
BMW Serie 1 (F40) - 116d 5p. Business Advantage,https://www.automobile.it/vinci-bmw-serie-1-f40-116d-5p-business-advantage/184296977,€ 21.000,Usato,Maggio 2022,71.430 km,Diesel - Euro 6,Manuale,,Vinci (FI)
Bmw 118 118i 5p. Msport,https://www.automobile.it/milano-bmw-118-118i-5p-msport/184448603,€ 21.000,Usato,Novembre 2021,110.000 km,Benzina - Euro 6,Automatico,Unico proprietario,Milano (MI)
BMW Serie 1 (F40) - 116d 5p. Business Advantage,https://www.automobile.it/capannori-bmw-serie-1-f40-116d-5p-business-advantage/184300077,€ 21.000,Usato,Maggio 2022,71.430 km,Diesel - Euro 6,Manuale,,Capannori (LU)
BMW Serie 1 (F40) - 118d 5p. Msport,https://www.automobile.it/capannori-bmw-serie-1-f40-118d-5p-msport/184610495,€ 21.000,Usato,Settembre 2022,106.100 km,Diesel - Euro 6,Automatico,,Capannori (LU)
BMW Serie 1 (F40) - 118d 5p. Msport,https://www.automobile.it/vinci-bmw-serie-1-f40-118d-5p-msport/184610524,€ 21.000,Usato,Settembre 2022,106.100 km,Diesel - Euro 6,Automatico,,Vinci (FI)
Bmw 116 116d 5p. Msport,https://www.automobile.it/bari-bmw-116-116d-5p-msport/184625548,€ 21.000,Usato,Giugno 2023,95.000 km,Diesel - Euro 6,Automatico,Unico proprietario,Bari (BA)
Bmw 116d 5p Steptronic Business Advantage,https://www.automobile.it/putignano-bmw-116d-5p-steptronic-business-advantage/184636863,€ 21.000,Usato,Settembre 2022,81.000 km,Diesel - Euro 6,Automatico,Unico proprietario,Putignano (BA)
BMW 116 d Msport 5p Aut. TETTO-NAVI-PELLE-PARK-LED-CARPLAY,https://www.automobile.it/orta-nova-bmw-116-d-msport-5p-aut-tetto-navi-pelle-park-led-carplay/184542157,€ 21.300,Usato,Marzo 2021,134.000 km,Diesel - Euro 6,Automatico,Unico proprietario,Orta Nova (FG)
BMW 116 d ADVANTAGE AUTOM. AZIENDALE,https://www.automobile.it/sesto-fiorentino-bmw-116-d-advantage-autom-aziendale/184601254,€ 21.300,Usato,Settembre 2020,65.533 km,Diesel - Euro 6,Automatico,,Sesto Fiorentino (FI)
Bmw 118 118d 5p. Msport,https://www.automobile.it/schio-bmw-118-118d-5p-msport/184260031,€ 21.300,Usato,Ottobre 2021,112.000 km,Diesel - Euro 6,Automatico,Unico proprietario,Schio (VI)
BMW 118 d 5p. Msport,https://www.automobile.it/cosenza-bmw-118-d-5p-msport/184437212,€ 21.399,Usato,Giugno 2021,110.962 km,Diesel - Euro 6,Automatico,,Cosenza (CS)
BMW 118 d 5p. Msport,https://www.automobile.it/casoria-bmw-118-d-5p-msport/184448961,€ 21.399,Usato,Giugno 2021,110.962 km,Diesel - Euro 6,Automatico,,Casoria (NA)
BMW 118 d 5p. Msport,https://www.automobile.it/catania-bmw-118-d-5p-msport/184449116,€ 21.399,Usato,Giugno 2021,110.962 km,Diesel - Euro 6,Automatico,,Catania (CT)
BMW 118 d 5p. Msport,https://www.automobile.it/verona-bmw-118-d-5p-msport/184449557,€ 21.399,Usato,Giugno 2021,110.962 km,Diesel - Euro 6,Automatico,,Verona (VR)
BMW 118 d 5p. Msport,https://www.automobile.it/cagliari-bmw-118-d-5p-msport/184450235,€ 21.399,Usato,Giugno 2021,110.962 km,Diesel - Euro 6,Automatico,,Cagliari (CA)
BMW 118 d 5p. Msport,https://www.automobile.it/bologna-bmw-118-d-5p-msport/184450109,€ 21.399,Usato,Giugno 2021,110.962 km,Diesel - Euro 6,Automatico,,Bologna (BO)
BMW 118 d 5p. Msport,https://www.automobile.it/milano-bmw-118-d-5p-msport/184450635,€ 21.399,Usato,Giugno 2021,110.962 km,Diesel - Euro 6,Automatico,,Milano (MI)
BMW 118 d 5p. Msport,https://www.automobile.it/firenze-bmw-118-d-5p-msport/184439966,€ 21.399,Usato,Giugno 2021,110.962 km,Diesel - Euro 6,Automatico,,Firenze (FI)
BMW 118 d 5p. Msport,https://www.automobile.it/bari-bmw-118-d-5p-msport/184451080,€ 21.399,Usato,Giugno 2021,110.962 km,Diesel - Euro 6,Automatico,,Bari (BA)
BMW 118 d 5p. Msport,https://www.automobile.it/palermo-bmw-118-d-5p-msport/184451725,€ 21.399,Usato,Giugno 2021,110.962 km,Diesel - Euro 6,Automatico,,Palermo (PA)
BMW 118 d 5p. Msport,https://www.automobile.it/casoria-bmw-118-d-5p-msport/184448961,€ 21.399,Usato,Giugno 2021,110.962 km,Diesel - Euro 6,Automatico,,Casoria (NA)
BMW 118 d 5p. Msport,https://www.automobile.it/cosenza-bmw-118-d-5p-msport/184437212,€ 21.399,Usato,Giugno 2021,110.962 km,Diesel - Euro 6,Automatico,,Cosenza (CS)
BMW 116D 115CV 6M. BUSINESS ADVANTAGE ( FARI LED - BMW DIGITAL COCKPIT - CRUISE - NAVI - MIRROR - PDC ),https://www.automobile.it/salerno-bmw-116d-115cv-6m-business-advantage-fari-led-bmw-digital-cockpit-cruise-navi-mirror-pdc/184541701,€ 21.400,Usato,Ottobre 2022,33.000 km,Diesel - Euro 6,Manuale,Unico proprietario,Salerno (SA)
Bmw 116i Msport TETTO APRIBILE SUPER BELLA,https://www.automobile.it/barletta-bmw-116i-msport-tetto-apribile-super-bella/184609488,€ 21.400,Usato,Luglio 2022,73.000 km,Benzina - Euro 6,Automatico,Unico proprietario,Barletta (BT)
Bmw 118 118i 5p. Msport,https://www.automobile.it/viterbo-bmw-118-118i-5p-msport/184147358,€ 21.435,Usato,Luglio 2023,79.000 km,Benzina,Manuale,,Viterbo (VT)
Bmw 118 118i 116 5p. sport pelle telecamera 40mila km,https://www.automobile.it/isernia-bmw-118-118i-116-5p-sport-pelle-telecamera-40mila-km/184380292,€ 21.490,Usato,Luglio 2023,45.000 km,Benzina - Euro 6,Manuale,,Isernia (IS)
Bmw serie1 116d 5p. Msport,https://www.automobile.it/latiano-bmw-serie1-116d-5p-msport/184460548,€ 21.490,Usato,Luglio 2022,85.000 km,Diesel - Euro 6,Automatico,,Latiano (BR)
Bmw 118 118i 5p. Msport,https://www.automobile.it/piove-sacco-bmw-118-118i-5p-msport/184641474,€ 21.490,Usato,Gennaio 2021,59.000 km,Benzina - Euro 6,Manuale,Unico proprietario,Piove di Sacco (PD)
BMW Serie 1 116d auto,https://www.automobile.it/capodrise-bmw-serie-1-116d-auto/182976056,€ 21.499,Usato,Agosto 2022,83.233 km,Diesel - Euro 6,Automatico,,Capodrise (CE)
Bmw 118 118d 5p. Msport,https://www.automobile.it/cellole-bmw-118-118d-5p-msport/183935537,€ 21.500,Usato,Marzo 2021,145.000 km,Diesel - Euro 6,Automatico,,Cellole (CE)
BMW 118d 5p. Msport,https://www.automobile.it/san-michele-salentino-bmw-118d-5p-msport/183763887,€ 21.500,Usato,Marzo 2020,116.264 km,Diesel,Automatico,Unico proprietario,San Michele Salentino (BR)
Bmw 116d 5p. Sport Auto.,https://www.automobile.it/calvi-risorta-bmw-116d-5p-sport-auto/183652825,€ 21.500,Usato,Aprile 2021,79.000 km,Diesel - Euro 6,Automatico,,Calvi Risorta (CE)
Bmw 116 116d 5p. Msport,https://www.automobile.it/brescia-bmw-116-116d-5p-msport/183490625,€ 21.500,Usato,Giugno 2021,119.000 km,Diesel - Euro 6,Automatico,,Brescia (BS)
Bmw 118d 5p. Msport,https://www.automobile.it/canosa-puglia-bmw-118d-5p-msport/184340330,€ 21.500,Usato,Dicembre 2021,155.000 km,Diesel - Euro 6,Automatico,,Canosa di Puglia (BT)
BMW Serie 1 5 Porte 116 d SCR Msport DCT,https://www.automobile.it/perugia-bmw-serie-1-5-porte-116-d-scr-msport-dct/184610901,€ 21.500,Usato,Dicembre 2020,146.500 km,Diesel - Euro 6,Automatico,,Perugia (PG)
Bmw 116 d 5p. Business Advantage Automatica,https://www.automobile.it/affi-bmw-116-d-5p-business-advantage-automatica/184614695,€ 21.500,Usato,Febbraio 2023,48.200 km,Diesel - Euro 6,Automatico,Unico proprietario,Affi (VR)
Bmw 120 120d xdrive Business 91.000 KM!!,https://www.automobile.it/cassola-bmw-120-120d-xdrive-business-91-000-km/184188372,€ 21.500,Usato,Febbraio 2023,91.000 km,Diesel - Euro 6,Automatico,,Cassola (VI)
BMW Serie 1 F40 Diesel 116d Msport auto,https://www.automobile.it/pesaro-bmw-serie-1-f40-diesel-116d-msport-auto/184635602,€ 21.500,Usato,Giugno 2021,103.199 km,Diesel - Euro 6,Automatico,,Pesaro (PU)
BMW Serie 1 F40 Diesel 116d Msport auto,https://www.automobile.it/rimini-bmw-serie-1-f40-diesel-116d-msport-auto/184634891,€ 21.500,Usato,Giugno 2021,103.199 km,Diesel - Euro 6,Automatico,,Rimini (RN)
BMW 118 i MSport,https://www.automobile.it/appiano-strada-vino-bmw-118-msport/184575179,€ 21.500,Usato,Settembre 2020,82.000 km,Benzina,Automatico,,Appiano sulla strada del vino (BZ)
Bmw 116i 5p. Advantage AUTOM. OK NEOPATENTATI NAVY CARPLAY PREZZO REALE,https://www.automobile.it/milano-bmw-116i-5p-advantage-autom-ok-neopatentati-navy-carplay-prezzo-reale/184475691,€ 21.500,Usato,Settembre 2022,40.800 km,Benzina - Euro 6,Automatico,Unico proprietario,Milano (MI)
BMW 116 d - M Sport automatica,https://www.automobile.it/torre-greco-bmw-116-d-m-sport-automatica/184496392,€ 21.500,Usato,Gennaio 2023,103.093 km,Diesel - Euro 6,Automatico,Unico proprietario,Torre del Greco (NA)
BMW 118i Sport 136cv,https://www.automobile.it/cuneo-bmw-118i-sport-136cv/184618179,€ 21.500,Usato,Maggio 2021,62.632 km,Benzina - Euro 6,Manuale,Unico proprietario,Cuneo (CN)
BMW Serie 1 118I BUSINESS ADVANTAGE 136CV AUTO,https://www.automobile.it/milano-bmw-serie-1-118i-business-advantage-136cv-auto/184430710,€ 21.600,Usato,Luglio 2021,76.187 km,Benzina - Euro 6,Automatico,,Milano (MI)
BMW 116D 115CV STEPTRONIC BUSINESS ADVANTAGE ( FARI LED - CRUISE - SPORT INTERIOR - NAVI - MIRROR - PDC ),https://www.automobile.it/salerno-bmw-116d-115cv-steptronic-business-advantage-fari-led-cruise-sport-interior-navi-mirror-pdc/184434552,€ 21.600,Usato,Luglio 2022,62.000 km,Diesel - Euro 6,Automatico,Unico proprietario,Salerno (SA)
BMW 118 Serie 1 d Msport auto,https://www.automobile.it/roma-bmw-118-serie-1-d-msport-auto/183154998,€ 21.600,Usato,Gennaio 2021,81.131 km,Diesel - Euro 6,Automatico,,Roma (RM)
Bmw 118d 5p. Luxury autom,https://www.automobile.it/bari-bmw-118d-5p-luxury-autom/184560073,€ 21.600,Usato,Novembre 2020,67.000 km,Diesel - Euro 6,Automatico,,Bari (BA)
BMW 116 1.5 Diesel 116CV E6 Neo - 2022,https://www.automobile.it/roma-bmw-116-1-5-diesel-116cv-e6-neo-2022/184415372,€ 21.700,Usato,Gennaio 2022,44.515 km,Diesel,Automatico,Unico proprietario,Roma (RM)
BMW 118 d 5p. Business Advantage,https://www.automobile.it/belpasso-bmw-118-d-5p-business-advantage/184556371,€ 21.700,Usato,Giugno 2021,42.286 km,Diesel - Euro 6,Manuale,Unico proprietario,Belpasso (CT)
Bmw 116d Msport Pelle/Led Ambient,https://www.automobile.it/salice-salentino-bmw-116d-msport-pelle-led-ambient/184495208,€ 21.800,Usato,Aprile 2020,128.000 km,Diesel - Euro 6,Automatico,,Salice Salentino (LE)
BMW Serie 1 F40 Diesel 116d Sport auto,https://www.automobile.it/pesaro-bmw-serie-1-f40-diesel-116d-sport-auto/184579549,€ 21.800,Usato,Settembre 2020,53.850 km,Diesel - Euro 6,Automatico,,Pesaro (PU)
BMW Serie 1 F40 Diesel 116d Sport auto,https://www.automobile.it/rimini-bmw-serie-1-f40-diesel-116d-sport-auto/184581404,€ 21.800,Usato,Settembre 2020,53.850 km,Diesel - Euro 6,Automatico,,Rimini (RN)
BMW 116D 115CV STEPTRONIC BUSINESS ADVANTAGE ( FARI LED - NAVI - MIRROR - PDC ),https://www.automobile.it/salerno-bmw-116d-115cv-steptronic-business-advantage-fari-led-navi-mirror-pdc/183789082,€ 21.850,Usato,Marzo 2022,50.000 km,Diesel - Euro 6,Automatico,Unico proprietario,Salerno (SA)
BMW Serie 1 116d M-SPORT TETTO/ LED/ LUCI AMBIENT/,https://www.automobile.it/andria-bmw-serie-1-116d-m-sport-tetto-led-luci-ambient/183626131,€ 21.890,Usato,Marzo 2021,127.397 km,Diesel - Euro 6,Automatico,Unico proprietario,Andria (BT)
Bmw 118 118d 5p. Sport,https://www.automobile.it/maglie-bmw-118-118d-5p-sport/183928470,€ 21.900,Usato,Febbraio 2021,88.674 km,Diesel - Euro 6,Manuale,,Maglie (LE)
BMW 140 Serie 2 218i Msport auto cv,https://www.automobile.it/roma-bmw-140-serie-2-218i-msport-auto-cv/184036111,€ 21.900,Usato,Ottobre 2021,66.492 km,Benzina - Euro 6,Automatico,,Roma (RM)
Bmw 118 118d 5p. Business Advantage,https://www.automobile.it/alessano-bmw-118-118d-5p-business-advantage/184226032,€ 21.900,Usato,Dicembre 2023,72.761 km,Diesel - Euro 6,Manuale,,Alessano (LE)
BMW Serie 1 118 i 5p. Business Advantage,https://www.automobile.it/leini-bmw-serie-1-118-5p-business-advantage/181163843,€ 21.900,Usato,Giugno 2023,13.900 km,Benzina - Euro 6,Manuale,,Leinì (TO)
BMW Serie 1 118 i 5p. Advantage,https://www.automobile.it/leini-bmw-serie-1-118-5p-advantage/181163912,€ 21.900,Usato,Gennaio 2023,17.900 km,Benzina - Euro 6,Manuale,Unico proprietario,Leinì (TO)
Bmw 118 118d 5p. Msport,https://www.automobile.it/torremaggiore-bmw-118-118d-5p-msport/183960213,€ 21.900,Usato,Marzo 2022,160.000 km,Diesel - Euro 6,Automatico,Unico proprietario,Torremaggiore (FG)
BMW 118 Serie 1 i Msport 136cv,https://www.automobile.it/roma-bmw-118-serie-1-msport-136cv/184216375,€ 21.900,Usato,Maggio 2022,26.000 km,Benzina - Euro 6,Manuale,,Roma (RM)
Bmw 118 118i 116 5p. sport telecamera,https://www.automobile.it/isernia-bmw-118-118i-116-5p-sport-telecamera/184525751,€ 21.900,Usato,Luglio 2023,85.000 km,Benzina - Euro 6,Automatico,,Isernia (IS)
BMW 118d Msport 2.0 150CV AUTOMATICA 118MILAKM,https://www.automobile.it/giugliano-campania-bmw-118d-msport-2-0-150cv-automatica-118milakm/184566438,€ 21.900,Usato,Luglio 2021,118.000 km,Diesel - Euro 6,Automatico,,Giugliano in Campania (NA)
Bmw 118 Msport 118i #50432,https://www.automobile.it/moncalieri-bmw-118-msport-118i-50432/184560636,€ 21.900,Usato,Dicembre 2020,74.900 km,Benzina,Manuale,2 Proprietari,Moncalieri (TO)
Bmw 118 118d 5p. Business Advantage,https://www.automobile.it/nardo-bmw-118-118d-5p-business-advantage/184615197,€ 21.900,Usato,Dicembre 2023,72.761 km,Diesel - Euro 6,Automatico,,Nardò (LE)
BMW Serie 1 116d Business Advantage,https://www.automobile.it/desio-bmw-serie-1-116d-business-advantage/184625615,€ 21.900,Usato,Settembre 2022,75.882 km,Diesel - Euro 6,Automatico,,Desio (MB)
Bmw 118 M Sport 118 d #50569,https://www.automobile.it/mazzano-bmw-118-m-sport-118-d-50569/184619157,€ 21.900,Usato,Novembre 2020,85.900 km,Diesel,Automatico,2 Proprietari,Mazzano (BS)
BMW 116 Serie 1 d Msport auto,https://www.automobile.it/roma-bmw-116-serie-1-d-msport-auto/184565224,€ 21.900,Usato,Dicembre 2023,49.563 km,Diesel - Euro 6,Automatico,,Roma (RM)
BMW Serie 1 F40 Benzina 116i Msport auto,https://www.automobile.it/settimo-torinese-bmw-serie-1-f40-benzina-116i-msport-auto/184640904,€ 21.900,Usato,Settembre 2022,79.754 km,Benzina - Euro 6,Automatico,,Settimo Torinese (TO)
BMW Serie 1 116i Business Advantage auto,https://www.automobile.it/bologna-bmw-serie-1-116i-business-advantage-auto/184552655,€ 21.980,Usato,Dicembre 2023,50.957 km,Benzina - Euro 6,Automatico,,Bologna (BO)
BMW 116d 5p. Msport,https://www.automobile.it/firenze-bmw-116d-5p-msport/183338085,€ 21.990,Usato,Febbraio 2021,83.485 km,Diesel,Automatico,Unico proprietario,Firenze (FI)
Bmw 118 118d 5p. Msport,https://www.automobile.it/cellole-bmw-118-118d-5p-msport/184078077,€ 21.990,Usato,Marzo 2020,148.000 km,Diesel - Euro 6,Automatico,,Cellole (CE)
BMW 116d AUT MSPORT 2022*82.000KM,https://www.automobile.it/fonte-nuova-bmw-116d-aut-msport-2022-82-000km/184045598,€ 21.990,Usato,Giugno 2022,82.000 km,Diesel,Automatico,2 Proprietari,Fonte Nuova (RM)
BMW 118 d 5p. Msport,https://www.automobile.it/potenza-bmw-118-d-5p-msport/183052493,€ 21.990,Usato,Maggio 2022,142.000 km,Diesel - Euro 6,Manuale,,Potenza (PZ)
Bmw 118 118d 5 Porte M Sport 150 CV Steptronic – 04/2022,https://www.automobile.it/como-bmw-118-118d-5-porte-m-sport-150-cv-steptronic-04-2022/184494766,€ 21.990,Usato,Aprile 2022,106.000 km,Diesel - Euro 6,Automatico,,Como (CO)
Bmw 116 1.5D 116CV AUTOM. ADVANTAGE *PREZZO REALE**UNIPRO',https://www.automobile.it/roma-bmw-116-1-5d-116cv-autom-advantage-prezzo-reale-unipro/184544744,€ 21.990,Aziendale,Gennaio 2023,49.990 km,Diesel - Euro 6,Automatico,Unico proprietario,Roma (RM)
Bmw 116 1.5D 116CV AUTOM. ADVANTAGE *PREZZO REALE**UNIPRO',https://www.automobile.it/roma-bmw-116-1-5d-116cv-autom-advantage-prezzo-reale-unipro/184544744,€ 21.990,Aziendale,Gennaio 2023,49.990 km,Diesel - Euro 6,Automatico,Unico proprietario,Roma (RM)
Bmw 118 118d 5p. Msport AUTOMATICO BLACK PACK COCKPIT DIGITALE,https://www.automobile.it/lumezzane-bmw-118-118d-5p-msport-automatico-black-pack-cockpit-digitale/183704677,€ 21.990,Usato,Maggio 2023,140.000 km,Diesel - Euro 6,Automatico,,Lumezzane (BS)
BMW Serie 1 116i Msport Exterior auto,https://www.automobile.it/ceprano-bmw-serie-1-116i-msport-exterior-auto/184603500,€ 21.990,Usato,2022,124.000 km,Benzina - Euro 6,Automatico,,Ceprano (FR)
Bmw serie 1 italiana 5p. Msport 2023,https://www.automobile.it/trentola-ducenta-bmw-serie-1-italiana-5p-msport-2023/184380877,€ 21.990,Usato,Gennaio 2023,109.000 km,Diesel - Euro 6,Automatico,2 Proprietari,Trentola-Ducenta (CE)
BMW 118d 5p. Business M-SPORT,https://www.automobile.it/maniace-bmw-118d-5p-business-m-sport/183794703,€ 21.999,Usato,Giugno 2020,143.000 km,Diesel,Automatico,Unico proprietario,Maniace (CT)
BMW 118 d Msport auto,https://www.automobile.it/labico-bmw-118-d-msport-auto/184461213,€ 21.999,Usato,Maggio 2020,67.000 km,Diesel,Automatico,Unico proprietario,Labico (RM)
Bmw 116 116d 5p. Msport - automatico,https://www.automobile.it/terlizzi-bmw-116-116d-5p-msport-automatico/184508776,€ 22.000,Usato,Giugno 2020,120.000 km,Diesel - Euro 6,Automatico,Unico proprietario,Terlizzi (BA)
BMW - Serie 1 - 118i Msport 5p auto,https://www.automobile.it/padula-bmw-serie-1-118i-msport-5p-auto/184505147,€ 22.000,Usato,Dicembre 2023,79.900 km,Benzina - Euro 6,Automatico,Unico proprietario,Padula (SA)
BMW Serie 1 (F40) - 120i 5p. Business Advantage,https://www.automobile.it/legnano-bmw-serie-1-f40-120i-5p-business-advantage/184090760,€ 22.100,Usato,Ottobre 2021,59.738 km,Benzina - Euro 6,Automatico,,Legnano (MI)
BMW 120 d xDrive 5p. Msport Exterior,https://www.automobile.it/cosenza-bmw-120-d-xdrive-5p-msport-exterior/184289744,€ 22.199,Usato,Dicembre 2022,143.898 km,Diesel - Euro 6,Automatico,,Cosenza (CS)
BMW 120 d xDrive 5p. Msport Exterior,https://www.automobile.it/venezia-bmw-120-d-xdrive-5p-msport-exterior/184291431,€ 22.199,Usato,Dicembre 2022,143.898 km,Diesel - Euro 6,Automatico,,Venezia (VE)
BMW 120 d xDrive 5p. Msport Exterior,https://www.automobile.it/bari-bmw-120-d-xdrive-5p-msport-exterior/184291212,€ 22.199,Usato,Dicembre 2022,143.898 km,Diesel - Euro 6,Automatico,,Bari (BA)
BMW 120 d xDrive 5p. Msport Exterior,https://www.automobile.it/catania-bmw-120-d-xdrive-5p-msport-exterior/184290378,€ 22.199,Usato,Dicembre 2022,143.898 km,Diesel - Euro 6,Automatico,,Catania (CT)
BMW 120 d xDrive 5p. Msport Exterior,https://www.automobile.it/casoria-bmw-120-d-xdrive-5p-msport-exterior/184290464,€ 22.199,Usato,Dicembre 2022,143.898 km,Diesel - Euro 6,Automatico,,Casoria (NA)
BMW 120 d xDrive 5p. Msport Exterior,https://www.automobile.it/beinasco-bmw-120-d-xdrive-5p-msport-exterior/184290584,€ 22.199,Usato,Dicembre 2022,143.898 km,Diesel - Euro 6,Automatico,,Beinasco (TO)
BMW 120 d xDrive 5p. Msport Exterior,https://www.automobile.it/cagliari-bmw-120-d-xdrive-5p-msport-exterior/184292810,€ 22.199,Usato,Dicembre 2022,143.898 km,Diesel - Euro 6,Automatico,,Cagliari (CA)
BMW 120 d xDrive 5p. Msport Exterior,https://www.automobile.it/verona-bmw-120-d-xdrive-5p-msport-exterior/184290840,€ 22.199,Usato,Dicembre 2022,143.898 km,Diesel - Euro 6,Automatico,,Verona (VR)
BMW 120 d xDrive 5p. Msport Exterior,https://www.automobile.it/bologna-bmw-120-d-xdrive-5p-msport-exterior/184290877,€ 22.199,Usato,Dicembre 2022,143.898 km,Diesel - Euro 6,Automatico,,Bologna (BO)
BMW 120 d xDrive 5p. Msport Exterior,https://www.automobile.it/milano-bmw-120-d-xdrive-5p-msport-exterior/184292738,€ 22.199,Usato,Dicembre 2022,143.898 km,Diesel - Euro 6,Automatico,,Milano (MI)
BMW Serie 1 116d 5p. Advantage,https://www.automobile.it/bagni-lucca-bmw-serie-1-116d-5p-advantage/181783502,€ 22.300,Usato,Luglio 2021,61.380 km,Diesel - Euro 6,Manuale,,Bagni di Lucca (LU)
Bmw (F40) 118d 5p. Business advantage,https://www.automobile.it/bibbiano-bmw-f40-118d-5p-business-advantage/184402822,€ 22.300,Usato,Novembre 2022,41.189 km,Diesel - Euro 6,Manuale,,Bibbiano (RE)
Bmw 116 116d 5p. Msport Exterior,https://www.automobile.it/canosa-puglia-bmw-116-116d-5p-msport-exterior/184122324,€ 22.350,Usato,Luglio 2021,120.000 km,Diesel - Euro 6,Automatico,,Canosa di Puglia (BT)
Bmw 118i 5p. Sport Automatica Tagliandi BMW,https://www.automobile.it/minturno-bmw-118i-5p-sport-automatica-tagliandi-bmw/184568127,€ 22.390,Usato,Febbraio 2020,63.700 km,Benzina - Euro 6,Automatico,,Minturno (LT)
Bmw 116 116d 5p. Msport,https://www.automobile.it/portico-caserta-bmw-116-116d-5p-msport/184585678,€ 22.490,Usato,Ottobre 2021,95.000 km,Diesel - Euro 6,Semiautomatico,Unico proprietario,Portico di Caserta (CE)
BMW 118 i 5p. Msport,https://www.automobile.it/parma-bmw-118-5p-msport/184608204,€ 22.490,Usato,Ottobre 2022,96.600 km,Benzina - Euro 6,Automatico,,Parma (PR)
Bmw 116D 5p. Msport,https://www.automobile.it/roma-bmw-116d-5p-msport/181735550,€ 22.500,Usato,Ottobre 2021,42.000 km,Diesel - Euro 6,Automatico,,Roma (RM)
Bmw 118d 150cv M sport auto - 2023,https://www.automobile.it/salice-salentino-bmw-118d-150cv-m-sport-auto-2023/184419932,€ 22.500,Usato,Gennaio 2023,163.000 km,Diesel - Euro 6,Automatico,Unico proprietario,Salice Salentino (LE)
BMW Serie 1 5 Porte 116 d SCR Msport Exterior DCT,https://www.automobile.it/perugia-bmw-serie-1-5-porte-116-d-scr-msport-exterior-dct/184561595,€ 22.500,Usato,Settembre 2022,99.241 km,Diesel - Euro 6,Automatico,,Perugia (PG)
BMW Serie 1 5 Porte 118 d SCR Msport Steptronic,https://www.automobile.it/paglieta-bmw-serie-1-5-porte-118-d-scr-msport-steptronic/184571900,€ 22.500,Usato,Maggio 2022,138.744 km,Diesel - Euro 6,Automatico,,Paglieta (CH)
Bmw 118 118d 5p. Msport,https://www.automobile.it/cassino-bmw-118-118d-5p-msport/184497417,€ 22.500,Usato,Giugno 2021,97.000 km,Diesel - Euro 6,Automatico,Unico proprietario,Cassino (FR)
BMW Serie 1 5 Porte 118 d SCR Msport Steptronic,https://www.automobile.it/san-giorgio-mantova-bmw-serie-1-5-porte-118-d-scr-msport-steptronic/183764219,€ 22.500,Usato,Agosto 2021,99.706 km,Diesel - Euro 6,Automatico,,San Giorgio di Mantova (MN)
BMW Serie 1 5 Porte 118 d SCR Msport Steptronic,https://www.automobile.it/brescia-bmw-serie-1-5-porte-118-d-scr-msport-steptronic/183764349,€ 22.500,Usato,Agosto 2021,99.706 km,Diesel - Euro 6,Automatico,,Brescia (BS)
BMW Serie 1 120d Advantage BR600989 2.0 Diesel 190CV,https://www.automobile.it/reggio-emilia-bmw-serie-1-120d-advantage-br600989-2-0-diesel-190cv/181956407,€ 22.590,Usato,Agosto 2022,97.440 km,Diesel,Automatico,Unico proprietario,Reggio Emilia (RE)
BMW Serie 1 120d Advantage BR600989 2.0 Diesel 190CV,https://www.automobile.it/cinisello-balsamo-bmw-serie-1-120d-advantage-br600989-2-0-diesel-190cv/181956415,€ 22.590,Usato,Agosto 2022,97.440 km,Diesel,Automatico,Unico proprietario,Cinisello Balsamo (MI)
BMW 118 i 5p. Full Optional,https://www.automobile.it/moimacco-bmw-118-5p-full-optional/184604786,€ 22.590,Usato,Gennaio 2020,53.137 km,Benzina - Euro 6,Automatico,Unico proprietario,Moimacco (UD)
Bmw 116 116d 5p. Business Advantage,https://www.automobile.it/copparo-bmw-116-116d-5p-business-advantage/183080524,€ 22.800,Usato,Gennaio 2022,40.000 km,Diesel - Euro 6,Manuale,Unico proprietario,Copparo (FE)
BMW Serie 1 (F40) - 120i 5p. Msport,https://www.automobile.it/vinci-bmw-serie-1-f40-120i-5p-msport/184305383,€ 22.800,Usato,Giugno 2021,95.420 km,Benzina - Euro 6,Automatico,Unico proprietario,Vinci (FI)
BMW Serie 1 (F40) - 120i 5p. Msport,https://www.automobile.it/capannori-bmw-serie-1-f40-120i-5p-msport/184300080,€ 22.800,Usato,Giugno 2021,95.420 km,Benzina - Euro 6,Automatico,Unico proprietario,Capannori (LU)
BMW Serie 1 5 Porte 118 i Msport DCT,https://www.automobile.it/brescia-bmw-serie-1-5-porte-118-msport-dct/184555515,€ 22.800,Usato,Aprile 2021,63.459 km,Benzina - Euro 6,Automatico,,Brescia (BS)
BMW Serie 1 5 Porte 118 i Msport DCT,https://www.automobile.it/san-giorgio-mantova-bmw-serie-1-5-porte-118-msport-dct/184555201,€ 22.800,Usato,Aprile 2021,63.459 km,Benzina - Euro 6,Automatico,,San Giorgio di Mantova (MN)
BMW 118 i 5p. Msport,https://www.automobile.it/collesalvetti-bmw-118-5p-msport/184611256,€ 22.899,Usato,Ottobre 2020,61.774 km,Benzina - Euro 6,Automatico,,Collesalvetti (LI)
BMW 118 i 5p. Msport,https://www.automobile.it/catania-bmw-118-5p-msport/184615161,€ 22.899,Usato,Ottobre 2020,61.774 km,Benzina - Euro 6,Automatico,,Catania (CT)
BMW 118 i 5p. Msport,https://www.automobile.it/verona-bmw-118-5p-msport/184615224,€ 22.899,Usato,Ottobre 2020,61.774 km,Benzina - Euro 6,Automatico,,Verona (VR)
BMW 118 i 5p. Msport,https://www.automobile.it/casoria-bmw-118-5p-msport/184615553,€ 22.899,Usato,Ottobre 2020,61.774 km,Benzina - Euro 6,Automatico,,Casoria (NA)
BMW 118 i 5p. Msport,https://www.automobile.it/cosenza-bmw-118-5p-msport/184611417,€ 22.899,Usato,Ottobre 2020,61.774 km,Benzina - Euro 6,Automatico,,Cosenza (CS)
BMW 118 i 5p. Msport,https://www.automobile.it/bologna-bmw-118-5p-msport/184616245,€ 22.899,Usato,Ottobre 2020,61.774 km,Benzina - Euro 6,Automatico,,Bologna (BO)
BMW 118 i 5p. Msport,https://www.automobile.it/palermo-bmw-118-5p-msport/184616379,€ 22.899,Usato,Ottobre 2020,61.774 km,Benzina - Euro 6,Automatico,,Palermo (PA)
BMW 118 i 5p. Msport,https://www.automobile.it/cagliari-bmw-118-5p-msport/184616749,€ 22.899,Usato,Ottobre 2020,61.774 km,Benzina - Euro 6,Automatico,,Cagliari (CA)
BMW 118 i 5p. Msport,https://www.automobile.it/beinasco-bmw-118-5p-msport/184615682,€ 22.899,Usato,Ottobre 2020,61.774 km,Benzina - Euro 6,Automatico,,Beinasco (TO)
BMW 118 i 5p. Msport,https://www.automobile.it/sassari-bmw-118-5p-msport/184616545,€ 22.899,Usato,Ottobre 2020,61.774 km,Benzina - Euro 6,Automatico,,Sassari (SS)
BMW 118 i 5p. Msport,https://www.automobile.it/venezia-bmw-118-5p-msport/184617557,€ 22.899,Usato,Ottobre 2020,61.774 km,Benzina - Euro 6,Automatico,,Venezia (VE)
BMW 118 i 5p. Msport,https://www.automobile.it/firenze-bmw-118-5p-msport/184617031,€ 22.899,Usato,Ottobre 2020,61.774 km,Benzina - Euro 6,Automatico,,Firenze (FI)
BMW 116d 5p. Business Advantage FARI CAR PLAY,https://www.automobile.it/bernalda-bmw-116d-5p-business-advantage-fari-car-play/180612611,€ 22.899,Usato,Maggio 2021,95.502 km,Diesel,Automatico,,Bernalda (MT)
BMW 116 d 5p. Luxury i.e,https://www.automobile.it/augusta-bmw-116-d-5p-luxury/178537397,€ 22.900,Usato,Gennaio 2020,119.000 km,Diesel,Manuale,,Augusta (SR)
BMW Serie 1 5 Porte 116 d SCR Msport DCT,https://www.automobile.it/san-giorgio-mantova-bmw-serie-1-5-porte-116-d-scr-msport-dct/182120415,€ 22.900,Usato,Marzo 2022,75.693 km,Diesel - Euro 6,Automatico,,San Giorgio di Mantova (MN)
BMW Serie 1 5 Porte 116 d SCR Msport DCT,https://www.automobile.it/rovigo-bmw-serie-1-5-porte-116-d-scr-msport-dct/184216365,€ 22.900,Usato,Agosto 2022,64.500 km,Diesel - Euro 6,Automatico,,Rovigo (RO)
BMW 116 d 5p. Advantage Navi,https://www.automobile.it/oderzo-bmw-116-d-5p-advantage-navi/179763920,€ 22.900,Usato,Aprile 2021,49.680 km,Diesel - Euro 6,Manuale,,Oderzo (TV)
BMW 116 d 5p. Advantage Navi,https://www.automobile.it/oderzo-bmw-116-d-5p-advantage-navi/179764090,€ 22.900,Usato,Maggio 2021,72.136 km,Diesel - Euro 6,Manuale,,Oderzo (TV)
BMW 116 d 5p. Advantage Navi,https://www.automobile.it/oderzo-bmw-116-d-5p-advantage-navi/179763695,€ 22.900,Usato,Maggio 2021,55.216 km,Diesel - Euro 6,Manuale,,Oderzo (TV)
BMW 116 d 5p. Sport,https://www.automobile.it/nembro-bmw-116-d-5p-sport/183399307,€ 22.900,Usato,Settembre 2021,94.000 km,Diesel - Euro 6,Automatico,Unico proprietario,Nembro (BG)
BMW Serie 1 5 Porte 116 d SCR Business Advantage,https://www.automobile.it/alessandria-bmw-serie-1-5-porte-116-d-scr-business-advantage/183764505,€ 22.900,Usato,Agosto 2022,74.230 km,Diesel - Euro 6,Manuale,,Alessandria (AL)
BMW - Serie 1 116d Msport auto,https://www.automobile.it/aci-catena-bmw-serie-1-116d-msport-auto/184132898,€ 22.900,Usato,Dicembre 2021,89.341 km,Diesel - Euro 6,Automatico,,Aci Catena (CT)
Bmw 116d - 115CV aut. NUOVA SERIE *SPORT* FULL OPTIONAL,https://www.automobile.it/eboli-bmw-116d-115cv-aut-nuova-serie-sport-full-optional/179623391,€ 22.900,Usato,Luglio 2020,75.330 km,Diesel - Euro 6,Manuale,,Eboli (SA)
BMW Serie 1 (F40) - 118d 5p. Business Advantage,https://www.automobile.it/legnano-bmw-serie-1-f40-118d-5p-business-advantage/184090755,€ 22.900,Usato,Febbraio 2023,69.747 km,Diesel - Euro 6,Automatico,,Legnano (MI)
Bmw 118 118i 5p. Msport,https://www.automobile.it/chivasso-bmw-118-118i-5p-msport/183919323,€ 22.900,Usato,Dicembre 2023,24.000 km,Benzina - Euro 6,Manuale,Unico proprietario,Chivasso (TO)
Bmw 118 118i 5p. Msport VIRTUAL,https://www.automobile.it/chivasso-bmw-118-118i-5p-msport-virtual/183925334,€ 22.900,Usato,Dicembre 2023,24.000 km,Benzina - Euro 6,Manuale,Unico proprietario,Chivasso (TO)
BMW Serie 1 F40 - 116d Msport auto,https://www.automobile.it/san-benedetto-tronto-bmw-serie-1-f40-116d-msport-auto/184514702,€ 22.900,Usato,Gennaio 2021,105.009 km,Diesel - Euro 6,Semiautomatico,Unico proprietario,San Benedetto del Tronto (AP)
Bmw 118 118i 5p. Msport,https://www.automobile.it/chivasso-bmw-118-118i-5p-msport/184607878,€ 22.900,Usato,Dicembre 2023,23.000 km,Benzina - Euro 6,Manuale,Unico proprietario,Chivasso (TO)
Bmw 118 118i 5p. Msport,https://www.automobile.it/chivasso-bmw-118-118i-5p-msport/184607891,€ 22.900,Usato,Dicembre 2023,20.500 km,Benzina - Euro 6,Manuale,Unico proprietario,Chivasso (TO)
Bmw 116 116d 5p. Msport Sedili sportivi,https://www.automobile.it/nardo-bmw-116-116d-5p-msport-sedili-sportivi/184510914,€ 22.900,Usato,Maggio 2020,99.000 km,Diesel - Euro 6,Semiautomatico,Unico proprietario,Nardò (LE)
Bmw 116 116d 5p. Msport,https://www.automobile.it/chieti-bmw-116-116d-5p-msport/183697316,€ 22.900,Usato,Maggio 2021,101.000 km,Diesel - Euro 6,Semiautomatico,,Chieti (CH)
BMW Serie 1 116D MSPORT AUTO,https://www.automobile.it/legnago-bmw-serie-1-116d-msport-auto/184485272,€ 22.900,Usato,Febbraio 2024,98.725 km,Diesel - Euro 6,Automatico,,Legnago (VR)
BMW 120 D XDRIVE MSPORT 190CV AUTOMATICA STEPTRONIC,https://www.automobile.it/quinzano-d-oglio-bmw-120-d-xdrive-msport-190cv-automatica-steptronic/182895225,€ 22.900,Usato,Aprile 2021,125.196 km,Diesel - Euro 6,Automatico,,Quinzano d'Oglio (BS)
BMW 118 120D XDRIVE MSPORT 190CV AUTOMATICA STEPTRONIC,https://www.automobile.it/quinzano-d-oglio-bmw-118-120d-xdrive-msport-190cv-automatica-steptronic/184344843,€ 22.900,Usato,Aprile 2021,125.196 km,Diesel - Euro 6,Automatico,,Quinzano d'Oglio (BS)
BMW 125 120D XDRIVE MSPORT 190CV AUTOMATICA STEPTRONIC,https://www.automobile.it/quinzano-d-oglio-bmw-125-120d-xdrive-msport-190cv-automatica-steptronic/184344844,€ 22.900,Usato,Aprile 2021,125.196 km,Diesel - Euro 6,Automatico,,Quinzano d'Oglio (BS)
Bmw 118 118d 5p. Msport M Sport - Trattabile,https://www.automobile.it/genova-bmw-118-118d-5p-msport-m-sport-trattabile/184600332,€ 22.900,Usato,Febbraio 2021,81.000 km,Diesel - Euro 6,Automatico,,Genova (GE)
Bmw 118d Msport Tetto Panoramico - Shadow Line,https://www.automobile.it/santa-maria-licodia-bmw-118d-msport-tetto-panoramico-shadow-line/184513933,€ 22.900,Usato,Dicembre 2021,169.686 km,Diesel - Euro 6,Manuale,Unico proprietario,Santa Maria di Licodia (CT)
BMW Serie 1 5 Porte 116 d SCR Msport DCT,https://www.automobile.it/arcene-bmw-serie-1-5-porte-116-d-scr-msport-dct/184389304,€ 22.900,Usato,Giugno 2021,93.926 km,Diesel - Euro 6,Automatico,,Arcene (BG)
BMW 116 d 5 Porte Advantage AUT EU6,https://www.automobile.it/latina-bmw-116-d-5-porte-advantage-aut-eu6/183094367,€ 22.900,Usato,Gennaio 2021,67.100 km,Diesel,Automatico,Unico proprietario,Latina (LT)
Bmw 118 118d 5p. Msport,https://www.automobile.it/augusta-bmw-118-118d-5p-msport/184627595,€ 22.900,Usato,Gennaio 2021,122.000 km,Diesel - Euro 6,Automatico,,Augusta (SR)
BMW Serie 1 F40 Diesel 116d Msport auto,https://www.automobile.it/pesaro-bmw-serie-1-f40-diesel-116d-msport-auto/184398094,€ 22.990,Usato,Ottobre 2020,80.526 km,Diesel - Euro 6,Automatico,,Pesaro (PU)
BMW Serie 1 F40 Diesel 116d Msport auto,https://www.automobile.it/rimini-bmw-serie-1-f40-diesel-116d-msport-auto/184397588,€ 22.990,Usato,Ottobre 2020,80.526 km,Diesel - Euro 6,Automatico,,Rimini (RN)
Bmw 116 116d 5p. Msport,https://www.automobile.it/torino-bmw-116-116d-5p-msport/184561091,€ 22.990,Usato,Settembre 2021,90.000 km,Diesel,Automatico,,Torino (TO)
Bmw 120d xDrive 5p. Msport,https://www.automobile.it/prato-bmw-120d-xdrive-5p-msport/184453125,€ 22.999,Usato,Giugno 2020,98.000 km,Diesel - Euro 6,Automatico,,Prato (PO)
BMW 118 i 5p. Msport,https://www.automobile.it/casoria-bmw-118-5p-msport/184507190,€ 22.999,Usato,Settembre 2020,40.146 km,Benzina - Euro 6,Automatico,,Casoria (NA)
BMW 118 i 5p. Msport,https://www.automobile.it/roma-bmw-118-5p-msport/184507771,€ 22.999,Usato,Settembre 2020,40.146 km,Benzina - Euro 6,Automatico,,Roma (RM)
BMW 118 i 5p. Msport,https://www.automobile.it/catania-bmw-118-5p-msport/184507283,€ 22.999,Usato,Settembre 2020,40.146 km,Benzina - Euro 6,Automatico,,Catania (CT)
BMW 118 i 5p. Msport,https://www.automobile.it/sassari-bmw-118-5p-msport/184513200,€ 22.999,Usato,Settembre 2020,40.146 km,Benzina - Euro 6,Automatico,,Sassari (SS)
BMW 118 i 5p. Msport,https://www.automobile.it/bologna-bmw-118-5p-msport/184507641,€ 22.999,Usato,Settembre 2020,40.146 km,Benzina - Euro 6,Automatico,,Bologna (BO)
BMW 118 i 5p. Msport,https://www.automobile.it/palermo-bmw-118-5p-msport/184513564,€ 22.999,Usato,Settembre 2020,40.146 km,Benzina - Euro 6,Automatico,,Palermo (PA)
BMW 118 i 5p. Msport,https://www.automobile.it/milano-bmw-118-5p-msport/184513465,€ 22.999,Usato,Settembre 2020,40.146 km,Benzina - Euro 6,Automatico,,Milano (MI)
BMW 118 i 5p. Msport,https://www.automobile.it/beinasco-bmw-118-5p-msport/184507495,€ 22.999,Usato,Settembre 2020,40.146 km,Benzina - Euro 6,Automatico,,Beinasco (TO)
BMW 118 i 5p. Msport,https://www.automobile.it/cagliari-bmw-118-5p-msport/184513314,€ 22.999,Usato,Settembre 2020,40.146 km,Benzina - Euro 6,Automatico,,Cagliari (CA)
BMW 118 i 5p. Msport,https://www.automobile.it/collesalvetti-bmw-118-5p-msport/184512105,€ 22.999,Usato,Settembre 2020,40.146 km,Benzina - Euro 6,Automatico,,Collesalvetti (LI)
BMW 118 i 5p. Msport,https://www.automobile.it/firenze-bmw-118-5p-msport/184507911,€ 22.999,Usato,Settembre 2020,40.146 km,Benzina - Euro 6,Automatico,,Firenze (FI)
BMW 118 i 5p. Msport,https://www.automobile.it/bari-bmw-118-5p-msport/184507906,€ 22.999,Usato,Settembre 2020,40.146 km,Benzina - Euro 6,Automatico,,Bari (BA)
BMW 118 i 5p. Msport,https://www.automobile.it/venezia-bmw-118-5p-msport/184508096,€ 22.999,Usato,Settembre 2020,40.146 km,Benzina - Euro 6,Automatico,,Venezia (VE)
BMW 118 i 5p. Msport,https://www.automobile.it/verona-bmw-118-5p-msport/184507494,€ 22.999,Usato,Settembre 2020,40.146 km,Benzina - Euro 6,Automatico,,Verona (VR)
"BMW 116D 1.5 BUSINESS ADVANTAGE AT7 116 CV - VIRTUAL COCKPIT, CARPLAY, NEOPATENTATI",https://www.automobile.it/brescello-bmw-116d-1-5-business-advantage-at7-116-cv-virtual-cockpit-carplay-neopatentati/184592314,€ 22.999,Usato,Maggio 2023,69.000 km,Diesel - Euro 6,Automatico,Unico proprietario,Brescello (RE)
BMW Serie 1 5 Porte 118 i Business Advantage,https://www.automobile.it/milano-bmw-serie-1-5-porte-118-business-advantage/183284848,€ 23.000,Usato,Luglio 2022,23.543 km,Benzina - Euro 6,Manuale,,Milano (MI)
BMW Serie 1 (F40) 118i 5p. Msport,https://www.automobile.it/pesaro-bmw-serie-1-f40-118i-5p-msport/183494652,€ 23.000,Usato,2021,28.000 km,Benzina,Automatico,,Pesaro (PU)
BMW Serie 1 F40 Diesel 116d Business Advantage auto,https://www.automobile.it/pesaro-bmw-serie-1-f40-diesel-116d-business-advantage-auto/184224370,€ 23.000,Usato,Luglio 2022,51.000 km,Altro - Euro 6,Manuale,,Pesaro (PU)
BMW Serie 1 F40 Diesel 116d Business Advantage auto,https://www.automobile.it/rimini-bmw-serie-1-f40-diesel-116d-business-advantage-auto/184234749,€ 23.000,Usato,Luglio 2022,51.000 km,Altro - Euro 6,Manuale,,Rimini (RN)
BMW Serie 1 (F40) - 116d 5p. Msport,https://www.automobile.it/vinci-bmw-serie-1-f40-116d-5p-msport/184045494,€ 23.000,Usato,Giugno 2021,86.300 km,Diesel - Euro 6,Automatico,,Vinci (FI)
BMW Serie 1 (F40) - 116d 5p. Msport,https://www.automobile.it/capannori-bmw-serie-1-f40-116d-5p-msport/184051194,€ 23.000,Usato,Giugno 2021,86.300 km,Diesel - Euro 6,Automatico,,Capannori (LU)
BMW 118 d 5p. Msport,https://www.automobile.it/bari-bmw-118-d-5p-msport/184352796,€ 23.299,Usato,Marzo 2021,73.520 km,Diesel - Euro 6,Manuale,,Bari (BA)
BMW 118 d 5p. Msport,https://www.automobile.it/venezia-bmw-118-d-5p-msport/184353343,€ 23.299,Usato,Marzo 2021,73.520 km,Diesel - Euro 6,Manuale,,Venezia (VE)
BMW 118 d 5p. Msport,https://www.automobile.it/roma-bmw-118-d-5p-msport/184359163,€ 23.299,Usato,Marzo 2021,73.520 km,Diesel - Euro 6,Manuale,,Roma (RM)
BMW 118 d 5p. Msport,https://www.automobile.it/milano-bmw-118-d-5p-msport/184353567,€ 23.299,Usato,Marzo 2021,73.520 km,Diesel - Euro 6,Manuale,,Milano (MI)
BMW Serie 1 5 Porte 116 d SCR Business Advantage DCT,https://www.automobile.it/elmas-bmw-serie-1-5-porte-116-d-scr-business-advantage-dct/184622805,€ 23.300,Usato,Settembre 2023,50.704 km,Diesel - Euro 6,Automatico,,Elmas (CA)
BMW Serie 1 1.5d 116 CV BUSINESS ADVANTAGE,https://www.automobile.it/carlentini-bmw-serie-1-1-5d-116-cv-business-advantage/181908967,€ 23.400,Usato,2021,53.348 km,Diesel,Automatico,,Carlentini (SR)
BMW 118d Msport auto,https://www.automobile.it/sesto-fiorentino-bmw-118d-msport-auto/184479413,€ 23.400,Usato,Dicembre 2022,74.897 km,Diesel - Euro 6,Automatico,Unico proprietario,Sesto Fiorentino (FI)
BMW 118d Msport auto,https://www.automobile.it/arezzo-bmw-118d-msport-auto/184488057,€ 23.400,Usato,Dicembre 2022,74.897 km,Diesel - Euro 6,Automatico,Unico proprietario,Arezzo (AR)
BMW 116d Business Advantage (115cv) Aut.,https://www.automobile.it/elmas-bmw-116d-business-advantage-115cv-aut/184534067,€ 23.400,Aziendale,Marzo 2022,40.000 km,Diesel,Automatico,,Elmas (CA)
Bmw 118 d 2.0 150cv M-sport 2021,https://www.automobile.it/napoli-bmw-118-d-2-0-150cv-m-sport-2021/182247794,€ 23.490,Usato,Settembre 2021,100.000 km,Diesel - Euro 6,Automatico,Unico proprietario,Napoli (NA)
Bmw serie 1 118d 5p. M SPORT FINANZIABILE,https://www.automobile.it/ilbono-bmw-serie-1-118d-5p-m-sport-finanziabile/184587673,€ 23.490,Usato,Dicembre 2021,148.000 km,Diesel - Euro 6,Automatico,,Ilbono (OG)
Bmw 116d 5p. 1.5 Advantage 116 CV TETTO,https://www.automobile.it/sulmona-bmw-116d-5p-1-5-advantage-116-cv-tetto/184624934,€ 23.490,Usato,Giugno 2020,57.000 km,Diesel - Euro 6,Automatico,2 Proprietari,Sulmona (AQ)
Bmw 118 118d 5p. Msport,https://www.automobile.it/mazara-vallo-bmw-118-118d-5p-msport/184571370,€ 23.499,Usato,Luglio 2022,129.500 km,Diesel - Euro 6,Automatico,Unico proprietario,Mazara del Vallo (TP)
BMW 116 i 5p. Msport,https://www.automobile.it/bari-bmw-116-5p-msport/184218435,€ 23.499,Usato,Novembre 2023,17.890 km,Benzina - Euro 6,Automatico,,Bari (BA)
BMW 116 i 5p. Msport,https://www.automobile.it/venezia-bmw-116-5p-msport/184218607,€ 23.499,Usato,Novembre 2023,17.890 km,Benzina - Euro 6,Automatico,,Venezia (VE)
BMW 116 i 5p. Msport,https://www.automobile.it/venezia-bmw-116-5p-msport/184218607,€ 23.499,Usato,Novembre 2023,17.890 km,Benzina - Euro 6,Automatico,,Venezia (VE)
BMW Serie 1 118d Sport auto,https://www.automobile.it/sassari-bmw-serie-1-118d-sport-auto/181166125,€ 23.500,Usato,Gennaio 2020,104.225 km,Diesel - Euro 6,Automatico,,Sassari (SS)
Bmw 116 118d 5p. Advantage,https://www.automobile.it/chieti-bmw-116-118d-5p-advantage/183664756,€ 23.500,Usato,Maggio 2021,67.000 km,Diesel - Euro 6,Automatico,,Chieti (CH)
Bmw 118 118i 5p. Msport con 58.000km,https://www.automobile.it/acerra-bmw-118-118i-5p-msport-58-000km/181923266,€ 23.500,Usato,Febbraio 2022,58.386 km,Benzina - Euro 6,Manuale,Unico proprietario,Acerra (NA)
Bmw 120d xDrive 5p. Msport,https://www.automobile.it/moconesi-bmw-120d-xdrive-5p-msport/184207460,€ 23.500,Usato,Febbraio 2020,116.000 km,Diesel - Euro 6,Automatico,2 Proprietari,Moconesi (GE)
BMW 116 i 5p. Msport Exterior,https://www.automobile.it/scanzorosciate-bmw-116-5p-msport-exterior/184445340,€ 23.500,Usato,Novembre 2022,56.000 km,Benzina - Euro 6,Automatico,,Scanzorosciate (BG)
BMW 116 d Sport AUT EU6,https://www.automobile.it/latina-bmw-116-d-sport-aut-eu6/183094297,€ 23.500,Usato,Giugno 2021,81.350 km,Diesel,Automatico,Unico proprietario,Latina (LT)
BMW Serie 1 F40 - 116d Msport auto,https://www.automobile.it/livorno-bmw-serie-1-f40-116d-msport-auto/184388636,€ 23.500,Usato,Aprile 2021,40.346 km,Diesel - Euro 6,Automatico,Unico proprietario,Livorno (LI)
BMW Serie 1 F40 - 118d Sport auto,https://www.automobile.it/lucca-bmw-serie-1-f40-118d-sport-auto/184580025,€ 23.500,Usato,Settembre 2020,57.703 km,Diesel - Euro 6,Automatico,Unico proprietario,Lucca (LU)
Bmw 118d Aut. MSport 150 cv,https://www.automobile.it/massafra-bmw-118d-aut-msport-150-cv/184583995,€ 23.500,Usato,Novembre 2020,109.000 km,Diesel - Euro 6,Automatico,Unico proprietario,Massafra (TA)
BMW Serie 1 Aut. M-Sport *Quadro digitale,https://www.automobile.it/monteroni-lecce-bmw-serie-1-aut-m-sport-quadro-digitale/184510789,€ 23.500,Usato,Dicembre 2022,88.000 km,Diesel - Euro 6,Automatico,Unico proprietario,Monteroni di Lecce (LE)
Bmw 116 116d 5p. Msport,https://www.automobile.it/monreale-bmw-116-116d-5p-msport/184599044,€ 23.500,Usato,Ottobre 2021,69.000 km,Diesel - Euro 6,Automatico,,Monreale (PA)
BMW 116 d 5 Porte Sport AUT EU6,https://www.automobile.it/latina-bmw-116-d-5-porte-sport-aut-eu6/183094266,€ 23.500,Usato,Maggio 2021,86.400 km,Diesel,Automatico,Unico proprietario,Latina (LT)
Bmw 118 118d 5p. Msport,https://www.automobile.it/matera-bmw-118-118d-5p-msport/184514598,€ 23.699,Usato,Giugno 2022,135.213 km,Diesel - Euro 6,Automatico,Unico proprietario,Matera (MT)
BMW 116 d Msport Exterior auto,https://www.automobile.it/ghedi-bmw-116-d-msport-exterior-auto/184485636,€ 23.700,Usato,Giugno 2023,63.000 km,Diesel,Automatico,Unico proprietario,Ghedi (BS)
BMW 120 d Sport auto,https://www.automobile.it/santo-stino-livenza-bmw-120-d-sport-auto/184378790,€ 23.700,Usato,Novembre 2022,97.000 km,Diesel,Automatico,Unico proprietario,Santo Stino di Livenza (VE)
BMW 116 d 5p. Msport,https://www.automobile.it/roma-bmw-116-d-5p-msport/184458262,€ 23.799,Usato,Febbraio 2023,51.919 km,Diesel - Euro 6,Automatico,,Roma (RM)
BMW 116 d 5p. Msport,https://www.automobile.it/verona-bmw-116-d-5p-msport/184457909,€ 23.799,Usato,Febbraio 2023,51.919 km,Diesel - Euro 6,Automatico,,Verona (VR)
BMW 116 d 5p. Msport,https://www.automobile.it/catania-bmw-116-d-5p-msport/184457852,€ 23.799,Usato,Febbraio 2023,51.919 km,Diesel - Euro 6,Automatico,,Catania (CT)
BMW 116 d 5p. Msport,https://www.automobile.it/casoria-bmw-116-d-5p-msport/184457780,€ 23.799,Usato,Febbraio 2023,51.919 km,Diesel - Euro 6,Automatico,,Casoria (NA)
BMW 116 d 5p. Msport,https://www.automobile.it/collesalvetti-bmw-116-d-5p-msport/184461696,€ 23.799,Usato,Febbraio 2023,51.919 km,Diesel - Euro 6,Automatico,,Collesalvetti (LI)
BMW 116 d 5p. Msport,https://www.automobile.it/bologna-bmw-116-d-5p-msport/184458103,€ 23.799,Usato,Febbraio 2023,51.919 km,Diesel - Euro 6,Automatico,,Bologna (BO)
BMW 116 d 5p. Msport,https://www.automobile.it/firenze-bmw-116-d-5p-msport/184458641,€ 23.799,Usato,Febbraio 2023,51.919 km,Diesel - Euro 6,Automatico,,Firenze (FI)
BMW 116 d 5p. Msport,https://www.automobile.it/bari-bmw-116-d-5p-msport/184458362,€ 23.799,Usato,Febbraio 2023,51.919 km,Diesel - Euro 6,Automatico,,Bari (BA)
BMW 116 d 5p. Msport,https://www.automobile.it/milano-bmw-116-d-5p-msport/184462846,€ 23.799,Usato,Febbraio 2023,51.919 km,Diesel - Euro 6,Automatico,,Milano (MI)
BMW 116 d 5p. Msport,https://www.automobile.it/venezia-bmw-116-d-5p-msport/184458467,€ 23.799,Usato,Febbraio 2023,51.919 km,Diesel - Euro 6,Automatico,,Venezia (VE)
BMW 116 d 5p. Msport,https://www.automobile.it/cosenza-bmw-116-d-5p-msport/184455916,€ 23.799,Usato,Febbraio 2023,51.919 km,Diesel - Euro 6,Automatico,,Cosenza (CS)
BMW 116 d 5p. Msport,https://www.automobile.it/palermo-bmw-116-d-5p-msport/184463046,€ 23.799,Usato,Febbraio 2023,51.919 km,Diesel - Euro 6,Automatico,,Palermo (PA)
BMW 116 d 5p. Msport,https://www.automobile.it/beinasco-bmw-116-d-5p-msport/184458067,€ 23.799,Usato,Febbraio 2023,51.919 km,Diesel - Euro 6,Automatico,,Beinasco (TO)
BMW 116 d 5p. Msport,https://www.automobile.it/sassari-bmw-116-d-5p-msport/184463242,€ 23.799,Usato,Febbraio 2023,51.919 km,Diesel - Euro 6,Automatico,,Sassari (SS)
BMW Serie 1 5 Porte 118 i Msport,https://www.automobile.it/capaci-bmw-serie-1-5-porte-118-msport/184292004,€ 23.800,Usato,Aprile 2023,62.000 km,Benzina - Euro 6,Manuale,,Capaci (PA)
BMW 116 d Msport Exterior STRAFULL Automatico,https://www.automobile.it/qualiano-bmw-116-d-msport-exterior-strafull-automatico/184464108,€ 23.800,Usato,Settembre 2020,99.000 km,Diesel,Automatico,Unico proprietario,Qualiano (NA)
Bmw 116d Msport Led/Garanzia Bmw,https://www.automobile.it/salice-salentino-bmw-116d-msport-led-garanzia-bmw/184495201,€ 23.800,Usato,Maggio 2023,105.000 km,Diesel - Euro 6,Automatico,,Salice Salentino (LE)
Bmw 118 118d 5p. Msport,https://www.automobile.it/taranto-bmw-118-118d-5p-msport/184574896,€ 23.800,Usato,Novembre 2020,89.000 km,Diesel - Euro 6,Automatico,,Taranto (TA)
BMW Serie 1 F40 5 Porte 118d SCR MSport Steptronic,https://www.automobile.it/empoli-bmw-serie-1-f40-5-porte-118d-scr-msport-steptronic/184347645,€ 23.800,Usato,Luglio 2021,67.624 km,Diesel - Euro 6,Automatico,Unico proprietario,Empoli (FI)
Bmw 116 116d 5p. Business Advantage,https://www.automobile.it/rende-bmw-116-116d-5p-business-advantage/184038666,€ 23.900,Usato,Novembre 2020,83.190 km,Diesel - Euro 6,Automatico,,Rende (CS)
BMW Serie 1 116d Business Advantage,https://www.automobile.it/bari-bmw-serie-1-116d-business-advantage/183192580,€ 23.900,Usato,Settembre 2022,81.458 km,Diesel - Euro 6,Automatico,,Bari (BA)
BMW Serie 1 5 Porte 116 d SCR Msport DCT,https://www.automobile.it/arcene-bmw-serie-1-5-porte-116-d-scr-msport-dct/184072139,€ 23.900,Usato,Settembre 2022,66.913 km,Diesel - Euro 6,Automatico,,Arcene (BG)
BMW 118 D MSPORT AUTOMATICA FULL LED,https://www.automobile.it/brescia-bmw-118-d-msport-automatica-full-led/184373726,€ 23.900,Usato,Giugno 2021,67.949 km,Diesel - Euro 6,Automatico,,Brescia (BS)
Bmw 120d xDrive Msport,https://www.automobile.it/conegliano-bmw-120d-xdrive-msport/184449518,€ 23.900,Usato,Giugno 2021,101.500 km,Diesel - Euro 6,Automatico,,Conegliano (TV)
Bmw 118 118i 5p. Msport VIRTUAL,https://www.automobile.it/chivasso-bmw-118-118i-5p-msport-virtual/183919335,€ 23.900,Usato,Novembre 2023,21.500 km,Benzina - Euro 6,Automatico,Unico proprietario,Chivasso (TO)
Bmw 118 118i 5p. Msport VIRTUAL,https://www.automobile.it/chivasso-bmw-118-118i-5p-msport-virtual/183919339,€ 23.900,Usato,Dicembre 2023,21.000 km,Benzina - Euro 6,Automatico,Unico proprietario,Chivasso (TO)
Bmw 118 118i 5p. Msport VIRTUAL,https://www.automobile.it/chivasso-bmw-118-118i-5p-msport-virtual/183919308,€ 23.900,Usato,Novembre 2023,23.000 km,Benzina - Euro 6,Automatico,Unico proprietario,Chivasso (TO)
Bmw 118 118i 5p. Msport VIRTUAL,https://www.automobile.it/chivasso-bmw-118-118i-5p-msport-virtual/183919341,€ 23.900,Usato,Novembre 2023,22.400 km,Benzina - Euro 6,Automatico,Unico proprietario,Chivasso (TO)
Bmw 118 118i 5p. Msport VIRTUAL,https://www.automobile.it/chivasso-bmw-118-118i-5p-msport-virtual/183919295,€ 23.900,Usato,Dicembre 2023,21.500 km,Benzina - Euro 6,Manuale,Unico proprietario,Chivasso (TO)
Bmw 118 118i 5p. Msport,https://www.automobile.it/chivasso-bmw-118-118i-5p-msport/183919301,€ 23.900,Usato,Novembre 2023,21.000 km,Benzina - Euro 6,Automatico,Unico proprietario,Chivasso (TO)
Bmw 118 118i 5p. Msport,https://www.automobile.it/chivasso-bmw-118-118i-5p-msport/183925333,€ 23.900,Usato,Maggio 2024,21.000 km,Benzina - Euro 6,Manuale,Unico proprietario,Chivasso (TO)
Bmw 118 118i 5p. Msport,https://www.automobile.it/chivasso-bmw-118-118i-5p-msport/183919271,€ 23.900,Usato,Dicembre 2023,19.500 km,Benzina - Euro 6,Automatico,Unico proprietario,Chivasso (TO)
Bmw 118 118i 5p. Msport VIRTUAL,https://www.automobile.it/chivasso-bmw-118-118i-5p-msport-virtual/183919342,€ 23.900,Usato,Dicembre 2023,20.500 km,Benzina - Euro 6,Manuale,Unico proprietario,Chivasso (TO)
BMW 116 d 5p. Business Advantage,https://www.automobile.it/matera-bmw-116-d-5p-business-advantage/178870703,€ 23.900,Usato,Gennaio 2023,43.704 km,Diesel - Euro 6,Manuale,Unico proprietario,Matera (MT)
Bmw 116d Msport Exterior - SUPER OFFERTA T-STOCK – PREZZO IMPERDIBILE!,https://www.automobile.it/gela-bmw-116d-msport-exterior-super-offerta-t-stock-prezzo-imperdibile/184526160,€ 23.900,Usato,Giugno 2023,124.000 km,Diesel - Euro 6,Automatico,,Gela (CL)
Bmw 118 118d 5p. Advantage,https://www.automobile.it/deruta-bmw-118-118d-5p-advantage/184473388,€ 23.900,Usato,Ottobre 2023,96.000 km,Diesel - Euro 6,Semiautomatico,Unico proprietario,Deruta (PG)
BMW 116 i Automatic 109 Cv Advantage Navi Digital Cockpit,https://www.automobile.it/firenze-bmw-116-automatic-109-cv-advantage-navi-digital-cockpit/184589201,€ 23.900,Usato,Marzo 2023,68.000 km,Benzina - Euro 6,Automatico,,Firenze (FI)
Bmw 116 116d 5p. Business Advantage,https://www.automobile.it/volterra-bmw-116-116d-5p-business-advantage/183789962,€ 23.900,Usato,Marzo 2023,16.000 km,Diesel - Euro 6,Automatico,,Volterra (PI)
Bmw 118 118i 5p. Msport,https://www.automobile.it/chivasso-bmw-118-118i-5p-msport/184607898,€ 23.900,Usato,Dicembre 2023,24.000 km,Benzina - Euro 6,Manuale,Unico proprietario,Chivasso (TO)
Bmw 118 118i 5p. Msport,https://www.automobile.it/chivasso-bmw-118-118i-5p-msport/184607883,€ 23.900,Usato,Novembre 2023,21.000 km,Benzina - Euro 6,Manuale,Unico proprietario,Chivasso (TO)
Bmw 118 118i 5p. Msport,https://www.automobile.it/chivasso-bmw-118-118i-5p-msport/184613660,€ 23.900,Usato,Dicembre 2023,19.700 km,Benzina - Euro 6,Manuale,Unico proprietario,Chivasso (TO)
Bmw 118 118i 5p. Msport VIRTUAL,https://www.automobile.it/chivasso-bmw-118-118i-5p-msport-virtual/184607892,€ 23.900,Usato,Novembre 2023,18.000 km,Benzina - Euro 6,Manuale,Unico proprietario,Chivasso (TO)
Bmw 118 118i 5p. Msport VIRTUAL,https://www.automobile.it/chivasso-bmw-118-118i-5p-msport-virtual/184607887,€ 23.900,Usato,Dicembre 2023,21.000 km,Benzina - Euro 6,Manuale,Unico proprietario,Chivasso (TO)
Bmw 118 118i 116 5p. sport pelle telecamera 45mila km,https://www.automobile.it/isernia-bmw-118-118i-116-5p-sport-pelle-telecamera-45mila-km/184626293,€ 23.900,Usato,Luglio 2023,45.000 km,Benzina - Euro 6,Automatico,,Isernia (IS)
BMW 118 d Msport Auto,https://www.automobile.it/latina-bmw-118-d-msport-auto/184547098,€ 23.900,Usato,Luglio 2022,90.700 km,Diesel,Automatico,Unico proprietario,Latina (LT)
BMW Serie 1 (F40) - 118i 5p. Msport,https://www.automobile.it/capannori-bmw-serie-1-f40-118i-5p-msport/184629808,€ 23.900,Usato,Ottobre 2022,78.120 km,Benzina - Euro 6,Automatico,Unico proprietario,Capannori (LU)
BMW Serie 1 (F40) - 118i 5p. Msport,https://www.automobile.it/vinci-bmw-serie-1-f40-118i-5p-msport/184629823,€ 23.900,Usato,Ottobre 2022,78.120 km,Benzina - Euro 6,Automatico,Unico proprietario,Vinci (FI)
BMW Serie 1 F40 Benzina 118i Msport Exterior 136cv auto,https://www.automobile.it/rimini-bmw-serie-1-f40-benzina-118i-msport-exterior-136cv-auto/184634886,€ 23.900,Usato,Novembre 2022,73.684 km,Altro - Euro 6,Manuale,,Rimini (RN)
BMW Serie 1 F40 Benzina 118i Msport Exterior 136cv auto,https://www.automobile.it/pesaro-bmw-serie-1-f40-benzina-118i-msport-exterior-136cv-auto/184635607,€ 23.900,Usato,Novembre 2022,73.684 km,Altro - Euro 6,Manuale,,Pesaro (PU)
BMW Serie 1 118d Msport auto FULL COCKPIT,https://www.automobile.it/modena-bmw-serie-1-118d-msport-auto-full-cockpit/184226389,€ 23.950,Usato,Novembre 2020,109.000 km,Diesel - Euro 6,Automatico,,Modena (MO)
BMW 116 d 5p. Msport,https://www.automobile.it/quattro-castella-bmw-116-d-5p-msport/184451820,€ 23.950,Usato,Giugno 2021,77.450 km,Diesel - Euro 6,Automatico,Unico proprietario,Quattro Castella (RE)
"BMW Serie 1 118 d 5p. Msport *SEDILI A GUSCIO, LUCI AMBIENT*",https://www.automobile.it/san-vito-normanni-bmw-serie-1-118-d-5p-msport-sedili-guscio-luci-ambient/184409457,€ 23.950,Usato,Agosto 2021,85.107 km,Diesel,Automatico,,San Vito dei Normanni (BR)
Bmw 116D AUTOMATICA COCKOPIT ITALIANA,https://www.automobile.it/roma-bmw-116d-automatica-cockopit-italiana/184583299,€ 23.990,Usato,Giugno 2023,32.000 km,Diesel - Euro 6,Automatico,,Roma (RM)
Bmw 118 118d 5p. Msport,https://www.automobile.it/reggio-emilia-bmw-118-118d-5p-msport/184617126,€ 23.990,Usato,Gennaio 2020,127.000 km,Diesel - Euro 6,Automatico,,Reggio Emilia (RE)
"Bmw 118d 5p. Msport F40 auto CERCHI 18"" - PELLE - AMBIENT LIGHT",https://www.automobile.it/cardano-campo-bmw-118d-5p-msport-f40-auto-cerchi-18-pelle-ambient-light/184243423,€ 23.999,Usato,Luglio 2021,66.000 km,Diesel - Euro 6,Automatico,,Cardano al Campo (VA)
BMW M135 i xDrive,https://www.automobile.it/collesalvetti-bmw-m135-xdrive/184054953,€ 23.999,Usato,Gennaio 2021,117.770 km,Benzina - Euro 6,Automatico,,Collesalvetti (LI)
BMW M135 i xDrive,https://www.automobile.it/catania-bmw-m135-xdrive/184066259,€ 23.999,Usato,Gennaio 2021,117.770 km,Benzina - Euro 6,Automatico,,Catania (CT)
BMW M135 i xDrive,https://www.automobile.it/sassari-bmw-m135-xdrive/184068121,€ 23.999,Usato,Gennaio 2021,117.770 km,Benzina - Euro 6,Automatico,,Sassari (SS)
BMW M135 i xDrive,https://www.automobile.it/verona-bmw-m135-xdrive/184066829,€ 23.999,Usato,Gennaio 2021,117.770 km,Benzina - Euro 6,Automatico,,Verona (VR)
BMW M135 i xDrive,https://www.automobile.it/beinasco-bmw-m135-xdrive/184067072,€ 23.999,Usato,Gennaio 2021,117.770 km,Benzina - Euro 6,Automatico,,Beinasco (TO)
BMW M135 i xDrive,https://www.automobile.it/bari-bmw-m135-xdrive/184068836,€ 23.999,Usato,Gennaio 2021,117.770 km,Benzina - Euro 6,Automatico,,Bari (BA)
BMW M135 i xDrive,https://www.automobile.it/cagliari-bmw-m135-xdrive/184067823,€ 23.999,Usato,Gennaio 2021,117.770 km,Benzina - Euro 6,Automatico,,Cagliari (CA)
BMW M135 i xDrive,https://www.automobile.it/milano-bmw-m135-xdrive/184067200,€ 23.999,Usato,Gennaio 2021,117.770 km,Benzina - Euro 6,Automatico,,Milano (MI)
Bmw 118 118d 5p. Msport,https://www.automobile.it/caccuri-bmw-118-118d-5p-msport/184519075,€ 23.999,Usato,Gennaio 2021,79.000 km,Diesel - Euro 6,Automatico,,Caccuri (KR)
BMW 118i 5p. Msport,https://www.automobile.it/barcellona-pozzo-gotto-bmw-118i-5p-msport/182285067,€ 24.000,Usato,Gennaio 2020,99.000 km,Benzina,Automatico,3 Proprietari,Barcellona Pozzo di Gotto (ME)
Bmw 116 116d 5p. Business Advantage,https://www.automobile.it/napoli-bmw-116-116d-5p-business-advantage/181247832,€ 24.000,Usato,Marzo 2024,17.000 km,Diesel - Euro 6,Automatico,,Napoli (NA)
Bmw 116 116i 5p. Msport,https://www.automobile.it/roana-bmw-116-116i-5p-msport/184578519,€ 24.000,Usato,Settembre 2022,46.000 km,Benzina - Euro 6,Automatico,Unico proprietario,Roana (VI)
BMW Serie 1 5 Porte 118 d SCR Advantage Steptronic,https://www.automobile.it/milano-bmw-serie-1-5-porte-118-d-scr-advantage-steptronic/184106465,€ 24.000,Usato,Aprile 2022,90.607 km,Diesel - Euro 6,Automatico,,Milano (MI)
BMW 118 d 5p. Msport,https://www.automobile.it/cosenza-bmw-118-d-5p-msport/184329760,€ 24.199,Usato,Agosto 2021,62.152 km,Diesel - Euro 6,Automatico,,Cosenza (CS)
BMW 118 d 5p. Msport,https://www.automobile.it/firenze-bmw-118-d-5p-msport/184331957,€ 24.199,Usato,Agosto 2021,62.152 km,Diesel - Euro 6,Automatico,,Firenze (FI)
BMW 118 d 5p. Msport,https://www.automobile.it/palermo-bmw-118-d-5p-msport/184332523,€ 24.199,Usato,Agosto 2021,62.152 km,Diesel - Euro 6,Automatico,,Palermo (PA)
BMW 118 d 5p. Msport,https://www.automobile.it/venezia-bmw-118-d-5p-msport/184332673,€ 24.199,Usato,Agosto 2021,62.152 km,Diesel - Euro 6,Automatico,,Venezia (VE)
BMW 118 d 5p. Msport,https://www.automobile.it/cagliari-bmw-118-d-5p-msport/184332368,€ 24.199,Usato,Agosto 2021,62.152 km,Diesel - Euro 6,Automatico,,Cagliari (CA)
BMW 118 d 5p. Msport,https://www.automobile.it/bologna-bmw-118-d-5p-msport/184332277,€ 24.199,Usato,Agosto 2021,62.152 km,Diesel - Euro 6,Automatico,,Bologna (BO)
BMW 118 d 5p. Msport,https://www.automobile.it/roma-bmw-118-d-5p-msport/184332574,€ 24.199,Usato,Agosto 2021,62.152 km,Diesel - Euro 6,Automatico,,Roma (RM)
BMW 118 d 5p. Msport,https://www.automobile.it/sassari-bmw-118-d-5p-msport/184332427,€ 24.199,Usato,Agosto 2021,62.152 km,Diesel - Euro 6,Automatico,,Sassari (SS)
BMW 118 d 5p. Msport,https://www.automobile.it/verona-bmw-118-d-5p-msport/184331810,€ 24.199,Usato,Agosto 2021,62.152 km,Diesel - Euro 6,Automatico,,Verona (VR)
BMW 118 d 5p. Msport,https://www.automobile.it/casoria-bmw-118-d-5p-msport/184331679,€ 24.199,Usato,Agosto 2021,62.152 km,Diesel - Euro 6,Automatico,,Casoria (NA)
BMW Serie 1 118I MSPORT 140CV AUTO,https://www.automobile.it/voghera-bmw-serie-1-118i-msport-140cv-auto/184237242,€ 24.250,Usato,Maggio 2022,105.884 km,Benzina - Euro 6,Automatico,,Voghera (PV)
BMW Serie 1 118 Msport 1.5 136 CV AT NEOPATENTATI,https://www.automobile.it/monselice-bmw-serie-1-118-msport-1-5-136-cv-at-neopatentati/184612728,€ 24.300,Usato,Luglio 2021,90.213 km,Benzina - Euro 6,Semiautomatico,,Monselice (PD)
BMW 116 5 PORTE BERLINA,https://www.automobile.it/firenze-bmw-116-5-porte-berlina/184637419,€ 24.350,Usato,Aprile 2024,50 km,Benzina - Euro 6,Manuale,Unico proprietario,Firenze (FI)
BMW 116 5 PORTE BERLINA,https://www.automobile.it/verona-bmw-116-5-porte-berlina/184637572,€ 24.350,Usato,Aprile 2024,50 km,Benzina - Euro 6,Manuale,Unico proprietario,Verona (VR)
BMW 116 5 PORTE BERLINA,https://www.automobile.it/bentivoglio-bmw-116-5-porte-berlina/184637379,€ 24.350,Usato,Aprile 2024,50 km,Benzina - Euro 6,Manuale,Unico proprietario,Bentivoglio (BO)
BMW 116 5 PORTE BERLINA,https://www.automobile.it/roma-bmw-116-5-porte-berlina/184637190,€ 24.350,Usato,Aprile 2024,50 km,Benzina - Euro 6,Manuale,Unico proprietario,Roma (RM)
BMW 116 5 PORTE BERLINA,https://www.automobile.it/roma-bmw-116-5-porte-berlina/184637190,€ 24.350,Usato,Aprile 2024,50 km,Benzina - Euro 6,Manuale,Unico proprietario,Roma (RM)
Bmw serie 1 f40 118d business advantage auto 118d Automatic Business Advantage,https://www.automobile.it/robecco-naviglio-bmw-serie-1-f40-118d-business-advantage-auto-118d-automatic-business-advantage/184103166,€ 24.390,Usato,Settembre 2022,58.924 km,Diesel - Euro 6,Automatico,,Robecco sul Naviglio (MI)
BMW Serie 1 118D MSPORT AUTO,https://www.automobile.it/verona-bmw-serie-1-118d-msport-auto/184167342,€ 24.400,Usato,Agosto 2022,120.612 km,Diesel - Euro 6,Automatico,,Verona (VR)
Bmw Serie 1 Msport 118d 5p.,https://www.automobile.it/gravina-puglia-bmw-serie-1-msport-118d-5p/181832086,€ 24.500,Usato,Maggio 2021,139.000 km,Diesel - Euro 6,Automatico,Unico proprietario,Gravina in Puglia (BA)
BMW 118 i 5p. Msport,https://www.automobile.it/nova-milanese-bmw-118-5p-msport/182320731,€ 24.500,Usato,Aprile 2021,48.970 km,Benzina - Euro 6,Automatico,,Nova Milanese (MB)
BMW 118 d 5p.,https://www.automobile.it/cologno-monzese-bmw-118-d-5p/181563053,€ 24.500,Usato,Febbraio 2021,63.000 km,Diesel - Euro 6,Manuale,2 Proprietari,Cologno Monzese (MI)
BMW 118 d 5p.,https://www.automobile.it/cologno-monzese-bmw-118-d-5p/182506843,€ 24.500,Usato,Febbraio 2021,63.000 km,Diesel,Manuale,Unico proprietario,Cologno Monzese (MI)
BMW 118D 150cv MSPORT NAVI LED TETTO UNICOPROPRIETARIO 2020,https://www.automobile.it/sora-bmw-118d-150cv-msport-navi-led-tetto-unicoproprietario-2020/183253396,€ 24.500,Usato,Marzo 2020,19.800 km,Diesel - Euro 6,Manuale,Unico proprietario,Sora (FR)
"BMW 118 i Msport 136cv auto ""PACCHETTO M SPORT COMPLETO""",https://www.automobile.it/modena-bmw-118-msport-136cv-auto-pacchetto-m-sport-completo/184206245,€ 24.500,Usato,Maggio 2022,75.000 km,Benzina,Automatico,,Modena (MO)
BMW Serie 1 118i Aut 5p Msport M-sport,https://www.automobile.it/trento-bmw-serie-1-118i-aut-5p-msport-m-sport/182278882,€ 24.500,Usato,Settembre 2020,63.946 km,Benzina - Euro 6,Automatico,,Trento (TN)
BMW 118 i 136cv Auto. Msport,https://www.automobile.it/mesagne-bmw-118-136cv-auto-msport/184412891,€ 24.500,Usato,Aprile 2022,92.985 km,Benzina - Euro 6,Automatico,,Mesagne (BR)
BMW Serie 1 116d MSport,https://www.automobile.it/bastia-umbra-bmw-serie-1-116d-msport/184047851,€ 24.500,Usato,Maggio 2020,86.434 km,Diesel - Euro 6,Automatico,,Bastia Umbra (PG)
BMW 120d 5p. Msport,https://www.automobile.it/este-bmw-120d-5p-msport/184577345,€ 24.500,Usato,Gennaio 2021,98.000 km,Diesel,Automatico,,Este (PD)
BMW Serie 1 118d Msport auto,https://www.automobile.it/alghero-bmw-serie-1-118d-msport-auto/184496586,€ 24.500,Usato,2020,74.000 km,Diesel - Euro 6,Automatico,,Alghero (SS)
BMW Serie 1 F40 - 118d Msport auto,https://www.automobile.it/san-benedetto-tronto-bmw-serie-1-f40-118d-msport-auto/184599370,€ 24.500,Usato,Giugno 2021,48.706 km,Diesel - Euro 6,Semiautomatico,,San Benedetto del Tronto (AP)
BMW Serie 1 116D MSPORT AUTO,https://www.automobile.it/verona-bmw-serie-1-116d-msport-auto/184167351,€ 24.500,Usato,Settembre 2022,93.282 km,Diesel - Euro 6,Automatico,,Verona (VR)
BMW 120d xDrive 5p. Msport,https://www.automobile.it/santorso-bmw-120d-xdrive-5p-msport/183496766,€ 24.600,Usato,Luglio 2020,104.000 km,Diesel,Automatico,,Santorso (VI)
Bmw 118 118d 5p. Msport,https://www.automobile.it/ausonia-bmw-118-118d-5p-msport/184373140,€ 24.700,Usato,Luglio 2021,101.127 km,Diesel - Euro 6,Manuale,,Ausonia (FR)
Bmw 118 M SPORT F40 #50361,https://www.automobile.it/torino-bmw-118-m-sport-f40-50361/184525159,€ 24.750,Usato,Luglio 2021,51.119 km,Benzina,Automatico,2 Proprietari,Torino (TO)
BMW 120d xDrive 5p. Msport MSPORT XDRIVE,https://www.automobile.it/mesagne-bmw-120d-xdrive-5p-msport-msport-xdrive/184156591,€ 24.800,Usato,Aprile 2022,103.000 km,Diesel,Automatico,Unico proprietario,Mesagne (BR)
Bmw 118d 5p. Msport,https://www.automobile.it/roma-bmw-118d-5p-msport/184566037,€ 24.800,Usato,Febbraio 2020,104.600 km,Diesel - Euro 6,Automatico,,Roma (RM)
BMW Serie 1 116D MSPORT AUTO,https://www.automobile.it/milano-bmw-serie-1-116d-msport-auto/184351265,€ 24.800,Usato,Ottobre 2020,46.569 km,Diesel - Euro 6,Automatico,,Milano (MI)
Bmw 118 118d 5p. Msport,https://www.automobile.it/borgetto-bmw-118-118d-5p-msport/184626465,€ 24.800,Usato,Ottobre 2022,98.000 km,Diesel - Euro 6,Automatico,Unico proprietario,Borgetto (PA)
BMW Serie 1 118i Msport 136cv auto,https://www.automobile.it/monza-bmw-serie-1-118i-msport-136cv-auto/184601207,€ 24.890,Usato,Ottobre 2023,54.393 km,Benzina - Euro 6,Automatico,,Monza (MB)
BMW 118 d 5p. Msport,https://www.automobile.it/cosenza-bmw-118-d-5p-msport/184389470,€ 24.899,Usato,Giugno 2024,89.318 km,Diesel - Euro 6,Automatico,,Cosenza (CS)
BMW 118 d 5p. Msport,https://www.automobile.it/catania-bmw-118-d-5p-msport/184392608,€ 24.899,Usato,Giugno 2024,89.318 km,Diesel - Euro 6,Automatico,,Catania (CT)
BMW 118 d 5p. Msport,https://www.automobile.it/casoria-bmw-118-d-5p-msport/184392963,€ 24.899,Usato,Giugno 2024,89.318 km,Diesel - Euro 6,Automatico,,Casoria (NA)
BMW 118 d 5p. Msport,https://www.automobile.it/firenze-bmw-118-d-5p-msport/184393740,€ 24.899,Usato,Giugno 2024,89.318 km,Diesel - Euro 6,Automatico,,Firenze (FI)
BMW 118 d 5p. Msport,https://www.automobile.it/bari-bmw-118-d-5p-msport/184394023,€ 24.899,Usato,Giugno 2024,89.318 km,Diesel - Euro 6,Automatico,,Bari (BA)
BMW 118 d 5p. Msport,https://www.automobile.it/venezia-bmw-118-d-5p-msport/184394190,€ 24.899,Usato,Giugno 2024,89.318 km,Diesel - Euro 6,Automatico,,Venezia (VE)
BMW 118 d 5p. Msport,https://www.automobile.it/roma-bmw-118-d-5p-msport/184393786,€ 24.899,Usato,Giugno 2024,89.318 km,Diesel - Euro 6,Automatico,,Roma (RM)
BMW 118 d 5p. Msport,https://www.automobile.it/bologna-bmw-118-d-5p-msport/184393289,€ 24.899,Usato,Giugno 2024,89.318 km,Diesel - Euro 6,Automatico,,Bologna (BO)
BMW 118 d 5p. Msport,https://www.automobile.it/cagliari-bmw-118-d-5p-msport/184393462,€ 24.899,Usato,Giugno 2024,89.318 km,Diesel - Euro 6,Automatico,,Cagliari (CA)
BMW 118 d 5p. Msport,https://www.automobile.it/verona-bmw-118-d-5p-msport/184393182,€ 24.899,Usato,Giugno 2024,89.318 km,Diesel - Euro 6,Automatico,,Verona (VR)
BMW 118 d 5p. Msport,https://www.automobile.it/collesalvetti-bmw-118-d-5p-msport/184382432,€ 24.899,Usato,Giugno 2024,89.318 km,Diesel - Euro 6,Automatico,,Collesalvetti (LI)
Bmw 118 118d 5p. Advantage,https://www.automobile.it/perugia-bmw-118-118d-5p-advantage/179263829,€ 24.900,Usato,Dicembre 2022,41.000 km,Diesel - Euro 6,Automatico,Unico proprietario,Perugia (PG)
Bmw 118 118d 5p. Msport,https://www.automobile.it/monastir-bmw-118-118d-5p-msport/183669643,€ 24.900,Usato,Maggio 2020,113.000 km,Diesel - Euro 6,Automatico,,Monastir (CA)
Bmw 118 118i 5p. Msport Exterior,https://www.automobile.it/torino-bmw-118-118i-5p-msport-exterior/183910335,€ 24.900,Usato,Luglio 2023,50.000 km,Benzina - Euro 6,Manuale,,Torino (TO)
BMW Serie 1 (F40) 118d 5p. Msport,https://www.automobile.it/empoli-bmw-serie-1-f40-118d-5p-msport/184107025,€ 24.900,Usato,2022,46.620 km,Diesel - Euro 6,Automatico,,Empoli (FI)
BMW 116 d Msport Exterior STRAFULL Automatico,https://www.automobile.it/qualiano-bmw-116-d-msport-exterior-strafull-automatico/184463933,€ 24.900,Usato,Febbraio 2021,89.000 km,Diesel,Automatico,Unico proprietario,Qualiano (NA)
Bmw 120 120d xDrive 5p. Msport,https://www.automobile.it/palermo-bmw-120-120d-xdrive-5p-msport/184338841,€ 24.900,Usato,Ottobre 2022,118.000 km,Diesel - Euro 6,Automatico,,Palermo (PA)
Bmw 116 M Sport 116 d #50322,https://www.automobile.it/moncalieri-bmw-116-m-sport-116-d-50322/184505085,€ 24.900,Usato,Aprile 2023,81.900 km,Diesel,Automatico,Unico proprietario,Moncalieri (TO)
BMW Serie 1 5 Porte 116 d SCR Msport DCT,https://www.automobile.it/alessandria-bmw-serie-1-5-porte-116-d-scr-msport-dct/184529194,€ 24.900,Usato,Novembre 2023,79.677 km,Diesel - Euro 6,Automatico,,Alessandria (AL)
Bmw 120 48V 5p. BUSINESS,https://www.automobile.it/chivasso-bmw-120-48v-5p-business/183919318,€ 24.900,Usato,Novembre 2024,17.300 km,Benzina - Euro 6,Automatico,Unico proprietario,Chivasso (TO)
Bmw 120 48V 5p. BUSINESS,https://www.automobile.it/chivasso-bmw-120-48v-5p-business/183919251,€ 24.900,Aziendale,Agosto 2025,18.500 km,Ibrido - Euro 6,Automatico,Unico proprietario,Chivasso (TO)
Bmw 120 48V 5p. BUSINESS,https://www.automobile.it/chivasso-bmw-120-48v-5p-business/184457357,€ 24.900,Aziendale,Dicembre 2024,15.000 km,Ibrido - Euro 6,Automatico,Unico proprietario,Chivasso (TO)
Bmw 118 118i 5p. Msport VIRTUAL,https://www.automobile.it/chivasso-bmw-118-118i-5p-msport-virtual/183919317,€ 24.900,Usato,Dicembre 2023,20.300 km,Benzina - Euro 6,Automatico,Unico proprietario,Chivasso (TO)
Bmw 118 118i 5p. SPORTLINE VIRTUAL TETTO,https://www.automobile.it/chivasso-bmw-118-118i-5p-sportline-virtual-tetto/183919290,€ 24.900,Usato,Dicembre 2023,21.000 km,Benzina - Euro 6,Automatico,Unico proprietario,Chivasso (TO)
Bmw 118 118i 5p. Msport. VIRTUAL,https://www.automobile.it/chivasso-bmw-118-118i-5p-msport-virtual/183919286,€ 24.900,Usato,Novembre 2023,19.800 km,Benzina - Euro 6,Automatico,Unico proprietario,Chivasso (TO)
Bmw 118 118i 5p. Msport,https://www.automobile.it/chivasso-bmw-118-118i-5p-msport/183919326,€ 24.900,Usato,Dicembre 2023,22.500 km,Benzina - Euro 6,Manuale,Unico proprietario,Chivasso (TO)
Bmw 120 48V 5p. BUSINESS,https://www.automobile.it/chivasso-bmw-120-48v-5p-business/183919312,€ 24.900,Aziendale,Luglio 2025,17.000 km,Ibrido - Euro 6,Automatico,Unico proprietario,Chivasso (TO)
Bmw 120 48V 5p. BUSINESS,https://www.automobile.it/chivasso-bmw-120-48v-5p-business/183919310,€ 24.900,Usato,Dicembre 2024,14.500 km,Ibrido - Euro 6,Automatico,Unico proprietario,Chivasso (TO)
Bmw 120 48V 5p. BUSINESS,https://www.automobile.it/chivasso-bmw-120-48v-5p-business/184022729,€ 24.900,Aziendale,Dicembre 2024,15.000 km,Ibrido - Euro 6,Automatico,Unico proprietario,Chivasso (TO)
Bmw 120 48V 5p. BUSINESS,https://www.automobile.it/chivasso-bmw-120-48v-5p-business/184077836,€ 24.900,Usato,Luglio 2025,17.000 km,Ibrido - Euro 6,Automatico,Unico proprietario,Chivasso (TO)
Bmw 118 118i 5p. Msport Virtual,https://www.automobile.it/chivasso-bmw-118-118i-5p-msport-virtual/183919263,€ 24.900,Usato,Dicembre 2023,17.000 km,Benzina - Euro 6,Manuale,Unico proprietario,Chivasso (TO)
Bmw 120 48V 5p. BUSINESS,https://www.automobile.it/chivasso-bmw-120-48v-5p-business/184127769,€ 24.900,Usato,Dicembre 2024,13.500 km,Ibrido - Euro 6,Automatico,Unico proprietario,Chivasso (TO)
BMW 118d 2.0d 150CV M-sport Full Led Navi Pelle Live Cockpit,https://www.automobile.it/barrafranca-bmw-118d-2-0d-150cv-m-sport-full-led-navi-pelle-live-cockpit/184166053,€ 24.900,Usato,Novembre 2023,89.900 km,Diesel,Manuale,Unico proprietario,Barrafranca (EN)
Bmw 116 116d 5p. Sport,https://www.automobile.it/loggia-bmw-116-116d-5p-sport/184560433,€ 24.900,Usato,Gennaio 2020,86.000 km,Diesel - Euro 6,Automatico,,La Loggia (TO)
Bmw 118 118i 5p. Msport,https://www.automobile.it/chivasso-bmw-118-118i-5p-msport/184607894,€ 24.900,Usato,Giugno 2024,19.500 km,Benzina - Euro 6,Automatico,Unico proprietario,Chivasso (TO)
Bmw 118 118i 5p. Msport,https://www.automobile.it/chivasso-bmw-118-118i-5p-msport/184613658,€ 24.900,Usato,Aprile 2024,21.500 km,Benzina - Euro 6,Automatico,Unico proprietario,Chivasso (TO)
Bmw 118 118i 5p. Msport,https://www.automobile.it/chivasso-bmw-118-118i-5p-msport/184607894,€ 24.900,Usato,Giugno 2024,19.500 km,Benzina - Euro 6,Automatico,Unico proprietario,Chivasso (TO)
Bmw 118 118i 5p. Msport,https://www.automobile.it/chivasso-bmw-118-118i-5p-msport/184613658,€ 24.900,Usato,Aprile 2024,21.500 km,Benzina - Euro 6,Automatico,Unico proprietario,Chivasso (TO)
Bmw Serie 1 16d Msport 116Cv Automatic,https://www.automobile.it/tolentino-bmw-serie-1-16d-msport-116cv-automatic/184573298,€ 24.900,Usato,Febbraio 2022,78.000 km,Diesel - Euro 6,Automatico,Unico proprietario,Tolentino (MC)
BMW Serie 1 F40 Diesel 116d Msport auto,https://www.automobile.it/settimo-torinese-bmw-serie-1-f40-diesel-116d-msport-auto/184606412,€ 24.900,Usato,Novembre 2022,56.292 km,Diesel - Euro 6,Automatico,,Settimo Torinese (TO)
Bmw 118 118d 5p. Msport,https://www.automobile.it/san-gregorio-catania-bmw-118-118d-5p-msport/184590395,€ 24.900,Usato,Ottobre 2020,160.000 km,Diesel - Euro 6,Automatico,Unico proprietario,San Gregorio di Catania (CT)
BMW Serie 1 116D MSPORT AUTO,https://www.automobile.it/saronno-bmw-serie-1-116d-msport-auto/184474018,€ 24.900,Usato,Marzo 2023,85.617 km,Diesel - Euro 6,Automatico,,Saronno (VA)
BMW Serie 1 118D MSPORT AUTO,https://www.automobile.it/verona-bmw-serie-1-118d-msport-auto/184053807,€ 24.900,Usato,Giugno 2024,98.429 km,Diesel - Euro 6,Automatico,,Verona (VR)
BMW Serie 1 118i Msport 136cv auto,https://www.automobile.it/barzago-bmw-serie-1-118i-msport-136cv-auto/184619361,€ 24.900,Usato,Aprile 2022,71.880 km,Benzina - Euro 6,Automatico,,Barzago (LC)
BMW Serie 1 5 Porte 116 d SCR Msport DCT,https://www.automobile.it/san-giorgio-mantova-bmw-serie-1-5-porte-116-d-scr-msport-dct/183573911,€ 24.900,Usato,Giugno 2023,81.647 km,Diesel - Euro 6,Automatico,,San Giorgio di Mantova (MN)
BMW Serie 1 5 Porte 116 d SCR Msport DCT,https://www.automobile.it/san-giorgio-mantova-bmw-serie-1-5-porte-116-d-scr-msport-dct/183672095,€ 24.900,Usato,Maggio 2023,60.502 km,Diesel - Euro 6,Automatico,,San Giorgio di Mantova (MN)
BMW Serie 1 5 Porte 116 d SCR Msport DCT,https://www.automobile.it/brescia-bmw-serie-1-5-porte-116-d-scr-msport-dct/183672505,€ 24.900,Usato,Maggio 2023,60.502 km,Diesel - Euro 6,Automatico,,Brescia (BS)
BMW Serie 1 5 Porte 116 d SCR Msport DCT,https://www.automobile.it/brescia-bmw-serie-1-5-porte-116-d-scr-msport-dct/183569227,€ 24.900,Usato,Giugno 2023,81.647 km,Diesel - Euro 6,Automatico,,Brescia (BS)
BMW Serie 1 118d MSport Aut M-Sport *NAZIONALE,https://www.automobile.it/trento-bmw-serie-1-118d-msport-aut-m-sport-nazionale/184641732,€ 24.900,Usato,Luglio 2021,56.708 km,Diesel - Euro 6,Automatico,,Trento (TN)
Bmw 116 116i 5p. Msport Conto Vendita,https://www.automobile.it/cornuda-bmw-116-116i-5p-msport-conto-vendita/184459361,€ 24.980,Usato,Settembre 2022,57.500 km,Benzina,Automatico,Unico proprietario,Cornuda (TV)
Bmw 118 118d 5p. Colorvision Edition,https://www.automobile.it/deruta-bmw-118-118d-5p-colorvision-edition/183141899,€ 24.990,Usato,Dicembre 2023,90.000 km,Diesel - Euro 6,Automatico,Unico proprietario,Deruta (PG)
Bmw 116 i MSport Design 122cv,https://www.automobile.it/valmontone-bmw-116-msport-design-122cv/183980101,€ 24.990,Usato,Febbraio 2025,47.600 km,Benzina - Euro 6,Automatico,,Valmontone (RM)
BMW Serie 1 F40 Diesel 116d Msport auto,https://www.automobile.it/pesaro-bmw-serie-1-f40-diesel-116d-msport-auto/184113327,€ 24.990,Usato,Marzo 2023,95.736 km,Diesel - Euro 6,Automatico,,Pesaro (PU)
BMW Serie 1 F40 Diesel 116d Msport auto,https://www.automobile.it/rimini-bmw-serie-1-f40-diesel-116d-msport-auto/184103146,€ 24.990,Usato,Marzo 2023,95.736 km,Diesel - Euro 6,Automatico,,Rimini (RN)
BMW 118 d 5p. Msport,https://www.automobile.it/torino-bmw-118-d-5p-msport/184611370,€ 24.990,Usato,Gennaio 2022,88.000 km,Diesel - Euro 6,Automatico,,Torino (TO)
Bmw 135 M 135i xDrive,https://www.automobile.it/prato-bmw-135-m-135i-xdrive/183959436,€ 24.990,Usato,Febbraio 2021,119.000 km,Benzina - Euro 6,Automatico,,Prato (PO)
Bmw Serie 1 118d Msport 2021 Auto,https://www.automobile.it/settimo-san-pietro-bmw-serie-1-118d-msport-2021-auto/184553953,€ 24.990,Usato,Novembre 2021,129.999 km,Diesel - Euro 6,Automatico,,Settimo San Pietro (CA)
BMW Serie 1 (F40) 118i 5p. Msport Exterior,https://www.automobile.it/darfo-boario-terme-bmw-serie-1-f40-118i-5p-msport-exterior/184630776,€ 24.990,Usato,2022,54.000 km,Benzina,Automatico,,Darfo Boario Terme (BS)
BMW 118 i 5p. Msport,https://www.automobile.it/cosenza-bmw-118-5p-msport/184546674,€ 24.999,Usato,Luglio 2022,39.053 km,Benzina - Euro 6,Automatico,,Cosenza (CS)
BMW 118 i 5p. Msport,https://www.automobile.it/verona-bmw-118-5p-msport/184549849,€ 24.999,Usato,Luglio 2022,39.053 km,Benzina - Euro 6,Automatico,,Verona (VR)
BMW 118 i 5p. Msport,https://www.automobile.it/catania-bmw-118-5p-msport/184549106,€ 24.999,Usato,Luglio 2022,39.053 km,Benzina - Euro 6,Automatico,,Catania (CT)
BMW 118 i 5p. Msport,https://www.automobile.it/sassari-bmw-118-5p-msport/184550078,€ 24.999,Usato,Luglio 2022,39.053 km,Benzina - Euro 6,Automatico,,Sassari (SS)
BMW 118 i 5p. Msport,https://www.automobile.it/cagliari-bmw-118-5p-msport/184550055,€ 24.999,Usato,Luglio 2022,39.053 km,Benzina - Euro 6,Automatico,,Cagliari (CA)
BMW 118 i 5p. Msport,https://www.automobile.it/bologna-bmw-118-5p-msport/184550152,€ 24.999,Usato,Luglio 2022,39.053 km,Benzina - Euro 6,Automatico,,Bologna (BO)
BMW 118 i 5p. Msport,https://www.automobile.it/firenze-bmw-118-5p-msport/184550650,€ 24.999,Usato,Luglio 2022,39.053 km,Benzina - Euro 6,Automatico,,Firenze (FI)
BMW 118 i 5p. Msport,https://www.automobile.it/palermo-bmw-118-5p-msport/184551475,€ 24.999,Usato,Luglio 2022,39.053 km,Benzina - Euro 6,Automatico,,Palermo (PA)
BMW 118 i 5p. Msport,https://www.automobile.it/casoria-bmw-118-5p-msport/184549374,€ 24.999,Usato,Luglio 2022,39.053 km,Benzina - Euro 6,Automatico,,Casoria (NA)
BMW 118 i 5p. Msport,https://www.automobile.it/beinasco-bmw-118-5p-msport/184549666,€ 24.999,Usato,Luglio 2022,39.053 km,Benzina - Euro 6,Automatico,,Beinasco (TO)
Bmw 118 118d 5p. Msport,https://www.automobile.it/carlentini-bmw-118-118d-5p-msport/184572858,€ 24.999,Usato,Aprile 2023,100.000 km,Diesel - Euro 6,Automatico,,Carlentini (SR)
BMW Serie 1 5 Porte 118 d SCR Msport Steptronic,https://www.automobile.it/milano-bmw-serie-1-5-porte-118-d-scr-msport-steptronic/183353370,€ 25.000,Usato,Maggio 2022,47.545 km,Diesel - Euro 6,Automatico,,Milano (MI)
BMW Serie 1 5 Porte 120 d SCR Business Advantage xDrive Steptronic,https://www.automobile.it/rovigo-bmw-serie-1-5-porte-120-d-scr-business-advantage-xdrive-steptronic/181514161,€ 25.000,Usato,Marzo 2021,68.800 km,Diesel - Euro 6,Automatico,,Rovigo (RO)
Bmw 118 118d 5p. Advantage,https://www.automobile.it/rende-bmw-118-118d-5p-advantage/184395807,€ 25.000,Usato,Febbraio 2023,60.900 km,Diesel - Euro 6,Semiautomatico,,Rende (CS)
BMW M135 i xDrive,https://www.automobile.it/rottofreno-bmw-m135-xdrive/184498773,€ 25.000,Usato,Settembre 2020,118.000 km,Benzina - Euro 6,Automatico,,Rottofreno (PC)
BMW 118D ADVANTAGE 150CV- 2020,https://www.automobile.it/cagliari-bmw-118d-advantage-150cv-2020/184566821,€ 25.000,Usato,Maggio 2020,82.000 km,Diesel - Euro 6,Manuale,,Cagliari (CA)
BMW Serie 1 5 Porte 118 d SCR Msport Steptronic,https://www.automobile.it/milano-bmw-serie-1-5-porte-118-d-scr-msport-steptronic/184406176,€ 25.000,Usato,Ottobre 2021,50.449 km,Diesel - Euro 6,Automatico,,Milano (MI)
BMW Serie 1 5 Porte 116 i Business Advantage DCT,https://www.automobile.it/milano-bmw-serie-1-5-porte-116-business-advantage-dct/184082088,€ 25.000,Usato,Settembre 2023,41.858 km,Benzina - Euro 6,Automatico,,Milano (MI)
BMW Serie 1 (F40) - 116d 5p. Msport,https://www.automobile.it/vinci-bmw-serie-1-f40-116d-5p-msport/184402041,€ 25.000,Usato,Agosto 2021,90.750 km,Diesel - Euro 6,Automatico,,Vinci (FI)
BMW Serie 1 (F40) - 116d 5p. Msport,https://www.automobile.it/capannori-bmw-serie-1-f40-116d-5p-msport/184398268,€ 25.000,Usato,Agosto 2021,90.750 km,Diesel - Euro 6,Automatico,,Capannori (LU)
BMW Serie 1 118D MSPORT AUTO,https://www.automobile.it/verona-bmw-serie-1-118d-msport-auto/184438388,€ 25.200,Usato,Dicembre 2022,96.816 km,Diesel - Euro 6,Automatico,,Verona (VR)
Bmw 118 SERIE 1 118i 5p. M sport LED AUT,https://www.automobile.it/brandizzo-bmw-118-serie-1-118i-5p-m-sport-led-aut/184027244,€ 25.400,Usato,Luglio 2023,66.200 km,Benzina - Euro 6,Automatico,,Brandizzo (TO)
BMW Serie 1 116D MSPORT AUTO,https://www.automobile.it/saronno-bmw-serie-1-116d-msport-auto/184289087,€ 25.400,Usato,Settembre 2023,76.549 km,Diesel - Euro 6,Automatico,,Saronno (VA)
Bmw 120 120d 5p. Business Advantage,https://www.automobile.it/orta-nova-bmw-120-120d-5p-business-advantage/183827324,€ 25.499,Usato,Febbraio 2023,70.000 km,Diesel - Euro 6,Automatico,Unico proprietario,Orta Nova (FG)
BMW Serie 1 F40 Diesel 116d Sport auto,https://www.automobile.it/pesaro-bmw-serie-1-f40-diesel-116d-sport-auto/184188390,€ 25.500,Usato,Settembre 2022,37.304 km,Diesel - Euro 6,Automatico,,Pesaro (PU)
BMW Serie 1 F40 Diesel 116d Sport auto,https://www.automobile.it/rimini-bmw-serie-1-f40-diesel-116d-sport-auto/184187255,€ 25.500,Usato,Settembre 2022,37.304 km,Diesel - Euro 6,Automatico,,Rimini (RN)
BMW 118 d Msport Auto,https://www.automobile.it/latina-bmw-118-d-msport-auto/184547097,€ 25.500,Usato,Ottobre 2022,38.800 km,Diesel,Automatico,Unico proprietario,Latina (LT)
Bmw 118d 5p. Msport Tua A SOLI 244€,https://www.automobile.it/san-giovanni-punta-bmw-118d-5p-msport-soli-244/184510700,€ 25.500,Usato,Dicembre 2023,140.000 km,Diesel - Euro 6,Automatico,,San Giovanni la Punta (CT)
BMW 118 i M-SPORT Steptronic/AUTOMATICA MSport F40,https://www.automobile.it/concesio-bmw-118-m-sport-steptronic-automatica-msport-f40/184589535,€ 25.500,Usato,Maggio 2023,90.000 km,Benzina - Euro 6,Automatico,Unico proprietario,Concesio (BS)
BMW 118d 5p. Msport AUTOMATIC TETTO APRIBILE,https://www.automobile.it/san-michele-salentino-bmw-118d-5p-msport-automatic-tetto-apribile/184610977,€ 25.500,Usato,Ottobre 2022,118.000 km,Diesel,Automatico,Unico proprietario,San Michele Salentino (BR)
BMW Serie 1 118D MSPORT AUTO,https://www.automobile.it/verona-bmw-serie-1-118d-msport-auto/184053753,€ 25.500,Usato,Gennaio 2024,98.875 km,Diesel - Euro 6,Automatico,,Verona (VR)
BMW 118 d Aut. *Luci Ambiente *SOLI 23.000 KM,https://www.automobile.it/monteroni-lecce-bmw-118-d-aut-luci-ambiente-soli-23-000-km/184601996,€ 25.500,Usato,Maggio 2020,23.000 km,Diesel - Euro 6,Automatico,Unico proprietario,Monteroni di Lecce (LE)
Bmw 116 116d 5p. Msport Auto,https://www.automobile.it/brindisi-bmw-116-116d-5p-msport-auto/184473953,€ 25.600,Usato,Novembre 2022,42.500 km,Diesel - Euro 6,Automatico,,Brindisi (BR)
BMW 120 Serie 1 d Advantage auto,https://www.automobile.it/roma-bmw-120-serie-1-d-advantage-auto/183740582,€ 25.600,Usato,Ottobre 2022,40.026 km,Diesel - Euro 6,Automatico,,Roma (RM)
BMW 118 Serie 1 d Msport auto,https://www.automobile.it/roma-bmw-118-serie-1-d-msport-auto/184252047,€ 25.641,Usato,Giugno 2022,41.035 km,Diesel - Euro 6,Automatico,,Roma (RM)
BMW 118 d 150cv Aut. Msport *Pack LUCI,https://www.automobile.it/mesagne-bmw-118-d-150cv-aut-msport-pack-luci/184310970,€ 25.700,Usato,Luglio 2022,99.968 km,Diesel - Euro 6,Automatico,,Mesagne (BR)
Bmw 116d allestimento MSPORT,https://www.automobile.it/agropoli-bmw-116d-allestimento-msport/184438783,€ 25.800,Usato,Gennaio 2021,75.000 km,Diesel - Euro 6,Automatico,,Agropoli (SA)
BMW Serie 1 116d Msport auto,https://www.automobile.it/milano-bmw-serie-1-116d-msport-auto/184589764,€ 25.870,Usato,Aprile 2023,53.214 km,Diesel - Euro 6,Automatico,,Milano (MI)
BMW Serie 1 116d Msport auto,https://www.automobile.it/monza-bmw-serie-1-116d-msport-auto/184517530,€ 25.890,Usato,Agosto 2023,40.393 km,Diesel - Euro 6,Automatico,,Monza (MB)
Bmw Serie 1 118 i Msport,https://www.automobile.it/arzachena-bmw-serie-1-118-msport/182195584,€ 25.900,Usato,Giugno 2020,50.000 km,Benzina - Euro 6,Automatico,,Arzachena (OT)
BMW 118d 5p. Msport TETTO,https://www.automobile.it/latiano-bmw-118d-5p-msport-tetto/183084525,€ 25.900,Usato,Novembre 2020,90.000 km,Diesel,Automatico,Unico proprietario,Latiano (BR)
Bmw 116 116d 5p. MSport Auto,https://www.automobile.it/paglieta-bmw-116-116d-5p-msport-auto/182890155,€ 25.900,Usato,Febbraio 2020,87.400 km,Diesel - Euro 6,Automatico,,Paglieta (CH)
Bmw 116 116d 5p. Msport,https://www.automobile.it/ceccano-bmw-116-116d-5p-msport/184052569,€ 25.900,Usato,Giugno 2023,33.000 km,Diesel - Euro 6,Automatico,,Ceccano (FR)
BMW 118 i 5p. Advantage Automatica Led,https://www.automobile.it/oderzo-bmw-118-5p-advantage-automatica-led/183078158,€ 25.900,Usato,Maggio 2024,46.100 km,Benzina - Euro 6,Automatico,,Oderzo (TV)
BMW 116 d Msport Automatica Unico Prop. PRONTA CONSEGNA,https://www.automobile.it/gubbio-bmw-116-d-msport-automatica-unico-prop-pronta-consegna/182759423,€ 25.900,Usato,Marzo 2022,98.000 km,Diesel - Euro 6,Automatico,,Gubbio (PG)
BMW 116d 5p. Msport,https://www.automobile.it/cagliari-bmw-116d-5p-msport/184319359,€ 25.900,Usato,Maggio 2022,38.500 km,Diesel,Automatico,Unico proprietario,Cagliari (CA)
BMW Serie 1 116i M Sport,https://www.automobile.it/carini-bmw-serie-1-116i-m-sport/184444523,€ 25.900,Usato,Maggio 2023,14.392 km,Benzina - Euro 6,Manuale,,Carini (PA)
Bmw 128ti 5p. Msport - 2022,https://www.automobile.it/montano-lucino-bmw-128ti-5p-msport-2022/184452878,€ 25.900,Usato,Giugno 2022,105.000 km,Benzina - Euro 6,Automatico,2 Proprietari,Montano Lucino (CO)
BMW 118 d Msport auto,https://www.automobile.it/milano-bmw-118-d-msport-auto/184185902,€ 25.900,Usato,Luglio 2022,39.000 km,Diesel,Automatico,Unico proprietario,Milano (MI)
Bmw 120 120i 5p. Msport VIRTUAL,https://www.automobile.it/chivasso-bmw-120-120i-5p-msport-virtual/183919258,€ 25.900,Usato,Dicembre 2023,18.000 km,Benzina - Euro 6,Automatico,Unico proprietario,Chivasso (TO)
Bmw 120 48V 5p. BUSINESS,https://www.automobile.it/chivasso-bmw-120-48v-5p-business/183919348,€ 25.900,Aziendale,Settembre 2025,11.000 km,Ibrido - Euro 6,Automatico,Unico proprietario,Chivasso (TO)
Bmw 120 48V 5p. BUSINESS,https://www.automobile.it/chivasso-bmw-120-48v-5p-business/183919282,€ 25.900,Usato,Novembre 2025,14.000 km,Ibrido - Euro 6,Automatico,Unico proprietario,Chivasso (TO)
Bmw 120 48V 5p. BUSINESS,https://www.automobile.it/chivasso-bmw-120-48v-5p-business/184416934,€ 25.900,Aziendale,Settembre 2025,9.500 km,Ibrido - Euro 6,Automatico,Unico proprietario,Chivasso (TO)
Bmw 118 118i 5p. Msport,https://www.automobile.it/chivasso-bmw-118-118i-5p-msport/183919250,€ 25.900,Usato,Dicembre 2024,12.500 km,Diesel - Euro 6,Automatico,Unico proprietario,Chivasso (TO)
Bmw 118 118i 5p. Msport VIRTUAL TETTO,https://www.automobile.it/chivasso-bmw-118-118i-5p-msport-virtual-tetto/183919336,€ 25.900,Usato,Dicembre 2023,19.500 km,Benzina - Euro 6,Automatico,Unico proprietario,Chivasso (TO)
Bmw 118 118i 5p. Msport,https://www.automobile.it/chivasso-bmw-118-118i-5p-msport/184330830,€ 25.900,Usato,Luglio 2024,19.500 km,Benzina - Euro 6,Automatico,Unico proprietario,Chivasso (TO)
Bmw 120 48V 5p. BUSINESS,https://www.automobile.it/chivasso-bmw-120-48v-5p-business/184516847,€ 25.900,Aziendale,Agosto 2025,15.900 km,Ibrido - Euro 6,Automatico,Unico proprietario,Chivasso (TO)
"BMW 118 d Msport auto - 18"" - Carplay - IVA",https://www.automobile.it/paderno-dugnano-bmw-118-d-msport-auto-18-carplay-iva/184514784,€ 25.900,Usato,Aprile 2021,76.000 km,Diesel,Automatico,Unico proprietario,Paderno Dugnano (MI)
Bmw 118 118i 5p. Msport,https://www.automobile.it/chivasso-bmw-118-118i-5p-msport/184607890,€ 25.900,Usato,Dicembre 2023,21.000 km,Benzina - Euro 6,Automatico,Unico proprietario,Chivasso (TO)
Bmw 118 118i 5p. Msport,https://www.automobile.it/chivasso-bmw-118-118i-5p-msport/184607885,€ 25.900,Usato,Dicembre 2023,18.500 km,Benzina - Euro 6,Automatico,Unico proprietario,Chivasso (TO)
"BMW 118 d Msport auto - LED - 18"" - Carplay - Pack Luci",https://www.automobile.it/paderno-dugnano-bmw-118-d-msport-auto-led-18-carplay-pack-luci/184602977,€ 25.900,Usato,Gennaio 2021,79.000 km,Diesel,Automatico,Unico proprietario,Paderno Dugnano (MI)
Bmw 118d Automatica Msport,https://www.automobile.it/villacidro-bmw-118d-automatica-msport/184609656,€ 25.900,Usato,Gennaio 2022,106.000 km,Diesel - Euro 6,Automatico,,Villacidro (VS)
BMW Serie 1 5 Porte 120 i Msport DCT,https://www.automobile.it/arcene-bmw-serie-1-5-porte-120-msport-dct/184588304,€ 25.900,Usato,Settembre 2022,74.226 km,Benzina - Euro 6,Automatico,,Arcene (BG)
Bmw 118 118d 5p. Msport,https://www.automobile.it/ormelle-bmw-118-118d-5p-msport/184631608,€ 25.900,Usato,Maggio 2021,57.902 km,Diesel - Euro 6,Automatico,Unico proprietario,Ormelle (TV)
BMW 116d Sport,https://www.automobile.it/livorno-bmw-116d-sport/184502159,€ 25.900,Usato,Giugno 2021,57.529 km,Diesel - Euro 6,Manuale,,Livorno (LI)
Bmw 118 118d 5p. Msport,https://www.automobile.it/palermo-bmw-118-118d-5p-msport/183396271,€ 25.900,Usato,Febbraio 2023,79.000 km,Diesel - Euro 6,Automatico,,Palermo (PA)
Bmw 120i M Sport Pro navi camera car Play Cambio automatico,https://www.automobile.it/roma-bmw-120i-m-sport-pro-navi-camera-car-play-cambio-automatico/184626968,€ 25.900,Usato,Gennaio 2025,53.800 km,Ibrido - Euro 6,Semiautomatico,Unico proprietario,Roma (RM)
BMW 120 Serie 1 d Advantage xdrive auto,https://www.automobile.it/roma-bmw-120-serie-1-d-advantage-xdrive-auto/184018915,€ 25.900,Usato,Maggio 2022,38.407 km,Diesel - Euro 6,Automatico,,Roma (RM)
BMW Serie 1 116d MSport Aut.,https://www.automobile.it/novara-bmw-serie-1-116d-msport-aut/183111665,€ 25.950,Usato,Luglio 2023,50.120 km,Diesel - Euro 6,Automatico,,Novara (NO)
BMW Serie 1 118d MSport,https://www.automobile.it/cherasco-bmw-serie-1-118d-msport/183557800,€ 25.950,Usato,Maggio 2022,43.270 km,Diesel - Euro 6,Manuale,,Cherasco (CN)
BMW Serie 1 116d Msport Exterior auto Con NAVIG. & TELECAMERA,https://www.automobile.it/latina-bmw-serie-1-116d-msport-exterior-auto-navig-telecamera/182185945,€ 25.990,Usato,2023,48.844 km,Diesel - Euro 6,Automatico,,Latina (LT)
BMW Serie 1 118i Business Advantage 136cv auto,https://www.automobile.it/cuneo-bmw-serie-1-118i-business-advantage-136cv-auto/178804687,€ 25.990,Usato,Maggio 2022,10.200 km,Benzina - Euro 6,Automatico,,Cuneo (CN)
BMW Serie 1 118i Business Advantage 136cv auto,https://www.automobile.it/cuneo-bmw-serie-1-118i-business-advantage-136cv-auto/178804674,€ 25.990,Usato,Aprile 2022,11.847 km,Benzina - Euro 6,Automatico,,Cuneo (CN)
Bmw 116d Colorvision Edition M-Sport Tetto Full,https://www.automobile.it/cavour-bmw-116d-colorvision-edition-m-sport-tetto-full/184569781,€ 25.990,Usato,Dicembre 2022,68.000 km,Diesel - Euro 6,Semiautomatico,Unico proprietario,Cavour (TO)
Bmw 116 116d 5p. Msport,https://www.automobile.it/pagani-bmw-116-116d-5p-msport/182624355,€ 26.000,Usato,Dicembre 2021,60.000 km,Diesel,Automatico,,Pagani (SA)
BMW Serie 1 5 Porte 120 d SCR Msport Steptronic,https://www.automobile.it/rovigo-bmw-serie-1-5-porte-120-d-scr-msport-steptronic/182519086,€ 26.000,Usato,Novembre 2020,79.930 km,Diesel - Euro 6,Automatico,,Rovigo (RO)
Bmw 116 116d 5p. Msport,https://www.automobile.it/ascoli-piceno-bmw-116-116d-5p-msport/184477486,€ 26.000,Usato,Febbraio 2023,64.800 km,Diesel - Euro 6,Automatico,,Ascoli Piceno (AP)
BMW Serie 1 (F40) - 128ti 5p. Msport,https://www.automobile.it/capannori-bmw-serie-1-f40-128ti-5p-msport/184545763,€ 26.000,Usato,Maggio 2021,103.780 km,Benzina - Euro 6,Automatico,Unico proprietario,Capannori (LU)
BMW Serie 1 (F40) - 128ti 5p. Msport,https://www.automobile.it/vinci-bmw-serie-1-f40-128ti-5p-msport/184555374,€ 26.000,Usato,Maggio 2021,103.780 km,Benzina - Euro 6,Automatico,Unico proprietario,Vinci (FI)
Bmw 118 118d 5p. Msport TOUCH! AUTOMATICA!! Top,https://www.automobile.it/conselve-bmw-118-118d-5p-msport-touch-automatica-top/182432596,€ 26.300,Usato,Gennaio 2022,70.000 km,Diesel - Euro 6,Manuale,Unico proprietario,Conselve (PD)
Bmw 118 sDrive 18d Msport,https://www.automobile.it/eboli-bmw-118-sdrive-18d-msport/184475193,€ 26.300,Usato,Aprile 2023,45.000 km,Diesel - Euro 6,Manuale,2 Proprietari,Eboli (SA)
Bmw 120 120d xDrive 5p. Msport tetto apribile,https://www.automobile.it/poncarale-bmw-120-120d-xdrive-5p-msport-tetto-apribile/183169680,€ 26.400,Usato,Gennaio 2021,106.743 km,Diesel - Euro 6,Automatico,Unico proprietario,Poncarale (BS)
BMW 118 i Msport 136cv auto IN PROMO,https://www.automobile.it/liscate-bmw-118-msport-136cv-auto-promo/184149353,€ 26.400,Usato,Febbraio 2024,35.000 km,Benzina,Automatico,Unico proprietario,Liscate (MI)
BMW Serie 1 116d 5p. Msport,https://www.automobile.it/sassari-bmw-serie-1-116d-5p-msport/182773248,€ 26.500,Usato,Febbraio 2024,32.764 km,Diesel - Euro 6,Automatico,,Sassari (SS)
Bmw 118 120d xDrive 5p. Msport,https://www.automobile.it/marsala-bmw-118-120d-xdrive-5p-msport/183495260,€ 26.500,Usato,Marzo 2023,126.000 km,Diesel - Euro 6,Automatico,,Marsala (TP)
Bmw 116D M-SPORT 5P,https://www.automobile.it/francofonte-bmw-116d-m-sport-5p/183828175,€ 26.500,Usato,Marzo 2021,35.000 km,Diesel - Euro 6,Automatico,,Francofonte (SR)
Bmw 118 118d MSport,https://www.automobile.it/orbassano-bmw-118-118d-msport/184146073,€ 26.500,Usato,Luglio 2024,43.500 km,Diesel - Euro 6,Semiautomatico,Unico proprietario,Orbassano (TO)
BMW Serie 1 120i Msport auto,https://www.automobile.it/paola-bmw-serie-1-120i-msport-auto/184445799,€ 26.500,Usato,2021,62.000 km,Benzina - Euro 6,Automatico,,Paola (CS)
Bmw 120 120d 5p. Msport,https://www.automobile.it/castelplanio-bmw-120-120d-5p-msport/184606001,€ 26.500,Usato,Marzo 2021,106.000 km,Diesel - Euro 6,Automatico,,Castelplanio (AN)
BMW Serie 1 118d Msport auto,https://www.automobile.it/roma-bmw-serie-1-118d-msport-auto/184281617,€ 26.500,Usato,Luglio 2024,40.344 km,Diesel - Euro 6,Automatico,Unico proprietario,Roma (RM)
BMW Serie 1 118i 5p. Msport,https://www.automobile.it/leini-bmw-serie-1-118i-5p-msport/181163904,€ 26.500,Usato,Giugno 2024,25.200 km,Benzina - Euro 6,Manuale,Unico proprietario,Leinì (TO)
BMW Serie 1 (F40) 128ti 5p. Msport,https://www.automobile.it/lucca-bmw-serie-1-f40-128ti-5p-msport/184603582,€ 26.500,Usato,2022,53.500 km,Benzina,Automatico,,Lucca (LU)
Bmw 118d 5p. Msport,https://www.automobile.it/mogoro-bmw-118d-5p-msport/184626557,€ 26.500,Usato,Settembre 2021,82.000 km,Diesel - Euro 6,Automatico,,Mogoro (OR)
BMW Serie 1 5 Porte 120 d SCR Msport xDrive Steptronic,https://www.automobile.it/paglieta-bmw-serie-1-5-porte-120-d-scr-msport-xdrive-steptronic/183268427,€ 26.700,Usato,Marzo 2022,103.000 km,Diesel - Euro 6,Automatico,,Paglieta (CH)
BMW 118 d 150cv M-Sport (Auto/Navi/Retro/LED),https://www.automobile.it/castellaneta-bmw-118-d-150cv-m-sport-auto-navi-retro-led/183842900,€ 26.800,Usato,Ottobre 2022,68.400 km,Diesel - Euro 6,Automatico,Unico proprietario,Castellaneta (TA)
Bmw 118d Msport Led/Garanzia Bmw,https://www.automobile.it/salice-salentino-bmw-118d-msport-led-garanzia-bmw/184495198,€ 26.800,Usato,Febbraio 2023,106.000 km,Diesel - Euro 6,Automatico,,Salice Salentino (LE)
BMW 118d 5p. Msport 63.000 KM!!!,https://www.automobile.it/curinga-bmw-118d-5p-msport-63-000-km/184539977,€ 26.800,Usato,Giugno 2023,63.445 km,Diesel,Automatico,,Curinga (CZ)
Bmw Serie 1 Msport 118d Sdrive 2021,https://www.automobile.it/petralia-soprana-bmw-serie-1-msport-118d-sdrive-2021/184033957,€ 26.900,Usato,Dicembre 2021,90.000 km,Diesel - Euro 6,Automatico,,Petralia Soprana (PA)
BMW 118 d Msport auto,https://www.automobile.it/guidonia-montecelio-bmw-118-d-msport-auto/184264683,€ 26.900,Usato,Dicembre 2022,74.000 km,Diesel,Automatico,Unico proprietario,Guidonia Montecelio (RM)
Bmw 118d 5p. Msport,https://www.automobile.it/ispica-bmw-118d-5p-msport/184453329,€ 26.900,Usato,Ottobre 2022,81.000 km,Diesel - Euro 6,Automatico,,Ispica (RG)
118d 5p. Business Advantage,https://www.automobile.it/fiumicino-118d-5p-business-advantage/184475731,€ 26.900,Usato,Agosto 2020,63.000 km,Diesel - Euro 6,Automatico,,Fiumicino (RM)
BMW Serie 1 5 Porte 118 d SCR Msport Steptronic,https://www.automobile.it/alessandria-bmw-serie-1-5-porte-118-d-scr-msport-steptronic/184511947,€ 26.900,Usato,Ottobre 2023,63.832 km,Diesel - Euro 6,Automatico,,Alessandria (AL)
Bmw 118d M-sport *Tetto*cerchi18*led,https://www.automobile.it/modica-bmw-118d-m-sport-tetto-cerchi18-led/184327769,€ 26.900,Usato,Settembre 2022,79.900 km,Diesel - Euro 6,Automatico,,Modica (RG)
BMW 118 i M-SPORT Steptronic/AUTOMATICA MSport F40,https://www.automobile.it/concesio-bmw-118-m-sport-steptronic-automatica-msport-f40/184337857,€ 26.900,Usato,Agosto 2023,59.000 km,Benzina - Euro 6,Automatico,Unico proprietario,Concesio (BS)
Bmw 116 BUSINESS TETTO,https://www.automobile.it/chivasso-bmw-116-business-tetto/184103039,€ 26.900,Aziendale,Ottobre 2025,9.500 km,Benzina - Euro 6,Automatico,Unico proprietario,Chivasso (TO)
Bmw 120 48V 5p. BUSINESS,https://www.automobile.it/chivasso-bmw-120-48v-5p-business/184104096,€ 26.900,Usato,Luglio 2025,15.000 km,Ibrido - Euro 6,Automatico,Unico proprietario,Chivasso (TO)
Bmw 118 118i 5p. Msport,https://www.automobile.it/chivasso-bmw-118-118i-5p-msport/183919278,€ 26.900,Usato,Dicembre 2023,21.500 km,Benzina - Euro 6,Manuale,Unico proprietario,Chivasso (TO)
BMW Serie 1 118i 5p. Msport,https://www.automobile.it/leini-bmw-serie-1-118i-5p-msport/184037675,€ 26.900,Usato,Maggio 2024,11.500 km,Benzina - Euro 6,Automatico,Unico proprietario,Leinì (TO)
BMW Serie 1 118 i 5p. MSport,https://www.automobile.it/leini-bmw-serie-1-118-5p-msport/181163807,€ 26.900,Usato,Ottobre 2024,29.300 km,Benzina - Euro 6,Automatico,Unico proprietario,Leinì (TO)
Bmw 118i 1.5 Msport FULL GARANTITA PREZZO REALE,https://www.automobile.it/ciampino-bmw-118i-1-5-msport-full-garantita-prezzo-reale/184536092,€ 26.900,Usato,Luglio 2023,24.000 km,Benzina - Euro 6,Manuale,Unico proprietario,Ciampino (RM)
Bmw 118 118d 5p. Msport,https://www.automobile.it/rivoli-bmw-118-118d-5p-msport/184585002,€ 26.900,Usato,Settembre 2021,50.000 km,Diesel - Euro 6,Semiautomatico,,Rivoli (TO)
BMW Serie 1 (F40) M 135i xDrive,https://www.automobile.it/biella-bmw-serie-1-f40-m-135i-xdrive/184611586,€ 26.900,Usato,2021,81.000 km,Benzina - Euro 6,Automatico,,Biella (BI)
"BMW 118 i 5p. Msport Edition SEDILI PERFORMANCE/18""M sport",https://www.automobile.it/savigliano-bmw-118-5p-msport-edition-sedili-performance-18-m-sport/184432905,€ 26.990,Usato,Luglio 2024,41.600 km,Benzina - Euro 6,Automatico,,Savigliano (CN)
Bmw 118d 5p. Msport (Garanzia 24 mesi),https://www.automobile.it/fiorano-modenese-bmw-118d-5p-msport-garanzia-24-mesi/184560199,€ 26.990,Usato,Marzo 2021,56.000 km,Diesel - Euro 6,Automatico,,Fiorano Modenese (MO)
BMW 118 d Msport auto,https://www.automobile.it/treviso-bmw-118-d-msport-auto/184462440,€ 26.990,Usato,Agosto 2023,48.500 km,Diesel,Automatico,Unico proprietario,Treviso (TV)
"BMW 120d MSPORT 190cv AUTO, EURO 6D, SERVICE BMW, EURO 6D, FULL LED, 18"", NAVI, APPLE ANDROID, PERMUTE",https://www.automobile.it/asti-bmw-120d-msport-190cv-auto-euro-6d-service-bmw-euro-6d-full-led-18-navi-apple-android-permute/184577652,€ 26.990,Usato,Novembre 2022,94.000 km,Diesel,Automatico,,Asti (AT)
Bmw 120i 5p. Advantage Pro Nuovo mod,https://www.automobile.it/roma-bmw-120i-5p-advantage-pro-nuovo-mod/183088609,€ 26.999,Usato,Gennaio 2025,15.000 km,Ibrido - Euro 6,Automatico,Unico proprietario,Roma (RM)
Bmw 116 116d 5p. Msport,https://www.automobile.it/san-giovanni-punta-bmw-116-116d-5p-msport/184602118,€ 26.999,Usato,Giugno 2023,50.595 km,Diesel - Euro 6,Manuale,Unico proprietario,San Giovanni la Punta (CT)
BMW 118 d 5p. Msport,https://www.automobile.it/milano-bmw-118-d-5p-msport/182273206,€ 27.099,Usato,Novembre 2021,52.363 km,Diesel - Euro 6,Automatico,,Milano (MI)
BMW M135 i xDrive,https://www.automobile.it/collesalvetti-bmw-m135-xdrive/184292095,€ 27.299,Usato,Giugno 2020,74.291 km,Benzina - Euro 6,Automatico,,Collesalvetti (LI)
BMW M135 i xDrive,https://www.automobile.it/verona-bmw-m135-xdrive/184290870,€ 27.299,Usato,Giugno 2020,74.291 km,Benzina - Euro 6,Automatico,,Verona (VR)
BMW 116d Msport auto,https://www.automobile.it/cuneo-bmw-116d-msport-auto/184555378,€ 27.300,Usato,Gennaio 2023,72.000 km,Diesel - Euro 6,Automatico,,Cuneo (CN)
BMW 118 d 5p. Msport,https://www.automobile.it/roma-bmw-118-d-5p-msport/184516881,€ 27.399,Usato,Ottobre 2024,79.019 km,Diesel - Euro 6,Manuale,,Roma (RM)
BMW 118 d 5p. Msport,https://www.automobile.it/bari-bmw-118-d-5p-msport/184516648,€ 27.399,Usato,Ottobre 2024,79.019 km,Diesel - Euro 6,Manuale,,Bari (BA)
BMW 118 d 5p. Msport,https://www.automobile.it/venezia-bmw-118-d-5p-msport/184516838,€ 27.399,Usato,Ottobre 2024,79.019 km,Diesel - Euro 6,Manuale,,Venezia (VE)
Bmw 135 M 135i xDrive Garanzia BMW 10/2028,https://www.automobile.it/roma-bmw-135-m-135i-xdrive-garanzia-bmw-10-2028/184379008,€ 27.400,Usato,Giugno 2020,105.000 km,Benzina - Euro 6,Automatico,Unico proprietario,Roma (RM)
Bmw 120 120d 5p. Msport,https://www.automobile.it/mazara-vallo-bmw-120-120d-5p-msport/184479569,€ 27.499,Usato,Ottobre 2022,42.000 km,Diesel - Euro 6,Automatico,Unico proprietario,Mazara del Vallo (TP)
BMW 118d 5p. Msport,https://www.automobile.it/barcellona-pozzo-gotto-bmw-118d-5p-msport/181943800,€ 27.500,Usato,Gennaio 2021,75.500 km,Diesel,Automatico,2 Proprietari,Barcellona Pozzo di Gotto (ME)
Bmw 116 116d 5p. Msport 116 CV - 2021,https://www.automobile.it/falerna-bmw-116-116d-5p-msport-116-cv-2021/182108529,€ 27.500,Usato,Marzo 2021,105.000 km,Diesel - Euro 6,Automatico,Unico proprietario,Falerna (CZ)
BMW M 135i xDrive Colorvision Edition,https://www.automobile.it/latiano-bmw-m-135i-xdrive-colorvision-edition/184201029,€ 27.500,Usato,Luglio 2022,158.000 km,Benzina,Automatico,,Latiano (BR)
BMW 118 Msport 2.0cc 150cv Auto Tetto Apribile CarPlay,https://www.automobile.it/cusago-bmw-118-msport-2-0cc-150cv-auto-tetto-apribile-carplay/183911391,€ 27.500,Usato,Gennaio 2022,86.316 km,Diesel - Euro 6,Automatico,,Cusago (MI)
Bmw 118 118d 5p. Msport,https://www.automobile.it/taranto-bmw-118-118d-5p-msport/184412368,€ 27.500,Usato,Marzo 2024,51.000 km,Diesel - Euro 6,Automatico,,Taranto (TA)
BMW Serie 1 5 Porte 118 i Msport DCT,https://www.automobile.it/lecco-bmw-serie-1-5-porte-118-msport-dct/184436780,€ 27.500,Usato,Marzo 2022,53.790 km,Benzina - Euro 6,Automatico,,Lecco (LC)
BMW Serie 1 F40 Benzina 120i Msport auto,https://www.automobile.it/pesaro-bmw-serie-1-f40-benzina-120i-msport-auto/184528959,€ 27.500,Usato,Luglio 2022,63.500 km,Altro - Euro 6,Manuale,,Pesaro (PU)
BMW Serie 1 F40 Benzina 120i Msport auto,https://www.automobile.it/rimini-bmw-serie-1-f40-benzina-120i-msport-auto/184522314,€ 27.500,Usato,Luglio 2022,63.500 km,Altro - Euro 6,Manuale,,Rimini (RN)
Bmw 118 118i 5p. Msport Exterior,https://www.automobile.it/sarzana-bmw-118-118i-5p-msport-exterior/184431871,€ 27.500,Usato,Febbraio 2022,38.768 km,Benzina - Euro 6,Automatico,,Sarzana (SP)
BMW 116d Msport,https://www.automobile.it/cuneo-bmw-116d-msport/184521290,€ 27.500,Usato,Aprile 2024,49.360 km,Diesel - Euro 6,Manuale,,Cuneo (CN)
BMW 118 Serie 1 d Msport auto,https://www.automobile.it/roma-bmw-118-serie-1-d-msport-auto/183756469,€ 27.600,Usato,Aprile 2024,40.592 km,Diesel - Euro 6,Automatico,,Roma (RM)
BMW 118d Cambio Automatico Navi PDC,https://www.automobile.it/roma-bmw-118d-cambio-automatico-navi-pdc/184602127,€ 27.690,Usato,Ottobre 2025,20.000 km,Diesel - Euro 6,Automatico,Unico proprietario,Roma (RM)
BMW Serie 1 118D AUTO,https://www.automobile.it/saronno-bmw-serie-1-118d-auto/184604737,€ 27.700,Usato,Gennaio 2025,23.714 km,Diesel - Euro 6,Automatico,,Saronno (VA)
Bmw 118 Serie 1 M-Sport 118d 2.0 Diesel 150 CV,https://www.automobile.it/carpenedolo-bmw-118-serie-1-m-sport-118d-2-0-diesel-150-cv/184634718,€ 27.700,Usato,Giugno 2023,35.000 km,Diesel - Euro 6,Automatico,,Carpenedolo (BS)
BMW Serie 1 118d Msport auto,https://www.automobile.it/varese-bmw-serie-1-118d-msport-auto/184578463,€ 27.750,Usato,Gennaio 2024,50.119 km,Diesel - Euro 6,Automatico,,Varese (VA)
Bmw 118d 5p. auto Msport,https://www.automobile.it/fisciano-bmw-118d-5p-auto-msport/183574699,€ 27.800,Usato,Ottobre 2021,52.000 km,Diesel - Euro 6,Automatico,,Fisciano (SA)
BMW Serie 1 120d msport auto,https://www.automobile.it/bari-bmw-serie-1-120d-msport-auto/184366350,€ 27.800,Usato,Febbraio 2023,53.713 km,Altro,Automatico,,Bari (BA)
BMW Serie 1 118D MSPORT AUTO,https://www.automobile.it/saronno-bmw-serie-1-118d-msport-auto/184530979,€ 27.800,Usato,Luglio 2023,71.022 km,Diesel - Euro 6,Automatico,,Saronno (VA)
BMW 120 2.0 Diesel 190CV E6 - 2022,https://www.automobile.it/roma-bmw-120-2-0-diesel-190cv-e6-2022/184056040,€ 27.899,Usato,Ottobre 2022,54.315 km,Diesel,Automatico,Unico proprietario,Roma (RM)
BMW Serie 1 118d Msport auto TAGLIANDI BMW!,https://www.automobile.it/limatola-bmw-serie-1-118d-msport-auto-tagliandi-bmw/181633809,€ 27.900,Usato,2021,69.000 km,Diesel - Euro 6,Automatico,,Limatola (BN)
Bmw 118 Msport,https://www.automobile.it/monastir-bmw-118-msport/183669647,€ 27.900,Usato,Marzo 2020,43.000 km,Diesel - Euro 6,Automatico,Unico proprietario,Monastir (CA)
Bmw 135 M 135i xDrive,https://www.automobile.it/nocera-inferiore-bmw-135-m-135i-xdrive/183955543,€ 27.900,Usato,Gennaio 2020,67.558 km,Benzina - Euro 6,Automatico,2 Proprietari,Nocera Inferiore (SA)
BMW Serie 1 118 i 5p. Msport,https://www.automobile.it/leini-bmw-serie-1-118-5p-msport/181163910,€ 27.900,Usato,Novembre 2024,14.400 km,Benzina - Euro 6,Automatico,,Leinì (TO)
BMW Serie 1 120 MSport aut.,https://www.automobile.it/leini-bmw-serie-1-120-msport-aut/183672110,€ 27.900,Usato,Giugno 2025,11.700 km,Ibrido - Euro 6,Automatico,Unico proprietario,Leinì (TO)
BMW Serie 1 118d MSport aut.,https://www.automobile.it/leini-bmw-serie-1-118d-msport-aut/183672112,€ 27.900,Usato,Aprile 2025,8.900 km,Diesel - Euro 6,Automatico,Unico proprietario,Leinì (TO)
BMW Serie 1 5 Porte 118 d SCR Msport Steptronic,https://www.automobile.it/capaci-bmw-serie-1-5-porte-118-d-scr-msport-steptronic/184610973,€ 27.900,Usato,Giugno 2021,44.000 km,Diesel - Euro 6,Automatico,,Capaci (PA)
BMW Serie 1 5 Porte 118 i Msport DCT,https://www.automobile.it/paglieta-bmw-serie-1-5-porte-118-msport-dct/184389639,€ 27.900,Usato,Luglio 2023,18.553 km,Benzina - Euro 6,Automatico,,Paglieta (CH)
BMW Serie 1 F40 Benzina 128ti auto,https://www.automobile.it/pesaro-bmw-serie-1-f40-benzina-128ti-auto/184528952,€ 27.900,Usato,Luglio 2022,49.624 km,Benzina - Euro 6,Automatico,,Pesaro (PU)
BMW 120 d Msport Auto,https://www.automobile.it/latina-bmw-120-d-msport-auto/184547094,€ 27.900,Usato,Novembre 2022,47.450 km,Diesel,Semiautomatico,Unico proprietario,Latina (LT)
BMW Serie 1 F40 Benzina 128ti auto,https://www.automobile.it/rimini-bmw-serie-1-f40-benzina-128ti-auto/184530448,€ 27.900,Usato,Luglio 2022,49.624 km,Benzina - Euro 6,Automatico,,Rimini (RN)
Bmw 118 118d 5p. Msport aut.,https://www.automobile.it/maddaloni-bmw-118-118d-5p-msport-aut/184520203,€ 27.950,Usato,Gennaio 2023,42.023 km,Diesel - Euro 6,Automatico,,Maddaloni (CE)
BMW Serie 1 118d 5 Porte MSport,https://www.automobile.it/bologna-bmw-serie-1-118d-5-porte-msport/184638345,€ 27.980,Usato,Agosto 2023,42.135 km,Diesel - Euro 6,Automatico,,Bologna (BO)
Bmw 118 118i 5p. Msport 05/2022,https://www.automobile.it/rende-bmw-118-118i-5p-msport-05-2022/182237755,€ 27.990,Usato,Maggio 2022,26.691 km,Benzina - Euro 6,Automatico,2 Proprietari,Rende (CS)
BMW 118 d 5p. Msport,https://www.automobile.it/alcamo-bmw-118-d-5p-msport/184280891,€ 27.990,Usato,Settembre 2022,50.000 km,Diesel - Euro 6,Automatico,,Alcamo (TP)
Bmw 118d 5p. Msport Automatica - 2024,https://www.automobile.it/lamezia-terme-bmw-118d-5p-msport-automatica-2024/184378914,€ 27.990,Aziendale,Maggio 2024,78.000 km,Diesel - Euro 6,Automatico,Unico proprietario,Lamezia Terme (CZ)
Bmw 118d 5p. Msport Full “NAVI/LUCI AMBIENTE”,https://www.automobile.it/andria-bmw-118d-5p-msport-full-navi-luci-ambiente/184540751,€ 27.990,Usato,Ottobre 2023,60.000 km,Diesel - Euro 6,Automatico,,Andria (BT)
Bmw 120 120d 5p. Msport 190cv,https://www.automobile.it/cernusco-naviglio-bmw-120-120d-5p-msport-190cv/184510561,€ 27.990,Usato,Luglio 2022,50.000 km,Diesel - Euro 6,Automatico,Unico proprietario,Cernusco sul Naviglio (MI)
Bmw 118 118d 5p. Msport,https://www.automobile.it/valperga-bmw-118-118d-5p-msport/184586575,€ 27.990,Usato,Dicembre 2023,14.000 km,Diesel - Euro 6,Automatico,,Valperga (TO)
BMW 118 d Msport auto,https://www.automobile.it/labico-bmw-118-d-msport-auto/184264686,€ 27.990,Usato,Settembre 2023,35.000 km,Diesel,Automatico,Unico proprietario,Labico (RM)
BMW Serie 1 118d MSport,https://www.automobile.it/torino-bmw-serie-1-118d-msport/183818355,€ 27.999,Usato,Maggio 2024,42.160 km,Diesel - Euro 6,Automatico,Unico proprietario,Torino (TO)
Bmw Serie 1 Msport Automatica,https://www.automobile.it/sant-egidio-monte-albino-bmw-serie-1-msport-automatica/184531627,€ 27.999,Usato,Novembre 2022,13.999 km,Diesel - Euro 6,Automatico,,Sant'Egidio del Monte Albino (SA)
Bmw 118 118d 5p. Msport,https://www.automobile.it/roma-bmw-118-118d-5p-msport/184582298,€ 28.000,Usato,Aprile 2024,15.000 km,Diesel - Euro 6,Automatico,,Roma (RM)
BMW Serie 1 5 Porte 118 i Msport DCT,https://www.automobile.it/milano-bmw-serie-1-5-porte-118-msport-dct/184588124,€ 28.000,Usato,Maggio 2022,55.624 km,Benzina - Euro 6,Automatico,,Milano (MI)
Bmw 120 120d xDrive 5p. Luxury,https://www.automobile.it/tertenia-bmw-120-120d-xdrive-5p-luxury/184612379,€ 28.000,Usato,Novembre 2020,38.000 km,Diesel - Euro 6,Automatico,,Tertenia (OG)
BMW Serie 1 5 Porte 118 d SCR Msport Steptronic,https://www.automobile.it/milano-bmw-serie-1-5-porte-118-d-scr-msport-steptronic/184357070,€ 28.000,Usato,Maggio 2022,83.057 km,Diesel - Euro 6,Automatico,,Milano (MI)
BMW Serie 1 (F40) - 118d 5p. Msport,https://www.automobile.it/capannori-bmw-serie-1-f40-118d-5p-msport/184579508,€ 28.000,Usato,Ottobre 2022,60.050 km,Diesel - Euro 6,Automatico,Unico proprietario,Capannori (LU)
BMW Serie 1 (F40) - 118d 5p. Msport,https://www.automobile.it/vinci-bmw-serie-1-f40-118d-5p-msport/184579494,€ 28.000,Usato,Ottobre 2022,60.050 km,Diesel - Euro 6,Automatico,Unico proprietario,Vinci (FI)
BMW 120 i 5p. Msport,https://www.automobile.it/collesalvetti-bmw-120-5p-msport/184539102,€ 28.299,Usato,Marzo 2023,44.641 km,Benzina - Euro 6,Automatico,,Collesalvetti (LI)
BMW 120 i 5p. Msport,https://www.automobile.it/cosenza-bmw-120-5p-msport/184546698,€ 28.299,Usato,Marzo 2023,44.641 km,Benzina - Euro 6,Automatico,,Cosenza (CS)
BMW 120 i 5p. Msport,https://www.automobile.it/verona-bmw-120-5p-msport/184549761,€ 28.299,Usato,Marzo 2023,44.641 km,Benzina - Euro 6,Automatico,,Verona (VR)
BMW 120 i 5p. Msport,https://www.automobile.it/catania-bmw-120-5p-msport/184549046,€ 28.299,Usato,Marzo 2023,44.641 km,Benzina - Euro 6,Automatico,,Catania (CT)
BMW 120 i 5p. Msport,https://www.automobile.it/beinasco-bmw-120-5p-msport/184549457,€ 28.299,Usato,Marzo 2023,44.641 km,Benzina - Euro 6,Automatico,,Beinasco (TO)
BMW 120 i 5p. Msport,https://www.automobile.it/catania-bmw-120-5p-msport/184549046,€ 28.299,Usato,Marzo 2023,44.641 km,Benzina - Euro 6,Automatico,,Catania (CT)
BMW 120 i 5p. Msport,https://www.automobile.it/sassari-bmw-120-5p-msport/184550222,€ 28.299,Usato,Marzo 2023,44.641 km,Benzina - Euro 6,Automatico,,Sassari (SS)
BMW 120 i 5p. Msport,https://www.automobile.it/bologna-bmw-120-5p-msport/184550238,€ 28.299,Usato,Marzo 2023,44.641 km,Benzina - Euro 6,Automatico,,Bologna (BO)
BMW 120 i 5p. Msport,https://www.automobile.it/verona-bmw-120-5p-msport/184549761,€ 28.299,Usato,Marzo 2023,44.641 km,Benzina - Euro 6,Automatico,,Verona (VR)
BMW 120 i 5p. Msport,https://www.automobile.it/cagliari-bmw-120-5p-msport/184550683,€ 28.299,Usato,Marzo 2023,44.641 km,Benzina - Euro 6,Automatico,,Cagliari (CA)
BMW 120 i 5p. Msport,https://www.automobile.it/bari-bmw-120-5p-msport/184551298,€ 28.299,Usato,Marzo 2023,44.641 km,Benzina - Euro 6,Automatico,,Bari (BA)
BMW 120 i 5p. Msport,https://www.automobile.it/palermo-bmw-120-5p-msport/184551372,€ 28.299,Usato,Marzo 2023,44.641 km,Benzina - Euro 6,Automatico,,Palermo (PA)
BMW 120 i 5p. Msport,https://www.automobile.it/venezia-bmw-120-5p-msport/184551485,€ 28.299,Usato,Marzo 2023,44.641 km,Benzina - Euro 6,Automatico,,Venezia (VE)
BMW Serie 1 5 Porte 120 d SCR Advantage xDrive Steptronic,https://www.automobile.it/perugia-bmw-serie-1-5-porte-120-d-scr-advantage-xdrive-steptronic/183284770,€ 28.300,Usato,Marzo 2023,48.010 km,Diesel - Euro 6,Automatico,,Perugia (PG)
BMW SERIE 1 118d Msport KM 43159,https://www.automobile.it/sassari-bmw-serie-1-118d-msport-km-43159/182316321,€ 28.400,Aziendale,Settembre 2021,43.159 km,Diesel - Euro 6,Automatico,Unico proprietario,Sassari (SS)
BMW 120 D MSPORT 190CV 2023,https://www.automobile.it/manduria-bmw-120-d-msport-190cv-2023/184625855,€ 28.490,Usato,Aprile 2023,75.000 km,Diesel - Euro 6,Automatico,,Manduria (TA)
BMW 120 d 5p. Business Advantage Uniprop. Italiana Certif.,https://www.automobile.it/fano-bmw-120-d-5p-business-advantage-uniprop-italiana-certif/181264720,€ 28.499,Usato,Ottobre 2022,33.303 km,Diesel - Euro 6,Automatico,Unico proprietario,Fano (PU)
Bmw 118d 5p. Msport,https://www.automobile.it/mascali-bmw-118d-5p-msport/184483905,€ 28.499,Usato,Dicembre 2022,130.000 km,Diesel - Euro 6,Automatico,,Mascali (CT)
Bmw M135i x-drive 306cv ......superbollo ridotto si val.permute iva esp.,https://www.automobile.it/rende-bmw-m135i-x-drive-306cv-superbollo-ridotto-val-permute-iva-esp/182210383,€ 28.500,Usato,Dicembre 2020,80.000 km,Benzina - Euro 6,Automatico,,Rende (CS)
BMW Serie 1 118d Msport,https://www.automobile.it/desio-bmw-serie-1-118d-msport/184491993,€ 28.500,Usato,Agosto 2023,44.174 km,Diesel - Euro 6,Automatico,,Desio (MB)
BMW 118 d Msport auto,https://www.automobile.it/rovigo-bmw-118-d-msport-auto/184142396,€ 28.500,Usato,Maggio 2024,83.400 km,Diesel,Automatico,Unico proprietario,Rovigo (RO)
BMW Serie 1 5 Porte 118 d SCR Msport Steptronic,https://www.automobile.it/perugia-bmw-serie-1-5-porte-118-d-scr-msport-steptronic/184588093,€ 28.500,Usato,Luglio 2024,8.300 km,Diesel - Euro 6,Automatico,,Perugia (PG)
BMW M 135i xDrive auto 306cv,https://www.automobile.it/cava-de-tirreni-bmw-m-135i-xdrive-auto-306cv/184633893,€ 28.500,Usato,Marzo 2021,75.000 km,Benzina - Euro 6,Automatico,2 Proprietari,Cava de' Tirreni (SA)
BMW 120 48V auto,https://www.automobile.it/cuneo-bmw-120-48v-auto/184263564,€ 28.500,Usato,Settembre 2024,51.578 km,Ibrido - Euro 6,Automatico,,Cuneo (CN)
BMW Serie 1 5 Porte 116 d SCR Msport DCT,https://www.automobile.it/grumello-monte-bmw-serie-1-5-porte-116-d-scr-msport-dct/181230973,€ 28.600,Usato,Marzo 2023,40.801 km,Diesel - Euro 6,Automatico,,Grumello del Monte (BG)
BMW 118 Serie 1 d 5p. Msport,https://www.automobile.it/milano-bmw-118-serie-1-d-5p-msport/183084956,€ 28.700,Usato,Dicembre 2024,30.636 km,Diesel - Euro 6,Automatico,,Milano (MI)
BMW 118 Serie 1 d 5p. Msport,https://www.automobile.it/milano-bmw-118-serie-1-d-5p-msport/183089028,€ 28.700,Usato,Marzo 2024,29.420 km,Diesel - Euro 6,Automatico,,Milano (MI)
BMW Serie 1 118 i 5p. Msport,https://www.automobile.it/leini-bmw-serie-1-118-5p-msport/181163854,€ 28.700,Usato,Novembre 2024,13.600 km,Benzina - Euro 6,Automatico,Unico proprietario,Leinì (TO)
BMW 120 MSPORT AUTO 5 PORTE BERLINA,https://www.automobile.it/pozzuoli-bmw-120-msport-auto-5-porte-berlina/184628734,€ 28.750,Usato,Febbraio 2023,68.014 km,Diesel - Euro 6,Automatico,Unico proprietario,Pozzuoli (NA)
BMW 120 MSPORT AUTO 5 PORTE BERLINA,https://www.automobile.it/firenze-bmw-120-msport-auto-5-porte-berlina/184628689,€ 28.750,Usato,Febbraio 2023,68.014 km,Diesel - Euro 6,Automatico,Unico proprietario,Firenze (FI)
BMW 120 MSPORT AUTO 5 PORTE BERLINA,https://www.automobile.it/bentivoglio-bmw-120-msport-auto-5-porte-berlina/184628492,€ 28.750,Usato,Febbraio 2023,68.014 km,Diesel - Euro 6,Automatico,Unico proprietario,Bentivoglio (BO)
BMW 120 MSPORT AUTO 5 PORTE BERLINA,https://www.automobile.it/roma-bmw-120-msport-auto-5-porte-berlina/184628293,€ 28.750,Usato,Febbraio 2023,68.014 km,Diesel - Euro 6,Automatico,Unico proprietario,Roma (RM)
BMW 120 MSPORT AUTO 5 PORTE BERLINA,https://www.automobile.it/verona-bmw-120-msport-auto-5-porte-berlina/184628369,€ 28.750,Usato,Febbraio 2023,68.014 km,Diesel - Euro 6,Automatico,Unico proprietario,Verona (VR)
BMW Serie 1 118d MSport aut. 150cv,https://www.automobile.it/milano-bmw-serie-1-118d-msport-aut-150cv/183103277,€ 28.800,Usato,Dicembre 2024,25.881 km,Diesel - Euro 6,Automatico,,Milano (MI)
BMW 116 d Msport Exterior STRAFULL Automatico,https://www.automobile.it/qualiano-bmw-116-d-msport-exterior-strafull-automatico/184464079,€ 28.800,Usato,Marzo 2023,67.285 km,Diesel,Automatico,Unico proprietario,Qualiano (NA)
Bmw 116i M Sport Design Cambio Automatico,https://www.automobile.it/roma-bmw-116i-m-sport-design-cambio-automatico/184635799,€ 28.850,Usato,Agosto 2025,7.100 km,Benzina - Euro 6,Automatico,Unico proprietario,Roma (RM)
BMW Serie 1 128ti auto,https://www.automobile.it/monza-bmw-serie-1-128ti-auto/184578225,€ 28.890,Usato,Agosto 2022,50.603 km,Benzina - Euro 6,Automatico,,Monza (MB)
BMW 118 118d 5 porte MSport,https://www.automobile.it/pavia-udine-bmw-118-118d-5-porte-msport/182920793,€ 28.900,Usato,Dicembre 2024,35.716 km,Diesel,Automatico,,Pavia di Udine (UD)
BMW - Serie 1 - 118d 5p. Msport,https://www.automobile.it/campagna-lupia-bmw-serie-1-118d-5p-msport/182877449,€ 28.900,Usato,Maggio 2024,28.337 km,Diesel - Euro 6,Automatico,Unico proprietario,Campagna Lupia (VE)
BMW 118 118i ColorVision Edition 136cv auto,https://www.automobile.it/rovigo-bmw-118-118i-colorvision-edition-136cv-auto/184258842,€ 28.900,Usato,Aprile 2024,45.000 km,Benzina,Automatico,Unico proprietario,Rovigo (RO)
BMW 118 118i ColorVision Edition 136cv auto,https://www.automobile.it/rovigo-bmw-118-118i-colorvision-edition-136cv-auto/184258839,€ 28.900,Usato,Aprile 2024,45.000 km,Benzina,Automatico,Unico proprietario,Rovigo (RO)
BMW 118 118i ColorVision Edition 136cv auto,https://www.automobile.it/rovigo-bmw-118-118i-colorvision-edition-136cv-auto/184258841,€ 28.900,Usato,Aprile 2024,45.000 km,Benzina,Automatico,Unico proprietario,Rovigo (RO)
BMW 118 d 5p. Msport Autom Cerchi da 19 uniprop!,https://www.automobile.it/rivarolo-canavese-bmw-118-d-5p-msport-autom-cerchi-19-uniprop/184002182,€ 28.900,Usato,Settembre 2023,35.000 km,Diesel,Automatico,Unico proprietario,Rivarolo Canavese (TO)
BMW Serie 1 118i 5p. Msport,https://www.automobile.it/leini-bmw-serie-1-118i-5p-msport/184037677,€ 28.900,Usato,Luglio 2024,15.000 km,Benzina - Euro 6,Automatico,Unico proprietario,Leinì (TO)
BMW 135 M i xDrive,https://www.automobile.it/roma-bmw-135-m-xdrive/184635247,€ 28.900,Usato,Gennaio 2021,55.700 km,Benzina - Euro 6,Automatico,Unico proprietario,Roma (RM)
BMW Serie 1 118d 5 Porte MSport,https://www.automobile.it/bologna-bmw-serie-1-118d-5-porte-msport/184638344,€ 28.980,Usato,Agosto 2023,30.258 km,Diesel - Euro 6,Automatico,,Bologna (BO)
BMW 118 d MSport auto KM 19.800,https://www.automobile.it/nola-bmw-118-d-msport-auto-km-19-800/183588686,€ 28.990,Usato,Aprile 2025,19.800 km,Diesel,Automatico,Unico proprietario,Nola (NA)
BMW Serie 1 118d MSport,https://www.automobile.it/torino-bmw-serie-1-118d-msport/183818360,€ 28.999,Usato,Maggio 2024,24.903 km,Diesel - Euro 6,Automatico,Unico proprietario,Torino (TO)
BMW Serie 1 (F40) - 118d 5p. Msport,https://www.automobile.it/vinci-bmw-serie-1-f40-118d-5p-msport/184619927,€ 29.000,Usato,Settembre 2023,67.176 km,Diesel - Euro 6,Automatico,,Vinci (FI)
BMW Serie 1 (F40) - 118d 5p. Msport,https://www.automobile.it/capannori-bmw-serie-1-f40-118d-5p-msport/184619957,€ 29.000,Usato,Settembre 2023,67.176 km,Diesel - Euro 6,Automatico,,Capannori (LU)
Bmw 118d 5p. Msport,https://www.automobile.it/galbiate-bmw-118d-5p-msport/183727340,€ 29.100,Usato,Maggio 2024,48.210 km,Diesel - Euro 6,Automatico,,Galbiate (LC)
Bmw 118 118d MSport,https://www.automobile.it/isernia-bmw-118-118d-msport/184528738,€ 29.490,Usato,Febbraio 2025,30.269 km,Diesel - Euro 6,Automatico,,Isernia (IS)
Bmw 118 118d MSport PREZZO PROMO,https://www.automobile.it/aprilia-bmw-118-118d-msport-prezzo-promo/183921902,€ 29.500,Usato,Febbraio 2025,30.000 km,Diesel - Euro 6,Automatico,,Aprilia (LT)
BMW Serie 1 120d MSport Design aut. LED NAVI CAMERA,https://www.automobile.it/rimini-bmw-serie-1-120d-msport-design-aut-led-navi-camera/184378186,€ 29.500,Usato,Agosto 2025,18.992 km,Ibrido - Euro 6,Automatico,,Rimini (RN)
BMW Serie 1 (F70) - 118d MSport Design,https://www.automobile.it/vinci-bmw-serie-1-f70-118d-msport-design/184305388,€ 29.500,Usato,Novembre 2024,71.800 km,Diesel - Euro 6,Automatico,Unico proprietario,Vinci (FI)
BMW Serie 1 (F70) - 118d MSport Design,https://www.automobile.it/capannori-bmw-serie-1-f70-118d-msport-design/184300091,€ 29.500,Usato,Novembre 2024,71.800 km,Diesel - Euro 6,Automatico,Unico proprietario,Capannori (LU)
BMW Serie 1 F40 - M 135i xdrive auto,https://www.automobile.it/san-benedetto-tronto-bmw-serie-1-f40-m-135i-xdrive-auto/184514704,€ 29.500,Usato,Luglio 2021,91.336 km,Benzina - Euro 6,Automatico,,San Benedetto del Tronto (AP)
BMW Serie 1 118 i 5p. Msport,https://www.automobile.it/leini-bmw-serie-1-118-5p-msport/181163844,€ 29.500,Usato,Dicembre 2024,11.200 km,Benzina - Euro 6,Automatico,,Leinì (TO)
Bmw 118i 136 CV COLORVISION EDITION - CAMBIO AUTOMATICO,https://www.automobile.it/lecco-bmw-118i-136-cv-colorvision-edition-cambio-automatico/184591954,€ 29.500,Aziendale,Febbraio 2025,76.000 km,Benzina - Euro 6,Automatico,,Lecco (LC)
"BMW Serie 1 120 MSport Design aut. Harman Kardon Camera 18""",https://www.automobile.it/rimini-bmw-serie-1-120-msport-design-aut-harman-kardon-camera-18/184388196,€ 29.700,Usato,Luglio 2025,15.800 km,Ibrido - Euro 6,Automatico,,Rimini (RN)
BMW 135 M 135i xdrive auto UNIPRO' UFFICIALE,https://www.automobile.it/guidonia-montecelio-bmw-135-m-135i-xdrive-auto-unipro-ufficiale/184208138,€ 29.800,Usato,Ottobre 2020,60.000 km,Benzina,Automatico,Unico proprietario,Guidonia Montecelio (RM)
BMW Serie 1 120d MSport Design aut. LED NAVI CAMERA GARANZIA 2030,https://www.automobile.it/rimini-bmw-serie-1-120d-msport-design-aut-led-navi-camera-garanzia-2030/184378191,€ 29.800,Usato,Giugno 2025,11.005 km,Ibrido - Euro 6,Automatico,,Rimini (RN)
BMW Serie 1 118d 5p. Business Advantage Auto 2.0 150 cv,https://www.automobile.it/scandiano-bmw-serie-1-118d-5p-business-advantage-auto-2-0-150-cv/182157591,€ 29.890,Usato,Luglio 2023,10.588 km,Diesel - Euro 6,Automatico,,Scandiano (RE)
Bmw 118 Automatic Msport,https://www.automobile.it/robecco-naviglio-bmw-118-automatic-msport/181837139,€ 29.890,Aziendale,Luglio 2023,34.541 km,Benzina - Euro 6,Automatico,,Robecco sul Naviglio (MI)
Bmw M 135i xDrive 306 CV TETTO*HEAD UP FULL,https://www.automobile.it/cassino-bmw-m-135i-xdrive-306-cv-tetto-head-up-full/184614177,€ 29.899,Usato,Maggio 2022,80.000 km,Benzina - Euro 6,Automatico,,Cassino (FR)
Bmw serie 1 118d 5p. Msport 2022,https://www.automobile.it/arzachena-bmw-serie-1-118d-5p-msport-2022/182195577,€ 29.900,Usato,Luglio 2022,32.000 km,Diesel - Euro 6,Automatico,,Arzachena (OT)
BMW 120 d Msport auto,https://www.automobile.it/fontanafredda-bmw-120-d-msport-auto/183532800,€ 29.900,Usato,Novembre 2022,77.337 km,Diesel,Automatico,Unico proprietario,Fontanafredda (PN)
"BMW Serie 1 120 MSport Design aut. Camera Driving assist 18"" LED",https://www.automobile.it/rimini-bmw-serie-1-120-msport-design-aut-camera-driving-assist-18-led/184388195,€ 29.900,Usato,Luglio 2025,19.800 km,Ibrido - Euro 6,Automatico,,Rimini (RN)
BMW Serie 1 118i 5p. Msport,https://www.automobile.it/santarcangelo-romagna-bmw-serie-1-118i-5p-msport/184378408,€ 29.900,Usato,Luglio 2022,23.000 km,Benzina - Euro 6,Automatico,,Santarcangelo di Romagna (RN)
Bmw 118D 5p. Msport,https://www.automobile.it/torino-bmw-118d-5p-msport/184446663,€ 29.900,Usato,Maggio 2024,41.800 km,Diesel - Euro 6,Automatico,Unico proprietario,Torino (TO)
BMW Serie 1 120 MSport aut.,https://www.automobile.it/leini-bmw-serie-1-120-msport-aut/183672135,€ 29.900,Usato,Luglio 2025,12.600 km,Ibrido - Euro 6,Automatico,Unico proprietario,Leinì (TO)
BMW Serie 1 118d MSport aut.,https://www.automobile.it/leini-bmw-serie-1-118d-msport-aut/183672142,€ 29.900,Usato,Marzo 2025,24.400 km,Diesel - Euro 6,Automatico,Unico proprietario,Leinì (TO)
Bmw 118 118d MSport,https://www.automobile.it/gaglianico-bmw-118-118d-msport/184522503,€ 29.900,Usato,Novembre 2024,50.000 km,Diesel - Euro 6,Automatico,,Gaglianico (BI)
BMW 118 Serie 1 d Msport auto,https://www.automobile.it/roma-bmw-118-serie-1-d-msport-auto/183175228,€ 29.900,Usato,Marzo 2024,15.091 km,Diesel - Euro 6,Automatico,,Roma (RM)
Bmw 118 d Msport auto-LEGGI SOTTO,https://www.automobile.it/rezzato-bmw-118-d-msport-auto-leggi/184420011,€ 29.900,Usato,Aprile 2022,70.000 km,Diesel - Euro 6,Automatico,,Rezzato (BS)
BMW 118 118d Msport auto,https://www.automobile.it/pistoia-bmw-118-118d-msport-auto/184263524,€ 29.900,Usato,Luglio 2024,25.186 km,Diesel - Euro 6,Automatico,,Pistoia (PT)
Bmw 120 120d xDrive 5p. Msport auto TETTO,https://www.automobile.it/cernusco-naviglio-bmw-120-120d-xdrive-5p-msport-auto-tetto/181736630,€ 29.990,Usato,Gennaio 2023,80.000 km,Diesel - Euro 6,Automatico,Unico proprietario,Cernusco sul Naviglio (MI)
BMW 118 d MSport UNIPRO,https://www.automobile.it/savona-bmw-118-d-msport-unipro/184566681,€ 29.990,Usato,Giugno 2025,42.967 km,Diesel - Euro 6,Automatico,Unico proprietario,Savona (SV)
Bmw 118d MSport Design TUA DA 340€ IVA ESPOSTA,https://www.automobile.it/milazzo-bmw-118d-msport-design-340-iva-esposta/183240585,€ 29.999,Usato,Aprile 2025,23.000 km,Diesel - Euro 6,Automatico,Unico proprietario,Milazzo (ME)
BMW 135i Serie 1 F40 M 135i xdrive auto IVA ESPOSTA,https://www.automobile.it/prato-bmw-135i-serie-1-f40-m-135i-xdrive-auto-iva-esposta/184569319,€ 29.999,Usato,Giugno 2022,49.900 km,Benzina - Euro 6,Automatico,,Prato (PO)
Bmw 120 M Sport 120 d #7683,https://www.automobile.it/pieve-nievole-bmw-120-m-sport-120-d-7683/181845742,€ 30.000,Usato,Luglio 2023,70.000 km,Diesel,Automatico,Unico proprietario,Pieve a Nievole (PT)
BMW 118d 5 Porte,https://www.automobile.it/capannori-bmw-118d-5-porte/182137716,€ 30.000,Aziendale,Marzo 2024,31.000 km,Diesel - Euro 6,Automatico,,Capannori (LU)
BMW Serie 1 118d Msport auto,https://www.automobile.it/genova-bmw-serie-1-118d-msport-auto/184578233,€ 30.000,Usato,Marzo 2024,48.111 km,Diesel - Euro 6,Automatico,,Genova (GE)
