Annuncio,Link,Marca,Modello,Modello_plus_info,Prezzo,Chilometraggio,Cambio,Immatricolazione,Carburante,CV,Località,Venditore
BMW 116 116d Sport auto,https://www.autoscout24.it/annunci/bmw-116-116d-sport-auto-diesel-cat_ma13mo18480-fba8ed10-bdf5-4e35-8155-e63f2f1a2f8b,BMW,116,116d Sport auto,9000,245000,Automatico,01/2021,Diesel,85 kW (116 CV),Lv Cars Srls • IT-03030 Castrocielo - Frosinone - FR,Rivenditore
BMW 116 116d Sport auto,https://www.autoscout24.it/annunci/bmw-116-116d-sport-auto-diesel-cat_ma13mo18480-fba8ed10-bdf5-4e35-8155-e63f2f1a2f8b,BMW,116,116d Sport auto,9000,245000,Automatico,01/2021,Diesel,85 kW (116 CV),Lv Cars Srls • IT-03030 Castrocielo - Frosinone - FR,Rivenditore
BMW 116 116i 5p Attiva,https://www.autoscout24.it/annunci/bmw-116-116i-5p-attiva-benzina-bianco-cat_ma13mo18480-6728e0e2-c032-4331-80e5-83f7ce80f75c,BMW,116,116i 5p Attiva,11350,139000,Manuale,12/2023,Benzina,85 kW (116 CV),"Privato,IT-89843 Filogaso",Privato
BMW 116 Serie 1 F40 116d Business Advantage auto - GG888RP,https://www.autoscout24.it/annunci/bmw-116-serie-1-f40-116d-business-advantage-auto-gg888rp-diesel-bianco-cat_ma13mo18480-72adb823-541f-46a6-888b-55b14646a58b,BMW,116,Serie 1 F40 116d Business Advantage auto - GG888RP,11100,260000,Automatico,09/2021,Diesel,85 kW (116 CV),Mastercar Srl • IT-33031 Basiliano - Udine,Rivenditore
BMW 116 d 5p.,https://www.autoscout24.it/annunci/bmw-116-d-5p-diesel-nero-cat_ma13mo18480-09d9af3a-d145-41a3-a987-79dc3d453de5,BMW,116,d 5p.,11499,256000,Manuale,07/2021,Diesel,85 kW (116 CV),MC Auto srl • IT-51015 Monsummano Terme - Pt,Rivenditore
BMW 116 116d Business Advantage auto,https://www.autoscout24.it/annunci/bmw-116-116d-business-advantage-auto-diesel-nero-cat_ma13mo18480-3dbe511c-152e-4cd4-a2ee-ce1955ff91a6,BMW,116,116d Business Advantage auto,12500,154000,Automatico,06/2021,Diesel,85 kW (116 CV),"Privato,IT-90146 Palermo",Privato
BMW 116 d 5p. *UNICO PROP.*NAVIGATORE*SENSORI ANTERIORI**,https://www.autoscout24.it/annunci/bmw-116-d-5p-unico-prop-navigatore-sensori-anteriori-diesel-blu-azzurro-cat_ma13mo18480-c03704be-8d5d-45a4-9160-53d8c9407bea,BMW,116,d 5p. *UNICO PROP.*NAVIGATORE*SENSORI ANTERIORI**,12490,164531,Manuale,08/2020,Diesel,85 kW (116 CV),Luca Auto Srl • IT-20093 Cologno Monzese - Milano,Rivenditore
BMW 116 d 115CV 5P Advantage Navi,https://www.autoscout24.it/annunci/bmw-116-d-115cv-5p-advantage-navi-diesel-bianco-cat_ma13mo18480-eb582494-74f9-4fb0-a69d-2a7dda57a7ac,BMW,116,d 115CV 5P Advantage Navi,12990,204610,Manuale,07/2020,Diesel,85 kW (116 CV),Autoaranzulla.com • IT-95040 Mirabella Imbaccari - Catania - Ct,Rivenditore
BMW 116 d Business Advantage auto - TAGLIANDI BMW,https://www.autoscout24.it/annunci/bmw-116-d-business-advantage-auto-tagliandi-bmw-diesel-bianco-cat_ma13mo18480-b1b143cb-1d20-4f17-8f6f-5772978b80c0,BMW,116,d Business Advantage auto - TAGLIANDI BMW,13900,154000,Automatico,01/2021,Diesel,85 kW (116 CV),Easy Pistoia by TMWagen • IT-51100 Pistoia - Pt,Rivenditore
BMW 118 118D 5 porte Msport - Unico proprietario,https://www.autoscout24.it/annunci/bmw-118-118d-5-porte-msport-unico-proprietario-diesel-grigio-cat_ma13mo18481-c9be3cb9-d7bf-4289-bf29-f568774e9671,BMW,118,118D 5 porte Msport - Unico proprietario,14000,254000,Automatico,01/2020,Diesel,110 kW (150 CV),Intermediauto srl • IT-25018 Montichiari - Brescia - BS,Rivenditore
BMW 120 120d Urban 5p,https://www.autoscout24.it/annunci/bmw-120-120d-urban-5p-diesel-bianco-cat_ma13mo18482-2cdf3f74-6205-4e57-a92b-5994ea789db1,BMW,120,120d Urban 5p,14000,160000,Manuale,12/2020,Diesel,140 kW (190 CV),"Privato,IT-31040 Volpago Del Montello",Privato
BMW 116 116d Advantage auto,https://www.autoscout24.it/annunci/bmw-116-116d-advantage-auto-diesel-cat_ma13mo18480-26e5be92-7276-4d46-8cdd-4efa29e49ed0,BMW,116,116d Advantage auto,13500,157000,Semiautomatico,10/2020,Diesel,85 kW (116 CV),"Privato,IT-00126 Roma",Privato
BMW 116 116d Msport 5p auto,https://www.autoscout24.it/annunci/bmw-116-116d-msport-5p-auto-diesel-cat_ma13mo18480-fc19e90b-6004-4802-aecb-d931bc99d1ad,BMW,116,116d Msport 5p auto,13990,215000,Automatico,06/2020,Diesel,85 kW (116 CV),"Privato,IT-80144 Napoli",Privato
BMW 116 d 5p. *UNICO PROP.*SENSORI ANTERIORI*,https://www.autoscout24.it/annunci/bmw-116-d-5p-unico-prop-sensori-anteriori-diesel-blu-azzurro-cat_ma13mo18480-76e5746b-f7cc-4d4b-9dce-fe82e0baeef2,BMW,116,d 5p. *UNICO PROP.*SENSORI ANTERIORI*,13490,130457,Manuale,07/2020,Diesel,85 kW (116 CV),Luca Auto Srl • IT-20093 Cologno Monzese - Milano,Rivenditore
BMW 118 118i 5p,https://www.autoscout24.it/annunci/bmw-118-118i-5p-benzina-cat_ma13mo18481-a246c682-e3ea-4c7d-aa75-8abd24966b13,BMW,118,118i 5p,14000,115900,Manuale,03/2020,Benzina,100 kW (136 CV),"Privato,IT-20092 Cinisello Balsamo",Privato
BMW 116 116d Urban 5p auto,https://www.autoscout24.it/annunci/bmw-116-116d-urban-5p-auto-diesel-cat_ma13mo18480-a5112ba0-e973-4073-8f0b-f9cd5573cb02,BMW,116,116d Urban 5p auto,13799,150000,Semiautomatico,06/2020,Diesel,85 kW (116 CV),"Privato,IT-73048 NARDO'",Privato
BMW 116 d Business Advantage auto,https://www.autoscout24.it/annunci/bmw-116-d-business-advantage-auto-diesel-argento-cat_ma13mo18480-a0ddd622-f0fe-45ca-a70d-b54c693a84d5,BMW,116,d Business Advantage auto,13990,181500,Automatico,01/2020,Diesel,85 kW (116 CV),McMotor di Cucchi Mattia • IT-24033 Calusco d'Adda,Rivenditore
BMW 116 116d Sport auto,https://www.autoscout24.it/annunci/bmw-116-116d-sport-auto-diesel-cat_ma13mo18480-1d63fefa-ddbd-4158-bc60-06d0436a3fd5,BMW,116,116d Sport auto,13500,230000,Semiautomatico,12/2020,Diesel,85 kW (116 CV),"Privato,IT-33098 Valvasone Arzene",Privato
BMW 116 116d Business Advantage auto,https://www.autoscout24.it/annunci/bmw-116-116d-business-advantage-auto-diesel-cat_ma13mo18480-4a93e621-e7e9-430b-be76-83fcab1ff2f0,BMW,116,116d Business Advantage auto,14000,160000,Semiautomatico,10/2020,Diesel,85 kW (116 CV),"Privato,IT-20142 Milano",Privato
BMW 116 116d auto,https://www.autoscout24.it/annunci/bmw-116-116d-auto-diesel-cat_ma13mo18480-a748f6af-3224-4275-b15a-a3e24c631bef,BMW,116,116d auto,13500,190000,Semiautomatico,10/2020,Diesel,85 kW (116 CV),"Privato,IT-73019 Trepuzzi",Privato
BMW 118 118D 5 porte Msport - Unico proprietario,https://www.autoscout24.it/annunci/bmw-118-118d-5-porte-msport-unico-proprietario-diesel-grigio-cat_ma13mo18481-c9be3cb9-d7bf-4289-bf29-f568774e9671,BMW,118,118D 5 porte Msport - Unico proprietario,14000,254000,Automatico,01/2020,Diesel,110 kW (150 CV),Intermediauto srl • IT-25018 Montichiari - Brescia - BS,Rivenditore
BMW 118 118d MSport PROMOZIONE Unicoproprietario,https://www.autoscout24.it/annunci/bmw-118-118d-msport-promozione-unicoproprietario-diesel-bianco-cat_ma13mo18481-b75a7c67-c89c-4028-a1bb-b42a0951523d,BMW,118,118d MSport PROMOZIONE Unicoproprietario,14500,213000,Automatico,12/2020,Diesel,110 kW (150 CV),MS Automobili Srl • IT-10143 Torino - To,Rivenditore
BMW 118 118d 5p. Business Advantage,https://www.autoscout24.it/annunci/bmw-118-118d-5p-business-advantage-diesel-grigio-cat_ma13mo18481-b6bdff02-1c78-4a62-9298-1059ea8ae6e5,BMW,118,118d 5p. Business Advantage,14999,168000,Automatico,04/2023,Diesel,110 kW (150 CV),Eurocar Reggio srl • IT-42122 Reggio Emilia - Re,Rivenditore
BMW 120 120d Business Advantage 2.0 Diesel 190CV,https://www.autoscout24.it/annunci/bmw-120-120d-business-advantage-2-0-diesel-190cv-diesel-nero-cat_ma13mo18482-947330de-a345-4033-ba26-e45c930d4ffd,BMW,120,120d Business Advantage 2.0 Diesel 190CV,14990,135283,Automatico,09/2022,Diesel,140 kW (190 CV),brumbrum - Bologna • IT-40057 Bologna - BO,Rivenditore
BMW 120 120d Business Advantage 2.0 Diesel 190CV,https://www.autoscout24.it/annunci/bmw-120-120d-business-advantage-2-0-diesel-190cv-diesel-nero-cat_ma13mo18482-4b11eed0-1b50-4e21-8da7-b3137dcc9edb,BMW,120,120d Business Advantage 2.0 Diesel 190CV,14990,135283,Automatico,09/2022,Diesel,140 kW (190 CV),brumbrum • IT-20092 Cinisello Balsamo  - Milano - MI,Rivenditore
BMW 116 Business Advantage,https://www.autoscout24.it/annunci/bmw-116-business-advantage-diesel-cat_ma13mo18480-c2a48a1e-49e7-46c8-97a6-eb2d48c75fa0,BMW,116,Business Advantage,15000,106000,Manuale,02/2020,Diesel,85 kW (116 CV),"Privato,IT-18039 Ventimiglia",Privato
BMW 116 116d Sport 5p auto,https://www.autoscout24.it/annunci/bmw-116-116d-sport-5p-auto-diesel-cat_ma13mo18480-d2ea2085-c22b-43db-8bc7-cded84efd9ed,BMW,116,116d Sport 5p auto,14500,149000,Semiautomatico,02/2021,Diesel,85 kW (116 CV),"Privato,IT-37069 verona",Privato
BMW 116 d 5p. Business Advantage - BMW SERVICE - IVA ESP,https://www.autoscout24.it/annunci/bmw-116-d-5p-business-advantage-bmw-service-iva-esp-diesel-nero-cat_ma13mo18480-ddb46c39-4bf2-47af-ae31-668256aa2d2c,BMW,116,d 5p. Business Advantage - BMW SERVICE - IVA ESP,14990,119550,Manuale,10/2020,Diesel,85 kW (116 CV),Auto4you srl • IT-20900 Monza Brianza - Mb,Rivenditore
BMW 116 116d 5p. Business Advantage,https://www.autoscout24.it/annunci/bmw-116-116d-5p-business-advantage-diesel-grigio-cat_ma13mo18480-def8986d-14c8-43c5-909e-f1af2979b0ed,BMW,116,116d 5p. Business Advantage,14900,149000,Automatico,02/2021,Diesel,85 kW (116 CV),Just Motors Srl • IT-37012 Bussolengo  - Verona,Rivenditore
BMW 120 Serie 1 F40 120d xdrive Bus Adva auto GB628PB,https://www.autoscout24.it/annunci/bmw-120-serie-1-f40-120d-xdrive-bus-adva-auto-gb628pb-diesel-grigio-cat_ma13mo18482-f2b0e1a9-f561-45b6-ba93-478ef713c420,BMW,120,Serie 1 F40 120d xdrive Bus Adva auto GB628PB,14900,197000,Automatico,06/2020,Diesel,140 kW (190 CV),Mastercar Srl • IT-33031 Basiliano - Udine,Rivenditore
BMW 120 120d Urban 5p,https://www.autoscout24.it/annunci/bmw-120-120d-urban-5p-diesel-bianco-cat_ma13mo18482-2cdf3f74-6205-4e57-a92b-5994ea789db1,BMW,120,120d Urban 5p,14000,160000,Manuale,12/2020,Diesel,140 kW (190 CV),"Privato,IT-31040 Volpago Del Montello",Privato
BMW 116 Serie 1 F40 116d Business Advantage auto,https://www.autoscout24.it/annunci/bmw-116-serie-1-f40-116d-business-advantage-auto-diesel-grigio-cat_ma13mo18480-08cb175e-6b6a-4356-8d7e-1942f39f3341,BMW,116,Serie 1 F40 116d Business Advantage auto,14900,169000,Semiautomatico,02/2023,Diesel,85 kW (116 CV),Autofficina O.R.A. Di Ionel Carapcea • IT-42121 Reggio Emilia - RE,Rivenditore
BMW 118 118i 5p,https://www.autoscout24.it/annunci/bmw-118-118i-5p-benzina-cat_ma13mo18481-a246c682-e3ea-4c7d-aa75-8abd24966b13,BMW,118,118i 5p,14000,115900,Manuale,03/2020,Benzina,100 kW (136 CV),"Privato,IT-20092 Cinisello Balsamo",Privato
BMW 116 116d Business Advantage auto,https://www.autoscout24.it/annunci/bmw-116-116d-business-advantage-auto-diesel-cat_ma13mo18480-72129d5b-bbfd-43a6-bcb1-35d0edf412b4,BMW,116,116d Business Advantage auto,15000,158000,Semiautomatico,01/2021,Diesel,85 kW (116 CV),"Privato,IT-85025 Melfi",Privato
BMW 116 Serie 1 116d Advantage UNICO PROPRIETARIO,https://www.autoscout24.it/annunci/bmw-116-serie-1-116d-advantage-unico-proprietario-diesel-blu-azzurro-cat_ma13mo18480-681c9fa0-6823-4839-bab2-79c4a041ee21,BMW,116,Serie 1 116d Advantage UNICO PROPRIETARIO,14700,98240,Manuale,10/2020,Diesel,85 kW (116 CV),Rosso Maranello srls • IT-80040 Striano - Napoli - Na,Rivenditore
BMW 116 Serie 1 F40 116d Msport,https://www.autoscout24.it/annunci/bmw-116-serie-1-f40-116d-msport-diesel-grigio-cat_ma13mo18480-a9465ed9-9231-49ab-83a0-6f8924de0522,BMW,116,Serie 1 F40 116d Msport,14950,167000,Semiautomatico,05/2020,Diesel,85 kW (116 CV),Autosi Srl • IT-00062 Bracciano – Roma - Rm,Rivenditore
BMW 116 Serie 1 F40 116d Business Advantage auto,https://www.autoscout24.it/annunci/bmw-116-serie-1-f40-116d-business-advantage-auto-diesel-nero-cat_ma13mo18480-09e5c398-88df-42fc-9aee-6ac50478776e,BMW,116,Serie 1 F40 116d Business Advantage auto,14900,169000,Automatico,02/2023,Diesel,85 kW (116 CV),Officina Dei Motori Srl • IT-25082 Botticino - Brescia - BS,Rivenditore
BMW 120 120d Business Advantage 2.0 Diesel 190CV,https://www.autoscout24.it/annunci/bmw-120-120d-business-advantage-2-0-diesel-190cv-diesel-nero-cat_ma13mo18482-1d592b13-c01a-4560-9114-8cc09315c169,BMW,120,120d Business Advantage 2.0 Diesel 190CV,14990,135283,Automatico,09/2022,Diesel,140 kW (190 CV),brumbrum -  Verona • IT-37017 Pacengo - Verona,Rivenditore
BMW 116 116d Business Advantage auto,https://www.autoscout24.it/annunci/bmw-116-116d-business-advantage-auto-diesel-cat_ma13mo18480-4a93e621-e7e9-430b-be76-83fcab1ff2f0,BMW,116,116d Business Advantage auto,14000,160000,Semiautomatico,10/2020,Diesel,85 kW (116 CV),"Privato,IT-20142 Milano",Privato
BMW 118 118d Msport auto,https://www.autoscout24.it/annunci/bmw-118-118d-msport-auto-diesel-bianco-cat_ma13mo18481-4e53d112-ecca-41ff-a4ed-6b33fabd9003,BMW,118,118d Msport auto,14500,245000,Semiautomatico,12/2020,Diesel,110 kW (150 CV),"Privato,IT-03043 Cassino",Privato
BMW 116 116d Business Advantage,https://www.autoscout24.it/annunci/bmw-116-116d-business-advantage-diesel-cat_ma13mo18480-340051fd-ef3e-4645-90bb-255e2d687e84,BMW,116,116d Business Advantage,15000,152000,Manuale,10/2020,Diesel,85 kW (116 CV),"Privato,IT-20063 Cernusco sul Naviglio",Privato
BMW 116 116d 5p. Sport,https://www.autoscout24.it/annunci/bmw-116-116d-5p-sport-diesel-nero-cat_ma13mo18480-b118f5c2-10e1-47a9-aaf1-35a950bac9dd,BMW,116,116d 5p. Sport,15000,169000,Automatico,02/2021,Diesel,85 kW (116 CV),Auto Ada Srl • IT-59100 Prato - PO,Rivenditore
BMW 116 GARANZIA 12-MESI,https://www.autoscout24.it/annunci/bmw-116-garanzia-12-mesi-diesel-cat_ma13mo18480-34172ade-0304-4108-9eb6-0f16810c6819,BMW,116,GARANZIA 12-MESI,14500,185000,Automatico,05/2022,Diesel,85 kW (116 CV),"Privato,IT-50142 firenze",Privato
BMW 118 d Luxury auto,https://www.autoscout24.it/annunci/bmw-118-d-luxury-auto-diesel-blu-azzurro-cat_ma13mo18481-44f87e6f-7d37-46c2-9c3b-60f01b636d50,BMW,118,d Luxury auto,14900,180000,Automatico,07/2020,Diesel,110 kW (150 CV),Autoproject Autoparadise Italia Srl • IT-43122 Parma,Rivenditore
BMW 118 i 5p. Sport F40 Virtual cockpit euro 6,https://www.autoscout24.it/annunci/bmw-118-i-5p-sport-f40-virtual-cockpit-euro-6-benzina-bianco-cat_ma13mo18481-47d3293b-98bd-4a3e-b3b6-520ed480c04e,BMW,118,i 5p. Sport F40 Virtual cockpit euro 6,14900,95000,Manuale,08/2021,Benzina,100 kW (136 CV),KLM Auto Srl • IT-00178 Roma RM,Rivenditore
BMW 116 116d 5p. Advantage,https://www.autoscout24.it/annunci/bmw-116-116d-5p-advantage-diesel-nero-cat_ma13mo18480-2f1879c7-6a34-4211-881c-f5b096a8f5de,BMW,116,116d 5p. Advantage,15900,149800,Automatico,05/2023,Diesel,85 kW (116 CV),Auto Ada Srl • IT-59100 Prato - PO,Rivenditore
BMW 118 d Sport auto*FORMULA S*,https://www.autoscout24.it/annunci/bmw-118-d-sport-auto-formula-s-diesel-rosso-cat_ma13mo18481-e0e4ec04-fbd1-443b-a813-ec5c564ae200,BMW,118,d Sport auto*FORMULA S*,15900,98000,Automatico,05/2021,Diesel,110 kW (150 CV),The Seller di Maritano Matteo • IT-10093 Collegno - To,Rivenditore
BMW 116 Serie 1 F40 116d Advantage,https://www.autoscout24.it/annunci/bmw-116-serie-1-f40-116d-advantage-diesel-blu-azzurro-cat_ma13mo18480-3cd33322-a1e7-4a7a-92ab-fea143613925,BMW,116,Serie 1 F40 116d Advantage,15990,83500,Manuale,10/2020,Diesel,85 kW (116 CV),Automobilissima srl • IT-24058 Romano Di Lombardia - Bergamo - Bg,Rivenditore
BMW 116 116i,https://www.autoscout24.it/annunci/bmw-116-116i-benzina-blu-azzurro-cat_ma13mo18480-97686d0a-6717-44d8-ac9d-15574d830d08,BMW,116,116i,15990,139800,Manuale,11/2021,Benzina,80 kW (109 CV),Garage Miramonti Srl • IT-31012 Cappella Maggiore - Treviso - TV,Rivenditore
BMW 116 Business Advantage,https://www.autoscout24.it/annunci/bmw-116-business-advantage-diesel-cat_ma13mo18480-c2a48a1e-49e7-46c8-97a6-eb2d48c75fa0,BMW,116,Business Advantage,15000,106000,Manuale,02/2020,Diesel,85 kW (116 CV),"Privato,IT-18039 Ventimiglia",Privato
BMW 118 i 5p. M sport F40 automatica Uff BMW,https://www.autoscout24.it/annunci/bmw-118-i-5p-m-sport-f40-automatica-uff-bmw-benzina-grigio-cat_ma13mo18481-565575f3-1911-4061-b0dc-9dab5f4dd5e1,BMW,118,i 5p. M sport F40 automatica Uff BMW,15042,98000,Automatico,03/2020,Benzina,103 kW (140 CV),KLM Auto Srl • IT-00178 Roma RM,Rivenditore
BMW 116 116d Business Advantage Automatica! PRONTA CONSEGNA!,https://www.autoscout24.it/annunci/bmw-116-116d-business-advantage-automatica-pronta-consegna-diesel-nero-cat_ma13mo18480-f5565805-36a5-413c-a20f-93aa0538c4cc,BMW,116,116d Business Advantage Automatica! PRONTA CONSEGNA!,15900,77910,Automatico,01/2023,Diesel,85 kW (116 CV),Speed Motor • IT-00173 Roma - Rm,Rivenditore
BMW 116 Serie 1 F40,https://www.autoscout24.it/annunci/bmw-116-serie-1-f40-diesel-bianco-cat_ma13mo18480-819d1c36-73fb-4d86-a1a8-9623ade8d625,BMW,116,Serie 1 F40,15500,141000,Semiautomatico,06/2020,Diesel,85 kW (116 CV),"Privato,IT-31040 Volpago del Montello",Privato
BMW 116 d Auto Navi Front Assist Fari LED Cerchi 17”,https://www.autoscout24.it/annunci/bmw-116-d-auto-navi-front-assist-fari-led-cerchi-17-diesel-nero-cat_ma13mo18480-b58cf650-52dc-4abd-a474-d4e85b65fbcb,BMW,116,d Auto Navi Front Assist Fari LED Cerchi 17”,15800,130000,Automatico,05/2023,Diesel,85 kW (116 CV),Pluricar Srl • IT-25126 Brescia,Rivenditore
BMW 120 xdrive Advantage auto,https://www.autoscout24.it/annunci/bmw-120-xdrive-advantage-auto-diesel-grigio-cat_ma13mo18482-2de94bb4-c18e-46c2-838c-db05fa7fbc85,BMW,120,xdrive Advantage auto,15990,170000,Automatico,04/2022,Diesel,140 kW (190 CV),Autostar • IT-35020 Ponte S. Nicolo - Padova - PD,Rivenditore
BMW 118 Serie 1 F40 118i Sport 136cv auto,https://www.autoscout24.it/annunci/bmw-118-serie-1-f40-118i-sport-136cv-auto-benzina-grigio-cat_ma13mo18481-ca4b4a57-71c3-44aa-a3f2-be7bf252c73c,BMW,118,Serie 1 F40 118i Sport 136cv auto,15790,109690,Semiautomatico,05/2021,Benzina,100 kW (136 CV),Vroom Automobiliare Srl • IT-50136 Firenze - FI,Rivenditore
BMW 116 Serie 1 F40 116d Msport auto,https://www.autoscout24.it/annunci/bmw-116-serie-1-f40-116d-msport-auto-diesel-nero-cat_ma13mo18480-985fc488-5e52-43ec-92a7-6f8adb174f01,BMW,116,Serie 1 F40 116d Msport auto,16000,147600,Automatico,05/2020,Diesel,85 kW (116 CV),"Privato,IT-00133 Roma",Privato
BMW 118 i 5p. M sport TETTO PANO + VIRTUAL,https://www.autoscout24.it/annunci/bmw-118-i-5p-m-sport-tetto-pano-+-virtual-benzina-grigio-cat_ma13mo18481-b530ad68-c388-408e-8209-9f5f9e796bdd,BMW,118,i 5p. M sport TETTO PANO + VIRTUAL,15916,102089,Manuale,04/2021,Benzina,100 kW (136 CV),KLM Auto Srl • IT-00178 Roma RM,Rivenditore
BMW 116 Serie 1 F40 116d Msport auto,https://www.autoscout24.it/annunci/bmw-116-serie-1-f40-116d-msport-auto-diesel-bianco-cat_ma13mo18480-f0ed0d56-930f-4e9d-b188-4bb7bc423e58,BMW,116,Serie 1 F40 116d Msport auto,15990,163000,Semiautomatico,10/2020,Diesel,85 kW (116 CV),A.G. Sales & Rent Srl • IT-20081 Cassinetta di Lugagnano,Rivenditore
BMW 116 116d Business Advantage auto,https://www.autoscout24.it/annunci/bmw-116-116d-business-advantage-auto-diesel-cat_ma13mo18480-72129d5b-bbfd-43a6-bcb1-35d0edf412b4,BMW,116,116d Business Advantage auto,15000,158000,Semiautomatico,01/2021,Diesel,85 kW (116 CV),"Privato,IT-85025 Melfi",Privato
BMW 118 Business Advantage 118 d,https://www.autoscout24.it/annunci/bmw-118-business-advantage-118-d-diesel-grigio-cat_ma13mo18481-5f901080-f2e7-4863-a872-e5b54ab493dc,BMW,118,Business Advantage 118 d,16000,146000,Automatico,11/2020,Diesel,110 kW (150 CV),Tuacar Piacenza - Parma - Reggio Emilia • IT-43123 Parma - PR,Rivenditore
BMW 116 Serie 1 116d SPORT DARK NIGHT AUTO - MY21,https://www.autoscout24.it/annunci/bmw-116-serie-1-116d-sport-dark-night-auto-my21-diesel-nero-cat_ma13mo18480-c4f13d9e-cc2d-4266-b9fd-164690ced4cc,BMW,116,Serie 1 116d SPORT DARK NIGHT AUTO - MY21,15900,165000,Automatico,07/2021,Diesel,85 kW (116 CV),Top Auto srl • IT-80019 Qualiano - Napoli,Rivenditore
BMW 116 d 5p. Business Advantage *PROMO FINANZIAMENTO*,https://www.autoscout24.it/annunci/bmw-116-d-5p-business-advantage-promo-finanziamento-diesel-grigio-cat_ma13mo18480-b19bf562-37cb-476c-b84d-8e69c3f5ccb2,BMW,116,d 5p. Business Advantage *PROMO FINANZIAMENTO*,15990,105000,Automatico,05/2021,Diesel,85 kW (116 CV),VC Cars srls • IT-00047 Santa Maria delle Mole,Rivenditore
BMW 116 Serie 1 F40 116d Business Advantage auto,https://www.autoscout24.it/annunci/bmw-116-serie-1-f40-116d-business-advantage-auto-diesel-nero-cat_ma13mo18480-1a397e1f-41ab-496b-9522-b72b9917ece7,BMW,116,Serie 1 F40 116d Business Advantage auto,15200,131000,Automatico,10/2022,Diesel,85 kW (116 CV),"Privato,IT-85050 Brienza",Privato
BMW 116 116d Sport 5p allestimento MSport,https://www.autoscout24.it/annunci/bmw-116-116d-sport-5p-allestimento-msport-diesel-cat_ma13mo18480-31c7d2f6-88ef-4bdb-9c68-3009b3959603,BMW,116,116d Sport 5p allestimento MSport,16000,183000,Semiautomatico,01/2020,Diesel,85 kW (116 CV),"Privato,IT-00128 Roma",Privato
BMW 118 118d Msport auto,https://www.autoscout24.it/annunci/bmw-118-118d-msport-auto-diesel-cat_ma13mo18481-ff2e27f3-e6ef-42a4-9993-2c72a4f57b99,BMW,118,118d Msport auto,15500,210000,Semiautomatico,01/2020,Diesel,110 kW (150 CV),"Privato,IT-30021 Caorle",Privato
BMW 118 Serie 1 F40 118d  Advantage auto  UNICO PROPRIETAR,https://www.autoscout24.it/annunci/bmw-118-serie-1-f40-118d-advantage-auto-unico-proprietar-diesel-grigio-cat_ma13mo18481-1d770b3a-8acf-4dfb-b2c9-bc6871d81455,BMW,118,Serie 1 F40 118d  Advantage auto  UNICO PROPRIETAR,15500,156389,Automatico,02/2020,Diesel,110 kW (150 CV),Alunno Auto Srl • IT-06024 Gubbio - Perugia - Pg,Rivenditore
BMW 116 Advantage,https://www.autoscout24.it/annunci/bmw-116-advantage-diesel-blu-azzurro-cat_ma13mo18480-4b374a07-db55-45c3-8ae1-852636082033,BMW,116,Advantage,15500,119000,Manuale,10/2020,Diesel,85 kW (116 CV),Tuacar Piacenza - Parma - Reggio Emilia • IT-43123 Parma - PR,Rivenditore
BMW 116 116d Business Advantage,https://www.autoscout24.it/annunci/bmw-116-116d-business-advantage-diesel-cat_ma13mo18480-340051fd-ef3e-4645-90bb-255e2d687e84,BMW,116,116d Business Advantage,15000,152000,Manuale,10/2020,Diesel,85 kW (116 CV),"Privato,IT-20063 Cernusco sul Naviglio",Privato
BMW 116 116d 5p. Sport,https://www.autoscout24.it/annunci/bmw-116-116d-5p-sport-diesel-nero-cat_ma13mo18480-b118f5c2-10e1-47a9-aaf1-35a950bac9dd,BMW,116,116d 5p. Sport,15000,169000,Automatico,02/2021,Diesel,85 kW (116 CV),Auto Ada Srl • IT-59100 Prato - PO,Rivenditore
BMW 116 116d Business Advantage,https://www.autoscout24.it/annunci/bmw-116-116d-business-advantage-diesel-nero-cat_ma13mo18480-0d8cabf1-955b-4294-838f-d2d612bf738b,BMW,116,116d Business Advantage,15900,159000,Automatico,07/2021,Diesel,85 kW (116 CV),Tepedino Multiservice srls • IT-84034 Padula - Salerno - SA,Rivenditore
BMW 116 116d Msport 5p auto,https://www.autoscout24.it/annunci/bmw-116-116d-msport-5p-auto-diesel-cat_ma13mo18480-949e1eca-699d-4ed2-ade2-f4a57c45d6d7,BMW,116,116d Msport 5p auto,16000,183000,Semiautomatico,01/2020,Diesel,85 kW (116 CV),"Privato,IT-00128 Roma",Privato
BMW 116 d 5p. Business Advantage,https://www.autoscout24.it/annunci/bmw-116-d-5p-business-advantage-diesel-nero-cat_ma13mo18480-9fb4a5bc-8de8-4bc2-ad22-8f6c5f51ebc1,BMW,116,d 5p. Business Advantage,15900,129000,Automatico,12/2022,Diesel,85 kW (116 CV),E 3 Supercar Srl • IT-20010 Bareggio - Milano - Mi,Rivenditore
BMW 116 116d 5p. Business Advantage,https://www.autoscout24.it/annunci/bmw-116-116d-5p-business-advantage-diesel-bianco-cat_ma13mo18480-3ea66c6a-72dc-4f21-b402-b560e0ffaa78,BMW,116,116d 5p. Business Advantage,15990,134000,Manuale,03/2021,Diesel,85 kW (116 CV),Motorsport Di Maggiulli Luigi • IT-10133 Torino - To,Rivenditore
BMW 116 116d auto,https://www.autoscout24.it/annunci/bmw-116-116d-auto-diesel-blu-azzurro-cat_ma13mo18480-061793d5-7631-420e-92e5-45d90f472498,BMW,116,116d auto,16000,150000,Automatico,06/2021,Diesel,85 kW (116 CV),F.G. Automobili Di Flagiello Giovanni • IT-80029 Sant'Antimo - Na,Rivenditore
BMW 118 118d Business Advantage,https://www.autoscout24.it/annunci/bmw-118-118d-business-advantage-diesel-bianco-cat_ma13mo18481-ea025a06-40fe-46b6-8e77-539ca55d9b24,BMW,118,118d Business Advantage,15490,168080,Manuale,06/2021,Diesel,110 kW (150 CV),Proxima Car • IT-40064 Ozzano dell'Emilia - Bologna - Bo,Rivenditore
BMW 116 Serie 1 F40 116d Sport auto,https://www.autoscout24.it/annunci/bmw-116-serie-1-f40-116d-sport-auto-diesel-bianco-cat_ma13mo18480-c8dc152c-643a-480a-8e7d-bb505c5b1c95,BMW,116,Serie 1 F40 116d Sport auto,15990,165000,Semiautomatico,01/2020,Diesel,85 kW (116 CV),Emmegi Auto srl • IT-21052 Busto Arsizio - Varese - VA,Rivenditore
BMW 116 116d Msport auto,https://www.autoscout24.it/annunci/bmw-116-116d-msport-auto-diesel-cat_ma13mo18480-2549a88a-7d80-4a43-8935-c72bf92fd438,BMW,116,116d Msport auto,16000,201000,Semiautomatico,08/2021,Diesel,85 kW (116 CV),"Privato,IT-89831 Soriano Calabro",Privato
BMW 120 ACCONTO €15.100 NOLEGGIO RISCATTO NO SCORING,https://www.autoscout24.it/annunci/bmw-120-acconto-e15-100-noleggio-riscatto-no-scoring-elettrica-diesel-nero-cat_ma13mo18482-d0fded98-cc62-4ead-a944-806727b9eb7f,BMW,120,ACCONTO €15.100 NOLEGGIO RISCATTO NO SCORING,15100,12700,Automatico,12/2024,Elettrica/Diesel,120 kW (163 CV),G.& V. Cars srls • IT-03043 Cassino - Frosinone - FR,Rivenditore
BMW 120 120d xDrive 5p. Msport,https://www.autoscout24.it/annunci/bmw-120-120d-xdrive-5p-msport-diesel-grigio-cat_ma13mo18482-fb806255-6701-4901-b146-7d8a76100757,BMW,120,120d xDrive 5p. Msport,16900,191284,Automatico,06/2020,Diesel,140 kW (190 CV),Pa.Fa Car Srl • IT-47923 Rimini -  RN,Rivenditore
BMW 116 d,https://www.autoscout24.it/annunci/bmw-116-d-diesel-nero-cat_ma13mo18480-b271bc99-1960-4165-b50e-cb97e2b82306,BMW,116,d,16900,99000,Manuale,10/2022,Diesel,85 kW (116 CV),Ingrossauto Srl • IT-33170 Pordenone,Rivenditore
BMW 118 118d MSport Unicoproprietario,https://www.autoscout24.it/annunci/bmw-118-118d-msport-unicoproprietario-diesel-bianco-cat_ma13mo18481-3b7902f8-9563-4cf6-ab0d-433c7e288cf2,BMW,118,118d MSport Unicoproprietario,16500,213000,Automatico,12/2020,Diesel,110 kW (150 CV),MS Automobili Srl • IT-10143 Torino - To,Rivenditore
BMW 116 116d Msport 5p auto,https://www.autoscout24.it/annunci/bmw-116-116d-msport-5p-auto-diesel-cat_ma13mo18480-944d0d5a-5474-4450-9c8a-a735d884e1c0,BMW,116,116d Msport 5p auto,16800,129000,Semiautomatico,12/2020,Diesel,85 kW (116 CV),"Privato,IT-37060 Sona",Privato
BMW 118 118d Business 5p auto,https://www.autoscout24.it/annunci/bmw-118-118d-business-5p-auto-diesel-cat_ma13mo18481-1e7ad393-ce43-4cf3-9980-a63d80138ca1,BMW,118,118d Business 5p auto,16900,69900,Semiautomatico,06/2023,Diesel,110 kW (150 CV),"Privato,IT-20089 Trezzano sul Naviglio",Privato
BMW 118 i 5p. M sport Automatica + Virtual + ALTRE IN SEDE,https://www.autoscout24.it/annunci/bmw-118-i-5p-m-sport-automatica-+-virtual-+-altre-in-sede-benzina-bianco-cat_ma13mo18481-cf14feb5-c7a2-403d-9092-c2cd29309fa0,BMW,118,i 5p. M sport Automatica + Virtual + ALTRE IN SEDE,16800,89999,Automatico,10/2022,Benzina,100 kW (136 CV),KLM Auto Srl • IT-00178 Roma RM,Rivenditore
BMW 118 Serie 1 F40 118d Msport auto,https://www.autoscout24.it/annunci/bmw-118-serie-1-f40-118d-msport-auto-diesel-nero-cat_ma13mo18481-06485d64-4982-43fe-aa9d-f8deb969ea1c,BMW,118,Serie 1 F40 118d Msport auto,17000,147000,Semiautomatico,10/2020,Diesel,110 kW (150 CV),"Privato,IT-20811 Cesano Maderno",Privato
BMW 116 116d Msport auto,https://www.autoscout24.it/annunci/bmw-116-116d-msport-auto-diesel-bianco-cat_ma13mo18480-28e08b20-fa0a-46d5-ba4d-f49e8c089275,BMW,116,116d Msport auto,16500,105598,Automatico,05/2020,Diesel,85 kW (116 CV),Guidicar - Volauto • IT-19136 La Spezia - SP,Rivenditore
BMW 116 - 116d Msport auto,https://www.autoscout24.it/annunci/bmw-116-116d-msport-auto-diesel-nero-cat_ma13mo18480-21ba7541-0b52-4398-9407-f7ceb2d1cc74,BMW,116,- 116d Msport auto,16500,128395,Automatico,06/2021,Diesel,85 kW (116 CV),Autoarona • IT-28040 Paruzzaro - Novara - No,Rivenditore
BMW 116 116d Msport auto,https://www.autoscout24.it/annunci/bmw-116-116d-msport-auto-diesel-cat_ma13mo18480-7865a0db-f14f-4a22-8da2-f074410b3c12,BMW,116,116d Msport auto,16700,129000,Semiautomatico,11/2020,Diesel,85 kW (116 CV),"Privato,IT-37060 Sona",Privato
BMW 116 d 5p. Business Advantage,https://www.autoscout24.it/annunci/bmw-116-d-5p-business-advantage-diesel-nero-cat_ma13mo18480-d3e1878d-6ba6-49d5-beca-acfcfe42ff43,BMW,116,d 5p. Business Advantage,16400,96000,Automatico,12/2022,Diesel,85 kW (116 CV),Caritalia srl • IT-20099 Sesto San Giovanni,Rivenditore
BMW 116 116d Msport 5p auto,https://www.autoscout24.it/annunci/bmw-116-116d-msport-5p-auto-diesel-cat_ma13mo18480-2bee1bf3-12b5-45e3-8ea6-0e136f596ce0,BMW,116,116d Msport 5p auto,17000,85000,Semiautomatico,10/2020,Diesel,85 kW (116 CV),"Privato,IT-14030 Asti",Privato
BMW 118 d Sport auto,https://www.autoscout24.it/annunci/bmw-118-d-sport-auto-diesel-grigio-cat_ma13mo18481-03597686-3ee6-459a-a6a5-e7ffeb26708b,BMW,118,d Sport auto,17000,101825,Automatico,02/2020,Diesel,110 kW (150 CV),BYmyCAR Milano • IT-20097 San Donato Milanese - Milano - MI,Rivenditore
BMW 118 118d Msport auto,https://www.autoscout24.it/annunci/bmw-118-118d-msport-auto-diesel-cat_ma13mo18481-c22c6914-d478-459a-81df-b5c2b169b65c,BMW,118,118d Msport auto,16900,155000,Semiautomatico,05/2020,Diesel,110 kW (150 CV),"Privato,IT-28885 piedimulera",Privato
BMW 118 118i Msport 140cv auto,https://www.autoscout24.it/annunci/bmw-118-118i-msport-140cv-auto-benzina-cat_ma13mo18481-c830093e-5c81-4b39-9ff5-45260fddea0a,BMW,118,118i Msport 140cv auto,17000,144000,Semiautomatico,08/2020,Benzina,103 kW (140 CV),"Privato,IT-20122 Milano",Privato
BMW 116 d 5p. Business Advantage,https://www.autoscout24.it/annunci/bmw-116-d-5p-business-advantage-diesel-grigio-cat_ma13mo18480-3205d769-d201-48b2-b101-c17de23f6610,BMW,116,d 5p. Business Advantage,16900,49890,Manuale,04/2021,Diesel,85 kW (116 CV),Automobili Vendramini Srl - Rivignano Teor UD • IT-33061 Rivignano Teor - Udine - UD,Rivenditore
BMW 118 118d Business Advantage,https://www.autoscout24.it/annunci/bmw-118-118d-business-advantage-diesel-blu-azzurro-cat_ma13mo18481-fef700a3-6751-449b-905b-ea357726a4ef,BMW,118,118d Business Advantage,16900,98635,Automatico,01/2021,Diesel,110 kW (150 CV),Autoclub Center • IT-41123 Modena - MO,Rivenditore
BMW 118 118d Business Advantage PROMOZIONE Unicoproprietario,https://www.autoscout24.it/annunci/bmw-118-118d-business-advantage-promozione-unicoproprietario-diesel-nero-cat_ma13mo18481-de9d06dc-558b-4ebb-9e9b-17aa9c3ae646,BMW,118,118d Business Advantage PROMOZIONE Unicoproprietario,16900,68000,Manuale,12/2020,Diesel,110 kW (150 CV),MS Automobili Srl • IT-10143 Torino - To,Rivenditore
BMW 118 SOLO EXSPORT GIA RAD I118i ColorVision Edition 136,https://www.autoscout24.it/annunci/bmw-118-solo-exsport-gia-rad-i118i-colorvision-edition-136-benzina-cat_ma13mo18481-865bee12-f46f-4a5c-aa84-52efb91f8c8c,BMW,118,SOLO EXSPORT GIA RAD I118i ColorVision Edition 136,16500,80000,Manuale,05/2023,Benzina,100 kW (136 CV),Niko Auto Caravaggio di Uzunov Nikolay Dimitrov • IT-24050 Caravaggio,Rivenditore
BMW 116 Serie 1 F40 116d Msport auto,https://www.autoscout24.it/annunci/bmw-116-serie-1-f40-116d-msport-auto-diesel-nero-cat_ma13mo18480-985fc488-5e52-43ec-92a7-6f8adb174f01,BMW,116,Serie 1 F40 116d Msport auto,16000,147600,Automatico,05/2020,Diesel,85 kW (116 CV),"Privato,IT-00133 Roma",Privato
BMW 116 116d Advantage,https://www.autoscout24.it/annunci/bmw-116-116d-advantage-diesel-bianco-cat_ma13mo18480-ed3cac30-28b5-4938-8117-49b4a60594b9,BMW,116,116d Advantage,16960,94964,Manuale,01/2022,Diesel,85 kW (116 CV),AutoVanti Saronno srl • IT-21047 Saronno - Varese - VA,Rivenditore
BMW 118 118d 5p. M Sport,https://www.autoscout24.it/annunci/bmw-118-118d-5p-m-sport-diesel-grigio-cat_ma13mo18481-15331a11-8ee1-4d3e-9c50-10f42bc82c01,BMW,118,118d 5p. M Sport,16990,140000,Manuale,11/2021,Diesel,110 kW (150 CV),L.A. Auto • IT-59100 Prato - PO,Rivenditore
BMW 116 M sport,https://www.autoscout24.it/annunci/bmw-116-m-sport-diesel-bianco-cat_ma13mo18480-8f2c5320-046d-46c0-8a09-699fca9d66b6,BMW,116,M sport,17000,117000,Automatico,12/2020,Diesel,85 kW (116 CV),"Privato,IT-19037 Santo Stefano di Magra",Privato
BMW 116 116d Advantage,https://www.autoscout24.it/annunci/bmw-116-116d-advantage-diesel-nero-cat_ma13mo18480-f1cd5d2c-394f-402b-8af4-bf855c1999bf,BMW,116,116d Advantage,16990,89432,Manuale,07/2022,Diesel,85 kW (116 CV),Garage Miramonti Srl • IT-31012 Cappella Maggiore - Treviso - TV,Rivenditore
BMW 116 d 5p. Business Advantage,https://www.autoscout24.it/annunci/bmw-116-d-5p-business-advantage-diesel-grigio-cat_ma13mo18480-71881434-12a5-4c89-938c-5b3b8e1996ac,BMW,116,d 5p. Business Advantage,16900,55216,Manuale,05/2021,Diesel,85 kW (116 CV),Automobili Vendramini Srl - Rivignano Teor UD • IT-33061 Rivignano Teor - Udine - UD,Rivenditore
BMW 116 116d Business Advantage,https://www.autoscout24.it/annunci/bmw-116-116d-business-advantage-diesel-cat_ma13mo18480-6d027eb5-4030-47ac-b8f1-d38f1de3d9d7,BMW,116,116d Business Advantage,17000,65000,Manuale,09/2020,Diesel,85 kW (116 CV),"Privato,IT-81031 Aversa",Privato
BMW 118 Serie 1 F40 118i Msport 140cv,https://www.autoscout24.it/annunci/bmw-118-serie-1-f40-118i-msport-140cv-benzina-blu-azzurro-cat_ma13mo18481-e2834b4f-5745-43be-9422-7a8f32e26d8f,BMW,118,Serie 1 F40 118i Msport 140cv,16800,97000,Manuale,06/2020,Benzina,103 kW (140 CV),"Privato,IT-41030 Bomporto",Privato
BMW 120 Serie 1 F40,https://www.autoscout24.it/annunci/bmw-120-serie-1-f40-diesel-grigio-cat_ma13mo18482-600de3b8-e188-47f0-9208-041e66b207e0,BMW,120,Serie 1 F40,17000,137000,Semiautomatico,02/2021,Diesel,140 kW (190 CV),"Privato,IT-81020 Castel Morrone",Privato
BMW 118 118d Business Advantage auto,https://www.autoscout24.it/annunci/bmw-118-118d-business-advantage-auto-diesel-bianco-cat_ma13mo18481-32328d8a-932e-4f32-a3d9-b7df49e6f7a5,BMW,118,118d Business Advantage auto,16990,120305,Automatico,01/2020,Diesel,110 kW (150 CV),Classy Car di Vinciguerra Paolo • IT-10134 Torino,Rivenditore
BMW 118 Serie 1 F40 118i Advantage 140cv,https://www.autoscout24.it/annunci/bmw-118-serie-1-f40-118i-advantage-140cv-benzina-nero-cat_ma13mo18481-1e6ff220-00a3-42f3-bfdd-4ec6ba4d725c,BMW,118,Serie 1 F40 118i Advantage 140cv,16900,39950,Manuale,01/2022,Benzina,103 kW (140 CV),"Privato,IT-80124 Napoli",Privato
BMW 116 i F40 Business Advantage OK NEOPATENTATI,https://www.autoscout24.it/annunci/bmw-116-i-f40-business-advantage-ok-neopatentati-benzina-nero-cat_ma13mo18480-69ca484d-dd6d-436d-b899-e8ae7c02bbfa,BMW,116,i F40 Business Advantage OK NEOPATENTATI,16900,79000,Manuale,01/2021,Benzina,80 kW (109 CV),Autosandonà di Vio C. & Furlan E. snc • IT-30027 San Donà di Piave,Rivenditore
BMW 116 116d SPORT TAGLIANDI BMW 5 PORTE,https://www.autoscout24.it/annunci/bmw-116-116d-sport-tagliandi-bmw-5-porte-diesel-bianco-cat_ma13mo18480-841bd1f6-7111-4db1-907b-e8e6ba290151,BMW,116,116d SPORT TAGLIANDI BMW 5 PORTE,16600,129744,Automatico,02/2021,Diesel,85 kW (116 CV),Top20 Auto srls • IT-01033 Civita Castellana - Viterbo - VT,Rivenditore
BMW 116 116d  Advantage Sport,https://www.autoscout24.it/annunci/bmw-116-116d-advantage-sport-diesel-cat_ma13mo18480-ac653aac-bcc8-41af-833a-e9210696f322,BMW,116,116d  Advantage Sport,16500,130000,Semiautomatico,06/2020,Diesel,85 kW (116 CV),"Privato,IT-00183 Roma",Privato
BMW 118 118i Sport 5p auto,https://www.autoscout24.it/annunci/bmw-118-118i-sport-5p-auto-benzina-cat_ma13mo18481-f90813c8-5f9c-4671-919a-4042564ed914,BMW,118,118i Sport 5p auto,17000,109800,Automatico,04/2021,Benzina,100 kW (136 CV),"Privato,IT-50014 Firenze",Privato
BMW 116 Serie 1 F40116d,https://www.autoscout24.it/annunci/bmw-116-serie-1-f40116d-diesel-nero-cat_ma13mo18480-7f2bbb36-5106-4439-9b2b-dfc1fef9f42e,BMW,116,Serie 1 F40116d,17000,16500,Manuale,03/2021,Diesel,85 kW (116 CV),"Privato,IT-84036 Sala Consilina",Privato
BMW 116 116d Msport 5p auto,https://www.autoscout24.it/annunci/bmw-116-116d-msport-5p-auto-diesel-cat_ma13mo18480-9d664a02-aee2-4ef8-86a3-8083cd7fb270,BMW,116,116d Msport 5p auto,16900,174000,Semiautomatico,01/2021,Diesel,85 kW (116 CV),"Privato,IT-10151 Torino",Privato
BMW 118 118d 5p. Business Advantage auto,https://www.autoscout24.it/annunci/bmw-118-118d-5p-business-advantage-auto-diesel-argento-cat_ma13mo18481-30fe50cb-b23d-4b4f-a369-488324148b3e,BMW,118,118d 5p. Business Advantage auto,16400,123103,Automatico,06/2021,Diesel,110 kW (150 CV),DueElle Garage Srls • IT-44122 Ferrara,Rivenditore
BMW 118 Business Advantage 118 d,https://www.autoscout24.it/annunci/bmw-118-business-advantage-118-d-diesel-grigio-cat_ma13mo18481-5f901080-f2e7-4863-a872-e5b54ab493dc,BMW,118,Business Advantage 118 d,16000,146000,Automatico,11/2020,Diesel,110 kW (150 CV),Tuacar Piacenza - Parma - Reggio Emilia • IT-43123 Parma - PR,Rivenditore
BMW 116 BMW 116D BUSINESS ADVANTAGE 116CV 2022,https://www.autoscout24.it/annunci/bmw-116-bmw-116d-business-advantage-116cv-2022-diesel-nero-cat_ma13mo18480-2f360650-0e27-480c-b135-83f032385b71,BMW,116,BMW 116D BUSINESS ADVANTAGE 116CV 2022,16700,97646,Manuale,04/2022,Diesel,85 kW (116 CV),Autostar Srl • IT-86100 Campobasso,Rivenditore
BMW 116 116d Aut. Sport Line,https://www.autoscout24.it/annunci/bmw-116-116d-aut-sport-line-diesel-cat_ma13mo18480-1c6ff9d6-8b8a-4cdc-9a0e-990f7ba26efb,BMW,116,116d Aut. Sport Line,16999,104000,Automatico,02/2020,Diesel,85 kW (116 CV),"Privato,IT-73015 Salice Salentino",Privato
BMW 118 118d 5p. Business Advantage AUTOMATICA CERCHI 18 C,https://www.autoscout24.it/annunci/bmw-118-118d-5p-business-advantage-automatica-cerchi-18-c-diesel-nero-cat_ma13mo18481-447edc9e-f50b-4678-b8fe-d680a0cc759a,BMW,118,118d 5p. Business Advantage AUTOMATICA CERCHI 18 C,16900,134000,Automatico,03/2020,Diesel,110 kW (150 CV),Emmediautomobili srl • IT-12062 Cherasco - CN,Rivenditore
BMW 116 d 5p. Business Advantage,https://www.autoscout24.it/annunci/bmw-116-d-5p-business-advantage-diesel-argento-cat_ma13mo18480-1571719e-f46c-4108-baab-6f0ff0130280,BMW,116,d 5p. Business Advantage,16900,72230,Manuale,05/2021,Diesel,85 kW (116 CV),Automobili Vendramini Srl - Rivignano Teor UD • IT-33061 Rivignano Teor - Udine - UD,Rivenditore
BMW 118 BMW Serie 1 118d Msport automatico (2020),https://www.autoscout24.it/annunci/bmw-118-bmw-serie-1-118d-msport-automatico-2020-diesel-grigio-cat_ma13mo18481-f6dc4b72-da54-464c-983b-15c89b2fe099,BMW,118,BMW Serie 1 118d Msport automatico (2020),16400,189475,Automatico,02/2020,Diesel,110 kW (150 CV),"Privato,IT-10093 Collegno",Privato
BMW 118 118d Sport auto,https://www.autoscout24.it/annunci/bmw-118-118d-sport-auto-diesel-cat_ma13mo18481-ccabd152-af37-4fb0-bb10-a260b41623e3,BMW,118,118d Sport auto,16900,114000,Automatico,06/2020,Diesel,110 kW (150 CV),A.D. Car Srl • IT-80056 Ercolano - Napoli - NA,Rivenditore
BMW 116 116d Sport auto,https://www.autoscout24.it/annunci/bmw-116-116d-sport-auto-diesel-cat_ma13mo18480-829e998b-8692-4d80-8836-be7464f22c0e,BMW,116,116d Sport auto,17000,106000,Semiautomatico,04/2021,Diesel,85 kW (116 CV),Alby auto di Al Mureden Alberto • IT-40068 San Lazzaro Di Savena,Rivenditore
BMW 118 118d Sport auto,https://www.autoscout24.it/annunci/bmw-118-118d-sport-auto-diesel-cat_ma13mo18481-b405dcbd-982a-477e-918f-87f9959613f5,BMW,118,118d Sport auto,17000,170000,Semiautomatico,05/2020,Diesel,110 kW (150 CV),"Privato,IT-73010 Lequile",Privato
BMW 116 116d Sport 5p allestimento MSport,https://www.autoscout24.it/annunci/bmw-116-116d-sport-5p-allestimento-msport-diesel-cat_ma13mo18480-31c7d2f6-88ef-4bdb-9c68-3009b3959603,BMW,116,116d Sport 5p allestimento MSport,16000,183000,Semiautomatico,01/2020,Diesel,85 kW (116 CV),"Privato,IT-00128 Roma",Privato
BMW 116 5 porte 116d scr advantage dct,https://www.autoscout24.it/annunci/bmw-116-5-porte-116d-scr-advantage-dct-diesel-cat_ma13mo18480-14e6b7bf-9b62-467f-beac-2eaea3ac6235,BMW,116,5 porte 116d scr advantage dct,16490,96533,Automatico,11/2020,Diesel,85 kW (116 CV),Amicar Srl • IT-70026 Modugno - Ba,Rivenditore
BMW 116 116d Advantage auto,https://www.autoscout24.it/annunci/bmw-116-116d-advantage-auto-diesel-cat_ma13mo18480-6e41aaac-67d9-4850-a6a2-f172e3fd0d77,BMW,116,116d Advantage auto,16500,121000,Automatico,01/2023,Diesel,85 kW (116 CV),Triauto • IT-89123 Reggio Calabria - Rc,Rivenditore
BMW 118 118i Sport 136cv,https://www.autoscout24.it/annunci/bmw-118-118i-sport-136cv-benzina-bianco-cat_ma13mo18481-4d2809ff-93ae-4f65-9e79-ab0e555103e0,BMW,118,118i Sport 136cv,17000,110000,Manuale,02/2021,Benzina,100 kW (136 CV),"Privato,IT-81047 Macerata Campania",Privato
BMW 118 i 5p. M sport *SCONTO DIPENDENTI FORZE ARMATE*,https://www.autoscout24.it/annunci/bmw-118-i-5p-m-sport-sconto-dipendenti-forze-armate-benzina-nero-cat_ma13mo18481-73fe78ad-b5c8-4799-a1cb-2796e7b645a8,BMW,118,i 5p. M sport *SCONTO DIPENDENTI FORZE ARMATE*,16400,87000,Manuale,05/2021,Benzina,100 kW (136 CV),KLM Auto Srl • IT-00178 Roma RM,Rivenditore
BMW 116 Serie 1 F40 116d Advantage auto,https://www.autoscout24.it/annunci/bmw-116-serie-1-f40-116d-advantage-auto-diesel-grigio-cat_ma13mo18480-2b2de43a-c1bc-4ace-8db0-c71f0630611e,BMW,116,Serie 1 F40 116d Advantage auto,17000,110000,Semiautomatico,05/2020,Diesel,85 kW (116 CV),"Privato,IT-83100 Avellino",Privato
BMW 118 118d MSport,https://www.autoscout24.it/annunci/bmw-118-118d-msport-diesel-nero-cat_ma13mo18481-4df66cd9-836e-4214-8059-faf9e38dd4c2,BMW,118,118d MSport,16990,170000,Manuale,09/2020,Diesel,110 kW (150 CV),Anci Cars Srl • IT-80047 San Giuseppe Vesuviano - Napoli - Na,Rivenditore
BMW 116 116d 5p. Business Advantage,https://www.autoscout24.it/annunci/bmw-116-116d-5p-business-advantage-diesel-cat_ma13mo18480-4e7106f3-2b05-4263-a8cb-a860348bc45e,BMW,116,116d 5p. Business Advantage,16900,111600,Automatico,02/2021,Diesel,85 kW (116 CV),L’Automercato Srl • IT-06073 Corciano – Perugia - Pg,Rivenditore
BMW 116 Serie 1 F40 116d auto,https://www.autoscout24.it/annunci/bmw-116-serie-1-f40-116d-auto-diesel-grigio-cat_ma13mo18480-c46ccbd2-f2a4-4b0a-9f75-24da5d2e07d9,BMW,116,Serie 1 F40 116d auto,16500,147000,Automatico,06/2020,Diesel,85 kW (116 CV),"Privato,IT-89034 Bovalino",Privato
BMW 118 118i Advantage 5p auto,https://www.autoscout24.it/annunci/bmw-118-118i-advantage-5p-auto-benzina-cat_ma13mo18481-e61d228e-ceab-4ca6-b9fd-55fc71184477,BMW,118,118i Advantage 5p auto,16500,140000,Automatico,02/2020,Benzina,100 kW (136 CV),"Privato,IT-17025 Loano",Privato
BMW 118 118i Sport Line 136cv - PROMO,https://www.autoscout24.it/annunci/bmw-118-118i-sport-line-136cv-promo-benzina-bianco-cat_ma13mo18481-7964c39c-a2fe-4bc9-95db-c7f4ef98c451,BMW,118,118i Sport Line 136cv - PROMO,16900,88086,Manuale,04/2022,Benzina,100 kW (136 CV),Sfr motors srl • IT-00148 Roma - Rm,Rivenditore
BMW 118 d 5p. Advantage,https://www.autoscout24.it/annunci/bmw-118-d-5p-advantage-diesel-bianco-cat_ma13mo18481-ca324276-51e8-4314-9c0c-d51709d3da96,BMW,118,d 5p. Advantage,17000,119338,Manuale,08/2020,Diesel,110 kW (150 CV),Emmecar Srl • IT-50100 Firenze - Fi,Rivenditore
BMW 116 d 5p. Msport,https://www.autoscout24.it/annunci/bmw-116-d-5p-msport-diesel-grigio-cat_ma13mo18480-9f29a835-de3f-447b-abe4-3430117d7154,BMW,116,d 5p. Msport,16900,150000,Automatico,02/2021,Diesel,85 kW (116 CV),RDluxury • IT-51039 Quarrata,Rivenditore
BMW 116 116d Msport 5p auto,https://www.autoscout24.it/annunci/bmw-116-116d-msport-5p-auto-diesel-cat_ma13mo18480-949e1eca-699d-4ed2-ade2-f4a57c45d6d7,BMW,116,116d Msport 5p auto,16000,183000,Semiautomatico,01/2020,Diesel,85 kW (116 CV),"Privato,IT-00128 Roma",Privato
BMW 116 116d 5p. Advantage,https://www.autoscout24.it/annunci/bmw-116-116d-5p-advantage-diesel-blu-azzurro-cat_ma13mo18480-09f6398d-a3be-4f60-8bde-f72b61a13f3f,BMW,116,116d 5p. Advantage,16500,161000,Automatico,03/2023,Diesel,85 kW (116 CV),Autopro Srl • IT-72018 San Michele Salentino - Brindisi,Rivenditore
BMW 118 118d Advantage auto,https://www.autoscout24.it/annunci/bmw-118-118d-advantage-auto-diesel-nero-cat_ma13mo18481-5d613d8a-4911-4b39-970e-7afb4450ad4f,BMW,118,118d Advantage auto,16800,120000,Semiautomatico,01/2021,Diesel,110 kW (150 CV),"Privato,IT-00030 San Cesareo",Privato
BMW 116 116d Business Advantage 2021,https://www.autoscout24.it/annunci/bmw-116-116d-business-advantage-2021-diesel-cat_ma13mo18480-a5d75ec1-3857-4bc4-9dc3-2740a9aa54ab,BMW,116,116d Business Advantage 2021,17000,180000,Automatico,06/2021,Diesel,85 kW (116 CV),"Privato,IT-73046 LE",Privato
BMW 116 116d auto,https://www.autoscout24.it/annunci/bmw-116-116d-auto-diesel-blu-azzurro-cat_ma13mo18480-061793d5-7631-420e-92e5-45d90f472498,BMW,116,116d auto,16000,150000,Automatico,06/2021,Diesel,85 kW (116 CV),F.G. Automobili Di Flagiello Giovanni • IT-80029 Sant'Antimo - Na,Rivenditore
BMW 118 Serie 1 118i Msport 140cv auto,https://www.autoscout24.it/annunci/bmw-118-serie-1-118i-msport-140cv-auto-benzina-nero-cat_ma13mo18481-571d87d3-aee9-483f-b33d-1c8dd1a8483a,BMW,118,Serie 1 118i Msport 140cv auto,16999,155000,Automatico,01/2020,Benzina,103 kW (140 CV),Cirillo Automobili dal 1986 srl • IT-00144 Roma - RM,Rivenditore
BMW 116 116d ADVANTAGE 1.5 115 CV E6D NAVI/PDC/LED KM CERT,https://www.autoscout24.it/annunci/bmw-116-116d-advantage-1-5-115-cv-e6d-navi-pdc-led-km-cert-diesel-grigio-cat_ma13mo18480-f802cf3e-c6ad-4965-9344-8e77efb48b08,BMW,116,116d ADVANTAGE 1.5 115 CV E6D NAVI/PDC/LED KM CERT,16800,149000,Manuale,06/2020,Diesel,85 kW (116 CV),Autosole Srl • IT-80014 Giugliano in Campania,Rivenditore
BMW 116 Serie 1 F40 116d Msport,https://www.autoscout24.it/annunci/bmw-116-serie-1-f40-116d-msport-diesel-nero-cat_ma13mo18480-c108cdba-9ea4-42b9-9b0d-e946fbe890dd,BMW,116,Serie 1 F40 116d Msport,16500,192000,Manuale,01/2020,Diesel,85 kW (116 CV),"Privato,IT-56126 Pisa",Privato
BMW 118 118d Msport auto Garanzia 12 Mesi,https://www.autoscout24.it/annunci/bmw-118-118d-msport-auto-garanzia-12-mesi-diesel-cat_ma13mo18481-8b38809a-ce33-422a-a39c-1badce7553cb,BMW,118,118d Msport auto Garanzia 12 Mesi,16800,185000,Semiautomatico,11/2020,Diesel,110 kW (150 CV),Zaza 23 Srls • IT-00048 Nettuno - Roma - RM,Rivenditore
BMW 116 116d Business Advantage auto,https://www.autoscout24.it/annunci/bmw-116-116d-business-advantage-auto-diesel-cat_ma13mo18480-722af776-f08c-4aa7-be0e-ff9b7c852c4f,BMW,116,116d Business Advantage auto,16990,137000,Semiautomatico,02/2020,Diesel,85 kW (116 CV),"Privato,IT-72025 san donaci",Privato
BMW 116 116d Msport auto,https://www.autoscout24.it/annunci/bmw-116-116d-msport-auto-diesel-cat_ma13mo18480-2549a88a-7d80-4a43-8935-c72bf92fd438,BMW,116,116d Msport auto,16000,201000,Semiautomatico,08/2021,Diesel,85 kW (116 CV),"Privato,IT-89831 Soriano Calabro",Privato
BMW 116 Serie 1 F40 116d Msport auto UNIPRO,https://www.autoscout24.it/annunci/bmw-116-serie-1-f40-116d-msport-auto-unipro-diesel-bianco-cat_ma13mo18480-a0e0df2d-7b25-404a-8e08-c5a2c514bdbc,BMW,116,Serie 1 F40 116d Msport auto UNIPRO,16500,230000,Automatico,06/2021,Diesel,85 kW (116 CV),Lux Auto srl • IT-20852 Villasanta - Monza Brianza - Mb,Rivenditore
BMW 116 116d Sport,https://www.autoscout24.it/annunci/bmw-116-116d-sport-diesel-cat_ma13mo18480-473243aa-2ea6-49ad-8468-0c142f862ea5,BMW,116,116d Sport,16200,227200,Manuale,11/2020,Diesel,85 kW (116 CV),Andreozzi Srl • IT-62010 Mogliano - Macerata - Mc,Rivenditore
BMW 116 116d Business Advantage auto,https://www.autoscout24.it/annunci/bmw-116-116d-business-advantage-auto-diesel-nero-cat_ma13mo18480-12b61edc-744b-421a-9482-c7f43f57d975,BMW,116,116d Business Advantage auto,16500,169600,Automatico,05/2020,Diesel,85 kW (116 CV),VTR Srl • IT-00188 Roma - Rm,Rivenditore
BMW 116 116d auto,https://www.autoscout24.it/annunci/bmw-116-116d-auto-diesel-cat_ma13mo18480-84c50752-8471-4479-8eb0-2d61b6f0bfe4,BMW,116,116d auto,16990,135000,Semiautomatico,02/2020,Diesel,85 kW (116 CV),"Privato,IT-72025 san donaci",Privato
BMW 118 i 5p. aut Advantage Led Bmw Ufficiale,https://www.autoscout24.it/annunci/bmw-118-i-5p-aut-advantage-led-bmw-ufficiale-benzina-nero-cat_ma13mo18481-326b9ff7-f659-4d6c-aa03-42e39830ea4e,BMW,118,i 5p. aut Advantage Led Bmw Ufficiale,17000,41745,Automatico,04/2024,Benzina,100 kW (136 CV),KLM Auto Srl • IT-00178 Roma RM,Rivenditore
BMW 116 116d 5p Msport,https://www.autoscout24.it/annunci/bmw-116-116d-5p-msport-diesel-nero-cat_ma13mo18480-7ea7bc18-b819-40f2-824d-b272520795ae,BMW,116,116d 5p Msport,16900,124000,Manuale,06/2022,Diesel,85 kW (116 CV),La Barca Automobili srl • IT-10036 Settimo Torinese - Torino - TO,Rivenditore
BMW 118 118i 5p. Business Advantage,https://www.autoscout24.it/annunci/bmw-118-118i-5p-business-advantage-benzina-nero-cat_ma13mo18481-8b5068df-c1c7-4e61-9500-50e6a6aec61f,BMW,118,118i 5p. Business Advantage,17900,25000,Manuale,09/2023,Benzina,100 kW (136 CV),Automobile Torino srl • IT-10034 Chivasso - Torino,Rivenditore
BMW 118 118d Business Advantage Unicoproprietario,https://www.autoscout24.it/annunci/bmw-118-118d-business-advantage-unicoproprietario-diesel-nero-cat_ma13mo18481-c12984d5-37d7-4cb0-b4c5-4fcbe580bbb7,BMW,118,118d Business Advantage Unicoproprietario,17900,68000,Manuale,12/2020,Diesel,110 kW (150 CV),MS Automobili Srl • IT-10143 Torino - To,Rivenditore
BMW 118 118i 5p. Business Advantage,https://www.autoscout24.it/annunci/bmw-118-118i-5p-business-advantage-benzina-grigio-cat_ma13mo18481-48c52120-2dc5-4312-9698-95d6235f58c5,BMW,118,118i 5p. Business Advantage,17900,23600,Manuale,11/2023,Benzina,100 kW (136 CV),Automobile Torino srl • IT-10034 Chivasso - Torino,Rivenditore
BMW 118 118i 5p. Business Advantage,https://www.autoscout24.it/annunci/bmw-118-118i-5p-business-advantage-benzina-bianco-cat_ma13mo18481-0779aa17-3b3a-4cd6-ae9c-9d1687e53155,BMW,118,118i 5p. Business Advantage,17900,26000,Manuale,12/2023,Benzina,100 kW (136 CV),Automobile Torino srl • IT-10034 Chivasso - Torino,Rivenditore
BMW 118 118i 5p. Business Advantage,https://www.autoscout24.it/annunci/bmw-118-118i-5p-business-advantage-benzina-nero-cat_ma13mo18481-cfc41667-082d-4316-b59a-432387c9c7eb,BMW,118,118i 5p. Business Advantage,17900,23000,Manuale,10/2023,Benzina,100 kW (136 CV),Automobile Torino srl • IT-10034 Chivasso - Torino,Rivenditore
BMW 116 116i 5p Advantage Sport,https://www.autoscout24.it/annunci/bmw-116-116i-5p-advantage-sport-benzina-blu-azzurro-cat_ma13mo18480-06562195-79d8-4dad-bd5f-ad8ed7a2f32a,BMW,116,116i 5p Advantage Sport,17900,85000,Automatico,03/2024,Benzina,80 kW (109 CV),La Barca Automobili srl • IT-10036 Settimo Torinese - Torino - TO,Rivenditore
BMW 118 118i 5p. Business Advantage,https://www.autoscout24.it/annunci/bmw-118-118i-5p-business-advantage-benzina-nero-cat_ma13mo18481-4c5214ac-e4d6-4c27-b3af-a6f60601fa12,BMW,118,118i 5p. Business Advantage,17900,23500,Manuale,08/2023,Benzina,100 kW (136 CV),Automobile Torino srl • IT-10034 Chivasso - Torino,Rivenditore
BMW 116 d 5p. Msport Aut.,https://www.autoscout24.it/annunci/bmw-116-d-5p-msport-aut-diesel-bianco-cat_ma13mo18480-7c7fdaf3-4ecf-428f-aa6f-eb623c0e96e6,BMW,116,d 5p. Msport Aut.,17900,159000,Automatico,05/2023,Diesel,85 kW (116 CV),Nelli Auto Srl • IT-56022 Castelfranco di Sotto - Pisa - PI,Rivenditore
BMW 118 118i 5p. Business Advantage,https://www.autoscout24.it/annunci/bmw-118-118i-5p-business-advantage-benzina-bianco-cat_ma13mo18481-9d4269b2-cdc1-4764-bb2f-9c5560d0a1ec,BMW,118,118i 5p. Business Advantage,17900,24000,Manuale,10/2023,Benzina,100 kW (136 CV),Automobile Torino srl • IT-10034 Chivasso - Torino,Rivenditore
BMW 118 118i 5p. Business Advantage,https://www.autoscout24.it/annunci/bmw-118-118i-5p-business-advantage-benzina-blu-azzurro-cat_ma13mo18481-8b199b94-8d70-42bc-8bd6-064b7d3bff88,BMW,118,118i 5p. Business Advantage,17900,21000,Manuale,11/2023,Benzina,100 kW (136 CV),Automobile Torino srl • IT-10034 Chivasso - Torino,Rivenditore
BMW 116 116d Business Advantage Aut.,https://www.autoscout24.it/annunci/bmw-116-116d-business-advantage-aut-diesel-bianco-cat_ma13mo18480-eead7b2e-4142-4bf8-acef-34dfff268abe,BMW,116,116d Business Advantage Aut.,17900,76000,Automatico,11/2020,Diesel,85 kW (116 CV),Brotini Spa • IT-54100 Massa - Ms,Rivenditore
"BMW 116 BMW 116d M Sport Auto 7 Marce • Unico Proprietario • Full LED • Navi • CarPlay • 18""",https://www.autoscout24.it/annunci/bmw-116-bmw-116d-m-sport-auto-7-marce-unico-proprietario-full-led-navi-carplay-18-diesel-bianco-cat_ma13mo18480-8c2b1ad9-2c2a-4416-a0fe-6256a52806bd,BMW,116,"BMW 116d M Sport Auto 7 Marce • Unico Proprietario • Full LED • Navi • CarPlay • 18""",17900,119000,Semiautomatico,08/2020,Diesel,85 kW (116 CV),Auto Deal Di Ndoja Pavlina • IT-51016 Montecatini Terme - Pistoia - PT,Rivenditore
BMW 116 PREZZO VERO!!!! TAGLIANDI BMWSerie 1 116d Business Advantage auto,https://www.autoscout24.it/annunci/bmw-116-prezzo-vero-tagliandi-bmwserie-1-116d-business-advantage-auto-diesel-nero-cat_ma13mo18480-da450df9-6157-4c69-bd69-d44f0326dd90,BMW,116,PREZZO VERO!!!! TAGLIANDI BMWSerie 1 116d Business Advantage auto,17990,87600,Semiautomatico,12/2021,Diesel,85 kW (116 CV),Latini & Tallarini Garage • IT-24060 Castelli Calepio,Rivenditore
BMW 118 i 5p. M sport au/Tetto/Pano/Virtual/cockpit,https://www.autoscout24.it/annunci/bmw-118-i-5p-m-sport-au-tetto-pano-virtual-cockpit-benzina-nero-cat_ma13mo18481-bf68f982-7b69-4bf7-a0c9-d2ba76cfe32f,BMW,118,i 5p. M sport au/Tetto/Pano/Virtual/cockpit,17500,79000,Automatico,11/2023,Benzina,100 kW (136 CV),KLM Auto Srl • IT-00178 Roma RM,Rivenditore
BMW 118 Serie 1 F40 118d Msport auto,https://www.autoscout24.it/annunci/bmw-118-serie-1-f40-118d-msport-auto-diesel-nero-cat_ma13mo18481-06485d64-4982-43fe-aa9d-f8deb969ea1c,BMW,118,Serie 1 F40 118d Msport auto,17000,147000,Semiautomatico,10/2020,Diesel,110 kW (150 CV),"Privato,IT-20811 Cesano Maderno",Privato
BMW 118 Serie 1 118d Msport,https://www.autoscout24.it/annunci/bmw-118-serie-1-118d-msport-diesel-nero-cat_ma13mo18481-719942a6-3586-4f26-a6c7-5113b95fe5ba,BMW,118,Serie 1 118d Msport,17900,124000,Manuale,12/2022,Diesel,110 kW (150 CV),"Privato,IT-00141 Roma",Privato
BMW 116 116d Msport auto,https://www.autoscout24.it/annunci/bmw-116-116d-msport-auto-diesel-cat_ma13mo18480-0ef76457-d962-4d20-a478-63ee516f0a4a,BMW,116,116d Msport auto,17800,72000,Semiautomatico,10/2021,Diesel,85 kW (116 CV),"Privato,IT-21052 Busto Arsizio",Privato
BMW 118 Serie 1 F40 118d Msport auto PERMUTE,https://www.autoscout24.it/annunci/bmw-118-serie-1-f40-118d-msport-auto-permute-diesel-bianco-cat_ma13mo18481-81864c1d-ff89-417e-8dc8-f19bc9a306a0,BMW,118,Serie 1 F40 118d Msport auto PERMUTE,17990,113000,Automatico,05/2020,Diesel,110 kW (150 CV),Tricars di Michelangelo Tricarico • IT-43122 Parma - Pr,Rivenditore
BMW 118 i 5p. M sport AUT F40 NO VINCOLO FINANZIAMENTO,https://www.autoscout24.it/annunci/bmw-118-i-5p-m-sport-aut-f40-no-vincolo-finanziamento-benzina-nero-cat_ma13mo18481-a025925e-7e96-47de-b4a1-3f05f9c93b05,BMW,118,i 5p. M sport AUT F40 NO VINCOLO FINANZIAMENTO,17999,70000,Automatico,04/2022,Benzina,100 kW (136 CV),KLM Auto Srl • IT-00178 Roma RM,Rivenditore
BMW 116 116d Msport auto,https://www.autoscout24.it/annunci/bmw-116-116d-msport-auto-diesel-cat_ma13mo18480-5bb34444-dbb3-4834-803a-f1d645f8b500,BMW,116,116d Msport auto,17200,80000,Semiautomatico,10/2020,Diesel,85 kW (116 CV),"Privato,IT-14030 Asti",Privato
BMW 116 116d Msport 5p auto,https://www.autoscout24.it/annunci/bmw-116-116d-msport-5p-auto-diesel-cat_ma13mo18480-2bee1bf3-12b5-45e3-8ea6-0e136f596ce0,BMW,116,116d Msport 5p auto,17000,85000,Semiautomatico,10/2020,Diesel,85 kW (116 CV),"Privato,IT-14030 Asti",Privato
BMW 118 d Sport auto,https://www.autoscout24.it/annunci/bmw-118-d-sport-auto-diesel-grigio-cat_ma13mo18481-03597686-3ee6-459a-a6a5-e7ffeb26708b,BMW,118,d Sport auto,17000,101825,Automatico,02/2020,Diesel,110 kW (150 CV),BYmyCAR Milano • IT-20097 San Donato Milanese - Milano - MI,Rivenditore
BMW 118 118i Msport 140cv auto,https://www.autoscout24.it/annunci/bmw-118-118i-msport-140cv-auto-benzina-cat_ma13mo18481-c830093e-5c81-4b39-9ff5-45260fddea0a,BMW,118,118i Msport 140cv auto,17000,144000,Semiautomatico,08/2020,Benzina,103 kW (140 CV),"Privato,IT-20122 Milano",Privato
BMW 116 116d Business Advantage,https://www.autoscout24.it/annunci/bmw-116-116d-business-advantage-diesel-cat_ma13mo18480-6d027eb5-4030-47ac-b8f1-d38f1de3d9d7,BMW,116,116d Business Advantage,17000,65000,Manuale,09/2020,Diesel,85 kW (116 CV),"Privato,IT-81031 Aversa",Privato
BMW 118 118d Msport Exterior auto,https://www.autoscout24.it/annunci/bmw-118-118d-msport-exterior-auto-diesel-cat_ma13mo18481-010427e0-226a-4d80-9f0d-03766f2653e3,BMW,118,118d Msport Exterior auto,18000,125000,Semiautomatico,11/2021,Diesel,110 kW (150 CV),"Privato,IT-26866 Sant’Angelo Lodigiano",Privato
BMW 118 118i Advantage 136cv IVA ESPOSTA,https://www.autoscout24.it/annunci/bmw-118-118i-advantage-136cv-iva-esposta-benzina-nero-cat_ma13mo18481-9466dc77-fdbb-440c-8594-afb11cf7b95f,BMW,118,118i Advantage 136cv IVA ESPOSTA,17920,32600,Manuale,06/2023,Benzina,100 kW (136 CV),"Privato,IT-20073 OPERA",Privato
BMW 116 M sport,https://www.autoscout24.it/annunci/bmw-116-m-sport-diesel-bianco-cat_ma13mo18480-8f2c5320-046d-46c0-8a09-699fca9d66b6,BMW,116,M sport,17000,117000,Automatico,12/2020,Diesel,85 kW (116 CV),"Privato,IT-19037 Santo Stefano di Magra",Privato
BMW 118 118d Msport auto,https://www.autoscout24.it/annunci/bmw-118-118d-msport-auto-diesel-cat_ma13mo18481-cda88fef-d4e4-44d3-8090-11a9a29e6aa3,BMW,118,118d Msport auto,17500,145000,Semiautomatico,12/2020,Diesel,110 kW (150 CV),"Privato,IT-00040 Ardea",Privato
BMW 116 116d Msport auto,https://www.autoscout24.it/annunci/bmw-116-116d-msport-auto-diesel-cat_ma13mo18480-ff7bd50f-f882-4b69-9d2f-494b8c9159f3,BMW,116,116d Msport auto,17500,125000,Semiautomatico,01/2021,Diesel,85 kW (116 CV),"Privato,IT-15122 Alessandria",Privato
BMW 118 118d Msport auto,https://www.autoscout24.it/annunci/bmw-118-118d-msport-auto-diesel-blu-azzurro-cat_ma13mo18481-aa07bbaf-6c3b-47ae-a067-8672a7545fd9,BMW,118,118d Msport auto,17500,150000,Automatico,11/2020,Diesel,110 kW (150 CV),"Privato,IT-03014 Fiuggi",Privato
BMW 120 Serie 1 F40,https://www.autoscout24.it/annunci/bmw-120-serie-1-f40-diesel-grigio-cat_ma13mo18482-600de3b8-e188-47f0-9208-041e66b207e0,BMW,120,Serie 1 F40,17000,137000,Semiautomatico,02/2021,Diesel,140 kW (190 CV),"Privato,IT-81020 Castel Morrone",Privato
BMW 116 d 5p. Advantage+SOLO 63000 KM+NEOPATENTATI,https://www.autoscout24.it/annunci/bmw-116-d-5p-advantage+solo-63000-km+neopatentati-diesel-grigio-cat_ma13mo18480-a35bc27c-1892-425c-9208-8bfcdad92297,BMW,116,d 5p. Advantage+SOLO 63000 KM+NEOPATENTATI,17400,63000,Manuale,06/2021,Diesel,85 kW (116 CV),Zaghenauto Srls • IT-25022 Borgo San Giacomo - BS,Rivenditore
BMW 118 118i Sport 5p auto,https://www.autoscout24.it/annunci/bmw-118-118i-sport-5p-auto-benzina-cat_ma13mo18481-f90813c8-5f9c-4671-919a-4042564ed914,BMW,118,118i Sport 5p auto,17000,109800,Automatico,04/2021,Benzina,100 kW (136 CV),"Privato,IT-50014 Firenze",Privato
"BMW 118 136 Cv Business Advantage Led-Cockpit Pro-Navi-17"" IDEALE NEOPATENTATI",https://www.autoscout24.it/annunci/bmw-118-136-cv-business-advantage-led-cockpit-pro-navi-17-ideale-neopatentati-benzina-bianco-cat_ma13mo18481-1634de40-9883-4355-99b6-5c239f467763,BMW,118,"136 Cv Business Advantage Led-Cockpit Pro-Navi-17"" IDEALE NEOPATENTATI",17900,78000,Manuale,07/2022,Benzina,100 kW (136 CV),Enne Esse Auto - Motorexpo Brescia • IT-25080 Nuvolento - BS,Rivenditore
BMW 116 Serie 1 F40116d,https://www.autoscout24.it/annunci/bmw-116-serie-1-f40116d-diesel-nero-cat_ma13mo18480-7f2bbb36-5106-4439-9b2b-dfc1fef9f42e,BMW,116,Serie 1 F40116d,17000,16500,Manuale,03/2021,Diesel,85 kW (116 CV),"Privato,IT-84036 Sala Consilina",Privato
BMW 118 118i Sport 140cv,https://www.autoscout24.it/annunci/bmw-118-118i-sport-140cv-benzina-nero-cat_ma13mo18481-0e41c7b3-9419-4fa0-86f3-c22c17ccadb7,BMW,118,118i Sport 140cv,18000,69500,Manuale,01/2021,Benzina,103 kW (140 CV),"Privato,IT-80144 Napoli",Privato
BMW 116 116d Business Advantage auto,https://www.autoscout24.it/annunci/bmw-116-116d-business-advantage-auto-diesel-cat_ma13mo18480-815844c7-f291-41a6-951e-51f7516741bc,BMW,116,116d Business Advantage auto,17600,96000,Semiautomatico,09/2021,Diesel,85 kW (116 CV),"Privato,IT-04100 Latina",Privato
BMW 118 118i Business Advantage 140cv,https://www.autoscout24.it/annunci/bmw-118-118i-business-advantage-140cv-benzina-nero-cat_ma13mo18481-3192bdcf-e59b-4f4f-8425-a9157efe3719,BMW,118,118i Business Advantage 140cv,17500,60000,Manuale,08/2020,Benzina,103 kW (140 CV),I.G.Auto • IT-26024 Paderno Ponchielli - Cremona,Rivenditore
BMW 118 118d Sport,https://www.autoscout24.it/annunci/bmw-118-118d-sport-diesel-cat_ma13mo18481-9a7dff5c-7b84-4d1f-9128-5bf717c12e6b,BMW,118,118d Sport,17499,102000,Manuale,10/2020,Diesel,110 kW (150 CV),Spinosauto Group Srl • IT-81030 Cellole - Ce,Rivenditore
BMW 118 N/A,https://www.autoscout24.it/annunci/bmw-118-diesel-cat_ma13mo18481-bd0d255b-c9dc-4441-953e-87705092308c,BMW,118,N/A,17500,150000,Semiautomatico,07/2020,Diesel,110 kW (150 CV),"Privato,IT-62024 matelica",Privato
BMW 116 116d Business Advantage,https://www.autoscout24.it/annunci/bmw-116-116d-business-advantage-diesel-argento-cat_ma13mo18480-0e26c056-7acd-4d7b-8277-21d206df6796,BMW,116,116d Business Advantage,18000,71250,Manuale,12/2020,Diesel,85 kW (116 CV),"Privato,IT-55049 Viareggio",Privato
BMW 118 i 5p. M sport PREZZO IVA INCLUSA,https://www.autoscout24.it/annunci/bmw-118-i-5p-m-sport-prezzo-iva-inclusa-benzina-bianco-cat_ma13mo18481-d7c33ad9-e37e-4b42-b27f-78f9c03bd889,BMW,118,i 5p. M sport PREZZO IVA INCLUSA,17999,77000,Automatico,12/2021,Benzina,100 kW (136 CV),KLM Auto Srl • IT-00178 Roma RM,Rivenditore
BMW 118 118i,https://www.autoscout24.it/annunci/bmw-118-118i-benzina-nero-cat_ma13mo18481-6274f893-7655-4e35-b0d1-31489f829ded,BMW,118,118i,17900,54175,Manuale,01/2020,Benzina,100 kW (136 CV),Stellantis &You Torino • IT-10154 Torino - To,Rivenditore
BMW 118 118i Sport 5p auto my18,https://www.autoscout24.it/annunci/bmw-118-118i-sport-5p-auto-my18-benzina-grigio-cat_ma13mo18481-99d1fb52-0550-4bb8-a661-93e330a575a7,BMW,118,118i Sport 5p auto my18,17500,100000,Automatico,01/2020,Benzina,100 kW (136 CV),"Privato,IT-20079 Basiglio",Privato
BMW 118 d Msport auto * UNICO PROPRIETARIO* PROMMO,https://www.autoscout24.it/annunci/bmw-118-d-msport-auto-unico-proprietario-prommo-diesel-blu-azzurro-cat_ma13mo18481-5585da74-1316-4bd3-ba84-c5bd61f390ca,BMW,118,d Msport auto * UNICO PROPRIETARIO* PROMMO,17500,161000,Automatico,10/2021,Diesel,110 kW (150 CV),Mm Motors Milano Ovest di Df Automotive Srls • IT-20010 Pogliano Milanese -  MI,Rivenditore
BMW 116 116d Aut. M Sport,https://www.autoscout24.it/annunci/bmw-116-116d-aut-m-sport-diesel-cat_ma13mo18480-2ce5fdbe-5f19-47a6-803d-ffda6a1f7537,BMW,116,116d Aut. M Sport,18000,109000,Automatico,09/2021,Diesel,85 kW (116 CV),"Privato,IT-37100 Verona",Privato
BMW 118 118i 1.5 140CV 5p.,https://www.autoscout24.it/annunci/bmw-118-118i-1-5-140cv-5p-benzina-grigio-cat_ma13mo18481-2344b6ab-5a99-4d43-b76c-a67e27520559,BMW,118,118i 1.5 140CV 5p.,18000,62150,Manuale,05/2020,Benzina,103 kW (140 CV),Trisotto Auto srl • IT-38050 Scurelle  - Trento,Rivenditore
BMW 116 116d Sport auto,https://www.autoscout24.it/annunci/bmw-116-116d-sport-auto-diesel-cat_ma13mo18480-829e998b-8692-4d80-8836-be7464f22c0e,BMW,116,116d Sport auto,17000,106000,Semiautomatico,04/2021,Diesel,85 kW (116 CV),Alby auto di Al Mureden Alberto • IT-40068 San Lazzaro Di Savena,Rivenditore
BMW 118 i 5p. M sport aut  SCONTO FORZE ARMATE,https://www.autoscout24.it/annunci/bmw-118-i-5p-m-sport-aut-sconto-forze-armate-benzina-bianco-cat_ma13mo18481-16a2d394-0199-4c9c-a61d-f0e4c3bff204,BMW,118,i 5p. M sport aut  SCONTO FORZE ARMATE,18000,91000,Automatico,08/2022,Benzina,100 kW (136 CV),KLM Auto Srl • IT-00178 Roma RM,Rivenditore
BMW 116 Serie 1 F40 116d Msport auto,https://www.autoscout24.it/annunci/bmw-116-serie-1-f40-116d-msport-auto-diesel-bianco-cat_ma13mo18480-cdcebf2b-3053-4a68-8474-8e0b19f744bb,BMW,116,Serie 1 F40 116d Msport auto,18000,125000,Automatico,03/2021,Diesel,85 kW (116 CV),"Privato,IT-57025 Piombino",Privato
BMW 118 118d Sport auto,https://www.autoscout24.it/annunci/bmw-118-118d-sport-auto-diesel-cat_ma13mo18481-b405dcbd-982a-477e-918f-87f9959613f5,BMW,118,118d Sport auto,17000,170000,Semiautomatico,05/2020,Diesel,110 kW (150 CV),"Privato,IT-73010 Lequile",Privato
BMW 118 Serie 1 118d Business Advantage auto - GH903PP,https://www.autoscout24.it/annunci/bmw-118-serie-1-118d-business-advantage-auto-gh903pp-diesel-nero-cat_ma13mo18481-8c3da598-ad84-4da2-bf21-da925c7662f5,BMW,118,Serie 1 118d Business Advantage auto - GH903PP,17400,100000,Automatico,12/2021,Diesel,110 kW (150 CV),Mastercar Srl • IT-33031 Basiliano - Udine,Rivenditore
BMW 116 116d Advantage auto,https://www.autoscout24.it/annunci/bmw-116-116d-advantage-auto-diesel-cat_ma13mo18480-ff1647e7-b1da-428e-ad0d-3fd2c5f0681a,BMW,116,116d Advantage auto,17500,87600,Semiautomatico,01/2021,Diesel,85 kW (116 CV),"Privato,IT-45024 Fiesso Umbertiano",Privato
BMW 116 116d Msport auto,https://www.autoscout24.it/annunci/bmw-116-116d-msport-auto-diesel-cat_ma13mo18480-4a88f6ac-f7ab-4ada-b65f-6c735e77b9e7,BMW,116,116d Msport auto,18000,158000,Semiautomatico,03/2021,Diesel,85 kW (116 CV),"Privato,IT-41100 Modena",Privato
BMW 118 118d Advantage 5p auto,https://www.autoscout24.it/annunci/bmw-118-118d-advantage-5p-auto-diesel-cat_ma13mo18481-e96e64f7-79e2-4563-88fa-55e493cedcb1,BMW,118,118d Advantage 5p auto,18000,106000,Semiautomatico,12/2020,Diesel,110 kW (150 CV),"Privato,IT-00053 Roma",Privato
BMW 118 d Business Advantage auto,https://www.autoscout24.it/annunci/bmw-118-d-business-advantage-auto-diesel-nero-cat_ma13mo18481-0f5fb665-099b-4350-878f-d533ed8c2a13,BMW,118,d Business Advantage auto,17990,98000,Automatico,01/2021,Diesel,110 kW (150 CV),MM Motors Taranto di Notaristefano Giuseppe. • IT-74016 Massafra - Ta,Rivenditore
BMW 118 Serie 1 F40118d Advantage auto,https://www.autoscout24.it/annunci/bmw-118-serie-1-f40118d-advantage-auto-diesel-grigio-cat_ma13mo18481-e240c1f1-336a-4b5a-8a43-f6353b9946be,BMW,118,Serie 1 F40118d Advantage auto,17500,137000,Automatico,06/2021,Diesel,110 kW (150 CV),"Privato,IT-81034 Mondragone",Privato
BMW 120 120d xdrive Msport auto,https://www.autoscout24.it/annunci/bmw-120-120d-xdrive-msport-auto-diesel-cat_ma13mo18482-c9962ac8-9c3f-4bcb-94f1-76e8d85bcc9f,BMW,120,120d xdrive Msport auto,18000,215000,Semiautomatico,03/2021,Diesel,140 kW (190 CV),"Privato,IT-25055 Pisogne",Privato
BMW 116 116d Advantage automatica,https://www.autoscout24.it/annunci/bmw-116-116d-advantage-automatica-diesel-grigio-cat_ma13mo18480-6f94dd3d-26f5-443c-8710-1063866569e4,BMW,116,116d Advantage automatica,17900,96000,Automatico,04/2022,Diesel,85 kW (116 CV),Auto Resegone Sas di Negri Ivan & C. • IT-23900 Lecco,Rivenditore
BMW 118 118i Advantage 5p auto PERMUTE EXTRA OPTIONAL,https://www.autoscout24.it/annunci/bmw-118-118i-advantage-5p-auto-permute-extra-optional-benzina-bianco-cat_ma13mo18481-1403b261-4c5f-4379-84a5-ae69f3d0a169,BMW,118,118i Advantage 5p auto PERMUTE EXTRA OPTIONAL,17990,89000,Automatico,01/2020,Benzina,100 kW (136 CV),Tricars di Michelangelo Tricarico • IT-43122 Parma - Pr,Rivenditore
BMW 118 118i Sport 136cv,https://www.autoscout24.it/annunci/bmw-118-118i-sport-136cv-benzina-bianco-cat_ma13mo18481-4d2809ff-93ae-4f65-9e79-ab0e555103e0,BMW,118,118i Sport 136cv,17000,110000,Manuale,02/2021,Benzina,100 kW (136 CV),"Privato,IT-81047 Macerata Campania",Privato
BMW 118 Serie 1 118i Sport Line 140cv auto,https://www.autoscout24.it/annunci/bmw-118-serie-1-118i-sport-line-140cv-auto-benzina-bianco-cat_ma13mo18481-096e3e0b-4a75-4e52-b069-a65688ff9eba,BMW,118,Serie 1 118i Sport Line 140cv auto,17500,137839,Semiautomatico,01/2020,Benzina,103 kW (140 CV),Autobarbieri Srl • IT-25124 Brescia - Bs,Rivenditore
BMW 116 Serie 1 F40 116d Advantage auto,https://www.autoscout24.it/annunci/bmw-116-serie-1-f40-116d-advantage-auto-diesel-grigio-cat_ma13mo18480-2b2de43a-c1bc-4ace-8db0-c71f0630611e,BMW,116,Serie 1 F40 116d Advantage auto,17000,110000,Semiautomatico,05/2020,Diesel,85 kW (116 CV),"Privato,IT-83100 Avellino",Privato
"BMW 116 Serie 1 Cambio Manuale , 84.000 km Tagliandi BMW !",https://www.autoscout24.it/annunci/bmw-116-serie-1-cambio-manuale-84-000-km-tagliandi-bmw-diesel-nero-cat_ma13mo18480-b1feb980-6d52-46d8-96c4-37b27e09e591,BMW,116,"Serie 1 Cambio Manuale , 84.000 km Tagliandi BMW !",18000,84000,Manuale,02/2021,Diesel,85 kW (116 CV),Nextcar Srl • IT-36022 Cassola - Vicenza - VI,Rivenditore
BMW 116 Serie 1 F40 116d Advantage auto,https://www.autoscout24.it/annunci/bmw-116-serie-1-f40-116d-advantage-auto-diesel-grigio-cat_ma13mo18480-c38cb9c5-74c3-440b-beb6-e9e3490a5677,BMW,116,Serie 1 F40 116d Advantage auto,17499,124500,Semiautomatico,06/2021,Diesel,85 kW (116 CV),M-M Motors Avellino di TL Motors di Trotta Luigi • IT-83027 Mugnano del Cardinale - Avellino - AV,Rivenditore
BMW 116 Serie 1 116d Business Advantage auto,https://www.autoscout24.it/annunci/bmw-116-serie-1-116d-business-advantage-auto-diesel-grigio-cat_ma13mo18480-f3618763-e9eb-4aad-a706-65c8d2b05565,BMW,116,Serie 1 116d Business Advantage auto,17950,85500,Automatico,01/2021,Diesel,85 kW (116 CV),Club Srl • IT-81024 Maddaloni - Caserta - CE,Rivenditore
BMW 116 Serie 1 F40116d Msport auto,https://www.autoscout24.it/annunci/bmw-116-serie-1-f40116d-msport-auto-diesel-nero-cat_ma13mo18480-a858061d-6357-4cd6-82a2-a0335ea0a2aa,BMW,116,Serie 1 F40116d Msport auto,17900,164000,Semiautomatico,06/2021,Diesel,85 kW (116 CV),"Privato,IT-26855 Lodi Vecchio",Privato
BMW 118 118i Sport,https://www.autoscout24.it/annunci/bmw-118-118i-sport-benzina-nero-cat_ma13mo18481-c0a6af3c-5a32-480c-971a-8bdb0ad46a96,BMW,118,118i Sport,17599,91398,Manuale,11/2020,Benzina,100 kW (136 CV),Autohero Italia Srl • IT-37135 Verona - VR,Rivenditore
BMW 116 F40 116d 116CV Advantage - Neopatentato - Finanziabile - Unico Proprietario,https://www.autoscout24.it/annunci/bmw-116-f40-116d-116cv-advantage-neopatentato-finanziabile-unico-proprietario-diesel-blu-azzurro-cat_ma13mo18480-f0232606-efdb-42e3-8d83-ea7bef68b6b4,BMW,116,F40 116d 116CV Advantage - Neopatentato - Finanziabile - Unico Proprietario,17300,95962,Manuale,07/2020,Diesel,85 kW (116 CV),Autosalone Paul Srl • IT-40018 San Pietro in Casale (Bo),Rivenditore
BMW 116 116d 5p. Msport,https://www.autoscout24.it/annunci/bmw-116-116d-5p-msport-diesel-grigio-cat_ma13mo18480-f92c4931-cf38-4918-8fc2-c683be9e8594,BMW,116,116d 5p. Msport,17700,125000,Automatico,06/2021,Diesel,85 kW (116 CV),Auto Ada Srl • IT-59100 Prato - PO,Rivenditore
BMW 118 d 5p. Advantage,https://www.autoscout24.it/annunci/bmw-118-d-5p-advantage-diesel-bianco-cat_ma13mo18481-ca324276-51e8-4314-9c0c-d51709d3da96,BMW,118,d 5p. Advantage,17000,119338,Manuale,08/2020,Diesel,110 kW (150 CV),Emmecar Srl • IT-50100 Firenze - Fi,Rivenditore
BMW 118 i 5p. M sport  SELETTIVA BMW!!!,https://www.autoscout24.it/annunci/bmw-118-i-5p-m-sport-selettiva-bmw-benzina-bianco-cat_ma13mo18481-531dc234-9dfe-435a-bb49-fe1fab84eb7b,BMW,118,i 5p. M sport  SELETTIVA BMW!!!,18000,80000,Manuale,01/2020,Benzina,103 kW (140 CV),KLM Auto Srl • IT-00178 Roma RM,Rivenditore
BMW 116 116 d 5p. Business Advantage,https://www.autoscout24.it/annunci/bmw-116-116-d-5p-business-advantage-diesel-grigio-cat_ma13mo18480-9bd575be-db5e-43b2-83b6-c0c8afe6d90f,BMW,116,116 d 5p. Business Advantage,17800,80000,Automatico,04/2021,Diesel,85 kW (116 CV),Euroautohaus F.lli Ardone Srl • IT-72019 San Vito dei Normanni - Brindisi,Rivenditore
BMW 116 Serie 116d Sport auto PREZZO PROMO,https://www.autoscout24.it/annunci/bmw-116-serie-116d-sport-auto-prezzo-promo-diesel-nero-cat_ma13mo18480-cd0707fe-244c-43a2-8b80-480bab7e537c,BMW,116,Serie 116d Sport auto PREZZO PROMO,17999,99000,Automatico,12/2022,Diesel,85 kW (116 CV),Zerocento Auto srl • IT-26027 Rivolta D'adda - Cremona - CR,Rivenditore
BMW 116 116d Business Advantage auto,https://www.autoscout24.it/annunci/bmw-116-116d-business-advantage-auto-diesel-cat_ma13mo18480-7ad0f286-1fd1-4ce6-be36-5865d985c69c,BMW,116,116d Business Advantage auto,17900,106000,Semiautomatico,06/2020,Diesel,85 kW (116 CV),"Privato,IT-87064 Corigliano Calabro  3293425004",Privato
BMW 116 116d Advantage,https://www.autoscout24.it/annunci/bmw-116-116d-advantage-diesel-cat_ma13mo18480-14a91a38-5cb6-4088-8d8b-2b0122e33f59,BMW,116,116d Advantage,18000,63000,Manuale,09/2020,Diesel,85 kW (116 CV),"Privato,IT-80070 monte di procida",Privato
BMW 116 116d Business Advantage,https://www.autoscout24.it/annunci/bmw-116-116d-business-advantage-diesel-cat_ma13mo18480-855bbb4c-4d6d-4f56-9a08-72e7b3a4c75a,BMW,116,116d Business Advantage,17300,110000,Manuale,09/2020,Diesel,85 kW (116 CV),"Privato,IT-00184 Roma",Privato
BMW 118 BMW 118D,https://www.autoscout24.it/annunci/bmw-118-bmw-118d-diesel-cat_ma13mo18481-e50ceb2a-b430-44f6-b4d3-c4c5ec4fa640,BMW,118,BMW 118D,18000,185000,Semiautomatico,06/2021,Diesel,110 kW (150 CV),"Privato,IT-70010 capurso",Privato
BMW 118 118i Sport,https://www.autoscout24.it/annunci/bmw-118-118i-sport-benzina-nero-cat_ma13mo18481-7116b955-1889-4c8e-b01c-2dc2e90ae575,BMW,118,118i Sport,17599,91398,Manuale,11/2020,Benzina,100 kW (136 CV),Autohero Italia Srl - Bari • IT-50145 Firenze - FI,Rivenditore
BMW 116 116d 5p. Msport,https://www.autoscout24.it/annunci/bmw-116-116d-5p-msport-diesel-grigio-cat_ma13mo18480-1b1a6df2-9cf5-4eee-b657-ad0764dd445a,BMW,116,116d 5p. Msport,17950,205000,Automatico,01/2024,Diesel,85 kW (116 CV),LK Motori Srl • IT-44123 Ferrara - FE,Rivenditore
BMW 116 d 5p.  PROMO CON FINAZIAMENTO,https://www.autoscout24.it/annunci/bmw-116-d-5p-promo-con-finaziamento-diesel-bianco-cat_ma13mo18480-78cac7f8-325d-40af-9e24-9cfdd93a0f77,BMW,116,d 5p.  PROMO CON FINAZIAMENTO,17499,90000,Automatico,10/2020,Diesel,85 kW (116 CV),MC Auto srl • IT-51015 Monsummano Terme - Pt,Rivenditore
BMW 116 116d Business Advantage 2021,https://www.autoscout24.it/annunci/bmw-116-116d-business-advantage-2021-diesel-cat_ma13mo18480-a5d75ec1-3857-4bc4-9dc3-2740a9aa54ab,BMW,116,116d Business Advantage 2021,17000,180000,Automatico,06/2021,Diesel,85 kW (116 CV),"Privato,IT-73046 LE",Privato
BMW 116 Serie 1 F40 116d Business Advantage Autom 15/12/2022,https://www.autoscout24.it/annunci/bmw-116-serie-1-f40-116d-business-advantage-autom-15-12-2022-diesel-bianco-cat_ma13mo18480-25c2b7e1-e8e4-4c08-b917-91c1e0abb5e4,BMW,116,Serie 1 F40 116d Business Advantage Autom 15/12/2022,18000,116000,Automatico,12/2022,Diesel,85 kW (116 CV),Centro Auto Boccea Srl • IT-00166 Roma - Rm,Rivenditore
BMW 116 BMW 116d Automatica – IVA Esposta – Navi – L,https://www.autoscout24.it/annunci/bmw-116-bmw-116d-automatica-iva-esposta-navi-l-diesel-nero-cat_ma13mo18480-287a6ca3-043d-4f78-8fe1-b3299ccbe1ec,BMW,116,BMW 116d Automatica – IVA Esposta – Navi – L,17900,120000,Automatico,10/2021,Diesel,85 kW (116 CV),Alimotors srl • IT-22020 Faloppio - Como - Co,Rivenditore
BMW 116 116d 5p. Business Advantage,https://www.autoscout24.it/annunci/bmw-116-116d-5p-business-advantage-diesel-nero-cat_ma13mo18480-9f083d97-70c4-4f2a-9db9-ada070e01ae0,BMW,116,116d 5p. Business Advantage,17990,107000,Automatico,12/2022,Diesel,85 kW (116 CV),Motocenter Srl • IT-46019 Viadana - Mantova - MN,Rivenditore
BMW 116 Serie 1 F40 116d Advantage,https://www.autoscout24.it/annunci/bmw-116-serie-1-f40-116d-advantage-diesel-nero-cat_ma13mo18480-f8cfcdfc-cc9d-4879-bd9e-636b6a61b6cf,BMW,116,Serie 1 F40 116d Advantage,17490,92000,Manuale,06/2023,Diesel,85 kW (116 CV),C.B. Cars Srl • IT-27030 Zinasco - Pavia - PV,Rivenditore
BMW 120 Serie 1 F40,https://www.autoscout24.it/annunci/bmw-120-serie-1-f40-diesel-grigio-cat_ma13mo18482-8c55512f-a67a-48f1-a90a-1814c01d941b,BMW,120,Serie 1 F40,18000,137000,Semiautomatico,02/2021,Diesel,140 kW (190 CV),"Privato,IT-81020 Castel Morrone",Privato
BMW 118 118i Sport,https://www.autoscout24.it/annunci/bmw-118-118i-sport-benzina-nero-cat_ma13mo18481-e42d2f7e-0d12-4c45-94de-214eba628ceb,BMW,118,118i Sport,17599,91398,Manuale,11/2020,Benzina,100 kW (136 CV),Autohero Italia srl • IT-40131 Bologna,Rivenditore
BMW 116 116d Msport auto,https://www.autoscout24.it/annunci/bmw-116-116d-msport-auto-diesel-cat_ma13mo18480-eef32a81-e571-423d-b1db-d3a81bb0d248,BMW,116,116d Msport auto,17800,142000,Semiautomatico,05/2021,Diesel,85 kW (116 CV),"Privato,IT-47521 Cesena",Privato
BMW 116 116d Sport,https://www.autoscout24.it/annunci/bmw-116-116d-sport-diesel-cat_ma13mo18480-7089f2cc-39af-40ea-8454-658f8befe5ad,BMW,116,116d Sport,18000,116000,Manuale,11/2020,Diesel,85 kW (116 CV),"Privato,IT-48125 Ravenna",Privato
BMW 116 116d 5p. Msport,https://www.autoscout24.it/annunci/bmw-116-116d-5p-msport-diesel-nero-cat_ma13mo18480-81e94def-24aa-4e9d-852e-08b2d5bd5701,BMW,116,116d 5p. Msport,17900,179000,Automatico,12/2020,Diesel,85 kW (116 CV),Dream Car Srl • IT-51018 Pieve a Nievole - Pistoia - PT,Rivenditore
BMW 116 Serie 1 F40 116d Advantage auto,https://www.autoscout24.it/annunci/bmw-116-serie-1-f40-116d-advantage-auto-diesel-grigio-cat_ma13mo18480-58e929bc-345e-4fac-813e-8e11ff83a987,BMW,116,Serie 1 F40 116d Advantage auto,17900,91950,Semiautomatico,06/2021,Diesel,85 kW (116 CV),Ghi Mar di Ghidetti Roberto e Calegari f.lli snc • IT-25039 Travagliato - Brescia - Bs,Rivenditore
BMW 118 118i Sport,https://www.autoscout24.it/annunci/bmw-118-118i-sport-benzina-nero-cat_ma13mo18481-a6158ed8-8863-41e1-86fc-bb8f20566068,BMW,118,118i Sport,17599,91398,Manuale,11/2020,Benzina,100 kW (136 CV),Autohero Italia Srl • IT-20155 Milano - Mi,Rivenditore
BMW 118 118i Sport,https://www.autoscout24.it/annunci/bmw-118-118i-sport-benzina-nero-cat_ma13mo18481-09a633d9-7288-475b-ba6e-8b1d61c8ca8a,BMW,118,118i Sport,17599,91398,Manuale,11/2020,Benzina,100 kW (136 CV),Autohero Italia Srl - Torino • IT-10092 Beinasco - TO,Rivenditore
BMW 118 118i Sport,https://www.autoscout24.it/annunci/bmw-118-118i-sport-benzina-nero-cat_ma13mo18481-ae2506c4-dd94-4291-b2fe-f86612a80a05,BMW,118,118i Sport,17599,91398,Manuale,11/2020,Benzina,100 kW (136 CV),Autohero Italia srl • IT-00169 Roma,Rivenditore
BMW 118 118d Msport auto,https://www.autoscout24.it/annunci/bmw-118-118d-msport-auto-diesel-cat_ma13mo18481-56d490ca-4909-4232-b1f5-146966e06020,BMW,118,118d Msport auto,18000,173000,Semiautomatico,08/2020,Diesel,110 kW (150 CV),"Privato,IT-37012 Bussolengo",Privato
BMW 116 116d Business Advantage auto,https://www.autoscout24.it/annunci/bmw-116-116d-business-advantage-auto-diesel-cat_ma13mo18480-17591454-0659-49ed-8488-a1f9bebbedc9,BMW,116,116d Business Advantage auto,18000,115000,Semiautomatico,07/2020,Diesel,85 kW (116 CV),"Privato,IT-73032 Andrano",Privato
BMW 116 116i,https://www.autoscout24.it/annunci/bmw-116-116i-benzina-grigio-cat_ma13mo18480-fcb32d88-18a0-4d49-80a0-abf44d2b1c09,BMW,116,116i,17900,112070,Manuale,05/2022,Benzina,80 kW (109 CV),Click Automobili Srl • IT-80122 Napoli - Na,Rivenditore
BMW 118 118d Business Advantage,https://www.autoscout24.it/annunci/bmw-118-118d-business-advantage-diesel-cat_ma13mo18481-1071174f-5af9-4f95-9897-33b2bbcc38c1,BMW,118,118d Business Advantage,18000,162000,Manuale,01/2020,Diesel,110 kW (150 CV),"Privato,IT-76012 Canosa di Puglia",Privato
BMW 116 116d Sport auto,https://www.autoscout24.it/annunci/bmw-116-116d-sport-auto-diesel-cat_ma13mo18480-21be735f-0379-4565-af84-604eff3310f2,BMW,116,116d Sport auto,17990,165000,Semiautomatico,01/2021,Diesel,85 kW (116 CV),"Privato,IT-72027 San Pietro Vernotico",Privato
BMW 118 118i Sport,https://www.autoscout24.it/annunci/bmw-118-118i-sport-benzina-nero-cat_ma13mo18481-961db645-8125-4f65-85ad-5ffc771c6e58,BMW,118,118i Sport,17599,91398,Manuale,11/2020,Benzina,100 kW (136 CV),AutoHero Italia Srl • IT-09122 Cagliari  - CA,Rivenditore
BMW 116 116d Business Advantage,https://www.autoscout24.it/annunci/bmw-116-116d-business-advantage-diesel-cat_ma13mo18480-6ea0c48d-eb79-4e39-8384-bdf25b6729f0,BMW,116,116d Business Advantage,17500,155000,Manuale,05/2021,Diesel,85 kW (116 CV),"Privato,IT-84025 Eboli",Privato
BMW 116 116d Msport auto,https://www.autoscout24.it/annunci/bmw-116-116d-msport-auto-diesel-cat_ma13mo18480-e6f85c15-fe71-4772-b639-bab382f53215,BMW,116,116d Msport auto,17990,165000,Semiautomatico,11/2020,Diesel,85 kW (116 CV),Spinosauto Group Srl • IT-81030 Cellole - Ce,Rivenditore
BMW 116 116D SPORT 1.5 115CV E6D SPORT MANUALE 94000 KM,https://www.autoscout24.it/annunci/bmw-116-116d-sport-1-5-115cv-e6d-sport-manuale-94000-km-diesel-nero-cat_ma13mo18480-6bd53604-8019-446b-a267-bc404864ea6e,BMW,116,116D SPORT 1.5 115CV E6D SPORT MANUALE 94000 KM,18000,94904,Manuale,11/2020,Diesel,85 kW (116 CV),Autosole Srl • IT-80014 Giugliano in Campania,Rivenditore
BMW 118 i 5p. aut Advantage Led Bmw Ufficiale,https://www.autoscout24.it/annunci/bmw-118-i-5p-aut-advantage-led-bmw-ufficiale-benzina-nero-cat_ma13mo18481-326b9ff7-f659-4d6c-aa03-42e39830ea4e,BMW,118,i 5p. aut Advantage Led Bmw Ufficiale,17000,41745,Automatico,04/2024,Benzina,100 kW (136 CV),KLM Auto Srl • IT-00178 Roma RM,Rivenditore
BMW 118 i 5p. M sport Ufficiale BMW,https://www.autoscout24.it/annunci/bmw-118-i-5p-m-sport-ufficiale-bmw-benzina-nero-cat_ma13mo18481-58de8f75-5abf-4685-835c-8927605170ac,BMW,118,i 5p. M sport Ufficiale BMW,17538,49631,Manuale,07/2023,Benzina,100 kW (136 CV),KLM Auto Srl • IT-00178 Roma RM,Rivenditore
BMW 118 118i 5p. Business Advantage,https://www.autoscout24.it/annunci/bmw-118-118i-5p-business-advantage-benzina-bianco-cat_ma13mo18481-07315516-6e6c-42e6-b2ea-85afc3e13fb2,BMW,118,118i 5p. Business Advantage,18900,20500,Automatico,11/2023,Benzina,100 kW (136 CV),Automobile Torino srl • IT-10034 Chivasso - Torino,Rivenditore
BMW 118 118i 5p. Business Advantage,https://www.autoscout24.it/annunci/bmw-118-118i-5p-business-advantage-benzina-nero-cat_ma13mo18481-8154e890-2a4a-43c6-ac64-5cd1bb41a0f1,BMW,118,118i 5p. Business Advantage,18900,21500,Automatico,12/2023,Benzina,100 kW (136 CV),Automobile Torino srl • IT-10034 Chivasso - Torino,Rivenditore
BMW 118 118i 5p. Business Advantage,https://www.autoscout24.it/annunci/bmw-118-118i-5p-business-advantage-benzina-blu-azzurro-cat_ma13mo18481-17a57339-a3d2-45f0-b2d1-df242486572d,BMW,118,118i 5p. Business Advantage,18900,21000,Automatico,12/2023,Benzina,100 kW (136 CV),Automobile Torino srl • IT-10034 Chivasso - Torino,Rivenditore
BMW 118 118i 5p. Business Advantage,https://www.autoscout24.it/annunci/bmw-118-118i-5p-business-advantage-benzina-bianco-cat_ma13mo18481-2a632879-8731-44eb-9fbc-53206d72989c,BMW,118,118i 5p. Business Advantage,18900,22800,Automatico,07/2023,Benzina,100 kW (136 CV),Automobile Torino srl • IT-10034 Chivasso - Torino,Rivenditore
BMW 118 118i 5p. Business Advantage,https://www.autoscout24.it/annunci/bmw-118-118i-5p-business-advantage-benzina-nero-cat_ma13mo18481-745dbe8a-2f5c-46e5-8e77-a6853ad580d0,BMW,118,118i 5p. Business Advantage,18900,23700,Automatico,10/2023,Benzina,100 kW (136 CV),Automobile Torino srl • IT-10034 Chivasso - Torino,Rivenditore
BMW 118 i 5p. Sport automatica,https://www.autoscout24.it/annunci/bmw-118-i-5p-sport-automatica-benzina-bianco-cat_ma13mo18481-65e28551-e0b2-4154-a7cb-c2be5e8f4116,BMW,118,i 5p. Sport automatica,18800,119000,Automatico,09/2021,Benzina,100 kW (136 CV),Wugicar di Favotto & Co. srl • IT-31044 Montebelluna - Treviso - Tv,Rivenditore
BMW 118 Serie 1 F40 118i Sport 140cv auto,https://www.autoscout24.it/annunci/bmw-118-serie-1-f40-118i-sport-140cv-auto-benzina-bianco-cat_ma13mo18481-c9c99c44-d70e-4025-bf7f-762fa341fff9,BMW,118,Serie 1 F40 118i Sport 140cv auto,18700,113210,Automatico,01/2020,Benzina,103 kW (140 CV),Moretti Bruno Srl • IT-46020 Pegognaga - Mantova - Mn,Rivenditore
"BMW 118 i 5p. Business Advantage ""PREZZO REALE""",https://www.autoscout24.it/annunci/bmw-118-i-5p-business-advantage-prezzo-reale-benzina-grigio-cat_ma13mo18481-a8bee090-d745-4a4c-a8a9-fea039182681,BMW,118,"i 5p. Business Advantage ""PREZZO REALE""",18700,91914,Automatico,01/2021,Benzina,100 kW (136 CV),Esse Car Srl • IT-35013 Cittadella - Padova - PD,Rivenditore
BMW 116 116i advantage,https://www.autoscout24.it/annunci/bmw-116-116i-advantage-benzina-nero-cat_ma13mo18480-9d4f5e58-c137-4b75-ad52-512b9ceb85d6,BMW,116,116i advantage,18900,43211,Manuale,05/2023,Benzina,80 kW (109 CV),Fratelli Giacomel Spa • IT-20057 Assago - Milano - Mi,Rivenditore
BMW 116 Serie 1 F40 116d Sport auto - ADATTA A NEOPATENTATI,https://www.autoscout24.it/annunci/bmw-116-serie-1-f40-116d-sport-auto-adatta-a-neopatentati-diesel-bianco-cat_ma13mo18480-cf7579f5-5312-4bf1-9579-4e041556405c,BMW,116,Serie 1 F40 116d Sport auto - ADATTA A NEOPATENTATI,18490,136500,Semiautomatico,02/2020,Diesel,85 kW (116 CV),Re Auto di Huqi Rigels & C. Sas • IT-25035 Ospitaletto - Brescia - BS,Rivenditore
BMW 116 d Advantage auto,https://www.autoscout24.it/annunci/bmw-116-d-advantage-auto-diesel-bianco-cat_ma13mo18480-21fdd3c9-df13-4dce-8f12-843f6a65fbd5,BMW,116,d Advantage auto,18990,109000,Automatico,10/2021,Diesel,85 kW (116 CV),Automarca Spa • IT-30172 Venezia,Rivenditore
BMW 116 116d Msport Exterior auto,https://www.autoscout24.it/annunci/bmw-116-116d-msport-exterior-auto-diesel-bianco-cat_ma13mo18480-53a57cda-6643-4af4-913b-84c0e7d64208,BMW,116,116d Msport Exterior auto,18900,117903,Automatico,04/2021,Diesel,85 kW (116 CV),2F Motors srl • IT-88046 Lamezia Terme - Catanzaro - CZ,Rivenditore
BMW 118 i 5p. M sport tetto Apribile Panoramico,https://www.autoscout24.it/annunci/bmw-118-i-5p-m-sport-tetto-apribile-panoramico-benzina-nero-cat_ma13mo18481-8a2fb40e-180e-4de7-b251-362fabcd1412,BMW,118,i 5p. M sport tetto Apribile Panoramico,19000,114000,Automatico,11/2023,Benzina,100 kW (136 CV),KLM Auto Srl • IT-00178 Roma RM,Rivenditore
BMW 118 118d Msport auto,https://www.autoscout24.it/annunci/bmw-118-118d-msport-auto-diesel-cat_ma13mo18481-127ae2a4-030b-4e34-af1a-17e241774959,BMW,118,118d Msport auto,19000,150000,Semiautomatico,01/2020,Diesel,110 kW (150 CV),"Privato,IT-42123 Reggio Emilia",Privato
BMW 118 Serie 1 F40 118i 136cv auto,https://www.autoscout24.it/annunci/bmw-118-serie-1-f40-118i-136cv-auto-benzina-blu-azzurro-cat_ma13mo18481-04498df3-e520-4ecf-a982-cbf27cc5c545,BMW,118,Serie 1 F40 118i 136cv auto,18900,45000,Semiautomatico,12/2020,Benzina,100 kW (136 CV),"Privato,IT-00060 Formello",Privato
BMW 118 118d Msport auto,https://www.autoscout24.it/annunci/bmw-118-118d-msport-auto-diesel-cat_ma13mo18481-17156064-b28e-4529-8eb8-3bbd3a2289bd,BMW,118,118d Msport auto,19000,106481,Semiautomatico,02/2020,Diesel,110 kW (150 CV),"Privato,IT-27029 Vigevano",Privato
BMW 116 116i Msport,https://www.autoscout24.it/annunci/bmw-116-116i-msport-benzina-nero-cat_ma13mo18480-83d3a26c-5993-4e1e-9f51-00a2482fb665,BMW,116,116i Msport,18900,51955,Manuale,04/2023,Benzina,80 kW (109 CV),Ambrosi Spa • IT-06073 Corciano - Perugia - Pg,Rivenditore
BMW 120 120d xdrive Msport auto,https://www.autoscout24.it/annunci/bmw-120-120d-xdrive-msport-auto-diesel-cat_ma13mo18482-7908897c-f4bb-4b5a-aeca-6f59574ac941,BMW,120,120d xdrive Msport auto,19000,135000,Semiautomatico,02/2021,Diesel,140 kW (190 CV),"Privato,IT-81020 Caserta",Privato
BMW 116 116d Msport auto,https://www.autoscout24.it/annunci/bmw-116-116d-msport-auto-diesel-cat_ma13mo18480-2cdc9bef-d789-4af1-8087-fdeb27f56177,BMW,116,116d Msport auto,19000,118700,Semiautomatico,09/2022,Diesel,85 kW (116 CV),"Privato,IT-07100 Sassari",Privato
BMW 118 118i Msport 5p auto,https://www.autoscout24.it/annunci/bmw-118-118i-msport-5p-auto-benzina-blu-azzurro-cat_ma13mo18481-36f596cb-1b86-48c9-98e4-3caa85b604ae,BMW,118,118i Msport 5p auto,19000,93000,Automatico,10/2020,Benzina,100 kW (136 CV),"Privato,IT-15025 Morano sul Po",Privato
BMW 118 118i Advantage 136cv,https://www.autoscout24.it/annunci/bmw-118-118i-advantage-136cv-benzina-cat_ma13mo18481-f6937a81-f7b5-4d7c-af96-ba765334b9bf,BMW,118,118i Advantage 136cv,18700,38000,Manuale,02/2022,Benzina,100 kW (136 CV),"Privato,IT-10076 Nole",Privato
BMW 118 118d Msport Exterior auto,https://www.autoscout24.it/annunci/bmw-118-118d-msport-exterior-auto-diesel-cat_ma13mo18481-010427e0-226a-4d80-9f0d-03766f2653e3,BMW,118,118d Msport Exterior auto,18000,125000,Semiautomatico,11/2021,Diesel,110 kW (150 CV),"Privato,IT-26866 Sant’Angelo Lodigiano",Privato
BMW 116 116d Msport auto,https://www.autoscout24.it/annunci/bmw-116-116d-msport-auto-diesel-cat_ma13mo18480-f47a82d3-67f2-45d4-8db6-621692a92290,BMW,116,116d Msport auto,18500,110000,Semiautomatico,06/2021,Diesel,85 kW (116 CV),"Privato,IT-24011 Almè",Privato
BMW 116 d 5p. Msport,https://www.autoscout24.it/annunci/bmw-116-d-5p-msport-diesel-grigio-cat_ma13mo18480-263c6d3c-172b-4820-9624-75067f2472a2,BMW,116,d 5p. Msport,18990,107000,Automatico,06/2021,Diesel,85 kW (116 CV),Ac Motors Srl • IT-17100 Savona - SV,Rivenditore
BMW 118 d aut 5p. M sport + altre in sede,https://www.autoscout24.it/annunci/bmw-118-d-aut-5p-m-sport-+-altre-in-sede-diesel-grigio-cat_ma13mo18481-e4d09f40-ab7f-478f-9924-ed961f09e0bb,BMW,118,d aut 5p. M sport + altre in sede,18025,114000,Automatico,09/2021,Diesel,110 kW (150 CV),KLM Auto Srl • IT-00178 Roma RM,Rivenditore
BMW 118 118i Advantage 140cv auto,https://www.autoscout24.it/annunci/bmw-118-118i-advantage-140cv-auto-benzina-blu-azzurro-cat_ma13mo18481-cc1059ad-cb96-4ca4-9418-690cd4950ae4,BMW,118,118i Advantage 140cv auto,19000,38000,Automatico,06/2020,Benzina,103 kW (140 CV),"Privato,IT-80014 Giugliano In Campania",Privato
BMW 118 118d Msport come nuova,https://www.autoscout24.it/annunci/bmw-118-118d-msport-come-nuova-diesel-cat_ma13mo18481-5c277b80-cd21-4b8e-86d1-23202cb5cc74,BMW,118,118d Msport come nuova,19000,130000,Manuale,06/2021,Diesel,110 kW (150 CV),"Privato,IT-73043 Copertino",Privato
BMW 118 118d Msport auto,https://www.autoscout24.it/annunci/bmw-118-118d-msport-auto-diesel-cat_ma13mo18481-2238d1d0-b1de-47d1-84b7-41774d26cdf1,BMW,118,118d Msport auto,19000,145000,Semiautomatico,01/2020,Diesel,110 kW (150 CV),"Privato,IT-42123 Reggio Emilia",Privato
BMW 118 Serie 1 F40 118d Msport auto,https://www.autoscout24.it/annunci/bmw-118-serie-1-f40-118d-msport-auto-diesel-blu-azzurro-cat_ma13mo18481-1afc6f08-3dc0-4073-acda-5d126e9a8b56,BMW,118,Serie 1 F40 118d Msport auto,18900,139000,Automatico,07/2021,Diesel,110 kW (150 CV),R.G. Car di Giannino Raffaele • IT-76015 Trinitapoli - Barletta-Andria-Trani - BT,Rivenditore
BMW 118 Serie 1 F40 118i 140cv auto,https://www.autoscout24.it/annunci/bmw-118-serie-1-f40-118i-140cv-auto-benzina-nero-cat_ma13mo18481-d67fed74-7c94-4718-9499-f2d7f2d0f086,BMW,118,Serie 1 F40 118i 140cv auto,19000,67000,Automatico,02/2021,Benzina,103 kW (140 CV),"Privato,IT-50013 Campi Bisenzio",Privato
BMW 116 Serie 1 F40 116d Msport auto,https://www.autoscout24.it/annunci/bmw-116-serie-1-f40-116d-msport-auto-diesel-cat_ma13mo18480-d10bbce4-f305-4761-8514-7b3233f6ff34,BMW,116,Serie 1 F40 116d Msport auto,19000,112000,Semiautomatico,02/2020,Diesel,85 kW (116 CV),"Privato,IT-27026 Garlasco",Privato
BMW 118 118i Sport 140cv,https://www.autoscout24.it/annunci/bmw-118-118i-sport-140cv-benzina-nero-cat_ma13mo18481-0e41c7b3-9419-4fa0-86f3-c22c17ccadb7,BMW,118,118i Sport 140cv,18000,69500,Manuale,01/2021,Benzina,103 kW (140 CV),"Privato,IT-80144 Napoli",Privato
BMW 118 118i Sport Automatico / 118i Sport Auto,https://www.autoscout24.it/annunci/bmw-118-118i-sport-automatico-118i-sport-auto-benzina-grigio-cat_ma13mo18481-6d2f3114-dbca-4f2f-88c7-7891af8c9133,BMW,118,118i Sport Automatico / 118i Sport Auto,18700,90000,Automatico,04/2021,Benzina,100 kW (136 CV),"Privato,IT-20861 Brugherio",Privato
BMW 116 116d Business Advantage,https://www.autoscout24.it/annunci/bmw-116-116d-business-advantage-diesel-argento-cat_ma13mo18480-0e26c056-7acd-4d7b-8277-21d206df6796,BMW,116,116d Business Advantage,18000,71250,Manuale,12/2020,Diesel,85 kW (116 CV),"Privato,IT-55049 Viareggio",Privato
BMW 116 116d Msport auto,https://www.autoscout24.it/annunci/bmw-116-116d-msport-auto-diesel-cat_ma13mo18480-9f175d2f-420f-4143-97d0-cfd2f5efbc5d,BMW,116,116d Msport auto,18500,147500,Semiautomatico,04/2022,Diesel,85 kW (116 CV),"Privato,IT-20832 Desio",Privato
BMW 116 Serie 1 F40 116d Msport auto,https://www.autoscout24.it/annunci/bmw-116-serie-1-f40-116d-msport-auto-diesel-bianco-cat_ma13mo18480-99c3fdef-4c4f-4263-8dac-d02361f7ee41,BMW,116,Serie 1 F40 116d Msport auto,18500,92000,Semiautomatico,01/2020,Diesel,85 kW (116 CV),"Privato,IT-37056 Salizzole",Privato
BMW 116 5 porte 116i advantage,https://www.autoscout24.it/annunci/bmw-116-5-porte-116i-advantage-benzina-cat_ma13mo18480-46881310-fdbb-40a2-b299-2965411c035d,BMW,116,5 porte 116i advantage,18500,10993,Manuale,03/2021,Benzina,80 kW (109 CV),Di Viesto • IT-10148 Torino - To,Rivenditore
BMW 116 d Advantage auto,https://www.autoscout24.it/annunci/bmw-116-d-advantage-auto-diesel-nero-cat_ma13mo18480-76aaefe8-9a34-4c35-bb16-b167950d8d54,BMW,116,d Advantage auto,18878,78921,Automatico,01/2023,Diesel,85 kW (116 CV),Gruppo Brandini • IT-50127 Firenze,Rivenditore
BMW 116 Bmw Serie 1 116d Luxury Line,https://www.autoscout24.it/annunci/bmw-116-bmw-serie-1-116d-luxury-line-diesel-cat_ma13mo18480-302c90a9-5b81-4832-8d2b-390b8aba67be,BMW,116,Bmw Serie 1 116d Luxury Line,18500,65000,Automatico,12/2020,Diesel,85 kW (116 CV),"Privato,IT-04011 Aprilia",Privato
BMW 118 118i 140cv,https://www.autoscout24.it/annunci/bmw-118-118i-140cv-benzina-cat_ma13mo18481-7144cc82-a521-4947-9983-984c603854a9,BMW,118,118i 140cv,18900,60000,Manuale,10/2020,Benzina,103 kW (140 CV),"Privato,IT-28041 arona",Privato
BMW 116 116d Aut. M Sport,https://www.autoscout24.it/annunci/bmw-116-116d-aut-m-sport-diesel-cat_ma13mo18480-2ce5fdbe-5f19-47a6-803d-ffda6a1f7537,BMW,116,116d Aut. M Sport,18000,109000,Automatico,09/2021,Diesel,85 kW (116 CV),"Privato,IT-37100 Verona",Privato
"BMW 116 D M-SPORT STORM BAY NAVI C.L.18"" LED COME NUOVA",https://www.autoscout24.it/annunci/bmw-116-d-m-sport-storm-bay-navi-c-l-18-led-come-nuova-diesel-grigio-cat_ma13mo18480-90f3f9a1-c994-4465-9bb4-6986fe02494e,BMW,116,"D M-SPORT STORM BAY NAVI C.L.18"" LED COME NUOVA",19000,120500,Automatico,01/2021,Diesel,85 kW (116 CV),Gamma 96 srl • IT-00121 Roma - RM,Rivenditore
BMW 116 Serie 1 F40 116d Msport auto,https://www.autoscout24.it/annunci/bmw-116-serie-1-f40-116d-msport-auto-diesel-bianco-cat_ma13mo18480-cdcebf2b-3053-4a68-8474-8e0b19f744bb,BMW,116,Serie 1 F40 116d Msport auto,18000,125000,Automatico,03/2021,Diesel,85 kW (116 CV),"Privato,IT-57025 Piombino",Privato
BMW 118 118d Msport auto,https://www.autoscout24.it/annunci/bmw-118-118d-msport-auto-diesel-cat_ma13mo18481-aca8a387-a2ac-4920-bf32-ae07c1004775,BMW,118,118d Msport auto,18500,105500,Semiautomatico,09/2020,Diesel,110 kW (150 CV),"Privato,IT-50026 San Casciano in Val di Pesa",Privato
BMW 118 118i 1.5 140CV 5p.,https://www.autoscout24.it/annunci/bmw-118-118i-1-5-140cv-5p-benzina-grigio-cat_ma13mo18481-2344b6ab-5a99-4d43-b76c-a67e27520559,BMW,118,118i 1.5 140CV 5p.,18000,62150,Manuale,05/2020,Benzina,103 kW (140 CV),Trisotto Auto srl • IT-38050 Scurelle  - Trento,Rivenditore
BMW 118 118i Aut. Sport Line,https://www.autoscout24.it/annunci/bmw-118-118i-aut-sport-line-benzina-cat_ma13mo18481-3fae37ae-f140-4380-a467-e63c367295eb,BMW,118,118i Aut. Sport Line,18900,78400,Automatico,08/2020,Benzina,103 kW (140 CV),"Privato,IT-39100 Bolzano",Privato
BMW 118 i 5p. M sport aut  SCONTO FORZE ARMATE,https://www.autoscout24.it/annunci/bmw-118-i-5p-m-sport-aut-sconto-forze-armate-benzina-bianco-cat_ma13mo18481-16a2d394-0199-4c9c-a61d-f0e4c3bff204,BMW,118,i 5p. M sport aut  SCONTO FORZE ARMATE,18000,91000,Automatico,08/2022,Benzina,100 kW (136 CV),KLM Auto Srl • IT-00178 Roma RM,Rivenditore
BMW 118 118i MSport 1.5 136cv - PROMO,https://www.autoscout24.it/annunci/bmw-118-118i-msport-1-5-136cv-promo-benzina-cat_ma13mo18481-1380c0de-e1ee-418f-bf1f-9f401bb49001,BMW,118,118i MSport 1.5 136cv - PROMO,18900,64400,Manuale,09/2020,Benzina,100 kW (136 CV),Sfr motors srl • IT-00148 Roma - Rm,Rivenditore
BMW 116 116d Msport 5p auto,https://www.autoscout24.it/annunci/bmw-116-116d-msport-5p-auto-diesel-cat_ma13mo18480-e012f88d-4068-473d-aafc-77b9ef14ce3d,BMW,116,116d Msport 5p auto,18500,133000,Semiautomatico,12/2020,Diesel,85 kW (116 CV),"Privato,IT-44042 Cento",Privato
BMW 118 F40 - 140 CV BENZINA - CAMBIO MANUALE - FARI LED - SENSORI DI PARCHEGGIO - PREZZO REALE SENZA OBBLIGO DI FINANZIAMENTO -,https://www.autoscout24.it/annunci/bmw-118-f40-140-cv-benzina-cambio-manuale-fari-led-sensori-di-parcheggio-prezzo-reale-senza-obbligo-di-finanziamento-benzina-grigio-cat_ma13mo18481-c0afa32d-cb9a-4292-bbb3-595ab96b38be,BMW,118,F40 - 140 CV BENZINA - CAMBIO MANUALE - FARI LED - SENSORI DI PARCHEGGIO - PREZZO REALE SENZA OBBLIGO DI FINANZIAMENTO -,18990,63000,Manuale,06/2020,Benzina,103 kW (140 CV),Esse Motors Srl • IT-20092 Cinisello Balsamo - Milano,Rivenditore
BMW 116 i -LED - PDC- CERTIFICATA BMW VARIE DISPONIBILITA,https://www.autoscout24.it/annunci/bmw-116-i-led-pdc-certificata-bmw-varie-disponibilita-benzina-nero-cat_ma13mo18480-813333d1-bb48-41ec-9411-8e0395761f10,BMW,116,i -LED - PDC- CERTIFICATA BMW VARIE DISPONIBILITA,18890,49000,Manuale,01/2022,Benzina,80 kW (109 CV),1P Auto srl • IT-00175 Roma - Rm,Rivenditore
BMW 116 d Business Advantage Automatica Tagliandata Nazionale E6d,https://www.autoscout24.it/annunci/bmw-116-d-business-advantage-automatica-tagliandata-nazionale-e6d-diesel-nero-cat_ma13mo18480-2a077f85-c16d-485b-80f6-b9a2ea68a2c8,BMW,116,d Business Advantage Automatica Tagliandata Nazionale E6d,18900,60000,Automatico,01/2022,Diesel,85 kW (116 CV),Autosforza srl • IT-00013 Mentana - Roma,Rivenditore
BMW 118 118d Advantage 5p auto,https://www.autoscout24.it/annunci/bmw-118-118d-advantage-5p-auto-diesel-cat_ma13mo18481-e96e64f7-79e2-4563-88fa-55e493cedcb1,BMW,118,118d Advantage 5p auto,18000,106000,Semiautomatico,12/2020,Diesel,110 kW (150 CV),"Privato,IT-00053 Roma",Privato
BMW 116 116d Msport auto,https://www.autoscout24.it/annunci/bmw-116-116d-msport-auto-diesel-cat_ma13mo18480-4a88f6ac-f7ab-4ada-b65f-6c735e77b9e7,BMW,116,116d Msport auto,18000,158000,Semiautomatico,03/2021,Diesel,85 kW (116 CV),"Privato,IT-41100 Modena",Privato
BMW 120 120d xdrive Msport auto,https://www.autoscout24.it/annunci/bmw-120-120d-xdrive-msport-auto-diesel-cat_ma13mo18482-c9962ac8-9c3f-4bcb-94f1-76e8d85bcc9f,BMW,120,120d xdrive Msport auto,18000,215000,Semiautomatico,03/2021,Diesel,140 kW (190 CV),"Privato,IT-25055 Pisogne",Privato
BMW 118 118i 5p. Sport,https://www.autoscout24.it/annunci/bmw-118-118i-5p-sport-benzina-argento-cat_ma13mo18481-6d7c83c3-165c-4521-8113-18d69801640f,BMW,118,118i 5p. Sport,18900,82000,Automatico,02/2020,Benzina,103 kW (140 CV),Privacar Padova ovest • IT-35030 Abano Terme - Padova - PD,Rivenditore
BMW 116 Serie 1 Msport interno & esterno FULL OPTIONAL,https://www.autoscout24.it/annunci/bmw-116-serie-1-msport-interno-esterno-full-optional-diesel-grigio-cat_ma13mo18480-85d6afed-d877-4043-a9ea-08c58e4870d7,BMW,116,Serie 1 Msport interno & esterno FULL OPTIONAL,18990,149000,Automatico,04/2022,Diesel,85 kW (116 CV),Autoweb srl • IT-22077 Olgiate Comasco,Rivenditore
BMW 118 i 5p. M sport aut SCONTO FORZE ARMATE,https://www.autoscout24.it/annunci/bmw-118-i-5p-m-sport-aut-sconto-forze-armate-benzina-bianco-cat_ma13mo18481-c43e3325-2cb9-45a2-86f7-cfa4285e0e6c,BMW,118,i 5p. M sport aut SCONTO FORZE ARMATE,19000,51000,Automatico,05/2021,Benzina,100 kW (136 CV),KLM Auto Srl • IT-00178 Roma RM,Rivenditore
BMW 118 118d Sport + tagliandi e gomme,https://www.autoscout24.it/annunci/bmw-118-118d-sport-+-tagliandi-e-gomme-diesel-cat_ma13mo18481-c2508f4e-3db5-4938-aec0-93abe01bf515,BMW,118,118d Sport + tagliandi e gomme,18400,156000,Automatico,03/2021,Diesel,110 kW (150 CV),"Privato,IT-31011 Asolo",Privato
BMW 118 i 5p. M sport  **SCONTO FORZE ARMATE**,https://www.autoscout24.it/annunci/bmw-118-i-5p-m-sport-sconto-forze-armate-benzina-grigio-cat_ma13mo18481-9f62a8f0-43b8-4923-83ee-900f33e60ba5,BMW,118,i 5p. M sport  **SCONTO FORZE ARMATE**,18500,45000,Manuale,06/2022,Benzina,100 kW (136 CV),KLM Auto Srl • IT-00178 Roma RM,Rivenditore
BMW 116 Msport auto,https://www.autoscout24.it/annunci/bmw-116-msport-auto-diesel-cat_ma13mo18480-f9106586-0df7-4336-8bef-deb4a565c929,BMW,116,Msport auto,19000,133000,Semiautomatico,09/2020,Diesel,85 kW (116 CV),"Privato,IT-75010 aliano",Privato
BMW 116 Serie 1 F40 116d Msport auto,https://www.autoscout24.it/annunci/bmw-116-serie-1-f40-116d-msport-auto-diesel-bianco-cat_ma13mo18480-36070122-f772-4a2e-8848-24a3331f6a91,BMW,116,Serie 1 F40 116d Msport auto,18999,128000,Automatico,06/2020,Diesel,85 kW (116 CV),Corrauto Srl • IT-90047 Partinico - Palermo -PA,Rivenditore
BMW 116 116d Msport 5p auto,https://www.autoscout24.it/annunci/bmw-116-116d-msport-5p-auto-diesel-cat_ma13mo18480-c0181afc-6183-48e7-be47-d31d12278238,BMW,116,116d Msport 5p auto,18700,112000,Semiautomatico,07/2020,Diesel,85 kW (116 CV),"Privato,IT-41100 MODENA",Privato
BMW 118 118d Msport auto,https://www.autoscout24.it/annunci/bmw-118-118d-msport-auto-diesel-cat_ma13mo18481-68cc5644-c2b0-46ea-bae3-783c428eef9b,BMW,118,118d Msport auto,19000,139000,Semiautomatico,01/2021,Diesel,110 kW (150 CV),"Privato,IT-81057 Teano",Privato
"BMW 116 Serie 1 Cambio Manuale , 84.000 km Tagliandi BMW !",https://www.autoscout24.it/annunci/bmw-116-serie-1-cambio-manuale-84-000-km-tagliandi-bmw-diesel-nero-cat_ma13mo18480-b1feb980-6d52-46d8-96c4-37b27e09e591,BMW,116,"Serie 1 Cambio Manuale , 84.000 km Tagliandi BMW !",18000,84000,Manuale,02/2021,Diesel,85 kW (116 CV),Nextcar Srl • IT-36022 Cassola - Vicenza - VI,Rivenditore
BMW 118 118d Business Advantage auto,https://www.autoscout24.it/annunci/bmw-118-118d-business-advantage-auto-diesel-grigio-cat_ma13mo18481-3ab3425c-3edc-4e31-b631-14acd53518f6,BMW,118,118d Business Advantage auto,18700,81100,Automatico,12/2021,Diesel,110 kW (150 CV),Autopiù Srl • IT-21047 Saronno - Varese - Va,Rivenditore
BMW 118 Serie 1 F40 118d Msport auto,https://www.autoscout24.it/annunci/bmw-118-serie-1-f40-118d-msport-auto-diesel-grigio-cat_ma13mo18481-01042934-934b-41c4-a8f1-c10bb8b4fc88,BMW,118,Serie 1 F40 118d Msport auto,18900,153000,Automatico,06/2021,Diesel,110 kW (150 CV),Compact Auto Srl • IT-24047 Treviglio - Bergamo,Rivenditore
BMW 118 118i Business Advantage 140cv (*) EASY BUY,https://www.autoscout24.it/annunci/bmw-118-118i-business-advantage-140cv-easy-buy-benzina-blu-azzurro-cat_ma13mo18481-82a93c5e-0e40-4a8e-bb90-8e18a2b67b05,BMW,118,118i Business Advantage 140cv (*) EASY BUY,18500,50000,Manuale,06/2020,Benzina,103 kW (140 CV),Autosebino Snc • IT-24060 Castelli Calepio - Bergamo - Bg,Rivenditore
BMW 116 116d Advantage,https://www.autoscout24.it/annunci/bmw-116-116d-advantage-diesel-grigio-cat_ma13mo18480-da396bf5-aef3-446d-be2e-1151a05fdc93,BMW,116,116d Advantage,18299,93900,Automatico,09/2021,Diesel,85 kW (116 CV),Autohero Italia Srl - Torino • IT-10092 Beinasco - TO,Rivenditore
BMW 116 116d 5p. Msport,https://www.autoscout24.it/annunci/bmw-116-116d-5p-msport-diesel-bianco-cat_ma13mo18480-57b4517a-3312-48b8-a97a-c7ffb6247b81,BMW,116,116d 5p. Msport,18500,99000,Manuale,01/2022,Diesel,85 kW (116 CV),Automia.it Srl • IT-00133 Roma,Rivenditore
BMW 118 Serie 1 F40 118i 140 Cv auto,https://www.autoscout24.it/annunci/bmw-118-serie-1-f40-118i-140-cv-auto-benzina-bianco-cat_ma13mo18481-ff211b75-8824-458e-afab-c605a9ac58e6,BMW,118,Serie 1 F40 118i 140 Cv auto,18900,120900,Automatico,06/2020,Benzina,103 kW (140 CV),Lionetti Car • IT-20821 Meda - MB,Rivenditore
BMW 116 116d Advantage,https://www.autoscout24.it/annunci/bmw-116-116d-advantage-diesel-grigio-cat_ma13mo18480-cc914626-14b5-4d33-b43f-06343fdc6fba,BMW,116,116d Advantage,18299,93900,Automatico,09/2021,Diesel,85 kW (116 CV),Autohero Italia srl • IT-40131 Bologna,Rivenditore
BMW 116 Serie 1 F40 116d Msport auto,https://www.autoscout24.it/annunci/bmw-116-serie-1-f40-116d-msport-auto-diesel-grigio-cat_ma13mo18480-157d51e9-9629-41da-ac8c-de6a4236bf3c,BMW,116,Serie 1 F40 116d Msport auto,18700,137000,Automatico,06/2020,Diesel,85 kW (116 CV),"Privato,IT-46030 Serravalle a Po",Privato
BMW 118 i 5p. M sport  SELETTIVA BMW!!!,https://www.autoscout24.it/annunci/bmw-118-i-5p-m-sport-selettiva-bmw-benzina-bianco-cat_ma13mo18481-531dc234-9dfe-435a-bb49-fe1fab84eb7b,BMW,118,i 5p. M sport  SELETTIVA BMW!!!,18000,80000,Manuale,01/2020,Benzina,103 kW (140 CV),KLM Auto Srl • IT-00178 Roma RM,Rivenditore
BMW 116 116d Advantage,https://www.autoscout24.it/annunci/bmw-116-116d-advantage-diesel-cat_ma13mo18480-14a91a38-5cb6-4088-8d8b-2b0122e33f59,BMW,116,116d Advantage,18000,63000,Manuale,09/2020,Diesel,85 kW (116 CV),"Privato,IT-80070 monte di procida",Privato
BMW 116 d Msport 116CV Auto | FARI LED | PACK LUCI | SHADOW LINE | COCKPIT | CAR PLAY,https://www.autoscout24.it/annunci/bmw-116-d-msport-116cv-auto-fari-led-pack-luci-shadow-line-cockpit-car-play-diesel-grigio-cat_ma13mo18480-0dde062d-14e9-4bfa-ba53-c6b3f1d9fed7,BMW,116,d Msport 116CV Auto | FARI LED | PACK LUCI | SHADOW LINE | COCKPIT | CAR PLAY,18499,135000,Automatico,01/2021,Diesel,85 kW (116 CV),Car Lux srl • IT-80048 Sant’Anastasia - Napoli – Na,Rivenditore
BMW 116 116d 5p. Advantage,https://www.autoscout24.it/annunci/bmw-116-116d-5p-advantage-diesel-argento-cat_ma13mo18480-93beeedc-fcd9-474d-b4b1-86ffc2159c7b,BMW,116,116d 5p. Advantage,18999,77000,Automatico,12/2020,Diesel,85 kW (116 CV),Privacar Lecco • IT-23900 Lecco - LC,Rivenditore
BMW 116 d Msport auto,https://www.autoscout24.it/annunci/bmw-116-d-msport-auto-diesel-grigio-cat_ma13mo18480-11280b2a-99c2-4653-b50b-4f53cc89253a,BMW,116,d Msport auto,18900,131690,Automatico,07/2020,Diesel,85 kW (116 CV),Nhg5 Srl • IT-35043 Monselice - Padova - PD,Rivenditore
BMW 118 Serie 1 118d MSport *PROMO FINANZIAMENTO*,https://www.autoscout24.it/annunci/bmw-118-serie-1-118d-msport-promo-finanziamento-diesel-bianco-cat_ma13mo18481-8fb58dae-db4f-4f5e-9a23-c6a5edb82ea0,BMW,118,Serie 1 118d MSport *PROMO FINANZIAMENTO*,18900,138500,Manuale,01/2020,Diesel,110 kW (150 CV),TuaCar Rivoli • IT-10098 Rivoli - Torino - TO,Rivenditore
BMW 118 BMW 118D,https://www.autoscout24.it/annunci/bmw-118-bmw-118d-diesel-cat_ma13mo18481-e50ceb2a-b430-44f6-b4d3-c4c5ec4fa640,BMW,118,BMW 118D,18000,185000,Semiautomatico,06/2021,Diesel,110 kW (150 CV),"Privato,IT-70010 capurso",Privato
BMW 118 i Sport 136cv  5P.NEOPATENTATI,https://www.autoscout24.it/annunci/bmw-118-i-sport-136cv-5p-neopatentati-benzina-grigio-cat_ma13mo18481-f201e781-d9a4-4485-ad15-b07b1340e7e1,BMW,118,i Sport 136cv  5P.NEOPATENTATI,18990,92223,Automatico,02/2021,Benzina,100 kW (136 CV),Gamma Auto Srl • IT-20080 Vermezzo con Zelo - Milano,Rivenditore
BMW 116 116d 5p. Msport,https://www.autoscout24.it/annunci/bmw-116-116d-5p-msport-diesel-bianco-cat_ma13mo18480-6f83b99d-7479-43a9-9a89-ba43afd0c8dc,BMW,116,116d 5p. Msport,18500,128000,Automatico,06/2021,Diesel,85 kW (116 CV),Privacar Vercelli • IT-13100 Vercelli - Vc,Rivenditore
BMW 116 116d Luxury auto,https://www.autoscout24.it/annunci/bmw-116-116d-luxury-auto-diesel-cat_ma13mo18480-aa3f9457-e376-4fd8-83c9-71eb1aea3958,BMW,116,116d Luxury auto,18500,113000,Semiautomatico,01/2022,Diesel,85 kW (116 CV),"Privato,IT-81030 Teverola",Privato
BMW 116 Serie 1 F40 116d Business Advantage Autom 15/12/2022,https://www.autoscout24.it/annunci/bmw-116-serie-1-f40-116d-business-advantage-autom-15-12-2022-diesel-bianco-cat_ma13mo18480-25c2b7e1-e8e4-4c08-b917-91c1e0abb5e4,BMW,116,Serie 1 F40 116d Business Advantage Autom 15/12/2022,18000,116000,Automatico,12/2022,Diesel,85 kW (116 CV),Centro Auto Boccea Srl • IT-00166 Roma - Rm,Rivenditore
BMW 116 d Advantage 116CV NEOPATENTATI,https://www.autoscout24.it/annunci/bmw-116-d-advantage-116cv-neopatentati-diesel-nero-cat_ma13mo18480-e18ae356-a496-4c75-8adf-f8f78ab4f8c3,BMW,116,d Advantage 116CV NEOPATENTATI,18900,94000,Automatico,03/2023,Diesel,85 kW (116 CV),2V Motors srl • IT-35020 Saonara - Padova - PD,Rivenditore
BMW 118 i 5p. M sport F40 No vincolo finanziamento,https://www.autoscout24.it/annunci/bmw-118-i-5p-m-sport-f40-no-vincolo-finanziamento-benzina-bianco-cat_ma13mo18481-2faf3a74-fce2-42da-b79e-3d0085b8ee69,BMW,118,i 5p. M sport F40 No vincolo finanziamento,19000,46000,Manuale,12/2020,Benzina,100 kW (136 CV),KLM Auto Srl • IT-00178 Roma RM,Rivenditore
BMW 116 Serie 1 F40 116d Msport auto,https://www.autoscout24.it/annunci/bmw-116-serie-1-f40-116d-msport-auto-diesel-grigio-cat_ma13mo18480-784de23f-ff23-41f4-b919-f539dd6a430f,BMW,116,Serie 1 F40 116d Msport auto,18900,123046,Automatico,01/2020,Diesel,85 kW (116 CV),Top Car Srl • IT-24040 Boltiere - Bergamo - Bg,Rivenditore
BMW 116 Serie 1 F40 116d  115CVBusiness Advantage Automatico - Neopatentato - Tagliandata - Finanziabile - Pronta Consegna,https://www.autoscout24.it/annunci/bmw-116-serie-1-f40-116d-115cvbusiness-advantage-automatico-neopatentato-tagliandata-finanziabile-pronta-consegna-diesel-nero-cat_ma13mo18480-6ee5ea2d-846c-46c1-aeb3-5cb01cc2bf7f,BMW,116,Serie 1 F40 116d  115CVBusiness Advantage Automatico - Neopatentato - Tagliandata - Finanziabile - Pronta Consegna,18800,100794,Automatico,11/2022,Diesel,85 kW (116 CV),Autosalone Paul Srl • IT-40018 San Pietro in Casale (Bo),Rivenditore
BMW 114 116d,https://www.autoscout24.it/annunci/bmw-114-116d-diesel-nero-cat_ma13mo20149-a1c45dc8-6de6-4c29-a091-be8b11e0d642,BMW,114,116d,18500,67000,Manuale,02/2020,Diesel,85 kW (116 CV),Buratti Srl • IT-50136 Firenze - Fi,Rivenditore
BMW 120 Serie 1 F40,https://www.autoscout24.it/annunci/bmw-120-serie-1-f40-diesel-grigio-cat_ma13mo18482-8c55512f-a67a-48f1-a90a-1814c01d941b,BMW,120,Serie 1 F40,18000,137000,Semiautomatico,02/2021,Diesel,140 kW (190 CV),"Privato,IT-81020 Castel Morrone",Privato
BMW 116 116d Advantage,https://www.autoscout24.it/annunci/bmw-116-116d-advantage-diesel-grigio-cat_ma13mo18480-946f6d67-5643-4e7c-8863-3a6b27d03389,BMW,116,116d Advantage,18299,93900,Automatico,09/2021,Diesel,85 kW (116 CV),Autohero Italia Srl • IT-20155 Milano - Mi,Rivenditore
BMW 118 Serie 1 F40 118d Sport auto,https://www.autoscout24.it/annunci/bmw-118-serie-1-f40-118d-sport-auto-diesel-nero-cat_ma13mo18481-3d0d8b1a-b077-475d-8705-3f3bfea6945e,BMW,118,Serie 1 F40 118d Sport auto,18900,168000,Semiautomatico,06/2021,Diesel,110 kW (150 CV),"Privato,IT-00188 Roma",Privato
BMW 116 116d Msport 5p auto,https://www.autoscout24.it/annunci/bmw-116-116d-msport-5p-auto-diesel-cat_ma13mo18480-a0834b42-966f-4628-a3a5-0a3c10940c81,BMW,116,116d Msport 5p auto,18700,112000,Semiautomatico,07/2020,Diesel,85 kW (116 CV),"Privato,IT-41100 MODENA",Privato
BMW 116 d Business Advantage auto FULL SERVICE BMW,https://www.autoscout24.it/annunci/bmw-116-d-business-advantage-auto-full-service-bmw-diesel-bianco-cat_ma13mo18480-6338fd57-9f45-432b-a467-ed6f021d2328,BMW,116,d Business Advantage auto FULL SERVICE BMW,18500,72000,Automatico,04/2021,Diesel,85 kW (116 CV),Gonnella Srl • IT-83040 Caposele - Avellino - AV,Rivenditore
BMW 116 116d Advantage,https://www.autoscout24.it/annunci/bmw-116-116d-advantage-diesel-grigio-cat_ma13mo18480-79a87921-7083-4859-a32e-3f70f3c4751c,BMW,116,116d Advantage,18299,93900,Automatico,09/2021,Diesel,85 kW (116 CV),Autohero Italia srl • IT-00169 Roma,Rivenditore
BMW 116 116d MSport Steptronic,https://www.autoscout24.it/annunci/bmw-116-116d-msport-steptronic-diesel-bianco-cat_ma13mo18480-1b878604-7c9d-4d09-be21-ea1a5b3344c9,BMW,116,116d MSport Steptronic,18700,104900,Automatico,02/2020,Diesel,85 kW (116 CV),Bi Auto Spa • IT-50019 Sesto Fiorentino - Firenze,Rivenditore
BMW 116 116d Advantage,https://www.autoscout24.it/annunci/bmw-116-116d-advantage-diesel-grigio-cat_ma13mo18480-00485e5e-dcf5-4518-b99f-033d4c576686,BMW,116,116d Advantage,18299,93900,Automatico,09/2021,Diesel,85 kW (116 CV),Autohero Italia Srl • IT-37135 Verona - VR,Rivenditore
BMW 116 116d Sport,https://www.autoscout24.it/annunci/bmw-116-116d-sport-diesel-cat_ma13mo18480-7089f2cc-39af-40ea-8454-658f8befe5ad,BMW,116,116d Sport,18000,116000,Manuale,11/2020,Diesel,85 kW (116 CV),"Privato,IT-48125 Ravenna",Privato
BMW 116 MSPORT CERCHI 19 MINERAL GREY METALLIC NEOP,https://www.autoscout24.it/annunci/bmw-116-msport-cerchi-19-mineral-grey-metallic-neop-diesel-blu-azzurro-cat_ma13mo18480-4a880f2c-47ee-40a4-ade9-9fa30995884f,BMW,116,MSPORT CERCHI 19 MINERAL GREY METALLIC NEOP,18900,161900,Automatico,01/2021,Diesel,85 kW (116 CV),Gotti Auto Srl • IT-24069 San Paolo D'Argon - Bergamo,Rivenditore
BMW 118 Serie 1 F40 118i Sport 136cv,https://www.autoscout24.it/annunci/bmw-118-serie-1-f40-118i-sport-136cv-benzina-bianco-cat_ma13mo18481-ec7e812e-328e-4211-b61c-9bdf68f925e7,BMW,118,Serie 1 F40 118i Sport 136cv,18600,108000,Manuale,12/2020,Benzina,100 kW (136 CV),Mengoni Service srl • IT-60027 San Biagio  - Ancona - AN,Rivenditore
BMW 116 116d Business Advantage auto,https://www.autoscout24.it/annunci/bmw-116-116d-business-advantage-auto-diesel-cat_ma13mo18480-3ce3d36c-f7fc-48fd-a223-8d6bee082a5b,BMW,116,116d Business Advantage auto,18500,110000,Semiautomatico,07/2021,Diesel,85 kW (116 CV),"Privato,IT-24069 trescore",Privato
BMW 116 116d Sport auto,https://www.autoscout24.it/annunci/bmw-116-116d-sport-auto-diesel-nero-cat_ma13mo18480-99ffb31f-10e3-4689-bdca-e0014bf074ea,BMW,116,116d Sport auto,18990,108000,Automatico,04/2022,Diesel,85 kW (116 CV),Blu Car Group srl • IT-86170 Isernia - IS,Rivenditore
BMW 118 Advantage,https://www.autoscout24.it/annunci/bmw-118-advantage-benzina-nero-cat_ma13mo18481-bef287b5-fe94-4072-97ca-83f8ede8be08,BMW,118,Advantage,18900,103000,Automatico,01/2021,Benzina,100 kW (136 CV),Sr Motori srl • IT-30039 Stra - Ve,Rivenditore
BMW 118 d 5p. Advantage,https://www.autoscout24.it/annunci/bmw-118-d-5p-advantage-diesel-grigio-cat_ma13mo18481-d72010a6-c0be-4808-b5ec-60dd7a911ef0,BMW,118,d 5p. Advantage,18990,137000,Automatico,01/2021,Diesel,110 kW (150 CV),S. Auto Srl • IT-72018 San Michele Salentino - Brindisi - Br,Rivenditore
BMW 116 116d Business Advantage auto,https://www.autoscout24.it/annunci/bmw-116-116d-business-advantage-auto-diesel-cat_ma13mo18480-17591454-0659-49ed-8488-a1f9bebbedc9,BMW,116,116d Business Advantage auto,18000,115000,Semiautomatico,07/2020,Diesel,85 kW (116 CV),"Privato,IT-73032 Andrano",Privato
BMW 118 118d Msport auto,https://www.autoscout24.it/annunci/bmw-118-118d-msport-auto-diesel-cat_ma13mo18481-56d490ca-4909-4232-b1f5-146966e06020,BMW,118,118d Msport auto,18000,173000,Semiautomatico,08/2020,Diesel,110 kW (150 CV),"Privato,IT-37012 Bussolengo",Privato
BMW 116 116d Sport auto,https://www.autoscout24.it/annunci/bmw-116-116d-sport-auto-diesel-nero-cat_ma13mo18480-e2a6a301-db75-451e-9d89-d8801316fe92,BMW,116,116d Sport auto,18700,152000,Semiautomatico,04/2022,Diesel,85 kW (116 CV),Tregi Srl • IT-91011 Alcamo - Trapani - Tp,Rivenditore
BMW 118 118d Business Advantage,https://www.autoscout24.it/annunci/bmw-118-118d-business-advantage-diesel-cat_ma13mo18481-1071174f-5af9-4f95-9897-33b2bbcc38c1,BMW,118,118d Business Advantage,18000,162000,Manuale,01/2020,Diesel,110 kW (150 CV),"Privato,IT-76012 Canosa di Puglia",Privato
BMW 116 116d Advantage,https://www.autoscout24.it/annunci/bmw-116-116d-advantage-diesel-grigio-cat_ma13mo18480-463d2773-eada-442f-80ce-6422e2ad01a8,BMW,116,116d Advantage,18299,93900,Automatico,09/2021,Diesel,85 kW (116 CV),AutoHero italia Srl • IT-07100 Sassari - SS,Rivenditore
BMW 118 118d Msport auto,https://www.autoscout24.it/annunci/bmw-118-118d-msport-auto-diesel-bianco-cat_ma13mo18481-13fd6b82-7d04-4093-bc75-039c28a1f372,BMW,118,118d Msport auto,18700,134968,Automatico,06/2020,Diesel,110 kW (150 CV),Ambrosi Spa • IT-06073 Corciano - Perugia - Pg,Rivenditore
BMW 118 Serie 1 F40118d Advantage auto,https://www.autoscout24.it/annunci/bmw-118-serie-1-f40118d-advantage-auto-diesel-nero-cat_ma13mo18481-a395b38e-abd1-4145-86f0-386461125f97,BMW,118,Serie 1 F40118d Advantage auto,19000,183000,Automatico,06/2020,Diesel,110 kW (150 CV),"Privato,IT-48011 Alfonsine",Privato
BMW 116 d 5p. Advantage,https://www.autoscout24.it/annunci/bmw-116-d-5p-advantage-diesel-grigio-cat_ma13mo18480-5bc7d236-279d-4017-9579-6752178a6302,BMW,116,d 5p. Advantage,18900,103123,Manuale,12/2020,Diesel,85 kW (116 CV),Automobili Vendramini Srl - Rivignano Teor UD • IT-33061 Rivignano Teor - Udine - UD,Rivenditore
BMW 116 Serie 1 F40 116d Business Advantage auto,https://www.autoscout24.it/annunci/bmw-116-serie-1-f40-116d-business-advantage-auto-diesel-grigio-cat_ma13mo18480-5940b6e6-7795-4233-bdf0-f866769ae5f5,BMW,116,Serie 1 F40 116d Business Advantage auto,18990,130400,Automatico,01/2020,Diesel,85 kW (116 CV),Aurora Motors Srl • IT-70056 Molfetta - Bari - BA,Rivenditore
BMW 116 116d Advantage 5p,https://www.autoscout24.it/annunci/bmw-116-116d-advantage-5p-diesel-cat_ma13mo18480-2e303ec9-9948-47f6-a971-3b717c6460f0,BMW,116,116d Advantage 5p,18500,121222,Manuale,09/2020,Diesel,85 kW (116 CV),"Privato,IT-86038 Petacciato",Privato
BMW 118 Serie 1 F40 118d Sport auto,https://www.autoscout24.it/annunci/bmw-118-serie-1-f40-118d-sport-auto-diesel-nero-cat_ma13mo18481-fd2c046e-eb61-41bc-97b9-064da127f44f,BMW,118,Serie 1 F40 118d Sport auto,18900,168000,Automatico,06/2021,Diesel,110 kW (150 CV),"Privato,IT-00188 Roma",Privato
BMW 120 116d 5p. Business Advantage,https://www.autoscout24.it/annunci/bmw-120-116d-5p-business-advantage-diesel-nero-cat_ma13mo18482-1e0458ee-f111-47ac-8770-26d85de4f963,BMW,120,116d 5p. Business Advantage,18500,186555,Manuale,05/2023,Diesel,85 kW (116 CV),Auto Montalbano Srl • IT-92026 Favara - Agrigento - Ag,Rivenditore
BMW 116 116d Advantage,https://www.autoscout24.it/annunci/bmw-116-116d-advantage-diesel-bianco-cat_ma13mo18480-07520438-1a2c-4577-b548-6e5c4e97b15d,BMW,116,116d Advantage,18900,130000,Automatico,06/2020,Diesel,85 kW (116 CV),Fratelli Lombatti Spa • IT-43045 Fornovo di Taro - Parma,Rivenditore
BMW 116 116D SPORT 1.5 115CV E6D SPORT MANUALE 94000 KM,https://www.autoscout24.it/annunci/bmw-116-116d-sport-1-5-115cv-e6d-sport-manuale-94000-km-diesel-nero-cat_ma13mo18480-6bd53604-8019-446b-a267-bc404864ea6e,BMW,116,116D SPORT 1.5 115CV E6D SPORT MANUALE 94000 KM,18000,94904,Manuale,11/2020,Diesel,85 kW (116 CV),Autosole Srl • IT-80014 Giugliano in Campania,Rivenditore
BMW 116 d 5p. Advantage,https://www.autoscout24.it/annunci/bmw-116-d-5p-advantage-diesel-grigio-cat_ma13mo18480-5efacf8b-87a1-44e9-8a5c-89637ba68cf5,BMW,116,d 5p. Advantage,18900,103113,Manuale,12/2020,Diesel,85 kW (116 CV),Automobili Vendramini Srl • IT-31046 Oderzo - Treviso,Rivenditore
BMW 116 116d Advantage auto,https://www.autoscout24.it/annunci/bmw-116-116d-advantage-auto-diesel-bianco-cat_ma13mo18480-8599d731-b45b-4045-8c53-5ce317acc72f,BMW,116,116d Advantage auto,18999,155000,Semiautomatico,12/2021,Diesel,85 kW (116 CV),Gino Auto Di Cipolletti Luigi • IT-80014 Lago Patria - Napoli - NA,Rivenditore
BMW 118 i Msport 136cv auto,https://www.autoscout24.it/annunci/bmw-118-i-msport-136cv-auto-benzina-bianco-cat_ma13mo18481-1da62a9d-86cd-4078-b289-1d72c9e4c8e5,BMW,118,i Msport 136cv auto,19490,86000,Automatico,01/2021,Benzina,100 kW (136 CV),M-M Motors Treviglio - Personeni Federico • IT-24047 Treviglio - Bergamo - BG,Rivenditore
BMW 118 d Msport auto FULL-OPTIONAL,https://www.autoscout24.it/annunci/bmw-118-d-msport-auto-full-optional-diesel-nero-cat_ma13mo18481-8e0db558-6043-459e-8e11-106eaff40c9f,BMW,118,d Msport auto FULL-OPTIONAL,19900,112000,Automatico,05/2021,Diesel,110 kW (150 CV),Monsters Srl • IT-25019 Sirmione - Brescia,Rivenditore
BMW 116 F40 5 Porte 116d SCR Business Advantage DCT,https://www.autoscout24.it/annunci/bmw-116-f40-5-porte-116d-scr-business-advantage-dct-diesel-cat_ma13mo18480-f74d11ce-4512-4062-b219-1258f5c78dc9,BMW,116,F40 5 Porte 116d SCR Business Advantage DCT,19400,68810,Automatico,06/2022,Diesel,85 kW (116 CV),Superauto spa • IT-13030 Caresanablot - Vercelli,Rivenditore
BMW 116 116d Msport auto,https://www.autoscout24.it/annunci/bmw-116-116d-msport-auto-diesel-cat_ma13mo18480-252515fc-59d6-4d55-b123-593158cd5677,BMW,116,116d Msport auto,19499,125000,Semiautomatico,08/2020,Diesel,85 kW (116 CV),VP Cars • IT-42028 Poviglio - Reggio Emilia - RE,Rivenditore
BMW 118 118i 136cv,https://www.autoscout24.it/annunci/bmw-118-118i-136cv-benzina-grigio-cat_ma13mo18481-6dacc461-ead7-4619-9aa5-97392950609a,BMW,118,118i 136cv,19900,38000,Manuale,06/2022,Benzina,100 kW (136 CV),Auto Resegone Sas di Negri Ivan & C. • IT-23900 Lecco,Rivenditore
BMW 116 BMW 116D 1.5 ADVANTAGE AT7 116 CV - CRUISE CONTROL,https://www.autoscout24.it/annunci/bmw-116-bmw-116d-1-5-advantage-at7-116-cv-cruise-control-diesel-grigio-cat_ma13mo18480-3b2de37e-b661-499d-9917-8b335fae721f,BMW,116,BMW 116D 1.5 ADVANTAGE AT7 116 CV - CRUISE CONTROL,19999,95000,Automatico,11/2022,Diesel,85 kW (116 CV),Cisauto Group • IT-42041 Brescello - Reggio Emilia -  RE,Rivenditore
BMW 118 Msport 136cv auto,https://www.autoscout24.it/annunci/bmw-118-msport-136cv-auto-benzina-nero-cat_ma13mo18481-f5007999-6b5c-4bf5-a52b-4cd7606efa6a,BMW,118,Msport 136cv auto,19490,106370,Semiautomatico,06/2021,Benzina,100 kW (136 CV),Mussoni Auto Srl • IT-00053 Civitavecchia - Roma - Rm,Rivenditore
BMW 118 d 5p. Advantage AUTOMATICO,https://www.autoscout24.it/annunci/bmw-118-d-5p-advantage-automatico-diesel-bianco-cat_ma13mo18481-9fdadd8a-7310-4887-9230-f6da69b221dd,BMW,118,d 5p. Advantage AUTOMATICO,19900,86874,Automatico,03/2023,Diesel,110 kW (150 CV),De Paolis Auto Srl • IT-00040 Ardea – Roma – Rm,Rivenditore
BMW 116 d 5p. Sport,https://www.autoscout24.it/annunci/bmw-116-d-5p-sport-diesel-nero-cat_ma13mo18480-fe3b6d4a-1313-4a69-82c1-9ab48b4e7f3e,BMW,116,d 5p. Sport,19900,94000,Automatico,09/2021,Diesel,85 kW (116 CV),Compraevendiauto.it srl • IT-24027 Nembro - Bergamo,Rivenditore
BMW 120 Business Advantage 120 i,https://www.autoscout24.it/annunci/bmw-120-business-advantage-120-i-benzina-bianco-cat_ma13mo18482-0b5634af-f92f-4351-b44b-d0a4a05ec252,BMW,120,Business Advantage 120 i,19900,138000,Automatico,02/2021,Benzina,131 kW (178 CV),TuaCar Brescia - Pavoni Auto Srl • IT-25080 Mazzano - Brescia - BS,Rivenditore
BMW 116 SERIE 1 116D BUSINESS ADVANTAGE,https://www.autoscout24.it/annunci/bmw-116-serie-1-116d-business-advantage-diesel-cat_ma13mo18480-be3c9138-c633-4bf5-954e-025ef16e5dcd,BMW,116,SERIE 1 116D BUSINESS ADVANTAGE,19300,102574,Manuale,05/2023,Diesel,85 kW (116 CV),Pezzuto Group S.r.l. • IT-73020 Cavallino - Lecce - Le,Rivenditore
BMW 118 d Sport auto,https://www.autoscout24.it/annunci/bmw-118-d-sport-auto-diesel-nero-cat_ma13mo18481-a70fb2c4-56cd-400c-83b7-c68e6a0af470,BMW,118,d Sport auto,19900,100045,Automatico,02/2021,Diesel,110 kW (150 CV),Stracciari Spa • IT-40128 Bologna – Bo,Rivenditore
BMW 118 Serie 1 F40 118d Msport auto,https://www.autoscout24.it/annunci/bmw-118-serie-1-f40-118d-msport-auto-diesel-nero-cat_ma13mo18481-9b6f5796-0c64-4342-a0e3-b3a068f3b6b7,BMW,118,Serie 1 F40 118d Msport auto,19500,86000,Automatico,10/2020,Diesel,110 kW (150 CV),"Privato,IT-41012 Carpi",Privato
BMW 120 120d xdrive Msport auto,https://www.autoscout24.it/annunci/bmw-120-120d-xdrive-msport-auto-diesel-cat_ma13mo18482-ba3f885f-f70a-481d-88ce-4a3ff79573d6,BMW,120,120d xdrive Msport auto,19900,110000,Semiautomatico,01/2020,Diesel,140 kW (190 CV),"Privato,IT-13045 Gattinara",Privato
BMW 120 120d xdrive Msport auto,https://www.autoscout24.it/annunci/bmw-120-120d-xdrive-msport-auto-diesel-cat_ma13mo18482-20a57e54-7fc8-4c50-bf2f-2882c4aecb81,BMW,120,120d xdrive Msport auto,20000,126000,Automatico,12/2020,Diesel,140 kW (190 CV),"Privato,IT-41043 Formigine",Privato
BMW 116 Msport automatica TAGLIANDI CASA MADRE+OK NEOPATENTATI+PREZZO REALE!!,https://www.autoscout24.it/annunci/bmw-116-msport-automatica-tagliandi-casa-madre+ok-neopatentati+prezzo-reale-diesel-bianco-cat_ma13mo18480-9c4e71a9-2686-4092-a9fe-9d8e1104dc31,BMW,116,Msport automatica TAGLIANDI CASA MADRE+OK NEOPATENTATI+PREZZO REALE!!,19400,71000,Automatico,02/2021,Diesel,85 kW (116 CV),Dimodicar di Di Modica Stefano • IT-20072 Pieve Emanuele - Milano - MI,Rivenditore
BMW 118 d Advantage auto,https://www.autoscout24.it/annunci/bmw-118-d-advantage-auto-diesel-grigio-cat_ma13mo18481-e80df95b-31e9-4e8c-b2fd-859a8bb7912e,BMW,118,d Advantage auto,20000,90607,Automatico,04/2022,Diesel,110 kW (150 CV),BYmyCAR Milano • IT-20097 San Donato Milanese - Milano - MI,Rivenditore
BMW 118 118d Msport auto,https://www.autoscout24.it/annunci/bmw-118-118d-msport-auto-diesel-cat_ma13mo18481-5048bcd4-7cb8-45bf-9e7d-e26c95d3ac55,BMW,118,118d Msport auto,19300,108500,Semiautomatico,02/2020,Diesel,110 kW (150 CV),"Privato,IT-23886 Colle Brianza",Privato
BMW 116 Serie 1 F40 116d Msport auto,https://www.autoscout24.it/annunci/bmw-116-serie-1-f40-116d-msport-auto-diesel-bianco-cat_ma13mo18480-b8f6d057-f532-4e1c-8006-3a0eb1e4230d,BMW,116,Serie 1 F40 116d Msport auto,19500,85000,Automatico,12/2021,Diesel,85 kW (116 CV),"Privato,IT-00100 Roma",Privato
BMW 116 benzina 116i Advantage,https://www.autoscout24.it/annunci/bmw-116-benzina-116i-advantage-benzina-grigio-cat_ma13mo18480-119e42da-8995-4a09-953e-6a60e9058b84,BMW,116,benzina 116i Advantage,19900,29800,Manuale,10/2024,Benzina,80 kW (109 CV),Race Srl • IT-55016 Capannori - Lucca - LU,Rivenditore
BMW 118 M Sport (F40),https://www.autoscout24.it/annunci/bmw-118-m-sport-f40-diesel-blu-azzurro-cat_ma13mo18481-11646520-2174-4bfa-9992-30755dbcdbbc,BMW,118,M Sport (F40),19999,99000,Semiautomatico,08/2020,Diesel,110 kW (150 CV),"Privato,IT-10024 Moncalieri",Privato
BMW 120 120d xdrive Msport auto,https://www.autoscout24.it/annunci/bmw-120-120d-xdrive-msport-auto-diesel-cat_ma13mo18482-7908897c-f4bb-4b5a-aeca-6f59574ac941,BMW,120,120d xdrive Msport auto,19000,135000,Semiautomatico,02/2021,Diesel,140 kW (190 CV),"Privato,IT-81020 Caserta",Privato
BMW 118 118d Msport auto,https://www.autoscout24.it/annunci/bmw-118-118d-msport-auto-diesel-cat_ma13mo18481-17156064-b28e-4529-8eb8-3bbd3a2289bd,BMW,118,118d Msport auto,19000,106481,Semiautomatico,02/2020,Diesel,110 kW (150 CV),"Privato,IT-27029 Vigevano",Privato
BMW 118 118i Msport 5p auto,https://www.autoscout24.it/annunci/bmw-118-118i-msport-5p-auto-benzina-cat_ma13mo18481-cc418391-7f68-4f3a-bad7-0302dee6287a,BMW,118,118i Msport 5p auto,19500,51379,Automatico,01/2020,Benzina,100 kW (136 CV),"Privato,IT-07044 Ittiri",Privato
BMW 118 118d Msport auto,https://www.autoscout24.it/annunci/bmw-118-118d-msport-auto-diesel-cat_ma13mo18481-127ae2a4-030b-4e34-af1a-17e241774959,BMW,118,118d Msport auto,19000,150000,Semiautomatico,01/2020,Diesel,110 kW (150 CV),"Privato,IT-42123 Reggio Emilia",Privato
BMW 118 118i Msport 136cv,https://www.autoscout24.it/annunci/bmw-118-118i-msport-136cv-benzina-cat_ma13mo18481-1a50b81a-2c77-4f05-9e1b-3c2d1a859b10,BMW,118,118i Msport 136cv,19900,100000,Manuale,01/2022,Benzina,100 kW (136 CV),"Privato,IT-31100 Treviso",Privato
BMW 118 118i Sport 140cv,https://www.autoscout24.it/annunci/bmw-118-118i-sport-140cv-benzina-cat_ma13mo18481-269dbb7c-719f-415e-8407-664ec975980e,BMW,118,118i Sport 140cv,20000,85000,Manuale,08/2020,Benzina,103 kW (140 CV),"Privato,IT-05015 Fabro",Privato
BMW 118 118i Advantage 140cv auto,https://www.autoscout24.it/annunci/bmw-118-118i-advantage-140cv-auto-benzina-blu-azzurro-cat_ma13mo18481-cc1059ad-cb96-4ca4-9418-690cd4950ae4,BMW,118,118i Advantage 140cv auto,19000,38000,Automatico,06/2020,Benzina,103 kW (140 CV),"Privato,IT-80014 Giugliano In Campania",Privato
BMW 116 116d Sport,https://www.autoscout24.it/annunci/bmw-116-116d-sport-diesel-cat_ma13mo18480-e635d01a-8ce5-453e-9356-3b42b9f07b9a,BMW,116,116d Sport,19500,54000,Manuale,05/2020,Diesel,85 kW (116 CV),"Privato,IT-00176 Roma",Privato
BMW 116 116d Msport auto,https://www.autoscout24.it/annunci/bmw-116-116d-msport-auto-diesel-grigio-cat_ma13mo18480-1a6d7202-1eb2-4803-b2d0-4e661fcfdb43,BMW,116,116d Msport auto,19701,85746,Automatico,12/2022,Diesel,85 kW (116 CV),Ambrosi Spa • IT-06073 Corciano - Perugia - Pg,Rivenditore
BMW 118 i 5p. M sport tetto Apribile Panoramico,https://www.autoscout24.it/annunci/bmw-118-i-5p-m-sport-tetto-apribile-panoramico-benzina-nero-cat_ma13mo18481-8a2fb40e-180e-4de7-b251-362fabcd1412,BMW,118,i 5p. M sport tetto Apribile Panoramico,19000,114000,Automatico,11/2023,Benzina,100 kW (136 CV),KLM Auto Srl • IT-00178 Roma RM,Rivenditore
"BMW 118 i Msport 140cv auto shadow line 17"" 2020",https://www.autoscout24.it/annunci/bmw-118-i-msport-140cv-auto-shadow-line-17-2020-benzina-bianco-cat_ma13mo18481-27cf491c-6993-4486-88ea-3213677f9d37,BMW,118,"i Msport 140cv auto shadow line 17"" 2020",19990,64524,Automatico,07/2020,Benzina,103 kW (140 CV),AR Motor srls • IT-00077 Montecompatri - Roma - RM,Rivenditore
BMW 118 118i Msport 5p auto,https://www.autoscout24.it/annunci/bmw-118-118i-msport-5p-auto-benzina-blu-azzurro-cat_ma13mo18481-36f596cb-1b86-48c9-98e4-3caa85b604ae,BMW,118,118i Msport 5p auto,19000,93000,Automatico,10/2020,Benzina,100 kW (136 CV),"Privato,IT-15025 Morano sul Po",Privato
BMW 116 Serie 1 F40 116d Msport auto,https://www.autoscout24.it/annunci/bmw-116-serie-1-f40-116d-msport-auto-diesel-nero-cat_ma13mo18480-ef48962c-4ce5-4cd8-a8a2-0a31d95419cd,BMW,116,Serie 1 F40 116d Msport auto,19300,112700,Semiautomatico,08/2021,Diesel,85 kW (116 CV),"Privato,IT-52022 Cavriglia",Privato
BMW 116 116d Msport,https://www.autoscout24.it/annunci/bmw-116-116d-msport-diesel-cat_ma13mo18480-a04344fd-90a3-4ef4-b5a9-3c820eb183af,BMW,116,116d Msport,19500,60000,Manuale,09/2020,Diesel,85 kW (116 CV),"Privato,IT-59100 Prato",Privato
BMW 118 118i Advantage business 5p auto,https://www.autoscout24.it/annunci/bmw-118-118i-advantage-business-5p-auto-benzina-cat_ma13mo18481-4c731ba6-aec5-4485-9178-90e0c02badba,BMW,118,118i Advantage business 5p auto,20000,34000,Automatico,04/2022,Benzina,100 kW (136 CV),"Privato,IT-10127 torino",Privato
"BMW 118 i Msport 140cv Shadow line Head-up 19"" Alcantara camera",https://www.autoscout24.it/annunci/bmw-118-i-msport-140cv-shadow-line-head-up-19-alcantara-camera-benzina-bianco-cat_ma13mo18481-94fc6d39-cc32-4bd7-84d2-bf9a8a16d9bf,BMW,118,"i Msport 140cv Shadow line Head-up 19"" Alcantara camera",19990,65000,Manuale,02/2020,Benzina,103 kW (140 CV),AR Motor srls • IT-00077 Montecompatri - Roma - RM,Rivenditore
BMW 118 118i Msport 5p auto,https://www.autoscout24.it/annunci/bmw-118-118i-msport-5p-auto-benzina-cat_ma13mo18481-a02feb51-8f46-43c0-a5ac-48d3f4eebda8,BMW,118,118i Msport 5p auto,19900,130000,Automatico,02/2020,Benzina,100 kW (136 CV),"Privato,IT-10045 Piossasco",Privato
"BMW 120 d xdrive M-Sport autom,UNICO PROP.,FULL LED,19'',NAVY,RETROCAM.,",https://www.autoscout24.it/annunci/bmw-120-d-xdrive-m-sport-autom-unico-prop-full-led-19-navy-retrocam-diesel-blu-azzurro-cat_ma13mo18482-3c8e1aa9-6158-46b7-9271-3b2156a40775,BMW,120,"d xdrive M-Sport autom,UNICO PROP.,FULL LED,19'',NAVY,RETROCAM.,",19700,159000,Semiautomatico,05/2021,Diesel,140 kW (190 CV),Pancaldi Auto Srl • IT-41058 Vignola - Modena - Mo,Rivenditore
BMW 120 120d xdrive Msport 5p auto,https://www.autoscout24.it/annunci/bmw-120-120d-xdrive-msport-5p-auto-diesel-cat_ma13mo18482-98670132-1838-41de-9f2f-4f6298d3025c,BMW,120,120d xdrive Msport 5p auto,20000,140000,Automatico,11/2020,Diesel,140 kW (190 CV),"Privato,IT-70017 Putignano",Privato
BMW 118 M SPORT,https://www.autoscout24.it/annunci/bmw-118-m-sport-benzina-nero-cat_ma13mo18481-7ca96b0d-0571-43f9-9073-07af98cba7e9,BMW,118,M SPORT,19900,85000,Automatico,09/2020,Benzina,103 kW (140 CV),Quality Motor Garage Srls • IT-00182 Roma - RM,Rivenditore
BMW 118 118d Msport come nuova,https://www.autoscout24.it/annunci/bmw-118-118d-msport-come-nuova-diesel-cat_ma13mo18481-5c277b80-cd21-4b8e-86d1-23202cb5cc74,BMW,118,118d Msport come nuova,19000,130000,Manuale,06/2021,Diesel,110 kW (150 CV),"Privato,IT-73043 Copertino",Privato
BMW 118 118d Msport auto,https://www.autoscout24.it/annunci/bmw-118-118d-msport-auto-diesel-cat_ma13mo18481-2238d1d0-b1de-47d1-84b7-41774d26cdf1,BMW,118,118d Msport auto,19000,145000,Semiautomatico,01/2020,Diesel,110 kW (150 CV),"Privato,IT-42123 Reggio Emilia",Privato
BMW 118 Serie 1 F40 118i 140cv auto,https://www.autoscout24.it/annunci/bmw-118-serie-1-f40-118i-140cv-auto-benzina-nero-cat_ma13mo18481-d67fed74-7c94-4718-9499-f2d7f2d0f086,BMW,118,Serie 1 F40 118i 140cv auto,19000,67000,Automatico,02/2021,Benzina,103 kW (140 CV),"Privato,IT-50013 Campi Bisenzio",Privato
BMW 116 116d Msport auto,https://www.autoscout24.it/annunci/bmw-116-116d-msport-auto-diesel-cat_ma13mo18480-34ababf0-43a3-4e80-bc06-762255bc7e93,BMW,116,116d Msport auto,19900,130000,Semiautomatico,06/2020,Diesel,85 kW (116 CV),"Privato,IT-12084 Mondovì",Privato
BMW 118 118i Msport 5p auto,https://www.autoscout24.it/annunci/bmw-118-118i-msport-5p-auto-benzina-cat_ma13mo18481-a66dde83-f5df-4d24-871c-affa7a9e309b,BMW,118,118i Msport 5p auto,19500,103000,Automatico,01/2020,Benzina,100 kW (136 CV),"Privato,IT-98148 Messina",Privato
BMW 116 Serie 1 F40 116d Msport auto,https://www.autoscout24.it/annunci/bmw-116-serie-1-f40-116d-msport-auto-diesel-grigio-cat_ma13mo18480-e88e1cf6-76ef-4cf9-8c1a-4e356a96047b,BMW,116,Serie 1 F40 116d Msport auto,20000,95000,Automatico,09/2021,Diesel,85 kW (116 CV),"Privato,IT-84128 Salerno",Privato
BMW 120 120d xDrive Sport - PROMO/IVA ESP,https://www.autoscout24.it/annunci/bmw-120-120d-xdrive-sport-promo-iva-esp-diesel-cat_ma13mo18482-8df5127e-2618-40cf-aa66-c82df1fc60dc,BMW,120,120d xDrive Sport - PROMO/IVA ESP,19900,87500,Automatico,05/2022,Diesel,140 kW (190 CV),Sfr motors srl • IT-00148 Roma - Rm,Rivenditore
BMW 116 116d Msport auto,https://www.autoscout24.it/annunci/bmw-116-116d-msport-auto-diesel-cat_ma13mo18480-2cdc9bef-d789-4af1-8087-fdeb27f56177,BMW,116,116d Msport auto,19000,118700,Semiautomatico,09/2022,Diesel,85 kW (116 CV),"Privato,IT-07100 Sassari",Privato
BMW 116 Serie 1 F40 116d Msport auto,https://www.autoscout24.it/annunci/bmw-116-serie-1-f40-116d-msport-auto-diesel-cat_ma13mo18480-d10bbce4-f305-4761-8514-7b3233f6ff34,BMW,116,Serie 1 F40 116d Msport auto,19000,112000,Semiautomatico,02/2020,Diesel,85 kW (116 CV),"Privato,IT-27026 Garlasco",Privato
BMW 118 M SPORT,https://www.autoscout24.it/annunci/bmw-118-m-sport-diesel-cat_ma13mo18481-87eacde0-934a-4147-9dd6-b0d0c41cb477,BMW,118,M SPORT,19900,113000,Semiautomatico,03/2021,Diesel,110 kW (150 CV),"Privato,IT-80056 Ercolano",Privato
BMW 118 118i Advantage 5p auto,https://www.autoscout24.it/annunci/bmw-118-118i-advantage-5p-auto-benzina-cat_ma13mo18481-3a116c0b-b8aa-436b-8991-5aefa6a6d97d,BMW,118,118i Advantage 5p auto,20000,72000,Automatico,07/2021,Benzina,100 kW (136 CV),"Privato,IT-47842 San Giovanni in Marignano",Privato
BMW 116 Serie 1 F40 116d  Automatica,https://www.autoscout24.it/annunci/bmw-116-serie-1-f40-116d-automatica-diesel-bianco-cat_ma13mo18480-629ce60d-585f-4328-9ee0-b67b24bfd264,BMW,116,Serie 1 F40 116d  Automatica,19499,70000,Automatico,07/2023,Diesel,85 kW (116 CV),Toscana Auto • IT-50026 San Casciano In Val Di Pesa - FI,Rivenditore
BMW 116 Serie 1 F40 116d Msport auto,https://www.autoscout24.it/annunci/bmw-116-serie-1-f40-116d-msport-auto-diesel-cat_ma13mo18480-ea6ad06f-d814-43a4-9b81-5aa25a9c01fe,BMW,116,Serie 1 F40 116d Msport auto,20000,100000,Semiautomatico,12/2020,Diesel,85 kW (116 CV),"Privato,IT-50145 Firenze",Privato
BMW 118 118i Msport 5p auto,https://www.autoscout24.it/annunci/bmw-118-118i-msport-5p-auto-benzina-bianco-cat_ma13mo18481-a0cffc63-58ed-4f66-bed8-7bcdc778a9dc,BMW,118,118i Msport 5p auto,19500,126000,Automatico,12/2020,Benzina,100 kW (136 CV),"Privato,IT-20020 Magnago",Privato
BMW 116 BMW 116D BUSINESS ADVANTAGE 116CV 2023,https://www.autoscout24.it/annunci/bmw-116-bmw-116d-business-advantage-116cv-2023-diesel-nero-cat_ma13mo18480-a836e11c-47b6-4666-92d0-6efd14c0c8c1,BMW,116,BMW 116D BUSINESS ADVANTAGE 116CV 2023,19700,43222,Manuale,02/2023,Diesel,85 kW (116 CV),Autostar Srl • IT-86100 Campobasso,Rivenditore
BMW 118 118d msport,https://www.autoscout24.it/annunci/bmw-118-118d-msport-diesel-bianco-cat_ma13mo18481-d82877e6-c03a-4eca-b707-062f4d588c7a,BMW,118,118d msport,19900,125395,Manuale,02/2022,Diesel,110 kW (150 CV),Eurocar Italia Srl • IT-33100 Udine,Rivenditore
BMW 118 d Msport,https://www.autoscout24.it/annunci/bmw-118-d-msport-diesel-bianco-cat_ma13mo18481-b9f969cb-2ade-49b0-a15f-4bd65b576b23,BMW,118,d Msport,19500,145000,Automatico,04/2021,Diesel,110 kW (150 CV),"Privato,IT-33020 Amaro",Privato
BMW 118 118d Msport 5p auto,https://www.autoscout24.it/annunci/bmw-118-118d-msport-5p-auto-diesel-cat_ma13mo18481-b508b95f-1694-44d5-a61a-801f274e6e8c,BMW,118,118d Msport 5p auto,19500,114000,Semiautomatico,10/2020,Diesel,110 kW (150 CV),"Privato,IT-00040 Roma",Privato
BMW 116 d Msport auto,https://www.autoscout24.it/annunci/bmw-116-d-msport-auto-diesel-grigio-cat_ma13mo18480-ff0ff8d5-56e5-4f09-b94e-6c208ba726c2,BMW,116,d Msport auto,19235,111613,Automatico,07/2020,Diesel,85 kW (116 CV),Gruppo Brandini • IT-50127 Firenze,Rivenditore
BMW 118 118d Msport auto,https://www.autoscout24.it/annunci/bmw-118-118d-msport-auto-diesel-cat_ma13mo18481-45874f59-5ad5-4850-98be-6fbd85da9753,BMW,118,118d Msport auto,19500,120000,Semiautomatico,12/2020,Diesel,110 kW (150 CV),"Privato,IT-27030 Pavia",Privato
"BMW 116 D M-SPORT STORM BAY NAVI C.L.18"" LED COME NUOVA",https://www.autoscout24.it/annunci/bmw-116-d-m-sport-storm-bay-navi-c-l-18-led-come-nuova-diesel-grigio-cat_ma13mo18480-90f3f9a1-c994-4465-9bb4-6986fe02494e,BMW,116,"D M-SPORT STORM BAY NAVI C.L.18"" LED COME NUOVA",19000,120500,Automatico,01/2021,Diesel,85 kW (116 CV),Gamma 96 srl • IT-00121 Roma - RM,Rivenditore
BMW 116 116d Msport auto,https://www.autoscout24.it/annunci/bmw-116-116d-msport-auto-diesel-cat_ma13mo18480-e3481997-5461-487b-8833-9b0f581c8ca8,BMW,116,116d Msport auto,20000,99000,Semiautomatico,11/2021,Diesel,85 kW (116 CV),"Privato,IT-93012 Gela",Privato
BMW 118 118d Msport auto,https://www.autoscout24.it/annunci/bmw-118-118d-msport-auto-diesel-cat_ma13mo18481-015d97e4-1df7-4cd7-9942-13d5b8243cb4,BMW,118,118d Msport auto,19600,109000,Automatico,02/2020,Diesel,110 kW (150 CV),"Privato,IT-81100 caserta",Privato
BMW 116 Serie 1 F40 116d Msport auto,https://www.autoscout24.it/annunci/bmw-116-serie-1-f40-116d-msport-auto-diesel-grigio-cat_ma13mo18480-4777c88d-88f9-4237-8fa7-260af2d7f681,BMW,116,Serie 1 F40 116d Msport auto,19500,93000,Automatico,10/2020,Diesel,85 kW (116 CV),"Privato,IT-48018 Faenza",Privato
BMW 116 SOLO 58.000 KM UNIPROPRIETARIO,https://www.autoscout24.it/annunci/bmw-116-solo-58-000-km-uniproprietario-diesel-bianco-cat_ma13mo18480-81bfca21-737f-40a2-b8af-6e0b6bee4d07,BMW,116,SOLO 58.000 KM UNIPROPRIETARIO,19900,55000,Automatico,01/2021,Diesel,85 kW (116 CV),Sartori Motor Srl • IT-31021 Mogliano Veneto -Treviso - Tv,Rivenditore
BMW 116 Serie 1 F40 116d Msport auto,https://www.autoscout24.it/annunci/bmw-116-serie-1-f40-116d-msport-auto-diesel-nero-cat_ma13mo18480-7d3ed575-cf22-4c7f-b8bd-2bc74767a5ac,BMW,116,Serie 1 F40 116d Msport auto,19900,83877,Automatico,06/2020,Diesel,85 kW (116 CV),Commerciale Automobili Srl • IT-59100 Prato - Po,Rivenditore
BMW 118 Serie 1 F40 118d Msport auto PERMUTE UFF ITALIA UNICOPRO.,https://www.autoscout24.it/annunci/bmw-118-serie-1-f40-118d-msport-auto-permute-uff-italia-unicopro-diesel-nero-cat_ma13mo18481-9da250c2-2baa-431e-ab9a-3d144d4acffc,BMW,118,Serie 1 F40 118d Msport auto PERMUTE UFF ITALIA UNICOPRO.,19990,100000,Automatico,10/2022,Diesel,110 kW (150 CV),Tricars di Michelangelo Tricarico • IT-43122 Parma - Pr,Rivenditore
BMW 116 116d Msport auto,https://www.autoscout24.it/annunci/bmw-116-116d-msport-auto-diesel-cat_ma13mo18480-669b49cd-4165-45cc-b378-d7f528529e06,BMW,116,116d Msport auto,19600,96000,Semiautomatico,02/2021,Diesel,85 kW (116 CV),"Privato,IT-91011 Alcamo",Privato
BMW 118 BMW 118i 136 CV AUTOMATICA – 01/2021 – 71.000 KM –,https://www.autoscout24.it/annunci/bmw-118-bmw-118i-136-cv-automatica-01-2021-71-000-km-benzina-cat_ma13mo18481-c749bdae-8a4a-43c5-83b0-84875fa8b333,BMW,118,BMW 118i 136 CV AUTOMATICA – 01/2021 – 71.000 KM –,20000,71241,Automatico,01/2021,Benzina,100 kW (136 CV),"Privato,IT-37124 Verona",Privato
BMW 116 Serie 1 F40 116d Advantage auto,https://www.autoscout24.it/annunci/bmw-116-serie-1-f40-116d-advantage-auto-diesel-bianco-cat_ma13mo18480-a6b18874-97dd-4fd4-877e-c17da857a9d9,BMW,116,Serie 1 F40 116d Advantage auto,19700,30000,Semiautomatico,11/2021,Diesel,85 kW (116 CV),"Privato,IT-90144 Palermo",Privato
BMW 116 116d Msport auto,https://www.autoscout24.it/annunci/bmw-116-116d-msport-auto-diesel-cat_ma13mo18480-eba88929-bae7-4652-881c-92432b7274d0,BMW,116,116d Msport auto,20000,138000,Semiautomatico,01/2021,Diesel,85 kW (116 CV),"Privato,IT-70129 Bari",Privato
BMW 116 d Msport auto,https://www.autoscout24.it/annunci/bmw-116-d-msport-auto-diesel-bianco-cat_ma13mo18480-b1b2a861-1f7d-4827-a97b-b566cf4faff2,BMW,116,d Msport auto,19310,117575,Automatico,02/2021,Diesel,85 kW (116 CV),Gruppo Brandini • IT-50127 Firenze,Rivenditore
BMW 118 118d Msport auto,https://www.autoscout24.it/annunci/bmw-118-118d-msport-auto-diesel-cat_ma13mo18481-ed17ce12-837c-4417-8a9e-3ed71a35c498,BMW,118,118d Msport auto,19900,135000,Semiautomatico,01/2020,Diesel,110 kW (150 CV),"Privato,IT-92019 Sciacca",Privato
BMW 116 d Msport auto,https://www.autoscout24.it/annunci/bmw-116-d-msport-auto-diesel-bianco-cat_ma13mo18480-31bc5d7f-d198-47ad-8d1e-36fa0ea0d3ac,BMW,116,d Msport auto,19675,132300,Automatico,09/2022,Diesel,85 kW (116 CV),Gruppo Brandini • IT-50127 Firenze,Rivenditore
"BMW 118 i Msport 140cv 18"" 2020 vari colori",https://www.autoscout24.it/annunci/bmw-118-i-msport-140cv-18-2020-vari-colori-benzina-grigio-cat_ma13mo18481-5876475b-27b8-4c24-b4a7-3158e9bd77d4,BMW,118,"i Msport 140cv 18"" 2020 vari colori",19700,60478,Manuale,01/2020,Benzina,103 kW (140 CV),AR Motor srls • IT-00077 Montecompatri - Roma - RM,Rivenditore
BMW 118 118d Msport auto,https://www.autoscout24.it/annunci/bmw-118-118d-msport-auto-diesel-cat_ma13mo18481-ef019a8d-0a5a-4b44-965e-6a31fdbaff65,BMW,118,118d Msport auto,19500,170000,Semiautomatico,01/2022,Diesel,110 kW (150 CV),"Privato,IT-84091 Battipaglia",Privato
BMW 116 Serie 1 F40 116d Msport auto,https://www.autoscout24.it/annunci/bmw-116-serie-1-f40-116d-msport-auto-diesel-nero-cat_ma13mo18480-c7c67ea3-c219-444b-8d70-9685fc80735f,BMW,116,Serie 1 F40 116d Msport auto,19900,107000,Semiautomatico,01/2021,Diesel,85 kW (116 CV),"Privato,IT-67100 L'Aquila",Privato
BMW 116 116d Msport auto,https://www.autoscout24.it/annunci/bmw-116-116d-msport-auto-diesel-cat_ma13mo18480-beb7a31b-54d6-4119-a672-fd21fdbf4458,BMW,116,116d Msport auto,20000,125000,Semiautomatico,02/2020,Diesel,85 kW (116 CV),"Privato,IT-25024 Leno",Privato
BMW 118 Serie 1 F40 118d Msport auto,https://www.autoscout24.it/annunci/bmw-118-serie-1-f40-118d-msport-auto-diesel-grigio-cat_ma13mo18481-3d77b5d0-82e1-487f-941a-df6d254555b2,BMW,118,Serie 1 F40 118d Msport auto,19900,136000,Automatico,02/2020,Diesel,110 kW (150 CV),"Privato,IT-85050 Tito",Privato
BMW 118 i 5p. M sport aut SCONTO FORZE ARMATE,https://www.autoscout24.it/annunci/bmw-118-i-5p-m-sport-aut-sconto-forze-armate-benzina-bianco-cat_ma13mo18481-c43e3325-2cb9-45a2-86f7-cfa4285e0e6c,BMW,118,i 5p. M sport aut SCONTO FORZE ARMATE,19000,51000,Automatico,05/2021,Benzina,100 kW (136 CV),KLM Auto Srl • IT-00178 Roma RM,Rivenditore
BMW 118 118i  benzina  Automatico 140cv,https://www.autoscout24.it/annunci/bmw-118-118i-benzina-automatico-140cv-benzina-grigio-cat_ma13mo18481-28c49e10-872d-4b22-b15d-e222da692906,BMW,118,118i  benzina  Automatico 140cv,19499,70000,Automatico,01/2020,Benzina,103 kW (140 CV),Millemiglia Cars Srl • IT-31015 Conegliano - Treviso - Tv,Rivenditore
BMW 118 118i Msport 5p auto,https://www.autoscout24.it/annunci/bmw-118-118i-msport-5p-auto-benzina-cat_ma13mo18481-7ac4b58e-eab6-45a9-ba8c-7d5b005ffba2,BMW,118,118i Msport 5p auto,19900,105000,Automatico,07/2020,Benzina,100 kW (136 CV),"Privato,IT-20142 Milano",Privato
BMW 118 Serie 1 F40 118d Business Advantage auto,https://www.autoscout24.it/annunci/bmw-118-serie-1-f40-118d-business-advantage-auto-diesel-grigio-cat_ma13mo18481-c4fe136e-c62a-444e-9fa8-c2877624ae13,BMW,118,Serie 1 F40 118d Business Advantage auto,19990,117800,Semiautomatico,03/2023,Diesel,110 kW (150 CV),AutoVogue Srl • IT-06053 Deruta,Rivenditore
BMW 116 116d Msport auto,https://www.autoscout24.it/annunci/bmw-116-116d-msport-auto-diesel-cat_ma13mo18480-39824edf-7ba6-42db-a1e7-3a9be4ab775a,BMW,116,116d Msport auto,20000,105800,Semiautomatico,01/2021,Diesel,85 kW (116 CV),"Privato,IT-20072 Pieve Emanuele",Privato
BMW 116 Msport auto,https://www.autoscout24.it/annunci/bmw-116-msport-auto-diesel-cat_ma13mo18480-f9106586-0df7-4336-8bef-deb4a565c929,BMW,116,Msport auto,19000,133000,Semiautomatico,09/2020,Diesel,85 kW (116 CV),"Privato,IT-75010 aliano",Privato
BMW 116 116d 5p. Business Advantage,https://www.autoscout24.it/annunci/bmw-116-116d-5p-business-advantage-diesel-nero-cat_ma13mo18480-7735e4f6-fd6e-4ab8-8a55-bb48dbe019d3,BMW,116,116d 5p. Business Advantage,19990,97000,Automatico,12/2022,Diesel,85 kW (116 CV),Motocenter Srl • IT-46019 Viadana - Mantova - MN,Rivenditore
BMW 118 118d Luxury auto,https://www.autoscout24.it/annunci/bmw-118-118d-luxury-auto-diesel-cat_ma13mo18481-931bb66e-0b7c-49bd-97c5-08a3f62c8d1c,BMW,118,118d Luxury auto,20000,89000,Semiautomatico,07/2020,Diesel,110 kW (150 CV),"Privato,IT-53047 sarteano",Privato
BMW 116 116d 5p. Business Advantage,https://www.autoscout24.it/annunci/bmw-116-116d-5p-business-advantage-diesel-grigio-cat_ma13mo18480-7ffc2eb2-5813-4a01-a4a6-08e902edcf61,BMW,116,116d 5p. Business Advantage,19990,107000,Automatico,09/2021,Diesel,85 kW (116 CV),Autovalente Snc • IT-10148 Torino - TO,Rivenditore
BMW 118 118d M Sport,https://www.autoscout24.it/annunci/bmw-118-118d-m-sport-diesel-blu-azzurro-cat_ma13mo18481-7c2ad7dd-173c-4f19-86ee-1820235d747f,BMW,118,118d M Sport,19999,95816,Manuale,11/2021,Diesel,110 kW (150 CV),Autohero Italia srl • IT-00169 Roma,Rivenditore
BMW 118 118d Msport auto,https://www.autoscout24.it/annunci/bmw-118-118d-msport-auto-diesel-cat_ma13mo18481-68cc5644-c2b0-46ea-bae3-783c428eef9b,BMW,118,118d Msport auto,19000,139000,Semiautomatico,01/2021,Diesel,110 kW (150 CV),"Privato,IT-81057 Teano",Privato
BMW 118 118d M Sport,https://www.autoscout24.it/annunci/bmw-118-118d-m-sport-diesel-blu-azzurro-cat_ma13mo18481-10c3ef96-ccc4-4b6c-bb23-4216f6799e44,BMW,118,118d M Sport,19999,95816,Manuale,11/2021,Diesel,110 kW (150 CV),Autohero Italia Srl • IT-37135 Verona - VR,Rivenditore
BMW 116 116d Business Advantage,https://www.autoscout24.it/annunci/bmw-116-116d-business-advantage-diesel-grigio-cat_ma13mo18480-69a7dfba-8946-461f-82c1-c37615e18424,BMW,116,116d Business Advantage,19500,79500,Manuale,02/2020,Diesel,85 kW (116 CV),"Privato,IT-30034 Mira",Privato
BMW 118 Serie 1 F40 118d Msport auto,https://www.autoscout24.it/annunci/bmw-118-serie-1-f40-118d-msport-auto-diesel-grigio-cat_ma13mo18481-ab416a30-c743-4434-9490-2b29c36c4d98,BMW,118,Serie 1 F40 118d Msport auto,19300,143000,Automatico,05/2021,Diesel,110 kW (150 CV),"Privato,IT-26100 Cremona",Privato
BMW 116 116d Msport auto,https://www.autoscout24.it/annunci/bmw-116-116d-msport-auto-diesel-cat_ma13mo18480-e7e25612-58b9-4b03-935f-52304297519c,BMW,116,116d Msport auto,20000,105000,Semiautomatico,04/2021,Diesel,85 kW (116 CV),"Privato,IT-98142 Messina",Privato
BMW 118 d Msport,https://www.autoscout24.it/annunci/bmw-118-d-msport-diesel-blu-azzurro-cat_ma13mo18481-894a986f-2419-48c4-abac-c88f840ca8be,BMW,118,d Msport,19139,154985,Automatico,10/2021,Diesel,110 kW (150 CV),Gruppo Brandini • IT-50127 Firenze,Rivenditore
BMW 116 116d Msport auto,https://www.autoscout24.it/annunci/bmw-116-116d-msport-auto-diesel-cat_ma13mo18480-7112b45b-e24d-4a2e-a6a4-79ff4d2f2a34,BMW,116,116d Msport auto,19999,96000,Semiautomatico,02/2020,Diesel,85 kW (116 CV),"Privato,IT-81100 Caserta",Privato
BMW 118 118d M Sport,https://www.autoscout24.it/annunci/bmw-118-118d-m-sport-diesel-blu-azzurro-cat_ma13mo18481-db813a6f-ad90-44a6-bc8d-5b838526c6d7,BMW,118,118d M Sport,19999,95816,Manuale,11/2021,Diesel,110 kW (150 CV),Autohero Italia Srl - Torino • IT-10092 Beinasco - TO,Rivenditore
BMW 116 116d Business Advantage auto,https://www.autoscout24.it/annunci/bmw-116-116d-business-advantage-auto-diesel-grigio-cat_ma13mo18480-7b71d978-5499-40bf-91c8-dfb86bb81f64,BMW,116,116d Business Advantage auto,19800,47250,Semiautomatico,04/2021,Diesel,85 kW (116 CV),Loforese 100 Srl • IT-74121 Taranto - TA,Rivenditore
BMW 118 118d Msport auto,https://www.autoscout24.it/annunci/bmw-118-118d-msport-auto-diesel-cat_ma13mo18481-921a45e3-f786-4d43-a8c3-268045633244,BMW,118,118d Msport auto,19900,140000,Semiautomatico,03/2020,Diesel,110 kW (150 CV),"Privato,IT-72100 Brindisi",Privato
BMW 116 116d Business Advantage auto,https://www.autoscout24.it/annunci/bmw-116-116d-business-advantage-auto-diesel-argento-cat_ma13mo18480-925b90d0-89d9-4e31-854b-45954db55067,BMW,116,116d Business Advantage auto,19999,73000,Semiautomatico,07/2021,Diesel,85 kW (116 CV),Loforese 100 Srl • IT-74121 Taranto - TA,Rivenditore
BMW 116 Serie 1 F40 116d Msport auto,https://www.autoscout24.it/annunci/bmw-116-serie-1-f40-116d-msport-auto-diesel-nero-cat_ma13mo18480-c4a2063c-67dd-4061-ae1e-d85b90bc767b,BMW,116,Serie 1 F40 116d Msport auto,19990,112000,Automatico,05/2022,Diesel,85 kW (116 CV),Automobili Raso Srls • IT-20155 Milano - MI,Rivenditore
BMW 118 118d Sport auto,https://www.autoscout24.it/annunci/bmw-118-118d-sport-auto-diesel-cat_ma13mo18481-1f9c7dd5-1f85-41c8-a3fa-c9819a0925c6,BMW,118,118d Sport auto,19600,131000,Semiautomatico,08/2021,Diesel,110 kW (150 CV),"Privato,IT-03100 Frosinone",Privato
BMW 116 d Business Advantage auto,https://www.autoscout24.it/annunci/bmw-116-d-business-advantage-auto-diesel-bianco-cat_ma13mo18480-899e9acb-bdd2-4eda-b95b-9c156c00de98,BMW,116,d Business Advantage auto,19590,86207,Automatico,12/2021,Diesel,85 kW (116 CV),Bmw Italia Retail Srl • IT-00138 Roma - Rm,Rivenditore
BMW 118 118d Msport AUTOMATICA  150Cv,https://www.autoscout24.it/annunci/bmw-118-118d-msport-automatica-150cv-diesel-bianco-cat_ma13mo18481-3899a780-a0f4-4bb2-af0b-73181dcf67a8,BMW,118,118d Msport AUTOMATICA  150Cv,19900,135000,Automatico,11/2020,Diesel,110 kW (150 CV),J.M. Prestige Car Srl • IT-51031 Agliana - Pistoia - PT,Rivenditore
BMW 116 116d Msport auto,https://www.autoscout24.it/annunci/bmw-116-116d-msport-auto-diesel-cat_ma13mo18480-3c1984d2-39d8-4e39-92e4-e00920f8139a,BMW,116,116d Msport auto,19500,95000,Semiautomatico,11/2020,Diesel,85 kW (116 CV),"Privato,IT-81058 Vairano Patenora",Privato
BMW 118 118d Msport auto,https://www.autoscout24.it/annunci/bmw-118-118d-msport-auto-diesel-cat_ma13mo18481-d6e68add-46af-41ac-abff-c86492249385,BMW,118,118d Msport auto,19900,116000,Semiautomatico,05/2020,Diesel,110 kW (150 CV),"Privato,IT-81022 Casagiove",Privato
BMW 116 d 5p. Msport / TAGLIANDI UFFICIALI / VIRTUAL,https://www.autoscout24.it/annunci/bmw-116-d-5p-msport-tagliandi-ufficiali-virtual-diesel-bianco-cat_ma13mo18480-75a41a15-0651-4540-9d84-c968999d8d6c,BMW,116,d 5p. Msport / TAGLIANDI UFFICIALI / VIRTUAL,19500,115000,Automatico,01/2020,Diesel,85 kW (116 CV),Demasi Auto • IT-25069 Villa Carcina -  Brescia,Rivenditore
BMW 118 118d Sport auto,https://www.autoscout24.it/annunci/bmw-118-118d-sport-auto-diesel-verde-cat_ma13mo18481-1d8dd1ea-190e-4121-97d8-431c375737bf,BMW,118,118d Sport auto,19985,116000,Semiautomatico,07/2021,Diesel,110 kW (150 CV),Privacar Viterbo • IT-01100 Viterbo - VT,Rivenditore
"BMW 118 i Msport 136cv 2021 17"" vari colori",https://www.autoscout24.it/annunci/bmw-118-i-msport-136cv-2021-17-vari-colori-benzina-bianco-cat_ma13mo18481-a7551f90-99d2-49f1-a592-cb44836de030,BMW,118,"i Msport 136cv 2021 17"" vari colori",19500,73875,Manuale,06/2021,Benzina,100 kW (136 CV),AR Motor srls • IT-00077 Montecompatri - Roma - RM,Rivenditore
BMW 116 116d Luxury,https://www.autoscout24.it/annunci/bmw-116-116d-luxury-diesel-cat_ma13mo18480-d208c8fa-d262-460a-b979-cc278d44e832,BMW,116,116d Luxury,20000,92000,Manuale,03/2020,Diesel,85 kW (116 CV),"Privato,IT-04011 Aprilia",Privato
BMW 118 118d M Sport,https://www.autoscout24.it/annunci/bmw-118-118d-m-sport-diesel-blu-azzurro-cat_ma13mo18481-f5a1a4c0-6e9f-48af-8458-84e21f3ae8e2,BMW,118,118d M Sport,19999,95816,Manuale,11/2021,Diesel,110 kW (150 CV),Autohero Italia Srl • IT-20155 Milano - Mi,Rivenditore
BMW 118 Serie 1 F40118d Advantage auto,https://www.autoscout24.it/annunci/bmw-118-serie-1-f40118d-advantage-auto-diesel-nero-cat_ma13mo18481-a395b38e-abd1-4145-86f0-386461125f97,BMW,118,Serie 1 F40118d Advantage auto,19000,183000,Automatico,06/2020,Diesel,110 kW (150 CV),"Privato,IT-48011 Alfonsine",Privato
BMW 118 118d M Sport,https://www.autoscout24.it/annunci/bmw-118-118d-m-sport-diesel-blu-azzurro-cat_ma13mo18481-292a01aa-b038-48c8-a23f-38ad652f41fd,BMW,118,118d M Sport,19999,95816,Manuale,11/2021,Diesel,110 kW (150 CV),Autohero Italia srl • IT-40131 Bologna,Rivenditore
BMW 116 116d 5p. Business Advantage,https://www.autoscout24.it/annunci/bmw-116-116d-5p-business-advantage-diesel-grigio-cat_ma13mo18480-519644bf-2683-4c8b-a670-d34290a5b8c3,BMW,116,116d 5p. Business Advantage,19800,107000,Automatico,12/2021,Diesel,85 kW (116 CV),Motocenter Srl • IT-46019 Viadana - Mantova - MN,Rivenditore
BMW 118 i 5p. M sport F40 No vincolo finanziamento,https://www.autoscout24.it/annunci/bmw-118-i-5p-m-sport-f40-no-vincolo-finanziamento-benzina-bianco-cat_ma13mo18481-2faf3a74-fce2-42da-b79e-3d0085b8ee69,BMW,118,i 5p. M sport F40 No vincolo finanziamento,19000,46000,Manuale,12/2020,Benzina,100 kW (136 CV),KLM Auto Srl • IT-00178 Roma RM,Rivenditore
BMW 116 116d  COLORVISION EDITION,https://www.autoscout24.it/annunci/bmw-116-116d-colorvision-edition-diesel-nero-cat_ma13mo18480-70fcce74-b1e1-4f3b-aa24-db616fc01007,BMW,116,116d  COLORVISION EDITION,20000,52500,Manuale,06/2020,Diesel,85 kW (116 CV),Max Car Store Srl • IT-43010 Ponte Taro - Parma - PR,Rivenditore
BMW 116 116d Business Advantage,https://www.autoscout24.it/annunci/bmw-116-116d-business-advantage-diesel-cat_ma13mo18480-358121e0-e849-4fb4-8167-85785d998213,BMW,116,116d Business Advantage,20000,73500,Manuale,02/2020,Diesel,85 kW (116 CV),"Privato,IT-19038 Sarzana",Privato
BMW 120 d 5p. Business Advantage,https://www.autoscout24.it/annunci/bmw-120-d-5p-business-advantage-diesel-bianco-cat_ma13mo18482-a71e74bd-c40c-4b81-827c-c65635754b5c,BMW,120,d 5p. Business Advantage,19900,131749,Automatico,03/2021,Diesel,140 kW (190 CV),Dany Car • IT-10093 Collegno - Torino - To,Rivenditore
BMW 118 Serie 1 118d Sport Line Auto White Pearl Virtual Cockpit,https://www.autoscout24.it/annunci/bmw-118-serie-1-118d-sport-line-auto-white-pearl-virtual-cockpit-diesel-bianco-cat_ma13mo18481-e4954071-ec7b-4794-996a-36df27c7381e,BMW,118,Serie 1 118d Sport Line Auto White Pearl Virtual Cockpit,19700,105205,Semiautomatico,03/2021,Diesel,110 kW (150 CV),3D Auto Più srls • IT-81050 Presenzano - Caserta - CE,Rivenditore
BMW 116 116d Sport,https://www.autoscout24.it/annunci/bmw-116-116d-sport-diesel-cat_ma13mo18480-cbf2f698-fad3-4912-9232-661c6d0e492f,BMW,116,116d Sport,19600,125000,Manuale,01/2020,Diesel,85 kW (116 CV),"Privato,IT-04100 Latina",Privato
BMW 116 116d,https://www.autoscout24.it/annunci/bmw-116-116d-diesel-cat_ma13mo18480-419ba2ff-0a44-41c6-9f68-717d03d4b8a8,BMW,116,116d,19500,94000,Manuale,05/2021,Diesel,85 kW (116 CV),Andreozzi Srl • IT-62010 Mogliano - Macerata - Mc,Rivenditore
BMW 116 116d Msport auto,https://www.autoscout24.it/annunci/bmw-116-116d-msport-auto-diesel-cat_ma13mo18480-02e321bd-717d-4605-8d4c-d6a90a47cad8,BMW,116,116d Msport auto,20000,120000,Semiautomatico,05/2021,Diesel,85 kW (116 CV),"Privato,IT-84016 Pagani",Privato
BMW 118 118d Msport,https://www.autoscout24.it/annunci/bmw-118-118d-msport-diesel-cat_ma13mo18481-576002ce-5102-41e2-817d-c547e760ac7d,BMW,118,118d Msport,20000,168000,Manuale,08/2020,Diesel,110 kW (150 CV),"Privato,IT-92020 San Giovanni Gemini",Privato
BMW 118 118i Advantage,https://www.autoscout24.it/annunci/bmw-118-118i-advantage-benzina-nero-cat_ma13mo18481-298ec901-5336-4166-a3ec-3a6b3c922186,BMW,118,118i Advantage,19500,85000,Manuale,10/2020,Benzina,103 kW (140 CV),Nuova Assauto Spa • IT-13894 Gaglianico - Biella - Bi,Rivenditore
BMW 116 116d Msport auto PERMUTE UNICOPROPR. OK NEOPAT. IVA ESPOSTA,https://www.autoscout24.it/annunci/bmw-116-116d-msport-auto-permute-unicopropr-ok-neopat-iva-esposta-diesel-bianco-cat_ma13mo18480-8772ba0c-9e6e-43ac-9de4-510758117055,BMW,116,116d Msport auto PERMUTE UNICOPROPR. OK NEOPAT. IVA ESPOSTA,19990,100000,Automatico,10/2021,Diesel,85 kW (116 CV),Tricars di Michelangelo Tricarico • IT-43122 Parma - Pr,Rivenditore
BMW 116 116d Advantage auto,https://www.autoscout24.it/annunci/bmw-116-116d-advantage-auto-diesel-grigio-cat_ma13mo18480-a9023d0d-f097-4078-bd24-214664506389,BMW,116,116d Advantage auto,19800,86000,Automatico,11/2020,Diesel,85 kW (116 CV),Auto Logistica Europea Srl • IT-00168 Roma - RM,Rivenditore
BMW 118 118d M Sport,https://www.autoscout24.it/annunci/bmw-118-118d-m-sport-diesel-blu-azzurro-cat_ma13mo18481-2a048fc7-65a8-45e3-bcc2-58f534d42879,BMW,118,118d M Sport,19999,95816,Manuale,11/2021,Diesel,110 kW (150 CV),AutoHero italia Srl • IT-07100 Sassari - SS,Rivenditore
BMW 116 116d Msport auto,https://www.autoscout24.it/annunci/bmw-116-116d-msport-auto-diesel-cat_ma13mo18480-1f7ee215-8d48-4753-91b4-d6a7f74e7f38,BMW,116,116d Msport auto,20000,125000,Semiautomatico,11/2020,Diesel,85 kW (116 CV),"Privato,IT-28100 novara",Privato
BMW 116 BMW Serie 1 (F40) ('19'-'25') 116d 5P Msport (85 k,https://www.autoscout24.it/annunci/bmw-116-bmw-serie-1-f40-19-25-116d-5p-msport-85-k-diesel-bianco-cat_ma13mo18480-5dfaa037-3bf0-4e22-9d54-fbf5aa9885d8,BMW,116,BMW Serie 1 (F40) ('19'-'25') 116d 5P Msport (85 k,19900,115123,Automatico,11/2020,Diesel,85 kW (116 CV),Emv Auto Srl • IT-50142 Firenze,Rivenditore
BMW 116 116d Business Advantage,https://www.autoscout24.it/annunci/bmw-116-116d-business-advantage-diesel-blu-azzurro-cat_ma13mo18480-2eb81f8f-efff-4cb5-b7b6-598d6045a7b2,BMW,116,116d Business Advantage,19900,76388,Manuale,02/2023,Diesel,85 kW (116 CV),Bonera spa • IT-25135 Brescia,Rivenditore
BMW 118 d Msport auto,https://www.autoscout24.it/annunci/bmw-118-d-msport-auto-diesel-nero-cat_ma13mo18481-94fdc46d-8071-4ef2-868b-50e5ab71d900,BMW,118,d Msport auto,19950,178000,Automatico,05/2020,Diesel,110 kW (150 CV),AutomercatoGenova • IT-16152 Genova,Rivenditore
BMW 118 118d Digital Edition 5p auto,https://www.autoscout24.it/annunci/bmw-118-118d-digital-edition-5p-auto-diesel-cat_ma13mo18481-fe16bfa7-041b-4a38-847d-4f5b985b81bb,BMW,118,118d Digital Edition 5p auto,20000,155000,Semiautomatico,07/2020,Diesel,110 kW (150 CV),"Privato,IT-95030 Mascalucia",Privato
BMW 116 116d Msport auto,https://www.autoscout24.it/annunci/bmw-116-116d-msport-auto-diesel-cat_ma13mo18480-f1f9974a-0c39-4d0b-b382-df7889b8b27d,BMW,116,116d Msport auto,19500,170000,Semiautomatico,12/2022,Diesel,85 kW (116 CV),"Privato,IT-33080 Fiume Veneto",Privato
BMW 116 d 5p. Msport,https://www.autoscout24.it/annunci/bmw-116-d-5p-msport-diesel-blu-azzurro-cat_ma13mo18480-6aa62816-b69b-4578-a5b1-847298cf0183,BMW,116,d 5p. Msport,19999,105000,Automatico,06/2021,Diesel,85 kW (116 CV),Pm Car Srl • IT-10092 Beinasco,Rivenditore
BMW 116 116d Business Advantage,https://www.autoscout24.it/annunci/bmw-116-116d-business-advantage-diesel-blu-azzurro-cat_ma13mo18480-2aca0200-b241-4eae-9887-6ffb527d2e39,BMW,116,116d Business Advantage,19900,146217,Automatico,07/2021,Diesel,85 kW (116 CV),F3 Motors srl • IT-98124 Messina - ME,Rivenditore
BMW 116 116d Business Advantage auto,https://www.autoscout24.it/annunci/bmw-116-116d-business-advantage-auto-diesel-bianco-cat_ma13mo18480-9b5c8a53-db58-4cb3-ade1-f2890bcdb835,BMW,116,116d Business Advantage auto,19500,125000,Semiautomatico,01/2022,Diesel,85 kW (116 CV),"Privato,IT-83030 Greci",Privato
BMW 118 118d Advantage auto,https://www.autoscout24.it/annunci/bmw-118-118d-advantage-auto-diesel-grigio-cat_ma13mo18481-6ae901ec-e40a-4ecb-9c38-e887d32e95a1,BMW,118,118d Advantage auto,19900,128070,Automatico,11/2021,Diesel,110 kW (150 CV),Ambrosi Spa • IT-06073 Corciano - Perugia - Pg,Rivenditore
BMW 116 BMW 116D BUSINESS 116CV AUTOMATICA 2022,https://www.autoscout24.it/annunci/bmw-116-bmw-116d-business-116cv-automatica-2022-diesel-grigio-cat_ma13mo18480-0654d028-83e8-4178-845b-fd349fb09f6b,BMW,116,BMW 116D BUSINESS 116CV AUTOMATICA 2022,19499,77207,Automatico,09/2022,Diesel,85 kW (116 CV),Autostar Srl • IT-86100 Campobasso,Rivenditore
BMW 116 116d Business Advantage auto,https://www.autoscout24.it/annunci/bmw-116-116d-business-advantage-auto-diesel-nero-cat_ma13mo18480-04556665-c673-4c57-bde4-eebe52022d49,BMW,116,116d Business Advantage auto,19990,100000,Semiautomatico,09/2020,Diesel,85 kW (116 CV),"Privato,IT-84090 Montecorvino Pugliano",Privato
BMW 116 Serie 1 F40 116d auto,https://www.autoscout24.it/annunci/bmw-116-serie-1-f40-116d-auto-diesel-bianco-cat_ma13mo18480-41257f21-c2ea-44fe-99f4-4ab221c446ab,BMW,116,Serie 1 F40 116d auto,19600,90000,Semiautomatico,05/2021,Diesel,85 kW (116 CV),"Privato,IT-10042 Nichelino",Privato
BMW 118 118d 5p. Business Advantage,https://www.autoscout24.it/annunci/bmw-118-118d-5p-business-advantage-diesel-blu-azzurro-cat_ma13mo18481-38eedc99-e6e3-4ed8-a01e-21f9858e6c8e,BMW,118,118d 5p. Business Advantage,19500,149890,Automatico,03/2021,Diesel,110 kW (150 CV),Autosalone Venerito srl • IT-72018 San Michele Salentino  - BR,Rivenditore
BMW 116 d Business Advantage auto,https://www.autoscout24.it/annunci/bmw-116-d-business-advantage-auto-diesel-argento-cat_ma13mo18480-9f05c0e2-d839-46eb-91cc-0df4b2526129,BMW,116,d Business Advantage auto,19290,127455,Automatico,04/2023,Diesel,85 kW (116 CV),Alberio Auto Srl • IT-95031 Adrano - Catania- Ct,Rivenditore
BMW 118 Serie 1 118d Advantage Plus auto,https://www.autoscout24.it/annunci/bmw-118-serie-1-118d-advantage-plus-auto-diesel-grigio-cat_ma13mo18481-c09c5f07-a6ef-418d-9904-2cc2b23fa598,BMW,118,Serie 1 118d Advantage Plus auto,19800,139800,Automatico,01/2024,Diesel,110 kW (150 CV),Automobili D'Eccezione F.lli Perri Srl • IT-06083 Ospedalicchio - Bastia Umbra - Perugia - Pg,Rivenditore
BMW 118 i 5p. M sport aut  Twin Turbo F40,https://www.autoscout24.it/annunci/bmw-118-i-5p-m-sport-aut-twin-turbo-f40-benzina-nero-cat_ma13mo18481-2b35d991-f9c4-4e9c-8260-99aec8662296,BMW,118,i 5p. M sport aut  Twin Turbo F40,19700,46000,Automatico,06/2023,Benzina,100 kW (136 CV),KLM Auto Srl • IT-00178 Roma RM,Rivenditore
BMW 118 118i M Msport 5p auto VIRTUAL COCKPIT IMM 11/19 !!PROMOSTAR!!,https://www.autoscout24.it/annunci/bmw-118-118i-m-msport-5p-auto-virtual-cockpit-imm-11-19-promostar-benzina-nero-cat_ma13mo18481-1d8c30cd-74f4-4edc-affb-006fec8b0220,BMW,118,118i M Msport 5p auto VIRTUAL COCKPIT IMM 11/19 !!PROMOSTAR!!,19300,80000,Automatico,01/2020,Benzina,100 kW (136 CV),Star-Benz Srl • IT-25030 Torbole Casaglia,Rivenditore
BMW 116 Serie 1 F40 116d Msport auto,https://www.autoscout24.it/annunci/bmw-116-serie-1-f40-116d-msport-auto-diesel-grigio-cat_ma13mo18480-203212cc-36a6-481d-8b78-5f62271a75b1,BMW,116,Serie 1 F40 116d Msport auto,19999,74500,Semiautomatico,02/2020,Diesel,85 kW (116 CV),M-M Motors Avellino di TL Motors di Trotta Luigi • IT-83027 Mugnano del Cardinale - Avellino - AV,Rivenditore
BMW 118 118i Advantage LED NAVI VARI COLORI E ALLESTIMENTI,https://www.autoscout24.it/annunci/bmw-118-118i-advantage-led-navi-vari-colori-e-allestimenti-benzina-bianco-cat_ma13mo18481-88675b9d-e5d3-42f0-9fea-ae1f17505465,BMW,118,118i Advantage LED NAVI VARI COLORI E ALLESTIMENTI,20900,18600,Manuale,10/2023,Benzina,103 kW (140 CV),Race Car Srl • IT-37040 Z.a.i. - Verona - VR,Rivenditore
BMW 118 118i Sport Line,https://www.autoscout24.it/annunci/bmw-118-118i-sport-line-benzina-nero-cat_ma13mo18481-d3bd22c5-c030-40b5-b225-1e37df2d7135,BMW,118,118i Sport Line,20900,19700,Manuale,08/2022,Benzina,100 kW (136 CV),Auto & Auto Varese Srl • IT-21100 Varese - Va,Rivenditore
BMW 116 116i,https://www.autoscout24.it/annunci/bmw-116-116i-benzina-nero-cat_ma13mo18480-d1d9733a-bd2d-4ee3-84a0-7778ae701392,BMW,116,116i,20400,28856,Manuale,01/2023,Benzina,80 kW (109 CV),Ceccato Motors Srl • IT-35131 Padova - Pd,Rivenditore
BMW 118 M Sport 140cv Steptronic 8M Shadow Line Virtual Cockpit-Led-Navi,https://www.autoscout24.it/annunci/bmw-118-m-sport-140cv-steptronic-8m-shadow-line-virtual-cockpit-led-navi-benzina-bianco-cat_ma13mo18481-9ac2db01-90b9-426f-9d37-e6105dd2fa4d,BMW,118,M Sport 140cv Steptronic 8M Shadow Line Virtual Cockpit-Led-Navi,20500,89000,Semiautomatico,01/2020,Benzina,103 kW (140 CV),Enne Esse Auto - Motorexpo Brescia • IT-25080 Nuvolento - BS,Rivenditore
BMW 116 116d M-Sport *PROMOZIONE,https://www.autoscout24.it/annunci/bmw-116-116d-m-sport-promozione-diesel-blu-azzurro-cat_ma13mo18480-d4194915-ad05-4fd7-a209-1c8941036a88,BMW,116,116d M-Sport *PROMOZIONE,20999,56000,Automatico,03/2022,Diesel,85 kW (116 CV),Cambio Auto FG • IT-20094 Corsico,Rivenditore
BMW 116 Serie 1 116d Business Advantage | Parking Assistant,https://www.autoscout24.it/annunci/bmw-116-serie-1-116d-business-advantage-parking-assistant-diesel-blu-azzurro-cat_ma13mo18480-9d3294dd-1f96-491c-8ebd-705b21bc7133,BMW,116,Serie 1 116d Business Advantage | Parking Assistant,20500,56651,Automatico,05/2023,Diesel,85 kW (116 CV),Ayvens Lecco • IT-23890 Barzago - Lecco - LC,Rivenditore
BMW 118 118d 5p. Msport,https://www.autoscout24.it/annunci/bmw-118-118d-5p-msport-diesel-nero-cat_ma13mo18481-2c6aad6f-1a08-4fdb-9dbf-eff7184b75b9,BMW,118,118d 5p. Msport,20770,123996,Automatico,01/2021,Diesel,110 kW (150 CV),Moovers srl • IT-20027 Rescaldina - Milano,Rivenditore
BMW 116 116d business advantage auto,https://www.autoscout24.it/annunci/bmw-116-116d-business-advantage-auto-diesel-grigio-cat_ma13mo18480-a5c5e132-b41e-4af8-9ae6-fa7202b6c56f,BMW,116,116d business advantage auto,20500,47176,Automatico,05/2022,Diesel,85 kW (116 CV),Eurocar Italia Srl- Outletcars.it • IT-10098 Rivoli - Torino - To,Rivenditore
BMW 116 d 1.5 116CV Business Advantage auto,https://www.autoscout24.it/annunci/bmw-116-d-1-5-116cv-business-advantage-auto-diesel-grigio-cat_ma13mo18480-8eb758a5-16c1-4f86-b16b-15457deebff9,BMW,116,d 1.5 116CV Business Advantage auto,20500,56652,Automatico,05/2023,Diesel,85 kW (116 CV),Ns3 Srl • IT-20821 Meda - Monza Brianza - MB,Rivenditore
BMW 118 118d Msport auto,https://www.autoscout24.it/annunci/bmw-118-118d-msport-auto-diesel-cat_ma13mo18481-08aa5021-9c96-4dff-9f25-851caf0fa939,BMW,118,118d Msport auto,20500,110000,Semiautomatico,01/2020,Diesel,110 kW (150 CV),"Privato,IT-22010 Gera Lario",Privato
BMW 118 i 5p. M sport Pro Stupenda,https://www.autoscout24.it/annunci/bmw-118-i-5p-m-sport-pro-stupenda-benzina-bianco-cat_ma13mo18481-82106edc-f315-4abf-87bf-d5846240d794,BMW,118,i 5p. M sport Pro Stupenda,21000,46000,Automatico,05/2023,Benzina,100 kW (136 CV),KLM Auto Srl • IT-00178 Roma RM,Rivenditore
BMW 120 48V M Sport F70,https://www.autoscout24.it/annunci/bmw-120-48v-m-sport-f70-elettrica-benzina-bianco-cat_ma13mo18482-0628c901-6b7a-4cd6-a644-663b723f0846,BMW,120,48V M Sport F70,21000,53800,Automatico,01/2025,Elettrica/Benzina,125 kW (170 CV),KLM Auto Srl • IT-00178 Roma RM,Rivenditore
BMW 120 Serie 1 F40 120d xdrive Advantage auto,https://www.autoscout24.it/annunci/bmw-120-serie-1-f40-120d-xdrive-advantage-auto-diesel-nero-cat_ma13mo18482-3071a477-cda8-40fa-b36e-8718cedc6d71,BMW,120,Serie 1 F40 120d xdrive Advantage auto,21000,75000,Semiautomatico,11/2022,Diesel,140 kW (190 CV),"Privato,IT-20121 Milano",Privato
BMW 120 120d xdrive Msport auto,https://www.autoscout24.it/annunci/bmw-120-120d-xdrive-msport-auto-diesel-cat_ma13mo18482-20a57e54-7fc8-4c50-bf2f-2882c4aecb81,BMW,120,120d xdrive Msport auto,20000,126000,Automatico,12/2020,Diesel,140 kW (190 CV),"Privato,IT-41043 Formigine",Privato
BMW 118 118d Msport auto - PROMO,https://www.autoscout24.it/annunci/bmw-118-118d-msport-auto-promo-diesel-grigio-cat_ma13mo18481-8957e849-3358-430e-93f9-6641c8979982,BMW,118,118d Msport auto - PROMO,20990,86683,Automatico,06/2021,Diesel,110 kW (150 CV),Locauto Due Srl • IT-10151 Torino - To,Rivenditore
BMW 120 48V F70 automatico Bmw + altre in sede,https://www.autoscout24.it/annunci/bmw-120-48v-f70-automatico-bmw-+-altre-in-sede-elettrica-benzina-nero-cat_ma13mo18482-3fb82e6f-8b8d-4fec-b72e-856c8f07e1ce,BMW,120,48V F70 automatico Bmw + altre in sede,20126,46000,Automatico,04/2025,Elettrica/Benzina,125 kW (170 CV),KLM Auto Srl • IT-00178 Roma RM,Rivenditore
BMW 116 pacchetto m sport,https://www.autoscout24.it/annunci/bmw-116-pacchetto-m-sport-benzina-cat_ma13mo18480-326a7ece-bde2-47cf-9cde-c325dc505665,BMW,116,pacchetto m sport,20750,77000,Semiautomatico,03/2023,Benzina,80 kW (109 CV),"Privato,IT-06063 Magione",Privato
BMW 116 116d Advantage,https://www.autoscout24.it/annunci/bmw-116-116d-advantage-diesel-nero-cat_ma13mo18480-63f50f2b-9d59-4256-b640-a00af443a6c5,BMW,116,116d Advantage,21000,44200,Manuale,02/2024,Diesel,85 kW (116 CV),"Privato,IT-00132 Roma",Privato
BMW 118 d Advantage auto,https://www.autoscout24.it/annunci/bmw-118-d-advantage-auto-diesel-grigio-cat_ma13mo18481-e80df95b-31e9-4e8c-b2fd-859a8bb7912e,BMW,118,d Advantage auto,20000,90607,Automatico,04/2022,Diesel,110 kW (150 CV),BYmyCAR Milano • IT-20097 San Donato Milanese - Milano - MI,Rivenditore
BMW 116 116i Business Advantage,https://www.autoscout24.it/annunci/bmw-116-116i-business-advantage-benzina-nero-cat_ma13mo18480-fd52fc6c-4889-4f7e-8b71-e54d697da1dd,BMW,116,116i Business Advantage,20900,29900,Manuale,10/2024,Benzina,80 kW (109 CV),Race Srl • IT-55016 Capannori - Lucca - LU,Rivenditore
BMW 116 i Business Advantage auto,https://www.autoscout24.it/annunci/bmw-116-i-business-advantage-auto-benzina-blu-azzurro-cat_ma13mo18480-5bc11d43-2311-4e3d-833a-a1de834a32fc,BMW,116,i Business Advantage auto,21000,41858,Automatico,09/2023,Benzina,80 kW (109 CV),BYmyCAR Milano • IT-20097 San Donato Milanese - Milano - MI,Rivenditore
BMW 120 F70 HUD Kamera Garanzia Ufficiale,https://www.autoscout24.it/annunci/bmw-120-f70-hud-kamera-garanzia-ufficiale-elettrica-benzina-grigio-cat_ma13mo18482-a6f48a5a-b91a-4541-afab-e05ca0ceb26b,BMW,120,F70 HUD Kamera Garanzia Ufficiale,21000,54000,Automatico,02/2025,Elettrica/Benzina,115 kW (156 CV),KLM Auto Srl • IT-00178 Roma RM,Rivenditore
BMW 118 d 5p. Msport,https://www.autoscout24.it/annunci/bmw-118-d-5p-msport-diesel-blu-azzurro-cat_ma13mo18481-64e14ead-6d40-43b7-b16b-453b6eb7994c,BMW,118,d 5p. Msport,20400,107000,Automatico,03/2023,Diesel,110 kW (150 CV),Am Parma 2  Srl • IT-43126 Parma,Rivenditore
BMW 118 PREZZO REALE!!!! BMW 118 I M SPORT,https://www.autoscout24.it/annunci/bmw-118-prezzo-reale-bmw-118-i-m-sport-benzina-grigio-cat_ma13mo18481-e7a950b7-739a-4bc4-8197-f40b9ad47d3f,BMW,118,PREZZO REALE!!!! BMW 118 I M SPORT,20900,69890,Automatico,12/2020,Benzina,100 kW (136 CV),Sportiva Srls Automobili • IT-00191 Roma,Rivenditore
BMW 118 Msport,https://www.autoscout24.it/annunci/bmw-118-msport-diesel-cat_ma13mo18481-eafdab0a-8645-45c6-bc3d-7740a9d7c6ab,BMW,118,Msport,20890,59000,Semiautomatico,05/2020,Diesel,110 kW (150 CV),"Privato,IT-00012 roma",Privato
BMW 118 118d Msport auto STUPENDA,https://www.autoscout24.it/annunci/bmw-118-118d-msport-auto-stupenda-diesel-bianco-cat_ma13mo18481-5d2ce1b5-6d9e-4f7f-9dd0-1243aad8a566,BMW,118,118d Msport auto STUPENDA,21000,138000,Automatico,03/2021,Diesel,110 kW (150 CV),Taddeo Claudio Automobili • IT-10042 Nichelino - Torino - To,Rivenditore
BMW 118 118i Sport 140cv,https://www.autoscout24.it/annunci/bmw-118-118i-sport-140cv-benzina-cat_ma13mo18481-269dbb7c-719f-415e-8407-664ec975980e,BMW,118,118i Sport 140cv,20000,85000,Manuale,08/2020,Benzina,103 kW (140 CV),"Privato,IT-05015 Fabro",Privato
BMW 118 118i Advantage business 5p auto,https://www.autoscout24.it/annunci/bmw-118-118i-advantage-business-5p-auto-benzina-cat_ma13mo18481-4c731ba6-aec5-4485-9178-90e0c02badba,BMW,118,118i Advantage business 5p auto,20000,34000,Automatico,04/2022,Benzina,100 kW (136 CV),"Privato,IT-10127 torino",Privato
BMW 118 i Msport auto,https://www.autoscout24.it/annunci/bmw-118-i-msport-auto-benzina-cat_ma13mo18481-9ad4d2ac-a0d4-478a-9a45-090b0746def5,BMW,118,i Msport auto,21000,76342,Automatico,07/2021,Benzina,103 kW (140 CV),BYmyCAR Milano • IT-20097 San Donato Milanese - Milano - MI,Rivenditore
BMW 116 BMW 116D 1.5 BUSINESS ADVANTAGE 116 CV - CRUISE CO,https://www.autoscout24.it/annunci/bmw-116-bmw-116d-1-5-business-advantage-116-cv-cruise-co-diesel-bianco-cat_ma13mo18480-226cf1df-792b-4cc3-8d2b-dea17373433f,BMW,116,BMW 116D 1.5 BUSINESS ADVANTAGE 116 CV - CRUISE CO,20999,40000,Manuale,02/2023,Diesel,85 kW (116 CV),Cisauto Group • IT-42041 Brescello - Reggio Emilia -  RE,Rivenditore
BMW 116 116d Aut. M Sport,https://www.autoscout24.it/annunci/bmw-116-116d-aut-m-sport-diesel-cat_ma13mo18480-3341fd1c-7768-4944-84f6-230980beaca3,BMW,116,116d Aut. M Sport,21000,82000,Automatico,01/2020,Diesel,85 kW (116 CV),"Privato,IT-21029 Vergiate",Privato
BMW 118 Serie 1  118d Msport auto,https://www.autoscout24.it/annunci/bmw-118-serie-1-118d-msport-auto-diesel-rosso-cat_ma13mo18481-4aaffb00-0308-4c84-94c2-bd3bce2dc49e,BMW,118,Serie 1  118d Msport auto,20400,100000,Automatico,06/2022,Diesel,110 kW (150 CV),LB Motors srl • IT-20900 Monza - MB,Rivenditore
BMW 118 i 5p. M sport aut virtual/shadow/garanzia,https://www.autoscout24.it/annunci/bmw-118-i-5p-m-sport-aut-virtual-shadow-garanzia-benzina-grigio-cat_ma13mo18481-753a079a-ceda-4f57-bbfc-7634eeb62e4e,BMW,118,i 5p. M sport aut virtual/shadow/garanzia,20600,60743,Automatico,12/2021,Benzina,100 kW (136 CV),KLM Auto Srl • IT-00178 Roma RM,Rivenditore
BMW 118 Serie 1 F40 118d Msport,https://www.autoscout24.it/annunci/bmw-118-serie-1-f40-118d-msport-diesel-grigio-cat_ma13mo18481-f3f663d0-e837-4883-9206-f35b4a05d2e3,BMW,118,Serie 1 F40 118d Msport,20500,64000,Manuale,02/2020,Diesel,110 kW (150 CV),"Privato,IT-16011 Arenzano",Privato
BMW 120 120d xdrive Msport 5p auto,https://www.autoscout24.it/annunci/bmw-120-120d-xdrive-msport-5p-auto-diesel-cat_ma13mo18482-98670132-1838-41de-9f2f-4f6298d3025c,BMW,120,120d xdrive Msport 5p auto,20000,140000,Automatico,11/2020,Diesel,140 kW (190 CV),"Privato,IT-70017 Putignano",Privato
BMW 118 d Msport auto,https://www.autoscout24.it/annunci/bmw-118-d-msport-auto-diesel-blu-azzurro-cat_ma13mo18481-87646a53-b0d9-4908-8b46-937ed5f92133,BMW,118,d Msport auto,21000,50449,Automatico,10/2021,Diesel,110 kW (150 CV),BYmyCAR Milano • IT-20097 San Donato Milanese - Milano - MI,Rivenditore
BMW 116 116d Msport auto,https://www.autoscout24.it/annunci/bmw-116-116d-msport-auto-diesel-argento-cat_ma13mo18480-707275cd-b1ab-431e-8294-2a5624a3c19d,BMW,116,116d Msport auto,21000,59000,Semiautomatico,06/2020,Diesel,85 kW (116 CV),"Privato,IT-05018 orvieto",Privato
BMW 120 Serie 1  120d xdrive Msport auto,https://www.autoscout24.it/annunci/bmw-120-serie-1-120d-xdrive-msport-auto-diesel-grigio-cat_ma13mo18482-b724294d-790a-49a0-a135-254736b9c62d,BMW,120,Serie 1  120d xdrive Msport auto,20300,129000,Automatico,01/2020,Diesel,140 kW (190 CV),Monicar Srl - vendita & assistenza dal 1985 • IT-21030 Marchirolo - Varese - Va,Rivenditore
BMW 116 Serie 1 F40 116i Advantage auto,https://www.autoscout24.it/annunci/bmw-116-serie-1-f40-116i-advantage-auto-benzina-nero-cat_ma13mo18480-3e3a1f03-b522-439d-bde1-7181da0759ee,BMW,116,Serie 1 F40 116i Advantage auto,20800,42700,Automatico,02/2024,Benzina,80 kW (109 CV),Boselli Auto • IT-01100 Viterbo -  VT,Rivenditore
BMW 118 118i M Sport,https://www.autoscout24.it/annunci/bmw-118-118i-m-sport-benzina-grigio-cat_ma13mo18481-22099d8c-ac7b-44b2-8b52-48fc47c83505,BMW,118,118i M Sport,20500,52655,Automatico,12/2020,Benzina,103 kW (140 CV),"Privato,IT-90146 Palermo",Privato
BMW 116 Serie 1 F40 116d Msport auto,https://www.autoscout24.it/annunci/bmw-116-serie-1-f40-116d-msport-auto-diesel-grigio-cat_ma13mo18480-e88e1cf6-76ef-4cf9-8c1a-4e356a96047b,BMW,116,Serie 1 F40 116d Msport auto,20000,95000,Automatico,09/2021,Diesel,85 kW (116 CV),"Privato,IT-84128 Salerno",Privato
BMW 116 116d MSport,https://www.autoscout24.it/annunci/bmw-116-116d-msport-diesel-bianco-cat_ma13mo18480-c952075c-18df-4095-8127-3faf1b797b4b,BMW,116,116d MSport,20950,51088,Automatico,08/2021,Diesel,85 kW (116 CV),Stellantis &You Roma • IT-00148 Roma,Rivenditore
BMW 118 118i Advantage 5p auto,https://www.autoscout24.it/annunci/bmw-118-118i-advantage-5p-auto-benzina-cat_ma13mo18481-3a116c0b-b8aa-436b-8991-5aefa6a6d97d,BMW,118,118i Advantage 5p auto,20000,72000,Automatico,07/2021,Benzina,100 kW (136 CV),"Privato,IT-47842 San Giovanni in Marignano",Privato
BMW 116 Serie 1 F40 116i Msport auto,https://www.autoscout24.it/annunci/bmw-116-serie-1-f40-116i-msport-auto-benzina-nero-cat_ma13mo18480-131174e0-d5af-4cd0-a65d-7b06c50ab44a,BMW,116,Serie 1 F40 116i Msport auto,20450,47000,Automatico,04/2022,Benzina,80 kW (109 CV),Project911 sas di Marco Ponzetto • IT-28015 Cureggio - Novara - NO,Rivenditore
BMW 116 116d Advantage 5p,https://www.autoscout24.it/annunci/bmw-116-116d-advantage-5p-diesel-cat_ma13mo18480-6d79f3ba-1269-490c-8a1e-90cb4b5ea377,BMW,116,116d Advantage 5p,20400,93,Manuale,07/2020,Diesel,85 kW (116 CV),"Privato,IT-52100 Arezzo",Privato
BMW 118 118d Msport auto KM CERTIFICATI CASA MADRE,https://www.autoscout24.it/annunci/bmw-118-118d-msport-auto-km-certificati-casa-madre-diesel-bianco-cat_ma13mo18481-3a266aa6-11b1-4d90-a247-3f72f1a9aec2,BMW,118,118d Msport auto KM CERTIFICATI CASA MADRE,20900,90000,Automatico,02/2021,Diesel,110 kW (150 CV),Reauto srl • IT-24057 Martinengo - Bergamo - BG,Rivenditore
BMW 116 Serie 1 F40 116d Msport auto,https://www.autoscout24.it/annunci/bmw-116-serie-1-f40-116d-msport-auto-diesel-blu-azzurro-cat_ma13mo18480-ade987b6-2c29-43cf-ab2b-dbdcb97bcd48,BMW,116,Serie 1 F40 116d Msport auto,20900,75000,Semiautomatico,06/2021,Diesel,85 kW (116 CV),Rb Group Srls • IT-03023 Ceccano - Frosinone - Fr,Rivenditore
BMW 116 Serie 1 F40 116i Msport Exterior auto,https://www.autoscout24.it/annunci/bmw-116-serie-1-f40-116i-msport-exterior-auto-benzina-nero-cat_ma13mo18480-dd0a3929-5b6b-49a0-81fb-4ee17edbe07f,BMW,116,Serie 1 F40 116i Msport Exterior auto,20500,62000,Automatico,04/2022,Benzina,80 kW (109 CV),Car Leo • IT-20146 Milano-MI,Rivenditore
BMW 116 116d Msport auto,https://www.autoscout24.it/annunci/bmw-116-116d-msport-auto-diesel-nero-cat_ma13mo18480-9461a2f5-8fab-4932-be4f-1b94d99266ae,BMW,116,116d Msport auto,20300,110000,Semiautomatico,02/2020,Diesel,85 kW (116 CV),"Privato,IT-46100 Mantova",Privato
BMW 118 N/A,https://www.autoscout24.it/annunci/bmw-118-diesel-cat_ma13mo18481-a51de829-a193-42cf-8a67-68c848a4d8c5,BMW,118,N/A,20500,86000,Semiautomatico,07/2021,Diesel,110 kW (150 CV),"Privato,IT-72021 Francavilla Fontana",Privato
BMW 116 Serie 1 F40 116d Msport auto,https://www.autoscout24.it/annunci/bmw-116-serie-1-f40-116d-msport-auto-diesel-blu-azzurro-cat_ma13mo18480-d6adb2f1-58f4-45e7-bbd8-1d4dca8ab0ce,BMW,116,Serie 1 F40 116d Msport auto,20250,112000,Automatico,05/2022,Diesel,85 kW (116 CV),"Privato,IT-40052 Baricella",Privato
BMW 116 Serie 1 F40 116d Msport auto,https://www.autoscout24.it/annunci/bmw-116-serie-1-f40-116d-msport-auto-diesel-nero-cat_ma13mo18480-62d3420b-18c2-47bf-a33d-a41206c7ef00,BMW,116,Serie 1 F40 116d Msport auto,20500,99500,Semiautomatico,03/2021,Diesel,85 kW (116 CV),"Privato,IT-22100 Como",Privato
BMW 118 Serie 1 F40 118d Business Advantage auto,https://www.autoscout24.it/annunci/bmw-118-serie-1-f40-118d-business-advantage-auto-diesel-grigio-cat_ma13mo18481-8a9fb66c-4192-4c01-b0e0-6aa3da2cbc76,BMW,118,Serie 1 F40 118d Business Advantage auto,20900,75000,Automatico,11/2021,Diesel,110 kW (150 CV),Car Village Srls • IT-00177 Roma - RM,Rivenditore
BMW 116 d 5p. Msport,https://www.autoscout24.it/annunci/bmw-116-d-5p-msport-diesel-bianco-cat_ma13mo18480-4fc4e5b2-ed6c-48cd-9f94-37ede61bb419,BMW,116,d 5p. Msport,20900,113808,Manuale,01/2024,Diesel,85 kW (116 CV),Gruppo Fimauto Autogemelli • IT-36100 Vicenza - Vi,Rivenditore
BMW 116 Serie 1 F40 116d Msport auto,https://www.autoscout24.it/annunci/bmw-116-serie-1-f40-116d-msport-auto-diesel-cat_ma13mo18480-ea6ad06f-d814-43a4-9b81-5aa25a9c01fe,BMW,116,Serie 1 F40 116d Msport auto,20000,100000,Semiautomatico,12/2020,Diesel,85 kW (116 CV),"Privato,IT-50145 Firenze",Privato
BMW 118 118d 5p. Sport PREZZO REALE,https://www.autoscout24.it/annunci/bmw-118-118d-5p-sport-prezzo-reale-diesel-blu-azzurro-cat_ma13mo18481-b7e178cd-4a9f-4460-b50c-52a4fcfba0b0,BMW,118,118d 5p. Sport PREZZO REALE,20500,79000,Automatico,10/2022,Diesel,110 kW (150 CV),SF Motors srl • IT-15121 Alessandria - Al,Rivenditore
BMW 118 M SPORT FULL LED SENS PARK DOPPI APPLE CAR PLAY NAVY VCRUISE CONTROL SEDILI RISCALDATI VETTURA IN CONTO VENDITA,https://www.autoscout24.it/annunci/bmw-118-m-sport-full-led-sens-park-doppi-apple-car-play-navy-vcruise-control-sedili-riscaldati-vettura-in-conto-vendita-benzina-nero-cat_ma13mo18481-5f59e64d-4aa4-4397-9dad-8140bb18a2e7,BMW,118,M SPORT FULL LED SENS PARK DOPPI APPLE CAR PLAY NAVY VCRUISE CONTROL SEDILI RISCALDATI VETTURA IN CONTO VENDITA,20200,31500,Manuale,06/2020,Benzina,103 kW (140 CV),Auto Ferrario srl • IT-21024 Biandronno - Varese - VA,Rivenditore
BMW 116 116d Business Advantage automatica - Garanzia BMW attiva,https://www.autoscout24.it/annunci/bmw-116-116d-business-advantage-automatica-garanzia-bmw-attiva-diesel-nero-cat_ma13mo18480-3431593c-6e33-425a-ab90-33cdd9441f27,BMW,116,116d Business Advantage automatica - Garanzia BMW attiva,20500,57645,Automatico,09/2023,Diesel,85 kW (116 CV),"Privato,IT-80059 Torre del Greco",Privato
BMW 116 116d Msport auto,https://www.autoscout24.it/annunci/bmw-116-116d-msport-auto-diesel-cat_ma13mo18480-beb7a31b-54d6-4119-a672-fd21fdbf4458,BMW,116,116d Msport auto,20000,125000,Semiautomatico,02/2020,Diesel,85 kW (116 CV),"Privato,IT-25024 Leno",Privato
BMW 116 116d Msport auto,https://www.autoscout24.it/annunci/bmw-116-116d-msport-auto-diesel-cat_ma13mo18480-e3481997-5461-487b-8833-9b0f581c8ca8,BMW,116,116d Msport auto,20000,99000,Semiautomatico,11/2021,Diesel,85 kW (116 CV),"Privato,IT-93012 Gela",Privato
BMW 116 116d Msport auto,https://www.autoscout24.it/annunci/bmw-116-116d-msport-auto-diesel-bianco-cat_ma13mo18480-21e91753-91ec-41e6-86f5-c53b0f62486b,BMW,116,116d Msport auto,20400,86374,Automatico,01/2021,Diesel,85 kW (116 CV),Autolet Srl • IT-51031 Agliana - Pistoia,Rivenditore
BMW 116 116i 5p. Msport Exterior,https://www.autoscout24.it/annunci/bmw-116-116i-5p-msport-exterior-benzina-nero-cat_ma13mo18480-3df392c3-d5d2-43f4-933e-0a551a612bbd,BMW,116,116i 5p. Msport Exterior,20200,85000,Automatico,05/2022,Benzina,80 kW (109 CV),Automobili Fabbri Davide • IT-61032 Fano - Pesaro Urbino - Pu,Rivenditore
BMW 116 116d Msport auto,https://www.autoscout24.it/annunci/bmw-116-116d-msport-auto-diesel-blu-azzurro-cat_ma13mo18480-4fae7cba-b3c2-4230-8914-674776bc66a9,BMW,116,116d Msport auto,20500,73297,Automatico,11/2022,Diesel,85 kW (116 CV),Ambrosi Spa • IT-06073 Corciano - Perugia - Pg,Rivenditore
BMW 118 118d Msport auto,https://www.autoscout24.it/annunci/bmw-118-118d-msport-auto-diesel-cat_ma13mo18481-7a82f3b3-a7bb-4ffa-8976-1eacbdca869f,BMW,118,118d Msport auto,20800,125800,Semiautomatico,02/2020,Diesel,110 kW (150 CV),"Privato,IT-97013 comiso",Privato
BMW 118 BMW 118i 136 CV AUTOMATICA – 01/2021 – 71.000 KM –,https://www.autoscout24.it/annunci/bmw-118-bmw-118i-136-cv-automatica-01-2021-71-000-km-benzina-cat_ma13mo18481-c749bdae-8a4a-43c5-83b0-84875fa8b333,BMW,118,BMW 118i 136 CV AUTOMATICA – 01/2021 – 71.000 KM –,20000,71241,Automatico,01/2021,Benzina,100 kW (136 CV),"Privato,IT-37124 Verona",Privato
BMW 116 116d Msport auto,https://www.autoscout24.it/annunci/bmw-116-116d-msport-auto-diesel-cat_ma13mo18480-eba88929-bae7-4652-881c-92432b7274d0,BMW,116,116d Msport auto,20000,138000,Semiautomatico,01/2021,Diesel,85 kW (116 CV),"Privato,IT-70129 Bari",Privato
BMW 120 120i Business Advantage auto PROMO FINANZIAMENTO,https://www.autoscout24.it/annunci/bmw-120-120i-business-advantage-auto-promo-finanziamento-benzina-blu-azzurro-cat_ma13mo18482-6adccd78-f046-46f7-87fb-3ca716acc57c,BMW,120,120i Business Advantage auto PROMO FINANZIAMENTO,20900,59400,Automatico,09/2021,Benzina,131 kW (178 CV),Idea Auto 860 Srl • IT-00148 Roma - Rm,Rivenditore
BMW 118 Serie 1 F40 118d Business Advantage,https://www.autoscout24.it/annunci/bmw-118-serie-1-f40-118d-business-advantage-diesel-cat_ma13mo18481-9527d78c-fb54-4916-856d-b53c52fbb732,BMW,118,Serie 1 F40 118d Business Advantage,20500,70000,Manuale,02/2021,Diesel,110 kW (150 CV),"Privato,IT-81037 Sessa Aurunca",Privato
BMW 116 116d Business Advantage auto,https://www.autoscout24.it/annunci/bmw-116-116d-business-advantage-auto-diesel-grigio-cat_ma13mo18480-f8256e28-7590-4363-85ee-89a49cb58872,BMW,116,116d Business Advantage auto,20900,33000,Automatico,05/2021,Diesel,85 kW (116 CV),"Privato,IT-00125 Roma",Privato
BMW 118 118d Luxury auto,https://www.autoscout24.it/annunci/bmw-118-118d-luxury-auto-diesel-cat_ma13mo18481-280a52fd-8dd0-4bc9-b77e-ca73626d7040,BMW,118,118d Luxury auto,21000,68000,Semiautomatico,11/2020,Diesel,110 kW (150 CV),"Privato,IT-70127 Bari",Privato
BMW 116 d 5p. Business Advantage,https://www.autoscout24.it/annunci/bmw-116-d-5p-business-advantage-diesel-nero-cat_ma13mo18480-312584e1-d645-461c-b0df-22f3301fbd41,BMW,116,d 5p. Business Advantage,20900,54950,Automatico,04/2021,Diesel,85 kW (116 CV),Lepore Commerciale Srl • IT-33013 Gemona del Friuli - Udine - Ud,Rivenditore
BMW 116 Serie 1 F40 116d M-sport Exterior Autom.,https://www.autoscout24.it/annunci/bmw-116-serie-1-f40-116d-m-sport-exterior-autom-diesel-bianco-cat_ma13mo18480-47aae2c4-ac06-42cb-8220-2969f068f7b2,BMW,116,Serie 1 F40 116d M-sport Exterior Autom.,20900,79000,Semiautomatico,10/2022,Diesel,85 kW (116 CV),Cs Auto Di Chiappin Stefano • IT-36010 Cogollo del Cengio - Vicenza - VI,Rivenditore
BMW 120 d xDrive 5p. Business  4x4 senza obligo di finanzi,https://www.autoscout24.it/annunci/bmw-120-d-xdrive-5p-business-4x4-senza-obligo-di-finanzi-diesel-bianco-cat_ma13mo18482-7bdde5c7-e9c9-482a-ad07-6c520d93165f,BMW,120,d xDrive 5p. Business  4x4 senza obligo di finanzi,20499,109000,Automatico,02/2023,Diesel,140 kW (190 CV),Ciancio Buy Car • IT-25062 Concesio - Brescia,Rivenditore
BMW 116 116d Advantage,https://www.autoscout24.it/annunci/bmw-116-116d-advantage-diesel-nero-cat_ma13mo18480-522e46d3-00eb-44e9-900a-b25a558f3102,BMW,116,116d Advantage,20910,55206,Automatico,01/2021,Diesel,85 kW (116 CV),Autoclub Center • IT-41123 Modena - MO,Rivenditore
BMW 116 116d Msport auto,https://www.autoscout24.it/annunci/bmw-116-116d-msport-auto-diesel-cat_ma13mo18480-39824edf-7ba6-42db-a1e7-3a9be4ab775a,BMW,116,116d Msport auto,20000,105800,Semiautomatico,01/2021,Diesel,85 kW (116 CV),"Privato,IT-20072 Pieve Emanuele",Privato
BMW 118 118d Luxury auto,https://www.autoscout24.it/annunci/bmw-118-118d-luxury-auto-diesel-cat_ma13mo18481-931bb66e-0b7c-49bd-97c5-08a3f62c8d1c,BMW,118,118d Luxury auto,20000,89000,Semiautomatico,07/2020,Diesel,110 kW (150 CV),"Privato,IT-53047 sarteano",Privato
BMW 116 Serie 1 F40 116d Business Advantage,https://www.autoscout24.it/annunci/bmw-116-serie-1-f40-116d-business-advantage-diesel-nero-cat_ma13mo18480-3b19215b-ea52-41e4-9b4c-996e670a0f93,BMW,116,Serie 1 F40 116d Business Advantage,21000,57280,Manuale,03/2021,Diesel,85 kW (116 CV),"Privato,IT-71015 San Nicandro Garganico",Privato
BMW 118 i Msport 136cv Tetto Ap. Panoramico,https://www.autoscout24.it/annunci/bmw-118-i-msport-136cv-tetto-ap-panoramico-benzina-nero-cat_ma13mo18481-d768803b-b486-474f-9286-82a8cf8e211b,BMW,118,i Msport 136cv Tetto Ap. Panoramico,20900,85600,Manuale,02/2022,Benzina,100 kW (136 CV),Farina Motors Srl • IT-20060 Liscate - Milano,Rivenditore
BMW 116 116i Business Advantage auto,https://www.autoscout24.it/annunci/bmw-116-116i-business-advantage-auto-benzina-nero-cat_ma13mo18480-4718c3f1-c87f-4933-bd89-b5dfcc539d36,BMW,116,116i Business Advantage auto,20900,40369,Automatico,04/2023,Benzina,80 kW (109 CV),G.Villa Srl • IT-20900 Monza - Monza  Brianza - Mb,Rivenditore
BMW 118 i 5p. M sport aut f40 + altre in sede,https://www.autoscout24.it/annunci/bmw-118-i-5p-m-sport-aut-f40-+-altre-in-sede-benzina-grigio-cat_ma13mo18481-c8a023b8-49d1-4033-97ec-de3e00f51d59,BMW,118,i 5p. M sport aut f40 + altre in sede,20300,95000,Automatico,10/2020,Benzina,100 kW (136 CV),KLM Auto Srl • IT-00178 Roma RM,Rivenditore
BMW 116 116i Aut. M Sport,https://www.autoscout24.it/annunci/bmw-116-116i-aut-m-sport-benzina-cat_ma13mo18480-8a9c2810-ecb0-4a73-8054-113c4d6b2b65,BMW,116,116i Aut. M Sport,21000,85000,Automatico,02/2021,Benzina,80 kW (109 CV),"Privato,IT-48121 Ravenna",Privato
BMW 118 SERIE 1 - 118D M-SPORT 150 CV,https://www.autoscout24.it/annunci/bmw-118-serie-1-118d-m-sport-150-cv-diesel-nero-cat_ma13mo18481-da6e7270-7f59-49cf-9c14-49071d3c11fe,BMW,118,SERIE 1 - 118D M-SPORT 150 CV,20900,91113,Automatico,12/2020,Diesel,110 kW (150 CV),Autofrancia • IT-10142 Torino - To,Rivenditore
BMW 118 Garanzia Ufficiale 2028 - Tagliandi BMW - 118d,https://www.autoscout24.it/annunci/bmw-118-garanzia-ufficiale-2028-tagliandi-bmw-118d-diesel-cat_ma13mo18481-b2ff9114-6b0d-447d-85e9-a5981045e40c,BMW,118,Garanzia Ufficiale 2028 - Tagliandi BMW - 118d,21000,171000,Automatico,01/2020,Diesel,110 kW (150 CV),"Privato,IT-35028 piove di sacco",Privato
BMW 118 118d Msport auto,https://www.autoscout24.it/annunci/bmw-118-118d-msport-auto-diesel-cat_ma13mo18481-65653197-7fae-419b-983b-259007f37e7c,BMW,118,118d Msport auto,21000,123000,Semiautomatico,05/2021,Diesel,110 kW (150 CV),"Privato,IT-58100 Grosseto",Privato
"BMW 118 i Msport 140cv auto shadow line 17"" 2020 vari colori",https://www.autoscout24.it/annunci/bmw-118-i-msport-140cv-auto-shadow-line-17-2020-vari-colori-benzina-nero-cat_ma13mo18481-a585d8aa-02a6-4142-ad03-464b070e07d7,BMW,118,"i Msport 140cv auto shadow line 17"" 2020 vari colori",20990,62300,Automatico,08/2020,Benzina,103 kW (140 CV),AR Motor srls • IT-00077 Montecompatri - Roma - RM,Rivenditore
BMW 116 116d Msport auto,https://www.autoscout24.it/annunci/bmw-116-116d-msport-auto-diesel-cat_ma13mo18480-e7e25612-58b9-4b03-935f-52304297519c,BMW,116,116d Msport auto,20000,105000,Semiautomatico,04/2021,Diesel,85 kW (116 CV),"Privato,IT-98142 Messina",Privato
BMW 116 116d Msport auto,https://www.autoscout24.it/annunci/bmw-116-116d-msport-auto-diesel-cat_ma13mo18480-b6494ac5-e020-43ee-a0a1-a64495bcfad4,BMW,116,116d Msport auto,20990,113000,Semiautomatico,01/2020,Diesel,85 kW (116 CV),"Privato,IT-40015 Galliera",Privato
BMW 118 118i Business Advantage 136cv,https://www.autoscout24.it/annunci/bmw-118-118i-business-advantage-136cv-benzina-cat_ma13mo18481-30e1d4b1-2254-46c8-9f3a-8a4cc32f36ba,BMW,118,118i Business Advantage 136cv,20800,71000,Manuale,12/2021,Benzina,100 kW (136 CV),"Privato,IT-21010 Cardano al Campo",Privato
BMW 116 d 1.5 116CV Business Advantage auto,https://www.autoscout24.it/annunci/bmw-116-d-1-5-116cv-business-advantage-auto-diesel-grigio-cat_ma13mo18480-2d4d9dad-ceef-4c41-90ff-259e61c165bc,BMW,116,d 1.5 116CV Business Advantage auto,20500,56652,Automatico,05/2023,Diesel,85 kW (116 CV),Rattix Srl - Ratti Auto • IT-35010 San Giorgio in bosco -  Padova,Rivenditore
BMW 118 118i  5p business advantage,https://www.autoscout24.it/annunci/bmw-118-118i-5p-business-advantage-benzina-grigio-cat_ma13mo18481-e96d36f0-6d7b-4152-a67f-00cf210711be,BMW,118,118i  5p business advantage,20500,86000,Manuale,03/2020,Benzina,100 kW (136 CV),"Privato,IT-06122 Perugia",Privato
BMW 116 Serie 1 F40116i Msport auto,https://www.autoscout24.it/annunci/bmw-116-serie-1-f40116i-msport-auto-benzina-bianco-cat_ma13mo18480-1c018f80-d230-4af7-bc1c-792a2e58381b,BMW,116,Serie 1 F40116i Msport auto,20500,110000,Semiautomatico,11/2020,Benzina,80 kW (109 CV),"Privato,IT-47121 Forlì",Privato
BMW 118 118d Msport Exterior auto,https://www.autoscout24.it/annunci/bmw-118-118d-msport-exterior-auto-diesel-cat_ma13mo18481-ceb12c53-766d-4450-8ea5-bc2a5c299573,BMW,118,118d Msport Exterior auto,21000,108000,Semiautomatico,07/2021,Diesel,110 kW (150 CV),"Privato,IT-50053 Empoli",Privato
BMW 116 i Advantage UNIPRO' TAGLIANDI BMW *PREZZO VERO*AUTOMATICA,https://www.autoscout24.it/annunci/bmw-116-i-advantage-unipro-tagliandi-bmw-prezzo-vero-automatica-benzina-cat_ma13mo18480-10f89a8f-0ec2-4ada-9aae-35001c3f1e87,BMW,116,i Advantage UNIPRO' TAGLIANDI BMW *PREZZO VERO*AUTOMATICA,20900,33000,Automatico,05/2023,Benzina,80 kW (109 CV),Red Cars Srl • IT-00043 Ciampino -  Roma,Rivenditore
BMW 116 116d Advantage auto,https://www.autoscout24.it/annunci/bmw-116-116d-advantage-auto-diesel-cat_ma13mo18480-b93375a9-44f3-4fdb-bedf-01a0f3683ab1,BMW,116,116d Advantage auto,20500,63500,Semiautomatico,01/2020,Diesel,85 kW (116 CV),"Privato,IT-42123 Reggio Emilia",Privato
BMW 116 Serie 1 F40 116d Sport,https://www.autoscout24.it/annunci/bmw-116-serie-1-f40-116d-sport-diesel-nero-cat_ma13mo18480-ca773d82-3763-4134-8cff-d9692e6c7607,BMW,116,Serie 1 F40 116d Sport,21000,82000,Manuale,04/2021,Diesel,85 kW (116 CV),"Privato,IT-02047 Poggio Mirteto",Privato
"BMW 118 i Msport 136cv Shadow line 2021 17""",https://www.autoscout24.it/annunci/bmw-118-i-msport-136cv-shadow-line-2021-17-benzina-nero-cat_ma13mo18481-2cc7019a-5a75-40e0-b728-15b906218aca,BMW,118,"i Msport 136cv Shadow line 2021 17""",20490,69900,Manuale,05/2021,Benzina,100 kW (136 CV),AR Motor srls • IT-00077 Montecompatri - Roma - RM,Rivenditore
BMW 116 Serie 1 F40 116d Business Advantage auto - GD645TH,https://www.autoscout24.it/annunci/bmw-116-serie-1-f40-116d-business-advantage-auto-gd645th-diesel-grigio-cat_ma13mo18480-6f5fd315-f1d0-4f49-bd5d-fde4f723db15,BMW,116,Serie 1 F40 116d Business Advantage auto - GD645TH,20400,32000,Automatico,01/2021,Diesel,85 kW (116 CV),Mastercar Srl • IT-33031 Basiliano - Udine,Rivenditore
BMW 116 Serie 1 F40 116d Msport auto,https://www.autoscout24.it/annunci/bmw-116-serie-1-f40-116d-msport-auto-diesel-bianco-cat_ma13mo18480-3a5d2ea8-469d-4030-96ed-82aa98543a69,BMW,116,Serie 1 F40 116d Msport auto,21000,90000,Automatico,02/2023,Diesel,85 kW (116 CV),Deval Automotive srl • IT-70125 Bari - Ba,Rivenditore
BMW 118 Serie 1 F40 118i Msport 136cv auto,https://www.autoscout24.it/annunci/bmw-118-serie-1-f40-118i-msport-136cv-auto-benzina-grigio-cat_ma13mo18481-cc89167f-60d4-400b-a2be-d92593635259,BMW,118,Serie 1 F40 118i Msport 136cv auto,21000,110000,Automatico,11/2021,Benzina,100 kW (136 CV),Automobili Raso Srls • IT-20155 Milano - MI,Rivenditore
BMW 118 Serie 1 F40 118i Msport 140cv,https://www.autoscout24.it/annunci/bmw-118-serie-1-f40-118i-msport-140cv-benzina-nero-cat_ma13mo18481-4945238a-3d6c-49a8-8775-c9f6832ac493,BMW,118,Serie 1 F40 118i Msport 140cv,20900,122000,Semiautomatico,11/2020,Benzina,103 kW (140 CV),P & R di Giurea Alina • IT-16138 Genova - GE,Rivenditore
BMW 116 d 1.5 116CV Business Advantage auto,https://www.autoscout24.it/annunci/bmw-116-d-1-5-116cv-business-advantage-auto-diesel-grigio-cat_ma13mo18480-16f48c01-d09f-4cbf-ae1b-bbbbce82a68d,BMW,116,d 1.5 116CV Business Advantage auto,20500,56652,Automatico,05/2023,Diesel,85 kW (116 CV),Rattix Srl - Ratti Auto • IT-23890 Barzago - Lecco - Lc,Rivenditore
BMW 116 116d Business Advantage,https://www.autoscout24.it/annunci/bmw-116-116d-business-advantage-diesel-grigio-cat_ma13mo18480-4e9d755a-2743-4b74-9d3e-90aef72b61ce,BMW,116,116d Business Advantage,20900,90000,Manuale,05/2024,Diesel,85 kW (116 CV),Blu Car Group srl • IT-86170 Isernia - IS,Rivenditore
BMW 116 Serie 1 F40 116d Business Advantage,https://www.autoscout24.it/annunci/bmw-116-serie-1-f40-116d-business-advantage-diesel-bianco-cat_ma13mo18480-99ec0f30-9acf-4512-8f48-a4ffa0af143c,BMW,116,Serie 1 F40 116d Business Advantage,20900,49026,Manuale,01/2021,Diesel,85 kW (116 CV),Carlet Adriano Srl • IT-31020 San Vendemiano - Treviso - Tv,Rivenditore
BMW 116 116d  COLORVISION EDITION,https://www.autoscout24.it/annunci/bmw-116-116d-colorvision-edition-diesel-nero-cat_ma13mo18480-70fcce74-b1e1-4f3b-aa24-db616fc01007,BMW,116,116d  COLORVISION EDITION,20000,52500,Manuale,06/2020,Diesel,85 kW (116 CV),Max Car Store Srl • IT-43010 Ponte Taro - Parma - PR,Rivenditore
BMW 116 Serie 1 F40 116d Business Advantage auto,https://www.autoscout24.it/annunci/bmw-116-serie-1-f40-116d-business-advantage-auto-diesel-blu-azzurro-cat_ma13mo18480-e8eefd22-7a20-4197-b82f-f5d87635d3a1,BMW,116,Serie 1 F40 116d Business Advantage auto,20500,125000,Automatico,10/2022,Diesel,85 kW (116 CV),"Privato,IT-21040 Carnago",Privato
BMW 116 116d Luxury,https://www.autoscout24.it/annunci/bmw-116-116d-luxury-diesel-cat_ma13mo18480-d208c8fa-d262-460a-b979-cc278d44e832,BMW,116,116d Luxury,20000,92000,Manuale,03/2020,Diesel,85 kW (116 CV),"Privato,IT-04011 Aprilia",Privato
BMW 116 N/A,https://www.autoscout24.it/annunci/bmw-116-diesel-grigio-cat_ma13mo18480-63f19c1f-b89e-4987-b118-83963839e0d3,BMW,116,N/A,21000,51000,Manuale,12/2020,Diesel,85 kW (116 CV),"Privato,IT-26100 Cremona",Privato
BMW 118 Serie 1 F40 118i Luxury 140cv,https://www.autoscout24.it/annunci/bmw-118-serie-1-f40-118i-luxury-140cv-benzina-grigio-cat_ma13mo18481-a11be973-bf78-4515-a18d-e72f93722549,BMW,118,Serie 1 F40 118i Luxury 140cv,20900,90000,Manuale,04/2023,Benzina,103 kW (140 CV),"Privato,IT-10060 Airasca",Privato
BMW 118 118i 5p. Msport,https://www.autoscout24.it/annunci/bmw-118-118i-5p-msport-benzina-nero-cat_ma13mo18481-e8b8487c-7650-4e32-81c2-fcf738e90a37,BMW,118,118i 5p. Msport,20800,84900,Manuale,10/2020,Benzina,103 kW (140 CV),Elecar di Paoloni Carlo • IT-00133 Roma - Rm,Rivenditore
BMW 116 BMW 116D 115CV 6M. BUSINESS ADVANTAGE ( FARI LED -,https://www.autoscout24.it/annunci/bmw-116-bmw-116d-115cv-6m-business-advantage-fari-led-diesel-blu-azzurro-cat_ma13mo18480-d284a3f5-74d0-44d4-b3cd-25b338146691,BMW,116,BMW 116D 115CV 6M. BUSINESS ADVANTAGE ( FARI LED -,20850,48000,Manuale,07/2022,Diesel,85 kW (116 CV),Auto Genova Srl • IT-84131 Salerno - Sa,Rivenditore
BMW 116 116d Business Advantage,https://www.autoscout24.it/annunci/bmw-116-116d-business-advantage-diesel-cat_ma13mo18480-358121e0-e849-4fb4-8167-85785d998213,BMW,116,116d Business Advantage,20000,73500,Manuale,02/2020,Diesel,85 kW (116 CV),"Privato,IT-19038 Sarzana",Privato
BMW 118 Serie 1 F40 118d Msport auto,https://www.autoscout24.it/annunci/bmw-118-serie-1-f40-118d-msport-auto-diesel-grigio-cat_ma13mo18481-fb70ac2c-b6b7-4a29-adc0-0b86dd5d09de,BMW,118,Serie 1 F40 118d Msport auto,21000,125000,Automatico,01/2020,Diesel,110 kW (150 CV),"Privato,IT-92018 Santa Margherita di Belice",Privato
BMW 116 116d Msport auto,https://www.autoscout24.it/annunci/bmw-116-116d-msport-auto-diesel-grigio-cat_ma13mo18480-5ef6ed19-06fb-4f96-a253-3eab48037822,BMW,116,116d Msport auto,20800,100520,Automatico,01/2021,Diesel,85 kW (116 CV),Bonera spa • IT-25135 Brescia,Rivenditore
BMW 116 116d Business Advantage Auto,https://www.autoscout24.it/annunci/bmw-116-116d-business-advantage-auto-diesel-grigio-cat_ma13mo18480-03f4d7c9-e5a7-45b0-8cd8-b791618b8a10,BMW,116,116d Business Advantage Auto,20950,52566,Automatico,10/2022,Diesel,85 kW (116 CV),Torino Auto Spa • IT-10137 Torino - To,Rivenditore
BMW 118 i Msport  auto,https://www.autoscout24.it/annunci/bmw-118-i-msport-auto-benzina-grigio-cat_ma13mo18481-3c1f45ef-7416-4d7a-9d42-77e0021ccbec,BMW,118,i Msport  auto,20500,140000,Automatico,08/2023,Benzina,100 kW (136 CV),Farina Motors Srl • IT-20060 Liscate - Milano,Rivenditore
BMW 116 116d 5p. Msport,https://www.autoscout24.it/annunci/bmw-116-116d-5p-msport-diesel-bianco-cat_ma13mo18480-a4374f73-738d-44d9-9db9-530beea6e2a8,BMW,116,116d 5p. Msport,20500,140000,Automatico,05/2022,Diesel,85 kW (116 CV),Giovanni Apruzzi Automobili • IT-72018 San Michele Salentino - Brindisi,Rivenditore
BMW 116 116d Msport auto,https://www.autoscout24.it/annunci/bmw-116-116d-msport-auto-diesel-cat_ma13mo18480-02e321bd-717d-4605-8d4c-d6a90a47cad8,BMW,116,116d Msport auto,20000,120000,Semiautomatico,05/2021,Diesel,85 kW (116 CV),"Privato,IT-84016 Pagani",Privato
BMW 120 116d 5p. AUT. F40 AUTOM.,https://www.autoscout24.it/annunci/bmw-120-116d-5p-aut-f40-autom-diesel-nero-cat_ma13mo18482-9ec83c5a-a3eb-4f42-860c-91649f15fd61,BMW,120,116d 5p. AUT. F40 AUTOM.,20900,82868,Automatico,10/2021,Diesel,85 kW (116 CV),Autoesse Srl • IT-30029 Santo Stino Di Livenza - Venezia - Ve,Rivenditore
BMW 118 Limousine,https://www.autoscout24.it/annunci/bmw-118-limousine-benzina-cat_ma13mo18481-6085fbcb-4949-4c93-92d1-34a456ab6ac0,BMW,118,Limousine,21000,66000,Manuale,05/2020,Benzina,103 kW (140 CV),"Privato,IT-06059 Todi",Privato
BMW 118 118d Msport,https://www.autoscout24.it/annunci/bmw-118-118d-msport-diesel-bianco-cat_ma13mo18481-1f297b82-c35e-487d-b2b3-2c4a06c51acd,BMW,118,118d Msport,20500,120000,Manuale,09/2021,Diesel,110 kW (150 CV),"Privato,IT-63078 Spinetoli",Privato
BMW 116 116d Msport auto,https://www.autoscout24.it/annunci/bmw-116-116d-msport-auto-diesel-cat_ma13mo18480-34a97e2f-39dc-482d-8909-970de886b460,BMW,116,116d Msport auto,21000,99000,Semiautomatico,07/2021,Diesel,85 kW (116 CV),"Privato,IT-70025 Grumo Appula",Privato
BMW 118 118d Msport 5p auto,https://www.autoscout24.it/annunci/bmw-118-118d-msport-5p-auto-diesel-cat_ma13mo18481-c51fbb36-cc49-4796-99f1-98fcb639aac8,BMW,118,118d Msport 5p auto,21000,165000,Semiautomatico,02/2021,Diesel,110 kW (150 CV),"Privato,IT-24033 Calusco d'Adda",Privato
BMW 118 118d Msport,https://www.autoscout24.it/annunci/bmw-118-118d-msport-diesel-cat_ma13mo18481-576002ce-5102-41e2-817d-c547e760ac7d,BMW,118,118d Msport,20000,168000,Manuale,08/2020,Diesel,110 kW (150 CV),"Privato,IT-92020 San Giovanni Gemini",Privato
BMW 116 Serie 1 F40 116d Advantage auto,https://www.autoscout24.it/annunci/bmw-116-serie-1-f40-116d-advantage-auto-diesel-nero-cat_ma13mo18480-f98b100e-6704-45af-a491-ae042f614a0c,BMW,116,Serie 1 F40 116d Advantage auto,20900,47585,Semiautomatico,12/2020,Diesel,85 kW (116 CV),Targa e Mobility Srl • IT-10073 Ciriè - Torino - TO,Rivenditore
BMW 116 116d Msport auto,https://www.autoscout24.it/annunci/bmw-116-116d-msport-auto-diesel-cat_ma13mo18480-1f7ee215-8d48-4753-91b4-d6a7f74e7f38,BMW,116,116d Msport auto,20000,125000,Semiautomatico,11/2020,Diesel,85 kW (116 CV),"Privato,IT-28100 novara",Privato
BMW 118 118d Msport,https://www.autoscout24.it/annunci/bmw-118-118d-msport-diesel-grigio-cat_ma13mo18481-7456206b-5aa7-4448-894e-d179e958a457,BMW,118,118d Msport,20899,107726,Automatico,09/2020,Diesel,110 kW (150 CV),Autohero Italia Srl • IT-37135 Verona - VR,Rivenditore
BMW 116 116d Business Advantage automatica - Full Optional,https://www.autoscout24.it/annunci/bmw-116-116d-business-advantage-automatica-full-optional-diesel-bianco-cat_ma13mo18480-7deff0e3-730f-49af-a66a-5376b2de0b72,BMW,116,116d Business Advantage automatica - Full Optional,21000,79900,Semiautomatico,11/2022,Diesel,85 kW (116 CV),In & Out srls • IT-70017 Putignano - Bari - BA,Rivenditore
BMW 116 116d Advantage 5p auto,https://www.autoscout24.it/annunci/bmw-116-116d-advantage-5p-auto-diesel-cat_ma13mo18480-d041b379-b89e-43c5-b49c-a482b3f76d40,BMW,116,116d Advantage 5p auto,20500,120000,Semiautomatico,03/2021,Diesel,85 kW (116 CV),"Privato,IT-72100 Brindisi",Privato
BMW 118 118i Digital Edition 5p auto,https://www.autoscout24.it/annunci/bmw-118-118i-digital-edition-5p-auto-benzina-cat_ma13mo18481-62ab4d58-bdfd-42c8-890b-5f3f514b54bc,BMW,118,118i Digital Edition 5p auto,21000,58000,Automatico,03/2021,Benzina,100 kW (136 CV),"Privato,IT-87100 Cosenza",Privato
BMW 118 118d Msport 5p auto,https://www.autoscout24.it/annunci/bmw-118-118d-msport-5p-auto-diesel-nero-cat_ma13mo18481-aa7da4d2-710f-43bc-9f87-c0af430959c5,BMW,118,118d Msport 5p auto,21000,99000,Automatico,05/2020,Diesel,110 kW (150 CV),Autoservice Mb Srl • IT-23868 Valmadrera - Lecco - Lc,Rivenditore
BMW 116 Serie 1 F40 116d Msport auto,https://www.autoscout24.it/annunci/bmw-116-serie-1-f40-116d-msport-auto-diesel-blu-azzurro-cat_ma13mo18480-0ec95a32-46a1-42ce-a0fe-d8d6450530da,BMW,116,Serie 1 F40 116d Msport auto,20499,105000,Semiautomatico,01/2022,Diesel,85 kW (116 CV),W12 Automotive srl • IT-00156 Roma - RM,Rivenditore
BMW 118 118d Digital Edition 5p auto,https://www.autoscout24.it/annunci/bmw-118-118d-digital-edition-5p-auto-diesel-cat_ma13mo18481-fe16bfa7-041b-4a38-847d-4f5b985b81bb,BMW,118,118d Digital Edition 5p auto,20000,155000,Semiautomatico,07/2020,Diesel,110 kW (150 CV),"Privato,IT-95030 Mascalucia",Privato
BMW 116 d 5p. Advantage,https://www.autoscout24.it/annunci/bmw-116-d-5p-advantage-diesel-blu-azzurro-cat_ma13mo18480-9e95ae27-2dfa-474d-a537-0fbf35e2ac50,BMW,116,d 5p. Advantage,20490,60000,Manuale,07/2020,Diesel,85 kW (116 CV),Anzidei Auto Srl • IT-00138 Roma - Rm,Rivenditore
BMW 118 Serie 1 F40 118d Advantage auto NAVIGATORE SENSORI,https://www.autoscout24.it/annunci/bmw-118-serie-1-f40-118d-advantage-auto-navigatore-sensori-diesel-bianco-cat_ma13mo18481-eb1fcaf2-31e8-4748-ad3b-3c9378005a79,BMW,118,Serie 1 F40 118d Advantage auto NAVIGATORE SENSORI,20900,119163,Automatico,02/2023,Diesel,110 kW (150 CV),Apruzzi Auto Srl • IT-72018 San Michele Salentino - Brindisi - Br,Rivenditore
BMW 116 116d Business Advantage Cambio automatico,https://www.autoscout24.it/annunci/bmw-116-116d-business-advantage-cambio-automatico-diesel-nero-cat_ma13mo18480-aaa3991f-4cc0-4af8-b1a1-e6f753491055,BMW,116,116d Business Advantage Cambio automatico,20900,82200,Automatico,01/2022,Diesel,85 kW (116 CV),A27 Srl • IT-31020 Villorba - Treviso - Tv,Rivenditore
BMW 120 120d Msport auto,https://www.autoscout24.it/annunci/bmw-120-120d-msport-auto-diesel-grigio-cat_ma13mo18482-02d75f4b-54d5-4093-9b76-8c6de54ce7b5,BMW,120,120d Msport auto,20500,153000,Automatico,01/2021,Diesel,140 kW (190 CV),Torremotors srl • IT-71017 Torremaggiore - Foggia - FG,Rivenditore
BMW 118 118d Msport auto,https://www.autoscout24.it/annunci/bmw-118-118d-msport-auto-diesel-cat_ma13mo18481-24f1c1dc-ef67-4d75-b2c5-ee18a35a343f,BMW,118,118d Msport auto,21000,115000,Semiautomatico,09/2020,Diesel,110 kW (150 CV),"Privato,IT-37050 Palù",Privato
BMW 118 Serie 1 F40 118i Business Advantage 140cv,https://www.autoscout24.it/annunci/bmw-118-serie-1-f40-118i-business-advantage-140cv-benzina-nero-cat_ma13mo18481-d826e85f-d2c3-4066-b7fe-0f1024e37eb6,BMW,118,Serie 1 F40 118i Business Advantage 140cv,21000,80000,Manuale,05/2023,Benzina,103 kW (140 CV),Max Motors di Cortinovis Massimo • IT-24050 Zanica - Bergamo - Bg,Rivenditore
BMW 116 116d Business Advantage,https://www.autoscout24.it/annunci/bmw-116-116d-business-advantage-diesel-nero-cat_ma13mo18480-7b5b6e4a-0506-45e0-831e-b27fd98f1762,BMW,116,116d Business Advantage,20900,59500,Manuale,08/2021,Diesel,85 kW (116 CV),Federcar Multibrand by Chb Service Srl • IT-73100 Lecce - Le,Rivenditore
BMW 116 d Business Advantage auto,https://www.autoscout24.it/annunci/bmw-116-d-business-advantage-auto-diesel-grigio-cat_ma13mo18480-0904b220-1537-432d-99db-bd425674a680,BMW,116,d Business Advantage auto,20500,126446,Automatico,02/2023,Diesel,85 kW (116 CV),Autosile srl • IT-31020 Villorba - TV,Rivenditore
BMW 118 118d Msport,https://www.autoscout24.it/annunci/bmw-118-118d-msport-diesel-bianco-cat_ma13mo18481-878e40d1-3cee-4039-bff6-e7b49da0676d,BMW,118,118d Msport,20699,130420,Automatico,02/2023,Diesel,110 kW (150 CV),Autohero Italia srl • IT-40131 Bologna,Rivenditore
BMW 118 118d Msport,https://www.autoscout24.it/annunci/bmw-118-118d-msport-diesel-bianco-cat_ma13mo18481-053937d3-bc13-499b-964f-6797a88dd83e,BMW,118,118d Msport,20699,130420,Automatico,02/2023,Diesel,110 kW (150 CV),Autohero Italia Srl • IT-20155 Milano - Mi,Rivenditore
BMW 118 118d Msport,https://www.autoscout24.it/annunci/bmw-118-118d-msport-diesel-bianco-cat_ma13mo18481-8bd732d6-e1f2-49b7-a7c5-1950b7c69048,BMW,118,118d Msport,20699,130420,Automatico,02/2023,Diesel,110 kW (150 CV),Autohero Italia Srl - Torino • IT-10092 Beinasco - TO,Rivenditore
BMW 118 118d Business Advantage auto,https://www.autoscout24.it/annunci/bmw-118-118d-business-advantage-auto-diesel-cat_ma13mo18481-fdbf4123-cacb-4602-a343-c2cd91510ddd,BMW,118,118d Business Advantage auto,20999,99000,Semiautomatico,06/2020,Diesel,110 kW (150 CV),"Privato,IT-12040 Priocca",Privato
BMW 116 d 5p. Business Advantage,https://www.autoscout24.it/annunci/bmw-116-d-5p-business-advantage-diesel-nero-cat_ma13mo18480-89f877c2-6186-4a92-9961-ae7758b49fb6,BMW,116,d 5p. Business Advantage,20900,89600,Automatico,04/2023,Diesel,85 kW (116 CV),Novauto Spa • IT-09122 Cagliari - Ca,Rivenditore
BMW 116 Serie 1 F40 116d Advantage auto *APP *PDC,https://www.autoscout24.it/annunci/bmw-116-serie-1-f40-116d-advantage-auto-app-pdc-diesel-nero-cat_ma13mo18480-c300b8a2-eec4-44fc-bdc0-358b0b5813d4,BMW,116,Serie 1 F40 116d Advantage auto *APP *PDC,21000,86759,Automatico,06/2023,Diesel,85 kW (116 CV),Car Village Srls • IT-00177 Roma - RM,Rivenditore
BMW 116 116d Msport auto,https://www.autoscout24.it/annunci/bmw-116-116d-msport-auto-diesel-cat_ma13mo18480-0f8fd81b-64a9-4fb0-b33c-0cd3e183e52a,BMW,116,116d Msport auto,21000,122500,Semiautomatico,11/2020,Diesel,85 kW (116 CV),"Privato,IT-19037 Santo Stefano Di Magra",Privato
BMW 118 118d Msport,https://www.autoscout24.it/annunci/bmw-118-118d-msport-diesel-bianco-cat_ma13mo18481-7ce35e55-ddb9-40c5-b537-b3b1d69d1b02,BMW,118,118d Msport,20699,130420,Automatico,02/2023,Diesel,110 kW (150 CV),Autohero Italia Srl • IT-37135 Verona - VR,Rivenditore
BMW 118 118d Msport,https://www.autoscout24.it/annunci/bmw-118-118d-msport-diesel-bianco-cat_ma13mo18481-a6db4921-f247-4370-bf40-8e398fa90612,BMW,118,118d Msport,20699,130420,Automatico,02/2023,Diesel,110 kW (150 CV),Autohero Italia srl • IT-00169 Roma,Rivenditore
BMW 116 d Business Advantage,https://www.autoscout24.it/annunci/bmw-116-d-business-advantage-diesel-nero-cat_ma13mo18480-40f337f2-0f41-4492-847d-657d38143311,BMW,116,d Business Advantage,21000,71430,Manuale,05/2022,Diesel,85 kW (116 CV),Birindelli Auto Srl • IT-50059 Vinci - Firenze - Fi,Rivenditore
BMW 116 116d Advantage auto,https://www.autoscout24.it/annunci/bmw-116-116d-advantage-auto-diesel-grigio-cat_ma13mo18480-8ff71701-8548-4544-8db3-24947cd09329,BMW,116,116d Advantage auto,20900,86234,Automatico,11/2020,Diesel,85 kW (116 CV),Auto Logistica Europea Srl • IT-00168 Roma - RM,Rivenditore
BMW 116 116d Msport auto,https://www.autoscout24.it/annunci/bmw-116-116d-msport-auto-diesel-bianco-cat_ma13mo18480-df78522c-e6bd-4953-b374-18a6279d022e,BMW,116,116d Msport auto,21000,134000,Automatico,10/2021,Diesel,85 kW (116 CV),"Privato,IT-98066 Patti",Privato
BMW 118 118d Msport,https://www.autoscout24.it/annunci/bmw-118-118d-msport-diesel-bianco-cat_ma13mo18481-d5aaf0cc-bf36-42dd-8043-e486c7ec98a0,BMW,118,118d Msport,20699,130420,Automatico,02/2023,Diesel,110 kW (150 CV),AutoHero italia Srl • IT-07100 Sassari - SS,Rivenditore
BMW 118 118d Business Advantage auto,https://www.autoscout24.it/annunci/bmw-118-118d-business-advantage-auto-diesel-cat_ma13mo18481-ea17b099-8363-478e-b32e-a37198b0ad26,BMW,118,118d Business Advantage auto,20500,144000,Semiautomatico,09/2021,Diesel,110 kW (150 CV),"Privato,IT-76015 Trinitapoli",Privato
BMW 118 d Advantage Auto,https://www.autoscout24.it/annunci/bmw-118-d-advantage-auto-diesel-bianco-cat_ma13mo18481-44a972a5-5ce5-4c52-bb18-fdeb3124ec9a,BMW,118,d Advantage Auto,20900,86450,Automatico,03/2021,Diesel,110 kW (150 CV),Mixauto Srl • IT-04100 Borgo Piave - Latina - Lt,Rivenditore
BMW 116 Serie 1 F40 116d Msport auto,https://www.autoscout24.it/annunci/bmw-116-serie-1-f40-116d-msport-auto-diesel-nero-cat_ma13mo18480-a6c90e00-2281-46f8-b6e7-3374c9bf4170,BMW,116,Serie 1 F40 116d Msport auto,21000,139000,Automatico,04/2021,Diesel,85 kW (116 CV),"Privato,IT-72019 San Vito dei Normanni",Privato
BMW 118 118d 5p. Msport,https://www.autoscout24.it/annunci/bmw-118-118d-5p-msport-diesel-grigio-cat_ma13mo18481-0319d01e-8d2b-4a43-b2e1-55be98870ada,BMW,118,118d 5p. Msport,20890,59000,Automatico,05/2020,Diesel,110 kW (150 CV),Sgalippa Auto • IT-00013 Fonte Nuova - Roma - Rm,Rivenditore
BMW 118 Serie 1 F40 118i Msport 136cv auto,https://www.autoscout24.it/annunci/bmw-118-serie-1-f40-118i-msport-136cv-auto-benzina-nero-cat_ma13mo18481-0de4525f-f14f-453c-ab69-a6e428494134,BMW,118,Serie 1 F40 118i Msport 136cv auto,21900,94000,Automatico,12/2021,Benzina,100 kW (136 CV),Az Veicoli Group Srl • IT-24127 Bergamo - Bg,Rivenditore
BMW 118 i Sport Line LED NAVI VARI COLORI E ALLESTIMENTI,https://www.autoscout24.it/annunci/bmw-118-i-sport-line-led-navi-vari-colori-e-allestimenti-benzina-bianco-cat_ma13mo18481-c1d939e4-090e-4881-ab6d-56bec3fd5904,BMW,118,i Sport Line LED NAVI VARI COLORI E ALLESTIMENTI,21900,19500,Automatico,09/2023,Benzina,103 kW (140 CV),Race Car Srl • IT-37040 Z.a.i. - Verona - VR,Rivenditore
BMW 118 i Msport 140cv auto,https://www.autoscout24.it/annunci/bmw-118-i-msport-140cv-auto-benzina-blu-azzurro-cat_ma13mo18481-1d102c67-6ae7-47a8-9ff1-d7bd147d6121,BMW,118,i Msport 140cv auto,21499,78000,Automatico,05/2020,Benzina,103 kW (140 CV),Motorhaus Group Sas • IT-35030 Selvazzano Dentro - PD,Rivenditore
BMW 116 F40 5 Porte 116i,https://www.autoscout24.it/annunci/bmw-116-f40-5-porte-116i-benzina-cat_ma13mo18480-fa6e7741-ae44-46eb-9b9f-4ed153aa77c6,BMW,116,F40 5 Porte 116i,21900,21536,Manuale,12/2023,Benzina,80 kW (109 CV),Borrauto srl • IT-31015 Conegliano - TV,Rivenditore
BMW 118 d Msport auto,https://www.autoscout24.it/annunci/bmw-118-d-msport-auto-diesel-bianco-cat_ma13mo18481-84a187da-5b11-4402-9d5e-de963b9dbf77,BMW,118,d Msport auto,21999,67000,Automatico,05/2020,Diesel,110 kW (150 CV),Sm Auto Srl • IT-00030 Labico - RM,Rivenditore
BMW 118 F40 118d Business Advantage auto,https://www.autoscout24.it/annunci/bmw-118-f40-118d-business-advantage-auto-diesel-blu-azzurro-cat_ma13mo18481-379a85e8-c9ba-49f3-95df-0bf263fa480d,BMW,118,F40 118d Business Advantage auto,21990,45000,Automatico,03/2023,Diesel,110 kW (150 CV),G&R Motori Snc • IT-25045 Castegnato - Brescia - BS,Rivenditore
BMW 118 118 i 5p. Advantage,https://www.autoscout24.it/annunci/bmw-118-118-i-5p-advantage-benzina-bianco-cat_ma13mo18481-165a48aa-ea1f-4f39-992a-aa05209ad5a7,BMW,118,118 i 5p. Advantage,21900,17900,Manuale,01/2023,Benzina,103 kW (140 CV),Autosport Srl • IT-10040 Leini - Torino,Rivenditore
BMW 116 d Msport auto,https://www.autoscout24.it/annunci/bmw-116-d-msport-auto-diesel-blu-azzurro-cat_ma13mo18480-cd5527b9-8c06-444a-8d1e-a9ae77ecc439,BMW,116,d Msport auto,21800,67644,Automatico,08/2021,Diesel,85 kW (116 CV),Carteni spa • IT-26900 Lodi - Lo,Rivenditore
BMW 118 d F40 Msport auto TAGLIANDI BMW,https://www.autoscout24.it/annunci/bmw-118-d-f40-msport-auto-tagliandi-bmw-diesel-grigio-cat_ma13mo18481-40ff7871-f3f7-47ad-b78b-6eb415852687,BMW,118,d F40 Msport auto TAGLIANDI BMW,21900,119000,Automatico,02/2022,Diesel,110 kW (150 CV),AutoDoc di Simone D'Oca • IT-29121 Piacenza - PC,Rivenditore
BMW 118 BMW 118d 2.0 150 Cv. Business Advantage,https://www.autoscout24.it/annunci/bmw-118-bmw-118d-2-0-150-cv-business-advantage-diesel-nero-cat_ma13mo18481-502bf74b-4e6f-425d-a76c-f6799248520d,BMW,118,BMW 118d 2.0 150 Cv. Business Advantage,21900,72761,Semiautomatico,12/2023,Diesel,110 kW (150 CV),Delcar Automotive Di Ciardo Mario • IT-73031 Alessano - Lecce - LE,Rivenditore
BMW 118 d Advantage auto,https://www.autoscout24.it/annunci/bmw-118-d-advantage-auto-diesel-nero-cat_ma13mo18481-af7df97c-a4a7-4c54-8f52-07b63d414e69,BMW,118,d Advantage auto,21500,106965,Automatico,04/2022,Diesel,110 kW (150 CV),Cascioli Spa • IT-63074 San Benedetto Del Tronto - AscoliPiceno - Ap,Rivenditore
BMW 116 116d Msport auto TETTO/ LUCI/ LED,https://www.autoscout24.it/annunci/bmw-116-116d-msport-auto-tetto-luci-led-diesel-nero-cat_ma13mo18480-78c811a3-69b3-4cef-beb1-472dc2a2cee7,BMW,116,116d Msport auto TETTO/ LUCI/ LED,21890,127397,Semiautomatico,03/2021,Diesel,85 kW (116 CV),Esse Elle Auto Srl • IT-76123 Andria - Barletta - BT,Rivenditore
BMW 116 116d Msport auto,https://www.autoscout24.it/annunci/bmw-116-116d-msport-auto-diesel-bianco-cat_ma13mo18480-9314d198-8c7f-4259-835d-091ad93ad2b9,BMW,116,116d Msport auto,21500,146500,Automatico,12/2020,Diesel,85 kW (116 CV),A.D. Motor spa • IT-06129 Perugia - Pg,Rivenditore
BMW 116 F40 Diesel 116d Sport auto,https://www.autoscout24.it/annunci/bmw-116-f40-diesel-116d-sport-auto-diesel-nero-cat_ma13mo18480-e85dfdd0-afa8-4a3e-916b-940b3df03aa2,BMW,116,F40 Diesel 116d Sport auto,21800,53850,Automatico,09/2020,Diesel,85 kW (116 CV),Stile Spa • IT-61100 Pesaro - Pu,Rivenditore
BMW 116 Serie 1 F40 116d Msport M Sport auto WRC AUTO SRL,https://www.autoscout24.it/annunci/bmw-116-serie-1-f40-116d-msport-m-sport-auto-wrc-auto-srl-diesel-grigio-cat_ma13mo18480-fa211e2f-8a1b-4802-b768-ec237bc273e7,BMW,116,Serie 1 F40 116d Msport M Sport auto WRC AUTO SRL,21500,32000,Semiautomatico,02/2021,Diesel,85 kW (116 CV),Wrc Auto Srl • IT-22070 Bulgarograsso,Rivenditore
BMW 116 116d Advantage,https://www.autoscout24.it/annunci/bmw-116-116d-advantage-diesel-nero-cat_ma13mo18480-63f50f2b-9d59-4256-b640-a00af443a6c5,BMW,116,116d Advantage,21000,44200,Manuale,02/2024,Diesel,85 kW (116 CV),"Privato,IT-00132 Roma",Privato
BMW 118 i 5p. M sport Pro Stupenda,https://www.autoscout24.it/annunci/bmw-118-i-5p-m-sport-pro-stupenda-benzina-bianco-cat_ma13mo18481-82106edc-f315-4abf-87bf-d5846240d794,BMW,118,i 5p. M sport Pro Stupenda,21000,46000,Automatico,05/2023,Benzina,100 kW (136 CV),KLM Auto Srl • IT-00178 Roma RM,Rivenditore
BMW 120 48V M Sport F70,https://www.autoscout24.it/annunci/bmw-120-48v-m-sport-f70-elettrica-benzina-bianco-cat_ma13mo18482-0628c901-6b7a-4cd6-a644-663b723f0846,BMW,120,48V M Sport F70,21000,53800,Automatico,01/2025,Elettrica/Benzina,125 kW (170 CV),KLM Auto Srl • IT-00178 Roma RM,Rivenditore
BMW 116 116d Msport Exterior auto,https://www.autoscout24.it/annunci/bmw-116-116d-msport-exterior-auto-diesel-cat_ma13mo18480-05712427-e17a-478a-b068-39c81891dbc6,BMW,116,116d Msport Exterior auto,21800,47000,Automatico,03/2023,Diesel,85 kW (116 CV),"Privato,IT-21100 varese",Privato
BMW 120 Serie 1 F40 120d xdrive Advantage auto,https://www.autoscout24.it/annunci/bmw-120-serie-1-f40-120d-xdrive-advantage-auto-diesel-nero-cat_ma13mo18482-3071a477-cda8-40fa-b36e-8718cedc6d71,BMW,120,Serie 1 F40 120d xdrive Advantage auto,21000,75000,Semiautomatico,11/2022,Diesel,140 kW (190 CV),"Privato,IT-20121 Milano",Privato
BMW 118 118i F40 Msport 5p auto,https://www.autoscout24.it/annunci/bmw-118-118i-f40-msport-5p-auto-benzina-cat_ma13mo18481-5a4f1b1a-c0eb-4331-9c61-304594ffdc69,BMW,118,118i F40 Msport 5p auto,22000,62000,Automatico,03/2021,Benzina,100 kW (136 CV),"Privato,IT-24127 Bergamo",Privato
BMW 116 116d Msport auto,https://www.autoscout24.it/annunci/bmw-116-116d-msport-auto-diesel-cat_ma13mo18480-03a15b42-df59-4aa1-be98-0d022830cc80,BMW,116,116d Msport auto,21800,61000,Semiautomatico,10/2020,Diesel,85 kW (116 CV),"Privato,IT-20861 Monza",Privato
BMW 120 Business advantage 190CV Aut. Sport.,https://www.autoscout24.it/annunci/bmw-120-business-advantage-190cv-aut-sport-diesel-blu-azzurro-cat_ma13mo18482-4e7bd9c2-4c7c-4688-8d8b-927fd0cf6680,BMW,120,Business advantage 190CV Aut. Sport.,21800,43500,Automatico,03/2023,Diesel,140 kW (190 CV),"Privato,IT-24060 Carobbio degli Angeli",Privato
BMW 118 118i Msport 136cv auto,https://www.autoscout24.it/annunci/bmw-118-118i-msport-136cv-auto-benzina-cat_ma13mo18481-ffb2a172-c80a-4ffd-abb1-dee6b714799f,BMW,118,118i Msport 136cv auto,21900,50000,Semiautomatico,05/2023,Benzina,100 kW (136 CV),Autosconto SRLS • IT-10148 Torino,Rivenditore
BMW 118 d 5p. Msport Aut.,https://www.autoscout24.it/annunci/bmw-118-d-5p-msport-aut-diesel-grigio-cat_ma13mo18481-f6abd0fe-c5d6-4513-afda-e632d4607490,BMW,118,d 5p. Msport Aut.,21500,106400,Automatico,03/2021,Diesel,110 kW (150 CV),Euro Auto Srl • IT-43014 Medesano - Parma - Pr,Rivenditore
BMW 135 M 135i xdrive auto,https://www.autoscout24.it/annunci/bmw-135-m-135i-xdrive-auto-benzina-cat_ma13mo19079-23425eb1-8afb-47f5-b357-ea7144e9b9d6,BMW,135,M 135i xdrive auto,22000,104000,Semiautomatico,07/2020,Benzina,225 kW (306 CV),"Privato,IT-66100 Chieti",Privato
BMW 118 118d Msport auto,https://www.autoscout24.it/annunci/bmw-118-118d-msport-auto-diesel-nero-cat_ma13mo18481-cc0fecb5-2243-48b7-8ff5-4aa60d4cf4a7,BMW,118,118d Msport auto,22000,79000,Automatico,06/2021,Diesel,110 kW (150 CV),"Privato,IT-60129 Ancona",Privato
BMW 118 118d Msport 5p auto,https://www.autoscout24.it/annunci/bmw-118-118d-msport-5p-auto-diesel-cat_ma13mo18481-1de4bfbf-e6ba-4e17-9515-09e1367ac884,BMW,118,118d Msport 5p auto,21900,105000,Semiautomatico,12/2020,Diesel,110 kW (150 CV),"Privato,IT-47922 rimini",Privato
BMW 116 116d Msport auto,https://www.autoscout24.it/annunci/bmw-116-116d-msport-auto-diesel-argento-cat_ma13mo18480-707275cd-b1ab-431e-8294-2a5624a3c19d,BMW,116,116d Msport auto,21000,59000,Semiautomatico,06/2020,Diesel,85 kW (116 CV),"Privato,IT-05018 orvieto",Privato
BMW 118 d Msport auto,https://www.autoscout24.it/annunci/bmw-118-d-msport-auto-diesel-blu-azzurro-cat_ma13mo18481-87646a53-b0d9-4908-8b46-937ed5f92133,BMW,118,d Msport auto,21000,50449,Automatico,10/2021,Diesel,110 kW (150 CV),BYmyCAR Milano • IT-20097 San Donato Milanese - Milano - MI,Rivenditore
BMW 118 Business Advantage auto,https://www.autoscout24.it/annunci/bmw-118-business-advantage-auto-diesel-cat_ma13mo18481-97b2eb1e-a6b5-431f-9e7b-82b81bcbec84,BMW,118,Business Advantage auto,22000,73000,Semiautomatico,01/2022,Diesel,110 kW (150 CV),"Privato,IT-00146 Roma",Privato
BMW 116 F40 116i,https://www.autoscout24.it/annunci/bmw-116-f40-116i-benzina-nero-cat_ma13mo18480-af8797de-720d-4fbe-bdef-e0ade4f8efb5,BMW,116,F40 116i,22000,24321,Manuale,09/2023,Benzina,80 kW (109 CV),Autoghinzani Bergamo – Spoticar Bergamo • IT-24126 Bergamo - Bg,Rivenditore
BMW 118 Serie 1 F40 118d Msport auto,https://www.autoscout24.it/annunci/bmw-118-serie-1-f40-118d-msport-auto-diesel-nero-cat_ma13mo18481-f731c0c7-9185-451c-97eb-b872ddacbf68,BMW,118,Serie 1 F40 118d Msport auto,21499,125500,Automatico,11/2021,Diesel,110 kW (150 CV),"Privato,IT-38121 Trento",Privato
BMW 118 118i 136cv,https://www.autoscout24.it/annunci/bmw-118-118i-136cv-benzina-grigio-cat_ma13mo18481-b001c118-53b9-4106-83a6-a37cf94521ee,BMW,118,118i 136cv,21900,29621,Semiautomatico,06/2023,Benzina,100 kW (136 CV),"Privato,IT-09072 Cabras",Privato
BMW 116 i Business Advantage auto,https://www.autoscout24.it/annunci/bmw-116-i-business-advantage-auto-benzina-blu-azzurro-cat_ma13mo18480-5bc11d43-2311-4e3d-833a-a1de834a32fc,BMW,116,i Business Advantage auto,21000,41858,Automatico,09/2023,Benzina,80 kW (109 CV),BYmyCAR Milano • IT-20097 San Donato Milanese - Milano - MI,Rivenditore
BMW 116 d 5p. Business Advantage Automatica,https://www.autoscout24.it/annunci/bmw-116-d-5p-business-advantage-automatica-diesel-bianco-cat_ma13mo18480-23508c70-eb06-4f27-a96f-ca06aaf9c54b,BMW,116,d 5p. Business Advantage Automatica,21500,48200,Automatico,02/2023,Diesel,85 kW (116 CV),Affidue Auto Srl • IT-37010 Affi - Verona - Vr,Rivenditore
BMW 116 116d Msport auto,https://www.autoscout24.it/annunci/bmw-116-116d-msport-auto-diesel-bianco-cat_ma13mo18480-10c97080-8e09-4ef1-b79d-13364e22837b,BMW,116,116d Msport auto,21900,49563,Automatico,12/2023,Diesel,85 kW (116 CV),Ambrosi Spa • IT-06073 Corciano - Perugia - Pg,Rivenditore
BMW 116 116d Msport auto,https://www.autoscout24.it/annunci/bmw-116-116d-msport-auto-diesel-argento-cat_ma13mo18480-1301423b-9707-44b8-8b5b-82ec5a8f98f5,BMW,116,116d Msport auto,22000,66000,Semiautomatico,12/2022,Diesel,85 kW (116 CV),"Privato,IT-13894 Gaglianico",Privato
BMW 116 Serie 1 F40 116d Msport auto,https://www.autoscout24.it/annunci/bmw-116-serie-1-f40-116d-msport-auto-diesel-nero-cat_ma13mo18480-0bd8e85d-ea17-4e9c-8bdd-1e317b5ad8a1,BMW,116,Serie 1 F40 116d Msport auto,21700,85000,Semiautomatico,12/2020,Diesel,85 kW (116 CV),"Privato,IT-19121 La Spezia",Privato
BMW 118 i 5p. Advantage,https://www.autoscout24.it/annunci/bmw-118-i-5p-advantage-benzina-nero-cat_ma13mo18481-6b98bb59-dff0-4bcc-b57f-8c63b2047c69,BMW,118,i 5p. Advantage,21900,15660,Manuale,04/2023,Benzina,100 kW (136 CV),Desacar Snc di Pilastro Fabio & C. • IT-21043 Castiglione Olona - Varese - Va,Rivenditore
BMW 118 118d Msport auto,https://www.autoscout24.it/annunci/bmw-118-118d-msport-auto-diesel-cat_ma13mo18481-351eb65e-dc74-4514-adce-4d7226240b25,BMW,118,118d Msport auto,22000,89000,Semiautomatico,06/2020,Diesel,110 kW (150 CV),"Privato,IT-15011 Acqui Terme",Privato
BMW 118 BMW 118d 5 Porte M Sport 150 CV Steptronic – 04/,https://www.autoscout24.it/annunci/bmw-118-bmw-118d-5-porte-m-sport-150-cv-steptronic-04-diesel-grigio-cat_ma13mo18481-46db8e2a-7d52-494d-870a-a087314d641f,BMW,118,BMW 118d 5 Porte M Sport 150 CV Steptronic – 04/,21990,106000,Automatico,04/2022,Diesel,110 kW (150 CV),Alimotors srl • IT-22020 Faloppio - Como - Co,Rivenditore
BMW 120 F70 HUD Kamera Garanzia Ufficiale,https://www.autoscout24.it/annunci/bmw-120-f70-hud-kamera-garanzia-ufficiale-elettrica-benzina-grigio-cat_ma13mo18482-a6f48a5a-b91a-4541-afab-e05ca0ceb26b,BMW,120,F70 HUD Kamera Garanzia Ufficiale,21000,54000,Automatico,02/2025,Elettrica/Benzina,115 kW (156 CV),KLM Auto Srl • IT-00178 Roma RM,Rivenditore
BMW 118 118 i 5p. Business Advantage,https://www.autoscout24.it/annunci/bmw-118-118-i-5p-business-advantage-benzina-nero-cat_ma13mo18481-2b7b1976-0711-45bf-9761-4c9dd9b9e35a,BMW,118,118 i 5p. Business Advantage,21900,13900,Manuale,06/2023,Benzina,103 kW (140 CV),Autosport Srl • IT-10040 Leini - Torino,Rivenditore
BMW 118 Serie 1 F40 118i Msport 136cv,https://www.autoscout24.it/annunci/bmw-118-serie-1-f40-118i-msport-136cv-benzina-bianco-cat_ma13mo18481-fa9ecf13-e212-4cd7-90a2-eab14f730660,BMW,118,Serie 1 F40 118i Msport 136cv,22000,75500,Manuale,05/2022,Benzina,100 kW (136 CV),"Privato,IT-21040 Carnago",Privato
BMW 118 118d Msport auto,https://www.autoscout24.it/annunci/bmw-118-118d-msport-auto-diesel-cat_ma13mo18481-23a1536c-5381-43a0-9f86-80e0f1333c3a,BMW,118,118d Msport auto,21500,105000,Semiautomatico,03/2021,Diesel,110 kW (150 CV),"Privato,IT-71014 San marco In Lamis",Privato
BMW 116 116d Msport Exterior auto,https://www.autoscout24.it/annunci/bmw-116-116d-msport-exterior-auto-diesel-cat_ma13mo18480-5a8a9a61-0a5e-4614-8b3e-9c3d7027b64f,BMW,116,116d Msport Exterior auto,21800,85000,Semiautomatico,12/2022,Diesel,85 kW (116 CV),"Privato,IT-00054 Fiumicino",Privato
BMW 118 118i Msport 136cv *PREZZO REALE*,https://www.autoscout24.it/annunci/bmw-118-118i-msport-136cv-prezzo-reale-benzina-bianco-cat_ma13mo18481-567d229f-6d24-4e18-bfb6-42ab246cd856,BMW,118,118i Msport 136cv *PREZZO REALE*,21490,59000,Manuale,06/2021,Benzina,100 kW (136 CV),Salone DellAuto Vivarini • IT-35028 Piove Di Sacco,Rivenditore
BMW 118 Serie 1 F40 118i Sport 136cv auto,https://www.autoscout24.it/annunci/bmw-118-serie-1-f40-118i-sport-136cv-auto-benzina-nero-cat_ma13mo18481-dd4b821a-a343-422a-bf82-3ead6fdfcf4d,BMW,118,Serie 1 F40 118i Sport 136cv auto,22000,49000,Semiautomatico,06/2022,Benzina,100 kW (136 CV),"Privato,IT-20070 Vizzolo Predabissi",Privato
BMW 118 i Msport  M  M SPORT - CERTIFICATA BMW -,https://www.autoscout24.it/annunci/bmw-118-i-msport-m-m-sport-certificata-bmw-benzina-bianco-cat_ma13mo18481-1d1b6176-1e97-4ba8-ade1-b1e2e1c00cf8,BMW,118,i Msport  M  M SPORT - CERTIFICATA BMW -,21790,89000,Automatico,01/2022,Benzina,100 kW (136 CV),1P Auto srl • IT-00175 Roma - Rm,Rivenditore
BMW 120 120d xdrive Business 91.000 KM!!,https://www.autoscout24.it/annunci/bmw-120-120d-xdrive-business-91-000-km-diesel-bianco-cat_ma13mo18482-0f7de022-155a-429c-9c34-c0d767433947,BMW,120,120d xdrive Business 91.000 KM!!,21500,91000,Automatico,02/2023,Diesel,140 kW (190 CV),BassanoAuto • IT-36022 Cassola - Vi,Rivenditore
BMW 116 116d ColorVision Edition auto,https://www.autoscout24.it/annunci/bmw-116-116d-colorvision-edition-auto-diesel-nero-cat_ma13mo18480-aff68037-6806-4867-8ac4-55eb70ab86c7,BMW,116,116d ColorVision Edition auto,22000,45000,Automatico,09/2022,Diesel,85 kW (116 CV),"Privato,IT-63074 San Benedetto del Tronto",Privato
BMW 118 Serie 1 F40118d Msport auto,https://www.autoscout24.it/annunci/bmw-118-serie-1-f40118d-msport-auto-diesel-grigio-cat_ma13mo18481-f3e3db88-6e99-4272-b943-92f80bd6f784,BMW,118,Serie 1 F40118d Msport auto,22000,99000,Automatico,08/2022,Diesel,110 kW (150 CV),"Privato,IT-95125 Catania",Privato
BMW 118 118d Msport auto,https://www.autoscout24.it/annunci/bmw-118-118d-msport-auto-diesel-cat_ma13mo18481-ebee1718-dc15-4f33-a256-b1a2b1cedab2,BMW,118,118d Msport auto,21500,125500,Semiautomatico,10/2020,Diesel,110 kW (150 CV),"Privato,IT-15121 Alessandria",Privato
BMW 118 118d Msport auto STUPENDA,https://www.autoscout24.it/annunci/bmw-118-118d-msport-auto-stupenda-diesel-bianco-cat_ma13mo18481-5d2ce1b5-6d9e-4f7f-9dd0-1243aad8a566,BMW,118,118d Msport auto STUPENDA,21000,138000,Automatico,03/2021,Diesel,110 kW (150 CV),Taddeo Claudio Automobili • IT-10042 Nichelino - Torino - To,Rivenditore
BMW 116 116d Aut. M Sport,https://www.autoscout24.it/annunci/bmw-116-116d-aut-m-sport-diesel-cat_ma13mo18480-2b4f358b-2516-4d27-9570-f5ecdb259600,BMW,116,116d Aut. M Sport,21500,69000,Automatico,06/2021,Diesel,85 kW (116 CV),"Privato,IT-20144 Milano",Privato
BMW 116 116d Aut. M Sport,https://www.autoscout24.it/annunci/bmw-116-116d-aut-m-sport-diesel-cat_ma13mo18480-3341fd1c-7768-4944-84f6-230980beaca3,BMW,116,116d Aut. M Sport,21000,82000,Automatico,01/2020,Diesel,85 kW (116 CV),"Privato,IT-21029 Vergiate",Privato
BMW 118 118d Luxury auto,https://www.autoscout24.it/annunci/bmw-118-118d-luxury-auto-diesel-cat_ma13mo18481-280a52fd-8dd0-4bc9-b77e-ca73626d7040,BMW,118,118d Luxury auto,21000,68000,Semiautomatico,11/2020,Diesel,110 kW (150 CV),"Privato,IT-70127 Bari",Privato
BMW 120 Bmw 120d Msport,https://www.autoscout24.it/annunci/bmw-120-bmw-120d-msport-diesel-cat_ma13mo18482-95e51680-51f8-40ff-83ee-0f7a9addcf97,BMW,120,Bmw 120d Msport,22000,148000,Semiautomatico,07/2021,Diesel,140 kW (190 CV),"Privato,IT-41026 Pavullo nel Frignano",Privato
BMW 118 118i Msport 140cv,https://www.autoscout24.it/annunci/bmw-118-118i-msport-140cv-benzina-cat_ma13mo18481-c2a4e042-377c-490a-b5be-d851fc15f591,BMW,118,118i Msport 140cv,21500,84000,Manuale,10/2020,Benzina,103 kW (140 CV),"Privato,IT-53100 Siena",Privato
BMW 116 116i Msport,https://www.autoscout24.it/annunci/bmw-116-116i-msport-benzina-bianco-cat_ma13mo18480-4f5ae8e1-2366-4dbc-899a-b96510c65bad,BMW,116,116i Msport,22000,45000,Manuale,03/2022,Benzina,80 kW (109 CV),"Privato,IT-20093 Cologno Monzese",Privato
BMW 118 i 5p. M sport selettiva BMW!!!,https://www.autoscout24.it/annunci/bmw-118-i-5p-m-sport-selettiva-bmw-benzina-nero-cat_ma13mo18481-3c7e3b68-a00a-4266-ae9a-99623cfa3d7d,BMW,118,i 5p. M sport selettiva BMW!!!,22000,24000,Manuale,04/2024,Benzina,100 kW (136 CV),KLM Auto Srl • IT-00178 Roma RM,Rivenditore
BMW 116 116d Msport auto,https://www.autoscout24.it/annunci/bmw-116-116d-msport-auto-diesel-cat_ma13mo18480-6865bc15-21c0-4383-a74b-8eae5354ecf1,BMW,116,116d Msport auto,22000,92000,Semiautomatico,06/2021,Diesel,85 kW (116 CV),"Privato,IT-28062 Cameri",Privato
BMW 118 i Msport auto,https://www.autoscout24.it/annunci/bmw-118-i-msport-auto-benzina-cat_ma13mo18481-9ad4d2ac-a0d4-478a-9a45-090b0746def5,BMW,118,i Msport auto,21000,76342,Automatico,07/2021,Benzina,103 kW (140 CV),BYmyCAR Milano • IT-20097 San Donato Milanese - Milano - MI,Rivenditore
BMW 118 MSport,https://www.autoscout24.it/annunci/bmw-118-msport-benzina-cat_ma13mo18481-3814deec-8cdc-459d-97dd-25694b65a54a,BMW,118,MSport,22000,81800,Automatico,09/2020,Benzina,103 kW (140 CV),"Privato,IT-20900 Monza",Privato
BMW 118 118i Msport 136cv auto,https://www.autoscout24.it/annunci/bmw-118-118i-msport-136cv-auto-benzina-nero-cat_ma13mo18481-94c19626-63c8-45b4-93a6-6f072c4cc24b,BMW,118,118i Msport 136cv auto,21960,101757,Automatico,02/2022,Benzina,100 kW (136 CV),AutoVanti Saronno srl • IT-21047 Saronno - Varese - VA,Rivenditore
BMW 116 F40 Diesel 116d Msport auto,https://www.autoscout24.it/annunci/bmw-116-f40-diesel-116d-msport-auto-diesel-bianco-cat_ma13mo18480-c2eae020-fe3a-4f5c-990c-c6a6587ac1e2,BMW,116,F40 Diesel 116d Msport auto,21500,103199,Automatico,06/2021,Diesel,85 kW (116 CV),Stile Spa • IT-61100 Pesaro - Pu,Rivenditore
BMW 116 116d Msport 5p auto,https://www.autoscout24.it/annunci/bmw-116-116d-msport-5p-auto-diesel-grigio-cat_ma13mo18480-d25482c5-ab9b-407f-b5fc-2a2cd9d393db,BMW,116,116d Msport 5p auto,22000,93500,Semiautomatico,02/2020,Diesel,85 kW (116 CV),"Privato,IT-13882 Cerrione",Privato
BMW 118 118i Msport 140cv,https://www.autoscout24.it/annunci/bmw-118-118i-msport-140cv-benzina-cat_ma13mo18481-9e5335c2-8090-4962-893e-aa1b05bbe3d0,BMW,118,118i Msport 140cv,22000,50000,Manuale,10/2020,Benzina,103 kW (140 CV),"Privato,IT-43121 Parma",Privato
BMW 116 116d Msport Exterior auto,https://www.autoscout24.it/annunci/bmw-116-116d-msport-exterior-auto-diesel-cat_ma13mo18480-78d612ea-8880-4d7d-b5ca-917e6e2df3f3,BMW,116,116d Msport Exterior auto,21490,85000,Semiautomatico,07/2022,Diesel,85 kW (116 CV),"Privato,IT-72022 Latiano",Privato
BMW 118 i MSport,https://www.autoscout24.it/annunci/bmw-118-i-msport-benzina-nero-cat_ma13mo18481-f2092949-1fc0-40eb-8093-445fc07307f1,BMW,118,i MSport,21500,82000,Automatico,09/2020,Benzina,103 kW (140 CV),Autoplus snc • IT-39057 Appiano Sulla Strada Del Vino - Bolzano - Bz,Rivenditore
BMW 118 118i Advantage 5p auto,https://www.autoscout24.it/annunci/bmw-118-118i-advantage-5p-auto-benzina-cat_ma13mo18481-db0e8b25-c9a4-41a5-852c-869448d6cb74,BMW,118,118i Advantage 5p auto,21900,58000,Automatico,03/2021,Benzina,100 kW (136 CV),"Privato,IT-20861 Brugherio",Privato
"BMW 118 i MSPORT SEDILI GUSCIO H&K LED 19"" FULL FULL",https://www.autoscout24.it/annunci/bmw-118-i-msport-sedili-guscio-hk-led-19-full-full-benzina-bianco-cat_ma13mo18481-9aeff8b9-06c5-4aa7-b6a7-3cc7aff2521f,BMW,118,"i MSPORT SEDILI GUSCIO H&K LED 19"" FULL FULL",21900,65000,Manuale,02/2020,Benzina,103 kW (140 CV),Ermes Car 2.0 Srl • IT-00133 Roma - Rm,Rivenditore
BMW 118 118d Msport auto,https://www.autoscout24.it/annunci/bmw-118-118d-msport-auto-diesel-cat_ma13mo18481-65653197-7fae-419b-983b-259007f37e7c,BMW,118,118d Msport auto,21000,123000,Semiautomatico,05/2021,Diesel,110 kW (150 CV),"Privato,IT-58100 Grosseto",Privato
BMW 116 116d Msport auto,https://www.autoscout24.it/annunci/bmw-116-116d-msport-auto-diesel-cat_ma13mo18480-1ac97407-d3cc-4f31-a305-90c7ebcf1857,BMW,116,116d Msport auto,22000,90000,Semiautomatico,07/2021,Diesel,85 kW (116 CV),"Privato,IT-24068 Bergamo",Privato
BMW 116 BMW 116D 115CV STEPTRONIC BUSINESS ADVANTAGE ( FAR,https://www.autoscout24.it/annunci/bmw-116-bmw-116d-115cv-steptronic-business-advantage-far-diesel-nero-cat_ma13mo18480-25f74094-9dcf-48b8-bae2-9b3e99b2c019,BMW,116,BMW 116D 115CV STEPTRONIC BUSINESS ADVANTAGE ( FAR,21850,50000,Automatico,03/2022,Diesel,85 kW (116 CV),Auto Genova Srl • IT-84131 Salerno - Sa,Rivenditore
BMW 116 Serie 1 F40 116d Luxury auto,https://www.autoscout24.it/annunci/bmw-116-serie-1-f40-116d-luxury-auto-diesel-nero-cat_ma13mo18480-feff7b44-fd61-4aea-9b00-c5f9a2c9070f,BMW,116,Serie 1 F40 116d Luxury auto,21500,63400,Automatico,07/2020,Diesel,85 kW (116 CV),"Privato,IT-70124 Bari",Privato
"BMW 118 i Msport 136cv 2023 17"" vari colori",https://www.autoscout24.it/annunci/bmw-118-i-msport-136cv-2023-17-vari-colori-benzina-nero-cat_ma13mo18481-ed9f2837-4081-4caa-81ba-fd202638e180,BMW,118,"i Msport 136cv 2023 17"" vari colori",21390,49631,Manuale,07/2023,Benzina,100 kW (136 CV),AR Motor srls • IT-00077 Montecompatri - Roma - RM,Rivenditore
BMW 118 Serie 1 F40 118d Msport auto,https://www.autoscout24.it/annunci/bmw-118-serie-1-f40-118d-msport-auto-diesel-nero-cat_ma13mo18481-f247989d-32a6-405c-938f-01494eb68447,BMW,118,Serie 1 F40 118d Msport auto,22000,96000,Automatico,01/2021,Diesel,110 kW (150 CV),"Privato,IT-58015 Orbetello",Privato
BMW 116 M-SPORT ESTERNO*PREZZO VERO* VIRTUAL-AUTOMATICA,https://www.autoscout24.it/annunci/bmw-116-m-sport-esterno-prezzo-vero-virtual-automatica-diesel-cat_ma13mo18480-5b51e48f-f587-4c11-a815-ad40566d4f3e,BMW,116,M-SPORT ESTERNO*PREZZO VERO* VIRTUAL-AUTOMATICA,21990,39900,Automatico,01/2023,Diesel,85 kW (116 CV),Red Cars Srl • IT-00043 Ciampino -  Roma,Rivenditore
BMW 116 116i Aut. M Sport,https://www.autoscout24.it/annunci/bmw-116-116i-aut-m-sport-benzina-cat_ma13mo18480-8a9c2810-ecb0-4a73-8054-113c4d6b2b65,BMW,116,116i Aut. M Sport,21000,85000,Automatico,02/2021,Benzina,80 kW (109 CV),"Privato,IT-48121 Ravenna",Privato
BMW 118 118d Msport auto,https://www.autoscout24.it/annunci/bmw-118-118d-msport-auto-diesel-cat_ma13mo18481-2e398f69-1a4e-472a-80a5-3b3927cfd442,BMW,118,118d Msport auto,22000,64000,Semiautomatico,07/2020,Diesel,110 kW (150 CV),"Privato,IT-60015 Falconara (AN)",Privato
BMW 116 Serie 1 F40 116d Msport auto,https://www.autoscout24.it/annunci/bmw-116-serie-1-f40-116d-msport-auto-diesel-bianco-cat_ma13mo18480-668e7703-f34f-4095-a847-5bc504710fd3,BMW,116,Serie 1 F40 116d Msport auto,22000,98000,Semiautomatico,04/2021,Diesel,85 kW (116 CV),"Privato,IT-61122 Pesaro",Privato
BMW 116 Serie 1 F40116d Sport auto,https://www.autoscout24.it/annunci/bmw-116-serie-1-f40116d-sport-auto-diesel-blu-azzurro-cat_ma13mo18480-617d7efb-c363-446e-b814-b53c870262a6,BMW,116,Serie 1 F40116d Sport auto,21900,122000,Semiautomatico,05/2020,Diesel,85 kW (116 CV),"Privato,IT-27100 Pavia",Privato
BMW 116 i 5p. sport STEPTRONIC TELECAMERA- FULL,https://www.autoscout24.it/annunci/bmw-116-i-5p-sport-steptronic-telecamera-full-benzina-nero-cat_ma13mo18480-5bf7aeb2-a26a-4e97-9950-d653b79eb75b,BMW,116,i 5p. sport STEPTRONIC TELECAMERA- FULL,21990,84000,Automatico,07/2023,Benzina,100 kW (136 CV),Punto Auto Srl • IT-86170 Isernia - Is,Rivenditore
BMW 118 118i Msport Business Advantage,https://www.autoscout24.it/annunci/bmw-118-118i-msport-business-advantage-benzina-cat_ma13mo18481-b33f0efa-a76a-4efe-bd7d-7a73c18c0669,BMW,118,118i Msport Business Advantage,22000,102000,Automatico,03/2021,Benzina,100 kW (136 CV),"Privato,IT-32038 Setteville",Privato
BMW 116 1.5 Diesel 116CV E6 Neo - 2022,https://www.autoscout24.it/annunci/bmw-116-1-5-diesel-116cv-e6-neo-2022-diesel-bianco-cat_ma13mo18480-b4d31ab8-e4f7-47f7-be2c-e516149b822d,BMW,116,1.5 Diesel 116CV E6 Neo - 2022,21700,44515,Automatico,01/2022,Diesel,85 kW (116 CV),Drive Srl • IT-00156 Roma - RM,Rivenditore
BMW 118 118d Msport Exterior auto,https://www.autoscout24.it/annunci/bmw-118-118d-msport-exterior-auto-diesel-cat_ma13mo18481-ceb12c53-766d-4450-8ea5-bc2a5c299573,BMW,118,118d Msport Exterior auto,21000,108000,Semiautomatico,07/2021,Diesel,110 kW (150 CV),"Privato,IT-50053 Empoli",Privato
BMW 116 Serie 1 F40 116d Msport Exterior auto,https://www.autoscout24.it/annunci/bmw-116-serie-1-f40-116d-msport-exterior-auto-diesel-grigio-cat_ma13mo18480-38d9b70f-0f56-4bcc-ab14-6b89413830cf,BMW,116,Serie 1 F40 116d Msport Exterior auto,21790,52500,Semiautomatico,02/2022,Diesel,85 kW (116 CV),Aunova SNC Di Giancarlo Landi & C • IT-10024 Moncalieri - Torino - TO,Rivenditore
BMW 118 118i Msport 5p auto,https://www.autoscout24.it/annunci/bmw-118-118i-msport-5p-auto-benzina-grigio-cat_ma13mo18481-080d9914-5081-439d-b5fe-12ab166d81f8,BMW,118,118i Msport 5p auto,22000,79900,Automatico,12/2023,Benzina,100 kW (136 CV),Auto Yachting Mango Srl • IT-84034 Padula - Salerno - Sa,Rivenditore
BMW 118 i Sport 136cv,https://www.autoscout24.it/annunci/bmw-118-i-sport-136cv-benzina-nero-cat_ma13mo18481-e2e2b1ed-bf15-404f-9271-8cd1d49cc2d1,BMW,118,i Sport 136cv,21500,62632,Manuale,05/2021,Benzina,100 kW (136 CV),Gino Auto Srl • IT-19126 La Spezia SP,Rivenditore
BMW 116 Serie 1 F40 116d Sport,https://www.autoscout24.it/annunci/bmw-116-serie-1-f40-116d-sport-diesel-nero-cat_ma13mo18480-ca773d82-3763-4134-8cff-d9692e6c7607,BMW,116,Serie 1 F40 116d Sport,21000,82000,Manuale,04/2021,Diesel,85 kW (116 CV),"Privato,IT-02047 Poggio Mirteto",Privato
BMW 118 Serie 1 F40 118i Msport 140cv,https://www.autoscout24.it/annunci/bmw-118-serie-1-f40-118i-msport-140cv-benzina-nero-cat_ma13mo18481-117a7071-e02f-4d39-8dcb-a2ab38dab867,BMW,118,Serie 1 F40 118i Msport 140cv,22000,65000,Manuale,06/2020,Benzina,103 kW (140 CV),"Privato,IT-10079 Mappano",Privato
BMW 116 116i Business Advantage auto,https://www.autoscout24.it/annunci/bmw-116-116i-business-advantage-auto-benzina-cat_ma13mo18480-5bdf660e-213d-4126-9c7d-a30e3d205e77,BMW,116,116i Business Advantage auto,21980,50957,Automatico,12/2023,Benzina,80 kW (109 CV),AutoVanti Bologna • IT-40033 Casalecchio di Reno - Bologna - Bo,Rivenditore
BMW 118 118d Sport auto,https://www.autoscout24.it/annunci/bmw-118-118d-sport-auto-diesel-bianco-cat_ma13mo18481-2554df3f-227c-44e8-aeeb-967997254ae7,BMW,118,118d Sport auto,21400,69208,Semiautomatico,07/2020,Diesel,110 kW (150 CV),Autocentri Roma Nord Srl • IT-00141 Roma - RM,Rivenditore
BMW 118 Serie 1 F40 118d Msport,https://www.autoscout24.it/annunci/bmw-118-serie-1-f40-118d-msport-diesel-nero-cat_ma13mo18481-89ca3253-d50e-4399-a02e-98017f608494,BMW,118,Serie 1 F40 118d Msport,21100,97599,Manuale,06/2020,Diesel,110 kW (150 CV),"Privato,IT-56100 Pisa",Privato
BMW 118 118i Sport 136cv,https://www.autoscout24.it/annunci/bmw-118-118i-sport-136cv-benzina-nero-cat_ma13mo18481-2e781419-2ef6-4652-bd09-11f07df8455e,BMW,118,118i Sport 136cv,21299,44608,Manuale,12/2020,Benzina,100 kW (136 CV),"Privato,IT-81100 Caserta",Privato
BMW 118 d 5p. Msport,https://www.autoscout24.it/annunci/bmw-118-d-5p-msport-diesel-bianco-cat_ma13mo18481-dd7c8caf-92d5-468c-8bc7-9ba782c75987,BMW,118,d 5p. Msport,21990,89000,Automatico,04/2020,Diesel,110 kW (150 CV),Elite Car Conte Srl • IT-31028 Vazzola - Treviso - TV,Rivenditore
BMW 116 Serie 1 F40 116d Msport auto,https://www.autoscout24.it/annunci/bmw-116-serie-1-f40-116d-msport-auto-diesel-bianco-cat_ma13mo18480-3a5d2ea8-469d-4030-96ed-82aa98543a69,BMW,116,Serie 1 F40 116d Msport auto,21000,90000,Automatico,02/2023,Diesel,85 kW (116 CV),Deval Automotive srl • IT-70125 Bari - Ba,Rivenditore
BMW 116 116d Msport auto,https://www.autoscout24.it/annunci/bmw-116-116d-msport-auto-diesel-cat_ma13mo18480-836b6842-0ba2-40c7-8398-8a9e843e6280,BMW,116,116d Msport auto,22000,80000,Semiautomatico,01/2021,Diesel,85 kW (116 CV),"Privato,IT-31036 Treviso",Privato
BMW 118 118i Msport 140cv,https://www.autoscout24.it/annunci/bmw-118-118i-msport-140cv-benzina-bianco-cat_ma13mo18481-29452764-be2d-4b10-bf2c-dbaef9c126ab,BMW,118,118i Msport 140cv,21899,79000,Manuale,07/2023,Benzina,103 kW (140 CV),Auto Giannini srl • IT-10156 Torino - TO,Rivenditore
BMW 118 i 5p. M sport aut/virtual/pelle,https://www.autoscout24.it/annunci/bmw-118-i-5p-m-sport-aut-virtual-pelle-benzina-bianco-cat_ma13mo18481-17f97152-e47a-4a87-a340-06496a80ca69,BMW,118,i 5p. M sport aut/virtual/pelle,21900,69000,Automatico,05/2022,Benzina,100 kW (136 CV),KLM Auto Srl • IT-00178 Roma RM,Rivenditore
BMW 118 118i Msport 5p auto,https://www.autoscout24.it/annunci/bmw-118-118i-msport-5p-auto-benzina-cat_ma13mo18481-0abef5ea-08b9-452f-a2e9-c1334bf403b3,BMW,118,118i Msport 5p auto,22000,112000,Automatico,02/2020,Benzina,100 kW (136 CV),"Privato,IT-10086 Rivarolo Canavese",Privato
BMW 116 116d Msport auto,https://www.autoscout24.it/annunci/bmw-116-116d-msport-auto-diesel-cat_ma13mo18480-c596509b-47cf-4c36-87c9-171c866cea55,BMW,116,116d Msport auto,22000,91000,Semiautomatico,05/2021,Diesel,85 kW (116 CV),"Privato,IT-56021 Cascina",Privato
BMW 116 116d Msport auto,https://www.autoscout24.it/annunci/bmw-116-116d-msport-auto-diesel-cat_ma13mo18480-b5a960e4-2349-4bca-8520-d80ef796feb4,BMW,116,116d Msport auto,21500,130000,Semiautomatico,04/2021,Diesel,85 kW (116 CV),"Privato,IT-80014 giugliano",Privato
BMW 118 Serie 1 F40 118i Msport 136cv auto,https://www.autoscout24.it/annunci/bmw-118-serie-1-f40-118i-msport-136cv-auto-benzina-grigio-cat_ma13mo18481-cc89167f-60d4-400b-a2be-d92593635259,BMW,118,Serie 1 F40 118i Msport 136cv auto,21000,110000,Automatico,11/2021,Benzina,100 kW (136 CV),Automobili Raso Srls • IT-20155 Milano - MI,Rivenditore
BMW 116 116d Business Advantage,https://www.autoscout24.it/annunci/bmw-116-116d-business-advantage-diesel-nero-cat_ma13mo18480-b25212bc-0152-42d3-85ff-a36f04286e39,BMW,116,116d Business Advantage,21900,75882,Automatico,09/2022,Diesel,85 kW (116 CV),AutoVanti Brianza • IT-20832 Desio - Monza Brianza - Mb,Rivenditore
BMW 116 Serie 1 F40 116d Business Advantage,https://www.autoscout24.it/annunci/bmw-116-serie-1-f40-116d-business-advantage-diesel-nero-cat_ma13mo18480-3b19215b-ea52-41e4-9b4c-996e670a0f93,BMW,116,Serie 1 F40 116d Business Advantage,21000,57280,Manuale,03/2021,Diesel,85 kW (116 CV),"Privato,IT-71015 San Nicandro Garganico",Privato
BMW 118 118d Msport auto,https://www.autoscout24.it/annunci/bmw-118-118d-msport-auto-diesel-bianco-cat_ma13mo18481-97a577cb-9f71-412b-9d93-7277d6a3f491,BMW,118,118d Msport auto,21600,81131,Automatico,01/2021,Diesel,110 kW (150 CV),Ambrosi Spa • IT-06073 Corciano - Perugia - Pg,Rivenditore
BMW 116 N/A,https://www.autoscout24.it/annunci/bmw-116-diesel-grigio-cat_ma13mo18480-63f19c1f-b89e-4987-b118-83963839e0d3,BMW,116,N/A,21000,51000,Manuale,12/2020,Diesel,85 kW (116 CV),"Privato,IT-26100 Cremona",Privato
BMW 116 F40 Benzina 116i Msport auto,https://www.autoscout24.it/annunci/bmw-116-f40-benzina-116i-msport-auto-benzina-bianco-cat_ma13mo18480-58b3fec0-1c6a-495d-a0da-32a7e9cc27b4,BMW,116,F40 Benzina 116i Msport auto,21900,79754,Automatico,09/2022,Benzina,80 kW (109 CV),Biauto Group Torino • IT-10036 Settimo Torinese - Torino - To,Rivenditore
BMW 118 118i Sport 136cv,https://www.autoscout24.it/annunci/bmw-118-118i-sport-136cv-benzina-cat_ma13mo18481-79c8ed5c-67f4-4cbf-855a-d7e871236ef0,BMW,118,118i Sport 136cv,21800,85800,Manuale,11/2020,Benzina,100 kW (136 CV),"Privato,IT-41126 Modena",Privato
BMW 116 d AUTOMATICA IVA DEDUCIBILE NAVI SENS CAR PLAY,https://www.autoscout24.it/annunci/bmw-116-d-automatica-iva-deducibile-navi-sens-car-play-diesel-bianco-cat_ma13mo18480-c806ae25-dd1b-47ba-8193-fa7ceefc2e5c,BMW,116,d AUTOMATICA IVA DEDUCIBILE NAVI SENS CAR PLAY,21200,70277,Automatico,10/2022,Diesel,85 kW (116 CV),Guidolin Service Car srl • IT-31033 Castelfranco Veneto - Tv,Rivenditore
BMW 118 Garanzia Ufficiale 2028 - Tagliandi BMW - 118d,https://www.autoscout24.it/annunci/bmw-118-garanzia-ufficiale-2028-tagliandi-bmw-118d-diesel-cat_ma13mo18481-b2ff9114-6b0d-447d-85e9-a5981045e40c,BMW,118,Garanzia Ufficiale 2028 - Tagliandi BMW - 118d,21000,171000,Automatico,01/2020,Diesel,110 kW (150 CV),"Privato,IT-35028 piove di sacco",Privato
BMW 118 Serie 1118d Business Advantage auto,https://www.autoscout24.it/annunci/bmw-118-serie-1118d-business-advantage-auto-diesel-bianco-cat_ma13mo18481-c4a9f53e-c3c3-4825-ad81-4e58e4d85627,BMW,118,Serie 1118d Business Advantage auto,21400,80000,Automatico,02/2023,Diesel,110 kW (150 CV),LB Motors srl • IT-20900 Monza - MB,Rivenditore
BMW 118 M sport,https://www.autoscout24.it/annunci/bmw-118-m-sport-benzina-bianco-cat_ma13mo18481-ea7d5304-40b6-4cb7-bdd4-adb68ebc13a4,BMW,118,M sport,21900,98500,Automatico,06/2021,Benzina,100 kW (136 CV),"Privato,IT-10070 Barbania",Privato
BMW 118 Serie 1 F40 118d Msport auto,https://www.autoscout24.it/annunci/bmw-118-serie-1-f40-118d-msport-auto-diesel-grigio-cat_ma13mo18481-fb70ac2c-b6b7-4a29-adc0-0b86dd5d09de,BMW,118,Serie 1 F40 118d Msport auto,21000,125000,Automatico,01/2020,Diesel,110 kW (150 CV),"Privato,IT-92018 Santa Margherita di Belice",Privato
BMW 116 Serie 1 F40 116i Advantage autom. OK NEOPATENTATI Prezzo reale,https://www.autoscout24.it/annunci/bmw-116-serie-1-f40-116i-advantage-autom-ok-neopatentati-prezzo-reale-benzina-nero-cat_ma13mo18480-8dba1728-73ff-4226-8392-c9973a4e70c1,BMW,116,Serie 1 F40 116i Advantage autom. OK NEOPATENTATI Prezzo reale,21500,40800,Automatico,09/2022,Benzina,80 kW (109 CV),Auto76 srl • IT-20141 Milano - Mi,Rivenditore
BMW 118 118d Msport auto,https://www.autoscout24.it/annunci/bmw-118-118d-msport-auto-diesel-cat_ma13mo18481-026846bf-450a-40ed-a8cc-aa93f3051b6e,BMW,118,118d Msport auto,21900,128533,Automatico,09/2020,Diesel,110 kW (150 CV),StarEmilia • IT-40033 Casalecchio di Reno - Bologna - Bo,Rivenditore
BMW 116 116d Msport auto,https://www.autoscout24.it/annunci/bmw-116-116d-msport-auto-diesel-cat_ma13mo18480-34a97e2f-39dc-482d-8909-970de886b460,BMW,116,116d Msport auto,21000,99000,Semiautomatico,07/2021,Diesel,85 kW (116 CV),"Privato,IT-70025 Grumo Appula",Privato
BMW 118 118i Msport 5p auto,https://www.autoscout24.it/annunci/bmw-118-118i-msport-5p-auto-benzina-cat_ma13mo18481-495dd0f6-09ba-4ba6-b73a-048eef74aeb6,BMW,118,118i Msport 5p auto,21350,98000,Automatico,04/2020,Benzina,100 kW (136 CV),"Privato,IT-00151 Roma",Privato
BMW 118 118d Msport auto BLACK PACK UNIPROP. TAGLIANDI BMW,https://www.autoscout24.it/annunci/bmw-118-118d-msport-auto-black-pack-uniprop-tagliandi-bmw-diesel-nero-cat_ma13mo18481-805ee009-c2bf-4a53-9c63-aff602ff1849,BMW,118,118d Msport auto BLACK PACK UNIPROP. TAGLIANDI BMW,21990,140000,Automatico,05/2023,Diesel,110 kW (150 CV),Drecar Srl • IT-25069 Villa Carcina  - BS,Rivenditore
BMW 116 116d Msport auto,https://www.autoscout24.it/annunci/bmw-116-116d-msport-auto-diesel-cat_ma13mo18480-d76d274a-5888-410c-ba2a-fe62ee2fb705,BMW,116,116d Msport auto,21500,123000,Semiautomatico,03/2021,Diesel,85 kW (116 CV),"Privato,IT-83031 Ariano Irpino",Privato
BMW 116 116d msport auto,https://www.autoscout24.it/annunci/bmw-116-116d-msport-auto-diesel-bianco-cat_ma13mo18480-8cccce39-749a-40be-9b0b-a3848134bc7c,BMW,116,116d msport auto,21900,115314,Automatico,04/2023,Diesel,85 kW (116 CV),Eurocar Italia Srl • IT-33100 Udine,Rivenditore
BMW 118 M Sport 118 d,https://www.autoscout24.it/annunci/bmw-118-m-sport-118-d-diesel-bianco-cat_ma13mo18481-d7be602f-b78b-42d8-ac36-3e201f631d8f,BMW,118,M Sport 118 d,21900,85900,Automatico,11/2020,Diesel,110 kW (150 CV),TuaCar Brescia - Pavoni Auto Srl • IT-25080 Mazzano - Brescia - BS,Rivenditore
BMW 116 116d Business Advantage,https://www.autoscout24.it/annunci/bmw-116-116d-business-advantage-diesel-grigio-cat_ma13mo18480-02d27edb-6bdc-4773-bdb7-130cf941675f,BMW,116,116d Business Advantage,21250,79922,Automatico,02/2022,Diesel,85 kW (116 CV),Caporrella Srl • IT-66034 Lanciano - Chieti - CH,Rivenditore
BMW 118 Serie 1 F40 118i Sport 140cv auto,https://www.autoscout24.it/annunci/bmw-118-serie-1-f40-118i-sport-140cv-auto-benzina-bianco-cat_ma13mo18481-fc40be31-483c-4ce4-94fa-de319bf88f8d,BMW,118,Serie 1 F40 118i Sport 140cv auto,22000,89972,Semiautomatico,07/2020,Benzina,103 kW (140 CV),"Privato,IT-10024 Moncalieri",Privato
BMW 116 🔥 1.5D 116CV ADVANTAGE AUTOM. 💎 PREZZO SENZA VINCOLI • UNIPRO' • ITALIANA • FATTURABILE 👍 GARANZIA 12 MESI 🚗,https://www.autoscout24.it/annunci/bmw-116-1-5d-116cv-advantage-autom-prezzo-senza-vincoli-unipro-italiana-fatturabile-garanzia-12-mesi-diesel-cat_ma13mo18480-0e1eb5ea-aab7-496d-ace7-dbf30b0f25aa,BMW,116,🔥 1.5D 116CV ADVANTAGE AUTOM. 💎 PREZZO SENZA VINCOLI • UNIPRO' • ITALIANA • FATTURABILE 👍 GARANZIA 12 MESI 🚗,21990,49990,Automatico,01/2023,Diesel,85 kW (116 CV),Spazio Auto Srl • IT-00178 Roma - Rm,Rivenditore
BMW 118 Serie 1 F40 118i Sport 140cv auto,https://www.autoscout24.it/annunci/bmw-118-serie-1-f40-118i-sport-140cv-auto-benzina-bianco-cat_ma13mo18481-1e44d4c1-f365-4420-a68f-ff88abea991b,BMW,118,Serie 1 F40 118i Sport 140cv auto,21900,40300,Automatico,01/2020,Benzina,103 kW (140 CV),Motorsport di Reitano Giovanni • IT-98057 Milazzo - Messina - ME,Rivenditore
BMW 118 118d Msport 5p auto,https://www.autoscout24.it/annunci/bmw-118-118d-msport-5p-auto-diesel-cat_ma13mo18481-c51fbb36-cc49-4796-99f1-98fcb639aac8,BMW,118,118d Msport 5p auto,21000,165000,Semiautomatico,02/2021,Diesel,110 kW (150 CV),"Privato,IT-24033 Calusco d'Adda",Privato
BMW 118 118d Msport auto,https://www.autoscout24.it/annunci/bmw-118-118d-msport-auto-diesel-cat_ma13mo18481-beed6d8e-f347-4256-a59c-1bc0c62abfca,BMW,118,118d Msport auto,22000,148000,Semiautomatico,06/2021,Diesel,110 kW (150 CV),"Privato,IT-88046 Lamezia Terme",Privato
BMW 118 Limousine,https://www.autoscout24.it/annunci/bmw-118-limousine-benzina-cat_ma13mo18481-6085fbcb-4949-4c93-92d1-34a456ab6ac0,BMW,118,Limousine,21000,66000,Manuale,05/2020,Benzina,103 kW (140 CV),"Privato,IT-06059 Todi",Privato
BMW 116 116d 5p. Business Advantage,https://www.autoscout24.it/annunci/bmw-116-116d-5p-business-advantage-diesel-argento-cat_ma13mo18480-a2435fa2-7cf0-4e13-b2b8-2c7f0b1df376,BMW,116,116d 5p. Business Advantage,21700,52000,Automatico,04/2023,Diesel,85 kW (116 CV),Privacar Opera • IT-20073 Opera - Milano - MI,Rivenditore
BMW 116 - 116d 5p. Sport,https://www.autoscout24.it/annunci/bmw-116-116d-5p-sport-diesel-grigio-cat_ma13mo18480-3dfb0a4a-fc23-4652-a141-dd13a48e5d52,BMW,116,- 116d 5p. Sport,21500,68000,Automatico,01/2020,Diesel,85 kW (116 CV),Pieffe Auto • IT-63066 Grottammare - Ascoli Piceno - AP,Rivenditore
BMW 140 BMW Serie 1 F40 116d 5p. Luxury cambio automatico,https://www.autoscout24.it/annunci/bmw-140-bmw-serie-1-f40-116d-5p-luxury-cambio-automatico-diesel-nero-cat_ma13mo74386-7ad81633-cf69-4922-876f-28c31f28872e,BMW,140,BMW Serie 1 F40 116d 5p. Luxury cambio automatico,21800,59400,Automatico,12/2020,Diesel,85 kW (116 CV),"Privato,IT-30027 San Donà di Piave",Privato
BMW 118 118i Msport 136cv,https://www.autoscout24.it/annunci/bmw-118-118i-msport-136cv-benzina-bianco-cat_ma13mo18481-5afe76a0-9fc1-4950-9382-af4d554b67f7,BMW,118,118i Msport 136cv,21900,26000,Manuale,05/2022,Benzina,100 kW (136 CV),Ambrosi Spa • IT-06073 Corciano - Perugia - Pg,Rivenditore
BMW 116 d - M Sport automatica,https://www.autoscout24.it/annunci/bmw-116-d-m-sport-automatica-diesel-grigio-cat_ma13mo18480-510ae9be-1ded-4efe-877e-cde524af32a8,BMW,116,d - M Sport automatica,21500,103093,Automatico,01/2023,Diesel,85 kW (116 CV),Achille Mele • IT-80059 Torre Del Greco - Napoli - Na,Rivenditore
BMW 116 116d Business Advantage automatica - Full Optional,https://www.autoscout24.it/annunci/bmw-116-116d-business-advantage-automatica-full-optional-diesel-bianco-cat_ma13mo18480-7deff0e3-730f-49af-a66a-5376b2de0b72,BMW,116,116d Business Advantage automatica - Full Optional,21000,79900,Semiautomatico,11/2022,Diesel,85 kW (116 CV),In & Out srls • IT-70017 Putignano - Bari - BA,Rivenditore
BMW 116 116d Msport auto,https://www.autoscout24.it/annunci/bmw-116-116d-msport-auto-diesel-nero-cat_ma13mo18480-0fa3bcc4-8a38-44ac-92d8-46e63e2a9149,BMW,116,116d Msport auto,22000,120000,Semiautomatico,11/2021,Diesel,85 kW (116 CV),"Privato,IT-84121 Salerno",Privato
BMW 116 Serie 1 F40 116d,https://www.autoscout24.it/annunci/bmw-116-serie-1-f40-116d-diesel-grigio-cat_ma13mo18480-d7cb7975-fa0a-4422-832e-9b8233281f69,BMW,116,Serie 1 F40 116d,21900,76000,Manuale,04/2023,Diesel,85 kW (116 CV),Cardoni Auto Di Cardoni Alessandro • IT-06024 Gubbio - PG,Rivenditore
BMW 118 118i Digital Edition 5p auto,https://www.autoscout24.it/annunci/bmw-118-118i-digital-edition-5p-auto-benzina-cat_ma13mo18481-62ab4d58-bdfd-42c8-890b-5f3f514b54bc,BMW,118,118i Digital Edition 5p auto,21000,58000,Automatico,03/2021,Benzina,100 kW (136 CV),"Privato,IT-87100 Cosenza",Privato
BMW 118 Msport 118i,https://www.autoscout24.it/annunci/bmw-118-msport-118i-benzina-bianco-cat_ma13mo18481-d13491ad-f088-4f40-895e-48a1a2401e1e,BMW,118,Msport 118i,21900,74900,Manuale,12/2020,Benzina,100 kW (136 CV),TuaCar • IT-10024 Moncalieri -To,Rivenditore
BMW 118 i 118i 1.5i 5p. Advantage Manuale 136CV,https://www.autoscout24.it/annunci/bmw-118-i-118i-1-5i-5p-advantage-manuale-136cv-benzina-grigio-cat_ma13mo18481-c30e2c08-6e7d-4e90-bc7f-2649c0903c47,BMW,118,i 118i 1.5i 5p. Advantage Manuale 136CV,21300,72937,Manuale,02/2023,Benzina,100 kW (136 CV),Centrauto Srl • IT-23014 Andalo Valtellino - Sondrio - So,Rivenditore
BMW 118 118d Msport auto,https://www.autoscout24.it/annunci/bmw-118-118d-msport-auto-diesel-cat_ma13mo18481-6deea594-2e1b-4c37-b2d4-d920017feb6c,BMW,118,118d Msport auto,21500,168000,Semiautomatico,11/2021,Diesel,110 kW (150 CV),"Privato,IT-72021 Francavilla Fontana",Privato
BMW 118 118d Msport 5p auto,https://www.autoscout24.it/annunci/bmw-118-118d-msport-5p-auto-diesel-nero-cat_ma13mo18481-aa7da4d2-710f-43bc-9f87-c0af430959c5,BMW,118,118d Msport 5p auto,21000,99000,Automatico,05/2020,Diesel,110 kW (150 CV),Autoservice Mb Srl • IT-23868 Valmadrera - Lecco - Lc,Rivenditore
BMW 118 118d Msport Pro  5p auto,https://www.autoscout24.it/annunci/bmw-118-118d-msport-pro-5p-auto-diesel-cat_ma13mo18481-9f669a5b-3eea-4652-a623-eb6274ed1cb5,BMW,118,118d Msport Pro  5p auto,21499,145000,Semiautomatico,03/2021,Diesel,110 kW (150 CV),Spinosauto Group Srl • IT-81030 Cellole - Ce,Rivenditore
BMW 118 118i Msport 140cv,https://www.autoscout24.it/annunci/bmw-118-118i-msport-140cv-benzina-bianco-cat_ma13mo18481-8e3b1a03-c027-4e06-8dbe-1fd7538e24e2,BMW,118,118i Msport 140cv,21986,79000,Manuale,07/2023,Benzina,103 kW (140 CV),"Privato,IT-01016 Tarquinia",Privato
BMW 116 116d Msport auto,https://www.autoscout24.it/annunci/bmw-116-116d-msport-auto-diesel-bianco-cat_ma13mo18480-cf47a68c-a6c8-40a2-b768-2b031cacdb6c,BMW,116,116d Msport auto,21900,75387,Automatico,07/2021,Diesel,85 kW (116 CV),"Privato,IT-97015 Modica",Privato
BMW 118 118d Business Advantage auto,https://www.autoscout24.it/annunci/bmw-118-118d-business-advantage-auto-diesel-nero-cat_ma13mo18481-c9a71d21-25bc-46a5-bfa0-2f49f23201ff,BMW,118,118d Business Advantage auto,21500,122844,Semiautomatico,10/2020,Diesel,110 kW (150 CV),"Privato,IT-00031 Artena",Privato
BMW 118 Serie 1 F40 118i Business Advantage 140cv,https://www.autoscout24.it/annunci/bmw-118-serie-1-f40-118i-business-advantage-140cv-benzina-nero-cat_ma13mo18481-d826e85f-d2c3-4066-b7fe-0f1024e37eb6,BMW,118,Serie 1 F40 118i Business Advantage 140cv,21000,80000,Manuale,05/2023,Benzina,103 kW (140 CV),Max Motors di Cortinovis Massimo • IT-24050 Zanica - Bergamo - Bg,Rivenditore
BMW 116 BMW 116D 115CV STEPTRONIC BUSINESS ADVANTAGE ( FAR,https://www.autoscout24.it/annunci/bmw-116-bmw-116d-115cv-steptronic-business-advantage-far-diesel-blu-azzurro-cat_ma13mo18480-113d5d32-3f8c-42e0-81ae-bc681c877c43,BMW,116,BMW 116D 115CV STEPTRONIC BUSINESS ADVANTAGE ( FAR,21600,62000,Automatico,07/2022,Diesel,85 kW (116 CV),Auto Genova Srl • IT-84131 Salerno - Sa,Rivenditore
BMW 116 116d ADVANTAGE AUTOM. AZIENDALE GUIDABILE NEOPAT.,https://www.autoscout24.it/annunci/bmw-116-116d-advantage-autom-aziendale-guidabile-neopat-diesel-grigio-cat_ma13mo18480-e20e3b32-6d15-4428-83ad-a7e502a23f66,BMW,116,116d ADVANTAGE AUTOM. AZIENDALE GUIDABILE NEOPAT.,21300,65533,Semiautomatico,09/2020,Diesel,85 kW (116 CV),Fornaini Auto Srl • IT-50100 Sesto Fiorentino - Firenze - Fi,Rivenditore
BMW 118 118d Msport 5p auto,https://www.autoscout24.it/annunci/bmw-118-118d-msport-5p-auto-diesel-cat_ma13mo18481-373e4b62-447e-4ea3-a9f6-c18333edb037,BMW,118,118d Msport 5p auto,22000,128000,Semiautomatico,06/2020,Diesel,110 kW (150 CV),"Privato,IT-33100 Udine",Privato
BMW 118 118d Msport auto,https://www.autoscout24.it/annunci/bmw-118-118d-msport-auto-diesel-cat_ma13mo18481-24f1c1dc-ef67-4d75-b2c5-ee18a35a343f,BMW,118,118d Msport auto,21000,115000,Semiautomatico,09/2020,Diesel,110 kW (150 CV),"Privato,IT-37050 Palù",Privato
BMW 116 116d Advantage auto,https://www.autoscout24.it/annunci/bmw-116-116d-advantage-auto-diesel-bianco-cat_ma13mo18480-bb10b472-643c-49e0-b23e-178f56d7b6bd,BMW,116,116d Advantage auto,21500,67319,Automatico,11/2022,Diesel,85 kW (116 CV),Nanni Nember Srl  - Brescia • IT-25126 Brescia - Bs,Rivenditore
BMW 116 d Msport 5p Aut. TETTO-NAVI-PELLE-PARK-LED-CARPLAY,https://www.autoscout24.it/annunci/bmw-116-d-msport-5p-aut-tetto-navi-pelle-park-led-carplay-diesel-cat_ma13mo18480-52edabb6-cc70-4517-8df3-9afc97d025d6,BMW,116,d Msport 5p Aut. TETTO-NAVI-PELLE-PARK-LED-CARPLAY,21300,134000,Automatico,03/2021,Diesel,85 kW (116 CV),Punto Auto di Castellano Alfredo • IT-71045 Orta Nova - Foggia - Fg,Rivenditore
BMW 116 BMW 116D 115CV 6M. BUSINESS ADVANTAGE ( FARI LED -,https://www.autoscout24.it/annunci/bmw-116-bmw-116d-115cv-6m-business-advantage-fari-led-diesel-nero-cat_ma13mo18480-70c194f9-4a77-4393-90b9-bc70d359bfc2,BMW,116,BMW 116D 115CV 6M. BUSINESS ADVANTAGE ( FARI LED -,21400,33000,Manuale,10/2022,Diesel,85 kW (116 CV),Auto Genova Srl • IT-84131 Salerno - Sa,Rivenditore
BMW 116 i 5p. sport STEPTRONIC TELECAMERA- FULL,https://www.autoscout24.it/annunci/bmw-116-i-5p-sport-steptronic-telecamera-full-benzina-grigio-cat_ma13mo18480-ba9744c2-d198-4cfb-905a-0b18f502b961,BMW,116,i 5p. sport STEPTRONIC TELECAMERA- FULL,21900,85000,Automatico,03/2023,Benzina,80 kW (109 CV),Punto Auto Srl • IT-86170 Isernia - Is,Rivenditore
BMW 116 116d auto,https://www.autoscout24.it/annunci/bmw-116-116d-auto-diesel-bianco-cat_ma13mo18480-b8b49d4f-ceb1-433d-8bcc-857837e98c0c,BMW,116,116d auto,21499,83233,Automatico,08/2022,Diesel,85 kW (116 CV),Ab Car S.r.l. • IT-81022 Località San Paolo - Casagiove - Caserta,Rivenditore
BMW 118 118d M Sport,https://www.autoscout24.it/annunci/bmw-118-118d-m-sport-diesel-bianco-cat_ma13mo18481-311cb23e-f310-4c05-8baa-f570d0d095e3,BMW,118,118d M Sport,21399,110962,Automatico,06/2021,Diesel,110 kW (150 CV),Autohero Italia srl • IT-40131 Bologna,Rivenditore
BMW 118 118d M Sport,https://www.autoscout24.it/annunci/bmw-118-118d-m-sport-diesel-bianco-cat_ma13mo18481-7092c6f8-a6fa-4216-9fe2-c43e689cae3e,BMW,118,118d M Sport,21399,110962,Automatico,06/2021,Diesel,110 kW (150 CV),Autohero Italia srl • IT-00169 Roma,Rivenditore
BMW 116 116i Msport Exterior auto,https://www.autoscout24.it/annunci/bmw-116-116i-msport-exterior-auto-benzina-bianco-cat_ma13mo18480-c20a39c7-c0c8-4d37-83f7-178720474548,BMW,116,116i Msport Exterior auto,21990,124000,Automatico,04/2022,Benzina,80 kW (109 CV),Passion Car • IT-03024 Ceprano - Fr,Rivenditore
BMW 116 i Advantage,https://www.autoscout24.it/annunci/bmw-116-i-advantage-benzina-nero-cat_ma13mo18480-523b81ab-ced1-48a1-bc0a-d2475700766e,BMW,116,i Advantage,21900,47069,Manuale,05/2023,Benzina,80 kW (109 CV),Autoteam 9 - Intergea Nord Est • IT-37136 Verona,Rivenditore
BMW 116 Serie 1 F40 116d Advantage auto *APP *PDC,https://www.autoscout24.it/annunci/bmw-116-serie-1-f40-116d-advantage-auto-app-pdc-diesel-nero-cat_ma13mo18480-c300b8a2-eec4-44fc-bdc0-358b0b5813d4,BMW,116,Serie 1 F40 116d Advantage auto *APP *PDC,21000,86759,Automatico,06/2023,Diesel,85 kW (116 CV),Car Village Srls • IT-00177 Roma - RM,Rivenditore
BMW 116 116d Msport auto,https://www.autoscout24.it/annunci/bmw-116-116d-msport-auto-diesel-cat_ma13mo18480-0f8fd81b-64a9-4fb0-b33c-0cd3e183e52a,BMW,116,116d Msport auto,21000,122500,Semiautomatico,11/2020,Diesel,85 kW (116 CV),"Privato,IT-19037 Santo Stefano Di Magra",Privato
BMW 116 d Business Advantage,https://www.autoscout24.it/annunci/bmw-116-d-business-advantage-diesel-nero-cat_ma13mo18480-40f337f2-0f41-4492-847d-657d38143311,BMW,116,d Business Advantage,21000,71430,Manuale,05/2022,Diesel,85 kW (116 CV),Birindelli Auto Srl • IT-50059 Vinci - Firenze - Fi,Rivenditore
BMW 118 118d M Sport,https://www.autoscout24.it/annunci/bmw-118-118d-m-sport-diesel-bianco-cat_ma13mo18481-35ee1bb9-509d-4500-b847-c6d905e0d566,BMW,118,118d M Sport,21399,110962,Automatico,06/2021,Diesel,110 kW (150 CV),Autohero Italia Srl - Livorno • IT-57014 Stagno - Livorno - LI,Rivenditore
BMW 116 116d Msport auto,https://www.autoscout24.it/annunci/bmw-116-116d-msport-auto-diesel-bianco-cat_ma13mo18480-df78522c-e6bd-4953-b374-18a6279d022e,BMW,116,116d Msport auto,21000,134000,Automatico,10/2021,Diesel,85 kW (116 CV),"Privato,IT-98066 Patti",Privato
BMW 118 Serie 1 F40 118i Msport 136cv auto,https://www.autoscout24.it/annunci/bmw-118-serie-1-f40-118i-msport-136cv-auto-benzina-blu-azzurro-cat_ma13mo18481-568156b9-8916-4b30-99f6-57ffeba9a5c3,BMW,118,Serie 1 F40 118i Msport 136cv auto,21900,92000,Semiautomatico,06/2021,Benzina,100 kW (136 CV),Violante Automotive di Violante Diego • IT-10015 Ivrea - Torino - TO,Rivenditore
BMW 116 d Business Advantage auto 116cv,https://www.autoscout24.it/annunci/bmw-116-d-business-advantage-auto-116cv-diesel-grigio-cat_ma13mo18480-2f6017aa-d204-487d-8bfd-d65a36ac5d6b,BMW,116,d Business Advantage auto 116cv,21500,55459,Semiautomatico,09/2022,Diesel,85 kW (116 CV),L'Auto Srl • IT-86170 Isernia - IS,Rivenditore
BMW 118 118d Msport auto,https://www.autoscout24.it/annunci/bmw-118-118d-msport-auto-diesel-cat_ma13mo18481-31bdabae-f13e-4196-b8e6-8f4d4e86119e,BMW,118,118d Msport auto,21990,148000,Semiautomatico,05/2020,Diesel,110 kW (150 CV),Spinosauto Group Srl • IT-81030 Cellole - Ce,Rivenditore
BMW 118 118d M Sport,https://www.autoscout24.it/annunci/bmw-118-118d-m-sport-diesel-bianco-cat_ma13mo18481-91bfac76-a22d-4cb1-b97a-289402c82e22,BMW,118,118d M Sport,21399,110962,Automatico,06/2021,Diesel,110 kW (150 CV),Autohero Italia Srl - Torino • IT-10092 Beinasco - TO,Rivenditore
BMW 116 116d 5p. Msport,https://www.autoscout24.it/annunci/bmw-116-116d-5p-msport-diesel-nero-cat_ma13mo18480-32e1e16d-fda7-4121-9bcf-ae7fcd3be32d,BMW,116,116d 5p. Msport,21900,111830,Automatico,02/2020,Diesel,85 kW (116 CV),Lepanto 2 Srl • IT-37135 Zai - Verona -VR,Rivenditore
BMW 118 Serie 1 F40 118i Business Advantage 140cv CAMBIO MANUALE,https://www.autoscout24.it/annunci/bmw-118-serie-1-f40-118i-business-advantage-140cv-cambio-manuale-benzina-bianco-cat_ma13mo18481-663ddc63-9486-4a62-b6a9-0d7836fd27dc,BMW,118,Serie 1 F40 118i Business Advantage 140cv CAMBIO MANUALE,22000,67000,Manuale,02/2023,Benzina,103 kW (140 CV),Max Motors di Cortinovis Massimo • IT-24050 Zanica - Bergamo - Bg,Rivenditore
BMW 116 116d Business Advantage auto,https://www.autoscout24.it/annunci/bmw-116-116d-business-advantage-auto-diesel-bianco-cat_ma13mo18480-5a6929e4-cb94-415a-8af4-fff4e29c27ff,BMW,116,116d Business Advantage auto,22000,98000,Automatico,02/2023,Diesel,85 kW (116 CV),Cars Hotel Consulting srl • IT-15033 Casale Monferrato - Alessandria - AL,Rivenditore
BMW 118 118d M Sport,https://www.autoscout24.it/annunci/bmw-118-118d-m-sport-diesel-bianco-cat_ma13mo18481-1155cb72-7d38-4337-9508-89dbc5579310,BMW,118,118d M Sport,21399,110962,Automatico,06/2021,Diesel,110 kW (150 CV),Autohero Italia Srl • IT-20155 Milano - Mi,Rivenditore
BMW 118 118i 5p. Msport,https://www.autoscout24.it/annunci/bmw-118-118i-5p-msport-benzina-bianco-cat_ma13mo18481-b3fb32e2-26b1-463e-b056-081183296254,BMW,118,118i 5p. Msport,21500,108600,Automatico,02/2020,Benzina,103 kW (140 CV),Privacar Pescara - Chieti • IT-66100 Chieti - CH,Rivenditore
BMW 116 Serie 1 F40 116d Msport auto,https://www.autoscout24.it/annunci/bmw-116-serie-1-f40-116d-msport-auto-diesel-nero-cat_ma13mo18480-a6c90e00-2281-46f8-b6e7-3374c9bf4170,BMW,116,Serie 1 F40 116d Msport auto,21000,139000,Automatico,04/2021,Diesel,85 kW (116 CV),"Privato,IT-72019 San Vito dei Normanni",Privato
BMW 116 116d Business Advantage auto,https://www.autoscout24.it/annunci/bmw-116-116d-business-advantage-auto-diesel-bianco-cat_ma13mo18480-2f6d4ceb-cce5-47e9-b635-2f4121ac2c14,BMW,116,116d Business Advantage auto,22000,98000,Automatico,02/2023,Diesel,85 kW (116 CV),Cars Hotel Consulting srl • IT-15033 Casale Monferrato - Alessandria - AL,Rivenditore
BMW 118 118d M Sport,https://www.autoscout24.it/annunci/bmw-118-118d-m-sport-diesel-bianco-cat_ma13mo18481-5d8ec644-2c6c-41c8-a389-8c8502732a2c,BMW,118,118d M Sport,21399,110962,Automatico,06/2021,Diesel,110 kW (150 CV),AutoHero Italia Srl • IT-09122 Cagliari  - CA,Rivenditore
BMW 116 Serie 1 F40 116d Business Advantage auto,https://www.autoscout24.it/annunci/bmw-116-serie-1-f40-116d-business-advantage-auto-diesel-nero-cat_ma13mo18480-b96f7312-fbca-473d-a128-cc476541c971,BMW,116,Serie 1 F40 116d Business Advantage auto,22000,96000,Semiautomatico,06/2021,Diesel,85 kW (116 CV),"Privato,IT-30033 Noale",Privato
BMW 118 118d M Sport,https://www.autoscout24.it/annunci/bmw-118-118d-m-sport-diesel-bianco-cat_ma13mo18481-0bc8cac0-4db3-4baf-8083-daaee00375d2,BMW,118,118d M Sport,21399,110962,Automatico,06/2021,Diesel,110 kW (150 CV),Autohero Italia Srl • IT-37135 Verona - VR,Rivenditore
BMW 120 118d 5p. Business M-SPORT,https://www.autoscout24.it/annunci/bmw-120-118d-5p-business-m-sport-diesel-bianco-cat_ma13mo18482-fa392d6d-e9c5-42ae-9158-3336f9f2055a,BMW,120,118d 5p. Business M-SPORT,21999,143000,Automatico,06/2020,Diesel,110 kW (150 CV),Dottorauto di Calanni Calamaro Giuseppe & C. Sas • IT-95030 Maniace - Catania - Ct,Rivenditore
BMW 118 118i Msport 136cv,https://www.autoscout24.it/annunci/bmw-118-118i-msport-136cv-benzina-blu-azzurro-cat_ma13mo18481-e2ab5460-9406-4288-9caa-c89ef3af2e69,BMW,118,118i Msport 136cv,23000,44000,Manuale,02/2024,Benzina,100 kW (136 CV),Proxima Auto • IT-10078 Venaria Reale - Torino - TO,Rivenditore
BMW 118 118d Msport auto,https://www.autoscout24.it/annunci/bmw-118-118d-msport-auto-diesel-blu-azzurro-cat_ma13mo18481-5b4e76f1-4bda-4854-89fb-77600597d6c4,BMW,118,118d Msport auto,22900,43190,Automatico,01/2022,Diesel,110 kW (150 CV),Lodauto Spa • IT-24124 Bergamo -  BG,Rivenditore
BMW 120 i Msport auto,https://www.autoscout24.it/annunci/bmw-120-i-msport-auto-benzina-nero-cat_ma13mo18482-389b8b33-e991-469b-8a22-ef83e5823544,BMW,120,i Msport auto,22800,95420,Automatico,06/2021,Benzina,131 kW (178 CV),Birindelli Auto Srl • IT-50059 Vinci - Firenze - Fi,Rivenditore
BMW 116 i Msport auto,https://www.autoscout24.it/annunci/bmw-116-i-msport-auto-benzina-nero-cat_ma13mo18480-d5b5642a-babf-41e5-91e3-c143994e916b,BMW,116,i Msport auto,22900,68000,Automatico,06/2023,Benzina,80 kW (109 CV),Autostar Fondi Srl • IT-04022 Fondi - Latina - Lt,Rivenditore
BMW 118 118i 5p. Msport,https://www.autoscout24.it/annunci/bmw-118-118i-5p-msport-benzina-nero-cat_ma13mo18481-c7626082-13de-4c99-9e41-f93b57c09064,BMW,118,118i 5p. Msport,22900,23000,Manuale,12/2023,Benzina,100 kW (136 CV),Automobile Torino srl • IT-10034 Chivasso - Torino,Rivenditore
BMW 118 118i 5p. Msport,https://www.autoscout24.it/annunci/bmw-118-118i-5p-msport-benzina-bianco-cat_ma13mo18481-025fd3bf-d1c5-4aed-9832-595fb9f116b3,BMW,118,118i 5p. Msport,22900,20500,Manuale,12/2023,Benzina,100 kW (136 CV),Automobile Torino srl • IT-10034 Chivasso - Torino,Rivenditore
BMW 116 d Msport,https://www.autoscout24.it/annunci/bmw-116-d-msport-diesel-blu-azzurro-cat_ma13mo18480-d0d08222-2e33-4d16-a081-43ec11a9c9d9,BMW,116,d Msport,23000,86300,Automatico,06/2021,Diesel,85 kW (116 CV),Birindelli Auto Srl • IT-50059 Vinci - Firenze - Fi,Rivenditore
BMW 118 118i Msport,https://www.autoscout24.it/annunci/bmw-118-118i-msport-benzina-bianco-cat_ma13mo18481-5e78acb1-3df8-4827-8c9b-7b4ee9be65b5,BMW,118,118i Msport,22999,40146,Automatico,09/2020,Benzina,103 kW (140 CV),Autohero Italia Srl • IT-20155 Milano - Mi,Rivenditore
BMW 118 118i 5p. Msport,https://www.autoscout24.it/annunci/bmw-118-118i-5p-msport-benzina-bianco-cat_ma13mo18481-5554ab8e-b219-4532-8170-c5dfa0aa68c7,BMW,118,118i 5p. Msport,22900,24000,Manuale,12/2023,Benzina,100 kW (136 CV),Automobile Torino srl • IT-10034 Chivasso - Torino,Rivenditore
BMW 118 118d Msport auto,https://www.autoscout24.it/annunci/bmw-118-118d-msport-auto-diesel-nero-cat_ma13mo18481-a7d42827-33f4-4203-89e5-e5703dc10c3f,BMW,118,118d Msport auto,22500,99706,Automatico,08/2021,Diesel,110 kW (150 CV),Bonera spa • IT-25135 Brescia,Rivenditore
BMW 118 d Msport auto,https://www.autoscout24.it/annunci/bmw-118-d-msport-auto-diesel-bianco-cat_ma13mo18481-a4417bcb-0393-4e9d-b250-7a89e89ce3d3,BMW,118,d Msport auto,22500,138744,Automatico,05/2022,Diesel,110 kW (150 CV),Autoabruzzo srl • IT-66020 San Giovanni Teatino - Sambuceto - Chieti - Ch,Rivenditore
BMW 120 120d Msport  xDrive,https://www.autoscout24.it/annunci/bmw-120-120d-msport-xdrive-diesel-grigio-cat_ma13mo18482-642ed34b-f691-48de-b84b-855327a41c5c,BMW,120,120d Msport  xDrive,22199,143898,Automatico,12/2022,Diesel,140 kW (190 CV),Autohero Italia srl • IT-00169 Roma,Rivenditore
BMW 116 d Msport auto,https://www.autoscout24.it/annunci/bmw-116-d-msport-auto-diesel-grigio-cat_ma13mo18480-51c11078-65ed-4fcf-a2bd-2cebb411ff38,BMW,116,d Msport auto,22900,93926,Automatico,06/2021,Diesel,85 kW (116 CV),Rivoltella Spa • IT-24040 Arcene - Bergamo - Bg,Rivenditore
BMW 118 Serie 1 F40 118d Msport auto 2022,https://www.autoscout24.it/annunci/bmw-118-serie-1-f40-118d-msport-auto-2022-diesel-argento-cat_ma13mo18481-1f5d0acd-3532-446a-85b0-8ae44eec5af3,BMW,118,Serie 1 F40 118d Msport auto 2022,22500,69895,Semiautomatico,11/2022,Diesel,110 kW (150 CV),"Privato,IT-20831 Seregno",Privato
BMW 118 i 5p. Msport,https://www.autoscout24.it/annunci/bmw-118-i-5p-msport-benzina-grigio-cat_ma13mo18481-8172c79e-7a2b-4017-aeaf-a240eb0e4c3f,BMW,118,i 5p. Msport,22499,55570,Automatico,09/2020,Benzina,103 kW (140 CV),Link motors Collegno • IT-10093 Collegno - Torino - TO,Rivenditore
"BMW 118 i Msport 136cv auto Shadow line 2023 17""",https://www.autoscout24.it/annunci/bmw-118-i-msport-136cv-auto-shadow-line-2023-17-benzina-nero-cat_ma13mo18481-b4940c93-2fd1-4834-9f78-65f10e5c25ad,BMW,118,"i Msport 136cv auto Shadow line 2023 17""",22700,14000,Automatico,03/2023,Benzina,100 kW (136 CV),AR Motor srls • IT-00077 Montecompatri - Roma - RM,Rivenditore
BMW 120 Serie 1 120d Xdrive Msport 4X4,https://www.autoscout24.it/annunci/bmw-120-serie-1-120d-xdrive-msport-4x4-diesel-nero-cat_ma13mo18482-6b47b759-d181-4e29-90ed-3632069e658e,BMW,120,Serie 1 120d Xdrive Msport 4X4,22990,101500,Semiautomatico,06/2021,Diesel,140 kW (190 CV),Royal Car Srl • IT-31015 Conegliano - TV,Rivenditore
BMW 118 118i F40 Msport 5p auto,https://www.autoscout24.it/annunci/bmw-118-118i-f40-msport-5p-auto-benzina-cat_ma13mo18481-5a4f1b1a-c0eb-4331-9c61-304594ffdc69,BMW,118,118i F40 Msport 5p auto,22000,62000,Automatico,03/2021,Benzina,100 kW (136 CV),"Privato,IT-24127 Bergamo",Privato
BMW 120 120i Sport,https://www.autoscout24.it/annunci/bmw-120-120i-sport-benzina-nero-cat_ma13mo18482-8fd39010-08d9-40e5-9ced-99d15b1312f9,BMW,120,120i Sport,22888,70335,Semiautomatico,09/2022,Benzina,131 kW (178 CV),"Privato,IT-85100 Potenza",Privato
BMW 118 118d Msport auto,https://www.autoscout24.it/annunci/bmw-118-118d-msport-auto-diesel-nero-cat_ma13mo18481-b172668b-da0f-4a6e-86d6-f257636a4000,BMW,118,118d Msport auto,22500,69500,Semiautomatico,12/2020,Diesel,110 kW (150 CV),"Privato,IT-14100 Asti",Privato
BMW 135 M 135i xdrive auto,https://www.autoscout24.it/annunci/bmw-135-m-135i-xdrive-auto-benzina-cat_ma13mo19079-23425eb1-8afb-47f5-b357-ea7144e9b9d6,BMW,135,M 135i xdrive auto,22000,104000,Semiautomatico,07/2020,Benzina,225 kW (306 CV),"Privato,IT-66100 Chieti",Privato
BMW 118 118d Msport auto,https://www.autoscout24.it/annunci/bmw-118-118d-msport-auto-diesel-nero-cat_ma13mo18481-cc0fecb5-2243-48b7-8ff5-4aa60d4cf4a7,BMW,118,118d Msport auto,22000,79000,Automatico,06/2021,Diesel,110 kW (150 CV),"Privato,IT-60129 Ancona",Privato
BMW 120 120d Msport,https://www.autoscout24.it/annunci/bmw-120-120d-msport-diesel-nero-cat_ma13mo18482-5e53370e-55fd-4d4d-b889-4a399d6a8ed5,BMW,120,120d Msport,22300,55183,Automatico,11/2020,Diesel,140 kW (190 CV),"Privato,IT-70124 Bari",Privato
BMW 116 116d Msport Exterior auto,https://www.autoscout24.it/annunci/bmw-116-116d-msport-exterior-auto-diesel-cat_ma13mo18480-dea5c4b3-6766-4026-8e95-ccd0abc00bcc,BMW,116,116d Msport Exterior auto,22300,38000,Semiautomatico,03/2024,Diesel,85 kW (116 CV),"Privato,IT-20025 legnano",Privato
BMW 120 M Sport Pro **Sconto Forze Armate**,https://www.autoscout24.it/annunci/bmw-120-m-sport-pro-sconto-forze-armate-benzina-nero-cat_ma13mo18482-377e0be1-ae33-4c63-94f7-86978c9d956e,BMW,120,M Sport Pro **Sconto Forze Armate**,23000,50000,Automatico,02/2025,Benzina,125 kW (170 CV),KLM Auto Srl • IT-00178 Roma RM,Rivenditore
BMW 118 M Sport,https://www.autoscout24.it/annunci/bmw-118-m-sport-diesel-cat_ma13mo18481-13f92ec2-231e-4c55-9d78-1c11090616c1,BMW,118,M Sport,22500,98500,Semiautomatico,01/2021,Diesel,110 kW (150 CV),"Privato,IT-25136 Brescia",Privato
BMW 118 M SPORT AUTOMATICA GARANZIA UFF.BMW FULL LED,https://www.autoscout24.it/annunci/bmw-118-m-sport-automatica-garanzia-uff-bmw-full-led-benzina-blu-azzurro-cat_ma13mo18481-1d28c428-378a-4dd6-9048-2521670179cb,BMW,118,M SPORT AUTOMATICA GARANZIA UFF.BMW FULL LED,22890,39000,Automatico,12/2023,Benzina,100 kW (136 CV),1P Auto srl • IT-00175 Roma - Rm,Rivenditore
BMW 118 Business Advantage auto,https://www.autoscout24.it/annunci/bmw-118-business-advantage-auto-diesel-cat_ma13mo18481-97b2eb1e-a6b5-431f-9e7b-82b81bcbec84,BMW,118,Business Advantage auto,22000,73000,Semiautomatico,01/2022,Diesel,110 kW (150 CV),"Privato,IT-00146 Roma",Privato
BMW 118 118i 5p,https://www.autoscout24.it/annunci/bmw-118-118i-5p-benzina-nero-cat_ma13mo18481-68451770-7b74-4167-99b8-9da42b7f1890,BMW,118,118i 5p,22999,59664,Automatico,07/2024,Benzina,100 kW (136 CV),"Privato,IT-00133 Roma",Privato
BMW 118 Serie 1 F40 118d Msport auto,https://www.autoscout24.it/annunci/bmw-118-serie-1-f40-118d-msport-auto-diesel-nero-cat_ma13mo18481-aaffbb53-33f1-4c82-95cb-45f60688a61b,BMW,118,Serie 1 F40 118d Msport auto,23000,80000,Automatico,06/2021,Diesel,110 kW (150 CV),"Privato,IT-60129 Ancona",Privato
BMW 118 Serie 1 F40 118d Msport auto,https://www.autoscout24.it/annunci/bmw-118-serie-1-f40-118d-msport-auto-diesel-bianco-cat_ma13mo18481-fc3dfc9d-a408-4816-9f3a-3a0b4eb5cbb4,BMW,118,Serie 1 F40 118d Msport auto,22900,78579,Semiautomatico,06/2021,Diesel,110 kW (150 CV),Peroni Auto srl • IT-54011 Aulla - Massa e Carrara - MS,Rivenditore
BMW 116 F40 Diesel 116d Business Advantage auto,https://www.autoscout24.it/annunci/bmw-116-f40-diesel-116d-business-advantage-auto-altro-nero-cat_ma13mo18480-990e0f43-95e2-438e-9a3f-0dc43b852d7b,BMW,116,F40 Diesel 116d Business Advantage auto,23000,51000,,07/2022,Altro,85 kW (116 CV),Stile Spa • IT-61100 Pesaro - Pu,Rivenditore
BMW 118 F40 Advantage German Edition Active Guard Plus,https://www.autoscout24.it/annunci/bmw-118-f40-advantage-german-edition-active-guard-plus-benzina-bianco-cat_ma13mo18481-06ef8bdc-b444-4be1-8a64-fb6dfa7d670f,BMW,118,F40 Advantage German Edition Active Guard Plus,22500,30000,Automatico,07/2024,Benzina,100 kW (136 CV),"Privato,IT-21050 Gorla Maggiore",Privato
BMW 118 M SPORT INTERI ALCANTARA A GUSCIO PACK BLACK,https://www.autoscout24.it/annunci/bmw-118-m-sport-interi-alcantara-a-guscio-pack-black-benzina-cat_ma13mo18481-ff4e3ce2-e627-4264-8de5-f013af3a51a6,BMW,118,M SPORT INTERI ALCANTARA A GUSCIO PACK BLACK,22400,45500,Manuale,06/2022,Benzina,103 kW (140 CV),Auto Ferrario srl • IT-21024 Biandronno - Varese - VA,Rivenditore
BMW 116 116d Msport auto,https://www.autoscout24.it/annunci/bmw-116-116d-msport-auto-diesel-argento-cat_ma13mo18480-1301423b-9707-44b8-8b5b-82ec5a8f98f5,BMW,116,116d Msport auto,22000,66000,Semiautomatico,12/2022,Diesel,85 kW (116 CV),"Privato,IT-13894 Gaglianico",Privato
BMW 118 i Sport sedili in pelle,https://www.autoscout24.it/annunci/bmw-118-i-sport-sedili-in-pelle-benzina-cat_ma13mo18481-bb92949f-b0b5-4c43-8262-7493cd22d58e,BMW,118,i Sport sedili in pelle,22500,32300,Automatico,04/2021,Benzina,100 kW (136 CV),"Privato,IT-00174 Roma",Privato
BMW 116 F40 116i,https://www.autoscout24.it/annunci/bmw-116-f40-116i-benzina-nero-cat_ma13mo18480-af8797de-720d-4fbe-bdef-e0ade4f8efb5,BMW,116,F40 116i,22000,24321,Manuale,09/2023,Benzina,80 kW (109 CV),Autoghinzani Bergamo – Spoticar Bergamo • IT-24126 Bergamo - Bg,Rivenditore
BMW 118 118d Msport auto,https://www.autoscout24.it/annunci/bmw-118-118d-msport-auto-diesel-cat_ma13mo18481-351eb65e-dc74-4514-adce-4d7226240b25,BMW,118,118d Msport auto,22000,89000,Semiautomatico,06/2020,Diesel,110 kW (150 CV),"Privato,IT-15011 Acqui Terme",Privato
BMW 116 116i Business Advantage auto,https://www.autoscout24.it/annunci/bmw-116-116i-business-advantage-auto-benzina-grigio-cat_ma13mo18480-9dcc8a46-dc5b-45c4-af44-077c6dd81e94,BMW,116,116i Business Advantage auto,22500,41,Automatico,11/2024,Benzina,90 kW (122 CV),Venus Spa • IT-20900 Monza - Monza Brianza - Mb,Rivenditore
BMW 118 118d Msport auto,https://www.autoscout24.it/annunci/bmw-118-118d-msport-auto-diesel-cat_ma13mo18481-799b0bba-79ff-4da5-8769-6184b3d7bd5e,BMW,118,118d Msport auto,23000,58000,Semiautomatico,06/2020,Diesel,110 kW (150 CV),"Privato,IT-52010 Chiusi della Verna",Privato
BMW 120 120d Business Advantage auto,https://www.autoscout24.it/annunci/bmw-120-120d-business-advantage-auto-diesel-cat_ma13mo18482-052dc879-b4ea-46c3-a2d4-bb513d0c42c7,BMW,120,120d Business Advantage auto,22500,65000,Semiautomatico,02/2022,Diesel,140 kW (190 CV),"Privato,IT-98121 Messina",Privato
BMW 118 118i Msport 5p auto,https://www.autoscout24.it/annunci/bmw-118-118i-msport-5p-auto-benzina-cat_ma13mo18481-9f363b27-5989-43c4-954b-aa084210955d,BMW,118,118i Msport 5p auto,22800,67000,Automatico,01/2022,Benzina,100 kW (136 CV),"Privato,IT-12030 Cavallermaggiore",Privato
BMW 120 BMW 120d F40 M Sport 190CV 2020 – Full Optional –,https://www.autoscout24.it/annunci/bmw-120-bmw-120d-f40-m-sport-190cv-2020-full-optional-diesel-cat_ma13mo18482-d857cca7-fff6-426e-8d2f-64755b840b1e,BMW,120,BMW 120d F40 M Sport 190CV 2020 – Full Optional –,23000,110000,Semiautomatico,08/2020,Diesel,140 kW (190 CV),"Privato,IT-89040 Caulonia",Privato
BMW 118 Serie 1 F40 118i Msport 136cv,https://www.autoscout24.it/annunci/bmw-118-serie-1-f40-118i-msport-136cv-benzina-bianco-cat_ma13mo18481-fa9ecf13-e212-4cd7-90a2-eab14f730660,BMW,118,Serie 1 F40 118i Msport 136cv,22000,75500,Manuale,05/2022,Benzina,100 kW (136 CV),"Privato,IT-21040 Carnago",Privato
BMW 118 Serie 1 F40 118d Msport auto,https://www.autoscout24.it/annunci/bmw-118-serie-1-f40-118d-msport-auto-diesel-blu-azzurro-cat_ma13mo18481-5a2929c6-e55b-484e-b504-5b732daf52fe,BMW,118,Serie 1 F40 118d Msport auto,22500,75000,Semiautomatico,04/2021,Diesel,110 kW (150 CV),B&g Motors Snc • IT-20037 Paderno Dugnano - Mi,Rivenditore
BMW 118 Serie 1 F40 118i Sport 136cv auto,https://www.autoscout24.it/annunci/bmw-118-serie-1-f40-118i-sport-136cv-auto-benzina-nero-cat_ma13mo18481-dd4b821a-a343-422a-bf82-3ead6fdfcf4d,BMW,118,Serie 1 F40 118i Sport 136cv auto,22000,49000,Semiautomatico,06/2022,Benzina,100 kW (136 CV),"Privato,IT-20070 Vizzolo Predabissi",Privato
BMW 118 118d Msport Exterior auto,https://www.autoscout24.it/annunci/bmw-118-118d-msport-exterior-auto-diesel-cat_ma13mo18481-9f389226-9cf6-493e-9eb4-0b9f560ea2d7,BMW,118,118d Msport Exterior auto,22900,86000,Semiautomatico,08/2021,Diesel,110 kW (150 CV),"Privato,IT-36012 Asiago",Privato
BMW 116 116d Msport auto,https://www.autoscout24.it/annunci/bmw-116-116d-msport-auto-diesel-cat_ma13mo18480-6865bc15-21c0-4383-a74b-8eae5354ecf1,BMW,116,116d Msport auto,22000,92000,Semiautomatico,06/2021,Diesel,85 kW (116 CV),"Privato,IT-28062 Cameri",Privato
BMW 118 Serie 1 F40 118d Msport auto,https://www.autoscout24.it/annunci/bmw-118-serie-1-f40-118d-msport-auto-diesel-blu-azzurro-cat_ma13mo18481-e288a157-f307-439f-ba6d-9dbdb0f9fa48,BMW,118,Serie 1 F40 118d Msport auto,22900,99735,Automatico,12/2023,Diesel,110 kW (150 CV),Aicardi srl • IT-20154 Milano - MI,Rivenditore
BMW 118 118d Msport 5p auto,https://www.autoscout24.it/annunci/bmw-118-118d-msport-5p-auto-diesel-cat_ma13mo18481-c95fbec4-abd3-463a-a22f-b820f57e6f46,BMW,118,118d Msport 5p auto,23000,77500,Semiautomatico,04/2021,Diesel,110 kW (150 CV),"Privato,IT-37041 Albaredo d’adige",Privato
BMW 118 118i Msport 5p auto,https://www.autoscout24.it/annunci/bmw-118-118i-msport-5p-auto-benzina-grigio-cat_ma13mo18481-404910c6-4378-4b8a-975e-28fb38422f62,BMW,118,118i Msport 5p auto,23000,96000,Automatico,11/2023,Benzina,100 kW (136 CV),"Privato,IT-59013 Montemurlo",Privato
BMW 118 118d Msport auto,https://www.autoscout24.it/annunci/bmw-118-118d-msport-auto-diesel-bianco-cat_ma13mo18481-28a622fa-8946-4880-82c6-7da94c57a804,BMW,118,118d Msport auto,22300,80000,Automatico,04/2021,Diesel,110 kW (150 CV),"Privato,IT-33100 Udine",Privato
BMW 118 118i M sport Shadow line 136Cv Kamera navi Led Cerchio 19'',https://www.autoscout24.it/annunci/bmw-118-118i-m-sport-shadow-line-136cv-kamera-navi-led-cerchio-19-benzina-nero-cat_ma13mo18481-a635c0e9-132b-49b5-ba07-4bed05ad101f,BMW,118,118i M sport Shadow line 136Cv Kamera navi Led Cerchio 19'',22900,58000,Automatico,06/2022,Benzina,100 kW (136 CV),AR Motor srls • IT-00077 Montecompatri - Roma - RM,Rivenditore
BMW 118 118d Sport auto,https://www.autoscout24.it/annunci/bmw-118-118d-sport-auto-diesel-cat_ma13mo18481-2814563c-5a6f-4727-a47d-99ef3b5a290e,BMW,118,118d Sport auto,23000,94000,Semiautomatico,08/2020,Diesel,110 kW (150 CV),"Privato,IT-03014 Fiuggi",Privato
BMW 116 116d ColorVision Edition auto,https://www.autoscout24.it/annunci/bmw-116-116d-colorvision-edition-auto-diesel-nero-cat_ma13mo18480-aff68037-6806-4867-8ac4-55eb70ab86c7,BMW,116,116d ColorVision Edition auto,22000,45000,Automatico,09/2022,Diesel,85 kW (116 CV),"Privato,IT-63074 San Benedetto del Tronto",Privato
"BMW 118 i Msport 136cv auto shadow line camera 19""",https://www.autoscout24.it/annunci/bmw-118-i-msport-136cv-auto-shadow-line-camera-19-benzina-nero-cat_ma13mo18481-36bbeb1f-e8d0-448d-b2c2-a6aa6bc53551,BMW,118,"i Msport 136cv auto shadow line camera 19""",22990,58703,Automatico,06/2022,Benzina,100 kW (136 CV),AR Motor srls • IT-00077 Montecompatri - Roma - RM,Rivenditore
BMW 118 118d Msport auto,https://www.autoscout24.it/annunci/bmw-118-118d-msport-auto-diesel-cat_ma13mo18481-5971f456-c0ef-41db-b75f-360ad8cd58a8,BMW,118,118d Msport auto,23000,67800,Automatico,03/2021,Diesel,110 kW (150 CV),"Privato,IT-32021 Agordo",Privato
BMW 118 Serie 1 118d Msport auto,https://www.autoscout24.it/annunci/bmw-118-serie-1-118d-msport-auto-diesel-cat_ma13mo18481-b8836b5e-421c-4302-b212-8b786bea33bc,BMW,118,Serie 1 118d Msport auto,22500,63980,Automatico,01/2020,Diesel,110 kW (150 CV),Roberto Lenci Auto • IT-35010 Vigonza - Pd,Rivenditore
BMW 120 Bmw 120d Msport,https://www.autoscout24.it/annunci/bmw-120-bmw-120d-msport-diesel-cat_ma13mo18482-95e51680-51f8-40ff-83ee-0f7a9addcf97,BMW,120,Bmw 120d Msport,22000,148000,Semiautomatico,07/2021,Diesel,140 kW (190 CV),"Privato,IT-41026 Pavullo nel Frignano",Privato
BMW 118 118i Msport 5p auto,https://www.autoscout24.it/annunci/bmw-118-118i-msport-5p-auto-benzina-cat_ma13mo18481-d9dc259e-d981-4456-b40a-96ce95a914af,BMW,118,118i Msport 5p auto,23000,82300,Automatico,11/2021,Benzina,100 kW (136 CV),"Privato,IT-20021 Bollate",Privato
BMW 118 Serie 1 F40118d Msport auto,https://www.autoscout24.it/annunci/bmw-118-serie-1-f40118d-msport-auto-diesel-grigio-cat_ma13mo18481-f3e3db88-6e99-4272-b943-92f80bd6f784,BMW,118,Serie 1 F40118d Msport auto,22000,99000,Automatico,08/2022,Diesel,110 kW (150 CV),"Privato,IT-95125 Catania",Privato
BMW 116 116i Msport,https://www.autoscout24.it/annunci/bmw-116-116i-msport-benzina-bianco-cat_ma13mo18480-4f5ae8e1-2366-4dbc-899a-b96510c65bad,BMW,116,116i Msport,22000,45000,Manuale,03/2022,Benzina,80 kW (109 CV),"Privato,IT-20093 Cologno Monzese",Privato
BMW 118 118i Msport 5p auto,https://www.autoscout24.it/annunci/bmw-118-118i-msport-5p-auto-benzina-bianco-cat_ma13mo18481-cae37b50-70ea-41db-8da0-1030c2a0ca0a,BMW,118,118i Msport 5p auto,23000,70000,Automatico,02/2022,Benzina,100 kW (136 CV),"Privato,IT-20080 Besate",Privato
BMW 120 Msport 2.0 190cv - PREZZO PROMO,https://www.autoscout24.it/annunci/bmw-120-msport-2-0-190cv-prezzo-promo-diesel-cat_ma13mo18482-36629193-274c-4a1f-8d86-e3976151c669,BMW,120,Msport 2.0 190cv - PREZZO PROMO,22900,81300,Automatico,07/2020,Diesel,140 kW (190 CV),Sfr motors srl • IT-00148 Roma - Rm,Rivenditore
BMW 118 i 5p. M sport selettiva BMW!!!,https://www.autoscout24.it/annunci/bmw-118-i-5p-m-sport-selettiva-bmw-benzina-nero-cat_ma13mo18481-3c7e3b68-a00a-4266-ae9a-99623cfa3d7d,BMW,118,i 5p. M sport selettiva BMW!!!,22000,24000,Manuale,04/2024,Benzina,100 kW (136 CV),KLM Auto Srl • IT-00178 Roma RM,Rivenditore
BMW 118 Serie 1 F40 118d Msport auto,https://www.autoscout24.it/annunci/bmw-118-serie-1-f40-118d-msport-auto-diesel-grigio-cat_ma13mo18481-4f3cfd2a-c12e-4033-8af3-1831193223f1,BMW,118,Serie 1 F40 118d Msport auto,23000,86000,Semiautomatico,12/2020,Diesel,110 kW (150 CV),"Privato,IT-15121 Alessandria",Privato
BMW 116 116d Msport 5p auto,https://www.autoscout24.it/annunci/bmw-116-116d-msport-5p-auto-diesel-grigio-cat_ma13mo18480-d25482c5-ab9b-407f-b5fc-2a2cd9d393db,BMW,116,116d Msport 5p auto,22000,93500,Semiautomatico,02/2020,Diesel,85 kW (116 CV),"Privato,IT-13882 Cerrione",Privato
BMW 118 118i Msport 140cv,https://www.autoscout24.it/annunci/bmw-118-118i-msport-140cv-benzina-cat_ma13mo18481-9e5335c2-8090-4962-893e-aa1b05bbe3d0,BMW,118,118i Msport 140cv,22000,50000,Manuale,10/2020,Benzina,103 kW (140 CV),"Privato,IT-43121 Parma",Privato
BMW 118 118d Msport auto,https://www.autoscout24.it/annunci/bmw-118-118d-msport-auto-diesel-cat_ma13mo18481-b7a87a30-adec-4ab2-93dd-8b0d23a70db9,BMW,118,118d Msport auto,22500,144000,Semiautomatico,01/2021,Diesel,110 kW (150 CV),"Privato,IT-00034 colleferro",Privato
BMW 118 Serie 1 F40 118d Msport auto,https://www.autoscout24.it/annunci/bmw-118-serie-1-f40-118d-msport-auto-diesel-blu-azzurro-cat_ma13mo18481-ce411301-205b-4c24-90d6-821a9eac7262,BMW,118,Serie 1 F40 118d Msport auto,23000,76107,Semiautomatico,06/2021,Diesel,110 kW (150 CV),"Privato,IT-40069 Zola Predosa",Privato
BMW 118 118i Msport 140cv auto,https://www.autoscout24.it/annunci/bmw-118-118i-msport-140cv-auto-benzina-bianco-cat_ma13mo18481-350f73bc-4fa4-47e0-a524-5a3778586596,BMW,118,118i Msport 140cv auto,22800,63459,Automatico,04/2021,Benzina,103 kW (140 CV),Bonera spa • IT-25135 Brescia,Rivenditore
BMW 118 118d Msport auto,https://www.autoscout24.it/annunci/bmw-118-118d-msport-auto-diesel-cat_ma13mo18481-6522dac2-d800-4a97-a3d0-9683398fd68b,BMW,118,118d Msport auto,23000,91000,Semiautomatico,01/2021,Diesel,110 kW (150 CV),"Privato,IT-80010 NA",Privato
BMW 118 118d Msport auto,https://www.autoscout24.it/annunci/bmw-118-118d-msport-auto-diesel-cat_ma13mo18481-2e398f69-1a4e-472a-80a5-3b3927cfd442,BMW,118,118d Msport auto,22000,64000,Semiautomatico,07/2020,Diesel,110 kW (150 CV),"Privato,IT-60015 Falconara (AN)",Privato
"BMW 118 118i Msport 136cv auto Shadow line camera 18"" Alcantara",https://www.autoscout24.it/annunci/bmw-118-118i-msport-136cv-auto-shadow-line-camera-18-alcantara-benzina-nero-cat_ma13mo18481-a9520177-26fe-4e28-b726-67f2ec484994,BMW,118,"118i Msport 136cv auto Shadow line camera 18"" Alcantara",22900,70000,Automatico,01/2023,Benzina,100 kW (136 CV),AR Motor srls • IT-00077 Montecompatri - Roma - RM,Rivenditore
BMW 118 MSport,https://www.autoscout24.it/annunci/bmw-118-msport-benzina-cat_ma13mo18481-3814deec-8cdc-459d-97dd-25694b65a54a,BMW,118,MSport,22000,81800,Automatico,09/2020,Benzina,103 kW (140 CV),"Privato,IT-20900 Monza",Privato
BMW 116 116d Msport auto,https://www.autoscout24.it/annunci/bmw-116-116d-msport-auto-diesel-cat_ma13mo18480-1ac97407-d3cc-4f31-a305-90c7ebcf1857,BMW,116,116d Msport auto,22000,90000,Semiautomatico,07/2021,Diesel,85 kW (116 CV),"Privato,IT-24068 Bergamo",Privato
BMW 118 118d Msport auto,https://www.autoscout24.it/annunci/bmw-118-118d-msport-auto-diesel-cat_ma13mo18481-88e4fcb0-8bdd-4aaf-aaf8-3da85fa316b9,BMW,118,118d Msport auto,23000,99000,Semiautomatico,06/2020,Diesel,110 kW (150 CV),"Privato,IT-28060 Novara",Privato
BMW 116 Serie 1 F40 116d Msport auto,https://www.autoscout24.it/annunci/bmw-116-serie-1-f40-116d-msport-auto-diesel-bianco-cat_ma13mo18480-668e7703-f34f-4095-a847-5bc504710fd3,BMW,116,Serie 1 F40 116d Msport auto,22000,98000,Semiautomatico,04/2021,Diesel,85 kW (116 CV),"Privato,IT-61122 Pesaro",Privato
BMW 118 BMW 118d Msport,https://www.autoscout24.it/annunci/bmw-118-bmw-118d-msport-diesel-cat_ma13mo18481-d1ff9a11-ccae-4ec1-9d69-54eaf0233aa3,BMW,118,BMW 118d Msport,22300,87000,Semiautomatico,06/2020,Diesel,110 kW (150 CV),"Privato,IT-62019 Recanati",Privato
BMW 116 116d Msport,https://www.autoscout24.it/annunci/bmw-116-116d-msport-diesel-cat_ma13mo18480-1d4cbea5-359b-4b59-b8ef-40b76e030ac3,BMW,116,116d Msport,23000,67350,Manuale,04/2021,Diesel,85 kW (116 CV),"Privato,IT-26900 Lodi",Privato
BMW 118 118d Msport auto,https://www.autoscout24.it/annunci/bmw-118-118d-msport-auto-diesel-cat_ma13mo18481-468bffe2-57b1-47af-97fc-a598da8f4002,BMW,118,118d Msport auto,22500,89000,Semiautomatico,11/2020,Diesel,110 kW (150 CV),"Privato,IT-67100 L'Aquila",Privato
BMW 118 Serie 1 F40 118d Msport auto,https://www.autoscout24.it/annunci/bmw-118-serie-1-f40-118d-msport-auto-diesel-nero-cat_ma13mo18481-f247989d-32a6-405c-938f-01494eb68447,BMW,118,Serie 1 F40 118d Msport auto,22000,96000,Automatico,01/2021,Diesel,110 kW (150 CV),"Privato,IT-58015 Orbetello",Privato
BMW 118 118d Business Advantage auto,https://www.autoscout24.it/annunci/bmw-118-118d-business-advantage-auto-diesel-grigio-cat_ma13mo18481-c0f6e929-55d5-42be-9dd4-6a32e18df2dd,BMW,118,118d Business Advantage auto,22300,41200,Semiautomatico,11/2022,Diesel,110 kW (150 CV),Olmedo Special Vehicles spa • IT-42020 Barco Di Bibbiano  RE,Rivenditore
BMW 118 118d Aut. M Sport,https://www.autoscout24.it/annunci/bmw-118-118d-aut-m-sport-diesel-cat_ma13mo18481-c8ca435d-fead-4051-8a7e-b637b695b2f9,BMW,118,118d Aut. M Sport,23000,116000,Automatico,10/2021,Diesel,110 kW (150 CV),"Privato,IT-15060 AL",Privato
BMW 118 118d Msport auto,https://www.autoscout24.it/annunci/bmw-118-118d-msport-auto-diesel-cat_ma13mo18481-012d41b4-74e6-4701-9652-2eec0c139daf,BMW,118,118d Msport auto,22900,108000,Semiautomatico,12/2020,Diesel,110 kW (150 CV),"Privato,IT-47922 rimini",Privato
BMW 116 Serie 1 F40 116d Msport Exterior auto,https://www.autoscout24.it/annunci/bmw-116-serie-1-f40-116d-msport-exterior-auto-diesel-cat_ma13mo18480-cad8206a-1b64-4a93-8582-d9ee02690ccd,BMW,116,Serie 1 F40 116d Msport Exterior auto,23000,49000,Automatico,06/2023,Diesel,85 kW (116 CV),"Privato,IT-30037 Scorzè",Privato
BMW 116 Serie 1 F40 116d Msport auto,https://www.autoscout24.it/annunci/bmw-116-serie-1-f40-116d-msport-auto-diesel-cat_ma13mo18480-c2d5ff63-75a2-4737-97e9-6dadff4222cd,BMW,116,Serie 1 F40 116d Msport auto,23000,81000,Semiautomatico,05/2022,Diesel,85 kW (116 CV),"Privato,IT-80011 Acerra",Privato
BMW 118 118i Msport Business Advantage,https://www.autoscout24.it/annunci/bmw-118-118i-msport-business-advantage-benzina-cat_ma13mo18481-b33f0efa-a76a-4efe-bd7d-7a73c18c0669,BMW,118,118i Msport Business Advantage,22000,102000,Automatico,03/2021,Benzina,100 kW (136 CV),"Privato,IT-32038 Setteville",Privato
BMW 118 Bmw Serie 1 F40 118d Msport Con Pacchetto Service,https://www.autoscout24.it/annunci/bmw-118-bmw-serie-1-f40-118d-msport-con-pacchetto-service-diesel-cat_ma13mo18481-3df5eec5-b738-4177-9fca-685ca3ccdd81,BMW,118,Bmw Serie 1 F40 118d Msport Con Pacchetto Service,23000,100150,Semiautomatico,01/2021,Diesel,110 kW (150 CV),"Privato,IT-00139 Roma",Privato
BMW 118 Serie 1 F40 118d Msport auto,https://www.autoscout24.it/annunci/bmw-118-serie-1-f40-118d-msport-auto-diesel-blu-azzurro-cat_ma13mo18481-018a74fd-8bad-455b-b843-d0f16f1aff07,BMW,118,Serie 1 F40 118d Msport auto,23000,62000,Automatico,08/2021,Diesel,110 kW (150 CV),"Privato,IT-35129 Padova",Privato
BMW 116 d M Sport Auto Sedili Sportivi Alcantara Msport,https://www.autoscout24.it/annunci/bmw-116-d-m-sport-auto-sedili-sportivi-alcantara-msport-diesel-blu-azzurro-cat_ma13mo18480-bbf9b3de-61b1-4310-ab86-6099a51f49fa,BMW,116,d M Sport Auto Sedili Sportivi Alcantara Msport,22700,88000,Automatico,04/2023,Diesel,85 kW (116 CV),Pluricar Srl • IT-26022 Costa Sant'Abramo  - Cremona - CR,Rivenditore
BMW 118 Serie 1 F40 118i Msport 140cv auto,https://www.autoscout24.it/annunci/bmw-118-serie-1-f40-118i-msport-140cv-auto-benzina-bianco-cat_ma13mo18481-6668e304-c7ea-4991-aa96-3bfd6475e18c,BMW,118,Serie 1 F40 118i Msport 140cv auto,22900,71000,Automatico,01/2020,Benzina,103 kW (140 CV),"Privato,IT-25125 Brescia",Privato
BMW 120 - 120i 5p. Business Advantage,https://www.autoscout24.it/annunci/bmw-120-120i-5p-business-advantage-benzina-argento-cat_ma13mo18482-66194ef5-6408-4fea-9563-8685980a2beb,BMW,120,- 120i 5p. Business Advantage,22100,59738,Automatico,10/2021,Benzina,131 kW (178 CV),F.lli Cozzi Spa • IT-20025 Legnano - Milano - Mi,Rivenditore
BMW 118 118i Msport 5p auto,https://www.autoscout24.it/annunci/bmw-118-118i-msport-5p-auto-benzina-cat_ma13mo18481-d899decc-2aa4-436a-9e32-8eb1415af586,BMW,118,118i Msport 5p auto,23000,79000,Automatico,07/2022,Benzina,100 kW (136 CV),"Privato,IT-07026 Olbia",Privato
BMW 118 118i Msport 5p auto,https://www.autoscout24.it/annunci/bmw-118-118i-msport-5p-auto-benzina-grigio-cat_ma13mo18481-080d9914-5081-439d-b5fe-12ab166d81f8,BMW,118,118i Msport 5p auto,22000,79900,Automatico,12/2023,Benzina,100 kW (136 CV),Auto Yachting Mango Srl • IT-84034 Padula - Salerno - Sa,Rivenditore
BMW 116 116d Msport auto,https://www.autoscout24.it/annunci/bmw-116-116d-msport-auto-diesel-grigio-cat_ma13mo18480-0da70569-d467-44c4-841a-47be0c117370,BMW,116,116d Msport auto,22490,95000,Semiautomatico,10/2021,Diesel,85 kW (116 CV),Savian Car Srl - Mad Auto • IT-81050 Portico Di Caserta - Caserta - CE,Rivenditore
BMW 120 120d xdrive auto - GANCIO,https://www.autoscout24.it/annunci/bmw-120-120d-xdrive-auto-gancio-diesel-cat_ma13mo18482-d509650f-a0e2-4788-a898-701726cc8d79,BMW,120,120d xdrive auto - GANCIO,22500,56572,Automatico,11/2020,Diesel,140 kW (190 CV),Auto Formula Srl • IT-20028 San Vittore Olona - Milano,Rivenditore
BMW 116 116d Msport auto,https://www.autoscout24.it/annunci/bmw-116-116d-msport-auto-diesel-cat_ma13mo18480-860ae1c7-b0ce-4200-a87a-6d920841b295,BMW,116,116d Msport auto,22500,68000,Semiautomatico,06/2021,Diesel,85 kW (116 CV),"Privato,IT-73100 Lecce",Privato
BMW 118 Serie 1 F40 118i Msport 140cv,https://www.autoscout24.it/annunci/bmw-118-serie-1-f40-118i-msport-140cv-benzina-nero-cat_ma13mo18481-117a7071-e02f-4d39-8dcb-a2ab38dab867,BMW,118,Serie 1 F40 118i Msport 140cv,22000,65000,Manuale,06/2020,Benzina,103 kW (140 CV),"Privato,IT-10079 Mappano",Privato
BMW 118 i Msport 140cv auto tetto camera 2020,https://www.autoscout24.it/annunci/bmw-118-i-msport-140cv-auto-tetto-camera-2020-benzina-bianco-cat_ma13mo18481-a54577a1-352f-47d0-959f-faf25c7603a2,BMW,118,i Msport 140cv auto tetto camera 2020,22490,39400,Automatico,01/2020,Benzina,103 kW (140 CV),AR Motor srls • IT-00077 Montecompatri - Roma - RM,Rivenditore
BMW 118 118d Msport auto,https://www.autoscout24.it/annunci/bmw-118-118d-msport-auto-diesel-cat_ma13mo18481-07b2ba42-876d-4c91-88d5-d5bc5ef5204e,BMW,118,118d Msport auto,22800,86617,Automatico,09/2020,Diesel,110 kW (150 CV),"Privato,IT-80018 Mugnano di Napoli",Privato
BMW 125 120D XDRIVE MSPORT 190CV AUTOMATICA STEPTRONIC,https://www.autoscout24.it/annunci/bmw-125-120d-xdrive-msport-190cv-automatica-steptronic-diesel-grigio-cat_ma13mo19084-dc005891-89a4-478a-bbed-859b06f0044f,BMW,125,120D XDRIVE MSPORT 190CV AUTOMATICA STEPTRONIC,22900,125196,Automatico,04/2021,Diesel,140 kW (190 CV),Autobaselli Srl • IT-25027 Quinzano d'Oglio - Brescia - Bs,Rivenditore
BMW 116 116d Msport auto,https://www.autoscout24.it/annunci/bmw-116-116d-msport-auto-diesel-cat_ma13mo18480-836b6842-0ba2-40c7-8398-8a9e843e6280,BMW,116,116d Msport auto,22000,80000,Semiautomatico,01/2021,Diesel,85 kW (116 CV),"Privato,IT-31036 Treviso",Privato
BMW 118 118d Msport auto,https://www.autoscout24.it/annunci/bmw-118-118d-msport-auto-diesel-cat_ma13mo18481-11db533a-9734-401d-8d66-624fc083360a,BMW,118,118d Msport auto,22999,130000,Semiautomatico,01/2020,Diesel,110 kW (150 CV),"Privato,IT-88046 lamezia terme",Privato
BMW 118 118d Msport,https://www.autoscout24.it/annunci/bmw-118-118d-msport-diesel-cat_ma13mo18481-311b7921-9928-475d-ace8-92754504c5d0,BMW,118,118d Msport,23000,101000,Manuale,09/2021,Diesel,110 kW (150 CV),"Privato,IT-12060 cherasco",Privato
BMW 118 Serie 1 F40118i Msport 136cv auto,https://www.autoscout24.it/annunci/bmw-118-serie-1-f40118i-msport-136cv-auto-benzina-blu-azzurro-cat_ma13mo18481-281fe879-0490-40f4-b7a4-adf0dd73a9de,BMW,118,Serie 1 F40118i Msport 136cv auto,22700,85000,Automatico,03/2021,Benzina,100 kW (136 CV),"Privato,IT-70020 Bitritto",Privato
BMW 116 116d Msport 5p auto,https://www.autoscout24.it/annunci/bmw-116-116d-msport-5p-auto-diesel-cat_ma13mo18480-823a6e03-0dd3-4c1f-90f6-6838f29fdd87,BMW,116,116d Msport 5p auto,22500,63300,Automatico,02/2020,Diesel,85 kW (116 CV),"Privato,IT-31056 Roncade",Privato
BMW 118 d Msport automatico EU6,https://www.autoscout24.it/annunci/bmw-118-d-msport-automatico-eu6-diesel-blu-azzurro-cat_ma13mo18481-b4c13caa-1a45-48d4-8f43-2d4fa41008bf,BMW,118,d Msport automatico EU6,22400,87000,Semiautomatico,09/2020,Diesel,110 kW (150 CV),Eticar di Rossi Barbara • IT-16148 Genova - Ge,Rivenditore
BMW 118 118i Msport 5p auto,https://www.autoscout24.it/annunci/bmw-118-118i-msport-5p-auto-benzina-cat_ma13mo18481-0abef5ea-08b9-452f-a2e9-c1334bf403b3,BMW,118,118i Msport 5p auto,22000,112000,Automatico,02/2020,Benzina,100 kW (136 CV),"Privato,IT-10086 Rivarolo Canavese",Privato
BMW 116 116d Msport auto,https://www.autoscout24.it/annunci/bmw-116-116d-msport-auto-diesel-cat_ma13mo18480-c596509b-47cf-4c36-87c9-171c866cea55,BMW,116,116d Msport auto,22000,91000,Semiautomatico,05/2021,Diesel,85 kW (116 CV),"Privato,IT-56021 Cascina",Privato
BMW 118 Serie 1 F40 118i Msport 136cv,https://www.autoscout24.it/annunci/bmw-118-serie-1-f40-118i-msport-136cv-benzina-bianco-cat_ma13mo18481-e8182a13-90e0-47d5-9ebf-7ba31649cba2,BMW,118,Serie 1 F40 118i Msport 136cv,22500,57000,Manuale,06/2021,Benzina,100 kW (136 CV),"Privato,IT-20831 Seregno",Privato
BMW 118 118i Digital Edition 5p auto,https://www.autoscout24.it/annunci/bmw-118-118i-digital-edition-5p-auto-benzina-nero-cat_ma13mo18481-ac09e49d-9a7e-4356-bf56-70da377e6c11,BMW,118,118i Digital Edition 5p auto,22900,77500,Automatico,12/2020,Benzina,100 kW (136 CV),"Privato,IT-00042 Anzio",Privato
BMW 118 118i Msport 5p auto,https://www.autoscout24.it/annunci/bmw-118-118i-msport-5p-auto-benzina-cat_ma13mo18481-869c253d-8913-450e-aa69-59ed34395dcb,BMW,118,118i Msport 5p auto,22500,78885,Automatico,03/2020,Benzina,103 kW (140 CV),"Privato,IT-10046 Poirino",Privato
BMW 118 118i Msport,https://www.autoscout24.it/annunci/bmw-118-118i-msport-benzina-grigio-cat_ma13mo18481-02def9c6-9d5b-4517-9e02-199246b6d4f6,BMW,118,118i Msport,22899,61774,Automatico,10/2020,Benzina,103 kW (140 CV),Autohero Italia Srl • IT-20155 Milano - Mi,Rivenditore
BMW 118 I Sport PREZZO FINALE,https://www.autoscout24.it/annunci/bmw-118-i-sport-prezzo-finale-benzina-nero-cat_ma13mo18481-99f12021-ba10-4fe3-98e1-a9ec2eb549cd,BMW,118,I Sport PREZZO FINALE,22800,53000,Manuale,12/2021,Benzina,100 kW (136 CV),"Privato,IT-07050 Olbia",Privato
"BMW 118 i Msport 136cv auto Shadow line 18"" 2023 camera",https://www.autoscout24.it/annunci/bmw-118-i-msport-136cv-auto-shadow-line-18-2023-camera-benzina-grigio-cat_ma13mo18481-d82750b6-627a-4016-be8f-27ee9eeb5f87,BMW,118,"i Msport 136cv auto Shadow line 18"" 2023 camera",22790,71867,Automatico,05/2023,Benzina,100 kW (136 CV),AR Motor srls • IT-00077 Montecompatri - Roma - RM,Rivenditore
BMW 116 116d Msport auto,https://www.autoscout24.it/annunci/bmw-116-116d-msport-auto-diesel-cat_ma13mo18480-b67ef8c3-42ba-4cc4-b4f7-1b9d875f2403,BMW,116,116d Msport auto,22400,105000,Semiautomatico,10/2020,Diesel,85 kW (116 CV),"Privato,IT-81056 Sparanise",Privato
BMW 118 Serie 1 F40 118i Sport 140cv auto,https://www.autoscout24.it/annunci/bmw-118-serie-1-f40-118i-sport-140cv-auto-benzina-nero-cat_ma13mo18481-448828d2-8623-4ef9-85d1-b0bb01530d99,BMW,118,Serie 1 F40 118i Sport 140cv auto,22200,63700,Semiautomatico,02/2020,Benzina,103 kW (140 CV),Cassi Auto Srls • IT-04026 Minturno - Latina - LT,Rivenditore
BMW 118 118i Msport 5p auto,https://www.autoscout24.it/annunci/bmw-118-118i-msport-5p-auto-benzina-grigio-cat_ma13mo18481-05713d88-8b51-40da-8237-166c69c89881,BMW,118,118i Msport 5p auto,23000,59000,Automatico,01/2020,Benzina,100 kW (136 CV),"Privato,IT-14100 ASTI",Privato
BMW 116 F40 Diesel 116d Msport auto,https://www.autoscout24.it/annunci/bmw-116-f40-diesel-116d-msport-auto-diesel-nero-cat_ma13mo18480-470e5ab2-ae70-4af9-9c2a-98f907389664,BMW,116,F40 Diesel 116d Msport auto,22990,80526,Automatico,10/2020,Diesel,85 kW (116 CV),Stile Spa • IT-61100 Pesaro - Pu,Rivenditore
BMW 116 Serie 1 F40 116d Msport auto,https://www.autoscout24.it/annunci/bmw-116-serie-1-f40-116d-msport-auto-diesel-nero-cat_ma13mo18480-d2164085-8f00-46dc-9723-ee9f0f046bfd,BMW,116,Serie 1 F40 116d Msport auto,22900,74800,Semiautomatico,01/2021,Diesel,85 kW (116 CV),"Privato,IT-04020 Itri",Privato
BMW 118 Serie 1 F40118d Msport auto,https://www.autoscout24.it/annunci/bmw-118-serie-1-f40118d-msport-auto-diesel-bianco-cat_ma13mo18481-caa99f2e-3bf5-4216-9351-18761eca5bee,BMW,118,Serie 1 F40118d Msport auto,22500,125110,Automatico,07/2020,Diesel,110 kW (150 CV),"Privato,IT-10026 Santena",Privato
BMW 118 118i Msport 5p auto,https://www.autoscout24.it/annunci/bmw-118-118i-msport-5p-auto-benzina-cat_ma13mo18481-3570ace1-206b-428e-9cf3-0c8dd5564a1c,BMW,118,118i Msport 5p auto,23000,70000,Automatico,01/2020,Benzina,100 kW (136 CV),"Privato,IT-10024 Moncalieri",Privato
BMW 118 118i Sport 5p auto my18,https://www.autoscout24.it/annunci/bmw-118-118i-sport-5p-auto-my18-benzina-cat_ma13mo18481-da09169e-21b6-48de-aa95-04653cc8b9d1,BMW,118,118i Sport 5p auto my18,23000,30700,Automatico,01/2020,Benzina,100 kW (136 CV),"Privato,IT-37138 verona",Privato
BMW 118 Serie 1 F40 118i Msport 140cv auto,https://www.autoscout24.it/annunci/bmw-118-serie-1-f40-118i-msport-140cv-auto-benzina-bianco-cat_ma13mo18481-ca9fb94a-5a3c-4f27-a4e4-42f83c972f81,BMW,118,Serie 1 F40 118i Msport 140cv auto,22400,90000,Automatico,01/2020,Benzina,103 kW (140 CV),"Privato,IT-30031 Dolo",Privato
BMW 118 118i Msport 140cv,https://www.autoscout24.it/annunci/bmw-118-118i-msport-140cv-benzina-cat_ma13mo18481-aae93220-e833-453e-8b28-11b7384485c4,BMW,118,118i Msport 140cv,22990,86000,Manuale,01/2020,Benzina,103 kW (140 CV),"Privato,IT-70015 noci",Privato
BMW 118 118i Msport 5p auto,https://www.autoscout24.it/annunci/bmw-118-118i-msport-5p-auto-benzina-cat_ma13mo18481-1729634b-9423-4b86-9489-246c3869e751,BMW,118,118i Msport 5p auto,23000,82400,Automatico,11/2020,Benzina,103 kW (140 CV),"Privato,IT-45019 Taglio di Po",Privato
BMW 116 Serie 1 F40 116d auto *APP *PDC *TAGLIANDI BMW,https://www.autoscout24.it/annunci/bmw-116-serie-1-f40-116d-auto-app-pdc-tagliandi-bmw-diesel-bianco-cat_ma13mo18480-0cb03d45-02fb-4d4a-8087-e9934b64e539,BMW,116,Serie 1 F40 116d auto *APP *PDC *TAGLIANDI BMW,22900,49999,Automatico,07/2023,Diesel,85 kW (116 CV),Car Village Srls • IT-00177 Roma - RM,Rivenditore
BMW 116 Serie 1 F40  Sport,https://www.autoscout24.it/annunci/bmw-116-serie-1-f40-sport-benzina-blu-azzurro-cat_ma13mo18480-b30d1ac2-3adb-47f6-8444-b29191322782,BMW,116,Serie 1 F40  Sport,22500,49000,Manuale,06/2021,Benzina,80 kW (109 CV),Citycars Srl • IT-24050 Orio al Serio - Bergamo - Bg,Rivenditore
BMW 118 i 5p. Full Optional,https://www.autoscout24.it/annunci/bmw-118-i-5p-full-optional-benzina-grigio-cat_ma13mo18481-952249b0-e66f-4a9b-9753-3ae86746e06c,BMW,118,i 5p. Full Optional,22590,53137,Automatico,01/2020,Benzina,103 kW (140 CV),Autocar S.r.l. Unipersonale • IT-33040 Moimacco - Udine - UD,Rivenditore
BMW 116 d Msport auto,https://www.autoscout24.it/annunci/bmw-116-d-msport-auto-diesel-blu-azzurro-cat_ma13mo18480-7d651768-ea93-4414-9430-0970fd146692,BMW,116,d Msport auto,22900,64500,Automatico,08/2022,Diesel,85 kW (116 CV),Erreeffegroup spa • IT-45100 Rovigo - Ro,Rivenditore
BMW 116 116d Business Advantage auto,https://www.autoscout24.it/annunci/bmw-116-116d-business-advantage-auto-diesel-cat_ma13mo18480-ced28465-e816-4873-b4d4-5a9ebf79e7b1,BMW,116,116d Business Advantage auto,22500,129000,Semiautomatico,12/2020,Diesel,85 kW (116 CV),"Privato,IT-30016 Jesolo",Privato
BMW 118 118i Msport 5p auto,https://www.autoscout24.it/annunci/bmw-118-118i-msport-5p-auto-benzina-grigio-cat_ma13mo18481-5bc9f5d4-c2ed-4acd-8a1c-2ccd649127c2,BMW,118,118i Msport 5p auto,23000,59000,Automatico,01/2020,Benzina,100 kW (136 CV),"Privato,IT-14100 ASTI",Privato
BMW 118 Serie 1 F40 118d Msport auto,https://www.autoscout24.it/annunci/bmw-118-serie-1-f40-118d-msport-auto-diesel-bianco-cat_ma13mo18481-6a52cd17-c66d-4fe7-b05c-3e9644b9ab0c,BMW,118,Serie 1 F40 118d Msport auto,22300,133000,Semiautomatico,01/2020,Diesel,110 kW (150 CV),"Privato,IT-66023 Francavilla al Mare",Privato
BMW 118 118i Msport,https://www.autoscout24.it/annunci/bmw-118-118i-msport-benzina-grigio-cat_ma13mo18481-e9c7bec9-5c8c-480c-89d4-31f0d556079b,BMW,118,118i Msport,22899,61774,Automatico,10/2020,Benzina,103 kW (140 CV),AutoHero italia Srl • IT-07100 Sassari - SS,Rivenditore
BMW 116 116d Msport auto,https://www.autoscout24.it/annunci/bmw-116-116d-msport-auto-diesel-cat_ma13mo18480-92e4b305-a105-46c7-ad3c-73cec5e74d3b,BMW,116,116d Msport auto,22490,120000,Semiautomatico,04/2021,Diesel,85 kW (116 CV),"Privato,IT-82013 Bonea",Privato
BMW 116 Serie 1 F40 116d auto,https://www.autoscout24.it/annunci/bmw-116-serie-1-f40-116d-auto-diesel-grigio-cat_ma13mo18480-09da8b6a-f1e1-454d-b666-6549b7f6b618,BMW,116,Serie 1 F40 116d auto,23000,30356,Semiautomatico,10/2020,Diesel,85 kW (116 CV),"Privato,IT-76123 andria",Privato
BMW 118 118d Msport auto,https://www.autoscout24.it/annunci/bmw-118-118d-msport-auto-diesel-cat_ma13mo18481-930142a8-320b-48e2-94e4-2549cf7bf319,BMW,118,118d Msport auto,22900,112000,Semiautomatico,10/2020,Diesel,110 kW (150 CV),"Privato,IT-35017 Piombino Dese",Privato
BMW 118 Serie 1 F40 118i Sport 140cv auto,https://www.autoscout24.it/annunci/bmw-118-serie-1-f40-118i-sport-140cv-auto-benzina-bianco-cat_ma13mo18481-fc40be31-483c-4ce4-94fa-de319bf88f8d,BMW,118,Serie 1 F40 118i Sport 140cv auto,22000,89972,Semiautomatico,07/2020,Benzina,103 kW (140 CV),"Privato,IT-10024 Moncalieri",Privato
BMW 118 118d Msport auto,https://www.autoscout24.it/annunci/bmw-118-118d-msport-auto-diesel-cat_ma13mo18481-beed6d8e-f347-4256-a59c-1bc0c62abfca,BMW,118,118d Msport auto,22000,148000,Semiautomatico,06/2021,Diesel,110 kW (150 CV),"Privato,IT-88046 Lamezia Terme",Privato
BMW 118 118i Msport 140cv,https://www.autoscout24.it/annunci/bmw-118-118i-msport-140cv-benzina-cat_ma13mo18481-885ebcc0-50df-422e-9db2-8f14195c6fbb,BMW,118,118i Msport 140cv,23000,78000,Manuale,03/2020,Benzina,103 kW (140 CV),"Privato,IT-10098 Rivoli",Privato
BMW 118 118d Sport auto,https://www.autoscout24.it/annunci/bmw-118-118d-sport-auto-diesel-cat_ma13mo18481-1a00ff5c-f11e-42c9-a4bf-4780fe1dabdf,BMW,118,118d Sport auto,23000,99000,Semiautomatico,12/2021,Diesel,110 kW (150 CV),"Privato,IT-96018 Pachino",Privato
BMW 118 118d Msport auto,https://www.autoscout24.it/annunci/bmw-118-118d-msport-auto-diesel-cat_ma13mo18481-fb36efe4-cb11-4a00-81a0-8a99fb6d8d35,BMW,118,118d Msport auto,23000,122000,Automatico,10/2020,Diesel,110 kW (150 CV),"Privato,IT-09023 Monastir",Privato
BMW 120 d xdrive Msport auto,https://www.autoscout24.it/annunci/bmw-120-d-xdrive-msport-auto-diesel-nero-cat_ma13mo18482-b6c6c077-a1ed-4e5a-8da5-f525eb5fa1f9,BMW,120,d xdrive Msport auto,22999,97000,Automatico,06/2020,Diesel,140 kW (190 CV),Checcacci - TM Wagen • IT-59100 Prato – Po,Rivenditore
BMW 116 116i 1.5 5p. Advantage Aut. * OK NEOPATENTATI*,https://www.autoscout24.it/annunci/bmw-116-116i-1-5-5p-advantage-aut-ok-neopatentati-benzina-nero-cat_ma13mo18480-1c3f0415-de50-4f0b-8249-7bcc8dc305d1,BMW,116,116i 1.5 5p. Advantage Aut. * OK NEOPATENTATI*,22700,63157,Automatico,02/2024,Benzina,80 kW (109 CV),Centrauto Srl • IT-23014 Andalo Valtellino - Sondrio - So,Rivenditore
BMW 116 116d Msport auto,https://www.autoscout24.it/annunci/bmw-116-116d-msport-auto-diesel-cat_ma13mo18480-fe35ea30-70f8-46bf-b607-ba587b1d4628,BMW,116,116d Msport auto,22500,85000,Semiautomatico,04/2021,Diesel,85 kW (116 CV),"Privato,IT-71122 Foggia",Privato
BMW 118 - 118d 5p. Business Advantage,https://www.autoscout24.it/annunci/bmw-118-118d-5p-business-advantage-diesel-nero-cat_ma13mo18481-9cf6ee35-bbc7-4594-8470-59ac4357c1f2,BMW,118,- 118d 5p. Business Advantage,22900,69747,Automatico,02/2023,Diesel,110 kW (150 CV),F.lli Cozzi Spa • IT-20025 Legnano - Milano - Mi,Rivenditore
BMW 116 116d Msport auto,https://www.autoscout24.it/annunci/bmw-116-116d-msport-auto-diesel-cat_ma13mo18480-8533f09f-82b9-423a-ba16-c4b0fbe8914d,BMW,116,116d Msport auto,22900,100800,Semiautomatico,01/2021,Diesel,85 kW (116 CV),"Privato,IT-81025 Marcianise",Privato
BMW 118 118i Msport,https://www.autoscout24.it/annunci/bmw-118-118i-msport-benzina-bianco-cat_ma13mo18481-8383718f-fd67-44db-941f-aabfba436365,BMW,118,118i Msport,22999,40146,Automatico,09/2020,Benzina,103 kW (140 CV),Autohero Italia Srl • IT-37135 Verona - VR,Rivenditore
BMW 118 118i Msport,https://www.autoscout24.it/annunci/bmw-118-118i-msport-benzina-bianco-cat_ma13mo18481-0bda54a7-d2af-473d-954b-8df2f847d7de,BMW,118,118i Msport,22999,40146,Automatico,09/2020,Benzina,103 kW (140 CV),Autohero Italia Srl - Torino • IT-10092 Beinasco - TO,Rivenditore
BMW 116 d Msport auto,https://www.autoscout24.it/annunci/bmw-116-d-msport-auto-diesel-grigio-cat_ma13mo18480-3ef369e7-cc85-4f71-bd75-f0f0f2a53ea5,BMW,116,d Msport auto,22900,105009,Semiautomatico,01/2021,Diesel,85 kW (116 CV),Cascioli Spa • IT-63074 San Benedetto Del Tronto - AscoliPiceno - Ap,Rivenditore
BMW 116 116i MSport,https://www.autoscout24.it/annunci/bmw-116-116i-msport-benzina-bianco-cat_ma13mo18480-91797001-3f47-4cda-b241-7670c3fabc03,BMW,116,116i MSport,22950,61652,Manuale,07/2022,Benzina,80 kW (109 CV),Autoclub Center • IT-41123 Modena - MO,Rivenditore
BMW 116 BMW 116D 1.5 BUSINESS ADVANTAGE AT7 116 CV - VIRTU,https://www.autoscout24.it/annunci/bmw-116-bmw-116d-1-5-business-advantage-at7-116-cv-virtu-diesel-nero-cat_ma13mo18480-61e78272-26cc-4962-89b0-4faefd8037a1,BMW,116,BMW 116D 1.5 BUSINESS ADVANTAGE AT7 116 CV - VIRTU,22999,69000,Automatico,05/2023,Diesel,85 kW (116 CV),Cisauto Group • IT-42041 Brescello - Reggio Emilia -  RE,Rivenditore
BMW 118 Serie 1 F40 118d Msport auto,https://www.autoscout24.it/annunci/bmw-118-serie-1-f40-118d-msport-auto-diesel-bianco-cat_ma13mo18481-d61e27eb-b50b-472c-942c-070908887da4,BMW,118,Serie 1 F40 118d Msport auto,22900,129688,Automatico,09/2022,Diesel,110 kW (150 CV),Touring Car Srl • IT-52043 Castiglion Fiorentino - Arezzo - Ar,Rivenditore
BMW 116 116d Msport auto,https://www.autoscout24.it/annunci/bmw-116-116d-msport-auto-diesel-nero-cat_ma13mo18480-0fa3bcc4-8a38-44ac-92d8-46e63e2a9149,BMW,116,116d Msport auto,22000,120000,Semiautomatico,11/2021,Diesel,85 kW (116 CV),"Privato,IT-84121 Salerno",Privato
BMW 116 116d Msport Exterior auto,https://www.autoscout24.it/annunci/bmw-116-116d-msport-exterior-auto-diesel-cat_ma13mo18480-f14c28f2-6d60-4547-a116-ac3c7d918f98,BMW,116,116d Msport Exterior auto,22500,91000,Automatico,06/2022,Diesel,85 kW (116 CV),"Privato,IT-03040 Coreno Ausonio",Privato
BMW 118 118i Msport 140cv auto,https://www.autoscout24.it/annunci/bmw-118-118i-msport-140cv-auto-benzina-bianco-cat_ma13mo18481-7aaf7257-b3eb-4acb-9382-d82ff95f0d2f,BMW,118,118i Msport 140cv auto,22900,70000,Semiautomatico,09/2020,Benzina,103 kW (140 CV),"Privato,IT-18019 Vallecrosia",Privato
BMW 116 - 116i Msport auto,https://www.autoscout24.it/annunci/bmw-116-116i-msport-auto-benzina-blu-azzurro-cat_ma13mo18480-842755ae-442e-49eb-9bcf-85e1c220b959,BMW,116,- 116i Msport auto,22900,66941,Automatico,04/2022,Benzina,80 kW (109 CV),Delta Motors  spa • IT-62010 Montecosaro - Macerata - MC,Rivenditore
BMW 116 Serie 1 F40 116d Advantage auto,https://www.autoscout24.it/annunci/bmw-116-serie-1-f40-116d-advantage-auto-diesel-cat_ma13mo18480-0e999245-97d1-452f-a58f-8d759378a81d,BMW,116,Serie 1 F40 116d Advantage auto,22500,39500,Automatico,02/2021,Diesel,85 kW (116 CV),"Privato,IT-88100 Catanzaro",Privato
BMW 118 118d 5p Sport,https://www.autoscout24.it/annunci/bmw-118-118d-5p-sport-diesel-bianco-cat_ma13mo18481-ffff2549-09fa-4c4a-8b14-cdaeeb31d58a,BMW,118,118d 5p Sport,22500,60000,Manuale,08/2020,Diesel,110 kW (150 CV),Loris Car di Rindi Loris • IT-03029 Veroli - Frosinone,Rivenditore
"BMW 118 i Msport 136cv 2022 18"" vari colori",https://www.autoscout24.it/annunci/bmw-118-i-msport-136cv-2022-18-vari-colori-benzina-bianco-cat_ma13mo18481-0fdbfaf1-71af-4cfe-bb73-8c2ad4b2c908,BMW,118,"i Msport 136cv 2022 18"" vari colori",22700,21527,Manuale,11/2022,Benzina,100 kW (136 CV),AR Motor srls • IT-00077 Montecompatri - Roma - RM,Rivenditore
BMW 120 120d Msport  xDrive,https://www.autoscout24.it/annunci/bmw-120-120d-msport-xdrive-diesel-grigio-cat_ma13mo18482-9bcb6217-2ebe-406e-a216-7e1c09a89410,BMW,120,120d Msport  xDrive,22199,143898,Automatico,12/2022,Diesel,140 kW (190 CV),Autohero Italia srl • IT-40131 Bologna,Rivenditore
BMW 116 116d Sport auto,https://www.autoscout24.it/annunci/bmw-116-116d-sport-auto-diesel-cat_ma13mo18480-8348708f-82d3-4517-a66d-6b3ef2700251,BMW,116,116d Sport auto,22900,96000,Semiautomatico,11/2023,Diesel,85 kW (116 CV),"Privato,IT-28041 Arona",Privato
BMW 116 i Advantage automatica 5 porte,https://www.autoscout24.it/annunci/bmw-116-i-advantage-automatica-5-porte-benzina-bianco-cat_ma13mo18480-bbc3c954-7222-4b13-b387-39e757285893,BMW,116,i Advantage automatica 5 porte,22500,47800,Automatico,06/2023,Benzina,80 kW (109 CV),WWW.Ferrari Auto.Com Srl • IT-37050 Roverchiara - Verona - Vr,Rivenditore
BMW 118 118d Msport auto,https://www.autoscout24.it/annunci/bmw-118-118d-msport-auto-diesel-cat_ma13mo18481-84c641f5-e4a2-46b5-9e21-f5bde1d00357,BMW,118,118d Msport auto,22700,108000,Semiautomatico,01/2020,Diesel,110 kW (150 CV),"Privato,IT-24045 Fara Gera D’Adda",Privato
"BMW 118 i Msport 140cv auto Shadow line head-up 18""",https://www.autoscout24.it/annunci/bmw-118-i-msport-140cv-auto-shadow-line-head-up-18-benzina-bianco-cat_ma13mo18481-3a23e289-37b4-4884-816c-0226f8b0b213,BMW,118,"i Msport 140cv auto Shadow line head-up 18""",22490,72534,Automatico,04/2020,Benzina,103 kW (140 CV),AR Motor srls • IT-00077 Montecompatri - Roma - RM,Rivenditore
BMW 118 118d Msport auto,https://www.autoscout24.it/annunci/bmw-118-118d-msport-auto-diesel-bianco-cat_ma13mo18481-c48e1053-8345-4ed2-9488-3c74cfefccbe,BMW,118,118d Msport auto,22900,105000,Semiautomatico,01/2021,Diesel,110 kW (150 CV),"Privato,IT-20017 rho",Privato
BMW 118 118d Msport 5p auto,https://www.autoscout24.it/annunci/bmw-118-118d-msport-5p-auto-diesel-cat_ma13mo18481-373e4b62-447e-4ea3-a9f6-c18333edb037,BMW,118,118d Msport 5p auto,22000,128000,Semiautomatico,06/2020,Diesel,110 kW (150 CV),"Privato,IT-33100 Udine",Privato
BMW 116 d 5p. Msport,https://www.autoscout24.it/annunci/bmw-116-d-5p-msport-diesel-grigio-cat_ma13mo18480-1f8bcade-a56e-40c0-8717-23f450fc0c4c,BMW,116,d 5p. Msport,22500,93135,Automatico,04/2023,Diesel,85 kW (116 CV),Bertolucci E Coluccini Srl • IT-55054 Massarosa - Lucca - Lu,Rivenditore
BMW 116 Serie 1 F40 116d Msport auto,https://www.autoscout24.it/annunci/bmw-116-serie-1-f40-116d-msport-auto-diesel-grigio-cat_ma13mo18480-1d7c2e24-b38b-4e8e-84cf-11043c5656f8,BMW,116,Serie 1 F40 116d Msport auto,22500,93000,Automatico,06/2020,Diesel,85 kW (116 CV),"Privato,IT-80145 Napoli",Privato
BMW 118 118i Msport,https://www.autoscout24.it/annunci/bmw-118-118i-msport-benzina-bianco-cat_ma13mo18481-b43d254c-6192-4130-a360-335278e2bdee,BMW,118,118i Msport,22999,40146,Automatico,09/2020,Benzina,103 kW (140 CV),Autohero Italia srl • IT-00169 Roma,Rivenditore
BMW 120 120d Msport  xDrive,https://www.autoscout24.it/annunci/bmw-120-120d-msport-xdrive-diesel-grigio-cat_ma13mo18482-2617698b-e06d-4f9f-bb10-fae37fdb3d4b,BMW,120,120d Msport  xDrive,22199,143898,Automatico,12/2022,Diesel,140 kW (190 CV),Autohero Italia Srl • IT-37135 Verona - VR,Rivenditore
BMW 116 116d Msport auto,https://www.autoscout24.it/annunci/bmw-116-116d-msport-auto-diesel-cat_ma13mo18480-22d28594-6793-4c36-a40f-b21dfad99d9a,BMW,116,116d Msport auto,22500,101000,Semiautomatico,01/2020,Diesel,85 kW (116 CV),"Privato,IT-12058 Santo Stefano Belbo",Privato
BMW 118 118d  m Sport,https://www.autoscout24.it/annunci/bmw-118-118d-m-sport-diesel-cat_ma13mo18481-673b63b0-5fea-4aac-994f-841ebb327395,BMW,118,118d  m Sport,22500,121000,Semiautomatico,12/2021,Diesel,110 kW (150 CV),"Privato,IT-25036 Palazzolo s/o",Privato
BMW 118 118i Msport,https://www.autoscout24.it/annunci/bmw-118-118i-msport-benzina-bianco-cat_ma13mo18481-c1b63b88-4518-451f-bd2c-9a178ed96f99,BMW,118,118i Msport,22999,40146,Automatico,09/2020,Benzina,103 kW (140 CV),Autohero Italia srl • IT-40131 Bologna,Rivenditore
BMW 118 118i Msport,https://www.autoscout24.it/annunci/bmw-118-118i-msport-benzina-grigio-cat_ma13mo18481-c2c973d2-52b4-48f9-b9b0-c8408f3885d3,BMW,118,118i Msport,22899,61774,Automatico,10/2020,Benzina,103 kW (140 CV),Autohero Italia Srl • IT-37135 Verona - VR,Rivenditore
BMW 118 118i Msport 140cv,https://www.autoscout24.it/annunci/bmw-118-118i-msport-140cv-benzina-cat_ma13mo18481-fb38a375-3445-4110-8927-3aa103cf7d70,BMW,118,118i Msport 140cv,23000,63000,Manuale,07/2020,Benzina,103 kW (140 CV),"Privato,IT-95024 Acireale",Privato
BMW 118 118i Msport,https://www.autoscout24.it/annunci/bmw-118-118i-msport-benzina-bianco-cat_ma13mo18481-ecbaa76b-99a2-4a50-980b-68402d03fc35,BMW,118,118i Msport,22999,40146,Automatico,09/2020,Benzina,103 kW (140 CV),AutoHero Italia Srl • IT-09122 Cagliari  - CA,Rivenditore
BMW 120 120d Msport  xDrive,https://www.autoscout24.it/annunci/bmw-120-120d-msport-xdrive-diesel-grigio-cat_ma13mo18482-e262a492-674d-4a32-ba1e-2914e134830a,BMW,120,120d Msport  xDrive,22199,143898,Automatico,12/2022,Diesel,140 kW (190 CV),Autohero Italia Srl • IT-20155 Milano - Mi,Rivenditore
BMW 116 d 5p. Advantage Navi,https://www.autoscout24.it/annunci/bmw-116-d-5p-advantage-navi-diesel-grigio-cat_ma13mo18480-0d32a8fd-8883-4e2d-a79d-4e719be9aef8,BMW,116,d 5p. Advantage Navi,22900,49680,Manuale,04/2021,Diesel,85 kW (116 CV),Automobili Vendramini Srl • IT-31046 Oderzo - Treviso,Rivenditore
BMW 120 D XDRIVE MSPORT 190CV AUTOMATICA STEPTRONIC,https://www.autoscout24.it/annunci/bmw-120-d-xdrive-msport-190cv-automatica-steptronic-diesel-grigio-cat_ma13mo18482-bfc6b2c0-2c5b-4059-86e0-880f2216ed5e,BMW,120,D XDRIVE MSPORT 190CV AUTOMATICA STEPTRONIC,22900,125196,Automatico,04/2021,Diesel,140 kW (190 CV),Autobaselli Srl • IT-25027 Quinzano d'Oglio - Brescia - Bs,Rivenditore
BMW 118 118i Msport,https://www.autoscout24.it/annunci/bmw-118-118i-msport-benzina-grigio-cat_ma13mo18481-206e552a-7aba-45db-bba8-061536028240,BMW,118,118i Msport,22899,61774,Automatico,10/2020,Benzina,103 kW (140 CV),Autohero Italia srl • IT-00169 Roma,Rivenditore
BMW 116 Serie 1 F40 116d auto,https://www.autoscout24.it/annunci/bmw-116-serie-1-f40-116d-auto-diesel-blu-azzurro-cat_ma13mo18480-c4cc28ab-9dbc-446b-b3eb-589590091c8b,BMW,116,Serie 1 F40 116d auto,23000,54858,Semiautomatico,06/2023,Diesel,85 kW (116 CV),Assetto Corsa - Gruppo G.V.S. Srl • IT-20099 Sesto San Giovanni - MI,Rivenditore
BMW 118 i 5p. Msport,https://www.autoscout24.it/annunci/bmw-118-i-5p-msport-benzina-grigio-cat_ma13mo18481-f7ff394d-11f8-49b2-9ef7-bb59fa092c33,BMW,118,i 5p. Msport,22490,96600,Automatico,10/2022,Benzina,100 kW (136 CV),Am Parma 2  Srl • IT-43126 Parma,Rivenditore
BMW 120 120d Msport  xDrive,https://www.autoscout24.it/annunci/bmw-120-120d-msport-xdrive-diesel-grigio-cat_ma13mo18482-ca3c7ab2-ba0d-411c-a461-17fe3fd590d3,BMW,120,120d Msport  xDrive,22199,143898,Automatico,12/2022,Diesel,140 kW (190 CV),Autohero Italia Srl - Livorno • IT-57014 Stagno - Livorno - LI,Rivenditore
BMW 118 i 5p. Advantage,https://www.autoscout24.it/annunci/bmw-118-i-5p-advantage-benzina-blu-azzurro-cat_ma13mo18481-ad95dacb-bb4d-485d-af65-9ad9798801ac,BMW,118,i 5p. Advantage,22990,36200,Manuale,01/2023,Benzina,100 kW (136 CV),Desacar Snc di Pilastro Fabio & C. • IT-21043 Castiglione Olona - Varese - Va,Rivenditore
BMW 120 120d Msport  xDrive,https://www.autoscout24.it/annunci/bmw-120-120d-msport-xdrive-diesel-grigio-cat_ma13mo18482-08cbb5bf-0914-497f-aa94-d32412397996,BMW,120,120d Msport  xDrive,22199,143898,Automatico,12/2022,Diesel,140 kW (190 CV),Autohero Italia Srl - Torino • IT-10092 Beinasco - TO,Rivenditore
BMW 116 116d Msport,https://www.autoscout24.it/annunci/bmw-116-116d-msport-diesel-cat_ma13mo18480-eb6e708c-03ba-469f-9b85-2ead32a09731,BMW,116,116d Msport,23000,72744,Manuale,01/2020,Diesel,85 kW (116 CV),"Privato,IT-40026 Imola",Privato
BMW 118 118i Msport,https://www.autoscout24.it/annunci/bmw-118-118i-msport-benzina-grigio-cat_ma13mo18481-bf6fdb86-2103-4417-8a71-da7889d9fb93,BMW,118,118i Msport,22899,61774,Automatico,10/2020,Benzina,103 kW (140 CV),Autohero Italia Srl - Torino • IT-10092 Beinasco - TO,Rivenditore
BMW 118 120D XDRIVE MSPORT 190CV AUTOMATICA STEPTRONIC,https://www.autoscout24.it/annunci/bmw-118-120d-xdrive-msport-190cv-automatica-steptronic-diesel-grigio-cat_ma13mo18481-6e12f076-62dc-452e-9d77-acb845a28500,BMW,118,120D XDRIVE MSPORT 190CV AUTOMATICA STEPTRONIC,22900,125196,Automatico,04/2021,Diesel,140 kW (190 CV),Autobaselli Srl • IT-25027 Quinzano d'Oglio - Brescia - Bs,Rivenditore
BMW 118 Serie 1 F40 118d Msport auto,https://www.autoscout24.it/annunci/bmw-118-serie-1-f40-118d-msport-auto-diesel-bianco-cat_ma13mo18481-1dd0448c-890c-4c3c-8dad-ca5397c69954,BMW,118,Serie 1 F40 118d Msport auto,22900,145000,Semiautomatico,12/2021,Diesel,110 kW (150 CV),"Privato,IT-76121 Barletta",Privato
BMW 116 116d Msport Exterior auto,https://www.autoscout24.it/annunci/bmw-116-116d-msport-exterior-auto-diesel-blu-azzurro-cat_ma13mo18480-b591d19f-85a8-4f9a-97e7-64dc4a4234aa,BMW,116,116d Msport Exterior auto,22500,99241,Automatico,09/2022,Diesel,85 kW (116 CV),A.D. Motor spa • IT-06129 Perugia - Pg,Rivenditore
BMW 118 118i Msport 5p auto,https://www.autoscout24.it/annunci/bmw-118-118i-msport-5p-auto-benzina-grigio-cat_ma13mo18481-00dae523-f2f4-49fc-a0ab-56ed4c33c3f2,BMW,118,118i Msport 5p auto,23000,59000,Automatico,01/2020,Benzina,100 kW (136 CV),"Privato,IT-14100 ASTI",Privato
BMW 120 120d Msport  xDrive,https://www.autoscout24.it/annunci/bmw-120-120d-msport-xdrive-diesel-grigio-cat_ma13mo18482-33fd3239-ae3c-4877-b807-a3a331fdc1c1,BMW,120,120d Msport  xDrive,22199,143898,Automatico,12/2022,Diesel,140 kW (190 CV),AutoHero Italia Srl • IT-09122 Cagliari  - CA,Rivenditore
BMW 118 118i Msport,https://www.autoscout24.it/annunci/bmw-118-118i-msport-benzina-grigio-cat_ma13mo18481-228e3b00-25d9-4b56-8e9a-35f2018076ba,BMW,118,118i Msport,22899,61774,Automatico,10/2020,Benzina,103 kW (140 CV),Autohero Italia srl • IT-40131 Bologna,Rivenditore
BMW 118 Serie 1 F40 118i Business Advantage 140cv CAMBIO MANUALE,https://www.autoscout24.it/annunci/bmw-118-serie-1-f40-118i-business-advantage-140cv-cambio-manuale-benzina-bianco-cat_ma13mo18481-663ddc63-9486-4a62-b6a9-0d7836fd27dc,BMW,118,Serie 1 F40 118i Business Advantage 140cv CAMBIO MANUALE,22000,67000,Manuale,02/2023,Benzina,103 kW (140 CV),Max Motors di Cortinovis Massimo • IT-24050 Zanica - Bergamo - Bg,Rivenditore
"BMW 118 i Msport 136cv auto Shadow line 2023 camera 17""",https://www.autoscout24.it/annunci/bmw-118-i-msport-136cv-auto-shadow-line-2023-camera-17-benzina-bianco-cat_ma13mo18481-9591d60e-9ac3-45bd-adde-eb7f46d8dbd5,BMW,118,"i Msport 136cv auto Shadow line 2023 camera 17""",22900,70349,Automatico,05/2023,Benzina,100 kW (136 CV),AR Motor srls • IT-00077 Montecompatri - Roma - RM,Rivenditore
BMW 116 116d Business Advantage auto,https://www.autoscout24.it/annunci/bmw-116-116d-business-advantage-auto-diesel-bianco-cat_ma13mo18480-5a6929e4-cb94-415a-8af4-fff4e29c27ff,BMW,116,116d Business Advantage auto,22000,98000,Automatico,02/2023,Diesel,85 kW (116 CV),Cars Hotel Consulting srl • IT-15033 Casale Monferrato - Alessandria - AL,Rivenditore
BMW 118 i Advantage 140cv,https://www.autoscout24.it/annunci/bmw-118-i-advantage-140cv-benzina-bianco-cat_ma13mo18481-d1a93da9-8285-43d7-a1eb-56cea3ac9ecc,BMW,118,i Advantage 140cv,23000,64778,Automatico,11/2022,Benzina,103 kW (140 CV),Rc Automotive Srl • IT-00178 Roma - Rm,Rivenditore
BMW 118 Serie 1 F40 118d Msport auto,https://www.autoscout24.it/annunci/bmw-118-serie-1-f40-118d-msport-auto-diesel-bianco-cat_ma13mo18481-a0667a58-b9f7-4ebc-8913-7922294333ff,BMW,118,Serie 1 F40 118d Msport auto,22170,157000,Automatico,01/2023,Diesel,110 kW (150 CV),AR Automobili srl • IT-61122 Pesaro -  PU,Rivenditore
BMW 118 Serie 1 F40 118d Msport auto,https://www.autoscout24.it/annunci/bmw-118-serie-1-f40-118d-msport-auto-diesel-bianco-cat_ma13mo18481-a0667a58-b9f7-4ebc-8913-7922294333ff,BMW,118,Serie 1 F40 118d Msport auto,22170,157000,Automatico,01/2023,Diesel,110 kW (150 CV),AR Automobili srl • IT-61122 Pesaro -  PU,Rivenditore
BMW 116 116d Business Advantage auto,https://www.autoscout24.it/annunci/bmw-116-116d-business-advantage-auto-diesel-bianco-cat_ma13mo18480-2f6d4ceb-cce5-47e9-b635-2f4121ac2c14,BMW,116,116d Business Advantage auto,22000,98000,Automatico,02/2023,Diesel,85 kW (116 CV),Cars Hotel Consulting srl • IT-15033 Casale Monferrato - Alessandria - AL,Rivenditore
"BMW 116 d Msport autom.,UNICO PROP.,FULL LED,NAVY,18'',PEL",https://www.autoscout24.it/annunci/bmw-116-d-msport-autom-unico-prop-full-led-navy-18-pel-diesel-bianco-cat_ma13mo18480-b89112de-1e1b-4d5d-8916-eaac736e9d4c,BMW,116,"d Msport autom.,UNICO PROP.,FULL LED,NAVY,18'',PEL",22900,90000,Semiautomatico,10/2020,Diesel,85 kW (116 CV),Pancaldi Auto Srl • IT-41058 Vignola - Modena - Mo,Rivenditore
BMW 116 Serie 1 F40 116d Business Advantage auto,https://www.autoscout24.it/annunci/bmw-116-serie-1-f40-116d-business-advantage-auto-diesel-nero-cat_ma13mo18480-b96f7312-fbca-473d-a128-cc476541c971,BMW,116,Serie 1 F40 116d Business Advantage auto,22000,96000,Semiautomatico,06/2021,Diesel,85 kW (116 CV),"Privato,IT-30033 Noale",Privato
BMW 118 118d Business Advantage auto,https://www.autoscout24.it/annunci/bmw-118-118d-business-advantage-auto-diesel-grigio-cat_ma13mo18481-fca8a1d4-c3b7-4039-9ad1-38d74e7c25fc,BMW,118,118d Business Advantage auto,22250,97000,Semiautomatico,01/2020,Diesel,110 kW (150 CV),"Privato,IT-15063 Cassano Spinola",Privato
BMW 116 d Msport auto/Sedili sportivi,https://www.autoscout24.it/annunci/bmw-116-d-msport-auto-sedili-sportivi-diesel-grigio-cat_ma13mo18480-b4c9ab52-494e-4c5a-81d8-a05c2c1c3cc1,BMW,116,d Msport auto/Sedili sportivi,22900,99000,Semiautomatico,05/2020,Diesel,85 kW (116 CV),N.T. Cars srls • IT-73048 Nardò - Lecce - LE,Rivenditore
BMW 116 d Business Advantage,https://www.autoscout24.it/annunci/bmw-116-d-business-advantage-diesel-bianco-cat_ma13mo18480-0f4ff36c-ea1a-49ee-9001-69e65ca21edf,BMW,116,d Business Advantage,22900,74230,Manuale,08/2022,Diesel,85 kW (116 CV),Rolandi Auto Spa • IT-15033 Casale Monferrato - Alessandria - Al,Rivenditore
BMW 116 116d MSport  AUTOMATICA,https://www.autoscout24.it/annunci/bmw-116-116d-msport-automatica-diesel-nero-cat_ma13mo18480-206c25b4-057d-43e1-b61c-a614ebbb815f,BMW,116,116d MSport  AUTOMATICA,22500,86434,Automatico,05/2020,Diesel,85 kW (116 CV),Mantovani Srl • IT-06083 Ospedalicchio - Perugia - Pg,Rivenditore
BMW 116 d Business Advantage,https://www.autoscout24.it/annunci/bmw-116-d-business-advantage-diesel-bianco-cat_ma13mo18480-21da9102-2793-4468-ae93-05ebd549ab8e,BMW,116,d Business Advantage,22900,74230,Manuale,08/2022,Diesel,85 kW (116 CV),Rolandi auto Spa • IT-15121 Alessandria - Al,Rivenditore
BMW 116 116d Advantage auto,https://www.autoscout24.it/annunci/bmw-116-116d-advantage-auto-diesel-cat_ma13mo18480-bc58c20c-71ab-4d78-b39d-d4e9d134e6bf,BMW,116,116d Advantage auto,23000,108000,Semiautomatico,01/2023,Diesel,85 kW (116 CV),"Privato,IT-66010 Vacri",Privato
BMW 116 Serie 1 F40 116d Business Advantage auto,https://www.autoscout24.it/annunci/bmw-116-serie-1-f40-116d-business-advantage-auto-diesel-bianco-cat_ma13mo18480-eff47685-5760-4c42-b85c-e21b410f0fcb,BMW,116,Serie 1 F40 116d Business Advantage auto,22900,42652,Semiautomatico,06/2020,Diesel,85 kW (116 CV),Targa e Mobility Srl • IT-10073 Ciriè - Torino - TO,Rivenditore
BMW 116 d 5 Porte Advantage AUT EU6,https://www.autoscout24.it/annunci/bmw-116-d-5-porte-advantage-aut-eu6-diesel-nero-cat_ma13mo18480-1900679b-c3dd-456b-8401-9cfa181eb07c,BMW,116,d 5 Porte Advantage AUT EU6,22900,67100,Automatico,01/2021,Diesel,85 kW (116 CV),Mixauto Srl • IT-04100 Borgo Piave - Latina - Lt,Rivenditore
BMW 118 i SPORT AUTO NAVI LED CRUISE PDC UNIPROPR.,https://www.autoscout24.it/annunci/bmw-118-i-sport-auto-navi-led-cruise-pdc-unipropr-benzina-nero-cat_ma13mo18481-5252a4a3-60ef-4ad8-997e-f9d3d981b8b3,BMW,118,i SPORT AUTO NAVI LED CRUISE PDC UNIPROPR.,22490,64000,Automatico,07/2023,Benzina,100 kW (136 CV),Garage Le Mans Srl • IT-24061 Montello - Bergamo,Rivenditore
BMW 118 i M-SPORT LED NAVI VARI COLORI DISPONIBILI,https://www.autoscout24.it/annunci/bmw-118-i-m-sport-led-navi-vari-colori-disponibili-benzina-bianco-cat_ma13mo18481-bcf2c073-1f21-4edd-9b87-86d528641e09,BMW,118,i M-SPORT LED NAVI VARI COLORI DISPONIBILI,23500,20000,Manuale,12/2022,Benzina,103 kW (140 CV),Race Car Srl • IT-37040 Z.a.i. - Verona - VR,Rivenditore
BMW 118 118i 5p. Msport,https://www.autoscout24.it/annunci/bmw-118-118i-5p-msport-benzina-bianco-cat_ma13mo18481-261e5b2a-0441-4d11-bc4b-7f8ff6a51ea8,BMW,118,118i 5p. Msport,23900,21500,Manuale,12/2023,Benzina,100 kW (136 CV),Automobile Torino srl • IT-10034 Chivasso - Torino,Rivenditore
BMW 118 118i 5p. Msport,https://www.autoscout24.it/annunci/bmw-118-118i-5p-msport-benzina-bianco-cat_ma13mo18481-62933a60-b66f-4ce4-8ba8-1598fdea72a0,BMW,118,118i 5p. Msport,23900,21000,Automatico,12/2023,Benzina,100 kW (136 CV),Automobile Torino srl • IT-10034 Chivasso - Torino,Rivenditore
BMW 118 i Msport auto,https://www.autoscout24.it/annunci/bmw-118-i-msport-auto-benzina-nero-cat_ma13mo18481-55b13f2b-339c-4f2c-8f02-506bc8240908,BMW,118,i Msport auto,24000,55624,Automatico,05/2022,Benzina,103 kW (140 CV),BYmyCAR Milano • IT-20097 San Donato Milanese - Milano - MI,Rivenditore
BMW 120 d Sport auto,https://www.autoscout24.it/annunci/bmw-120-d-sport-auto-diesel-grigio-cat_ma13mo18482-9efcd90a-b0c0-4020-8a3b-05da26bd9cb7,BMW,120,d Sport auto,23700,97000,Automatico,11/2022,Diesel,140 kW (190 CV),Officina Bivio Snc • IT-30029 San Stino Di Livenza - Venezia - Ve,Rivenditore
BMW 116 D AUTOMATICA COCKOPIT ITALIANA,https://www.autoscout24.it/annunci/bmw-116-d-automatica-cockopit-italiana-diesel-nero-cat_ma13mo18480-52cff270-658d-4f65-a7f7-9eb57c3c07e5,BMW,116,D AUTOMATICA COCKOPIT ITALIANA,23990,32000,Automatico,06/2023,Diesel,85 kW (116 CV),All Car 63 Srl • IT-00146 Roma - Rm,Rivenditore
BMW 118 Serie 1 F40 118d Msport auto,https://www.autoscout24.it/annunci/bmw-118-serie-1-f40-118d-msport-auto-diesel-nero-cat_ma13mo18481-e959d6fd-f319-4f1d-a936-ce37e9e65bc6,BMW,118,Serie 1 F40 118d Msport auto,23990,32000,Semiautomatico,09/2021,Diesel,110 kW (150 CV),Moto Sport di Espis Marcello • IT-09122 Cagliari - CA,Rivenditore
BMW 118 Serie 1 F40 118d Msport auto,https://www.autoscout24.it/annunci/bmw-118-serie-1-f40-118d-msport-auto-diesel-grigio-cat_ma13mo18481-94ac0d99-6715-4f41-9489-f35015c321aa,BMW,118,Serie 1 F40 118d Msport auto,23499,129500,Semiautomatico,07/2022,Diesel,110 kW (150 CV),Fashion Car di Pinta Salvatore • IT-91026 Mazara Del Vallo - Tp,Rivenditore
BMW 118 118i 5p. Msport,https://www.autoscout24.it/annunci/bmw-118-118i-5p-msport-benzina-bianco-cat_ma13mo18481-f658aecf-b0c2-43fe-923b-ebd0ec4d7058,BMW,118,118i 5p. Msport,23900,23000,Automatico,11/2023,Benzina,100 kW (136 CV),Automobile Torino srl • IT-10034 Chivasso - Torino,Rivenditore
BMW 118 118i 5p. Msport,https://www.autoscout24.it/annunci/bmw-118-118i-5p-msport-benzina-bianco-cat_ma13mo18481-e62af6b9-981a-4083-a53e-4be05e9892de,BMW,118,118i 5p. Msport,23900,21000,Manuale,05/2024,Benzina,100 kW (136 CV),Automobile Torino srl • IT-10034 Chivasso - Torino,Rivenditore
BMW 118 118i 5p. Msport,https://www.autoscout24.it/annunci/bmw-118-118i-5p-msport-benzina-blu-azzurro-cat_ma13mo18481-50321a7b-0bf6-43bd-96c5-0b5f57984955,BMW,118,118i 5p. Msport,23900,21000,Manuale,11/2023,Benzina,100 kW (136 CV),Automobile Torino srl • IT-10034 Chivasso - Torino,Rivenditore
BMW 116 d Msport,https://www.autoscout24.it/annunci/bmw-116-d-msport-diesel-blu-azzurro-cat_ma13mo18480-d0d08222-2e33-4d16-a081-43ec11a9c9d9,BMW,116,d Msport,23000,86300,Automatico,06/2021,Diesel,85 kW (116 CV),Birindelli Auto Srl • IT-50059 Vinci - Firenze - Fi,Rivenditore
BMW 118 118i 5p. Msport,https://www.autoscout24.it/annunci/bmw-118-118i-5p-msport-benzina-bianco-cat_ma13mo18481-9727173d-04bb-449c-b34f-eaf45e357cdb,BMW,118,118i 5p. Msport,23900,19500,Automatico,12/2023,Benzina,100 kW (136 CV),Automobile Torino srl • IT-10034 Chivasso - Torino,Rivenditore
BMW 116 116i M Sport,https://www.autoscout24.it/annunci/bmw-116-116i-m-sport-benzina-blu-azzurro-cat_ma13mo18480-28099a8a-6284-4d59-9c7e-7e9dc04d1c9c,BMW,116,116i M Sport,23499,17890,Automatico,11/2023,Benzina,80 kW (109 CV),Autohero Italia Srl • IT-20155 Milano - Mi,Rivenditore
BMW 118 118d M Sport,https://www.autoscout24.it/annunci/bmw-118-118d-m-sport-diesel-blu-azzurro-cat_ma13mo18481-0669f30a-25c7-4640-86a8-448d9a2a4810,BMW,118,118d M Sport,23299,73520,Automatico,03/2021,Diesel,110 kW (150 CV),Autohero Italia srl • IT-00169 Roma,Rivenditore
BMW 116 116D 116CV MSPORT AUTO,https://www.autoscout24.it/annunci/bmw-116-116d-116cv-msport-auto-diesel-bianco-cat_ma13mo18480-8094d4aa-e153-4390-b10a-1ef5d3331b13,BMW,116,116D 116CV MSPORT AUTO,23890,52548,Automatico,10/2023,Diesel,85 kW (116 CV),Degiorgi la tua auto • IT-27058 Voghera - Pavia - Pv,Rivenditore
BMW 116 116i MSport,https://www.autoscout24.it/annunci/bmw-116-116i-msport-benzina-grigio-cat_ma13mo18480-dd2cf63c-9622-431a-9c9b-43974cc1fff6,BMW,116,116i MSport,23799,51919,Automatico,02/2023,Benzina,80 kW (109 CV),Autohero Italia srl • IT-00169 Roma,Rivenditore
BMW 118 118i 5p. Msport,https://www.autoscout24.it/annunci/bmw-118-118i-5p-msport-benzina-bianco-cat_ma13mo18481-10f3f708-4f77-41c9-87d8-85d7b5f338cc,BMW,118,118i 5p. Msport,23900,21500,Automatico,11/2023,Benzina,100 kW (136 CV),Automobile Torino srl • IT-10034 Chivasso - Torino,Rivenditore
BMW 118 118i 5p. Msport,https://www.autoscout24.it/annunci/bmw-118-118i-5p-msport-benzina-blu-azzurro-cat_ma13mo18481-1ec89f70-47cd-4e52-b89f-f978a0b4f0c9,BMW,118,118i 5p. Msport,23900,24000,Manuale,12/2023,Benzina,100 kW (136 CV),Automobile Torino srl • IT-10034 Chivasso - Torino,Rivenditore
BMW 118 118i 5p. Msport,https://www.autoscout24.it/annunci/bmw-118-118i-5p-msport-benzina-bianco-cat_ma13mo18481-957bfead-3303-45c3-9314-c2084f763f97,BMW,118,118i 5p. Msport,23900,21000,Manuale,12/2023,Benzina,100 kW (136 CV),Automobile Torino srl • IT-10034 Chivasso - Torino,Rivenditore
BMW 118 118i 5p. Msport,https://www.autoscout24.it/annunci/bmw-118-118i-5p-msport-benzina-bianco-cat_ma13mo18481-0d85473f-fe4d-4551-9e7f-20566b896f3f,BMW,118,118i 5p. Msport,23900,21000,Automatico,11/2023,Benzina,100 kW (136 CV),Automobile Torino srl • IT-10034 Chivasso - Torino,Rivenditore
BMW 116 d Msport auto,https://www.autoscout24.it/annunci/bmw-116-d-msport-auto-diesel-grigio-cat_ma13mo18480-c8fa64ba-97f2-452a-89b4-bcfe4c0d625b,BMW,116,d Msport auto,23900,66913,Automatico,09/2022,Diesel,85 kW (116 CV),Rivoltella Spa • IT-24040 Arcene - Bergamo - Bg,Rivenditore
BMW 118 118i 5p. Msport,https://www.autoscout24.it/annunci/bmw-118-118i-5p-msport-benzina-bianco-cat_ma13mo18481-65e09f9e-3fdb-4cf2-8546-4ca5e6e26797,BMW,118,118i 5p. Msport,23900,18000,Manuale,11/2023,Benzina,100 kW (136 CV),Automobile Torino srl • IT-10034 Chivasso - Torino,Rivenditore
BMW 118 118i 5p. Msport,https://www.autoscout24.it/annunci/bmw-118-118i-5p-msport-benzina-bianco-cat_ma13mo18481-d02e5e0c-9b56-46e4-9d33-0f1285de1db5,BMW,118,118i 5p. Msport,23900,22400,Automatico,11/2023,Benzina,100 kW (136 CV),Automobile Torino srl • IT-10034 Chivasso - Torino,Rivenditore
BMW 118 i 5p. Msport,https://www.autoscout24.it/annunci/bmw-118-i-5p-msport-benzina-blu-azzurro-cat_ma13mo18481-acfc76fa-ab3b-4a9b-9f92-45440f9bfb4d,BMW,118,i 5p. Msport,23900,78120,Automatico,10/2022,Benzina,100 kW (136 CV),Birindelli Auto Srl • IT-50059 Vinci - Firenze - Fi,Rivenditore
BMW 118 Serie 1 F40 118d Msport auto,https://www.autoscout24.it/annunci/bmw-118-serie-1-f40-118d-msport-auto-diesel-nero-cat_ma13mo18481-42e439cf-2c98-40ae-bd87-1caaa42cb7cc,BMW,118,Serie 1 F40 118d Msport auto,23900,90554,Automatico,01/2020,Diesel,110 kW (150 CV),Motorsport Garage Srl • IT-00162 Roma,Rivenditore
BMW 118 118i 5p. Msport,https://www.autoscout24.it/annunci/bmw-118-118i-5p-msport-benzina-bianco-cat_ma13mo18481-4d537218-dc92-45e2-baf2-abc6ce166f1c,BMW,118,118i 5p. Msport,23900,20500,Manuale,12/2023,Benzina,100 kW (136 CV),Automobile Torino srl • IT-10034 Chivasso - Torino,Rivenditore
BMW 118 M Sport 118 d,https://www.autoscout24.it/annunci/bmw-118-m-sport-118-d-diesel-grigio-cat_ma13mo18481-4b2d3027-8fba-41d2-b828-713180b84799,BMW,118,M Sport 118 d,23500,67000,Automatico,04/2021,Diesel,110 kW (150 CV),Tuacar Pistoia • IT-51018 Pieve a Nievole - Pistoia - PT,Rivenditore
BMW 118 d Msport auto,https://www.autoscout24.it/annunci/bmw-118-d-msport-auto-diesel-bianco-cat_ma13mo18481-8b5d1f3c-4d52-429f-9f38-31055f1e4d23,BMW,118,d Msport auto,23400,74897,Automatico,12/2022,Diesel,110 kW (150 CV),Car Village Srl • IT-50019 S. Sesto Fiorentino FI,Rivenditore
BMW 120 M Sport Pro **Sconto Forze Armate**,https://www.autoscout24.it/annunci/bmw-120-m-sport-pro-sconto-forze-armate-benzina-nero-cat_ma13mo18482-377e0be1-ae33-4c63-94f7-86978c9d956e,BMW,120,M Sport Pro **Sconto Forze Armate**,23000,50000,Automatico,02/2025,Benzina,125 kW (170 CV),KLM Auto Srl • IT-00178 Roma RM,Rivenditore
BMW 116 116i Msport Exterior auto,https://www.autoscout24.it/annunci/bmw-116-116i-msport-exterior-auto-benzina-nero-cat_ma13mo18480-766cadb9-c7c4-4846-9f0d-58695995cc81,BMW,116,116i Msport Exterior auto,23600,39000,Automatico,06/2023,Benzina,80 kW (109 CV),Shop Service Car srl • IT-47838 Riccione - Rimini - RN,Rivenditore
BMW 118 118d Msport Exterior auto,https://www.autoscout24.it/annunci/bmw-118-118d-msport-exterior-auto-diesel-cat_ma13mo18481-7e70cce2-fa31-4f71-9f85-1f86585aa00a,BMW,118,118d Msport Exterior auto,23900,53000,Semiautomatico,11/2022,Diesel,110 kW (150 CV),"Privato,IT-04012 Cisterna di Latina",Privato
BMW 118 118d Aut. M Sport,https://www.autoscout24.it/annunci/bmw-118-118d-aut-m-sport-diesel-cat_ma13mo18481-31c7f2c7-24e2-46ff-8ea3-fda88346bcbf,BMW,118,118d Aut. M Sport,23499,83000,Automatico,03/2021,Diesel,110 kW (150 CV),"Privato,IT-35127 Padova",Privato
BMW 118 Serie 1 F40 118d Msport auto,https://www.autoscout24.it/annunci/bmw-118-serie-1-f40-118d-msport-auto-diesel-nero-cat_ma13mo18481-42752bb6-cb5c-461d-8155-e31f30f11bcd,BMW,118,Serie 1 F40 118d Msport auto,24000,47000,Automatico,10/2020,Diesel,110 kW (150 CV),"Privato,IT-42123 Reggio nell'Emilia",Privato
BMW 116 F40 Diesel 116d Business Advantage auto,https://www.autoscout24.it/annunci/bmw-116-f40-diesel-116d-business-advantage-auto-altro-nero-cat_ma13mo18480-990e0f43-95e2-438e-9a3f-0dc43b852d7b,BMW,116,F40 Diesel 116d Business Advantage auto,23000,51000,,07/2022,Altro,85 kW (116 CV),Stile Spa • IT-61100 Pesaro - Pu,Rivenditore
BMW 118 118i Msport 5p auto,https://www.autoscout24.it/annunci/bmw-118-118i-msport-5p-auto-benzina-cat_ma13mo18481-32b39b6b-9dc0-4953-bc8b-4b6a32a482ee,BMW,118,118i Msport 5p auto,23900,53000,Automatico,10/2022,Benzina,100 kW (136 CV),"Privato,IT-25050 Pian Camuno",Privato
BMW 118 Serie 1 F40 118d Msport auto,https://www.autoscout24.it/annunci/bmw-118-serie-1-f40-118d-msport-auto-diesel-nero-cat_ma13mo18481-aaffbb53-33f1-4c82-95cb-45f60688a61b,BMW,118,Serie 1 F40 118d Msport auto,23000,80000,Automatico,06/2021,Diesel,110 kW (150 CV),"Privato,IT-60129 Ancona",Privato
BMW 118 118i Msport 136cv,https://www.autoscout24.it/annunci/bmw-118-118i-msport-136cv-benzina-blu-azzurro-cat_ma13mo18481-e2ab5460-9406-4288-9caa-c89ef3af2e69,BMW,118,118i Msport 136cv,23000,44000,Manuale,02/2024,Benzina,100 kW (136 CV),Proxima Auto • IT-10078 Venaria Reale - Torino - TO,Rivenditore
BMW 118 F40 Benzina 118i Msport Exterior 136cv auto,https://www.autoscout24.it/annunci/bmw-118-f40-benzina-118i-msport-exterior-136cv-auto-altro-bianco-cat_ma13mo18481-c1392383-786c-4ae1-86d1-49829d01916e,BMW,118,F40 Benzina 118i Msport Exterior 136cv auto,23900,73684,,11/2022,Altro,100 kW (136 CV),Stile Spa • IT-61100 Pesaro - Pu,Rivenditore
BMW 118 118d Msport auto,https://www.autoscout24.it/annunci/bmw-118-118d-msport-auto-diesel-bianco-cat_ma13mo18481-e67fc9ae-9e46-4bfc-9666-06858a566963,BMW,118,118d Msport auto,23800,67624,Automatico,07/2021,Diesel,110 kW (150 CV),Brogi & Collitorti • IT-50053 Empoli - Firenze - Fi,Rivenditore
BMW 120 120d Msport auto,https://www.autoscout24.it/annunci/bmw-120-120d-msport-auto-diesel-cat_ma13mo18482-6bdbbd92-8348-4b7d-866c-31829e3e6f4e,BMW,120,120d Msport auto,23500,92000,Semiautomatico,01/2021,Diesel,140 kW (190 CV),"Privato,IT-57025 Piombino",Privato
BMW 135 M 135i xdrive auto,https://www.autoscout24.it/annunci/bmw-135-m-135i-xdrive-auto-benzina-cat_ma13mo19079-819e467d-2f08-4028-86c6-04f8449caa5f,BMW,135,M 135i xdrive auto,23500,78000,Semiautomatico,03/2021,Benzina,225 kW (306 CV),"Privato,IT-59100 Prato",Privato
BMW 120 120d Sport,https://www.autoscout24.it/annunci/bmw-120-120d-sport-diesel-nero-cat_ma13mo18482-77900b5f-75b4-4587-8ed2-526ea0f96cf8,BMW,120,120d Sport,23490,80755,Semiautomatico,08/2020,Diesel,140 kW (190 CV),"Privato,IT-50142 FIRENZE",Privato
BMW 118 118d Msport auto,https://www.autoscout24.it/annunci/bmw-118-118d-msport-auto-diesel-cat_ma13mo18481-799b0bba-79ff-4da5-8769-6184b3d7bd5e,BMW,118,118d Msport auto,23000,58000,Semiautomatico,06/2020,Diesel,110 kW (150 CV),"Privato,IT-52010 Chiusi della Verna",Privato
BMW 118 118i Msport 5p auto,https://www.autoscout24.it/annunci/bmw-118-118i-msport-5p-auto-benzina-grigio-cat_ma13mo18481-b9763eca-df87-40a9-a7c6-5ed5c084b317,BMW,118,118i Msport 5p auto,24000,66000,Automatico,04/2022,Benzina,100 kW (136 CV),"Privato,IT-13100 Vercelli",Privato
BMW 120 BMW 120d F40 M Sport 190CV 2020 – Full Optional –,https://www.autoscout24.it/annunci/bmw-120-bmw-120d-f40-m-sport-190cv-2020-full-optional-diesel-cat_ma13mo18482-d857cca7-fff6-426e-8d2f-64755b840b1e,BMW,120,BMW 120d F40 M Sport 190CV 2020 – Full Optional –,23000,110000,Semiautomatico,08/2020,Diesel,140 kW (190 CV),"Privato,IT-89040 Caulonia",Privato
BMW 118 i MSPORT AUTO NAVI PELLE LED CRUISE PDC,https://www.autoscout24.it/annunci/bmw-118-i-msport-auto-navi-pelle-led-cruise-pdc-benzina-nero-cat_ma13mo18481-ddb84b45-32f5-4110-8461-56f8478bc05f,BMW,118,i MSPORT AUTO NAVI PELLE LED CRUISE PDC,23490,76000,Automatico,08/2021,Benzina,100 kW (136 CV),Garage Le Mans Srl • IT-24061 Montello - Bergamo,Rivenditore
BMW 118 118d Msport 5p auto,https://www.autoscout24.it/annunci/bmw-118-118d-msport-5p-auto-diesel-cat_ma13mo18481-c95fbec4-abd3-463a-a22f-b820f57e6f46,BMW,118,118d Msport 5p auto,23000,77500,Semiautomatico,04/2021,Diesel,110 kW (150 CV),"Privato,IT-37041 Albaredo d’adige",Privato
BMW 118 118i Msport 5p auto,https://www.autoscout24.it/annunci/bmw-118-118i-msport-5p-auto-benzina-grigio-cat_ma13mo18481-404910c6-4378-4b8a-975e-28fb38422f62,BMW,118,118i Msport 5p auto,23000,96000,Automatico,11/2023,Benzina,100 kW (136 CV),"Privato,IT-59013 Montemurlo",Privato
BMW 118 118i Msport 5p auto,https://www.autoscout24.it/annunci/bmw-118-118i-msport-5p-auto-benzina-cat_ma13mo18481-9e4d3faf-d58a-49ec-8cfb-09c666075724,BMW,118,118i Msport 5p auto,23900,79900,Automatico,05/2022,Benzina,100 kW (136 CV),"Privato,IT-41125 modena",Privato
BMW 118 M-Sport,https://www.autoscout24.it/annunci/bmw-118-m-sport-diesel-cat_ma13mo18481-f194d29e-3338-4b72-8ae3-4699a2bfdfaa,BMW,118,M-Sport,23500,105000,Automatico,01/2021,Diesel,110 kW (150 CV),"Privato,IT-41058 Modena",Privato
BMW 118 118d Sport auto,https://www.autoscout24.it/annunci/bmw-118-118d-sport-auto-diesel-grigio-cat_ma13mo18481-4d93c71d-3405-42fb-af8f-1bbc3420e036,BMW,118,118d Sport auto,23500,57703,Automatico,09/2020,Diesel,110 kW (150 CV),Guidicar - Volauto • IT-19136 La Spezia - SP,Rivenditore
BMW 118 118d Sport auto,https://www.autoscout24.it/annunci/bmw-118-118d-sport-auto-diesel-cat_ma13mo18481-2814563c-5a6f-4727-a47d-99ef3b5a290e,BMW,118,118d Sport auto,23000,94000,Semiautomatico,08/2020,Diesel,110 kW (150 CV),"Privato,IT-03014 Fiuggi",Privato
BMW 118 118d Msport auto,https://www.autoscout24.it/annunci/bmw-118-118d-msport-auto-diesel-cat_ma13mo18481-5971f456-c0ef-41db-b75f-360ad8cd58a8,BMW,118,118d Msport auto,23000,67800,Automatico,03/2021,Diesel,110 kW (150 CV),"Privato,IT-32021 Agordo",Privato
BMW 118 118d Msport auto,https://www.autoscout24.it/annunci/bmw-118-118d-msport-auto-diesel-cat_ma13mo18481-e68ffa09-167b-4c4a-95c8-fbcf92aa60cc,BMW,118,118d Msport auto,23200,60000,Semiautomatico,06/2020,Diesel,110 kW (150 CV),"Privato,IT-21049 tradate prov. Varese",Privato
BMW 118 Serie 1 F40 118i Msport 136cv auto,https://www.autoscout24.it/annunci/bmw-118-serie-1-f40-118i-msport-136cv-auto-benzina-blu-azzurro-cat_ma13mo18481-aba9fd62-8043-4713-8b15-bf3b6df4ed20,BMW,118,Serie 1 F40 118i Msport 136cv auto,24000,68000,Automatico,03/2023,Benzina,100 kW (136 CV),"Privato,IT-21100 Varese",Privato
BMW 118 118i Msport 5p auto,https://www.autoscout24.it/annunci/bmw-118-118i-msport-5p-auto-benzina-cat_ma13mo18481-d9dc259e-d981-4456-b40a-96ce95a914af,BMW,118,118i Msport 5p auto,23000,82300,Automatico,11/2021,Benzina,100 kW (136 CV),"Privato,IT-20021 Bollate",Privato
BMW 118 118i Msport 5p auto,https://www.autoscout24.it/annunci/bmw-118-118i-msport-5p-auto-benzina-bianco-cat_ma13mo18481-cae37b50-70ea-41db-8da0-1030c2a0ca0a,BMW,118,118i Msport 5p auto,23000,70000,Automatico,02/2022,Benzina,100 kW (136 CV),"Privato,IT-20080 Besate",Privato
BMW 118 Serie 1 F40 118d Msport auto,https://www.autoscout24.it/annunci/bmw-118-serie-1-f40-118d-msport-auto-diesel-blu-azzurro-cat_ma13mo18481-ce411301-205b-4c24-90d6-821a9eac7262,BMW,118,Serie 1 F40 118d Msport auto,23000,76107,Semiautomatico,06/2021,Diesel,110 kW (150 CV),"Privato,IT-40069 Zola Predosa",Privato
BMW 118 118i 5p,https://www.autoscout24.it/annunci/bmw-118-118i-5p-benzina-grigio-cat_ma13mo18481-718c98fd-351d-4383-9def-1dc9476994c1,BMW,118,118i 5p,23333,50888,Automatico,06/2024,Benzina,100 kW (136 CV),"Privato,IT-74123 Taranto",Privato
BMW 118 Serie 1 F40 118d Msport,https://www.autoscout24.it/annunci/bmw-118-serie-1-f40-118d-msport-diesel-bianco-cat_ma13mo18481-b0bbe2c4-21a5-4ec3-888e-76445190d74b,BMW,118,Serie 1 F40 118d Msport,23999,91000,Automatico,10/2021,Diesel,110 kW (150 CV),"Privato,IT-80014 Giugliano in Campania",Privato
BMW 118 Serie 1 F40 118d Msport auto,https://www.autoscout24.it/annunci/bmw-118-serie-1-f40-118d-msport-auto-diesel-grigio-cat_ma13mo18481-4f3cfd2a-c12e-4033-8af3-1831193223f1,BMW,118,Serie 1 F40 118d Msport auto,23000,86000,Semiautomatico,12/2020,Diesel,110 kW (150 CV),"Privato,IT-15121 Alessandria",Privato
BMW 116 116d Msport,https://www.autoscout24.it/annunci/bmw-116-116d-msport-diesel-cat_ma13mo18480-1d4cbea5-359b-4b59-b8ef-40b76e030ac3,BMW,116,116d Msport,23000,67350,Manuale,04/2021,Diesel,85 kW (116 CV),"Privato,IT-26900 Lodi",Privato
BMW 118 118d Msport auto,https://www.autoscout24.it/annunci/bmw-118-118d-msport-auto-diesel-nero-cat_ma13mo18481-25e46492-a1fe-491e-8c93-7918b3763a25,BMW,118,118d Msport auto,23900,69860,Semiautomatico,08/2020,Diesel,110 kW (150 CV),Autotech Srl • IT-20862 Arcore (MB),Rivenditore
"BMW 118 i Msport 140cv Shadow line 2023 17"" vari colori",https://www.autoscout24.it/annunci/bmw-118-i-msport-140cv-shadow-line-2023-17-vari-colori-benzina-grigio-cat_ma13mo18481-84a440bc-a582-4534-8f9f-98a1397385a2,BMW,118,"i Msport 140cv Shadow line 2023 17"" vari colori",23990,23418,Manuale,05/2023,Benzina,103 kW (140 CV),AR Motor srls • IT-00077 Montecompatri - Roma - RM,Rivenditore
BMW 116 116d Msport auto,https://www.autoscout24.it/annunci/bmw-116-116d-msport-auto-diesel-grigio-cat_ma13mo18480-95bdb0a0-386d-4a4e-a63b-6aaac4a467b8,BMW,116,116d Msport auto,23300,95527,Automatico,09/2021,Diesel,85 kW (116 CV),"Privato,IT-47521 Cesena",Privato
BMW 118 118d Msport auto,https://www.autoscout24.it/annunci/bmw-118-118d-msport-auto-diesel-cat_ma13mo18481-6522dac2-d800-4a97-a3d0-9683398fd68b,BMW,118,118d Msport auto,23000,91000,Semiautomatico,01/2021,Diesel,110 kW (150 CV),"Privato,IT-80010 NA",Privato
BMW 116 Serie 1 F40 116d Msport Exterior auto,https://www.autoscout24.it/annunci/bmw-116-serie-1-f40-116d-msport-exterior-auto-diesel-cat_ma13mo18480-cad8206a-1b64-4a93-8582-d9ee02690ccd,BMW,116,Serie 1 F40 116d Msport Exterior auto,23000,49000,Automatico,06/2023,Diesel,85 kW (116 CV),"Privato,IT-30037 Scorzè",Privato
BMW 118 118d Msport,https://www.autoscout24.it/annunci/bmw-118-118d-msport-diesel-cat_ma13mo18481-c99e5133-499c-4bf8-817d-7fa3a6ae92ce,BMW,118,118d Msport,23800,73000,Semiautomatico,11/2021,Diesel,110 kW (150 CV),"Privato,IT-30175 Marghera",Privato
BMW 118 118d Aut. M Sport,https://www.autoscout24.it/annunci/bmw-118-118d-aut-m-sport-diesel-cat_ma13mo18481-c8ca435d-fead-4051-8a7e-b637b695b2f9,BMW,118,118d Aut. M Sport,23000,116000,Automatico,10/2021,Diesel,110 kW (150 CV),"Privato,IT-15060 AL",Privato
BMW 118 118d Msport auto,https://www.autoscout24.it/annunci/bmw-118-118d-msport-auto-diesel-cat_ma13mo18481-88e4fcb0-8bdd-4aaf-aaf8-3da85fa316b9,BMW,118,118d Msport auto,23000,99000,Semiautomatico,06/2020,Diesel,110 kW (150 CV),"Privato,IT-28060 Novara",Privato
BMW 120 120i Business Advantage auto,https://www.autoscout24.it/annunci/bmw-120-120i-business-advantage-auto-benzina-nero-cat_ma13mo18482-e9706222-318c-4949-8d17-8eb23719b59d,BMW,120,120i Business Advantage auto,23900,55031,Automatico,06/2022,Benzina,131 kW (178 CV),Venus Spa • IT-20900 Monza - Monza Brianza - Mb,Rivenditore
BMW 118 118i Digital Edition 5p auto,https://www.autoscout24.it/annunci/bmw-118-118i-digital-edition-5p-auto-benzina-cat_ma13mo18481-5830d3c5-1dc3-4928-81c7-2c1903caf2ed,BMW,118,118i Digital Edition 5p auto,24000,39600,Automatico,07/2022,Benzina,100 kW (136 CV),"Privato,IT-40013 Castel Maggiore",Privato
BMW 116 Serie 1 F40 116d Msport auto,https://www.autoscout24.it/annunci/bmw-116-serie-1-f40-116d-msport-auto-diesel-cat_ma13mo18480-c2d5ff63-75a2-4737-97e9-6dadff4222cd,BMW,116,Serie 1 F40 116d Msport auto,23000,81000,Semiautomatico,05/2022,Diesel,85 kW (116 CV),"Privato,IT-80011 Acerra",Privato
BMW 118 118d Msport 5p auto,https://www.autoscout24.it/annunci/bmw-118-118d-msport-5p-auto-diesel-cat_ma13mo18481-b8b98caf-67cf-41e0-81d1-c75381f29dad,BMW,118,118d Msport 5p auto,23480,87000,Semiautomatico,02/2020,Diesel,110 kW (150 CV),"Privato,IT-37012 Verona",Privato
BMW 118 118i Msport 5p auto,https://www.autoscout24.it/annunci/bmw-118-118i-msport-5p-auto-benzina-cat_ma13mo18481-d899decc-2aa4-436a-9e32-8eb1415af586,BMW,118,118i Msport 5p auto,23000,79000,Automatico,07/2022,Benzina,100 kW (136 CV),"Privato,IT-07026 Olbia",Privato
BMW 118 118i Msport 140cv,https://www.autoscout24.it/annunci/bmw-118-118i-msport-140cv-benzina-cat_ma13mo18481-58db2caa-e1ee-454f-bd5d-9b7e1d7871e7,BMW,118,118i Msport 140cv,23500,80150,Manuale,01/2020,Benzina,103 kW (140 CV),"Privato,IT-24121 Bergamo",Privato
BMW 118 Serie 1 F40 118d Msport auto,https://www.autoscout24.it/annunci/bmw-118-serie-1-f40-118d-msport-auto-diesel-blu-azzurro-cat_ma13mo18481-018a74fd-8bad-455b-b843-d0f16f1aff07,BMW,118,Serie 1 F40 118d Msport auto,23000,62000,Automatico,08/2021,Diesel,110 kW (150 CV),"Privato,IT-35129 Padova",Privato
BMW 118 Bmw Serie 1 F40 118d Msport Con Pacchetto Service,https://www.autoscout24.it/annunci/bmw-118-bmw-serie-1-f40-118d-msport-con-pacchetto-service-diesel-cat_ma13mo18481-3df5eec5-b738-4177-9fca-685ca3ccdd81,BMW,118,Bmw Serie 1 F40 118d Msport Con Pacchetto Service,23000,100150,Semiautomatico,01/2021,Diesel,110 kW (150 CV),"Privato,IT-00139 Roma",Privato
BMW 116 116i Msport Exterior auto E6D,https://www.autoscout24.it/annunci/bmw-116-116i-msport-exterior-auto-e6d-benzina-nero-cat_ma13mo18480-efd32955-a085-43e4-9748-c985ead38c1d,BMW,116,116i Msport Exterior auto E6D,23850,30000,Automatico,04/2022,Benzina,80 kW (109 CV),Auto Brignoli Srl • IT-24066 Pedrengo – Bergamo,Rivenditore
BMW 116 116d Msport auto,https://www.autoscout24.it/annunci/bmw-116-116d-msport-auto-diesel-cat_ma13mo18480-c9edad86-9e7a-4106-a144-9fdb4498053e,BMW,116,116d Msport auto,23500,65000,Semiautomatico,04/2021,Diesel,85 kW (116 CV),"Privato,IT-84010 Sant'Egidio del Monte Albino",Privato
BMW 118 118i Msport 5p auto,https://www.autoscout24.it/annunci/bmw-118-118i-msport-5p-auto-benzina-cat_ma13mo18481-4f0bd272-e16f-4233-a18c-0584933d330c,BMW,118,118i Msport 5p auto,24000,93000,Automatico,09/2022,Benzina,100 kW (136 CV),"Privato,IT-04011 Aprilia",Privato
BMW 118 118d Msport auto,https://www.autoscout24.it/annunci/bmw-118-118d-msport-auto-diesel-bianco-cat_ma13mo18481-c90ca4fe-3036-4d59-819c-0364aad574a8,BMW,118,118d Msport auto,24000,91500,Semiautomatico,04/2023,Diesel,110 kW (150 CV),"Privato,IT-30176 Venezia",Privato
BMW 118 118i Msport 5p auto,https://www.autoscout24.it/annunci/bmw-118-118i-msport-5p-auto-benzina-cat_ma13mo18481-7a651633-c35e-4ef7-acb5-385e44084523,BMW,118,118i Msport 5p auto,23500,77000,Automatico,07/2020,Benzina,100 kW (136 CV),"Privato,IT-15121 Alessandria",Privato
BMW 118 d Msport auto 150 cv,https://www.autoscout24.it/annunci/bmw-118-d-msport-auto-150-cv-diesel-grigio-cat_ma13mo18481-681d9d6b-2d6a-4210-87be-39b3470721c9,BMW,118,d Msport auto 150 cv,23500,109000,Automatico,11/2020,Diesel,110 kW (150 CV),F.S. Car Web di Frappietri Silvano • IT-74016 Massafra - Taranto,Rivenditore
BMW 118 d Msport auto,https://www.autoscout24.it/annunci/bmw-118-d-msport-auto-diesel-nero-cat_ma13mo18481-c1f8efe8-32bf-4d9a-a5e3-b4af53690b73,BMW,118,d Msport auto,23999,79000,Automatico,04/2020,Diesel,110 kW (150 CV),Prestige Motors Srl • IT-35031 Abano Terme - Padova - PD,Rivenditore
BMW 118 118i Msport 136cv,https://www.autoscout24.it/annunci/bmw-118-118i-msport-136cv-benzina-cat_ma13mo18481-903a594e-b31e-47f7-8b26-551903f815f5,BMW,118,118i Msport 136cv,23800,43900,Manuale,02/2021,Benzina,100 kW (136 CV),"Privato,IT-00177 Roma",Privato
BMW 116 Serie 1 F40 116d Msport auto,https://www.autoscout24.it/annunci/bmw-116-serie-1-f40-116d-msport-auto-diesel-grigio-cat_ma13mo18480-b143b73b-b3e1-4a10-8f7b-7b1def121651,BMW,116,Serie 1 F40 116d Msport auto,24000,77441,Automatico,10/2021,Diesel,85 kW (116 CV),"Privato,IT-36024 Nanto",Privato
BMW 116 d Msport auto,https://www.autoscout24.it/annunci/bmw-116-d-msport-auto-diesel-grigio-cat_ma13mo18480-2a4b5361-baeb-4df3-a42f-4e0d36895f02,BMW,116,d Msport auto,23500,40346,Automatico,04/2021,Diesel,85 kW (116 CV),Scotti Spa • IT-50053 Empoli - Firenze - FI,Rivenditore
BMW 118 d Msport auto,https://www.autoscout24.it/annunci/bmw-118-d-msport-auto-diesel-nero-cat_ma13mo18481-ae4871e5-fc62-46a0-970d-db72a519c472,BMW,118,d Msport auto,24000,83057,Automatico,05/2022,Diesel,110 kW (150 CV),BYmyCAR Milano • IT-20097 San Donato Milanese - Milano - MI,Rivenditore
BMW 118 118d Msport,https://www.autoscout24.it/annunci/bmw-118-118d-msport-diesel-cat_ma13mo18481-311b7921-9928-475d-ace8-92754504c5d0,BMW,118,118d Msport,23000,101000,Manuale,09/2021,Diesel,110 kW (150 CV),"Privato,IT-12060 cherasco",Privato
BMW 118 i 5p. sport,https://www.autoscout24.it/annunci/bmw-118-i-5p-sport-benzina-nero-cat_ma13mo18481-29eee66f-ee0c-4ef6-bdd7-25b5d798ade8,BMW,118,i 5p. sport,23900,48000,Automatico,07/2023,Benzina,100 kW (136 CV),Punto Auto Srl • IT-86170 Isernia - Is,Rivenditore
BMW 118 Serie 1 F40 118d Msport auto,https://www.autoscout24.it/annunci/bmw-118-serie-1-f40-118d-msport-auto-diesel-bianco-cat_ma13mo18481-4ac58819-6ef2-4760-94c6-cf78e44b6a9c,BMW,118,Serie 1 F40 118d Msport auto,24000,86153,Automatico,04/2021,Diesel,110 kW (150 CV),"Privato,IT-40016 San Giorgio di Piano",Privato
BMW 125 128ti Msport aut.,https://www.autoscout24.it/annunci/bmw-125-128ti-msport-aut-benzina-bianco-cat_ma13mo19084-11fbc862-5c5e-4c1b-9e03-03a0b554a793,BMW,125,128ti Msport aut.,24000,117000,Automatico,11/2021,Benzina,195 kW (265 CV),Pantano Srl • IT-01033 Civita Castellana - Viterbo - Vt,Rivenditore
BMW 118 118d Msport auto,https://www.autoscout24.it/annunci/bmw-118-118d-msport-auto-diesel-cat_ma13mo18481-f03d4aa3-2f05-4d31-8a25-4b9ec3b8a40e,BMW,118,118d Msport auto,23900,91700,Semiautomatico,01/2021,Diesel,110 kW (150 CV),"Privato,IT-20851 Lissone",Privato
BMW 118 118i M Sport,https://www.autoscout24.it/annunci/bmw-118-118i-m-sport-benzina-cat_ma13mo18481-d7715e18-980a-4acf-bd6b-0727b4dcd925,BMW,118,118i M Sport,23999,75000,Manuale,10/2022,Benzina,100 kW (136 CV),"Privato,IT-36014 Santorso",Privato
BMW 118 118d Msport Exterior auto,https://www.autoscout24.it/annunci/bmw-118-118d-msport-exterior-auto-diesel-cat_ma13mo18481-4caac3d8-9539-4b5e-b23e-c98d42dd51af,BMW,118,118d Msport Exterior auto,23500,90000,Semiautomatico,12/2021,Diesel,110 kW (150 CV),"Privato,IT-56012 Calcinaia",Privato
"BMW 118 i Msport 136cv auto Shadow line 17"" 2023 camera",https://www.autoscout24.it/annunci/bmw-118-i-msport-136cv-auto-shadow-line-17-2023-camera-benzina-blu-azzurro-cat_ma13mo18481-e5bc9b59-9d37-42ef-94c0-f48e3e76b6b9,BMW,118,"i Msport 136cv auto Shadow line 17"" 2023 camera",23300,42687,Automatico,08/2023,Benzina,100 kW (136 CV),AR Motor srls • IT-00077 Montecompatri - Roma - RM,Rivenditore
BMW 118 118i Msport 5p auto,https://www.autoscout24.it/annunci/bmw-118-118i-msport-5p-auto-benzina-grigio-cat_ma13mo18481-05713d88-8b51-40da-8237-166c69c89881,BMW,118,118i Msport 5p auto,23000,59000,Automatico,01/2020,Benzina,100 kW (136 CV),"Privato,IT-14100 ASTI",Privato
BMW 118 118i 5p auto,https://www.autoscout24.it/annunci/bmw-118-118i-5p-auto-benzina-grigio-cat_ma13mo18481-81a2373a-a06e-4cd0-b04c-121d9177c077,BMW,118,118i 5p auto,23800,67000,Automatico,04/2021,Benzina,100 kW (136 CV),"Privato,IT-25030 Coccaglio",Privato
BMW 118 Serie 1 F40118d Msport,https://www.autoscout24.it/annunci/bmw-118-serie-1-f40118d-msport-diesel-bianco-cat_ma13mo18481-9ce02be8-5aa5-4439-8aac-6cb25290ebc7,BMW,118,Serie 1 F40118d Msport,23999,145000,Manuale,12/2021,Diesel,110 kW (150 CV),"Privato,IT-56035 Casciana Terme Lari",Privato
BMW 118 118i Msport 5p auto,https://www.autoscout24.it/annunci/bmw-118-118i-msport-5p-auto-benzina-cat_ma13mo18481-6dc5cdbe-fb2a-4265-9341-9a054d0aa9e0,BMW,118,118i Msport 5p auto,23999,55826,Automatico,07/2020,Benzina,100 kW (136 CV),"Privato,IT-89844 Nicotera",Privato
"BMW 118 118 d 5p. Msport *SEDILI A GUSCIO, LUCI AMBIENT*",https://www.autoscout24.it/annunci/bmw-118-118-d-5p-msport-sedili-a-guscio-luci-ambient-diesel-grigio-cat_ma13mo18481-3fb50f5c-73e4-41cf-8318-f3c32f5582cf,BMW,118,"118 d 5p. Msport *SEDILI A GUSCIO, LUCI AMBIENT*",23950,85107,Automatico,08/2021,Diesel,110 kW (150 CV),Euroautohaus F.lli Ardone Srl • IT-72019 San Vito dei Normanni - Brindisi,Rivenditore
BMW 118 118i Sport 5p auto my18,https://www.autoscout24.it/annunci/bmw-118-118i-sport-5p-auto-my18-benzina-cat_ma13mo18481-da09169e-21b6-48de-aa95-04653cc8b9d1,BMW,118,118i Sport 5p auto my18,23000,30700,Automatico,01/2020,Benzina,100 kW (136 CV),"Privato,IT-37138 verona",Privato
BMW 116 5 porte 116d scr M-SPORT cv dct,https://www.autoscout24.it/annunci/bmw-116-5-porte-116d-scr-m-sport-cv-dct-diesel-nero-cat_ma13mo18480-3e8370df-63c2-4b2b-9977-421f5a8678bb,BMW,116,5 porte 116d scr M-SPORT cv dct,23700,96206,Automatico,04/2023,Diesel,85 kW (116 CV),Auto Zentrum Torino • IT-10095 Grugliasco - Torino - To,Rivenditore
BMW 118 118i Msport 5p auto,https://www.autoscout24.it/annunci/bmw-118-118i-msport-5p-auto-benzina-cat_ma13mo18481-1729634b-9423-4b86-9489-246c3869e751,BMW,118,118i Msport 5p auto,23000,82400,Automatico,11/2020,Benzina,103 kW (140 CV),"Privato,IT-45019 Taglio di Po",Privato
BMW 118 118i Msport 5p auto,https://www.autoscout24.it/annunci/bmw-118-118i-msport-5p-auto-benzina-cat_ma13mo18481-3570ace1-206b-428e-9cf3-0c8dd5564a1c,BMW,118,118i Msport 5p auto,23000,70000,Automatico,01/2020,Benzina,100 kW (136 CV),"Privato,IT-10024 Moncalieri",Privato
BMW 118 118d Msport 5p auto,https://www.autoscout24.it/annunci/bmw-118-118d-msport-5p-auto-diesel-cat_ma13mo18481-0cfa37a4-1981-4a06-aa84-f23c97601ba9,BMW,118,118d Msport 5p auto,23999,78000,Automatico,05/2021,Diesel,110 kW (150 CV),"Privato,IT-88833 Caccuri",Privato
BMW 118 118i M-sport,https://www.autoscout24.it/annunci/bmw-118-118i-m-sport-benzina-cat_ma13mo18481-1d4350ce-ee60-4cf3-985d-a1f05cedaaf4,BMW,118,118i M-sport,23500,112000,Automatico,03/2020,Benzina,103 kW (140 CV),"Privato,IT-34074 Monfalcone",Privato
BMW 118 118d Msport auto,https://www.autoscout24.it/annunci/bmw-118-118d-msport-auto-diesel-cat_ma13mo18481-6441480d-3ee1-4558-a0f4-ccd85c16e99d,BMW,118,118d Msport auto,23500,89000,Semiautomatico,10/2020,Diesel,110 kW (150 CV),"Privato,IT-41015 Modena",Privato
BMW 118 118d Msport auto,https://www.autoscout24.it/annunci/bmw-118-118d-msport-auto-diesel-cat_ma13mo18481-fea3ae6b-028d-40a6-924a-e4b08b2681f8,BMW,118,118d Msport auto,23500,111417,Semiautomatico,10/2021,Diesel,110 kW (150 CV),"Privato,IT-00010 poli",Privato
"BMW 118 i Msport 136cv auto 2023 17"" vari colori",https://www.autoscout24.it/annunci/bmw-118-i-msport-136cv-auto-2023-17-vari-colori-benzina-bianco-cat_ma13mo18481-5da53df6-2c66-44b7-b98c-58085e4a9739,BMW,118,"i Msport 136cv auto 2023 17"" vari colori",23790,28349,Automatico,07/2023,Benzina,100 kW (136 CV),AR Motor srls • IT-00077 Montecompatri - Roma - RM,Rivenditore
BMW 118 118d Msport,https://www.autoscout24.it/annunci/bmw-118-118d-msport-diesel-cat_ma13mo18481-77126d83-ebfb-47e0-bbf3-de8279f95288,BMW,118,118d Msport,23500,62000,Manuale,10/2020,Diesel,110 kW (150 CV),"Privato,IT-95100 Catania",Privato
BMW 118 118d Msport,https://www.autoscout24.it/annunci/bmw-118-118d-msport-diesel-cat_ma13mo18481-00fd3fb5-6e03-436c-84ff-976dc2b15fac,BMW,118,118d Msport,24000,72000,Manuale,03/2020,Diesel,110 kW (150 CV),"Privato,IT-51100 Pistoia",Privato
BMW 118 118i M Sport,https://www.autoscout24.it/annunci/bmw-118-118i-m-sport-benzina-blu-azzurro-cat_ma13mo18481-680ef85e-4e86-4b8d-acfc-d76ad0296f3f,BMW,118,118i M Sport,23999,59474,Automatico,10/2021,Benzina,100 kW (136 CV),Autohero Italia Srl - Bari • IT-50145 Firenze - FI,Rivenditore
BMW 116 Serie 1 F40116d Msport auto,https://www.autoscout24.it/annunci/bmw-116-serie-1-f40116d-msport-auto-diesel-nero-cat_ma13mo18480-58b18fc3-cf62-499b-81e6-a643275c35eb,BMW,116,Serie 1 F40116d Msport auto,24000,72942,Semiautomatico,07/2021,Diesel,85 kW (116 CV),"Privato,IT-00030 San Cesareo",Privato
BMW 116 d Msport Exterior auto,https://www.autoscout24.it/annunci/bmw-116-d-msport-exterior-auto-diesel-grigio-cat_ma13mo18480-12f20c57-8626-4e97-a83a-64d6bf3eef75,BMW,116,d Msport Exterior auto,23218,78418,Automatico,01/2023,Diesel,85 kW (116 CV),Gruppo Brandini • IT-50127 Firenze,Rivenditore
BMW 116 Serie 1 F40 116d auto,https://www.autoscout24.it/annunci/bmw-116-serie-1-f40-116d-auto-diesel-grigio-cat_ma13mo18480-09da8b6a-f1e1-454d-b666-6549b7f6b618,BMW,116,Serie 1 F40 116d auto,23000,30356,Semiautomatico,10/2020,Diesel,85 kW (116 CV),"Privato,IT-76123 andria",Privato
BMW 118 118i Sport 136cv auto,https://www.autoscout24.it/annunci/bmw-118-118i-sport-136cv-auto-benzina-cat_ma13mo18481-a4e0666c-2b66-4f33-8d94-0db3a2db1de4,BMW,118,118i Sport 136cv auto,23500,48689,Semiautomatico,03/2022,Benzina,100 kW (136 CV),"Privato,IT-00144 Roma",Privato
BMW 118 118i Msport 5p auto,https://www.autoscout24.it/annunci/bmw-118-118i-msport-5p-auto-benzina-grigio-cat_ma13mo18481-5bc9f5d4-c2ed-4acd-8a1c-2ccd649127c2,BMW,118,118i Msport 5p auto,23000,59000,Automatico,01/2020,Benzina,100 kW (136 CV),"Privato,IT-14100 ASTI",Privato
BMW 118 Serie 1 F40 118i Msport 136cv auto,https://www.autoscout24.it/annunci/bmw-118-serie-1-f40-118i-msport-136cv-auto-benzina-bianco-cat_ma13mo18481-45464c64-e56a-4bbc-9bf8-bbc6dcce1a8f,BMW,118,Serie 1 F40 118i Msport 136cv auto,24000,70000,Semiautomatico,06/2022,Benzina,103 kW (140 CV),"Privato,IT-54011 Aulla",Privato
BMW 118 Serie 1 F40 118d Msport auto,https://www.autoscout24.it/annunci/bmw-118-serie-1-f40-118d-msport-auto-diesel-bianco-cat_ma13mo18481-564c7ddd-3903-491c-a8a7-ac6a2ed1a578,BMW,118,Serie 1 F40 118d Msport auto,24000,75000,Semiautomatico,12/2021,Diesel,110 kW (150 CV),Fast Clinicar Auto • IT-35019 Tombolo,Rivenditore
BMW 118 118d Msport auto FULL COCKPIT,https://www.autoscout24.it/annunci/bmw-118-118d-msport-auto-full-cockpit-diesel-cat_ma13mo18481-d1d8a0d5-fbca-4349-9b66-67c1b92eef5b,BMW,118,118d Msport auto FULL COCKPIT,23950,109000,Automatico,11/2020,Diesel,110 kW (150 CV),Pelloni Auto Spa • IT-41122 Modena - Mo,Rivenditore
BMW 118 Serie 1 F40 118d Msport auto,https://www.autoscout24.it/annunci/bmw-118-serie-1-f40-118d-msport-auto-diesel-nero-cat_ma13mo18481-3b1620ec-55b9-46e6-88f9-ddaf9fe56d86,BMW,118,Serie 1 F40 118d Msport auto,23700,105000,Semiautomatico,11/2020,Diesel,110 kW (150 CV),"Privato,IT-37045 Legnago",Privato
BMW 118 118i Msport 140cv,https://www.autoscout24.it/annunci/bmw-118-118i-msport-140cv-benzina-cat_ma13mo18481-885ebcc0-50df-422e-9db2-8f14195c6fbb,BMW,118,118i Msport 140cv,23000,78000,Manuale,03/2020,Benzina,103 kW (140 CV),"Privato,IT-10098 Rivoli",Privato
BMW 116 116d Msport 5p auto,https://www.autoscout24.it/annunci/bmw-116-116d-msport-5p-auto-diesel-cat_ma13mo18480-74ee2da1-734d-4600-a8ad-b857cdb9cf5c,BMW,116,116d Msport 5p auto,23500,91000,Semiautomatico,03/2021,Diesel,85 kW (116 CV),"Privato,IT-41125 Modena",Privato
BMW 116 116d Msport auto,https://www.autoscout24.it/annunci/bmw-116-116d-msport-auto-diesel-cat_ma13mo18480-00365b75-1762-4003-bfc6-63acaba1f66f,BMW,116,116d Msport auto,24000,85600,Semiautomatico,02/2021,Diesel,85 kW (116 CV),"Privato,IT-35010 Borgoricco",Privato
BMW 116 d 5p. Msport,https://www.autoscout24.it/annunci/bmw-116-d-5p-msport-diesel-blu-azzurro-cat_ma13mo18480-ad36f110-379e-449f-9d2a-56ecd063f1bd,BMW,116,d 5p. Msport,23950,77450,Automatico,06/2021,Diesel,85 kW (116 CV),Okay Cars Srl • IT-42020 Quattro Castella - Reggio Emilia - Re,Rivenditore
"BMW 118 PACK M-SPORT/TETTO PANORAMA/18""/PACK BLACK/KAMERA/",https://www.autoscout24.it/annunci/bmw-118-pack-m-sport-tetto-panorama-18-pack-black-kamera-diesel-nero-cat_ma13mo18481-db04f433-02e7-46c1-947c-97b4f22f8625,BMW,118,"PACK M-SPORT/TETTO PANORAMA/18""/PACK BLACK/KAMERA/",23900,132788,Semiautomatico,12/2020,Diesel,110 kW (150 CV),On the road Srl • IT-61032 Fano - Pesaro Urbino - Pu,Rivenditore
BMW 118 118d Msport auto,https://www.autoscout24.it/annunci/bmw-118-118d-msport-auto-diesel-cat_ma13mo18481-fb36efe4-cb11-4a00-81a0-8a99fb6d8d35,BMW,118,118d Msport auto,23000,122000,Automatico,10/2020,Diesel,110 kW (150 CV),"Privato,IT-09023 Monastir",Privato
BMW 118 118d Sport auto,https://www.autoscout24.it/annunci/bmw-118-118d-sport-auto-diesel-cat_ma13mo18481-1a00ff5c-f11e-42c9-a4bf-4780fe1dabdf,BMW,118,118d Sport auto,23000,99000,Semiautomatico,12/2021,Diesel,110 kW (150 CV),"Privato,IT-96018 Pachino",Privato
BMW 135 M135i xDrive,https://www.autoscout24.it/annunci/bmw-135-m135i-xdrive-benzina-grigio-cat_ma13mo19079-0e675bd5-c4bb-466d-a278-aaffb854ba99,BMW,135,M135i xDrive,23999,117770,Automatico,01/2021,Benzina,225 kW (306 CV),Autohero Italia Srl - Torino • IT-10092 Beinasco - TO,Rivenditore
BMW 116 Serie 1 F40 116d Msport auto,https://www.autoscout24.it/annunci/bmw-116-serie-1-f40-116d-msport-auto-diesel-blu-azzurro-cat_ma13mo18480-dd075079-8de0-43d1-b202-59067f181eda,BMW,116,Serie 1 F40 116d Msport auto,23500,58000,Semiautomatico,10/2021,Diesel,85 kW (116 CV),"Privato,IT-90149 Palermo",Privato
"BMW 118 BMW M-Sport + doppio treno 19"" + garanzia",https://www.autoscout24.it/annunci/bmw-118-bmw-m-sport-+-doppio-treno-19-+-garanzia-diesel-cat_ma13mo18481-b3828cd7-22c6-4bae-a182-e94136ee7085,BMW,118,"BMW M-Sport + doppio treno 19"" + garanzia",23500,136000,Semiautomatico,04/2021,Diesel,110 kW (150 CV),"Privato,IT-31041 Cornuda",Privato
BMW 116 116d Business Advantage auto,https://www.autoscout24.it/annunci/bmw-116-116d-business-advantage-auto-diesel-bianco-cat_ma13mo18480-544e74ac-198e-4709-bf9b-bb2df1cb3b38,BMW,116,116d Business Advantage auto,23900,43704,Automatico,01/2023,Diesel,85 kW (116 CV),Autosalone Pasquale di Pede Srl • IT-75100 Matera - Mt,Rivenditore
BMW 118 118d Msport auto,https://www.autoscout24.it/annunci/bmw-118-118d-msport-auto-diesel-cat_ma13mo18481-c7aba854-9e7a-476d-902f-75a4c94c1593,BMW,118,118d Msport auto,23500,90000,Semiautomatico,01/2021,Diesel,110 kW (150 CV),"Privato,IT-14100 Asti",Privato
BMW 116 d M SPORT **AUTOM + LED + RETROC + LUCI AMBIENTE +FULL **,https://www.autoscout24.it/annunci/bmw-116-d-m-sport-autom-+-led-+-retroc-+-luci-ambiente-+full-diesel-bianco-cat_ma13mo18480-09fddc0d-7507-4f55-b8ea-fbe94be85eb1,BMW,116,d M SPORT **AUTOM + LED + RETROC + LUCI AMBIENTE +FULL **,23990,97000,Automatico,05/2024,Diesel,85 kW (116 CV),Carstore Italia Srls • IT-03100 Frosinone - Fr,Rivenditore
BMW 118 118i 5p. Msport,https://www.autoscout24.it/annunci/bmw-118-118i-5p-msport-benzina-nero-cat_ma13mo18481-304d9266-88e8-49bb-a843-0c1640f8d78f,BMW,118,118i 5p. Msport,23900,19700,Manuale,12/2023,Benzina,100 kW (136 CV),Automobile Torino srl • IT-10034 Chivasso - Torino,Rivenditore
BMW 118 118d Msport auto,https://www.autoscout24.it/annunci/bmw-118-118d-msport-auto-diesel-nero-cat_ma13mo18481-8a64ecdc-5142-4fb0-9feb-ca14d054033e,BMW,118,118d Msport auto,23900,57000,Automatico,02/2020,Diesel,110 kW (150 CV),Rabino & C. srl • IT-10064 Pinerolo -  Torino,Rivenditore
BMW 118 118d Msport auto,https://www.autoscout24.it/annunci/bmw-118-118d-msport-auto-diesel-blu-azzurro-cat_ma13mo18481-aae124d4-c126-46be-913d-873fdd24db6b,BMW,118,118d Msport auto,23500,106000,Semiautomatico,01/2021,Diesel,110 kW (150 CV),Vignolauto srl • IT-41058 Vignola - Modena,Rivenditore
BMW 116 116i M Sport,https://www.autoscout24.it/annunci/bmw-116-116i-m-sport-benzina-blu-azzurro-cat_ma13mo18480-431a33fc-bd10-4c5a-aa47-ca7faa1f80f3,BMW,116,116i M Sport,23499,17890,Automatico,11/2023,Benzina,80 kW (109 CV),Autohero Italia Srl • IT-37135 Verona - VR,Rivenditore
BMW 118 M Sport Full,https://www.autoscout24.it/annunci/bmw-118-m-sport-full-diesel-cat_ma13mo18481-3b34581f-649b-466d-840d-d872b60910fb,BMW,118,M Sport Full,24000,155000,Semiautomatico,01/2020,Diesel,110 kW (150 CV),"Privato,IT-00181 Roma",Privato
BMW 118 118d Msport auto,https://www.autoscout24.it/annunci/bmw-118-118d-msport-auto-diesel-cat_ma13mo18481-029e1bcd-765d-4c3d-9a35-6e00616b47cd,BMW,118,118d Msport auto,24000,96500,Semiautomatico,02/2020,Diesel,110 kW (150 CV),"Privato,IT-21028 travedona-monate",Privato
BMW 118 Serie 1 F40 118i Msport 136cv auto,https://www.autoscout24.it/annunci/bmw-118-serie-1-f40-118i-msport-136cv-auto-benzina-bianco-cat_ma13mo18481-af0c5e84-0ff8-401f-bd74-9fed0e77c32f,BMW,118,Serie 1 F40 118i Msport 136cv auto,24000,54000,Semiautomatico,10/2022,Benzina,100 kW (136 CV),"Privato,IT-25043 Breno",Privato
BMW 116 Serie 1 F40 116d Business Advantage auto,https://www.autoscout24.it/annunci/bmw-116-serie-1-f40-116d-business-advantage-auto-diesel-nero-cat_ma13mo18480-b45d2d80-4140-4c6b-b081-05904de74b76,BMW,116,Serie 1 F40 116d Business Advantage auto,23500,49000,Automatico,09/2022,Diesel,85 kW (116 CV),"Privato,IT-40057 Granarolo dell'Emilia",Privato
BMW 116 116i Msport,https://www.autoscout24.it/annunci/bmw-116-116i-msport-benzina-blu-azzurro-cat_ma13mo18480-c365f0ef-ad0d-4dc6-873b-653016e3b4d6,BMW,116,116i Msport,23500,47900,Semiautomatico,09/2022,Benzina,80 kW (109 CV),Bm auto Canove • IT-36010 Canove di roana - Vicenza - VI,Rivenditore
BMW 116 116d Advantage auto,https://www.autoscout24.it/annunci/bmw-116-116d-advantage-auto-diesel-cat_ma13mo18480-821d6694-742c-4031-888d-3b22b2dc9d70,BMW,116,116d Advantage auto,23500,52000,Semiautomatico,03/2023,Diesel,85 kW (116 CV),"Privato,IT-20090 Buccinasco",Privato
BMW 116 116i M Sport,https://www.autoscout24.it/annunci/bmw-116-116i-m-sport-benzina-blu-azzurro-cat_ma13mo18480-c6d25631-7342-4eb1-97ec-542b4d024680,BMW,116,116i M Sport,23499,17890,Automatico,11/2023,Benzina,80 kW (109 CV),Autohero Italia Srl - Torino • IT-10092 Beinasco - TO,Rivenditore
BMW 116 116d Msport auto,https://www.autoscout24.it/annunci/bmw-116-116d-msport-auto-diesel-nero-cat_ma13mo18480-1c80c94b-f089-49d0-bca4-863c88e93bf1,BMW,116,116d Msport auto,23900,96000,Automatico,03/2021,Diesel,85 kW (116 CV),"Privato,IT-80014 Giugliano In Campania",Privato
BMW 116 Serie 1 F40 116i Msport auto,https://www.autoscout24.it/annunci/bmw-116-serie-1-f40-116i-msport-auto-benzina-blu-azzurro-cat_ma13mo18480-133030eb-6718-443f-a47e-3256a89110b7,BMW,116,Serie 1 F40 116i Msport auto,24000,45000,Semiautomatico,09/2022,Benzina,80 kW (109 CV),"Privato,IT-36012 Asiago",Privato
BMW 116 Serie 1 F40 116d Msport auto,https://www.autoscout24.it/annunci/bmw-116-serie-1-f40-116d-msport-auto-diesel-grigio-cat_ma13mo18480-279bcc46-8800-412f-9cce-96fe152a5341,BMW,116,Serie 1 F40 116d Msport auto,24000,116000,Semiautomatico,03/2021,Diesel,85 kW (116 CV),"Privato,IT-93013 Mazzarino",Privato
BMW 118 d Business Advantage autom.,https://www.autoscout24.it/annunci/bmw-118-d-business-advantage-autom-diesel-nero-cat_ma13mo18481-74ca825c-bf76-4abb-aec2-58d135302606,BMW,118,d Business Advantage autom.,23900,93800,Semiautomatico,10/2023,Diesel,110 kW (150 CV),Balvan-Car di Bovino Mario • IT-85050 Balvano - Potenza - PZ,Rivenditore
BMW 120 2.0 DIESEL 190 CV  MSPORT auto,https://www.autoscout24.it/annunci/bmw-120-2-0-diesel-190-cv-msport-auto-diesel-grigio-cat_ma13mo18482-f9f4bf67-10a9-4b58-8294-c9bb79e93462,BMW,120,2.0 DIESEL 190 CV  MSPORT auto,23950,85000,Automatico,12/2020,Diesel,140 kW (190 CV),Gruppo Santacroce • IT-12042 Bra - Cuneo - Cn,Rivenditore
BMW 118 118i Msport 5p auto,https://www.autoscout24.it/annunci/bmw-118-118i-msport-5p-auto-benzina-cat_ma13mo18481-110bf8d2-e4ce-4bde-a26d-2ac199569917,BMW,118,118i Msport 5p auto,23900,57000,Automatico,09/2021,Benzina,100 kW (136 CV),"Privato,IT-42020 Reggio Emilia",Privato
BMW 118 Serie 1 F40118d Msport auto,https://www.autoscout24.it/annunci/bmw-118-serie-1-f40118d-msport-auto-diesel-nero-cat_ma13mo18481-93553f8f-3586-4538-98c4-05b8a3652258,BMW,118,Serie 1 F40118d Msport auto,23500,97000,Automatico,09/2021,Diesel,110 kW (150 CV),"Privato,IT-80057 Sant'Antonio Abate",Privato
BMW 116 116d Msport Exterior auto,https://www.autoscout24.it/annunci/bmw-116-116d-msport-exterior-auto-diesel-nero-cat_ma13mo18480-5c4b4208-39f2-431b-93ef-cca3f602a817,BMW,116,116d Msport Exterior auto,24000,84000,Semiautomatico,11/2021,Diesel,85 kW (116 CV),"Privato,IT-43123 Parma",Privato
BMW 116 Serie 1 F40 116d Sport auto,https://www.autoscout24.it/annunci/bmw-116-serie-1-f40-116d-sport-auto-diesel-nero-cat_ma13mo18480-f2ee4113-9fa3-47ed-ba26-0d906afb1fbe,BMW,116,Serie 1 F40 116d Sport auto,24000,78000,Semiautomatico,12/2022,Diesel,85 kW (116 CV),"Privato,IT-00054 Fiumicino",Privato
BMW 116 116d Sport auto,https://www.autoscout24.it/annunci/bmw-116-116d-sport-auto-diesel-bianco-cat_ma13mo18480-ccac6799-23e2-4065-8535-47340bef11b2,BMW,116,116d Sport auto,23500,38000,Automatico,02/2020,Diesel,85 kW (116 CV),"Privato,IT-39100 Bolzano",Privato
BMW 118 118d Msport auto,https://www.autoscout24.it/annunci/bmw-118-118d-msport-auto-diesel-grigio-cat_ma13mo18481-1febcc3e-71a4-4853-9d0e-4ea89fcfa416,BMW,118,118d Msport auto,23900,112989,Automatico,06/2021,Diesel,110 kW (150 CV),Nanni Nember Srl  - Brescia • IT-25126 Brescia - Bs,Rivenditore
BMW 118 118d Msport,https://www.autoscout24.it/annunci/bmw-118-118d-msport-diesel-blu-azzurro-cat_ma13mo18481-868cb3db-2f78-4c15-beba-481a75a6b62b,BMW,118,118d Msport,23699,62152,Automatico,08/2021,Diesel,110 kW (150 CV),Autohero Italia Srl • IT-20155 Milano - Mi,Rivenditore
BMW 120 120d xdrive Msport auto,https://www.autoscout24.it/annunci/bmw-120-120d-xdrive-msport-auto-diesel-cat_ma13mo18482-2f6f4b89-484e-4164-a35d-13c8003d21ee,BMW,120,120d xdrive Msport auto,24000,125000,Semiautomatico,06/2020,Diesel,140 kW (190 CV),"Privato,IT-36040 orgiano",Privato
BMW 120 i 5p. Business Advantage,https://www.autoscout24.it/annunci/bmw-120-i-5p-business-advantage-benzina-grigio-cat_ma13mo18482-a2cae85b-e47d-4a14-8ac6-80ec7a5e9d4f,BMW,120,i 5p. Business Advantage,23700,81369,Automatico,03/2022,Benzina,131 kW (178 CV),AutoNova Retail Srl • IT-20161 Milano - Mi,Rivenditore
BMW 116 d Msport Exterior STRAFULL Automatico,https://www.autoscout24.it/annunci/bmw-116-d-msport-exterior-strafull-automatico-diesel-nero-cat_ma13mo18480-a02b2f50-1027-4b87-b28a-b3177eef69ca,BMW,116,d Msport Exterior STRAFULL Automatico,23800,99000,Automatico,09/2020,Diesel,85 kW (116 CV),Gruppo Sgariglia srl • IT-80019 Qualiano - Na,Rivenditore
BMW 118 118d sport auto,https://www.autoscout24.it/annunci/bmw-118-118d-sport-auto-diesel-grigio-cat_ma13mo18481-44444cf0-cbe9-4ed1-b440-c1c70d600bfd,BMW,118,118d sport auto,23900,102981,Automatico,12/2022,Diesel,110 kW (150 CV),Eurocar Italia Srl - Verona • IT-37139 Verona - Vr,Rivenditore
BMW 118 118d M Sport,https://www.autoscout24.it/annunci/bmw-118-118d-m-sport-diesel-blu-azzurro-cat_ma13mo18481-6328b856-c2c4-4b57-b1eb-c25f99d45f4f,BMW,118,118d M Sport,23299,73520,Automatico,03/2021,Diesel,110 kW (150 CV),Autohero Italia Srl • IT-20155 Milano - Mi,Rivenditore
BMW 118 118i Msport 140cv,https://www.autoscout24.it/annunci/bmw-118-118i-msport-140cv-benzina-cat_ma13mo18481-fb38a375-3445-4110-8927-3aa103cf7d70,BMW,118,118i Msport 140cv,23000,63000,Manuale,07/2020,Benzina,103 kW (140 CV),"Privato,IT-95024 Acireale",Privato
BMW 118 118d Automatic Business Advantage,https://www.autoscout24.it/annunci/bmw-118-118d-automatic-business-advantage-diesel-blu-azzurro-cat_ma13mo18481-26cf0aa5-5cfe-4c33-8042-34f8756377be,BMW,118,118d Automatic Business Advantage,23890,58924,Automatico,09/2022,Diesel,110 kW (150 CV),Automilano srl • IT-20087 Robecco Sul Naviglio - Milano - Mi,Rivenditore
BMW 116 i Automatic 109 Cv Advantage Navi Digital Cockpit,https://www.autoscout24.it/annunci/bmw-116-i-automatic-109-cv-advantage-navi-digital-cockpit-benzina-nero-cat_ma13mo18480-4f4d3482-e87c-4d9b-b656-dec702cf1111,BMW,116,i Automatic 109 Cv Advantage Navi Digital Cockpit,23900,68000,Automatico,03/2023,Benzina,80 kW (109 CV),Autosab Fi srl • IT-50142 Firenze - Fi,Rivenditore
BMW 116 Serie 1 F40 116d auto,https://www.autoscout24.it/annunci/bmw-116-serie-1-f40-116d-auto-diesel-blu-azzurro-cat_ma13mo18480-c4cc28ab-9dbc-446b-b3eb-589590091c8b,BMW,116,Serie 1 F40 116d auto,23000,54858,Semiautomatico,06/2023,Diesel,85 kW (116 CV),Assetto Corsa - Gruppo G.V.S. Srl • IT-20099 Sesto San Giovanni - MI,Rivenditore
BMW 118 Serie 1 F40 118d Msport auto,https://www.autoscout24.it/annunci/bmw-118-serie-1-f40-118d-msport-auto-diesel-grigio-cat_ma13mo18481-f0da13e1-bce2-4ca5-8577-87eb8f42dec1,BMW,118,Serie 1 F40 118d Msport auto,24000,66000,Automatico,05/2020,Diesel,110 kW (150 CV),"Privato,IT-16010 Savignone",Privato
"BMW 118 Serie 1 F40 118d Msport auto CERCHI 18"" - PELLE - AMBIENT LIGHT",https://www.autoscout24.it/annunci/bmw-118-serie-1-f40-118d-msport-auto-cerchi-18-pelle-ambient-light-diesel-nero-cat_ma13mo18481-5eb39996-4a29-4b9b-9586-462dbcb0e13b,BMW,118,"Serie 1 F40 118d Msport auto CERCHI 18"" - PELLE - AMBIENT LIGHT",23999,66000,Automatico,07/2021,Diesel,110 kW (150 CV),Auto Elite Snc • IT-21010 Cardano al campo - Varese - Va,Rivenditore
BMW 116 i 5p. Msport Exterior,https://www.autoscout24.it/annunci/bmw-116-i-5p-msport-exterior-benzina-bianco-cat_ma13mo18480-61532a9e-cbca-415e-a618-d1896177e17f,BMW,116,i 5p. Msport Exterior,23500,56000,Automatico,11/2022,Benzina,80 kW (109 CV),Autosalone Epis • IT-24020 Scanzorosciate - Bergamo - Bg,Rivenditore
BMW 118 118d Business Advantage auto,https://www.autoscout24.it/annunci/bmw-118-118d-business-advantage-auto-diesel-nero-cat_ma13mo18481-2c227e70-93db-425c-8476-7f2e439c45de,BMW,118,118d Business Advantage auto,23500,86000,Automatico,03/2022,Diesel,110 kW (150 CV),"Privato,IT-71020 Rocchetta Sant'Antonio",Privato
BMW 135 M135i xDrive,https://www.autoscout24.it/annunci/bmw-135-m135i-xdrive-benzina-grigio-cat_ma13mo19079-45d0dcdd-d798-4cea-ab50-8678e5588c31,BMW,135,M135i xDrive,23999,117770,Automatico,01/2021,Benzina,225 kW (306 CV),Autohero Italia Srl • IT-20155 Milano - Mi,Rivenditore
BMW 118 Serie 1 F40 118i Msport 136cv auto NAVI LED AMBIENT LIGHT,https://www.autoscout24.it/annunci/bmw-118-serie-1-f40-118i-msport-136cv-auto-navi-led-ambient-light-benzina-blu-azzurro-cat_ma13mo18481-9a9a709e-b30f-4402-bef8-e7d9b8834517,BMW,118,Serie 1 F40 118i Msport 136cv auto NAVI LED AMBIENT LIGHT,23499,79000,Automatico,02/2023,Benzina,100 kW (136 CV),Auto Elite Snc • IT-21010 Cardano al campo - Varese - Va,Rivenditore
BMW 118 118i Msport 136cv,https://www.autoscout24.it/annunci/bmw-118-118i-msport-136cv-benzina-cat_ma13mo18481-f9fe99b6-2b86-4298-a66a-27bfffe2efc0,BMW,118,118i Msport 136cv,24000,72000,Manuale,01/2021,Benzina,100 kW (136 CV),"Privato,IT-80061 Massa Lubrense",Privato
BMW 116 116i MSport,https://www.autoscout24.it/annunci/bmw-116-116i-msport-benzina-grigio-cat_ma13mo18480-b14e84f8-b925-4444-a627-80e76565536c,BMW,116,116i MSport,23799,51919,Automatico,02/2023,Benzina,80 kW (109 CV),Autohero Italia Srl • IT-37135 Verona - VR,Rivenditore
BMW 116 116d Msport auto,https://www.autoscout24.it/annunci/bmw-116-116d-msport-auto-diesel-cat_ma13mo18480-f1fc043c-fe72-4b95-9f31-dc164dc85961,BMW,116,116d Msport auto,24000,106000,Semiautomatico,07/2020,Diesel,85 kW (116 CV),"Privato,IT-37012 Bussolengo",Privato
BMW 118 118d Msport 5p auto,https://www.autoscout24.it/annunci/bmw-118-118d-msport-5p-auto-diesel-cat_ma13mo18481-81ff2452-f372-4f48-b08e-4f58923b61f8,BMW,118,118d Msport 5p auto,23900,105000,Semiautomatico,09/2022,Diesel,110 kW (150 CV),"Privato,IT-12048 Sommariva Del Bosco",Privato
BMW 116 116d Msport,https://www.autoscout24.it/annunci/bmw-116-116d-msport-diesel-cat_ma13mo18480-eb6e708c-03ba-469f-9b85-2ead32a09731,BMW,116,116d Msport,23000,72744,Manuale,01/2020,Diesel,85 kW (116 CV),"Privato,IT-40026 Imola",Privato
BMW 118 118i Msport 136cv,https://www.autoscout24.it/annunci/bmw-118-118i-msport-136cv-benzina-cat_ma13mo18481-b5525f75-42a2-4360-be79-46246d4f6e0c,BMW,118,118i Msport 136cv,23900,96000,Manuale,04/2021,Benzina,100 kW (136 CV),"Privato,IT-66100 Chieti",Privato
BMW 118 Serie 1 F40 118d Advantage auto,https://www.autoscout24.it/annunci/bmw-118-serie-1-f40-118d-advantage-auto-diesel-nero-cat_ma13mo18481-2d2e492e-09e5-458b-853d-282aa6b216c1,BMW,118,Serie 1 F40 118d Advantage auto,23900,96000,Semiautomatico,12/2023,Diesel,110 kW (150 CV),AutoVogue Srl • IT-06053 Deruta,Rivenditore
BMW 118 118d Msport auto,https://www.autoscout24.it/annunci/bmw-118-118d-msport-auto-diesel-grigio-cat_ma13mo18481-5db2c45d-ad44-455f-aa20-7397bc17ce05,BMW,118,118d Msport auto,23900,105422,Automatico,01/2021,Diesel,110 kW (150 CV),Nanni Nember Srl  - Brescia • IT-25126 Brescia - Bs,Rivenditore
BMW 118 Serie 1 F40 Msport TETTO APRIBILE,https://www.autoscout24.it/annunci/bmw-118-serie-1-f40-msport-tetto-apribile-diesel-bianco-cat_ma13mo18481-8f82a3ad-3c1c-4634-b24a-00615c7680c1,BMW,118,Serie 1 F40 Msport TETTO APRIBILE,23700,135307,Automatico,06/2022,Diesel,110 kW (150 CV),DN Auto di Leshi Ervin • IT-75100 Matera MT,Rivenditore
BMW 116 116i MSport,https://www.autoscout24.it/annunci/bmw-116-116i-msport-benzina-grigio-cat_ma13mo18480-d2afe7eb-c8b4-4409-a9fe-e6843f0ed65a,BMW,116,116i MSport,23799,51919,Automatico,02/2023,Benzina,80 kW (109 CV),Autohero Italia srl • IT-40131 Bologna,Rivenditore
BMW 118 118d 5p. Msport,https://www.autoscout24.it/annunci/bmw-118-118d-5p-msport-diesel-bianco-cat_ma13mo18481-043b6283-0049-43a1-ab9a-25214f98d78c,BMW,118,118d 5p. Msport,23900,98754,Automatico,10/2022,Diesel,110 kW (150 CV),Privacar Moncalieri • IT-10024 Moncalieri - TO,Rivenditore
BMW 116 d Msport Exterior auto,https://www.autoscout24.it/annunci/bmw-116-d-msport-exterior-auto-diesel-nero-cat_ma13mo18480-f7443918-01a6-471d-abbe-063d5d7ee3a5,BMW,116,d Msport Exterior auto,23700,63000,Automatico,06/2023,Diesel,85 kW (116 CV),L'Automobile Srl • IT-25016 Ghedi - Brescia,Rivenditore
BMW 116 116i M Sport,https://www.autoscout24.it/annunci/bmw-116-116i-m-sport-benzina-blu-azzurro-cat_ma13mo18480-ae284c39-71c9-41fe-a3da-34cf7b9a20b3,BMW,116,116i M Sport,23499,17890,Automatico,11/2023,Benzina,80 kW (109 CV),Autohero Italia srl • IT-40131 Bologna,Rivenditore
BMW 116 d Aut. M-Sport *FULL LED *Quadro digitale,https://www.autoscout24.it/annunci/bmw-116-d-aut-m-sport-full-led-quadro-digitale-diesel-bianco-cat_ma13mo18480-eb3ca9ba-3604-4fcf-b0cb-15e2d8ec9b9e,BMW,116,d Aut. M-Sport *FULL LED *Quadro digitale,23500,88000,Automatico,12/2022,Diesel,85 kW (116 CV),AutoQuarta • IT-73047 Monteroni Di Lecce - Lecce - Le,Rivenditore
BMW 118 118i Msport 5p auto,https://www.autoscout24.it/annunci/bmw-118-118i-msport-5p-auto-benzina-grigio-cat_ma13mo18481-00dae523-f2f4-49fc-a0ab-56ed4c33c3f2,BMW,118,118i Msport 5p auto,23000,59000,Automatico,01/2020,Benzina,100 kW (136 CV),"Privato,IT-14100 ASTI",Privato
BMW 118 118d M Sport,https://www.autoscout24.it/annunci/bmw-118-118d-m-sport-diesel-blu-azzurro-cat_ma13mo18481-ff7c1240-f409-4230-974e-e5e1914ca9a6,BMW,118,118d M Sport,23299,73520,Automatico,03/2021,Diesel,110 kW (150 CV),Autohero Italia srl • IT-40131 Bologna,Rivenditore
BMW 116 116i M Sport,https://www.autoscout24.it/annunci/bmw-116-116i-m-sport-benzina-blu-azzurro-cat_ma13mo18480-12bf9659-8f62-4f2d-89ee-0335ee70ff92,BMW,116,116i M Sport,23499,17890,Automatico,11/2023,Benzina,80 kW (109 CV),Autohero Italia srl • IT-00169 Roma,Rivenditore
BMW 118 i Advantage 140cv,https://www.autoscout24.it/annunci/bmw-118-i-advantage-140cv-benzina-bianco-cat_ma13mo18481-d1a93da9-8285-43d7-a1eb-56cea3ac9ecc,BMW,118,i Advantage 140cv,23000,64778,Automatico,11/2022,Benzina,103 kW (140 CV),Rc Automotive Srl • IT-00178 Roma - Rm,Rivenditore
BMW 118 118d Msport,https://www.autoscout24.it/annunci/bmw-118-118d-msport-diesel-blu-azzurro-cat_ma13mo18481-26add097-52b9-4221-b3a6-aec16d905e4a,BMW,118,118d Msport,23699,62152,Automatico,08/2021,Diesel,110 kW (150 CV),Autohero Italia srl • IT-00169 Roma,Rivenditore
BMW 116 116d Msport auto,https://www.autoscout24.it/annunci/bmw-116-116d-msport-auto-diesel-cat_ma13mo18480-7c8759ab-9a08-43f5-837b-41550abbb28d,BMW,116,116d Msport auto,23900,91033,Automatico,01/2020,Diesel,85 kW (116 CV),"Privato,IT-20882 Monza",Privato
BMW 116 116d Sport auto,https://www.autoscout24.it/annunci/bmw-116-116d-sport-auto-diesel-cat_ma13mo18480-2cdf3fb3-cf2d-4aa9-99c4-b16678af4bae,BMW,116,116d Sport auto,23500,108000,Semiautomatico,03/2021,Diesel,85 kW (116 CV),"Privato,IT-41100 Modena",Privato
BMW 118 Serie 1 F40118d Msport auto,https://www.autoscout24.it/annunci/bmw-118-serie-1-f40118d-msport-auto-diesel-bianco-cat_ma13mo18481-8e226063-cf66-47c5-83a6-d0f0f7840bc7,BMW,118,Serie 1 F40118d Msport auto,24000,113000,Semiautomatico,03/2021,Diesel,110 kW (150 CV),"Privato,IT-07037 Sorso",Privato
BMW 116 d 5p. Business Advantage STEPTRONIC,https://www.autoscout24.it/annunci/bmw-116-d-5p-business-advantage-steptronic-diesel-grigio-cat_ma13mo18480-33fa6351-2cdb-4a46-848c-d1e60dd12020,BMW,116,d 5p. Business Advantage STEPTRONIC,23500,68000,Automatico,09/2022,Diesel,85 kW (116 CV),Auto Giacobini Srl • IT-62029 Tolentino - Macerata - Mc,Rivenditore
BMW 116 i 5p. Msport Exterior auto,https://www.autoscout24.it/annunci/bmw-116-i-5p-msport-exterior-auto-benzina-nero-cat_ma13mo18480-a9484711-836c-40d2-8865-85e18aff4906,BMW,116,i 5p. Msport Exterior auto,23950,35230,Automatico,04/2022,Benzina,80 kW (109 CV),Automobili Simionato Srl • IT-31023 Resana - Treviso - Tv,Rivenditore
BMW 116 116i MSport,https://www.autoscout24.it/annunci/bmw-116-116i-msport-benzina-grigio-cat_ma13mo18480-df5de1da-ba9f-49c6-81a9-930c44070fc8,BMW,116,116i MSport,23799,51919,Automatico,02/2023,Benzina,80 kW (109 CV),Autohero Italia Srl - Torino • IT-10092 Beinasco - TO,Rivenditore
BMW 135 M135i xDrive,https://www.autoscout24.it/annunci/bmw-135-m135i-xdrive-benzina-grigio-cat_ma13mo19079-53d0c755-7fac-4206-8065-2fc1009d4a57,BMW,135,M135i xDrive,23999,117770,Automatico,01/2021,Benzina,225 kW (306 CV),Autohero Italia Srl • IT-37135 Verona - VR,Rivenditore
BMW 116 d Sport AUT EU6,https://www.autoscout24.it/annunci/bmw-116-d-sport-aut-eu6-diesel-grigio-cat_ma13mo18480-1188c3e6-f533-4323-8ad6-f1a26efa2b02,BMW,116,d Sport AUT EU6,23500,81350,Automatico,06/2021,Diesel,85 kW (116 CV),Mixauto Srl • IT-04100 Borgo Piave - Latina - Lt,Rivenditore
BMW 116 116i MSport,https://www.autoscout24.it/annunci/bmw-116-116i-msport-benzina-grigio-cat_ma13mo18480-4d7166a8-e61f-4c35-a7c6-3cb9392f3fc4,BMW,116,116i MSport,23799,51919,Automatico,02/2023,Benzina,80 kW (109 CV),Autohero Italia Srl - Livorno • IT-57014 Stagno - Livorno - LI,Rivenditore
BMW 116 Serie 1 F40 116d Msport auto,https://www.autoscout24.it/annunci/bmw-116-serie-1-f40-116d-msport-auto-diesel-grigio-cat_ma13mo18480-2886a96c-5b93-467d-aa52-e4548599c974,BMW,116,Serie 1 F40 116d Msport auto,23300,96000,Automatico,10/2021,Diesel,85 kW (116 CV),"Privato,IT-33013 Gemona del Friuli",Privato
BMW 116 116i MSport,https://www.autoscout24.it/annunci/bmw-116-116i-msport-benzina-grigio-cat_ma13mo18480-09681e06-9959-42e2-bd82-4c7bc584254f,BMW,116,116i MSport,23799,51919,Automatico,02/2023,Benzina,80 kW (109 CV),Autohero Italia Srl • IT-20155 Milano - Mi,Rivenditore
BMW 118 118d Msport Exterior auto,https://www.autoscout24.it/annunci/bmw-118-118d-msport-exterior-auto-diesel-cat_ma13mo18481-bb086fb2-bfb5-452d-a0b3-4b8b3b0f61fd,BMW,118,118d Msport Exterior auto,23900,106670,Semiautomatico,10/2021,Diesel,110 kW (150 CV),"Privato,IT-10022 carmagnola",Privato
BMW 116 116i M Sport,https://www.autoscout24.it/annunci/bmw-116-116i-m-sport-benzina-blu-azzurro-cat_ma13mo18480-81e1a076-0a6d-41e7-9b0d-5a4e8f6ee44a,BMW,116,116i M Sport,23499,17890,Automatico,11/2023,Benzina,80 kW (109 CV),AutoHero Italia Srl • IT-09122 Cagliari  - CA,Rivenditore
BMW 118 118d M Sport,https://www.autoscout24.it/annunci/bmw-118-118d-m-sport-diesel-blu-azzurro-cat_ma13mo18481-4ef6a363-d591-4494-b224-5d27c9d758be,BMW,118,118d M Sport,23299,73520,Automatico,03/2021,Diesel,110 kW (150 CV),Autohero Italia Srl - Torino • IT-10092 Beinasco - TO,Rivenditore
BMW 135 M135i xDrive,https://www.autoscout24.it/annunci/bmw-135-m135i-xdrive-benzina-grigio-cat_ma13mo19079-5197f4c4-ab2a-4cea-854e-b58d54349aec,BMW,135,M135i xDrive,23999,117770,Automatico,01/2021,Benzina,225 kW (306 CV),Autohero Italia srl • IT-40131 Bologna,Rivenditore
BMW 118 118d Msport auto,https://www.autoscout24.it/annunci/bmw-118-118d-msport-auto-diesel-cat_ma13mo18481-c87c85e9-6736-4a1c-b04a-d9ee503a6bfe,BMW,118,118d Msport auto,23500,150000,Semiautomatico,04/2020,Diesel,110 kW (150 CV),"Privato,IT-07926 Olbia",Privato
BMW 135 M135i xDrive,https://www.autoscout24.it/annunci/bmw-135-m135i-xdrive-benzina-grigio-cat_ma13mo19079-1724e8e6-159b-4b97-b2f2-2bf45e61ecc7,BMW,135,M135i xDrive,23999,117770,Automatico,01/2021,Benzina,225 kW (306 CV),Autohero Italia srl • IT-00169 Roma,Rivenditore
BMW 116 116d Msport auto,https://www.autoscout24.it/annunci/bmw-116-116d-msport-auto-diesel-grigio-cat_ma13mo18480-9aa855ed-4d54-4134-a5a9-01c1beaa4c03,BMW,116,116d Msport auto,23900,82094,Automatico,05/2021,Diesel,85 kW (116 CV),Nanni Nember Srl  - Brescia • IT-25126 Brescia - Bs,Rivenditore
BMW 118 118d M Sport,https://www.autoscout24.it/annunci/bmw-118-118d-m-sport-diesel-blu-azzurro-cat_ma13mo18481-e4440cf5-028f-4d9f-b865-7371c042b393,BMW,118,118d M Sport,23299,73520,Automatico,03/2021,Diesel,110 kW (150 CV),Autohero Italia Srl • IT-37135 Verona - VR,Rivenditore
BMW 116 d Msport auto,https://www.autoscout24.it/annunci/bmw-116-d-msport-auto-diesel-bianco-cat_ma13mo18480-0693b1e1-741b-4b68-90a3-37f760368934,BMW,116,d Msport auto,23900,113164,Automatico,03/2021,Diesel,85 kW (116 CV),Carteni Spa • IT-29121 Piacenza - Pc,Rivenditore
BMW 118 d Msport Auto,https://www.autoscout24.it/annunci/bmw-118-d-msport-auto-diesel-bianco-cat_ma13mo18481-05f45a19-7500-4fe0-bf6d-bc5585b33e12,BMW,118,d Msport Auto,23900,90700,Automatico,07/2022,Diesel,110 kW (150 CV),Mixauto Srl • IT-04100 Borgo Piave - Latina - Lt,Rivenditore
BMW 118 118d M Sport,https://www.autoscout24.it/annunci/bmw-118-118d-m-sport-diesel-blu-azzurro-cat_ma13mo18481-438a073a-f357-485f-8fbf-c5a7e62697b1,BMW,118,118d M Sport,23299,73520,Automatico,03/2021,Diesel,110 kW (150 CV),Autohero Italia Srl - Bari • IT-50145 Firenze - FI,Rivenditore
BMW 118 118d Msport auto Service Completo Bmw,https://www.autoscout24.it/annunci/bmw-118-118d-msport-auto-service-completo-bmw-diesel-cat_ma13mo18481-8eacf7f5-61f2-42d5-a02c-a8431752d9e7,BMW,118,118d Msport auto Service Completo Bmw,23499,127000,Semiautomatico,01/2020,Diesel,110 kW (150 CV),FD Motors di Filippo Donelli • IT-42123 Reggio Emilia - RE,Rivenditore
BMW 118 Serie 1 F40 118d Sport auto,https://www.autoscout24.it/annunci/bmw-118-serie-1-f40-118d-sport-auto-diesel-grigio-cat_ma13mo18481-40327e09-921c-4d98-b8fb-5ac7ddb4cf50,BMW,118,Serie 1 F40 118d Sport auto,23900,99400,Semiautomatico,04/2021,Diesel,110 kW (150 CV),"Privato,IT-74024 Manduria",Privato
BMW 118 i 5p. Advantage,https://www.autoscout24.it/annunci/bmw-118-i-5p-advantage-benzina-nero-cat_ma13mo18481-c0e86d25-5b70-43cd-b421-cd810e8e7068,BMW,118,i 5p. Advantage,23950,47700,Manuale,12/2020,Benzina,103 kW (140 CV),Eurotarget S.p.A. - Tu al centro • IT-40066 Pieve Di Cento - Bologna - Bo,Rivenditore
BMW 118 118d Msport,https://www.autoscout24.it/annunci/bmw-118-118d-msport-diesel-blu-azzurro-cat_ma13mo18481-30f1ecdf-cb60-471a-9fe4-6c4ba72a93d0,BMW,118,118d Msport,23699,62152,Automatico,08/2021,Diesel,110 kW (150 CV),Autohero Italia Srl - Torino • IT-10092 Beinasco - TO,Rivenditore
BMW 116 116d msport auto,https://www.autoscout24.it/annunci/bmw-116-116d-msport-auto-diesel-grigio-cat_ma13mo18480-412cc588-9301-40b8-9e37-54f26e6c57e0,BMW,116,116d msport auto,23900,60574,Automatico,05/2023,Diesel,85 kW (116 CV),Fratelli Giacomel Spa • IT-20057 Assago - Milano - Mi,Rivenditore
BMW 118 118d Msport auto,https://www.autoscout24.it/annunci/bmw-118-118d-msport-auto-diesel-bianco-cat_ma13mo18481-d799069e-7552-4401-9fdb-bc902bf2a5fd,BMW,118,118d Msport auto,24000,133000,Semiautomatico,01/2021,Diesel,110 kW (150 CV),"Privato,IT-09020 Gesturi",Privato
BMW 116 116d Advantage auto,https://www.autoscout24.it/annunci/bmw-116-116d-advantage-auto-diesel-cat_ma13mo18480-bc58c20c-71ab-4d78-b39d-d4e9d134e6bf,BMW,116,116d Advantage auto,23000,108000,Semiautomatico,01/2023,Diesel,85 kW (116 CV),"Privato,IT-66010 Vacri",Privato
BMW 118 118d Msport,https://www.autoscout24.it/annunci/bmw-118-118d-msport-diesel-blu-azzurro-cat_ma13mo18481-517077b8-c340-4be6-8449-6513eb93fb42,BMW,118,118d Msport,23699,62152,Automatico,08/2021,Diesel,110 kW (150 CV),Autohero Italia Srl • IT-37135 Verona - VR,Rivenditore
BMW 118 118d Msport auto,https://www.autoscout24.it/annunci/bmw-118-118d-msport-auto-diesel-cat_ma13mo18481-9f4774a9-e023-4a0a-9217-0b7d93a27c02,BMW,118,118d Msport auto,24000,112000,Semiautomatico,12/2020,Diesel,110 kW (150 CV),"Privato,IT-09121 Cagliari",Privato
BMW 116 i 5p. Msport *TETTO PANO*UNICO PROP.*ITALIANA*,https://www.autoscout24.it/annunci/bmw-116-i-5p-msport-tetto-pano-unico-prop-italiana-benzina-bianco-cat_ma13mo18480-b819f626-1352-4e9a-b84f-a6f48d39c124,BMW,116,i 5p. Msport *TETTO PANO*UNICO PROP.*ITALIANA*,23490,36867,Manuale,06/2023,Benzina,80 kW (109 CV),Luca Auto Srl • IT-20093 Cologno Monzese - Milano,Rivenditore
BMW 116 116i MSport,https://www.autoscout24.it/annunci/bmw-116-116i-msport-benzina-grigio-cat_ma13mo18480-970991ad-25f5-4177-a16c-2aa8d854b215,BMW,116,116i MSport,23799,51919,Automatico,02/2023,Benzina,80 kW (109 CV),AutoHero Italia Srl • IT-09122 Cagliari  - CA,Rivenditore
BMW 118 118d Msport,https://www.autoscout24.it/annunci/bmw-118-118d-msport-diesel-blu-azzurro-cat_ma13mo18481-889200fc-0b1f-412f-b1c9-fdc2dbc3001c,BMW,118,118d Msport,23699,62152,Automatico,08/2021,Diesel,110 kW (150 CV),Autohero Italia Srl - Livorno • IT-57014 Stagno - Livorno - LI,Rivenditore
BMW 116 Serie 1 116i Msport AUT - Unico Prop. - Neop.,https://www.autoscout24.it/annunci/bmw-116-serie-1-116i-msport-aut-unico-prop-neop-benzina-bianco-cat_ma13mo18480-f7d04380-9d32-4aed-a837-48403a72d75f,BMW,116,Serie 1 116i Msport AUT - Unico Prop. - Neop.,23500,70800,Automatico,09/2021,Benzina,80 kW (109 CV),Autosalone Internazionale Snc • IT-21030 Cuveglio - Varese - Va,Rivenditore
BMW 118 118d Msport auto,https://www.autoscout24.it/annunci/bmw-118-118d-msport-auto-diesel-cat_ma13mo18481-db28bf2a-9225-47a4-8f32-d5cf7043742b,BMW,118,118d Msport auto,24000,131000,Semiautomatico,11/2020,Diesel,110 kW (150 CV),"Privato,IT-41125 Modena",Privato
BMW 118 118d M Sport,https://www.autoscout24.it/annunci/bmw-118-118d-m-sport-diesel-blu-azzurro-cat_ma13mo18481-f311a682-9bca-4f62-ba06-7f5f3e74819c,BMW,118,118d M Sport,23299,73520,Automatico,03/2021,Diesel,110 kW (150 CV),AutoHero Italia Srl • IT-09122 Cagliari  - CA,Rivenditore
BMW 135 M135i xDrive,https://www.autoscout24.it/annunci/bmw-135-m135i-xdrive-benzina-grigio-cat_ma13mo19079-a8ec54ba-06c0-481f-9574-f94c2bb014a9,BMW,135,M135i xDrive,23999,117770,Automatico,01/2021,Benzina,225 kW (306 CV),AutoHero italia Srl • IT-07100 Sassari - SS,Rivenditore
BMW 116 116i Advantage,https://www.autoscout24.it/annunci/bmw-116-116i-advantage-benzina-nero-cat_ma13mo18480-2b489321-242c-49fc-9abc-c3e952bb9bca,BMW,116,116i Advantage,24000,34000,Manuale,05/2023,Benzina,80 kW (109 CV),"Privato,IT-36024 Nanto",Privato
BMW 118 118d Msport,https://www.autoscout24.it/annunci/bmw-118-118d-msport-diesel-blu-azzurro-cat_ma13mo18481-ce4f1886-4aa0-4f91-9042-1eaa7c7ab268,BMW,118,118d Msport,23699,62152,Automatico,08/2021,Diesel,110 kW (150 CV),Autohero Italia srl • IT-40131 Bologna,Rivenditore
BMW 116 d 5 Porte Sport AUT EU6,https://www.autoscout24.it/annunci/bmw-116-d-5-porte-sport-aut-eu6-diesel-nero-cat_ma13mo18480-44f71424-116e-4015-83ee-7445109750e7,BMW,116,d 5 Porte Sport AUT EU6,23500,86400,Automatico,05/2021,Diesel,85 kW (116 CV),Mixauto Srl • IT-04100 Borgo Piave - Latina - Lt,Rivenditore
BMW 118 118d Msport,https://www.autoscout24.it/annunci/bmw-118-118d-msport-diesel-blu-azzurro-cat_ma13mo18481-908f95a9-a707-4381-8960-52531b86cbda,BMW,118,118d Msport,23699,62152,Automatico,08/2021,Diesel,110 kW (150 CV),AutoHero Italia Srl • IT-09122 Cagliari  - CA,Rivenditore
BMW 116 Msport Exterior - SUPER OFFERTA T-STOCK – PREZZO IMPERDIBILE!,https://www.autoscout24.it/annunci/bmw-116-msport-exterior-super-offerta-t-stock-prezzo-imperdibile-diesel-bianco-cat_ma13mo18480-f922caa3-136a-4777-bdc0-93a5cb06bff0,BMW,116,Msport Exterior - SUPER OFFERTA T-STOCK – PREZZO IMPERDIBILE!,23900,124000,Semiautomatico,06/2023,Diesel,85 kW (116 CV),Verauto Srl • IT-93012 Gela - Caltanissetta - CL,Rivenditore
BMW 118 118i 5p. Msport,https://www.autoscout24.it/annunci/bmw-118-118i-5p-msport-benzina-grigio-cat_ma13mo18481-df95d15d-fe81-44f3-a1d3-c165afa383ce,BMW,118,118i 5p. Msport,24900,21500,Automatico,04/2024,Benzina,100 kW (136 CV),Automobile Torino srl • IT-10034 Chivasso - Torino,Rivenditore
BMW 120 120 48V,https://www.autoscout24.it/annunci/bmw-120-120-48v-elettrica-benzina-bianco-cat_ma13mo18482-c340f251-a732-4a93-a89d-9fcf2737666c,BMW,120,120 48V,24900,13500,Automatico,12/2024,Elettrica/Benzina,115 kW (156 CV),Automobile Torino srl • IT-10034 Chivasso - Torino,Rivenditore
BMW 118 118i 5p. Msport,https://www.autoscout24.it/annunci/bmw-118-118i-5p-msport-benzina-grigio-cat_ma13mo18481-5d2d9023-125d-477d-b716-b1d549340ae0,BMW,118,118i 5p. Msport,24900,17000,Manuale,12/2023,Benzina,100 kW (136 CV),Automobile Torino srl • IT-10034 Chivasso - Torino,Rivenditore
BMW 118 i Msport auto,https://www.autoscout24.it/annunci/bmw-118-i-msport-auto-benzina-nero-cat_ma13mo18481-55b13f2b-339c-4f2c-8f02-506bc8240908,BMW,118,i Msport auto,24000,55624,Automatico,05/2022,Benzina,103 kW (140 CV),BYmyCAR Milano • IT-20097 San Donato Milanese - Milano - MI,Rivenditore
BMW 118 118 Msport 1.5 136 CV AT NEOPATENTATI,https://www.autoscout24.it/annunci/bmw-118-118-msport-1-5-136-cv-at-neopatentati-benzina-nero-cat_ma13mo18481-8cb15514-b43c-4a72-be1e-a1ea8b0ad047,BMW,118,118 Msport 1.5 136 CV AT NEOPATENTATI,24300,90213,Semiautomatico,07/2021,Benzina,100 kW (136 CV),Breggie Srl • IT-35043 Monselice - Padova - Pd,Rivenditore
BMW 116 Serie 1 116d Msport auto COLORVISION EDITION,https://www.autoscout24.it/annunci/bmw-116-serie-1-116d-msport-auto-colorvision-edition-diesel-blu-azzurro-cat_ma13mo18480-9696603d-a4e3-466d-8488-826bd4f3873f,BMW,116,Serie 1 116d Msport auto COLORVISION EDITION,24500,49000,Semiautomatico,06/2022,Diesel,85 kW (116 CV),De Simone Auto di De Simone Giorgio • IT-87064 Corigliano Rossano  Cosenza  - CS,Rivenditore
BMW 120 120i 5p. Advantage,https://www.autoscout24.it/annunci/bmw-120-120i-5p-advantage-benzina-grigio-cat_ma13mo18482-348577fc-2bc9-4609-b0f6-71f2f5563cfe,BMW,120,120i 5p. Advantage,24900,17300,Automatico,11/2024,Benzina,100 kW (136 CV),Automobile Torino srl • IT-10034 Chivasso - Torino,Rivenditore
BMW 120 120 48V,https://www.autoscout24.it/annunci/bmw-120-120-48v-elettrica-benzina-grigio-cat_ma13mo18482-b4ffa931-3168-4537-955a-e7ed3d18bdd0,BMW,120,120 48V,24900,14500,Automatico,12/2024,Elettrica/Benzina,115 kW (156 CV),Automobile Torino srl • IT-10034 Chivasso - Torino,Rivenditore
BMW 118 118i 5p. Msport,https://www.autoscout24.it/annunci/bmw-118-118i-5p-msport-benzina-nero-cat_ma13mo18481-6f16823b-5deb-422c-a0b5-484a3172fcd2,BMW,118,118i 5p. Msport,24900,19500,Automatico,06/2024,Benzina,100 kW (136 CV),Automobile Torino srl • IT-10034 Chivasso - Torino,Rivenditore
BMW 120 120 48V,https://www.autoscout24.it/annunci/bmw-120-120-48v-elettrica-benzina-bianco-cat_ma13mo18482-47e5d257-f44f-484f-a14a-c614832ddf10,BMW,120,120 48V,24900,17000,Automatico,07/2025,Elettrica/Benzina,115 kW (156 CV),Automobile Torino srl • IT-10034 Chivasso - Torino,Rivenditore
BMW 120 120 48V,https://www.autoscout24.it/annunci/bmw-120-120-48v-elettrica-benzina-bianco-cat_ma13mo18482-e5d15714-3eff-487c-a9d8-1931007bb304,BMW,120,120 48V,24900,15000,Automatico,12/2024,Elettrica/Benzina,115 kW (156 CV),Automobile Torino srl • IT-10034 Chivasso - Torino,Rivenditore
BMW 118 d Advantage auto,https://www.autoscout24.it/annunci/bmw-118-d-advantage-auto-diesel-nero-cat_ma13mo18481-7f06bac1-07f0-4534-993b-7e7d19dd6cab,BMW,118,d Advantage auto,25000,60900,Semiautomatico,02/2023,Diesel,110 kW (150 CV),Sa.My. Auto • IT-87036 Rende - CS,Rivenditore
BMW 118 118i 5p. Msport,https://www.autoscout24.it/annunci/bmw-118-118i-5p-msport-benzina-blu-azzurro-cat_ma13mo18481-fc984b50-c96e-43f4-8983-fec53d5a123d,BMW,118,118i 5p. Msport,24900,18400,Automatico,12/2023,Benzina,100 kW (136 CV),Automobile Torino srl • IT-10034 Chivasso - Torino,Rivenditore
BMW 118 118i 5p. Msport,https://www.autoscout24.it/annunci/bmw-118-118i-5p-msport-benzina-blu-azzurro-cat_ma13mo18481-e9b04017-f9f8-493d-b444-78359f399401,BMW,118,118i 5p. Msport,24900,19800,Automatico,11/2023,Benzina,100 kW (136 CV),Automobile Torino srl • IT-10034 Chivasso - Torino,Rivenditore
BMW 118 118i 5p. Msport,https://www.autoscout24.it/annunci/bmw-118-118i-5p-msport-benzina-nero-cat_ma13mo18481-73efa7c9-c797-4b0f-ab40-a6667da7cd71,BMW,118,118i 5p. Msport,24900,21000,Automatico,12/2023,Benzina,100 kW (136 CV),Automobile Torino srl • IT-10034 Chivasso - Torino,Rivenditore
BMW 118 118i 5p. Msport,https://www.autoscout24.it/annunci/bmw-118-118i-5p-msport-benzina-bianco-cat_ma13mo18481-9ef74bf8-3581-4581-8244-3acfa6605433,BMW,118,118i 5p. Msport,24900,19000,Automatico,12/2023,Benzina,100 kW (136 CV),Automobile Torino srl • IT-10034 Chivasso - Torino,Rivenditore
BMW 118 118d Msport Exterior auto,https://www.autoscout24.it/annunci/bmw-118-118d-msport-exterior-auto-diesel-cat_ma13mo18481-5fab01ec-0439-4a99-94ec-12569ebd43fe,BMW,118,118d Msport Exterior auto,24900,75500,Semiautomatico,12/2022,Diesel,110 kW (150 CV),"Privato,IT-00060 Sacrofano",Privato
BMW 118 i M sport PANO/HUD/PRO + FULL OPTIONAL,https://www.autoscout24.it/annunci/bmw-118-i-m-sport-pano-hud-pro-+-full-optional-benzina-nero-cat_ma13mo18481-8c1494f6-83ef-4afd-9486-4456688cf817,BMW,118,i M sport PANO/HUD/PRO + FULL OPTIONAL,24900,37900,Automatico,07/2023,Benzina,100 kW (136 CV),KLM Auto Srl • IT-00178 Roma RM,Rivenditore
BMW 135 M 135i xDrive,https://www.autoscout24.it/annunci/bmw-135-m-135i-xdrive-benzina-nero-cat_ma13mo19079-12e0ca64-ad8e-4535-8520-4e46ba589396,BMW,135,M 135i xDrive,25000,67596,Automatico,03/2021,Benzina,225 kW (306 CV),Privacar Lucca • IT-55012 Guamo -  Lucca - LU,Rivenditore
BMW 120 120 48V,https://www.autoscout24.it/annunci/bmw-120-120-48v-elettrica-benzina-grigio-cat_ma13mo18482-9c961533-61d3-4ac9-96ea-4724a3e7d57e,BMW,120,120 48V,24900,18500,Automatico,08/2025,Elettrica/Benzina,115 kW (156 CV),Automobile Torino srl • IT-10034 Chivasso - Torino,Rivenditore
BMW 118 Serie 1 F40 118d Msport auto,https://www.autoscout24.it/annunci/bmw-118-serie-1-f40-118d-msport-auto-diesel-nero-cat_ma13mo18481-42752bb6-cb5c-461d-8155-e31f30f11bcd,BMW,118,Serie 1 F40 118d Msport auto,24000,47000,Automatico,10/2020,Diesel,110 kW (150 CV),"Privato,IT-42123 Reggio nell'Emilia",Privato
BMW 118 118d Msport auto,https://www.autoscout24.it/annunci/bmw-118-118d-msport-auto-diesel-cat_ma13mo18481-cb4c96fc-9fb7-4028-8507-8fe062b6f5e6,BMW,118,118d Msport auto,24200,78500,Semiautomatico,06/2021,Diesel,110 kW (150 CV),"Privato,IT-36100 Vicenza",Privato
BMW 118 118d Msport auto,https://www.autoscout24.it/annunci/bmw-118-118d-msport-auto-diesel-cat_ma13mo18481-97963c40-1802-4370-8012-8b691344b6e2,BMW,118,118d Msport auto,25000,88000,Semiautomatico,06/2021,Diesel,110 kW (150 CV),"Privato,IT-40128 bologna",Privato
BMW 120 Serie 1 F40 120d xdrive Msport auto FULL,https://www.autoscout24.it/annunci/bmw-120-serie-1-f40-120d-xdrive-msport-auto-full-diesel-blu-azzurro-cat_ma13mo18482-fdba44cc-ad31-4d5b-8cd4-23910501b514,BMW,120,Serie 1 F40 120d xdrive Msport auto FULL,24999,85000,Semiautomatico,10/2023,Diesel,140 kW (190 CV),Cars Torino • IT-10155 Torino - TO,Rivenditore
BMW 118 i M SPORT VARI COLORI E ALLESTIMENTI,https://www.autoscout24.it/annunci/bmw-118-i-m-sport-vari-colori-e-allestimenti-benzina-bianco-cat_ma13mo18481-90c05166-2714-486b-b9a3-69bde612f270,BMW,118,i M SPORT VARI COLORI E ALLESTIMENTI,24900,19800,Automatico,01/2023,Benzina,103 kW (140 CV),Race Car Cremona srl • IT-26025 Pandino - CR,Rivenditore
"BMW 120 i Msport auto Shadow line 178cv 18"" 2021",https://www.autoscout24.it/annunci/bmw-120-i-msport-auto-shadow-line-178cv-18-2021-benzina-nero-cat_ma13mo18482-2920260a-a8d8-4673-b924-f08a8be8d34d,BMW,120,"i Msport auto Shadow line 178cv 18"" 2021",24990,76500,Automatico,01/2021,Benzina,131 kW (178 CV),AR Motor srls • IT-00077 Montecompatri - Roma - RM,Rivenditore
BMW 118 118i Msport 5p auto,https://www.autoscout24.it/annunci/bmw-118-118i-msport-5p-auto-benzina-grigio-cat_ma13mo18481-b9763eca-df87-40a9-a7c6-5ed5c084b317,BMW,118,118i Msport 5p auto,24000,66000,Automatico,04/2022,Benzina,100 kW (136 CV),"Privato,IT-13100 Vercelli",Privato
BMW 118 118i Msport 136cv auto,https://www.autoscout24.it/annunci/bmw-118-118i-msport-136cv-auto-benzina-grigio-cat_ma13mo18481-d133b6de-6bd4-4a45-a9d2-a2894d596a0b,BMW,118,118i Msport 136cv auto,24777,60287,Semiautomatico,05/2024,Benzina,100 kW (136 CV),"Privato,IT-10127 Torino",Privato
BMW 120 120d Msport,https://www.autoscout24.it/annunci/bmw-120-120d-msport-diesel-cat_ma13mo18482-b3c8caa0-0444-4e12-a2ab-3643baffeb4a,BMW,120,120d Msport,25000,95000,Semiautomatico,08/2022,Diesel,140 kW (190 CV),"Privato,IT-34074 Monfalcone",Privato
BMW 118 118i Msport 136cv auto,https://www.autoscout24.it/annunci/bmw-118-118i-msport-136cv-auto-benzina-bianco-cat_ma13mo18481-3d30ceb9-e27a-4186-95ac-80f626182612,BMW,118,118i Msport 136cv auto,24890,54393,Automatico,10/2023,Benzina,100 kW (136 CV),AutoVanti Monza • IT-20900 Monza - Monza Brianza - Mb,Rivenditore
BMW 118 118d Msport Exterior auto,https://www.autoscout24.it/annunci/bmw-118-118d-msport-exterior-auto-diesel-cat_ma13mo18481-b0d7e5ce-fa96-4834-b184-e2f0b435a942,BMW,118,118d Msport Exterior auto,24500,74000,Semiautomatico,01/2023,Diesel,110 kW (150 CV),"Privato,IT-12061 CARRÙ",Privato
BMW 120 120 48V,https://www.autoscout24.it/annunci/bmw-120-120-48v-elettrica-benzina-grigio-cat_ma13mo18482-e8bfd048-8a0c-46dd-ac98-56fee6c79985,BMW,120,120 48V,24900,17000,Automatico,07/2025,Elettrica/Benzina,115 kW (156 CV),Automobile Torino srl • IT-10034 Chivasso - Torino,Rivenditore
BMW 118 Serie 1 F40 118d Msport auto,https://www.autoscout24.it/annunci/bmw-118-serie-1-f40-118d-msport-auto-diesel-nero-cat_ma13mo18481-7fca5b56-06e9-4bfe-b9bc-a7615aaaba58,BMW,118,Serie 1 F40 118d Msport auto,24900,74150,Automatico,08/2022,Diesel,110 kW (150 CV),Vesta Motor Srl • IT-35129 Padova - PD,Rivenditore
BMW 118 118i 5p. Msport,https://www.autoscout24.it/annunci/bmw-118-118i-5p-msport-benzina-nero-cat_ma13mo18481-761415bd-4423-4663-94b5-498afed32fb3,BMW,118,118i 5p. Msport,24900,22500,Manuale,12/2023,Benzina,100 kW (136 CV),Automobile Torino srl • IT-10034 Chivasso - Torino,Rivenditore
BMW 118 i MSPORT PRO BLACK LINE KAMERA LED NAVI FULL,https://www.autoscout24.it/annunci/bmw-118-i-msport-pro-black-line-kamera-led-navi-full-benzina-bianco-cat_ma13mo18481-54bf4b92-8363-4144-8205-d411d1b962b7,BMW,118,i MSPORT PRO BLACK LINE KAMERA LED NAVI FULL,24900,45000,Automatico,05/2023,Benzina,100 kW (136 CV),Ermes Car 2.0 Srl • IT-00133 Roma - Rm,Rivenditore
BMW 118 Serie 1 F40 118i Msport 136cv auto,https://www.autoscout24.it/annunci/bmw-118-serie-1-f40-118i-msport-136cv-auto-benzina-blu-azzurro-cat_ma13mo18481-aba9fd62-8043-4713-8b15-bf3b6df4ed20,BMW,118,Serie 1 F40 118i Msport 136cv auto,24000,68000,Automatico,03/2023,Benzina,100 kW (136 CV),"Privato,IT-21100 Varese",Privato
BMW 120 120d xDrive 5p. Msport,https://www.autoscout24.it/annunci/bmw-120-120d-xdrive-5p-msport-diesel-cat_ma13mo18482-f749161a-d401-487c-a5d8-c1649add5ac8,BMW,120,120d xDrive 5p. Msport,24900,67000,Automatico,02/2021,Diesel,140 kW (190 CV),Abc Rent Srl • IT-20063 Cernusco sul Naviglio - Mi,Rivenditore
BMW 118 d Msport auto,https://www.autoscout24.it/annunci/bmw-118-d-msport-auto-diesel-nero-cat_ma13mo18481-b218248c-deb9-469a-9414-22e0d7596e9e,BMW,118,d Msport auto,24500,48706,Semiautomatico,06/2021,Diesel,110 kW (150 CV),Cascioli Spa • IT-63074 San Benedetto Del Tronto - AscoliPiceno - Ap,Rivenditore
BMW 118 Serie 1 F40 118d Msport auto,https://www.autoscout24.it/annunci/bmw-118-serie-1-f40-118d-msport-auto-diesel-nero-cat_ma13mo18481-4baa8275-db95-47f7-a785-216dfb43f31e,BMW,118,Serie 1 F40 118d Msport auto,25000,47000,Automatico,10/2020,Diesel,110 kW (150 CV),"Privato,IT-42123 Reggio nell'Emilia",Privato
BMW 118 118d Msport auto,https://www.autoscout24.it/annunci/bmw-118-118d-msport-auto-diesel-cat_ma13mo18481-889cef0c-5b4f-4d33-a425-4d2c697c19fe,BMW,118,118d Msport auto,24900,50000,Semiautomatico,06/2020,Diesel,110 kW (150 CV),"Privato,IT-24040 Pontirolo Nuovo",Privato
BMW 135 M 135i 5p xdrive E6,https://www.autoscout24.it/annunci/bmw-135-m-135i-5p-xdrive-e6-benzina-cat_ma13mo19079-0b9bc475-888b-4005-b7e0-c7d1792ec287,BMW,135,M 135i 5p xdrive E6,24500,119000,Automatico,09/2020,Benzina,225 kW (306 CV),"Privato,IT-31030 Castello di Godego",Privato
BMW 120 F70 automatica PREZZO IVA COMPRESA,https://www.autoscout24.it/annunci/bmw-120-f70-automatica-prezzo-iva-compresa-benzina-nero-cat_ma13mo18482-57f7a125-f123-42ed-b08b-b79f83b636a6,BMW,120,F70 automatica PREZZO IVA COMPRESA,25000,10000,Automatico,09/2025,Benzina,125 kW (170 CV),KLM Auto Srl • IT-00178 Roma RM,Rivenditore
BMW 118 118d Msport auto,https://www.autoscout24.it/annunci/bmw-118-118d-msport-auto-diesel-cat_ma13mo18481-f051e196-32e9-45d1-b35c-b41a7b195fe5,BMW,118,118d Msport auto,25000,90000,Automatico,12/2022,Diesel,110 kW (150 CV),"Privato,IT-81032 Carinaro",Privato
BMW 118 118i Digital Edition 5p auto,https://www.autoscout24.it/annunci/bmw-118-118i-digital-edition-5p-auto-benzina-cat_ma13mo18481-5830d3c5-1dc3-4928-81c7-2c1903caf2ed,BMW,118,118i Digital Edition 5p auto,24000,39600,Automatico,07/2022,Benzina,100 kW (136 CV),"Privato,IT-40013 Castel Maggiore",Privato
BMW 118 118d Msport Exterior auto,https://www.autoscout24.it/annunci/bmw-118-118d-msport-exterior-auto-diesel-cat_ma13mo18481-b2f392ce-08ef-494a-ba09-5315eabd8b1d,BMW,118,118d Msport Exterior auto,24500,70000,Automatico,05/2023,Diesel,110 kW (150 CV),"Privato,IT-52100 Arezzo",Privato
BMW 118 118i Msport 5p auto,https://www.autoscout24.it/annunci/bmw-118-118i-msport-5p-auto-benzina-cat_ma13mo18481-bcc4d701-22b2-4186-acc1-ce694275da66,BMW,118,118i Msport 5p auto,24900,60000,Automatico,11/2021,Benzina,100 kW (136 CV),"Privato,IT-80013 Casalnuovo di Napoli",Privato
BMW 118 Serie 1 F40 118d Msport auto,https://www.autoscout24.it/annunci/bmw-118-serie-1-f40-118d-msport-auto-diesel-bianco-cat_ma13mo18481-da82918a-8def-4195-bc76-104f0103a11b,BMW,118,Serie 1 F40 118d Msport auto,24890,109800,Semiautomatico,07/2021,Diesel,110 kW (150 CV),ShiftGarageAuto di Arciuolo Luca Antonio • IT-10026 Santena - Torino - TO,Rivenditore
"BMW 118 118i Msport 136cv auto Shadow line Alcantara 18"" camera",https://www.autoscout24.it/annunci/bmw-118-118i-msport-136cv-auto-shadow-line-alcantara-18-camera-benzina-grigio-cat_ma13mo18481-2ffbf2b5-819d-496a-82d7-23d33105faf0,BMW,118,"118i Msport 136cv auto Shadow line Alcantara 18"" camera",24990,68206,Automatico,07/2023,Benzina,100 kW (136 CV),AR Motor srls • IT-00077 Montecompatri - Roma - RM,Rivenditore
BMW 118 Serie 1 F40 118d Msport auto,https://www.autoscout24.it/annunci/bmw-118-serie-1-f40-118d-msport-auto-diesel-cat_ma13mo18481-cbacdb69-a70e-4965-99d9-c71b358f73e0,BMW,118,Serie 1 F40 118d Msport auto,25000,100000,Semiautomatico,02/2021,Diesel,110 kW (150 CV),"Privato,IT-45026 lendinara",Privato
BMW 118 Serie 1 F40 118i Msport Exterior 136cv auto,https://www.autoscout24.it/annunci/bmw-118-serie-1-f40-118i-msport-exterior-136cv-auto-benzina-grigio-cat_ma13mo18481-0beae4ea-7f32-436d-9b14-c2cb4d1cfbff,BMW,118,Serie 1 F40 118i Msport Exterior 136cv auto,24800,67000,Automatico,10/2023,Benzina,100 kW (136 CV),"Privato,IT-37014 Castelnuovo del Garda",Privato
BMW 118 118i Msport 5p auto,https://www.autoscout24.it/annunci/bmw-118-118i-msport-5p-auto-benzina-cat_ma13mo18481-4f0bd272-e16f-4233-a18c-0584933d330c,BMW,118,118i Msport 5p auto,24000,93000,Automatico,09/2022,Benzina,100 kW (136 CV),"Privato,IT-04011 Aprilia",Privato
BMW 118 118d Msport auto,https://www.autoscout24.it/annunci/bmw-118-118d-msport-auto-diesel-cat_ma13mo18481-20b89fb8-3f60-473f-94da-d33cefd1f6d5,BMW,118,118d Msport auto,25000,35000,Semiautomatico,08/2021,Diesel,110 kW (150 CV),"Privato,IT-80058 Torre Annunziata",Privato
BMW 118 118d 5p. Msport,https://www.autoscout24.it/annunci/bmw-118-118d-5p-msport-diesel-cat_ma13mo18481-d05ce9f3-fa5e-461c-8ed0-1bf81097aea7,BMW,118,118d 5p. Msport,24900,46620,Automatico,04/2022,Diesel,110 kW (150 CV),Macar Snc • IT-50053 Empoli - FI,Rivenditore
BMW 135 M 135i xDrive,https://www.autoscout24.it/annunci/bmw-135-m-135i-xdrive-benzina-blu-azzurro-cat_ma13mo19079-0fbd670e-7f3c-4ea1-9290-8f0d74cba2fd,BMW,135,M 135i xDrive,25000,97000,Automatico,08/2021,Benzina,225 kW (306 CV),Privacar Lucca • IT-55012 Guamo -  Lucca - LU,Rivenditore
BMW 135 i xdrive M auto * TAGLIANDI CERTIFICATI BMW *,https://www.autoscout24.it/annunci/bmw-135-i-xdrive-m-auto-tagliandi-certificati-bmw-benzina-bianco-cat_ma13mo19079-a85c43ff-f9aa-4853-a5f4-e599cd58281c,BMW,135,i xdrive M auto * TAGLIANDI CERTIFICATI BMW *,24990,119000,Automatico,02/2021,Benzina,225 kW (306 CV),Checcacci Srl • IT-59100 Prato - PO,Rivenditore
BMW 118 118i Msport 136cv auto,https://www.autoscout24.it/annunci/bmw-118-118i-msport-136cv-auto-benzina-nero-cat_ma13mo18481-452e93d9-4a68-4987-bff6-09be6590c94c,BMW,118,118i Msport 136cv auto,24900,71880,Automatico,04/2022,Benzina,100 kW (136 CV),Sironi Auto Srl • IT-23884 Castello di Brianza - Lecco -   Lc,Rivenditore
BMW 118 118d Msport auto,https://www.autoscout24.it/annunci/bmw-118-118d-msport-auto-diesel-grigio-cat_ma13mo18481-8804233f-d661-45a3-9a15-e0ebddaf5d72,BMW,118,118d Msport auto,24900,86428,Semiautomatico,02/2021,Diesel,110 kW (150 CV),"Privato,IT-00142 Roma",Privato
BMW 118 Serie 1 F40118i Msport 136cv auto,https://www.autoscout24.it/annunci/bmw-118-serie-1-f40118i-msport-136cv-auto-benzina-nero-cat_ma13mo18481-fa45c3d3-bc81-4ca3-b296-1c224859e998,BMW,118,Serie 1 F40118i Msport 136cv auto,25000,71000,Automatico,04/2021,Benzina,100 kW (136 CV),"Privato,IT-00100 Roma",Privato
BMW 118 118d Msport auto,https://www.autoscout24.it/annunci/bmw-118-118d-msport-auto-diesel-bianco-cat_ma13mo18481-c90ca4fe-3036-4d59-819c-0364aad574a8,BMW,118,118d Msport auto,24000,91500,Semiautomatico,04/2023,Diesel,110 kW (150 CV),"Privato,IT-30176 Venezia",Privato
BMW 118 118d Msport Winter Pack,https://www.autoscout24.it/annunci/bmw-118-118d-msport-winter-pack-diesel-nero-cat_ma13mo18481-592c9214-cd9d-448a-aa82-b519512709a1,BMW,118,118d Msport Winter Pack,25000,70500,Semiautomatico,02/2021,Diesel,110 kW (150 CV),"Privato,IT-30020 Marcon",Privato
BMW 116 116i Msport auto,https://www.autoscout24.it/annunci/bmw-116-116i-msport-auto-benzina-cat_ma13mo18480-a13f92fa-4428-4d4d-a187-b1194a7013cd,BMW,116,116i Msport auto,24900,31000,Semiautomatico,11/2023,Benzina,80 kW (109 CV),"Privato,IT-88051 Cropani",Privato
BMW 120 120d Msport 5p auto,https://www.autoscout24.it/annunci/bmw-120-120d-msport-5p-auto-diesel-bianco-cat_ma13mo18482-be790d59-c5ca-46c9-a836-262666ee397e,BMW,120,120d Msport 5p auto,24900,88000,Semiautomatico,08/2020,Diesel,140 kW (190 CV),"Privato,IT-89035 Bova Marina",Privato
BMW 118 i M-SPORT LED NAVI VARI COLORI DISPONIBILI,https://www.autoscout24.it/annunci/bmw-118-i-m-sport-led-navi-vari-colori-disponibili-benzina-bianco-cat_ma13mo18481-da9be2f0-a902-4068-bce8-a0bf54450081,BMW,118,i M-SPORT LED NAVI VARI COLORI DISPONIBILI,24500,19900,Manuale,06/2022,Benzina,103 kW (140 CV),Race Car Srl • IT-37040 Z.a.i. - Verona - VR,Rivenditore
BMW 118 118i Msport 136cv,https://www.autoscout24.it/annunci/bmw-118-118i-msport-136cv-benzina-grigio-cat_ma13mo18481-14f03f39-6dd6-4109-90bd-cb23102ea4ef,BMW,118,118i Msport 136cv,24500,49000,Manuale,10/2021,Benzina,100 kW (136 CV),Vamacar Group sas • IT-63049 Roccafluvione - Ascoli Piceno - Ap,Rivenditore
BMW 116 Serie 1 F40 116d Msport auto,https://www.autoscout24.it/annunci/bmw-116-serie-1-f40-116d-msport-auto-diesel-grigio-cat_ma13mo18480-b143b73b-b3e1-4a10-8f7b-7b1def121651,BMW,116,Serie 1 F40 116d Msport auto,24000,77441,Automatico,10/2021,Diesel,85 kW (116 CV),"Privato,IT-36024 Nanto",Privato
BMW 118 118d Msport auto,https://www.autoscout24.it/annunci/bmw-118-118d-msport-auto-diesel-cat_ma13mo18481-94eebd08-b3e4-4724-a62e-ccede9b9b06d,BMW,118,118d Msport auto,24650,78000,Semiautomatico,07/2020,Diesel,110 kW (150 CV),"Privato,IT-24060 Villongo",Privato
"BMW 118 i Msport 136cv auto ""PACCHETTO M SPORT COMPLETO""",https://www.autoscout24.it/annunci/bmw-118-i-msport-136cv-auto-pacchetto-m-sport-completo-benzina-bianco-cat_ma13mo18481-f3023638-3359-41e1-81b5-9488e29b9ba2,BMW,118,"i Msport 136cv auto ""PACCHETTO M SPORT COMPLETO""",24500,75000,Automatico,05/2022,Benzina,100 kW (136 CV),Elite Car Modena by Modena Car srl • IT-41123 Modena - MO,Rivenditore
BMW 118 d Msport auto,https://www.autoscout24.it/annunci/bmw-118-d-msport-auto-diesel-nero-cat_ma13mo18481-ae4871e5-fc62-46a0-970d-db72a519c472,BMW,118,d Msport auto,24000,83057,Automatico,05/2022,Diesel,110 kW (150 CV),BYmyCAR Milano • IT-20097 San Donato Milanese - Milano - MI,Rivenditore
BMW 118 118d MSport Aut M-Sport *NAZIONALE,https://www.autoscout24.it/annunci/bmw-118-118d-msport-aut-m-sport-nazionale-diesel-bianco-cat_ma13mo18481-0a8f0475-cf15-49fc-a201-de8bf442923c,BMW,118,118d MSport Aut M-Sport *NAZIONALE,24900,56708,Automatico,07/2021,Diesel,110 kW (150 CV),Auto-Center.it • IT-38121 Trento - Tn,Rivenditore
BMW 118 118d Msport,https://www.autoscout24.it/annunci/bmw-118-118d-msport-diesel-cat_ma13mo18481-7333adc5-95b4-4164-85ab-8b4c18ea0d2b,BMW,118,118d Msport,24800,80000,Manuale,05/2021,Diesel,110 kW (150 CV),"Privato,IT-10124 Torino",Privato
BMW 118 Serie 1 F40 118d Msport auto,https://www.autoscout24.it/annunci/bmw-118-serie-1-f40-118d-msport-auto-diesel-grigio-cat_ma13mo18481-307072b8-c418-412a-8a17-3e8e7f976234,BMW,118,Serie 1 F40 118d Msport auto,24400,74300,Semiautomatico,06/2023,Diesel,110 kW (150 CV),"Privato,IT-06124 Perugia",Privato
BMW 118 118d Msport auto,https://www.autoscout24.it/annunci/bmw-118-118d-msport-auto-diesel-cat_ma13mo18481-eeb2c28c-647a-4438-b437-93a4014416c2,BMW,118,118d Msport auto,25000,66580,Semiautomatico,09/2022,Diesel,110 kW (150 CV),"Privato,IT-00061 Anguillara Sabazia",Privato
BMW 125 128ti Msport aut.,https://www.autoscout24.it/annunci/bmw-125-128ti-msport-aut-benzina-bianco-cat_ma13mo19084-11fbc862-5c5e-4c1b-9e03-03a0b554a793,BMW,125,128ti Msport aut.,24000,117000,Automatico,11/2021,Benzina,195 kW (265 CV),Pantano Srl • IT-01033 Civita Castellana - Viterbo - Vt,Rivenditore
BMW 120 N/A,https://www.autoscout24.it/annunci/bmw-120-diesel-grigio-cat_ma13mo18482-9eb6484d-62b5-437f-a8f8-810f868e9140,BMW,120,N/A,24900,86000,Automatico,12/2022,Diesel,110 kW (150 CV),"Privato,IT-36045 Lonigo",Privato
BMW 118 118d Sport auto,https://www.autoscout24.it/annunci/bmw-118-118d-sport-auto-diesel-grigio-cat_ma13mo18481-27d28439-2250-4adf-a281-bfd5dce79819,BMW,118,118d Sport auto,25000,75000,Semiautomatico,11/2020,Diesel,110 kW (150 CV),"Privato,IT-00168 Roma",Privato
BMW 118 Serie 1 F40 118d Msport auto,https://www.autoscout24.it/annunci/bmw-118-serie-1-f40-118d-msport-auto-diesel-bianco-cat_ma13mo18481-4ac58819-6ef2-4760-94c6-cf78e44b6a9c,BMW,118,Serie 1 F40 118d Msport auto,24000,86153,Automatico,04/2021,Diesel,110 kW (150 CV),"Privato,IT-40016 San Giorgio di Piano",Privato
BMW 118 118d Msport Exterior auto,https://www.autoscout24.it/annunci/bmw-118-118d-msport-exterior-auto-diesel-cat_ma13mo18481-8abf5072-2c31-4621-a179-3549b00ad43c,BMW,118,118d Msport Exterior auto,25000,110000,Semiautomatico,01/2022,Diesel,110 kW (150 CV),"Privato,IT-20024 Garbagnate Milanese",Privato
BMW 118 118d Msport auto,https://www.autoscout24.it/annunci/bmw-118-118d-msport-auto-diesel-cat_ma13mo18481-16de1995-247c-4c33-8e8b-50ea1eb9c784,BMW,118,118d Msport auto,24500,90500,Semiautomatico,06/2021,Diesel,110 kW (150 CV),"Privato,IT-13012 Prarolo",Privato
BMW 118 118d Msport 5p auto,https://www.autoscout24.it/annunci/bmw-118-118d-msport-5p-auto-diesel-cat_ma13mo18481-7a3c52ec-7e3a-460a-a88f-72061c444a06,BMW,118,118d Msport 5p auto,24900,63000,Semiautomatico,09/2020,Diesel,110 kW (150 CV),"Privato,IT-20844 Triuggio",Privato
BMW 116 Serie 1 F40116d Msport auto,https://www.autoscout24.it/annunci/bmw-116-serie-1-f40116d-msport-auto-diesel-nero-cat_ma13mo18480-58b18fc3-cf62-499b-81e6-a643275c35eb,BMW,116,Serie 1 F40116d Msport auto,24000,72942,Semiautomatico,07/2021,Diesel,85 kW (116 CV),"Privato,IT-00030 San Cesareo",Privato
BMW 118 Serie 1 F40 118i Msport 136cv auto,https://www.autoscout24.it/annunci/bmw-118-serie-1-f40-118i-msport-136cv-auto-benzina-bianco-cat_ma13mo18481-45464c64-e56a-4bbc-9bf8-bbc6dcce1a8f,BMW,118,Serie 1 F40 118i Msport 136cv auto,24000,70000,Semiautomatico,06/2022,Benzina,103 kW (140 CV),"Privato,IT-54011 Aulla",Privato
BMW 118 Serie 1 F40 118d Msport auto,https://www.autoscout24.it/annunci/bmw-118-serie-1-f40-118d-msport-auto-diesel-bianco-cat_ma13mo18481-411c11e1-543b-4c0a-9b59-67b8377d8dee,BMW,118,Serie 1 F40 118d Msport auto,25000,75000,Semiautomatico,05/2022,Diesel,110 kW (150 CV),"Privato,IT-04015 Priverno",Privato
BMW 120 120d Msport auto,https://www.autoscout24.it/annunci/bmw-120-120d-msport-auto-diesel-cat_ma13mo18482-9bce96eb-fb6c-4dae-b2f7-31210ccaa8ff,BMW,120,120d Msport auto,25000,135000,Semiautomatico,11/2020,Diesel,140 kW (190 CV),"Privato,IT-36026 vicenza",Privato
BMW 118 118d Msport,https://www.autoscout24.it/annunci/bmw-118-118d-msport-diesel-cat_ma13mo18481-00fd3fb5-6e03-436c-84ff-976dc2b15fac,BMW,118,118d Msport,24000,72000,Manuale,03/2020,Diesel,110 kW (150 CV),"Privato,IT-51100 Pistoia",Privato
BMW 118 M Sport,https://www.autoscout24.it/annunci/bmw-118-m-sport-diesel-nero-cat_ma13mo18481-8d185828-7878-479c-9fa9-18388a8643ba,BMW,118,M Sport,24500,91000,Semiautomatico,03/2023,Diesel,110 kW (150 CV),"Privato,IT-37142 verona",Privato
BMW 116 d Msport auto,https://www.autoscout24.it/annunci/bmw-116-d-msport-auto-diesel-grigio-cat_ma13mo18480-45babd43-600d-4b40-8aa9-b641510b2a6b,BMW,116,d Msport auto,24900,79677,Automatico,11/2023,Diesel,85 kW (116 CV),Rolandi Auto Spa • IT-15033 Casale Monferrato - Alessandria - Al,Rivenditore
BMW 118 Serie 1 F40 118d Msport auto,https://www.autoscout24.it/annunci/bmw-118-serie-1-f40-118d-msport-auto-diesel-bianco-cat_ma13mo18481-564c7ddd-3903-491c-a8a7-ac6a2ed1a578,BMW,118,Serie 1 F40 118d Msport auto,24000,75000,Semiautomatico,12/2021,Diesel,110 kW (150 CV),Fast Clinicar Auto • IT-35019 Tombolo,Rivenditore
BMW 116 Serie 1 F40 116d Msport auto #Tetto,https://www.autoscout24.it/annunci/bmw-116-serie-1-f40-116d-msport-auto-tetto-diesel-grigio-cat_ma13mo18480-42457749-b034-4470-b1c7-245c871283ca,BMW,116,Serie 1 F40 116d Msport auto #Tetto,24450,75000,Automatico,11/2020,Diesel,85 kW (116 CV),Auto Certificate di Maria Luisa Oliviero • IT-00125 Roma - RM,Rivenditore
BMW 118 D Sport Line Automatica VARI COLORI DISPONIBILI,https://www.autoscout24.it/annunci/bmw-118-d-sport-line-automatica-vari-colori-disponibili-diesel-bianco-cat_ma13mo18481-a0692fb0-d899-4afc-9f0d-4f1cabf5b57b,BMW,118,D Sport Line Automatica VARI COLORI DISPONIBILI,24900,24000,Automatico,12/2022,Diesel,110 kW (150 CV),Race Car Srl • IT-37040 Z.a.i. - Verona - VR,Rivenditore
BMW 116 i Msport auto Navi CarPlay/Android 17” M Sport,https://www.autoscout24.it/annunci/bmw-116-i-msport-auto-navi-carplay-android-17-m-sport-benzina-nero-cat_ma13mo18480-d9705e3e-82c1-4d35-952b-fa6d6370192f,BMW,116,i Msport auto Navi CarPlay/Android 17” M Sport,24300,70000,Automatico,09/2023,Benzina,80 kW (109 CV),Pluricar Srl • IT-26022 Costa Sant'Abramo  - Cremona - CR,Rivenditore
BMW 120 120d xDrive 5p. Msport MSPORT XDRIVE,https://www.autoscout24.it/annunci/bmw-120-120d-xdrive-5p-msport-msport-xdrive-diesel-bianco-cat_ma13mo18482-4820bda9-dcd2-4f7e-86be-7af60dd07ee8,BMW,120,120d xDrive 5p. Msport MSPORT XDRIVE,24800,103000,Automatico,04/2022,Diesel,140 kW (190 CV),Motors Point • IT-72023 Mesagne -BR - Brindisi,Rivenditore
BMW 116 116d Msport auto,https://www.autoscout24.it/annunci/bmw-116-116d-msport-auto-diesel-cat_ma13mo18480-00365b75-1762-4003-bfc6-63acaba1f66f,BMW,116,116d Msport auto,24000,85600,Semiautomatico,02/2021,Diesel,85 kW (116 CV),"Privato,IT-35010 Borgoricco",Privato
BMW 118 Serie 1 F40,https://www.autoscout24.it/annunci/bmw-118-serie-1-f40-diesel-nero-cat_ma13mo18481-9341909f-51a0-431d-be78-9a81de684008,BMW,118,Serie 1 F40,25000,70000,Manuale,06/2021,Diesel,110 kW (150 CV),"Privato,IT-90127 Palermo",Privato
BMW 116 116d Msport Exterior auto,https://www.autoscout24.it/annunci/bmw-116-116d-msport-exterior-auto-diesel-cat_ma13mo18480-09d9a908-cfef-4120-ab4b-fbc2b2d1350d,BMW,116,116d Msport Exterior auto,24500,50000,Semiautomatico,07/2021,Diesel,85 kW (116 CV),"Privato,IT-10090 Castiglione Torinese",Privato
BMW 118 Serie 1 F40 118i Msport 140cv auto,https://www.autoscout24.it/annunci/bmw-118-serie-1-f40-118i-msport-140cv-auto-benzina-grigio-cat_ma13mo18481-ce273bac-0907-4f03-84d2-7a98b5930ffd,BMW,118,Serie 1 F40 118i Msport 140cv auto,25000,64000,Automatico,04/2020,Benzina,103 kW (140 CV),"Privato,IT-35100 Padova",Privato
BMW 118 M Sport Shadow Edition,https://www.autoscout24.it/annunci/bmw-118-m-sport-shadow-edition-benzina-cat_ma13mo18481-4c9d7554-f485-4264-8786-7cb79d9a85ba,BMW,118,M Sport Shadow Edition,25000,54000,Manuale,01/2022,Benzina,100 kW (136 CV),"Privato,IT-40122 Bologna",Privato
BMW 118 i 136cv Auto. Msport,https://www.autoscout24.it/annunci/bmw-118-i-136cv-auto-msport-benzina-nero-cat_ma13mo18481-1e432d8b-20a8-4dcd-bc27-f78f0eee1007,BMW,118,i 136cv Auto. Msport,24500,92985,Automatico,04/2022,Benzina,100 kW (136 CV),Bc Car srl • IT-72023 Mesagne BR,Rivenditore
BMW 116 d 5p. Msport Aut.,https://www.autoscout24.it/annunci/bmw-116-d-5p-msport-aut-diesel-nero-cat_ma13mo18480-8fc3e9a1-c824-4fc0-a31a-9023497159ae,BMW,116,d 5p. Msport Aut.,24500,66844,Automatico,06/2023,Diesel,85 kW (116 CV),Gruppo Fimauto Autogemelli • IT-36100 Vicenza - Vi,Rivenditore
BMW 120 120d 5p. Msport,https://www.autoscout24.it/annunci/bmw-120-120d-5p-msport-diesel-grigio-cat_ma13mo18482-48bf3203-965d-4ed9-baa9-e3ae35295511,BMW,120,120d 5p. Msport,24500,98000,Automatico,01/2021,Diesel,140 kW (190 CV),Mdm Group Srls • IT-35042 Este,Rivenditore
BMW 116 116d Msport,https://www.autoscout24.it/annunci/bmw-116-116d-msport-diesel-nero-cat_ma13mo18480-9370bc9c-b919-4e1f-8298-556459493865,BMW,116,116d Msport,25000,30000,Semiautomatico,02/2022,Diesel,85 kW (116 CV),"Privato,IT-59100 Prato",Privato
BMW 118 M SPORT F40,https://www.autoscout24.it/annunci/bmw-118-m-sport-f40-benzina-bianco-cat_ma13mo18481-7cad34e9-5720-47cf-8f8a-59f6628f89df,BMW,118,M SPORT F40,24750,51119,Automatico,07/2021,Benzina,100 kW (136 CV),TuaCar • IT-10024 Moncalieri -To,Rivenditore
BMW 118 i Msport auto,https://www.autoscout24.it/annunci/bmw-118-i-msport-auto-benzina-blu-azzurro-cat_ma13mo18481-e06542cb-d4da-4c5c-b3f1-6a8c80108021,BMW,118,i Msport auto,24990,56335,Automatico,07/2022,Benzina,103 kW (140 CV),Bmw Italia Retail Srl • IT-00138 Roma - Rm,Rivenditore
BMW 118 Serie 1 F40 118d Msport auto,https://www.autoscout24.it/annunci/bmw-118-serie-1-f40-118d-msport-auto-diesel-grigio-cat_ma13mo18481-53f4b9be-c92f-40e8-99f2-7f0d319ec727,BMW,118,Serie 1 F40 118d Msport auto,25000,100000,Semiautomatico,11/2020,Diesel,110 kW (150 CV),"Privato,IT-09048 Sinnai",Privato
BMW 116 i M Sport auto IVA DETRAIBILE,https://www.autoscout24.it/annunci/bmw-116-i-m-sport-auto-iva-detraibile-benzina-bianco-cat_ma13mo18480-5b735e74-ba45-4b97-bf13-d7d0af83965b,BMW,116,i M Sport auto IVA DETRAIBILE,24980,57900,Automatico,09/2022,Benzina,80 kW (109 CV),Piai Auto Di Piai Efrem & C. snc • IT-31041 Cornuda - TV,Rivenditore
BMW 116 116d Msport auto,https://www.autoscout24.it/annunci/bmw-116-116d-msport-auto-diesel-cat_ma13mo18480-79b988f8-b36d-40be-88e6-0bc55748c441,BMW,116,116d Msport auto,25000,45800,Semiautomatico,09/2023,Diesel,85 kW (116 CV),"Privato,IT-19037 Santo Stefano di Magra",Privato
BMW 118 118d Msport auto,https://www.autoscout24.it/annunci/bmw-118-118d-msport-auto-diesel-grigio-cat_ma13mo18481-fe6afce2-763f-477a-892b-d26fe47bf3e2,BMW,118,118d Msport auto,24500,82000,Automatico,12/2020,Diesel,110 kW (150 CV),"Privato,IT-70132 Bari",Privato
BMW 118 118d Msport,https://www.autoscout24.it/annunci/bmw-118-118d-msport-diesel-cat_ma13mo18481-7d3eedcc-f840-40ac-a87f-b8e4abfa91d5,BMW,118,118d Msport,24500,106000,Manuale,07/2020,Diesel,110 kW (150 CV),"Privato,IT-86047 Santa Croce di Magliano",Privato
BMW 118 118d Msport auto,https://www.autoscout24.it/annunci/bmw-118-118d-msport-auto-diesel-cat_ma13mo18481-21bdaace-c631-49a8-911f-bc7d2a8377ee,BMW,118,118d Msport auto,24500,90100,Semiautomatico,10/2021,Diesel,110 kW (150 CV),"Privato,IT-31027 Spresiano",Privato
BMW 118 Serie 1 F40 118d Msport auto,https://www.autoscout24.it/annunci/bmw-118-serie-1-f40-118d-msport-auto-diesel-bianco-cat_ma13mo18481-344a6247-4e25-40c3-a896-8cf7f6da1828,BMW,118,Serie 1 F40 118d Msport auto,24900,65000,Semiautomatico,02/2020,Diesel,110 kW (150 CV),"Privato,IT-16100 GENOVA",Privato
BMW 118 Serie 1 F40 118d Msport auto,https://www.autoscout24.it/annunci/bmw-118-serie-1-f40-118d-msport-auto-diesel-nero-cat_ma13mo18481-2612a026-264a-4ce8-908c-d9fdea3bb2f9,BMW,118,Serie 1 F40 118d Msport auto,24500,93000,Semiautomatico,02/2020,Diesel,110 kW (150 CV),"Privato,IT-35013 Cittadella",Privato
BMW 118 M Sport Full,https://www.autoscout24.it/annunci/bmw-118-m-sport-full-diesel-cat_ma13mo18481-3b34581f-649b-466d-840d-d872b60910fb,BMW,118,M Sport Full,24000,155000,Semiautomatico,01/2020,Diesel,110 kW (150 CV),"Privato,IT-00181 Roma",Privato
BMW 116 116d Msport auto,https://www.autoscout24.it/annunci/bmw-116-116d-msport-auto-diesel-nero-cat_ma13mo18480-a8d98c1a-d40a-47cf-b2e4-651c92a2effb,BMW,116,116d Msport auto,24900,60502,Automatico,05/2023,Diesel,85 kW (116 CV),Bonera spa • IT-25135 Brescia,Rivenditore
BMW 116 Serie 1 F40 116i Msport auto,https://www.autoscout24.it/annunci/bmw-116-serie-1-f40-116i-msport-auto-benzina-blu-azzurro-cat_ma13mo18480-133030eb-6718-443f-a47e-3256a89110b7,BMW,116,Serie 1 F40 116i Msport auto,24000,45000,Semiautomatico,09/2022,Benzina,80 kW (109 CV),"Privato,IT-36012 Asiago",Privato
BMW 116 Serie 1 F40 116d Msport auto,https://www.autoscout24.it/annunci/bmw-116-serie-1-f40-116d-msport-auto-diesel-grigio-cat_ma13mo18480-279bcc46-8800-412f-9cce-96fe152a5341,BMW,116,Serie 1 F40 116d Msport auto,24000,116000,Semiautomatico,03/2021,Diesel,85 kW (116 CV),"Privato,IT-93013 Mazzarino",Privato
BMW 118 118d Msport auto,https://www.autoscout24.it/annunci/bmw-118-118d-msport-auto-diesel-cat_ma13mo18481-029e1bcd-765d-4c3d-9a35-6e00616b47cd,BMW,118,118d Msport auto,24000,96500,Semiautomatico,02/2020,Diesel,110 kW (150 CV),"Privato,IT-21028 travedona-monate",Privato
BMW 118 d Msport auto,https://www.autoscout24.it/annunci/bmw-118-d-msport-auto-diesel-nero-cat_ma13mo18481-5d74f1c1-32bb-4627-bad5-1ab59c124b5b,BMW,118,d Msport auto,24499,81000,Automatico,06/2021,Diesel,110 kW (150 CV),Motorhaus Group Sas • IT-35030 Selvazzano Dentro - PD,Rivenditore
BMW 118 Serie 1 F40 118i Msport 136cv auto,https://www.autoscout24.it/annunci/bmw-118-serie-1-f40-118i-msport-136cv-auto-benzina-bianco-cat_ma13mo18481-af0c5e84-0ff8-401f-bd74-9fed0e77c32f,BMW,118,Serie 1 F40 118i Msport 136cv auto,24000,54000,Semiautomatico,10/2022,Benzina,100 kW (136 CV),"Privato,IT-25043 Breno",Privato
BMW 118 118d Msport 5p Shadow Line,https://www.autoscout24.it/annunci/bmw-118-118d-msport-5p-shadow-line-diesel-cat_ma13mo18481-6f45f50d-f911-4a7e-9eb9-9a55c53c3b8e,BMW,118,118d Msport 5p Shadow Line,24500,160000,Semiautomatico,01/2020,Diesel,110 kW (150 CV),"Privato,IT-00168 Roma",Privato
BMW 116 116d Msport auto,https://www.autoscout24.it/annunci/bmw-116-116d-msport-auto-diesel-cat_ma13mo18480-48f80324-5924-482f-89de-b119893e16c8,BMW,116,116d Msport auto,24200,60000,Semiautomatico,05/2022,Diesel,85 kW (116 CV),"Privato,IT-71041 Carapelle",Privato
BMW 116 d Msport Exterior STRAFULL Automatico,https://www.autoscout24.it/annunci/bmw-116-d-msport-exterior-strafull-automatico-diesel-bianco-cat_ma13mo18480-8af8cac8-c41f-40c3-8b67-d67d47817868,BMW,116,d Msport Exterior STRAFULL Automatico,24900,89000,Automatico,02/2021,Diesel,85 kW (116 CV),Gruppo Sgariglia srl • IT-80019 Qualiano - Na,Rivenditore
BMW 118 118i Sport 5p my18,https://www.autoscout24.it/annunci/bmw-118-118i-sport-5p-my18-benzina-cat_ma13mo18481-1466e4e4-7ead-4391-87b5-595a5457ddc4,BMW,118,118i Sport 5p my18,25000,44610,Manuale,01/2020,Benzina,100 kW (136 CV),"Privato,IT-12089 villanova mondovi",Privato
BMW 116 Serie 1 F40 116d Luxury auto,https://www.autoscout24.it/annunci/bmw-116-serie-1-f40-116d-luxury-auto-diesel-nero-cat_ma13mo18480-0337118e-eee0-4de5-be85-3b342eaf857f,BMW,116,Serie 1 F40 116d Luxury auto,24500,48000,Automatico,10/2020,Diesel,85 kW (116 CV),"Privato,IT-09047 Selargius",Privato
BMW 118 118D MSPORT AUTO NAVY PADDLE AL VOLANTE,https://www.autoscout24.it/annunci/bmw-118-118d-msport-auto-navy-paddle-al-volante-diesel-bianco-cat_ma13mo18481-c2b6e1ca-8da8-4750-9f7a-e1c12816a060,BMW,118,118D MSPORT AUTO NAVY PADDLE AL VOLANTE,24850,78000,Automatico,06/2020,Diesel,110 kW (150 CV),Autodoc s.r.l. • IT-24060 Villongo - Bergamo,Rivenditore
BMW 118 118d Msport 5p auto,https://www.autoscout24.it/annunci/bmw-118-118d-msport-5p-auto-diesel-cat_ma13mo18481-5f98dac8-3c4a-4d65-b08a-c7408cd3a16b,BMW,118,118d Msport 5p auto,24500,98000,Semiautomatico,04/2020,Diesel,110 kW (150 CV),"Privato,IT-73016 San Cesario di Lecce",Privato
BMW 120 120d xdrive Msport auto,https://www.autoscout24.it/annunci/bmw-120-120d-xdrive-msport-auto-diesel-cat_ma13mo18482-16861df4-dbc4-49d8-aa9d-3bdeb2e589b3,BMW,120,120d xdrive Msport auto,24500,209000,Semiautomatico,02/2021,Diesel,140 kW (190 CV),"Privato,IT-33170 Pordenone",Privato
BMW 116 Serie 1 F40 116d Sport auto,https://www.autoscout24.it/annunci/bmw-116-serie-1-f40-116d-sport-auto-diesel-nero-cat_ma13mo18480-f2ee4113-9fa3-47ed-ba26-0d906afb1fbe,BMW,116,Serie 1 F40 116d Sport auto,24000,78000,Semiautomatico,12/2022,Diesel,85 kW (116 CV),"Privato,IT-00054 Fiumicino",Privato
BMW 116 116d Msport auto,https://www.autoscout24.it/annunci/bmw-116-116d-msport-auto-diesel-argento-cat_ma13mo18480-51cb10c5-0a58-47f5-97a4-e03fc9f870d3,BMW,116,116d Msport auto,24300,75000,Semiautomatico,09/2022,Diesel,85 kW (116 CV),"Privato,IT-10132 Torino",Privato
BMW 116 116d Msport Exterior auto,https://www.autoscout24.it/annunci/bmw-116-116d-msport-exterior-auto-diesel-nero-cat_ma13mo18480-5c4b4208-39f2-431b-93ef-cca3f602a817,BMW,116,116d Msport Exterior auto,24000,84000,Semiautomatico,11/2021,Diesel,85 kW (116 CV),"Privato,IT-43123 Parma",Privato
BMW 118 118i Msport 5p auto,https://www.autoscout24.it/annunci/bmw-118-118i-msport-5p-auto-benzina-cat_ma13mo18481-db4843fb-48c4-49b2-a678-ae981d9bfac5,BMW,118,118i Msport 5p auto,25000,76000,Automatico,06/2021,Benzina,100 kW (136 CV),"Privato,IT-25014 castenedolo",Privato
BMW 118 118d MSport,https://www.autoscout24.it/annunci/bmw-118-118d-msport-diesel-bianco-cat_ma13mo18481-aa3d5135-518c-4124-800b-a88319592b05,BMW,118,118d MSport,24900,73268,Manuale,01/2023,Diesel,110 kW (150 CV),Autoclub Center • IT-41123 Modena - MO,Rivenditore
BMW 116 M Sport 116 d,https://www.autoscout24.it/annunci/bmw-116-m-sport-116-d-diesel-nero-cat_ma13mo18480-2dc55485-2f1d-4dfc-bab3-8c25745d6355,BMW,116,M Sport 116 d,24900,81900,Automatico,04/2023,Diesel,85 kW (116 CV),TuaCar • IT-10024 Moncalieri -To,Rivenditore
BMW 118 118d Msport auto,https://www.autoscout24.it/annunci/bmw-118-118d-msport-auto-diesel-cat_ma13mo18481-6ec108b5-a79f-48fa-be24-10d26159824a,BMW,118,118d Msport auto,24500,73070,Semiautomatico,11/2021,Diesel,110 kW (150 CV),"Privato,IT-55011 Altopascio",Privato
BMW 116 i MSport auto Tetto Navi FariLED 17” m sport,https://www.autoscout24.it/annunci/bmw-116-i-msport-auto-tetto-navi-fariled-17-m-sport-benzina-bianco-cat_ma13mo18480-c8e774d2-cf62-4b2e-b681-b1226cc58523,BMW,116,i MSport auto Tetto Navi FariLED 17” m sport,24300,64000,Automatico,04/2023,Benzina,80 kW (109 CV),Pluricar Srl • IT-25126 Brescia,Rivenditore
BMW 120 120d xdrive Msport auto,https://www.autoscout24.it/annunci/bmw-120-120d-xdrive-msport-auto-diesel-cat_ma13mo18482-2f6f4b89-484e-4164-a35d-13c8003d21ee,BMW,120,120d xdrive Msport auto,24000,125000,Semiautomatico,06/2020,Diesel,140 kW (190 CV),"Privato,IT-36040 orgiano",Privato
BMW 116 116d Msport auto,https://www.autoscout24.it/annunci/bmw-116-116d-msport-auto-diesel-cat_ma13mo18480-f1fc043c-fe72-4b95-9f31-dc164dc85961,BMW,116,116d Msport auto,24000,106000,Semiautomatico,07/2020,Diesel,85 kW (116 CV),"Privato,IT-37012 Bussolengo",Privato
BMW 116 OK NEOPATENTATI - UNICOPROPRIETARIO - PREZZO REALE SENZA NESSUN VINCOLO DI FINANZIAMENTO -,https://www.autoscout24.it/annunci/bmw-116-ok-neopatentati-unicoproprietario-prezzo-reale-senza-nessun-vincolo-di-finanziamento-benzina-bianco-cat_ma13mo18480-409028eb-caac-4bd3-944e-8b450bdc9143,BMW,116,OK NEOPATENTATI - UNICOPROPRIETARIO - PREZZO REALE SENZA NESSUN VINCOLO DI FINANZIAMENTO -,24990,59000,Automatico,05/2023,Benzina,80 kW (109 CV),Esse Motors Srl • IT-20092 Cinisello Balsamo - Milano,Rivenditore
BMW 116 F40 Diesel 116d Msport auto,https://www.autoscout24.it/annunci/bmw-116-f40-diesel-116d-msport-auto-diesel-grigio-cat_ma13mo18480-c9cf626d-6ef5-45ee-a757-d661453c7873,BMW,116,F40 Diesel 116d Msport auto,24990,95736,Automatico,03/2023,Diesel,85 kW (116 CV),Stile Spa • IT-61100 Pesaro - Pu,Rivenditore
BMW 118 118d MSport,https://www.autoscout24.it/annunci/bmw-118-118d-msport-diesel-nero-cat_ma13mo18481-2f6a077e-bc25-4260-a821-5cf73bc5f318,BMW,118,118d MSport,24768,97947,Automatico,01/2022,Diesel,110 kW (150 CV),Autoclub Center • IT-41123 Modena - MO,Rivenditore
BMW 120 118d 2.0d 150CV M-sport Full Led Navi Pelle Live C,https://www.autoscout24.it/annunci/bmw-120-118d-2-0d-150cv-m-sport-full-led-navi-pelle-live-c-diesel-bianco-cat_ma13mo18482-a732c498-fe1e-495b-8450-dca4454ff93e,BMW,120,118d 2.0d 150CV M-sport Full Led Navi Pelle Live C,24900,89900,Manuale,11/2023,Diesel,110 kW (150 CV),Hpa Automotive Srl • IT-94012 Barrafranca - Enna,Rivenditore
BMW 118 118d Msport,https://www.autoscout24.it/annunci/bmw-118-118d-msport-diesel-cat_ma13mo18481-b4fed785-a400-4d8f-8c52-e6e820407bb6,BMW,118,118d Msport,25000,70000,Manuale,05/2021,Diesel,110 kW (150 CV),"Privato,IT-90127 Palermo",Privato
BMW 118 118d Msport auto,https://www.autoscout24.it/annunci/bmw-118-118d-msport-auto-diesel-nero-cat_ma13mo18481-c3301ffb-d894-4900-aee6-b946c45f5f00,BMW,118,118d Msport auto,24900,166000,Semiautomatico,06/2020,Diesel,110 kW (150 CV),L'Autonline S.n.c. • IT-95027 San Gregorio di Catania - Catania - CT,Rivenditore
BMW 118 118i Msport 136cv,https://www.autoscout24.it/annunci/bmw-118-118i-msport-136cv-benzina-cat_ma13mo18481-f9fe99b6-2b86-4298-a66a-27bfffe2efc0,BMW,118,118i Msport 136cv,24000,72000,Manuale,01/2021,Benzina,100 kW (136 CV),"Privato,IT-80061 Massa Lubrense",Privato
BMW 118 Serie 1 F40 118d Msport auto,https://www.autoscout24.it/annunci/bmw-118-serie-1-f40-118d-msport-auto-diesel-grigio-cat_ma13mo18481-f0da13e1-bce2-4ca5-8577-87eb8f42dec1,BMW,118,Serie 1 F40 118d Msport auto,24000,66000,Automatico,05/2020,Diesel,110 kW (150 CV),"Privato,IT-16010 Savignone",Privato
BMW 118 118d 5p. Msport,https://www.autoscout24.it/annunci/bmw-118-118d-5p-msport-diesel-bianco-cat_ma13mo18481-a6f9655d-56bc-4b92-b7a4-42e7e7c04769,BMW,118,118d 5p. Msport,24500,89800,Automatico,01/2023,Diesel,110 kW (150 CV),Privacar Castelfranco • IT-31033 Castelfranco Veneto - Treviso - TV,Rivenditore
BMW 118 Serie 1 F40 118d Msport auto,https://www.autoscout24.it/annunci/bmw-118-serie-1-f40-118d-msport-auto-diesel-grigio-cat_ma13mo18481-6e4c36dc-7815-4731-8330-a022d3eb0a2b,BMW,118,Serie 1 F40 118d Msport auto,25000,93500,Automatico,09/2021,Diesel,110 kW (150 CV),"Privato,IT-27052 Godiasco Salice Terme",Privato
BMW 116 d Msport auto,https://www.autoscout24.it/annunci/bmw-116-d-msport-auto-diesel-grigio-cat_ma13mo18480-f5e6e1ed-c07c-4e2e-86cc-b2befd779827,BMW,116,d Msport auto,24900,79677,Automatico,11/2023,Diesel,85 kW (116 CV),Rolandi auto Spa • IT-15121 Alessandria - Al,Rivenditore
BMW 118 118d Business Advantage auto,https://www.autoscout24.it/annunci/bmw-118-118d-business-advantage-auto-diesel-cat_ma13mo18481-b5e897ce-ae2d-4618-84d6-dd5c10598612,BMW,118,118d Business Advantage auto,25000,40000,Semiautomatico,04/2021,Diesel,110 kW (150 CV),"Privato,IT-54016 Monti",Privato
BMW 116 Serie 1 F40116d Msport auto,https://www.autoscout24.it/annunci/bmw-116-serie-1-f40116d-msport-auto-diesel-grigio-cat_ma13mo18480-61c4df57-4c78-40e2-8b40-f9ae54a50e23,BMW,116,Serie 1 F40116d Msport auto,24800,51690,Semiautomatico,04/2021,Diesel,85 kW (116 CV),"Privato,IT-87032 Amantea",Privato
BMW 118 118d Advantage,https://www.autoscout24.it/annunci/bmw-118-118d-advantage-diesel-nero-cat_ma13mo18481-e60467e6-e497-47d9-8201-03476d8ac9db,BMW,118,118d Advantage,24500,62218,Manuale,07/2022,Diesel,110 kW (150 CV),Caporrella Srl • IT-66034 Lanciano - Chieti - CH,Rivenditore
BMW 118 118d Business Advantage,https://www.autoscout24.it/annunci/bmw-118-118d-business-advantage-diesel-cat_ma13mo18481-3570a7c9-2a92-463f-8def-7066a74e79a3,BMW,118,118d Business Advantage,24500,83000,Manuale,03/2020,Diesel,110 kW (150 CV),"Privato,IT-97010 Monterosso Almo",Privato
BMW 120 120d xdrive Msport auto,https://www.autoscout24.it/annunci/bmw-120-120d-xdrive-msport-auto-diesel-cat_ma13mo18482-905db8ff-b55d-4f34-b75d-6d6391b2037c,BMW,120,120d xdrive Msport auto,24950,128500,Semiautomatico,10/2020,Diesel,140 kW (190 CV),"Privato,IT-00076 Lariano",Privato
BMW 118 118d Msport 5p auto,https://www.autoscout24.it/annunci/bmw-118-118d-msport-5p-auto-diesel-cat_ma13mo18481-9cd10813-6838-4945-a295-e2b43fd2d8ce,BMW,118,118d Msport 5p auto,24500,72000,Semiautomatico,11/2020,Diesel,110 kW (150 CV),"Privato,IT-60131 Ancona",Privato
BMW 135 M,https://www.autoscout24.it/annunci/bmw-135-m-benzina-cat_ma13mo19079-774ebd59-370e-454f-8a36-b6196bf8a0f8,BMW,135,M,25000,120000,,12/2020,Benzina,225 kW (306 CV),"Privato,IT-59013 Prato",Privato
BMW 118 F40 Diesel 118d Msport auto,https://www.autoscout24.it/annunci/bmw-118-f40-diesel-118d-msport-auto-diesel-bianco-cat_ma13mo18481-0561b9b8-f749-49eb-85fe-832615ae2cde,BMW,118,F40 Diesel 118d Msport auto,24700,124904,Automatico,01/2021,Diesel,110 kW (150 CV),Special Car Spa • IT-09030 Elmas - Cagliari,Rivenditore
BMW 116 116d Business Advantage auto,https://www.autoscout24.it/annunci/bmw-116-116d-business-advantage-auto-diesel-bianco-cat_ma13mo18480-cb286884-3635-4a4b-85ed-82b79010bdd7,BMW,116,116d Business Advantage auto,24200,17000,Semiautomatico,07/2020,Diesel,85 kW (116 CV),Lagani Car Center Srl • IT-88831 Corazzo Scandale - Crotone - Kr,Rivenditore
BMW 116 116d Msport auto,https://www.autoscout24.it/annunci/bmw-116-116d-msport-auto-diesel-cat_ma13mo18480-efad23be-31b4-4888-9210-5cf101537de1,BMW,116,116d Msport auto,25000,96000,Semiautomatico,12/2023,Diesel,85 kW (116 CV),"Privato,IT-31030 Breda di Piave",Privato
BMW 118 Serie 1 F40 118d Msport auto,https://www.autoscout24.it/annunci/bmw-118-serie-1-f40-118d-msport-auto-diesel-grigio-cat_ma13mo18481-f8322147-d759-4679-b787-c705bf0ca055,BMW,118,Serie 1 F40 118d Msport auto,24500,99000,Automatico,01/2021,Diesel,110 kW (150 CV),Class Motor Bersani • IT-04019 Terracina - Latina - Lt,Rivenditore
BMW 120 120d xDrive 5p. Msport,https://www.autoscout24.it/annunci/bmw-120-120d-xdrive-5p-msport-diesel-grigio-cat_ma13mo18482-4159671c-e608-4d5e-906a-24878c8005f4,BMW,120,120d xDrive 5p. Msport,24600,104000,Automatico,07/2020,Diesel,140 kW (190 CV),Service Car Srl • IT-36014 Santorso - Vicenza - Vi,Rivenditore
BMW 116 Serie 1 F40 116d Msport,https://www.autoscout24.it/annunci/bmw-116-serie-1-f40-116d-msport-diesel-bianco-cat_ma13mo18480-7fc47443-0d5e-4137-8a9a-e4e6c79bfae7,BMW,116,Serie 1 F40 116d Msport,24500,56917,Manuale,05/2023,Diesel,85 kW (116 CV),"Privato,IT-90144 Palermo",Privato
BMW 118 118d Msport auto,https://www.autoscout24.it/annunci/bmw-118-118d-msport-auto-diesel-cat_ma13mo18481-f6e0be09-b408-49a0-bc59-dc003d34cd36,BMW,118,118d Msport auto,25000,120000,Semiautomatico,05/2021,Diesel,110 kW (150 CV),"Privato,IT-09039 Villacidro",Privato
BMW 118 i 5p. Colorvision Edition Automaica,https://www.autoscout24.it/annunci/bmw-118-i-5p-colorvision-edition-automaica-benzina-nero-cat_ma13mo18481-1b6206bc-570d-47ef-94eb-f8829c4e7d8f,BMW,118,i 5p. Colorvision Edition Automaica,24600,41260,Automatico,06/2022,Benzina,100 kW (136 CV),Duegi Car Srl • IT-21100 Varese - Va,Rivenditore
BMW 118 118d Msport auto,https://www.autoscout24.it/annunci/bmw-118-118d-msport-auto-diesel-nero-cat_ma13mo18481-1ec54f27-cdea-4355-a0de-461c997a39c6,BMW,118,118d Msport auto,24500,74000,Automatico,05/2020,Diesel,110 kW (150 CV),Welcome Capital srl - Welcome Cars® • IT-07100 Sassari - SS,Rivenditore
BMW 116 i MSport auto,https://www.autoscout24.it/annunci/bmw-116-i-msport-auto-benzina-bianco-cat_ma13mo18480-39500ce0-f983-4993-97f2-91e9b33d6751,BMW,116,i MSport auto,24790,70556,Automatico,06/2023,Benzina,80 kW (109 CV),Bmw Italia Retail Srl • IT-00138 Roma - Rm,Rivenditore
BMW 118 Serie 1 F40118d Msport auto,https://www.autoscout24.it/annunci/bmw-118-serie-1-f40118d-msport-auto-diesel-bianco-cat_ma13mo18481-8e226063-cf66-47c5-83a6-d0f0f7840bc7,BMW,118,Serie 1 F40118d Msport auto,24000,113000,Semiautomatico,03/2021,Diesel,110 kW (150 CV),"Privato,IT-07037 Sorso",Privato
BMW 116 Serie 1 F40 116d Msport auto,https://www.autoscout24.it/annunci/bmw-116-serie-1-f40-116d-msport-auto-diesel-cat_ma13mo18480-51dac24b-9696-44ba-8de9-ec1f2967425a,BMW,116,Serie 1 F40 116d Msport auto,24900,83000,Automatico,10/2022,Diesel,85 kW (116 CV),Ponte Milvio Rent srl • IT-00191 Roma - RM,Rivenditore
BMW 118 Serie 1 F40118d Msport auto,https://www.autoscout24.it/annunci/bmw-118-serie-1-f40118d-msport-auto-diesel-bianco-cat_ma13mo18481-7bc31128-ba50-4b6a-b0e8-20f266c23fe8,BMW,118,Serie 1 F40118d Msport auto,25000,72000,Automatico,04/2021,Diesel,110 kW (150 CV),"Privato,IT-57100 Livorno",Privato
BMW 118 118d MSport 5p aut. tetto full,https://www.autoscout24.it/annunci/bmw-118-118d-msport-5p-aut-tetto-full-diesel-cat_ma13mo18481-5dcb2662-44aa-4cb3-9b55-daf1c23616dd,BMW,118,118d MSport 5p aut. tetto full,24800,98000,Semiautomatico,10/2022,Diesel,110 kW (150 CV),Company Cars Di Leto Alessio • IT-90042 Borgetto – Palermo,Rivenditore
BMW 118 118i Msport Exterior 136cv,https://www.autoscout24.it/annunci/bmw-118-118i-msport-exterior-136cv-benzina-nero-cat_ma13mo18481-7dd63c8f-906f-4966-8904-02536bd677b9,BMW,118,118i Msport Exterior 136cv,24900,48200,Manuale,03/2022,Benzina,100 kW (136 CV),"Privato,IT-10141 Torino",Privato
BMW 118 118d Sport auto,https://www.autoscout24.it/annunci/bmw-118-118d-sport-auto-diesel-cat_ma13mo18481-b309a0c4-239e-4f06-87b8-b3b6daedc69b,BMW,118,118d Sport auto,25000,79000,Semiautomatico,05/2021,Diesel,110 kW (150 CV),"Privato,IT-09100 Cagliari",Privato
BMW 118 Serie 1 F40 118d Msport auto,https://www.autoscout24.it/annunci/bmw-118-serie-1-f40-118d-msport-auto-diesel-bianco-cat_ma13mo18481-14c995e9-ddbf-40b8-9544-965b35bdb73a,BMW,118,Serie 1 F40 118d Msport auto,24500,88000,Semiautomatico,01/2020,Diesel,110 kW (150 CV),"Privato,IT-55100 Lucca",Privato
BMW 120 d Business Advantage xdrive auto,https://www.autoscout24.it/annunci/bmw-120-d-business-advantage-xdrive-auto-diesel-nero-cat_ma13mo18482-4cbdbed2-5049-49c2-a8fc-2e1ba4e636cf,BMW,120,d Business Advantage xdrive auto,25000,68800,Automatico,03/2021,Diesel,140 kW (190 CV),Erreeffegroup spa • IT-45100 Rovigo - Ro,Rivenditore
BMW 116 116d Business Advantage auto,https://www.autoscout24.it/annunci/bmw-116-116d-business-advantage-auto-diesel-cat_ma13mo18480-e3ea7a07-0220-4c5d-996a-5c344f5e777b,BMW,116,116d Business Advantage auto,24500,57021,Semiautomatico,10/2022,Diesel,85 kW (116 CV),"Privato,IT-01100 Viterbo",Privato
BMW 118 118d Msport,https://www.autoscout24.it/annunci/bmw-118-118d-msport-diesel-cat_ma13mo18481-deedd105-f369-4c57-bf7f-ef0b3ebe3ec6,BMW,118,118d Msport,24500,100000,Manuale,07/2022,Diesel,110 kW (150 CV),"Privato,IT-87020 Grisolia",Privato
BMW 116 116d Advantage auto,https://www.autoscout24.it/annunci/bmw-116-116d-advantage-auto-diesel-cat_ma13mo18480-ee7cc5bb-3851-4b76-a8e5-447d66ac005d,BMW,116,116d Advantage auto,25000,71000,Semiautomatico,12/2022,Diesel,85 kW (116 CV),"Privato,IT-57021 Campiglia Marittima",Privato
BMW 116 Serie 1 F40 116d Msport auto,https://www.autoscout24.it/annunci/bmw-116-serie-1-f40-116d-msport-auto-diesel-nero-cat_ma13mo18480-f73c8a2a-6d27-44d9-b1ec-ab88b210bab5,BMW,116,Serie 1 F40 116d Msport auto,24400,99300,Semiautomatico,07/2020,Diesel,85 kW (116 CV),"Privato,IT-10135 Torino",Privato
BMW 118 Serie 1 F40 118d Business Advantage auto 150cv (Br),https://www.autoscout24.it/annunci/bmw-118-serie-1-f40-118d-business-advantage-auto-150cv-br-diesel-nero-cat_ma13mo18481-24207128-65c4-4522-b5b9-1454d948aec8,BMW,118,Serie 1 F40 118d Business Advantage auto 150cv (Br),24900,47269,Automatico,04/2021,Diesel,110 kW (150 CV),DMJ Mercedes - De Mariani • IT-72100 Brindisi - Br,Rivenditore
BMW 116 Serie 1 F40 116d Msport Exterior auto,https://www.autoscout24.it/annunci/bmw-116-serie-1-f40-116d-msport-exterior-auto-diesel-cat_ma13mo18480-5a4e28b2-dff3-4e43-bd59-d6145637286e,BMW,116,Serie 1 F40 116d Msport Exterior auto,24900,49382,Semiautomatico,12/2022,Diesel,85 kW (116 CV),Targa e Mobility Srl • IT-10073 Ciriè - Torino - TO,Rivenditore
BMW 118 118d Msport auto,https://www.autoscout24.it/annunci/bmw-118-118d-msport-auto-diesel-bianco-cat_ma13mo18481-d799069e-7552-4401-9fdb-bc902bf2a5fd,BMW,118,118d Msport auto,24000,133000,Semiautomatico,01/2021,Diesel,110 kW (150 CV),"Privato,IT-09020 Gesturi",Privato
BMW 116 116d Msport auto,https://www.autoscout24.it/annunci/bmw-116-116d-msport-auto-diesel-bianco-cat_ma13mo18480-7836d063-59bf-4a84-b031-09c4ecc5592c,BMW,116,116d Msport auto,24900,81647,Automatico,06/2023,Diesel,85 kW (116 CV),Bonera spa • IT-25135 Brescia,Rivenditore
BMW 118 118d Msport auto,https://www.autoscout24.it/annunci/bmw-118-118d-msport-auto-diesel-cat_ma13mo18481-9f4774a9-e023-4a0a-9217-0b7d93a27c02,BMW,118,118d Msport auto,24000,112000,Semiautomatico,12/2020,Diesel,110 kW (150 CV),"Privato,IT-09121 Cagliari",Privato
BMW 116 F40 Diesel 116d Msport auto,https://www.autoscout24.it/annunci/bmw-116-f40-diesel-116d-msport-auto-diesel-bianco-cat_ma13mo18480-15017043-34b9-442c-9e2f-74a7f1f19fd0,BMW,116,F40 Diesel 116d Msport auto,24900,56292,Automatico,11/2022,Diesel,85 kW (116 CV),Biauto Group Torino • IT-10036 Settimo Torinese - Torino - To,Rivenditore
BMW 118 118d advantage auto,https://www.autoscout24.it/annunci/bmw-118-118d-advantage-auto-diesel-bianco-cat_ma13mo18481-b5b197dc-31a5-4c2b-9f90-e3304b90a084,BMW,118,118d advantage auto,24900,93585,Automatico,01/2024,Diesel,110 kW (150 CV),Auto Brenner Spa • IT-39100 Bolzano - Bz,Rivenditore
BMW 116 Serie 1 F40 116d Msport auto,https://www.autoscout24.it/annunci/bmw-116-serie-1-f40-116d-msport-auto-diesel-bianco-cat_ma13mo18480-e5ccd088-f5f6-4fda-98cd-e0538067039f,BMW,116,Serie 1 F40 116d Msport auto,25000,130000,Semiautomatico,03/2022,Diesel,85 kW (116 CV),"Privato,IT-04100 Latina",Privato
BMW 118 Serie 1 F40 118d Msport auto,https://www.autoscout24.it/annunci/bmw-118-serie-1-f40-118d-msport-auto-diesel-nero-cat_ma13mo18481-1ccf4ba2-442a-43f9-9a35-f562c0e96dd0,BMW,118,Serie 1 F40 118d Msport auto,24500,93400,Semiautomatico,02/2022,Diesel,110 kW (150 CV),Centrauto Sas • IT-29010 Nibbiano - Piacenza -pc,Rivenditore
BMW 116 Serie 1 F40 116d Msport Exterior auto,https://www.autoscout24.it/annunci/bmw-116-serie-1-f40-116d-msport-exterior-auto-diesel-bianco-cat_ma13mo18480-5f7500cc-7997-4612-80e6-a87015f647f6,BMW,116,Serie 1 F40 116d Msport Exterior auto,25000,121000,Semiautomatico,04/2022,Diesel,85 kW (116 CV),"Privato,IT-04100 Latina",Privato
BMW 118 118d Msport auto,https://www.autoscout24.it/annunci/bmw-118-118d-msport-auto-diesel-cat_ma13mo18481-db28bf2a-9225-47a4-8f32-d5cf7043742b,BMW,118,118d Msport auto,24000,131000,Semiautomatico,11/2020,Diesel,110 kW (150 CV),"Privato,IT-41125 Modena",Privato
BMW 116 116i Advantage,https://www.autoscout24.it/annunci/bmw-116-116i-advantage-benzina-nero-cat_ma13mo18480-2b489321-242c-49fc-9abc-c3e952bb9bca,BMW,116,116i Advantage,24000,34000,Manuale,05/2023,Benzina,80 kW (109 CV),"Privato,IT-36024 Nanto",Privato
BMW 116 116d Msport auto,https://www.autoscout24.it/annunci/bmw-116-116d-msport-auto-diesel-bianco-cat_ma13mo18480-79cc1299-a69b-433e-9dca-5c2d7b375118,BMW,116,116d Msport auto,24800,85000,Semiautomatico,06/2021,Diesel,85 kW (116 CV),L'Auto Spa • IT-22063 Cantù - CO,Rivenditore
BMW 116 116I 5 PORTE BERLINA,https://www.autoscout24.it/annunci/bmw-116-116i-5-porte-berlina-benzina-cat_ma13mo18480-64fe21ab-7b68-4462-aba2-d790e1bfc65e,BMW,116,116I 5 PORTE BERLINA,24350,50,Manuale,04/2024,Benzina,80 kW (109 CV),Ariel Car Verona • IT-37135 Verona - Vr,Rivenditore
BMW 118 118d M Sport,https://www.autoscout24.it/annunci/bmw-118-118d-m-sport-diesel-bianco-cat_ma13mo18481-f707e279-2ece-413e-bd42-6db71f9f6349,BMW,118,118d M Sport,24899,89318,Automatico,05/2024,Diesel,110 kW (150 CV),Autohero Italia Srl • IT-20155 Milano - Mi,Rivenditore
BMW 118 118d M Sport,https://www.autoscout24.it/annunci/bmw-118-118d-m-sport-diesel-bianco-cat_ma13mo18481-9c853198-2255-4e8b-afa1-85c481223949,BMW,118,118d M Sport,24899,89318,Automatico,05/2024,Diesel,110 kW (150 CV),Autohero Italia srl • IT-40131 Bologna,Rivenditore
BMW 118 118d M Sport,https://www.autoscout24.it/annunci/bmw-118-118d-m-sport-diesel-bianco-cat_ma13mo18481-266134ff-14a0-443f-9d29-8be0ad7eb759,BMW,118,118d M Sport,24899,89318,Automatico,05/2024,Diesel,110 kW (150 CV),Autohero Italia srl • IT-00169 Roma,Rivenditore
BMW 118 118d M Sport,https://www.autoscout24.it/annunci/bmw-118-118d-m-sport-diesel-bianco-cat_ma13mo18481-d64ef9b4-bd94-4618-8a0b-888de5b194d9,BMW,118,118d M Sport,24899,89318,Automatico,05/2024,Diesel,110 kW (150 CV),Autohero Italia Srl • IT-37135 Verona - VR,Rivenditore
BMW 118 118d M Sport,https://www.autoscout24.it/annunci/bmw-118-118d-m-sport-diesel-bianco-cat_ma13mo18481-afd73f8f-325b-4de9-b13f-912d94fce84e,BMW,118,118d M Sport,24899,89318,Automatico,05/2024,Diesel,110 kW (150 CV),Autohero Italia Srl - Torino • IT-10092 Beinasco - TO,Rivenditore
BMW 118 118d M Sport,https://www.autoscout24.it/annunci/bmw-118-118d-m-sport-diesel-bianco-cat_ma13mo18481-48fde3aa-7742-4440-8e96-a32ef84b01fe,BMW,118,118d M Sport,24899,89318,Automatico,05/2024,Diesel,110 kW (150 CV),AutoHero Italia Srl • IT-09122 Cagliari  - CA,Rivenditore
BMW 118 d M Sport F70 TETTO PANO UFF BMW,https://www.autoscout24.it/annunci/bmw-118-d-m-sport-f70-tetto-pano-uff-bmw-diesel-bianco-cat_ma13mo18481-88e8f2e0-84b0-4f04-ae75-7f5a64632a65,BMW,118,d M Sport F70 TETTO PANO UFF BMW,24999,21001,Automatico,03/2025,Diesel,110 kW (150 CV),KLM Auto Srl • IT-00178 Roma RM,Rivenditore
BMW 120 120 48V,https://www.autoscout24.it/annunci/bmw-120-120-48v-elettrica-benzina-grigio-cat_ma13mo18482-4d44ccbc-b2b9-4e16-8ce9-060deafe32e4,BMW,120,120 48V,24900,15000,Automatico,12/2024,Elettrica/Benzina,115 kW (156 CV),Automobile Torino srl • IT-10034 Chivasso - Torino,Rivenditore
BMW 118 118i 5p. Msport,https://www.autoscout24.it/annunci/bmw-118-118i-5p-msport-benzina-grigio-cat_ma13mo18481-aa8e8c50-af2a-458b-905b-b89b4c96c30b,BMW,118,118i 5p. Msport,24900,20300,Automatico,12/2023,Benzina,100 kW (136 CV),Automobile Torino srl • IT-10034 Chivasso - Torino,Rivenditore
BMW 118 118d Msport M-SPORT Auto,https://www.autoscout24.it/annunci/bmw-118-118d-msport-m-sport-auto-diesel-nero-cat_ma13mo18481-7980ecac-8622-415c-8150-a9a383412e27,BMW,118,118d Msport M-SPORT Auto,24900,49000,Automatico,03/2024,Diesel,110 kW (150 CV),La Barca Automobili srl • IT-10036 Settimo Torinese - Torino - TO,Rivenditore
"BMW 118 Serie 1 F40 118d Msport auto TETTO - CERCHI 19"" - AMBIENT LIGHT",https://www.autoscout24.it/annunci/bmw-118-serie-1-f40-118d-msport-auto-tetto-cerchi-19-ambient-light-diesel-bianco-cat_ma13mo18481-96761f88-9d89-473f-b8ca-22a209621ea5,BMW,118,"Serie 1 F40 118d Msport auto TETTO - CERCHI 19"" - AMBIENT LIGHT",24999,69000,Automatico,08/2022,Diesel,110 kW (150 CV),Auto Elite Snc • IT-21010 Cardano al campo - Varese - Va,Rivenditore
BMW 120 120d msport auto,https://www.autoscout24.it/annunci/bmw-120-120d-msport-auto-diesel-grigio-cat_ma13mo18482-8f0bf7ee-cd9e-469e-8d16-85dd6a1cc7c7,BMW,120,120d msport auto,25200,76820,Automatico,02/2021,Diesel,120 kW (163 CV),Eurocar Italia Srl - Bergamo • IT-24124 Bergamo - BG,Rivenditore
BMW 118 118d Msport M-SPORT Auto,https://www.autoscout24.it/annunci/bmw-118-118d-msport-m-sport-auto-diesel-bianco-cat_ma13mo18481-3996dd40-a96c-42f9-9253-3be8eacf6ba8,BMW,118,118d Msport M-SPORT Auto,25900,34000,Automatico,07/2024,Diesel,110 kW (150 CV),La Barca Automobili srl • IT-10036 Settimo Torinese - Torino - TO,Rivenditore
BMW 118 118i 5p. Msport,https://www.autoscout24.it/annunci/bmw-118-118i-5p-msport-benzina-grigio-cat_ma13mo18481-640561fc-5e3e-489e-8027-3a482a3974d9,BMW,118,118i 5p. Msport,25900,19500,Automatico,07/2024,Benzina,100 kW (136 CV),Automobile Torino srl • IT-10034 Chivasso - Torino,Rivenditore
BMW 120 120 48V,https://www.autoscout24.it/annunci/bmw-120-120-48v-elettrica-benzina-grigio-cat_ma13mo18482-a71b010f-129a-477a-ab30-47986af5013f,BMW,120,120 48V,25900,14000,Automatico,11/2025,Elettrica/Benzina,115 kW (156 CV),Automobile Torino srl • IT-10034 Chivasso - Torino,Rivenditore
BMW 116 116d ColorVision Edition M-Sport,https://www.autoscout24.it/annunci/bmw-116-116d-colorvision-edition-m-sport-diesel-nero-cat_ma13mo18480-fca631d7-e843-4c5f-a012-9152a9a53e24,BMW,116,116d ColorVision Edition M-Sport,25990,68000,Semiautomatico,12/2022,Diesel,85 kW (116 CV),Bonansone Automobili Di Bonansone Samuel • IT-10061 Cavour - Torino - TO,Rivenditore
BMW 128 128ti 5p. Msport,https://www.autoscout24.it/annunci/bmw-128-128ti-5p-msport-benzina-nero-cat_ma13mo75736-8504cde5-a466-428b-aacb-39114e258978,BMW,128,128ti 5p. Msport,25990,136000,Automatico,03/2021,Benzina,195 kW (265 CV),"Privacar San Cesareo - Guidonia • IT-00012 Guidonia Montecelio - Roma - R,M",Rivenditore
"BMW 118 d Msport auto - LED - 18"" - Carplay - Pack Luci",https://www.autoscout24.it/annunci/bmw-118-d-msport-auto-led-18-carplay-pack-luci-diesel-nero-cat_ma13mo18481-d15fd960-0ed6-4580-82a5-c9d787226f79,BMW,118,"d Msport auto - LED - 18"" - Carplay - Pack Luci",25900,79000,Automatico,01/2021,Diesel,110 kW (150 CV),Paderno Motori Srl • IT-20037 Paderno Dugnano – Milano – Mi,Rivenditore
BMW 135 i xDrive - Harman kardon,https://www.autoscout24.it/annunci/bmw-135-i-xdrive-harman-kardon-benzina-grigio-cat_ma13mo19079-851f2596-7951-455e-999f-8b531148aede,BMW,135,i xDrive - Harman kardon,26000,99000,Automatico,04/2021,Benzina,225 kW (306 CV),Demasi Auto • IT-25069 Villa Carcina -  Brescia,Rivenditore
BMW 118 118d Msport auto,https://www.autoscout24.it/annunci/bmw-118-118d-msport-auto-diesel-blu-azzurro-cat_ma13mo18481-b127303f-5f0d-493f-8122-fcd110380bbe,BMW,118,118d Msport auto,25641,41035,Automatico,06/2022,Diesel,110 kW (150 CV),Ambrosi Spa • IT-06073 Corciano - Perugia - Pg,Rivenditore
BMW 120 120 48V,https://www.autoscout24.it/annunci/bmw-120-120-48v-elettrica-benzina-bianco-cat_ma13mo18482-cc2eacc3-99dd-4c94-b800-3220b4cae5cb,BMW,120,120 48V,25900,9500,Automatico,09/2025,Elettrica/Benzina,115 kW (156 CV),Automobile Torino srl • IT-10034 Chivasso - Torino,Rivenditore
BMW 116 116d Msport Exterior auto Con NAVIG. & TELECAMERA,https://www.autoscout24.it/annunci/bmw-116-116d-msport-exterior-auto-con-navig-telecamera-diesel-nero-cat_ma13mo18480-e0fd5bd7-4cca-40fa-88e4-182588169c24,BMW,116,116d Msport Exterior auto Con NAVIG. & TELECAMERA,25990,48844,Automatico,07/2023,Diesel,85 kW (116 CV),Latina Cars srl • IT-04100 Latina - Lt,Rivenditore
BMW 118 d Advantage auto,https://www.autoscout24.it/annunci/bmw-118-d-advantage-auto-diesel-nero-cat_ma13mo18481-7f06bac1-07f0-4534-993b-7e7d19dd6cab,BMW,118,d Advantage auto,25000,60900,Semiautomatico,02/2023,Diesel,110 kW (150 CV),Sa.My. Auto • IT-87036 Rende - CS,Rivenditore
BMW 118 118d 5p. Msport AUTOMATIC TETTO APRIBILE,https://www.autoscout24.it/annunci/bmw-118-118d-5p-msport-automatic-tetto-apribile-diesel-bianco-cat_ma13mo18481-402d222a-8568-4e49-b512-20e65c4d33ff,BMW,118,118d 5p. Msport AUTOMATIC TETTO APRIBILE,25500,118000,Automatico,10/2022,Diesel,110 kW (150 CV),Cosmariauto  Srl • IT-72018 San Michele Salentino,Rivenditore
BMW 135 M 135i xdrive auto,https://www.autoscout24.it/annunci/bmw-135-m-135i-xdrive-auto-benzina-blu-azzurro-cat_ma13mo19079-76d5c897-dc0e-4f18-890d-cf7323b7852e,BMW,135,M 135i xdrive auto,25500,131101,Semiautomatico,03/2022,Benzina,225 kW (306 CV),Rossi Srl Usato • IT-05035 Narni Scalo - Terni,Rivenditore
BMW 118 118i 5p. Msport,https://www.autoscout24.it/annunci/bmw-118-118i-5p-msport-benzina-bianco-cat_ma13mo18481-8106262e-ef0f-4839-b727-bef8b34a08fd,BMW,118,118i 5p. Msport,25900,19500,Automatico,12/2023,Benzina,100 kW (136 CV),Automobile Torino srl • IT-10034 Chivasso - Torino,Rivenditore
BMW 120 120 48V,https://www.autoscout24.it/annunci/bmw-120-120-48v-elettrica-benzina-bianco-cat_ma13mo18482-390bb229-9e0d-45ec-bd22-04046a45e9c1,BMW,120,120 48V,25900,15900,Automatico,08/2025,Elettrica/Benzina,115 kW (156 CV),Automobile Torino srl • IT-10034 Chivasso - Torino,Rivenditore
BMW 120 120 48V,https://www.autoscout24.it/annunci/bmw-120-120-48v-elettrica-benzina-bianco-cat_ma13mo18482-94a458b5-ef95-4e6d-927f-0e65941ce7d4,BMW,120,120 48V,25900,11000,Automatico,09/2025,Elettrica/Benzina,115 kW (156 CV),Automobile Torino srl • IT-10034 Chivasso - Torino,Rivenditore
BMW 118 118i 5p. Msport,https://www.autoscout24.it/annunci/bmw-118-118i-5p-msport-benzina-bianco-cat_ma13mo18481-72ba15f6-0852-4fad-97e6-b448eba95838,BMW,118,118i 5p. Msport,25900,18500,Automatico,12/2023,Benzina,100 kW (136 CV),Automobile Torino srl • IT-10034 Chivasso - Torino,Rivenditore
BMW 118 118i 5p. Msport,https://www.autoscout24.it/annunci/bmw-118-118i-5p-msport-benzina-bianco-cat_ma13mo18481-43014694-574f-4d62-8af3-7c6571f8e8ad,BMW,118,118i 5p. Msport,25900,21000,Automatico,12/2023,Benzina,100 kW (136 CV),Automobile Torino srl • IT-10034 Chivasso - Torino,Rivenditore
BMW 120 120i 5p. Msport,https://www.autoscout24.it/annunci/bmw-120-120i-5p-msport-benzina-bianco-cat_ma13mo18482-1648df8d-25e1-4c35-8152-d1ffa3013f15,BMW,120,120i 5p. Msport,25900,18000,Automatico,12/2023,Benzina,131 kW (178 CV),Automobile Torino srl • IT-10034 Chivasso - Torino,Rivenditore
BMW 118 Serie 1 F40 118d Msport auto,https://www.autoscout24.it/annunci/bmw-118-serie-1-f40-118d-msport-auto-diesel-grigio-cat_ma13mo18481-bb15511a-631a-454b-a523-17248d070341,BMW,118,Serie 1 F40 118d Msport auto,25500,86433,Semiautomatico,01/2022,Diesel,110 kW (150 CV),"Privato,IT-10040 Rivalta di Torino",Privato
BMW 118 Serie 1 F40 118i 136cv auto sempre tagliandi BMW,https://www.autoscout24.it/annunci/bmw-118-serie-1-f40-118i-136cv-auto-sempre-tagliandi-bmw-benzina-nero-cat_ma13mo18481-7e6142c0-e5f4-493f-9502-ab11543c08df,BMW,118,Serie 1 F40 118i 136cv auto sempre tagliandi BMW,26000,120000,Semiautomatico,06/2022,Benzina,100 kW (136 CV),"Privato,IT-00179 Roma",Privato
BMW 135 M 135i xDrive,https://www.autoscout24.it/annunci/bmw-135-m-135i-xdrive-benzina-nero-cat_ma13mo19079-12e0ca64-ad8e-4535-8520-4e46ba589396,BMW,135,M 135i xDrive,25000,67596,Automatico,03/2021,Benzina,225 kW (306 CV),Privacar Lucca • IT-55012 Guamo -  Lucca - LU,Rivenditore
BMW 128 Ti,https://www.autoscout24.it/annunci/bmw-128-ti-benzina-cat_ma13mo75736-7b05824f-a881-4d7f-805c-adffbe3bd1ab,BMW,128,Ti,26000,58000,Manuale,10/2022,Benzina,199 kW (271 CV),"Privato,IT-55100 Lucca",Privato
BMW 135 M 135i xdrive auto,https://www.autoscout24.it/annunci/bmw-135-m-135i-xdrive-auto-benzina-cat_ma13mo19079-4fa5183f-bcf2-42eb-ad51-cd1168db428d,BMW,135,M 135i xdrive auto,26000,88000,Semiautomatico,09/2021,Benzina,225 kW (306 CV),"Privato,IT-20144 Milano",Privato
BMW 118 118d Msport auto,https://www.autoscout24.it/annunci/bmw-118-118d-msport-auto-diesel-cat_ma13mo18481-1509ae1a-367f-4624-9816-fc54f5a6e653,BMW,118,118d Msport auto,25999,17000,Semiautomatico,12/2021,Diesel,110 kW (150 CV),"Privato,IT-38062 Arco",Privato
BMW 118 118d MSport auto,https://www.autoscout24.it/annunci/bmw-118-118d-msport-auto-diesel-nero-cat_ma13mo18481-4b9e38b5-4e27-405c-af41-a4c8d2190a6d,BMW,118,118d MSport auto,26000,31587,Automatico,02/2024,Diesel,110 kW (150 CV),"Privato,IT-06034 Foligno",Privato
BMW 118 118d Msport auto,https://www.autoscout24.it/annunci/bmw-118-118d-msport-auto-diesel-cat_ma13mo18481-97963c40-1802-4370-8012-8b691344b6e2,BMW,118,118d Msport auto,25000,88000,Semiautomatico,06/2021,Diesel,110 kW (150 CV),"Privato,IT-40128 bologna",Privato
BMW 120 120d Msport auto,https://www.autoscout24.it/annunci/bmw-120-120d-msport-auto-diesel-nero-cat_ma13mo18482-d28dff55-b642-4f27-9a0b-9330d43d0b79,BMW,120,120d Msport auto,26000,105000,Semiautomatico,09/2021,Diesel,140 kW (190 CV),"Privato,IT-40018 San Pietro In Casale",Privato
BMW 120 120d Msport,https://www.autoscout24.it/annunci/bmw-120-120d-msport-diesel-cat_ma13mo18482-b3c8caa0-0444-4e12-a2ab-3643baffeb4a,BMW,120,120d Msport,25000,95000,Semiautomatico,08/2022,Diesel,140 kW (190 CV),"Privato,IT-34074 Monfalcone",Privato
BMW 128 ti,https://www.autoscout24.it/annunci/bmw-128-ti-benzina-blu-azzurro-cat_ma13mo75736-0a8e2288-1714-4fc5-aaf7-66142e5ba273,BMW,128,ti,26000,92000,Automatico,12/2020,Benzina,195 kW (265 CV),"Privato,IT-43126 Parma",Privato
BMW 135 Serie 1 F40 M 135i xdrive auto,https://www.autoscout24.it/annunci/bmw-135-serie-1-f40-m-135i-xdrive-auto-benzina-bianco-cat_ma13mo19079-2fb6557d-c859-43bf-b0e1-8dfd6564c17a,BMW,135,Serie 1 F40 M 135i xdrive auto,26000,97000,Semiautomatico,09/2021,Benzina,225 kW (306 CV),Asti Srl Unipersonale • IT-43039 Salsomaggiore Terme - Parma - Pr,Rivenditore
BMW 118 118d 5p. Business Advantage,https://www.autoscout24.it/annunci/bmw-118-118d-5p-business-advantage-diesel-grigio-cat_ma13mo18481-1b19e10a-3e2c-416a-97bd-e63e61e4ea87,BMW,118,118d 5p. Business Advantage,25900,12500,Automatico,12/2024,Diesel,110 kW (150 CV),Automobile Torino srl • IT-10034 Chivasso - Torino,Rivenditore
BMW 118 118i Msport Exterior 136cv,https://www.autoscout24.it/annunci/bmw-118-118i-msport-exterior-136cv-benzina-cat_ma13mo18481-f7ca8cd9-3312-4d04-a324-ee150c87ff33,BMW,118,118i Msport Exterior 136cv,26000,25000,Manuale,10/2023,Benzina,100 kW (136 CV),"Privato,IT-16121 Genova",Privato
BMW 120 F70 automatica PREZZO IVA COMPRESA,https://www.autoscout24.it/annunci/bmw-120-f70-automatica-prezzo-iva-compresa-benzina-nero-cat_ma13mo18482-57f7a125-f123-42ed-b08b-b79f83b636a6,BMW,120,F70 automatica PREZZO IVA COMPRESA,25000,10000,Automatico,09/2025,Benzina,125 kW (170 CV),KLM Auto Srl • IT-00178 Roma RM,Rivenditore
BMW 118 Serie 1 F40 118d Msport auto,https://www.autoscout24.it/annunci/bmw-118-serie-1-f40-118d-msport-auto-diesel-nero-cat_ma13mo18481-4baa8275-db95-47f7-a785-216dfb43f31e,BMW,118,Serie 1 F40 118d Msport auto,25000,47000,Automatico,10/2020,Diesel,110 kW (150 CV),"Privato,IT-42123 Reggio nell'Emilia",Privato
BMW 118 Serie 1 F40 118d Msport auto,https://www.autoscout24.it/annunci/bmw-118-serie-1-f40-118d-msport-auto-diesel-nero-cat_ma13mo18481-40f77e9d-fd60-4349-a556-6822564386da,BMW,118,Serie 1 F40 118d Msport auto,25990,78000,Semiautomatico,12/2020,Diesel,110 kW (150 CV),"Privato,IT-50145 Firenze",Privato
BMW 118 118d Msport auto,https://www.autoscout24.it/annunci/bmw-118-118d-msport-auto-diesel-cat_ma13mo18481-f051e196-32e9-45d1-b35c-b41a7b195fe5,BMW,118,118d Msport auto,25000,90000,Automatico,12/2022,Diesel,110 kW (150 CV),"Privato,IT-81032 Carinaro",Privato
BMW 118 118d Msport auto,https://www.autoscout24.it/annunci/bmw-118-118d-msport-auto-diesel-cat_ma13mo18481-22e2ffc0-fec8-43b5-94dc-b3990f23fed1,BMW,118,118d Msport auto,25500,61000,Automatico,08/2022,Diesel,110 kW (150 CV),"Privato,IT-57121 Livorno",Privato
BMW 118 Serie 1 F40 118d Msport auto,https://www.autoscout24.it/annunci/bmw-118-serie-1-f40-118d-msport-auto-diesel-cat_ma13mo18481-cbacdb69-a70e-4965-99d9-c71b358f73e0,BMW,118,Serie 1 F40 118d Msport auto,25000,100000,Semiautomatico,02/2021,Diesel,110 kW (150 CV),"Privato,IT-45026 lendinara",Privato
BMW 135 M 135i xDrive,https://www.autoscout24.it/annunci/bmw-135-m-135i-xdrive-benzina-blu-azzurro-cat_ma13mo19079-0fbd670e-7f3c-4ea1-9290-8f0d74cba2fd,BMW,135,M 135i xDrive,25000,97000,Automatico,08/2021,Benzina,225 kW (306 CV),Privacar Lucca • IT-55012 Guamo -  Lucca - LU,Rivenditore
BMW 120 120d xdrive Business Advantage auto,https://www.autoscout24.it/annunci/bmw-120-120d-xdrive-business-advantage-auto-diesel-cat_ma13mo18482-966b2cb7-ae8c-43a3-a845-6f6198235389,BMW,120,120d xdrive Business Advantage auto,26000,50000,Automatico,01/2024,Diesel,140 kW (190 CV),"Privato,IT-20068 Peschiera Borromeo",Privato
BMW 118 118d Msport auto,https://www.autoscout24.it/annunci/bmw-118-118d-msport-auto-diesel-cat_ma13mo18481-20b89fb8-3f60-473f-94da-d33cefd1f6d5,BMW,118,118d Msport auto,25000,35000,Semiautomatico,08/2021,Diesel,110 kW (150 CV),"Privato,IT-80058 Torre Annunziata",Privato
BMW 118 Serie 1 118d 118 d M sport M-sport Msport auto TETTO APRIBILE *88.000 KM REALI*,https://www.autoscout24.it/annunci/bmw-118-serie-1-118d-118-d-m-sport-m-sport-msport-auto-tetto-apribile-88-000-km-reali-diesel-cat_ma13mo18481-e8ae0eb7-b8d5-4004-923c-ec802953f6bd,BMW,118,Serie 1 118d 118 d M sport M-sport Msport auto TETTO APRIBILE *88.000 KM REALI*,25700,80000,Automatico,01/2024,Diesel,110 kW (150 CV),MR Car srl • IT-23900 Lecco - Lc,Rivenditore
BMW 116 Serie 1 F40 116d Msport auto,https://www.autoscout24.it/annunci/bmw-116-serie-1-f40-116d-msport-auto-diesel-bianco-cat_ma13mo18480-33cebd13-6d92-432b-bedb-31f51104166e,BMW,116,Serie 1 F40 116d Msport auto,26000,53000,Automatico,06/2020,Diesel,85 kW (116 CV),"Privato,IT-00045 Genzano di Roma",Privato
BMW 118 118d Msport auto,https://www.autoscout24.it/annunci/bmw-118-118d-msport-auto-diesel-cat_ma13mo18481-c269df87-a335-4e5e-b3fc-f8935c47db71,BMW,118,118d Msport auto,26000,60000,Semiautomatico,12/2020,Diesel,110 kW (150 CV),"Privato,IT-13888 biella",Privato
BMW 116 F40 Diesel 116d Sport auto,https://www.autoscout24.it/annunci/bmw-116-f40-diesel-116d-sport-auto-diesel-nero-cat_ma13mo18480-d8b6755c-b078-41c1-8a43-83ed1e488ab9,BMW,116,F40 Diesel 116d Sport auto,25500,37304,Automatico,09/2022,Diesel,85 kW (116 CV),Stile Spa • IT-61100 Pesaro - Pu,Rivenditore
BMW 118 Serie 1 F40118i Msport 136cv auto,https://www.autoscout24.it/annunci/bmw-118-serie-1-f40118i-msport-136cv-auto-benzina-nero-cat_ma13mo18481-fa45c3d3-bc81-4ca3-b296-1c224859e998,BMW,118,Serie 1 F40118i Msport 136cv auto,25000,71000,Automatico,04/2021,Benzina,100 kW (136 CV),"Privato,IT-00100 Roma",Privato
BMW 118 118d Msport Winter Pack,https://www.autoscout24.it/annunci/bmw-118-118d-msport-winter-pack-diesel-nero-cat_ma13mo18481-592c9214-cd9d-448a-aa82-b519512709a1,BMW,118,118d Msport Winter Pack,25000,70500,Semiautomatico,02/2021,Diesel,110 kW (150 CV),"Privato,IT-30020 Marcon",Privato
BMW 118 118d Msport auto,https://www.autoscout24.it/annunci/bmw-118-118d-msport-auto-diesel-cat_ma13mo18481-eeb2c28c-647a-4438-b437-93a4014416c2,BMW,118,118d Msport auto,25000,66580,Semiautomatico,09/2022,Diesel,110 kW (150 CV),"Privato,IT-00061 Anguillara Sabazia",Privato
BMW 118 Serie 1 F40 118i Msport 140cv auto,https://www.autoscout24.it/annunci/bmw-118-serie-1-f40-118i-msport-140cv-auto-benzina-bianco-cat_ma13mo18481-ad5c0ab6-1a9a-43d6-93ca-f453ff69f57a,BMW,118,Serie 1 F40 118i Msport 140cv auto,25500,30900,Semiautomatico,12/2020,Benzina,100 kW (136 CV),"Privato,IT-16151 Genova",Privato
BMW 120 d xDrive 5p. Msport,https://www.autoscout24.it/annunci/bmw-120-d-xdrive-5p-msport-diesel-bianco-cat_ma13mo18482-d31b2cd5-a877-4a07-8b71-439740ad4cf3,BMW,120,d xDrive 5p. Msport,25900,78000,Automatico,11/2020,Diesel,140 kW (190 CV),Biaz Auto Srl • IT-33097 Spilimbergo - Pordenone - PN,Rivenditore
BMW 135 i xdrive auto,https://www.autoscout24.it/annunci/bmw-135-i-xdrive-auto-benzina-bianco-cat_ma13mo19079-472d86e4-bb32-4095-9924-d2020266a27e,BMW,135,i xdrive auto,25900,115000,Automatico,10/2021,Benzina,225 kW (306 CV),Auto Pippi Pescia Srl • IT-51017 Pescia - Pistoia - Pt,Rivenditore
BMW 116 116i auto 122cv,https://www.autoscout24.it/annunci/bmw-116-116i-auto-122cv-benzina-grigio-cat_ma13mo18480-c921d09f-123c-44c0-84a4-314a5c17b69a,BMW,116,116i auto 122cv,25900,27017,Automatico,12/2024,Benzina,90 kW (122 CV),Ke Auto Srl - Sede di Mozzo - Bergamo • IT-24030 Mozzo - Bergamo,Rivenditore
BMW 120 d xDrive 5p. Msport,https://www.autoscout24.it/annunci/bmw-120-d-xdrive-5p-msport-diesel-nero-cat_ma13mo18482-544e0e1b-3fad-4bab-88b1-41a275697259,BMW,120,d xDrive 5p. Msport,26000,96000,Automatico,03/2021,Diesel,140 kW (190 CV),Pizzala Srl • IT-20013 Magenta - Milano - Mi,Rivenditore
BMW 118 118d Sport auto,https://www.autoscout24.it/annunci/bmw-118-118d-sport-auto-diesel-grigio-cat_ma13mo18481-27d28439-2250-4adf-a281-bfd5dce79819,BMW,118,118d Sport auto,25000,75000,Semiautomatico,11/2020,Diesel,110 kW (150 CV),"Privato,IT-00168 Roma",Privato
BMW 118 Msport 5p auto 118d,https://www.autoscout24.it/annunci/bmw-118-msport-5p-auto-118d-diesel-grigio-cat_ma13mo18481-3872704d-9d86-44e4-a846-85c396e54435,BMW,118,Msport 5p auto 118d,25900,52600,Automatico,05/2021,Diesel,110 kW (150 CV),"Privato,IT-16033 lavagna",Privato
BMW 118 Serie 1 F40 118d Msport auto,https://www.autoscout24.it/annunci/bmw-118-serie-1-f40-118d-msport-auto-diesel-cat_ma13mo18481-16a90e9e-f080-483c-8211-151b23455c84,BMW,118,Serie 1 F40 118d Msport auto,25900,53000,Semiautomatico,10/2020,Diesel,110 kW (150 CV),"Privato,IT-13900 Biella",Privato
BMW 118 d Msport auto,https://www.autoscout24.it/annunci/bmw-118-d-msport-auto-diesel-blu-azzurro-cat_ma13mo18481-59f02328-64ab-4b0c-9743-73694b17ae71,BMW,118,d Msport auto,25900,39000,Automatico,07/2022,Diesel,110 kW (150 CV),Procar Srl • IT-20143 Milano -  Mi,Rivenditore
BMW 118 118d Msport Exterior auto,https://www.autoscout24.it/annunci/bmw-118-118d-msport-exterior-auto-diesel-cat_ma13mo18481-8abf5072-2c31-4621-a179-3549b00ad43c,BMW,118,118d Msport Exterior auto,25000,110000,Semiautomatico,01/2022,Diesel,110 kW (150 CV),"Privato,IT-20024 Garbagnate Milanese",Privato
BMW 118 118d F40,https://www.autoscout24.it/annunci/bmw-118-118d-f40-diesel-cat_ma13mo18481-f523653f-37e2-445d-bf72-0ebad1cdd67a,BMW,118,118d F40,26000,75000,Semiautomatico,11/2021,Diesel,110 kW (150 CV),"Privato,IT-81024 maddaloni",Privato
BMW 118 Serie 1 F40 118d Msport auto,https://www.autoscout24.it/annunci/bmw-118-serie-1-f40-118d-msport-auto-diesel-bianco-cat_ma13mo18481-411c11e1-543b-4c0a-9b59-67b8377d8dee,BMW,118,Serie 1 F40 118d Msport auto,25000,75000,Semiautomatico,05/2022,Diesel,110 kW (150 CV),"Privato,IT-04015 Priverno",Privato
BMW 120 120d Msport auto,https://www.autoscout24.it/annunci/bmw-120-120d-msport-auto-diesel-cat_ma13mo18482-9bce96eb-fb6c-4dae-b2f7-31210ccaa8ff,BMW,120,120d Msport auto,25000,135000,Semiautomatico,11/2020,Diesel,140 kW (190 CV),"Privato,IT-36026 vicenza",Privato
BMW 118 d Aut. *SOLI 23.000 KM *Luci Ambiente,https://www.autoscout24.it/annunci/bmw-118-d-aut-soli-23-000-km-luci-ambiente-diesel-grigio-cat_ma13mo18481-a1998ea0-f532-4d26-87fe-84843be02def,BMW,118,d Aut. *SOLI 23.000 KM *Luci Ambiente,25500,23000,Automatico,05/2020,Diesel,110 kW (150 CV),AutoQuarta • IT-73047 Monteroni Di Lecce - Lecce - Le,Rivenditore
BMW 118 Serie 1 F40 118i Msport 140cv auto,https://www.autoscout24.it/annunci/bmw-118-serie-1-f40-118i-msport-140cv-auto-benzina-grigio-cat_ma13mo18481-ce273bac-0907-4f03-84d2-7a98b5930ffd,BMW,118,Serie 1 F40 118i Msport 140cv auto,25000,64000,Automatico,04/2020,Benzina,103 kW (140 CV),"Privato,IT-35100 Padova",Privato
"BMW 118 i Msport 136cv auto Shadow line tetto 18"" camera 2024",https://www.autoscout24.it/annunci/bmw-118-i-msport-136cv-auto-shadow-line-tetto-18-camera-2024-benzina-nero-cat_ma13mo18481-8f0a6308-713d-4ebc-b96e-3f70933a7577,BMW,118,"i Msport 136cv auto Shadow line tetto 18"" camera 2024",25200,61584,Automatico,04/2024,Benzina,100 kW (136 CV),AR Motor srls • IT-00077 Montecompatri - Roma - RM,Rivenditore
BMW 118 118d Msport auto,https://www.autoscout24.it/annunci/bmw-118-118d-msport-auto-diesel-cat_ma13mo18481-b4cf32c1-b9e9-40c6-bada-499b3a0a1834,BMW,118,118d Msport auto,25500,88000,Semiautomatico,11/2020,Diesel,110 kW (150 CV),"Privato,IT-67051 Avezzano",Privato
BMW 118 118d Msport auto,https://www.autoscout24.it/annunci/bmw-118-118d-msport-auto-diesel-cat_ma13mo18481-cd845925-40bf-4a20-9066-26f8aff82b11,BMW,118,118d Msport auto,25500,67000,Semiautomatico,09/2022,Diesel,110 kW (150 CV),"Privato,IT-10143 Torino",Privato
BMW 116 116d Msport,https://www.autoscout24.it/annunci/bmw-116-116d-msport-diesel-nero-cat_ma13mo18480-9370bc9c-b919-4e1f-8298-556459493865,BMW,116,116d Msport,25000,30000,Semiautomatico,02/2022,Diesel,85 kW (116 CV),"Privato,IT-59100 Prato",Privato
BMW 118 Serie 1 F40,https://www.autoscout24.it/annunci/bmw-118-serie-1-f40-diesel-nero-cat_ma13mo18481-9341909f-51a0-431d-be78-9a81de684008,BMW,118,Serie 1 F40,25000,70000,Manuale,06/2021,Diesel,110 kW (150 CV),"Privato,IT-90127 Palermo",Privato
BMW 118 M Sport Shadow Edition,https://www.autoscout24.it/annunci/bmw-118-m-sport-shadow-edition-benzina-cat_ma13mo18481-4c9d7554-f485-4264-8786-7cb79d9a85ba,BMW,118,M Sport Shadow Edition,25000,54000,Manuale,01/2022,Benzina,100 kW (136 CV),"Privato,IT-40122 Bologna",Privato
BMW 116 116d Msport auto,https://www.autoscout24.it/annunci/bmw-116-116d-msport-auto-diesel-cat_ma13mo18480-79b988f8-b36d-40be-88e6-0bc55748c441,BMW,116,116d Msport auto,25000,45800,Semiautomatico,09/2023,Diesel,85 kW (116 CV),"Privato,IT-19037 Santo Stefano di Magra",Privato
BMW 118 Serie 1 F40 118d Msport auto,https://www.autoscout24.it/annunci/bmw-118-serie-1-f40-118d-msport-auto-diesel-grigio-cat_ma13mo18481-53f4b9be-c92f-40e8-99f2-7f0d319ec727,BMW,118,Serie 1 F40 118d Msport auto,25000,100000,Semiautomatico,11/2020,Diesel,110 kW (150 CV),"Privato,IT-09048 Sinnai",Privato
BMW 116 116d MSport Aut.,https://www.autoscout24.it/annunci/bmw-116-116d-msport-aut-diesel-bianco-cat_ma13mo18480-6ebe8380-914d-416f-8311-fb21957c3b50,BMW,116,116d MSport Aut.,25950,50120,Automatico,07/2023,Diesel,85 kW (116 CV),Soluzione Spa Jaguar Land Rover • IT-28100 Novara  - NO,Rivenditore
BMW 118 118d Msport auto,https://www.autoscout24.it/annunci/bmw-118-118d-msport-auto-diesel-cat_ma13mo18481-9372a201-09c2-45ba-bd35-43d95e8414ec,BMW,118,118d Msport auto,26000,137000,Semiautomatico,12/2023,Diesel,110 kW (150 CV),"Privato,IT-37044 Cologna Veneta",Privato
BMW 116 d 5p. Msport,https://www.autoscout24.it/annunci/bmw-116-d-5p-msport-diesel-grigio-cat_ma13mo18480-5f8f3617-23a3-4617-9812-dc67af8ca165,BMW,116,d 5p. Msport,25900,35000,Automatico,02/2021,Diesel,85 kW (116 CV),Auto Daytona by Extreme Europe Srl • IT-20017 Rho - Milano,Rivenditore
BMW 118 118i Msport 5p auto,https://www.autoscout24.it/annunci/bmw-118-118i-msport-5p-auto-benzina-blu-azzurro-cat_ma13mo18481-6047ba55-49a3-4799-9a7a-a2c1bc7bd3fd,BMW,118,118i Msport 5p auto,25900,36000,Automatico,07/2021,Benzina,100 kW (136 CV),"Privato,IT-41015 Nonantola",Privato
BMW 116 Serie 1 F40 116d Msport auto,https://www.autoscout24.it/annunci/bmw-116-serie-1-f40-116d-msport-auto-diesel-grigio-cat_ma13mo18480-603ffb94-e992-459f-b5b2-1661ee2aa636,BMW,116,Serie 1 F40 116d Msport auto,25200,59000,Semiautomatico,12/2023,Diesel,85 kW (116 CV),"Privato,IT-10060 Scalenghe",Privato
BMW 118 118i MSport Pro 5p auto my18 NEOP.,https://www.autoscout24.it/annunci/bmw-118-118i-msport-pro-5p-auto-my18-neop-benzina-blu-azzurro-cat_ma13mo18481-d374d099-e7fa-4a82-a031-7c39a5298021,BMW,118,118i MSport Pro 5p auto my18 NEOP.,25500,60000,Automatico,08/2021,Benzina,100 kW (136 CV),Mille Miglia di Bonacorsi Giovanni Srl • IT-24125 Bergamo BG,Rivenditore
BMW 118 118d Msport auto,https://www.autoscout24.it/annunci/bmw-118-118d-msport-auto-diesel-cat_ma13mo18481-bec51dcb-fd9d-4ed0-990a-33a0a5247372,BMW,118,118d Msport auto,25900,66500,Semiautomatico,12/2021,Diesel,110 kW (150 CV),"Privato,IT-47021 Bagno di Romagna",Privato
BMW 118 Serie 1 F40 118d Msport auto,https://www.autoscout24.it/annunci/bmw-118-serie-1-f40-118d-msport-auto-diesel-blu-azzurro-cat_ma13mo18481-6a18a7a5-0996-4cba-b410-c9dab6192c3d,BMW,118,Serie 1 F40 118d Msport auto,25800,67000,Semiautomatico,07/2020,Diesel,110 kW (150 CV),"Privato,IT-00043 Ciampino",Privato
BMW 118 Serie 1 F40 118d Msport auto,https://www.autoscout24.it/annunci/bmw-118-serie-1-f40-118d-msport-auto-diesel-grigio-cat_ma13mo18481-6db98ca1-6640-4bfd-96dc-9c1f229b205f,BMW,118,Serie 1 F40 118d Msport auto,25900,58068,Automatico,10/2022,Diesel,110 kW (150 CV),Ponte Milvio Rent srl • IT-00191 Roma - RM,Rivenditore
BMW 118 Serie 1 F40 118d Msport auto,https://www.autoscout24.it/annunci/bmw-118-serie-1-f40-118d-msport-auto-diesel-blu-azzurro-cat_ma13mo18481-129c1d9d-2e4c-41e8-bb22-b3434a71850b,BMW,118,Serie 1 F40 118d Msport auto,25500,85000,Semiautomatico,05/2020,Diesel,110 kW (150 CV),"Privato,IT-74023 Grottaglie",Privato
BMW 118 118i Sport 5p my18,https://www.autoscout24.it/annunci/bmw-118-118i-sport-5p-my18-benzina-cat_ma13mo18481-1466e4e4-7ead-4391-87b5-595a5457ddc4,BMW,118,118i Sport 5p my18,25000,44610,Manuale,01/2020,Benzina,100 kW (136 CV),"Privato,IT-12089 villanova mondovi",Privato
BMW 120 120d xdrive Msport auto,https://www.autoscout24.it/annunci/bmw-120-120d-xdrive-msport-auto-diesel-bianco-cat_ma13mo18482-49b4eede-ee16-4386-a974-41ed7490d525,BMW,120,120d xdrive Msport auto,25500,148000,Semiautomatico,01/2023,Diesel,140 kW (190 CV),"Privato,IT-85025 Melfi",Privato
BMW 118 I M-SPORT LED NAVI VARI COLORI DISPONIBILI,https://www.autoscout24.it/annunci/bmw-118-i-m-sport-led-navi-vari-colori-disponibili-benzina-bianco-cat_ma13mo18481-2810879d-5457-4041-9e9d-6fe6d3743d3e,BMW,118,I M-SPORT LED NAVI VARI COLORI DISPONIBILI,25900,17300,Automatico,11/2023,Benzina,103 kW (140 CV),Race Car Srl • IT-37040 Z.a.i. - Verona - VR,Rivenditore
BMW 116 Serie 1 F40 116d Msport auto,https://www.autoscout24.it/annunci/bmw-116-serie-1-f40-116d-msport-auto-diesel-bianco-cat_ma13mo18480-dfdb2f2f-f056-44ff-8683-02ef1599d811,BMW,116,Serie 1 F40 116d Msport auto,26000,61800,Automatico,06/2022,Diesel,85 kW (116 CV),"Privato,IT-26041 Casalmaggiore",Privato
BMW 120 120d xdrive msport auto,https://www.autoscout24.it/annunci/bmw-120-120d-xdrive-msport-auto-diesel-cat_ma13mo18482-cf2eb694-d53d-4973-9908-ba3d91615f58,BMW,120,120d xdrive msport auto,25900,110047,Semiautomatico,03/2021,Diesel,140 kW (190 CV),Bliz Srl • IT-33100 Tavagnacco - Udine - Ud,Rivenditore
BMW 116 116d Msport auto,https://www.autoscout24.it/annunci/bmw-116-116d-msport-auto-diesel-bianco-cat_ma13mo18480-ee75eef2-722b-43b7-8ec3-9b7ca2d9b0fb,BMW,116,116d Msport auto,26000,80000,Semiautomatico,05/2020,Diesel,85 kW (116 CV),"Privato,IT-91027 Paceco",Privato
BMW 118 118i Msport 5p auto,https://www.autoscout24.it/annunci/bmw-118-118i-msport-5p-auto-benzina-cat_ma13mo18481-db4843fb-48c4-49b2-a678-ae981d9bfac5,BMW,118,118i Msport 5p auto,25000,76000,Automatico,06/2021,Benzina,100 kW (136 CV),"Privato,IT-25014 castenedolo",Privato
BMW 135 M 135i 5p xdrive E6,https://www.autoscout24.it/annunci/bmw-135-m-135i-5p-xdrive-e6-benzina-nero-cat_ma13mo19079-b727bb85-3855-481f-a914-d2afa303f559,BMW,135,M 135i 5p xdrive E6,25900,150000,Automatico,12/2022,Benzina,235 kW (320 CV),"Privato,IT-38122 Trento",Privato
BMW 118 Serie 1 F40118i Msport 136cv auto,https://www.autoscout24.it/annunci/bmw-118-serie-1-f40118i-msport-136cv-auto-benzina-nero-cat_ma13mo18481-240159fe-8374-4047-b857-1df8d98fb2b1,BMW,118,Serie 1 F40118i Msport 136cv auto,25050,80100,Semiautomatico,05/2021,Benzina,100 kW (136 CV),"Privato,IT-24052 Azzano San Paolo",Privato
BMW 118 118d MSport,https://www.autoscout24.it/annunci/bmw-118-118d-msport-diesel-blu-azzurro-cat_ma13mo18481-862996f3-8982-4613-a2c9-63c6150d90e4,BMW,118,118d MSport,25950,43270,Manuale,05/2022,Diesel,110 kW (150 CV),Torino Auto spa • IT-12062 Cherasco - Cuneo,Rivenditore
BMW 118 d Msport TETTO|LED|CARPLAY|AUTO|NAVI|17',https://www.autoscout24.it/annunci/bmw-118-d-msport-tetto-led-carplay-auto-navi-17-diesel-grigio-cat_ma13mo18481-0879b326-04b2-4716-97fc-660f992d05f4,BMW,118,d Msport TETTO|LED|CARPLAY|AUTO|NAVI|17',25450,79228,Automatico,10/2023,Diesel,110 kW (150 CV),Car Specialist Srl • IT-22100 Como - Co,Rivenditore
BMW 116 Serie 1 F40 116i Msport auto TFT DIGITALE/PELLE/LED,https://www.autoscout24.it/annunci/bmw-116-serie-1-f40-116i-msport-auto-tft-digitale-pelle-led-benzina-blu-azzurro-cat_ma13mo18480-ebf4c195-9b7c-4d3e-9481-7ca986a4c9ee,BMW,116,Serie 1 F40 116i Msport auto TFT DIGITALE/PELLE/LED,25200,35000,Automatico,06/2023,Benzina,80 kW (109 CV),VRent Srl - Club & Cars Sportequipe/Ickx • IT-70022 Bari - BA,Rivenditore
BMW 116 116i Msport auto,https://www.autoscout24.it/annunci/bmw-116-116i-msport-auto-benzina-cat_ma13mo18480-d24c10f1-c4fb-4a0a-afe8-af1a5b732616,BMW,116,116i Msport auto,26000,35350,Semiautomatico,11/2023,Benzina,80 kW (109 CV),"Privato,IT-00195 Roma",Privato
BMW 118 118d Msport auto,https://www.autoscout24.it/annunci/bmw-118-118d-msport-auto-diesel-cat_ma13mo18481-42fdee9a-b6e4-4842-ac6c-d386c06786c2,BMW,118,118d Msport auto,25900,72500,Automatico,06/2021,Diesel,110 kW (150 CV),"Privato,IT-00189 Roma",Privato
BMW 118 118d Msport auto,https://www.autoscout24.it/annunci/bmw-118-118d-msport-auto-diesel-cat_ma13mo18481-161955b0-4a52-49b4-8bc2-091912d4081a,BMW,118,118d Msport auto,25500,68000,Semiautomatico,12/2022,Diesel,110 kW (150 CV),"Privato,IT-25132 Brescia",Privato
BMW 118 Serie 1 118d  M Sport auto,https://www.autoscout24.it/annunci/bmw-118-serie-1-118d-m-sport-auto-diesel-grigio-cat_ma13mo18481-bbd9569b-f7e9-430b-9334-24b7340509c7,BMW,118,Serie 1 118d  M Sport auto,25900,64571,Automatico,07/2022,Diesel,110 kW (150 CV),Autoservice di Mrf srl • IT-19020 Brugnato - Spezia - Sp,Rivenditore
BMW 118 118d Msport auto,https://www.autoscout24.it/annunci/bmw-118-118d-msport-auto-diesel-nero-cat_ma13mo18481-06c2caf9-2a32-4ca8-a171-99e689a66801,BMW,118,118d Msport auto,25900,79000,Semiautomatico,02/2023,Diesel,110 kW (150 CV),GoldenCars • IT-20098 San Giuliano Milanese - Mi,Rivenditore
BMW 118 Serie 1 F40 118i 140cv auto,https://www.autoscout24.it/annunci/bmw-118-serie-1-f40-118i-140cv-auto-benzina-blu-azzurro-cat_ma13mo18481-dbde6acf-6b55-4923-aea4-f91de8bfcd41,BMW,118,Serie 1 F40 118i 140cv auto,25900,52767,Semiautomatico,04/2022,Benzina,103 kW (140 CV),"Privato,IT-00125 Roma",Privato
BMW 116 116i Msport Exterior auto,https://www.autoscout24.it/annunci/bmw-116-116i-msport-exterior-auto-benzina-nero-cat_ma13mo18480-be62fe3d-6036-4f0b-acd4-87201b2b846e,BMW,116,116i Msport Exterior auto,25900,50000,Automatico,12/2021,Benzina,80 kW (109 CV),"Privato,IT-20090 Cesano Boscone",Privato
BMW 118 118d Msport Tetto Apribile,https://www.autoscout24.it/annunci/bmw-118-118d-msport-tetto-apribile-diesel-cat_ma13mo18481-361f4d8b-129f-42e9-a22d-2f40d320f2ca,BMW,118,118d Msport Tetto Apribile,25300,80000,Semiautomatico,05/2021,Diesel,110 kW (150 CV),Duranti Valerio • IT-04020 Itri - Latina - LT,Rivenditore
BMW 118 118d Msport,https://www.autoscout24.it/annunci/bmw-118-118d-msport-diesel-cat_ma13mo18481-b4fed785-a400-4d8f-8c52-e6e820407bb6,BMW,118,118d Msport,25000,70000,Manuale,05/2021,Diesel,110 kW (150 CV),"Privato,IT-90127 Palermo",Privato
BMW 116 116d Msport auto,https://www.autoscout24.it/annunci/bmw-116-116d-msport-auto-diesel-bianco-cat_ma13mo18480-4d188f97-2a8e-4b54-bb14-9709d2deeb37,BMW,116,116d Msport auto,25890,40393,Automatico,08/2023,Diesel,85 kW (116 CV),AutoVanti Monza • IT-20900 Monza - Monza Brianza - Mb,Rivenditore
BMW 120 d xdrive Msport auto,https://www.autoscout24.it/annunci/bmw-120-d-xdrive-msport-auto-diesel-bianco-cat_ma13mo18482-1d4d3970-c63e-4f32-952f-cacbce450b9c,BMW,120,d xdrive Msport auto,25715,63516,Automatico,01/2020,Diesel,140 kW (190 CV),Gruppo Brandini • IT-50127 Firenze,Rivenditore
BMW 118 Serie 1 F40 118d Msport auto,https://www.autoscout24.it/annunci/bmw-118-serie-1-f40-118d-msport-auto-diesel-blu-azzurro-cat_ma13mo18481-cf9dea92-dcd6-46f5-9a70-1bb2d6248d9e,BMW,118,Serie 1 F40 118d Msport auto,25500,72000,Semiautomatico,01/2022,Diesel,110 kW (150 CV),"Privato,IT-15060 Grondona",Privato
BMW 118 Serie 1 118d Msport automatic SOLO KM 69.000,https://www.autoscout24.it/annunci/bmw-118-serie-1-118d-msport-automatic-solo-km-69-000-diesel-grigio-cat_ma13mo18481-106421d6-fa42-41bf-9512-5890a27a5963,BMW,118,Serie 1 118d Msport automatic SOLO KM 69.000,25500,69000,Automatico,05/2020,Diesel,110 kW (150 CV),Autosalone Sempione • IT-20010 Pogliano Milanese - Milano - Mi,Rivenditore
BMW 120 d Msport auto,https://www.autoscout24.it/annunci/bmw-120-d-msport-auto-diesel-grigio-cat_ma13mo18482-b1bbeca6-37b9-4b6b-89e1-cba0588cc244,BMW,120,d Msport auto,26000,79930,Automatico,11/2020,Diesel,140 kW (190 CV),Erreeffegroup spa • IT-45100 Rovigo - Ro,Rivenditore
BMW 118 Serie 1 F40 118d Msport auto,https://www.autoscout24.it/annunci/bmw-118-serie-1-f40-118d-msport-auto-diesel-grigio-cat_ma13mo18481-6e4c36dc-7815-4731-8330-a022d3eb0a2b,BMW,118,Serie 1 F40 118d Msport auto,25000,93500,Automatico,09/2021,Diesel,110 kW (150 CV),"Privato,IT-27052 Godiasco Salice Terme",Privato
BMW 118 118i Msport 140cv auto,https://www.autoscout24.it/annunci/bmw-118-118i-msport-140cv-auto-benzina-bianco-cat_ma13mo18481-d05d1f35-a920-4914-8ee8-6203b57a6d64,BMW,118,118i Msport 140cv auto,25950,56000,Semiautomatico,07/2023,Benzina,103 kW (140 CV),Autosalone Marchina • IT-25030 Castelmella - Brescia - Bs,Rivenditore
BMW 116 Serie 1 F40 116d Msport auto,https://www.autoscout24.it/annunci/bmw-116-serie-1-f40-116d-msport-auto-diesel-bianco-cat_ma13mo18480-39fb3188-dfac-4dca-9d7a-23eee54c4dac,BMW,116,Serie 1 F40 116d Msport auto,25800,66000,Semiautomatico,05/2021,Diesel,85 kW (116 CV),Nicoli Auto Srl • IT-24060 Casazza - Bergamo - Bg,Rivenditore
BMW 118 118d Business Advantage auto,https://www.autoscout24.it/annunci/bmw-118-118d-business-advantage-auto-diesel-cat_ma13mo18481-b5e897ce-ae2d-4618-84d6-dd5c10598612,BMW,118,118d Business Advantage auto,25000,40000,Semiautomatico,04/2021,Diesel,110 kW (150 CV),"Privato,IT-54016 Monti",Privato
BMW 118 M Sport,https://www.autoscout24.it/annunci/bmw-118-m-sport-diesel-cat_ma13mo18481-aadc7d89-52eb-4888-8410-851f4dcf32d2,BMW,118,M Sport,26000,84000,Semiautomatico,12/2020,Diesel,110 kW (150 CV),"Privato,IT-33084 Cordenons",Privato
BMW 116 116d Msport auto,https://www.autoscout24.it/annunci/bmw-116-116d-msport-auto-diesel-cat_ma13mo18480-efad23be-31b4-4888-9210-5cf101537de1,BMW,116,116d Msport auto,25000,96000,Semiautomatico,12/2023,Diesel,85 kW (116 CV),"Privato,IT-31030 Breda di Piave",Privato
BMW 118 118d Msport auto,https://www.autoscout24.it/annunci/bmw-118-118d-msport-auto-diesel-blu-azzurro-cat_ma13mo18481-bac3f94d-c1a3-4196-9e1d-1f6f81294282,BMW,118,118d Msport auto,25500,70750,Automatico,04/2022,Diesel,110 kW (150 CV),Antonietti Leonello srl • IT-60044 Fabriano - Ancona - An,Rivenditore
BMW 135 M,https://www.autoscout24.it/annunci/bmw-135-m-benzina-cat_ma13mo19079-774ebd59-370e-454f-8a36-b6196bf8a0f8,BMW,135,M,25000,120000,,12/2020,Benzina,225 kW (306 CV),"Privato,IT-59013 Prato",Privato
BMW 118 118d Msport cerchi da 18',https://www.autoscout24.it/annunci/bmw-118-118d-msport-cerchi-da-18-diesel-grigio-cat_ma13mo18481-14fdd77c-a2d2-48fb-b302-fb40d3d318ab,BMW,118,118d Msport cerchi da 18',25900,99000,Automatico,05/2022,Diesel,110 kW (150 CV),Onesevencar srl • IT-60035 Jesi - Ancona - AN,Rivenditore
BMW 120 i Msport auto,https://www.autoscout24.it/annunci/bmw-120-i-msport-auto-benzina-grigio-cat_ma13mo18482-65e012aa-24bc-4bf9-b9ef-a071f686922f,BMW,120,i Msport auto,25900,74226,Automatico,09/2022,Benzina,131 kW (178 CV),Rivoltella Spa • IT-24040 Arcene - Bergamo - Bg,Rivenditore
BMW 116 Serie 1 F40 116d Msport auto,https://www.autoscout24.it/annunci/bmw-116-serie-1-f40-116d-msport-auto-diesel-cat_ma13mo18480-e8139c82-1526-48c0-821e-40273daf6a1b,BMW,116,Serie 1 F40 116d Msport auto,25900,47000,Semiautomatico,06/2022,Diesel,85 kW (116 CV),"Privato,IT-87064 Corigliano Calabro",Privato
BMW 118 d Msport Auto,https://www.autoscout24.it/annunci/bmw-118-d-msport-auto-diesel-grigio-cat_ma13mo18481-3ac79a81-f9ce-4582-b60e-35ff3265e679,BMW,118,d Msport Auto,25500,38800,Automatico,10/2022,Diesel,110 kW (150 CV),Mixauto Srl • IT-04100 Borgo Piave - Latina - Lt,Rivenditore
BMW 116 Serie 1 F40 116i Msport auto,https://www.autoscout24.it/annunci/bmw-116-serie-1-f40-116i-msport-auto-benzina-bianco-cat_ma13mo18480-6be5a892-2e00-4e40-ae83-fedf11efe527,BMW,116,Serie 1 F40 116i Msport auto,25900,67700,Semiautomatico,09/2021,Benzina,80 kW (109 CV),"Privato,IT-20835 Muggiò",Privato
BMW 118 118d Msport auto,https://www.autoscout24.it/annunci/bmw-118-118d-msport-auto-diesel-cat_ma13mo18481-f6e0be09-b408-49a0-bc59-dc003d34cd36,BMW,118,118d Msport auto,25000,120000,Semiautomatico,05/2021,Diesel,110 kW (150 CV),"Privato,IT-09039 Villacidro",Privato
BMW 118 118d Msport,https://www.autoscout24.it/annunci/bmw-118-118d-msport-diesel-grigio-cat_ma13mo18481-a2cf2eb6-7fd7-4416-9ffb-d95cb155a805,BMW,118,118d Msport,25199,57453,Automatico,01/2022,Diesel,110 kW (150 CV),Autohero Italia Srl - Bari • IT-50145 Firenze - FI,Rivenditore
BMW 118 i 5p. Advantage Led Navi Autromatica,https://www.autoscout24.it/annunci/bmw-118-i-5p-advantage-led-navi-autromatica-benzina-bianco-cat_ma13mo18481-56461913-712d-44d1-bfe2-790d9e231269,BMW,118,i 5p. Advantage Led Navi Autromatica,25900,46100,Automatico,05/2024,Benzina,100 kW (136 CV),Automobili Vendramini Srl - Rivignano Teor UD • IT-33061 Rivignano Teor - Udine - UD,Rivenditore
BMW 118 118i Msport 5p auto PREZZO PROMO,https://www.autoscout24.it/annunci/bmw-118-118i-msport-5p-auto-prezzo-promo-benzina-bianco-cat_ma13mo18481-8530e077-90af-452f-8fa5-073546af3e1d,BMW,118,118i Msport 5p auto PREZZO PROMO,25900,40000,Automatico,01/2023,Benzina,100 kW (136 CV),Milano Motori di Tagliabue Stefano • IT-20821 Meda-  Monza Brianza,Rivenditore
BMW 116 Serie 1 F40 116d Msport auto,https://www.autoscout24.it/annunci/bmw-116-serie-1-f40-116d-msport-auto-diesel-blu-azzurro-cat_ma13mo18480-c0dc3f4b-8435-4710-88eb-a79f827be9b8,BMW,116,Serie 1 F40 116d Msport auto,25900,83000,Semiautomatico,05/2023,Diesel,85 kW (116 CV),"Privato,IT-28047 Oleggio",Privato
BMW 118 d 150cv Aut. Msport *Pack LUCI,https://www.autoscout24.it/annunci/bmw-118-d-150cv-aut-msport-pack-luci-diesel-nero-cat_ma13mo18481-c14df651-e893-403b-93e0-58d029fa2174,BMW,118,d 150cv Aut. Msport *Pack LUCI,25700,99968,Automatico,07/2022,Diesel,110 kW (150 CV),Bc Car srl • IT-72023 Mesagne BR,Rivenditore
BMW 118 Serie 1 F40118d Msport auto,https://www.autoscout24.it/annunci/bmw-118-serie-1-f40118d-msport-auto-diesel-bianco-cat_ma13mo18481-7bc31128-ba50-4b6a-b0e8-20f266c23fe8,BMW,118,Serie 1 F40118d Msport auto,25000,72000,Automatico,04/2021,Diesel,110 kW (150 CV),"Privato,IT-57100 Livorno",Privato
BMW 116 116d Advantage auto,https://www.autoscout24.it/annunci/bmw-116-116d-advantage-auto-diesel-cat_ma13mo18480-ee7cc5bb-3851-4b76-a8e5-447d66ac005d,BMW,116,116d Advantage auto,25000,71000,Semiautomatico,12/2022,Diesel,85 kW (116 CV),"Privato,IT-57021 Campiglia Marittima",Privato
BMW 118 Serie 1 F40 118d Msport Exterior auto,https://www.autoscout24.it/annunci/bmw-118-serie-1-f40-118d-msport-exterior-auto-diesel-grigio-cat_ma13mo18481-dd66f75f-a49e-4b4c-876a-ff24653cca50,BMW,118,Serie 1 F40 118d Msport Exterior auto,26000,100000,Semiautomatico,10/2022,Diesel,110 kW (150 CV),"Privato,IT-09121 Cagliari",Privato
BMW 118 118d Sport auto,https://www.autoscout24.it/annunci/bmw-118-118d-sport-auto-diesel-cat_ma13mo18481-b309a0c4-239e-4f06-87b8-b3b6daedc69b,BMW,118,118d Sport auto,25000,79000,Semiautomatico,05/2021,Diesel,110 kW (150 CV),"Privato,IT-09100 Cagliari",Privato
"BMW 118 d Msport auto - LED - 18"" - Carplay - IVA",https://www.autoscout24.it/annunci/bmw-118-d-msport-auto-led-18-carplay-iva-diesel-nero-cat_ma13mo18481-eab6444d-c534-494c-b61c-42bf1961567c,BMW,118,"d Msport auto - LED - 18"" - Carplay - IVA",25900,76000,Automatico,04/2021,Diesel,110 kW (150 CV),Paderno Motori Srl • IT-20037 Paderno Dugnano – Milano – Mi,Rivenditore
BMW 116 MSport,https://www.autoscout24.it/annunci/bmw-116-msport-diesel-bianco-cat_ma13mo18480-1e6fbf4b-850a-4e2c-a94a-f2a0c571d96f,BMW,116,MSport,26000,57500,Automatico,01/2023,Diesel,85 kW (116 CV),"Privato,IT-20852 Villasanta",Privato
BMW 118 118d 5p. Msport,https://www.autoscout24.it/annunci/bmw-118-118d-5p-msport-diesel-bianco-cat_ma13mo18481-b4cb3d24-1e54-406e-8b62-b4893420c95a,BMW,118,118d 5p. Msport,25900,57902,Automatico,05/2021,Diesel,110 kW (150 CV),Auto Treviso Srl • IT-31024 Ormelle - Treviso - TV,Rivenditore
BMW 120 d Business Advantage xdrive auto,https://www.autoscout24.it/annunci/bmw-120-d-business-advantage-xdrive-auto-diesel-nero-cat_ma13mo18482-4cbdbed2-5049-49c2-a8fc-2e1ba4e636cf,BMW,120,d Business Advantage xdrive auto,25000,68800,Automatico,03/2021,Diesel,140 kW (190 CV),Erreeffegroup spa • IT-45100 Rovigo - Ro,Rivenditore
BMW 120 116d 5p. Msport,https://www.autoscout24.it/annunci/bmw-120-116d-5p-msport-diesel-bianco-cat_ma13mo18482-a450cf78-d9de-4ed5-b787-200557335def,BMW,120,116d 5p. Msport,25900,38500,Automatico,05/2022,Diesel,85 kW (116 CV),Eg Services srls • IT-09129 Cagliari,Rivenditore
BMW 116 116i M Sport,https://www.autoscout24.it/annunci/bmw-116-116i-m-sport-benzina-bianco-cat_ma13mo18480-db484d09-4caf-4e3d-af47-4c46c624cc9f,BMW,116,116i M Sport,25900,14392,Manuale,05/2023,Benzina,80 kW (109 CV),Nuova Sicilauto Srl • IT-90044 Carini,Rivenditore
BMW 116 Serie 1 F40 116d Business Advantage auto,https://www.autoscout24.it/annunci/bmw-116-serie-1-f40-116d-business-advantage-auto-diesel-nero-cat_ma13mo18480-f7c14b4f-1c73-4cd2-96da-866cc4d105a1,BMW,116,Serie 1 F40 116d Business Advantage auto,26000,61889,Semiautomatico,12/2022,Diesel,85 kW (116 CV),"Privato,IT-06036 Montefalco",Privato
BMW 120 120d Business Advantage auto s&s,https://www.autoscout24.it/annunci/bmw-120-120d-business-advantage-auto-ss-diesel-nero-cat_ma13mo18482-b2cf3dd2-55a3-4c4a-b7c9-e19709a885b1,BMW,120,120d Business Advantage auto s&s,25499,70000,Semiautomatico,02/2023,Diesel,140 kW (190 CV),Stile Car.it  Srls • IT-71045 Orta Nova - Foggia - Fg,Rivenditore
BMW 116 Serie 1 F40 116d Msport auto,https://www.autoscout24.it/annunci/bmw-116-serie-1-f40-116d-msport-auto-diesel-bianco-cat_ma13mo18480-e5ccd088-f5f6-4fda-98cd-e0538067039f,BMW,116,Serie 1 F40 116d Msport auto,25000,130000,Semiautomatico,03/2022,Diesel,85 kW (116 CV),"Privato,IT-04100 Latina",Privato
BMW 116 Serie 1 F40 116d Msport Exterior auto,https://www.autoscout24.it/annunci/bmw-116-serie-1-f40-116d-msport-exterior-auto-diesel-bianco-cat_ma13mo18480-5f7500cc-7997-4612-80e6-a87015f647f6,BMW,116,Serie 1 F40 116d Msport Exterior auto,25000,121000,Semiautomatico,04/2022,Diesel,85 kW (116 CV),"Privato,IT-04100 Latina",Privato
BMW 116 116d Msport Exterior auto,https://www.autoscout24.it/annunci/bmw-116-116d-msport-exterior-auto-diesel-cat_ma13mo18480-b00d61ce-5fbf-44c1-a5a4-405561465b22,BMW,116,116d Msport Exterior auto,25500,65000,Semiautomatico,01/2022,Diesel,85 kW (116 CV),"Privato,IT-14100 Asti",Privato
BMW 120 120d Advantage auto,https://www.autoscout24.it/annunci/bmw-120-120d-advantage-auto-diesel-nero-cat_ma13mo18482-a859dee7-910a-4d5c-85cd-b5ca2a11bf69,BMW,120,120d Advantage auto,25600,40026,Automatico,10/2022,Diesel,140 kW (190 CV),Ambrosi Spa • IT-06073 Corciano - Perugia - Pg,Rivenditore
BMW 116 d Msport Automatica Unico Prop. PRONTA CONSEGNA,https://www.autoscout24.it/annunci/bmw-116-d-msport-automatica-unico-prop-pronta-consegna-diesel-nero-cat_ma13mo18480-b70f8af7-58db-46d0-8676-74dacf3eed22,BMW,116,d Msport Automatica Unico Prop. PRONTA CONSEGNA,25900,98000,Automatico,03/2022,Diesel,85 kW (116 CV),Rampini Auto Srl • IT-06024 Gubbio,Rivenditore
BMW 118 118d Msport,https://www.autoscout24.it/annunci/bmw-118-118d-msport-diesel-bianco-cat_ma13mo18481-a2acab37-71e7-48e9-bab4-11ecdef714d5,BMW,118,118d Msport,25099,63616,Automatico,03/2021,Diesel,110 kW (150 CV),Autohero Italia Srl - Livorno • IT-57014 Stagno - Livorno - LI,Rivenditore
BMW 118 Serie 1 F40 118d Msport auto,https://www.autoscout24.it/annunci/bmw-118-serie-1-f40-118d-msport-auto-diesel-bianco-cat_ma13mo18481-e365b8dc-1577-4bf7-afd1-432573c3abb1,BMW,118,Serie 1 F40 118d Msport auto,25500,108900,Automatico,08/2023,Diesel,110 kW (150 CV),"Privato,IT-93100 Caltanissetta",Privato
BMW 118 i 5p. Advantage Automatica Led,https://www.autoscout24.it/annunci/bmw-118-i-5p-advantage-automatica-led-benzina-bianco-cat_ma13mo18481-9f4e0ccf-2f73-46d6-b226-f8577b58bb45,BMW,118,i 5p. Advantage Automatica Led,25900,46100,Automatico,05/2024,Benzina,100 kW (136 CV),Automobili Vendramini Srl • IT-31046 Oderzo - Treviso,Rivenditore
BMW 116 116d Msport auto,https://www.autoscout24.it/annunci/bmw-116-116d-msport-auto-diesel-blu-azzurro-cat_ma13mo18480-015ae45f-3cca-4e08-86c9-c3f0b95af454,BMW,116,116d Msport auto,25870,53214,Automatico,04/2023,Diesel,85 kW (116 CV),AutoVanti Milano • IT-20151 Milano - Mi,Rivenditore
BMW 118 118d Msport auto,https://www.autoscout24.it/annunci/bmw-118-118d-msport-auto-diesel-cat_ma13mo18481-797cd3de-bb99-46a2-83bc-6d2ec69b7503,BMW,118,118d Msport auto,25400,102900,Automatico,10/2022,Diesel,110 kW (150 CV),"Privato,IT-81031 Aversa",Privato
BMW 120 120d Advantage xdrive auto,https://www.autoscout24.it/annunci/bmw-120-120d-advantage-xdrive-auto-diesel-nero-cat_ma13mo18482-8586b7b0-7f60-423e-98f7-7892126c6522,BMW,120,120d Advantage xdrive auto,25900,38407,Automatico,05/2022,Diesel,140 kW (190 CV),Ambrosi Spa • IT-06073 Corciano - Perugia - Pg,Rivenditore
BMW 116 d Business Advantage auto,https://www.autoscout24.it/annunci/bmw-116-d-business-advantage-auto-diesel-nero-cat_ma13mo18480-77064f0b-1854-4ae6-bed5-0909bf31fc55,BMW,116,d Business Advantage auto,25785,11770,Automatico,03/2023,Diesel,85 kW (116 CV),Bmw Italia Retail Srl • IT-00138 Roma - Rm,Rivenditore
BMW 118 118i 5p. Msport,https://www.autoscout24.it/annunci/bmw-118-118i-5p-msport-benzina-cat_ma13mo18481-dfbcd4ad-c121-47e6-be43-df6229bef258,BMW,118,118i 5p. Msport,25900,33021,Manuale,12/2022,Benzina,100 kW (136 CV),AUTOUNO S.R.L. • IT-21044 Cavaria - Varese - VA,Rivenditore
BMW 118 118d Msport,https://www.autoscout24.it/annunci/bmw-118-118d-msport-diesel-cat_ma13mo18481-b770a53a-26b9-4774-8d1f-6bf913e2be41,BMW,118,118d Msport,25800,65370,Semiautomatico,06/2022,Diesel,110 kW (150 CV),Greva Sas • IT-24030 Terno D'isola - Bg,Rivenditore
BMW 116 116d Msport auto,https://www.autoscout24.it/annunci/bmw-116-116d-msport-auto-diesel-cat_ma13mo18480-3ccf9e45-ec41-4178-a605-a6b7e292fc0d,BMW,116,116d Msport auto,26000,48000,Semiautomatico,01/2021,Diesel,85 kW (116 CV),"Privato,IT-93012 Gela",Privato
BMW 116 BMW 116d Msport auto,https://www.autoscout24.it/annunci/bmw-116-bmw-116d-msport-auto-diesel-bianco-cat_ma13mo18480-65c0aca7-c289-4662-ac6f-147f614d0d2a,BMW,116,BMW 116d Msport auto,25600,42500,Automatico,11/2022,Diesel,85 kW (116 CV),Auto Scelta - MDT Group S.r.l. • IT-72100 Brindisi,Rivenditore
BMW 116 d Sport,https://www.autoscout24.it/annunci/bmw-116-d-sport-diesel-nero-cat_ma13mo18480-d20e5112-81b6-47d0-b11a-2a58331bd8da,BMW,116,d Sport,25900,57529,Manuale,06/2021,Diesel,85 kW (116 CV),Gino Spa • IT-57121 Livorno - Li,Rivenditore
BMW 118 118i msport 136cv,https://www.autoscout24.it/annunci/bmw-118-118i-msport-136cv-benzina-cat_ma13mo18481-0473d817-8545-4a00-9719-1693c288f531,BMW,118,118i msport 136cv,25400,30135,Manuale,08/2023,Benzina,100 kW (136 CV),Fratelli Giacomel Spa • IT-20057 Assago - Milano - Mi,Rivenditore
BMW 116 d 5p. Msport,https://www.autoscout24.it/annunci/bmw-116-d-5p-msport-diesel-grigio-cat_ma13mo18480-c8bb21a5-029d-4c72-b69b-a57622e1dbc6,BMW,116,d 5p. Msport,25900,35000,Automatico,02/2021,Diesel,85 kW (116 CV),Auto Daytona by Extreme Europe Srl • IT-20017 Rho - Milano,Rivenditore
BMW 116 i 48.000 KM M SPORT EXTERIOR AUTOMATICA,https://www.autoscout24.it/annunci/bmw-116-i-48-000-km-m-sport-exterior-automatica-benzina-bianco-cat_ma13mo18480-3444226e-2e16-4019-8cf2-a6eb4b27a510,BMW,116,i 48.000 KM M SPORT EXTERIOR AUTOMATICA,25500,48600,Automatico,05/2023,Benzina,80 kW (109 CV),Bortoli Auto Sas • IT-41037 Mirandola - Modena - Mo,Rivenditore
BMW 118 d M Sport Pro Garanzia BMW,https://www.autoscout24.it/annunci/bmw-118-d-m-sport-pro-garanzia-bmw-diesel-grigio-cat_ma13mo18481-95db8819-9120-4b0a-a3c6-71c432b576b5,BMW,118,d M Sport Pro Garanzia BMW,25500,27568,Automatico,04/2025,Diesel,110 kW (150 CV),KLM Auto Srl • IT-00178 Roma RM,Rivenditore
BMW 118 118i M Sport auto VARI COLORI DISPONIBILI,https://www.autoscout24.it/annunci/bmw-118-118i-m-sport-auto-vari-colori-disponibili-benzina-grigio-cat_ma13mo18481-1705bf53-3a3d-4d0a-bb95-c53dc0ec6103,BMW,118,118i M Sport auto VARI COLORI DISPONIBILI,26500,19800,Automatico,01/2023,Benzina,103 kW (140 CV),Race Car Srl • IT-37040 Z.a.i. - Verona - VR,Rivenditore
BMW 120 120 48V,https://www.autoscout24.it/annunci/bmw-120-120-48v-elettrica-benzina-nero-cat_ma13mo18482-89b2f190-cfbc-461a-a661-8368386065aa,BMW,120,120 48V,26900,15000,Automatico,07/2025,Elettrica/Benzina,115 kW (156 CV),Automobile Torino srl • IT-10034 Chivasso - Torino,Rivenditore
BMW 118 Serie 1 F40 118d Msport auto,https://www.autoscout24.it/annunci/bmw-118-serie-1-f40-118d-msport-auto-diesel-grigio-cat_ma13mo18481-b8fe96bb-3292-4aec-aa0f-db8c80b61f39,BMW,118,Serie 1 F40 118d Msport auto,26990,58000,Semiautomatico,10/2021,Diesel,110 kW (150 CV),Baldini Auto srl • IT-00055 Ladispoli - Roma - RM,Rivenditore
BMW 116 d 5p. Msport AUTOMATICA+SEDILI GUSCIO,https://www.autoscout24.it/annunci/bmw-116-d-5p-msport-automatica+sedili-guscio-diesel-blu-azzurro-cat_ma13mo18480-70fbd011-b613-43a2-95cd-6bfd6c050114,BMW,116,d 5p. Msport AUTOMATICA+SEDILI GUSCIO,26490,51000,Automatico,02/2023,Diesel,85 kW (116 CV),Capobianco  Auto Centro Commerciale Auto • IT-21010 Arsago Seprio - Varese,Rivenditore
BMW 118 118i 5p. Msport,https://www.autoscout24.it/annunci/bmw-118-118i-5p-msport-benzina-bianco-cat_ma13mo18481-678fc07d-cd08-40a6-9268-3ce7ebf3e591,BMW,118,118i 5p. Msport,26500,25200,Manuale,06/2024,Benzina,100 kW (136 CV),Autosport Srl • IT-10040 Leini - Torino,Rivenditore
BMW 118 i Msport 5p auto,https://www.autoscout24.it/annunci/bmw-118-i-msport-5p-auto-benzina-nero-cat_ma13mo18481-53d32ca8-a4d7-4fb5-a0f9-5fc07dfa8c0c,BMW,118,i Msport 5p auto,26500,59372,Automatico,09/2022,Benzina,100 kW (136 CV),Centro Auto  Rossi Srl • IT-45100 Rovigo,Rivenditore
BMW 135 i xDrive - Harman kardon,https://www.autoscout24.it/annunci/bmw-135-i-xdrive-harman-kardon-benzina-grigio-cat_ma13mo19079-851f2596-7951-455e-999f-8b531148aede,BMW,135,i xDrive - Harman kardon,26000,99000,Automatico,04/2021,Benzina,225 kW (306 CV),Demasi Auto • IT-25069 Villa Carcina -  Brescia,Rivenditore
"BMW 118 118i Msport 5p AUTOMATICA - TELECAMERA,CERCHI DA18',CRUIS ATTIVO! Prezzo Promo!",https://www.autoscout24.it/annunci/bmw-118-118i-msport-5p-automatica-telecamera-cerchi-da18-cruis-attivo-prezzo-promo-benzina-nero-cat_ma13mo18481-6878dc32-0d2a-4868-be11-27d30f23d57e,BMW,118,"118i Msport 5p AUTOMATICA - TELECAMERA,CERCHI DA18',CRUIS ATTIVO! Prezzo Promo!",26950,38180,Automatico,04/2023,Benzina,100 kW (136 CV),Progetto Auto Snc • IT-20090 Pieve Emanuele - Milano - Mi,Rivenditore
BMW 118 118i 5p. Msport,https://www.autoscout24.it/annunci/bmw-118-118i-5p-msport-benzina-nero-cat_ma13mo18481-fc1905ed-b665-4e93-94af-b30dbbf9f9c4,BMW,118,118i 5p. Msport,26900,21500,Manuale,12/2023,Benzina,100 kW (136 CV),Automobile Torino srl • IT-10034 Chivasso - Torino,Rivenditore
BMW 118 118d Msport auto,https://www.autoscout24.it/annunci/bmw-118-118d-msport-auto-diesel-grigio-cat_ma13mo18481-8417ba9e-984f-41a6-ac03-f8bb3661bd7d,BMW,118,118d Msport auto,26500,40344,Automatico,07/2024,Diesel,110 kW (150 CV),Autostar Flaminia Spa • IT-00138 Roma - RM,Rivenditore
BMW 120 Serie 1 F40 120d xdrive Msport auto tetto apribile,https://www.autoscout24.it/annunci/bmw-120-serie-1-f40-120d-xdrive-msport-auto-tetto-apribile-diesel-nero-cat_ma13mo18482-e17174c6-cb12-4043-a161-763cd5b824d3,BMW,120,Serie 1 F40 120d xdrive Msport auto tetto apribile,26400,106743,Automatico,01/2021,Diesel,140 kW (190 CV),GP Auto di Cinelli Gianpaolo • IT-25020 Poncarale - BS,Rivenditore
BMW 118 118d Msport auto,https://www.autoscout24.it/annunci/bmw-118-118d-msport-auto-diesel-cat_ma13mo18481-a48012f7-4950-433f-baf8-74721dba5adc,BMW,118,118d Msport auto,26250,64000,Automatico,11/2022,Diesel,110 kW (150 CV),"Privato,IT-57014 Collesalvetti",Privato
BMW 118 Serie 1 F40 118i 136cv auto sempre tagliandi BMW,https://www.autoscout24.it/annunci/bmw-118-serie-1-f40-118i-136cv-auto-sempre-tagliandi-bmw-benzina-nero-cat_ma13mo18481-7e6142c0-e5f4-493f-9502-ab11543c08df,BMW,118,Serie 1 F40 118i 136cv auto sempre tagliandi BMW,26000,120000,Semiautomatico,06/2022,Benzina,100 kW (136 CV),"Privato,IT-00179 Roma",Privato
BMW 128 Ti,https://www.autoscout24.it/annunci/bmw-128-ti-benzina-cat_ma13mo75736-7b05824f-a881-4d7f-805c-adffbe3bd1ab,BMW,128,Ti,26000,58000,Manuale,10/2022,Benzina,199 kW (271 CV),"Privato,IT-55100 Lucca",Privato
BMW 120 M Sport Interno Ed Esterno,https://www.autoscout24.it/annunci/bmw-120-m-sport-interno-ed-esterno-benzina-cat_ma13mo18482-80a7a6cc-f113-4aaf-a889-401c88973159,BMW,120,M Sport Interno Ed Esterno,26990,59461,Automatico,12/2023,Benzina,130 kW (177 CV),"Privato,IT-10043 Orbassano",Privato
BMW 135 M 135i xdrive auto,https://www.autoscout24.it/annunci/bmw-135-m-135i-xdrive-auto-benzina-cat_ma13mo19079-4fa5183f-bcf2-42eb-ad51-cd1168db428d,BMW,135,M 135i xdrive auto,26000,88000,Semiautomatico,09/2021,Benzina,225 kW (306 CV),"Privato,IT-20144 Milano",Privato
BMW 118 Msport **POSS.PACK PRO** VED.NOTE,https://www.autoscout24.it/annunci/bmw-118-msport-poss-pack-pro-ved-note-diesel-nero-cat_ma13mo18481-0074506f-5ace-4559-9fe8-9a3bcd13d719,BMW,118,Msport **POSS.PACK PRO** VED.NOTE,26450,30000,Automatico,07/2024,Diesel,110 kW (150 CV),Esse.Gi Auto Roma Srl • IT-00137 Roma - Rm,Rivenditore
BMW 118 118d MSport auto,https://www.autoscout24.it/annunci/bmw-118-118d-msport-auto-diesel-nero-cat_ma13mo18481-4b9e38b5-4e27-405c-af41-a4c8d2190a6d,BMW,118,118d MSport auto,26000,31587,Automatico,02/2024,Diesel,110 kW (150 CV),"Privato,IT-06034 Foligno",Privato
BMW 120 120d Msport auto,https://www.autoscout24.it/annunci/bmw-120-120d-msport-auto-diesel-nero-cat_ma13mo18482-d28dff55-b642-4f27-9a0b-9330d43d0b79,BMW,120,120d Msport auto,26000,105000,Semiautomatico,09/2021,Diesel,140 kW (190 CV),"Privato,IT-40018 San Pietro In Casale",Privato
BMW 118 118d ColorVision Edition auto,https://www.autoscout24.it/annunci/bmw-118-118d-colorvision-edition-auto-diesel-cat_ma13mo18481-2df608ed-f4b7-4bfe-8c6d-c3ec636af855,BMW,118,118d ColorVision Edition auto,26500,70000,Semiautomatico,03/2023,Diesel,110 kW (150 CV),"Privato,IT-10092 Beinasco",Privato
"BMW 118 D MSPORT CARPLAY NAVI PELLE CRUISE LED PDC 18""",https://www.autoscout24.it/annunci/bmw-118-d-msport-carplay-navi-pelle-cruise-led-pdc-18-diesel-nero-cat_ma13mo18481-3df32a96-d882-454a-ad65-e0262e49fd44,BMW,118,"D MSPORT CARPLAY NAVI PELLE CRUISE LED PDC 18""",26890,37000,Automatico,03/2024,Diesel,110 kW (150 CV),Garage Le Mans Srl • IT-24061 Montello - Bergamo,Rivenditore
BMW 118 Serie 1 F40 118d Msport auto,https://www.autoscout24.it/annunci/bmw-118-serie-1-f40-118d-msport-auto-diesel-grigio-cat_ma13mo18481-ea948fbd-135e-4af9-b3c7-6ecc1f9f2c5a,BMW,118,Serie 1 F40 118d Msport auto,26500,31000,Automatico,10/2023,Diesel,110 kW (150 CV),"Privato,IT-33100 Udine",Privato
"BMW 120 i Msport auto 2024 156cv camera 18"" Harman cardon",https://www.autoscout24.it/annunci/bmw-120-i-msport-auto-2024-156cv-camera-18-harman-cardon-benzina-grigio-cat_ma13mo18482-c67616f1-904f-4f0b-8ad7-b44445eb575b,BMW,120,"i Msport auto 2024 156cv camera 18"" Harman cardon",26100,17217,Automatico,11/2024,Benzina,115 kW (156 CV),AR Motor srls • IT-00077 Montecompatri - Roma - RM,Rivenditore
BMW 118 i M SPORT VARI COLORI E ALLESTIMENTI,https://www.autoscout24.it/annunci/bmw-118-i-m-sport-vari-colori-e-allestimenti-benzina-grigio-cat_ma13mo18481-93001625-7805-4137-bee0-16a948adca30,BMW,118,i M SPORT VARI COLORI E ALLESTIMENTI,26500,20900,Automatico,01/2023,Benzina,103 kW (140 CV),Race Car Cremona srl • IT-26025 Pandino - CR,Rivenditore
BMW 118 118i Msport 5p auto,https://www.autoscout24.it/annunci/bmw-118-118i-msport-5p-auto-benzina-grigio-cat_ma13mo18481-da505efb-1b2a-4fbe-904d-29c05eb35f5c,BMW,118,118i Msport 5p auto,26900,47500,Automatico,11/2022,Benzina,100 kW (136 CV),"Privato,IT-20067 Paullo",Privato
BMW 120 48V MSport auto,https://www.autoscout24.it/annunci/bmw-120-48v-msport-auto-elettrica-benzina-cat_ma13mo18482-0473f3cd-77c8-4caf-a602-c2e32b934ca7,BMW,120,48V MSport auto,27000,66000,Automatico,11/2024,Elettrica/Benzina,115 kW (156 CV),"Privato,IT-52100 Arezzo",Privato
BMW 118 Serie 1 F40 118d Msport auto,https://www.autoscout24.it/annunci/bmw-118-serie-1-f40-118d-msport-auto-diesel-grigio-cat_ma13mo18481-f65a0ff1-bf70-4b3d-b32b-9828f15758cd,BMW,118,Serie 1 F40 118d Msport auto,26500,30000,Semiautomatico,06/2024,Diesel,110 kW (150 CV),"Privato,IT-63900 Fermo",Privato
BMW 118 Serie 1 F40 118d Msport auto,https://www.autoscout24.it/annunci/bmw-118-serie-1-f40-118d-msport-auto-diesel-nero-cat_ma13mo18481-2cd986cc-0cf5-42a8-8993-7a448e6ecd17,BMW,118,Serie 1 F40 118d Msport auto,27000,48718,Automatico,06/2023,Diesel,110 kW (150 CV),"Privato,IT-22018 Porlezza",Privato
BMW 128 ti,https://www.autoscout24.it/annunci/bmw-128-ti-benzina-blu-azzurro-cat_ma13mo75736-0a8e2288-1714-4fc5-aaf7-66142e5ba273,BMW,128,ti,26000,92000,Automatico,12/2020,Benzina,195 kW (265 CV),"Privato,IT-43126 Parma",Privato
BMW 118 Serie 1 F40118d Msport Exterior auto,https://www.autoscout24.it/annunci/bmw-118-serie-1-f40118d-msport-exterior-auto-diesel-grigio-cat_ma13mo18481-b64b75ea-90cc-425f-8c53-2ff765fe2c10,BMW,118,Serie 1 F40118d Msport Exterior auto,26500,58000,Semiautomatico,10/2021,Diesel,110 kW (150 CV),"Privato,IT-00053 Civitavecchia",Privato
BMW 118 Serie 1 F70 118d MSport auto,https://www.autoscout24.it/annunci/bmw-118-serie-1-f70-118d-msport-auto-diesel-cat_ma13mo18481-b3403289-f195-4eb1-8dce-22094a896d6f,BMW,118,Serie 1 F70 118d MSport auto,26500,93000,Automatico,12/2024,Diesel,110 kW (150 CV),"Privato,IT-33170 Pordenone",Privato
BMW 120 120d Msport auto,https://www.autoscout24.it/annunci/bmw-120-120d-msport-auto-diesel-cat_ma13mo18482-a3a0b64b-a003-4dde-b3cf-f35e12656999,BMW,120,120d Msport auto,26500,72000,Semiautomatico,05/2021,Diesel,140 kW (190 CV),"Privato,IT-02100 Rieti",Privato
BMW 135 Serie 1 F40 M 135i xdrive auto,https://www.autoscout24.it/annunci/bmw-135-serie-1-f40-m-135i-xdrive-auto-benzina-bianco-cat_ma13mo19079-2fb6557d-c859-43bf-b0e1-8dfd6564c17a,BMW,135,Serie 1 F40 M 135i xdrive auto,26000,97000,Semiautomatico,09/2021,Benzina,225 kW (306 CV),Asti Srl Unipersonale • IT-43039 Salsomaggiore Terme - Parma - Pr,Rivenditore
BMW 118 Serie 1 F40 118d Msport,https://www.autoscout24.it/annunci/bmw-118-serie-1-f40-118d-msport-diesel-grigio-cat_ma13mo18481-8ff38bd0-4a2b-4651-8583-e7b7ab7c2199,BMW,118,Serie 1 F40 118d Msport,26500,79000,Automatico,01/2023,Diesel,110 kW (150 CV),"Privato,IT-22032 Albese con Cassano",Privato
BMW 118 Serie 1 F40 118d Msport auto,https://www.autoscout24.it/annunci/bmw-118-serie-1-f40-118d-msport-auto-diesel-bianco-cat_ma13mo18481-563fccf3-0cac-4911-adaa-17082d7e1d43,BMW,118,Serie 1 F40 118d Msport auto,26700,59900,Semiautomatico,03/2024,Diesel,110 kW (150 CV),"Privato,IT-47853 Coriano",Privato
BMW 135 Serie 1 F40 M 135i xdrive ColorVision Edition auto,https://www.autoscout24.it/annunci/bmw-135-serie-1-f40-m-135i-xdrive-colorvision-edition-auto-benzina-cat_ma13mo19079-5c9be17d-8370-4e29-b230-a63ac9b76d4f,BMW,135,Serie 1 F40 M 135i xdrive ColorVision Edition auto,26500,110000,Semiautomatico,04/2023,Benzina,225 kW (306 CV),"Privato,IT-12051 Alba",Privato
BMW 118 118i 5p. Msport,https://www.autoscout24.it/annunci/bmw-118-118i-5p-msport-benzina-nero-cat_ma13mo18481-95a865a8-3e7b-468d-8888-7c656a15e316,BMW,118,118i 5p. Msport,26900,11500,Automatico,05/2024,Benzina,100 kW (136 CV),Autosport Srl • IT-10040 Leini - Torino,Rivenditore
BMW 118 Serie 1 F40 118i Msport Exterior 136cv,https://www.autoscout24.it/annunci/bmw-118-serie-1-f40-118i-msport-exterior-136cv-benzina-nero-cat_ma13mo18481-26c5e44d-f331-4d23-aea7-31cb140dbb1f,BMW,118,Serie 1 F40 118i Msport Exterior 136cv,26300,37800,Manuale,12/2022,Benzina,100 kW (136 CV),"Privato,IT-20138 Milano",Privato
BMW 120 120d xdrive Msport 5p auto,https://www.autoscout24.it/annunci/bmw-120-120d-xdrive-msport-5p-auto-diesel-cat_ma13mo18482-2f062078-7c00-4f08-9bd6-1bde120653d2,BMW,120,120d xdrive Msport 5p auto,27000,90000,Semiautomatico,01/2022,Diesel,140 kW (190 CV),"Privato,IT-84036 sala consilina",Privato
BMW 118 Serie 1 F40 118d Msport auto,https://www.autoscout24.it/annunci/bmw-118-serie-1-f40-118d-msport-auto-diesel-grigio-cat_ma13mo18481-ac35a440-c1be-43be-9889-519bf4e181cb,BMW,118,Serie 1 F40 118d Msport auto,26500,77000,Semiautomatico,01/2024,Diesel,110 kW (150 CV),"Privato,IT-20100 Milano",Privato
"BMW 120 i Msport auto Shadow line camera Harman cardon 18"" 2023",https://www.autoscout24.it/annunci/bmw-120-i-msport-auto-shadow-line-camera-harman-cardon-18-2023-benzina-bianco-cat_ma13mo18482-e311e2d8-0de1-4a65-b6e7-0d7afcb8889e,BMW,120,"i Msport auto Shadow line camera Harman cardon 18"" 2023",26790,65789,Automatico,02/2023,Benzina,131 kW (178 CV),AR Motor srls • IT-00077 Montecompatri - Roma - RM,Rivenditore
BMW 120 120i Msport  auto,https://www.autoscout24.it/annunci/bmw-120-120i-msport-auto-benzina-grigio-cat_ma13mo18482-19d5f843-50a0-4fdd-a172-49f4169e6ac9,BMW,120,120i Msport  auto,26500,49900,Automatico,11/2022,Benzina,131 kW (178 CV),Topcarsweb Srl • IT-10038 Verolengo,Rivenditore
BMW 118 118i Msport Exterior 136cv,https://www.autoscout24.it/annunci/bmw-118-118i-msport-exterior-136cv-benzina-cat_ma13mo18481-f7ca8cd9-3312-4d04-a324-ee150c87ff33,BMW,118,118i Msport Exterior 136cv,26000,25000,Manuale,10/2023,Benzina,100 kW (136 CV),"Privato,IT-16121 Genova",Privato
BMW 120 120d xdrive Business Advantage auto,https://www.autoscout24.it/annunci/bmw-120-120d-xdrive-business-advantage-auto-diesel-cat_ma13mo18482-966b2cb7-ae8c-43a3-a845-6f6198235389,BMW,120,120d xdrive Business Advantage auto,26000,50000,Automatico,01/2024,Diesel,140 kW (190 CV),"Privato,IT-20068 Peschiera Borromeo",Privato
BMW 118 d Msport auto,https://www.autoscout24.it/annunci/bmw-118-d-msport-auto-diesel-blu-azzurro-cat_ma13mo18481-aa8f826b-fd0b-4444-a299-6c8e3da181e9,BMW,118,d Msport auto,26990,48500,Automatico,08/2023,Diesel,110 kW (150 CV),Mavri Auto  - Mm Motors Treviso • IT-31100 Treviso,Rivenditore
BMW 118 Serie 1 F40 118d Advantage auto,https://www.autoscout24.it/annunci/bmw-118-serie-1-f40-118d-advantage-auto-diesel-blu-azzurro-cat_ma13mo18481-232b4a90-6210-4e03-b7bb-31698d1f5c4e,BMW,118,Serie 1 F40 118d Advantage auto,26300,44273,Semiautomatico,04/2023,Diesel,110 kW (150 CV),Ela Vision Motors S.r.l. • IT-84025 Eboli,Rivenditore
BMW 135 M 135i xdrive ITALIANA-UNIPRÓ,https://www.autoscout24.it/annunci/bmw-135-m-135i-xdrive-italiana-unipro-benzina-cat_ma13mo19079-d3da7c7b-16cf-40f2-9da1-25f07c78652e,BMW,135,M 135i xdrive ITALIANA-UNIPRÓ,26900,57500,Automatico,09/2020,Benzina,235 kW (320 CV),L' Auto Roma srl • IT-00142 Roma - RM,Rivenditore
BMW 118 118i Msport 5p auto,https://www.autoscout24.it/annunci/bmw-118-118i-msport-5p-auto-benzina-grigio-cat_ma13mo18481-76c9d8e6-ff21-4d8c-aea9-a2b60289ca62,BMW,118,118i Msport 5p auto,26900,9700,Automatico,09/2020,Benzina,103 kW (140 CV),"Privato,IT-00100 Roma",Privato
BMW 118 118i Msport 5p auto,https://www.autoscout24.it/annunci/bmw-118-118i-msport-5p-auto-benzina-cat_ma13mo18481-0a5db209-d617-44be-9b51-3c6dc891901f,BMW,118,118i Msport 5p auto,26900,36600,Automatico,02/2022,Benzina,100 kW (136 CV),"Privato,IT-10127 Torino",Privato
BMW 118 I M-SPORT LED NAVI VARI COLORI E ALLESTIMENTI,https://www.autoscout24.it/annunci/bmw-118-i-m-sport-led-navi-vari-colori-e-allestimenti-benzina-grigio-cat_ma13mo18481-2436436c-2fd5-45e6-ac08-885039f96191,BMW,118,I M-SPORT LED NAVI VARI COLORI E ALLESTIMENTI,26500,19200,Automatico,05/2023,Benzina,103 kW (140 CV),Race Car Srl • IT-37040 Z.a.i. - Verona - VR,Rivenditore
BMW 116 116d Msport 5p auto,https://www.autoscout24.it/annunci/bmw-116-116d-msport-5p-auto-diesel-cat_ma13mo18480-d7fb38a9-f3a2-4efa-9049-b1fcb47b5b3d,BMW,116,116d Msport 5p auto,26500,29000,Semiautomatico,11/2023,Diesel,85 kW (116 CV),"Privato,IT-31100 Treviso",Privato
BMW 118 i Msport 136cv auto IN PROMO,https://www.autoscout24.it/annunci/bmw-118-i-msport-136cv-auto-in-promo-benzina-grigio-cat_ma13mo18481-b519fcbe-de98-47f7-ae18-2a6f2222fa3b,BMW,118,i Msport 136cv auto IN PROMO,26400,35000,Automatico,02/2024,Benzina,100 kW (136 CV),Farina Motors Srl • IT-20060 Liscate - Milano,Rivenditore
BMW 118 118i Msport 136cv auto,https://www.autoscout24.it/annunci/bmw-118-118i-msport-136cv-auto-benzina-grigio-cat_ma13mo18481-49b48414-7de8-4ed4-b478-62342a6233a6,BMW,118,118i Msport 136cv auto,26177,36887,Semiautomatico,06/2024,Benzina,100 kW (136 CV),"Privato,IT-87055 San Giovanni in Fiore",Privato
"BMW 118 i 5p. Msport Edition SEDILI PERFORMANCE/18""M sport",https://www.autoscout24.it/annunci/bmw-118-i-5p-msport-edition-sedili-performance-18-m-sport-benzina-grigio-cat_ma13mo18481-68ffd616-99a9-45b4-ab39-81f413d41d4d,BMW,118,"i 5p. Msport Edition SEDILI PERFORMANCE/18""M sport",26990,41600,Automatico,07/2024,Benzina,100 kW (136 CV),Bcar Srl • IT-12038 Savigliano - Cuneo - Cn,Rivenditore
"BMW 118 d 5p. Msport ""AUTOMATICA""",https://www.autoscout24.it/annunci/bmw-118-d-5p-msport-automatica-diesel-grigio-cat_ma13mo18481-f917fdc9-82e3-438b-84ca-bd3d277607c4,BMW,118,"d 5p. Msport ""AUTOMATICA""",26900,39600,Automatico,08/2022,Diesel,110 kW (150 CV),Autogepy Spa • IT-42122 Reggio Emilia - Re,Rivenditore
BMW 120 120d Msport auto,https://www.autoscout24.it/annunci/bmw-120-120d-msport-auto-diesel-cat_ma13mo18482-c423a179-d930-40b1-9f9e-99206cb8a464,BMW,120,120d Msport auto,27000,68500,Automatico,07/2022,Diesel,140 kW (190 CV),"Privato,IT-00175 Roma",Privato
BMW 118 118d Msport auto,https://www.autoscout24.it/annunci/bmw-118-118d-msport-auto-diesel-cat_ma13mo18481-88f4bb19-453e-4d76-a9fe-0f6f6df3438d,BMW,118,118d Msport auto,27000,39000,Semiautomatico,04/2024,Diesel,110 kW (150 CV),"Privato,IT-00148 Roma",Privato
BMW 116 Serie 1 F40 116d Msport auto,https://www.autoscout24.it/annunci/bmw-116-serie-1-f40-116d-msport-auto-diesel-bianco-cat_ma13mo18480-33cebd13-6d92-432b-bedb-31f51104166e,BMW,116,Serie 1 F40 116d Msport auto,26000,53000,Automatico,06/2020,Diesel,85 kW (116 CV),"Privato,IT-00045 Genzano di Roma",Privato
BMW 120 120d xdrive MSport aut.,https://www.autoscout24.it/annunci/bmw-120-120d-xdrive-msport-aut-diesel-nero-cat_ma13mo18482-05083073-f31b-4750-aaa7-20fc8e1967c4,BMW,120,120d xdrive MSport aut.,27000,89000,Automatico,05/2022,Diesel,140 kW (190 CV),De Rossi Srl • IT-31050 Vedelago – Tv,Rivenditore
BMW 118 118i Msport pro 136cv auto,https://www.autoscout24.it/annunci/bmw-118-118i-msport-pro-136cv-auto-benzina-bianco-cat_ma13mo18481-b2420cf1-ee39-4dd0-9892-30a224d75048,BMW,118,118i Msport pro 136cv auto,26500,46000,Semiautomatico,05/2023,Benzina,100 kW (136 CV),Topcarsweb Srl • IT-10038 Verolengo,Rivenditore
BMW 118 d Msport auto,https://www.autoscout24.it/annunci/bmw-118-d-msport-auto-diesel-bianco-cat_ma13mo18481-8f8e903e-43b3-4d09-9eae-e7df82a8300a,BMW,118,d Msport auto,26900,47424,Automatico,05/2024,Diesel,110 kW (150 CV),Carteni spa • IT-26900 Lodi - Lo,Rivenditore
BMW 135 M 135i xdrive auto,https://www.autoscout24.it/annunci/bmw-135-m-135i-xdrive-auto-benzina-blu-azzurro-cat_ma13mo19079-0f5d8c55-866c-4452-b0fa-dfd2c1b65a43,BMW,135,M 135i xdrive auto,26500,83000,Automatico,12/2020,Benzina,225 kW (306 CV),Corsetti Auto Srl • IT-25077 Roè Volciano - Bs,Rivenditore
BMW 118 M Sport Pro,https://www.autoscout24.it/annunci/bmw-118-m-sport-pro-diesel-cat_ma13mo18481-04da3d1d-f040-4d13-9c27-3b372b82fcf7,BMW,118,M Sport Pro,26500,66000,Semiautomatico,09/2021,Diesel,110 kW (150 CV),"Privato,IT-53034 Colle di Val d'Elsa",Privato
BMW 118 Serie 1 F40118d Msport auto,https://www.autoscout24.it/annunci/bmw-118-serie-1-f40118d-msport-auto-diesel-bianco-cat_ma13mo18481-cf9646f1-6578-43ad-8936-b916cf917eeb,BMW,118,Serie 1 F40118d Msport auto,26700,74000,Semiautomatico,11/2023,Diesel,110 kW (150 CV),"Privato,IT-10040 Leini",Privato
BMW 120 120i Msport  auto,https://www.autoscout24.it/annunci/bmw-120-120i-msport-auto-benzina-grigio-cat_ma13mo18482-fc0a717f-3941-4851-b4db-59ba555bdecc,BMW,120,120i Msport  auto,27000,20971,Automatico,06/2023,Benzina,131 kW (178 CV),Topcarsweb Srl • IT-10038 Verolengo,Rivenditore
"BMW 120 120d Msport 190cv auto SERVICE BMW, PERMUTE",https://www.autoscout24.it/annunci/bmw-120-120d-msport-190cv-auto-service-bmw-permute-diesel-grigio-cat_ma13mo18482-db13cf2d-acec-429c-837a-edafecc8b23a,BMW,120,"120d Msport 190cv auto SERVICE BMW, PERMUTE",26990,94000,Automatico,11/2022,Diesel,140 kW (190 CV),Top GT Srl • IT-14100 Asti - At,Rivenditore
BMW 118 118d Msport auto,https://www.autoscout24.it/annunci/bmw-118-118d-msport-auto-diesel-cat_ma13mo18481-c269df87-a335-4e5e-b3fc-f8935c47db71,BMW,118,118d Msport auto,26000,60000,Semiautomatico,12/2020,Diesel,110 kW (150 CV),"Privato,IT-13888 biella",Privato
BMW 118 i benzina Serie 1      (F40)  5p. Msport - manuale,https://www.autoscout24.it/annunci/bmw-118-i-benzina-serie-1-f40-5p-msport-manuale-benzina-grigio-cat_ma13mo18481-3a3425aa-68f3-4a67-8b87-379f1f50d513,BMW,118,i benzina Serie 1      (F40)  5p. Msport - manuale,26800,12000,Manuale,03/2024,Benzina,103 kW (140 CV),Race Srl • IT-55016 Capannori - Lucca - LU,Rivenditore
"BMW 118 118i Msport 136cv auto MS PORT+18""+PREZZO REALE SENZA VINCOLO DI FINANZIAMENTO",https://www.autoscout24.it/annunci/bmw-118-118i-msport-136cv-auto-ms-port+18-+prezzo-reale-senza-vincolo-di-finanziamento-benzina-bianco-cat_ma13mo18481-adc2fec7-019f-4f48-9c19-174804d24362,BMW,118,"118i Msport 136cv auto MS PORT+18""+PREZZO REALE SENZA VINCOLO DI FINANZIAMENTO",26999,7201,Automatico,05/2022,Benzina,100 kW (136 CV),Emercar Srl • IT-27010 Vellezzo Bellini - PV,Rivenditore
BMW 135 Serie 1 M 135i F40 XDrive auto,https://www.autoscout24.it/annunci/bmw-135-serie-1-m-135i-f40-xdrive-auto-benzina-nero-cat_ma13mo19079-b2d9d75f-26d1-4651-8e0c-079aa3ab7822,BMW,135,Serie 1 M 135i F40 XDrive auto,26200,99500,Automatico,02/2021,Benzina,225 kW (306 CV),Lionetti Car • IT-20821 Meda - MB,Rivenditore
BMW 120 120 I NEW MODEL VARI COLORI E ALLESTIMENTI,https://www.autoscout24.it/annunci/bmw-120-120-i-new-model-vari-colori-e-allestimenti-elettrica-benzina-bianco-cat_ma13mo18482-6fd4a3b0-3fb4-4d65-90cd-b5fcce15e512,BMW,120,120 I NEW MODEL VARI COLORI E ALLESTIMENTI,26900,9000,Automatico,10/2025,Elettrica/Benzina,125 kW (170 CV),Race Car Cremona srl • IT-26025 Pandino - CR,Rivenditore
BMW 118 d Msport auto,https://www.autoscout24.it/annunci/bmw-118-d-msport-auto-diesel-nero-cat_ma13mo18481-f2c0d8cc-2e94-43fb-b603-e7874f90bae0,BMW,118,d Msport auto,26900,28278,Automatico,02/2024,Diesel,110 kW (150 CV),Next-Car Snc • IT-20090 Buccinasco - Mi,Rivenditore
BMW 116 Serie 1 F40 116d Msport auto disp. da settembre,https://www.autoscout24.it/annunci/bmw-116-serie-1-f40-116d-msport-auto-disp-da-settembre-diesel-nero-cat_ma13mo18480-6831e73b-3b3c-4844-9fec-54e92781c56c,BMW,116,Serie 1 F40 116d Msport auto disp. da settembre,26500,39776,Semiautomatico,02/2024,Diesel,85 kW (116 CV),"Privato,IT-10060 Candiolo",Privato
BMW 118 Serie 1 F40 118d Msport auto,https://www.autoscout24.it/annunci/bmw-118-serie-1-f40-118d-msport-auto-diesel-bianco-cat_ma13mo18481-9cb92d85-f4e4-4e8e-a0ca-6a06fb7c0dbb,BMW,118,Serie 1 F40 118d Msport auto,26900,34555,Semiautomatico,06/2024,Diesel,110 kW (150 CV),Ghi Mar di Ghidetti Roberto e Calegari f.lli snc • IT-25039 Travagliato - Brescia - Bs,Rivenditore
BMW 120 F70 BMW UFFICIALE IVA COMPRESA,https://www.autoscout24.it/annunci/bmw-120-f70-bmw-ufficiale-iva-compresa-benzina-grigio-cat_ma13mo18482-f405f8b0-65c0-43e7-80de-9186e8f30174,BMW,120,F70 BMW UFFICIALE IVA COMPRESA,26999,8500,Automatico,07/2025,Benzina,115 kW (156 CV),KLM Auto Srl • IT-00178 Roma RM,Rivenditore
BMW 118 118d MSport,https://www.autoscout24.it/annunci/bmw-118-118d-msport-diesel-grigio-cat_ma13mo18481-857dadea-7d47-4cec-b694-5ff8c73eea05,BMW,118,118d MSport,26500,88000,Automatico,04/2024,Diesel,110 kW (150 CV),"Privato,IT-37012 Bussolengo",Privato
BMW 116 Serie 1 F40 116d Msport auto,https://www.autoscout24.it/annunci/bmw-116-serie-1-f40-116d-msport-auto-diesel-grigio-cat_ma13mo18480-11541cb3-ec88-43bc-adc4-6dd260d057e4,BMW,116,Serie 1 F40 116d Msport auto,27000,38000,Semiautomatico,07/2022,Diesel,85 kW (116 CV),"Privato,IT-15121 Alessandria",Privato
"BMW 120 120i Msport auto Shadow line Alcantara 2023 18""",https://www.autoscout24.it/annunci/bmw-120-120i-msport-auto-shadow-line-alcantara-2023-18-benzina-blu-azzurro-cat_ma13mo18482-7c0a52e3-acee-4c31-906f-388ac0ce29aa,BMW,120,"120i Msport auto Shadow line Alcantara 2023 18""",26990,47247,Automatico,03/2023,Benzina,131 kW (178 CV),AR Motor srls • IT-00077 Montecompatri - Roma - RM,Rivenditore
BMW 120 120i Msport auto,https://www.autoscout24.it/annunci/bmw-120-120i-msport-auto-benzina-grigio-cat_ma13mo18482-714c48e2-9a62-46d1-9690-affe6f950885,BMW,120,120i Msport auto,26500,62000,Automatico,07/2021,Benzina,131 kW (178 CV),Gr Car Motor Srl • IT-87027 Paola - Cosenza - CS,Rivenditore
BMW 120 d xDrive 5p. Msport,https://www.autoscout24.it/annunci/bmw-120-d-xdrive-5p-msport-diesel-nero-cat_ma13mo18482-544e0e1b-3fad-4bab-88b1-41a275697259,BMW,120,d xDrive 5p. Msport,26000,96000,Automatico,03/2021,Diesel,140 kW (190 CV),Pizzala Srl • IT-20013 Magenta - Milano - Mi,Rivenditore
BMW 118 118d Msport 3p auto,https://www.autoscout24.it/annunci/bmw-118-118d-msport-3p-auto-diesel-cat_ma13mo18481-17a917a4-91a6-4b46-a0c6-b1f6f30229f3,BMW,118,118d Msport 3p auto,26900,63000,Semiautomatico,11/2021,Diesel,110 kW (150 CV),"Privato,IT-21100 Varese",Privato
BMW 118 118i Msport 136cv auto,https://www.autoscout24.it/annunci/bmw-118-118i-msport-136cv-auto-benzina-cat_ma13mo18481-79967487-5191-41e4-b481-aa4888d08ad7,BMW,118,118i Msport 136cv auto,27000,42000,Automatico,01/2022,Benzina,100 kW (136 CV),"Privato,IT-00124 Roma",Privato
BMW 120 120d Msport auto,https://www.autoscout24.it/annunci/bmw-120-120d-msport-auto-diesel-cat_ma13mo18482-fb82ac06-b80b-43f0-9f4e-b4b26385b9af,BMW,120,120d Msport auto,26500,106500,Semiautomatico,06/2020,Diesel,140 kW (190 CV),"Privato,IT-33080 Claut",Privato
BMW 118 118d F40,https://www.autoscout24.it/annunci/bmw-118-118d-f40-diesel-cat_ma13mo18481-f523653f-37e2-445d-bf72-0ebad1cdd67a,BMW,118,118d F40,26000,75000,Semiautomatico,11/2021,Diesel,110 kW (150 CV),"Privato,IT-81024 maddaloni",Privato
BMW 118 d 150cv M-Sport (Auto/Navi/Retro/LED),https://www.autoscout24.it/annunci/bmw-118-d-150cv-m-sport-auto-navi-retro-led-diesel-grigio-cat_ma13mo18481-e01b64a4-ee55-45d0-9ec9-08ed480ade00,BMW,118,d 150cv M-Sport (Auto/Navi/Retro/LED),26800,68400,Automatico,10/2022,Diesel,110 kW (150 CV),Automobili Perrone Srl • IT-74011 Castellaneta - Taranto - Ta,Rivenditore
BMW 118 118i 1.5 Msport FULL GARANTITA PREZZO REALE,https://www.autoscout24.it/annunci/bmw-118-118i-1-5-msport-full-garantita-prezzo-reale-benzina-bianco-cat_ma13mo18481-5b61499f-4565-422c-b56c-8cd5d2477f70,BMW,118,118i 1.5 Msport FULL GARANTITA PREZZO REALE,26900,24000,Automatico,07/2023,Benzina,100 kW (136 CV),Targa Ok Auto di Amato Davide • IT-00043 Ciampino - Roma- Rm,Rivenditore
BMW 118 118d Msport auto,https://www.autoscout24.it/annunci/bmw-118-118d-msport-auto-diesel-cat_ma13mo18481-f1896e55-d5ec-4ac3-9104-a1f995ad1cf9,BMW,118,118d Msport auto,26500,70000,Automatico,01/2021,Diesel,110 kW (150 CV),"Privato,IT-00138 Roma",Privato
BMW 120 120d xdrive Msport auto,https://www.autoscout24.it/annunci/bmw-120-120d-xdrive-msport-auto-diesel-nero-cat_ma13mo18482-56f21130-f625-41ac-b223-fd61fd6ae9c8,BMW,120,120d xdrive Msport auto,27000,63000,Automatico,05/2022,Diesel,140 kW (190 CV),"Privato,IT-16036 Recco",Privato
BMW 116 116d Luxury auto,https://www.autoscout24.it/annunci/bmw-116-116d-luxury-auto-diesel-cat_ma13mo18480-ccf2dba8-4d24-4440-b717-a004507179d7,BMW,116,116d Luxury auto,26500,83000,Semiautomatico,06/2020,Diesel,85 kW (116 CV),"Privato,IT-80010 Villaricca",Privato
BMW 118 118d Msport auto,https://www.autoscout24.it/annunci/bmw-118-118d-msport-auto-diesel-cat_ma13mo18481-814dcda6-be73-4e11-950d-b750c8350dba,BMW,118,118d Msport auto,26500,65000,Semiautomatico,05/2021,Diesel,110 kW (150 CV),"Privato,IT-70020 poggiorsini",Privato
BMW 118 Serie 1 F40 118d Msport auto,https://www.autoscout24.it/annunci/bmw-118-serie-1-f40-118d-msport-auto-diesel-grigio-cat_ma13mo18481-9f916664-5e0e-4c19-ac49-5b65eb725b6a,BMW,118,Serie 1 F40 118d Msport auto,26900,63000,Automatico,03/2022,Diesel,110 kW (150 CV),Car Promotion Srl • IT-22063 Cantù - Como - Co,Rivenditore
BMW 118 118d Msport Exterior auto,https://www.autoscout24.it/annunci/bmw-118-118d-msport-exterior-auto-diesel-cat_ma13mo18481-8fa5775f-bb58-49c7-879c-8692fa32396c,BMW,118,118d Msport Exterior auto,27000,85300,Automatico,11/2022,Diesel,110 kW (150 CV),"Privato,IT-84025 Eboli",Privato
BMW 120 120d Msport auto,https://www.autoscout24.it/annunci/bmw-120-120d-msport-auto-diesel-bianco-cat_ma13mo18482-1cd1aca3-1ef7-415c-a28d-26b2d557df37,BMW,120,120d Msport auto,26900,85000,Semiautomatico,12/2020,Diesel,140 kW (190 CV),"Privato,IT-43014 Medesano",Privato
BMW 116 116d Msport auto,https://www.autoscout24.it/annunci/bmw-116-116d-msport-auto-diesel-cat_ma13mo18480-baab4e79-19e9-40fc-bcae-58ee5f4b5648,BMW,116,116d Msport auto,26500,48000,Semiautomatico,01/2021,Diesel,85 kW (116 CV),"Privato,IT-70033 Corato",Privato
BMW 118 d Msport auto,https://www.autoscout24.it/annunci/bmw-118-d-msport-auto-diesel-nero-cat_ma13mo18481-52faf0c8-df6d-47ac-97ea-2f4695d1dd91,BMW,118,d Msport auto,26900,63832,Automatico,10/2023,Diesel,110 kW (150 CV),Rolandi Auto Spa • IT-15033 Casale Monferrato - Alessandria - Al,Rivenditore
BMW 118 F 40 Msport auto con padlle al volante,https://www.autoscout24.it/annunci/bmw-118-f-40-msport-auto-con-padlle-al-volante-diesel-grigio-cat_ma13mo18481-6ebc776c-04ec-41df-a606-56038ce9b758,BMW,118,F 40 Msport auto con padlle al volante,26700,63000,Semiautomatico,06/2023,Diesel,110 kW (150 CV),"Privato,IT-15121 Alessandria",Privato
BMW 120 NEWMODEL VARI COLORI E ALLESTIMENTI,https://www.autoscout24.it/annunci/bmw-120-newmodel-vari-colori-e-allestimenti-elettrica-benzina-bianco-cat_ma13mo18482-fa7b9fee-2d3b-4f6d-a27f-e377230d6bf6,BMW,120,NEWMODEL VARI COLORI E ALLESTIMENTI,26900,9300,Automatico,10/2025,Elettrica/Benzina,125 kW (170 CV),Race Car Srl • IT-37040 Z.a.i. - Verona - VR,Rivenditore
BMW 118 118d Msport Exterior auto,https://www.autoscout24.it/annunci/bmw-118-118d-msport-exterior-auto-diesel-cat_ma13mo18481-d11dfb5a-c2ec-4612-9b5b-1948e7dc0065,BMW,118,118d Msport Exterior auto,26900,95000,Semiautomatico,02/2024,Diesel,110 kW (150 CV),"Privato,IT-72021 Francavilla Fontana",Privato
BMW 128 BMW 128 TI,https://www.autoscout24.it/annunci/bmw-128-bmw-128-ti-benzina-bianco-cat_ma13mo75736-2ed29a62-5dda-4745-a0ba-eebc712a570d,BMW,128,BMW 128 TI,27000,102000,Manuale,12/2020,Benzina,195 kW (265 CV),"Privato,IT-30037 Scorzè",Privato
BMW 118 Serie 1 F40 118d Msport auto,https://www.autoscout24.it/annunci/bmw-118-serie-1-f40-118d-msport-auto-diesel-nero-cat_ma13mo18481-41565f19-c80f-4946-99e5-f29f4194b096,BMW,118,Serie 1 F40 118d Msport auto,26300,90000,Semiautomatico,11/2020,Diesel,110 kW (150 CV),Automobili Franco Mancini srl • IT-01033 Civita Castellana - Viterbo - Vt,Rivenditore
BMW 135 Serie 1 F40 M 135i xdrive auto,https://www.autoscout24.it/annunci/bmw-135-serie-1-f40-m-135i-xdrive-auto-benzina-bianco-cat_ma13mo19079-c3f6af65-56bc-4cbb-9680-6cab892ca644,BMW,135,Serie 1 F40 M 135i xdrive auto,26900,81000,Semiautomatico,02/2021,Benzina,225 kW (306 CV),Trivela Automotive Srl • IT-13875 Ponderano - Biella - BI,Rivenditore
BMW 118 118d Msport auto,https://www.autoscout24.it/annunci/bmw-118-118d-msport-auto-diesel-cat_ma13mo18481-9372a201-09c2-45ba-bd35-43d95e8414ec,BMW,118,118d Msport auto,26000,137000,Semiautomatico,12/2023,Diesel,110 kW (150 CV),"Privato,IT-37044 Cologna Veneta",Privato
BMW 116 Serie 1 F40 116d Msport,https://www.autoscout24.it/annunci/bmw-116-serie-1-f40-116d-msport-diesel-bianco-cat_ma13mo18480-d1b1ac2b-15ac-4998-b666-681a51e84006,BMW,116,Serie 1 F40 116d Msport,26999,50595,Manuale,06/2023,Diesel,85 kW (116 CV),Nico Motors Di Nicosia Andrea Vincenzo • IT-95037 San Giovanni La Punta - Catania - CT,Rivenditore
BMW 118 Serie 1 F40 118i Msport 136cv auto,https://www.autoscout24.it/annunci/bmw-118-serie-1-f40-118i-msport-136cv-auto-benzina-bianco-cat_ma13mo18481-1e7c2114-eb9f-49fb-8622-5aa747d0cd91,BMW,118,Serie 1 F40 118i Msport 136cv auto,26900,57700,Semiautomatico,09/2023,Benzina,100 kW (136 CV),"Privato,IT-00162 roma",Privato
BMW 116 Serie 1 F40 116d Msport auto,https://www.autoscout24.it/annunci/bmw-116-serie-1-f40-116d-msport-auto-diesel-bianco-cat_ma13mo18480-dfdb2f2f-f056-44ff-8683-02ef1599d811,BMW,116,Serie 1 F40 116d Msport auto,26000,61800,Automatico,06/2022,Diesel,85 kW (116 CV),"Privato,IT-26041 Casalmaggiore",Privato
BMW 118 i M-SPORT Steptronic/AUTOMATICA MSport F40,https://www.autoscout24.it/annunci/bmw-118-i-m-sport-steptronic-automatica-msport-f40-benzina-grigio-cat_ma13mo18481-aa84c2ea-c925-419f-bf13-7e1f36df1b82,BMW,118,i M-SPORT Steptronic/AUTOMATICA MSport F40,26900,59000,Automatico,08/2023,Benzina,100 kW (136 CV),Autostyle di Paterlini Edgardo • IT-25062 Concesio - Brescia - Bs,Rivenditore
BMW 116 116d Msport auto,https://www.autoscout24.it/annunci/bmw-116-116d-msport-auto-diesel-bianco-cat_ma13mo18480-ee75eef2-722b-43b7-8ec3-9b7ca2d9b0fb,BMW,116,116d Msport auto,26000,80000,Semiautomatico,05/2020,Diesel,85 kW (116 CV),"Privato,IT-91027 Paceco",Privato
BMW 118 118d Msport auto,https://www.autoscout24.it/annunci/bmw-118-118d-msport-auto-diesel-cat_ma13mo18481-9baa17f4-3fe9-4a99-98a1-7839a6f39343,BMW,118,118d Msport auto,27000,79000,Semiautomatico,04/2023,Diesel,110 kW (150 CV),"Privato,IT-00071 Pomezia",Privato
BMW 116 116i Msport auto,https://www.autoscout24.it/annunci/bmw-116-116i-msport-auto-benzina-cat_ma13mo18480-d24c10f1-c4fb-4a0a-afe8-af1a5b732616,BMW,116,116i Msport auto,26000,35350,Semiautomatico,11/2023,Benzina,80 kW (109 CV),"Privato,IT-00195 Roma",Privato
BMW 118 d Msport auto,https://www.autoscout24.it/annunci/bmw-118-d-msport-auto-diesel-nero-cat_ma13mo18481-907313c3-f5e2-4fe6-9af4-64077777cd12,BMW,118,d Msport auto,26900,63832,Automatico,10/2023,Diesel,110 kW (150 CV),Rolandi auto Spa • IT-15121 Alessandria - Al,Rivenditore
BMW 116 116d Msport Exterior auto,https://www.autoscout24.it/annunci/bmw-116-116d-msport-exterior-auto-diesel-cat_ma13mo18480-35575da9-70a6-4a44-b845-9eed02f8ba5d,BMW,116,116d Msport Exterior auto,26800,55000,Automatico,07/2023,Diesel,85 kW (116 CV),"Privato,IT-06059 Todi",Privato
BMW 118 118d Msport auto,https://www.autoscout24.it/annunci/bmw-118-118d-msport-auto-diesel-cat_ma13mo18481-5fc36788-3fd4-4b62-a104-1eea4f6bac58,BMW,118,118d Msport auto,27000,73000,Semiautomatico,05/2022,Diesel,110 kW (150 CV),"Privato,IT-00198 Roma",Privato
BMW 118 i Msport 136cv auto REAR|ACC|CARPLAY|17',https://www.autoscout24.it/annunci/bmw-118-i-msport-136cv-auto-rear-acc-carplay-17-benzina-grigio-cat_ma13mo18481-87ba7740-a1e0-4e59-9b71-02aabce5afe8,BMW,118,i Msport 136cv auto REAR|ACC|CARPLAY|17',26850,47830,Automatico,01/2024,Benzina,100 kW (136 CV),Car Specialist Srl • IT-22100 Como - Co,Rivenditore
BMW 120 d Msport xdrive auto,https://www.autoscout24.it/annunci/bmw-120-d-msport-xdrive-auto-diesel-bianco-cat_ma13mo18482-f81a1467-5bb7-48bf-a833-481f66abf194,BMW,120,d Msport xdrive auto,26700,103000,Automatico,03/2022,Diesel,140 kW (190 CV),Autoabruzzo srl • IT-66020 San Giovanni Teatino - Sambuceto - Chieti - Ch,Rivenditore
BMW 116 d 23.000 KM M SPORT EXTERIOR AUTOMATICA FULL OPT.,https://www.autoscout24.it/annunci/bmw-116-d-23-000-km-m-sport-exterior-automatica-full-opt-diesel-bianco-cat_ma13mo18480-80a27849-fdca-402c-a3c2-6301fc16375a,BMW,116,d 23.000 KM M SPORT EXTERIOR AUTOMATICA FULL OPT.,26500,23400,Automatico,12/2022,Diesel,85 kW (116 CV),Bortoli Auto Sas • IT-41037 Mirandola - Modena - Mo,Rivenditore
"BMW 118 118i Msport 5p AUTOMATICA - Tetto Apribile,Telecamera,Cerchi da 18'! Prezzp Promo",https://www.autoscout24.it/annunci/bmw-118-118i-msport-5p-automatica-tetto-apribile-telecamera-cerchi-da-18-prezzp-promo-benzina-cat_ma13mo18481-30ffd68d-140c-40d5-b876-ceae1e8a2677,BMW,118,"118i Msport 5p AUTOMATICA - Tetto Apribile,Telecamera,Cerchi da 18'! Prezzp Promo",26950,51678,Automatico,02/2024,Benzina,100 kW (136 CV),Progetto Auto Snc • IT-20090 Pieve Emanuele - Milano - Mi,Rivenditore
BMW 118 Serie 1 F40 118d Msport auto,https://www.autoscout24.it/annunci/bmw-118-serie-1-f40-118d-msport-auto-diesel-grigio-cat_ma13mo18481-0bb7b845-ec84-4798-9f95-7b2a59e42bb0,BMW,118,Serie 1 F40 118d Msport auto,26500,86000,Semiautomatico,12/2022,Diesel,110 kW (150 CV),"Privato,IT-36045 Lonigo",Privato
BMW 135 F40 - M 135i xdrive auto,https://www.autoscout24.it/annunci/bmw-135-f40-m-135i-xdrive-auto-benzina-argento-cat_ma13mo19079-14d46dcf-a61f-47f5-83e2-7401b73b3a47,BMW,135,F40 - M 135i xdrive auto,27000,93906,Automatico,05/2022,Benzina,225 kW (306 CV),Barbuscia Spa • IT-65129 Pescara - Pe,Rivenditore
BMW 118 118d Msport auto,https://www.autoscout24.it/annunci/bmw-118-118d-msport-auto-diesel-cat_ma13mo18481-aa385ed4-2d26-4500-a42c-b02f45bcc7d9,BMW,118,118d Msport auto,26700,84000,Semiautomatico,11/2022,Diesel,110 kW (150 CV),"Privato,IT-00144 roma",Privato
BMW 118 118d Msport 5p auto,https://www.autoscout24.it/annunci/bmw-118-118d-msport-5p-auto-diesel-cat_ma13mo18481-20fecd17-9e77-4a7e-a5f5-ffbd1212fa43,BMW,118,118d Msport 5p auto,26400,140000,Semiautomatico,01/2020,Diesel,110 kW (150 CV),"Privato,IT-74014 Laterza",Privato
BMW 118 118i Msport 5p auto Unico Proprietario,https://www.autoscout24.it/annunci/bmw-118-118i-msport-5p-auto-unico-proprietario-benzina-bianco-cat_ma13mo18481-07732aa9-4d62-4f32-9ea9-80f602453f3b,BMW,118,118i Msport 5p auto Unico Proprietario,26990,33750,Semiautomatico,07/2022,Benzina,100 kW (136 CV),Autohome srl • IT-25050 Ome - Bs,Rivenditore
BMW 118 118d Sport auto,https://www.autoscout24.it/annunci/bmw-118-118d-sport-auto-diesel-cat_ma13mo18481-af8c00e6-bd2b-4cfa-9b96-1db80cb23f67,BMW,118,118d Sport auto,27000,75000,Semiautomatico,01/2021,Diesel,110 kW (150 CV),"Privato,IT-31056 Treviso",Privato
BMW 118 M Sport,https://www.autoscout24.it/annunci/bmw-118-m-sport-diesel-cat_ma13mo18481-aadc7d89-52eb-4888-8410-851f4dcf32d2,BMW,118,M Sport,26000,84000,Semiautomatico,12/2020,Diesel,110 kW (150 CV),"Privato,IT-33084 Cordenons",Privato
BMW 120 d Msport auto,https://www.autoscout24.it/annunci/bmw-120-d-msport-auto-diesel-grigio-cat_ma13mo18482-b1bbeca6-37b9-4b6b-89e1-cba0588cc244,BMW,120,d Msport auto,26000,79930,Automatico,11/2020,Diesel,140 kW (190 CV),Erreeffegroup spa • IT-45100 Rovigo - Ro,Rivenditore
BMW 118 118d MSport,https://www.autoscout24.it/annunci/bmw-118-118d-msport-diesel-grigio-cat_ma13mo18481-cec13e87-3592-40f0-a2d9-53adc7c88796,BMW,118,118d MSport,26900,94941,Automatico,06/2024,Diesel,110 kW (150 CV),Autoclub Center • IT-41123 Modena - MO,Rivenditore
BMW 118 Serie 1 F40 118i Msport 136cv auto,https://www.autoscout24.it/annunci/bmw-118-serie-1-f40-118i-msport-136cv-auto-benzina-cat_ma13mo18481-e366893b-8e4d-4dac-a4d7-fd17c4d7a42e,BMW,118,Serie 1 F40 118i Msport 136cv auto,26900,38000,Semiautomatico,06/2023,Benzina,100 kW (136 CV),Gieffegi Srl • IT-24060 Gorlago - Bergamo - Bg,Rivenditore
BMW 118 I M-SPORT LED NAVI VARI COLORI DISPONIBILI,https://www.autoscout24.it/annunci/bmw-118-i-m-sport-led-navi-vari-colori-disponibili-benzina-grigio-cat_ma13mo18481-573c9439-a0ca-4de1-b7fa-ed2b92eb101b,BMW,118,I M-SPORT LED NAVI VARI COLORI DISPONIBILI,26500,17900,Automatico,11/2022,Benzina,103 kW (140 CV),Race Car Srl • IT-37040 Z.a.i. - Verona - VR,Rivenditore
BMW 118 118i Msport 5p auto,https://www.autoscout24.it/annunci/bmw-118-118i-msport-5p-auto-benzina-nero-cat_ma13mo18481-767cd733-1581-451a-a800-a9339de4473b,BMW,118,118i Msport 5p auto,26900,29500,Automatico,03/2023,Benzina,100 kW (136 CV),Montalbetti Auto Srl • IT-21100 Varese - Va,Rivenditore
BMW 118 118d Msport auto,https://www.autoscout24.it/annunci/bmw-118-118d-msport-auto-diesel-cat_ma13mo18481-5201bd8c-d2ed-4fb1-a3f3-d4f4994d0913,BMW,118,118d Msport auto,26800,63000,Semiautomatico,04/2021,Diesel,110 kW (150 CV),"Privato,IT-09071 Abbasanta",Privato
BMW 135 XDRIVE - PRESTAZIONI ELEVATE - ESCLUSIVITA',https://www.autoscout24.it/annunci/bmw-135-xdrive-prestazioni-elevate-esclusivita-benzina-bianco-cat_ma13mo19079-380a1a6f-ebf3-4ef1-b286-ece77d966255,BMW,135,XDRIVE - PRESTAZIONI ELEVATE - ESCLUSIVITA',26500,114500,Automatico,01/2022,Benzina,225 kW (306 CV),Carrozzeria Italia S95 - Garage Italia S95 Srl • IT-24048 Treviolo - Bergamo - BG,Rivenditore
BMW 118 118d MSport,https://www.autoscout24.it/annunci/bmw-118-118d-msport-diesel-nero-cat_ma13mo18481-eb845a89-9726-4fc6-8c9f-96f4107a4881,BMW,118,118d MSport,26900,64256,Semiautomatico,04/2022,Diesel,110 kW (150 CV),Italmotor Torino Srl • IT-10151 Torino,Rivenditore
BMW 116 116d Sport auto,https://www.autoscout24.it/annunci/bmw-116-116d-sport-auto-diesel-cat_ma13mo18480-03be97c2-ac82-45b0-b55b-47c5c0218979,BMW,116,116d Sport auto,26500,57580,Semiautomatico,01/2021,Diesel,85 kW (116 CV),"Privato,IT-98100 Messina",Privato
BMW 120 120d Msport auto,https://www.autoscout24.it/annunci/bmw-120-120d-msport-auto-diesel-cat_ma13mo18482-a5a73240-076d-43a8-a819-b4199c8a9b97,BMW,120,120d Msport auto,26999,103294,Semiautomatico,02/2023,Diesel,140 kW (190 CV),"Privato,IT-00137 Roma",Privato
BMW 118 d Msport auto,https://www.autoscout24.it/annunci/bmw-118-d-msport-auto-diesel-blu-azzurro-cat_ma13mo18481-931dc7e3-6181-4b35-b580-c7cb46806b0c,BMW,118,d Msport auto,26900,74000,Automatico,12/2022,Diesel,110 kW (150 CV),Autoland Srl • IT-00012 Guidonia Montecelio - Roma - Rm,Rivenditore
BMW 116 MSport,https://www.autoscout24.it/annunci/bmw-116-msport-diesel-bianco-cat_ma13mo18480-1e6fbf4b-850a-4e2c-a94a-f2a0c571d96f,BMW,116,MSport,26000,57500,Automatico,01/2023,Diesel,85 kW (116 CV),"Privato,IT-20852 Villasanta",Privato
BMW 118 118d Msport auto,https://www.autoscout24.it/annunci/bmw-118-118d-msport-auto-diesel-grigio-cat_ma13mo18481-523bb494-aee0-4e97-a462-5e3ddeef62b0,BMW,118,118d Msport auto,26500,105000,Semiautomatico,10/2023,Diesel,110 kW (150 CV),"Privato,IT-08100 Nuoro",Privato
BMW 118 Serie 1 F40 118d Sport auto,https://www.autoscout24.it/annunci/bmw-118-serie-1-f40-118d-sport-auto-diesel-cat_ma13mo18481-042c4f09-1f31-452c-b631-f1d50b9a5fe0,BMW,118,Serie 1 F40 118d Sport auto,26500,76000,Semiautomatico,12/2021,Diesel,110 kW (150 CV),"Privato,IT-98066 Patti",Privato
BMW 118 Serie 1 F40 118d Msport Exterior auto,https://www.autoscout24.it/annunci/bmw-118-serie-1-f40-118d-msport-exterior-auto-diesel-grigio-cat_ma13mo18481-dd66f75f-a49e-4b4c-876a-ff24653cca50,BMW,118,Serie 1 F40 118d Msport Exterior auto,26000,100000,Semiautomatico,10/2022,Diesel,110 kW (150 CV),"Privato,IT-09121 Cagliari",Privato
BMW 118 118 i 5p. MSport,https://www.autoscout24.it/annunci/bmw-118-118-i-5p-msport-benzina-bianco-cat_ma13mo18481-a920d766-777d-45d0-ba28-95ad44febb41,BMW,118,118 i 5p. MSport,26900,29300,Automatico,10/2024,Benzina,100 kW (136 CV),Autosport Srl • IT-10040 Leini - Torino,Rivenditore
BMW 116 116d Msport auto  pacchetto Msport,https://www.autoscout24.it/annunci/bmw-116-116d-msport-auto-pacchetto-msport-diesel-cat_ma13mo18480-c156115c-fa63-4951-95eb-96ea2125a6d2,BMW,116,116d Msport auto  pacchetto Msport,26500,75000,Semiautomatico,08/2023,Diesel,85 kW (116 CV),"Privato,IT-62012 Civitanova Marche",Privato
BMW 116 Serie 1 F40 116d Business Advantage auto,https://www.autoscout24.it/annunci/bmw-116-serie-1-f40-116d-business-advantage-auto-diesel-nero-cat_ma13mo18480-f7c14b4f-1c73-4cd2-96da-866cc4d105a1,BMW,116,Serie 1 F40 116d Business Advantage auto,26000,61889,Semiautomatico,12/2022,Diesel,85 kW (116 CV),"Privato,IT-06036 Montefalco",Privato
BMW 118 118d Business | OPZIONE RATE NO BANCA,https://www.autoscout24.it/annunci/bmw-118-118d-business-opzione-rate-no-banca-diesel-bianco-cat_ma13mo18481-6fa2aca3-833c-493a-b6fe-82f891fae007,BMW,118,118d Business | OPZIONE RATE NO BANCA,26900,76306,Semiautomatico,09/2022,Diesel,110 kW (150 CV),Flexcar Italia Srl • IT-00178 Roma - RM,Rivenditore
BMW 118 i 5p. Msport,https://www.autoscout24.it/annunci/bmw-118-i-5p-msport-benzina-nero-cat_ma13mo18481-cfeada65-572d-4c76-ae81-66c65990510a,BMW,118,i 5p. Msport,26950,58300,Automatico,10/2022,Benzina,100 kW (136 CV),Eurotarget S.p.A. - Tu al centro • IT-40066 Pieve Di Cento - Bologna - Bo,Rivenditore
BMW 116 116d Msport Exterior auto,https://www.autoscout24.it/annunci/bmw-116-116d-msport-exterior-auto-diesel-cat_ma13mo18480-e8c305c4-fc72-4fdc-9023-16f629112ce5,BMW,116,116d Msport Exterior auto,26500,55000,Semiautomatico,11/2022,Diesel,85 kW (116 CV),"Privato,IT-58033 Montenero d’Orcia",Privato
BMW 118 118d Msport auto,https://www.autoscout24.it/annunci/bmw-118-118d-msport-auto-diesel-cat_ma13mo18481-3b54fd36-ae6b-4837-942f-786b14984e76,BMW,118,118d Msport auto,27000,60500,Semiautomatico,07/2021,Diesel,110 kW (150 CV),"Privato,IT-81031 aversa",Privato
BMW 116 116d Msport auto,https://www.autoscout24.it/annunci/bmw-116-116d-msport-auto-diesel-cat_ma13mo18480-3ccf9e45-ec41-4178-a605-a6b7e292fc0d,BMW,116,116d Msport auto,26000,48000,Semiautomatico,01/2021,Diesel,85 kW (116 CV),"Privato,IT-93012 Gela",Privato
BMW 116 116d Msport Exterior auto,https://www.autoscout24.it/annunci/bmw-116-116d-msport-exterior-auto-diesel-cat_ma13mo18480-30ae063b-e611-4ef2-98ec-b7063c0d4dc1,BMW,116,116d Msport Exterior auto,27000,85000,Semiautomatico,12/2023,Diesel,85 kW (116 CV),"Privato,IT-73028 Otranto",Privato
BMW 118 118d Msport auto,https://www.autoscout24.it/annunci/bmw-118-118d-msport-auto-diesel-blu-azzurro-cat_ma13mo18481-69e97293-4c69-47d5-8078-d128f9464f00,BMW,118,118d Msport auto,26900,61000,Automatico,08/2021,Diesel,110 kW (150 CV),"Privato,IT-89132 Reggio di Calabria",Privato
BMW 118 118d Msport auto,https://www.autoscout24.it/annunci/bmw-118-118d-msport-auto-diesel-nero-cat_ma13mo18481-b1f513e8-ce56-400d-ae07-62e1a2ad8dbf,BMW,118,118d Msport auto,26900,79990,Automatico,09/2022,Diesel,110 kW (150 CV),RD Car Trading di Pluchino Eva • IT-97015 Modica - RG,Rivenditore
BMW 116 116,https://www.autoscout24.it/annunci/bmw-116-116-benzina-nero-cat_ma13mo18480-fc53ee7b-7b09-4a3d-8322-f3c3d72480ab,BMW,116,116,26900,9500,Automatico,10/2025,Benzina,90 kW (122 CV),Automobile Torino srl • IT-10034 Chivasso - Torino,Rivenditore
BMW 128 TI MSPORT,https://www.autoscout24.it/annunci/bmw-128-ti-msport-benzina-grigio-cat_ma13mo75736-3112efe6-6017-4d5a-b4f5-d60d7cbf4b1d,BMW,128,TI MSPORT,27500,76053,Semiautomatico,02/2023,Benzina,195 kW (265 CV),M.Car S.p.A • IT-81030 Teverola - Caserta - Ce,Rivenditore
BMW 118 118i Msport 136cv auto FULL OPT.,https://www.autoscout24.it/annunci/bmw-118-118i-msport-136cv-auto-full-opt-benzina-nero-cat_ma13mo18481-797a2d1d-4173-4962-8779-aa087ba8c878,BMW,118,118i Msport 136cv auto FULL OPT.,27800,61600,Automatico,03/2024,Benzina,100 kW (136 CV),Express 2 Srls • IT-10032 Brandizzo - Torino - TO,Rivenditore
BMW 120 120d Msport auto 190cv,https://www.autoscout24.it/annunci/bmw-120-120d-msport-auto-190cv-diesel-nero-cat_ma13mo18482-019d3452-16dd-488c-8a29-daa14d574b7e,BMW,120,120d Msport auto 190cv,27990,50000,Semiautomatico,07/2022,Diesel,140 kW (190 CV),Automarket Karina srl • IT-20063 Cernusco Sul Naviglio - Milano - MI,Rivenditore
BMW 118 d 5p. Msport,https://www.autoscout24.it/annunci/bmw-118-d-5p-msport-diesel-grigio-cat_ma13mo18481-f0b55fde-40c7-4442-a614-2c0b354d5bc3,BMW,118,d 5p. Msport,27990,50000,Automatico,09/2022,Diesel,110 kW (150 CV),Nuova Megauto Srl • IT-91011 Alcamo - Trapani - TP,Rivenditore
BMW 118 i Msport 136cv auto,https://www.autoscout24.it/annunci/bmw-118-i-msport-136cv-auto-benzina-nero-cat_ma13mo18481-6c6638a3-dc8e-4c7a-90c8-54e1e6e5e499,BMW,118,i Msport 136cv auto,27900,18553,Automatico,07/2023,Benzina,100 kW (136 CV),Autoabruzzo srl • IT-66020 San Giovanni Teatino - Sambuceto - Chieti - Ch,Rivenditore
BMW 118 118d MSport aut.,https://www.autoscout24.it/annunci/bmw-118-118d-msport-aut-diesel-nero-cat_ma13mo18481-c881d92e-4e6b-47ec-b788-66056276d249,BMW,118,118d MSport aut.,27900,8900,Automatico,04/2025,Diesel,110 kW (150 CV),Autosport Srl • IT-10040 Leini - Torino,Rivenditore
BMW 118 Serie 1 F40 118d Msport auto,https://www.autoscout24.it/annunci/bmw-118-serie-1-f40-118d-msport-auto-diesel-nero-cat_ma13mo18481-2cd986cc-0cf5-42a8-8993-7a448e6ecd17,BMW,118,Serie 1 F40 118d Msport auto,27000,48718,Automatico,06/2023,Diesel,110 kW (150 CV),"Privato,IT-22018 Porlezza",Privato
BMW 128 F40 Benzina 128ti auto,https://www.autoscout24.it/annunci/bmw-128-f40-benzina-128ti-auto-benzina-nero-cat_ma13mo75736-e6610be2-6d14-4bfe-a203-6e4055452b83,BMW,128,F40 Benzina 128ti auto,27900,49624,Automatico,07/2022,Benzina,195 kW (265 CV),Stile Spa • IT-61100 Pesaro - Pu,Rivenditore
BMW 135 M 135i xdrive auto,https://www.autoscout24.it/annunci/bmw-135-m-135i-xdrive-auto-benzina-grigio-cat_ma13mo19079-6f38f5c0-1f64-45c6-92b6-9954c2923340,BMW,135,M 135i xdrive auto,27900,78000,Semiautomatico,10/2020,Benzina,225 kW (306 CV),"Privato,IT-12060 Roddi",Privato
BMW 118 118d Msport auto TETTO UP DISPLAY SEDILI SPORT,https://www.autoscout24.it/annunci/bmw-118-118d-msport-auto-tetto-up-display-sedili-sport-diesel-grigio-cat_ma13mo18481-66d87c42-3db8-45f6-826b-bd2fe871d6f4,BMW,118,118d Msport auto TETTO UP DISPLAY SEDILI SPORT,27800,33950,Automatico,07/2021,Diesel,110 kW (150 CV),M.C. Car Di Massimiliano Cavotta • IT-25014 Castenedolo - Brescia - BS,Rivenditore
BMW 118 118d ColorVision Edition auto,https://www.autoscout24.it/annunci/bmw-118-118d-colorvision-edition-auto-diesel-cat_ma13mo18481-f4f81373-143b-49f3-81b5-48e5c233bc50,BMW,118,118d ColorVision Edition auto,27499,49500,Semiautomatico,07/2023,Diesel,110 kW (150 CV),"Privato,IT-10042 Nichelino",Privato
BMW 118 118d Msport Pro -,https://www.autoscout24.it/annunci/bmw-118-118d-msport-pro-diesel-bianco-cat_ma13mo18481-7e7fbab1-2a67-4fb2-8aca-0dac82a8ff9a,BMW,118,118d Msport Pro -,27250,49700,Automatico,07/2023,Diesel,110 kW (150 CV),"Privato,IT-20853 Monza",Privato
BMW 118 118d MSport auto,https://www.autoscout24.it/annunci/bmw-118-118d-msport-auto-diesel-cat_ma13mo18481-b2f8736c-dca0-46b9-aa5f-03af7d1c7532,BMW,118,118d MSport auto,28000,25000,Automatico,05/2024,Diesel,110 kW (150 CV),"Privato,IT-16162 Genova",Privato
BMW 120 AZIENDALE,https://www.autoscout24.it/annunci/bmw-120-aziendale-elettrica-diesel-nero-cat_ma13mo18482-e90d1cc0-16ab-441c-9312-d57ba141b82b,BMW,120,AZIENDALE,27950,23384,Automatico,05/2025,Elettrica/Diesel,110 kW (150 CV),Autoelier srl • IT-10156 Torino - To,Rivenditore
BMW 118 d MSport Pro auto,https://www.autoscout24.it/annunci/bmw-118-d-msport-pro-auto-diesel-nero-cat_ma13mo18481-740811c3-2ef3-4aa0-9e52-319a31bd498f,BMW,118,d MSport Pro auto,28000,24384,Automatico,05/2025,Diesel,110 kW (150 CV),BYmyCAR Milano • IT-20097 San Donato Milanese - Milano - MI,Rivenditore
BMW 120 48V MSport auto,https://www.autoscout24.it/annunci/bmw-120-48v-msport-auto-elettrica-benzina-cat_ma13mo18482-0473f3cd-77c8-4caf-a602-c2e32b934ca7,BMW,120,48V MSport auto,27000,66000,Automatico,11/2024,Elettrica/Benzina,115 kW (156 CV),"Privato,IT-52100 Arezzo",Privato
BMW 120 120i Msport  auto,https://www.autoscout24.it/annunci/bmw-120-120i-msport-auto-benzina-grigio-cat_ma13mo18482-fc0a717f-3941-4851-b4db-59ba555bdecc,BMW,120,120i Msport  auto,27000,20971,Automatico,06/2023,Benzina,131 kW (178 CV),Topcarsweb Srl • IT-10038 Verolengo,Rivenditore
BMW 120 120d xdrive Msport 5p auto,https://www.autoscout24.it/annunci/bmw-120-120d-xdrive-msport-5p-auto-diesel-cat_ma13mo18482-2f062078-7c00-4f08-9bd6-1bde120653d2,BMW,120,120d xdrive Msport 5p auto,27000,90000,Semiautomatico,01/2022,Diesel,140 kW (190 CV),"Privato,IT-84036 sala consilina",Privato
BMW 118 d MSport Pro auto,https://www.autoscout24.it/annunci/bmw-118-d-msport-pro-auto-diesel-nero-cat_ma13mo18481-9af64479-df48-4136-a24c-f2f4bc43eee3,BMW,118,d MSport Pro auto,28000,22973,Automatico,05/2025,Diesel,110 kW (150 CV),BYmyCAR Milano • IT-20097 San Donato Milanese - Milano - MI,Rivenditore
BMW 120 120d Msport auto,https://www.autoscout24.it/annunci/bmw-120-120d-msport-auto-diesel-cat_ma13mo18482-c423a179-d930-40b1-9f9e-99206cb8a464,BMW,120,120d Msport auto,27000,68500,Automatico,07/2022,Diesel,140 kW (190 CV),"Privato,IT-00175 Roma",Privato
BMW M1 M1 - M135i - xdrive - F40,https://www.autoscout24.it/annunci/bmw-m1-m1-m135i-xdrive-f40-benzina-grigio-cat_ma13mo1667-cef52bed-37de-4921-be8c-f284e2809f36,BMW,M1,M1 - M135i - xdrive - F40,27500,44225,Automatico,04/2021,Benzina,225 kW (306 CV),"Privato,IT-80078 Pozzuoli",Privato
BMW 118 118d Msport auto,https://www.autoscout24.it/annunci/bmw-118-118d-msport-auto-diesel-cat_ma13mo18481-88f4bb19-453e-4d76-a9fe-0f6f6df3438d,BMW,118,118d Msport auto,27000,39000,Semiautomatico,04/2024,Diesel,110 kW (150 CV),"Privato,IT-00148 Roma",Privato
BMW 120 AZIENDALE,https://www.autoscout24.it/annunci/bmw-120-aziendale-elettrica-diesel-nero-cat_ma13mo18482-b85585df-3d71-4429-8e88-eb0723d5fb31,BMW,120,AZIENDALE,27950,23384,Automatico,05/2025,Elettrica/Diesel,110 kW (150 CV),Autoelier Srl - Sede di Moncalieri • IT-10024 Moncalieri - Torino - TO,Rivenditore
BMW 118 118d Msport auto,https://www.autoscout24.it/annunci/bmw-118-118d-msport-auto-diesel-cat_ma13mo18481-35e81918-424f-45f8-a1a3-e55db7267d1b,BMW,118,118d Msport auto,28000,50000,Semiautomatico,07/2023,Diesel,110 kW (150 CV),"Privato,IT-15076 Ovada",Privato
BMW 120 120 48V MSport auto,https://www.autoscout24.it/annunci/bmw-120-120-48v-msport-auto-elettrica-benzina-grigio-cat_ma13mo18482-cdd814f7-c70f-49b5-93d3-a295a50a0ee1,BMW,120,120 48V MSport auto,27500,17217,Automatico,11/2024,Elettrica/Benzina,115 kW (156 CV),Topcarsweb Srl • IT-10038 Verolengo,Rivenditore
BMW 118 118d Msport auto,https://www.autoscout24.it/annunci/bmw-118-118d-msport-auto-diesel-grigio-cat_ma13mo18481-9d66d04e-230f-45e8-986a-36bece309f62,BMW,118,118d Msport auto,27500,68767,Semiautomatico,06/2021,Diesel,110 kW (150 CV),"Privato,IT-00139 Roma",Privato
BMW 120 120d xdrive MSport aut.,https://www.autoscout24.it/annunci/bmw-120-120d-xdrive-msport-aut-diesel-nero-cat_ma13mo18482-05083073-f31b-4750-aaa7-20fc8e1967c4,BMW,120,120d xdrive MSport aut.,27000,89000,Automatico,05/2022,Diesel,140 kW (190 CV),De Rossi Srl • IT-31050 Vedelago – Tv,Rivenditore
BMW 118 118d Msport auto,https://www.autoscout24.it/annunci/bmw-118-118d-msport-auto-diesel-cat_ma13mo18481-c46bbac6-2374-41a3-9efb-0efc807efa1f,BMW,118,118d Msport auto,28000,46000,Semiautomatico,08/2022,Diesel,110 kW (150 CV),"Privato,IT-32034 Pedavena",Privato
"BMW 120 i Msport auto Shadow line 178cv 19"" 2023",https://www.autoscout24.it/annunci/bmw-120-i-msport-auto-shadow-line-178cv-19-2023-benzina-nero-cat_ma13mo18482-6f273a84-8677-4162-ba6d-5f47953db180,BMW,120,"i Msport auto Shadow line 178cv 19"" 2023",27900,38900,Automatico,05/2023,Benzina,131 kW (178 CV),AR Motor srls • IT-00077 Montecompatri - Roma - RM,Rivenditore
BMW 118 i 5p. Msport *TETTO APRIBILE/CERCHIO 19/SEDILI A GUSCIO/SHADOW-LINE*,https://www.autoscout24.it/annunci/bmw-118-i-5p-msport-tetto-apribile-cerchio-19-sedili-a-guscio-shadow-line-elettrica-benzina-grigio-cat_ma13mo18481-fb0dc603-2190-40e7-9adc-821764b0e71f,BMW,118,i 5p. Msport *TETTO APRIBILE/CERCHIO 19/SEDILI A GUSCIO/SHADOW-LINE*,27950,59456,Automatico,05/2024,Elettrica/Benzina,100 kW (136 CV),Europa Auto Srl • IT-20037 Paderno Dugnano - Milano - Mi,Rivenditore
BMW 128 ti,https://www.autoscout24.it/annunci/bmw-128-ti-benzina-cat_ma13mo75736-0b135651-bf53-454c-b1f3-70eb22cd376a,BMW,128,ti,28000,65000,Automatico,02/2021,Benzina,195 kW (265 CV),"Privato,IT-22100 Como",Privato
BMW 135 Serie 1 F40 M 135i xdrive auto,https://www.autoscout24.it/annunci/bmw-135-serie-1-f40-m-135i-xdrive-auto-benzina-cat_ma13mo19079-89b1bfc2-5a39-4cf8-a0e2-5e4b9af01057,BMW,135,Serie 1 F40 M 135i xdrive auto,28000,62000,Semiautomatico,01/2022,Benzina,225 kW (306 CV),"Privato,IT-20014 Nerviano",Privato
BMW 120 120d xdrive Msport auto,https://www.autoscout24.it/annunci/bmw-120-120d-xdrive-msport-auto-diesel-nero-cat_ma13mo18482-56f21130-f625-41ac-b223-fd61fd6ae9c8,BMW,120,120d xdrive Msport auto,27000,63000,Automatico,05/2022,Diesel,140 kW (190 CV),"Privato,IT-16036 Recco",Privato
BMW 135 M 135i 5p xdrive,https://www.autoscout24.it/annunci/bmw-135-m-135i-5p-xdrive-benzina-cat_ma13mo19079-557fa710-bdd0-4fb9-a5f0-3318b86a5ef0,BMW,135,M 135i 5p xdrive,28000,60000,Automatico,09/2021,Benzina,225 kW (306 CV),"Privato,IT-22016 Tremezzina",Privato
BMW 116 Serie 1 F40 116d Msport auto,https://www.autoscout24.it/annunci/bmw-116-serie-1-f40-116d-msport-auto-diesel-grigio-cat_ma13mo18480-11541cb3-ec88-43bc-adc4-6dd260d057e4,BMW,116,Serie 1 F40 116d Msport auto,27000,38000,Semiautomatico,07/2022,Diesel,85 kW (116 CV),"Privato,IT-15121 Alessandria",Privato
BMW 118 Serie 1 F40 118d ColorVision Edition auto,https://www.autoscout24.it/annunci/bmw-118-serie-1-f40-118d-colorvision-edition-auto-diesel-nero-cat_ma13mo18481-a4ae8d18-dd1d-48d3-a761-0426ddee7415,BMW,118,Serie 1 F40 118d ColorVision Edition auto,27700,50000,Semiautomatico,08/2023,Diesel,110 kW (150 CV),VM Car srls • IT-40010 Sala Bolognese - Bologna - BO,Rivenditore
BMW 120 i Msport auto 2025 camera 360° 170cv,https://www.autoscout24.it/annunci/bmw-120-i-msport-auto-2025-camera-360-170cv-benzina-bianco-cat_ma13mo18482-4803de5d-7e8a-4ebc-a119-3acde53d74ef,BMW,120,i Msport auto 2025 camera 360° 170cv,27700,48300,Automatico,02/2025,Benzina,125 kW (170 CV),AR Motor srls • IT-00077 Montecompatri - Roma - RM,Rivenditore
BMW 118 118d 5 Porte MSport,https://www.autoscout24.it/annunci/bmw-118-118d-5-porte-msport-diesel-grigio-cat_ma13mo18481-f990b2d5-e66e-4fbb-9b7c-239057443fdf,BMW,118,118d 5 Porte MSport,27980,42135,Automatico,08/2023,Diesel,110 kW (150 CV),AutoVanti Bologna • IT-40033 Casalecchio di Reno - Bologna - Bo,Rivenditore
BMW 116 MSport Design,https://www.autoscout24.it/annunci/bmw-116-msport-design-benzina-nero-cat_ma13mo18480-a1b3805f-8011-421b-b385-3443b8cca553,BMW,116,MSport Design,27800,55000,Automatico,08/2025,Benzina,90 kW (122 CV),Pizzala Srl • IT-20013 Magenta - Milano - Mi,Rivenditore
BMW 120 120i M sport auto VARI COLORI E ALLESTIMENTI,https://www.autoscout24.it/annunci/bmw-120-120i-m-sport-auto-vari-colori-e-allestimenti-benzina-grigio-cat_ma13mo18482-29fd6538-7bdd-44d4-86fb-3f28163c3c9d,BMW,120,120i M sport auto VARI COLORI E ALLESTIMENTI,27900,21200,Automatico,11/2022,Benzina,131 kW (178 CV),Race Car Srl • IT-37040 Z.a.i. - Verona - VR,Rivenditore
BMW 118 118d Msport,https://www.autoscout24.it/annunci/bmw-118-118d-msport-diesel-cat_ma13mo18481-3ed37b19-9a09-4a61-a9b7-9701c541c965,BMW,118,118d Msport,27900,56400,Semiautomatico,10/2023,Diesel,110 kW (150 CV),"Privato,IT-33100 Udine",Privato
BMW 118 118i MSPORT pro 136cv auto,https://www.autoscout24.it/annunci/bmw-118-118i-msport-pro-136cv-auto-benzina-nero-cat_ma13mo18481-a71765a9-39a1-4d78-bf26-2031d1cf3cf0,BMW,118,118i MSPORT pro 136cv auto,27500,37900,Automatico,07/2023,Benzina,100 kW (136 CV),Topcarsweb Srl • IT-10038 Verolengo,Rivenditore
BMW 118 BMW SERIE 1 M SPORT LUXURY,https://www.autoscout24.it/annunci/bmw-118-bmw-serie-1-m-sport-luxury-diesel-nero-cat_ma13mo18481-7436a679-3565-42a7-9cea-c5223b7f7892,BMW,118,BMW SERIE 1 M SPORT LUXURY,28000,8300,Semiautomatico,04/2021,Diesel,110 kW (150 CV),"Privato,IT-05100 Terni",Privato
BMW 118 118i Msport 136cv auto,https://www.autoscout24.it/annunci/bmw-118-118i-msport-136cv-auto-benzina-cat_ma13mo18481-79967487-5191-41e4-b481-aa4888d08ad7,BMW,118,118i Msport 136cv auto,27000,42000,Automatico,01/2022,Benzina,100 kW (136 CV),"Privato,IT-00124 Roma",Privato
BMW 135 M 135i 5p xdrive E6,https://www.autoscout24.it/annunci/bmw-135-m-135i-5p-xdrive-e6-benzina-cat_ma13mo19079-ab3e5f7e-9a20-4694-a6c1-a083ed238a85,BMW,135,M 135i 5p xdrive E6,27500,73100,Automatico,11/2020,Benzina,225 kW (306 CV),"Privato,IT-40131 BOLOGNA",Privato
BMW 120 120d Msport Exterior auto,https://www.autoscout24.it/annunci/bmw-120-120d-msport-exterior-auto-diesel-cat_ma13mo18482-15188133-b3d5-445a-8a60-a45cb400c7f4,BMW,120,120d Msport Exterior auto,28000,69000,Semiautomatico,11/2022,Diesel,140 kW (190 CV),"Privato,IT-10043 Orbassano",Privato
BMW 118 118d Msport Exterior auto,https://www.autoscout24.it/annunci/bmw-118-118d-msport-exterior-auto-diesel-grigio-cat_ma13mo18481-b1f2fff7-9979-4a15-8d1f-ba83afc11054,BMW,118,118d Msport Exterior auto,28000,68000,Semiautomatico,11/2021,Diesel,110 kW (150 CV),"Privato,IT-41012 carpi",Privato
BMW 120 Serie 1 F40 120d Msport auto,https://www.autoscout24.it/annunci/bmw-120-serie-1-f40-120d-msport-auto-diesel-grigio-cat_ma13mo18482-fc048ae8-ad3e-45d5-bfe4-f97e0634f17e,BMW,120,Serie 1 F40 120d Msport auto,27499,42000,Semiautomatico,10/2022,Diesel,140 kW (190 CV),Fashion Car di Pinta Salvatore • IT-91026 Mazara Del Vallo - Tp,Rivenditore
BMW 135 Serie 1 F40 M 135i xdrive auto,https://www.autoscout24.it/annunci/bmw-135-serie-1-f40-m-135i-xdrive-auto-benzina-cat_ma13mo19079-dfd61d68-4481-4c6d-8592-8cf504bbacc2,BMW,135,Serie 1 F40 M 135i xdrive auto,27350,69300,Semiautomatico,04/2021,Benzina,225 kW (306 CV),"Privato,IT-26853 Caselle Lurani",Privato
BMW 120 2.0 Diesel 190CV E6 - 2022,https://www.autoscout24.it/annunci/bmw-120-2-0-diesel-190cv-e6-2022-diesel-grigio-cat_ma13mo18482-bdd735f2-6e45-42b7-92d3-625e3f6105fe,BMW,120,2.0 Diesel 190CV E6 - 2022,27899,54315,Automatico,10/2022,Diesel,140 kW (190 CV),Drive Srl • IT-00156 Roma - RM,Rivenditore
BMW 120 120d xdrive Msport auto,https://www.autoscout24.it/annunci/bmw-120-120d-xdrive-msport-auto-diesel-cat_ma13mo18482-4dfd0764-a01d-484f-ae03-5f848ac72ce2,BMW,120,120d xdrive Msport auto,27500,77600,Semiautomatico,01/2023,Diesel,140 kW (190 CV),"Privato,IT-16161 Genova",Privato
BMW 120 F40 Benzina 120i Msport auto,https://www.autoscout24.it/annunci/bmw-120-f40-benzina-120i-msport-auto-altro-grigio-cat_ma13mo18482-1b9b1f76-b39e-4643-b0c4-9b71fbd699bf,BMW,120,F40 Benzina 120i Msport auto,27500,63500,,07/2022,Altro,131 kW (178 CV),Stile Spa • IT-61100 Pesaro - Pu,Rivenditore
BMW 118 D 🚗🎁 F40 MSPORT - 2023,https://www.autoscout24.it/annunci/bmw-118-d-f40-msport-2023-diesel-cat_ma13mo18481-dc9893a8-0f5e-43cb-be34-0ea08e4b1645,BMW,118,D 🚗🎁 F40 MSPORT - 2023,27700,35000,Automatico,06/2023,Diesel,110 kW (150 CV),Coprom srls • IT-25013 Carpenedolo - BS,Rivenditore
BMW 120 M-SPORT LED NAVI VARI COLORI E ALLESTIMENTI,https://www.autoscout24.it/annunci/bmw-120-m-sport-led-navi-vari-colori-e-allestimenti-benzina-bianco-cat_ma13mo18482-accd540e-d4dd-469e-9d41-d86997be989c,BMW,120,M-SPORT LED NAVI VARI COLORI E ALLESTIMENTI,27900,18300,Automatico,08/2022,Benzina,140 kW (190 CV),Race Car Srl • IT-37040 Z.a.i. - Verona - VR,Rivenditore
BMW 135 Serie 1 F40M 135i xdrive auto,https://www.autoscout24.it/annunci/bmw-135-serie-1-f40m-135i-xdrive-auto-benzina-grigio-cat_ma13mo19079-9bc53777-8e39-4c73-a571-28c0cc78934d,BMW,135,Serie 1 F40M 135i xdrive auto,28000,97000,Semiautomatico,07/2020,Benzina,225 kW (306 CV),"Privato,IT-26817 San Martino in Strada",Privato
BMW 118 Serie 1 F40 118d Msport,https://www.autoscout24.it/annunci/bmw-118-serie-1-f40-118d-msport-diesel-nero-cat_ma13mo18481-62fb6915-c0b8-46a8-9580-bc91e3c30824,BMW,118,Serie 1 F40 118d Msport,28000,58000,Automatico,05/2023,Diesel,110 kW (150 CV),"Privato,IT-36100 Vicenza",Privato
"BMW 118 118i Msport 136cv auto M SPORT+18""+PREZZO REALE SENZA VINCOLO DI FINANZIAMENTO",https://www.autoscout24.it/annunci/bmw-118-118i-msport-136cv-auto-m-sport+18-+prezzo-reale-senza-vincolo-di-finanziamento-benzina-grigio-cat_ma13mo18481-928d1cc0-89c7-4499-9ad4-e5358f5a0f2e,BMW,118,"118i Msport 136cv auto M SPORT+18""+PREZZO REALE SENZA VINCOLO DI FINANZIAMENTO",27145,33061,Automatico,04/2023,Benzina,100 kW (136 CV),Emercar Srl • IT-27010 Vellezzo Bellini - PV,Rivenditore
BMW 118 i Serie 1       (F40)  5p. Msport,https://www.autoscout24.it/annunci/bmw-118-i-serie-1-f40-5p-msport-benzina-grigio-cat_ma13mo18481-ef140646-bc84-4f0d-a646-4df5b8609790,BMW,118,i Serie 1       (F40)  5p. Msport,27900,11000,Automatico,03/2024,Benzina,100 kW (136 CV),Race Srl • IT-55016 Capannori - Lucca - LU,Rivenditore
BMW 128 Serie 1 (F40) - 128ti 5p. Msport (TAGLIANDI UFFICI,https://www.autoscout24.it/annunci/bmw-128-serie-1-f40-128ti-5p-msport-tagliandi-uffici-benzina-bianco-cat_ma13mo75736-0ec9b88d-8b5f-4496-9032-d920a89b3691,BMW,128,Serie 1 (F40) - 128ti 5p. Msport (TAGLIANDI UFFICI,27900,52576,Automatico,12/2020,Benzina,195 kW (265 CV),TM Wagen Firenze srl • IT-50142 Firenze - FI,Rivenditore
BMW 118 Serie 1 F40118d Msport Exterior auto,https://www.autoscout24.it/annunci/bmw-118-serie-1-f40118d-msport-exterior-auto-diesel-grigio-cat_ma13mo18481-95254b7c-d58b-40b9-8275-6f784d08b4e4,BMW,118,Serie 1 F40118d Msport Exterior auto,27700,43000,Semiautomatico,11/2022,Diesel,110 kW (150 CV),"Privato,IT-95040 San Cono",Privato
BMW 120 120d msport auto,https://www.autoscout24.it/annunci/bmw-120-120d-msport-auto-diesel-grigio-cat_ma13mo18482-8c4ca150-2d99-40cf-8714-9ebc143e6bd6,BMW,120,120d msport auto,27800,53713,Automatico,02/2023,Diesel,140 kW (190 CV),Zentrum Bari Srl • IT-70132 Bari - BA,Rivenditore
BMW 118 118d  M Sport auto,https://www.autoscout24.it/annunci/bmw-118-118d-m-sport-auto-diesel-cat_ma13mo18481-c31857e8-8527-4fc9-857c-c1adce908de6,BMW,118,118d  M Sport auto,27500,52000,Automatico,09/2022,Diesel,110 kW (150 CV),"Privato,IT-10043 Orbassano",Privato
BMW 116 116i Msport Exterior auto,https://www.autoscout24.it/annunci/bmw-116-116i-msport-exterior-auto-benzina-cat_ma13mo18480-505e30cb-125e-47ba-89e7-261d9bebbb52,BMW,116,116i Msport Exterior auto,28000,17000,Semiautomatico,04/2024,Benzina,80 kW (109 CV),"Privato,IT-50142 Firenze",Privato
BMW 118 118d Msport auto,https://www.autoscout24.it/annunci/bmw-118-118d-msport-auto-diesel-grigio-cat_ma13mo18481-67eca1e9-bb40-4ba9-a831-145fd521a638,BMW,118,118d Msport auto,28000,23000,Semiautomatico,11/2023,Diesel,110 kW (150 CV),"Privato,IT-98037 Letojanni",Privato
BMW 118 118i Msport 5p auto anche per Neo-Patentati,https://www.autoscout24.it/annunci/bmw-118-118i-msport-5p-auto-anche-per-neo-patentati-benzina-nero-cat_ma13mo18481-938541ff-91f9-4f13-b430-d34d6f8db94f,BMW,118,118i Msport 5p auto anche per Neo-Patentati,27500,38768,Automatico,02/2022,Benzina,100 kW (136 CV),SportCar Sarzana • IT-19038 Sarzana - La Spezia - SP,Rivenditore
BMW 118 118d Msport auto,https://www.autoscout24.it/annunci/bmw-118-118d-msport-auto-diesel-cat_ma13mo18481-7a79fbfc-06e4-4dac-8538-bdb2019250a2,BMW,118,118d Msport auto,28000,29000,Semiautomatico,07/2023,Diesel,110 kW (150 CV),"Privato,IT-63074 san benedetto del tronto",Privato
BMW 135 F40 - M 135i xdrive auto,https://www.autoscout24.it/annunci/bmw-135-f40-m-135i-xdrive-auto-benzina-argento-cat_ma13mo19079-14d46dcf-a61f-47f5-83e2-7401b73b3a47,BMW,135,F40 - M 135i xdrive auto,27000,93906,Automatico,05/2022,Benzina,225 kW (306 CV),Barbuscia Spa • IT-65129 Pescara - Pe,Rivenditore
BMW 118 118d M Sport,https://www.autoscout24.it/annunci/bmw-118-118d-m-sport-diesel-nero-cat_ma13mo18481-a8857a17-0e09-44fd-a66d-44a3e64f555a,BMW,118,118d M Sport,27399,79019,Automatico,10/2024,Diesel,110 kW (150 CV),Autohero Italia srl • IT-00169 Roma,Rivenditore
BMW 116 116 auto neopatentato,https://www.autoscout24.it/annunci/bmw-116-116-auto-neopatentato-benzina-bianco-cat_ma13mo18480-1ccfd6d9-e73a-4b59-963d-bfdd65247239,BMW,116,116 auto neopatentato,27900,10900,Automatico,08/2025,Benzina,90 kW (122 CV),Race Srl • IT-55016 Capannori - Lucca - LU,Rivenditore
BMW 116 Serie 1 116d Business Advantage auto - AUTO KM0,https://www.autoscout24.it/annunci/bmw-116-serie-1-116d-business-advantage-auto-auto-km0-diesel-nero-cat_ma13mo18480-4d6206bb-f6ea-46f1-9249-4020c5ecd648,BMW,116,Serie 1 116d Business Advantage auto - AUTO KM0,27900,11,Automatico,03/2024,Diesel,85 kW (116 CV),Quadrifoglio Fvg Car Srl • IT-33010 Magnano in Riviera - Ud,Rivenditore
BMW 128 BMW 128TI,https://www.autoscout24.it/annunci/bmw-128-bmw-128ti-benzina-grigio-cat_ma13mo75736-cb618d1f-ab7e-421e-8e28-33a53a3f71e1,BMW,128,BMW 128TI,27900,70000,Semiautomatico,06/2021,Benzina,195 kW (265 CV),"Privato,IT-85050 Marsicovetere",Privato
BMW 118 118d Msport Exterior auto,https://www.autoscout24.it/annunci/bmw-118-118d-msport-exterior-auto-diesel-cat_ma13mo18481-8fa5775f-bb58-49c7-879c-8692fa32396c,BMW,118,118d Msport Exterior auto,27000,85300,Automatico,11/2022,Diesel,110 kW (150 CV),"Privato,IT-84025 Eboli",Privato
BMW 118 118d Msport Exterior auto,https://www.autoscout24.it/annunci/bmw-118-118d-msport-exterior-auto-diesel-cat_ma13mo18481-0170e9d1-9b05-4c40-8bf8-dacd9238606d,BMW,118,118d Msport Exterior auto,27500,26000,Semiautomatico,10/2022,Diesel,110 kW (150 CV),"Privato,IT-80019 qualiano",Privato
BMW 118 118d Msport auto,https://www.autoscout24.it/annunci/bmw-118-118d-msport-auto-diesel-cat_ma13mo18481-c9aca486-c1ca-459f-b09e-8c5fc178f444,BMW,118,118d Msport auto,27500,20000,Semiautomatico,10/2022,Diesel,110 kW (150 CV),"Privato,IT-80014 Giugliano in Campania",Privato
BMW 118 118d Msport auto,https://www.autoscout24.it/annunci/bmw-118-118d-msport-auto-diesel-cat_ma13mo18481-306565fd-776c-4355-9c3b-dca3a80bf731,BMW,118,118d Msport auto,28000,30000,Automatico,06/2024,Diesel,110 kW (150 CV),"Privato,IT-10146 Torino",Privato
BMW 118 Msport 2.0cc 150cv Auto Tetto Apribile CarPlay,https://www.autoscout24.it/annunci/bmw-118-msport-2-0cc-150cv-auto-tetto-apribile-carplay-diesel-cat_ma13mo18481-2dd8641f-927a-4bba-a75b-b78fb13887c9,BMW,118,Msport 2.0cc 150cv Auto Tetto Apribile CarPlay,27500,86316,Automatico,01/2022,Diesel,110 kW (150 CV),Matarese Automobili • IT-20047 Cusago- Milano,Rivenditore
BMW 120 i M-SPORT LED NAVI,https://www.autoscout24.it/annunci/bmw-120-i-m-sport-led-navi-benzina-bianco-cat_ma13mo18482-0c2e2aaa-9040-4aa5-afad-c28679735b68,BMW,120,i M-SPORT LED NAVI,27900,19300,Automatico,12/2022,Benzina,131 kW (178 CV),Race Car Srl • IT-37040 Z.a.i. - Verona - VR,Rivenditore
BMW 128 ti auto,https://www.autoscout24.it/annunci/bmw-128-ti-auto-benzina-nero-cat_ma13mo75736-02afa722-aa3c-424e-9ffd-2b543514ce2c,BMW,128,ti auto,27950,89000,Automatico,05/2021,Benzina,195 kW (265 CV),Farina Motors Srl • IT-20060 Liscate - Milano,Rivenditore
BMW 118 118d Msport auto,https://www.autoscout24.it/annunci/bmw-118-118d-msport-auto-diesel-cat_ma13mo18481-9baa17f4-3fe9-4a99-98a1-7839a6f39343,BMW,118,118d Msport auto,27000,79000,Semiautomatico,04/2023,Diesel,110 kW (150 CV),"Privato,IT-00071 Pomezia",Privato
BMW 118 Serie 1 F40 118d Msport auto,https://www.autoscout24.it/annunci/bmw-118-serie-1-f40-118d-msport-auto-diesel-nero-cat_ma13mo18481-9fe61d1a-0a9d-418f-9204-c6d7bea88358,BMW,118,Serie 1 F40 118d Msport auto,28000,15000,Automatico,04/2024,Diesel,110 kW (150 CV),Cmc Auto di Federico Aprosio • IT-00124 Roma - Rm,Rivenditore
BMW 118 118i,https://www.autoscout24.it/annunci/bmw-118-118i-benzina-cat_ma13mo18481-43615e12-9526-465c-8897-bede771d27c7,BMW,118,118i,28000,33000,Automatico,12/2024,Benzina,100 kW (136 CV),"Privato,IT-41058 vignola",Privato
BMW 118 118d Msport auto,https://www.autoscout24.it/annunci/bmw-118-118d-msport-auto-diesel-cat_ma13mo18481-5fc36788-3fd4-4b62-a104-1eea4f6bac58,BMW,118,118d Msport auto,27000,73000,Semiautomatico,05/2022,Diesel,110 kW (150 CV),"Privato,IT-00198 Roma",Privato
BMW 135 M 135i xDrive Colorvision Edition,https://www.autoscout24.it/annunci/bmw-135-m-135i-xdrive-colorvision-edition-benzina-grigio-cat_ma13mo19079-7dc0091f-43ca-47ac-ad55-3d6a2ef99b21,BMW,135,M 135i xDrive Colorvision Edition,27500,158000,Automatico,07/2022,Benzina,225 kW (306 CV),Motors Car • IT-72022 Latiano - Brindisi - BR,Rivenditore
BMW 135 M 135i xDrive,https://www.autoscout24.it/annunci/bmw-135-m-135i-xdrive-benzina-nero-cat_ma13mo19079-260a08c9-81ab-450e-9878-f62ea8ebdd98,BMW,135,M 135i xDrive,27900,95378,Automatico,06/2022,Benzina,225 kW (306 CV),Center Srl • IT-84131 Salerno - SA,Rivenditore
BMW 120 i SPORT 2.0 BENZ FULL OPTIONAL A/T F1 GD204XG,https://www.autoscout24.it/annunci/bmw-120-i-sport-2-0-benz-full-optional-a-t-f1-gd204xg-benzina-nero-cat_ma13mo18482-bfd968e8-9d6c-4c3b-97a4-cdd1b025774b,BMW,120,i SPORT 2.0 BENZ FULL OPTIONAL A/T F1 GD204XG,27900,17700,Automatico,12/2020,Benzina,131 kW (178 CV),I.M. Spa • IT-00040 Ariccia - Roma,Rivenditore
BMW 118 118d Msport auto,https://www.autoscout24.it/annunci/bmw-118-118d-msport-auto-diesel-bianco-cat_ma13mo18481-60f8105c-7db7-46e7-9a40-6896cb8d8f62,BMW,118,118d Msport auto,27750,50119,Automatico,01/2024,Diesel,110 kW (150 CV),Novauto Srl - • IT-21100 Varese,Rivenditore
BMW 128 BMW 128 TI,https://www.autoscout24.it/annunci/bmw-128-bmw-128-ti-benzina-bianco-cat_ma13mo75736-2ed29a62-5dda-4745-a0ba-eebc712a570d,BMW,128,BMW 128 TI,27000,102000,Manuale,12/2020,Benzina,195 kW (265 CV),"Privato,IT-30037 Scorzè",Privato
BMW 128 M Sport Ti,https://www.autoscout24.it/annunci/bmw-128-m-sport-ti-benzina-bianco-cat_ma13mo75736-96efccf9-801f-415a-acf2-52593434d78c,BMW,128,M Sport Ti,27999,86000,Automatico,06/2022,Benzina,195 kW (265 CV),"Privato,IT-47924 Rimini",Privato
BMW 118 118i Msport 5p auto,https://www.autoscout24.it/annunci/bmw-118-118i-msport-5p-auto-benzina-cat_ma13mo18481-81f9a80b-94c5-4a35-8ffc-027c06c043f1,BMW,118,118i Msport 5p auto,28000,19000,Automatico,04/2023,Benzina,100 kW (136 CV),"Privato,IT-80021 Afragola",Privato
BMW 118 118d M Sport,https://www.autoscout24.it/annunci/bmw-118-118d-m-sport-diesel-nero-cat_ma13mo18481-0f5af98f-95b5-4170-bd03-77360ecbfb88,BMW,118,118d M Sport,27399,79019,Automatico,10/2024,Diesel,110 kW (150 CV),Autohero Italia Srl • IT-37135 Verona - VR,Rivenditore
BMW 118 Diesel Msport 5p auto,https://www.autoscout24.it/annunci/bmw-118-diesel-msport-5p-auto-diesel-cat_ma13mo18481-a9bc9345-2efa-465a-bec9-9830f9312e14,BMW,118,Diesel Msport 5p auto,28000,133500,Semiautomatico,08/2021,Diesel,110 kW (150 CV),"Privato,IT-20037 Paderno Dugnano",Privato
BMW 135 M 135i 5p xdrive E6,https://www.autoscout24.it/annunci/bmw-135-m-135i-5p-xdrive-e6-benzina-nero-cat_ma13mo19079-c56c8845-2891-4e1c-8f90-713242bfd194,BMW,135,M 135i 5p xdrive E6,28000,81500,Automatico,05/2020,Benzina,235 kW (320 CV),"Privato,IT-35010 Curtarolo",Privato
BMW 135 M 135i 5p xdrive,https://www.autoscout24.it/annunci/bmw-135-m-135i-5p-xdrive-benzina-cat_ma13mo19079-fe4a8a32-1a16-46b3-87b4-70787fc68692,BMW,135,M 135i 5p xdrive,27500,90185,Automatico,07/2020,Benzina,225 kW (306 CV),"Privato,IT-28010 Divignano",Privato
BMW 118 118d Sport auto,https://www.autoscout24.it/annunci/bmw-118-118d-sport-auto-diesel-cat_ma13mo18481-af8c00e6-bd2b-4cfa-9b96-1db80cb23f67,BMW,118,118d Sport auto,27000,75000,Semiautomatico,01/2021,Diesel,110 kW (150 CV),"Privato,IT-31056 Treviso",Privato
BMW 118 118d Msport Exterior auto,https://www.autoscout24.it/annunci/bmw-118-118d-msport-exterior-auto-diesel-cat_ma13mo18481-35d33502-bbef-4203-aea9-4b2011a18096,BMW,118,118d Msport Exterior auto,28000,71000,Semiautomatico,09/2021,Diesel,110 kW (150 CV),"Privato,IT-33170 Pordenone",Privato
BMW 118 Serie 1 F40 118d Msport auto,https://www.autoscout24.it/annunci/bmw-118-serie-1-f40-118d-msport-auto-diesel-cat_ma13mo18481-d61e2ef0-e655-40c6-bb91-e1345fe6140b,BMW,118,Serie 1 F40 118d Msport auto,28000,30000,Semiautomatico,06/2024,Diesel,110 kW (150 CV),"Privato,IT-63851 Ortezzano",Privato
BMW 120 120d xdrive Msport auto,https://www.autoscout24.it/annunci/bmw-120-120d-xdrive-msport-auto-diesel-bianco-cat_ma13mo18482-4781a01d-b7b8-4802-a9c1-e28d470206f0,BMW,120,120d xdrive Msport auto,28000,85642,Automatico,03/2021,Diesel,140 kW (190 CV),"Privato,IT-60024 Filottrano",Privato
BMW 118 Serie 1 F40 118d Msport auto,https://www.autoscout24.it/annunci/bmw-118-serie-1-f40-118d-msport-auto-diesel-bianco-cat_ma13mo18481-4be992e9-3897-456b-9160-d8fc5f07b7a1,BMW,118,Serie 1 F40 118d Msport auto,27500,73000,Semiautomatico,12/2021,Diesel,110 kW (150 CV),"Privato,IT-90040 Capaci",Privato
BMW 120 120d Msport auto,https://www.autoscout24.it/annunci/bmw-120-120d-msport-auto-diesel-grigio-cat_ma13mo18482-8f122bf6-cb32-4463-b377-b494852a8efa,BMW,120,120d Msport auto,27900,120000,Automatico,01/2021,Diesel,140 kW (190 CV),"Privato,IT-09170 Oristano",Privato
BMW 118 118d MSport,https://www.autoscout24.it/annunci/bmw-118-118d-msport-diesel-grigio-cat_ma13mo18481-bca3a17f-1e35-4e59-87b3-010f25ac3326,BMW,118,118d MSport,27999,42160,Automatico,05/2024,Diesel,110 kW (150 CV),CLD Auto Srl • IT-10147 Torino,Rivenditore
BMW 118 118i Msport 136cv,https://www.autoscout24.it/annunci/bmw-118-118i-msport-136cv-benzina-nero-cat_ma13mo18481-19184753-c15e-45e3-9630-b9a3fce6b678,BMW,118,118i Msport 136cv,27900,56822,Automatico,06/2023,Benzina,100 kW (136 CV),Autoclub Center • IT-41123 Modena - MO,Rivenditore
BMW 116 Serie 1 F40 116d Msport auto,https://www.autoscout24.it/annunci/bmw-116-serie-1-f40-116d-msport-auto-diesel-bianco-cat_ma13mo18480-f9a36de5-9ab1-4f65-8362-6c2b9f78223c,BMW,116,Serie 1 F40 116d Msport auto,28000,35500,Semiautomatico,05/2024,Diesel,85 kW (116 CV),"Privato,IT-47522 Cesena",Privato
BMW 135 M135i xDrive,https://www.autoscout24.it/annunci/bmw-135-m135i-xdrive-benzina-blu-azzurro-cat_ma13mo19079-3b772e04-ce61-4128-bb23-fbee7fd61d53,BMW,135,M135i xDrive,27299,74291,Automatico,06/2020,Benzina,225 kW (306 CV),Autohero Italia Srl • IT-37135 Verona - VR,Rivenditore
BMW 135 M 135i xdrive auto,https://www.autoscout24.it/annunci/bmw-135-m-135i-xdrive-auto-benzina-cat_ma13mo19079-1373b74f-e95c-4558-9c23-f2608361f395,BMW,135,M 135i xdrive auto,28000,110000,Semiautomatico,06/2022,Benzina,225 kW (306 CV),"Privato,IT-00172 roma",Privato
BMW 120 d xdrive Msport auto ***sedili sportivi***,https://www.autoscout24.it/annunci/bmw-120-d-xdrive-msport-auto-sedili-sportivi-diesel-bianco-cat_ma13mo18482-f93a00a0-5590-4775-ab3c-68f8b308bced,BMW,120,d xdrive Msport auto ***sedili sportivi***,27499,122000,Automatico,07/2023,Diesel,140 kW (190 CV),Paternostro Automobili di Paternostro Pasquale • IT-85038 Senise PZ,Rivenditore
BMW 118 118 i 5p. Msport,https://www.autoscout24.it/annunci/bmw-118-118-i-5p-msport-benzina-grigio-cat_ma13mo18481-0d6dd4b3-6544-4de2-9d07-91dc9f038147,BMW,118,118 i 5p. Msport,27900,14400,Automatico,11/2024,Benzina,103 kW (140 CV),Autosport Srl • IT-10040 Leini - Torino,Rivenditore
BMW 118 118d Msport auto,https://www.autoscout24.it/annunci/bmw-118-118d-msport-auto-diesel-nero-cat_ma13mo18481-4d8ba600-f253-44c7-9129-0642afbd38f9,BMW,118,118d Msport auto,27600,40592,Automatico,04/2024,Diesel,110 kW (150 CV),Ambrosi Spa • IT-06073 Corciano - Perugia - Pg,Rivenditore
BMW 120 M 135i xDrive,https://www.autoscout24.it/annunci/bmw-120-m-135i-xdrive-benzina-bianco-cat_ma13mo18482-cc4aa026-e9e9-4143-97fd-22352eec6822,BMW,120,M 135i xDrive,27900,108593,Automatico,01/2021,Benzina,225 kW (306 CV),New Car Srl • IT-89135 Catona - Reggio Calabria - Rc,Rivenditore
BMW 118 118d M Sport,https://www.autoscout24.it/annunci/bmw-118-118d-m-sport-diesel-nero-cat_ma13mo18481-376d1780-ddc3-4f7f-b9ed-8f5223000739,BMW,118,118d M Sport,27399,79019,Automatico,10/2024,Diesel,110 kW (150 CV),Autohero Italia srl • IT-40131 Bologna,Rivenditore
BMW 116 116d Msport Exterior auto,https://www.autoscout24.it/annunci/bmw-116-116d-msport-exterior-auto-diesel-grigio-cat_ma13mo18480-6bc23433-1cb3-4522-b26f-1cfe6ec4b01c,BMW,116,116d Msport Exterior auto,27960,38143,Automatico,11/2024,Diesel,85 kW (116 CV),AutoVanti Saronno srl • IT-21047 Saronno - Varese - VA,Rivenditore
BMW 118 118d Msport auto,https://www.autoscout24.it/annunci/bmw-118-118d-msport-auto-diesel-cat_ma13mo18481-8fc17b28-1ca7-4cf3-965b-28bc245cf3f1,BMW,118,118d Msport auto,27900,40000,Semiautomatico,05/2020,Diesel,110 kW (150 CV),"Privato,IT-80010 Napoli",Privato
BMW 120 i M-SPORT LED VARI COLORI DISPONIBILI,https://www.autoscout24.it/annunci/bmw-120-i-m-sport-led-vari-colori-disponibili-benzina-grigio-cat_ma13mo18482-a504ec82-b2b7-42ed-bd06-ac81d573cd0e,BMW,120,i M-SPORT LED VARI COLORI DISPONIBILI,27900,19700,Automatico,12/2022,Benzina,131 kW (178 CV),Race Car Srl • IT-37040 Z.a.i. - Verona - VR,Rivenditore
BMW 118 118d M Sport,https://www.autoscout24.it/annunci/bmw-118-118d-m-sport-diesel-nero-cat_ma13mo18481-85eaf0bf-b5c3-437f-8c68-26e8078bc90a,BMW,118,118d M Sport,27399,79019,Automatico,10/2024,Diesel,110 kW (150 CV),Autohero Italia Srl • IT-20155 Milano - Mi,Rivenditore
BMW 118 Serie 1 F40 118i Msport 136cv auto,https://www.autoscout24.it/annunci/bmw-118-serie-1-f40-118i-msport-136cv-auto-benzina-bianco-cat_ma13mo18481-035230c4-6493-4d54-9f0b-ba3560fde708,BMW,118,Serie 1 F40 118i Msport 136cv auto,28000,62000,Automatico,12/2023,Benzina,100 kW (136 CV),"Privato,IT-20146 Milano",Privato
BMW 116 d Msport,https://www.autoscout24.it/annunci/bmw-116-d-msport-diesel-bianco-cat_ma13mo18480-8f93fb18-5847-403a-8b81-cb78d1fc9073,BMW,116,d Msport,27500,49360,Manuale,04/2024,Diesel,85 kW (116 CV),Gino Spa • IT-57121 Livorno - Li,Rivenditore
BMW 118 Serie 1 F40 118d Msport colore Storm Bay,https://www.autoscout24.it/annunci/bmw-118-serie-1-f40-118d-msport-colore-storm-bay-diesel-blu-azzurro-cat_ma13mo18481-2afbaaaf-d9a2-479f-be00-c3e42cdb77fd,BMW,118,Serie 1 F40 118d Msport colore Storm Bay,28000,64000,Semiautomatico,12/2022,Diesel,110 kW (150 CV),"Privato,IT-00100 Roma",Privato
BMW 118 118d M Sport,https://www.autoscout24.it/annunci/bmw-118-118d-m-sport-diesel-nero-cat_ma13mo18481-84b3eb48-cd6f-4592-a881-11900c29f24d,BMW,118,118d M Sport,27399,79019,Automatico,10/2024,Diesel,110 kW (150 CV),AutoHero italia Srl • IT-07100 Sassari - SS,Rivenditore
BMW 135 M135i xDrive,https://www.autoscout24.it/annunci/bmw-135-m135i-xdrive-benzina-blu-azzurro-cat_ma13mo19079-f194f7dd-7247-4998-9f07-f286548ae251,BMW,135,M135i xDrive,27299,74291,Automatico,06/2020,Benzina,225 kW (306 CV),Autohero Italia Srl - Torino • IT-10092 Beinasco - TO,Rivenditore
BMW 116 d Msport auto,https://www.autoscout24.it/annunci/bmw-116-d-msport-auto-diesel-bianco-cat_ma13mo18480-fbb06c12-08e0-4c7e-80e9-0cc1117b5a3b,BMW,116,d Msport auto,27300,72000,Automatico,01/2023,Diesel,85 kW (116 CV),Gino Spa • IT-12100 Cuneo - CN,Rivenditore
BMW 120 Serie 1 F40 120d auto,https://www.autoscout24.it/annunci/bmw-120-serie-1-f40-120d-auto-diesel-cat_ma13mo18482-1e67680f-c5cf-42e6-ac72-606f7f7998db,BMW,120,Serie 1 F40 120d auto,28000,100000,Semiautomatico,01/2021,Diesel,140 kW (190 CV),"Privato,IT-20153 Milano",Privato
BMW 135 M135i xDrive,https://www.autoscout24.it/annunci/bmw-135-m135i-xdrive-benzina-blu-azzurro-cat_ma13mo19079-8ccab6b6-b8f9-40f4-beff-e7b857a2a19b,BMW,135,M135i xDrive,27299,74291,Automatico,06/2020,Benzina,225 kW (306 CV),Autohero Italia Srl - Livorno • IT-57014 Stagno - Livorno - LI,Rivenditore
BMW 118 118i Msport 5p auto,https://www.autoscout24.it/annunci/bmw-118-118i-msport-5p-auto-benzina-bianco-cat_ma13mo18481-07c19ab0-8509-490f-87b6-edae22990ed3,BMW,118,118i Msport 5p auto,27800,38600,Automatico,04/2021,Benzina,100 kW (136 CV),"Privato,IT-09045 Quartu Sant'Elena",Privato
BMW 118 118d Msport Exterior auto,https://www.autoscout24.it/annunci/bmw-118-118d-msport-exterior-auto-diesel-cat_ma13mo18481-7e232309-7da7-4a85-a198-8ee58f5b83eb,BMW,118,118d Msport Exterior auto,27400,74000,Semiautomatico,09/2022,Diesel,110 kW (150 CV),"Privato,IT-47921 Rimini",Privato
BMW 118 PRONTA CONSEGNA SEDILI GUSCIO F40 118d Msport auto,https://www.autoscout24.it/annunci/bmw-118-pronta-consegna-sedili-guscio-f40-118d-msport-auto-diesel-blu-azzurro-cat_ma13mo18481-5c54d49e-5e8a-4d47-8a04-b48b1ebc7d71,BMW,118,PRONTA CONSEGNA SEDILI GUSCIO F40 118d Msport auto,27400,63000,Automatico,07/2022,Diesel,110 kW (150 CV),Topcarsweb Srl • IT-10038 Verolengo,Rivenditore
BMW 118 118d Msport,https://www.autoscout24.it/annunci/bmw-118-118d-msport-diesel-bianco-cat_ma13mo18481-8a09ae64-b5a8-40d5-9ff3-37d327afaf09,BMW,118,118d Msport,28000,60000,Manuale,11/2023,Diesel,110 kW (150 CV),"Privato,IT-95030 Pedara",Privato
BMW 120 N/A,https://www.autoscout24.it/annunci/bmw-120-diesel-grigio-cat_ma13mo18482-23370a81-35bd-44e4-aa4c-d3b4d5f5e93d,BMW,120,N/A,28000,100000,Automatico,01/2021,Diesel,140 kW (190 CV),"Privato,IT-20153 Milano",Privato
BMW 118 d Msport auto,https://www.autoscout24.it/annunci/bmw-118-d-msport-auto-diesel-grigio-cat_ma13mo18481-38a0ca05-2e68-4434-bbc1-32192cfcfc12,BMW,118,d Msport auto,27800,52000,Automatico,10/2021,Diesel,110 kW (150 CV),Hobby Cars Srl • IT-84084 Fisciano - Salerno - Sa,Rivenditore
BMW 118 118i 5p. Msport,https://www.autoscout24.it/annunci/bmw-118-118i-5p-msport-benzina-nero-cat_ma13mo18481-099a8e57-7678-4263-ade9-6d8afcfd2a42,BMW,118,118i 5p. Msport,27900,57402,Automatico,03/2023,Benzina,100 kW (136 CV),Segreto Automobili • IT-20040 Cambiago - Milano,Rivenditore
BMW 135 M135i xDrive,https://www.autoscout24.it/annunci/bmw-135-m135i-xdrive-benzina-blu-azzurro-cat_ma13mo19079-10e9e46d-5f13-4a87-9b6d-41dd8257d535,BMW,135,M135i xDrive,27299,74291,Automatico,06/2020,Benzina,225 kW (306 CV),AutoHero Italia Srl • IT-09122 Cagliari  - CA,Rivenditore
BMW 118 i Msport auto,https://www.autoscout24.it/annunci/bmw-118-i-msport-auto-benzina-blu-azzurro-cat_ma13mo18481-4ed81c6d-5a3f-4dd6-92f4-350ce73155ec,BMW,118,i Msport auto,27500,53790,Automatico,03/2022,Benzina,103 kW (140 CV),Lario Bergauto Spa • IT-23900 Lecco - Lc,Rivenditore
BMW 135 M135i xDrive,https://www.autoscout24.it/annunci/bmw-135-m135i-xdrive-benzina-blu-azzurro-cat_ma13mo19079-5ab09e74-24d2-4f7a-9d41-68dace016cf4,BMW,135,M135i xDrive,27299,74291,Automatico,06/2020,Benzina,225 kW (306 CV),Autohero Italia Srl • IT-20155 Milano - Mi,Rivenditore
BMW 118 118d Msport auto,https://www.autoscout24.it/annunci/bmw-118-118d-msport-auto-diesel-cat_ma13mo18481-3b54fd36-ae6b-4837-942f-786b14984e76,BMW,118,118d Msport auto,27000,60500,Semiautomatico,07/2021,Diesel,110 kW (150 CV),"Privato,IT-81031 aversa",Privato
BMW 118 Serie 1 118d Msport auto,https://www.autoscout24.it/annunci/bmw-118-serie-1-118d-msport-auto-diesel-bianco-cat_ma13mo18481-9bc459a1-b5cf-4a16-bb24-09070a9b81f0,BMW,118,Serie 1 118d Msport auto,27950,39900,Automatico,01/2023,Diesel,110 kW (150 CV),Club Srl • IT-81024 Maddaloni - Caserta - CE,Rivenditore
BMW 118 118d M Sport,https://www.autoscout24.it/annunci/bmw-118-118d-m-sport-diesel-nero-cat_ma13mo18481-ede0771c-e8c3-4b60-b5e4-d3e147181d5b,BMW,118,118d M Sport,27399,79019,Automatico,10/2024,Diesel,110 kW (150 CV),Autohero Italia Srl - Torino • IT-10092 Beinasco - TO,Rivenditore
BMW 118 118d Advantage 5p auto,https://www.autoscout24.it/annunci/bmw-118-118d-advantage-5p-auto-diesel-cat_ma13mo18481-425a612f-49f9-44be-a6f8-d585a2710186,BMW,118,118d Advantage 5p auto,27700,38830,Semiautomatico,10/2020,Diesel,110 kW (150 CV),"Privato,IT-74023 Grottaglie",Privato
BMW 135 M135i xDrive,https://www.autoscout24.it/annunci/bmw-135-m135i-xdrive-benzina-blu-azzurro-cat_ma13mo19079-be438c5d-eb8e-4263-bf61-82757226445f,BMW,135,M135i xDrive,27299,74291,Automatico,06/2020,Benzina,225 kW (306 CV),Autohero Italia srl • IT-40131 Bologna,Rivenditore
BMW 120 d Msport Auto,https://www.autoscout24.it/annunci/bmw-120-d-msport-auto-diesel-nero-cat_ma13mo18482-7754276f-17fc-4cb8-9ebd-56a0bc2933cf,BMW,120,d Msport Auto,27900,47450,Manuale,11/2022,Diesel,140 kW (190 CV),Mixauto Srl • IT-04100 Borgo Piave - Latina - Lt,Rivenditore
BMW 118 Msport 136cv auto,https://www.autoscout24.it/annunci/bmw-118-msport-136cv-auto-benzina-marrone-cat_ma13mo18481-29e341d6-4e99-4d98-953b-7818dfc9db5d,BMW,118,Msport 136cv auto,27990,57000,Automatico,02/2024,Benzina,100 kW (136 CV),M-M Motors Roma Centro - Fenice SRLS • IT-00159 Roma - RM,Rivenditore
BMW 116 116d Msport Exterior auto,https://www.autoscout24.it/annunci/bmw-116-116d-msport-exterior-auto-diesel-cat_ma13mo18480-30ae063b-e611-4ef2-98ec-b7063c0d4dc1,BMW,116,116d Msport Exterior auto,27000,85000,Semiautomatico,12/2023,Diesel,85 kW (116 CV),"Privato,IT-73028 Otranto",Privato
BMW 116 Serie 1 F40 116d Msport auto,https://www.autoscout24.it/annunci/bmw-116-serie-1-f40-116d-msport-auto-diesel-bianco-cat_ma13mo18480-6ba93ad6-9c15-4b4d-bd93-9c46bb2484c8,BMW,116,Serie 1 F40 116d Msport auto,27500,32000,Semiautomatico,05/2022,Diesel,85 kW (116 CV),Autopiu' Srl • IT-10062 Luserna San Giovanni - Torino - TO,Rivenditore
BMW 135 M135i xDrive,https://www.autoscout24.it/annunci/bmw-135-m135i-xdrive-benzina-blu-azzurro-cat_ma13mo19079-228c0a17-b29c-47cc-9bee-fe2aa1ea2aba,BMW,135,M135i xDrive,27299,74291,Automatico,06/2020,Benzina,225 kW (306 CV),Autohero Italia srl • IT-00169 Roma,Rivenditore
BMW 118 i 5p. Msport,https://www.autoscout24.it/annunci/bmw-118-i-5p-msport-benzina-blu-azzurro-cat_ma13mo18481-9b1b4769-d670-4859-80c4-7173d0495e36,BMW,118,i 5p. Msport,27950,42700,Automatico,01/2021,Benzina,100 kW (136 CV),Eurotarget S.p.A. - Tu al centro • IT-40066 Pieve Di Cento - Bologna - Bo,Rivenditore
BMW 116 116i Msport auto,https://www.autoscout24.it/annunci/bmw-116-116i-msport-auto-benzina-cat_ma13mo18480-1a31b535-eaa1-4fb0-bfd5-8767c40c0e6e,BMW,116,116i Msport auto,28000,25000,Semiautomatico,11/2022,Benzina,80 kW (109 CV),"Privato,IT-59100 Prato (Toscana)",Privato
BMW 135 M 135i xdrive auto,https://www.autoscout24.it/annunci/bmw-135-m-135i-xdrive-auto-benzina-rosso-cat_ma13mo19079-b504edcc-61a0-40a4-a886-328202b91f08,BMW,135,M 135i xdrive auto,27900,115000,Semiautomatico,06/2020,Benzina,225 kW (306 CV),"Privato,IT-25064 Gussago",Privato
BMW 116 116d Business Advantage auto,https://www.autoscout24.it/annunci/bmw-116-116d-business-advantage-auto-diesel-grigio-cat_ma13mo18480-739ef25b-3555-4616-bd2d-d958839d05d5,BMW,116,116d Business Advantage auto,27900,95095,Automatico,06/2020,Diesel,85 kW (116 CV),Gruppo Ferrari Spa • IT-43126 Parma - Pr,Rivenditore
BMW 118 118d Msport auto TAGLIANDI BMW!,https://www.autoscout24.it/annunci/bmw-118-118d-msport-auto-tagliandi-bmw-diesel-bianco-cat_ma13mo18481-1d781cca-2c26-42fe-a721-9843d283a61d,BMW,118,118d Msport auto TAGLIANDI BMW!,27900,69000,Automatico,05/2021,Diesel,110 kW (150 CV),Automarotta dal 1975 srl • IT-82030 Limatola - Benevento - Bn,Rivenditore
BMW 120 120 MSport aut.,https://www.autoscout24.it/annunci/bmw-120-120-msport-aut-elettrica-benzina-nero-cat_ma13mo18482-0bcb91cd-3141-48a7-ac2f-f572a926cd04,BMW,120,120 MSport aut.,27900,11700,Automatico,06/2025,Elettrica/Benzina,125 kW (170 CV),Autosport Srl • IT-10040 Leini - Torino,Rivenditore
BMW 120 120i SPORT PARI AL NUOVO,https://www.autoscout24.it/annunci/bmw-120-120i-sport-pari-al-nuovo-benzina-nero-cat_ma13mo18482-f7980ade-d3b6-40bf-9dc3-19ed4ef81f1e,BMW,120,120i SPORT PARI AL NUOVO,28700,8900,Automatico,11/2025,Benzina,130 kW (177 CV),Vaiana Auto di Vaiana Claudia • IT-00156 Roma - RM,Rivenditore
BMW 120 i Nuovo Modello 156Cv MSport Pro Automatico Mild Hybrid 48v Head Up Display-ACC-Dash Cam-Telecam. 360°,https://www.autoscout24.it/annunci/bmw-120-i-nuovo-modello-156cv-msport-pro-automatico-mild-hybrid-48v-head-up-display-acc-dash-cam-telecam-360-elettrica-benzina-bianco-cat_ma13mo18482-c4241040-6c56-48c7-89e4-d9895cdb9e17,BMW,120,i Nuovo Modello 156Cv MSport Pro Automatico Mild Hybrid 48v Head Up Display-ACC-Dash Cam-Telecam. 360°,28900,63000,Automatico,03/2025,Elettrica/Benzina,115 kW (156 CV),Enne Esse Auto - Motorexpo Brescia • IT-25080 Nuvolento - BS,Rivenditore
BMW 118 Serie 1 Msport 136cv Auto,https://www.autoscout24.it/annunci/bmw-118-serie-1-msport-136cv-auto-benzina-nero-cat_ma13mo18481-65cfa6bb-c40b-4ab0-8a1c-54d2f422cdc6,BMW,118,Serie 1 Msport 136cv Auto,28999,61835,Automatico,03/2024,Benzina,100 kW (136 CV),Autoviemme Como Srl • IT-22070 Casnate Con Bernate - Como - Co,Rivenditore
BMW 118 d 5p. Msport Autom Cerchi da 19 uniprop!,https://www.autoscout24.it/annunci/bmw-118-d-5p-msport-autom-cerchi-da-19-uniprop-diesel-nero-cat_ma13mo18481-a1889f17-4272-40ec-b7cd-7fcf34458b42,BMW,118,d 5p. Msport Autom Cerchi da 19 uniprop!,28900,35000,Automatico,09/2023,Diesel,110 kW (150 CV),Stemar Snc • IT-10086 Rivarolo Canavese - Torino - To,Rivenditore
BMW 118 BMW 118d M SPORT PRO ACC/PARK/KAM,https://www.autoscout24.it/annunci/bmw-118-bmw-118d-m-sport-pro-acc-park-kam-diesel-grigio-cat_ma13mo18481-32adf465-9754-4e5f-aa6a-bd65c4b66c60,BMW,118,BMW 118d M SPORT PRO ACC/PARK/KAM,28660,27568,Automatico,04/2025,Diesel,110 kW (150 CV),Mgm Motors srl • IT-04012 Cisterna di Latina - Latina - Lt,Rivenditore
BMW 128 Msport,https://www.autoscout24.it/annunci/bmw-128-msport-benzina-bianco-cat_ma13mo75736-460d4251-8cca-4f56-b8f6-8bb50b4586ed,BMW,128,Msport,28700,10700,Semiautomatico,12/2022,Benzina,195 kW (265 CV),"Privato,IT-00100 roma",Privato
BMW 135 Serie 1 F40 M 135i xdrive,https://www.autoscout24.it/annunci/bmw-135-serie-1-f40-m-135i-xdrive-benzina-nero-cat_ma13mo19079-eccdae15-c08b-4388-b330-6893a1c7516e,BMW,135,Serie 1 F40 M 135i xdrive,28999,64000,Semiautomatico,06/2022,Benzina,225 kW (306 CV),B.S. Motors • IT-20081 Abbiategrasso,Rivenditore
BMW 118 d MSport Pro auto,https://www.autoscout24.it/annunci/bmw-118-d-msport-pro-auto-diesel-nero-cat_ma13mo18481-740811c3-2ef3-4aa0-9e52-319a31bd498f,BMW,118,d MSport Pro auto,28000,24384,Automatico,05/2025,Diesel,110 kW (150 CV),BYmyCAR Milano • IT-20097 San Donato Milanese - Milano - MI,Rivenditore
BMW 118 118d MSport auto,https://www.autoscout24.it/annunci/bmw-118-118d-msport-auto-diesel-cat_ma13mo18481-b2f8736c-dca0-46b9-aa5f-03af7d1c7532,BMW,118,118d MSport auto,28000,25000,Automatico,05/2024,Diesel,110 kW (150 CV),"Privato,IT-16162 Genova",Privato
BMW 128 128ti auto,https://www.autoscout24.it/annunci/bmw-128-128ti-auto-benzina-bianco-cat_ma13mo75736-c34722e8-60cd-4ed6-a1cc-e679c1728fd3,BMW,128,128ti auto,28890,50603,Automatico,08/2022,Benzina,195 kW (265 CV),AutoVanti Monza • IT-20900 Monza - Monza Brianza - Mb,Rivenditore
BMW 118 d MSport Pro auto,https://www.autoscout24.it/annunci/bmw-118-d-msport-pro-auto-diesel-nero-cat_ma13mo18481-9af64479-df48-4136-a24c-f2f4bc43eee3,BMW,118,d MSport Pro auto,28000,22973,Automatico,05/2025,Diesel,110 kW (150 CV),BYmyCAR Milano • IT-20097 San Donato Milanese - Milano - MI,Rivenditore
BMW 118 i 5p. Msport *TETTO APRIBILE/CERCHIO 19/SEDILI A GUSCIO/SHADOW-LINE*,https://www.autoscout24.it/annunci/bmw-118-i-5p-msport-tetto-apribile-cerchio-19-sedili-a-guscio-shadow-line-elettrica-benzina-grigio-cat_ma13mo18481-647a47d3-8c0f-4cf3-982a-32d97bb2b1be,BMW,118,i 5p. Msport *TETTO APRIBILE/CERCHIO 19/SEDILI A GUSCIO/SHADOW-LINE*,28950,46153,Automatico,05/2024,Elettrica/Benzina,100 kW (136 CV),Europa Auto Srl • IT-20037 Paderno Dugnano - Milano - Mi,Rivenditore
BMW 118 118i Msport 5p auto,https://www.autoscout24.it/annunci/bmw-118-118i-msport-5p-auto-benzina-nero-cat_ma13mo18481-1950b265-f869-4527-9cdb-6fa6949ef5e3,BMW,118,118i Msport 5p auto,28700,40000,Automatico,06/2022,Benzina,100 kW (136 CV),Shop Service Car srl • IT-47838 Riccione - Rimini - RN,Rivenditore
BMW 120 120d xdrive Msport auto,https://www.autoscout24.it/annunci/bmw-120-120d-xdrive-msport-auto-diesel-cat_ma13mo18482-93ef316a-e371-436e-a0c4-e9f3249d9e97,BMW,120,120d xdrive Msport auto,29000,39000,Semiautomatico,06/2021,Diesel,140 kW (190 CV),"Privato,IT-16044 genova",Privato
BMW 118 118d Msport auto,https://www.autoscout24.it/annunci/bmw-118-118d-msport-auto-diesel-cat_ma13mo18481-35e81918-424f-45f8-a1a3-e55db7267d1b,BMW,118,118d Msport auto,28000,50000,Semiautomatico,07/2023,Diesel,110 kW (150 CV),"Privato,IT-15076 Ovada",Privato
BMW 116 Serie 1 F70 MSport Design auto,https://www.autoscout24.it/annunci/bmw-116-serie-1-f70-msport-design-auto-benzina-bianco-cat_ma13mo18480-6cc2080d-b8ef-4d23-bef6-44a3e4b6d16f,BMW,116,Serie 1 F70 MSport Design auto,28900,17300,Automatico,05/2025,Benzina,90 kW (122 CV),"Privato,IT-28062 Cameri",Privato
BMW 118 118d Msport,https://www.autoscout24.it/annunci/bmw-118-118d-msport-diesel-cat_ma13mo18481-340d9ddb-2d44-49eb-bcc9-71df4cbebc43,BMW,118,118d Msport,29000,64000,Automatico,08/2022,Diesel,110 kW (150 CV),"Privato,IT-22013 Vercana",Privato
BMW 120 120i Msport auto,https://www.autoscout24.it/annunci/bmw-120-120i-msport-auto-benzina-grigio-cat_ma13mo18482-df5bd439-6da7-4766-87a8-939933aac138,BMW,120,120i Msport auto,28500,30000,Automatico,05/2024,Benzina,131 kW (178 CV),Topcarsweb Srl • IT-10038 Verolengo,Rivenditore
BMW 118 118i Msport 5p auto,https://www.autoscout24.it/annunci/bmw-118-118i-msport-5p-auto-benzina-cat_ma13mo18481-7edb86e8-8381-4d4f-b817-08f6a954ef51,BMW,118,118i Msport 5p auto,29000,48000,Automatico,12/2020,Benzina,100 kW (136 CV),"Privato,IT-24030 bergamo",Privato
BMW 118 118d Msport auto,https://www.autoscout24.it/annunci/bmw-118-118d-msport-auto-diesel-cat_ma13mo18481-c46bbac6-2374-41a3-9efb-0efc807efa1f,BMW,118,118d Msport auto,28000,46000,Semiautomatico,08/2022,Diesel,110 kW (150 CV),"Privato,IT-32034 Pedavena",Privato
BMW 118 118d MSport,https://www.autoscout24.it/annunci/bmw-118-118d-msport-diesel-cat_ma13mo18481-04aa5543-dbe3-4c4d-b46b-153f2be353c3,BMW,118,118d MSport,28900,53,Semiautomatico,04/2023,Diesel,110 kW (150 CV),"Privato,IT-26013 crema",Privato
BMW 128 ti,https://www.autoscout24.it/annunci/bmw-128-ti-benzina-cat_ma13mo75736-0b135651-bf53-454c-b1f3-70eb22cd376a,BMW,128,ti,28000,65000,Automatico,02/2021,Benzina,195 kW (265 CV),"Privato,IT-22100 Como",Privato
BMW 135 Serie 1 F40 M 135i xdrive auto,https://www.autoscout24.it/annunci/bmw-135-serie-1-f40-m-135i-xdrive-auto-benzina-cat_ma13mo19079-89b1bfc2-5a39-4cf8-a0e2-5e4b9af01057,BMW,135,Serie 1 F40 M 135i xdrive auto,28000,62000,Semiautomatico,01/2022,Benzina,225 kW (306 CV),"Privato,IT-20014 Nerviano",Privato
BMW 135 M 135i 5p xdrive,https://www.autoscout24.it/annunci/bmw-135-m-135i-5p-xdrive-benzina-cat_ma13mo19079-557fa710-bdd0-4fb9-a5f0-3318b86a5ef0,BMW,135,M 135i 5p xdrive,28000,60000,Automatico,09/2021,Benzina,225 kW (306 CV),"Privato,IT-22016 Tremezzina",Privato
"BMW 120 120i Msport auto M SPORT+18""+TELECAMERA+PREZZO REALE SENZA VINCOLO DI FINANZIAMENTO",https://www.autoscout24.it/annunci/bmw-120-120i-msport-auto-m-sport+18-+telecamera+prezzo-reale-senza-vincolo-di-finanziamento-benzina-grigio-cat_ma13mo18482-2790c8c5-89db-455f-974c-5d11cc04877d,BMW,120,"120i Msport auto M SPORT+18""+TELECAMERA+PREZZO REALE SENZA VINCOLO DI FINANZIAMENTO",28300,49353,Automatico,09/2022,Benzina,131 kW (178 CV),Emercar Srl • IT-27010 Vellezzo Bellini - PV,Rivenditore
BMW 118 d Msport auto,https://www.autoscout24.it/annunci/bmw-118-d-msport-auto-diesel-nero-cat_ma13mo18481-cb2ba326-d886-45f0-8cd2-4f759aac3520,BMW,118,d Msport auto,28900,57920,Automatico,07/2023,Diesel,110 kW (150 CV),Paciautoquattro spa • IT-05100 Terni -Tr,Rivenditore
BMW 135 M i xDrive,https://www.autoscout24.it/annunci/bmw-135-m-i-xdrive-benzina-nero-cat_ma13mo19079-e942be74-1e73-4734-96ef-6d7accd38d23,BMW,135,M i xDrive,28900,55700,Automatico,01/2021,Benzina,225 kW (306 CV),Autocentro Emmepi Srl • IT-00178 Roma - RM,Rivenditore
BMW 118 118d Aut. M Sport,https://www.autoscout24.it/annunci/bmw-118-118d-aut-m-sport-diesel-cat_ma13mo18481-23bd38bf-139a-491d-b30b-4f5c54dc8e5d,BMW,118,118d Aut. M Sport,28990,49000,Automatico,02/2024,Diesel,110 kW (150 CV),"Privato,IT-00119 Roma",Privato
BMW 118 i 5p. Msport *TETTO APRIBILE/CERCHIO 19/SEDILI A GUSCIO/SHADOW-LINE*,https://www.autoscout24.it/annunci/bmw-118-i-5p-msport-tetto-apribile-cerchio-19-sedili-a-guscio-shadow-line-elettrica-benzina-grigio-cat_ma13mo18481-0df5c055-46dd-4cc9-91f8-e5d44e0afe57,BMW,118,i 5p. Msport *TETTO APRIBILE/CERCHIO 19/SEDILI A GUSCIO/SHADOW-LINE*,28950,47153,Automatico,05/2024,Elettrica/Benzina,100 kW (136 CV),Europa Auto Srl • IT-20037 Paderno Dugnano - Milano - Mi,Rivenditore
BMW 135 M135 xDrive - Garanzia BMW,https://www.autoscout24.it/annunci/bmw-135-m135-xdrive-garanzia-bmw-benzina-nero-cat_ma13mo19079-a13b91d8-2d59-4d39-8d47-7a1cfe135de0,BMW,135,M135 xDrive - Garanzia BMW,29000,80000,Automatico,08/2022,Benzina,225 kW (306 CV),"Privato,IT-22030 Barni",Privato
BMW 118 118d Msport Exterior auto,https://www.autoscout24.it/annunci/bmw-118-118d-msport-exterior-auto-diesel-grigio-cat_ma13mo18481-b1f2fff7-9979-4a15-8d1f-ba83afc11054,BMW,118,118d Msport Exterior auto,28000,68000,Semiautomatico,11/2021,Diesel,110 kW (150 CV),"Privato,IT-41012 carpi",Privato
BMW 118 d Msport auto,https://www.autoscout24.it/annunci/bmw-118-d-msport-auto-diesel-grigio-cat_ma13mo18481-29dea35f-8d66-4882-9860-230626f68d38,BMW,118,d Msport auto,28500,33169,Semiautomatico,05/2024,Diesel,110 kW (150 CV),Autosile srl • IT-31020 Villorba - TV,Rivenditore
BMW 120 120d Msport Exterior auto,https://www.autoscout24.it/annunci/bmw-120-120d-msport-exterior-auto-diesel-cat_ma13mo18482-15188133-b3d5-445a-8a60-a45cb400c7f4,BMW,120,120d Msport Exterior auto,28000,69000,Semiautomatico,11/2022,Diesel,140 kW (190 CV),"Privato,IT-10043 Orbassano",Privato
BMW 118 118i Sport 136cv auto,https://www.autoscout24.it/annunci/bmw-118-118i-sport-136cv-auto-benzina-grigio-cat_ma13mo18481-642eb1bc-2f46-4e62-8d4d-a417988557d8,BMW,118,118i Sport 136cv auto,28900,45000,Semiautomatico,04/2022,Benzina,100 kW (136 CV),"Privato,IT-23887 Olgiate Molgora",Privato
BMW 118 d MSport Auto - VARI COLORI!,https://www.autoscout24.it/annunci/bmw-118-d-msport-auto-vari-colori-diesel-bianco-cat_ma13mo18481-243e74ed-97cf-4fbc-8cde-9442a1a3d4a1,BMW,118,d MSport Auto - VARI COLORI!,28900,20000,Automatico,12/2025,Diesel,110 kW (150 CV),Autostema srl • IT-35017 Piombino Dese - PD,Rivenditore
BMW 118 118d Msport Pro // Garanzia BMW // Pack Tagliandi,https://www.autoscout24.it/annunci/bmw-118-118d-msport-pro-garanzia-bmw-pack-tagliandi-diesel-cat_ma13mo18481-8eb1dab2-01f2-4a12-8d50-2bc717f3461c,BMW,118,118d Msport Pro // Garanzia BMW // Pack Tagliandi,28500,53000,Semiautomatico,07/2023,Diesel,110 kW (150 CV),"Privato,IT-48022 Lugo",Privato
"BMW 120 120i Msport auto Shadow line 2024 18"" tetto camera",https://www.autoscout24.it/annunci/bmw-120-120i-msport-auto-shadow-line-2024-18-tetto-camera-benzina-nero-cat_ma13mo18482-dd2577f6-d51b-47b9-9eaa-ca87ea1e0ff4,BMW,120,"120i Msport auto Shadow line 2024 18"" tetto camera",28990,47285,Automatico,09/2024,Benzina,131 kW (178 CV),AR Motor srls • IT-00077 Montecompatri - Roma - RM,Rivenditore
BMW 118 BMW SERIE 1 M SPORT LUXURY,https://www.autoscout24.it/annunci/bmw-118-bmw-serie-1-m-sport-luxury-diesel-nero-cat_ma13mo18481-7436a679-3565-42a7-9cea-c5223b7f7892,BMW,118,BMW SERIE 1 M SPORT LUXURY,28000,8300,Semiautomatico,04/2021,Diesel,110 kW (150 CV),"Privato,IT-05100 Terni",Privato
BMW 118 118d MSport Design auto,https://www.autoscout24.it/annunci/bmw-118-118d-msport-design-auto-diesel-cat_ma13mo18481-3f62c52b-0e2a-47fa-a8f0-efe4963e6008,BMW,118,118d MSport Design auto,29000,37000,Automatico,09/2024,Diesel,110 kW (150 CV),"Privato,IT-00168 roma",Privato
BMW 118 118d Msport auto,https://www.autoscout24.it/annunci/bmw-118-118d-msport-auto-diesel-cat_ma13mo18481-3403bfe9-0efb-4d09-97d5-8168c746f840,BMW,118,118d Msport auto,28500,45000,Semiautomatico,03/2023,Diesel,110 kW (150 CV),"Privato,IT-10043 Orbassano",Privato
BMW 128 MSport,https://www.autoscout24.it/annunci/bmw-128-msport-benzina-cat_ma13mo75736-6b5db0b4-9044-4729-84bd-20b117d11764,BMW,128,MSport,28900,65500,Automatico,01/2021,Benzina,195 kW (265 CV),"Privato,IT-88055 Taverna",Privato
BMW 118 118d Msport,https://www.autoscout24.it/annunci/bmw-118-118d-msport-diesel-grigio-cat_ma13mo18481-ab415921-cba4-4f7f-9999-46731433528f,BMW,118,118d Msport,28900,45000,Automatico,05/2024,Diesel,110 kW (150 CV),"Privato,IT-27100 Pavia",Privato
BMW 135 M 135i xdrive auto,https://www.autoscout24.it/annunci/bmw-135-m-135i-xdrive-auto-benzina-nero-cat_ma13mo19079-58002e8a-d71b-400a-83e4-8e9cf372d890,BMW,135,M 135i xdrive auto,28990,70036,Automatico,03/2021,Benzina,225 kW (306 CV),Gmg Spa • IT-50100 Firenze,Rivenditore
BMW 118 i 5p. Msport *TETTO APRIBILE/CERCHIO 19/SEDILI A GUSCIO/SHADOW-LINE*,https://www.autoscout24.it/annunci/bmw-118-i-5p-msport-tetto-apribile-cerchio-19-sedili-a-guscio-shadow-line-elettrica-benzina-bianco-cat_ma13mo18481-40bdc6e9-7c9c-40df-9934-63f7976f5176,BMW,118,i 5p. Msport *TETTO APRIBILE/CERCHIO 19/SEDILI A GUSCIO/SHADOW-LINE*,28950,42123,Automatico,05/2024,Elettrica/Benzina,100 kW (136 CV),Europa Auto Srl • IT-20037 Paderno Dugnano - Milano - Mi,Rivenditore
BMW 118 d MSport auto KM 19.800,https://www.autoscout24.it/annunci/bmw-118-d-msport-auto-km-19-800-diesel-nero-cat_ma13mo18481-bb5f559c-fe3c-43ba-a696-d4921df16f1e,BMW,118,d MSport auto KM 19.800,28990,19800,Automatico,04/2025,Diesel,110 kW (150 CV),Youdrive Srl • IT-80035 Nola - Napoli - Na,Rivenditore
BMW 120 120d xdrive Msport auto,https://www.autoscout24.it/annunci/bmw-120-120d-xdrive-msport-auto-diesel-cat_ma13mo18482-cf659129-aa3e-4ec8-b1c9-823a672f1899,BMW,120,120d xdrive Msport auto,29000,42300,Semiautomatico,01/2021,Diesel,140 kW (190 CV),"Privato,IT-04014 Pontinia (LT)",Privato
"BMW 120 120i Msport 5p AUTOMATICA, CERCHI BRUNITI! Prezzo Promo!",https://www.autoscout24.it/annunci/bmw-120-120i-msport-5p-automatica-cerchi-bruniti-prezzo-promo-benzina-cat_ma13mo18482-044785be-ce53-47f5-87a9-466410190a62,BMW,120,"120i Msport 5p AUTOMATICA, CERCHI BRUNITI! Prezzo Promo!",28950,51634,Automatico,07/2022,Benzina,130 kW (177 CV),Progetto Auto Snc • IT-20090 Pieve Emanuele - Milano - Mi,Rivenditore
BMW 128 Msport,https://www.autoscout24.it/annunci/bmw-128-msport-benzina-blu-azzurro-cat_ma13mo75736-63b45380-5e4a-4e4d-9efc-26d2d9e8dc35,BMW,128,Msport,28500,71500,Automatico,02/2022,Benzina,195 kW (265 CV),"Privato,IT-34137 trieste",Privato
BMW 120 i Nuovo Modello 156Cv MSport Pro Automatico Mild Hybrid 48v Harman KArdon-Head Up Display-ACC-Dash Cam-Telecam. 360°,https://www.autoscout24.it/annunci/bmw-120-i-nuovo-modello-156cv-msport-pro-automatico-mild-hybrid-48v-harman-kardon-head-up-display-acc-dash-cam-telecam-360-elettrica-benzina-grigio-cat_ma13mo18482-30a13fdc-36f4-4b1b-98a9-2a5866c61f01,BMW,120,i Nuovo Modello 156Cv MSport Pro Automatico Mild Hybrid 48v Harman KArdon-Head Up Display-ACC-Dash Cam-Telecam. 360°,28900,78000,Automatico,01/2025,Elettrica/Benzina,115 kW (156 CV),Enne Esse Auto - Motorexpo Brescia • IT-25080 Nuvolento - BS,Rivenditore
BMW 118 118d MSport,https://www.autoscout24.it/annunci/bmw-118-118d-msport-diesel-blu-azzurro-cat_ma13mo18481-65a519e8-e45b-4dab-89de-b5f75a215d83,BMW,118,118d MSport,28700,38039,Automatico,03/2025,Diesel,110 kW (150 CV),Frattin Group Srl • IT-36022 Cassola - Vi,Rivenditore
BMW 118 118d Msport Exterior auto,https://www.autoscout24.it/annunci/bmw-118-118d-msport-exterior-auto-diesel-cat_ma13mo18481-8cd668bc-bbf6-4145-940a-c796ab51d995,BMW,118,118d Msport Exterior auto,28999,32317,Semiautomatico,04/2024,Diesel,110 kW (150 CV),"Privato,IT-50055 Lastra a Signa",Privato
BMW 118 118d Msport,https://www.autoscout24.it/annunci/bmw-118-118d-msport-diesel-nero-cat_ma13mo18481-2577e9ff-ca01-4746-b67c-ab9e85ed896c,BMW,118,118d Msport,28500,25000,Automatico,10/2024,Diesel,110 kW (150 CV),"Privato,IT-74121 Taranto",Privato
BMW 118 Serie 1 F40 118d Msport,https://www.autoscout24.it/annunci/bmw-118-serie-1-f40-118d-msport-diesel-grigio-cat_ma13mo18481-4fe71350-e85a-4bd2-9485-a1d3e09cbedc,BMW,118,Serie 1 F40 118d Msport,28900,24200,Semiautomatico,03/2023,Diesel,110 kW (150 CV),"Privato,IT-51100 Pistoia",Privato
BMW 118 118i Msport 5p auto,https://www.autoscout24.it/annunci/bmw-118-118i-msport-5p-auto-benzina-cat_ma13mo18481-a4dc0c04-bcaa-4ee0-b263-e623342a693b,BMW,118,118i Msport 5p auto,28500,51000,Automatico,05/2020,Benzina,100 kW (136 CV),"Privato,IT-20063 cernusco sul naviglio",Privato
BMW 118 Serie 1 F40 118d Msport,https://www.autoscout24.it/annunci/bmw-118-serie-1-f40-118d-msport-diesel-nero-cat_ma13mo18481-62fb6915-c0b8-46a8-9580-bc91e3c30824,BMW,118,Serie 1 F40 118d Msport,28000,58000,Automatico,05/2023,Diesel,110 kW (150 CV),"Privato,IT-36100 Vicenza",Privato
BMW 118 118d Msport,https://www.autoscout24.it/annunci/bmw-118-118d-msport-diesel-bianco-cat_ma13mo18481-5e4a4b03-755b-4fe4-968a-ae040025ffec,BMW,118,118d Msport,28500,44174,Automatico,08/2023,Diesel,110 kW (150 CV),AutoVanti Brianza • IT-20832 Desio - Monza Brianza - Mb,Rivenditore
BMW 135 Serie 1 F40M 135i xdrive auto,https://www.autoscout24.it/annunci/bmw-135-serie-1-f40m-135i-xdrive-auto-benzina-grigio-cat_ma13mo19079-9bc53777-8e39-4c73-a571-28c0cc78934d,BMW,135,Serie 1 F40M 135i xdrive auto,28000,97000,Semiautomatico,07/2020,Benzina,225 kW (306 CV),"Privato,IT-26817 San Martino in Strada",Privato
BMW 120 Serie 1 F40 120d xdrive Msport auto,https://www.autoscout24.it/annunci/bmw-120-serie-1-f40-120d-xdrive-msport-auto-diesel-nero-cat_ma13mo18482-d8d5d663-ccf2-47a8-b53f-496abc427026,BMW,120,Serie 1 F40 120d xdrive Msport auto,28500,73000,Automatico,06/2021,Diesel,140 kW (190 CV),"Privato,IT-00166 Roma",Privato
BMW 118 d M Sport Design prezzo IVA COMPRESA,https://www.autoscout24.it/annunci/bmw-118-d-m-sport-design-prezzo-iva-compresa-diesel-nero-cat_ma13mo18481-c78395cb-e14c-4c51-b794-e5ed55b49d7a,BMW,118,d M Sport Design prezzo IVA COMPRESA,29000,17500,Automatico,03/2025,Diesel,110 kW (150 CV),KLM Auto Srl • IT-00178 Roma RM,Rivenditore
BMW 118 118d Msport auto,https://www.autoscout24.it/annunci/bmw-118-118d-msport-auto-diesel-cat_ma13mo18481-fc380f79-3489-4db4-94d4-3fd5abddf115,BMW,118,118d Msport auto,28900,57220,Semiautomatico,01/2024,Diesel,110 kW (150 CV),"Privato,IT-25124 Brescia",Privato
BMW 118 118d Msport auto,https://www.autoscout24.it/annunci/bmw-118-118d-msport-auto-diesel-cat_ma13mo18481-7a79fbfc-06e4-4dac-8538-bdb2019250a2,BMW,118,118d Msport auto,28000,29000,Semiautomatico,07/2023,Diesel,110 kW (150 CV),"Privato,IT-63074 san benedetto del tronto",Privato
BMW 120 BMW F40 120 D MSPORT XDRIVE 190CV 2023,https://www.autoscout24.it/annunci/bmw-120-bmw-f40-120-d-msport-xdrive-190cv-2023-diesel-bianco-cat_ma13mo18482-1ef4b505-2d03-4ca2-b182-6d956da46fac,BMW,120,BMW F40 120 D MSPORT XDRIVE 190CV 2023,28490,75000,Semiautomatico,04/2023,Diesel,140 kW (190 CV),Carweb Srl • IT-74024 Manduria- Taranto - TA,Rivenditore
BMW 128 ti,https://www.autoscout24.it/annunci/bmw-128-ti-benzina-nero-cat_ma13mo75736-bcb59773-c51b-4a2c-9db1-c6332f578be2,BMW,128,ti,29000,105886,,02/2023,Benzina,195 kW (265 CV),"Privato,IT-57016 Rosignano Marittimo",Privato
"BMW 128 TI 19"" ANDROID AUTO CRUISE ADATTIVO PERK CONTROL",https://www.autoscout24.it/annunci/bmw-128-ti-19-android-auto-cruise-adattivo-perk-control-benzina-nero-cat_ma13mo75736-f0de5861-bb78-4532-90ad-9f2db4e7c2f0,BMW,128,"TI 19"" ANDROID AUTO CRUISE ADATTIVO PERK CONTROL",29000,45000,Automatico,11/2021,Benzina,195 kW (265 CV),Auto Ferrario srl • IT-21024 Biandronno - Varese - VA,Rivenditore
BMW 118 118d Msport auto,https://www.autoscout24.it/annunci/bmw-118-118d-msport-auto-diesel-grigio-cat_ma13mo18481-67eca1e9-bb40-4ba9-a831-145fd521a638,BMW,118,118d Msport auto,28000,23000,Semiautomatico,11/2023,Diesel,110 kW (150 CV),"Privato,IT-98037 Letojanni",Privato
BMW 116 116i Msport Exterior auto,https://www.autoscout24.it/annunci/bmw-116-116i-msport-exterior-auto-benzina-cat_ma13mo18480-505e30cb-125e-47ba-89e7-261d9bebbb52,BMW,116,116i Msport Exterior auto,28000,17000,Semiautomatico,04/2024,Benzina,80 kW (109 CV),"Privato,IT-50142 Firenze",Privato
BMW 118 118d MSport auto,https://www.autoscout24.it/annunci/bmw-118-118d-msport-auto-diesel-cat_ma13mo18481-2ad0a2da-3f02-4391-9dcc-7188d0f14cac,BMW,118,118d MSport auto,29000,40993,Automatico,10/2024,Diesel,110 kW (150 CV),"Privato,IT-10036 Settimo torinese",Privato
"BMW 120 i Msport auto Shadow line tetto 178cv 19"" camera",https://www.autoscout24.it/annunci/bmw-120-i-msport-auto-shadow-line-tetto-178cv-19-camera-benzina-bianco-cat_ma13mo18482-e26577ea-791c-4657-8a78-33b0808ab7ed,BMW,120,"i Msport auto Shadow line tetto 178cv 19"" camera",28490,31789,Automatico,06/2022,Benzina,131 kW (178 CV),AR Motor srls • IT-00077 Montecompatri - Roma - RM,Rivenditore
BMW 118 Serie 1 F40 118d Msport auto,https://www.autoscout24.it/annunci/bmw-118-serie-1-f40-118d-msport-auto-diesel-nero-cat_ma13mo18481-9fe61d1a-0a9d-418f-9204-c6d7bea88358,BMW,118,Serie 1 F40 118d Msport auto,28000,15000,Automatico,04/2024,Diesel,110 kW (150 CV),Cmc Auto di Federico Aprosio • IT-00124 Roma - Rm,Rivenditore
BMW 118 118d Msport 5p auto,https://www.autoscout24.it/annunci/bmw-118-118d-msport-5p-auto-diesel-cat_ma13mo18481-05c4c887-d50e-4a81-87a7-31e964d7b070,BMW,118,118d Msport 5p auto,28500,53000,Semiautomatico,01/2023,Diesel,110 kW (150 CV),"Privato,IT-73100 lecce",Privato
BMW 118 d MSport,https://www.autoscout24.it/annunci/bmw-118-d-msport-diesel-bianco-cat_ma13mo18481-02c2c1f6-cd12-4031-a418-87e2617f54af,BMW,118,d MSport,28500,19500,Automatico,08/2025,Diesel,110 kW (150 CV),Autocentro Carrera Srl • IT-04022 Fondi - Latina - Lt,Rivenditore
BMW 120 120 48V,https://www.autoscout24.it/annunci/bmw-120-120-48v-elettrica-benzina-nero-cat_ma13mo18482-32c50e68-08a4-4277-a030-b1b9113af0bd,BMW,120,120 48V,28950,27500,Automatico,12/2024,Elettrica/Benzina,115 kW (156 CV),Eurotarget S.p.A. - Tu al centro • IT-40066 Pieve Di Cento - Bologna - Bo,Rivenditore
BMW 118 i Msport 136 cv + Sedili sportivi + Tetto apribile + Head-up Display,https://www.autoscout24.it/annunci/bmw-118-i-msport-136-cv-+-sedili-sportivi-+-tetto-apribile-+-head-up-display-benzina-bianco-cat_ma13mo18481-3209d1dd-1568-45e6-a149-15a8fc8a1596,BMW,118,i Msport 136 cv + Sedili sportivi + Tetto apribile + Head-up Display,28799,61621,Automatico,03/2024,Benzina,100 kW (136 CV),Autoviemme Olgiate S.r.l. • IT-22077 Olgiate Comasco - Como -  Co,Rivenditore
BMW 118 118d Msport auto,https://www.autoscout24.it/annunci/bmw-118-118d-msport-auto-diesel-cat_ma13mo18481-306565fd-776c-4355-9c3b-dca3a80bf731,BMW,118,118d Msport auto,28000,30000,Automatico,06/2024,Diesel,110 kW (150 CV),"Privato,IT-10146 Torino",Privato
BMW 118 d Msport auto,https://www.autoscout24.it/annunci/bmw-118-d-msport-auto-diesel-blu-azzurro-cat_ma13mo18481-23ae9dbf-1670-47fb-bf24-398efd409406,BMW,118,d Msport auto,28500,83400,Automatico,05/2024,Diesel,110 kW (150 CV),Giacchi Automobili Srl • IT-45100 Rovigo - RO,Rivenditore
BMW 118 Serie 1 F40118i Msport,https://www.autoscout24.it/annunci/bmw-118-serie-1-f40118i-msport-benzina-bianco-cat_ma13mo18481-f1df2a05-2772-4cd8-935b-72d7c0f43830,BMW,118,Serie 1 F40118i Msport,29000,50000,Semiautomatico,06/2023,Benzina,100 kW (136 CV),"Privato,IT-30174 Venezia",Privato
BMW 118 m sport,https://www.autoscout24.it/annunci/bmw-118-m-sport-diesel-cat_ma13mo18481-32910a07-e973-48ba-9f0b-ce69a1a6ae4b,BMW,118,m sport,28500,68000,Semiautomatico,10/2021,Diesel,110 kW (150 CV),"Privato,IT-42019 Scandiano",Privato
BMW 120 120d xdrive Msport auto,https://www.autoscout24.it/annunci/bmw-120-120d-xdrive-msport-auto-diesel-cat_ma13mo18482-c3f61bfd-1378-4927-9a10-9487c9882e31,BMW,120,120d xdrive Msport auto,29000,91000,Semiautomatico,12/2020,Diesel,140 kW (190 CV),"Privato,IT-09074 Ghilarza",Privato
BMW 135 M 135i xDrive,https://www.autoscout24.it/annunci/bmw-135-m-135i-xdrive-benzina-blu-azzurro-cat_ma13mo19079-4f07638b-93d5-411f-a726-95a2e3f6d55a,BMW,135,M 135i xDrive,28990,102000,Automatico,01/2021,Benzina,225 kW (306 CV),MotorMind srl • IT-43124 Parma - PR,Rivenditore
BMW 118 118i,https://www.autoscout24.it/annunci/bmw-118-118i-benzina-cat_ma13mo18481-43615e12-9526-465c-8897-bede771d27c7,BMW,118,118i,28000,33000,Automatico,12/2024,Benzina,100 kW (136 CV),"Privato,IT-41058 vignola",Privato
BMW 118 118d Msport Package M Spoiler,https://www.autoscout24.it/annunci/bmw-118-118d-msport-package-m-spoiler-diesel-cat_ma13mo18481-9fcfe7f7-281a-40c9-91de-dfc1ffe7ea40,BMW,118,118d Msport Package M Spoiler,28300,98000,Semiautomatico,09/2023,Diesel,110 kW (150 CV),"Privato,IT-39100 Bolzano",Privato
BMW 118 118d Msport auto,https://www.autoscout24.it/annunci/bmw-118-118d-msport-auto-diesel-blu-azzurro-cat_ma13mo18481-b7ba434d-c40c-4ff7-8267-241ebbbb182e,BMW,118,118d Msport auto,28250,71000,Semiautomatico,05/2021,Diesel,110 kW (150 CV),"Privato,IT-13045 Gattinara",Privato
BMW 118 118d MSport PREZZO VERO,https://www.autoscout24.it/annunci/bmw-118-118d-msport-prezzo-vero-diesel-bianco-cat_ma13mo18481-f052f92d-032b-4ef5-ac61-1c8be39a4f73,BMW,118,118d MSport PREZZO VERO,28500,30000,Automatico,05/2024,Diesel,110 kW (150 CV),Burni e C. Srl • IT-20062 Cassano D'Adda - Milano,Rivenditore
BMW 118 d Msport auto,https://www.autoscout24.it/annunci/bmw-118-d-msport-auto-diesel-nero-cat_ma13mo18481-4328261b-4533-4393-99c6-80a664a4ea05,BMW,118,d Msport auto,28500,22152,Automatico,12/2024,Diesel,110 kW (150 CV),Campello Motors • IT-30174 Mestre - Ve,Rivenditore
BMW 118 118i Msport 5p auto,https://www.autoscout24.it/annunci/bmw-118-118i-msport-5p-auto-benzina-cat_ma13mo18481-81f9a80b-94c5-4a35-8ffc-027c06c043f1,BMW,118,118i Msport 5p auto,28000,19000,Automatico,04/2023,Benzina,100 kW (136 CV),"Privato,IT-80021 Afragola",Privato
BMW 120 Serie 1 F40 120d xdrive Msport Exterior auto,https://www.autoscout24.it/annunci/bmw-120-serie-1-f40-120d-xdrive-msport-exterior-auto-diesel-bianco-cat_ma13mo18482-10a7cedb-7135-4ac0-b1ba-3a92ae6822ff,BMW,120,Serie 1 F40 120d xdrive Msport Exterior auto,28999,57419,Automatico,09/2021,Diesel,140 kW (190 CV),"Privato,IT-47121 Forlì",Privato
BMW 118 Diesel Msport 5p auto,https://www.autoscout24.it/annunci/bmw-118-diesel-msport-5p-auto-diesel-cat_ma13mo18481-a9bc9345-2efa-465a-bec9-9830f9312e14,BMW,118,Diesel Msport 5p auto,28000,133500,Semiautomatico,08/2021,Diesel,110 kW (150 CV),"Privato,IT-20037 Paderno Dugnano",Privato
BMW 128 Msport,https://www.autoscout24.it/annunci/bmw-128-msport-benzina-cat_ma13mo75736-eaad3eb6-805e-44dd-b49b-f1a6efd34952,BMW,128,Msport,29000,63000,Automatico,04/2021,Benzina,195 kW (265 CV),"Privato,IT-06035 Gualdo Cattaneo",Privato
BMW 120 120i M Sport,https://www.autoscout24.it/annunci/bmw-120-120i-m-sport-benzina-nero-cat_ma13mo18482-57557361-ed4e-47f2-af0a-88975b2e09ad,BMW,120,120i M Sport,28299,44641,Automatico,03/2023,Benzina,131 kW (178 CV),Autohero Italia Srl • IT-20155 Milano - Mi,Rivenditore
BMW 118 118d 5 Porte MSport,https://www.autoscout24.it/annunci/bmw-118-118d-5-porte-msport-diesel-grigio-cat_ma13mo18481-774902e5-9068-44cf-bb6e-8e2e06b22a2e,BMW,118,118d 5 Porte MSport,28980,30258,Automatico,08/2023,Diesel,110 kW (150 CV),AutoVanti Bologna • IT-40033 Casalecchio di Reno - Bologna - Bo,Rivenditore
BMW 120 120i M Sport,https://www.autoscout24.it/annunci/bmw-120-120i-m-sport-benzina-nero-cat_ma13mo18482-5f65cd70-32a8-484f-bf94-73ebfed83957,BMW,120,120i M Sport,28299,44641,Automatico,03/2023,Benzina,131 kW (178 CV),Autohero Italia srl • IT-00169 Roma,Rivenditore
BMW 135 M 135i xdrive auto,https://www.autoscout24.it/annunci/bmw-135-m-135i-xdrive-auto-benzina-cat_ma13mo19079-b7886136-caa9-4b92-b342-c8103e1d5600,BMW,135,M 135i xdrive auto,28500,103000,Semiautomatico,04/2021,Benzina,225 kW (306 CV),"Privato,IT-40054 bologna",Privato
BMW 118 118d Msport auto,https://www.autoscout24.it/annunci/bmw-118-118d-msport-auto-diesel-cat_ma13mo18481-eb50e003-a186-4934-a8bd-7af846237c15,BMW,118,118d Msport auto,28900,45000,Semiautomatico,02/2024,Diesel,110 kW (150 CV),"Privato,IT-96011 Augusta",Privato
BMW 120 120i M Sport,https://www.autoscout24.it/annunci/bmw-120-120i-m-sport-benzina-nero-cat_ma13mo18482-791830f8-632a-49cf-8957-ba8583e1acc2,BMW,120,120i M Sport,28299,44641,Automatico,03/2023,Benzina,131 kW (178 CV),Autohero Italia srl • IT-40131 Bologna,Rivenditore
BMW 135 M 135i 5p xdrive E6,https://www.autoscout24.it/annunci/bmw-135-m-135i-5p-xdrive-e6-benzina-nero-cat_ma13mo19079-c56c8845-2891-4e1c-8f90-713242bfd194,BMW,135,M 135i 5p xdrive E6,28000,81500,Automatico,05/2020,Benzina,235 kW (320 CV),"Privato,IT-35010 Curtarolo",Privato
BMW 118 118d Msport Exterior auto,https://www.autoscout24.it/annunci/bmw-118-118d-msport-exterior-auto-diesel-cat_ma13mo18481-35d33502-bbef-4203-aea9-4b2011a18096,BMW,118,118d Msport Exterior auto,28000,71000,Semiautomatico,09/2021,Diesel,110 kW (150 CV),"Privato,IT-33170 Pordenone",Privato
BMW 118 Bmw 118i F40 M Sport,https://www.autoscout24.it/annunci/bmw-118-bmw-118i-f40-m-sport-benzina-cat_ma13mo18481-6d043338-0863-47a4-b40f-a4fffb6f37fe,BMW,118,Bmw 118i F40 M Sport,28900,3600,Manuale,08/2023,Benzina,100 kW (136 CV),"Privato,IT-90011 Bagheria",Privato
BMW 118 118i 5p. Msport,https://www.autoscout24.it/annunci/bmw-118-118i-5p-msport-benzina-nero-cat_ma13mo18481-3bfa4ab6-2e6f-40b0-afdf-38e9d0b34ce6,BMW,118,118i 5p. Msport,28900,15000,Automatico,07/2024,Benzina,100 kW (136 CV),Autosport Srl • IT-10040 Leini - Torino,Rivenditore
BMW 120 120D MSPORT AUTO 5 PORTE BERLINA,https://www.autoscout24.it/annunci/bmw-120-120d-msport-auto-5-porte-berlina-diesel-cat_ma13mo18482-bed4bab6-a529-4a5e-b316-a6234cea6a30,BMW,120,120D MSPORT AUTO 5 PORTE BERLINA,28750,68014,Automatico,02/2023,Diesel,140 kW (190 CV),Ariel Car Casei Gerola • IT-27050 Casei Gerola,Rivenditore
BMW 120 120d xdrive Msport auto,https://www.autoscout24.it/annunci/bmw-120-120d-xdrive-msport-auto-diesel-bianco-cat_ma13mo18482-4781a01d-b7b8-4802-a9c1-e28d470206f0,BMW,120,120d xdrive Msport auto,28000,85642,Automatico,03/2021,Diesel,140 kW (190 CV),"Privato,IT-60024 Filottrano",Privato
BMW 118 Serie 1 F40 118d Msport auto,https://www.autoscout24.it/annunci/bmw-118-serie-1-f40-118d-msport-auto-diesel-cat_ma13mo18481-d61e2ef0-e655-40c6-bb91-e1345fe6140b,BMW,118,Serie 1 F40 118d Msport auto,28000,30000,Semiautomatico,06/2024,Diesel,110 kW (150 CV),"Privato,IT-63851 Ortezzano",Privato
BMW 118 Serie 1 F40118d Msport,https://www.autoscout24.it/annunci/bmw-118-serie-1-f40118d-msport-diesel-grigio-cat_ma13mo18481-3f90e866-6aa1-43b3-b1d8-59613f5646be,BMW,118,Serie 1 F40118d Msport,28900,51000,Manuale,01/2022,Diesel,110 kW (150 CV),"Privato,IT-01100 Viterbo",Privato
BMW 116 Serie 1 F40 116d Msport auto,https://www.autoscout24.it/annunci/bmw-116-serie-1-f40-116d-msport-auto-diesel-bianco-cat_ma13mo18480-f9a36de5-9ab1-4f65-8362-6c2b9f78223c,BMW,116,Serie 1 F40 116d Msport auto,28000,35500,Semiautomatico,05/2024,Diesel,85 kW (116 CV),"Privato,IT-47522 Cesena",Privato
BMW 118 118d Msport Exterior auto,https://www.autoscout24.it/annunci/bmw-118-118d-msport-exterior-auto-diesel-bianco-cat_ma13mo18481-f021f777-5a5a-479f-a811-ceec63ce8109,BMW,118,118d Msport Exterior auto,28500,55000,Semiautomatico,07/2022,Diesel,110 kW (150 CV),"Privato,IT-35129 Padova",Privato
BMW 118 118i Msport 136cv auto,https://www.autoscout24.it/annunci/bmw-118-118i-msport-136cv-auto-benzina-grigio-cat_ma13mo18481-0bc379e6-d0c3-46c3-bc8d-070431deef45,BMW,118,118i Msport 136cv auto,28990,61750,Automatico,03/2024,Benzina,100 kW (136 CV),Garage Miramonti Srl • IT-31012 Cappella Maggiore - Treviso - TV,Rivenditore
BMW 120 120i M Sport,https://www.autoscout24.it/annunci/bmw-120-120i-m-sport-benzina-nero-cat_ma13mo18482-71504ddf-ab52-42d8-a525-971ab9a09352,BMW,120,120i M Sport,28299,44641,Automatico,03/2023,Benzina,131 kW (178 CV),Autohero Italia Srl • IT-37135 Verona - VR,Rivenditore
BMW 118 118i Msport 5p auto,https://www.autoscout24.it/annunci/bmw-118-118i-msport-5p-auto-benzina-cat_ma13mo18481-0b37338f-dd78-4d2c-8623-1213eed272c1,BMW,118,118i Msport 5p auto,28800,59000,Automatico,08/2022,Benzina,100 kW (136 CV),"Privato,IT-24126 bergamo",Privato
BMW 128 ti 5p. Msport,https://www.autoscout24.it/annunci/bmw-128-ti-5p-msport-benzina-bianco-cat_ma13mo75736-5abacf1c-4de5-4dcd-a325-929f12137da6,BMW,128,ti 5p. Msport,29000,82000,Automatico,01/2021,Benzina,195 kW (265 CV),Demasi Auto • IT-25069 Villa Carcina -  Brescia,Rivenditore
BMW 120 120d xdrive Msport,https://www.autoscout24.it/annunci/bmw-120-120d-xdrive-msport-diesel-cat_ma13mo18482-92f14ada-5d63-4f05-87a4-a157f71e921c,BMW,120,120d xdrive Msport,29000,97500,Semiautomatico,04/2020,Diesel,140 kW (190 CV),"Privato,IT-31030 Castello di Godego",Privato
BMW 118 118d Msport auto,https://www.autoscout24.it/annunci/bmw-118-118d-msport-auto-diesel-bianco-cat_ma13mo18481-1711a237-6937-4c26-b7bd-6be27831890f,BMW,118,118d Msport auto,28200,14400,Automatico,04/2022,Diesel,110 kW (150 CV),"Privato,IT-96100 Siracusa",Privato
BMW 118 118d Msport 5p auto,https://www.autoscout24.it/annunci/bmw-118-118d-msport-5p-auto-diesel-grigio-cat_ma13mo18481-117d9c80-cb2a-4c9c-88f5-95a4e84195d2,BMW,118,118d Msport 5p auto,29000,29000,Automatico,08/2022,Diesel,110 kW (150 CV),"Privato,IT-76121 Barletta",Privato
BMW 118 Msport auto PREZZO PROMO,https://www.autoscout24.it/annunci/bmw-118-msport-auto-prezzo-promo-diesel-nero-cat_ma13mo18481-6de06b14-4360-48db-9e37-a6f380f3e5d5,BMW,118,Msport auto PREZZO PROMO,29000,49500,Automatico,02/2024,Diesel,110 kW (150 CV),Giunima Auto Srl • IT-20019 Settimo Milanese - MI,Rivenditore
BMW 120 120d MSport aut.,https://www.autoscout24.it/annunci/bmw-120-120d-msport-aut-diesel-cat_ma13mo18482-a4e279d4-f0d4-4fa1-9773-1fc42cd3f7a5,BMW,120,120d MSport aut.,28900,53734,Automatico,12/2020,Diesel,140 kW (190 CV),ActionCar by Marco Liera • IT-60035 Jesi - An,Rivenditore
BMW 135 M 135i xdrive auto,https://www.autoscout24.it/annunci/bmw-135-m-135i-xdrive-auto-benzina-cat_ma13mo19079-1373b74f-e95c-4558-9c23-f2608361f395,BMW,135,M 135i xdrive auto,28000,110000,Semiautomatico,06/2022,Benzina,225 kW (306 CV),"Privato,IT-00172 roma",Privato
BMW 120 48V auto,https://www.autoscout24.it/annunci/bmw-120-48v-auto-elettrica-benzina-bianco-cat_ma13mo18482-384046c4-9353-4286-a656-de54d87544d7,BMW,120,48V auto,28500,51578,Automatico,09/2024,Elettrica/Benzina,125 kW (170 CV),Gino Auto Srl • IT-19126 La Spezia SP,Rivenditore
BMW 135 M Sport M 135 i,https://www.autoscout24.it/annunci/bmw-135-m-sport-m-135-i-benzina-blu-azzurro-cat_ma13mo19079-c31a69f0-8720-4c4e-9bef-f10875ba23fe,BMW,135,M Sport M 135 i,29000,75000,Automatico,04/2021,Benzina,225 kW (306 CV),Tuacar Piacenza - Parma - Reggio Emilia • IT-43123 Parma - PR,Rivenditore
BMW 118 118i ColorVision Edition 136cv auto,https://www.autoscout24.it/annunci/bmw-118-118i-colorvision-edition-136cv-auto-benzina-grigio-cat_ma13mo18481-3b4cc15d-529c-4bdf-b412-3f809d19629c,BMW,118,118i ColorVision Edition 136cv auto,28900,45000,Automatico,04/2024,Benzina,100 kW (136 CV),Giacchi Automobili Srl • IT-45100 Rovigo - RO,Rivenditore
BMW 135 M 135i xDrive,https://www.autoscout24.it/annunci/bmw-135-m-135i-xdrive-benzina-argento-cat_ma13mo19079-a2aa8144-2ebe-44d2-a6a5-be8736c9a207,BMW,135,M 135i xDrive,29000,66500,Automatico,11/2020,Benzina,225 kW (306 CV),Privacar Torino Corso Grosseto • IT-10148 Torino - TO,Rivenditore
BMW 118 Serie 1 F40 118i Msport 136cv auto,https://www.autoscout24.it/annunci/bmw-118-serie-1-f40-118i-msport-136cv-auto-benzina-bianco-cat_ma13mo18481-035230c4-6493-4d54-9f0b-ba3560fde708,BMW,118,Serie 1 F40 118i Msport 136cv auto,28000,62000,Automatico,12/2023,Benzina,100 kW (136 CV),"Privato,IT-20146 Milano",Privato
BMW 120 120i M Sport,https://www.autoscout24.it/annunci/bmw-120-120i-m-sport-benzina-nero-cat_ma13mo18482-aa907754-289f-47fc-bea2-97c3cd43e499,BMW,120,120i M Sport,28299,44641,Automatico,03/2023,Benzina,131 kW (178 CV),AutoHero italia Srl • IT-07100 Sassari - SS,Rivenditore
BMW 120 120d xdrive Msport auto,https://www.autoscout24.it/annunci/bmw-120-120d-xdrive-msport-auto-diesel-cat_ma13mo18482-a782162e-8fe0-4860-83df-0c37e33ef522,BMW,120,120d xdrive Msport auto,28500,80000,Semiautomatico,06/2021,Diesel,140 kW (190 CV),"Privato,IT-10064 Pinerolo",Privato
BMW 118 118d MSport aut. 150cv,https://www.autoscout24.it/annunci/bmw-118-118d-msport-aut-150cv-diesel-nero-cat_ma13mo18481-7e62b14f-1d2f-4720-9bf0-8b0be72ac9b4,BMW,118,118d MSport aut. 150cv,28800,28270,Automatico,12/2024,Diesel,110 kW (150 CV),Fassina Spa • IT-20157 Milano - Mi,Rivenditore
BMW 120 Serie 1 F40 120d auto,https://www.autoscout24.it/annunci/bmw-120-serie-1-f40-120d-auto-diesel-cat_ma13mo18482-1e67680f-c5cf-42e6-ac72-606f7f7998db,BMW,120,Serie 1 F40 120d auto,28000,100000,Semiautomatico,01/2021,Diesel,140 kW (190 CV),"Privato,IT-20153 Milano",Privato
"BMW 116 i Msport MANUALE-FULL COCKPIT-NAVI-LED-PDC-18"" M",https://www.autoscout24.it/annunci/bmw-116-i-msport-manuale-full-cockpit-navi-led-pdc-18-m-benzina-grigio-cat_ma13mo18480-fed37953-3981-4e3a-902a-6b49cc725c09,BMW,116,"i Msport MANUALE-FULL COCKPIT-NAVI-LED-PDC-18"" M",28950,26750,Manuale,09/2022,Benzina,83 kW (113 CV),FDCars Merate • IT-23807 Merate - Lecco - LC,Rivenditore
BMW 118 118i Msport 5p auto,https://www.autoscout24.it/annunci/bmw-118-118i-msport-5p-auto-benzina-cat_ma13mo18481-62695918-bef9-4468-b553-cc8506d4ecc1,BMW,118,118i Msport 5p auto,29000,84000,Automatico,06/2023,Benzina,100 kW (136 CV),"Privato,IT-20134 Milano",Privato
BMW 118 Serie 1 F40 118d Msport colore Storm Bay,https://www.autoscout24.it/annunci/bmw-118-serie-1-f40-118d-msport-colore-storm-bay-diesel-blu-azzurro-cat_ma13mo18481-2afbaaaf-d9a2-479f-be00-c3e42cdb77fd,BMW,118,Serie 1 F40 118d Msport colore Storm Bay,28000,64000,Semiautomatico,12/2022,Diesel,110 kW (150 CV),"Privato,IT-00100 Roma",Privato
BMW 118 Serie 1 F40 118d Business Advantage auto,https://www.autoscout24.it/annunci/bmw-118-serie-1-f40-118d-business-advantage-auto-diesel-bianco-cat_ma13mo18481-58ee2454-1dfb-47af-9f0b-4f5322100c51,BMW,118,Serie 1 F40 118d Business Advantage auto,28500,22966,Automatico,07/2022,Diesel,110 kW (150 CV),"Privato,IT-00043 Ciampino",Privato
BMW 118 118d Msport auto,https://www.autoscout24.it/annunci/bmw-118-118d-msport-auto-diesel-cat_ma13mo18481-0f28755f-0c74-45bf-ae09-a4233536a3a9,BMW,118,118d Msport auto,28500,74000,Semiautomatico,03/2024,Diesel,110 kW (150 CV),"Privato,IT-73010 veglie",Privato
BMW 118 118d MSport aut. 150cv,https://www.autoscout24.it/annunci/bmw-118-118d-msport-aut-150cv-diesel-grigio-cat_ma13mo18481-dbe57851-8dfa-4354-a3c2-8b38327df0ee,BMW,118,118d MSport aut. 150cv,28800,25881,Automatico,12/2024,Diesel,110 kW (150 CV),Fassina Spa • IT-20157 Milano - Mi,Rivenditore
BMW 118 118i Msport 136cv,https://www.autoscout24.it/annunci/bmw-118-118i-msport-136cv-benzina-cat_ma13mo18481-62a405bd-3b71-4f4a-a01f-f3741e7a2fad,BMW,118,118i Msport 136cv,28500,51000,Manuale,08/2023,Benzina,100 kW (136 CV),"Privato,IT-48124 Ravenna",Privato
BMW 120 N/A,https://www.autoscout24.it/annunci/bmw-120-diesel-grigio-cat_ma13mo18482-23370a81-35bd-44e4-aa4c-d3b4d5f5e93d,BMW,120,N/A,28000,100000,Automatico,01/2021,Diesel,140 kW (190 CV),"Privato,IT-20153 Milano",Privato
"BMW 118 118i Msport 136cv auto M SPORT+19""+TELECAMERA+PREZZO REALE SENZA VINCOLO DI FINANZIAMENTO",https://www.autoscout24.it/annunci/bmw-118-118i-msport-136cv-auto-m-sport+19-+telecamera+prezzo-reale-senza-vincolo-di-finanziamento-benzina-nero-cat_ma13mo18481-5418f8a9-cdc3-4fc7-b7b6-77251fc97eee,BMW,118,"118i Msport 136cv auto M SPORT+19""+TELECAMERA+PREZZO REALE SENZA VINCOLO DI FINANZIAMENTO",28099,42856,Automatico,09/2022,Benzina,100 kW (136 CV),Emercar Srl • IT-27010 Vellezzo Bellini - PV,Rivenditore
BMW 118 118d MSport,https://www.autoscout24.it/annunci/bmw-118-118d-msport-diesel-bianco-cat_ma13mo18481-48a5b0c5-6663-488d-a4c5-82a4fe3e0615,BMW,118,118d MSport,28999,24903,Automatico,05/2024,Diesel,110 kW (150 CV),CLD Auto Srl • IT-10147 Torino,Rivenditore
BMW 118 118d Msport,https://www.autoscout24.it/annunci/bmw-118-118d-msport-diesel-bianco-cat_ma13mo18481-8a09ae64-b5a8-40d5-9ff3-37d327afaf09,BMW,118,118d Msport,28000,60000,Manuale,11/2023,Diesel,110 kW (150 CV),"Privato,IT-95030 Pedara",Privato
BMW 118 118d Business Advantage auto,https://www.autoscout24.it/annunci/bmw-118-118d-business-advantage-auto-diesel-grigio-cat_ma13mo18481-5c26fa15-c1a0-4275-bf97-3d651d9b9077,BMW,118,118d Business Advantage auto,28200,48647,Semiautomatico,06/2023,Diesel,110 kW (150 CV),Activa Spa • IT-38121 Frazione Gardolo Trento,Rivenditore
BMW 118 118d 5p. Msport,https://www.autoscout24.it/annunci/bmw-118-118d-5p-msport-diesel-nero-cat_ma13mo18481-e556f001-2950-43d5-a0f2-ef229c637992,BMW,118,118d 5p. Msport,28900,28337,Automatico,05/2024,Diesel,110 kW (150 CV),Autoincontro Di Sanavia Loris & C. Sas • IT-30010 Liettoli di Campolongo Maggiore - Venezia - Ve,Rivenditore
BMW 120 120i M Sport,https://www.autoscout24.it/annunci/bmw-120-120i-m-sport-benzina-nero-cat_ma13mo18482-eb6c8dac-dc2b-461c-a749-d2f1d8684f0c,BMW,120,120i M Sport,28299,44641,Automatico,03/2023,Benzina,131 kW (178 CV),Autohero Italia Srl - Torino • IT-10092 Beinasco - TO,Rivenditore
BMW 118 118 i 5p. Msport,https://www.autoscout24.it/annunci/bmw-118-118-i-5p-msport-benzina-grigio-cat_ma13mo18481-817569bc-7e89-45a4-a505-29145087c2ee,BMW,118,118 i 5p. Msport,28700,13600,Automatico,11/2024,Benzina,103 kW (140 CV),Autosport Srl • IT-10040 Leini - Torino,Rivenditore
BMW 118 i 5p. Msport,https://www.autoscout24.it/annunci/bmw-118-i-5p-msport-benzina-bianco-cat_ma13mo18481-76163ac4-f754-4454-922d-8258eba585d1,BMW,118,i 5p. Msport,28950,28500,Manuale,07/2023,Benzina,100 kW (136 CV),Eurotarget S.p.A. - Tu al centro • IT-40066 Pieve Di Cento - Bologna - Bo,Rivenditore
BMW 118 118d Msport Exterior auto,https://www.autoscout24.it/annunci/bmw-118-118d-msport-exterior-auto-diesel-cat_ma13mo18481-00f7ec5f-0448-44cd-8b3a-0a25089ddfb9,BMW,118,118d Msport Exterior auto,28750,60000,Semiautomatico,10/2023,Diesel,110 kW (150 CV),"Privato,IT-76123 Andria",Privato
BMW 116 d Msport Exterior STRAFULL Automatico,https://www.autoscout24.it/annunci/bmw-116-d-msport-exterior-strafull-automatico-diesel-bianco-cat_ma13mo18480-dddb0012-e444-49bb-8c78-c9a32806b110,BMW,116,d Msport Exterior STRAFULL Automatico,28800,67285,Automatico,03/2023,Diesel,85 kW (116 CV),Gruppo Sgariglia srl • IT-80019 Qualiano - Na,Rivenditore
BMW 118 118i ColorVision Edition 136cv auto,https://www.autoscout24.it/annunci/bmw-118-118i-colorvision-edition-136cv-auto-benzina-bianco-cat_ma13mo18481-f8780fb0-0611-441f-a9fc-90d5c96f0869,BMW,118,118i ColorVision Edition 136cv auto,28900,45000,Automatico,04/2024,Benzina,100 kW (136 CV),Giacchi Automobili Srl • IT-45100 Rovigo - RO,Rivenditore
BMW 118 118i ColorVision Edition 136cv auto,https://www.autoscout24.it/annunci/bmw-118-118i-colorvision-edition-136cv-auto-benzina-bianco-cat_ma13mo18481-0b816318-05c2-48a6-a812-3fa24527c35e,BMW,118,118i ColorVision Edition 136cv auto,28900,45000,Automatico,04/2024,Benzina,100 kW (136 CV),Giacchi Automobili Srl • IT-45100 Rovigo - RO,Rivenditore
BMW 116 d Msport auto,https://www.autoscout24.it/annunci/bmw-116-d-msport-auto-diesel-grigio-cat_ma13mo18480-07bcd960-8615-4ee6-b39d-d0ba22a606e6,BMW,116,d Msport auto,28500,36737,Automatico,04/2024,Diesel,85 kW (116 CV),M.Car S.p.A • IT-81030 Teverola - Caserta - Ce,Rivenditore
BMW 118 Bmw Serie 1 118d Msport auto,https://www.autoscout24.it/annunci/bmw-118-bmw-serie-1-118d-msport-auto-diesel-nero-cat_ma13mo18481-23e44165-9723-45c7-bd8d-c12d6ba3ac6d,BMW,118,Bmw Serie 1 118d Msport auto,29000,96700,Semiautomatico,03/2021,Diesel,110 kW (150 CV),"Privato,IT-50037 Scarperia e San Piero",Privato
BMW 116 116i Msport auto,https://www.autoscout24.it/annunci/bmw-116-116i-msport-auto-benzina-cat_ma13mo18480-1a31b535-eaa1-4fb0-bfd5-8767c40c0e6e,BMW,116,116i Msport auto,28000,25000,Semiautomatico,11/2022,Benzina,80 kW (109 CV),"Privato,IT-59100 Prato (Toscana)",Privato
BMW 118 118d Msport auto,https://www.autoscout24.it/annunci/bmw-118-118d-msport-auto-diesel-grigio-cat_ma13mo18481-faaabea0-9157-4aa8-a99f-be4e83b7b4f0,BMW,118,118d Msport auto,28499,130000,Automatico,12/2022,Diesel,110 kW (150 CV),Roda Motors Srl • IT-95016 Mascali - Catania - CT,Rivenditore
BMW 118 118d Msport,https://www.autoscout24.it/annunci/bmw-118-118d-msport-diesel-nero-cat_ma13mo18481-00a1d3e0-253a-4abb-b0ea-b749a808282a,BMW,118,118d Msport,28999,73718,Automatico,04/2023,Diesel,110 kW (150 CV),Autohero Italia srl • IT-00169 Roma,Rivenditore
BMW 118 Serie 1 F70 118d MSport auto,https://www.autoscout24.it/annunci/bmw-118-serie-1-f70-118d-msport-auto-diesel-grigio-cat_ma13mo18481-94d65dd6-500e-480e-8a23-f0cf2bbd3d0e,BMW,118,Serie 1 F70 118d MSport auto,29900,39000,Automatico,04/2025,Diesel,110 kW (150 CV),La Barca Automobili srl • IT-10036 Settimo Torinese - Torino - TO,Rivenditore
BMW 120 48V MSport - PREZZO REALE - DISPONIBILE IN SEDE,https://www.autoscout24.it/annunci/bmw-120-48v-msport-prezzo-reale-disponibile-in-sede-elettrica-benzina-nero-cat_ma13mo18482-24b53153-6b2f-41a7-b92a-ba2a021fff7c,BMW,120,48V MSport - PREZZO REALE - DISPONIBILE IN SEDE,29900,28389,Automatico,12/2025,Elettrica/Benzina,115 kW (156 CV),FS Auto Srl • IT-46049 Volta Mantovana - Mantova - MN,Rivenditore
BMW 116 M SPORT NEWMODEL VARI ALLESTIMENTI E COLORI DISP,https://www.autoscout24.it/annunci/bmw-116-m-sport-newmodel-vari-allestimenti-e-colori-disp-elettrica-benzina-grigio-cat_ma13mo18480-4c0e22d3-124f-4126-bc21-db5247e473de,BMW,116,M SPORT NEWMODEL VARI ALLESTIMENTI E COLORI DISP,29900,6700,Automatico,08/2025,Elettrica/Benzina,90 kW (122 CV),Race Car Srl • IT-37040 Z.a.i. - Verona - VR,Rivenditore
BMW 135 I xDRIVE 306 CV *TETTO*HEAD UP*FULL*,https://www.autoscout24.it/annunci/bmw-135-i-xdrive-306-cv-tetto-head-up-full-benzina-grigio-cat_ma13mo19079-3f273867-ceac-4714-a07b-354680dd91d6,BMW,135,I xDRIVE 306 CV *TETTO*HEAD UP*FULL*,29899,80000,Automatico,05/2022,Benzina,225 kW (306 CV),G.& V. Cars srls • IT-03043 Cassino - Frosinone - FR,Rivenditore
BMW 118 d MSport UNIPRO,https://www.autoscout24.it/annunci/bmw-118-d-msport-unipro-diesel-grigio-cat_ma13mo18481-ed3c4fcc-30e1-496f-b22a-43117247c8a5,BMW,118,d MSport UNIPRO,29990,42967,Automatico,06/2025,Diesel,110 kW (150 CV),Dream Car Srl • IT-17100 Savona,Rivenditore
BMW 118 Serie 1 F70 118d MSport auto,https://www.autoscout24.it/annunci/bmw-118-serie-1-f70-118d-msport-auto-diesel-nero-cat_ma13mo18481-9c36ecac-b5ba-46cd-ac32-0e18d69af035,BMW,118,Serie 1 F70 118d MSport auto,29900,11000,Automatico,05/2025,Diesel,110 kW (150 CV),La Barca Automobili srl • IT-10036 Settimo Torinese - Torino - TO,Rivenditore
BMW 135 F40 M 135i xdrive,https://www.autoscout24.it/annunci/bmw-135-f40-m-135i-xdrive-benzina-bianco-cat_ma13mo19079-a0f586e8-3c79-4479-9287-4df0e60f78fd,BMW,135,F40 M 135i xdrive,29999,40000,Automatico,11/2020,Benzina,225 kW (306 CV),Motorhaus Group Sas • IT-35030 Selvazzano Dentro - PD,Rivenditore
BMW 118 118i  Colorvision Edition 5p - cambio automatico,https://www.autoscout24.it/annunci/bmw-118-118i-colorvision-edition-5p-cambio-automatico-benzina-nero-cat_ma13mo18481-beb6369d-011b-43b8-ba07-6ca46c39501a,BMW,118,118i  Colorvision Edition 5p - cambio automatico,29500,76000,Automatico,02/2025,Benzina,100 kW (136 CV),Auto Resegone Sas di Negri Ivan & C. • IT-23900 Lecco,Rivenditore
BMW 118 118d MSport,https://www.autoscout24.it/annunci/bmw-118-118d-msport-diesel-nero-cat_ma13mo18481-f7d230f3-bb0c-4f1e-85ff-b33b3138c291,BMW,118,118d MSport,29500,44771,Automatico,03/2024,Diesel,110 kW (150 CV),Italmotor Torino Srl • IT-10151 Torino,Rivenditore
BMW 135 M 135i xdrive auto,https://www.autoscout24.it/annunci/bmw-135-m-135i-xdrive-auto-benzina-bianco-cat_ma13mo19079-46d45d47-aab2-44b5-bd6e-01d2f92cbf6e,BMW,135,M 135i xdrive auto,29900,53200,Automatico,07/2020,Benzina,225 kW (306 CV),Viesse Auto Srl • IT-20132 Milano - Mi,Rivenditore
BMW 118 118d MSport Design auto,https://www.autoscout24.it/annunci/bmw-118-118d-msport-design-auto-diesel-bianco-cat_ma13mo18481-8c9a7e34-515e-4551-8317-c671b9ee1bd8,BMW,118,118d MSport Design auto,29990,30057,Automatico,02/2025,Diesel,110 kW (150 CV),DB Motor Group Srl • IT-86170 Isernia,Rivenditore
BMW 118 118d M Sport AUTOMATICA TETTO APRIBILE,https://www.autoscout24.it/annunci/bmw-118-118d-m-sport-automatica-tetto-apribile-diesel-blu-azzurro-cat_ma13mo18481-ac91b5f4-f98d-4032-96c3-d69c5633b52d,BMW,118,118d M Sport AUTOMATICA TETTO APRIBILE,29800,64735,Automatico,02/2023,Diesel,110 kW (150 CV),Auto & Auto Varese Srl • IT-21100 Varese - Va,Rivenditore
BMW 120 d 48v M Sport 163cv auto #GARANZIA UFFICIALE,https://www.autoscout24.it/annunci/bmw-120-d-48v-m-sport-163cv-auto-garanzia-ufficiale-elettrica-diesel-grigio-cat_ma13mo18482-a1737535-e2fb-4031-86b5-75f5a3610112,BMW,120,d 48v M Sport 163cv auto #GARANZIA UFFICIALE,29900,24800,Automatico,04/2025,Elettrica/Diesel,120 kW (163 CV),M&M Motors Srl • IT-30030 Maerne di Martellago - Venezia - Ve,Rivenditore
BMW 120 NAVI,https://www.autoscout24.it/annunci/bmw-120-navi-elettrica-benzina-bianco-cat_ma13mo18482-b7480bea-2aa8-450f-a966-982b2176e205,BMW,120,NAVI,29600,15045,Automatico,12/2024,Elettrica/Benzina,115 kW (156 CV),Auto & Auto Varese Srl • IT-21100 Varese - Va,Rivenditore
BMW 120 d xdrive Msport auto TETTO,https://www.autoscout24.it/annunci/bmw-120-d-xdrive-msport-auto-tetto-diesel-bianco-cat_ma13mo18482-92975734-c952-47b4-aef5-0a12101d7552,BMW,120,d xdrive Msport auto TETTO,29990,80000,Semiautomatico,01/2023,Diesel,140 kW (190 CV),Automarket Karina srl • IT-20063 Cernusco Sul Naviglio - Milano - MI,Rivenditore
BMW 118 Serie 1 F40 118d Msport auto,https://www.autoscout24.it/annunci/bmw-118-serie-1-f40-118d-msport-auto-diesel-cat_ma13mo18481-a2286ee4-dea8-4d3a-b790-d30e574c0591,BMW,118,Serie 1 F40 118d Msport auto,29490,34700,Semiautomatico,01/2024,Diesel,110 kW (150 CV),Memmi Matteo • IT-20871 vimercate,Rivenditore
BMW 120 Serie 1 F40 120d Msport auto,https://www.autoscout24.it/annunci/bmw-120-serie-1-f40-120d-msport-auto-diesel-grigio-cat_ma13mo18482-c91c4e79-41de-43f4-b625-da955b5df3d2,BMW,120,Serie 1 F40 120d Msport auto,29900,77337,Semiautomatico,11/2022,Diesel,140 kW (190 CV),Fasan Motors Srl • IT-33074 Fontanafredda - PN,Rivenditore
BMW 135 M 135i 5p xdrive,https://www.autoscout24.it/annunci/bmw-135-m-135i-5p-xdrive-benzina-nero-cat_ma13mo19079-20a40190-71d8-4a4b-be3e-923c3a8c66be,BMW,135,M 135i 5p xdrive,29900,73373,Automatico,01/2021,Benzina,225 kW (306 CV),Scuderia Bolzano Bozen Srl • IT-39100 Bolzano - BZ,Rivenditore
BMW 118 Serie 1 F70 118d MSport auto,https://www.autoscout24.it/annunci/bmw-118-serie-1-f70-118d-msport-auto-diesel-nero-cat_ma13mo18481-19c73f68-2c0a-42f5-ae8c-dc74e733bb16,BMW,118,Serie 1 F70 118d MSport auto,29500,15000,Automatico,10/2024,Diesel,110 kW (150 CV),"Privato,IT-80122 Napoli",Privato
BMW 128 M SPORT,https://www.autoscout24.it/annunci/bmw-128-m-sport-benzina-nero-cat_ma13mo75736-c0bb463e-b3f6-425e-813a-c1383454e69f,BMW,128,M SPORT,30000,40999,Semiautomatico,09/2022,Benzina,195 kW (265 CV),"Privato,IT-00128 Roma",Privato
BMW 118 118d MSport Pro auto,https://www.autoscout24.it/annunci/bmw-118-118d-msport-pro-auto-diesel-cat_ma13mo18481-336d07a6-d971-4559-9cce-7e1e31c55ee7,BMW,118,118d MSport Pro auto,30000,40000,Automatico,06/2025,Diesel,110 kW (150 CV),"Privato,IT-26866 Melegano",Privato
BMW 120 120i Msport Exterior auto,https://www.autoscout24.it/annunci/bmw-120-120i-msport-exterior-auto-benzina-cat_ma13mo18482-eac9afbc-9b08-4574-b410-7f7d8a2beca3,BMW,120,120i Msport Exterior auto,29500,39500,Semiautomatico,01/2022,Benzina,131 kW (178 CV),"Privato,IT-15067 novi ligure",Privato
"BMW 120 120 MSport Design aut. Harman Kardon Camera 18""",https://www.autoscout24.it/annunci/bmw-120-120-msport-design-aut-harman-kardon-camera-18-elettrica-benzina-nero-cat_ma13mo18482-0e1600de-8ddf-4537-a1ac-03190a29080f,BMW,120,"120 MSport Design aut. Harman Kardon Camera 18""",29700,15800,Automatico,07/2025,Elettrica/Benzina,125 kW (170 CV),Easy class Automobili Srl • IT-47899 Serravalle – Repubblica di San Marino - Rsm,Rivenditore
BMW 116 116 M SPORT NEW MODEL VARI COLORI E ALLESTIMENTI,https://www.autoscout24.it/annunci/bmw-116-116-m-sport-new-model-vari-colori-e-allestimenti-elettrica-benzina-nero-cat_ma13mo18480-29c94677-a4f3-459d-aee9-a6bb69340bfa,BMW,116,116 M SPORT NEW MODEL VARI COLORI E ALLESTIMENTI,29900,9400,Automatico,10/2025,Elettrica/Benzina,90 kW (122 CV),Race Car Cremona srl • IT-26025 Pandino - CR,Rivenditore
BMW 120 120d xdrive Msport auto,https://www.autoscout24.it/annunci/bmw-120-120d-xdrive-msport-auto-diesel-cat_ma13mo18482-93ef316a-e371-436e-a0c4-e9f3249d9e97,BMW,120,120d xdrive Msport auto,29000,39000,Semiautomatico,06/2021,Diesel,140 kW (190 CV),"Privato,IT-16044 genova",Privato
"BMW 120 120i Msport Pro auto camera 360° Head-up 18"" 2025 170cv",https://www.autoscout24.it/annunci/bmw-120-120i-msport-pro-auto-camera-360-head-up-18-2025-170cv-benzina-nero-cat_ma13mo18482-047f2fdc-80ed-4f2e-baaa-043227e67ed8,BMW,120,"120i Msport Pro auto camera 360° Head-up 18"" 2025 170cv",29300,48200,Automatico,05/2025,Benzina,125 kW (170 CV),AR Motor srls • IT-00077 Montecompatri - Roma - RM,Rivenditore
BMW 135 M 135i xDrive,https://www.autoscout24.it/annunci/bmw-135-m-135i-xdrive-benzina-blu-azzurro-cat_ma13mo19079-e424efbe-3da7-4a1a-bb76-74fac6869338,BMW,135,M 135i xDrive,29500,52000,Automatico,09/2020,Benzina,225 kW (306 CV),Privacar Modena Ovest - Kamiracars • IT-41123 Modena - MO,Rivenditore
BMW 120 i Nuovo Modello 156Cv MSport Pro Automatico Mild Hybrid 48v Head Up Display-ACC-Dash Cam-Telecam. 360°,https://www.autoscout24.it/annunci/bmw-120-i-nuovo-modello-156cv-msport-pro-automatico-mild-hybrid-48v-head-up-display-acc-dash-cam-telecam-360-elettrica-benzina-nero-cat_ma13mo18482-3e455fea-8b1a-4275-a7c7-0a1b2cf4a6d5,BMW,120,i Nuovo Modello 156Cv MSport Pro Automatico Mild Hybrid 48v Head Up Display-ACC-Dash Cam-Telecam. 360°,29700,46000,Automatico,05/2025,Elettrica/Benzina,115 kW (156 CV),Enne Esse Auto - Motorexpo Brescia • IT-25080 Nuvolento - BS,Rivenditore
BMW 118 118d Msport,https://www.autoscout24.it/annunci/bmw-118-118d-msport-diesel-cat_ma13mo18481-340d9ddb-2d44-49eb-bcc9-71df4cbebc43,BMW,118,118d Msport,29000,64000,Automatico,08/2022,Diesel,110 kW (150 CV),"Privato,IT-22013 Vercana",Privato
BMW 120 120 MSport aut.,https://www.autoscout24.it/annunci/bmw-120-120-msport-aut-elettrica-benzina-nero-cat_ma13mo18482-046a69a7-2919-4214-b333-e3b590d83f23,BMW,120,120 MSport aut.,29900,12600,Automatico,07/2025,Elettrica/Benzina,125 kW (170 CV),Autosport Srl • IT-10040 Leini - Torino,Rivenditore
BMW 120 120d MSport Design aut.  LED NAVI CAMERA,https://www.autoscout24.it/annunci/bmw-120-120d-msport-design-aut-led-navi-camera-elettrica-diesel-blu-azzurro-cat_ma13mo18482-26917d4b-b1be-438c-a88c-e98eba759bfc,BMW,120,120d MSport Design aut.  LED NAVI CAMERA,29500,18992,Automatico,08/2025,Elettrica/Diesel,120 kW (163 CV),Easy class Automobili Srl • IT-47899 Serravalle – Repubblica di San Marino - Rsm,Rivenditore
BMW 128 M PERFORMANCE FULL CARBON,https://www.autoscout24.it/annunci/bmw-128-m-performance-full-carbon-benzina-bianco-cat_ma13mo75736-8163f466-1d1b-4724-b6cd-8038963a3ff8,BMW,128,M PERFORMANCE FULL CARBON,30000,54600,Automatico,11/2022,Benzina,195 kW (265 CV),"Privato,IT-20084 Lacchiarella",Privato
BMW 118 118i Msport 5p auto,https://www.autoscout24.it/annunci/bmw-118-118i-msport-5p-auto-benzina-cat_ma13mo18481-7edb86e8-8381-4d4f-b817-08f6a954ef51,BMW,118,118i Msport 5p auto,29000,48000,Automatico,12/2020,Benzina,100 kW (136 CV),"Privato,IT-24030 bergamo",Privato
BMW 135 M 135i xDrive,https://www.autoscout24.it/annunci/bmw-135-m-135i-xdrive-benzina-argento-cat_ma13mo19079-afa71b0d-499a-4c89-a0ec-b050d1d53e9e,BMW,135,M 135i xDrive,29900,28000,Automatico,06/2021,Benzina,225 kW (306 CV),Privacar Rho • IT-20017 Rho - MI,Rivenditore
BMW 135 M 135i xdrive auto,https://www.autoscout24.it/annunci/bmw-135-m-135i-xdrive-auto-benzina-bianco-cat_ma13mo19079-0acef8cb-216f-4ede-9196-2f452ccd8d42,BMW,135,M 135i xdrive auto,29105,46751,Automatico,12/2020,Benzina,225 kW (306 CV),Gruppo Brandini • IT-50127 Firenze,Rivenditore
BMW 118 d Msport,https://www.autoscout24.it/annunci/bmw-118-d-msport-diesel-nero-cat_ma13mo18481-2457bfe2-b282-4d8c-957f-359c0e48d38b,BMW,118,d Msport,29900,5186,Automatico,07/2025,Diesel,110 kW (150 CV),Commauto • IT-31055 Quinto Di Treviso - Treviso - Tv,Rivenditore
BMW 120 120i Msport auto,https://www.autoscout24.it/annunci/bmw-120-120i-msport-auto-benzina-grigio-cat_ma13mo18482-775ea7f0-bf43-47f7-a2e1-9cf3e44f0bf6,BMW,120,120i Msport auto,29700,19900,Automatico,02/2024,Benzina,131 kW (178 CV),Race Srl • IT-55016 Capannori - Lucca - LU,Rivenditore
BMW 135 M 135i xdrive auto,https://www.autoscout24.it/annunci/bmw-135-m-135i-xdrive-auto-benzina-nero-cat_ma13mo19079-5cb6c78b-f8b4-4d47-ae0a-7e3018aa0058,BMW,135,M 135i xdrive auto,29990,56000,Semiautomatico,06/2020,Benzina,225 kW (306 CV),Autolovisetto Srl • IT-35030 Rovolon - Padova - Pd,Rivenditore
BMW 118 i M Sport PRO ColorVision,https://www.autoscout24.it/annunci/bmw-118-i-m-sport-pro-colorvision-elettrica-benzina-nero-cat_ma13mo18481-6e3053ae-d464-4d75-a20b-2fab488a2055,BMW,118,i M Sport PRO ColorVision,29200,28000,Automatico,07/2024,Elettrica/Benzina,103 kW (140 CV),MW Automotive Srl • IT-47895 Rovereta - San Marino,Rivenditore
BMW 118 118d M Sport Pro auto 150cv Tetto apribile panorama,https://www.autoscout24.it/annunci/bmw-118-118d-m-sport-pro-auto-150cv-tetto-apribile-panorama-diesel-blu-azzurro-cat_ma13mo18481-9b6a52a3-1f6d-4339-a601-1e10b8c75171,BMW,118,118d M Sport Pro auto 150cv Tetto apribile panorama,29900,30500,Automatico,05/2025,Diesel,110 kW (150 CV),AR Motor srls • IT-00077 Montecompatri - Roma - RM,Rivenditore
BMW 125 Serie 1 F40 128ti auto - Unico proprietario,https://www.autoscout24.it/annunci/bmw-125-serie-1-f40-128ti-auto-unico-proprietario-benzina-grigio-cat_ma13mo19084-c6602fbc-b693-46a6-bd5c-4a6498ddaf63,BMW,125,Serie 1 F40 128ti auto - Unico proprietario,29800,69000,Automatico,04/2023,Benzina,195 kW (265 CV),Motors Monza Srl • IT-20900 Monza Brianza - Mb,Rivenditore
BMW 116 M SPORT NEWMODEL VARI ALLESTIMENTI E COLORI DISP,https://www.autoscout24.it/annunci/bmw-116-m-sport-newmodel-vari-allestimenti-e-colori-disp-elettrica-benzina-bianco-cat_ma13mo18480-44d1f464-6875-458a-b6b6-40e2cb912d6c,BMW,116,M SPORT NEWMODEL VARI ALLESTIMENTI E COLORI DISP,29900,5900,Automatico,08/2025,Elettrica/Benzina,90 kW (122 CV),Race Car Srl • IT-37040 Z.a.i. - Verona - VR,Rivenditore
"BMW 120 120 MSport Design aut. Camera Driving assist 18"" LED",https://www.autoscout24.it/annunci/bmw-120-120-msport-design-aut-camera-driving-assist-18-led-elettrica-benzina-blu-azzurro-cat_ma13mo18482-311e8c00-66a4-4953-ad34-900d8491772d,BMW,120,"120 MSport Design aut. Camera Driving assist 18"" LED",29900,19800,Automatico,07/2025,Elettrica/Benzina,125 kW (170 CV),Easy class Automobili Srl • IT-47899 Serravalle – Repubblica di San Marino - Rsm,Rivenditore
"BMW 120 120i Msport 5p Automatica, Tetto Apribile,Telecamera posteriore!",https://www.autoscout24.it/annunci/bmw-120-120i-msport-5p-automatica-tetto-apribile-telecamera-posteriore-benzina-grigio-cat_ma13mo18482-7b0ee829-2123-495e-a968-e06235ea865a,BMW,120,"120i Msport 5p Automatica, Tetto Apribile,Telecamera posteriore!",29950,17490,Automatico,05/2022,Benzina,130 kW (177 CV),Progetto Auto Snc • IT-20090 Pieve Emanuele - Milano - Mi,Rivenditore
BMW 118 118d Msport Exterior auto PROMO,https://www.autoscout24.it/annunci/bmw-118-118d-msport-exterior-auto-promo-diesel-nero-cat_ma13mo18481-1471bddf-c826-42d8-b4b3-228a7731f6e5,BMW,118,118d Msport Exterior auto PROMO,29980,17300,Automatico,05/2024,Diesel,110 kW (150 CV),Top Garage Auto Srls • IT-00047 Marino Roma - RM,Rivenditore
BMW 135 M135 xDrive - Garanzia BMW,https://www.autoscout24.it/annunci/bmw-135-m135-xdrive-garanzia-bmw-benzina-nero-cat_ma13mo19079-a13b91d8-2d59-4d39-8d47-7a1cfe135de0,BMW,135,M135 xDrive - Garanzia BMW,29000,80000,Automatico,08/2022,Benzina,225 kW (306 CV),"Privato,IT-22030 Barni",Privato
BMW 120 120d 48V MSport auto,https://www.autoscout24.it/annunci/bmw-120-120d-48v-msport-auto-diesel-bianco-cat_ma13mo18482-b6de9674-90e4-4e66-b63d-942d53189138,BMW,120,120d 48V MSport auto,29400,43557,Semiautomatico,09/2024,Diesel,110 kW (150 CV),Activa Spa • IT-38121 Frazione Gardolo Trento,Rivenditore
BMW 118 118d MSport Design auto,https://www.autoscout24.it/annunci/bmw-118-118d-msport-design-auto-diesel-cat_ma13mo18481-3f62c52b-0e2a-47fa-a8f0-efe4963e6008,BMW,118,118d MSport Design auto,29000,37000,Automatico,09/2024,Diesel,110 kW (150 CV),"Privato,IT-00168 roma",Privato
BMW 120 120d xdrive Msport auto,https://www.autoscout24.it/annunci/bmw-120-120d-xdrive-msport-auto-diesel-cat_ma13mo18482-cf659129-aa3e-4ec8-b1c9-823a672f1899,BMW,120,120d xdrive Msport auto,29000,42300,Semiautomatico,01/2021,Diesel,140 kW (190 CV),"Privato,IT-04014 Pontinia (LT)",Privato
"BMW 118 D MSPORT PANO 19""LED VIRTUAL F1 FULL FULL",https://www.autoscout24.it/annunci/bmw-118-d-msport-pano-19-led-virtual-f1-full-full-diesel-nero-cat_ma13mo18481-7ac0d996-8fea-48c5-9f71-f87aa10265ef,BMW,118,"D MSPORT PANO 19""LED VIRTUAL F1 FULL FULL",29890,47000,Automatico,05/2023,Diesel,110 kW (150 CV),Ermes Car 2.0 Srl • IT-00133 Roma - Rm,Rivenditore
BMW 135 i M xdrive Serie 1 F40 auto IVA ESPOSTA,https://www.autoscout24.it/annunci/bmw-135-i-m-xdrive-serie-1-f40-auto-iva-esposta-benzina-grigio-cat_ma13mo19079-dea2c7e0-0e1a-4128-b961-af0d80f1996b,BMW,135,i M xdrive Serie 1 F40 auto IVA ESPOSTA,29999,49900,Automatico,06/2022,Benzina,225 kW (306 CV),Checcacci - TM Wagen • IT-59100 Prato – Po,Rivenditore
BMW 118 Serie 1 F40 MSport,https://www.autoscout24.it/annunci/bmw-118-serie-1-f40-msport-benzina-grigio-cat_ma13mo18481-60fd48d3-f9b3-4abf-b76b-cd194264a428,BMW,118,Serie 1 F40 MSport,30000,34000,Automatico,03/2023,Benzina,100 kW (136 CV),"Privato,IT-25126 Brescia",Privato
BMW 120 pacchetto M X-DRIVE,https://www.autoscout24.it/annunci/bmw-120-pacchetto-m-x-drive-diesel-grigio-cat_ma13mo18482-b4c53c1f-1179-47a3-85e0-40692eee1e47,BMW,120,pacchetto M X-DRIVE,29500,50300,Automatico,06/2022,Diesel,140 kW (190 CV),Auto Verdi srl • IT-20063 Cernusco Sul Naviglio - Milano,Rivenditore
BMW 118 118d Msport Exterior auto,https://www.autoscout24.it/annunci/bmw-118-118d-msport-exterior-auto-diesel-cat_ma13mo18481-6d6f42cd-5c02-456c-842b-e24c12b8f37e,BMW,118,118d Msport Exterior auto,29999,48000,Automatico,07/2023,Diesel,110 kW (150 CV),"Privato,IT-30173 Venezia",Privato
BMW 118 i f40 M Sport Pro 2023 H&K Tetto,https://www.autoscout24.it/annunci/bmw-118-i-f40-m-sport-pro-2023-hk-tetto-benzina-cat_ma13mo18481-0d0528d4-2192-44fb-9c4d-dbac2e8be4fe,BMW,118,i f40 M Sport Pro 2023 H&K Tetto,30000,37000,Automatico,06/2023,Benzina,100 kW (136 CV),"Privato,IT-67051 Avezzano",Privato
BMW 118 Serie 1 F40 118d Msport auto,https://www.autoscout24.it/annunci/bmw-118-serie-1-f40-118d-msport-auto-diesel-bianco-cat_ma13mo18481-0b8ec6a8-baa5-4ef1-988d-d1b9585f68d9,BMW,118,Serie 1 F40 118d Msport auto,29800,13898,Semiautomatico,09/2023,Diesel,110 kW (150 CV),"Privato,IT-60018 Montemarciano",Privato
BMW 120 120,https://www.autoscout24.it/annunci/bmw-120-120-elettrica-benzina-nero-cat_ma13mo18482-bf9298e9-0dfc-4827-adad-80c12306f625,BMW,120,120,29900,19700,Automatico,11/2024,Elettrica/Benzina,125 kW (170 CV),AUTOUNO S.R.L. • IT-21044 Cavaria - Varese - VA,Rivenditore
BMW 118 118d Msport auto,https://www.autoscout24.it/annunci/bmw-118-118d-msport-auto-diesel-cat_ma13mo18481-54a0c257-6278-4cab-b6f0-a4e349b8cdd7,BMW,118,118d Msport auto,29500,29000,Semiautomatico,05/2023,Diesel,110 kW (150 CV),"Privato,IT-84013 salerno",Privato
BMW 120 d 48V MSport,https://www.autoscout24.it/annunci/bmw-120-d-48v-msport-elettrica-diesel-bianco-cat_ma13mo18482-fa3e3ad8-f0ae-4c58-becb-24e9dbd1c145,BMW,120,d 48V MSport,29900,23000,Automatico,01/2025,Elettrica/Diesel,120 kW (163 CV),Autostema srl • IT-35017 Piombino Dese - PD,Rivenditore
BMW 118 d M Sport Design prezzo IVA COMPRESA,https://www.autoscout24.it/annunci/bmw-118-d-m-sport-design-prezzo-iva-compresa-diesel-nero-cat_ma13mo18481-c78395cb-e14c-4c51-b794-e5ed55b49d7a,BMW,118,d M Sport Design prezzo IVA COMPRESA,29000,17500,Automatico,03/2025,Diesel,110 kW (150 CV),KLM Auto Srl • IT-00178 Roma RM,Rivenditore
BMW 120 120i Msport turbo- benzina 178cv,https://www.autoscout24.it/annunci/bmw-120-120i-msport-turbo-benzina-178cv-benzina-cat_ma13mo18482-e0c33b56-93a7-4618-810b-e4e6c9b6eecb,BMW,120,120i Msport turbo- benzina 178cv,30000,60000,Semiautomatico,03/2021,Benzina,131 kW (178 CV),"Privato,IT-09040 senorbi",Privato
BMW 128 128ti 5p. Msport,https://www.autoscout24.it/annunci/bmw-128-128ti-5p-msport-benzina-bianco-cat_ma13mo75736-8943bd1f-0422-4775-8994-7e5e5a1224a3,BMW,128,128ti 5p. Msport,30000,40000,Automatico,04/2023,Benzina,195 kW (265 CV),Privacar Padova ovest • IT-35030 Abano Terme - Padova - PD,Rivenditore
BMW 118 Serie 1 F70 118d MSport auto,https://www.autoscout24.it/annunci/bmw-118-serie-1-f70-118d-msport-auto-diesel-nero-cat_ma13mo18481-7a0aeb26-c986-48d9-89d2-f3c3442074d7,BMW,118,Serie 1 F70 118d MSport auto,29900,47000,Automatico,05/2025,Diesel,110 kW (150 CV),La Barca Automobili srl • IT-10036 Settimo Torinese - Torino - TO,Rivenditore
BMW 118 d MSport auto,https://www.autoscout24.it/annunci/bmw-118-d-msport-auto-diesel-blu-azzurro-cat_ma13mo18481-8c366cf2-efe7-428f-85cb-892fd8c0812f,BMW,118,d MSport auto,30000,15008,Automatico,06/2025,Diesel,110 kW (150 CV),BYmyCAR Milano • IT-20097 San Donato Milanese - Milano - MI,Rivenditore
BMW 120 120d MSport Design aut.  LED NAVI CAMERA GARANZIA 2030,https://www.autoscout24.it/annunci/bmw-120-120d-msport-design-aut-led-navi-camera-garanzia-2030-elettrica-diesel-bianco-cat_ma13mo18482-930bc76e-6a49-4c9f-92a8-1f61b6cd84bb,BMW,120,120d MSport Design aut.  LED NAVI CAMERA GARANZIA 2030,29800,11005,Automatico,06/2025,Elettrica/Diesel,120 kW (163 CV),Easy class Automobili Srl • IT-47899 Serravalle – Repubblica di San Marino - Rsm,Rivenditore
BMW 120 120d 48v M Sport 163cv auto,https://www.autoscout24.it/annunci/bmw-120-120d-48v-m-sport-163cv-auto-diesel-nero-cat_ma13mo18482-32b6fcda-2831-4eea-afbc-0d35ca1f4f85,BMW,120,120d 48v M Sport 163cv auto,29990,28766,Automatico,07/2025,Diesel,120 kW (163 CV),Gruppo Piccirillo Spa • IT-81040 Curti - Caserta,Rivenditore
BMW 128 ti,https://www.autoscout24.it/annunci/bmw-128-ti-benzina-nero-cat_ma13mo75736-bcb59773-c51b-4a2c-9db1-c6332f578be2,BMW,128,ti,29000,105886,,02/2023,Benzina,195 kW (265 CV),"Privato,IT-57016 Rosignano Marittimo",Privato
BMW 120 120 MSport aut. *PROMO* *IVA ESP.*,https://www.autoscout24.it/annunci/bmw-120-120-msport-aut-promo-iva-esp-elettrica-benzina-cat_ma13mo18482-1ca1dd69-8aed-4a41-a4e7-d208bf36753d,BMW,120,120 MSport aut. *PROMO* *IVA ESP.*,29900,13600,Automatico,06/2025,Elettrica/Benzina,125 kW (170 CV),Sfr motors srl • IT-00148 Roma - Rm,Rivenditore
BMW 135 M 135i xdrive auto,https://www.autoscout24.it/annunci/bmw-135-m-135i-xdrive-auto-benzina-bianco-cat_ma13mo19079-47d6f4d6-5551-41e0-aef9-2e92dcbcca17,BMW,135,M 135i xdrive auto,29960,58481,Automatico,11/2022,Benzina,225 kW (306 CV),AutoVanti Saronno srl • IT-21047 Saronno - Varese - VA,Rivenditore
BMW 120 120d 48V MSport auto - !!!PROMOSTAR!!!,https://www.autoscout24.it/annunci/bmw-120-120d-48v-msport-auto-promostar-elettrica-diesel-bianco-cat_ma13mo18482-13e09732-5742-4efc-a6cd-da0d7005cf63,BMW,120,120d 48V MSport auto - !!!PROMOSTAR!!!,29900,10000,Automatico,04/2025,Elettrica/Diesel,110 kW (150 CV),Star-Benz Srl • IT-25030 Torbole Casaglia,Rivenditore
BMW 118 118d MSport auto,https://www.autoscout24.it/annunci/bmw-118-118d-msport-auto-diesel-cat_ma13mo18481-2ad0a2da-3f02-4391-9dcc-7188d0f14cac,BMW,118,118d MSport auto,29000,40993,Automatico,10/2024,Diesel,110 kW (150 CV),"Privato,IT-10036 Settimo torinese",Privato
BMW 118 118d Msport auto,https://www.autoscout24.it/annunci/bmw-118-118d-msport-auto-diesel-cat_ma13mo18481-7644bba4-2eb6-4e80-b9b8-ec65e02bbd87,BMW,118,118d Msport auto,29500,29000,Semiautomatico,06/2021,Diesel,110 kW (150 CV),"Privato,IT-10148",Privato
"BMW 128 TI 19"" ANDROID AUTO CRUISE ADATTIVO PERK CONTROL",https://www.autoscout24.it/annunci/bmw-128-ti-19-android-auto-cruise-adattivo-perk-control-benzina-nero-cat_ma13mo75736-f0de5861-bb78-4532-90ad-9f2db4e7c2f0,BMW,128,"TI 19"" ANDROID AUTO CRUISE ADATTIVO PERK CONTROL",29000,45000,Automatico,11/2021,Benzina,195 kW (265 CV),Auto Ferrario srl • IT-21024 Biandronno - Varese - VA,Rivenditore
BMW 120 120d xdrive Msport auto,https://www.autoscout24.it/annunci/bmw-120-120d-xdrive-msport-auto-diesel-grigio-cat_ma13mo18482-5d6e1f9c-1c74-48e8-9117-85f5b2e25e7b,BMW,120,120d xdrive Msport auto,29300,75000,Automatico,01/2021,Diesel,140 kW (190 CV),"Privato,IT-47891 serravalle",Privato
BMW 118 118d Msport Exterior auto,https://www.autoscout24.it/annunci/bmw-118-118d-msport-exterior-auto-diesel-cat_ma13mo18481-0a1a1304-a9db-4b6d-b662-4ee0edeefdd7,BMW,118,118d Msport Exterior auto,29300,45000,Semiautomatico,01/2023,Diesel,110 kW (150 CV),"Privato,IT-73020 Carpignano Salentino",Privato
BMW 118 118i Msport 5p auto,https://www.autoscout24.it/annunci/bmw-118-118i-msport-5p-auto-benzina-cat_ma13mo18481-9aceb4f2-c3e3-44bf-aebb-4ec05c591c6c,BMW,118,118i Msport 5p auto,29500,21000,Automatico,04/2024,Benzina,100 kW (136 CV),"Privato,IT-25030 torbole casaglia",Privato
BMW 118 Serie 1 118d Msport auto / PREZZO REALE,https://www.autoscout24.it/annunci/bmw-118-serie-1-118d-msport-auto-prezzo-reale-diesel-blu-azzurro-cat_ma13mo18481-6f5ff6ba-8266-4d79-b2ce-e49138cac8bd,BMW,118,Serie 1 118d Msport auto / PREZZO REALE,29990,36221,Semiautomatico,02/2023,Diesel,110 kW (150 CV),Bettini Auto di Davide Bettini • IT-20062 Cassano D'Adda - Milano - MI,Rivenditore
BMW 120 120d xdrive Msport auto,https://www.autoscout24.it/annunci/bmw-120-120d-xdrive-msport-auto-diesel-cat_ma13mo18482-c3f61bfd-1378-4927-9a10-9487c9882e31,BMW,120,120d xdrive Msport auto,29000,91000,Semiautomatico,12/2020,Diesel,140 kW (190 CV),"Privato,IT-09074 Ghilarza",Privato
BMW 118 118d MSport aut.,https://www.autoscout24.it/annunci/bmw-118-118d-msport-aut-diesel-nero-cat_ma13mo18481-d3f04e32-d7ac-404b-8fc6-e48171593b91,BMW,118,118d MSport aut.,29990,29544,Automatico,12/2025,Diesel,110 kW (150 CV),Rampon Auto Srl • IT-30027 San Donà di Piave - Ve,Rivenditore
BMW 118 118d MSport auto,https://www.autoscout24.it/annunci/bmw-118-118d-msport-auto-diesel-bianco-cat_ma13mo18481-bccf3143-6529-4adb-84d7-ef9f75da10fb,BMW,118,118d MSport auto,29490,30269,Automatico,02/2025,Diesel,110 kW (150 CV),DB Motor Group Srl • IT-86170 Isernia,Rivenditore
BMW 118 Serie 1 F40 118d Msport auto,https://www.autoscout24.it/annunci/bmw-118-serie-1-f40-118d-msport-auto-diesel-grigio-cat_ma13mo18481-cc7a3912-b1e5-4e2f-a024-d576a57de08d,BMW,118,Serie 1 F40 118d Msport auto,30000,25000,Semiautomatico,05/2024,Diesel,110 kW (150 CV),"Privato,IT-57021 Campiglia Marittima",Privato
BMW 118 Serie 1 F40118i Msport,https://www.autoscout24.it/annunci/bmw-118-serie-1-f40118i-msport-benzina-bianco-cat_ma13mo18481-f1df2a05-2772-4cd8-935b-72d7c0f43830,BMW,118,Serie 1 F40118i Msport,29000,50000,Semiautomatico,06/2023,Benzina,100 kW (136 CV),"Privato,IT-30174 Venezia",Privato
BMW 120 M Sport Led Navi,https://www.autoscout24.it/annunci/bmw-120-m-sport-led-navi-benzina-nero-cat_ma13mo18482-dcb4d005-9e20-428d-8230-3a160662fb65,BMW,120,M Sport Led Navi,29400,42000,Automatico,11/2023,Benzina,130 kW (177 CV),Novacar Srl • IT-20090 Buccinasco  - Milano - MI,Rivenditore
BMW 118 118d Msport auto,https://www.autoscout24.it/annunci/bmw-118-118d-msport-auto-diesel-cat_ma13mo18481-d6754ba4-8920-4107-b1c7-6c472616e2ef,BMW,118,118d Msport auto,29500,48000,Semiautomatico,05/2024,Diesel,110 kW (150 CV),"Privato,IT-98121 Messina",Privato
BMW 125 Serie 1 F40 128ti auto,https://www.autoscout24.it/annunci/bmw-125-serie-1-f40-128ti-auto-benzina-nero-cat_ma13mo19084-a941476d-aa35-49cc-801f-40c648707b89,BMW,125,Serie 1 F40 128ti auto,30000,72618,Semiautomatico,03/2024,Benzina,195 kW (265 CV),TopCar Uno Srl • IT-28021 Borgomanero - Novara - NO,Rivenditore
BMW 118 Serie 1 F70 118d MSport auto,https://www.autoscout24.it/annunci/bmw-118-serie-1-f70-118d-msport-auto-diesel-bianco-cat_ma13mo18481-8fe4717c-05c1-4a3a-b0f7-12995c7fdb75,BMW,118,Serie 1 F70 118d MSport auto,29900,50000,Automatico,11/2024,Diesel,110 kW (150 CV),M.B. Cars Biella Srl • IT-13894 Gaglianico - Bi,Rivenditore
BMW 135 i MSport X-Drive + Tetto apribile,https://www.autoscout24.it/annunci/bmw-135-i-msport-x-drive-+-tetto-apribile-benzina-nero-cat_ma13mo19079-47cdd284-8bb9-457c-912b-9f51851d95d2,BMW,135,i MSport X-Drive + Tetto apribile,29899,80328,Automatico,05/2021,Benzina,225 kW (306 CV),Autoviemme Olgiate S.r.l. • IT-22077 Olgiate Comasco - Como -  Co,Rivenditore
BMW 128 N/A,https://www.autoscout24.it/annunci/bmw-128-benzina-cat_ma13mo75736-b382de6e-c92b-4309-8b0c-50a550aaf59a,BMW,128,N/A,29850,84558,Manuale,11/2020,Benzina,195 kW (265 CV),"Privato,IT-23041 livigno",Privato
"BMW 120 120i Msport auto 2025 170cv camera 18""",https://www.autoscout24.it/annunci/bmw-120-120i-msport-auto-2025-170cv-camera-18-benzina-bianco-cat_ma13mo18482-583e4061-f503-440b-a8ae-576821a11b15,BMW,120,"120i Msport auto 2025 170cv camera 18""",29990,18590,Automatico,07/2025,Benzina,125 kW (170 CV),AR Motor srls • IT-00077 Montecompatri - Roma - RM,Rivenditore
BMW 118 118d 5p. Msport Exterior,https://www.autoscout24.it/annunci/bmw-118-118d-5p-msport-exterior-diesel-nero-cat_ma13mo18481-502330e6-cb40-4ddc-9831-5b95c82f65d4,BMW,118,118d 5p. Msport Exterior,29499,46740,Automatico,05/2023,Diesel,110 kW (150 CV),Privacar Latina - Fiumicino • IT-04100 Latina,Rivenditore
BMW 120 120d xdrive Msport auto,https://www.autoscout24.it/annunci/bmw-120-120d-xdrive-msport-auto-diesel-nero-cat_ma13mo18482-69e011aa-a0bf-4b6f-bd06-501abb9feeb4,BMW,120,120d xdrive Msport auto,29999,75000,Semiautomatico,01/2023,Diesel,140 kW (190 CV),"Privato,IT-23017 Morbegno",Privato
BMW 120 Serie 1 F40 120d Msport auto,https://www.autoscout24.it/annunci/bmw-120-serie-1-f40-120d-msport-auto-diesel-bianco-cat_ma13mo18482-d69211a5-c12c-4d7d-8384-8141c093ec6f,BMW,120,Serie 1 F40 120d Msport auto,30000,55000,Automatico,01/2021,Diesel,140 kW (190 CV),"Privato,IT-09123 Cagliari",Privato
BMW 118 118d Msport auto,https://www.autoscout24.it/annunci/bmw-118-118d-msport-auto-diesel-cat_ma13mo18481-9e7ed9de-9ce4-4895-899f-6ccbbf8841a2,BMW,118,118d Msport auto,29900,35000,Semiautomatico,06/2024,Diesel,110 kW (150 CV),"Privato,IT-61122 Pesaro",Privato
BMW 118 118i Msport 5p auto,https://www.autoscout24.it/annunci/bmw-118-118i-msport-5p-auto-benzina-cat_ma13mo18481-58b82d0a-c851-4eca-ae32-ac87b8a36c88,BMW,118,118i Msport 5p auto,29200,44000,Automatico,12/2021,Benzina,100 kW (136 CV),"Privato,IT-12062 Cherasco",Privato
BMW 120 Serie 1 F40 120d xdrive Msport hud full led automatici,https://www.autoscout24.it/annunci/bmw-120-serie-1-f40-120d-xdrive-msport-hud-full-led-automatici-diesel-blu-azzurro-cat_ma13mo18482-7c5e4f5d-37ce-490a-926c-cffac771133e,BMW,120,Serie 1 F40 120d xdrive Msport hud full led automatici,30000,145000,Semiautomatico,08/2022,Diesel,140 kW (190 CV),"Privato,IT-84030 Caggiano",Privato
BMW 120 i 5p. Msport,https://www.autoscout24.it/annunci/bmw-120-i-5p-msport-benzina-blu-azzurro-cat_ma13mo18482-ad839861-486f-404b-aa08-740bbfefd08c,BMW,120,i 5p. Msport,29950,47300,Automatico,02/2023,Benzina,131 kW (178 CV),Eurotarget S.p.A. - Tu al centro • IT-40066 Pieve Di Cento - Bologna - Bo,Rivenditore
BMW 118 d Msport auto-LEGGI SOTTO,https://www.autoscout24.it/annunci/bmw-118-d-msport-auto-leggi-sotto-diesel-nero-cat_ma13mo18481-0a8e91b5-7dd6-4e91-8361-406d6fdb5292,BMW,118,d Msport auto-LEGGI SOTTO,29900,70000,Automatico,04/2022,Diesel,110 kW (150 CV),Fantini Auto srl • IT-25121 Brescia,Rivenditore
BMW 118 d MSport Auto #VARI COLORI #GARANZIA UFFICIALE,https://www.autoscout24.it/annunci/bmw-118-d-msport-auto-vari-colori-garanzia-ufficiale-diesel-bianco-cat_ma13mo18481-4f85792a-ab8b-44ca-9c6d-2b64bdf31aa0,BMW,118,d MSport Auto #VARI COLORI #GARANZIA UFFICIALE,29900,25000,Automatico,02/2025,Diesel,110 kW (150 CV),M&M Motors Srl • IT-30030 Maerne di Martellago - Venezia - Ve,Rivenditore
BMW 128 Serie 1 F40 128ti M Sport,https://www.autoscout24.it/annunci/bmw-128-serie-1-f40-128ti-m-sport-benzina-nero-cat_ma13mo75736-37ddf625-ff71-41dc-9eb1-e76e7c8762fa,BMW,128,Serie 1 F40 128ti M Sport,29900,84000,Automatico,12/2022,Benzina,195 kW (265 CV),Autolink Srl • IT-20066 Melzo - Milano - Mi,Rivenditore
BMW 118 118d MSport aut.,https://www.autoscout24.it/annunci/bmw-118-118d-msport-aut-diesel-nero-cat_ma13mo18481-8b25bf65-c4e1-4d65-a3b7-53170accd2b2,BMW,118,118d MSport aut.,29900,24400,Automatico,03/2025,Diesel,110 kW (150 CV),Autosport Srl • IT-10040 Leini - Torino,Rivenditore
BMW 135 M 135i xDrive,https://www.autoscout24.it/annunci/bmw-135-m-135i-xdrive-benzina-nero-cat_ma13mo19079-d7b8d866-0057-478f-a852-1d2ec8f57d63,BMW,135,M 135i xDrive,29500,89442,Automatico,02/2021,Benzina,225 kW (306 CV),Commauto • IT-31055 Quinto Di Treviso - Treviso - Tv,Rivenditore
BMW 118 118d 5p. Msport,https://www.autoscout24.it/annunci/bmw-118-118d-5p-msport-diesel-grigio-cat_ma13mo18481-1ac9b4ab-f785-47ca-9d3e-75d17bfc0758,BMW,118,118d 5p. Msport,29900,41800,Automatico,05/2024,Diesel,110 kW (150 CV),Golden Garage Srl • IT-10024 Moncalieri - Torino - TO,Rivenditore
BMW 128 Msport,https://www.autoscout24.it/annunci/bmw-128-msport-benzina-cat_ma13mo75736-eaad3eb6-805e-44dd-b49b-f1a6efd34952,BMW,128,Msport,29000,63000,Automatico,04/2021,Benzina,195 kW (265 CV),"Privato,IT-06035 Gualdo Cattaneo",Privato
BMW 118 118d ColorVision Edition auto,https://www.autoscout24.it/annunci/bmw-118-118d-colorvision-edition-auto-diesel-cat_ma13mo18481-4d8ec065-9702-46a5-9e3c-20b55fb4458f,BMW,118,118d ColorVision Edition auto,29990,47000,Semiautomatico,10/2022,Diesel,110 kW (150 CV),"Privato,IT-92024 Canicattì",Privato
BMW 118 d auto,https://www.autoscout24.it/annunci/bmw-118-d-auto-diesel-cat_ma13mo18481-e3844870-1cb0-4fb3-ba63-3d280551c629,BMW,118,d auto,30000,30125,Automatico,11/2025,Diesel,110 kW (150 CV),BYmyCAR Milano • IT-20097 San Donato Milanese - Milano - MI,Rivenditore
BMW 118 d MSport Design auto,https://www.autoscout24.it/annunci/bmw-118-d-msport-design-auto-diesel-lilla-cat_ma13mo18481-9d587891-0193-4ef3-91cb-1d99635cd4df,BMW,118,d MSport Design auto,29500,71800,Automatico,11/2024,Diesel,110 kW (150 CV),Birindelli Auto Srl • IT-50059 Vinci - Firenze - Fi,Rivenditore
BMW 118 118d Msport auto,https://www.autoscout24.it/annunci/bmw-118-118d-msport-auto-diesel-bianco-cat_ma13mo18481-e734990b-317b-4e1a-8b54-67338c73238f,BMW,118,118d Msport auto,29900,25186,Automatico,07/2024,Diesel,110 kW (150 CV),Lupi Auto Spa • IT-51100 Stradario 01117 - Pistoia,Rivenditore
BMW 118 118i Msport 136cv auto,https://www.autoscout24.it/annunci/bmw-118-118i-msport-136cv-auto-benzina-grigio-cat_ma13mo18481-f3e0c1cb-6817-4197-8515-15a337088c1d,BMW,118,118i Msport 136cv auto,29500,3500,Automatico,09/2024,Benzina,100 kW (136 CV),Topcarsweb Srl • IT-10038 Verolengo,Rivenditore
BMW 118 118d MSport auto *PROMO* *IVA ESP.*,https://www.autoscout24.it/annunci/bmw-118-118d-msport-auto-promo-iva-esp-diesel-cat_ma13mo18481-c910f156-f755-4ef1-aaf1-f07ac4e90f20,BMW,118,118d MSport auto *PROMO* *IVA ESP.*,29900,8200,Automatico,09/2024,Diesel,110 kW (150 CV),Sfr motors srl • IT-00148 Roma - Rm,Rivenditore
BMW 118 118d Msport 5p auto,https://www.autoscout24.it/annunci/bmw-118-118d-msport-5p-auto-diesel-grigio-cat_ma13mo18481-117d9c80-cb2a-4c9c-88f5-95a4e84195d2,BMW,118,118d Msport 5p auto,29000,29000,Automatico,08/2022,Diesel,110 kW (150 CV),"Privato,IT-76121 Barletta",Privato
BMW 120 120d xdrive Msport,https://www.autoscout24.it/annunci/bmw-120-120d-xdrive-msport-diesel-cat_ma13mo18482-92f14ada-5d63-4f05-87a4-a157f71e921c,BMW,120,120d xdrive Msport,29000,97500,Semiautomatico,04/2020,Diesel,140 kW (190 CV),"Privato,IT-31030 Castello di Godego",Privato
BMW 135 Serie 1 F40 M 135i xdrive auto,https://www.autoscout24.it/annunci/bmw-135-serie-1-f40-m-135i-xdrive-auto-benzina-nero-cat_ma13mo19079-2319dece-b7a8-40e5-a2ed-6def6bf8bf60,BMW,135,Serie 1 F40 M 135i xdrive auto,29500,78000,Semiautomatico,05/2022,Benzina,225 kW (306 CV),"Privato,IT-20054 Segrate",Privato
BMW 118 Msport auto PREZZO PROMO,https://www.autoscout24.it/annunci/bmw-118-msport-auto-prezzo-promo-diesel-nero-cat_ma13mo18481-6de06b14-4360-48db-9e37-a6f380f3e5d5,BMW,118,Msport auto PREZZO PROMO,29000,49500,Automatico,02/2024,Diesel,110 kW (150 CV),Giunima Auto Srl • IT-20019 Settimo Milanese - MI,Rivenditore
BMW 118 118d Msport auto,https://www.autoscout24.it/annunci/bmw-118-118d-msport-auto-diesel-bianco-cat_ma13mo18481-5c75833c-9957-463a-b95f-52455b2da413,BMW,118,118d Msport auto,30000,58000,Semiautomatico,02/2023,Diesel,110 kW (150 CV),"Privato,IT-41030 Bomporto",Privato
BMW 135 M Sport M 135 i,https://www.autoscout24.it/annunci/bmw-135-m-sport-m-135-i-benzina-blu-azzurro-cat_ma13mo19079-c31a69f0-8720-4c4e-9bef-f10875ba23fe,BMW,135,M Sport M 135 i,29000,75000,Automatico,04/2021,Benzina,225 kW (306 CV),Tuacar Piacenza - Parma - Reggio Emilia • IT-43123 Parma - PR,Rivenditore
BMW 120 120d xdrive Msport auto,https://www.autoscout24.it/annunci/bmw-120-120d-xdrive-msport-auto-diesel-cat_ma13mo18482-765199b3-03a9-4193-9515-2147b6a03177,BMW,120,120d xdrive Msport auto,30000,109000,Semiautomatico,03/2022,Diesel,140 kW (190 CV),"Privato,IT-62012 Civitanova Marche",Privato
BMW 120 120d Msport auto,https://www.autoscout24.it/annunci/bmw-120-120d-msport-auto-diesel-cat_ma13mo18482-a2e3109c-af94-4402-b7f5-a13a3db163b1,BMW,120,120d Msport auto,30000,130000,Semiautomatico,11/2020,Diesel,140 kW (190 CV),"Privato,IT-00166 Roma",Privato
BMW 118 118d Msport auto,https://www.autoscout24.it/annunci/bmw-118-118d-msport-auto-diesel-cat_ma13mo18481-68891827-01ec-4b9f-b8e8-093db8d4810c,BMW,118,118d Msport auto,30000,29000,Semiautomatico,10/2022,Diesel,110 kW (150 CV),"Privato,IT-10098 Rivoli",Privato
BMW 118 Serie 1 F40118d Msport auto,https://www.autoscout24.it/annunci/bmw-118-serie-1-f40118d-msport-auto-diesel-bianco-cat_ma13mo18481-6658ce37-b65c-4368-ab78-ec565399ed70,BMW,118,Serie 1 F40118d Msport auto,29500,75464,Semiautomatico,03/2022,Diesel,110 kW (150 CV),"Privato,IT-36075 Montecchio Maggiore",Privato
BMW 118 118d Msport 5p,https://www.autoscout24.it/annunci/bmw-118-118d-msport-5p-diesel-nero-cat_ma13mo18481-80f79ebb-99d1-47c6-8b4b-52535987d29c,BMW,118,118d Msport 5p,30000,55555,Automatico,08/2021,Diesel,110 kW (150 CV),"Privato,IT-20900 Monza",Privato
BMW 135 M 135i xDrive,https://www.autoscout24.it/annunci/bmw-135-m-135i-xdrive-benzina-argento-cat_ma13mo19079-a2aa8144-2ebe-44d2-a6a5-be8736c9a207,BMW,135,M 135i xDrive,29000,66500,Automatico,11/2020,Benzina,225 kW (306 CV),Privacar Torino Corso Grosseto • IT-10148 Torino - TO,Rivenditore
BMW 128 ti 5p. Msport,https://www.autoscout24.it/annunci/bmw-128-ti-5p-msport-benzina-bianco-cat_ma13mo75736-5abacf1c-4de5-4dcd-a325-929f12137da6,BMW,128,ti 5p. Msport,29000,82000,Automatico,01/2021,Benzina,195 kW (265 CV),Demasi Auto • IT-25069 Villa Carcina -  Brescia,Rivenditore
BMW 118 118d Msport auto,https://www.autoscout24.it/annunci/bmw-118-118d-msport-auto-diesel-nero-cat_ma13mo18481-fb7fb9f7-1da3-4476-a2e4-55d3870fd821,BMW,118,118d Msport auto,30000,48111,Automatico,03/2024,Diesel,110 kW (150 CV),Biauto Group Genova • IT-16163 Genova - Ge,Rivenditore
BMW 118 Serie 1 F40 118i Msport 136cv auto,https://www.autoscout24.it/annunci/bmw-118-serie-1-f40-118i-msport-136cv-auto-benzina-cat_ma13mo18481-b304787f-a6fb-4de9-a35d-93cb8accfded,BMW,118,Serie 1 F40 118i Msport 136cv auto,29900,32000,Semiautomatico,07/2023,Benzina,100 kW (136 CV),"Privato,IT-41125 Modena",Privato
BMW 135 M 135i xdrive auto,https://www.autoscout24.it/annunci/bmw-135-m-135i-xdrive-auto-benzina-nero-cat_ma13mo19079-f9a8aad1-9bb1-413a-9dae-e60bd1bcccb6,BMW,135,M 135i xdrive auto,29500,91336,Automatico,07/2021,Benzina,225 kW (306 CV),Cascioli Spa • IT-63074 San Benedetto Del Tronto - AscoliPiceno - Ap,Rivenditore
BMW 118 d Msport auto,https://www.autoscout24.it/annunci/bmw-118-d-msport-auto-diesel-bianco-cat_ma13mo18481-3765ab5e-024b-4e3d-a560-fe837e5700d3,BMW,118,d Msport auto,29500,59000,Automatico,04/2024,Diesel,110 kW (150 CV),Car & Car Srl F.lli Carrirolo • IT-13894 Gaglianico - Biella - Bi,Rivenditore
BMW 118 118i Msport 5p auto,https://www.autoscout24.it/annunci/bmw-118-118i-msport-5p-auto-benzina-cat_ma13mo18481-62695918-bef9-4468-b553-cc8506d4ecc1,BMW,118,118i Msport 5p auto,29000,84000,Automatico,06/2023,Benzina,100 kW (136 CV),"Privato,IT-20134 Milano",Privato
BMW 118 118d MSport,https://www.autoscout24.it/annunci/bmw-118-118d-msport-diesel-nero-cat_ma13mo18481-8d8aa191-395c-47c1-b48a-a3d560ebcdf4,BMW,118,118d MSport,29500,44771,Semiautomatico,03/2024,Diesel,110 kW (150 CV),Italmotor Torino Srl • IT-10151 Torino,Rivenditore
BMW 135 M 135i xdrive auto UNIPRO' UFFICIALE,https://www.autoscout24.it/annunci/bmw-135-m-135i-xdrive-auto-unipro-ufficiale-benzina-grigio-cat_ma13mo19079-8f8d9eb1-9d84-4e12-8440-d0892a40ab64,BMW,135,M 135i xdrive auto UNIPRO' UFFICIALE,29800,60000,Automatico,10/2020,Benzina,225 kW (306 CV),Autoland Srl • IT-00012 Guidonia Montecelio - Roma - Rm,Rivenditore
BMW 118 118d Msport,https://www.autoscout24.it/annunci/bmw-118-118d-msport-diesel-grigio-cat_ma13mo18481-06ddec5e-1fd4-436f-81d2-eed28550214b,BMW,118,118d Msport,29299,54340,Automatico,07/2023,Diesel,110 kW (150 CV),Autohero Italia Srl - Bari • IT-50145 Firenze - FI,Rivenditore
BMW 118 d MSport Design auto,https://www.autoscout24.it/annunci/bmw-118-d-msport-design-auto-diesel-bianco-cat_ma13mo18481-9f9ce8c5-48b8-446c-9289-3c6d1ea5482f,BMW,118,d MSport Design auto,29900,49000,Automatico,10/2024,Diesel,110 kW (150 CV),Emilcar Srl • IT-63039 San Benedetto del Tronto – Ascoli Piceno – Ap,Rivenditore
BMW 118 118i Msport 5p auto,https://www.autoscout24.it/annunci/bmw-118-118i-msport-5p-auto-benzina-nero-cat_ma13mo18481-b08549e2-b0ef-450c-bed5-fa130760a359,BMW,118,118i Msport 5p auto,29100,21039,Automatico,07/2024,Benzina,100 kW (136 CV),Afd Auto Di Diomedi Alessandro • IT-21018 Sesto Calende - Varese - VA,Rivenditore
BMW 135 M 135i 5p xdrive E6,https://www.autoscout24.it/annunci/bmw-135-m-135i-5p-xdrive-e6-benzina-cat_ma13mo19079-d3918c3c-618c-4856-8cfb-82dfc937ce3f,BMW,135,M 135i 5p xdrive E6,30000,95000,Automatico,04/2021,Benzina,225 kW (306 CV),"Privato,IT-06010 citta’ di castello",Privato
BMW 118 Serie 1 F40 118d Msport auto - Motore nuovo,https://www.autoscout24.it/annunci/bmw-118-serie-1-f40-118d-msport-auto-motore-nuovo-diesel-nero-cat_ma13mo18481-9c9fee89-5593-4506-88ef-153c4358d710,BMW,118,Serie 1 F40 118d Msport auto - Motore nuovo,30000,84000,Automatico,10/2020,Diesel,110 kW (150 CV),"Privato,IT-55016 porcari",Privato
BMW 118 MSPORT AUTO D 150 CV - 24 MESI GARANZIA EUROPEA - KM. 73.000,https://www.autoscout24.it/annunci/bmw-118-msport-auto-d-150-cv-24-mesi-garanzia-europea-km-73-000-diesel-nero-cat_ma13mo18481-85f9ff90-8e5e-4518-9f42-4960d04d996f,BMW,118,MSPORT AUTO D 150 CV - 24 MESI GARANZIA EUROPEA - KM. 73.000,29200,73000,Semiautomatico,06/2023,Diesel,110 kW (150 CV),FCars • IT-12100 Cuneo,Rivenditore
BMW 118 Bmw Serie 1 118d Msport auto,https://www.autoscout24.it/annunci/bmw-118-bmw-serie-1-118d-msport-auto-diesel-nero-cat_ma13mo18481-23e44165-9723-45c7-bd8d-c12d6ba3ac6d,BMW,118,Bmw Serie 1 118d Msport auto,29000,96700,Semiautomatico,03/2021,Diesel,110 kW (150 CV),"Privato,IT-50037 Scarperia e San Piero",Privato
BMW 118 118 i 5p. Msport,https://www.autoscout24.it/annunci/bmw-118-118-i-5p-msport-benzina-grigio-cat_ma13mo18481-e8a538cf-9021-4f7b-87a7-d80c3a5f330d,BMW,118,118 i 5p. Msport,29500,11200,Automatico,12/2024,Benzina,100 kW (136 CV),Autosport Srl • IT-10040 Leini - Torino,Rivenditore
BMW 118 118d Msport auto,https://www.autoscout24.it/annunci/bmw-118-118d-msport-auto-diesel-grigio-cat_ma13mo18481-4937b38a-8ec6-40c6-9511-326dbde9f5f1,BMW,118,118d Msport auto,29100,48210,Semiautomatico,05/2024,Diesel,110 kW (150 CV),Autofficina Negri G. Mario & C. Snc • IT-23851 Galbiate - Lecco - Lc,Rivenditore
BMW 118 118d Msport auto,https://www.autoscout24.it/annunci/bmw-118-118d-msport-auto-diesel-bianco-cat_ma13mo18481-481a9310-ff3a-4d41-b99a-e4681e54cd58,BMW,118,118d Msport auto,29900,15091,Automatico,03/2024,Diesel,110 kW (150 CV),Ambrosi Spa • IT-06073 Corciano - Perugia - Pg,Rivenditore
BMW 118 118i 5p. Msport,https://www.autoscout24.it/annunci/bmw-118-118i-5p-msport-benzina-bianco-cat_ma13mo18481-415c097a-6bb0-4c12-9bb9-cf44850343ba,BMW,118,118i 5p. Msport,29900,23000,Automatico,07/2022,Benzina,100 kW (136 CV),Ke Car by Center Car srl • IT-47822 Santarcangelo di Romagna - Rimini - RN,Rivenditore
BMW 120 120 48v Msport auto,https://www.autoscout24.it/annunci/bmw-120-120-48v-msport-auto-elettrica-benzina-grigio-cat_ma13mo18482-ed9554a4-a196-455c-a7a4-0cf136e0a5c5,BMW,120,120 48v Msport auto,29900,45000,Automatico,05/2025,Elettrica/Benzina,125 kW (170 CV),La Barca Automobili srl • IT-10036 Settimo Torinese - Torino - TO,Rivenditore
BMW 128 128ti auto 128 TI VARI COLORI DISPONIBILI,https://www.autoscout24.it/annunci/bmw-128-128ti-auto-128-ti-vari-colori-disponibili-benzina-nero-cat_ma13mo75736-45fa38c9-8dfb-4235-8285-224ad71e711f,BMW,128,128ti auto 128 TI VARI COLORI DISPONIBILI,29900,19600,Automatico,08/2023,Benzina,195 kW (265 CV),Race Car Srl • IT-37040 Z.a.i. - Verona - VR,Rivenditore
