Annuncio,Link,Prezzo,Tipologia,Immatricolazione,Chilometraggio,Carburante,Cambio,Unico_Proprietario,Località
PEUGEOT 308 PureTech Turbo 130 EAT8 Allure,https://www.automobile.it/fosso-peugeot-308-puretech-turbo-130-eat8-allure/181601847,€ 18.900,Usato,Marzo 2023,27.500 km,Benzina - Euro 6,Automatico,,Fossò (VE)
PEUGEOT 308 PureTech Turbo 130 EAT8 GT #TETTO #VARI COLORI,https://www.automobile.it/fosso-peugeot-308-puretech-turbo-130-eat8-gt-tetto-vari-colori/181152632,€ 22.900,Usato,Maggio 2024,16.000 km,Benzina - Euro 6,Automatico,,Fossò (VE)
Peugeot 308 PureTech Turbo 130 S&S EAT8 Allure Pack,https://www.automobile.it/pertica-bassa-peugeot-308-puretech-turbo-130-s-s-eat8-allure-pack/179445118,€ 24.000,Usato,Dicembre 2023,15.000 km,Benzina - Euro 6,Automatico,Unico proprietario,Pertica Bassa (BS)
PEUGEOT 308 BlueHDi 130 S&S Active Pack,https://www.automobile.it/sava-peugeot-308-bluehdi-130-s-s-active-pack/181285552,€ 15.900,Usato,Maggio 2022,150.026 km,Diesel,Manuale,Unico proprietario,Sava (TA)
PEUGEOT 308 DIESEL 1.5 130 CV,https://www.automobile.it/alfonsine-peugeot-308-diesel-1-5-130-cv/180792463,€ 24.900,Usato,Aprile 2023,27.465 km,Diesel - Euro 6,Automatico,,Alfonsine (RA)
PEUGEOT 308 BlueHDi 130 S&S EAT8 Allure Pack,https://www.automobile.it/perugia-peugeot-308-bluehdi-130-s-s-eat8-allure-pack/178075208,€ 25.900,Usato,Settembre 2024,19.000 km,Diesel - Euro 6,Automatico,Unico proprietario,Perugia (PG)
Peugeot 308 PureTech Turbo 130 S&S Allure Pack,https://www.automobile.it/roma-peugeot-308-puretech-turbo-130-s-s-allure-pack/179622415,€ 21.490,Aziendale,Febbraio 2024,35.000 km,Benzina - Euro 6,Manuale,,Roma (RM)
Peugeot 308 Nuova SW - BlueHDi 130 EAT8 S&S Allure Pack,https://www.automobile.it/roma-peugeot-308-nuova-sw-bluehdi-130-eat8-s-s-allure-pack/176217406,€ 28.900,Usato,Giugno 2023,7.456 km,Diesel - Euro 6,Automatico,,Roma (RM)
Peugeot 308 BlueHDi 130 S&S EAT8 SW Allure Pack,https://www.automobile.it/botricello-peugeot-308-bluehdi-130-s-s-eat8-sw-allure-pack/179522780,€ 7.900,Usato,Gennaio 2025,157.000 km,Diesel - Euro 6,Automatico,,Botricello (CZ)
Peugeot 308 BlueHDi 130 S&S EAT8 Allure,https://www.automobile.it/siena-peugeot-308-bluehdi-130-s-s-eat8-allure/178650655,€ 23.900,Usato,Marzo 2022,74.800 km,Diesel - Euro 6,Automatico,,Siena (SI)
"Peugeot 308 1.6 E-HDI LB9HCG | DIESEL DV6C-9HC-9H05 CC 1560 CV 116 KW 85 BERLINA, 5 p",https://www.automobile.it/quarto-peugeot-308-1-6-hdi-lb9hcg-diesel-dv6c-9hc-9h05-cc-1560-cv-116-kw-85-berlina-5-p/184483374,€ 6.890,Usato,Settembre 2026,80.000 km,Diesel - Euro 5,Manuale,,Quarto (NA)
Peugeot 308 BlueHDi 130 S&S Allure,https://www.automobile.it/rivoli-peugeot-308-bluehdi-130-s-s-allure/184524570,€ 9.900,Usato,Settembre 2022,85.661 km,Diesel - Euro 6,Manuale,,Rivoli (TO)
Peugeot 308 SW Allure EAT8 BR029359 1.5 Diesel 131CV,https://www.automobile.it/cinisello-balsamo-peugeot-308-sw-allure-eat8-br029359-1-5-diesel-131cv/184271889,€ 10.290,Usato,Ottobre 2022,127.177 km,Diesel,Automatico,Unico proprietario,Cinisello Balsamo (MI)
Peugeot 308 SW Allure EAT8 BR029359 1.5 Diesel 131CV,https://www.automobile.it/reggio-emilia-peugeot-308-sw-allure-eat8-br029359-1-5-diesel-131cv/184271877,€ 10.290,Usato,Ottobre 2022,127.177 km,Diesel,Automatico,Unico proprietario,Reggio Emilia (RE)
PEUGEOT 308 SW 1.5 bluehdi Allure s&s 130cv eat8 del 2022,https://www.automobile.it/mogliano-veneto-peugeot-308-sw-1-5-bluehdi-allure-s-s-130cv-eat8-2022/184611083,€ 10.900,Usato,Maggio 2022,144.000 km,Diesel - Euro 6,Automatico,,Mogliano Veneto (TV)
Peugeot 308 BlueHDi 130 S&S EAT8 SW Style,https://www.automobile.it/serramanna-peugeot-308-bluehdi-130-s-s-eat8-sw-style/184630139,€ 11.000,Usato,Ottobre 2026,90.000 km,Diesel - Euro 6,Manuale,,Serramanna (VS)
Peugeot 308 BlueHDi 130 S&S EAT8 SW Allure,https://www.automobile.it/san-gregorio-magno-peugeot-308-bluehdi-130-s-s-eat8-sw-allure/184425124,€ 11.500,Usato,Maggio 2022,171.000 km,Diesel - Euro 6,Automatico,,San Gregorio Magno (SA)
Peugeot 308 BlueHDi 130 S&S SW Allure Pack,https://www.automobile.it/napoli-peugeot-308-bluehdi-130-s-s-sw-allure-pack/184069694,€ 11.900,Usato,Giugno 2022,124.985 km,Diesel - Euro 6,Manuale,Unico proprietario,Napoli (NA)
Peugeot 308 Active Pack 1.2 130cv S&S S.W.,https://www.automobile.it/vitulazio-peugeot-308-active-pack-1-2-130cv-s-s-s-w/184200682,€ 11.900,Usato,Giugno 2023,95.771 km,Benzina - Euro 6,Manuale,,Vitulazio (CE)
Peugeot 308 Allure BR619395 1.2 Benzina 131CV,https://www.automobile.it/cinisello-balsamo-peugeot-308-allure-br619395-1-2-benzina-131cv/184584603,€ 11.990,Usato,Febbraio 2023,91.310 km,Benzina,Manuale,Unico proprietario,Cinisello Balsamo (MI)
Peugeot 308 Allure BR619395 1.2 Benzina 131CV,https://www.automobile.it/reggio-emilia-peugeot-308-allure-br619395-1-2-benzina-131cv/184584594,€ 11.990,Usato,Febbraio 2023,91.310 km,Benzina,Manuale,Unico proprietario,Reggio Emilia (RE)
Peugeot 308 BlueHDi 130 S&S EAT8 SW Allure Pack,https://www.automobile.it/udine-peugeot-308-bluehdi-130-s-s-eat8-sw-allure-pack/184355368,€ 12.500,Usato,Settembre 2022,159.000 km,Diesel - Euro 6,Automatico,,Udine (UD)
Peugeot 308 BlueHDi 130 S&S EAT8 SW Allure,https://www.automobile.it/striano-peugeot-308-bluehdi-130-s-s-eat8-sw-allure/184631572,€ 12.500,Usato,Ottobre 2022,106.000 km,Diesel - Euro 6,Automatico,,Striano (NA)
Peugeot 308 BlueHDi 130 S&S EAT8 SW Allure Pack,https://www.automobile.it/afragola-peugeot-308-bluehdi-130-s-s-eat8-sw-allure-pack/184574182,€ 12.700,Usato,Giugno 2022,170.000 km,Diesel - Euro 6,Semiautomatico,Unico proprietario,Afragola (NA)
Peugeot 308 BlueHDi 130 S&S EAT8 Allure Pack,https://www.automobile.it/striano-peugeot-308-bluehdi-130-s-s-eat8-allure-pack/184589524,€ 12.900,Usato,Aprile 2022,161.000 km,Diesel - Euro 6,Automatico,,Striano (NA)
Peugeot 308 SW 1.5 bluehdi Allure Pack *AUTOCARRO*IVA ESCLUSA*,https://www.automobile.it/pistoia-peugeot-308-sw-1-5-bluehdi-allure-pack-autocarro-iva-esclusa/184568717,€ 12.999,Usato,Marzo 2023,97.000 km,Diesel - Euro 6,Automatico,,Pistoia (PT)
Peugeot 308 Active Pack BR089077 1.2 Benzina 131CV,https://www.automobile.it/cinisello-balsamo-peugeot-308-active-pack-br089077-1-2-benzina-131cv/184405929,€ 13.190,Usato,Novembre 2023,19.887 km,Benzina,Manuale,Unico proprietario,Cinisello Balsamo (MI)
Peugeot 308 Active Pack BR089077 1.2 Benzina 131CV,https://www.automobile.it/reggio-emilia-peugeot-308-active-pack-br089077-1-2-benzina-131cv/184405916,€ 13.190,Usato,Novembre 2023,19.887 km,Benzina,Manuale,Unico proprietario,Reggio Emilia (RE)
PEUGEOT 308 III 2021 - 308 1.2 puretech t Allure s&s 130cv,https://www.automobile.it/legnano-peugeot-308-iii-2021-308-1-2-puretech-t-allure-s-s-130cv/184535213,€ 13.450,Aziendale,Ottobre 2024,32.187 km,Benzina - Euro 6,Manuale,Unico proprietario,Legnano (MI)
PEUGEOT 308 III 2021 - 308 1.2 puretech t Allure s&s 130cv,https://www.automobile.it/legnano-peugeot-308-iii-2021-308-1-2-puretech-t-allure-s-s-130cv/184535193,€ 13.450,Aziendale,Ottobre 2024,32.187 km,Benzina - Euro 6,Manuale,Unico proprietario,Legnano (MI)
Peugeot 308 308 1.2 t Allure Pack s,https://www.automobile.it/borgaro-torinese-peugeot-308-308-1-2-t-allure-pack-s/184239874,€ 13.490,Usato,Ottobre 2022,92.727 km,Benzina,Automatico,,Borgaro Torinese (TO)
Peugeot 308 BlueHDi 130 S&S SW,https://www.automobile.it/pomponesco-peugeot-308-bluehdi-130-s-s-sw/184656304,€ 13.490,Usato,Luglio 2022,120.000 km,Diesel - Euro 6,Manuale,Unico proprietario,Pomponesco (MN)
Peugeot 308 BlueHDi 130 S&S EAT8 SW Allure,https://www.automobile.it/san-gregorio-magno-peugeot-308-bluehdi-130-s-s-eat8-sw-allure/184425125,€ 13.500,Usato,Settembre 2022,142.000 km,Diesel - Euro 6,Automatico,,San Gregorio Magno (SA)
PEUGEOT 308 308 2021 SW 1.5 bluehdi Allure s - GK691RD,https://www.automobile.it/basiliano-peugeot-308-308-2021-sw-1-5-bluehdi-allure-s-gk691rd/184651870,€ 13.600,Usato,Maggio 2022,137.000 km,Diesel - Euro 6,Automatico,,Basiliano (UD)
Peugeot 308 PureTech Turbo 130CV S&S EAT8 SW Allure Pack,https://www.automobile.it/brandico-peugeot-308-puretech-turbo-130cv-s-s-eat8-sw-allure-pack/184576290,€ 13.800,Usato,Giugno 2022,89.000 km,Benzina,Automatico,Unico proprietario,Brandico (BS)
Peugeot 308 1.5 diesel 130CV Allure Pack 2023 90.000km,https://www.automobile.it/napoli-peugeot-308-1-5-diesel-130cv-allure-pack-2023-90-000km/184560009,€ 13.900,Usato,Gennaio 2023,89.000 km,Diesel - Euro 6,Manuale,,Napoli (NA)
PEUGEOT 308 SW BlueHDi 130 cv EAT8 Allure - PROMO,https://www.automobile.it/este-peugeot-308-sw-bluehdi-130-cv-eat8-allure-promo/184456363,€ 13.900,Usato,Settembre 2022,67.000 km,Diesel - Euro 6,Automatico,,Este (PD)
Peugeot 308 1.2 130cv Allure + Key Less + Navi + Camera,https://www.automobile.it/torino-peugeot-308-1-2-130cv-allure-key-less-navi-camera/184626798,€ 13.950,Usato,Aprile 2024,16.070 km,Benzina - Euro 6,Manuale,Unico proprietario,Torino (TO)
Peugeot 308 BlueHDi 130 S&S Active Pack,https://www.automobile.it/frignano-peugeot-308-bluehdi-130-s-s-active-pack/184621644,€ 13.990,Usato,Settembre 2022,160.000 km,Diesel,Manuale,Unico proprietario,Frignano (CE)
Peugeot 308 BlueHDi 130 S&S SW Allure Pack,https://www.automobile.it/palma-montechiaro-peugeot-308-bluehdi-130-s-s-sw-allure-pack/184386615,€ 13.990,Usato,Maggio 2022,179.990 km,Diesel - Euro 6,Automatico,,Palma di Montechiaro (AG)
Peugeot 308 1.5 diesel 130CV Allure Pack 2023,https://www.automobile.it/napoli-peugeot-308-1-5-diesel-130cv-allure-pack-2023/184623934,€ 13.999,Usato,Gennaio 2023,88.000 km,Diesel - Euro 6,Manuale,,Napoli (NA)
Peugeot 308 BlueHDi 130 S&S SW Allure Pack,https://www.automobile.it/cella-dati-peugeot-308-bluehdi-130-s-s-sw-allure-pack/184092912,€ 14.000,Usato,Giugno 2022,100.800 km,Diesel - Euro 6,Manuale,Unico proprietario,Cella Dati (CR)
Peugeot 308 BlueHDi 130 S&S SW Allure,https://www.automobile.it/castelvetro-piacentino-peugeot-308-bluehdi-130-s-s-sw-allure/184420193,€ 14.290,Usato,Luglio 2022,111.608 km,Diesel,Manuale,Unico proprietario,Castelvetro Piacentino (PC)
Peugeot 308 Allure BR376541 1.2 Benzina 131CV,https://www.automobile.it/cinisello-balsamo-peugeot-308-allure-br376541-1-2-benzina-131cv/184272166,€ 14.290,Usato,Aprile 2024,31.269 km,Benzina,Manuale,Unico proprietario,Cinisello Balsamo (MI)
Peugeot 308 Allure BR514065 1.2 Benzina 131CV,https://www.automobile.it/cinisello-balsamo-peugeot-308-allure-br514065-1-2-benzina-131cv/184276444,€ 14.290,Usato,Aprile 2024,30.933 km,Benzina,Manuale,Unico proprietario,Cinisello Balsamo (MI)
Peugeot 308 Allure BR376541 1.2 Benzina 131CV,https://www.automobile.it/reggio-emilia-peugeot-308-allure-br376541-1-2-benzina-131cv/184272175,€ 14.290,Usato,Aprile 2024,31.269 km,Benzina,Manuale,Unico proprietario,Reggio Emilia (RE)
Peugeot 308 Allure BR514065 1.2 Benzina 131CV,https://www.automobile.it/reggio-emilia-peugeot-308-allure-br514065-1-2-benzina-131cv/184272165,€ 14.290,Usato,Aprile 2024,30.933 km,Benzina,Manuale,Unico proprietario,Reggio Emilia (RE)
Peugeot 308 III 2021 1.5 bluehdi Allure s&s 130cv eat8,https://www.automobile.it/albavilla-peugeot-308-iii-2021-1-5-bluehdi-allure-s-s-130cv-eat8/183785035,€ 14.486,Usato,Aprile 2022,104.114 km,Diesel - Euro 6,Automatico,Unico proprietario,Albavilla (CO)
Peugeot 308 BlueHDi 130 S&S EAT8 SW Allure Pack,https://www.automobile.it/eboli-peugeot-308-bluehdi-130-s-s-eat8-sw-allure-pack/184385021,€ 14.490,Usato,Settembre 2022,91.100 km,Diesel - Euro 6,Semiautomatico,,Eboli (SA)
PEUGEOT 308 Plug-in Hybrid 180 e-EAT8 SW GT,https://www.automobile.it/opera-peugeot-308-plug-hybrid-180-eat8-sw-gt/184588277,€ 14.500,Usato,Aprile 2022,116.000 km,Ibrido - Euro 6,Automatico,,Opera (MI)
Peugeot 308 BlueHDi 130 S&S EAT8,https://www.automobile.it/orta-atella-peugeot-308-bluehdi-130-s-s-eat8/184602397,€ 14.500,Usato,Luglio 2022,145.000 km,Diesel - Euro 6,Automatico,,Orta di Atella (CE)
Peugeot 308 PureTech Turbo 130 S&S SW Allure,https://www.automobile.it/roma-peugeot-308-puretech-turbo-130-s-s-sw-allure/184250481,€ 14.590,Usato,Marzo 2024,70.000 km,Benzina - Euro 6,Manuale,,Roma (RM)
Peugeot 308 Allure BR682818 1.2 Benzina 131CV,https://www.automobile.it/reggio-emilia-peugeot-308-allure-br682818-1-2-benzina-131cv/184441615,€ 14.690,Usato,Maggio 2024,14.658 km,Benzina,Manuale,Unico proprietario,Reggio Emilia (RE)
Peugeot 308 Allure BR368030 1.2 Benzina 131CV,https://www.automobile.it/reggio-emilia-peugeot-308-allure-br368030-1-2-benzina-131cv/184441616,€ 14.690,Usato,Maggio 2024,15.861 km,Benzina,Manuale,Unico proprietario,Reggio Emilia (RE)
Peugeot 308 Allure BR682818 1.2 Benzina 131CV,https://www.automobile.it/cinisello-balsamo-peugeot-308-allure-br682818-1-2-benzina-131cv/184436609,€ 14.690,Usato,Maggio 2024,14.658 km,Benzina,Manuale,Unico proprietario,Cinisello Balsamo (MI)
Peugeot 308 Allure BR368030 1.2 Benzina 131CV,https://www.automobile.it/cinisello-balsamo-peugeot-308-allure-br368030-1-2-benzina-131cv/184441617,€ 14.690,Usato,Maggio 2024,15.861 km,Benzina,Manuale,Unico proprietario,Cinisello Balsamo (MI)
Peugeot 308 1.5 BlueHDi 130CV Allure,https://www.automobile.it/orta-nova-peugeot-308-1-5-bluehdi-130cv-allure/184369836,€ 14.800,Usato,Marzo 2022,99.421 km,Diesel - Euro 6,Manuale,Unico proprietario,Orta Nova (FG)
Peugeot 308 BlueHDi 130 S&S Allure Pack,https://www.automobile.it/orta-nova-peugeot-308-bluehdi-130-s-s-allure-pack/184558639,€ 14.800,Usato,Febbraio 2022,117.639 km,Diesel - Euro 6,Manuale,Unico proprietario,Orta Nova (FG)
PEUGEOT 308 1.5 130 CV ALLURE SW CAMBIO AUTOMATICO,https://www.automobile.it/casarano-peugeot-308-1-5-130-cv-allure-sw-cambio-automatico/184540743,€ 14.800,Usato,Settembre 2022,112.500 km,Diesel - Euro 6,Automatico,,Casarano (LE)
Peugeot 308 PureTech Turbo 130 S&S Active Pack,https://www.automobile.it/isernia-peugeot-308-puretech-turbo-130-s-s-active-pack/183495888,€ 14.890,Usato,Gennaio 2024,56.257 km,Benzina - Euro 6,Manuale,,Isernia (IS)
Peugeot 308 PureTech Turbo 130 S&S Active Pack,https://www.automobile.it/calolziocorte-peugeot-308-puretech-turbo-130-s-s-active-pack/184574778,€ 14.890,Usato,Settembre 2022,51.754 km,Benzina - Euro 6,Manuale,Unico proprietario,Calolziocorte (LC)
Peugeot 308 BlueHDi 130 S&S Allure Pack,https://www.automobile.it/spoltore-peugeot-308-bluehdi-130-s-s-allure-pack/184347471,€ 14.900,Usato,Aprile 2022,120.033 km,Diesel - Euro 6,Manuale,,Spoltore (PE)
PEUGEOT 308 3ª serie - BlueHDi 130 S&S EAT8 SW Allure,https://www.automobile.it/caltanissetta-peugeot-308-3-serie-bluehdi-130-s-s-eat8-sw-allure/184021493,€ 14.900,Usato,Gennaio 2023,153.300 km,Diesel - Euro 6,Semiautomatico,,Caltanissetta (CL)
PEUGEOT 308 Allure 1.2 Turbo 130 (MODELLO NUOVO!),https://www.automobile.it/torino-peugeot-308-allure-1-2-turbo-130-modello-nuovo/184510820,€ 14.900,Usato,Giugno 2022,90.000 km,Benzina - Euro 6,Automatico,,Torino (TO)
PEUGEOT 308 SW ALLURE PACK HYBRID 180 E-EAT8 SeS - GK067RC,https://www.automobile.it/basiliano-peugeot-308-sw-allure-pack-hybrid-180-eat8-ses-gk067rc/184574707,€ 14.900,Usato,Maggio 2022,126.000 km,Ibrido - Euro 6,Automatico,,Basiliano (UD)
PEUGEOT 308 SW 1.5 bluehdi 130cv Allure EAT8 - GM538BN,https://www.automobile.it/basiliano-peugeot-308-sw-1-5-bluehdi-130cv-allure-eat8-gm538bn/184594539,€ 14.900,Usato,Dicembre 2022,100.000 km,Diesel - Euro 6,Automatico,,Basiliano (UD)
Peugeot 308 BlueHDi 130 S&S EAT8 SW Allure,https://www.automobile.it/foggia-peugeot-308-bluehdi-130-s-s-eat8-sw-allure/184599602,€ 14.900,Usato,Agosto 2022,153.600 km,Diesel - Euro 6,Automatico,Unico proprietario,Foggia (FG)
Peugeot 308 Allure Pack 1.5 BlueHdi 131cv (My'24 modello nuovo),https://www.automobile.it/torino-peugeot-308-allure-pack-1-5-bluehdi-131cv-my-24-modello-nuovo/184586820,€ 14.900,Usato,Maggio 2023,110.000 km,Diesel - Euro 6,Automatico,Unico proprietario,Torino (TO)
Peugeot 308 BlueHDi 130 S&S SW Allure,https://www.automobile.it/adelfia-peugeot-308-bluehdi-130-s-s-sw-allure/183952219,€ 14.900,Usato,Maggio 2022,145.000 km,Diesel - Euro 6,Manuale,,Adelfia (BA)
PEUGEOT 308 SW PURETECH TURBO 110CAVALLI S&S ACTIVE PACK,https://www.automobile.it/quinzano-d-oglio-peugeot-308-sw-puretech-turbo-110cavalli-s-s-active-pack/180306180,€ 14.900,Usato,Luglio 2022,22.532 km,Benzina - Euro 6,Manuale,,Quinzano d'Oglio (BS)
PEUGEOT 308 SW PURETECH TURBO 110CAVALLI S&S ACTIVE PACK,https://www.automobile.it/quinzano-d-oglio-peugeot-308-sw-puretech-turbo-110cavalli-s-s-active-pack/184122515,€ 14.900,Usato,Luglio 2022,22.532 km,Benzina - Euro 6,Manuale,,Quinzano d'Oglio (BS)
PEUGEOT 308 BlueHDi 130 ALLURE PACK BLUEHDI,https://www.automobile.it/rivoli-peugeot-308-bluehdi-130-allure-pack-bluehdi/184640518,€ 14.900,Usato,Febbraio 2024,149.000 km,Diesel - Euro 6,Semiautomatico,Unico proprietario,Rivoli (TO)
PEUGEOT 308 SW 1.5 bluehdi Allure s - IVA ESPOSTA,https://www.automobile.it/pistoia-peugeot-308-sw-1-5-bluehdi-allure-s-iva-esposta/184663200,€ 14.900,Usato,Maggio 2023,99.900 km,Diesel - Euro 6,Automatico,,Pistoia (PT)
Peugeot 308 PureTech Turbo 130 S&S Active Pack,https://www.automobile.it/bassano-grappa-peugeot-308-puretech-turbo-130-s-s-active-pack/184659796,€ 14.900,Usato,Maggio 2022,59.700 km,Benzina - Euro 6,Automatico,,Bassano del Grappa (VI)
PEUGEOT 308 ALLURE 1.2 131 cv TURBO BENZINA -PROMO OTTOBRE GA FIN&SAFE-,https://www.automobile.it/santarcangelo-romagna-peugeot-308-allure-1-2-131-cv-turbo-benzina-promo-ottobre-ga-fin-safe/184310144,€ 14.950,Usato,Luglio 2023,37.000 km,Benzina - Euro 6,Manuale,,Santarcangelo di Romagna (RN)
Peugeot 308 1.2 130cv Allure + Key Less + Navi + Camera,https://www.automobile.it/torino-peugeot-308-1-2-130cv-allure-key-less-navi-camera/184241659,€ 14.950,Usato,Aprile 2024,12.683 km,Benzina,Manuale,Unico proprietario,Torino (TO)
Peugeot 308 SW 1.2 130cv Active Pack,https://www.automobile.it/torino-peugeot-308-sw-1-2-130cv-active-pack/184032916,€ 14.950,Usato,Aprile 2024,5.170 km,Benzina - Euro 6,Manuale,,Torino (TO)
Peugeot 308 III 2021 1.2 puretech t Active Pack s&s 130cv,https://www.automobile.it/albavilla-peugeot-308-iii-2021-1-2-puretech-t-active-pack-s-s-130cv/184249007,€ 14.986,Usato,Maggio 2022,35.932 km,Benzina - Euro 6,Manuale,Unico proprietario,Albavilla (CO)
Peugeot 308 BlueHDi 130 S&S EAT8 SW Allure Pack,https://www.automobile.it/favara-peugeot-308-bluehdi-130-s-s-eat8-sw-allure-pack/184635857,€ 14.989,Usato,Dicembre 2022,164.000 km,Diesel - Euro 6,Semiautomatico,,Favara (AG)
Peugeot 308 BlueHDi 130 S&S EAT8 Allure Pack,https://www.automobile.it/frattamaggiore-peugeot-308-bluehdi-130-s-s-eat8-allure-pack/184257807,€ 14.990,Usato,Dicembre 2022,107.400 km,Diesel - Euro 6,Automatico,,Frattamaggiore (NA)
Peugeot 308 130 EAT8 SW Allure,https://www.automobile.it/manduria-peugeot-308-130-eat8-sw-allure/184589900,€ 14.990,Usato,Gennaio 2023,127.000 km,Diesel - Euro 6,Automatico,,Manduria (TA)
Peugeot 308 BlueHDi 130 S&S EAT8 SW Allure Pack,https://www.automobile.it/guidonia-montecelio-peugeot-308-bluehdi-130-s-s-eat8-sw-allure-pack/183573511,€ 14.990,Usato,Giugno 2022,107.000 km,Diesel - Euro 6,Automatico,,Guidonia Montecelio (RM)
Peugeot 308 BlueHDi 130 S&S SW Allure,https://www.automobile.it/orta-nova-peugeot-308-bluehdi-130-s-s-sw-allure/184536569,€ 14.999,Usato,Maggio 2022,108.000 km,Diesel - Euro 6,Manuale,Unico proprietario,Orta Nova (FG)
Peugeot 308 BlueHDi 130 S&S EAT8 SW Allure,https://www.automobile.it/orta-nova-peugeot-308-bluehdi-130-s-s-eat8-sw-allure/184570608,€ 14.999,Usato,Dicembre 2022,110.000 km,Diesel - Euro 6,Semiautomatico,Unico proprietario,Orta Nova (FG)
Peugeot 308 1.5 BlueHDi EAT8 12/2022,https://www.automobile.it/giugliano-campania-peugeot-308-1-5-bluehdi-eat8-12-2022/184667478,€ 14.999,Usato,Dicembre 2022,95.000 km,Diesel - Euro 6,Semiautomatico,,Giugliano in Campania (NA)
PEUGEOT 308 PureTech Turbo 130 S&S Allure,https://www.automobile.it/casoria-peugeot-308-puretech-turbo-130-s-s-allure/184669124,€ 14.999,Usato,Maggio 2024,24.160 km,Benzina - Euro 6,Manuale,,Casoria (NA)
PEUGEOT 308 PureTech Turbo 130 S&S Allure,https://www.automobile.it/catania-peugeot-308-puretech-turbo-130-s-s-allure/184668741,€ 14.999,Usato,Maggio 2024,24.160 km,Benzina - Euro 6,Manuale,,Catania (CT)
PEUGEOT 308 PureTech Turbo 130 S&S Allure,https://www.automobile.it/verona-peugeot-308-puretech-turbo-130-s-s-allure/184669180,€ 14.999,Usato,Maggio 2024,24.160 km,Benzina - Euro 6,Manuale,,Verona (VR)
PEUGEOT 308 PureTech Turbo 130 S&S Allure,https://www.automobile.it/firenze-peugeot-308-puretech-turbo-130-s-s-allure/184669503,€ 14.999,Usato,Maggio 2024,24.160 km,Benzina - Euro 6,Manuale,,Firenze (FI)
PEUGEOT 308 PureTech Turbo 130 S&S Allure,https://www.automobile.it/cosenza-peugeot-308-puretech-turbo-130-s-s-allure/184665882,€ 14.999,Usato,Maggio 2024,24.160 km,Benzina - Euro 6,Manuale,,Cosenza (CS)
PEUGEOT 308 PureTech Turbo 130 S&S Allure,https://www.automobile.it/bologna-peugeot-308-puretech-turbo-130-s-s-allure/184669666,€ 14.999,Usato,Maggio 2024,24.160 km,Benzina - Euro 6,Manuale,,Bologna (BO)
PEUGEOT 308 PureTech Turbo 130 S&S Allure,https://www.automobile.it/roma-peugeot-308-puretech-turbo-130-s-s-allure/184670504,€ 14.999,Usato,Maggio 2024,24.160 km,Benzina - Euro 6,Manuale,,Roma (RM)
PEUGEOT 308 PureTech Turbo 130 S&S Allure,https://www.automobile.it/cagliari-peugeot-308-puretech-turbo-130-s-s-allure/184669922,€ 14.999,Usato,Maggio 2024,24.160 km,Benzina - Euro 6,Manuale,,Cagliari (CA)
PEUGEOT 308 PureTech Turbo 130 S&S Allure,https://www.automobile.it/sassari-peugeot-308-puretech-turbo-130-s-s-allure/184670421,€ 14.999,Usato,Maggio 2024,24.160 km,Benzina - Euro 6,Manuale,,Sassari (SS)
PEUGEOT 308 PureTech Turbo 130 S&S Allure,https://www.automobile.it/venezia-peugeot-308-puretech-turbo-130-s-s-allure/184671057,€ 14.999,Usato,Maggio 2024,24.160 km,Benzina - Euro 6,Manuale,,Venezia (VE)
PEUGEOT 308 PureTech Turbo 130 S&S Allure,https://www.automobile.it/palermo-peugeot-308-puretech-turbo-130-s-s-allure/184670545,€ 14.999,Usato,Maggio 2024,24.160 km,Benzina - Euro 6,Manuale,,Palermo (PA)
Peugeot 308 BlueHDi 130 S&S EAT8 SW Allure Pack,https://www.automobile.it/garlasco-peugeot-308-bluehdi-130-s-s-eat8-sw-allure-pack/184541972,€ 15.300,Usato,Febbraio 2023,139.900 km,Diesel,Semiautomatico,Unico proprietario,Garlasco (PV)
Peugeot 308 BlueHDi 130 CV Automatica EAT8 Allure Pack S&S,https://www.automobile.it/bari-peugeot-308-bluehdi-130-cv-automatica-eat8-allure-pack-s-s/183495807,€ 15.400,Usato,Maggio 2022,117.200 km,Diesel - Euro 6,Automatico,Unico proprietario,Bari (BA)
Peugeot 308 BlueHDi 130 S&S EAT8 SW Allure Pack,https://www.automobile.it/pollena-trocchia-peugeot-308-bluehdi-130-s-s-eat8-sw-allure-pack/184544238,€ 15.400,Usato,Gennaio 2023,137.000 km,Diesel - Euro 6,Semiautomatico,Unico proprietario,Pollena Trocchia (NA)
308 BlueHDi 130 S&S EAT8 SW Allure Pack,https://www.automobile.it/grammichele-308-bluehdi-130-s-s-eat8-sw-allure-pack/184289198,€ 15.490,Usato,Aprile 2023,96.710 km,Diesel - Euro 6,Automatico,Unico proprietario,Grammichele (CT)
NEW Peugeot 308 HDi 130cv EAT8 Allure *LED-PELLE-NAVY*,https://www.automobile.it/manduria-new-peugeot-308-hdi-130cv-eat8-allure-led-pelle-navy/184655920,€ 15.490,Usato,Gennaio 2023,119.000 km,Diesel - Euro 6,Automatico,Unico proprietario,Manduria (TA)
308 BlueHDi 130 S&S EAT8 SW Allure Pack,https://www.automobile.it/grammichele-308-bluehdi-130-s-s-eat8-sw-allure-pack/184289198,€ 15.490,Usato,Aprile 2023,96.710 km,Diesel - Euro 6,Automatico,Unico proprietario,Grammichele (CT)
Peugeot 308 BlueHDi 130 S&S EAT8 SW Allure 2023,https://www.automobile.it/ispica-peugeot-308-bluehdi-130-s-s-eat8-sw-allure-2023/184156185,€ 15.499,Usato,Febbraio 2023,100.571 km,Diesel - Euro 6,Automatico,,Ispica (RG)
Peugeot 308 BlueHDi 130 S&S EAT8 SW Allure Pack,https://www.automobile.it/vigasio-peugeot-308-bluehdi-130-s-s-eat8-sw-allure-pack/184520980,€ 15.499,Usato,Maggio 2023,91.500 km,Diesel,Automatico,Unico proprietario,Vigasio (VR)
Peugeot 308 PureTech Turbo 130 S&S EAT8 Allure,https://www.automobile.it/calatafimi-segesta-peugeot-308-puretech-turbo-130-s-s-eat8-allure/184340471,€ 15.500,Usato,Marzo 2023,150.000 km,Benzina - Euro 6,Semiautomatico,,Calatafimi-Segesta (TP)
Peugeot 308 GT BlueHDi 130 EAT8 S&S,https://www.automobile.it/torino-peugeot-308-gt-bluehdi-130-eat8-s-s/184552183,€ 15.500,Usato,Marzo 2023,80.431 km,Diesel - Euro 6,Automatico,Unico proprietario,Torino (TO)
Peugeot 308 GT BlueHDi 130 EAT8 S&S,https://www.automobile.it/isola-d-asti-peugeot-308-gt-bluehdi-130-eat8-s-s/184553116,€ 15.500,Usato,Marzo 2023,80.431 km,Diesel - Euro 6,Automatico,Unico proprietario,Isola d'Asti (AT)
Peugeot 308 1.2 puretech t Allure s&s 130cv IN PROMO,https://www.automobile.it/liscate-peugeot-308-1-2-puretech-t-allure-s-s-130cv-promo/183041728,€ 15.500,Usato,Marzo 2024,25.000 km,Benzina,Manuale,Unico proprietario,Liscate (MI)
PEUGEOT 308 BlueHDi 130 S&S Allure Pack,https://www.automobile.it/lecce-peugeot-308-bluehdi-130-s-s-allure-pack/184572049,€ 15.500,Usato,Luglio 2022,120.480 km,Diesel - Euro 6,Manuale,,Lecce (LE)
Peugeot 308 PureTech Turbo 130 S&S Allure CINGHIA NUOVA PREZZO REALE NO PROMO,https://www.automobile.it/milano-peugeot-308-puretech-turbo-130-s-s-allure-cinghia-nuova-prezzo-reale-promo/184585130,€ 15.500,Usato,Marzo 2024,61.000 km,Benzina - Euro 6,Manuale,Unico proprietario,Milano (MI)
Peugeot 308 BlueHDi 130 S&S Allure Pack ( km Certificati),https://www.automobile.it/racalmuto-peugeot-308-bluehdi-130-s-s-allure-pack-km-certificati/184608253,€ 15.500,Usato,Giugno 2022,131.000 km,Diesel - Euro 6,Manuale,,Racalmuto (AG)
Peugeot 308 Active Pack BlueHDi 130 S&S,https://www.automobile.it/vitulazio-peugeot-308-active-pack-bluehdi-130-s-s/184622349,€ 15.500,Usato,Gennaio 2023,99.245 km,Diesel - Euro 6,Manuale,Unico proprietario,Vitulazio (CE)
Peugeot 308 BlueHDi 130 S&S Allure Pack,https://www.automobile.it/alessandria-peugeot-308-bluehdi-130-s-s-allure-pack/184202272,€ 15.599,Usato,Giugno 2022,97.000 km,Diesel - Euro 6,Manuale,Unico proprietario,Alessandria (AL)
Peugeot 308 SW Allure EAT8 BR068531 1.2 Benzina 131CV,https://www.automobile.it/cinisello-balsamo-peugeot-308-sw-allure-eat8-br068531-1-2-benzina-131cv/184405926,€ 15.690,Usato,Aprile 2024,34.683 km,Benzina,Automatico,Unico proprietario,Cinisello Balsamo (MI)
Peugeot 308 SW Allure EAT8 BR068531 1.2 Benzina 131CV,https://www.automobile.it/reggio-emilia-peugeot-308-sw-allure-eat8-br068531-1-2-benzina-131cv/184405918,€ 15.690,Usato,Aprile 2024,34.683 km,Benzina,Automatico,Unico proprietario,Reggio Emilia (RE)
PEUGEOT 308 308 III NEW MODEL SW 1.5 bluehdi Allure TG: GK709R,https://www.automobile.it/basiliano-peugeot-308-308-iii-new-model-sw-1-5-bluehdi-allure-tg-gk709r/184616004,€ 15.700,Usato,Maggio 2022,104.000 km,Diesel - Euro 6,Automatico,,Basiliano (UD)
Peugeot 308 SW 1.2 t Active Pack s&s 130cv IN PROMO,https://www.automobile.it/liscate-peugeot-308-sw-1-2-t-active-pack-s-s-130cv-promo/182892331,€ 15.700,Usato,Marzo 2024,28.000 km,Benzina,Manuale,Unico proprietario,Liscate (MI)
PEUGEOT 308 III 2021 - 308 1.5 bluehdi Allure s&s 130cv eat8,https://www.automobile.it/legnano-peugeot-308-iii-2021-308-1-5-bluehdi-allure-s-s-130cv-eat8/183863012,€ 15.750,Aziendale,Aprile 2023,49.546 km,Diesel - Euro 6,Automatico,Unico proprietario,Legnano (MI)
PEUGEOT 308 III 2021 - 308 1.5 bluehdi Allure s&s 130cv eat8,https://www.automobile.it/legnano-peugeot-308-iii-2021-308-1-5-bluehdi-allure-s-s-130cv-eat8/183862946,€ 15.750,Aziendale,Aprile 2023,49.546 km,Diesel - Euro 6,Automatico,Unico proprietario,Legnano (MI)
PEUGEOT 308 III 2021 - 308 1.5 bluehdi Allure s&s 130cv eat8,https://www.automobile.it/legnano-peugeot-308-iii-2021-308-1-5-bluehdi-allure-s-s-130cv-eat8/184643416,€ 15.750,Aziendale,Maggio 2023,45.945 km,Diesel - Euro 6,Automatico,Unico proprietario,Legnano (MI)
PEUGEOT 308 III 2021 - 308 1.5 bluehdi Allure s&s 130cv eat8,https://www.automobile.it/legnano-peugeot-308-iii-2021-308-1-5-bluehdi-allure-s-s-130cv-eat8/184643416,€ 15.750,Aziendale,Maggio 2023,45.945 km,Diesel - Euro 6,Automatico,Unico proprietario,Legnano (MI)
Peugeot 308 1.5 bluehdi Active Pack 130 Cv.,https://www.automobile.it/bellona-peugeot-308-1-5-bluehdi-active-pack-130-cv/180944368,€ 15.800,Usato,Maggio 2022,161.550 km,Diesel,Manuale,Unico proprietario,Bellona (CE)
PEUGEOT 308 130 CV ALLURE PACK BlueHDi S&S,https://www.automobile.it/casarano-peugeot-308-130-cv-allure-pack-bluehdi-s-s/184540739,€ 15.800,Usato,Aprile 2023,152.633 km,Diesel - Euro 6,Automatico,,Casarano (LE)
PEUGEOT 308 SW 1.5 bluehdi 130cv Allure EAT8 - GL384CT,https://www.automobile.it/basiliano-peugeot-308-sw-1-5-bluehdi-130cv-allure-eat8-gl384ct/184616005,€ 15.800,Usato,Agosto 2022,70.000 km,Diesel - Euro 6,Automatico,,Basiliano (UD)
Peugeot 308 BlueHDi 130 S&S EAT8 SW GT,https://www.automobile.it/todi-peugeot-308-bluehdi-130-s-s-eat8-sw-gt/182982755,€ 15.900,Usato,Aprile 2023,140.500 km,Diesel - Euro 6,Semiautomatico,Unico proprietario,Todi (PG)
Peugeot 308 BlueHDi 130 S&S EAT8 Allure Pack,https://www.automobile.it/cittadella-peugeot-308-bluehdi-130-s-s-eat8-allure-pack/184206388,€ 15.900,Usato,Novembre 2022,110.000 km,Diesel - Euro 6,Automatico,,Cittadella (PD)
PEUGEOT 308 BlueHDi 130 S&S EAT8 Allure Pack,https://www.automobile.it/padova-peugeot-308-bluehdi-130-s-s-eat8-allure-pack/183983061,€ 15.900,Usato,Aprile 2022,99.900 km,Diesel - Euro 6,Semiautomatico,Unico proprietario,Padova (PD)
Peugeot 308 BlueHDi 130 S&S SW Allure,https://www.automobile.it/martano-peugeot-308-bluehdi-130-s-s-sw-allure/184268795,€ 15.900,Usato,Maggio 2022,107.000 km,Diesel - Euro 6,Manuale,,Martano (LE)
Peugeot 308 BlueHDi 130 S&S EAT8 SW Allure,https://www.automobile.it/campobasso-peugeot-308-bluehdi-130-s-s-eat8-sw-allure/184543424,€ 15.900,Usato,Maggio 2023,108.730 km,Diesel - Euro 6,Automatico,,Campobasso (CB)
Peugeot 308 BlueHDi 130 S&S SW Allure,https://www.automobile.it/grammichele-peugeot-308-bluehdi-130-s-s-sw-allure/184007691,€ 15.900,Usato,Settembre 2022,108.549 km,Diesel - Euro 6,Semiautomatico,Unico proprietario,Grammichele (CT)
PEUGEOT 308 308 III 2021 SW SW 1.2 puretech t Allure s - GT486,https://www.automobile.it/basiliano-peugeot-308-308-iii-2021-sw-sw-1-2-puretech-t-allure-s-gt486/184563080,€ 15.900,Usato,Febbraio 2024,104.000 km,Benzina - Euro 6,Manuale,,Basiliano (UD)
PEUGEOT 308 BlueHDi 130 S&S EAT8 Allure Pack,https://www.automobile.it/cerignola-peugeot-308-bluehdi-130-s-s-eat8-allure-pack/184216943,€ 15.900,Usato,Dicembre 2022,99.000 km,Diesel,Automatico,Unico proprietario,Cerignola (FG)
PEUGEOT 308 BlueHDi 130 S&S EAT8 SW Allure Pack,https://www.automobile.it/oderzo-peugeot-308-bluehdi-130-s-s-eat8-sw-allure-pack/182326410,€ 15.950,Usato,Maggio 2022,136.798 km,Diesel - Euro 6,Automatico,,Oderzo (TV)
Peugeot 308 1.2 puretech t Allure Pack s&s 130cv eat8,https://www.automobile.it/pistoia-peugeot-308-1-2-puretech-t-allure-pack-s-s-130cv-eat8/184657180,€ 15.950,Usato,Ottobre 2022,67.887 km,Benzina - Euro 6,Automatico,Unico proprietario,Pistoia (PT)
PEUGEOT 308 BlueHDi 130 S&S EAT8 SW Allure,https://www.automobile.it/moimacco-peugeot-308-bluehdi-130-s-s-eat8-sw-allure/184662796,€ 15.950,Usato,Novembre 2022,72.459 km,Diesel - Euro 6,Automatico,Unico proprietario,Moimacco (UD)
PEUGEOT 308 BlueHDi 130 S&S EAT8 SW Allure Pack,https://www.automobile.it/bari-peugeot-308-bluehdi-130-s-s-eat8-sw-allure-pack/182187624,€ 15.990,Usato,Settembre 2022,102.000 km,Diesel - Euro 6,Automatico,,Bari (BA)
Peugeot 308 BlueHDi 130 S&S EAT8 SW Allure Pack,https://www.automobile.it/eboli-peugeot-308-bluehdi-130-s-s-eat8-sw-allure-pack/183178109,€ 15.990,Usato,Maggio 2022,110.300 km,Diesel - Euro 6,Automatico,,Eboli (SA)
Peugeot 308 BlueHDi 130 S&S EAT8 SW Allure Pack,https://www.automobile.it/broni-peugeot-308-bluehdi-130-s-s-eat8-sw-allure-pack/183933614,€ 15.990,Usato,Aprile 2023,91.612 km,Diesel - Euro 6,Automatico,Unico proprietario,Broni (PV)
Peugeot 308 308 1.5 bluehdi Allure Pack s&s 130cv,https://www.automobile.it/cercola-peugeot-308-308-1-5-bluehdi-allure-pack-s-s-130cv/184619313,€ 15.990,Usato,Giugno 2022,44.000 km,Diesel - Euro 6,Manuale,,Cercola (NA)
PEUGEOT NEW 308 ALLURE 1.5 130CV NAVY Led CAM 2023,https://www.automobile.it/manduria-peugeot-new-308-allure-1-5-130cv-navy-led-cam-2023/184664529,€ 15.990,Usato,Gennaio 2023,133.000 km,Diesel - Euro 6,Automatico,,Manduria (TA)
Peugeot 308 BlueHDi 130 S&S EAT8 SW GT Pack neopatentati,https://www.automobile.it/brescia-peugeot-308-bluehdi-130-s-s-eat8-sw-gt-pack-neopatentati/184466978,€ 15.999,Usato,Novembre 2022,130.000 km,Diesel - Euro 6,Automatico,,Brescia (BS)
PEUGEOT 308 1.5 bluehdi Allure Pack s&s 130cv eat8,https://www.automobile.it/torino-peugeot-308-1-5-bluehdi-allure-pack-s-s-130cv-eat8/183494340,€ 16.100,Usato,Settembre 2023,108.061 km,Diesel - Euro 6,Automatico,,Torino (TO)
PEUGEOT 308 1.5 bluehdi Allure Pack s&s 130cv eat8,https://www.automobile.it/torino-peugeot-308-1-5-bluehdi-allure-pack-s-s-130cv-eat8/184260925,€ 16.100,Usato,Novembre 2022,89.763 km,Diesel - Euro 6,Automatico,,Torino (TO)
Peugeot 308 1.5 bluehdi Active Pack 130 Cv.,https://www.automobile.it/bellona-peugeot-308-1-5-bluehdi-active-pack-130-cv/180944297,€ 16.200,Usato,Aprile 2022,136.930 km,Diesel,Manuale,Unico proprietario,Bellona (CE)
Peugeot 308 BlueHDi 130 S&S SW Allure Pack,https://www.automobile.it/martinsicuro-peugeot-308-bluehdi-130-s-s-sw-allure-pack/184235045,€ 16.280,Usato,Ottobre 2022,98.000 km,Diesel - Euro 6,Automatico,,Martinsicuro (TE)
Peugeot 308 BlueHDi 130 S&S EAT8 SW Allure IVA ESPOSTA UNICO PROPRIETARIO,https://www.automobile.it/genova-peugeot-308-bluehdi-130-s-s-eat8-sw-allure-iva-esposta-unico-proprietario/184548497,€ 16.300,Usato,Maggio 2023,71.000 km,Diesel - Euro 6,Semiautomatico,Unico proprietario,Genova (GE)
Peugeot 308 PureTech 130 CV NAVI Allure S&S,https://www.automobile.it/bari-peugeot-308-puretech-130-cv-navi-allure-s-s/183800136,€ 16.300,Usato,Febbraio 2024,85.600 km,Benzina - Euro 6,Manuale,Unico proprietario,Bari (BA)
Peugeot New 308 SW 1.5 BlueHDi 130CV EAT8 Allure Pack Garanzia,https://www.automobile.it/montalto-uffugo-peugeot-new-308-sw-1-5-bluehdi-130cv-eat8-allure-pack-garanzia/183722169,€ 16.400,Usato,Giugno 2022,45.340 km,Diesel - Euro 6,Automatico,Unico proprietario,Montalto Uffugo (CS)
Peugeot New 308 SW 1.5 BlueHDi 130 CV EAT8 Allure Pack In Garanzia,https://www.automobile.it/montalto-uffugo-peugeot-new-308-sw-1-5-bluehdi-130-cv-eat8-allure-pack-garanzia/184504767,€ 16.400,Usato,Gennaio 2023,38.301 km,Diesel - Euro 6,Semiautomatico,Unico proprietario,Montalto Uffugo (CS)
PEUGEOT 308 3ª serie 308 PureTech Turbo 130 S&S EAT8 Allure,https://www.automobile.it/roma-peugeot-308-3-serie-308-puretech-turbo-130-s-s-eat8-allure/184594437,€ 16.400,Usato,Aprile 2024,71.429 km,Diesel - Euro 6,Automatico,,Roma (RM)
PEUGEOT 308 3ª serie 308 PureTech Turbo 130 S&S EAT8 Allure,https://www.automobile.it/verona-peugeot-308-3-serie-308-puretech-turbo-130-s-s-eat8-allure/184598483,€ 16.400,Usato,Aprile 2024,71.429 km,Diesel - Euro 6,Automatico,,Verona (VR)
PEUGEOT 308 3ª serie 308 PureTech Turbo 130 S&S EAT8 Allure,https://www.automobile.it/milano-peugeot-308-3-serie-308-puretech-turbo-130-s-s-eat8-allure/184597152,€ 16.400,Usato,Aprile 2024,71.429 km,Diesel - Euro 6,Automatico,,Milano (MI)
PEUGEOT 308 308 III NEW MODEL SW 1.5 bluehdi Allure TG : GK698,https://www.automobile.it/basiliano-peugeot-308-308-iii-new-model-sw-1-5-bluehdi-allure-tg-gk698/184616023,€ 16.400,Usato,Maggio 2022,94.000 km,Diesel - Euro 6,Automatico,,Basiliano (UD)
PEUGEOT 308 1.5 BlueHDi EAT8 SW Active Pack C/GRIMALDI SP.DAY,https://www.automobile.it/vigevano-peugeot-308-1-5-bluehdi-eat8-sw-active-pack-grimaldi-sp-day/184658670,€ 16.400,Usato,Novembre 2024,24.728 km,Diesel - Euro 6,Automatico,,Vigevano (PV)
Peugeot 308 BlueHDi 130 S&S EAT8 Allure Pack 2022,https://www.automobile.it/aversa-peugeot-308-bluehdi-130-s-s-eat8-allure-pack-2022/182235275,€ 16.490,Usato,Giugno 2022,115.000 km,Diesel - Euro 6,Automatico,,Aversa (CE)
Peugeot 308 SW 1.5 bluehdi Allure Pack s&s 130cv eat8,https://www.automobile.it/settimo-milanese-peugeot-308-sw-1-5-bluehdi-allure-pack-s-s-130cv-eat8/184406757,€ 16.490,Usato,2023,81.000 km,Diesel - Euro 6,Automatico,,Settimo Milanese (MI)
PEUGEOT 308 BlueHDi 130 S&S EAT8 SW Allure Pack,https://www.automobile.it/barletta-peugeot-308-bluehdi-130-s-s-eat8-sw-allure-pack/184508534,€ 16.490,Usato,Ottobre 2022,99.995 km,Diesel - Euro 6,Semiautomatico,,Barletta (BT)
PEUGEOT 308 1.5 HDI 130 AUTOM ALLURE CERTIFICATA,https://www.automobile.it/afragola-peugeot-308-1-5-hdi-130-autom-allure-certificata/182259475,€ 16.499,Usato,Gennaio 2024,175.000 km,Diesel - Euro 6,Automatico,,Afragola (NA)
Peugeot 308 BlueHDi 130 S&S EAT8 SW Allure Pack,https://www.automobile.it/troia-peugeot-308-bluehdi-130-s-s-eat8-sw-allure-pack/184473156,€ 16.500,Usato,Maggio 2022,100.380 km,Diesel - Euro 6,Semiautomatico,,Troia (FG)
Peugeot 308 Plug-in Hybrid 180 e-EAT8 SW Allure Pack,https://www.automobile.it/manzano-peugeot-308-plug-hybrid-180-eat8-sw-allure-pack/184525362,€ 16.500,Usato,Maggio 2023,126.000 km,Ibrido - Euro 6,Semiautomatico,Unico proprietario,Manzano (UD)
Peugeot 308 BlueHDi 130 S&S EAT8 Allure,https://www.automobile.it/sant-egidio-monte-albino-peugeot-308-bluehdi-130-s-s-eat8-allure/184531344,€ 16.500,Usato,Settembre 2022,125.682 km,Diesel - Euro 6,Automatico,,Sant'Egidio del Monte Albino (SA)
Peugeot 308 BlueHDi 130 S&S EAT8 GT Pack FULL OPTIONAL,https://www.automobile.it/olgiate-comasco-peugeot-308-bluehdi-130-s-s-eat8-gt-pack-full-optional/184634513,€ 16.500,Usato,Febbraio 2022,69.000 km,Diesel - Euro 6,Semiautomatico,Unico proprietario,Olgiate Comasco (CO)
Peugeot 308 BlueHDi 130 S&S EAT8 Pack GT,https://www.automobile.it/napoli-peugeot-308-bluehdi-130-s-s-eat8-pack-gt/184663519,€ 16.500,Aziendale,Dicembre 2022,76.281 km,Diesel - Euro 6,Semiautomatico,Unico proprietario,Napoli (NA)
PEUGEOT 308 BlueHDi 130 S&S EAT8 SW GT,https://www.automobile.it/catania-peugeot-308-bluehdi-130-s-s-eat8-sw-gt/184457717,€ 16.599,Usato,Dicembre 2022,82.689 km,Diesel - Euro 6,Automatico,,Catania (CT)
PEUGEOT 308 BlueHDi 130 S&S EAT8 SW GT,https://www.automobile.it/verona-peugeot-308-bluehdi-130-s-s-eat8-sw-gt/184457940,€ 16.599,Usato,Dicembre 2022,82.689 km,Diesel - Euro 6,Automatico,,Verona (VR)
PEUGEOT 308 BlueHDi 130 S&S EAT8 SW GT,https://www.automobile.it/beinasco-peugeot-308-bluehdi-130-s-s-eat8-sw-gt/184458057,€ 16.599,Usato,Dicembre 2022,82.689 km,Diesel - Euro 6,Automatico,,Beinasco (TO)
PEUGEOT 308 BlueHDi 130 S&S EAT8 SW GT,https://www.automobile.it/casoria-peugeot-308-bluehdi-130-s-s-eat8-sw-gt/184457812,€ 16.599,Usato,Dicembre 2022,82.689 km,Diesel - Euro 6,Automatico,,Casoria (NA)
PEUGEOT 308 BlueHDi 130 S&S EAT8 SW GT,https://www.automobile.it/collesalvetti-peugeot-308-bluehdi-130-s-s-eat8-sw-gt/184461704,€ 16.599,Usato,Dicembre 2022,82.689 km,Diesel - Euro 6,Automatico,,Collesalvetti (LI)
PEUGEOT 308 BlueHDi 130 S&S EAT8 SW GT,https://www.automobile.it/cosenza-peugeot-308-bluehdi-130-s-s-eat8-sw-gt/184455889,€ 16.599,Usato,Dicembre 2022,82.689 km,Diesel - Euro 6,Automatico,,Cosenza (CS)
PEUGEOT 308 BlueHDi 130 S&S EAT8 SW GT,https://www.automobile.it/cagliari-peugeot-308-bluehdi-130-s-s-eat8-sw-gt/184463094,€ 16.599,Usato,Dicembre 2022,82.689 km,Diesel - Euro 6,Automatico,,Cagliari (CA)
PEUGEOT 308 BlueHDi 130 S&S EAT8 SW GT,https://www.automobile.it/sassari-peugeot-308-bluehdi-130-s-s-eat8-sw-gt/184463270,€ 16.599,Usato,Dicembre 2022,82.689 km,Diesel - Euro 6,Automatico,,Sassari (SS)
PEUGEOT 308 BlueHDi 130 S&S EAT8 SW GT,https://www.automobile.it/roma-peugeot-308-bluehdi-130-s-s-eat8-sw-gt/184458305,€ 16.599,Usato,Dicembre 2022,82.689 km,Diesel - Euro 6,Automatico,,Roma (RM)
PEUGEOT 308 BlueHDi 130 S&S EAT8 SW GT,https://www.automobile.it/firenze-peugeot-308-bluehdi-130-s-s-eat8-sw-gt/184458476,€ 16.599,Usato,Dicembre 2022,82.689 km,Diesel - Euro 6,Automatico,,Firenze (FI)
PEUGEOT 308 BlueHDi 130 S&S EAT8 SW GT,https://www.automobile.it/bari-peugeot-308-bluehdi-130-s-s-eat8-sw-gt/184458329,€ 16.599,Usato,Dicembre 2022,82.689 km,Diesel - Euro 6,Automatico,,Bari (BA)
PEUGEOT 308 BlueHDi 130 S&S EAT8 SW GT,https://www.automobile.it/venezia-peugeot-308-bluehdi-130-s-s-eat8-sw-gt/184458510,€ 16.599,Usato,Dicembre 2022,82.689 km,Diesel - Euro 6,Automatico,,Venezia (VE)
PEUGEOT 308 BlueHDi 130 S&S EAT8 SW GT,https://www.automobile.it/milano-peugeot-308-bluehdi-130-s-s-eat8-sw-gt/184462851,€ 16.599,Usato,Dicembre 2022,82.689 km,Diesel - Euro 6,Automatico,,Milano (MI)
Peugeot 308 ACTIVE PACK PureTech Turbo 110 6mt SPOTICAR,https://www.automobile.it/bagnaria-arsa-peugeot-308-active-pack-puretech-turbo-110-6mt-spoticar/184552850,€ 16.600,Usato,Giugno 2022,61.200 km,Benzina - Euro 6,Manuale,Unico proprietario,Bagnaria Arsa (UD)
PEUGEOT 308 1.5 DIESEL 130CV EAT8 ALLURE 2022,https://www.automobile.it/giugliano-campania-peugeot-308-1-5-diesel-130cv-eat8-allure-2022/182290095,€ 16.800,Usato,Maggio 2022,140.000 km,Diesel - Euro 6,Automatico,,Giugliano in Campania (NA)
PEUGEOT 308 BlueHDi 130 S&S EAT8 SW Allure Pack,https://www.automobile.it/san-vito-normanni-peugeot-308-bluehdi-130-s-s-eat8-sw-allure-pack/183268235,€ 16.800,Usato,Maggio 2022,89.000 km,Diesel - Euro 6,Semiautomatico,Unico proprietario,San Vito dei Normanni (BR)
Peugeot 308 1.5 BlueHDi 130 S&S EAT8 SW Allure Pack,https://www.automobile.it/orta-nova-peugeot-308-1-5-bluehdi-130-s-s-eat8-sw-allure-pack/182358676,€ 16.900,Usato,Gennaio 2023,103.000 km,Diesel - Euro 6,Automatico,,Orta Nova (FG)
Peugeot 308 GT BlueHDi 130 EAT8 S&S,https://www.automobile.it/torino-peugeot-308-gt-bluehdi-130-eat8-s-s/183804598,€ 16.900,Usato,Marzo 2023,80.431 km,Diesel - Euro 6,Automatico,Unico proprietario,Torino (TO)
PEUGEOT 308 Plug-in Hybrid 180 e-EAT8 Allure,https://www.automobile.it/rivoli-peugeot-308-plug-hybrid-180-eat8-allure/184242773,€ 16.900,Usato,Maggio 2022,67.000 km,Ibrido - Euro 6,Automatico,Unico proprietario,Rivoli (TO)
Peugeot 308 BlueHDi 130 S&S EAT8 Allure Pack,https://www.automobile.it/casoria-peugeot-308-bluehdi-130-s-s-eat8-allure-pack/184546096,€ 16.900,Usato,Ottobre 2023,75.000 km,Diesel - Euro 6,Automatico,,Casoria (NA)
Peugeot 308 PureTech Turbo 130 S&S EAT8 Allure Pack con 53.000 Chilometri,https://www.automobile.it/acerra-peugeot-308-puretech-turbo-130-s-s-eat8-allure-pack-53-000-chilometri/184583191,€ 16.900,Usato,Maggio 2023,53.279 km,Benzina - Euro 6,Semiautomatico,Unico proprietario,Acerra (NA)
Peugeot 308 BlueHDi 130 S&S EAT8 GT,https://www.automobile.it/milano-peugeot-308-bluehdi-130-s-s-eat8-gt/184534657,€ 16.900,Usato,Gennaio 2023,90.000 km,Diesel,Automatico,Unico proprietario,Milano (MI)
Nuova Peugeot 308 130 EAT8 SW Allure Pack,https://www.automobile.it/massafra-nuova-peugeot-308-130-eat8-sw-allure-pack/184644339,€ 16.900,Usato,Maggio 2023,89.000 km,Diesel - Euro 6,Automatico,,Massafra (TA)
Peugeot 308 BlueHDi 130 S&S EAT8 Allure - 2023,https://www.automobile.it/pietramelara-peugeot-308-bluehdi-130-s-s-eat8-allure-2023/184557701,€ 16.900,Usato,Giugno 2023,124.000 km,Diesel - Euro 6,Semiautomatico,,Pietramelara (CE)
PEUGEOT 308 Hybrid 145 e-DCS6 SW GT,https://www.automobile.it/cesena-peugeot-308-hybrid-145-dcs6-sw-gt/184666400,€ 16.950,Usato,Marzo 2025,33.000 km,Ibrido - Euro 6,Automatico,,Cesena (FC)
PEUGEOT 308 PureTech Turbo 130 S&S EAT8 GT,https://www.automobile.it/erba-peugeot-308-puretech-turbo-130-s-s-eat8-gt/183444615,€ 16.970,Usato,Febbraio 2022,72.356 km,Benzina - Euro 6,Automatico,,Erba (CO)
Peugeot 308 1.2 P.Tech Turbo 130cv Allure SW -PREZZO REALE-,https://www.automobile.it/roma-peugeot-308-1-2-p-tech-turbo-130cv-allure-sw-prezzo-reale/184127654,€ 16.990,Usato,Febbraio 2024,39.000 km,Benzina - Euro 6,Manuale,,Roma (RM)
PEUGEOT 308 1.5 bluehdi Allure Pack s&s 130cv eat8 del 2022,https://www.automobile.it/mogliano-veneto-peugeot-308-1-5-bluehdi-allure-pack-s-s-130cv-eat8-2022/183898522,€ 16.990,Usato,Ottobre 2022,97.000 km,Diesel - Euro 6,Automatico,,Mogliano Veneto (TV)
PEUGEOT 308 PureTech Turbo 130 S&S Allure,https://www.automobile.it/barletta-peugeot-308-puretech-turbo-130-s-s-allure/184508557,€ 16.990,Usato,Febbraio 2024,24.125 km,Benzina - Euro 6,Manuale,,Barletta (BT)
Peugeot 308 BlueHDi 130 S&S EAT8 SW Allure Pack,https://www.automobile.it/sant-anastasia-peugeot-308-bluehdi-130-s-s-eat8-sw-allure-pack/184614651,€ 16.998,Usato,Maggio 2023,90.200 km,Diesel - Euro 6,Automatico,Unico proprietario,Sant'Anastasia (NA)
Peugeot 308 BlueHDi 130 S&S EAT8 Allure Pack,https://www.automobile.it/orta-nova-peugeot-308-bluehdi-130-s-s-eat8-allure-pack/183982002,€ 16.999,Usato,Maggio 2022,110.000 km,Diesel - Euro 6,Semiautomatico,Unico proprietario,Orta Nova (FG)
PEUGEOT 308 PureTech Turbo 130 S&S EAT8 Allure,https://www.automobile.it/torino-peugeot-308-puretech-turbo-130-s-s-eat8-allure/183889059,€ 16.999,Usato,Gennaio 2023,47.000 km,Benzina - Euro 6,Automatico,,Torino (TO)
Peugeot 308 BlueHDi 130 S&S EAT8 SW GT Pack,https://www.automobile.it/reggio-emilia-peugeot-308-bluehdi-130-s-s-eat8-sw-gt-pack/182991422,€ 17.000,Usato,Luglio 2022,148.627 km,Diesel - Euro 6,Semiautomatico,,Reggio Emilia (RE)
Peugeot 308 BlueHDi 130 S&S EAT8 Allure Pack,https://www.automobile.it/putignano-peugeot-308-bluehdi-130-s-s-eat8-allure-pack/184178078,€ 17.100,Usato,Luglio 2022,100.000 km,Diesel - Euro 6,Semiautomatico,,Putignano (BA)
Peugeot 308 BlueHDi 130 S&S EAT8 GT PACK,https://www.automobile.it/foligno-peugeot-308-bluehdi-130-s-s-eat8-gt-pack/184646988,€ 17.200,Usato,Gennaio 2022,109.000 km,Diesel - Euro 6,Automatico,,Foligno (PG)
Peugeot 308 Plug-in Hybrid 180 e-EAT8 Allure Pack,https://www.automobile.it/eboli-peugeot-308-plug-hybrid-180-eat8-allure-pack/184031828,€ 17.290,Usato,Maggio 2022,61.900 km,Ibrido - Euro 6,Automatico,,Eboli (SA)
Peugeot 308 1.2 PureTech Turbo Active Pack,https://www.automobile.it/parma-peugeot-308-1-2-puretech-turbo-active-pack/182945992,€ 17.400,Usato,Maggio 2022,59.245 km,Benzina - Euro 6,Manuale,,Parma (PR)
Peugeot 308 1.2 Puretech t 130CV Allure Pack EAT8,https://www.automobile.it/milano-peugeot-308-1-2-puretech-t-130cv-allure-pack-eat8/184471906,€ 17.482,Usato,Aprile 2023,49.927 km,Benzina,Automatico,,Milano (MI)
Peugeot 308 1.2 Puretech t 130CV Allure Pack EAT8,https://www.automobile.it/curno-peugeot-308-1-2-puretech-t-130cv-allure-pack-eat8/184471891,€ 17.482,Usato,Aprile 2023,49.927 km,Benzina,Automatico,,Curno (BG)
Peugeot 308 1.2 Puretech t 130CV Allure Pack EAT8,https://www.automobile.it/sala-bolognese-peugeot-308-1-2-puretech-t-130cv-allure-pack-eat8/184471876,€ 17.482,Usato,Aprile 2023,49.927 km,Benzina,Automatico,,Sala Bolognese (BO)
Peugeot 308 1.2 Puretech t 130CV Allure Pack EAT8,https://www.automobile.it/roma-peugeot-308-1-2-puretech-t-130cv-allure-pack-eat8/184471921,€ 17.482,Usato,Aprile 2023,49.927 km,Benzina,Automatico,,Roma (RM)
Peugeot 308 1.2 Puretech t 130CV Allure Pack EAT8,https://www.automobile.it/meda-peugeot-308-1-2-puretech-t-130cv-allure-pack-eat8/184658477,€ 17.482,Usato,Aprile 2023,49.927 km,Benzina,Automatico,,Meda (MB)
Peugeot 308 1.2 Puretech t 130CV Allure Pack EAT8,https://www.automobile.it/san-giorgio-bosco-peugeot-308-1-2-puretech-t-130cv-allure-pack-eat8/184186466,€ 17.482,Usato,Aprile 2023,49.927 km,Benzina,Automatico,,San Giorgio in Bosco (PD)
Peugeot 308 1.2 Puretech t 130CV Allure Pack EAT8,https://www.automobile.it/barzago-peugeot-308-1-2-puretech-t-130cv-allure-pack-eat8/184471944,€ 17.482,Usato,Aprile 2023,49.927 km,Benzina,Automatico,,Barzago (LC)
PEUGEOT 308 PureTech Turbo 130 S&S Allure,https://www.automobile.it/san-nicola-strada-peugeot-308-puretech-turbo-130-s-s-allure/184116612,€ 17.490,Usato,Aprile 2024,12.869 km,Benzina - Euro 6,Manuale,,San Nicola la Strada (CE)
Peugeot 308 BlueHDi 130 S&S SW Allure,https://www.automobile.it/giarre-peugeot-308-bluehdi-130-s-s-sw-allure/183192103,€ 17.499,Usato,Maggio 2022,111.000 km,Diesel - Euro 6,Manuale,Unico proprietario,Giarre (CT)
Peugeot 308 BlueHDi 130 S&S Allure Pack,https://www.automobile.it/canosa-puglia-peugeot-308-bluehdi-130-s-s-allure-pack/184362172,€ 17.499,Usato,Maggio 2022,79.000 km,Diesel - Euro 6,Manuale,,Canosa di Puglia (BT)
"PEUGEOT SW 308 1.5 BLUEHDI ALLURE PACK AT8 131CV - VIRTUAL COCKPIT, FULL LED, NEOPATENTATI",https://www.automobile.it/brescello-peugeot-sw-308-1-5-bluehdi-allure-pack-at8-131cv-virtual-cockpit-full-led-neopatentati/184592438,€ 17.499,Usato,Novembre 2022,85.000 km,Diesel - Euro 6,Automatico,Unico proprietario,Brescello (RE)
Peugeot 308 BlueHDi 130 EAT8 Allure+Lici Led+Cerchi 18+Retrocamera...,https://www.automobile.it/sava-peugeot-308-bluehdi-130-eat8-allure-lici-led-cerchi-18-retrocamera/182962796,€ 17.500,Usato,Aprile 2022,123.000 km,Diesel - Euro 6,Automatico,Unico proprietario,Sava (TA)
Peugeot 308 BlueHDi 130 S&S EAT8 Allure Pack,https://www.automobile.it/manocalzati-peugeot-308-bluehdi-130-s-s-eat8-allure-pack/184404873,€ 17.500,Usato,Marzo 2023,79.000 km,Diesel - Euro 6,Semiautomatico,Unico proprietario,Manocalzati (AV)
Peugeot 308 BlueHDi 130 S&S EAT8 Allure,https://www.automobile.it/casalnuovo-napoli-peugeot-308-bluehdi-130-s-s-eat8-allure/184582007,€ 17.500,Usato,Giugno 2022,73.390 km,Diesel - Euro 6,Automatico,Unico proprietario,Casalnuovo di Napoli (NA)
"PEUGEOT 308 PureTech Turbo 130 S&S Allureda ?179,00 mensili",https://www.automobile.it/somma-vesuviana-peugeot-308-puretech-turbo-130-s-s-allureda-179-00-mensili/184631692,€ 17.500,Usato,Giugno 2024,32.100 km,Benzina - Euro 6,Manuale,,Somma Vesuviana (NA)
Peugeot 308 BlueHDi 130 S&S EAT8 SW GT,https://www.automobile.it/parma-peugeot-308-bluehdi-130-s-s-eat8-sw-gt/184617674,€ 17.500,Usato,Ottobre 2022,89.000 km,Diesel,Automatico,Unico proprietario,Parma (PR)
Peugeot 308 SW 1.2 puretech t. GT Pack &s 130cv eat8,https://www.automobile.it/vigevano-peugeot-308-sw-1-2-puretech-t-gt-pack-s-130cv-eat8/184553274,€ 17.500,Usato,Ottobre 2022,57.000 km,Benzina - Euro 6,Automatico,,Vigevano (PV)
Peugeot 308 BlueHDi 130 S&S EAT8 Allure,https://www.automobile.it/casalnuovo-napoli-peugeot-308-bluehdi-130-s-s-eat8-allure/184666652,€ 17.500,Usato,Giugno 2022,73.390 km,Diesel - Euro 6,Automatico,Unico proprietario,Casalnuovo di Napoli (NA)
Peugeot 308 1.2 Puretech t 130CV Allure Pack EAT8,https://www.automobile.it/sala-bolognese-peugeot-308-1-2-puretech-t-130cv-allure-pack-eat8/184496411,€ 17.552,Usato,Dicembre 2022,29.307 km,Benzina,Automatico,,Sala Bolognese (BO)
Peugeot 308 1.2 Puretech t 130CV Allure Pack EAT8,https://www.automobile.it/milano-peugeot-308-1-2-puretech-t-130cv-allure-pack-eat8/184496454,€ 17.552,Usato,Dicembre 2022,29.307 km,Benzina,Automatico,,Milano (MI)
Peugeot 308 1.2 Puretech t 130CV Allure Pack EAT8,https://www.automobile.it/curno-peugeot-308-1-2-puretech-t-130cv-allure-pack-eat8/184496447,€ 17.552,Usato,Dicembre 2022,29.307 km,Benzina,Automatico,,Curno (BG)
Peugeot 308 1.2 Puretech t 130CV Allure Pack EAT8,https://www.automobile.it/roma-peugeot-308-1-2-puretech-t-130cv-allure-pack-eat8/184496473,€ 17.552,Usato,Dicembre 2022,29.307 km,Benzina,Automatico,,Roma (RM)
Peugeot 308 1.2 Puretech t 130CV Allure Pack EAT8,https://www.automobile.it/meda-peugeot-308-1-2-puretech-t-130cv-allure-pack-eat8/184496399,€ 17.552,Usato,Dicembre 2022,29.307 km,Benzina,Automatico,,Meda (MB)
Peugeot 308 1.2 Puretech t 130CV Allure Pack EAT8,https://www.automobile.it/san-giorgio-bosco-peugeot-308-1-2-puretech-t-130cv-allure-pack-eat8/184496426,€ 17.552,Usato,Dicembre 2022,29.307 km,Benzina,Automatico,,San Giorgio in Bosco (PD)
Peugeot 308 1.2 Puretech t 130CV Allure Pack EAT8,https://www.automobile.it/barzago-peugeot-308-1-2-puretech-t-130cv-allure-pack-eat8/184496504,€ 17.552,Usato,Dicembre 2022,29.307 km,Benzina,Automatico,,Barzago (LC)
Peugeot 308 PureTech Turbo 130 S&S SW Allure,https://www.automobile.it/fiumicino-peugeot-308-puretech-turbo-130-s-s-sw-allure/184492088,€ 17.590,Usato,Febbraio 2024,85.000 km,Benzina - Euro 6,Manuale,Unico proprietario,Fiumicino (RM)
PEUGEOT 308 SW 1.2 puretech t Allure s&s 130cv eat8,https://www.automobile.it/reggio-emilia-peugeot-308-sw-1-2-puretech-t-allure-s-s-130cv-eat8/184301706,€ 17.600,Usato,Maggio 2024,41.596 km,Benzina - Euro 6,Automatico,,Reggio Emilia (RE)
Peugeot 308 BlueHDi 130 S&S EAT8 SW Allure - 2022,https://www.automobile.it/rimini-peugeot-308-bluehdi-130-s-s-eat8-sw-allure-2022/184559248,€ 17.600,Usato,Maggio 2022,48.000 km,Diesel - Euro 6,Automatico,Unico proprietario,Rimini (RN)
PEUGEOT 308 BlueHDi 130 EAT8 Allure Pack,https://www.automobile.it/collesalvetti-peugeot-308-bluehdi-130-eat8-allure-pack/184529550,€ 17.799,Usato,Luglio 2022,48.336 km,Diesel - Euro 6,Automatico,,Collesalvetti (LI)
PEUGEOT 308 BlueHDi 130 EAT8 Allure Pack,https://www.automobile.it/milano-peugeot-308-bluehdi-130-eat8-allure-pack/184533446,€ 17.799,Usato,Luglio 2022,48.336 km,Diesel - Euro 6,Automatico,,Milano (MI)
PEUGEOT 308 BlueHDi 130 EAT8 Allure Pack,https://www.automobile.it/bari-peugeot-308-bluehdi-130-eat8-allure-pack/184533177,€ 17.799,Usato,Luglio 2022,48.336 km,Diesel - Euro 6,Automatico,,Bari (BA)
PEUGEOT 308 BlueHDi 130 EAT8 Allure Pack,https://www.automobile.it/cosenza-peugeot-308-bluehdi-130-eat8-allure-pack/184529823,€ 17.799,Usato,Luglio 2022,48.336 km,Diesel - Euro 6,Automatico,,Cosenza (CS)
PEUGEOT 308 BlueHDi 130 EAT8 Allure Pack,https://www.automobile.it/catania-peugeot-308-bluehdi-130-eat8-allure-pack/184531746,€ 17.799,Usato,Luglio 2022,48.336 km,Diesel - Euro 6,Automatico,,Catania (CT)
PEUGEOT 308 BlueHDi 130 EAT8 Allure Pack,https://www.automobile.it/roma-peugeot-308-bluehdi-130-eat8-allure-pack/184533147,€ 17.799,Usato,Luglio 2022,48.336 km,Diesel - Euro 6,Automatico,,Roma (RM)
PEUGEOT 308 BlueHDi 130 EAT8 Allure Pack,https://www.automobile.it/casoria-peugeot-308-bluehdi-130-eat8-allure-pack/184532399,€ 17.799,Usato,Luglio 2022,48.336 km,Diesel - Euro 6,Automatico,,Casoria (NA)
PEUGEOT 308 BlueHDi 130 EAT8 Allure Pack,https://www.automobile.it/beinasco-peugeot-308-bluehdi-130-eat8-allure-pack/184532191,€ 17.799,Usato,Luglio 2022,48.336 km,Diesel - Euro 6,Automatico,,Beinasco (TO)
PEUGEOT 308 BlueHDi 130 EAT8 Allure Pack,https://www.automobile.it/verona-peugeot-308-bluehdi-130-eat8-allure-pack/184531948,€ 17.799,Usato,Luglio 2022,48.336 km,Diesel - Euro 6,Automatico,,Verona (VR)
PEUGEOT 308 BlueHDi 130 EAT8 Allure Pack,https://www.automobile.it/bologna-peugeot-308-bluehdi-130-eat8-allure-pack/184532706,€ 17.799,Usato,Luglio 2022,48.336 km,Diesel - Euro 6,Automatico,,Bologna (BO)
PEUGEOT 308 BlueHDi 130 EAT8 Allure Pack,https://www.automobile.it/firenze-peugeot-308-bluehdi-130-eat8-allure-pack/184533028,€ 17.799,Usato,Luglio 2022,48.336 km,Diesel - Euro 6,Automatico,,Firenze (FI)
PEUGEOT 308 BlueHDi 130 EAT8 Allure Pack,https://www.automobile.it/cagliari-peugeot-308-bluehdi-130-eat8-allure-pack/184532718,€ 17.799,Usato,Luglio 2022,48.336 km,Diesel - Euro 6,Automatico,,Cagliari (CA)
PEUGEOT 308 BlueHDi 130 EAT8 Allure Pack,https://www.automobile.it/cagliari-peugeot-308-bluehdi-130-eat8-allure-pack/184532718,€ 17.799,Usato,Luglio 2022,48.336 km,Diesel - Euro 6,Automatico,,Cagliari (CA)
PEUGEOT - 308 1.5 bluehdi Allure Pack s&s 130cv eat8,https://www.automobile.it/campagna-lupia-peugeot-308-1-5-bluehdi-allure-pack-s-s-130cv-eat8/183022627,€ 17.800,Usato,Marzo 2022,79.517 km,Diesel - Euro 6,Automatico,Unico proprietario,Campagna Lupia (VE)
PEUGEOT 308 BlueHDi 130 CV SW GT SES EAT8,https://www.automobile.it/grottaminarda-peugeot-308-bluehdi-130-cv-sw-gt-ses-eat8/184591674,€ 17.800,Usato,Dicembre 2022,79.000 km,Diesel - Euro 6,Automatico,,Grottaminarda (AV)
Peugeot 308 BlueHDi 130 S&S EAT8 SW Allure,https://www.automobile.it/loggia-peugeot-308-bluehdi-130-s-s-eat8-sw-allure/184605223,€ 17.800,Usato,Aprile 2023,44.000 km,Diesel - Euro 6,Automatico,Unico proprietario,La Loggia (TO)
Peugeot 308 BlueHDi 130 S&S EAT8 SW Allure Pack,https://www.automobile.it/molfetta-peugeot-308-bluehdi-130-s-s-eat8-sw-allure-pack/183060168,€ 17.890,Usato,Gennaio 2023,98.000 km,Diesel - Euro 6,Automatico,,Molfetta (BA)
PEUGEOT 308 BlueHDi 130 S&S EAT8 SW Allure Pack,https://www.automobile.it/venezia-peugeot-308-bluehdi-130-s-s-eat8-sw-allure-pack/183179974,€ 17.900,Usato,Novembre 2022,53.000 km,Diesel - Euro 6,Automatico,,Venezia (VE)
Peugeot 308 1.5 BlueHDi 130cv EAT8 Allure Pack,https://www.automobile.it/orta-nova-peugeot-308-1-5-bluehdi-130cv-eat8-allure-pack/184000090,€ 17.900,Usato,Marzo 2024,109.000 km,Diesel - Euro 6,Automatico,,Orta Nova (FG)
Peugeot 308 Allure Pack BlueHDi 130 EAT8 S&S aut.,https://www.automobile.it/teverola-peugeot-308-allure-pack-bluehdi-130-eat8-s-s-aut/184473793,€ 17.900,Usato,Luglio 2022,68.294 km,Diesel - Euro 6,Automatico,,Teverola (CE)
PEUGEOT 308 1.2 puretech t Allure s&s 130cv eat8,https://www.automobile.it/roma-peugeot-308-1-2-puretech-t-allure-s-s-130cv-eat8/184561670,€ 17.900,Usato,Maggio 2024,33.000 km,Benzina - Euro 6,Automatico,,Roma (RM)
Peugeot 308 My23 Sw 1.5 130 Cv EAT8 Allure Pack,https://www.automobile.it/viadana-peugeot-308-my23-sw-1-5-130-cv-eat8-allure-pack/184617825,€ 17.900,Usato,Dicembre 2022,80.000 km,Diesel - Euro 6,Automatico,Unico proprietario,Viadana (MN)
PEUGEOT 308 3ª serie 308 BlueHDi 130 S&S EAT8 Allure,https://www.automobile.it/casalmoro-peugeot-308-3-serie-308-bluehdi-130-s-s-eat8-allure/184655301,€ 17.900,Usato,Gennaio 2023,82.374 km,Diesel - Euro 6,Automatico,,Casalmoro (MN)
PEUGEOT 308 3ª serie 308 BlueHDi 130 S&S EAT8 Allure,https://www.automobile.it/verona-peugeot-308-3-serie-308-bluehdi-130-s-s-eat8-allure/184598513,€ 17.900,Usato,Gennaio 2023,82.374 km,Diesel - Euro 6,Automatico,,Verona (VR)
PEUGEOT 308 3ª serie 308 BlueHDi 130 S&S EAT8 Allure,https://www.automobile.it/roma-peugeot-308-3-serie-308-bluehdi-130-s-s-eat8-allure/184594774,€ 17.900,Usato,Gennaio 2023,82.374 km,Diesel - Euro 6,Automatico,,Roma (RM)
PEUGEOT 308 3ª serie 308 BlueHDi 130 S&S EAT8 Allure,https://www.automobile.it/milano-peugeot-308-3-serie-308-bluehdi-130-s-s-eat8-allure/184597279,€ 17.900,Usato,Gennaio 2023,82.374 km,Diesel - Euro 6,Automatico,,Milano (MI)
Peugeot 308 1.2 puretech t Allure Pack s&s 130cv,https://www.automobile.it/san-giovanni-teatino-peugeot-308-1-2-puretech-t-allure-pack-s-s-130cv/184035324,€ 17.900,Usato,Febbraio 2023,43.145 km,Benzina - Euro 6,Manuale,Unico proprietario,San Giovanni Teatino (CH)
PEUGEOT - 308 1.2 puretech t Allure s&s 130cv,https://www.automobile.it/aci-catena-peugeot-308-1-2-puretech-t-allure-s-s-130cv/184132821,€ 17.900,Usato,Marzo 2024,43.537 km,Benzina - Euro 6,Manuale,,Aci Catena (CT)
Peugeot 308 1.5 BlueHDi 130 CV EAT8 SW Allure,https://www.automobile.it/arezzo-peugeot-308-1-5-bluehdi-130-cv-eat8-sw-allure/184658231,€ 17.900,Usato,Aprile 2023,79.524 km,Diesel,Automatico,Unico proprietario,Arezzo (AR)
PEUGEOT 308 BlueHDi 130 S&S Active Pack,https://www.automobile.it/volla-peugeot-308-bluehdi-130-s-s-active-pack/184658912,€ 17.900,Usato,Giugno 2022,75.000 km,Diesel - Euro 6,Manuale,2 Proprietari,Volla (NA)
PEUGEOT 308 BlueHDi 130 S&S EAT8 SW Allure Pack,https://www.automobile.it/potenza-peugeot-308-bluehdi-130-s-s-eat8-sw-allure-pack/183986127,€ 17.990,Usato,Dicembre 2022,89.000 km,Diesel - Euro 6,Semiautomatico,,Potenza (PZ)
PEUGEOT 308 PureTech Turbo 130 S&S SW Allure,https://www.automobile.it/napoli-peugeot-308-puretech-turbo-130-s-s-sw-allure/183400243,€ 17.990,Usato,Aprile 2024,30.936 km,Benzina - Euro 6,Manuale,,Napoli (NA)
Peugeot 308 BlueHDi 130 S&S EAT8 SW Allure Pack,https://www.automobile.it/casalmaggiore-peugeot-308-bluehdi-130-s-s-eat8-sw-allure-pack/184367687,€ 17.990,Usato,Settembre 2023,75.000 km,Diesel - Euro 6,Automatico,Unico proprietario,Casalmaggiore (CR)
PEUGEOT 308 BlueHDi 130 S&S EAT8 GT,https://www.automobile.it/san-michele-salentino-peugeot-308-bluehdi-130-s-s-eat8-gt/184479592,€ 17.990,Usato,Gennaio 2022,115.000 km,Diesel,Automatico,,San Michele Salentino (BR)
Peugeot 308 My23 Sw 1.5 130 Cv EAT8 Allure Pack,https://www.automobile.it/viadana-peugeot-308-my23-sw-1-5-130-cv-eat8-allure-pack/184617862,€ 17.990,Usato,Novembre 2022,80.000 km,Diesel,Automatico,Unico proprietario,Viadana (MN)
Peugeot 308 Berlina 1.5 130 S&S EAT8 Allure Pack,https://www.automobile.it/viadana-peugeot-308-berlina-1-5-130-s-s-eat8-allure-pack/184617951,€ 17.990,Usato,Febbraio 2023,97.000 km,Diesel,Automatico,Unico proprietario,Viadana (MN)
Peugeot 308 BlueHDi 130 S&S EAT8 GT,https://www.automobile.it/acerra-peugeot-308-bluehdi-130-s-s-eat8-gt/182208516,€ 17.999,Usato,Dicembre 2022,140.000 km,Diesel - Euro 6,Automatico,,Acerra (NA)
PEUGEOT 308 SW 16 HYBRID PHEV GT PACK 225CV E-EAT8,https://www.automobile.it/torino-peugeot-308-sw-16-hybrid-phev-gt-pack-225cv-eat8/184539141,€ 17.999,Usato,Febbraio 2023,89.000 km,Benzina,Automatico,Unico proprietario,Torino (TO)
PEUGEOT 308 1.5 BLUEHDI ALLURE PACK 131CV - FULLE,https://www.automobile.it/parma-peugeot-308-1-5-bluehdi-allure-pack-131cv-fulle/184617643,€ 17.999,Usato,Novembre 2022,59.000 km,Diesel - Euro 6,Automatico,Unico proprietario,Parma (PR)
Peugeot 308 Allure Pack Cambio Automatico Diesel Del Nord Italia,https://www.automobile.it/napoli-peugeot-308-allure-pack-cambio-automatico-diesel-nord-italia/184629937,€ 17.999,Usato,Ottobre 2023,73.000 km,Diesel - Euro 6,Automatico,,Napoli (NA)
"PEUGEOT 308 1.5 BLUEHDI ALLURE PACK AT8 131CV - FULLE LED, VIRTUAL COCKPIT, NEOPATENTATI",https://www.automobile.it/brescello-peugeot-308-1-5-bluehdi-allure-pack-at8-131cv-fulle-led-virtual-cockpit-neopatentati/184592371,€ 17.999,Usato,Novembre 2022,55.000 km,Diesel - Euro 6,Automatico,Unico proprietario,Brescello (RE)
Peugeot 308 1.5 EAT8 Allure 130cv - 2023,https://www.automobile.it/cosenza-peugeot-308-1-5-eat8-allure-130cv-2023/184407595,€ 18.000,Usato,Settembre 2023,84.300 km,Diesel - Euro 6,Semiautomatico,,Cosenza (CS)
Peugeot 308 PureTech Turbo 130 S&S SW Allure,https://www.automobile.it/fiumicino-peugeot-308-puretech-turbo-130-s-s-sw-allure/184492125,€ 18.190,Usato,Marzo 2024,78.000 km,Benzina - Euro 6,Manuale,Unico proprietario,Fiumicino (RM)
Peugeot 308 PureTech Turbo 130 S&S SW Allure,https://www.automobile.it/fiumicino-peugeot-308-puretech-turbo-130-s-s-sw-allure/184492102,€ 18.190,Usato,Febbraio 2024,55.000 km,Benzina - Euro 6,Manuale,Unico proprietario,Fiumicino (RM)
PEUGEOT 308 BlueHDi 130 S&S EAT8 Allure Pack,https://www.automobile.it/santo-stino-livenza-peugeot-308-bluehdi-130-s-s-eat8-allure-pack/184421701,€ 18.200,Usato,Giugno 2022,59.294 km,Diesel,Automatico,2 Proprietari,Santo Stino di Livenza (VE)
Peugeot 308 1.5 BLUEHDI 130CV EAT8UNIPRO' FATTURABILEPREZZO SENZA VINCOLIGARANZIA 12 MESI️,https://www.automobile.it/roma-peugeot-308-1-5-bluehdi-130cv-eat8unipro-fatturabileprezzo-vincoligaranzia-12-mesi/184168695,€ 18.390,Aziendale,Maggio 2022,70.000 km,Diesel - Euro 6,Automatico,Unico proprietario,Roma (RM)
Peugeot 308 BlueHDi 130 S&S EAT8 Allure PREZZO REALE,https://www.automobile.it/torino-peugeot-308-bluehdi-130-s-s-eat8-allure-prezzo-reale/184536797,€ 18.400,Usato,Luglio 2022,67.500 km,Diesel,Semiautomatico,Unico proprietario,Torino (TO)
Peugeot 308 BlueHDi 130 CV Automatica EAT8 Allure Pack S&S,https://www.automobile.it/bari-peugeot-308-bluehdi-130-cv-automatica-eat8-allure-pack-s-s/183558819,€ 18.400,Usato,Luglio 2022,96.600 km,Diesel - Euro 6,Automatico,Unico proprietario,Bari (BA)
PEUGEOT 308 3ª serie 308 PureTech Turbo 130 S&S EAT8 Allure,https://www.automobile.it/roma-peugeot-308-3-serie-308-puretech-turbo-130-s-s-eat8-allure/184596184,€ 18.400,Usato,Aprile 2024,57.481 km,Benzina - Euro 6,Automatico,,Roma (RM)
PEUGEOT 308 3ª serie 308 PureTech Turbo 130 S&S EAT8 Allure,https://www.automobile.it/verona-peugeot-308-3-serie-308-puretech-turbo-130-s-s-eat8-allure/184598684,€ 18.400,Usato,Aprile 2024,57.481 km,Benzina - Euro 6,Automatico,,Verona (VR)
PEUGEOT 308 3ª serie 308 PureTech Turbo 130 S&S EAT8 Allure,https://www.automobile.it/milano-peugeot-308-3-serie-308-puretech-turbo-130-s-s-eat8-allure/184596604,€ 18.400,Usato,Aprile 2024,57.481 km,Benzina - Euro 6,Automatico,,Milano (MI)
PEUGEOT 308 1.5 BlueHDi EAT8 SW Active Pack,https://www.automobile.it/vigevano-peugeot-308-1-5-bluehdi-eat8-sw-active-pack/184658698,€ 18.400,Usato,Novembre 2024,24.728 km,Diesel - Euro 6,Automatico,,Vigevano (PV)
Peugeot 308 1.5 bluehdi Allure Pack s&s 130cv AUTOM E TELECAM,https://www.automobile.it/latina-peugeot-308-1-5-bluehdi-allure-pack-s-s-130cv-autom-telecam/184171831,€ 18.490,Usato,2023,67.212 km,Diesel - Euro 6,Automatico,,Latina (LT)
Peugeot 308 SW 1.5 bluehdi Allure Pack 130cv AUTOM TELEC CARPLAY,https://www.automobile.it/latina-peugeot-308-sw-1-5-bluehdi-allure-pack-130cv-autom-telec-carplay/184456226,€ 18.490,Usato,2023,58.367 km,Diesel - Euro 6,Automatico,,Latina (LT)
Peugeot 308 SW BlueHdi Automatica Allure Pack 2022,https://www.automobile.it/settimo-san-pietro-peugeot-308-sw-bluehdi-automatica-allure-pack-2022/184609210,€ 18.490,Usato,Dicembre 2022,86.000 km,Diesel - Euro 6,Automatico,,Settimo San Pietro (CA)
Peugeot 308 PureTech Turbo 130 S&S Allure Pack,https://www.automobile.it/cascina-peugeot-308-puretech-turbo-130-s-s-allure-pack/182290906,€ 18.500,Usato,Maggio 2023,32.000 km,Benzina - Euro 6,Manuale,,Cascina (PI)
Peugeot 308 BlueHDi 130 S&S EAT8 SW Allure Pack,https://www.automobile.it/caorso-peugeot-308-bluehdi-130-s-s-eat8-sw-allure-pack/184345293,€ 18.500,Usato,Giugno 2022,56.828 km,Diesel,Automatico,Unico proprietario,Caorso (PC)
Peugeot 308 BlueHDi 130 EAT8 SW Allure Pack,https://www.automobile.it/castiglione-lago-peugeot-308-bluehdi-130-eat8-sw-allure-pack/184469049,€ 18.500,Usato,Maggio 2022,88.000 km,Diesel - Euro 6,Automatico,,Castiglione del Lago (PG)
Peugeot 308 BlueHDi 130 S&S EAT8 Allure,https://www.automobile.it/napoli-peugeot-308-bluehdi-130-s-s-eat8-allure/184509751,€ 18.500,Usato,Dicembre 2022,79.350 km,Diesel - Euro 6,Semiautomatico,Unico proprietario,Napoli (NA)
Peugeot 308 1.5 HDI 130CV GT TETTO APRIBILE,https://www.automobile.it/agnone-peugeot-308-1-5-hdi-130cv-gt-tetto-apribile/184628875,€ 18.500,Usato,Giugno 2023,88.000 km,Diesel - Euro 6,Semiautomatico,,Agnone (IS)
Peugeot 308 BlueHDi 130CV S&S EAT8 Allure Pack,https://www.automobile.it/massafra-peugeot-308-bluehdi-130cv-s-s-eat8-allure-pack/183931833,€ 18.500,Usato,Marzo 2022,85.000 km,Diesel - Euro 6,Automatico,Unico proprietario,Massafra (TA)
PEUGEOT 308 ALLURE PACK BLUEHDI 130 EAT8 SES AUTO 5 PORTE BERLINA,https://www.automobile.it/pozzuoli-peugeot-308-allure-pack-bluehdi-130-eat8-ses-auto-5-porte-berlina/184637710,€ 18.500,Usato,Maggio 2023,82.444 km,Diesel - Euro 6,Automatico,Unico proprietario,Pozzuoli (NA)
PEUGEOT 308 ALLURE PACK BLUEHDI 130 EAT8 SES AUTO 5 PORTE BERLINA,https://www.automobile.it/roma-peugeot-308-allure-pack-bluehdi-130-eat8-ses-auto-5-porte-berlina/184637153,€ 18.500,Usato,Maggio 2023,82.444 km,Diesel - Euro 6,Automatico,Unico proprietario,Roma (RM)
PEUGEOT 308 ALLURE PACK BLUEHDI 130 EAT8 SES AUTO 5 PORTE BERLINA,https://www.automobile.it/bentivoglio-peugeot-308-allure-pack-bluehdi-130-eat8-ses-auto-5-porte-berlina/184637397,€ 18.500,Usato,Maggio 2023,82.444 km,Diesel - Euro 6,Automatico,Unico proprietario,Bentivoglio (BO)
PEUGEOT 308 ALLURE PACK BLUEHDI 130 EAT8 SES AUTO 5 PORTE BERLINA,https://www.automobile.it/firenze-peugeot-308-allure-pack-bluehdi-130-eat8-ses-auto-5-porte-berlina/184637390,€ 18.500,Usato,Maggio 2023,82.444 km,Diesel - Euro 6,Automatico,Unico proprietario,Firenze (FI)
PEUGEOT 308 ALLURE PACK BLUEHDI 130 EAT8 SES AUTO 5 PORTE BERLINA,https://www.automobile.it/verona-peugeot-308-allure-pack-bluehdi-130-eat8-ses-auto-5-porte-berlina/184637600,€ 18.500,Usato,Maggio 2023,82.444 km,Diesel - Euro 6,Automatico,Unico proprietario,Verona (VR)
PEUGEOT 308 1.5 BlueHDi 130 Cv EAT8 SW Active Pack,https://www.automobile.it/roma-peugeot-308-1-5-bluehdi-130-cv-eat8-sw-active-pack/184658469,€ 18.500,Usato,Settembre 2024,54.000 km,Diesel - Euro 6,Semiautomatico,Unico proprietario,Roma (RM)
Peugeot 308 BlueHDi 130 S&S EAT8 Allure Pack,https://www.automobile.it/alliste-peugeot-308-bluehdi-130-s-s-eat8-allure-pack/184652725,€ 18.600,Usato,Novembre 2022,83.000 km,Diesel - Euro 6,Semiautomatico,,Alliste (LE)
Peugeot 308 BlueHDi 130 S&S EAT8 SW Allure Pack,https://www.automobile.it/rotello-peugeot-308-bluehdi-130-s-s-eat8-sw-allure-pack/182269743,€ 18.700,Usato,Maggio 2022,109.000 km,Diesel - Euro 6,Automatico,Unico proprietario,Rotello (CB)
Peugeot 308 308 1.2 PureTech 5Pt Turbo Allure S&S 130CV,https://www.automobile.it/caravaggio-peugeot-308-308-1-2-puretech-5pt-turbo-allure-s-s-130cv/183319816,€ 18.800,Usato,Aprile 2024,33.700 km,Benzina - Euro 6,Manuale,Unico proprietario,Caravaggio (BG)
Peugeot 308 BlueHDi 130 S&S EAT8 Allure Pack,https://www.automobile.it/montichiari-peugeot-308-bluehdi-130-s-s-eat8-allure-pack/183775448,€ 18.800,Usato,Febbraio 2022,44.900 km,Diesel - Euro 6,Automatico,,Montichiari (BS)
Peugeot 308 sw 1.5 bluehdi allure s&s 130cv eat8,https://www.automobile.it/bari-peugeot-308-sw-1-5-bluehdi-allure-s-s-130cv-eat8/184578279,€ 18.800,Usato,Ottobre 2023,61.120 km,Altro,Automatico,,Bari (BA)
Peugeot 308 BlueHDi 130 S&S EAT8 SW Allure Pack,https://www.automobile.it/castiglione-lago-peugeot-308-bluehdi-130-s-s-eat8-sw-allure-pack/182017149,€ 18.900,Usato,Maggio 2022,88.000 km,Diesel - Euro 6,Automatico,,Castiglione del Lago (PG)
Peugeot 308 BlueHDi 130 S&S EAT8 SW Allure Pack,https://www.automobile.it/castiglione-lago-peugeot-308-bluehdi-130-s-s-eat8-sw-allure-pack/182011539,€ 18.900,Usato,Maggio 2022,88.000 km,Diesel - Euro 6,Automatico,,Castiglione del Lago (PG)
Peugeot 308 BlueHDi 130 S&S EAT8 GT Pack,https://www.automobile.it/castelfranco-veneto-peugeot-308-bluehdi-130-s-s-eat8-gt-pack/183260978,€ 18.900,Usato,Maggio 2022,84.000 km,Diesel - Euro 6,Semiautomatico,,Castelfranco Veneto (TV)
PEUGEOT 308 BlueHDi 130 S&S Allure,https://www.automobile.it/cagliari-peugeot-308-bluehdi-130-s-s-allure/184146003,€ 18.900,Usato,Ottobre 2022,110.000 km,Diesel - Euro 6,Automatico,,Cagliari (CA)
PEUGEOT 308 BlueHDi 130 S&S EAT8 SW Allure,https://www.automobile.it/matera-peugeot-308-bluehdi-130-s-s-eat8-sw-allure/184490344,€ 18.900,Usato,Febbraio 2023,92.661 km,Diesel - Euro 6,Semiautomatico,,Matera (MT)
PEUGEOT 308 3ª serie - Plug-in Hybrid 180 e-EAT8 Allure Pac,https://www.automobile.it/caltanissetta-peugeot-308-3-serie-plug-hybrid-180-eat8-allure-pac/184488926,€ 18.900,Usato,Ottobre 2022,73.035 km,Ibrido - Euro 6,Semiautomatico,,Caltanissetta (CL)
Peugeot 308 SW 1.2 hybrid Allure 145cv e-dcs 6 IN PROMO,https://www.automobile.it/liscate-peugeot-308-sw-1-2-hybrid-allure-145cv-dcs-6-promo/184373248,€ 18.900,Usato,Febbraio 2025,25.000 km,Ibrido,Automatico,Unico proprietario,Liscate (MI)
PEUGEOT 308 130 CV - PELLE - LED - KM 19.000 - NO OBBLIGO FINA,https://www.automobile.it/castagnole-lanze-peugeot-308-130-cv-pelle-led-km-19-000-obbligo-fina/184590882,€ 18.900,Usato,Febbraio 2024,19.000 km,Benzina - Euro 6,Manuale,Unico proprietario,Castagnole delle Lanze (AT)
PEUGEOT 308 130 CV - PELLE - LED - KM 29.000 - NO OBBLIGO FINA,https://www.automobile.it/castagnole-lanze-peugeot-308-130-cv-pelle-led-km-29-000-obbligo-fina/184590893,€ 18.900,Usato,Febbraio 2024,29.000 km,Benzina - Euro 6,Manuale,Unico proprietario,Castagnole delle Lanze (AT)
Peugeot 308 PureTech Turbo 130 S&S Allure,https://www.automobile.it/cercola-peugeot-308-puretech-turbo-130-s-s-allure/184599902,€ 18.900,Usato,Dicembre 2023,16.000 km,Benzina - Euro 6,Manuale,,Cercola (NA)
Peugeot 308 SW 1.5 BlueHDi 131 CV Allure Auto | 28.000 Km,https://www.automobile.it/vetralla-peugeot-308-sw-1-5-bluehdi-131-cv-allure-auto-28-000-km/184637046,€ 18.900,Usato,Aprile 2023,28.000 km,Diesel - Euro 6,Semiautomatico,,Vetralla (VT)
PEUGEOT 308 III 2021 - 308 1.5 bluehdi GT Pack s&s 130cv eat8,https://www.automobile.it/lucca-peugeot-308-iii-2021-308-1-5-bluehdi-gt-pack-s-s-130cv-eat8/184661796,€ 18.900,Usato,Aprile 2023,74.000 km,Diesel - Euro 6,Automatico,,Lucca (LU)
PEUGEOT 308 SW 1.5 bluehdi GT s&s 130cv eat8,https://www.automobile.it/sarteano-peugeot-308-sw-1-5-bluehdi-gt-s-s-130cv-eat8/183362826,€ 18.900,Usato,Marzo 2023,51.000 km,Diesel - Euro 6,Automatico,Unico proprietario,Sarteano (SI)
PEUGEOT - 308 - BlueHDi 130 EAT8 S&S Allure,https://www.automobile.it/buccheri-peugeot-308-bluehdi-130-eat8-s-s-allure/184260279,€ 18.900,Usato,Novembre 2022,97.000 km,Diesel - Euro 6,Automatico,Unico proprietario,Buccheri (SR)
PEUGEOT 308 PureTech Turbo 130 S&S EAT8 GT,https://www.automobile.it/quattro-castella-peugeot-308-puretech-turbo-130-s-s-eat8-gt/184451819,€ 18.950,Usato,Ottobre 2023,19.980 km,Benzina - Euro 6,Automatico,Unico proprietario,Quattro Castella (RE)
Peugeot 308 III 2021 1.2 puretech t Allure Pack s&s 130cv,https://www.automobile.it/albavilla-peugeot-308-iii-2021-1-2-puretech-t-allure-pack-s-s-130cv/184388014,€ 18.986,Usato,Giugno 2023,35.256 km,Benzina - Euro 6,Manuale,Unico proprietario,Albavilla (CO)
Peugeot 308 SW GT Pack EAT8 BR972139 1.5 Diesel 131CV,https://www.automobile.it/reggio-emilia-peugeot-308-sw-gt-pack-eat8-br972139-1-5-diesel-131cv/182184600,€ 18.990,Usato,Aprile 2022,93.611 km,Diesel,Automatico,Unico proprietario,Reggio Emilia (RE)
PEUGEOT 308 SW 1.5 BLUEHDI EAT8 ALLURE – 2023,https://www.automobile.it/manduria-peugeot-308-sw-1-5-bluehdi-eat8-allure-2023/182836036,€ 18.990,Usato,Aprile 2023,109.000 km,Diesel - Euro 6,Automatico,Unico proprietario,Manduria (TA)
PEUGEOT 308 BlueHDi 130 S&S EAT8 Allure Pack,https://www.automobile.it/barletta-peugeot-308-bluehdi-130-s-s-eat8-allure-pack/184508537,€ 18.990,Usato,Luglio 2022,73.577 km,Diesel - Euro 6,Semiautomatico,,Barletta (BT)
Peugeot 308 BlueHDi Allestimento GT,https://www.automobile.it/carmiano-peugeot-308-bluehdi-allestimento-gt/184497095,€ 19.000,Usato,Settembre 2023,120.000 km,Diesel - Euro 6,Automatico,,Carmiano (LE)
Peugeot 308 1.2 puretech t Allure Pack s&s 130cv eat8,https://www.automobile.it/san-giovanni-teatino-peugeot-308-1-2-puretech-t-allure-pack-s-s-130cv-eat8/183480350,€ 19.200,Usato,Aprile 2022,23.518 km,Benzina - Euro 6,Automatico,Unico proprietario,San Giovanni Teatino (CH)
Peugeot 308 1.5 BlueHDi 130cv S&S EAT8 Allure Navi Camera Automatic,https://www.automobile.it/napoli-peugeot-308-1-5-bluehdi-130cv-s-s-eat8-allure-navi-camera-automatic/181616381,€ 19.278,Usato,Giugno 2022,49.121 km,Diesel - Euro 6,Automatico,Unico proprietario,Napoli (NA)
Peugeot 308 BlueHDi 130 S&S EAT8 Allure Pack Automatica Navi Camera,https://www.automobile.it/napoli-peugeot-308-bluehdi-130-s-s-eat8-allure-pack-automatica-navi-camera/184447848,€ 19.278,Usato,Giugno 2022,49.121 km,Diesel - Euro 6,Automatico,Unico proprietario,Napoli (NA)
Peugeot 308 308 1.2 puretech t Allure s&s 130cv eat8,https://www.automobile.it/milano-peugeot-308-308-1-2-puretech-t-allure-s-s-130cv-eat8/184252867,€ 19.470,Usato,Agosto 2024,26.927 km,Benzina - Euro 6,Automatico,,Milano (MI)
PEUGEOT 308 BlueHDi 130 S&S EAT8 SW Allure Pack,https://www.automobile.it/treviso-peugeot-308-bluehdi-130-s-s-eat8-sw-allure-pack/182039124,€ 19.500,Usato,Luglio 2023,119.000 km,Diesel,Automatico,,Treviso (TV)
PEUGEOT 308 III 2021 SW - 308 SW 1.5 bluehdi Allure Pack s&s 130cv eat8,https://www.automobile.it/latina-peugeot-308-iii-2021-sw-308-sw-1-5-bluehdi-allure-pack-s-s-130cv-eat8/183193650,€ 19.500,Usato,Febbraio 2023,78.270 km,Diesel - Euro 6,Automatico,,Latina (LT)
Peugeot 308 1.2 hybrid Allure 145cv e-dcs 6 IN PROMO,https://www.automobile.it/liscate-peugeot-308-1-2-hybrid-allure-145cv-dcs-6-promo/184091298,€ 19.500,Usato,Marzo 2025,22.000 km,Ibrido,Automatico,Unico proprietario,Liscate (MI)
Peugeot 308 Berlina 1.5 130 S&S EAT8 Allure Pack,https://www.automobile.it/viadana-peugeot-308-berlina-1-5-130-s-s-eat8-allure-pack/184617857,€ 19.500,Usato,Dicembre 2022,65.000 km,Diesel,Automatico,Unico proprietario,Viadana (MN)
"PEUGEOT 308 1.5 BLUEHDI GT 130cv EAT8, UNICO UTILIZZATORE, EURO 6D, UFF ITALIANA, SERVICE PEUGEOT, EURO 6D, FULL LED, RETROCAMERA, PERMUTE",https://www.automobile.it/asti-peugeot-308-1-5-bluehdi-gt-130cv-eat8-unico-utilizzatore-euro-6d-uff-italiana-service-peugeot-euro-6d-full-led-retrocamera-permute/183919727,€ 19.500,Usato,Giugno 2023,27.000 km,Diesel,Automatico,,Asti (AT)
Peugeot 308 SW GT EAT8 BR545642 1.5 Diesel 131CV,https://www.automobile.it/reggio-emilia-peugeot-308-sw-gt-eat8-br545642-1-5-diesel-131cv/184289279,€ 19.690,Usato,Maggio 2025,34.651 km,Diesel,Automatico,Unico proprietario,Reggio Emilia (RE)
Peugeot 308 SW GT EAT8 BR545642 1.5 Diesel 131CV,https://www.automobile.it/cinisello-balsamo-peugeot-308-sw-gt-eat8-br545642-1-5-diesel-131cv/184289284,€ 19.690,Usato,Maggio 2025,34.651 km,Diesel,Automatico,Unico proprietario,Cinisello Balsamo (MI)
PEUGEOT 308 BlueHDi 130 S&S EAT8 Allure,https://www.automobile.it/san-vito-normanni-peugeot-308-bluehdi-130-s-s-eat8-allure/183224215,€ 19.800,Usato,Dicembre 2022,57.510 km,Diesel - Euro 6,Semiautomatico,,San Vito dei Normanni (BR)
Peugeot 308 1.5 bluehdi allure s&s 130cv eat8,https://www.automobile.it/bari-peugeot-308-1-5-bluehdi-allure-s-s-130cv-eat8/184578276,€ 19.800,Usato,Novembre 2022,33.234 km,Altro,Automatico,,Bari (BA)
PEUGEOT 308 SW GT PACK BLUEHDI 130 EAT8 SES AUTO STATION WAGON,https://www.automobile.it/roma-peugeot-308-sw-gt-pack-bluehdi-130-eat8-ses-auto-station-wagon/184656199,€ 19.850,Usato,Giugno 2022,108.394 km,Diesel - Euro 6,Automatico,Unico proprietario,Roma (RM)
PEUGEOT 308 SW GT PACK BLUEHDI 130 EAT8 SES AUTO STATION WAGON,https://www.automobile.it/bentivoglio-peugeot-308-sw-gt-pack-bluehdi-130-eat8-ses-auto-station-wagon/184656298,€ 19.850,Usato,Giugno 2022,108.394 km,Diesel - Euro 6,Automatico,Unico proprietario,Bentivoglio (BO)
PEUGEOT 308 SW GT PACK BLUEHDI 130 EAT8 SES AUTO STATION WAGON,https://www.automobile.it/verona-peugeot-308-sw-gt-pack-bluehdi-130-eat8-ses-auto-station-wagon/184656261,€ 19.850,Usato,Giugno 2022,108.394 km,Diesel - Euro 6,Automatico,Unico proprietario,Verona (VR)
PEUGEOT 308 SW GT PACK BLUEHDI 130 EAT8 SES AUTO STATION WAGON,https://www.automobile.it/pozzuoli-peugeot-308-sw-gt-pack-bluehdi-130-eat8-ses-auto-station-wagon/184656370,€ 19.850,Usato,Giugno 2022,108.394 km,Diesel - Euro 6,Automatico,Unico proprietario,Pozzuoli (NA)
PEUGEOT 308 SW GT PACK BLUEHDI 130 EAT8 SES AUTO STATION WAGON,https://www.automobile.it/firenze-peugeot-308-sw-gt-pack-bluehdi-130-eat8-ses-auto-station-wagon/184656450,€ 19.850,Usato,Giugno 2022,108.394 km,Diesel - Euro 6,Automatico,Unico proprietario,Firenze (FI)
Peugeot 308 BlueHDi 130 S&S Allure Pack - 2022,https://www.automobile.it/falerna-peugeot-308-bluehdi-130-s-s-allure-pack-2022/183106838,€ 19.900,Usato,Aprile 2022,114.000 km,Diesel - Euro 6,Manuale,Unico proprietario,Falerna (CZ)
Peugeot 308 BlueHDi 130 S&S EAT8 SW Allure,https://www.automobile.it/casavatore-peugeot-308-bluehdi-130-s-s-eat8-sw-allure/184509646,€ 19.900,Usato,Luglio 2023,31.800 km,Diesel - Euro 6,Automatico,,Casavatore (NA)
Peugeot 308 BlueHDi 130 S&S EAT8 SW Allure,https://www.automobile.it/casavatore-peugeot-308-bluehdi-130-s-s-eat8-sw-allure/184509646,€ 19.900,Usato,Luglio 2023,31.800 km,Diesel - Euro 6,Automatico,,Casavatore (NA)
Peugeot 308 berlina EAT8 *LUCI AMBIENTE *PELLE,https://www.automobile.it/monteroni-lecce-peugeot-308-berlina-eat8-luci-ambiente-pelle/184621101,€ 19.900,Usato,Luglio 2022,80.000 km,Diesel - Euro 6,Automatico,Unico proprietario,Monteroni di Lecce (LE)
Peugeot 308 PureTech Turbo 130 S&S Active Pack,https://www.automobile.it/teverola-peugeot-308-puretech-turbo-130-s-s-active-pack/179446353,€ 19.900,KM 0,Settembre 2024,Benzina - Euro 6,130 CV (96 KW),Manuale,,Teverola (CE)
PEUGEOT 308 3ª serie 308 BlueHDi 130 S&S EAT8 SW Allure,https://www.automobile.it/verona-peugeot-308-3-serie-308-bluehdi-130-s-s-eat8-sw-allure/184598697,€ 19.900,Usato,Febbraio 2023,72.000 km,Diesel - Euro 6,Automatico,,Verona (VR)
PEUGEOT 308 3ª serie 308 BlueHDi 130 S&S EAT8 SW Allure,https://www.automobile.it/roma-peugeot-308-3-serie-308-bluehdi-130-s-s-eat8-sw-allure/184597391,€ 19.900,Usato,Febbraio 2023,72.000 km,Diesel - Euro 6,Automatico,,Roma (RM)
PEUGEOT 308 3ª serie 308 BlueHDi 130 S&S EAT8 SW Allure,https://www.automobile.it/milano-peugeot-308-3-serie-308-bluehdi-130-s-s-eat8-sw-allure/184596567,€ 19.900,Usato,Febbraio 2023,72.000 km,Diesel - Euro 6,Automatico,,Milano (MI)
PEUGEOT 308 HYBRID 1.2 145CV S&S EAT8 SW GT,https://www.automobile.it/dolo-peugeot-308-hybrid-1-2-145cv-s-s-eat8-sw-gt/184399341,€ 19.900,Usato,Marzo 2025,25.700 km,Ibrido - Euro 6,Semiautomatico,,Dolo (VE)
PEUGEOT 308 BlueHDi 130 S&S EAT8 SW Allure Pack,https://www.automobile.it/messina-peugeot-308-bluehdi-130-s-s-eat8-sw-allure-pack/184382184,€ 19.900,Usato,Marzo 2023,39.400 km,Diesel - Euro 6,Automatico,,Messina (ME)
Peugeot 308 308 1.6 hybrid phev Allure Pack 180cv e-eat8,https://www.automobile.it/siracusa-peugeot-308-308-1-6-hybrid-phev-allure-pack-180cv-eat8/184391371,€ 19.900,Usato,Giugno 2022,51.000 km,Ibrido - Euro 6,Automatico,,Italia
Peugeot 308 Hybrid 145 e-DCS6 Allure,https://www.automobile.it/capua-peugeot-308-hybrid-145-dcs6-allure/184643474,€ 19.900,Usato,Gennaio 2025,23.465 km,Ibrido,Automatico,,Capua (CE)
Peugeot 308 308 1.6 hybrid phev Allure Pack 180cv e-eat8,https://www.automobile.it/misterbianco-peugeot-308-308-1-6-hybrid-phev-allure-pack-180cv-eat8/181811745,€ 19.900,Usato,Giugno 2022,51.000 km,Ibrido - Euro 6,Automatico,,Misterbianco (CT)
PEUGEOT 308 3ª serie 308 BlueHDi 130 S&S EAT8 SW Allure,https://www.automobile.it/casalmoro-peugeot-308-3-serie-308-bluehdi-130-s-s-eat8-sw-allure/184655365,€ 19.900,Usato,Febbraio 2023,72.000 km,Diesel - Euro 6,Automatico,,Casalmoro (MN)
Peugeot 308 308 SW 1.5 bluehdi Allure s&s 130cv eat8,https://www.automobile.it/pistoia-peugeot-308-308-sw-1-5-bluehdi-allure-s-s-130cv-eat8/184657175,€ 19.900,Usato,Ottobre 2024,33.028 km,Diesel - Euro 6,Automatico,,Pistoia (PT)
PEUGEOT 308 SW 1.2 puretech t Allure s&s 130cv,https://www.automobile.it/marcianise-peugeot-308-sw-1-2-puretech-t-allure-s-s-130cv/182943228,€ 19.900,Dimostrativo,Gennaio 2025,1 km,Benzina - Euro 6,Manuale,,Marcianise (CE)
PEUGEOT 308 BlueHDi 130 S&S EAT8 SW GT,https://www.automobile.it/somma-vesuviana-peugeot-308-bluehdi-130-s-s-eat8-sw-gt/184547819,€ 19.950,Usato,Giugno 2024,41.863 km,Diesel,Automatico,Unico proprietario,Somma Vesuviana (NA)
Peugeot 308 1.5 bluehdi 130cv Allure Pack 2023,https://www.automobile.it/napoli-peugeot-308-1-5-bluehdi-130cv-allure-pack-2023/182232951,€ 19.990,Usato,Gennaio 2023,80.000 km,Diesel - Euro 6,Automatico,Unico proprietario,Napoli (NA)
Peugeot 308 308 1.5 bluehdi Allure s&s 130cv eat8,https://www.automobile.it/castelfranco-veneto-peugeot-308-308-1-5-bluehdi-allure-s-s-130cv-eat8/184053051,€ 19.990,Usato,Marzo 2023,78.900 km,Diesel - Euro 6,Automatico,,Castelfranco Veneto (TV)
PEUGEOT 308 Plug-in Hybrid 225 SW GT,https://www.automobile.it/alcamo-peugeot-308-plug-hybrid-225-sw-gt/184561771,€ 19.990,Usato,Gennaio 2023,18.000 km,Ibrido - Euro 6,Semiautomatico,,Alcamo (TP)
PEUGEOT 308 SW 1.5 BlueHDi 130CV EAT8 NAV PARK CAM,https://www.automobile.it/piana-monte-verna-peugeot-308-sw-1-5-bluehdi-130cv-eat8-nav-park-cam/184628273,€ 19.990,Usato,Novembre 2022,23.518 km,Diesel,Automatico,Unico proprietario,Piana di Monte Verna (CE)
Peugeot 308 sw 1.5 bluehdi allure pack s&s 130cv eat8,https://www.automobile.it/treviso-peugeot-308-sw-1-5-bluehdi-allure-pack-s-s-130cv-eat8/184580858,€ 19.990,Usato,Gennaio 2024,65.100 km,Altro,Automatico,,Treviso (TV)
Peugeot 308 SW BlueHDi 130 EAT8 Allure Pack 2022,https://www.automobile.it/settimo-san-pietro-peugeot-308-sw-bluehdi-130-eat8-allure-pack-2022/184275793,€ 19.990,Usato,Novembre 2022,40.900 km,Diesel - Euro 6,Automatico,,Settimo San Pietro (CA)
Peugeot 308 BlueHDi 130 S&S EAT8 Allure,https://www.automobile.it/san-gregorio-magno-peugeot-308-bluehdi-130-s-s-eat8-allure/184592502,€ 19.990,Usato,Febbraio 2024,43.000 km,Diesel - Euro 6,Automatico,Unico proprietario,San Gregorio Magno (SA)
Peugeot 308 Plug-in Hybrid 225 e-EAT8 GT Pack,https://www.automobile.it/roma-peugeot-308-plug-hybrid-225-eat8-gt-pack/184585216,€ 19.999,Usato,Febbraio 2022,35.000 km,Ibrido - Euro 6,Automatico,,Roma (RM)
"PEUGEOT 308 1.5 BLUEHDI ALLURE PACK 131CV - VIRTUAL COCKPIT, FULL LED, NEOPATENTATI",https://www.automobile.it/brescello-peugeot-308-1-5-bluehdi-allure-pack-131cv-virtual-cockpit-full-led-neopatentati/182312893,€ 19.999,Usato,Aprile 2022,85.000 km,Diesel - Euro 6,Automatico,Unico proprietario,Brescello (RE)
Peugeot 308 BlueHDi 130 S&S EAT8 SW KM0,https://www.automobile.it/ottaviano-peugeot-308-bluehdi-130-s-s-eat8-sw-km0/184540430,€ 20.200,Usato,Luglio 2024,999 km,Diesel - Euro 6,Automatico,Unico proprietario,Ottaviano (NA)
PEUGEOT 308 Plug-in Hybrid 180 e-EAT8 Allure Pack,https://www.automobile.it/trento-peugeot-308-plug-hybrid-180-eat8-allure-pack/182090240,€ 20.290,Usato,Novembre 2022,68.000 km,Ibrido - Euro 6,Automatico,,Trento (TN)
Peugeot 308 1.6 hybrid 180CV Allure Pack e-eat8,https://www.automobile.it/san-giorgio-bosco-peugeot-308-1-6-hybrid-180cv-allure-pack-eat8/184588877,€ 20.423,Usato,Giugno 2022,40.567 km,Ibrido,Automatico,,San Giorgio in Bosco (PD)
Peugeot 308 1.6 hybrid 180CV Allure Pack e-eat8,https://www.automobile.it/san-giorgio-bosco-peugeot-308-1-6-hybrid-180cv-allure-pack-eat8/184546868,€ 20.423,Usato,Marzo 2022,40.986 km,Ibrido,Automatico,,San Giorgio in Bosco (PD)
Peugeot 308 1500 BlueHDi 130cv EAT8 F1 ALLURE,https://www.automobile.it/napoli-peugeot-308-1500-bluehdi-130cv-eat8-f1-allure/184634723,€ 20.500,Usato,Luglio 2024,58.500 km,Diesel,Automatico,Unico proprietario,Napoli (NA)
Peugeot 308 SW 1.2 hybrid 136CV GT e-dcs 6,https://www.automobile.it/meda-peugeot-308-sw-1-2-hybrid-136cv-gt-dcs-6/184639905,€ 20.601,Usato,Marzo 2025,24.112 km,Ibrido,Automatico,,Meda (MB)
Peugeot 308 SW 1.2 hybrid 136CV GT e-dcs 6,https://www.automobile.it/curno-peugeot-308-sw-1-2-hybrid-136cv-gt-dcs-6/184639946,€ 20.601,Usato,Marzo 2025,24.112 km,Ibrido,Automatico,,Curno (BG)
Peugeot 308 SW 1.2 hybrid 136CV GT e-dcs 6,https://www.automobile.it/sala-bolognese-peugeot-308-sw-1-2-hybrid-136cv-gt-dcs-6/184639934,€ 20.601,Usato,Marzo 2025,24.112 km,Ibrido,Automatico,,Sala Bolognese (BO)
Peugeot 308 SW 1.2 hybrid 136CV GT e-dcs 6,https://www.automobile.it/roma-peugeot-308-sw-1-2-hybrid-136cv-gt-dcs-6/184639994,€ 20.601,Usato,Marzo 2025,24.112 km,Ibrido,Automatico,,Roma (RM)
Peugeot 308 SW 1.2 hybrid 136CV GT e-dcs 6,https://www.automobile.it/milano-peugeot-308-sw-1-2-hybrid-136cv-gt-dcs-6/184639941,€ 20.601,Usato,Marzo 2025,24.112 km,Ibrido,Automatico,,Milano (MI)
Peugeot 308 SW 1.2 hybrid 136CV GT e-dcs 6,https://www.automobile.it/barzago-peugeot-308-sw-1-2-hybrid-136cv-gt-dcs-6/184640012,€ 20.601,Usato,Marzo 2025,24.112 km,Ibrido,Automatico,,Barzago (LC)
Peugeot 308 SW 1.2 hybrid 136CV GT e-dcs 6,https://www.automobile.it/san-giorgio-bosco-peugeot-308-sw-1-2-hybrid-136cv-gt-dcs-6/184647545,€ 20.601,Usato,Marzo 2025,24.112 km,Ibrido,Automatico,,San Giorgio in Bosco (PD)
Peugeot 308 SW GT BlueHDi 130 EAT8 SPOTICAR,https://www.automobile.it/bagnaria-arsa-peugeot-308-sw-gt-bluehdi-130-eat8-spoticar/184666718,€ 20.700,Usato,Aprile 2023,56.200 km,Diesel - Euro 6,Semiautomatico,,Bagnaria Arsa (UD)
Peugeot 308 Hybrid 180 e-EAT8 S&S aut. 220cv complessivi,https://www.automobile.it/castellanza-peugeot-308-hybrid-180-eat8-s-s-aut-220cv-complessivi/182864547,€ 20.800,Usato,Ottobre 2022,85.894 km,Ibrido,Automatico,Unico proprietario,Castellanza (VA)
PEUGEOT 308 BlueHDi 130 S&S EAT8 Allure,https://www.automobile.it/alberobello-peugeot-308-bluehdi-130-s-s-eat8-allure/184242564,€ 20.900,Usato,Marzo 2023,64.485 km,Diesel - Euro 6,Semiautomatico,Unico proprietario,Alberobello (BA)
PEUGEOT 308 III 2021 SW SW 1.2 hybrid GT 145cv e-dcs 6,https://www.automobile.it/piombino-dese-peugeot-308-iii-2021-sw-sw-1-2-hybrid-gt-145cv-dcs-6/184361471,€ 20.900,Usato,Marzo 2025,21.500 km,Altro,Automatico,,Piombino Dese (PD)
Peugeot 308 GT PureTech 130 EAT8 S&S aut.,https://www.automobile.it/montichiari-peugeot-308-gt-puretech-130-eat8-s-s-aut/183312456,€ 20.900,Usato,Giugno 2024,14.500 km,Benzina,Automatico,,Montichiari (BS)
Peugeot 308 1.5 bluehdi Allure s&s 130cv eat8 IN PROMO,https://www.automobile.it/liscate-peugeot-308-1-5-bluehdi-allure-s-s-130cv-eat8-promo/184009049,€ 20.900,Usato,Giugno 2025,19.000 km,Diesel,Automatico,Unico proprietario,Liscate (MI)
"Peugeot SW 1.2 PureTech 130 CV S&S EAT8 GT – Eleganza, Spazio e Tecnologia Premium",https://www.automobile.it/carini-peugeot-sw-1-2-puretech-130-cv-s-s-eat8-gt-eleganza-spazio-tecnologia-premium/184247175,€ 20.900,Usato,Febbraio 2024,48.039 km,Benzina - Euro 6,Semiautomatico,Unico proprietario,Carini (PA)
Peugeot 308 PEUGEOT 308 BlueHDi 130 S&S EAT8 Allure,https://www.automobile.it/milano-peugeot-308-peugeot-308-bluehdi-130-s-s-eat8-allure/184555161,€ 20.900,Usato,Marzo 2024,23.400 km,Diesel,Automatico,Unico proprietario,Milano (MI)
PEUGEOT 308 3ª serie - 308 BlueHDi 130 S&S EAT8 SW Allure,https://www.automobile.it/ancona-peugeot-308-3-serie-308-bluehdi-130-s-s-eat8-sw-allure/183924254,€ 20.900,Usato,Giugno 2023,70.686 km,Diesel - Euro 6,Semiautomatico,,Ancona (AN)
Peugeot 308 308 1.5 bluehdi GT s&s 130cv eat8,https://www.automobile.it/teverola-peugeot-308-308-1-5-bluehdi-gt-s-s-130cv-eat8/184579075,€ 20.900,Usato,Marzo 2022,83.453 km,Diesel - Euro 6,Automatico,,Teverola (CE)
Peugeot 308 PureTech Turbo 130cv S&S EAT8 GT LINE,https://www.automobile.it/robassomero-peugeot-308-puretech-turbo-130cv-s-s-eat8-gt-line/184628881,€ 20.900,Usato,Settembre 2023,20.000 km,Benzina,Automatico,Unico proprietario,Robassomero (TO)
PEUGEOT 308 BlueHDi 130 S&S Allure,https://www.automobile.it/cagliari-peugeot-308-bluehdi-130-s-s-allure/184652758,€ 20.900,Usato,Luglio 2022,89.900 km,Diesel - Euro 6,Automatico,,Cagliari (CA)
Peugeot 308 1.2 puretech t GT Pack s&s 130cv eat8,https://www.automobile.it/san-giovanni-teatino-peugeot-308-1-2-puretech-t-gt-pack-s-s-130cv-eat8/184512868,€ 20.900,Usato,Febbraio 2023,29.906 km,Benzina - Euro 6,Automatico,Unico proprietario,San Giovanni Teatino (CH)
PEUGEOT 308 1.2 PureTech 130cv Allure EU6,https://www.automobile.it/latina-peugeot-308-1-2-puretech-130cv-allure-eu6/183094223,€ 20.900,Usato,Aprile 2024,22.200 km,Benzina,Manuale,Unico proprietario,Latina (LT)
Peugeot 308 308 BlueHDi 130 S&S EAT8 SW Allure Pack,https://www.automobile.it/siena-peugeot-308-308-bluehdi-130-s-s-eat8-sw-allure-pack/181295917,€ 20.900,Usato,Giugno 2023,74.500 km,Diesel - Euro 6,Automatico,,Siena (SI)
Peugeot 308 BlueHDi 130 S&S EAT8 GT,https://www.automobile.it/pompei-peugeot-308-bluehdi-130-s-s-eat8-gt/183713135,€ 20.999,Usato,Giugno 2023,6.222 km,Diesel,Semiautomatico,Unico proprietario,Pompei (NA)
PEUGEOT 308 SW ALLURE PACK BLUEHDI 130CV EAT8,https://www.automobile.it/albenga-peugeot-308-sw-allure-pack-bluehdi-130cv-eat8/181404717,€ 21.000,Usato,Giugno 2022,72.697 km,Diesel - Euro 6,Automatico,Unico proprietario,Albenga (SV)
Peugeot 308 Plug-in Hybrid 180 e-EAT8 SW GT,https://www.automobile.it/chieti-peugeot-308-plug-hybrid-180-eat8-sw-gt/184386697,€ 21.000,Usato,Ottobre 2024,50.742 km,Ibrido - Euro 6,Automatico,,Chieti (CH)
PEUGEOT 308 Plug-in Hybrid 180 e-EAT8 SW GT,https://www.automobile.it/bergamo-peugeot-308-plug-hybrid-180-eat8-sw-gt/184002003,€ 21.490,Usato,Dicembre 2022,89.000 km,Ibrido - Euro 6,Automatico,,Bergamo (BG)
Peugeot 308 GT Hybrid 145 e-DCS6 aut.,https://www.automobile.it/novi-ligure-peugeot-308-gt-hybrid-145-dcs6-aut/184485465,€ 21.500,Usato,Marzo 2025,7.369 km,Ibrido - Euro 6,Automatico,,Novi Ligure (AL)
Peugeot 308 308 SW 1.2 hybrid GT 145cv e-dcs 6,https://www.automobile.it/novi-ligure-peugeot-308-308-sw-1-2-hybrid-gt-145cv-dcs-6/184657441,€ 21.500,Usato,Marzo 2025,9.350 km,Ibrido - Euro 6,Automatico,,Novi Ligure (AL)
"Peugeot 308 BlueHDi 130 S&S EAT8 GT line Pack, tetto, perlata",https://www.automobile.it/massafra-peugeot-308-bluehdi-130-s-s-eat8-gt-line-pack-tetto-perlata/184652608,€ 21.600,Usato,Ottobre 2022,66.000 km,Diesel - Euro 6,Automatico,,Massafra (TA)
Peugeot 308 1.5 BlueHDi 130cv EAT8 Allure,https://www.automobile.it/conversano-peugeot-308-1-5-bluehdi-130cv-eat8-allure/182850715,€ 21.800,Usato,Giugno 2024,27.630 km,Diesel - Euro 6,Semiautomatico,,Conversano (BA)
Peugeot 308 308 SW 1.6 hybrid phev GT e-dcs7,https://www.automobile.it/milano-peugeot-308-308-sw-1-6-hybrid-phev-gt-dcs7/184599389,€ 21.800,Usato,Giugno 2025,26.309 km,Ibrido - Euro 6,Automatico,,Milano (MI)
PEUGEOT 308 1.5 bluehdi gt s&s 130cv eat8 del 2024,https://www.automobile.it/roma-peugeot-308-1-5-bluehdi-gt-s-s-130cv-eat8-2024/184658291,€ 21.900,Usato,Febbraio 2024,79.574 km,Diesel - Euro 6,Automatico,,Roma (RM)
Peugeot 308 PureTech Turbo 130 S&S EAT8 GT,https://www.automobile.it/messina-peugeot-308-puretech-turbo-130-s-s-eat8-gt/184660566,€ 21.900,Usato,Settembre 2023,25.670 km,Benzina - Euro 6,Automatico,,Messina (ME)
Peugeot 308 Hybrid 145 e-DCS6 Allure,https://www.automobile.it/venezia-peugeot-308-hybrid-145-dcs6-allure/184645887,€ 21.900,Usato,Marzo 2025,17.750 km,Benzina - Euro 6,Automatico,,Venezia (VE)
Peugeot 308 SW 1.2 Hybrid 136CV GT e-DCS6,https://www.automobile.it/sala-bolognese-peugeot-308-sw-1-2-hybrid-136cv-gt-dcs6/184437445,€ 21.956,Usato,Marzo 2025,22.891 km,Ibrido,Automatico,,Sala Bolognese (BO)
Peugeot 308 SW 1.2 Hybrid 136CV GT e-DCS6,https://www.automobile.it/roma-peugeot-308-sw-1-2-hybrid-136cv-gt-dcs6/184437434,€ 21.956,Usato,Marzo 2025,22.891 km,Ibrido,Automatico,,Roma (RM)
Peugeot 308 SW 1.2 Hybrid 136CV GT e-DCS6,https://www.automobile.it/milano-peugeot-308-sw-1-2-hybrid-136cv-gt-dcs6/184437444,€ 21.956,Usato,Marzo 2025,22.891 km,Ibrido,Automatico,,Milano (MI)
Peugeot 308 SW 1.2 Hybrid 136CV GT e-DCS6,https://www.automobile.it/curno-peugeot-308-sw-1-2-hybrid-136cv-gt-dcs6/184437481,€ 21.956,Usato,Marzo 2025,22.891 km,Ibrido,Automatico,,Curno (BG)
Peugeot 308 SW 1.2 Hybrid 136CV GT e-DCS6,https://www.automobile.it/san-giorgio-bosco-peugeot-308-sw-1-2-hybrid-136cv-gt-dcs6/184422461,€ 21.956,Usato,Marzo 2025,22.891 km,Ibrido,Automatico,,San Giorgio in Bosco (PD)
Peugeot 308 SW 1.2 Hybrid 136CV GT e-DCS6,https://www.automobile.it/barzago-peugeot-308-sw-1-2-hybrid-136cv-gt-dcs6/184437506,€ 21.956,Usato,Marzo 2025,22.891 km,Ibrido,Automatico,,Barzago (LC)
Peugeot 308 III 2021 SW SW 1.2 hybrid GT 145cv e-dcs 6,https://www.automobile.it/albavilla-peugeot-308-iii-2021-sw-sw-1-2-hybrid-gt-145cv-dcs-6/184619500,€ 21.986,Usato,Marzo 2025,11.402 km,Ibrido - Euro 6,Automatico,Unico proprietario,Albavilla (CO)
"PEUGEOT 308 1.5 BLUEHDI ALLURE PACK 131CV - FULL LED, VIRTUAL COCKPIT, NEOPATENTATI",https://www.automobile.it/brescello-peugeot-308-1-5-bluehdi-allure-pack-131cv-full-led-virtual-cockpit-neopatentati/182312856,€ 21.999,Usato,Novembre 2022,53.000 km,Diesel - Euro 6,Automatico,Unico proprietario,Brescello (RE)
"PEUGEOT 308 1.5 BLUEHDI ALLURE PACK 131CV - FULLE LED, VIRTUAL COCKPIT, NEOPATENTATI",https://www.automobile.it/brescello-peugeot-308-1-5-bluehdi-allure-pack-131cv-fulle-led-virtual-cockpit-neopatentati/182312865,€ 21.999,Usato,Maggio 2022,92.000 km,Diesel - Euro 6,Automatico,Unico proprietario,Brescello (RE)
PEUGEOT 308 sw 1.5 bluehdi gt s&s 130cv eat8 del 2023,https://www.automobile.it/limena-peugeot-308-sw-1-5-bluehdi-gt-s-s-130cv-eat8-2023/183913784,€ 22.200,Usato,Novembre 2023,27.358 km,Diesel - Euro 6,Automatico,,Limena (PD)
Peugeot 308 BlueHDi 130 S&S EAT8 GT,https://www.automobile.it/martina-franca-peugeot-308-bluehdi-130-s-s-eat8-gt/184428187,€ 22.202,Aziendale,Aprile 2025,8.597 km,Diesel - Euro 6,Semiautomatico,,Martina Franca (TA)
Peugeot 308 BlueHDi 130 S&S EAT8 GT,https://www.automobile.it/todi-peugeot-308-bluehdi-130-s-s-eat8-gt/183482957,€ 22.300,Usato,Aprile 2023,60.410 km,Diesel - Euro 6,Automatico,Unico proprietario,Todi (PG)
Peugeot 308 SW GT Hybrid 136 e-DCS6,https://www.automobile.it/vittorio-veneto-peugeot-308-sw-gt-hybrid-136-dcs6/184457704,€ 22.300,Usato,Marzo 2025,19.141 km,Ibrido - Euro 6,Automatico,Unico proprietario,Vittorio Veneto (TV)
Peugeot 308 SW GT Hybrid 136 e-DCS6,https://www.automobile.it/pordenone-peugeot-308-sw-gt-hybrid-136-dcs6/184456814,€ 22.300,Usato,Marzo 2025,19.141 km,Ibrido - Euro 6,Automatico,Unico proprietario,Pordenone (PN)
Peugeot 308 SW GT Hybrid 136 e-DCS6,https://www.automobile.it/pordenone-peugeot-308-sw-gt-hybrid-136-dcs6/184459183,€ 22.300,Usato,Marzo 2025,19.141 km,Ibrido - Euro 6,Automatico,Unico proprietario,Pordenone (PN)
Peugeot 308 BlueHDi 130 S&S EAT8 SW GT,https://www.automobile.it/mandatoriccio-peugeot-308-bluehdi-130-s-s-eat8-sw-gt/184484535,€ 22.400,Aziendale,Giugno 2024,40.582 km,Diesel - Euro 6,Semiautomatico,,Mandatoriccio (CS)
Peugeot 308 Hybrid 145 e-DCS6 GT,https://www.automobile.it/osnago-peugeot-308-hybrid-145-dcs6-gt/184591773,€ 22.451,Usato,Marzo 2025,16.189 km,Ibrido - Euro 6,Automatico,,Osnago (LC)
Peugeot 308 SW 1.5 BlueHDI 130CV GT EAT8,https://www.automobile.it/meda-peugeot-308-sw-1-5-bluehdi-130cv-gt-eat8/184209358,€ 22.466,Usato,Giugno 2024,29.520 km,Diesel,Automatico,,Meda (MB)
Peugeot 308 SW 1.5 BlueHDI 130CV GT EAT8,https://www.automobile.it/san-giorgio-bosco-peugeot-308-sw-1-5-bluehdi-130cv-gt-eat8/184209383,€ 22.466,Usato,Giugno 2024,29.520 km,Diesel,Automatico,,San Giorgio in Bosco (PD)
PEUGEOT 308 SW 1.5 BlueHDi 130CV EAT8 NAV PARK CAM,https://www.automobile.it/piana-monte-verna-peugeot-308-sw-1-5-bluehdi-130cv-eat8-nav-park-cam/182290102,€ 22.490,Usato,Novembre 2022,23.518 km,Diesel - Euro 6,Automatico,,Piana di Monte Verna (CE)
PEUGEOT 308 1.2 hybrid Allure 145cv e-dcs 6,https://www.automobile.it/reggio-emilia-peugeot-308-1-2-hybrid-allure-145cv-dcs-6/184313729,€ 22.500,Usato,Gennaio 2025,23.335 km,Ibrido - Euro 6,Automatico,,Reggio Emilia (RE)
Peugeot 308 3ª serie BlueHDi 130 S&S EAT8 Allure Pack,https://www.automobile.it/cuneo-peugeot-308-3-serie-bluehdi-130-s-s-eat8-allure-pack/183651905,€ 22.500,Usato,Gennaio 2023,55.557 km,Diesel - Euro 6,Automatico,Unico proprietario,Cuneo (CN)
Peugeot 308 BlueHDi 130 S&S EAT8 Allure,https://www.automobile.it/maglie-peugeot-308-bluehdi-130-s-s-eat8-allure/183896800,€ 22.600,Usato,Luglio 2022,14.265 km,Diesel - Euro 6,Semiautomatico,,Maglie (LE)
Peugeot 308 SW 1.5 BlueHDI 130 CV EAT8 ALLURE SW,https://www.automobile.it/carlentini-peugeot-308-sw-1-5-bluehdi-130-cv-eat8-allure-sw/184389841,€ 22.800,Usato,2025,29.171 km,Diesel - Euro 6,Automatico,,Carlentini (SR)
PEUGEOT 308 308 BlueHDi 130 S&S EAT8 Allure Pack,https://www.automobile.it/milano-peugeot-308-308-bluehdi-130-s-s-eat8-allure-pack/182115901,€ 22.890,Usato,Marzo 2023,49.000 km,Diesel - Euro 6,Automatico,,Milano (MI)
Peugeot 308 308 2023 1.5 bluehdi Allure Pack s&s 130cv eat8,https://www.automobile.it/chivasso-peugeot-308-308-2023-1-5-bluehdi-allure-pack-s-s-130cv-eat8/183655885,€ 22.900,Usato,2023,36.300 km,Diesel - Euro 6,Automatico,,Chivasso (TO)
Peugeot 308 SW GT BlueHDi 130 EAT8 SPOTICAR,https://www.automobile.it/bagnaria-arsa-peugeot-308-sw-gt-bluehdi-130-eat8-spoticar/184644596,€ 22.900,Usato,Maggio 2024,33.600 km,Diesel - Euro 6,Automatico,Unico proprietario,Bagnaria Arsa (UD)
Peugeot 308 1.5 bluehdi GT Pack s&s 130cv eat8,https://www.automobile.it/san-giovanni-teatino-peugeot-308-1-5-bluehdi-gt-pack-s-s-130cv-eat8/183959274,€ 22.900,Usato,Gennaio 2023,24.126 km,Diesel - Euro 6,Automatico,Unico proprietario,San Giovanni Teatino (CH)
Peugeot 308 Hybrid 145 e-DCS6 GT,https://www.automobile.it/premariacco-peugeot-308-hybrid-145-dcs6-gt/184667569,€ 22.900,Usato,Dicembre 2025,28.900 km,Ibrido - Euro 6,Automatico,Unico proprietario,Premariacco (UD)
Peugeot 308 BlueHDi 130 S&S EAT8 Allure Pack,https://www.automobile.it/prato-peugeot-308-bluehdi-130-s-s-eat8-allure-pack/184416402,€ 22.950,Usato,Settembre 2023,25.103 km,Diesel - Euro 6,Automatico,,Prato (PO)
Peugeot 308 BlueHDi 130 S&S EAT8 SW GT,https://www.automobile.it/agrigento-peugeot-308-bluehdi-130-s-s-eat8-sw-gt/183304003,€ 22.990,Usato,Maggio 2024,30.000 km,Diesel - Euro 6,Semiautomatico,,Agrigento (AG)
Peugeot 308 BlueHDi 130 S&S EAT8 SW GT,https://www.automobile.it/licata-peugeot-308-bluehdi-130-s-s-eat8-sw-gt/183105829,€ 22.990,Usato,Maggio 2024,30.000 km,Diesel - Euro 6,Automatico,,Licata (AG)
Peugeot 308 Plug-in Hybrid 180 e-EAT8 GT,https://www.automobile.it/osnago-peugeot-308-plug-hybrid-180-eat8-gt/184592662,€ 22.990,Usato,Agosto 2024,51.240 km,Ibrido - Euro 6,Semiautomatico,,Osnago (LC)
Peugeot 308 SW 1.5 BlueHDI 130CV GT EAT8,https://www.automobile.it/meda-peugeot-308-sw-1-5-bluehdi-130cv-gt-eat8/183390968,€ 23.072,Usato,Aprile 2025,8.597 km,Diesel,Automatico,,Meda (MB)
Peugeot 308 SW 1.5 BlueHDI 130CV GT EAT8,https://www.automobile.it/curno-peugeot-308-sw-1-5-bluehdi-130cv-gt-eat8/184422535,€ 23.072,Usato,Aprile 2025,8.597 km,Diesel,Automatico,,Curno (BG)
Peugeot 308 SW 1.5 BlueHDI 130CV GT EAT8,https://www.automobile.it/roma-peugeot-308-sw-1-5-bluehdi-130cv-gt-eat8/184422369,€ 23.072,Usato,Aprile 2025,8.597 km,Diesel,Automatico,,Roma (RM)
Peugeot 308 SW 1.5 BlueHDI 130CV GT EAT8,https://www.automobile.it/sala-bolognese-peugeot-308-sw-1-5-bluehdi-130cv-gt-eat8/184422152,€ 23.072,Usato,Aprile 2025,8.597 km,Diesel,Automatico,,Sala Bolognese (BO)
Peugeot 308 SW 1.5 BlueHDI 130CV GT EAT8,https://www.automobile.it/milano-peugeot-308-sw-1-5-bluehdi-130cv-gt-eat8/184422682,€ 23.072,Usato,Aprile 2025,8.597 km,Diesel,Automatico,,Milano (MI)
Peugeot 308 SW 1.5 BlueHDI 130CV GT EAT8,https://www.automobile.it/barzago-peugeot-308-sw-1-5-bluehdi-130cv-gt-eat8/184422328,€ 23.072,Usato,Aprile 2025,8.597 km,Diesel,Automatico,,Barzago (LC)
Peugeot 308 SW 1.5 BlueHDI 130CV GT EAT8,https://www.automobile.it/san-giorgio-bosco-peugeot-308-sw-1-5-bluehdi-130cv-gt-eat8/183391168,€ 23.072,Usato,Aprile 2025,8.597 km,Diesel,Automatico,,San Giorgio in Bosco (PD)
Peugeot 308 308 BlueHDi 130 S&S EAT8 GT,https://www.automobile.it/novi-ligure-peugeot-308-308-bluehdi-130-s-s-eat8-gt/183273636,€ 23.500,Usato,Aprile 2024,29.900 km,Diesel - Euro 6,Automatico,,Novi Ligure (AL)
PEUGEOT 308 3ª serie 308 BlueHDi 130 S&S EAT8 ...,https://www.automobile.it/moncalieri-peugeot-308-3-serie-308-bluehdi-130-s-s-eat8/183359665,€ 23.600,Usato,2022,57.000 km,Diesel - Euro 6,Automatico,,Moncalieri (TO)
PEUGEOT 308 3ª serie - 308 BlueHDi 130 S&S EAT8 SW Allure,https://www.automobile.it/portogruaro-peugeot-308-3-serie-308-bluehdi-130-s-s-eat8-sw-allure/184099690,€ 23.800,Usato,Febbraio 2025,20.684 km,Diesel - Euro 6,Automatico,,Portogruaro (VE)
Peugeot 308 Allure BlueHDi 130 EAT8 S&S aut.,https://www.automobile.it/massa-peugeot-308-allure-bluehdi-130-eat8-s-s-aut/184478859,€ 23.850,Usato,Maggio 2025,31.214 km,Diesel - Euro 6,Automatico,Unico proprietario,Massa (MS)
Peugeot 308 PureTech Turbo 130 S&S EAT8 SW GT,https://www.automobile.it/torino-peugeot-308-puretech-turbo-130-s-s-eat8-sw-gt/182850016,€ 23.900,Usato,Luglio 2024,3.500 km,Benzina - Euro 6,Automatico,,Torino (TO)
Peugeot 308 BlueHDi 130 S&S EAT8 SW GT,https://www.automobile.it/foligno-peugeot-308-bluehdi-130-s-s-eat8-sw-gt/184029223,€ 23.900,Usato,Giugno 2024,54.000 km,Diesel - Euro 6,Automatico,,Foligno (PG)
Peugeot 308 Allure BlueHDi 130 EAT8 S&S aut.,https://www.automobile.it/bordano-peugeot-308-allure-bluehdi-130-eat8-s-s-aut/184187358,€ 23.900,Usato,Aprile 2024,28.461 km,Diesel - Euro 6,Automatico,,Bordano (UD)
Peugeot 308 GT Hybrid 145 e-DCS6 SPOTICAR,https://www.automobile.it/bagnaria-arsa-peugeot-308-gt-hybrid-145-dcs6-spoticar/184148095,€ 23.900,Usato,Febbraio 2025,19.500 km,Ibrido - Euro 6,Automatico,Unico proprietario,Bagnaria Arsa (UD)
Peugeot 308 BlueHDi 130 S&S EAT8 SW GT,https://www.automobile.it/premariacco-peugeot-308-bluehdi-130-s-s-eat8-sw-gt/184316421,€ 23.900,Usato,Agosto 2025,27.900 km,Diesel - Euro 6,Automatico,Unico proprietario,Premariacco (UD)
Peugeot 308 Tetto Apribile GT Line Pack eat8 Automatico,https://www.automobile.it/qualiano-peugeot-308-tetto-apribile-gt-line-pack-eat8-automatico/184554116,€ 23.900,Usato,Marzo 2023,99.000 km,Diesel,Automatico,Unico proprietario,Qualiano (NA)
Peugeot 308 Hybrid 145 e-DCS6 SW GT 2025 BIANCO PERLA,https://www.automobile.it/quarto-d-altino-peugeot-308-hybrid-145-dcs6-sw-gt-2025-bianco-perla/184587116,€ 23.900,Usato,Marzo 2025,21.000 km,Ibrido - Euro 6,Automatico,,Quarto d'Altino (VE)
Peugeot 308 GT Hybrid 145 e-DCS6 SPOTICAR Plus,https://www.automobile.it/bagnaria-arsa-peugeot-308-gt-hybrid-145-dcs6-spoticar-plus/184589931,€ 23.900,Usato,Gennaio 2025,22.100 km,Ibrido - Euro 6,Automatico,Unico proprietario,Bagnaria Arsa (UD)
Peugeot 308 GT Hybrid 145 e-DCS6 SPOTICAR,https://www.automobile.it/bagnaria-arsa-peugeot-308-gt-hybrid-145-dcs6-spoticar/184600401,€ 23.900,Usato,Febbraio 2025,19.500 km,Ibrido - Euro 6,Automatico,Unico proprietario,Bagnaria Arsa (UD)
Peugeot 308 Hybrid 145 e-DCS6 SW GT 2025 BIANCO PERLA,https://www.automobile.it/quarto-d-altino-peugeot-308-hybrid-145-dcs6-sw-gt-2025-bianco-perla/184610157,€ 23.900,Usato,Marzo 2025,17.000 km,Ibrido - Euro 6,Automatico,,Quarto d'Altino (VE)
PEUGEOT 308 SW 1.5 bluehdi Allure s&s 130cv eat8,https://www.automobile.it/marcianise-peugeot-308-sw-1-5-bluehdi-allure-s-s-130cv-eat8/183389727,€ 23.900,Aziendale,Ottobre 2025,1 km,Diesel - Euro 6,Automatico,,Marcianise (CE)
PEUGEOT 308 Plug-in Hybrid 225 e-EAT8 SW GT,https://www.automobile.it/sassari-peugeot-308-plug-hybrid-225-eat8-sw-gt/184451194,€ 23.999,Usato,Maggio 2024,26.997 km,Ibrido - Euro 6,Automatico,,Sassari (SS)
PEUGEOT 308 Plug-in Hybrid 225 e-EAT8 SW GT,https://www.automobile.it/venezia-peugeot-308-plug-hybrid-225-eat8-sw-gt/184451777,€ 23.999,Usato,Maggio 2024,26.997 km,Ibrido - Euro 6,Automatico,,Venezia (VE)
PEUGEOT 308 Plug-in Hybrid 225 e-EAT8 SW GT,https://www.automobile.it/casoria-peugeot-308-plug-hybrid-225-eat8-sw-gt/184449050,€ 23.999,Usato,Maggio 2024,26.997 km,Ibrido - Euro 6,Automatico,,Casoria (NA)
PEUGEOT 308 Plug-in Hybrid 225 e-EAT8 SW GT,https://www.automobile.it/roma-peugeot-308-plug-hybrid-225-eat8-sw-gt/184450263,€ 23.999,Usato,Maggio 2024,26.997 km,Ibrido - Euro 6,Automatico,,Roma (RM)
PEUGEOT 308 Plug-in Hybrid 225 e-EAT8 SW GT,https://www.automobile.it/bari-peugeot-308-plug-hybrid-225-eat8-sw-gt/184450863,€ 23.999,Usato,Maggio 2024,26.997 km,Ibrido - Euro 6,Automatico,,Bari (BA)
PEUGEOT 308 Plug-in Hybrid 225 e-EAT8 SW GT,https://www.automobile.it/milano-peugeot-308-plug-hybrid-225-eat8-sw-gt/184450802,€ 23.999,Usato,Maggio 2024,26.997 km,Ibrido - Euro 6,Automatico,,Milano (MI)
Peugeot 308 GT Hybrid 180 e-EAT8 S&S,https://www.automobile.it/milano-peugeot-308-gt-hybrid-180-eat8-s-s/183057086,€ 24.500,Usato,Aprile 2022,24.700 km,Ibrido - Euro 2,Automatico,,Milano (MI)
"Peugeot 308 SW GT Hybrid 136 e-DCS6 - ""PREZZO VERO""",https://www.automobile.it/calusco-d-adda-peugeot-308-sw-gt-hybrid-136-dcs6-prezzo-vero/183462475,€ 24.800,Usato,Aprile 2025,18.259 km,Ibrido - Euro 6,Automatico,,Calusco d'Adda (BG)
"Peugeot 308 SW GT Hybrid 136 e-DCS6 - ""PREZZO VERO""",https://www.automobile.it/calusco-d-adda-peugeot-308-sw-gt-hybrid-136-dcs6-prezzo-vero/183462478,€ 24.800,Usato,Maggio 2025,26.190 km,Ibrido - Euro 6,Automatico,,Calusco d'Adda (BG)
PEUGEOT 308 SW GT BLUEHDI 130 EAT8 SES STATION WAGON,https://www.automobile.it/verona-peugeot-308-sw-gt-bluehdi-130-eat8-ses-station-wagon/184394525,€ 24.850,Usato,Marzo 2024,205 km,Diesel - Euro 6,Automatico,Unico proprietario,Verona (VR)
PEUGEOT 308 SW GT BLUEHDI 130 EAT8 SES STATION WAGON,https://www.automobile.it/bentivoglio-peugeot-308-sw-gt-bluehdi-130-eat8-ses-station-wagon/184394796,€ 24.850,Usato,Marzo 2024,205 km,Diesel - Euro 6,Automatico,Unico proprietario,Bentivoglio (BO)
PEUGEOT 308 SW GT BLUEHDI 130 EAT8 SES STATION WAGON,https://www.automobile.it/roma-peugeot-308-sw-gt-bluehdi-130-eat8-ses-station-wagon/184394585,€ 24.850,Usato,Marzo 2024,205 km,Diesel - Euro 6,Automatico,Unico proprietario,Roma (RM)
PEUGEOT 308 SW GT BLUEHDI 130 EAT8 SES STATION WAGON,https://www.automobile.it/firenze-peugeot-308-sw-gt-bluehdi-130-eat8-ses-station-wagon/184394784,€ 24.850,Usato,Marzo 2024,205 km,Diesel - Euro 6,Automatico,Unico proprietario,Firenze (FI)
PEUGEOT 308 SW GT BLUEHDI 130 EAT8 SES STATION WAGON,https://www.automobile.it/pozzuoli-peugeot-308-sw-gt-bluehdi-130-eat8-ses-station-wagon/184394637,€ 24.850,Usato,Marzo 2024,205 km,Diesel - Euro 6,Automatico,Unico proprietario,Pozzuoli (NA)
Peugeot 308 BlueHDi 130 S&S EAT8 SW GT Pack,https://www.automobile.it/chieti-peugeot-308-bluehdi-130-s-s-eat8-sw-gt-pack/181998626,€ 24.900,Aziendale,Febbraio 2023,27.000 km,Diesel - Euro 6,Automatico,Unico proprietario,Chieti (CH)
Peugeot 308 SW 1.5 bluehdi Allure s&s 130cv eat8,https://www.automobile.it/albavilla-peugeot-308-sw-1-5-bluehdi-allure-s-s-130cv-eat8/183165923,€ 24.900,Usato,Novembre 2024,32.760 km,Diesel - Euro 6,Automatico,,Albavilla (CO)
"PEUGEOT 308 Hybrid 145 e-DCS6 GT da ?249,00 mensili",https://www.automobile.it/somma-vesuviana-peugeot-308-hybrid-145-dcs6-gt-249-00-mensili/184540727,€ 24.900,Usato,Marzo 2025,31.676 km,Ibrido - Euro 6,Automatico,,Somma Vesuviana (NA)
Peugeot 308 308 1.2 hybrid Allure 136cv e-dcs 6,https://www.automobile.it/san-giovanni-teatino-peugeot-308-308-1-2-hybrid-allure-136cv-dcs-6/184311684,€ 24.900,Usato,Settembre 2025,9.665 km,Ibrido,Automatico,Unico proprietario,San Giovanni Teatino (CH)
PEUGEOT 308 3ª serie 308 Hybrid 136 e-DCS6 GT,https://www.automobile.it/beinasco-peugeot-308-3-serie-308-hybrid-136-dcs6-gt/184002956,€ 24.900,Usato,2025,26.400 km,Ibrido - Euro 6,Automatico,,Beinasco (TO)
Peugeot 308 1.5 BlueHDi 130 CV Automatica,https://www.automobile.it/villacidro-peugeot-308-1-5-bluehdi-130-cv-automatica/184664105,€ 24.990,Usato,Ottobre 2023,13 km,Diesel - Euro 6,Automatico,,Villacidro (VS)
PEUGEOT 308 Hybrid 145 e-DCS6 SW GT,https://www.automobile.it/san-paolo-d-argon-peugeot-308-hybrid-145-dcs6-sw-gt/183298865,€ 25.900,Usato,Marzo 2025,15.500 km,Ibrido,Automatico,,San Paolo d'Argon (BG)
Peugeot 308 Hybrid 145 e-DCS6 Allure KM0,https://www.automobile.it/trapani-peugeot-308-hybrid-145-dcs6-allure-km0/182528799,€ 25.900,KM 0,Gennaio 2025,Benzina - Euro 6,135 CV (100 KW),Automatico,,Trapani (TP)
Peugeot 308 BL - Hybrid 145,https://www.automobile.it/ceccano-peugeot-308-bl-hybrid-145/183452482,€ 25.900,Usato,Giugno 2025,200 km,Ibrido - Euro 6,Automatico,,Ceccano (FR)
Peugeot 308 308 1.6 hybrid phev Allure 180cv e-eat8,https://www.automobile.it/barzago-peugeot-308-308-1-6-hybrid-phev-allure-180cv-eat8/183123743,€ 25.900,Usato,Giugno 2024,18.506 km,Ibrido - Euro 6,Automatico,,Barzago (LC)
Peugeot 308 BlueHDi 130 S&S EAT8 Allure,https://www.automobile.it/teverola-peugeot-308-bluehdi-130-s-s-eat8-allure/177903025,€ 25.900,KM 0,Giugno 2024,Diesel - Euro 6,130 CV (96 KW),Automatico,,Teverola (CE)
Peugeot 308 BlueHDi 130 S&S EAT8 Allure,https://www.automobile.it/teverola-peugeot-308-bluehdi-130-s-s-eat8-allure/178247911,€ 25.900,KM 0,Giugno 2024,Diesel - Euro 6,130 CV (96 KW),Automatico,,Teverola (CE)
PEUGEOT 308 SW - BlueHDi 130 S&S EAT8 Allure,https://www.automobile.it/portogruaro-peugeot-308-sw-bluehdi-130-s-s-eat8-allure/183525550,€ 26.000,Dimostrativo,Febbraio 2025,25.438 km,Diesel - Euro 6,Automatico,,Portogruaro (VE)
PEUGEOT 308 3 serie - 308 BlueHDi 130 S&S EAT8 SW,https://www.automobile.it/misterbianco-peugeot-308-3-serie-308-bluehdi-130-s-s-eat8-sw/183934635,€ 26.000,Usato,Marzo 2024,15.593 km,Diesel,Automatico,,Misterbianco (CT)
Peugeot 308 GT PureTech 130 EAT8 S&S,https://www.automobile.it/massa-peugeot-308-gt-puretech-130-eat8-s-s/184223409,€ 26.000,KM 0,Gennaio 2025,Benzina - Euro 6,130 CV (96 KW),Automatico,,Massa (MS)
Peugeot 308 SW GT Hybrid 145 e-DCS6,https://www.automobile.it/prato-peugeot-308-sw-gt-hybrid-145-dcs6/183454970,€ 26.500,Usato,Marzo 2025,10.521 km,Ibrido - Euro 6,Automatico,,Prato (PO)
Peugeot 308 Nuova e- FIRST EDITION,https://www.automobile.it/albavilla-peugeot-308-nuova-first-edition/182313655,€ 26.500,KM 0,Dicembre 2023,Elettrico - Euro 6,156 CV (115 KW),Manuale,,Albavilla (CO)
PEUGEOT 308 Hybrid 145 e-DCS6 GT,https://www.automobile.it/messina-peugeot-308-hybrid-145-dcs6-gt/184445272,€ 26.500,Usato,Novembre 2025,7.000 km,Ibrido - Euro 6,Automatico,,Messina (ME)
PEUGEOT 308 BlueHDi 130 S&S EAT8 SW GT,https://www.automobile.it/legnago-peugeot-308-bluehdi-130-s-s-eat8-sw-gt/183794061,€ 26.600,Usato,Marzo 2023,32.600 km,Diesel,Automatico,Unico proprietario,Legnago (VR)
Peugeot 308 1.5 BlueHDI 130CV Allure EAT8,https://www.automobile.it/barzago-peugeot-308-1-5-bluehdi-130cv-allure-eat8/184422412,€ 26.829,KM 0,Marzo 2025,Diesel,130 CV (96 KW),Automatico,,Barzago (LC)
Peugeot 308 1.5 BlueHDI 130CV Allure EAT8,https://www.automobile.it/meda-peugeot-308-1-5-bluehdi-130cv-allure-eat8/182797127,€ 26.829,KM 0,Marzo 2025,Diesel,130 CV (96 KW),Automatico,,Meda (MB)
Peugeot 308 1.5 BlueHDI 130CV Allure EAT8,https://www.automobile.it/sala-bolognese-peugeot-308-1-5-bluehdi-130cv-allure-eat8/184422189,€ 26.829,KM 0,Marzo 2025,Diesel,130 CV (96 KW),Automatico,,Sala Bolognese (BO)
Peugeot 308 1.5 BlueHDI 130CV Allure EAT8,https://www.automobile.it/milano-peugeot-308-1-5-bluehdi-130cv-allure-eat8/184422238,€ 26.829,KM 0,Marzo 2025,Diesel,130 CV (96 KW),Automatico,,Milano (MI)
Peugeot 308 1.5 BlueHDI 130CV Allure EAT8,https://www.automobile.it/roma-peugeot-308-1-5-bluehdi-130cv-allure-eat8/184422698,€ 26.829,KM 0,Marzo 2025,Diesel,130 CV (96 KW),Automatico,,Roma (RM)
Peugeot 308 1.5 BlueHDI 130CV Allure EAT8,https://www.automobile.it/curno-peugeot-308-1-5-bluehdi-130cv-allure-eat8/184422604,€ 26.829,KM 0,Marzo 2025,Diesel,130 CV (96 KW),Automatico,,Curno (BG)
Peugeot 308 1.5 BlueHDI 130CV Allure EAT8,https://www.automobile.it/san-giorgio-bosco-peugeot-308-1-5-bluehdi-130cv-allure-eat8/182668267,€ 26.829,KM 0,Marzo 2025,Diesel,130 CV (96 KW),Automatico,,San Giorgio in Bosco (PD)
Peugeot 308 III 2021 SW SW 1.5 bluehdi GT s&s 130cv eat8,https://www.automobile.it/rende-peugeot-308-iii-2021-sw-sw-1-5-bluehdi-gt-s-s-130cv-eat8/183679127,€ 27.000,Usato,Giugno 2024,19.284 km,Diesel - Euro 6,Automatico,,Rende (CS)
PEUGEOT 308 1.2 Hybrid 145 e-DCS6 STYLE,https://www.automobile.it/perugia-peugeot-308-1-2-hybrid-145-dcs6-style/180156381,€ 27.240,Nuovo,Ibrido - Euro 6,145 CV (107 KW),Automatico,,,Perugia (PG)
Peugeot 308 Business BlueHDi 130 EAT8 S&S,https://www.automobile.it/monopoli-peugeot-308-business-bluehdi-130-eat8-s-s/184485210,€ 27.250,KM 0,Settembre 2026,Diesel - Euro 6,130 CV (96 KW),Automatico,,Monopoli (BA)
Peugeot 308 Hybrid 145 e-DCS6 GT,https://www.automobile.it/palermo-peugeot-308-hybrid-145-dcs6-gt/184529192,€ 27.800,Usato,Novembre 2025,3.632 km,Ibrido - Euro 6,Automatico,,Palermo (PA)
PEUGEOT 308 BlueHDi 130 S&S EAT8 GT,https://www.automobile.it/barletta-peugeot-308-bluehdi-130-s-s-eat8-gt/183639990,€ 27.820,Nuovo,Diesel - Euro 6,130 CV (96 KW),Semiautomatico,,,Barletta (BT)
Peugeot 308 1.5 BLUEHDI EAT8 GT,https://www.automobile.it/muggio-peugeot-308-1-5-bluehdi-eat8-gt/182018777,€ 27.900,Nuovo,Diesel - Euro 6,130 CV (96 KW),Automatico,,,Muggiò (MB)
Peugeot 308 Hybrid 145 e-DCS6 Allure KM0,https://www.automobile.it/trapani-peugeot-308-hybrid-145-dcs6-allure-km0/182519138,€ 27.900,KM 0,Dicembre 2025,Benzina - Euro 6,135 CV (100 KW),Automatico,,Trapani (TP)
Peugeot 308 BL - Hybrid 145,https://www.automobile.it/ceccano-peugeot-308-bl-hybrid-145/183612023,€ 27.900,KM 0,Aprile 2026,Ibrido - Euro 6,145 CV (107 KW),Automatico,,Ceccano (FR)
Peugeot 308 BlueHDi 130 S&S EAT8 Allure,https://www.automobile.it/riposto-peugeot-308-bluehdi-130-s-s-eat8-allure/184538874,€ 27.900,Dimostrativo,Luglio 2025,0 km,Diesel - Euro 6,Automatico,,Riposto (CT)
Peugeot 308 SW HDi 130 EAT8 GT - NUOVO E KM ZERO,https://www.automobile.it/senigallia-peugeot-308-sw-hdi-130-eat8-gt-nuovo-km-zero/183226033,€ 27.990,KM 0,Marzo 2026,Diesel - Euro 6,130 CV (96 KW),Semiautomatico,,Senigallia (AN)
PEUGEOT 308 SW 1.2 Hybrid 145 e-DCS6 STYLE,https://www.automobile.it/perugia-peugeot-308-sw-1-2-hybrid-145-dcs6-style/179853260,€ 28.240,Nuovo,Ibrido - Euro 6,145 CV (107 KW),Automatico,,,Perugia (PG)
Peugeot 308 BlueHDi 130 S&S EAT8 SW Allure,https://www.automobile.it/misano-adriatico-peugeot-308-bluehdi-130-s-s-eat8-sw-allure/184459200,€ 28.400,Usato,Ottobre 2025,10 km,Diesel - Euro 6,Automatico,,Misano Adriatico (RN)
PEUGEOT Nuova 308 Allure - BlueHDi 130cv EAT8,https://www.automobile.it/campobasso-peugeot-nuova-308-allure-bluehdi-130cv-eat8/183055552,€ 28.500,Nuovo,Diesel - Euro 6,130 CV (96 KW),Automatico,,,Campobasso (CB)
Peugeot 308 BlueHDi 130 S&S SW Allure Pack,https://www.automobile.it/canelli-peugeot-308-bluehdi-130-s-s-sw-allure-pack/184518587,€ 28.500,Aziendale,Giugno 2022,70 km,Diesel - Euro 6,Manuale,Unico proprietario,Canelli (AT)
Peugeot 308 SW 1.5 bluehdi GT s&s 130cv eat8,https://www.automobile.it/montagna-valtellina-peugeot-308-sw-1-5-bluehdi-gt-s-s-130cv-eat8/184325878,€ 28.900,Nuovo,Diesel - Euro 6,130 CV (96 KW),Automatico,,,Montagna in Valtellina (SO)
Peugeot 308 GT Electric 156CV Automatico,https://www.automobile.it/caserta-peugeot-308-gt-electric-156cv-automatico/184423812,€ 28.900,KM 0,Gennaio 2026,Elettrico - Euro 6,84 CV (62 KW),Automatico,,Caserta (CE)
Peugeot 308 1.5 bluehdi gt s&s 130cv eat8,https://www.automobile.it/padova-peugeot-308-1-5-bluehdi-gt-s-s-130cv-eat8/184252179,€ 28.990,Usato,Gennaio 2026,3.927 km,Altro,Automatico,,Padova (PD)
PEUGEOT 308 BL - Hybrid 145 e-DCS6 GT,https://www.automobile.it/arezzo-peugeot-308-bl-hybrid-145-dcs6-gt/183655029,€ 29.480,Nuovo,Ibrido - Euro 6,144 CV (106 KW),Automatico,,,Arezzo (AR)
PEUGEOT 308 BL - Hybrid 145 e-DCS6 GT,https://www.automobile.it/arezzo-peugeot-308-bl-hybrid-145-dcs6-gt/183655052,€ 29.480,Nuovo,Ibrido - Euro 6,144 CV (106 KW),Automatico,,,Arezzo (AR)
PEUGEOT 308 BL - Hybrid 145 e-DCS6 GT,https://www.automobile.it/sesto-fiorentino-peugeot-308-bl-hybrid-145-dcs6-gt/183655099,€ 29.480,Nuovo,Ibrido - Euro 6,144 CV (106 KW),Automatico,,,Sesto Fiorentino (FI)
PEUGEOT 308 BL - Hybrid 145 e-DCS6 GT,https://www.automobile.it/sesto-fiorentino-peugeot-308-bl-hybrid-145-dcs6-gt/183655100,€ 29.480,Nuovo,Ibrido - Euro 6,144 CV (106 KW),Automatico,,,Sesto Fiorentino (FI)
PEUGEOT 308 BL - Hybrid 145 e-DCS6 GT,https://www.automobile.it/sesto-fiorentino-peugeot-308-bl-hybrid-145-dcs6-gt/183655085,€ 29.480,Nuovo,Ibrido - Euro 6,144 CV (106 KW),Automatico,,,Sesto Fiorentino (FI)
PEUGEOT 308 BL - Hybrid 145 e-DCS6 GT,https://www.automobile.it/arezzo-peugeot-308-bl-hybrid-145-dcs6-gt/183655027,€ 29.480,Nuovo,Ibrido - Euro 6,144 CV (106 KW),Automatico,,,Arezzo (AR)
PEUGEOT 308 1.2 Hybrid 145 e-DCS6 ALLURE,https://www.automobile.it/perugia-peugeot-308-1-2-hybrid-145-dcs6-allure/179534316,€ 29.640,Nuovo,Ibrido - Euro 6,145 CV (107 KW),Automatico,,,Perugia (PG)
Peugeot 308 BlueHDi 130 S&S EAT8 SW GT,https://www.automobile.it/palermo-peugeot-308-bluehdi-130-s-s-eat8-sw-gt/181868272,€ 29.800,KM 0,Settembre 2025,Diesel - Euro 6,130 CV (96 KW),Automatico,,Palermo (PA)
PEUGEOT 308 BL - BlueHDI 130 S&S EAT8 GT,https://www.automobile.it/ancona-peugeot-308-bl-bluehdi-130-s-s-eat8-gt/183877885,€ 29.900,Aziendale,Maggio 2026,0 km,Diesel - Euro 6,Semiautomatico,,Ancona (AN)
Peugeot 308 BlueHDi 130 S&S EAT8 SW Allure,https://www.automobile.it/trapani-peugeot-308-bluehdi-130-s-s-eat8-sw-allure/182552011,€ 29.900,KM 0,Luglio 2025,Diesel - Euro 6,130 CV (96 KW),Automatico,,Trapani (TP)
Peugeot 308 Plug-in Hybrid 195 e-DCS7 GT,https://www.automobile.it/caserta-peugeot-308-plug-hybrid-195-dcs7-gt/184402436,€ 29.900,KM 0,Novembre 2025,Ibrido - Euro 6,149 CV (110 KW),Automatico,,Caserta (CE)
Peugeot 308 SW - PureTech 130 S&S EAT8 GT,https://www.automobile.it/alessandria-peugeot-308-sw-puretech-130-s-s-eat8-gt/184435182,€ 29.900,KM 0,Settembre 2024,Benzina - Euro 6,130 CV (96 KW),Automatico,,Alessandria (AL)
Peugeot 308 sw 1.5 bluehdi gt s&s 130cv eat8,https://www.automobile.it/padova-peugeot-308-sw-1-5-bluehdi-gt-s-s-130cv-eat8/184252177,€ 29.900,Usato,Luglio 2025,1.458 km,Altro,Automatico,,Padova (PD)
PEUGEOT 308 BlueHDi 130 S&S EAT8 Allure AT8,https://www.automobile.it/perugia-peugeot-308-bluehdi-130-s-s-eat8-allure-at8/180156375,€ 29.970,Nuovo,Diesel - Euro 6,130 CV (96 KW),Automatico,,,Perugia (PG)
