Annuncio,Prezzo,Tipologia,Immatricolazione,Chilometraggio,Carburante,Cambio,Classe Euro,Località,Provincia,Venditore,Link
Peugeot 308 Allure BlueHDi 130 EAT8 S&S aut.,13900,Usato,11/2022,109822 Km,Diesel,Automatico,Euro 6,Sala Consilina,SA,Rivenditore,https://www.subito.it/auto/peugeot-308-allure-bluehdi-130-eat8-s-s-aut-salerno-664016257.htm
Peugeot 308 1.2 puretech t Allure Pack s&s 130cv,16200,Usato,09/2022,60122 Km,Benzina,Manuale,Euro 6,Roma,RM,Rivenditore,https://www.subito.it/auto/peugeot-308-1-2-puretech-t-allure-pack-s-s-130cv-roma-664015642.htm
PEUGEOT 308 BlueHDi 130 S&S EAT8 SW Allure,19950,Usato,11/2024,45000 Km,Diesel,Sequenziale,Euro 6d-TEMP,Vinovo,TO,Privato,https://www.subito.it/auto/peugeot-308-bluehdi-130-s-s-eat8-sw-allure-torino-641694132.htm
PEUGEOT 308 PureTech Turbo 130 S&S Allure,16990,Usato,02/2024,24125 Km,Benzina,Manuale,Euro 6,Corato,BA,Rivenditore,https://www.subito.it/auto/peugeot-308-puretech-turbo-130-s-s-allure-bari-661335029.htm
Peugeot 308 BlueHDi 130 manuale SW Allure Pack,13990,Usato,01/2023,150000 Km,Diesel,Manuale,Euro 6,Manduria,TA,Rivenditore,https://www.subito.it/auto/peugeot-308-bluehdi-130-manuale-sw-allure-pack-taranto-662821434.htm
Peugeot 308 1.2 PureTech 130 S&S Allure Pack 2022 ,18900,Usato,09/2022,45444 Km,Benzina,Manuale,Euro 6,Torre del Greco,NA,Rivenditore,https://www.subito.it/auto/peugeot-308-1-2-puretech-130-s-s-allure-pack-2022-napoli-664003414.htm
Peugeot 308 Active Pack PureTech 130 S&S,14850,Usato,09/2022,51695 Km,Benzina,Manuale,,Sesto San Giovanni,MI,Rivenditore,https://www.subito.it/auto/peugeot-308-active-pack-puretech-130-s-s-milano-654715043.htm
PEUGEOT 308 3ª serie - 308 BlueHDi 130 S&S EAT8 SW,24900,Usato,03/2024,15593 Km,Diesel,Sequenziale,Euro 6,Misterbianco,CT,Rivenditore,https://www.subito.it/auto/peugeot-308-3-serie-308-bluehdi-130-s-s-eat8-sw-catania-659542541.htm
Peugeot 308 BlueHDi 130 S&S EAT8 SW Allure,17800,Usato,04/2023,44000 Km,Diesel,Automatico,Euro 6,La Loggia,TO,Rivenditore,https://www.subito.it/auto/peugeot-308-bluehdi-130-s-s-eat8-sw-allure-torino-662972320.htm
Peugeot 308 GT PureTech 130 EAT8 S&S,26000,Km0,01/2025,,Benzina,Automatico,Euro 6d-TEMP,Massa,MS,Rivenditore,https://www.subito.it/auto/peugeot-308-gt-puretech-130-eat8-s-s-massa-carrara-656032915.htm
PEUGEOT 308 BlueHDi 130 S&S EAT8 SW GT,14500,Usato,06/2022,147000 Km,Diesel,Sequenziale,Euro 6d-TEMP,Avigliana,TO,Privato,https://www.subito.it/auto/peugeot-308-bluehdi-130-s-s-eat8-sw-gt-torino-645179602.htm
Peugeot 308 Active Pack PureTech 130 S&S,14900,Usato,09/2022,60191 Km,Benzina,Manuale,,Torino,TO,Rivenditore,https://www.subito.it/auto/peugeot-308-active-pack-puretech-130-s-s-torino-654915663.htm
Peugeot 308 PureTech Turbo 130 S&S SW Allure,14590,Usato,03/2024,70000 Km,Benzina,Manuale,Euro 6,Roma,RM,Rivenditore,https://www.subito.it/auto/peugeot-308-puretech-turbo-130-s-s-sw-allure-roma-656573495.htm
Peugeot 308 SW BlueHdi Automatica Allure Pack 2022,18490,Usato,12/2022,86000 Km,Diesel,Automatico,Euro 6,Settimo San Pietro,CA,Rivenditore,https://www.subito.it/auto/peugeot-308-sw-bluehdi-automatica-allure-pack-2022-cagliari-663042718.htm
Peugeot 308 SW BlueHDi 130 EAT8 Allure Pack 2022,19990,Usato,11/2022,40900 Km,Diesel,Automatico,Euro 6,Settimo San Pietro,CA,Rivenditore,https://www.subito.it/auto/peugeot-308-sw-bluehdi-130-eat8-allure-pack-2022-cagliari-657020257.htm
Peugeot 308 Active Pack PureTech 130 S&S,14490,Usato,09/2022,63723 Km,Benzina,Manuale,,Bergamo,BG,Rivenditore,https://www.subito.it/auto/peugeot-308-active-pack-puretech-130-s-s-bergamo-654806601.htm
Peugeot 308 BlueHDi 130 S&S EAT8 Allure,22600,Usato,07/2022,14265 Km,Diesel,Sequenziale,Euro 6e,Maglie,LE,Rivenditore,https://www.subito.it/auto/peugeot-308-bluehdi-130-s-s-eat8-allure-lecce-651275007.htm
PEUGEOT 308 BlueHDi 130 S&S Active Pack,17900,Usato,06/2022,75000 Km,Diesel,Manuale,Euro 6,Baiano,AV,Rivenditore,https://www.subito.it/auto/peugeot-308-bluehdi-130-s-s-active-pack-avellino-663707542.htm
PEUGEOT 308 BlueHDi 130 S&S EAT8 Allure Pack,15900,Usato,12/2022,99000 Km,Diesel,Automatico,Euro 6,Cerignola,FG,Rivenditore,https://www.subito.it/auto/peugeot-308-bluehdi-130-s-s-eat8-allure-pack-foggia-656049484.htm
PEUGEOT 308 1.5 bluehdi Allure Pack s&s 130cv ea,16100,Usato,11/2022,89763 Km,Diesel,Automatico,Euro 6,Torino,TO,Rivenditore,https://www.subito.it/auto/peugeot-308-1-5-bluehdi-allure-pack-s-s-130cv-ea-torino-659567296.htm
PEUGEOT 308 1.5 bluehdi Sw GT 130 cv eat8,22900,Usato,05/2025,42000 Km,Diesel,Automatico,Euro 6,Perugia,PG,Rivenditore,https://www.subito.it/auto/peugeot-308-1-5-bluehdi-sw-gt-130-cv-eat8-perugia-661269625.htm
Peugeot 308 Hybrid 145 e-DCS6 GT,22900,Usato,12/2025,28900 Km,Mild Hybrid Benzina,Automatico,Euro 6,Premariacco,UD,Rivenditore,https://www.subito.it/auto/peugeot-308-hybrid-145-e-dcs6-gt-udine-663986843.htm
Peugeot 308 1.5 BlueHDi 130cv EAT8 Allure Pack,17900,Usato,03/2024,109000 Km,Diesel,Automatico,Euro 6,Orta Nova,FG,Rivenditore,https://www.subito.it/auto/peugeot-308-1-5-bluehdi-130cv-eat8-allure-pack-foggia-652778629.htm
Peugeot 308 1.5 BlueHDi EAT8 12/2022,14999,Usato,12/2022,95000 Km,Diesel,Sequenziale,Euro 6,Giugliano in Campania,NA,Rivenditore,https://www.subito.it/auto/peugeot-308-1-5-bluehdi-eat8-12-2022-napoli-663985491.htm
PEUGEOT 308 HYBRID 145 E-DCS6 ALLURE,22040,Usato,01/2025,17972 Km,Ibrida,Automatico,Euro 6,Cassola,VI,Rivenditore,https://www.subito.it/auto/peugeot-308-hybrid-145-e-dcs6-allure-vicenza-659570541.htm
Peugeot 308 GT BlueHDi 130 EAT8 S&S,15500,Usato,03/2023,80431 Km,Diesel,Automatico,Euro 6,Asti,AT,Rivenditore,https://www.subito.it/auto/peugeot-308-gt-bluehdi-130-eat8-s-s-asti-662055741.htm
Peugeot 308 1.2 puretech t Allure Pack s&s 130cv e,16900,Usato,08/2023,39900 Km,Benzina,Automatico,Euro 4,Cosenza,CS,Rivenditore,https://www.subito.it/auto/peugeot-308-1-2-puretech-t-allure-pack-s-s-130cv-e-cosenza-662516095.htm
PEUGEOT 308 iii 2021 308 1.2 puretech t Allure Pac,17482,Usato,04/2023,49927 Km,Benzina,Automatico,Euro 6,Barzago,LC,Rivenditore,https://www.subito.it/auto/peugeot-308-iii-2021-308-1-2-puretech-t-allure-pac-lecco-661134512.htm
Peugeot 308 Allure Pack PureTech 130 EAT8 S&S...,17900,Usato,03/2023,27025 Km,Benzina,Automatico,,Roma,RM,Rivenditore,https://www.subito.it/auto/peugeot-308-allure-pack-puretech-130-eat8-s-s-roma-660080256.htm
PEUGEOT 308 1.5 HDI 130 CV. S.W. E6 ALLURE PAK PER,15490,Usato,06/2022,103214 Km,Diesel,Manuale,Euro 6,Andria,BT,Rivenditore,https://www.subito.it/auto/peugeot-308-1-5-hdi-130-cv-s-w-e6-allure-pak-per-barletta-andria-trani-662995860.htm
Peugeot 308 SW GT BlueHDi 130 EAT8 SPOTICAR,20700,Usato,04/2023,56200 Km,Diesel,Sequenziale,Euro 6,Bagnaria Arsa,UD,Rivenditore,https://www.subito.it/auto/peugeot-308-sw-gt-bluehdi-130-eat8-spoticar-udine-663976171.htm
Peugeot 308 BlueHDi 130 S&S EAT8 Allure,17500,Usato,06/2022,73390 Km,Diesel,Automatico,Euro 6,Casalnuovo di Napoli,NA,Rivenditore,https://www.subito.it/auto/peugeot-308-bluehdi-130-s-s-eat8-allure-napoli-663974785.htm
PEUGEOT 308 BlueHDi 130 S&S EAT8 SW Allure,15950,Usato,11/2022,72459 Km,Diesel,Automatico,Euro 6,Moimacco,UD,Rivenditore,https://www.subito.it/auto/peugeot-308-bluehdi-130-s-s-eat8-sw-allure-udine-663967048.htm
PEUGEOT 308 1.5 ALLURE 150cv GPL Android/Carpla,18300,Usato,04/2024,12077 Km,Benzina/Gpl,Manuale,Euro 6,Roma,RM,Rivenditore,https://www.subito.it/auto/peugeot-308-1-5-allure-150cv-gpl-android-carpla-roma-663966711.htm
PEUGEOT 308 ALLURE 1.2 PureTech 130cv GPL 360CAM,18300,Usato,04/2024,14778 Km,Benzina/Gpl,Manuale,Euro 6,Roma,RM,Rivenditore,https://www.subito.it/auto/peugeot-308-allure-1-2-puretech-130cv-gpl-360cam-roma-663966571.htm
PEUGEOT 308 ALLURE 1.5d 130cv GPL Android/Carpla,18300,Usato,04/2024,13829 Km,Benzina/Gpl,Manuale,Euro 6,Roma,RM,Rivenditore,https://www.subito.it/auto/peugeot-308-allure-1-5d-130cv-gpl-android-carpla-roma-663966515.htm
PEUGEOT 308 ALLURE 1.2 PureTech 130cv GPL 360CAM,18300,Usato,04/2024,13735 Km,Benzina/Gpl,Manuale,Euro 6,Roma,RM,Rivenditore,https://www.subito.it/auto/peugeot-308-allure-1-2-puretech-130cv-gpl-360cam-roma-663965541.htm
PEUGEOT 308 iii 2021 sw 308 SW 1.2 hybrid GT 136cv,20601,Usato,03/2025,24112 Km,Ibrida,Automatico,Euro 6,Roma,RM,Rivenditore,https://www.subito.it/auto/peugeot-308-iii-2021-sw-308-sw-1-2-hybrid-gt-136cv-roma-663950850.htm
Peugeot 308 GT,19500,Usato,02/2022,70000 Km,Diesel,Automatico,Euro 6d-TEMP,Cremona,CR,Privato,https://www.subito.it/auto/peugeot-308-gt-cremona-663948131.htm
PEUGEOT NEW 308 ALLURE 1.5 130CV NAVY Led CAM 2023,15990,Usato,01/2023,133000 Km,Diesel,Automatico,Euro 6,Manduria,TA,Rivenditore,https://www.subito.it/auto/peugeot-new-308-allure-1-5-130cv-navy-led-cam-2023-taranto-663945254.htm
Peugeot 308 SW AUTOCARRO 1.5 bluehdi IVA COMPRESA,20740,Usato,02/2024,155000 Km,Diesel,Sequenziale,Euro 6d-TEMP,Potenza,PZ,Privato,https://www.subito.it/auto/peugeot-308-sw-autocarro-1-5-bluehdi-iva-compresa-potenza-663940371.htm
PEUGEOT 308 BlueHDi 130 S&S EAT8 Allure Pack,18990,Usato,07/2022,73577 Km,Diesel,Sequenziale,Euro 6,Barletta,BT,Rivenditore,https://www.subito.it/auto/peugeot-308-bluehdi-130-s-s-eat8-allure-pack-barletta-andria-trani-661269935.htm
Peugeot 308 1.5 BlueHDi 130 CV Automatica,24990,Usato,10/2023,13 Km,Diesel,Automatico,Euro 6,Villacidro,VS,Rivenditore,https://www.subito.it/auto/peugeot-308-1-5-bluehdi-130-cv-automatica-medio-campidano-663937481.htm
PEUGEOT 308 ALLURE 1.5 DIESEL 12/2022,15500,Usato,12/2022,165000 Km,Diesel,Automatico,Euro 6,Cardito,NA,Rivenditore,https://www.subito.it/auto/peugeot-308-allure-1-5-diesel-12-2022-napoli-661807991.htm
Peugeot 308 BlueHDi 130 S&S EAT8 SW GT,17500,Usato,10/2022,89000 Km,Diesel,Automatico,Euro 6d-TEMP,Parma,PR,Rivenditore,https://www.subito.it/auto/peugeot-308-bluehdi-130-s-s-eat8-sw-gt-parma-663125538.htm
Peugeot 308 BlueHDi 130 S&S EAT8 Pack GT,16500,Usato,12/2022,76281 Km,Diesel,Sequenziale,Euro 6,Napoli,NA,Rivenditore,https://www.subito.it/auto/peugeot-308-bluehdi-130-s-s-eat8-pack-gt-napoli-663931407.htm
PEUGEOT 308 iii 2021 308 1.2 puretech t Allure Pac,17482,Usato,04/2023,49927 Km,Benzina,Automatico,Euro 6,Curno,BG,Rivenditore,https://www.subito.it/auto/peugeot-308-iii-2021-308-1-2-puretech-t-allure-pac-bergamo-661134448.htm
PEUGEOT 308 III - 308 1.2 puretech t GT Pac U53319,21500,Usato,12/2022,69471 Km,Benzina/Gpl,Automatico,Euro 6,Reggio nell'Emilia,RE,Rivenditore,https://www.subito.it/auto/peugeot-308-iii-308-1-2-puretech-t-gt-pac-u53319-reggio-emilia-649779949.htm
Peugeot 308 BlueHDi 130 S&S EAT8 SW Allure Pack,12500,Usato,09/2022,159000 Km,Diesel,Automatico,Euro 6,Udine,UD,Rivenditore,https://www.subito.it/auto/peugeot-308-bluehdi-130-s-s-eat8-sw-allure-pack-udine-658658777.htm
Peugeot 308 BL - Hybrid 145,25900,Usato,06/2025,200 Km,Ibrida,Automatico,Euro 6,Ceccano,FR,Rivenditore,https://www.subito.it/auto/peugeot-308-bl-hybrid-145-frosinone-643885859.htm
Peugeot 308 SW 1.5 bluehdi Allure s&s 130cv eat8,24900,Usato,11/2024,32760 Km,Diesel,Automatico,Euro 6,Erba,CO,Rivenditore,https://www.subito.it/auto/peugeot-308-sw-1-5-bluehdi-allure-s-s-130cv-eat8-como-651125643.htm
Peugeot 308 1.5 BlueHDi 130 CV EAT8 SW Allure,17900,Usato,04/2023,79524 Km,Diesel,Automatico,Euro 6d-TEMP,Arezzo,AR,Rivenditore,https://www.subito.it/auto/peugeot-308-1-5-bluehdi-130-cv-eat8-sw-allure-arezzo-663620602.htm
PEUGEOT 308 SW 1.5 bluehdi Allure s - IVA ESPOSTA,14900,Usato,05/2023,99900 Km,Diesel,Automatico,Euro 6,Pistoia,PT,Rivenditore,https://www.subito.it/auto/peugeot-308-sw-1-5-bluehdi-allure-s-iva-esposta-pistoia-663925837.htm
Peugeot 308 1.5 bluehdi Allure s&s 130cv eat8,19900,Usato,11/2024,24500 Km,Diesel,Automatico,Euro 6,Milano,MI,Rivenditore,https://www.subito.it/auto/peugeot-308-1-5-bluehdi-allure-s-s-130cv-eat8-milano-661147620.htm
Peugeot 308 PureTech Turbo 130 S&S SW Active Pack,13999,Usato,02/2024,129889 Km,Benzina,Manuale,Euro 6,Modena,MO,Rivenditore,https://www.subito.it/auto/peugeot-308-puretech-turbo-130-s-s-sw-active-pack-modena-663922102.htm
Peugeot 308 Blue HDi 130 S&S EAT8 GT,20000,Usato,06/2022,37424 Km,Diesel,Automatico,Euro 6d,Pavullo nel Frignano,MO,Privato,https://www.subito.it/auto/peugeot-308-blue-hdi-130-s-s-eat8-gt-modena-663920457.htm
PEUGEOT 308 PureTech Turbo 130 S&S EAT8 GT,16970,Usato,02/2022,72356 Km,Benzina,Automatico,Euro 6,Erba,CO,Rivenditore,https://www.subito.it/auto/peugeot-308-puretech-turbo-130-s-s-eat8-gt-como-643685836.htm
PEUGEOT 308 iii 2021 308 1.2 puretech t Allure Pac,17552,Usato,12/2022,29307 Km,Benzina,Automatico,Euro 6,Curno,BG,Rivenditore,https://www.subito.it/auto/peugeot-308-iii-2021-308-1-2-puretech-t-allure-pac-bergamo-661134499.htm
Peugeot 308 1.5 BlueHDi 130 S&S EAT8 GT,17990,Usato,08/2022,80000 Km,Diesel,Automatico,Euro 6,Aversa,CE,Rivenditore,https://www.subito.it/auto/peugeot-308-1-5-bluehdi-130-s-s-eat8-gt-caserta-663915984.htm
Peugeot 308 BlueHDi 130 S&S EAT8 Allure Pack,22950,Usato,09/2023,25103 Km,Diesel,Automatico,Euro 6d-TEMP,Prato,PO,Rivenditore,https://www.subito.it/auto/peugeot-308-bluehdi-130-s-s-eat8-allure-pack-prato-659672523.htm
PEUGEOT 308 SW 1.2 puretech t Allure s&s 130cv eat,16990,Usato,05/2024,33963 Km,Benzina,Automatico,Euro 6,San Zeno Naviglio,BS,Rivenditore,https://www.subito.it/auto/peugeot-308-sw-1-2-puretech-t-allure-s-s-130cv-eat-brescia-658580222.htm
PEUGEOT 308 3ª serie 308 BlueHDi 130 S&S EAT8 Allu,17900,Usato,01/2023,82374 Km,Diesel,Automatico,Euro 6,Casalmoro,MN,Rivenditore,https://www.subito.it/auto/peugeot-308-3-serie-308-bluehdi-130-s-s-eat8-allu-mantova-663912309.htm
PEUGEOT 308 3ª serie 308 PureTech Turbo 130 S&S EA,16400,Usato,04/2024,71429 Km,Diesel,Automatico,Euro 6,Casalmoro,MN,Rivenditore,https://www.subito.it/auto/peugeot-308-3-serie-308-puretech-turbo-130-s-s-ea-mantova-663912143.htm
PEUGEOT 308 PURETECH TURBO 130 S&S EAT,17450,Usato,05/2024,32361 Km,Benzina,Automatico,Euro 6,Cassola,VI,Rivenditore,https://www.subito.it/auto/peugeot-308-puretech-turbo-130-s-s-eat-vicenza-660024805.htm
Peugeot SW 1.2 PureTech 130 CV S&S EAT8 GT – Elega,20900,Usato,02/2024,48039 Km,Benzina,Sequenziale,Euro 6,Carini,PA,Rivenditore,https://www.subito.it/auto/peugeot-sw-1-2-puretech-130-cv-s-s-eat8-gt-elega-palermo-656520918.htm
Peugeot 308 III 2021 SW - 308 SW 1.5 bluehd U92893,25900,Usato,10/2025,5 Km,Diesel,Automatico,Euro 6,Pisa,PI,Rivenditore,https://www.subito.it/auto/peugeot-308-iii-2021-sw-308-sw-1-5-bluehd-u92893-pisa-659540422.htm
"PEUGEOT 308 Hybrid 145 e-DCS6 GT da €249,00 mens",24900,Usato,03/2025,31676 Km,Ibrida,Automatico,Euro 6,Somma Vesuviana,NA,Rivenditore,https://www.subito.it/auto/peugeot-308-hybrid-145-e-dcs6-gt-da-249-00-mens-napoli-661997883.htm
Nuova Peugeot 308 130 EAT8 SW Allure Pack,16900,Usato,05/2023,89000 Km,Diesel,Automatico,Euro 6,Massafra,TA,Rivenditore,https://www.subito.it/auto/nuova-peugeot-308-130-eat8-sw-allure-pack-taranto-663659003.htm
PEUGEOT 308 BlueHDi 130 S&S EAT8 SW Allure Pack 20,15999,Usato,05/2022,65461 Km,Diesel,Automatico,Euro 6,Firenze,FI,Rivenditore,https://www.subito.it/auto/peugeot-308-bluehdi-130-s-s-eat8-sw-allure-pack-20-firenze-661031226.htm
Peugeot 308 BlueHDi 130CV S&S EAT8 Allure Pack,18500,Usato,03/2022,85000 Km,Diesel,Automatico,Euro 6,Massafra,TA,Rivenditore,https://www.subito.it/auto/peugeot-308-bluehdi-130cv-s-s-eat8-allure-pack-taranto-651854652.htm
Peugeot 308 GT Hybrid 145 e-DCS6 aut.,22900,Usato,04/2025,24123 Km,Benzina,Automatico,,Torino,TO,Rivenditore,https://www.subito.it/auto/peugeot-308-gt-hybrid-145-e-dcs6-aut-torino-659194501.htm
Peugeot 308 BlueHDi 130 EAT8 Allure+Lici Led+Cerch,17500,Usato,04/2022,123000 Km,Diesel,Automatico,Euro 6,Sava,TA,Rivenditore,https://www.subito.it/auto/peugeot-308-bluehdi-130-eat8-allure-lici-led-cerch-taranto-636615738.htm
Peugeot 308 1.2 puretech t Active Pack s&s 130cv,10900,Usato,01/2022,76814 Km,Benzina,Manuale,Euro 6d-TEMP,Albano Laziale,RM,Rivenditore,https://www.subito.it/auto/peugeot-308-1-2-puretech-t-active-pack-s-s-130cv-roma-662813762.htm
PEUGEOT 308 iii 2021 sw 308 SW 1.5 bluehdi GT s&s,23072,Usato,04/2025,8597 Km,Diesel,Automatico,Euro 6,Curno,BG,Rivenditore,https://www.subito.it/auto/peugeot-308-iii-2021-sw-308-sw-1-5-bluehdi-gt-s-s-bergamo-660271929.htm
Peugeot 308 GT Hybrid 180 e-EAT8 S&S aut.,23900,Usato,08/2024,3570 Km,Ibrida,Automatico,,Napoli,NA,Rivenditore,https://www.subito.it/auto/peugeot-308-gt-hybrid-180-e-eat8-s-s-aut-napoli-655483476.htm
Peugeot 308 Active Pack PureTech 130 S&S,14490,Usato,09/2022,67237 Km,Benzina,Manuale,,Milano,MI,Rivenditore,https://www.subito.it/auto/peugeot-308-active-pack-puretech-130-s-s-milano-654711811.htm
Peugeot 308 Active Pack PureTech 130 S&S,14850,Usato,09/2022,60361 Km,Benzina,Manuale,,Roma,RM,Rivenditore,https://www.subito.it/auto/peugeot-308-active-pack-puretech-130-s-s-roma-663892508.htm
Peugeot 308 Active Pack PureTech 130 S&S,14950,Usato,09/2022,50680 Km,Benzina,Manuale,,Roma,RM,Rivenditore,https://www.subito.it/auto/peugeot-308-active-pack-puretech-130-s-s-roma-662605968.htm
Peugeot 308 1.5 BLUEHDI 130CV EAT8UNIPRO' FATTURAB,18390,Usato,05/2022,70000 Km,Diesel,Automatico,Euro 6,Roma,RM,Rivenditore,https://www.subito.it/auto/peugeot-308-1-5-bluehdi-130cv-eat8unipro-fatturab-roma-655260431.htm
Peugeot 308 Active Pack PureTech 130 S&S,14400,Usato,09/2022,60474 Km,Benzina,Manuale,,Napoli,NA,Rivenditore,https://www.subito.it/auto/peugeot-308-active-pack-puretech-130-s-s-napoli-655482861.htm
PEUGEOT 308 ALLURE  145 CV,24500,Usato,05/2025,7000 Km,Mild Hybrid Benzina,Automatico,Euro 6d,Catania,CT,Privato,https://www.subito.it/auto/peugeot-308-allure-145-cv-catania-656259604.htm
PEUGEOT 308 1.5 BlueHDI 130 EAT8 Allure Pack,12800,Usato,12/2022,148000 Km,Diesel,Automatico,Euro 6,Taranto,TA,Rivenditore,https://www.subito.it/auto/peugeot-308-1-5-bluehdi-130-eat8-allure-pack-taranto-663454819.htm
Peugeot 308 PureTech Turbo 130 S&S EAT8 GT,21900,Usato,09/2023,25670 Km,Benzina,Automatico,Euro 6,Messina,ME,Rivenditore,https://www.subito.it/auto/peugeot-308-puretech-turbo-130-s-s-eat8-gt-messina-663883103.htm
Peugeot 308 1.5 diesel 130CV Allure Pack 2023,13999,Usato,01/2023,88000 Km,Diesel,Manuale,Euro 6,Napoli,NA,Rivenditore,https://www.subito.it/auto/peugeot-308-1-5-diesel-130cv-allure-pack-2023-napoli-663331476.htm
Peugeot 308 BlueHDi 130 S&S EAT8 SW GT,29800,Km0,09/2025,,Diesel,Automatico,Euro 6d-TEMP,Palermo,PA,Rivenditore,https://www.subito.it/auto/peugeot-308-bluehdi-130-s-s-eat8-sw-gt-palermo-650128952.htm
Peugeot 308 III 2021 SW SW 1.5 bluehdi GT s&s...,27000,Usato,06/2024,19284 Km,Diesel,Automatico,Euro 6,Rende,CS,Rivenditore,https://www.subito.it/auto/peugeot-308-iii-2021-sw-sw-1-5-bluehdi-gt-s-s-cosenza-647596581.htm
Peugeot 308 1.6 hybrid phev Allure Pack 180cv...,19900,Usato,06/2022,51000 Km,Ibrida,Automatico,Euro 6,Ragusa,RG,Rivenditore,https://www.subito.it/auto/peugeot-308-1-6-hybrid-phev-allure-pack-180cv-ragusa-659433018.htm
Peugeot 308 1.5 bluehdi Allure Pack s&s 130cv AUTO,18490,Usato,10/2023,67212 Km,Diesel,Automatico,Euro 6,Latina,LT,Rivenditore,https://www.subito.it/auto/peugeot-308-1-5-bluehdi-allure-pack-s-s-130cv-auto-latina-655293443.htm
Peugeot 308 1.2 puretech t Allure Pack s&s 130cv e,16900,Usato,08/2023,39900 Km,Benzina,Automatico,Euro 4,Reggio di Calabria,RC,Rivenditore,https://www.subito.it/auto/peugeot-308-1-2-puretech-t-allure-pack-s-s-130cv-e-reggio-calabria-663881156.htm
Peugeot 308 BlueHDi 130 S&S EAT8 SW Allure Pack,23500,Usato,05/2023,44000 Km,Diesel,Automatico,Euro 6,Bronte,CT,Rivenditore,https://www.subito.it/auto/peugeot-308-bluehdi-130-s-s-eat8-sw-allure-pack-catania-629012647.htm
Peugeot 308 BlueHDi 130 S&S EAT8 SW Style,11000,Usato,10/2026,90000 Km,Diesel,Manuale,Euro 6,Serramanna,VS,Rivenditore,https://www.subito.it/auto/peugeot-308-bluehdi-130-s-s-eat8-sw-style-medio-campidano-663438600.htm
Peugeot 308 Hybrid GT SINITRATA KM 3.000,7500,Usato,03/2025,3000 Km,Mild Hybrid Benzina,Automatico,Euro 6,Qualiano,NA,Rivenditore,https://www.subito.it/auto/peugeot-308-hybrid-gt-sinitrata-km-3-000-napoli-663452035.htm
Peugeot 308 SW SW GT BlueHDi 130 EAT8 S&S,21800,Usato,06/2024,41211 Km,Diesel,Automatico,,Milano,MI,Rivenditore,https://www.subito.it/auto/peugeot-308-sw-sw-gt-bluehdi-130-eat8-s-s-milano-661320408.htm
Peugeot 308 Active Pack PureTech 130 S&S,14900,Usato,09/2022,59008 Km,Benzina,Manuale,,Torino,TO,Rivenditore,https://www.subito.it/auto/peugeot-308-active-pack-puretech-130-s-s-torino-654915312.htm
PEUGEOT 308 PURETECH TURBO 130 S&S EAT,17090,Usato,05/2024,41235 Km,Benzina,Automatico,Euro 6,Cassola,VI,Rivenditore,https://www.subito.it/auto/peugeot-308-puretech-turbo-130-s-s-eat-vicenza-661936700.htm
PEUGEOT 308 iii 2021 308 1.6 hybrid Allure Pack 18,20423,Usato,03/2022,40986 Km,Ibrida,Automatico,Euro 6,San Giorgio in Bosco,PD,Rivenditore,https://www.subito.it/auto/peugeot-308-iii-2021-308-1-6-hybrid-allure-pack-18-padova-661917600.htm
PEUGEOT 308 1.5 BlueHDI 130 EAT8 Allure,27900,Km0,03/2026,,Diesel,Automatico,Euro 6,Taranto,TA,Rivenditore,https://www.subito.it/auto/peugeot-308-1-5-bluehdi-130-eat8-allure-taranto-661281111.htm
Peugeot 308 BlueHDi 130 S&S EAT8 SW Allure,15900,Usato,05/2023,108730 Km,Diesel,Automatico,Euro 6,Campobasso,CB,Rivenditore,https://www.subito.it/auto/peugeot-308-bluehdi-130-s-s-eat8-sw-allure-campobasso-662002978.htm
PEUGEOT 308 HYBRID 1.2 145CV S&S EAT8 SW GT,19900,Usato,03/2025,25700 Km,Ibrida,Sequenziale,Euro 6,Dolo,VE,Rivenditore,https://www.subito.it/auto/peugeot-308-hybrid-1-2-145cv-s-s-eat8-sw-gt-venezia-661936140.htm
Peugeot 308 SW SW Allure PureTech 130 EAT8 S&...,15490,Usato,02/2023,101285 Km,Benzina,Automatico,,Sesto San Giovanni,MI,Rivenditore,https://www.subito.it/auto/peugeot-308-sw-sw-allure-puretech-130-eat8-s-milano-654715156.htm
Peugeot 308 BlueHDi 130 S&S EAT8 GT Pack FULL OPTI,16500,Usato,02/2022,69000 Km,Diesel,Sequenziale,Euro 6,Olgiate Comasco,CO,Rivenditore,https://www.subito.it/auto/peugeot-308-bluehdi-130-s-s-eat8-gt-pack-full-opti-como-663482674.htm
PEUGEOT 308 iii 2021 sw 308 SW 1.2 hybrid GT 136cv,20601,Usato,03/2025,24112 Km,Ibrida,Automatico,Euro 6,Curno,BG,Rivenditore,https://www.subito.it/auto/peugeot-308-iii-2021-sw-308-sw-1-2-hybrid-gt-136cv-bergamo-663558383.htm
Peugeot 308 PureTech Turbo 130 S&S Active Pack,14900,Usato,05/2022,59700 Km,Benzina,Automatico,Euro 6,Bassano del Grappa,VI,Rivenditore,https://www.subito.it/auto/peugeot-308-puretech-turbo-130-s-s-active-pack-vicenza-663862094.htm
Peugeot 308 Active Pack PureTech 130 S&S,14900,Usato,09/2022,54523 Km,Benzina,Manuale,,Torino,TO,Rivenditore,https://www.subito.it/auto/peugeot-308-active-pack-puretech-130-s-s-torino-654915705.htm
PEUGEOT 308 1.5 bluehdi Allure s&s 130cv eat8,15600,Usato,11/2023,84404 Km,Diesel,Automatico,Euro 6,Porto Mantovano,MN,Rivenditore,https://www.subito.it/auto/peugeot-308-1-5-bluehdi-allure-s-s-130cv-eat8-mantova-656564158.htm
Peugeot 308 BlueHDi 130 S&S EAT8 Allure - 2023,16900,Usato,06/2023,124000 Km,Diesel,Sequenziale,Euro 6,Pietramelara,CE,Rivenditore,https://www.subito.it/auto/peugeot-308-bluehdi-130-s-s-eat8-allure-2023-caserta-662191633.htm
PEUGEOT 308 iii 2021 sw 308 SW 1.5 bluehdi GT s&s,22466,Usato,06/2024,29520 Km,Diesel,Automatico,Euro 6,San Giorgio in Bosco,PD,Rivenditore,https://www.subito.it/auto/peugeot-308-iii-2021-sw-308-sw-1-5-bluehdi-gt-s-s-padova-655921264.htm
Peugeot 308 BlueHDi 130 EAT8 S&S Allure,20490,Usato,05/2022,64157 Km,Diesel,Automatico,Euro 6,Ercolano,NA,Rivenditore,https://www.subito.it/auto/peugeot-308-bluehdi-130-eat8-s-s-allure-napoli-662869831.htm
PEUGEOT 308 1.5 BlueHDi EAT8 SW Active Pack C/GR,16400,Usato,11/2024,24728 Km,Diesel,Automatico,Euro 6,Vigevano,PV,Rivenditore,https://www.subito.it/auto/peugeot-308-1-5-bluehdi-eat8-sw-active-pack-c-gr-pavia-663834993.htm
PEUGEOT 308 BlueHDi 130 S&S EAT8 Allure,19900,Usato,06/2023,40805 Km,Diesel,Sequenziale,Euro 6,Ghilarza,OR,Rivenditore,https://www.subito.it/auto/peugeot-308-bluehdi-130-s-s-eat8-allure-oristano-663834600.htm
PEUGEOT 308 YC32123,17799,Usato,07/2022,48336 Km,Diesel,Automatico,Euro 6,Catania,CT,Rivenditore,https://www.subito.it/auto/peugeot-308-yc32123-catania-663832899.htm
PEUGEOT 308 BlueHDi 130 S&S EAT8 GT,28150,Km0,02/2026,,Diesel,Sequenziale,Euro 6,Ancona,AN,Rivenditore,https://www.subito.it/auto/peugeot-308-bluehdi-130-s-s-eat8-gt-ancona-663832745.htm
Peugeot 308 2022 1.5 blu- hdi,17000,Usato,07/2022,75000 Km,Diesel,Automatico,Euro 6d-TEMP,Bellano,LC,Privato,https://www.subito.it/auto/peugeot-308-2022-1-5-blu-hdi-lecco-663819923.htm
PEUGEOT 308 iii 2021 308 1.2 puretech t Allure Pac,17482,Usato,04/2023,49927 Km,Benzina,Automatico,Euro 6,Meda,MB,Rivenditore,https://www.subito.it/auto/peugeot-308-iii-2021-308-1-2-puretech-t-allure-pac-monza-663816615.htm
PEUGEOT 308 1.5 BLUEHDI ALLURE PACK AT8 131CV - FU,17999,Usato,11/2022,55000 Km,Diesel,Automatico,Euro 6,Brescello,RE,Rivenditore,https://www.subito.it/auto/peugeot-308-1-5-bluehdi-allure-pack-at8-131cv-fu-reggio-emilia-663808385.htm
PEUGEOT - 308 1.5 bluehdi Allure Pack s&s 130cv,17800,Usato,03/2022,79517 Km,Diesel,Automatico,Euro 6,Campolongo Maggiore,VE,Rivenditore,https://www.subito.it/auto/peugeot-308-1-5-bluehdi-allure-pack-s-s-130cv-venezia-637522062.htm
Peugeot 308 SW 1.2 hybrid GT 136cv e-dcs 6,20750,Usato,03/2025,29612 Km,Ibrida,Automatico,Euro 6d-TEMP,Romano di Lombardia,BG,Rivenditore,https://www.subito.it/auto/peugeot-308-sw-1-2-hybrid-gt-136cv-e-dcs-6-bergamo-662633302.htm
PEUGEOT 308 SW GT PACK BLUEHDI 130 EAT8 SES AUTO S,19850,Usato,06/2022,108394 Km,Diesel,Automatico,Euro 6,Firenze,FI,Rivenditore,https://www.subito.it/auto/peugeot-308-sw-gt-pack-bluehdi-130-eat8-ses-auto-s-firenze-663799149.htm
PEUGEOT 308 SW GT PACK BLUEHDI 130 EAT8 SES AUTO S,19850,Usato,06/2022,108394 Km,Diesel,Automatico,Euro 6,Pozzuoli,NA,Rivenditore,https://www.subito.it/auto/peugeot-308-sw-gt-pack-bluehdi-130-eat8-ses-auto-s-napoli-663799041.htm
Peugeot 308 GT BlueHDi 130 EAT8 S&S,16900,Usato,03/2023,80431 Km,Diesel,Automatico,Euro 6,Torino,TO,Rivenditore,https://www.subito.it/auto/peugeot-308-gt-bluehdi-130-eat8-s-s-torino-649770116.htm
PEUGEOT 308 SW GT PACK BLUEHDI 130 EAT8 SES AUTO S,19850,Usato,06/2022,108394 Km,Diesel,Automatico,Euro 6,Verona,VR,Rivenditore,https://www.subito.it/auto/peugeot-308-sw-gt-pack-bluehdi-130-eat8-ses-auto-s-verona-663797619.htm
Peugeot 308 BlueHDi 130 S&S SW,13490,Usato,07/2022,120000 Km,Diesel,Manuale,Euro 6,Pomponesco,MN,Rivenditore,https://www.subito.it/auto/peugeot-308-bluehdi-130-s-s-sw-mantova-663797618.htm
PEUGEOT 308 SW GT PACK BLUEHDI 130 EAT8 SES AUTO S,19850,Usato,06/2022,108394 Km,Diesel,Automatico,Euro 6,Roma,RM,Rivenditore,https://www.subito.it/auto/peugeot-308-sw-gt-pack-bluehdi-130-eat8-ses-auto-s-roma-663797502.htm
Peugeot 308,17200,Usato,07/2022,52300 Km,Diesel,Automatico,Euro 6d-TEMP,Firenze,FI,Privato,https://www.subito.it/auto/peugeot-308-firenze-663796096.htm
Peugeot 308 SW 1.5 bluehdi Allure Pack *AUTOCARRO*,12999,Usato,03/2023,97000 Km,Diesel,Automatico,Euro 6,Pistoia,PT,Rivenditore,https://www.subito.it/auto/peugeot-308-sw-1-5-bluehdi-allure-pack-autocarro-pistoia-662473486.htm
Peugeot 308 1.5 BlueHDi 130 S&S EAT8 SW Allure Pac,16900,Usato,01/2023,103000 Km,Diesel,Automatico,Euro 6e,Orta Nova,FG,Rivenditore,https://www.subito.it/auto/peugeot-308-1-5-bluehdi-130-s-s-eat8-sw-allure-pac-foggia-636592500.htm
NEW Peugeot 308 HDi 130cv EAT8 Allure *LED-PELLE-N,15490,Usato,01/2023,119000 Km,Diesel,Automatico,Euro 6,Manduria,TA,Rivenditore,https://www.subito.it/auto/new-peugeot-308-hdi-130cv-eat8-allure-led-pelle-n-taranto-663793971.htm
PEUGEOT 308 3ª serie - 308 Plug-in Hybrid U166039,18900,Usato,10/2022,73035 Km,Ibrida,Sequenziale,Euro 6,Catania,CT,Rivenditore,https://www.subito.it/auto/peugeot-308-3-serie-308-plug-in-hybrid-u166039-catania-660894215.htm
Peugeot 308 1.5 bluehdi Active Pack 130 Cv.,16200,Usato,04/2022,136930 Km,Diesel,Manuale,Euro 6,Caserta,CE,Rivenditore,https://www.subito.it/auto/peugeot-308-1-5-bluehdi-active-pack-130-cv-caserta-647112848.htm
PEUGEOT 308 3ª serie - 308 BlueHDi 130 S&S EAT8 SW,23800,Usato,02/2025,20684 Km,Diesel,Automatico,Euro 6,San Dona' di Piave,VE,Rivenditore,https://www.subito.it/auto/peugeot-308-3-serie-308-bluehdi-130-s-s-eat8-sw-venezia-659541356.htm
PEUGEOT 308 PureTech Turbo 130 S&S EAT8 Allure,16999,Usato,01/2023,47000 Km,Benzina,Automatico,Euro 6,Collegno,TO,Rivenditore,https://www.subito.it/auto/peugeot-308-puretech-turbo-130-s-s-eat8-allure-torino-657310257.htm
PEUGEOT 308 1.2 hybrid Allure 145cv e-dcs 6,21500,Usato,03/2025,21280 Km,Ibrida,Automatico,Euro 6,San Zeno Naviglio,BS,Rivenditore,https://www.subito.it/auto/peugeot-308-1-2-hybrid-allure-145cv-e-dcs-6-brescia-658289908.htm
Peugeot 308 BlueHDi 130 S&S EAT8 GT,16900,Usato,01/2023,90000 Km,Diesel,Automatico,Euro 6e,Milano,MI,Rivenditore,https://www.subito.it/auto/peugeot-308-bluehdi-130-s-s-eat8-gt-milano-661833671.htm
Peugeot 308 Active Pack PureTech 130 S&S,15900,Usato,09/2022,38938 Km,Benzina,Manuale,,Torino,TO,Rivenditore,https://www.subito.it/auto/peugeot-308-active-pack-puretech-130-s-s-torino-654915873.htm
PEUGEOT 308 BL - HYBRID 145 E-DCS6 STYLE - AME4,26100,Usato,02/2026,,Ibrida,Automatico,Euro 6,Milano,MI,Rivenditore,https://www.subito.it/auto/peugeot-308-bl-hybrid-145-e-dcs6-style-ame4-milano-663518549.htm
Peugeot e-208 5 Porte e-208 Active Pack 100kW,17550,Usato,03/2023,24680 Km,Elettrica (BEV),Altro,Pre-Euro,Viadana,MN,Rivenditore,https://www.subito.it/auto/peugeot-e-208-5-porte-e-208-active-pack-100kw-mantova-662644698.htm
Peugeot 308 1.2 Allure SW 96Kw - PREZZO REALE,16980,Usato,02/2024,39800 Km,Benzina,Manuale,Euro 6,Frosinone,FR,Rivenditore,https://www.subito.it/auto/peugeot-308-1-2-allure-sw-96kw-prezzo-reale-frosinone-659102664.htm
PEUGEOT 308 BlueHDi 130 S&S EAT8 SW Allure,16800,Usato,09/2022,139000 Km,Diesel,Automatico,Euro 6,San Michele Salentino,BR,Rivenditore,https://www.subito.it/auto/peugeot-308-bluehdi-130-s-s-eat8-sw-allure-brindisi-653676753.htm
Peugeot 308 Active Pack PureTech 130 S&S,14900,Usato,09/2022,54310 Km,Benzina,Manuale,,Torino,TO,Rivenditore,https://www.subito.it/auto/peugeot-308-active-pack-puretech-130-s-s-torino-656697827.htm
Peugeot 308 BlueHDi 130 S&S EAT8 GT,20999,Usato,06/2023,6222 Km,Diesel,Sequenziale,Euro 6d-TEMP,Pompei,NA,Rivenditore,https://www.subito.it/auto/peugeot-308-bluehdi-130-s-s-eat8-gt-napoli-648041236.htm
Peugeot 308 Active Pack 1.2 130cv S&S S.W.,11900,Usato,06/2023,95771 Km,Benzina,Manuale,Euro 6,Vitulazio,CE,Rivenditore,https://www.subito.it/auto/peugeot-308-active-pack-1-2-130cv-s-s-s-w-caserta-654263868.htm
PEUGEOT 308 iii 2021 308 1.2 puretech t Allure Pac,17552,Usato,12/2022,29307 Km,Benzina,Automatico,Euro 6,San Giorgio in Bosco,PD,Rivenditore,https://www.subito.it/auto/peugeot-308-iii-2021-308-1-2-puretech-t-allure-pac-padova-661134491.htm
Peugeot 308 PureTech Turbo 130 S&S Allure CINGHIA ,15500,Usato,03/2024,61000 Km,Benzina,Manuale,Euro 6,Milano,MI,Rivenditore,https://www.subito.it/auto/peugeot-308-puretech-turbo-130-s-s-allure-cinghia-milano-662763707.htm
Peugeot 308 BlueHDi 130 S&S Allure,9900,Usato,09/2022,85661 Km,Diesel,Manuale,Euro 6,Rivoli,TO,Rivenditore,https://www.subito.it/auto/peugeot-308-bluehdi-130-s-s-allure-torino-661661238.htm
PEUGEOT 308 1.2 PureTech 130cv Allure EU6,20900,Usato,04/2024,22200 Km,Benzina,Manuale,Euro 6,Latina,LT,Rivenditore,https://www.subito.it/auto/peugeot-308-1-2-puretech-130cv-allure-eu6-latina-653414711.htm
Peugeot 308 SW SW GT BlueHDi 130 EAT8 S&S,21500,Usato,06/2024,43129 Km,Diesel,Automatico,,Sesto San Giovanni,MI,Rivenditore,https://www.subito.it/auto/peugeot-308-sw-sw-gt-bluehdi-130-eat8-s-s-milano-662227008.htm
PEUGEOT 308 3ª serie 308 BlueHDi 130 S&S EAT8 Allu,17900,Usato,01/2023,82374 Km,Diesel,Automatico,Euro 6,Verona,VR,Rivenditore,https://www.subito.it/auto/peugeot-308-3-serie-308-bluehdi-130-s-s-eat8-allu-verona-663786739.htm
PEUGEOT 308 3ª serie 308 BlueHDi 130 S&S EAT8 SW A,19900,Usato,02/2023,72000 Km,Diesel,Automatico,Euro 6,Casalmoro,MN,Rivenditore,https://www.subito.it/auto/peugeot-308-3-serie-308-bluehdi-130-s-s-eat8-sw-a-mantova-663783965.htm
PEUGEOT 308 III 2021 - 308 1.2 puretech t Allure P,19800,Usato,01/2023,51142 Km,Benzina,Automatico,Euro 6,Milano,MI,Rivenditore,https://www.subito.it/auto/peugeot-308-iii-2021-308-1-2-puretech-t-allure-p-milano-663780349.htm
Peugeot 308 SW SW GT Hybrid 136 e-DCS6,22750,Usato,03/2025,7486 Km,Benzina,Automatico,,Roma,RM,Rivenditore,https://www.subito.it/auto/peugeot-308-sw-sw-gt-hybrid-136-e-dcs6-roma-661082458.htm
Peugeot 308 PureTech Turbo 130 S&S SW Allure,17990,Usato,04/2024,30936 Km,Benzina,Manuale,Euro 6d-TEMP,San Nicola la Strada,CE,Rivenditore,https://www.subito.it/auto/peugeot-308-puretech-turbo-130-s-s-sw-allure-caserta-663771714.htm
Peugeot 308 PureTech Turbo 130cv S&S EAT8 GT LINE,20900,Usato,09/2023,20000 Km,Benzina,Automatico,Euro 6d,Robassomero,TO,Rivenditore,https://www.subito.it/auto/peugeot-308-puretech-turbo-130cv-s-s-eat8-gt-line-torino-663406502.htm
308 BlueHDi 130 S&S EAT8 SW Allure Pack,15490,Usato,04/2023,96710 Km,Diesel,Automatico,Euro 6,Grammichele,CT,Rivenditore,https://www.subito.it/auto/308-bluehdi-130-s-s-eat8-sw-allure-pack-catania-657271899.htm
Peugeot 308 BlueHDi 130 S&S EAT8 SW GT,22990,Usato,05/2024,30000 Km,Diesel,Sequenziale,Euro 6e,Agrigento,AG,Rivenditore,https://www.subito.it/auto/peugeot-308-bluehdi-130-s-s-eat8-sw-gt-agrigento-641867575.htm
Peugeot 308 Plug-in Hybrid 180 e-EAT8 SW GT,21000,Usato,10/2024,50742 Km,Mild Hybrid Benzina,Automatico,Euro 6,Chieti,CH,Rivenditore,https://www.subito.it/auto/peugeot-308-plug-in-hybrid-180-e-eat8-sw-gt-chieti-659274976.htm
PEUGEOT 308 III 2021 SW - 308 SW 1.5 bluehdi GT Pa,18400,Usato,12/2022,84012 Km,Diesel,Automatico,Euro 6,Bologna,BO,Rivenditore,https://www.subito.it/auto/peugeot-308-iii-2021-sw-308-sw-1-5-bluehdi-gt-pa-bologna-656290543.htm
Peugeot 308 Hybrid 145 e-DCS6 Allure KM0,25900,Km0,01/2025,,Benzina,Automatico,Euro 6d-TEMP,Trapani,TP,Rivenditore,https://www.subito.it/auto/peugeot-308-hybrid-145-e-dcs6-allure-km0-trapani-645972754.htm
PEUGEOT 308 HYBRID 145 E-DCS6 SW ALLUR,21990,Usato,02/2025,28420 Km,Ibrida,Automatico,Euro 6,Cassola,VI,Rivenditore,https://www.subito.it/auto/peugeot-308-hybrid-145-e-dcs6-sw-allur-vicenza-661936695.htm
PEUGEOT 308 iii 2021 308 1.6 hybrid Allure Pack 18,20423,Usato,06/2022,40567 Km,Ibrida,Automatico,Euro 6,San Giorgio in Bosco,PD,Rivenditore,https://www.subito.it/auto/peugeot-308-iii-2021-308-1-6-hybrid-allure-pack-18-padova-662800527.htm
PEUGEOT 308 PureTech Turbo 130 S&S Allureda €179,17500,Usato,06/2024,32100 Km,Benzina,Manuale,Euro 6,Somma Vesuviana,NA,Rivenditore,https://www.subito.it/auto/peugeot-308-puretech-turbo-130-s-s-allureda-179-napoli-663441764.htm
PEUGEOT 308 SW 1.2 puretech t Allure s&s 130cv eat,17300,Usato,05/2024,37184 Km,Benzina,Automatico,Euro 6,Parma,PR,Rivenditore,https://www.subito.it/auto/peugeot-308-sw-1-2-puretech-t-allure-s-s-130cv-eat-parma-656564435.htm
PEUGEOT 308 3ª serie 308 BlueHDi 130 S&S EAT8 SW A,19900,Usato,02/2023,72000 Km,Diesel,Automatico,Euro 6,Roma,RM,Rivenditore,https://www.subito.it/auto/peugeot-308-3-serie-308-bluehdi-130-s-s-eat8-sw-a-roma-662870728.htm
Peugeot 308 Active Pack PureTech 130 S&S,14900,Usato,09/2022,71651 Km,Benzina,Manuale,,Torino,TO,Rivenditore,https://www.subito.it/auto/peugeot-308-active-pack-puretech-130-s-s-torino-654915986.htm
Peugeot 308 Tetto Apribile GT Line Pack eat8 Autom,23900,Usato,03/2023,99000 Km,Diesel,Automatico,Euro 6d,Qualiano,NA,Rivenditore,https://www.subito.it/auto/peugeot-308-tetto-apribile-gt-line-pack-eat8-autom-napoli-662023297.htm
PEUGEOT 308 1.5 bluehdi gt s&s 130cv eat8,21900,Usato,02/2024,79574 Km,Diesel,Automatico,Euro 6,Roma,RM,Rivenditore,https://www.subito.it/auto/peugeot-308-1-5-bluehdi-gt-s-s-130cv-eat8-roma-663759399.htm
Peugeot 308 Active Pack PureTech 130 S&S,14400,Usato,09/2022,63494 Km,Benzina,Manuale,,Napoli,NA,Rivenditore,https://www.subito.it/auto/peugeot-308-active-pack-puretech-130-s-s-napoli-655482928.htm
Peugeot 308 SW SW GT BlueHDi 130 EAT8 S&S,21900,Usato,05/2025,19163 Km,Diesel,Automatico,,Napoli,NA,Rivenditore,https://www.subito.it/auto/peugeot-308-sw-sw-gt-bluehdi-130-eat8-s-s-napoli-663572882.htm
Peugeot 308 SW 1.5 bluehdi Allure Pack 130cv AUTOM,18490,Usato,04/2023,58367 Km,Diesel,Automatico,Euro 6,Latina,LT,Rivenditore,https://www.subito.it/auto/peugeot-308-sw-1-5-bluehdi-allure-pack-130cv-autom-latina-660408038.htm
Peugeot 308 Active Pack PureTech 130 S&S,14900,Usato,09/2022,66271 Km,Benzina,Manuale,,Torino,TO,Rivenditore,https://www.subito.it/auto/peugeot-308-active-pack-puretech-130-s-s-torino-654915536.htm
Peugeot 308 Allure Pack BlueHDi 130 EAT8 S&S aut.,16600,Usato,02/2022,60139 Km,Diesel,Automatico,,Roma,RM,Rivenditore,https://www.subito.it/auto/peugeot-308-allure-pack-bluehdi-130-eat8-s-s-aut-roma-654799815.htm
PEUGEOT 308 1.2 PureTech Turbo 110cv Active Pack,13900,Usato,02/2023,57212 Km,Benzina,Manuale,Euro 6,Cerea,VR,Rivenditore,https://www.subito.it/auto/peugeot-308-1-2-puretech-turbo-110cv-active-pack-verona-662409725.htm
PEUGEOT 308 3ª serie - 308 BlueHDi 130 S&S U165667,14900,Usato,01/2023,153300 Km,Diesel,Sequenziale,Euro 6,Catania,CT,Rivenditore,https://www.subito.it/auto/peugeot-308-3-serie-308-bluehdi-130-s-s-u165667-catania-652995783.htm
Peugeot 308 1.5 BLUEHDI - 2022 - 130CV - GT -...,20700,Usato,08/2022,84234 Km,Diesel,Automatico,Euro 6,Lamezia Terme,CZ,Rivenditore,https://www.subito.it/auto/peugeot-308-1-5-bluehdi-2022-130cv-gt-catanzaro-662682229.htm
PEUGEOT 308 HYBRID 145 E-DCS6 SW ALLUR,21990,Usato,01/2025,25650 Km,Ibrida,Automatico,Euro 6,Cassola,VI,Rivenditore,https://www.subito.it/auto/peugeot-308-hybrid-145-e-dcs6-sw-allur-vicenza-661151076.htm
Peugeot 308 BlueHDi 130 S&S EAT8 SW Allure Pack N1,14990,Usato,03/2023,156000 Km,Diesel,Sequenziale,Euro 6,Caselette,TO,Rivenditore,https://www.subito.it/auto/peugeot-308-bluehdi-130-s-s-eat8-sw-allure-pack-n1-torino-663452761.htm
PEUGEOT 308 iii 2021 308 1.2 puretech t Allure Pac,17552,Usato,12/2022,29307 Km,Benzina,Automatico,Euro 6,Barzago,LC,Rivenditore,https://www.subito.it/auto/peugeot-308-iii-2021-308-1-2-puretech-t-allure-pac-lecco-661134467.htm
PEUGEOT 308 3ª serie 308 PureTech Turbo 130 S&S EA,18400,Usato,04/2024,57481 Km,Benzina,Automatico,Euro 6,Roma,RM,Rivenditore,https://www.subito.it/auto/peugeot-308-3-serie-308-puretech-turbo-130-s-s-ea-roma-662870539.htm
Peugeot 308 Active Pack PureTech 130 S&S,14400,Usato,09/2022,53591 Km,Benzina,Manuale,,Napoli,NA,Rivenditore,https://www.subito.it/auto/peugeot-308-active-pack-puretech-130-s-s-napoli-655482711.htm
Peugeot 308 SW SW Allure Pack BlueHDi 130 EAT...,17300,Usato,07/2022,78960 Km,Diesel,Automatico,,Milano,MI,Rivenditore,https://www.subito.it/auto/peugeot-308-sw-sw-allure-pack-bluehdi-130-eat-milano-661319772.htm
Peugeot 308 BlueHDi 130 CV GT Pack GARANTA 24 MESI,15900,Usato,02/2022,170000 Km,Diesel,Automatico,Euro 6,Canicatti',AG,Rivenditore,https://www.subito.it/auto/peugeot-308-bluehdi-130-cv-gt-pack-garanta-24-mesi-agrigento-635172649.htm
Peugeot 308 BlueHDi 130 S&S EAT8 Allure Pack,18600,Usato,11/2022,83000 Km,Diesel,Sequenziale,Euro 6,Alliste,LE,Rivenditore,https://www.subito.it/auto/peugeot-308-bluehdi-130-s-s-eat8-allure-pack-lecce-663748187.htm
"Peugeot 308 BlueHDi 130 S&S EAT8 GT line Pack, tet",21600,Usato,10/2022,66000 Km,Diesel,Automatico,Euro 6,Massafra,TA,Rivenditore,https://www.subito.it/auto/peugeot-308-bluehdi-130-s-s-eat8-gt-line-pack-tet-taranto-663747137.htm
Peugeot 308 Plug-in Hybrid 180 e-EAT8 SW GT,7500,Usato,03/2025,13000 Km,Mild Hybrid Benzina,Sequenziale,Euro 6,Qualiano,NA,Rivenditore,https://www.subito.it/auto/peugeot-308-plug-in-hybrid-180-e-eat8-sw-gt-napoli-663451979.htm
PEUGEOT 308 PURETECH TURBO 130 S&S EAT,17090,Usato,05/2024,41774 Km,Benzina,Automatico,Euro 6,Cassola,VI,Rivenditore,https://www.subito.it/auto/peugeot-308-puretech-turbo-130-s-s-eat-vicenza-661151128.htm
Peugeot 308 Active Pack PureTech 130 S&S,14400,Usato,09/2022,56787 Km,Benzina,Manuale,,Napoli,NA,Rivenditore,https://www.subito.it/auto/peugeot-308-active-pack-puretech-130-s-s-napoli-655483871.htm
Peugeot 308 BlueHDi 130 S&S SW Allure,15900,Usato,09/2022,108549 Km,Diesel,Sequenziale,Euro 6,Grammichele,CT,Rivenditore,https://www.subito.it/auto/peugeot-308-bluehdi-130-s-s-sw-allure-catania-652877996.htm
Peugeot 308 1.2 puretech t Allure Pack s&s 130cv e,16900,Usato,08/2023,39900 Km,Benzina,Automatico,Euro 4,Reggio di Calabria,RC,Rivenditore,https://www.subito.it/auto/peugeot-308-1-2-puretech-t-allure-pack-s-s-130cv-e-reggio-calabria-663744383.htm
Peugeot 308 GT Hybrid 180 e-EAT8 S&S,24500,Usato,04/2022,24700 Km,Ibrida,Automatico,Euro 2,Milano,MI,Rivenditore,https://www.subito.it/auto/peugeot-308-gt-hybrid-180-e-eat8-s-s-milano-638091710.htm
PEUGEOT 308 iii 2021 308 1.5 bluehdi Allure s&s 13,26829,Km0,03/2025,,Diesel,Automatico,Euro 6,San Giorgio in Bosco,PD,Rivenditore,https://www.subito.it/auto/peugeot-308-iii-2021-308-1-5-bluehdi-allure-s-s-13-padova-648240326.htm
Peugeot 308 SW 1.2 hybrid GT 136cv e-dcs 6,20750,Usato,03/2025,21738 Km,Ibrida,Automatico,Euro 6d-TEMP,Romano di Lombardia,BG,Rivenditore,https://www.subito.it/auto/peugeot-308-sw-1-2-hybrid-gt-136cv-e-dcs-6-bergamo-662633038.htm
Peugeot 308 BlueHDi 130 S&S EAT8 GT PACK,17200,Usato,01/2022,109000 Km,Diesel,Automatico,Euro 6d-TEMP,Foligno,PG,Rivenditore,https://www.subito.it/auto/peugeot-308-bluehdi-130-s-s-eat8-gt-pack-perugia-663709582.htm
Peugeot 308 SW 1.2 hybrid GT 145cv e-dcs 6,21500,Usato,03/2025,9350 Km,Ibrida,Automatico,Euro 6,Alessandria,AL,Rivenditore,https://www.subito.it/auto/peugeot-308-sw-1-2-hybrid-gt-145cv-e-dcs-6-alessandria-663704924.htm
Peugeot 308 BlueHDi 130 Aziendale EAT8 SW Allure,15800,Usato,09/2022,99900 Km,Diesel,Automatico,Euro 6,Assemini,CA,Rivenditore,https://www.subito.it/auto/peugeot-308-bluehdi-130-aziendale-eat8-sw-allure-cagliari-661478558.htm
Peugeot 308 BlueHDi 130 S&S SW Allure,14999,Usato,05/2022,108000 Km,Diesel,Manuale,Euro 6,Orta Nova,FG,Rivenditore,https://www.subito.it/auto/peugeot-308-bluehdi-130-s-s-sw-allure-foggia-661878708.htm
Peugeot 308 SW GT BlueHDi 130 EAT8 SPOTICAR,22900,Usato,05/2024,33600 Km,Diesel,Automatico,Euro 6,Bagnaria Arsa,UD,Rivenditore,https://www.subito.it/auto/peugeot-308-sw-gt-bluehdi-130-eat8-spoticar-udine-663657900.htm
PEUGEOT 308 iii 2021 sw 308 SW 1.2 hybrid GT 136cv,21956,Usato,03/2025,22891 Km,Ibrida,Automatico,Euro 6,Curno,BG,Rivenditore,https://www.subito.it/auto/peugeot-308-iii-2021-sw-308-sw-1-2-hybrid-gt-136cv-bergamo-660139751.htm
Peugeot 308 Allure pack Full Optional,18999,Usato,09/2022,46000 Km,Benzina,Automatico,Euro 6d-TEMP,Torre del Greco,NA,Privato,https://www.subito.it/auto/peugeot-308-allure-pack-full-optional-napoli-663640676.htm
Peugeot 308 1.5 BlueHDi 130cv EAT8 Allure,21800,Usato,06/2024,27630 Km,Diesel,Sequenziale,Euro 6,Conversano,BA,Rivenditore,https://www.subito.it/auto/peugeot-308-1-5-bluehdi-130cv-eat8-allure-bari-635159551.htm
Peugeot 308 GT BlueHDi 130 EAT8 S&S,15500,Usato,03/2023,80431 Km,Diesel,Automatico,Euro 6,Torino,TO,Rivenditore,https://www.subito.it/auto/peugeot-308-gt-bluehdi-130-eat8-s-s-torino-662056030.htm
PEUGEOT 308 BlueHDi 130 ALLURE PACK BLUEHDI,14900,Usato,02/2024,149000 Km,Diesel,Sequenziale,Euro 6,Rivoli,TO,Rivenditore,https://www.subito.it/auto/peugeot-308-bluehdi-130-allure-pack-bluehdi-torino-663636937.htm
PEUGEOT 308 iii 2021 sw 308 SW 1.5 bluehdi GT s&s,23072,Usato,04/2025,8597 Km,Diesel,Automatico,Euro 6,San Giorgio in Bosco,PD,Rivenditore,https://www.subito.it/auto/peugeot-308-iii-2021-sw-308-sw-1-5-bluehdi-gt-s-s-padova-643223837.htm
Peugeot 308 BlueHDi 130 S&S EAT8 Allure Pack,19900,Usato,10/2022,79317 Km,Diesel,Automatico,Euro 6,Lecce,LE,Rivenditore,https://www.subito.it/auto/peugeot-308-bluehdi-130-s-s-eat8-allure-pack-lecce-654468878.htm
Peugeot 308 BlueHDi 130 S&S EAT8 SW Allure Pack - ,23900,Usato,07/2022,139000 Km,Diesel,Automatico,Euro 6e,Falerna,CZ,Rivenditore,https://www.subito.it/auto/peugeot-308-bluehdi-130-s-s-eat8-sw-allure-pack-catanzaro-642525245.htm
Peugeot 308,13300,Usato,09/2022,120000 Km,Diesel,Sequenziale,Euro 6d-TEMP,Chivasso,TO,Privato,https://www.subito.it/auto/peugeot-308-torino-663616953.htm
Peugeot 308 BlueHDi Allestimento GT,19000,Usato,09/2023,120000 Km,Diesel,Automatico,Euro 6,Carmiano,LE,Rivenditore,https://www.subito.it/auto/peugeot-308-bluehdi-allestimento-gt-lecce-661158992.htm
Peugeot 308 PureTech Turbo 130 S&S SW Allure,18190,Usato,03/2024,78000 Km,Benzina,Manuale,Euro 6,Fiumicino,RM,Rivenditore,https://www.subito.it/auto/peugeot-308-puretech-turbo-130-s-s-sw-allure-roma-661071607.htm
Peugeot 308 PureTech Turbo 130 S&S SW Allure,17590,Usato,02/2024,85000 Km,Benzina,Manuale,Euro 6,Fiumicino,RM,Rivenditore,https://www.subito.it/auto/peugeot-308-puretech-turbo-130-s-s-sw-allure-roma-661070973.htm
Peugeot 308 1.5 bluehdi allure s&s 130cv eat8,19800,Usato,11/2022,33234 Km,Diesel,Automatico,Euro 6d-TEMP,Bari,BA,Rivenditore,https://www.subito.it/auto/peugeot-308-1-5-bluehdi-allure-s-s-130cv-eat8-bari-662682050.htm
PEUGEOT 308 SW 1.2 puretech t Allure s&s 130cv eat,16600,Usato,05/2024,41596 Km,Benzina,Automatico,Euro 6,Modena,MO,Rivenditore,https://www.subito.it/auto/peugeot-308-sw-1-2-puretech-t-allure-s-s-130cv-eat-modena-658733770.htm
PEUGEOT 308 YC32123,17799,Usato,07/2022,48336 Km,Diesel,Automatico,Euro 6,Torino,TO,Rivenditore,https://www.subito.it/auto/peugeot-308-yc32123-torino-663575148.htm
PEUGEOT 308 BlueHDi 130 S&S Allure,20900,Usato,07/2022,89900 Km,Diesel,Automatico,Euro 6,Cagliari,CA,Rivenditore,https://www.subito.it/auto/peugeot-308-bluehdi-130-s-s-allure-cagliari-663574329.htm
PEUGEOT 308 iii 2021 sw 308 SW 1.2 hybrid GT 136cv,20601,Usato,03/2025,24112 Km,Ibrida,Automatico,Euro 6,Barzago,LC,Rivenditore,https://www.subito.it/auto/peugeot-308-iii-2021-sw-308-sw-1-2-hybrid-gt-136cv-lecco-663558446.htm
PEUGEOT 308 iii 2021 sw 308 SW 1.2 hybrid GT 136cv,20601,Usato,03/2025,24112 Km,Ibrida,Automatico,Euro 6,Sala Bolognese,BO,Rivenditore,https://www.subito.it/auto/peugeot-308-iii-2021-sw-308-sw-1-2-hybrid-gt-136cv-bologna-663558425.htm
PEUGEOT 308 iii 2021 sw 308 SW 1.2 hybrid GT 136cv,20601,Usato,03/2025,24112 Km,Ibrida,Automatico,Euro 6,San Giorgio in Bosco,PD,Rivenditore,https://www.subito.it/auto/peugeot-308-iii-2021-sw-308-sw-1-2-hybrid-gt-136cv-padova-663558403.htm
PEUGEOT 308 iii 2021 sw 308 SW 1.2 hybrid GT 136cv,20601,Usato,03/2025,24112 Km,Ibrida,Automatico,Euro 6,Meda,MB,Rivenditore,https://www.subito.it/auto/peugeot-308-iii-2021-sw-308-sw-1-2-hybrid-gt-136cv-monza-663558482.htm
PEUGEOT 308 ALLURE PACK BLUEHDI 130 EAT8 SES AUTO ,18500,Usato,05/2023,82444 Km,Diesel,Automatico,Euro 6,Firenze,FI,Rivenditore,https://www.subito.it/auto/peugeot-308-allure-pack-bluehdi-130-eat8-ses-auto-firenze-663537427.htm
PEUGEOT 308 ALLURE PACK BLUEHDI 130 EAT8 SES AUTO ,18500,Usato,05/2023,82444 Km,Diesel,Automatico,Euro 6,Pozzuoli,NA,Rivenditore,https://www.subito.it/auto/peugeot-308-allure-pack-bluehdi-130-eat8-ses-auto-napoli-663537259.htm
PEUGEOT 308 ALLURE PACK BLUEHDI 130 EAT8 SES AUTO ,18500,Usato,05/2023,82444 Km,Diesel,Automatico,Euro 6,Bentivoglio,BO,Rivenditore,https://www.subito.it/auto/peugeot-308-allure-pack-bluehdi-130-eat8-ses-auto-bologna-663537078.htm
PEUGEOT 308 ALLURE PACK BLUEHDI 130 EAT8 SES AUTO ,18500,Usato,05/2023,82444 Km,Diesel,Automatico,Euro 6,Roma,RM,Rivenditore,https://www.subito.it/auto/peugeot-308-allure-pack-bluehdi-130-eat8-ses-auto-roma-663536701.htm
PEUGEOT 308 ALLURE PACK BLUEHDI 130 EAT8 SES AUTO ,18500,Usato,05/2023,82444 Km,Diesel,Automatico,Euro 6,Verona,VR,Rivenditore,https://www.subito.it/auto/peugeot-308-allure-pack-bluehdi-130-eat8-ses-auto-verona-663536698.htm
Peugeot 308 SW 1.5 BlueHDi 131 CV Allure Auto - 28,18900,Usato,04/2023,28000 Km,Diesel,Sequenziale,Euro 6,Vetralla,VT,Rivenditore,https://www.subito.it/auto/peugeot-308-sw-1-5-bluehdi-131-cv-allure-auto-28-viterbo-663534312.htm
Peugeot 308 BlueHDi 130 S&S EAT8 SW Allure Pack,14989,Usato,12/2022,164000 Km,Diesel,Sequenziale,Euro 6,Favara,AG,Rivenditore,https://www.subito.it/auto/peugeot-308-bluehdi-130-s-s-eat8-sw-allure-pack-agrigento-663513476.htm
Peugeot 308 BlueHDi 130 S&S SW Allure Pack,12900,Usato,06/2022,161000 Km,Diesel,Manuale,Euro 6,Civitanova Marche,MC,Rivenditore,https://www.subito.it/auto/peugeot-308-bluehdi-130-s-s-sw-allure-pack-macerata-663512873.htm
Peugeot 308 BlueHDi 130 S&S EAT8 SW Allure Pack,17890,Usato,01/2023,98000 Km,Diesel,Automatico,Euro 6e,Molfetta,BA,Rivenditore,https://www.subito.it/auto/peugeot-308-bluehdi-130-s-s-eat8-sw-allure-pack-bari-638139520.htm
Peugeot 308 BlueHDi 130 S&S EAT8 SW Allure,14999,Usato,12/2022,110000 Km,Diesel,Sequenziale,Euro 6,Orta Nova,FG,Rivenditore,https://www.subito.it/auto/peugeot-308-bluehdi-130-s-s-eat8-sw-allure-foggia-662514778.htm
Peugeot 308 BlueHDi 130 S&S Allure Pack,14900,Usato,04/2022,120033 Km,Diesel,Manuale,Euro 6,Spoltore,PE,Rivenditore,https://www.subito.it/auto/peugeot-308-bluehdi-130-s-s-allure-pack-pescara-658500066.htm
Peugeot 308 BlueHDi 130 S&S EAT8 Allure Pack,16999,Usato,05/2022,110000 Km,Diesel,Sequenziale,Euro 6,Orta Nova,FG,Rivenditore,https://www.subito.it/auto/peugeot-308-bluehdi-130-s-s-eat8-allure-pack-foggia-652552748.htm
Peugeot 308 BL - Hybrid 145,27900,Km0,04/2026,,Ibrida,Automatico,Euro 6,Ceccano,FR,Rivenditore,https://www.subito.it/auto/peugeot-308-bl-hybrid-145-frosinone-646720495.htm
PEUGEOT 308 iii 2021 sw 308 SW 1.5 bluehdi GT s&s,23072,Usato,04/2025,8597 Km,Diesel,Automatico,Euro 6,Barzago,LC,Rivenditore,https://www.subito.it/auto/peugeot-308-iii-2021-sw-308-sw-1-5-bluehdi-gt-s-s-lecco-659871860.htm
PEUGEOT 308 SW 1.2 puretech t Allure s&s 130cv eat,17300,Usato,05/2024,33197 Km,Benzina,Automatico,Euro 6,Parma,PR,Rivenditore,https://www.subito.it/auto/peugeot-308-sw-1-2-puretech-t-allure-s-s-130cv-eat-parma-663263220.htm
PEUGEOT 308 iii 2021 308 1.2 puretech t Allure Pac,17482,Usato,04/2023,49927 Km,Benzina,Automatico,Euro 6,San Giorgio in Bosco,PD,Rivenditore,https://www.subito.it/auto/peugeot-308-iii-2021-308-1-2-puretech-t-allure-pac-padova-656103702.htm
Peugeot 308 1500 BlueHDi 130cv EAT8 F1 ALLURE,20500,Usato,07/2024,58500 Km,Diesel,Automatico,Euro 6e,Napoli,NA,Rivenditore,https://www.subito.it/auto/peugeot-308-1500-bluehdi-130cv-eat8-f1-allure-napoli-663485394.htm
Peugeot 308 BlueHDi 130 S&S EAT8 Allure Pack Autom,19278,Usato,06/2022,49121 Km,Diesel,Automatico,Euro 6,Napoli,NA,Rivenditore,https://www.subito.it/auto/peugeot-308-bluehdi-130-s-s-eat8-allure-pack-autom-napoli-660318485.htm
Peugeot 308 PureTech Turbo 130 S&S SW Allure,18190,Usato,02/2024,55000 Km,Benzina,Manuale,Euro 6,Fiumicino,RM,Rivenditore,https://www.subito.it/auto/peugeot-308-puretech-turbo-130-s-s-sw-allure-roma-661071174.htm
PEUGEOT 308 iii 2021 308 1.5 bluehdi Allure s&s 13,26829,Km0,03/2025,,Diesel,Automatico,Euro 6,Barzago,LC,Rivenditore,https://www.subito.it/auto/peugeot-308-iii-2021-308-1-5-bluehdi-allure-s-s-13-lecco-659871675.htm
Peugeot 308 GT Electric 156CV Automatico,28900,Km0,01/2026,,Elettrica (BEV),Automatico,Euro 6,Caserta,CE,Rivenditore,https://www.subito.it/auto/peugeot-308-gt-electric-156cv-automatico-caserta-659903799.htm
Peugeot 308 PureTech Turbo 130 S&S Allure PREZZO R,17800,Usato,02/2024,50000 Km,Benzina,Manuale,Euro 6e,Fiumicino,RM,Rivenditore,https://www.subito.it/auto/peugeot-308-puretech-turbo-130-s-s-allure-prezzo-r-roma-633042287.htm
PEUGEOT 308 PureTech Turbo 130 S&S Allure,16990,Usato,06/2024,32100 Km,Benzina,Manuale,Euro 6,Agnone,IS,Rivenditore,https://www.subito.it/auto/peugeot-308-puretech-turbo-130-s-s-allure-isernia-663463228.htm
Peugeot 308 BlueHDi 130 S&S EAT8 Allure Pack,14990,Usato,12/2022,107400 Km,Diesel,Automatico,Euro 6,Frattamaggiore,NA,Rivenditore,https://www.subito.it/auto/peugeot-308-bluehdi-130-s-s-eat8-allure-pack-napoli-656660356.htm
PEUGEOT 308 1.6 hybrid phev GT 225cv e-eat8,21450,Usato,09/2022,80000 Km,Ibrida,Automatico,Euro 6,Torino,TO,Rivenditore,https://www.subito.it/auto/peugeot-308-1-6-hybrid-phev-gt-225cv-e-eat8-torino-660831487.htm
PEUGEOT 308 GT 2023,24000,Usato,10/2023,39000 Km,Benzina,Automatico,Euro 6d-TEMP,Bergamo,BG,Privato,https://www.subito.it/auto/peugeot-308-gt-2023-bergamo-663458471.htm
pegeot 308 automatico anno 2022 diesel,15750,Usato,03/2022,80000 Km,Diesel,Sequenziale,Euro 6d-TEMP,Napoli,NA,Privato,https://www.subito.it/auto/pegeot-308-automatico-anno-2022-diesel-napoli-663457488.htm
Peugeot 308 BlueHDi 130 S&S EAT8 SW Allure,12500,Usato,10/2022,106000 Km,Diesel,Automatico,Euro 6,Striano,NA,Rivenditore,https://www.subito.it/auto/peugeot-308-bluehdi-130-s-s-eat8-sw-allure-napoli-663457150.htm
Peugeot 308 BlueHDi 130 S&S Allure Pack - 2022,19900,Usato,04/2022,114000 Km,Diesel,Manuale,Euro 6e,Falerna,CZ,Rivenditore,https://www.subito.it/auto/peugeot-308-bluehdi-130-s-s-allure-pack-2022-catanzaro-638880631.htm
Peugeot 308 Allure Pack Cambio Automatico Diesel D,17999,Usato,10/2023,73000 Km,Diesel,Automatico,Euro 6,Napoli,NA,Rivenditore,https://www.subito.it/auto/peugeot-308-allure-pack-cambio-automatico-diesel-d-napoli-663432999.htm
PEUGEOT 308 Hybrid 145 e-DCS6 GT,26500,Usato,11/2025,7000 Km,Ibrida,Automatico,Euro 6d-TEMP,Messina,ME,Rivenditore,https://www.subito.it/auto/peugeot-308-hybrid-145-e-dcs6-gt-messina-663429589.htm
PEUGEOT 308 BlueHDi 130 S&S EAT8 SW Allure Pack,19900,Usato,03/2023,39400 Km,Diesel,Automatico,Euro 6d-TEMP,Messina,ME,Rivenditore,https://www.subito.it/auto/peugeot-308-bluehdi-130-s-s-eat8-sw-allure-pack-messina-663429626.htm
Peugeot 308 1.5 HDI 130CV GT TETTO APRIBILE,18500,Usato,06/2023,88000 Km,Diesel,Sequenziale,Euro 6,Agnone,IS,Rivenditore,https://www.subito.it/auto/peugeot-308-1-5-hdi-130cv-gt-tetto-apribile-isernia-663406358.htm
PEUGEOT 308 SW 1.5 BlueHDi 130CV EAT8 NAV PARK CAM,19990,Usato,11/2022,23518 Km,Diesel,Automatico,Euro 6d,Piana di Monte Verna,CE,Rivenditore,https://www.subito.it/auto/peugeot-308-sw-1-5-bluehdi-130cv-eat8-nav-park-cam-caserta-663403629.htm
PEUGEOT 308 iii 2021 sw 308 SW 1.2 hybrid GT 136cv,21956,Usato,03/2025,22891 Km,Ibrida,Automatico,Euro 6,Barzago,LC,Rivenditore,https://www.subito.it/auto/peugeot-308-iii-2021-sw-308-sw-1-2-hybrid-gt-136cv-lecco-660139733.htm
PEUGEOT 308 III - 308 1.6 hybrid phev GT Pack 180c,22690,Usato,05/2022,59070 Km,Ibrida,Automatico,Euro 6,Borgaro Torinese,TO,Rivenditore,https://www.subito.it/auto/peugeot-308-iii-308-1-6-hybrid-phev-gt-pack-180c-torino-660831141.htm
Peugeot 308 1.6 hybrid phev Allure Pack 180cv...,19900,Usato,06/2022,51000 Km,Ibrida,Automatico,Euro 6,Siracusa,SR,Rivenditore,https://www.subito.it/auto/peugeot-308-1-6-hybrid-phev-allure-pack-180cv-siracusa-659431898.htm
Peugeot 308 sw 1.5 bluehdi allure s&s 130cv eat8,18800,Usato,10/2023,61120 Km,Diesel,Automatico,Euro 6d-TEMP,Bari,BA,Rivenditore,https://www.subito.it/auto/peugeot-308-sw-1-5-bluehdi-allure-s-s-130cv-eat8-bari-662682119.htm
PEUGEOT 308 III - 308 SW 1.5 bluehdi GT s&s U54085,18900,Usato,06/2022,75708 Km,Diesel,Automatico,Euro 6,Reggio nell'Emilia,RE,Rivenditore,https://www.subito.it/auto/peugeot-308-iii-308-sw-1-5-bluehdi-gt-s-s-u54085-reggio-emilia-656049937.htm
Peugeot 308 Allure Pack BlueHDi 130 S&S,19250,Usato,04/2022,63861 Km,Diesel,Manuale,Euro 2,Lanciano,CH,Rivenditore,https://www.subito.it/auto/peugeot-308-allure-pack-bluehdi-130-s-s-chieti-638223121.htm
PEUGEOT 308 SW ALLURE PACK 1.2 PURETECH 130 CV,19500,Usato,06/2023,43000 Km,Benzina,Manuale,Euro 6d-TEMP,Spoleto,PG,Privato,https://www.subito.it/auto/peugeot-308-sw-allure-pack-1-2-puretech-130-cv-perugia-663376504.htm
PEUGEOT 308 iii 2021 308 1.5 bluehdi Allure s&s 13,26829,Km0,03/2025,,Diesel,Automatico,Euro 6,Curno,BG,Rivenditore,https://www.subito.it/auto/peugeot-308-iii-2021-308-1-5-bluehdi-allure-s-s-13-bergamo-659872017.htm
PEUGEOT 308 1.2 hybrid Allure 145cv e-dcs 6,21500,Usato,01/2025,23335 Km,Ibrida,Automatico,Euro 6,Reggio nell'Emilia,RE,Rivenditore,https://www.subito.it/auto/peugeot-308-1-2-hybrid-allure-145cv-e-dcs-6-reggio-emilia-657872472.htm
Peugeot 308 SW 1.6 hybrid phev GT e-dcs7,21800,Usato,06/2025,26309 Km,Ibrida,Automatico,Euro 6,Milano,MI,Rivenditore,https://www.subito.it/auto/peugeot-308-sw-1-6-hybrid-phev-gt-e-dcs7-milano-662739757.htm
Peugeot 308 Plug-in Hybrid 225 e-EAT8 GT Pack,19999,Usato,02/2022,35000 Km,Mild Hybrid Benzina,Automatico,Euro 6,Roma,RM,Rivenditore,https://www.subito.it/auto/peugeot-308-plug-in-hybrid-225-e-eat8-gt-pack-roma-662765116.htm
PEUGEOT 308 iii 2021 sw 308 SW 1.2 hybrid GT 136cv,21956,Usato,03/2025,22891 Km,Ibrida,Automatico,Euro 6,San Giorgio in Bosco,PD,Rivenditore,https://www.subito.it/auto/peugeot-308-iii-2021-sw-308-sw-1-2-hybrid-gt-136cv-padova-659871437.htm
Peugeot 308 1.6 hybrid phev Allure Pack 180cv...,19900,Usato,06/2022,51000 Km,Ibrida,Automatico,Euro 6,Catania,CT,Rivenditore,https://www.subito.it/auto/peugeot-308-1-6-hybrid-phev-allure-pack-180cv-catania-659317359.htm
PEUGEOT 308 3ª serie - 308 PureTech Turbo 1 U52224,20900,Usato,09/2022,37098 Km,Benzina,Automatico,Euro 6,Reggio nell'Emilia,RE,Rivenditore,https://www.subito.it/auto/peugeot-308-3-serie-308-puretech-turbo-1-u52224-reggio-emilia-663082849.htm
Peugeot 308 Hybrid 145 e-DCS6 GT,27800,Usato,11/2025,3632 Km,Ibrida,Automatico,,Palermo,PA,Rivenditore,https://www.subito.it/auto/peugeot-308-hybrid-145-e-dcs6-gt-palermo-661837265.htm
Peugeot 308 PureTech Turbo 130CV Allure Pack,17900,Usato,05/2022,24900 Km,Benzina,Manuale,Euro 6,Gela,CL,Rivenditore,https://www.subito.it/auto/peugeot-308-puretech-turbo-130cv-allure-pack-caltanissetta-662622687.htm
PEUGEOT 308 1.5 bluehdi Allure Pack s&s 130cv ea,16100,Usato,09/2023,108061 Km,Diesel,Automatico,Euro 6,Torino,TO,Rivenditore,https://www.subito.it/auto/peugeot-308-1-5-bluehdi-allure-pack-s-s-130cv-ea-torino-654383229.htm
Peugeot 308 Plug-in Hybrid 195 e-DCS7 GT,29900,Km0,11/2025,,Mild Hybrid Benzina,Automatico,Euro 6,Caserta,CE,Rivenditore,https://www.subito.it/auto/peugeot-308-plug-in-hybrid-195-e-dcs7-gt-caserta-659480856.htm
Peugeot 308 PureTech Turbo 130 S&S Active Pack,14890,Usato,09/2022,51754 Km,Benzina,Manuale,Euro 6,Calolziocorte,LC,Rivenditore,https://www.subito.it/auto/peugeot-308-puretech-turbo-130-s-s-active-pack-lecco-662575633.htm
Peugeot 308 BlueHDi 130 S&S SW Allure Pack,16280,Usato,10/2022,98000 Km,Diesel,Automatico,Euro 6,Martinsicuro,TE,Rivenditore,https://www.subito.it/auto/peugeot-308-bluehdi-130-s-s-sw-allure-pack-teramo-656377358.htm
Peugeout 308 gt,18500,Usato,06/2022,90000 Km,Diesel,Sequenziale,Euro 6d-TEMP,San Marcellino,CE,Privato,https://www.subito.it/auto/peugeout-308-gt-caserta-663329700.htm
Peugeot 308 BlueHDi 130 S&S EAT8 GT Pack,17950,Usato,03/2022,53000 Km,Diesel,Automatico,Euro 6,Perugia,PG,Rivenditore,https://www.subito.it/auto/peugeot-308-bluehdi-130-s-s-eat8-gt-pack-perugia-663326841.htm
Peugeot 308 sw GT ,19000,Usato,02/2023,45000 Km,Benzina,Sequenziale,Euro 6d-TEMP,Portico di Caserta,CE,Privato,https://www.subito.it/auto/peugeot-308-sw-gt-caserta-663315037.htm
peugeout 308,18500,Usato,02/2022,67000 Km,Diesel,Sequenziale,Euro 6d-TEMP,Colonna,RM,Privato,https://www.subito.it/auto/peugeout-308-roma-663313415.htm
peugeot 308,18500,Usato,02/2022,64000 Km,Diesel,Sequenziale,Euro 6d-TEMP,Colonna,RM,Privato,https://www.subito.it/auto/peugeot-308-roma-663313396.htm
PEUGEOT 308 1.2 130cv Allure + Key Less + Navi +,14950,Usato,04/2024,12683 Km,Benzina,Manuale,Euro 6,Torino,TO,Rivenditore,https://www.subito.it/auto/peugeot-308-1-2-130cv-allure-key-less-navi-torino-663312718.htm
Peugeot 308 Active Pack BlueHDi 130 S&S,15500,Usato,01/2023,99245 Km,Diesel,Manuale,Euro 6,Vitulazio,CE,Rivenditore,https://www.subito.it/auto/peugeot-308-active-pack-bluehdi-130-s-s-caserta-663312127.htm
Peugeot 308 Allure Pack BlueHDi 130 EAT8 S&S,15900,Usato,07/2022,103500 Km,Diesel,Automatico,Euro 6,Reggio nell'Emilia,RE,Rivenditore,https://www.subito.it/auto/peugeot-308-allure-pack-bluehdi-130-eat8-s-s-reggio-emilia-652508429.htm
PEUGEOT 308 ALLURE 1.5d 130cv Android/Carplay,16800,Usato,04/2024,13829 Km,Benzina,Manuale,Euro 6,Roma,RM,Rivenditore,https://www.subito.it/auto/peugeot-308-allure-1-5d-130cv-android-carplay-roma-647989741.htm
Peugeot 308  Turbo 130 S&S EAT8 Allure Pac,13490,Usato,10/2022,92727 Km,Benzina,Automatico,Euro 6,Borgaro Torinese,TO,Rivenditore,https://www.subito.it/auto/peugeot-308-turbo-130-s-s-eat8-allure-pac-torino-656525806.htm
Peugeot 308 1.5 blueHDi GT,25000,Usato,04/2022,96000 Km,Diesel,Altro,Euro 6d-TEMP,Lizzano,TA,Privato,https://www.subito.it/auto/peugeot-308-1-5-bluehdi-gt-taranto-663273045.htm
PEUGEOT 308 BlueHDi 130 S&S EAT8 SW GT,19950,Usato,06/2024,41863 Km,Diesel,Automatico,Euro 6,Somma Vesuviana,NA,Rivenditore,https://www.subito.it/auto/peugeot-308-bluehdi-130-s-s-eat8-sw-gt-napoli-662036796.htm
Peugeot 308 Hybrid 145 e-DCS6 Allure KM0,27900,Km0,12/2025,,Benzina,Automatico,Euro 6d-TEMP,Trapani,TP,Rivenditore,https://www.subito.it/auto/peugeot-308-hybrid-145-e-dcs6-allure-km0-trapani-655672834.htm
PEUGEOT 308 SW 1.5 BLUEHDI EAT8 ALLURE – 2023,18990,Usato,04/2023,109000 Km,Diesel,Automatico,Euro 6,Manduria,TA,Rivenditore,https://www.subito.it/auto/peugeot-308-sw-1-5-bluehdi-eat8-allure-2023-taranto-634942413.htm
Peugeot 308 BlueHDi 130 S&S SW Allure,14290,Usato,07/2022,111608 Km,Diesel,Manuale,Euro 6d,Castelvetro Piacentino,PC,Rivenditore,https://www.subito.it/auto/peugeot-308-bluehdi-130-s-s-sw-allure-piacenza-659848970.htm
Peugeot 308 BlueHDi 130 S&S SW Allure Pack,13990,Usato,05/2022,179990 Km,Diesel,Automatico,Euro 6,Palma di Montechiaro,AG,Rivenditore,https://www.subito.it/auto/peugeot-308-bluehdi-130-s-s-sw-allure-pack-agrigento-659277285.htm
Peugeot 308 Active Pack PureTech 130 S&S,14490,Usato,09/2022,56936 Km,Benzina,Manuale,,Milano,MI,Rivenditore,https://www.subito.it/auto/peugeot-308-active-pack-puretech-130-s-s-milano-662226754.htm
PEUGEOT 308 5 Porte 1.2 130cv Allure Navi + Key,13950,Usato,04/2024,16070 Km,Benzina,Manuale,Euro 6,Torino,TO,Rivenditore,https://www.subito.it/auto/peugeot-308-5-porte-1-2-130cv-allure-navi-key-torino-659507375.htm
Peugeot 308 SW 1.5 bluehdi Allure Pack *AUTOCARRO*,11999,Usato,03/2023,97000 Km,Diesel,Automatico,Euro 6,Pistoia,PT,Rivenditore,https://www.subito.it/auto/peugeot-308-sw-1-5-bluehdi-allure-pack-autocarro-pistoia-662472633.htm
Peugeot 308 Allure BlueHDi 130 EAT8 S&S aut.,23850,Usato,05/2025,31214 Km,Diesel,Automatico,Euro 6d-TEMP,Massa,MS,Rivenditore,https://www.subito.it/auto/peugeot-308-allure-bluehdi-130-eat8-s-s-aut-massa-carrara-660883601.htm
Peugeot 308 BlueHDi 130 S&S Active Pack,13990,Usato,09/2022,160000 Km,Diesel,Manuale,Euro 6b,Frignano,CE,Rivenditore,https://www.subito.it/auto/peugeot-308-bluehdi-130-s-s-active-pack-caserta-663237910.htm
PEUGEOT 308 1.5 bluehdi Allure Pack s&s 130cv eat8,20500,Usato,11/2023,54166 Km,Diesel,Automatico,Euro 6,Bari,BA,Rivenditore,https://www.subito.it/auto/peugeot-308-1-5-bluehdi-allure-pack-s-s-130cv-eat8-bari-661031114.htm
PEUGEOT 308 3ª serie 308 Hybrid 136 e-DCS6 GT,24900,Usato,2025,26400 Km,Ibrida,Automatico,Euro 6,Torino,TO,Rivenditore,https://www.subito.it/auto/peugeot-308-3-serie-308-hybrid-136-e-dcs6-gt-torino-659562547.htm
Peugeot 308 Active Pack PureTech 130 S&S,14490,Usato,09/2022,63082 Km,Benzina,Manuale,,Bergamo,BG,Rivenditore,https://www.subito.it/auto/peugeot-308-active-pack-puretech-130-s-s-bergamo-654711038.htm
Peugeot 308 berlina EAT8 *LUCI AMBIENTE *PELLE,19900,Usato,07/2022,80000 Km,Diesel,Automatico,Euro 6,Monteroni di Lecce,LE,Rivenditore,https://www.subito.it/auto/peugeot-308-berlina-eat8-luci-ambiente-pelle-lecce-663220114.htm
Peugeot 308 Active Pack PureTech 130 S&S,14900,Usato,09/2022,57880 Km,Benzina,Manuale,,Torino,TO,Rivenditore,https://www.subito.it/auto/peugeot-308-active-pack-puretech-130-s-s-torino-654915977.htm
Peugeot 308 allure pack,17700,Usato,07/2023,60000 Km,Benzina,Manuale,Euro 6d-TEMP,Rimini,RN,Privato,https://www.subito.it/auto/peugeot-308-allure-pack-rimini-663215136.htm
Peugeot 308 PureTech Turbo 130 S&S EAT8 SW GT,23900,Usato,07/2024,3500 Km,Benzina,Automatico,Euro 6e,Torino,TO,Rivenditore,https://www.subito.it/auto/peugeot-308-puretech-turbo-130-s-s-eat8-sw-gt-torino-635148978.htm
Peugeot 308 Active Pack PureTech 130 S&S,14850,Usato,09/2022,56433 Km,Benzina,Manuale,,Milano,MI,Rivenditore,https://www.subito.it/auto/peugeot-308-active-pack-puretech-130-s-s-milano-654806637.htm
Peugeot 308 BlueHDi 130 S&S EAT8 SW Allure IVA ESP,16300,Usato,05/2023,71000 Km,Diesel,Sequenziale,Euro 6,Genova,GE,Rivenditore,https://www.subito.it/auto/peugeot-308-bluehdi-130-s-s-eat8-sw-allure-iva-esp-genova-662085270.htm
PEUGEOT 308 PureTech Turbo 130 S&S Allure,16990,Usato,02/2024,24125 Km,Benzina,Manuale,Euro 6,Barletta,BT,Rivenditore,https://www.subito.it/auto/peugeot-308-puretech-turbo-130-s-s-allure-barletta-andria-trani-661269969.htm
PEUGEOT 308 PURETECH TURBO 130 S&S EAT,17090,Usato,06/2024,34159 Km,Benzina,Automatico,Euro 6,Cassola,VI,Rivenditore,https://www.subito.it/auto/peugeot-308-puretech-turbo-130-s-s-eat-vicenza-661151051.htm
Peugeot 308 My23 Sw 1.5 130 Cv EAT8 Allure Pack,17900,Usato,12/2022,80000 Km,Diesel,Automatico,Euro 6,Viadana,MN,Rivenditore,https://www.subito.it/auto/peugeot-308-my23-sw-1-5-130-cv-eat8-allure-pack-mantova-663127438.htm
Peugeot 308 My23 Sw 1.5 130 Cv EAT8 Allure Pack,17990,Usato,11/2022,80000 Km,Diesel,Automatico,Euro 6d-TEMP,Viadana,MN,Rivenditore,https://www.subito.it/auto/peugeot-308-my23-sw-1-5-130-cv-eat8-allure-pack-mantova-663127162.htm
Peugeot 308 Berlina 1.5 130 S&S EAT8 Allure Pack,17990,Usato,02/2023,97000 Km,Diesel,Automatico,Euro 6d-TEMP,Viadana,MN,Rivenditore,https://www.subito.it/auto/peugeot-308-berlina-1-5-130-s-s-eat8-allure-pack-mantova-663127057.htm
Peugeot 308 Berlina 1.5 130 S&S EAT8 Allure Pack,19500,Usato,12/2022,65000 Km,Diesel,Automatico,Euro 6d-TEMP,Viadana,MN,Rivenditore,https://www.subito.it/auto/peugeot-308-berlina-1-5-130-s-s-eat8-allure-pack-mantova-663126875.htm
PEUGEOT 308 BlueHDi 130 S&S EAT8 GT,17990,Usato,01/2022,115000 Km,Diesel,Automatico,Euro 6,San Michele Salentino,BR,Rivenditore,https://www.subito.it/auto/peugeot-308-bluehdi-130-s-s-eat8-gt-brindisi-647746156.htm
PEUGEOT 308 1.5 BLUEHDI ALLURE PACK 131CV - FULLE,17999,Usato,11/2022,59000 Km,Diesel,Automatico,Euro 6,Parma,PR,Rivenditore,https://www.subito.it/auto/peugeot-308-1-5-bluehdi-allure-pack-131cv-fulle-parma-663125786.htm
Peugeot 308 308 2023 1.5 bluehdi Allure Pack s&s 1,22900,Usato,05/2023,36300 Km,Diesel,Automatico,Euro 6e,Chivasso,TO,Rivenditore,https://www.subito.it/auto/peugeot-308-308-2023-1-5-bluehdi-allure-pack-s-s-1-torino-647259273.htm
PEUGEOT 308 S.W. ALLURE 1.5 EAT8 130CV PELLE NAVI ,14990,Usato,01/2023,139000 Km,Diesel,Automatico,Euro 6,Manduria,TA,Rivenditore,https://www.subito.it/auto/peugeot-308-s-w-allure-1-5-eat8-130cv-pelle-navi-taranto-663119845.htm
Peugeot 308 BlueHDi 130 S&S EAT8 SW Allure Pack,16998,Usato,05/2023,90200 Km,Diesel,Automatico,Euro 6,Sant'Anastasia,NA,Rivenditore,https://www.subito.it/auto/peugeot-308-bluehdi-130-s-s-eat8-sw-allure-pack-napoli-663113993.htm
Peugeot 308 Hybrid 145 e-DCS6 Allure,21900,Usato,03/2025,17750 Km,Benzina,Automatico,Euro 6d-TEMP,Venezia,VE,Rivenditore,https://www.subito.it/auto/peugeot-308-hybrid-145-e-dcs6-allure-venezia-663113787.htm
Peugeot 308 SW SW Allure Pack PureTech 130 EA...,18950,Usato,05/2023,28960 Km,Benzina,Automatico,,Roma,RM,Rivenditore,https://www.subito.it/auto/peugeot-308-sw-sw-allure-pack-puretech-130-ea-roma-654800167.htm
Peugeot 308 BlueHDi 130 S&S EAT8 SW Allure,29900,Km0,07/2025,,Diesel,Automatico,Euro 6d-TEMP,Trapani,TP,Rivenditore,https://www.subito.it/auto/peugeot-308-bluehdi-130-s-s-eat8-sw-allure-trapani-645972770.htm
Peugeot 308 1.5 bluehdi Active Pack 130 Cv.,15800,Usato,05/2022,161550 Km,Diesel,Manuale,Euro 6,Caserta,CE,Rivenditore,https://www.subito.it/auto/peugeot-308-1-5-bluehdi-active-pack-130-cv-caserta-647111781.htm
PEUGEOT 308 III 2021 - 308 1.2 puretech t Allure s,13450,Usato,10/2024,32187 Km,Benzina,Manuale,Euro 6,Roma,RM,Rivenditore,https://www.subito.it/auto/peugeot-308-iii-2021-308-1-2-puretech-t-allure-s-roma-661715229.htm
Peugeot 308 BlueHDi 130 S&S EAT8 SW Allure Pack,15990,Usato,04/2023,91612 Km,Diesel,Automatico,Euro 6,Broni,PV,Rivenditore,https://www.subito.it/auto/peugeot-308-bluehdi-130-s-s-eat8-sw-allure-pack-pavia-651879530.htm
PEUGEOT 308 PureTech Turbo 130 S&S Allure,17490,Usato,04/2024,12869 Km,Benzina,Manuale,Euro 6,Napoli,NA,Rivenditore,https://www.subito.it/auto/peugeot-308-puretech-turbo-130-s-s-allure-napoli-654496159.htm
Peugeot 308 1.5 bluehdi Allure Pack s&s 130cv,15990,Usato,06/2022,44000 Km,Diesel,Manuale,Euro 6,San Sebastiano al Vesuvio,NA,Rivenditore,https://www.subito.it/auto/peugeot-308-1-5-bluehdi-allure-pack-s-s-130cv-napoli-663072500.htm
Peugeot 308 Hybrid 145 e-DCS6 SW GT 2025 BIANCO PE,23900,Usato,03/2025,17000 Km,Mild Hybrid Benzina,Automatico,Euro 6,Quarto d'Altino,VE,Rivenditore,https://www.subito.it/auto/peugeot-308-hybrid-145-e-dcs6-sw-gt-2025-bianco-pe-venezia-663057126.htm
Peugeot 308 BlueHDi 130 S&S EAT8 SW Allure Pack,15300,Usato,02/2023,139900 Km,Diesel,Sequenziale,Euro 6d-TEMP,Garlasco,PV,Rivenditore,https://www.subito.it/auto/peugeot-308-bluehdi-130-s-s-eat8-sw-allure-pack-pavia-661972770.htm
Peugeot 308 PEUGEOT 308 BlueHDi 130 S&S EAT8 Allur,20900,Usato,03/2024,23400 Km,Diesel,Automatico,Euro 6,Paderno Dugnano,MI,Rivenditore,https://www.subito.it/auto/peugeot-308-peugeot-308-bluehdi-130-s-s-eat8-allur-milano-661996673.htm
PEUGEOT 308 BlueHDi 130 S&S EAT8 SW Allure Pack,16490,Usato,10/2022,99995 Km,Diesel,Sequenziale,Euro 6,Corato,BA,Rivenditore,https://www.subito.it/auto/peugeot-308-bluehdi-130-s-s-eat8-sw-allure-pack-bari-661334794.htm
Peugeot 308 GT Pack Hybrid 225 e-EAT8 S&S aut.,23800,Usato,05/2022,56317 Km,Ibrida,Automatico,,Roma,RM,Rivenditore,https://www.subito.it/auto/peugeot-308-gt-pack-hybrid-225-e-eat8-s-s-aut-roma-661690019.htm
Peugeot 308 Allure Pack BlueHDi 130 EAT8 S&S aut.,18500,Usato,06/2023,84122 Km,Diesel,Automatico,,Milano,MI,Rivenditore,https://www.subito.it/auto/peugeot-308-allure-pack-bluehdi-130-eat8-s-s-aut-milano-659492192.htm
PEUGEOT 308 ALLURE 1.2 PureTech 130cv 360CAM,16800,Usato,04/2024,13735 Km,Ibrida,Manuale,Euro 6,Roma,RM,Rivenditore,https://www.subito.it/auto/peugeot-308-allure-1-2-puretech-130cv-360cam-roma-647991741.htm
Peugeot 308 BlueHDi 130 S&S Allure Pack ( km Certi,15500,Usato,06/2022,131000 Km,Diesel,Manuale,Euro 6,Racalmuto,AG,Rivenditore,https://www.subito.it/auto/peugeot-308-bluehdi-130-s-s-allure-pack-km-certi-agrigento-663031255.htm
Peugeot 308 BlueHDi 130 S&S EAT8 SW GT Pack neopat,15999,Usato,11/2022,130000 Km,Diesel,Automatico,Euro 6,Brescia,BS,Rivenditore,https://www.subito.it/auto/peugeot-308-bluehdi-130-s-s-eat8-sw-gt-pack-neopat-brescia-660658348.htm
PEUGEOT 308 BlueHDi 130 S&S EAT8 SW Allure Pack,16490,Usato,10/2022,99995 Km,Diesel,Sequenziale,Euro 6,Barletta,BT,Rivenditore,https://www.subito.it/auto/peugeot-308-bluehdi-130-s-s-eat8-sw-allure-pack-barletta-andria-trani-661269735.htm
PEUGEOT 308 SW 16 HYBRID PHEV GT PACK 225CV E-EA,17999,Usato,02/2023,89000 Km,Benzina,Automatico,,Collegno,TO,Rivenditore,https://www.subito.it/auto/peugeot-308-sw-16-hybrid-phev-gt-pack-225cv-e-ea-torino-661861174.htm
Peugeot 308 SW SW GT Hybrid 136 e-DCS6,22550,Usato,03/2025,12847 Km,Benzina,Automatico,,Roma,RM,Rivenditore,https://www.subito.it/auto/peugeot-308-sw-sw-gt-hybrid-136-e-dcs6-roma-661691005.htm
PEUGEOT 308 PureTech Turbo 130 S&S SW Allure,17990,Usato,04/2024,30936 Km,Benzina,Manuale,Euro 6e,Napoli,NA,Rivenditore,https://www.subito.it/auto/peugeot-308-puretech-turbo-130-s-s-sw-allure-napoli-643586927.htm
Peugeot 308 Allure BlueHDi 130 EAT8 S&S aut.,19150,Usato,06/2023,57501 Km,Diesel,Automatico,,Bergamo,BG,Rivenditore,https://www.subito.it/auto/peugeot-308-allure-bluehdi-130-eat8-s-s-aut-bergamo-654714984.htm
PEUGEOT 308 ALLURE 1.2 PureTech 130cv 360CAM,16800,Usato,04/2024,14778 Km,Ibrida,Manuale,Euro 6,Roma,RM,Rivenditore,https://www.subito.it/auto/peugeot-308-allure-1-2-puretech-130cv-360cam-roma-647255716.htm
PEUGEOT 308 III 2021 - 308 1.5 bluehdi Allure s&s,15750,Usato,05/2023,45945 Km,Diesel,Automatico,Euro 6,Legnano,MI,Rivenditore,https://www.subito.it/auto/peugeot-308-iii-2021-308-1-5-bluehdi-allure-s-s-milano-659538834.htm
PEUGEOT 308 3ª serie - 308 PureTech Turbo 1 U52224,20900,Usato,09/2022,37098 Km,Benzina,Automatico,Euro 6,Reggio nell'Emilia,RE,Rivenditore,https://www.subito.it/auto/peugeot-308-3-serie-308-puretech-turbo-1-u52224-reggio-emilia-652021439.htm
Peugeot 308 1.2 puretech t Allure Pack s&s 130cv e,16900,Usato,08/2023,39900 Km,Benzina,Automatico,Euro 4,Reggio di Calabria,RC,Rivenditore,https://www.subito.it/auto/peugeot-308-1-2-puretech-t-allure-pack-s-s-130cv-e-reggio-calabria-662028080.htm
Peugeot 308 BlueHDi 130 S&S EAT8,14500,Usato,07/2022,145000 Km,Diesel,Automatico,Euro 6,Orta di Atella,CE,Rivenditore,https://www.subito.it/auto/peugeot-308-bluehdi-130-s-s-eat8-caserta-662939075.htm
Peugeot 308 BlueHDi 130 S&S EAT8 SW GT,22990,Usato,05/2024,30000 Km,Diesel,Automatico,Euro 6,Licata,AG,Rivenditore,https://www.subito.it/auto/peugeot-308-bluehdi-130-s-s-eat8-sw-gt-agrigento-638858217.htm
Peugeot 308 SW SW Allure Pack BlueHDi 130 EAT...,17850,Usato,12/2022,65750 Km,Diesel,Automatico,,Milano,MI,Rivenditore,https://www.subito.it/auto/peugeot-308-sw-sw-allure-pack-bluehdi-130-eat-milano-654715038.htm
PEUGEOT 308 HYBRID 145 E-DCS6 ALLURE,21410,Usato,03/2025,20495 Km,Ibrida,Automatico,Euro 6,Cassola,VI,Rivenditore,https://www.subito.it/auto/peugeot-308-hybrid-145-e-dcs6-allure-vicenza-659570590.htm
PEUGEOT 308 BlueHDi 130 S&S EAT8 Allure Pack,18990,Usato,07/2022,73577 Km,Diesel,Sequenziale,Euro 6,Corato,BA,Rivenditore,https://www.subito.it/auto/peugeot-308-bluehdi-130-s-s-eat8-allure-pack-bari-661342911.htm
Peugeot 308 BlueHDi 130 S&S Allure Pack,17490,Usato,03/2022,76461 Km,Diesel,Manuale,Euro 6,Piana di Monte Verna,CE,Rivenditore,https://www.subito.it/auto/peugeot-308-bluehdi-130-s-s-allure-pack-caserta-662904903.htm
Peugeot 308 GT Hybrid 145 e-DCS6 SPOTICAR,23900,Usato,02/2025,19500 Km,Mild Hybrid Benzina,Automatico,Euro 6,Bagnaria Arsa,UD,Rivenditore,https://www.subito.it/auto/peugeot-308-gt-hybrid-145-e-dcs6-spoticar-udine-662901707.htm
PEUGEOT 308 Plug-in Hybrid 225 SW GT,19990,Usato,01/2023,18000 Km,Ibrida,Sequenziale,Euro 6,Alcamo,TP,Rivenditore,https://www.subito.it/auto/peugeot-308-plug-in-hybrid-225-sw-gt-trapani-662175073.htm
Peugeot 308 Active Pack PureTech 130 S&S,14450,Usato,09/2022,60549 Km,Benzina,Manuale,,Castello di Cisterna,NA,Rivenditore,https://www.subito.it/auto/peugeot-308-active-pack-puretech-130-s-s-napoli-655482351.htm
PEUGEOT 308 BlueHDi 130 S&S EAT8 SW Allure,22490,Usato,03/2024,51800 Km,Diesel,Automatico,Euro 6,Agnone,IS,Rivenditore,https://www.subito.it/auto/peugeot-308-bluehdi-130-s-s-eat8-sw-allure-isernia-662897215.htm
Peugeot 308 III 2021 1.2 puretech t Active Pa...,14986,Usato,05/2022,35932 Km,Benzina,Manuale,Euro 6,Erba,CO,Rivenditore,https://www.subito.it/auto/peugeot-308-iii-2021-1-2-puretech-t-active-pa-como-659883957.htm
Peugeot 308 PureTech Turbo 130 S&S Allure,18900,Usato,12/2023,16000 Km,Benzina,Manuale,Euro 6,Cercola,NA,Rivenditore,https://www.subito.it/auto/peugeot-308-puretech-turbo-130-s-s-allure-napoli-662892757.htm
Peugeot 308 Active Pack PureTech 130 S&S,14500,Usato,09/2022,59053 Km,Benzina,Manuale,,Roma,RM,Rivenditore,https://www.subito.it/auto/peugeot-308-active-pack-puretech-130-s-s-roma-654800738.htm
Peugeot 308 BlueHDi 130 S&S EAT8 SW Allure,14900,Usato,08/2022,153600 Km,Diesel,Automatico,Euro 6,Foggia,FG,Rivenditore,https://www.subito.it/auto/peugeot-308-bluehdi-130-s-s-eat8-sw-allure-foggia-662884501.htm
Peugeot 308 BlueHDi 130 S&S EAT8 Allure Pack,18800,Usato,02/2022,44900 Km,Diesel,Automatico,Euro 6,Montichiari,BS,Rivenditore,https://www.subito.it/auto/peugeot-308-bluehdi-130-s-s-eat8-allure-pack-brescia-657611662.htm
Peugeot 308 Active Pack PureTech 130 S&S,14950,Usato,09/2022,53542 Km,Benzina,Manuale,,Roma,RM,Rivenditore,https://www.subito.it/auto/peugeot-308-active-pack-puretech-130-s-s-roma-654800084.htm
Peugeot 308 SW BlueHDi 130 Cv. EAT8 SW Active Pack,15900,Usato,01/2022,143878 Km,Diesel,Automatico,Euro 6,Caserta,CE,Rivenditore,https://www.subito.it/auto/peugeot-308-sw-bluehdi-130-cv-eat8-sw-active-pack-caserta-647113171.htm
Peugeot 308 SW 1.2 hybrid GT 136cv e-dcs 6,20450,Usato,02/2025,26276 Km,Ibrida,Automatico,Euro 6d-TEMP,Romano di Lombardia,BG,Rivenditore,https://www.subito.it/auto/peugeot-308-sw-1-2-hybrid-gt-136cv-e-dcs-6-bergamo-662633338.htm
PEUGEOT 308 1.5 ALLURE 150cv Android/Carplay,16800,Usato,04/2024,12077 Km,Benzina,Manuale,Euro 6,Roma,RM,Rivenditore,https://www.subito.it/auto/peugeot-308-1-5-allure-150cv-android-carplay-roma-647989611.htm
Peugeot 308 Plug-in Hybrid 180 e-EAT8 GT,22990,Usato,08/2024,51240 Km,Mild Hybrid Benzina,Sequenziale,Euro 6,Osnago,LC,Rivenditore,https://www.subito.it/auto/peugeot-308-plug-in-hybrid-180-e-eat8-gt-lecco-662862658.htm
Peugeot 308 BlueHDi 130 S&S EAT8 Allure,19990,Usato,02/2024,43000 Km,Diesel,Automatico,Euro 6,San Gregorio Magno,SA,Rivenditore,https://www.subito.it/auto/peugeot-308-bluehdi-130-s-s-eat8-allure-salerno-662861587.htm
Peugeot 308 BlueHDi 130 S&S SW Allure,17499,Usato,05/2022,111000 Km,Diesel,Manuale,Euro 6e,Giarre,CT,Rivenditore,https://www.subito.it/auto/peugeot-308-bluehdi-130-s-s-sw-allure-catania-640221890.htm
PEUGEOT SW 308 1.5 BLUEHDI ALLURE PACK AT8 131CV -,17499,Usato,11/2022,85000 Km,Diesel,Automatico,Euro 6,Brescello,RE,Rivenditore,https://www.subito.it/auto/peugeot-sw-308-1-5-bluehdi-allure-pack-at8-131cv-reggio-emilia-662860580.htm
Peugeot 308 Hybrid 145 e-DCS6 GT,22451,Usato,03/2025,16189 Km,Mild Hybrid Benzina,Automatico,Euro 6,Osnago,LC,Rivenditore,https://www.subito.it/auto/peugeot-308-hybrid-145-e-dcs6-gt-lecco-662854509.htm
PEUGEOT 308 BlueHDi 130 CV SW GT SES EAT8,17800,Usato,12/2022,79000 Km,Diesel,Automatico,Euro 6,Grottaminarda,AV,Rivenditore,https://www.subito.it/auto/peugeot-308-bluehdi-130-cv-sw-gt-ses-eat8-avellino-662853085.htm
Pegeout 308,13990,Usato,01/2023,19800 Km,Benzina,Manuale,Euro 6d-TEMP,Roma,RM,Privato,https://www.subito.it/auto/pegeout-308-roma-662843374.htm
Peugeot 308 GT Hybrid 145 e-DCS6 SPOTICAR Plus,23900,Usato,01/2025,22100 Km,Mild Hybrid Benzina,Automatico,Euro 6,Bagnaria Arsa,UD,Rivenditore,https://www.subito.it/auto/peugeot-308-gt-hybrid-145-e-dcs6-spoticar-plus-udine-662832735.htm
Peugeot 308 130 EAT8 SW Allure,14990,Usato,01/2023,127000 Km,Diesel,Automatico,Euro 6,Manduria,TA,Rivenditore,https://www.subito.it/auto/peugeot-308-130-eat8-sw-allure-taranto-662830954.htm
Peugeot 308 BlueHDi 130 S&S EAT8 Allure Pack,12900,Usato,04/2022,161000 Km,Diesel,Automatico,Euro 6,Striano,NA,Rivenditore,https://www.subito.it/auto/peugeot-308-bluehdi-130-s-s-eat8-allure-pack-napoli-662827020.htm
PEUGEOT 308 AU76994,16599,Usato,12/2022,82689 Km,Diesel,Automatico,Euro 6,Sassari,SS,Rivenditore,https://www.subito.it/auto/peugeot-308-au76994-sassari-662817359.htm
PEUGEOT 308 YC32123,17799,Usato,07/2022,48336 Km,Diesel,Automatico,Euro 6,Milano,MI,Rivenditore,https://www.subito.it/auto/peugeot-308-yc32123-milano-662816516.htm
Peugeot 308 BlueHDi 130 S&S EAT8 SW Allure,17800,Usato,12/2022,49900 Km,Diesel,Automatico,Euro 6e,Grottaminarda,AV,Rivenditore,https://www.subito.it/auto/peugeot-308-bluehdi-130-s-s-eat8-sw-allure-avellino-662806619.htm
Peugeot 308 GT tetto apribile,22000,Usato,05/2024,37000 Km,Benzina,Automatico,Euro 6d-TEMP,Villaricca,NA,Privato,https://www.subito.it/auto/peugeot-308-gt-tetto-apribile-napoli-662806607.htm
PEUGEOT 308 Plug-in Hybrid 180 e-EAT8 SW GT,14500,Usato,04/2022,116000 Km,Ibrida,Automatico,Euro 6d-TEMP,Opera,MI,Rivenditore,https://www.subito.it/auto/peugeot-308-plug-in-hybrid-180-e-eat8-sw-gt-milano-662805238.htm
Peugeot 308 Hybrid 145 e-DCS6 SW GT 2025 BIANCO PE,23900,Usato,03/2025,21000 Km,Mild Hybrid Benzina,Automatico,Euro 6,Quarto d'Altino,VE,Rivenditore,https://www.subito.it/auto/peugeot-308-hybrid-145-e-dcs6-sw-gt-2025-bianco-pe-venezia-662794667.htm
Peugeot 308 Allure Pack 1.5 BlueHdi 131cv (My'24 m,14900,Usato,05/2023,110000 Km,Diesel,Automatico,Euro 6,Torino,TO,Rivenditore,https://www.subito.it/auto/peugeot-308-allure-pack-1-5-bluehdi-131cv-my-24-m-torino-662788318.htm
Pegeut 308,20000,Usato,10/2023,33000 Km,Benzina,Automatico,Euro 6d-TEMP,Varese,VA,Privato,https://www.subito.it/auto/pegeut-308-varese-662780954.htm
Peugeot 308 SW 1.2 puretech t GT s&s 130cv eat8,22500,Usato,02/2024,29000 Km,Benzina,Automatico,Euro 6d,Bagnolo Piemonte,CN,Rivenditore,https://www.subito.it/auto/peugeot-308-sw-1-2-puretech-t-gt-s-s-130cv-eat8-cuneo-662778284.htm
PEUGEOT 308 GT e-DCS6 136 CV,18500,Usato,01/2025,41000 Km,Mild Hybrid Benzina,Automatico,Euro 6d-TEMP,Aosta,AO,Privato,https://www.subito.it/auto/peugeot-308-gt-e-dcs6-136-cv-aosta-658072571.htm
PEUGEOT 308 130 CV - PELLE - LED - KM 19.000 - N,18900,Usato,02/2024,19000 Km,Benzina,Manuale,Euro 6,Castagnole delle Lanze,AT,Rivenditore,https://www.subito.it/auto/peugeot-308-130-cv-pelle-led-km-19-000-n-asti-662756638.htm
PEUGEOT 308 130 CV - PELLE - LED - KM 29.000 - N,18900,Usato,02/2024,29000 Km,Benzina,Manuale,Euro 6,Castagnole delle Lanze,AT,Rivenditore,https://www.subito.it/auto/peugeot-308-130-cv-pelle-led-km-29-000-n-asti-662753994.htm
Peugeot 308 Allure BR619395 1.2 Benzina 131CV,11990,Usato,02/2023,91310 Km,Benzina,Manuale,,Reggio nell'Emilia,RE,Rivenditore,https://www.subito.it/auto/peugeot-308-allure-br619395-1-2-benzina-131cv-reggio-emilia-662751828.htm
Peugeot 308 Allure BR619395 1.2 Benzina 131CV,11990,Usato,02/2023,91310 Km,Benzina,Manuale,,Cinisello Balsamo,MI,Rivenditore,https://www.subito.it/auto/peugeot-308-allure-br619395-1-2-benzina-131cv-milano-662751809.htm
Peugeot 308 PureTech Turbo 130 S&S EAT8 Allure Pac,16900,Usato,05/2023,53279 Km,Benzina,Sequenziale,Euro 6,Acerra,NA,Rivenditore,https://www.subito.it/auto/peugeot-308-puretech-turbo-130-s-s-eat8-allure-pac-napoli-662723055.htm
Peugeot 308 BlueHDi 130 S&S EAT8 SW Allure Pack,14990,Usato,06/2022,107000 Km,Diesel,Automatico,Euro 6,Guidonia Montecelio,RM,Rivenditore,https://www.subito.it/auto/peugeot-308-bluehdi-130-s-s-eat8-sw-allure-pack-roma-646006464.htm
Peugeot 308 BlueHDi 130 S&S EAT8 Allure,17500,Usato,06/2022,73390 Km,Diesel,Automatico,Euro 6,Casalnuovo di Napoli,NA,Rivenditore,https://www.subito.it/auto/peugeot-308-bluehdi-130-s-s-eat8-allure-napoli-662702646.htm
PEUGEOT 308 BLUE HDI 130,18500,Usato,06/2022,90000 Km,Diesel,Automatico,Euro 6d-TEMP,Aversa,CE,Privato,https://www.subito.it/auto/peugeot-308-blue-hdi-130-caserta-662669209.htm
Peugeot 308 PureTech Turbo 130CV S&S EAT8 SW Allur,13800,Usato,06/2022,89000 Km,Benzina,Automatico,Euro 6d,Brandico,BS,Rivenditore,https://www.subito.it/auto/peugeot-308-puretech-turbo-130cv-s-s-eat8-sw-allur-brescia-662619532.htm
Peugeot 308 1.5 bluehdi GT s&s 130cv eat8,20900,Usato,03/2022,83453 Km,Diesel,Automatico,Euro 6,Teverola,CE,Rivenditore,https://www.subito.it/auto/peugeot-308-1-5-bluehdi-gt-s-s-130cv-eat8-caserta-662606018.htm
PEUGEOT 308 BlueHDi 130 S&S EAT8 Allure #VARI COLO,18900,Usato,06/2022,52000 Km,Diesel,Automatico,Euro 6d-TEMP,Martellago,VE,Rivenditore,https://www.subito.it/auto/peugeot-308-bluehdi-130-s-s-eat8-allure-vari-colo-venezia-662598288.htm
Peugeot 308 BlueHDi 130 S&S EAT8 SW Allure Pack,12700,Usato,06/2022,170000 Km,Diesel,Sequenziale,Euro 6,Afragola,NA,Rivenditore,https://www.subito.it/auto/peugeot-308-bluehdi-130-s-s-eat8-sw-allure-pack-napoli-662573572.htm
PEUGEOT 308 BlueHDi 130 S&S Allure Pack,15500,Usato,07/2022,120480 Km,Diesel,Manuale,Euro 6,Lecce,LE,Rivenditore,https://www.subito.it/auto/peugeot-308-bluehdi-130-s-s-allure-pack-lecce-662546905.htm
Peugeot 308 1.2 PureTech 130 CV EAT8 Allure Pack,16400,Usato,04/2022,84000 Km,Benzina,Automatico,Euro 6d-TEMP,Cassino,FR,Privato,https://www.subito.it/auto/peugeot-308-1-2-puretech-130-cv-eat8-allure-pack-frosinone-662465041.htm
Peugeot 308,14000,Usato,04/2023,90000 Km,Benzina,Manuale,Euro 6d-TEMP,Forli',FC,Privato,https://www.subito.it/auto/peugeot-308-forli-cesena-662370693.htm
Peugeot 308 SW,20000,Usato,06/2022,68000 Km,Diesel,Sequenziale,Euro 6d-TEMP,Napoli,NA,Privato,https://www.subito.it/auto/peugeot-308-sw-napoli-662365349.htm
Peugeot 308 allure pack,19000,Usato,06/2022,78900 Km,Diesel,Manuale,Euro 6d-TEMP,Fano,PU,Privato,https://www.subito.it/auto/peugeot-308-allure-pack-pesaro-urbino-662359541.htm
Peugeot 308 Plug-in Hybrid 225 e-EAT8 GT Pack,18500,Usato,09/2022,116000 Km,Plug-in Hybrid Benzina,Sequenziale,Euro 6d-TEMP,Parma,PR,Privato,https://www.subito.it/auto/peugeot-308-plug-in-hybrid-225-e-eat8-gt-pack-parma-662336033.htm
Peugeot 308 gt 1.5hdi,25300,Usato,03/2023,51000 Km,Diesel,Automatico,Euro 6d,Popoli,PE,Privato,https://www.subito.it/auto/peugeot-308-gt-1-5hdi-pescara-662278677.htm
Peugeot 308 1.5 diesel 130CV Allure Pack 2023 90.0,13900,Usato,01/2023,89000 Km,Diesel,Manuale,Euro 6,Napoli,NA,Rivenditore,https://www.subito.it/auto/peugeot-308-1-5-diesel-130cv-allure-pack-2023-90-0-napoli-662243266.htm
Peugeot 308 BlueHDi 130 S&S EAT8 SW Allure - 2022,17600,Usato,05/2022,48000 Km,Diesel,Automatico,Euro 6,Rimini,RN,Rivenditore,https://www.subito.it/auto/peugeot-308-bluehdi-130-s-s-eat8-sw-allure-2022-rimini-662220918.htm
Peugeot 308 BlueHDi 130 S&S Allure Pack,14800,Usato,02/2022,117639 Km,Diesel,Manuale,Euro 6,Orta Nova,FG,Rivenditore,https://www.subito.it/auto/peugeot-308-bluehdi-130-s-s-allure-pack-foggia-662209062.htm
PEUGEOT 308 PureTech Turbo 130 S&S SW Act. Pack,18990,Usato,04/2024,3931 Km,Benzina,Manuale,Euro 6,Agnone,IS,Rivenditore,https://www.subito.it/auto/peugeot-308-puretech-turbo-130-s-s-sw-act-pack-isernia-662181314.htm
PEUGEOT 308 BlueHDi 130 S&S EAT8 SW Allure,23490,Usato,09/2024,34177 Km,Diesel,Automatico,Euro 6,Agnone,IS,Rivenditore,https://www.subito.it/auto/peugeot-308-bluehdi-130-s-s-eat8-sw-allure-isernia-662181294.htm
Peugeot 308 GT Line,14200,Usato,05/2023,52882 Km,Diesel,Automatico,Euro 6d-TEMP,Rimini,RN,Privato,https://www.subito.it/auto/peugeot-308-gt-line-rimini-662157470.htm
PEUGEOT 308 BlueHDi 130 S&S EAT8 SW Allure,23490,Usato,06/2024,44196 Km,Diesel,Automatico,Euro 6,Castel di Sangro,AQ,Rivenditore,https://www.subito.it/auto/peugeot-308-bluehdi-130-s-s-eat8-sw-allure-l-aquila-662126485.htm
PEUGEOT 308 PureTech Turbo 130 S&S SW Act. Pack,20990,Km0,04/2024,,Benzina,Manuale,Euro 6,Castel di Sangro,AQ,Rivenditore,https://www.subito.it/auto/peugeot-308-puretech-turbo-130-s-s-sw-act-pack-l-aquila-662126437.htm
PEUGEOT 308 1.2 puretech t Allure s&s 130cv eat8,17900,Usato,05/2024,33000 Km,Benzina,Automatico,Euro 6,Perugia,PG,Rivenditore,https://www.subito.it/auto/peugeot-308-1-2-puretech-t-allure-s-s-130cv-eat8-perugia-662124723.htm
Peugeot 308 ACTIVE PACK PureTech Turbo 110 6mt SPO,16600,Usato,06/2022,61200 Km,Benzina,Manuale,Euro 6,Bagnaria Arsa,UD,Rivenditore,https://www.subito.it/auto/peugeot-308-active-pack-puretech-turbo-110-6mt-spo-udine-662121961.htm
Peugeot 308 SW GT Diesel,12900,Usato,12/2022,145000 Km,Diesel,Sequenziale,Euro 6,Treglio,CH,Rivenditore,https://www.subito.it/auto/peugeot-308-sw-gt-diesel-chieti-662071441.htm
PEUGEOT 308 PureTech Turbo 130 S&S EAT8 Allure,16500,Usato,05/2023,89300 Km,Benzina,Sequenziale,Euro 6,Ancona,AN,Rivenditore,https://www.subito.it/auto/peugeot-308-puretech-turbo-130-s-s-eat8-allure-ancona-662059009.htm
PEUGEOT 308 YC32123,17799,Usato,07/2022,48336 Km,Diesel,Automatico,Euro 6,Roma,RM,Rivenditore,https://www.subito.it/auto/peugeot-308-yc32123-roma-662057492.htm
Peugeot 308 SW - PureTech 130 S&S EAT8 GT,29900,Km0,09/2024,,Benzina,Automatico,Euro 6,Alessandria,AL,Rivenditore,https://www.subito.it/auto/peugeot-308-sw-puretech-130-s-s-eat8-gt-alessandria-662055624.htm
Peugeot 308 BlueHDi 130 S&S EAT8 Allure Pack,16900,Usato,10/2023,75000 Km,Diesel,Automatico,Euro 6,Casoria,NA,Rivenditore,https://www.subito.it/auto/peugeot-308-bluehdi-130-s-s-eat8-allure-pack-napoli-662054690.htm
Peugeot 308 BlueHDi 130 S&S EAT8 SW Allure Pack,15400,Usato,01/2023,137000 Km,Diesel,Sequenziale,Euro 6,Pollena Trocchia,NA,Rivenditore,https://www.subito.it/auto/peugeot-308-bluehdi-130-s-s-eat8-sw-allure-pack-napoli-662018971.htm
PEUGEOT 308 130 CV ALLURE PACK BlueHDi S&S,15800,Usato,04/2023,152633 Km,Diesel,Automatico,Euro 6,Casarano,LE,Rivenditore,https://www.subito.it/auto/peugeot-308-130-cv-allure-pack-bluehdi-s-s-lecce-661953801.htm
PEUGEOT 308 1.5 130 CV ALLURE SW CAMBIO AUTOMATICO,14800,Usato,09/2022,112500 Km,Diesel,Automatico,Euro 6,Casarano,LE,Rivenditore,https://www.subito.it/auto/peugeot-308-1-5-130-cv-allure-sw-cambio-automatico-lecce-661953765.htm
Peugeot 308 BlueHDi 130 S&S EAT8 SW KM0,20200,Usato,07/2024,999 Km,Diesel,Automatico,Euro 6,Ottaviano,NA,Rivenditore,https://www.subito.it/auto/peugeot-308-bluehdi-130-s-s-eat8-sw-km0-napoli-661950637.htm
Peugeot 308 BlueHDi 130 S&S EAT8 Allure in arrivo,16400,Usato,12/2022,109000 Km,Diesel,Automatico,Euro 6,Oria,BR,Rivenditore,https://www.subito.it/auto/peugeot-308-bluehdi-130-s-s-eat8-allure-in-arrivo-brindisi-661950431.htm
PEUGEOT 308 SW 1.5 130CV AUT. 1/2025,19450,Usato,01/2025,16000 Km,Diesel,Sequenziale,Euro 6,Andria,BT,Rivenditore,https://www.subito.it/auto/peugeot-308-sw-1-5-130cv-aut-1-2025-barletta-andria-trani-661857265.htm
Peugeot 308 GT – Ottime condizion – 2022,15000,Usato,01/2022,120000 Km,Diesel,Automatico,Euro 6d,Nonantola,MO,Rivenditore,https://www.subito.it/auto/peugeot-308-gt-ottime-condizion-2022-modena-654658341.htm
PEUGEOT 308 Plug-in Hybrid 180 e-EAT8 SW Allure,15300,Usato,04/2023,102000 Km,Ibrida,Automatico,Euro 6,Milano,MI,Rivenditore,https://www.subito.it/auto/peugeot-308-plug-in-hybrid-180-e-eat8-sw-allure-milano-661848973.htm
Peugeot 308 1.5 blueHDI Allure Pack s&s 130cv eat8,19000,Usato,08/2022,68600 Km,Diesel,Sequenziale,Euro 6d-TEMP,Acquapendente,VT,Privato,https://www.subito.it/auto/peugeot-308-1-5-bluehdi-allure-pack-s-s-130cv-eat8-viterbo-661820649.htm
Peugeot 308 BlueHDi 130 S&S EAT8 Allure,16500,Usato,09/2022,125682 Km,Diesel,Automatico,Euro 6,Sant'Egidio del Monte Albino,SA,Rivenditore,https://www.subito.it/auto/peugeot-308-bluehdi-130-s-s-eat8-allure-salerno-661809720.htm
Peugeot 308 SW 1.6 hybrid GT 180cv e-eat8,17700,Usato,04/2022,127122 Km,Ibrida,Automatico,Euro 6,Modugno,BA,Rivenditore,https://www.subito.it/auto/peugeot-308-sw-1-6-hybrid-gt-180cv-e-eat8-bari-661789824.htm
Peugeot 308 1.2 puretech t. Active Pack s&s 130cv,17400,Usato,05/2022,59245 Km,Benzina,Manuale,Euro 6,Parma,PR,Rivenditore,https://www.subito.it/auto/peugeot-308-1-2-puretech-t-active-pack-s-s-130cv-parma-661784650.htm
Peugeot 308 1.2 puretech t. Allure Pack s&s 130cv,18573,Usato,04/2024,21308 Km,Benzina,Manuale,Euro 6,Firenze,FI,Rivenditore,https://www.subito.it/auto/peugeot-308-1-2-puretech-t-allure-pack-s-s-130cv-firenze-661783516.htm
Peugeot 308 SW 1.5 bluehdi Allure Pack s&s 130cv e,16000,Usato,09/2022,102500 Km,Diesel,Sequenziale,Euro 6,Forlimpopoli,FC,Rivenditore,https://www.subito.it/auto/peugeot-308-sw-1-5-bluehdi-allure-pack-s-s-130cv-e-forli-cesena-661783477.htm
Peugeot 308 SW 1.5 bluehdi Allure Pack s&s 130cv e,16000,Usato,09/2022,102500 Km,Diesel,Sequenziale,Euro 6,Rovigo,RO,Rivenditore,https://www.subito.it/auto/peugeot-308-sw-1-5-bluehdi-allure-pack-s-s-130cv-e-rovigo-661783375.htm
Peugeot 308 BlueHDi 130 S&S EAT8 Allure,27900,Usato,07/2025,,Diesel,Automatico,Euro 6d-TEMP,Riposto,CT,Rivenditore,https://www.subito.it/auto/peugeot-308-bluehdi-130-s-s-eat8-allure-catania-661782059.htm
PEUGEOT 308SW 1.5Bluehdi 2022 Allure Pack,17999,Usato,07/2022,48000 Km,Diesel,Sequenziale,Euro 6d-TEMP,Cosenza,CS,Privato,https://www.subito.it/auto/peugeot-308sw-1-5bluehdi-2022-allure-pack-cosenza-661749980.htm
Auto perfetta come nuova,18000,Usato,05/2023,75000 Km,Diesel,Sequenziale,Euro 6d-TEMP,Terni,TR,Privato,https://www.subito.it/auto/auto-perfetta-come-nuova-terni-661689641.htm
Peugeot 308 Plug-in Hybrid 180 e-EAT8 SW Allure Pa,16500,Usato,05/2023,126000 Km,Mild Hybrid Benzina,Sequenziale,Euro 6,Manzano,UD,Rivenditore,https://www.subito.it/auto/peugeot-308-plug-in-hybrid-180-e-eat8-sw-allure-pa-udine-661682534.htm
Peugeot 308 BlueHDi 130 S&S EAT8 SW Allure Pack,15499,Usato,05/2023,91500 Km,Diesel,Automatico,Euro 6d,Vigasio,VR,Rivenditore,https://www.subito.it/auto/peugeot-308-bluehdi-130-s-s-eat8-sw-allure-pack-verona-661602136.htm
Peugeot 308 GT Pack Plug-in Hybrid 225 CV e-EAT8,20995,Usato,03/2022,81500 Km,Plug-in Hybrid Benzina,Sequenziale,Euro 6d-TEMP,Brescia,BS,Privato,https://www.subito.it/auto/peugeot-308-gt-pack-plug-in-hybrid-225-cv-e-eat8-brescia-661597350.htm
Peugeot 308 BlueHDi 130 S&S SW Allure Pack,28500,Usato,06/2022,70 Km,Diesel,Manuale,Euro 6,Canelli,AT,Rivenditore,https://www.subito.it/auto/peugeot-308-bluehdi-130-s-s-sw-allure-pack-asti-661560321.htm
Peugeot 308 BlueHDi 130 S&S EAT8 Allure PREZZO REA,18400,Usato,07/2022,67500 Km,Diesel,Sequenziale,Euro 6d-TEMP,Torino,TO,Rivenditore,https://www.subito.it/auto/peugeot-308-bluehdi-130-s-s-eat8-allure-prezzo-rea-torino-661557853.htm
Peugeot 308 SW 1.2 hybrid GT 145cv e-dcs 6 #VARI C,19900,Usato,03/2025,19500 Km,Ibrida,Automatico,Euro 6e,Martellago,VE,Rivenditore,https://www.subito.it/auto/peugeot-308-sw-1-2-hybrid-gt-145cv-e-dcs-6-vari-c-venezia-661547794.htm
PEUGEOT 308 perfetta !,17500,Usato,04/2024,27000 Km,Benzina,Sequenziale,Euro 6d-TEMP,Milano,MI,Privato,https://www.subito.it/auto/peugeot-308-perfetta-milano-661520978.htm
Peugeot 308 1.2 130CV GT,24500,Usato,12/2023,17000 Km,Benzina,Sequenziale,Euro 6d-TEMP,Palermo,PA,Privato,https://www.subito.it/auto/peugeot-308-1-2-130cv-gt-palermo-661468686.htm
Peugeot 308 Allure ,12900,Usato,09/2022,68000 Km,Diesel,Automatico,Euro 6d,Mestrino,PD,Rivenditore,https://www.subito.it/auto/peugeot-308-allure-padova-661468166.htm
Peugeot 308 Plug in Hybrid ,19000,Usato,04/2024,45000 Km,Benzina,Manuale,Euro 6d-TEMP,Roma,RM,Privato,https://www.subito.it/auto/peugeot-308-plug-in-hybrid-roma-661467178.htm
Peugeot 308 1.2 puretech t GT Pack s&s 130cv eat8,20900,Usato,02/2023,29906 Km,Benzina,Automatico,Euro 6,San Giovanni Teatino,CH,Rivenditore,https://www.subito.it/auto/peugeot-308-1-2-puretech-t-gt-pack-s-s-130cv-eat8-chieti-661387495.htm
Peugeot 308 1.2 puretech t GT Pack s&s 130cv eat8,20900,Usato,02/2023,29906 Km,Benzina,Automatico,Euro 6,Roma,RM,Rivenditore,https://www.subito.it/auto/peugeot-308-1-2-puretech-t-gt-pack-s-s-130cv-eat8-roma-661387486.htm
PEUGEOT 308 Allure 1.2 Turbo 130 (MODELLO NUOVO!),14900,Usato,06/2022,90000 Km,Benzina,Automatico,Euro 6,Torino,TO,Rivenditore,https://www.subito.it/auto/peugeot-308-allure-1-2-turbo-130-modello-nuovo-torino-661352225.htm
PEUGEOT 308 PureTech Turbo 130 S&S Allure,17990,Usato,09/2024,20715 Km,Benzina,Manuale,Euro 6,Agnone,IS,Rivenditore,https://www.subito.it/auto/peugeot-308-puretech-turbo-130-s-s-allure-isernia-661342108.htm
Peugeot 308 BlueHDi 130 S&S EAT8 Allure,18500,Usato,12/2022,79350 Km,Diesel,Sequenziale,Euro 6,Napoli,NA,Rivenditore,https://www.subito.it/auto/peugeot-308-bluehdi-130-s-s-eat8-allure-napoli-661320897.htm
Peugeot 308 BlueHDi 130 S&S EAT8 SW Allure,19900,Usato,07/2023,31800 Km,Diesel,Automatico,Euro 6,Casavatore,NA,Rivenditore,https://www.subito.it/auto/peugeot-308-bluehdi-130-s-s-eat8-sw-allure-napoli-661318642.htm
PEUGEOT 308 BlueHDi 130 S&S EAT8 SW Allure Pack,17990,Usato,12/2022,89000 Km,Diesel,Sequenziale,Euro 6,Potenza,PZ,Rivenditore,https://www.subito.it/auto/peugeot-308-bluehdi-130-s-s-eat8-sw-allure-pack-potenza-652515266.htm
Peugeot New 308 SW 1.5 BlueHDi 130 CV EAT8 Allure ,16400,Usato,01/2023,38301 Km,Diesel,Sequenziale,Euro 6,Montalto Uffugo,CS,Rivenditore,https://www.subito.it/auto/peugeot-new-308-sw-1-5-bluehdi-130-cv-eat8-allure-cosenza-661256697.htm
PEUGEOT 308 Hybrid 180 e-EAT8 Allure,22990,Usato,07/2023,38700 Km,Ibrida,Automatico,Euro 6,Castel di Sangro,AQ,Rivenditore,https://www.subito.it/auto/peugeot-308-hybrid-180-e-eat8-allure-l-aquila-661252208.htm
Peugeot 308 BlueHDi 130 S&S EAT8 SW Allure,16400,Usato,12/2023,130000 Km,Diesel,Sequenziale,Euro 6,Oria,BR,Rivenditore,https://www.subito.it/auto/peugeot-308-bluehdi-130-s-s-eat8-sw-allure-brindisi-661190329.htm
Peugeot 308 BlueHDi 130 S&S EAT8 SW Allure,17900,Usato,12/2024,130000 Km,Diesel,Automatico,Euro 6,Oria,BR,Rivenditore,https://www.subito.it/auto/peugeot-308-bluehdi-130-s-s-eat8-sw-allure-brindisi-661189731.htm
PEUGEOT 308 iii 2021 308 1.2 puretech t Allure Pac,17482,Usato,04/2023,49927 Km,Benzina,Automatico,Euro 6,Sala Bolognese,BO,Rivenditore,https://www.subito.it/auto/peugeot-308-iii-2021-308-1-2-puretech-t-allure-pac-bologna-661134455.htm
PEUGEOT 308 iii 2021 308 1.2 puretech t Allure Pac,17552,Usato,12/2022,29307 Km,Benzina,Automatico,Euro 6,Sala Bolognese,BO,Rivenditore,https://www.subito.it/auto/peugeot-308-iii-2021-308-1-2-puretech-t-allure-pac-bologna-661134511.htm
PEUGEOT 308 iii 2021 308 1.2 puretech t Allure Pac,17552,Usato,12/2022,29307 Km,Benzina,Automatico,Euro 6,Meda,MB,Rivenditore,https://www.subito.it/auto/peugeot-308-iii-2021-308-1-2-puretech-t-allure-pac-monza-661134574.htm
PEUGEOT 308 iii 2021 308 1.2 puretech t Allure Pac,17482,Usato,04/2023,49927 Km,Benzina,Automatico,Euro 6,Roma,RM,Rivenditore,https://www.subito.it/auto/peugeot-308-iii-2021-308-1-2-puretech-t-allure-pac-roma-661134447.htm
PEUGEOT 308 iii 2021 308 1.2 puretech t Allure Pac,17552,Usato,12/2022,29307 Km,Benzina,Automatico,Euro 6,Roma,RM,Rivenditore,https://www.subito.it/auto/peugeot-308-iii-2021-308-1-2-puretech-t-allure-pac-roma-661134464.htm
PEUGEOT 308 iii 2021 sw 308 SW 1.5 bluehdi GT s&s,23072,Usato,04/2025,8597 Km,Diesel,Automatico,Euro 6,Meda,MB,Rivenditore,https://www.subito.it/auto/peugeot-308-iii-2021-sw-308-sw-1-5-bluehdi-gt-s-s-monza-661066925.htm
Peugeot 308,17500,Usato,12/2022,137000 Km,Diesel,Sequenziale,Euro 6d-TEMP,Taranto,TA,Privato,https://www.subito.it/auto/peugeot-308-taranto-660997795.htm
PEUGEOT 308 SW 1.5 CC 130 CV BLUE HDI EAT8  ,14200,Usato,11/2022,85100 Km,Diesel,Sequenziale,Euro 6d-TEMP,Nettuno,RM,Privato,https://www.subito.it/auto/peugeot-308-sw-1-5-cc-130-cv-blue-hdi-eat8-roma-660983070.htm
Peugeot 308 1.6 E-HDI LB9HCG - DIESEL DV6C-9HC-9H0,6890,Usato,09/2026,80000 Km,Diesel,Manuale,Euro 5,Quarto,NA,Rivenditore,https://www.subito.it/auto/peugeot-308-1-6-e-hdi-lb9hcg-diesel-dv6c-9hc-9h0-napoli-660931370.htm
PEUGEOT 308 SW 1.2 hybrid GT 145cv e-dcs 6,20900,Usato,03/2025,21500 Km,Altro,Automatico,Euro 6,Piombino Dese,PD,Rivenditore,https://www.subito.it/auto/peugeot-308-sw-1-2-hybrid-gt-145cv-e-dcs-6-padova-660861244.htm
PEUGEOT 308 3ª serie pari al nuovo,17500,Usato,05/2022,57000 Km,Diesel,Sequenziale,Euro 6d-TEMP,Siena,SI,Privato,https://www.subito.it/auto/peugeot-308-3-serie-pari-al-nuovo-siena-660846787.htm
Peugeot 308 1.5 blueHDi,21500,Usato,06/2023,38000 Km,Diesel,Sequenziale,Euro 6d-TEMP,Bagnara di Romagna,RA,Privato,https://www.subito.it/auto/peugeot-308-1-5-bluehdi-ravenna-660859451.htm
Peugeot 308 sw gt line blu hdi 1.5,19500,Usato,10/2022,85812 Km,Diesel,Sequenziale,Euro 6d-TEMP,Breme,PV,Privato,https://www.subito.it/auto/peugeot-308-sw-gt-line-blu-hdi-1-5-pavia-660805013.htm
Peugeot 308 BlueHDi 130 S&S EAT8 SW Allure Pack,16500,Usato,05/2022,100380 Km,Diesel,Sequenziale,Euro 6,Troia,FG,Rivenditore,https://www.subito.it/auto/peugeot-308-bluehdi-130-s-s-eat8-sw-allure-pack-foggia-660778950.htm
Peugeot 308 GT Hybrid 145 e-DCS6 aut.,21500,Usato,03/2025,7369 Km,Ibrida,Automatico,Euro 6d-TEMP,Alessandria,AL,Rivenditore,https://www.subito.it/auto/peugeot-308-gt-hybrid-145-e-dcs6-aut-alessandria-660759076.htm
308 BlueHDi 130 S&S EAT8 GT Pack,18500,Usato,03/2022,80608 Km,Diesel,Sequenziale,Euro 6d-TEMP,Caserta,CE,Privato,https://www.subito.it/auto/308-bluehdi-130-s-s-eat8-gt-pack-caserta-660754967.htm
Peugeot 308 BlueHDi 130 EAT8 SW Allure Pack,18500,Usato,05/2022,88000 Km,Diesel,Automatico,Euro 6,Castiglione del Lago,PG,Rivenditore,https://www.subito.it/auto/peugeot-308-bluehdi-130-eat8-sw-allure-pack-perugia-660711168.htm
308 GT Hybrid,25000,Usato,07/2022,56000 Km,Plug-in Hybrid Benzina,Sequenziale,Euro 6d-TEMP,Assemini,CA,Privato,https://www.subito.it/auto/308-gt-hybrid-cagliari-660703473.htm
PEUGEOT 308 Hybrid 145 e-DCS6 SW GT,25900,Usato,03/2025,15500 Km,Ibrida,Automatico,Euro 6,San Paolo d'Argon,BG,Rivenditore,https://www.subito.it/auto/peugeot-308-hybrid-145-e-dcs6-sw-gt-bergamo-641758535.htm
Peugeot 308 Allure Pack BlueHDi 130 EAT8 S&S aut.,17900,Usato,07/2022,68294 Km,Diesel,Automatico,Euro 6,Teverola,CE,Rivenditore,https://www.subito.it/auto/peugeot-308-allure-pack-bluehdi-130-eat8-s-s-aut-caserta-660512556.htm
PEUGEOT 308 SW BlueHDi 130 cv EAT8 Allure - PROM,13900,Usato,09/2022,67000 Km,Diesel,Automatico,Euro 6,Este,PD,Rivenditore,https://www.subito.it/auto/peugeot-308-sw-bluehdi-130-cv-eat8-allure-prom-padova-660404033.htm
PEUGEOT 308 KL07331,23999,Usato,05/2024,26997 Km,Ibrida,Automatico,Euro 6,Roma,RM,Rivenditore,https://www.subito.it/auto/peugeot-308-kl07331-roma-660402027.htm
PEUGEOT 308 AU76994,16599,Usato,12/2022,82689 Km,Diesel,Automatico,Euro 6,Roma,RM,Rivenditore,https://www.subito.it/auto/peugeot-308-au76994-roma-660401964.htm
PEUGEOT 308 AU76994,16599,Usato,12/2022,82689 Km,Diesel,Automatico,Euro 6,Verona,VR,Rivenditore,https://www.subito.it/auto/peugeot-308-au76994-verona-660401716.htm
Peugeot 308 SW GT Hybrid 136 e-DCS6,22300,Usato,03/2025,19141 Km,Ibrida,Automatico,,Portogruaro,VE,Rivenditore,https://www.subito.it/auto/peugeot-308-sw-gt-hybrid-136-e-dcs6-venezia-660400688.htm
Peugeot 308 SW GT Hybrid 136 e-DCS6,22300,Usato,03/2025,19141 Km,Ibrida,Automatico,,Pordenone,PN,Rivenditore,https://www.subito.it/auto/peugeot-308-sw-gt-hybrid-136-e-dcs6-pordenone-660400197.htm
PEUGEOT 308 PureTech Turbo 130 S&S EAT8 SW GT,22990,Usato,05/2024,5779 Km,Benzina,Automatico,Euro 6,Lanciano,CH,Rivenditore,https://www.subito.it/auto/peugeot-308-puretech-turbo-130-s-s-eat8-sw-gt-chieti-660355782.htm
PEUGEOT 308 iii 2021 sw 308 SW 1.5 bluehdi GT s&s,23072,Usato,04/2025,8597 Km,Diesel,Automatico,Euro 6,Sala Bolognese,BO,Rivenditore,https://www.subito.it/auto/peugeot-308-iii-2021-sw-308-sw-1-5-bluehdi-gt-s-s-bologna-660271925.htm
Peugeot 308 Allure BR368030 1.2 Benzina 131CV,14690,Usato,05/2024,15861 Km,Benzina,Manuale,,Cinisello Balsamo,MI,Rivenditore,https://www.subito.it/auto/peugeot-308-allure-br368030-1-2-benzina-131cv-milano-660265302.htm
Peugeot 308 Allure BR368030 1.2 Benzina 131CV,14690,Usato,05/2024,15861 Km,Benzina,Manuale,,Reggio nell'Emilia,RE,Rivenditore,https://www.subito.it/auto/peugeot-308-allure-br368030-1-2-benzina-131cv-reggio-emilia-660265303.htm
Peugeot 308 Allure BR682818 1.2 Benzina 131CV,14690,Usato,05/2024,14658 Km,Benzina,Manuale,,Reggio nell'Emilia,RE,Rivenditore,https://www.subito.it/auto/peugeot-308-allure-br682818-1-2-benzina-131cv-reggio-emilia-660265294.htm
Peugeot 308 SW 1.6  hybrid,18000,Usato,06/2022,64000 Km,Benzina,Automatico,Euro 6d-TEMP,Giovinazzo,BA,Privato,https://www.subito.it/auto/peugeot-308-sw-1-6-hybrid-bari-660246913.htm
PEUGEOT 308 iii 2021 sw 308 SW 1.2 hybrid GT 136cv,21956,Usato,03/2025,22891 Km,Ibrida,Automatico,Euro 6,Sala Bolognese,BO,Rivenditore,https://www.subito.it/auto/peugeot-308-iii-2021-sw-308-sw-1-2-hybrid-gt-136cv-bologna-660139757.htm
PEUGEOT 308 iii 2021 sw 308 SW 1.2 hybrid GT 136cv,21956,Usato,03/2025,22891 Km,Ibrida,Automatico,Euro 6,Roma,RM,Rivenditore,https://www.subito.it/auto/peugeot-308-iii-2021-sw-308-sw-1-2-hybrid-gt-136cv-roma-660139704.htm
PEUGEOT 308 PureTech Turbo 130 S&S EAT8 GT,18950,Usato,10/2023,19980 Km,Benzina,Automatico,Euro 6,Quattro Castella,RE,Rivenditore,https://www.subito.it/auto/peugeot-308-puretech-turbo-130-s-s-eat8-gt-reggio-emilia-660156146.htm
Peugeot 308 Allure BR682818 1.2 Benzina 131CV,14690,Usato,05/2024,14658 Km,Benzina,Manuale,,Cinisello Balsamo,MI,Rivenditore,https://www.subito.it/auto/peugeot-308-allure-br682818-1-2-benzina-131cv-milano-660151136.htm
peugeot 308,22000,Usato,01/2022,38000 Km,Plug-in Hybrid Benzina,Automatico,Euro 6d-TEMP,Pianezza,TO,Privato,https://www.subito.it/auto/peugeot-308-torino-639669077.htm
PEUGEOT 308 BlueHDi 130 S&S EAT8 SW Allure Pack,17500,Usato,07/2023,119000 Km,Diesel,Sequenziale,Euro 6,Treviso,TV,Rivenditore,https://www.subito.it/auto/peugeot-308-bluehdi-130-s-s-eat8-sw-allure-pack-treviso-660022064.htm
Peugeot 308 BlueHDi 130 S&S EAT8 SW Allure,28400,Usato,10/2025,10 Km,Diesel,Automatico,,Misano Adriatico,RN,Rivenditore,https://www.subito.it/auto/peugeot-308-bluehdi-130-s-s-eat8-sw-allure-rimini-660020462.htm
Peugeot 308 BlueHDi 130 S&S EAT8 SW Allure,11500,Usato,05/2022,171000 Km,Diesel,Automatico,Euro 6,San Gregorio Magno,SA,Rivenditore,https://www.subito.it/auto/peugeot-308-bluehdi-130-s-s-eat8-sw-allure-salerno-659919222.htm
Peugeot 308 BlueHDi 130 S&S EAT8 SW Allure,13500,Usato,09/2022,142000 Km,Diesel,Automatico,Euro 6,San Gregorio Magno,SA,Rivenditore,https://www.subito.it/auto/peugeot-308-bluehdi-130-s-s-eat8-sw-allure-salerno-659919205.htm
PEUGEOT 308 BlueHDi 130 S&S EAT8 Allure Pack,18200,Usato,06/2022,59294 Km,Diesel,Automatico,Euro 6,San Stino di Livenza,VE,Rivenditore,https://www.subito.it/auto/peugeot-308-bluehdi-130-s-s-eat8-allure-pack-venezia-659892501.htm
PEUGEOT 308 iii 2021 308 1.5 bluehdi Allure s&s 13,26829,Km0,03/2025,,Diesel,Automatico,Euro 6,Roma,RM,Rivenditore,https://www.subito.it/auto/peugeot-308-iii-2021-308-1-5-bluehdi-allure-s-s-13-roma-659872294.htm
PEUGEOT 308 iii 2021 308 1.5 bluehdi Allure s&s 13,26829,Km0,03/2025,,Diesel,Automatico,Euro 6,Sala Bolognese,BO,Rivenditore,https://www.subito.it/auto/peugeot-308-iii-2021-308-1-5-bluehdi-allure-s-s-13-bologna-659871529.htm
PEUGEOT 308 iii 2021 sw 308 SW 1.5 bluehdi GT s&s,23072,Usato,04/2025,8597 Km,Diesel,Automatico,Euro 6,Roma,RM,Rivenditore,https://www.subito.it/auto/peugeot-308-iii-2021-sw-308-sw-1-5-bluehdi-gt-s-s-roma-659871524.htm
Peugeot 308 BlueHDi 130 S&S EAT8 SW GT,22990,Usato,08/2025,25000 Km,Diesel,Automatico,Euro 6,Casal di Principe,CE,Rivenditore,https://www.subito.it/auto/peugeot-308-bluehdi-130-s-s-eat8-sw-gt-caserta-659788113.htm
Peugeot 308 BlueHDi 130 S&S SW Allure Pack,14000,Usato,06/2022,100800 Km,Diesel,Manuale,Euro 6,Cella Dati,CR,Rivenditore,https://www.subito.it/auto/peugeot-308-bluehdi-130-s-s-sw-allure-pack-cremona-654169054.htm
PEUGEOT 308 BlueHDi 130 S&S EAT8 SW GT LINE ,23900,Usato,05/2023,81000 Km,Diesel,Sequenziale,Euro 6d-TEMP,Modena,MO,Privato,https://www.subito.it/auto/peugeot-308-bluehdi-130-s-s-eat8-sw-gt-line-modena-659735520.htm
Peugeot 308  BlueHDi 130 S&S EAT8 SW GT PACK,25500,Usato,12/2024,34000 Km,Diesel,Sequenziale,Euro 6d-TEMP,Roma,RM,Privato,https://www.subito.it/auto/peugeot-308-bluehdi-130-s-s-eat8-sw-gt-pack-roma-645719267.htm
Peugeot 308 SW GT Line BlueHDi 130 GARANZIA NEOPAT,18450,Usato,07/2022,79654 Km,Diesel,Automatico,Euro 6d-TEMP,Mori,TN,Rivenditore,https://www.subito.it/auto/peugeot-308-sw-gt-line-bluehdi-130-garanzia-neopat-trento-651775772.htm
Peugeot 308 3nd serie BlueHDi 130 S&S EAT8 Al...,22500,Usato,01/2023,55557 Km,Diesel,Automatico,Euro 6,Cuneo,CN,Rivenditore,https://www.subito.it/auto/peugeot-308-3nd-serie-bluehdi-130-s-s-eat8-al-cuneo-659669866.htm
Peugeot 308 1.5 EAT8 Allure 130cv - 2023,18000,Usato,09/2023,84300 Km,Diesel,Sequenziale,Euro 6,Cosenza,CS,Rivenditore,https://www.subito.it/auto/peugeot-308-1-5-eat8-allure-130cv-2023-cosenza-659580974.htm
Peugeot 308 SW 1.5 bluehdi Allure Pack s&s 130cv e,16490,Usato,03/2023,81000 Km,Diesel,Automatico,Euro 6,Milano,MI,Rivenditore,https://www.subito.it/auto/peugeot-308-sw-1-5-bluehdi-allure-pack-s-s-130cv-e-milano-659573180.htm
Peugeot 308 SW Allure EAT8 BR068531 1.2 Benzina 13,15690,Usato,04/2024,34683 Km,Benzina,Automatico,,Cinisello Balsamo,MI,Rivenditore,https://www.subito.it/auto/peugeot-308-sw-allure-eat8-br068531-1-2-benzina-13-milano-659565452.htm
Peugeot 308 Active Pack BR089077 1.2 Benzina 131CV,13190,Usato,11/2023,19887 Km,Benzina,Manuale,,Cinisello Balsamo,MI,Rivenditore,https://www.subito.it/auto/peugeot-308-active-pack-br089077-1-2-benzina-131cv-milano-659565448.htm
Peugeot 308 Active Pack BR089077 1.2 Benzina 131CV,13190,Usato,11/2023,19887 Km,Benzina,Manuale,,Reggio nell'Emilia,RE,Rivenditore,https://www.subito.it/auto/peugeot-308-active-pack-br089077-1-2-benzina-131cv-reggio-emilia-659564571.htm
Peugeot 308 SW Allure EAT8 BR068531 1.2 Benzina 13,15690,Usato,04/2024,34683 Km,Benzina,Automatico,,Reggio nell'Emilia,RE,Rivenditore,https://www.subito.it/auto/peugeot-308-sw-allure-eat8-br068531-1-2-benzina-13-reggio-emilia-659564575.htm
PEUGEOT 308 SW 1.2 puretech t Allure s&s 13 N85072,18400,Usato,01/2025,1 Km,Benzina,Manuale,Euro 6,Marcianise,CE,Rivenditore,https://www.subito.it/auto/peugeot-308-sw-1-2-puretech-t-allure-s-s-13-n85072-caserta-659547267.htm
PEUGEOT 308 3ª serie - 308 BlueHDi 130 S&S U382900,29800,Usato,08/2025,5 Km,Diesel,Automatico,Euro 6,San Benedetto del Tronto,AP,Rivenditore,https://www.subito.it/auto/peugeot-308-3-serie-308-bluehdi-130-s-s-u382900-ascoli-piceno-659545086.htm
PEUGEOT 308 SW 1.5 bluehdi GT Pack s&s 130cv eat8,23300,Usato,06/2023,73782 Km,Diesel,Automatico,Euro 6,Cuneo,CN,Rivenditore,https://www.subito.it/auto/peugeot-308-sw-1-5-bluehdi-gt-pack-s-s-130cv-eat8-cuneo-659544712.htm
PEUGEOT 308 SW 1.5 bluehdi Allure s&s 130cv N89615,22400,Km0,10/2025,,Diesel,Automatico,Euro 6,Marcianise,CE,Rivenditore,https://www.subito.it/auto/peugeot-308-sw-1-5-bluehdi-allure-s-s-130cv-n89615-caserta-659544482.htm
Peugeot 308 allure pack diesel,16450,Usato,05/2023,74000 Km,Diesel,Sequenziale,Euro 6d-TEMP,Mogliano Veneto,TV,Privato,https://www.subito.it/auto/peugeot-308-allure-pack-diesel-treviso-659540541.htm
Peugeot 308 BlueHDi 130 S&S EAT8 Allure Pack,17500,Usato,03/2023,79000 Km,Diesel,Sequenziale,Euro 6,Manocalzati,AV,Rivenditore,https://www.subito.it/auto/peugeot-308-bluehdi-130-s-s-eat8-allure-pack-avellino-659540610.htm
Peugeot 308 Station Wagon 1.5,13500,Usato,01/2023,149000 Km,Diesel,Sequenziale,Euro 6d-TEMP,Torino,TO,Privato,https://www.subito.it/auto/peugeot-308-station-wagon-1-5-torino-658371029.htm
PEUGEOT 308 SW GT BLUEHDI 130 EAT8 SES STATION WAG,24850,Usato,03/2024,205 Km,Diesel,Automatico,Euro 6,Pozzuoli,NA,Rivenditore,https://www.subito.it/auto/peugeot-308-sw-gt-bluehdi-130-eat8-ses-station-wag-napoli-659365343.htm
PEUGEOT 308 SW GT BLUEHDI 130 EAT8 SES STATION WAG,24850,Usato,03/2024,205 Km,Diesel,Automatico,Euro 6,Bentivoglio,BO,Rivenditore,https://www.subito.it/auto/peugeot-308-sw-gt-bluehdi-130-eat8-ses-station-wag-bologna-659365269.htm
PEUGEOT 308 SW GT BLUEHDI 130 EAT8 SES STATION WAG,24850,Usato,03/2024,205 Km,Diesel,Automatico,Euro 6,Firenze,FI,Rivenditore,https://www.subito.it/auto/peugeot-308-sw-gt-bluehdi-130-eat8-ses-station-wag-firenze-659365106.htm
PEUGEOT 308 SW GT BLUEHDI 130 EAT8 SES STATION WAG,24850,Usato,03/2024,205 Km,Diesel,Automatico,Euro 6,Verona,VR,Rivenditore,https://www.subito.it/auto/peugeot-308-sw-gt-bluehdi-130-eat8-ses-station-wag-verona-659365050.htm
PEUGEOT 308 SW GT BLUEHDI 130 EAT8 SES STATION WAG,24850,Usato,03/2024,205 Km,Diesel,Automatico,Euro 6,Roma,RM,Rivenditore,https://www.subito.it/auto/peugeot-308-sw-gt-bluehdi-130-eat8-ses-station-wag-roma-659364966.htm
Peugeot 308 SW 1.5 BlueHDI 130 CV EAT8 ALLURE SW,22800,Usato,03/2025,29171 Km,Diesel,Automatico,Euro 6,Carlentini,SR,Rivenditore,https://www.subito.it/auto/peugeot-308-sw-1-5-bluehdi-130-cv-eat8-allure-sw-siracusa-659325474.htm
Peugeot 308 BlueHDi 130 S&S SW Allure,14900,Usato,05/2022,145000 Km,Diesel,Manuale,Euro 6,Adelfia,BA,Rivenditore,https://www.subito.it/auto/peugeot-308-bluehdi-130-s-s-sw-allure-bari-659320954.htm
Peugeot 308 3 serie ,16900,Usato,07/2026,14000 Km,Benzina,Sequenziale,Euro 6d-TEMP,Cusano Mutri,BN,Privato,https://www.subito.it/auto/peugeot-308-3-serie-benevento-659241068.htm
Peugeot 308 BlueHDi 130 S&S EAT8 SW Allure Pack,14490,Usato,09/2022,91100 Km,Diesel,Sequenziale,Euro 6,Eboli,SA,Rivenditore,https://www.subito.it/auto/peugeot-308-bluehdi-130-s-s-eat8-sw-allure-pack-salerno-659237517.htm
Peugeot 308 2022,17000,Usato,05/2022,79300 Km,Diesel,Sequenziale,Euro 6d-TEMP,Triggiano,BA,Privato,https://www.subito.it/auto/peugeot-308-2022-bari-659237415.htm
PEUGEOT 308 WE39899,18999,Usato,09/2022,14247 Km,Diesel,Automatico,Euro 6,Palermo,PA,Rivenditore,https://www.subito.it/auto/peugeot-308-we39899-palermo-659061372.htm
PEUGEOT 308 MM04862,18499,Usato,12/2022,23486 Km,Benzina,Automatico,Euro 6,Torino,TO,Rivenditore,https://www.subito.it/auto/peugeot-308-mm04862-torino-659060324.htm
PEUGEOT 308 MM04862,18499,Usato,12/2022,23486 Km,Benzina,Automatico,Euro 6,Bari,BA,Rivenditore,https://www.subito.it/auto/peugeot-308-mm04862-bari-659060046.htm
PEUGEOT 308 MM04862,18499,Usato,12/2022,23486 Km,Benzina,Automatico,Euro 6,Cagliari,CA,Rivenditore,https://www.subito.it/auto/peugeot-308-mm04862-cagliari-659059784.htm
Peugeot 308 1.5 BlueHDi 130CV Allure,14800,Usato,03/2022,99421 Km,Diesel,Manuale,Euro 6,Orta Nova,FG,Rivenditore,https://www.subito.it/auto/peugeot-308-1-5-bluehdi-130cv-allure-foggia-658984378.htm
Peugeot 308 SW 1.2 hybrid Allure 145cv e-dcs 6 IN,18900,Usato,02/2025,25000 Km,Ibrida,Automatico,Euro 6,Liscate,MI,Rivenditore,https://www.subito.it/auto/peugeot-308-sw-1-2-hybrid-allure-145cv-e-dcs-6-in-milano-658940207.htm
Peugeot 308 2022,18000,Usato,10/2022,61000 Km,Benzina,Sequenziale,Euro 6d-TEMP,Andria,BT,Privato,https://www.subito.it/auto/peugeot-308-2022-barletta-andria-trani-658907718.htm
Peugeot 308 SW 2024,17000,Usato,03/2024,127000 Km,Diesel,Sequenziale,Euro 6d-TEMP,Sant'Antimo,NA,Privato,https://www.subito.it/auto/peugeot-308-sw-2024-napoli-658868663.htm
Peugeot 308,21000,Usato,06/2022,105000 Km,Diesel,Sequenziale,Euro 6d-TEMP,Nola,NA,Privato,https://www.subito.it/auto/peugeot-308-napoli-658851271.htm
Peugeot 308 BlueHDi 130 S&S Allure Pack,17499,Usato,05/2022,79000 Km,Diesel,Manuale,Euro 6,Canosa di Puglia,BT,Rivenditore,https://www.subito.it/auto/peugeot-308-bluehdi-130-s-s-allure-pack-barletta-andria-trani-658814866.htm
Peugeot 308 serie 3 anno 2022,14000,Usato,11/2022,198000 Km,Diesel,Sequenziale,Euro 6d-TEMP,Cerignola,FG,Privato,https://www.subito.it/auto/peugeot-308-serie-3-anno-2022-foggia-658736638.htm
PEUGEOT 308 SW ALLURE BLUEHDI 130 EAT8 SES AUT. ST,20800,Usato,12/2022,304 Km,Diesel,Automatico,Euro 6,Bentivoglio,BO,Rivenditore,https://www.subito.it/auto/peugeot-308-sw-allure-bluehdi-130-eat8-ses-aut-st-bologna-658620000.htm
"PEUGEOT 308 1.5 BlueHDI 130CV GT s&s EAT8,",22000,Usato,11/2023,33000 Km,Diesel,Sequenziale,Euro 6d-TEMP,Alme',BG,Privato,https://www.subito.it/auto/peugeot-308-1-5-bluehdi-130cv-gt-s-s-eat8-bergamo-658506542.htm
Peugeot 308 GT LINE,15999,Usato,03/2022,126000 Km,Diesel,Sequenziale,Euro 6d-TEMP,Cerignola,FG,Privato,https://www.subito.it/auto/peugeot-308-gt-line-foggia-658481766.htm
Peugeot 308 BlueHDi 130 S&S EAT8 SW Allure Pack,18500,Usato,06/2022,56828 Km,Diesel,Automatico,Euro 6d-TEMP,Caorso,PC,Rivenditore,https://www.subito.it/auto/peugeot-308-bluehdi-130-s-s-eat8-sw-allure-pack-piacenza-658478192.htm
PEUGEOT 308 SW 1.5 BlueHDi 131CV GT 2023,16900,Usato,06/2023,58000 Km,Diesel,Automatico,Euro 6d-TEMP,Bergamo,BG,Privato,https://www.subito.it/auto/peugeot-308-sw-1-5-bluehdi-131cv-gt-2023-bergamo-658395703.htm
Peugeot 308 PureTech Turbo 130 S&S EAT8 Allure,15500,Usato,03/2023,150000 Km,Benzina,Sequenziale,Euro 6,Calatafimi-Segesta,TP,Rivenditore,https://www.subito.it/auto/peugeot-308-puretech-turbo-130-s-s-eat8-allure-trapani-658375527.htm
Peugeot 308,17000,Usato,10/2023,7500 Km,Benzina,Automatico,Euro 6d-TEMP,Crotone,KR,Privato,https://www.subito.it/auto/peugeot-308-crotone-658220666.htm
Peugeot 308 2024 cambio automatico benzina,22500,Usato,03/2024,43000 Km,Benzina,Sequenziale,Euro 6d-TEMP,Roma,RM,Privato,https://www.subito.it/auto/peugeot-308-2024-cambio-automatico-benzina-roma-658050804.htm
Peugeot 308 1.5 bluehdi Allure Pack s&s 130cv eat8,20000,Usato,12/2023,40000 Km,Diesel,Automatico,Euro 6d-TEMP,Manfredonia,FG,Privato,https://www.subito.it/auto/peugeot-308-1-5-bluehdi-allure-pack-s-s-130cv-eat8-foggia-658028650.htm
Peugeot 308,21000,Usato,04/2023,93000 Km,Diesel,Automatico,Euro 6d,Avellino,AV,Privato,https://www.subito.it/auto/peugeot-308-avellino-635883421.htm
PEUGEOT 308 MM04862,18499,Usato,12/2022,23486 Km,Benzina,Automatico,Euro 6,Sassari,SS,Rivenditore,https://www.subito.it/auto/peugeot-308-mm04862-sassari-658003987.htm
Peugeot 308 BlueHDi 130 S&S EAT8 SW GT,23900,Usato,08/2025,27900 Km,Diesel,Automatico,Euro 6,Premariacco,UD,Rivenditore,https://www.subito.it/auto/peugeot-308-bluehdi-130-s-s-eat8-sw-gt-udine-657931583.htm
Peugeot 308 1.2 hybrid Allure 136cv e-dcs 6,24900,Usato,09/2025,9665 Km,Ibrida,Automatico,,San Giovanni Teatino,CH,Rivenditore,https://www.subito.it/auto/peugeot-308-1-2-hybrid-allure-136cv-e-dcs-6-chieti-657851248.htm
Peugeot 308 1.2 hybrid Allure 136cv e-dcs 6,24900,Usato,09/2025,9665 Km,Ibrida,Automatico,,Roma,RM,Rivenditore,https://www.subito.it/auto/peugeot-308-1-2-hybrid-allure-136cv-e-dcs-6-roma-657851613.htm
Peugeot 308 GT Line 2023 – 1.5 Diesel 130 CV – Sup,27000,Usato,11/2023,43843 Km,Diesel,Sequenziale,Euro 6d,Castellammare di Stabia,NA,Privato,https://www.subito.it/auto/peugeot-308-gt-line-2023-1-5-diesel-130-cv-sup-napoli-657799187.htm
PEUGEOT 308 ALLURE 1.2 131 cv TURBO BENZINA -PROMO,14950,Usato,07/2023,37000 Km,Benzina,Manuale,Euro 6,Santarcangelo di Romagna,RN,Rivenditore,https://www.subito.it/auto/peugeot-308-allure-1-2-131-cv-turbo-benzina-promo-rimini-657788970.htm
PEUGEOT 308 ALLURE SW,14200,Usato,09/2022,130815 Km,Diesel,Sequenziale,Euro 6d-TEMP,Bari,BA,Privato,https://www.subito.it/auto/peugeot-308-allure-sw-bari-656559929.htm
Peugeot 308 GT SW Plug-in Hybrid 180cv  TRATTABILE,25000,Usato,12/2022,45000 Km,Plug-in Hybrid Benzina,Sequenziale,Euro 6d-TEMP,Olgiate Olona,VA,Privato,https://www.subito.it/auto/peugeot-308-gt-sw-plug-in-hybrid-180cv-trattabile-varese-656113003.htm
Peugeot 308 GT PACK 05/2022 (CATENA 8 mm),22900,Usato,05/2022,88500 Km,Diesel,Sequenziale,Euro 6d-TEMP,Torino,TO,Privato,https://www.subito.it/auto/peugeot-308-gt-pack-05-2022-catena-8-mm-torino-657642468.htm
PEUGEOT 308 PureTech Turbo 130 S&S SW Allure,15799,Usato,08/2022,75730 Km,Benzina,Automatico,Euro 6,Casagiove,CE,Rivenditore,https://www.subito.it/auto/peugeot-308-puretech-turbo-130-s-s-sw-allure-caserta-657612527.htm
PEUGEOT 308 PLUG-IN HYBRID 225 E-EAT8 GT,5800,Usato,09/2023,30000 Km,Ibrida,Automatico,Euro 6,Megliadino San Vitale,PD,Rivenditore,https://www.subito.it/auto/peugeot-308-plug-in-hybrid-225-e-eat8-gt-padova-657612502.htm
Pegeout 308 2024- 41.000 km,16500,Usato,02/2024,41000 Km,Benzina,Manuale,Euro 6d-TEMP,Catania,CT,Privato,https://www.subito.it/auto/pegeout-308-2024-41-000-km-catania-657513181.htm
Peugeot 308 III Allure Hybrid 136cv,24500,Usato,12/2024,25000 Km,Mild Hybrid Benzina,Automatico,Euro 6d-TEMP,Palermo,PA,Privato,https://www.subito.it/auto/peugeot-308-iii-allure-hybrid-136cv-palermo-657476029.htm
Peugeot 308 gt 2025,26500,Usato,03/2025,24600 Km,Diesel,Automatico,Euro 6d-TEMP,Arienzo,CE,Privato,https://www.subito.it/auto/peugeot-308-gt-2025-caserta-657471066.htm
Peugeot 308 Allure BR514065 1.2 Benzina 131CV,14290,Usato,04/2024,30933 Km,Benzina,Manuale,,Cinisello Balsamo,MI,Rivenditore,https://www.subito.it/auto/peugeot-308-allure-br514065-1-2-benzina-131cv-milano-657454390.htm
PEUGEOT - 308 1.2 puretech t Allure s&s 130cv,17900,Usato,03/2024,43537 Km,Benzina,Manuale,Euro 6,Aci Catena,CT,Rivenditore,https://www.subito.it/auto/peugeot-308-1-2-puretech-t-allure-s-s-130cv-catania-654084887.htm
Peugeot 308  – 1.5 BlueHDi Allure Pack,23000,Usato,08/2022,52000 Km,Diesel,Automatico,Euro 6d-TEMP,Vibo Valentia,VV,Privato,https://www.subito.it/auto/peugeot-308-1-5-bluehdi-allure-pack-vibo-valentia-657430501.htm
Peugeot 308 GT Blu con Tetto Apribile,20000,Usato,07/2023,43000 Km,Benzina,Sequenziale,Euro 6d-TEMP,Riposto,CT,Privato,https://www.subito.it/auto/peugeot-308-gt-blu-con-tetto-apribile-catania-656823441.htm
Peugeot 308 Gt Pack,23990,Usato,12/2022,52000 Km,Diesel,Automatico,Euro 6b,Locorotondo,BA,Privato,https://www.subito.it/auto/peugeot-308-gt-pack-bari-657355297.htm
PEUGEOT 308 HS31248,15799,Usato,08/2022,75730 Km,Benzina,Automatico,Euro 6,Cagliari,CA,Rivenditore,https://www.subito.it/auto/peugeot-308-hs31248-cagliari-657335856.htm
Peugeot 308 SW GT EAT8 BR545642 1.5 Diesel 131CV,19690,Usato,05/2025,34651 Km,Diesel,Automatico,,Reggio nell'Emilia,RE,Rivenditore,https://www.subito.it/auto/peugeot-308-sw-gt-eat8-br545642-1-5-diesel-131cv-reggio-emilia-657275942.htm
Peugeot 308 SW GT EAT8 BR545642 1.5 Diesel 131CV,19690,Usato,05/2025,34651 Km,Diesel,Automatico,,Cinisello Balsamo,MI,Rivenditore,https://www.subito.it/auto/peugeot-308-sw-gt-eat8-br545642-1-5-diesel-131cv-milano-657274763.htm
Peugeot 308 sw GT,21300,Usato,02/2023,42300 Km,Benzina,Sequenziale,Euro 6d-TEMP,Macerata Campania,CE,Privato,https://www.subito.it/auto/peugeot-308-sw-gt-caserta-657268714.htm
2023 Peugeot 308 allur pak,17500,Usato,09/2023,51000 Km,Benzina,Automatico,Euro 6b,Napoli,NA,Privato,https://www.subito.it/auto/2023-peugeot-308-allur-pak-napoli-657247680.htm
Peugeot 308 gt,14990,Usato,03/2022,160000 Km,Diesel,Sequenziale,Euro 6d-TEMP,Napoli,NA,Privato,https://www.subito.it/auto/peugeot-308-gt-napoli-657222038.htm
PEUGEOT 308 HS31248,15799,Usato,08/2022,75730 Km,Benzina,Automatico,Euro 6,Bologna,BO,Rivenditore,https://www.subito.it/auto/peugeot-308-hs31248-bologna-657214310.htm
PEGEOUT 308 GPL 2023,17800,Usato,11/2022,63000 Km,Benzina,Manuale,Euro 6d-TEMP,Alatri,FR,Privato,https://www.subito.it/auto/pegeout-308-gpl-2023-frosinone-657197290.htm
PEUGEOT 308 GT LINE,21500,Usato,03/2024,32000 Km,Plug-in Hybrid Benzina,Sequenziale,Euro 6d-TEMP,Carrara,MS,Privato,https://www.subito.it/auto/peugeot-308-gt-line-massa-carrara-657099336.htm
PEUGEOT 308 HS31248,15799,Usato,08/2022,75730 Km,Benzina,Automatico,Euro 6,Sassari,SS,Rivenditore,https://www.subito.it/auto/peugeot-308-hs31248-sassari-657048246.htm
Peugeot 308 Allure BR376541 1.2 Benzina 131CV,14290,Usato,04/2024,31269 Km,Benzina,Manuale,,Cinisello Balsamo,MI,Rivenditore,https://www.subito.it/auto/peugeot-308-allure-br376541-1-2-benzina-131cv-milano-657001079.htm
PEUGEOT 308 HS31248,15799,Usato,08/2022,75730 Km,Benzina,Automatico,Euro 6,Torino,TO,Rivenditore,https://www.subito.it/auto/peugeot-308-hs31248-torino-656948062.htm
PEUGEOT 308 HS31248,15799,Usato,08/2022,75730 Km,Benzina,Automatico,Euro 6,Palermo,PA,Rivenditore,https://www.subito.it/auto/peugeot-308-hs31248-palermo-656945889.htm
Peugeot 308 Allure BR514065 1.2 Benzina 131CV,14290,Usato,04/2024,30933 Km,Benzina,Manuale,,Reggio nell'Emilia,RE,Rivenditore,https://www.subito.it/auto/peugeot-308-allure-br514065-1-2-benzina-131cv-reggio-emilia-656945249.htm
Peugeot 308 Allure BR376541 1.2 Benzina 131CV,14290,Usato,04/2024,31269 Km,Benzina,Manuale,,Reggio nell'Emilia,RE,Rivenditore,https://www.subito.it/auto/peugeot-308-allure-br376541-1-2-benzina-131cv-reggio-emilia-656945247.htm
Peugeot 308 SW Allure EAT8 BR029359 1.5 Diesel 131,10290,Usato,10/2022,127177 Km,Diesel,Automatico,,Reggio nell'Emilia,RE,Rivenditore,https://www.subito.it/auto/peugeot-308-sw-allure-eat8-br029359-1-5-diesel-131-reggio-emilia-656934693.htm
Peugeot 308 SW Allure EAT8 BR029359 1.5 Diesel 131,10290,Usato,10/2022,127177 Km,Diesel,Automatico,,Cinisello Balsamo,MI,Rivenditore,https://www.subito.it/auto/peugeot-308-sw-allure-eat8-br029359-1-5-diesel-131-milano-656930880.htm
Peugeot 308 1.5 Blue HDi 131 CV  EAT 8 Allure pack,20000,Usato,12/2022,29000 Km,Diesel,Automatico,Euro 6d-TEMP,Roma,RM,Privato,https://www.subito.it/auto/peugeot-308-1-5-blue-hdi-131-cv-eat-8-allure-pack-roma-655272853.htm
Peugeot 308 BlueHDi 130 S&S SW Allure,15900,Usato,05/2022,107000 Km,Diesel,Manuale,Euro 6,Martano,LE,Rivenditore,https://www.subito.it/auto/peugeot-308-bluehdi-130-s-s-sw-allure-lecce-656868809.htm
Peugeot 308 Gt 1.2 Puretech 131cv,22000,Usato,11/2023,18700 Km,Benzina,Automatico,Euro 6d-TEMP,Bolzano,BZ,Privato,https://www.subito.it/auto/peugeot-308-gt-1-2-puretech-131cv-bolzano-656848169.htm
Peugeot 308 GT 130 CV EAT8,17500,Usato,04/2022,50000 Km,Benzina,Sequenziale,Euro 6d-TEMP,Pianezza,TO,Privato,https://www.subito.it/auto/peugeot-308-gt-130-cv-eat8-torino-656837469.htm
Peugeot 308 SW Allure Pack EAT8 Blue HDi 130,22000,Usato,03/2023,39000 Km,Diesel,Sequenziale,Euro 6d-TEMP,Messina,ME,Privato,https://www.subito.it/auto/peugeot-308-sw-allure-pack-eat8-blue-hdi-130-messina-656829848.htm
Peugeot 308 berlina,15900,Usato,07/2022,47000 Km,Benzina,Manuale,Euro 6d-TEMP,Catania,CT,Privato,https://www.subito.it/auto/peugeot-308-berlina-catania-656826914.htm
Peugeot 308 SW 1.5 bluehdi Allure Pack s&s 130cv e,12500,Usato,11/2022,194000 Km,Diesel,Automatico,Euro 6d-TEMP,Arese,MI,Rivenditore,https://www.subito.it/auto/peugeot-308-sw-1-5-bluehdi-allure-pack-s-s-130cv-e-milano-656683452.htm
PEUGEOT - 308 - BlueHDi 130 EAT8 S&S Allure,18900,Usato,11/2022,97000 Km,Diesel,Automatico,Euro 6,Priolo Gargallo,SR,Rivenditore,https://www.subito.it/auto/peugeot-308-bluehdi-130-eat8-s-s-allure-siracusa-656670840.htm
PEUGEOT 308 Plug-in Hybrid 180 e-EAT8 Allure,20000,Usato,10/2022,44800 Km,Plug-in Hybrid Benzina,Sequenziale,Euro 6d-TEMP,Bologna,BO,Privato,https://www.subito.it/auto/peugeot-308-plug-in-hybrid-180-e-eat8-allure-bologna-655200644.htm
Peugeot 308 1.2 puretech t Allure s&s 130cv eat8,19470,Usato,08/2024,26927 Km,Benzina,Automatico,Euro 6,Milano,MI,Rivenditore,https://www.subito.it/auto/peugeot-308-1-2-puretech-t-allure-s-s-130cv-eat8-milano-656500821.htm
Peugeot 308 Allure Pack 1.2 PureTech 130 CV ,13000,Usato,04/2022,72000 Km,Benzina,Manuale,Euro 6d-TEMP,Castelfranco Veneto,TV,Privato,https://www.subito.it/auto/peugeot-308-allure-pack-1-2-puretech-130-cv-treviso-656457896.htm
PEUGEOT 308 Plug-in Hybrid 180 e-EAT8 Allure,16900,Usato,05/2022,67000 Km,Ibrida,Automatico,Euro 6,Rivoli,TO,Rivenditore,https://www.subito.it/auto/peugeot-308-plug-in-hybrid-180-e-eat8-allure-torino-656453310.htm
PEUGEUT 308 del 2023,19950,Usato,03/2023,79900 Km,Diesel,Automatico,Euro 6,Buccinasco,MI,Privato,https://www.subito.it/auto/peugeut-308-del-2023-milano-656413387.htm
PEUGEOT 308 BlueHDi 130 S&S EAT8 SW GT,26600,Usato,03/2023,32600 Km,Diesel,Automatico,Euro 6,Legnago,VR,Rivenditore,https://www.subito.it/auto/peugeot-308-bluehdi-130-s-s-eat8-sw-gt-verona-656380055.htm
Peugeot 308 SW 1.5 bluehdi Allure s&s 130cv eat8,15900,Usato,07/2022,109350 Km,Diesel,Automatico,Euro 6d,Montella,AV,Rivenditore,https://www.subito.it/auto/peugeot-308-sw-1-5-bluehdi-allure-s-s-130cv-eat8-avellino-656355221.htm
Peugeot 308 1.5 HDI 2022,17500,Usato,07/2022,120000 Km,Diesel,Automatico,Euro 6d-TEMP,Soveria Mannelli,CZ,Privato,https://www.subito.it/auto/peugeot-308-1-5-hdi-2022-catanzaro-656204642.htm
Peugeot 308 PureTech Turbo 130 S&S Allure Pack,13000,Usato,03/2022,125000 Km,Benzina,Manuale,Euro 6d-TEMP,Verona,VR,Privato,https://www.subito.it/auto/peugeot-308-puretech-turbo-130-s-s-allure-pack-verona-656117975.htm
PEUGEOT 308 iii 2021 sw 308 SW 1.5 bluehdi GT s&s,22466,Usato,06/2024,29520 Km,Diesel,Automatico,Euro 6,Meda,MB,Rivenditore,https://www.subito.it/auto/peugeot-308-iii-2021-sw-308-sw-1-5-bluehdi-gt-s-s-monza-656103905.htm
PEUGEOT 308 5p 1.5 bluehdi AllurePack 130cv eat8,17500,Usato,03/2023,77000 Km,Diesel,Automatico,Euro 6d,Crespina Lorenzana,PI,Privato,https://www.subito.it/auto/peugeot-308-5p-1-5-bluehdi-allurepack-130cv-eat8-pisa-641845888.htm
Peugeot 308 BlueHDi 130 S&S EAT8 Allure Pack,15900,Usato,11/2022,110000 Km,Diesel,Automatico,Euro 6,Cittadella,PD,Rivenditore,https://www.subito.it/auto/peugeot-308-bluehdi-130-s-s-eat8-allure-pack-padova-655944202.htm
Peugeot 308 BlueHDi 130 S&S Allure Pack,15599,Usato,06/2022,97000 Km,Diesel,Manuale,Euro 6,Alessandria,AL,Rivenditore,https://www.subito.it/auto/peugeot-308-bluehdi-130-s-s-allure-pack-alessandria-655896891.htm
Peugeot 308 BlueHDi 130 S&S EAT8 GT,25000,Usato,06/2023,25000 Km,Diesel,Automatico,Euro 6,Langhirano,PR,Rivenditore,https://www.subito.it/auto/peugeot-308-bluehdi-130-s-s-eat8-gt-parma-655732405.htm
Peugeot 308 sw allure,16500,Usato,11/2023,65000 Km,Diesel,Automatico,Euro 6d-TEMP,Comacchio,FE,Privato,https://www.subito.it/auto/peugeot-308-sw-allure-ferrara-655694013.htm
PEUGEOT 308 BlueHDi 130 S&S Active Pack,15900,Usato,05/2022,150026 Km,Diesel,Manuale,Euro 6,Sava,TA,Rivenditore,https://www.subito.it/auto/peugeot-308-bluehdi-130-s-s-active-pack-taranto-655610326.htm
Peugeot 308 Allure BlueHDi 130 EAT8 S&S aut.,23900,Usato,04/2024,28461 Km,Diesel,Automatico,Euro 6d-TEMP,Pordenone,PN,Rivenditore,https://www.subito.it/auto/peugeot-308-allure-bluehdi-130-eat8-s-s-aut-pordenone-655591676.htm
Peugeot 308 BlueHDi 130 S&S EAT8 Allure Pack,17100,Usato,07/2022,100000 Km,Diesel,Sequenziale,Euro 6,Putignano,BA,Rivenditore,https://www.subito.it/auto/peugeot-308-bluehdi-130-s-s-eat8-allure-pack-bari-655522510.htm
PEUGEOT 308 PureTech Turbo 130 S&S Allure,17990,Usato,04/2024,11700 Km,Benzina,Manuale,Euro 6,Agnone,IS,Rivenditore,https://www.subito.it/auto/peugeot-308-puretech-turbo-130-s-s-allure-isernia-655318628.htm
Peugeot 308,18500,Usato,02/2023,75000 Km,Diesel,Sequenziale,Euro 6d-TEMP,Catania,CT,Privato,https://www.subito.it/auto/peugeot-308-catania-655292491.htm
Peugeot 308 GT s,21000,Usato,09/2023,18000 Km,Benzina,Sequenziale,Euro 6d-TEMP,Scalea,CS,Privato,https://www.subito.it/auto/peugeot-308-gt-s-cosenza-655268198.htm
Peugeot 308 BlueHDi 130 S&S SW Allure,16800,Usato,02/2022,130420 Km,Diesel,Manuale,Euro 6,Carini,PA,Rivenditore,https://www.subito.it/auto/peugeot-308-bluehdi-130-s-s-sw-allure-palermo-655110739.htm
Peugeot 308 BlueHDi 130 S&S EAT8 SW Allure 2023,15499,Usato,02/2023,100571 Km,Diesel,Automatico,Euro 6,Ispica,RG,Rivenditore,https://www.subito.it/auto/peugeot-308-bluehdi-130-s-s-eat8-sw-allure-2023-ragusa-655108304.htm
Peugeot 308 GT Hybrid 145 e-DCS6 SPOTICAR,23900,Usato,02/2025,19500 Km,Mild Hybrid Benzina,Automatico,Euro 6,Bagnaria Arsa,UD,Rivenditore,https://www.subito.it/auto/peugeot-308-gt-hybrid-145-e-dcs6-spoticar-udine-654987754.htm
PEUGEOT 308 BlueHDi 130 S&S Allure,18900,Usato,10/2022,110000 Km,Diesel,Automatico,Euro 6,Cagliari,CA,Rivenditore,https://www.subito.it/auto/peugeot-308-bluehdi-130-s-s-allure-cagliari-654918253.htm
peugeot 308 Sw 1.5 allure,18000,Usato,06/2022,62000 Km,Diesel,Sequenziale,Euro 6d-TEMP,Bellona,CE,Privato,https://www.subito.it/auto/peugeot-308-sw-1-5-allure-caserta-654820029.htm
PEUGEOT 308 BlueHDi 130 S&S EAT8 SW GT,28150,Km0,08/2025,,Diesel,Sequenziale,Euro 6,Ancona,AN,Rivenditore,https://www.subito.it/auto/peugeot-308-bluehdi-130-s-s-eat8-sw-gt-ancona-654779808.htm
peugeot 308 sw allure 1.5 bluehdi autom garanzia ,12000,Usato,06/2022,123000 Km,Diesel,Automatico,Euro 6d-TEMP,Striano,NA,Privato,https://www.subito.it/auto/peugeot-308-sw-allure-1-5-bluehdi-autom-garanzia-napoli-648996710.htm
PEUGEOT 308 SW PURETECH TURBO 110CAVALLI S&S ACT,14900,Usato,07/2022,22532 Km,Benzina,Manuale,Euro 6,Quinzano d'Oglio,BS,Rivenditore,https://www.subito.it/auto/peugeot-308-sw-puretech-turbo-110cavalli-s-s-act-brescia-654546281.htm
PEUGEOT 308 BlueHDi 130 S&S EAT8 SW Allure Pack,15950,Usato,05/2022,136798 Km,Diesel,Automatico,Euro 6,Rivignano Teor,UD,Rivenditore,https://www.subito.it/auto/peugeot-308-bluehdi-130-s-s-eat8-sw-allure-pack-udine-654498627.htm
Paugeout 308 GTLINE 1.5 130cc,23900,Usato,03/2023,10000 Km,Diesel,Automatico,Euro 6d-TEMP,Formia,LT,Privato,https://www.subito.it/auto/paugeout-308-gtline-1-5-130cc-latina-654468123.htm
Peugeot 308 III serie 1.5 blueHDI 06/22 38.000 km,16000,Usato,06/2022,38000 Km,Diesel,Manuale,Euro 6d-TEMP,Roma,RM,Privato,https://www.subito.it/auto/peugeot-308-iii-serie-1-5-bluehdi-06-22-38-000-km-roma-650813124.htm
Peugeot 308 1.2 hybrid Allure 145cv e-dcs 6 IN PRO,19500,Usato,03/2025,22000 Km,Ibrida,Automatico,Euro 6e,Liscate,MI,Rivenditore,https://www.subito.it/auto/peugeot-308-1-2-hybrid-allure-145cv-e-dcs-6-in-pro-milano-653992246.htm
Peugeot 308 BlueHDi 130 S&S EAT8 SW Allure Pack,18700,Usato,05/2022,109000 Km,Diesel,Automatico,Euro 6,Rotello,CB,Rivenditore,https://www.subito.it/auto/peugeot-308-bluehdi-130-s-s-eat8-sw-allure-pack-campobasso-653961015.htm
Peugeot 308 BlueHDi 130 S&S SW Allure Pack,11900,Usato,06/2022,124985 Km,Diesel,Manuale,Euro 6,Napoli,NA,Rivenditore,https://www.subito.it/auto/peugeot-308-bluehdi-130-s-s-sw-allure-pack-napoli-653759834.htm
PEUGEOT 308 LB54193,19899,Usato,06/2024,25958 Km,Benzina,Automatico,Euro 6,Cagliari,CA,Rivenditore,https://www.subito.it/auto/peugeot-308-lb54193-cagliari-653718558.htm
Peugeot 308 gt 11/2022,18000,Usato,11/2022,72000 Km,Diesel,Automatico,Euro 6d-TEMP,Teano,CE,Privato,https://www.subito.it/auto/peugeot-308-gt-11-2022-caserta-653581128.htm
PEUGEOT 308 GT,20000,Usato,02/2024,50159 Km,Benzina,Sequenziale,Euro 6d-TEMP,Scarlino,GR,Privato,https://www.subito.it/auto/peugeot-308-gt-grosseto-653562309.htm
Peugeot 308 1.5 bluehdi Allure s&s 130cv eat8,19990,Usato,03/2023,78900 Km,Diesel,Automatico,Euro 6,Castelfranco Veneto,TV,Rivenditore,https://www.subito.it/auto/peugeot-308-1-5-bluehdi-allure-s-s-130cv-eat8-treviso-653486633.htm
Peugeot 308 Plug-in Hybrid 180 e-EAT8 Allure Pack,17290,Usato,05/2022,61900 Km,Mild Hybrid Benzina,Automatico,Euro 6,Eboli,SA,Rivenditore,https://www.subito.it/auto/peugeot-308-plug-in-hybrid-180-e-eat8-allure-pack-salerno-653277058.htm
Peugeot 308 BlueHDi 130 S&S EAT8 SW GT,23900,Usato,06/2024,54000 Km,Diesel,Automatico,Euro 6d-TEMP,Foligno,PG,Rivenditore,https://www.subito.it/auto/peugeot-308-bluehdi-130-s-s-eat8-sw-gt-perugia-653240971.htm
Peugeot 308,18000,Usato,02/2022,66543 Km,Diesel,Sequenziale,Euro 6d-TEMP,Colonna,RM,Privato,https://www.subito.it/auto/peugeot-308-roma-653214559.htm
PEUGEOT 308 BlueHDi 130 S&S EAT8 GT,23999,Usato,09/2025,17000 Km,Diesel,Automatico,Euro 6d-TEMP,Angri,SA,Rivenditore,https://www.subito.it/auto/peugeot-308-bluehdi-130-s-s-eat8-gt-salerno-653146766.htm
Peugeot 308 GT,23000,Usato,02/2023,54000 Km,Diesel,Sequenziale,Euro 6d-TEMP,Gioia del Colle,BA,Privato,https://www.subito.it/auto/peugeot-308-gt-bari-653053115.htm
PEUGEOT 308 XN99471,15199,Usato,07/2022,110148 Km,Diesel,Automatico,Euro 6,Firenze,FI,Rivenditore,https://www.subito.it/auto/peugeot-308-xn99471-firenze-653032038.htm
PEUGEOT 308 1.2L PURETECH TURBO ALLURE ,19500,Usato,03/2024,45000 Km,Benzina,Manuale,Euro 6d-TEMP,Campagnano di Roma,RM,Privato,https://www.subito.it/auto/peugeot-308-1-2l-puretech-turbo-allure-roma-653024563.htm
Peugeot 308 1.5 BLUEHDI ALLURE PACK S&S 130CV,18000,Usato,06/2022,68392 Km,Diesel,Manuale,Euro 6,Cava Manara,PV,Rivenditore,https://www.subito.it/auto/peugeot-308-1-5-bluehdi-allure-pack-s-s-130cv-pavia-652976746.htm
Peugeot 308 1.2 puretech t Allure Pack s&s 130cv,17900,Usato,02/2023,43145 Km,Benzina,Manuale,Euro 6,San Giovanni Teatino,CH,Rivenditore,https://www.subito.it/auto/peugeot-308-1-2-puretech-t-allure-pack-s-s-130cv-chieti-652976673.htm
Peugeot 308 1.2 puretech t Allure Pack s&s 130cv,17900,Usato,02/2023,43145 Km,Benzina,Manuale,Euro 6,Roma,RM,Rivenditore,https://www.subito.it/auto/peugeot-308-1-2-puretech-t-allure-pack-s-s-130cv-roma-652976490.htm
Peugeot 308 1.5 bluehdi Allure s&s 130cv eat8 IN P,20900,Usato,06/2025,19000 Km,Diesel,Automatico,Euro 6e,Liscate,MI,Rivenditore,https://www.subito.it/auto/peugeot-308-1-5-bluehdi-allure-s-s-130cv-eat8-in-p-milano-652867935.htm
Peugeot 308 Berlina Hybrid 145cv DCS6 ALLURE KM ZE,25950,Km0,10/2025,,Benzina,Automatico,Euro 6d-TEMP,Milano,MI,Rivenditore,https://www.subito.it/auto/peugeot-308-berlina-hybrid-145cv-dcs6-allure-km-ze-milano-652579540.htm
PEUGEOT 308 BlueHDi 130 S&S EAT8 SW Allure,23490,Usato,06/2024,41705 Km,Diesel,Automatico,Euro 6,Lanciano,CH,Rivenditore,https://www.subito.it/auto/peugeot-308-bluehdi-130-s-s-eat8-sw-allure-chieti-652550370.htm
PEUGEOT 308 BlueHDi 130 S&S EAT8 Allure Pack,15900,Usato,04/2022,99900 Km,Diesel,Sequenziale,Euro 6,Monselice,PD,Rivenditore,https://www.subito.it/auto/peugeot-308-bluehdi-130-s-s-eat8-allure-pack-padova-652442295.htm
Peugeot 308 GT Hybrid 145 e-DCS6 SPOTICAR,24900,Usato,01/2025,22100 Km,Mild Hybrid Benzina,Automatico,Euro 6,Bagnaria Arsa,UD,Rivenditore,https://www.subito.it/auto/peugeot-308-gt-hybrid-145-e-dcs6-spoticar-udine-652389914.htm
Peugeot 308 BlueHDi 130 S&S EAT8 SW GT,18000,Usato,07/2023,204000 Km,Diesel,Automatico,Euro 6,Trinitapoli,BT,Rivenditore,https://www.subito.it/auto/peugeot-308-bluehdi-130-s-s-eat8-sw-gt-barletta-andria-trani-652224759.htm
PEUGEOT 308 BlueHDi 130 S&S EAT8 Allure,20900,Usato,03/2023,64485 Km,Diesel,Sequenziale,Euro 6,Alberobello,BA,Rivenditore,https://www.subito.it/auto/peugeot-308-bluehdi-130-s-s-eat8-allure-bari-652217709.htm
Peugeot 308 1.5 bluehdi GT Pack s&s 130cv eat8,22900,Usato,01/2023,24126 Km,Diesel,Automatico,Euro 6,San Giovanni Teatino,CH,Rivenditore,https://www.subito.it/auto/peugeot-308-1-5-bluehdi-gt-pack-s-s-130cv-eat8-chieti-652203574.htm
Peugeot 308 1.5 bluehdi GT Pack s&s 130cv eat8,22900,Usato,01/2023,24126 Km,Diesel,Automatico,Euro 6,Roma,RM,Rivenditore,https://www.subito.it/auto/peugeot-308-1-5-bluehdi-gt-pack-s-s-130cv-eat8-roma-652202593.htm
Peugeot 308 SW Diesel  Febbraio 2025 Cambio Autom,21000,Usato,02/2025,75000 Km,Diesel,Automatico,Euro 6d-TEMP,Bari,BA,Rivenditore,https://www.subito.it/auto/peugeot-308-sw-diesel-febbraio-2025-cambio-autom-bari-652167134.htm
PEUGEOT 308 BlueHDi 130 S&S EAT8 GT,24500,Usato,05/2023,75000 Km,Diesel,Sequenziale,Euro 6d-TEMP,Cagliari,CA,Rivenditore,https://www.subito.it/auto/peugeot-308-bluehdi-130-s-s-eat8-gt-cagliari-651702125.htm
"PEUGEOT 308 1.5 BLUEHDI GT 130cv EAT8, UNICO UTILI",19500,Usato,06/2023,27000 Km,Diesel,Automatico,Euro 6d,Asti,AT,Rivenditore,https://www.subito.it/auto/peugeot-308-1-5-bluehdi-gt-130cv-eat8-unico-utili-asti-651635724.htm
PEUGEOT 308 sw 1.5 bluehdi gt s&s 130cv eat8,22200,Usato,11/2023,27358 Km,Diesel,Automatico,Euro 6,Limena,PD,Rivenditore,https://www.subito.it/auto/peugeot-308-sw-1-5-bluehdi-gt-s-s-130cv-eat8-padova-651361850.htm
Peugeot 308 Automatica - Cinghia di Distribuzione ,17900,Usato,09/2023,53900 Km,Benzina,Automatico,Euro 6e,Roma,RM,Rivenditore,https://www.subito.it/auto/peugeot-308-automatica-cinghia-di-distribuzione-roma-651283255.htm
Peugeot 308 GT BlueHDi 130 EAT8 2024,20500,Usato,02/2024,68800 Km,Diesel,Sequenziale,Euro 6d-TEMP,San Giovanni la Punta,CT,Privato,https://www.subito.it/auto/peugeot-308-gt-bluehdi-130-eat8-2024-catania-651238743.htm
PEUGEOT 308 AA16676,23799,Usato,02/2025,7836 Km,Ibrida,Automatico,Euro 6e,Catania,CT,Rivenditore,https://www.subito.it/auto/peugeot-308-aa16676-catania-651198095.htm
PEUGEOT 308 CK35490,26299,Usato,01/2024,4781 Km,Ibrida,Sequenziale,Euro 6e,Catania,CT,Rivenditore,https://www.subito.it/auto/peugeot-308-ck35490-catania-651198029.htm
PEUGEOT 308 GZ69324,20599,Usato,10/2022,50928 Km,Ibrida,Automatico,Euro 6e,Catania,CT,Rivenditore,https://www.subito.it/auto/peugeot-308-gz69324-catania-651196684.htm
Peugeot 308 Allure,22000,Usato,07/2023,25000 Km,Diesel,Sequenziale,Euro 6d-TEMP,Monopoli,BA,Privato,https://www.subito.it/auto/peugeot-308-allure-bari-651145357.htm
PEUGEOT 308 LB54193,20499,Usato,06/2024,25958 Km,Benzina,Automatico,Euro 6e,Milano,MI,Rivenditore,https://www.subito.it/auto/peugeot-308-lb54193-milano-650884686.htm
Peugeot 308 Plug-in Hybrid 180 e-EAT8 GT,22000,Usato,04/2022,30000 Km,Plug-in Hybrid Benzina,Sequenziale,Euro 6,Firenze,FI,Privato,https://www.subito.it/auto/peugeot-308-plug-in-hybrid-180-e-eat8-gt-firenze-650424318.htm
PEUGEOT - 308 - BlueHDi 130 S&S EAT8 Allure Pack,17900,Usato,01/2023,95377 Km,Benzina,Automatico,Euro 6e,Trani,BT,Rivenditore,https://www.subito.it/auto/peugeot-308-bluehdi-130-s-s-eat8-allure-pack-barletta-andria-trani-650402988.htm
PEUGEOT 308 LB54193,20499,Usato,06/2024,25958 Km,Benzina,Automatico,Euro 6e,Verona,VR,Rivenditore,https://www.subito.it/auto/peugeot-308-lb54193-verona-650387796.htm
PEUGEOT 308 LB54193,20499,Usato,06/2024,25958 Km,Benzina,Automatico,Euro 6e,Palermo,PA,Rivenditore,https://www.subito.it/auto/peugeot-308-lb54193-palermo-650071236.htm
Peugeot 308 bluehdi 130 cv Allure - 2022,17500,Usato,06/2022,90000 Km,Diesel,Automatico,Euro 6d-TEMP,Cerignola,FG,Privato,https://www.subito.it/auto/peugeot-308-bluehdi-130-cv-allure-2022-foggia-649308818.htm
PEUGEOT 308 Allure BlueHDi 130 EAT8 S&S aut.,6500,Usato,06/2023,67200 Km,Diesel,Automatico,Euro 6d,Fasano,BR,Privato,https://www.subito.it/auto/peugeot-308-allure-bluehdi-130-eat8-s-s-aut-brindisi-649154442.htm
Peugeot 308 gt pack 1.5 130cv,22500,Usato,01/2023,75000 Km,Diesel,Automatico,Euro 6d-TEMP,Caserta,CE,Privato,https://www.subito.it/auto/peugeot-308-gt-pack-1-5-130cv-caserta-649133870.htm
PEUGEOT 308 SW PURETECH TURBO 110CAVALLI S&S ACT,14900,Usato,07/2022,22532 Km,Benzina,Manuale,Euro 6,Quinzano d'Oglio,BS,Rivenditore,https://www.subito.it/auto/peugeot-308-sw-puretech-turbo-110cavalli-s-s-act-brescia-648598076.htm
308 III 2022 1.5 bluehdi GT,17000,Usato,04/2022,92000 Km,Diesel,Sequenziale,Euro 6d-TEMP,Statte,TA,Privato,https://www.subito.it/auto/308-iii-2022-1-5-bluehdi-gt-taranto-648432652.htm
Peugeot New 308 SW 1.5 BlueHDi 130CV EAT8 Allure P,16400,Usato,06/2022,45340 Km,Diesel,Automatico,Euro 6e,Montalto Uffugo,CS,Rivenditore,https://www.subito.it/auto/peugeot-new-308-sw-1-5-bluehdi-130cv-eat8-allure-p-cosenza-648408864.htm
Peugeot 308,26900,Usato,11/2023,39000 Km,Diesel,Sequenziale,Euro 6d-TEMP,Caltanissetta,CL,Privato,https://www.subito.it/auto/peugeot-308-caltanissetta-648232367.htm
PEUGEOT 308 PureTech Turbo 130 S&S EAT8 SW All.,21490,Usato,05/2024,13953 Km,Benzina,Automatico,Euro 6,Castel di Sangro,AQ,Rivenditore,https://www.subito.it/auto/peugeot-308-puretech-turbo-130-s-s-eat8-sw-all-l-aquila-648198852.htm
PEUGEOT 308 SW 1.5 BLUEHDI S&S GT,20990,Usato,06/2024,46700 Km,Diesel,Sequenziale,Euro 6d-TEMP,Albenga,SV,Privato,https://www.subito.it/auto/peugeot-308-sw-1-5-bluehdi-s-s-gt-savona-647604430.htm
PEUGEOT 308 PureTech Turbo 130 S&S EAT8 SW GT Pa,17500,Usato,10/2022,57000 Km,Benzina,Automatico,Euro 6,Vercelli,VC,Rivenditore,https://www.subito.it/auto/peugeot-308-puretech-turbo-130-s-s-eat8-sw-gt-pa-vercelli-647367193.htm
peugeot 308,16490,Usato,12/2022,106000 Km,Diesel,Automatico,Euro 6d-TEMP,Cardito,NA,Rivenditore,https://www.subito.it/auto/peugeot-308-napoli-647232329.htm
Peugeot 308,15499,Usato,12/2022,106000 Km,Diesel,Sequenziale,Euro 6d-TEMP,Cardito,NA,Rivenditore,https://www.subito.it/auto/peugeot-308-napoli-647230254.htm
Peugeot 308 BlueHDi 130 S&S EAT8 SW GT Pack,24900,Usato,02/2023,27000 Km,Diesel,Automatico,Euro 6e,Chieti,CH,Rivenditore,https://www.subito.it/auto/peugeot-308-bluehdi-130-s-s-eat8-sw-gt-pack-chieti-647165512.htm
PEUGEOT 308 BlueHDi 130 S&S EAT8 SW Allure,25000,Usato,01/2025,40000 Km,Diesel,Automatico,Euro 6d-TEMP,Imperia,IM,Privato,https://www.subito.it/auto/peugeot-308-bluehdi-130-s-s-eat8-sw-allure-imperia-643097319.htm
Peugeot 308 BlueHDi 130 S&S EAT8 GT Pack,18900,Usato,05/2022,84000 Km,Diesel,Sequenziale,Euro 6e,Castelfranco Veneto,TV,Rivenditore,https://www.subito.it/auto/peugeot-308-bluehdi-130-s-s-eat8-gt-pack-treviso-646724876.htm
Peugeot 308 ,20000,Usato,07/2022,106000 Km,Diesel,Automatico,Euro 6d,Penne,PE,Privato,https://www.subito.it/auto/peugeot-308-pescara-646642942.htm
PEUGEOT 308 UK93062,19099,Usato,03/2024,44208 Km,Diesel,Automatico,Euro 6e,Catania,CT,Rivenditore,https://www.subito.it/auto/peugeot-308-uk93062-catania-645970798.htm
PEUGEOT 308 UK93062,19099,Usato,03/2024,44208 Km,Diesel,Automatico,Euro 6e,Sassari,SS,Rivenditore,https://www.subito.it/auto/peugeot-308-uk93062-sassari-645970491.htm
PEUGEOT 308 UK93062,19099,Usato,03/2024,44208 Km,Diesel,Automatico,Euro 6e,Milano,MI,Rivenditore,https://www.subito.it/auto/peugeot-308-uk93062-milano-645969650.htm
PEUGEOT 308 UK93062,19099,Usato,03/2024,44208 Km,Diesel,Automatico,Euro 6e,Verona,VR,Rivenditore,https://www.subito.it/auto/peugeot-308-uk93062-verona-645969818.htm
PEUGEOT 308 UK93062,19099,Usato,03/2024,44208 Km,Diesel,Automatico,Euro 6e,Casagiove,CE,Rivenditore,https://www.subito.it/auto/peugeot-308-uk93062-caserta-645969238.htm
PEUGEOT 308 UK93062,19099,Usato,03/2024,44208 Km,Diesel,Automatico,Euro 6e,Torino,TO,Rivenditore,https://www.subito.it/auto/peugeot-308-uk93062-torino-645968412.htm
PEUGEOT 308 UK93062,19099,Usato,03/2024,44208 Km,Diesel,Automatico,Euro 6e,Palermo,PA,Rivenditore,https://www.subito.it/auto/peugeot-308-uk93062-palermo-645968263.htm
PEUGEOT 308 UK93062,19099,Usato,03/2024,44208 Km,Diesel,Automatico,Euro 6e,Firenze,FI,Rivenditore,https://www.subito.it/auto/peugeot-308-uk93062-firenze-645967794.htm
PEUGEOT 308 UK93062,19099,Usato,03/2024,44208 Km,Diesel,Automatico,Euro 6e,Bari,BA,Rivenditore,https://www.subito.it/auto/peugeot-308-uk93062-bari-645965675.htm
Peugeot 308 plug-in Hybrid,16300,Usato,11/2022,60200 Km,Plug-in Hybrid Benzina,Sequenziale,Euro 6d-TEMP,Anguillara Sabazia,RM,Privato,https://www.subito.it/auto/peugeot-308-plug-in-hybrid-roma-645787336.htm
Peugeot 308,25000,Usato,08/2024,17000 Km,Mild Hybrid Benzina,Automatico,Euro 6d-TEMP,Conversano,BA,Privato,https://www.subito.it/auto/peugeot-308-bari-645734029.htm
Peugeot 308 Allure Pack 1.2 PureTech 130cv - 2023 ,22000,Usato,10/2023,42134 Km,Benzina,Sequenziale,Euro 6d-TEMP,Bieno,TN,Privato,https://www.subito.it/auto/peugeot-308-allure-pack-1-2-puretech-130cv-2023-trento-645652254.htm
Peugeot 308 1.5 bluehdi GT s&s 130cv eat8,18500,Usato,01/2022,84530 Km,Diesel,Automatico,Euro 6,San Giovanni Teatino,CH,Rivenditore,https://www.subito.it/auto/peugeot-308-1-5-bluehdi-gt-s-s-130cv-eat8-chieti-645406361.htm
Peugeot 308 1.5 bluehdi GT s&s 130cv eat8,18500,Usato,01/2022,84530 Km,Diesel,Automatico,Euro 6,Roma,RM,Rivenditore,https://www.subito.it/auto/peugeot-308-1-5-bluehdi-gt-s-s-130cv-eat8-roma-645406304.htm
Peugeot 308 2022 allure pack,20000,Usato,04/2022,65000 Km,Diesel,Manuale,Euro 6d-TEMP,San Valentino Torio,SA,Rivenditore,https://www.subito.it/auto/peugeot-308-2022-allure-pack-salerno-645170664.htm
Peugeot 308 III 2021 SW SW 1.5 bluehdi GT Pack s,19800,Usato,04/2023,92320 Km,Diesel,Sequenziale,Euro 6d-TEMP,Francavilla in Sinni,PZ,Rivenditore,https://www.subito.it/auto/peugeot-308-iii-2021-sw-sw-1-5-bluehdi-gt-pack-s-potenza-645120785.htm
Peugeot 308 PureTech Turbo 130 S&S Active Pack,14890,Usato,01/2024,56257 Km,Benzina,Manuale,Euro 6,Isernia,IS,Rivenditore,https://www.subito.it/auto/peugeot-308-puretech-turbo-130-s-s-active-pack-isernia-644652648.htm
Peugeout 308,20000,Usato,12/2023,40000 Km,Diesel,Sequenziale,Euro 6d-TEMP,Vicovaro,RM,Privato,https://www.subito.it/auto/peugeout-308-roma-644630064.htm
Peugeot 308 Hybrid 180 e-EAT8 S&S aut. 220cv ...,20800,Usato,10/2022,85894 Km,Ibrida,Automatico,,Castellanza,VA,Rivenditore,https://www.subito.it/auto/peugeot-308-hybrid-180-e-eat8-s-s-aut-220cv-varese-634778356.htm
Peugeot 308 SW pureTech  benzina gt,23500,Usato,06/2024,6950 Km,Benzina,Sequenziale,Euro 6d-TEMP,Ranica,BG,Rivenditore,https://www.subito.it/auto/peugeot-308-sw-puretech-benzina-gt-bergamo-644457448.htm
Peugeot 308 Gt pack,20000,Usato,05/2023,46 Km,Benzina,Automatico,Euro 6d-TEMP,Bergamo,BG,Privato,https://www.subito.it/auto/peugeot-308-gt-pack-bergamo-644417478.htm
Peugeot 308 1.2 puretech t Allure Pack s&s 13...,19200,Usato,04/2022,23518 Km,Benzina,Automatico,Euro 6,San Giovanni Teatino,CH,Rivenditore,https://www.subito.it/auto/peugeot-308-1-2-puretech-t-allure-pack-s-s-13-chieti-644372942.htm
Peugeot 308 1.2 puretech t Allure Pack s&s 13...,19200,Usato,04/2022,23518 Km,Benzina,Automatico,Euro 6,Roma,RM,Rivenditore,https://www.subito.it/auto/peugeot-308-1-2-puretech-t-allure-pack-s-s-13-roma-644372797.htm
Peugeot 308 Allure Pack 1.2 PureTech 130 CV – 2022,15900,Usato,03/2022,39000 Km,Benzina,Manuale,Euro 6d-TEMP,Bologna,BO,Privato,https://www.subito.it/auto/peugeot-308-allure-pack-1-2-puretech-130-cv-2022-bologna-644342902.htm
Peugeot 308 1.5 Blue HDI,22500,Usato,11/2023,52000 Km,Diesel,Automatico,Euro 6,Cinisello Balsamo,MI,Privato,https://www.subito.it/auto/peugeot-308-1-5-blue-hdi-milano-644189329.htm
Peugeot 308 GT BlueHDi 130 EAT8 S&S,24500,Usato,04/2024,39532 Km,Diesel,Automatico,Euro 6d-TEMP,Foggia,FG,Rivenditore,https://www.subito.it/auto/peugeot-308-gt-bluehdi-130-eat8-s-s-foggia-637835094.htm
"Peugeot 308
308 III 2022 1.5 bluehdi GT",17000,Usato,04/2022,92000 Km,Diesel,Automatico,Euro 6d-TEMP,Lecce,LE,Rivenditore,https://www.subito.it/auto/peugeot-308308-iii-2022-1-5-bluehdi-gt-lecce-643955262.htm
Peugeot 308 GT 2022  diesel,17500,Usato,01/2022,125000 Km,Diesel,Automatico,Euro 6d-TEMP,Modena,MO,Privato,https://www.subito.it/auto/peugeot-308-gt-2022-diesel-modena-643803844.htm
Peugeot 308 SW GT Hybrid 145 e-DCS6,26500,Usato,03/2025,10521 Km,Ibrida,Automatico,Euro 6d-TEMP,Prato,PO,Rivenditore,https://www.subito.it/auto/peugeot-308-sw-gt-hybrid-145-e-dcs6-prato-643781888.htm
PEUGEOT 308 GT PACK,22000,Usato,05/2022,55000 Km,Diesel,Automatico,Euro 6d-TEMP,Bari,BA,Privato,https://www.subito.it/auto/peugeot-308-gt-pack-bari-643559350.htm
Peugeot 308 plug-in Hybrid GT PACK,22000,Usato,01/2023,32000 Km,Plug-in Hybrid Benzina,Automatico,Euro 6d,Torino,TO,Privato,https://www.subito.it/auto/peugeot-308-plug-in-hybrid-gt-pack-torino-643545178.htm
308 ALLURE PACK HDI 130 CV AUT.,18400,Usato,03/2022,115000 Km,Diesel,Automatico,Euro 6d,Legnago,VR,Privato,https://www.subito.it/auto/308-allure-pack-hdi-130-cv-aut-verona-643470214.htm
Peugeot 308 PHEV 180- Gt Line,24500,Usato,04/2024,28000 Km,Plug-in Hybrid Benzina,Automatico,Euro 6d-TEMP,Sarzana,SP,Privato,https://www.subito.it/auto/peugeot-308-phev-180-gt-line-la-spezia-642945562.htm
Peugeot 308 1.5 HDI asse a camme nuovo + tagliando,11000,Usato,05/2022,147000 Km,Diesel,Manuale,Euro 6d-TEMP,Palma Campania,NA,Rivenditore,https://www.subito.it/auto/peugeot-308-1-5-hdi-asse-a-camme-nuovo-tagliando-napoli-642834242.htm
Peugeot 308,17500,Usato,03/2022,88000 Km,Diesel,Sequenziale,Euro 6d-TEMP,Aversa,CE,Privato,https://www.subito.it/auto/peugeot-308-caserta-642796133.htm
Peugeot 308 1.2 benzina 130cv,19900,Usato,05/2022,41000 Km,Benzina,Manuale,Euro 6d-TEMP,Guidonia Montecelio,RM,Privato,https://www.subito.it/auto/peugeot-308-1-2-benzina-130cv-roma-642679869.htm
PEUGEOT 308 1.5 bluehdi Allure s&s 130cv eat8,29000,Km0,12/2025,,Diesel,Automatico,Euro 6,Brescello,RE,Rivenditore,https://www.subito.it/auto/peugeot-308-1-5-bluehdi-allure-s-s-130cv-eat8-reggio-emilia-633580519.htm
Peugeot 308 BlueHDi 130 S&S EAT8 SW Allure,20490,Usato,10/2022,51087 Km,Diesel,Automatico,Euro 6,Mercato San Severino,SA,Rivenditore,https://www.subito.it/auto/peugeot-308-bluehdi-130-s-s-eat8-sw-allure-salerno-642301662.htm
308 allure,13900,Usato,07/2022,160000 Km,Diesel,Automatico,Euro 6c,Bergamo,BG,Privato,https://www.subito.it/auto/308-allure-bergamo-642283064.htm
Peugeot 308 SW 1.6 hybrid plugin 180cv eat8 ,23000,Usato,09/2023,48000 Km,Plug-in Hybrid Benzina,Sequenziale,Euro 6d-TEMP,Montechiarugolo,PR,Privato,https://www.subito.it/auto/peugeot-308-sw-1-6-hybrid-plugin-180cv-eat8-parma-642266998.htm
Peugeot 308,18500,Usato,03/2023,30000 Km,Benzina,Automatico,Euro 6d-TEMP,Carpi,MO,Privato,https://www.subito.it/auto/peugeot-308-modena-642231339.htm
PEUGEOT 308 3ª serie 308 BlueHDi 130 S&S EAT8 ...,23600,Usato,2022,57000 Km,Diesel,Automatico,Euro 6e,Moncalieri,TO,Rivenditore,https://www.subito.it/auto/peugeot-308-3-serie-308-bluehdi-130-s-s-eat8-torino-642022764.htm
PEUGEOT 308 PureTech Turbo 130 S&S EAT8 Allure,17900,Usato,11/2023,45000 Km,Benzina,Sequenziale,Euro 6d-TEMP,Avio,TN,Privato,https://www.subito.it/auto/peugeot-308-puretech-turbo-130-s-s-eat8-allure-trento-642001216.htm
Peugeot 308 Hybrid 1.6 180 cv Allure Pack,20500,Usato,03/2022,90000 Km,Plug-in Hybrid Benzina,Automatico,Euro 6d-TEMP,Illasi,VR,Privato,https://www.subito.it/auto/peugeot-308-hybrid-1-6-180-cv-allure-pack-verona-641847228.htm
Peugeot 308 III SERIE GT Pack,20000,Usato,04/2022,65350 Km,Diesel,Automatico,Euro 6d,Roma,RM,Privato,https://www.subito.it/auto/peugeot-308-iii-serie-gt-pack-roma-641837706.htm
Peugeot 308 BlueHDi 130 S&S EAT8 GT,23500,Usato,04/2024,29900 Km,Diesel,Automatico,Euro 6d-TEMP,Alessandria,AL,Rivenditore,https://www.subito.it/auto/peugeot-308-bluehdi-130-s-s-eat8-gt-alessandria-641275093.htm
PEUGEOT 308 1500 BLUEHDI 130 CV EAT8 ALLURE PACK,19200,Usato,06/2023,90000 Km,Diesel,Automatico,Euro 6e,Brusciano,NA,Rivenditore,https://www.subito.it/auto/peugeot-308-1500-bluehdi-130-cv-eat8-allure-pack-napoli-641229258.htm
Peugeot 308 SW HDi 130 EAT8 GT - NUOVO E KM ZERO,27990,Km0,03/2026,,Diesel,Sequenziale,Euro 6e,Senigallia,AN,Rivenditore,https://www.subito.it/auto/peugeot-308-sw-hdi-130-eat8-gt-nuovo-e-km-zero-ancona-640798418.htm
Peugeot 308 GT,20000,Usato,10/2023,26000 Km,Benzina,Sequenziale,Euro 6d-TEMP,Oleggio,NO,Privato,https://www.subito.it/auto/peugeot-308-gt-novara-639135117.htm
PEUGEOT 308 1.5 130CV RESTALING KM CERTIFICATI,16999,Usato,12/2022,99000 Km,Diesel,Manuale,Euro 6d-TEMP,Pontecorvo,FR,Privato,https://www.subito.it/auto/peugeot-308-1-5-130cv-restaling-km-certificati-frosinone-640561182.htm
Peugeot 308 gt,25000,Usato,01/2023,45000 Km,Diesel,Automatico,Euro 6d-TEMP,Chioggia,VE,Privato,https://www.subito.it/auto/peugeot-308-gt-venezia-640362894.htm
308 2023,15000,Usato,01/2023,150 Km,Diesel,Automatico,Euro 6d-TEMP,Cerignola,FG,Privato,https://www.subito.it/auto/308-2023-foggia-640318535.htm
(2024) PEUGEOT 308 PureTech 130 S&S EAT8 Allure,22000,Usato,03/2024,11800 Km,Benzina,Automatico,Euro 6d-TEMP,Carrara,MS,Privato,https://www.subito.it/auto/2024-peugeot-308-puretech-130-s-s-eat8-allure-massa-carrara-638030451.htm
Peugeot 308 130 cv Diesel,14900,Usato,06/2022,93000 Km,Diesel,Manuale,Euro 6d,Torino,TO,Privato,https://www.subito.it/auto/peugeot-308-130-cv-diesel-torino-640045910.htm
Peugeot 308 BlueHDi 130 S&S EAT8 SW Allure Pack,15990,Usato,05/2022,110300 Km,Diesel,Automatico,Euro 6e,Eboli,SA,Rivenditore,https://www.subito.it/auto/peugeot-308-bluehdi-130-s-s-eat8-sw-allure-pack-salerno-640027990.htm
Peugeot 308,15000,Usato,03/2022,109000 Km,Diesel,Manuale,Euro 6d-TEMP,Treviso,TV,Privato,https://www.subito.it/auto/peugeot-308-treviso-639866329.htm
PEUGEOT 308 SW,17600,Usato,04/2023,110000 Km,Diesel,Automatico,Euro 6,Melzo,MI,Rivenditore,https://www.subito.it/auto/peugeot-308-sw-milano-639518179.htm
PEUGEOT 308 iii 2021 308 1.5 bluehdi Allure s&s 13,26829,Km0,03/2025,,Diesel,Automatico,Euro 6,Meda,MB,Rivenditore,https://www.subito.it/auto/peugeot-308-iii-2021-308-1-5-bluehdi-allure-s-s-13-monza-638933965.htm
Peugeot 308,16000,Usato,03/2023,55000 Km,Benzina,Automatico,Euro 6d-TEMP,Casapesenna,CE,Privato,https://www.subito.it/auto/peugeot-308-caserta-638135085.htm
Peugeot 308 1.5 bluehdi Allure Pack s&s 130cv eat8,19800,Usato,05/2023,92000 Km,Diesel,Automatico,,Bologna,BO,Privato,https://www.subito.it/auto/peugeot-308-1-5-bluehdi-allure-pack-s-s-130cv-eat8-bologna-638020975.htm
Peugeot 308 gt III serie Full,24890,Usato,12/2022,47000 Km,Diesel,Automatico,Euro 6d-TEMP,Orvieto,TR,Privato,https://www.subito.it/auto/peugeot-308-gt-iii-serie-full-terni-637816241.htm
Peugeot 308 1.2 puretech t Allure s&s 130cv IN PRO,15500,Usato,03/2024,25000 Km,Benzina,Manuale,Euro 6e,Liscate,MI,Rivenditore,https://www.subito.it/auto/peugeot-308-1-2-puretech-t-allure-s-s-130cv-in-pro-milano-637793907.htm
Peugeot 308 BlueHDi 130 S&S EAT8 Allure,25900,Km0,06/2024,,Diesel,Automatico,Euro 6,San Marco Evangelista,CE,Rivenditore,https://www.subito.it/auto/peugeot-308-bluehdi-130-s-s-eat8-allure-caserta-633534303.htm
Peugeot 308 sw Allure sky 1.6 120cv 2018,9999,Usato,01/2026,159303 Km,Diesel,Automatico,Euro 6,San Valentino Torio,SA,Privato,https://www.subito.it/auto/peugeot-308-sw-allure-sky-1-6-120cv-2018-salerno-634278105.htm
Peugeot 308 BlueHDi 130 S&S EAT8 Allure,25900,Km0,06/2024,,Diesel,Automatico,Euro 6,Teverola,CE,Rivenditore,https://www.subito.it/auto/peugeot-308-bluehdi-130-s-s-eat8-allure-caserta-633534331.htm
Peugeot 308 PureTech Turbo 130 S&S Active Pack,19900,Km0,09/2024,,Benzina,Manuale,Euro 6,San Marco Evangelista,CE,Rivenditore,https://www.subito.it/auto/peugeot-308-puretech-turbo-130-s-s-active-pack-caserta-633534603.htm
PEUGEOT 308 gt 130cv,24000,Usato,03/2024,21000 Km,Benzina,Automatico,Euro 6d-TEMP,Alessandria,AL,Privato,https://www.subito.it/auto/peugeot-308-gt-130cv-alessandria-637069972.htm
PEUGEOT 308 Serie III – PureTech benzina 130 cv EA,24000,Usato,07/2023,13000 Km,Benzina,,,Roma,RM,Privato,https://www.subito.it/auto/peugeot-308-serie-iii-puretech-benzina-130-cv-ea-roma-636842384.htm
Peugeot 308 allestimento GT anno 2022,25000,Usato,04/2022,28000 Km,Diesel,Automatico,Euro 6d-TEMP,Catania,CT,Privato,https://www.subito.it/auto/peugeot-308-allestimento-gt-anno-2022-catania-636633749.htm
Peugeot 308 nuova sw,22000,Usato,05/2024,82600 Km,Diesel,Sequenziale,Euro 6d-TEMP,Pescara,PE,Rivenditore,https://www.subito.it/auto/peugeot-308-nuova-sw-pescara-636524079.htm
PEUGEOT 308 BlueHDi 130 S&S EAT8 SW Allure Pack,15950,Usato,05/2022,136798 Km,Diesel,Automatico,Euro 6e,Oderzo,TV,Rivenditore,https://www.subito.it/auto/peugeot-308-bluehdi-130-s-s-eat8-sw-allure-pack-treviso-636264183.htm
Peugeot 308 SW,17000,Usato,05/2022,66500 Km,Benzina,Automatico,Euro 6d-TEMP,Lonato del Garda,BS,Privato,https://www.subito.it/auto/peugeot-308-sw-brescia-635984756.htm
Peugeot 308 SW 1.2 t Active Pack s&s 130cv IN PROM,15700,Usato,03/2024,28000 Km,Benzina,Manuale,Euro 6d,Liscate,MI,Rivenditore,https://www.subito.it/auto/peugeot-308-sw-1-2-t-active-pack-s-s-130cv-in-prom-milano-635441101.htm
Peugeot 308 sw,21000,Usato,04/2023,75000 Km,Diesel,Automatico,Euro 6e,Bologna,BO,Privato,https://www.subito.it/auto/peugeot-308-sw-bologna-635291900.htm
Peugeot 308 1.5 BlueHDi Allure Pack S&S 130 CV,19000,Usato,04/2022,106500 Km,Diesel,Manuale,Euro 6,Reggio nell'Emilia,RE,Privato,https://www.subito.it/auto/peugeot-308-1-5-bluehdi-allure-pack-s-s-130-cv-reggio-emilia-635224886.htm
Peugeot 308 GT Pack (2022) 16000km - NUOVA!!,26900,Usato,02/2022,16000 Km,Diesel,Automatico,,Napoli,NA,Privato,https://www.subito.it/auto/peugeot-308-gt-pack-2022-16000km-nuova-napoli-635144591.htm
Peugeot 308 III serie BLUEHDI 130,13500,Usato,10/2022,118000 Km,Diesel,Manuale,Euro 6e,Orbassano,TO,Privato,https://www.subito.it/auto/peugeot-308-iii-serie-bluehdi-130-torino-634116164.htm
Auto Peugeot 308,23000,Usato,03/2022,52000 Km,Diesel,Automatico,Euro 6,Giulianova,TE,Privato,https://www.subito.it/auto/auto-peugeot-308-teramo-632687840.htm
Peugeot 308 allure,19500,Usato,12/2023,44000 Km,Benzina,Sequenziale,Euro 6d-TEMP,Bracciano,RM,Privato,https://www.subito.it/auto/peugeot-308-allure-roma-632256768.htm
Peugeot 308 III serie 1.5 131 cv 2022 EAT 8 diesel,18000,Usato,06/2022,79000 Km,Diesel,Automatico,Euro 6d,Chieti,CH,Privato,https://www.subito.it/auto/peugeot-308-iii-serie-1-5-131-cv-2022-eat-8-diesel-chieti-627338154.htm
Peugeot 308 gt,25000,Usato,03/2024,29000 Km,Benzina,Automatico,Euro 6d-TEMP,Praia a Mare,CS,Privato,https://www.subito.it/auto/peugeot-308-gt-cosenza-631758197.htm
Peugeot 308 GT Pack,24000,Usato,11/2022,51246 Km,Diesel,Automatico,Euro 6d-TEMP,Zafferana Etnea,CT,Privato,https://www.subito.it/auto/peugeot-308-gt-pack-catania-624492235.htm
Peugeot 308,18500,Usato,07/2022,95000 Km,Diesel,Manuale,Euro 6d,Faenza,RA,Privato,https://www.subito.it/auto/peugeot-308-ravenna-631497110.htm
Peugeot 308 Hybrid 180 e-EAT8 GT Pack,16500,Usato,04/2022,99000 Km,Plug-in Hybrid Benzina,Sequenziale,Euro 6d-TEMP,Ravarino,MO,Privato,https://www.subito.it/auto/peugeot-308-hybrid-180-e-eat8-gt-pack-modena-630909834.htm
pegeout 308 n3 nserie,22800,Usato,05/2022,41000 Km,Diesel,Automatico,Euro 6d-TEMP,Aprilia,LT,Privato,https://www.subito.it/auto/pegeout-308-n3-nserie-latina-630646033.htm
pegeout 308 3 serie,22800,Usato,05/2022,41000 Km,Diesel,Automatico,Euro 6d-TEMP,Aprilia,LT,Privato,https://www.subito.it/auto/pegeout-308-3-serie-latina-630645281.htm
Peugeout 308 SW 1.5 bluehdi Allure s&s 130cv eat 8,24000,Usato,09/2024,17500 Km,Diesel,Automatico,Euro 6d-TEMP,Bari,BA,Privato,https://www.subito.it/auto/peugeout-308-sw-1-5-bluehdi-allure-s-s-130cv-eat-8-bari-630541052.htm
Peugeot 308 sw,21000,Usato,05/2024,75000 Km,Diesel,Automatico,Euro 6c,Casalmaggiore,CR,Privato,https://www.subito.it/auto/peugeot-308-sw-cremona-629959383.htm
Pegeout 308 Allure Pack Anno:2023,19800,Usato,01/2023,41000 Km,Diesel,Automatico,Euro 6d,Desio,MB,Privato,https://www.subito.it/auto/pegeout-308-allure-pack-anno-2023-monza-629288896.htm
Peugeot 308 gt 130 diesel automatica,23500,Usato,01/2023,45000 Km,Diesel,Automatico,Euro 6d-TEMP,Portici,NA,Privato,https://www.subito.it/auto/peugeot-308-gt-130-diesel-automatica-napoli-628592249.htm
Peugeot 308 Allure 1.2 131 CV Benzina - Automatica,20000,Usato,02/2022,12000 Km,Benzina,Automatico,Euro 6d-TEMP,Roma,RM,Privato,https://www.subito.it/auto/peugeot-308-allure-1-2-131-cv-benzina-automatica-roma-627633878.htm
PEUGEOT 308 BlueHDi 130 S&S EAT8 GT,22000,Usato,03/2022,48000 Km,Diesel,Automatico,Euro 6d-TEMP,Carinaro,CE,Privato,https://www.subito.it/auto/peugeot-308-bluehdi-130-s-s-eat8-gt-caserta-626806979.htm
Peugeot 308 3ª serie 2022,18500,Usato,03/2022,102000 Km,Diesel,Automatico,Euro 6d-TEMP,Gioia Tauro,RC,Privato,https://www.subito.it/auto/peugeot-308-3-serie-2022-reggio-calabria-626360698.htm
Macchina in perfette condizioni,15890,Usato,12/2022,80000 Km,Diesel,Automatico,Euro 6e,Palermo,PA,Privato,https://www.subito.it/auto/macchina-in-perfette-condizioni-palermo-626286584.htm
peugeot 308,23000,Usato,09/2023,65400 Km,Diesel,Automatico,Euro 6d,Villa Literno,CE,Privato,https://www.subito.it/auto/peugeot-308-caserta-626005601.htm
PEUGEOT 308 GT Pack,24500,Usato,02/2022,68000 Km,Diesel,Automatico,Euro 6d-TEMP,Bologna,BO,Privato,https://www.subito.it/auto/peugeot-308-gt-pack-bologna-625817540.htm
PEUGEOT 308 BlueHDi 130 S&S EAT8 Allure,23500,Usato,03/2023,41445 Km,Diesel,Automatico,Euro 6d-TEMP,Napoli,NA,Privato,https://www.subito.it/auto/peugeot-308-bluehdi-130-s-s-eat8-allure-napoli-625560865.htm
Peugeot 308,25000,Usato,12/2023,40000 Km,,,,Livorno,LI,Privato,https://www.subito.it/auto/peugeot-308-livorno-625409278.htm
Peugeot 308 GT,18250,Usato,03/2022,81000 Km,Benzina,Automatico,,Alba Adriatica,TE,Privato,https://www.subito.it/auto/peugeot-308-gt-teramo-625156039.htm
Peugeot 308 GT,25000,Usato,01/2024,31000 Km,Benzina,Automatico,Euro 6,Alpago,BL,Privato,https://www.subito.it/auto/peugeot-308-gt-belluno-623188925.htm
Peugeot 308 2023,16999,Usato,03/2023,40000 Km,Benzina,Automatico,Euro 6d,Genova,GE,Privato,https://www.subito.it/auto/peugeot-308-2023-genova-622192661.htm
Peugeot 308 allure pack 1.2 130CV 2023,22000,Usato,08/2023,55000 Km,Benzina,Manuale,Euro 6d-TEMP,Bologna,BO,Privato,https://www.subito.it/auto/peugeot-308-allure-pack-1-2-130cv-2023-bologna-621724085.htm
Peugeot 308 SW Allure Pack EAT8,23000,Usato,03/2023,51000 Km,Benzina,Automatico,Euro 6d-TEMP,Zola Predosa,BO,Privato,https://www.subito.it/auto/peugeot-308-sw-allure-pack-eat8-bologna-620380058.htm
Peugeot 308 3 serie,20000,Usato,11/2022,44000 Km,Benzina,Manuale,,Pavia,PV,Privato,https://www.subito.it/auto/peugeot-308-3-serie-pavia-619825752.htm
Peugeot 308 III Serie Hybrid 180 GT e-eat8,24000,Usato,03/2023,19000 Km,Plug-in Hybrid Benzina,Automatico,Euro 6d-TEMP,Torino,TO,Privato,https://www.subito.it/auto/peugeot-308-iii-serie-hybrid-180-gt-e-eat8-torino-618426958.htm
